0.000 14.316 -1.895 1.39339
0.000 13.280 -1.859 1.52887
0.000 14.480 -0.999 1.29653
0.000 12.425 -0.977 1.40871
0.000 12.527 -0.914 1.26020
0.000 12.246 -0.414 1.25811
0.000 12.169 -0.543 1.19948
0.000 12.966 -0.999 1.15574
0.000 12.673 -2.227 1.36067
0.000 15.589 -2.249 1.06796
0.000 15.473 -1.219 1.59182
0.000 15.293 -1.181 1.56278
0.000 15.638 -0.663 1.56788
0.000 14.133 -1.388 1.63798
0.573 13.741 -1.448 1.62614
2.893 13.588 -1.185 1.84405
1.429 11.354 -2.398 1.88536
0.000 12.520 -2.253 1.40886
0.000 13.498 -1.199 1.61219
0.000 14.257 -1.304 1.45783
0.000 13.795 -1.967 1.65241
0.000 14.181 -1.710 1.06554
0.000 14.325 -1.982 1.28503
0.000 14.629 -1.929 1.14356
0.000 15.278 -0.804 1.30647
0.000 15.960 0.020 1.06682
0.000 15.199 -1.159 1.31342
0.000 16.188 -1.586 1.60751
0.000 16.206 -1.610 1.53520
0.291 14.085 -0.649 1.64619
1.945 11.649 -0.840 1.48563
0.326 13.265 -0.633 1.12753
15.354 11.984 0.288 1.29905
1.877 11.190 -0.423 1.64516
0.760 9.978 -2.474 1.48463
0.002 13.221 -2.504 1.48925
0.001 14.886 -1.126 1.45848
0.000 14.113 -1.230 1.63172
0.000 16.408 -1.108 1.36301
6.325 14.944 -1.828 1.48468
4.007 8.431 -4.193 1.69803
0.000 11.278 -4.069 1.49404
0.004 12.142 -2.285 1.77729
0.005 11.369 -2.309 1.77174
0.000 12.602 -2.219 1.37078
0.000 12.907 -1.717 1.57901
0.000 12.807 -1.708 1.48439
0.000 12.329 -2.009 1.89249
0.000 13.816 -2.833 1.89392
0.000 12.717 -2.522 1.89488
0.000 17.068 -2.151 1.31562
0.000 16.551 -1.917 1.87611
2.726 15.738 -1.620 2.23813
0.018 13.327 -1.997 2.11709
0.000 14.826 -1.792 1.36889
0.014 13.485 -1.004 1.48185
0.001 13.836 -0.288 1.37217
0.001 14.276 -0.445 1.56309
0.392 14.632 0.099 1.64640
1.567 13.779 -0.242 1.82528
0.004 14.132 0.127 1.46787
0.000 15.301 -0.968 1.50039
0.000 15.933 -0.455 1.55769
0.029 16.151 -0.724 1.84993
0.288 16.358 -0.580 1.84171
0.069 17.238 0.149 1.89309
0.582 17.624 1.149 1.94287
0.066 16.513 0.663 1.54557
0.018 17.157 0.401 1.65443
0.256 16.807 0.122 1.94986
0.007 18.256 1.294 1.72969
2.764 17.711 2.419 1.65453
1.272 15.490 1.158 1.63910
9.007 16.538 2.283 1.92604
4.343 16.185 4.219 1.82448
9.830 16.188 4.265 1.94931
0.067 17.351 2.068 1.81811
0.084 19.424 3.451 1.49376
2.247 18.861 4.949 1.94638
6.170 18.437 5.133 2.05485
11.718 17.842 2.896 1.84373
8.045 15.144 2.811 1.11288
1.317 16.296 2.525 1.40727
0.747 15.880 1.377 1.42464
10.476 14.299 1.883 1.23656
4.664 10.940 2.732 1.27449
0.240 12.814 0.914 1.44619
0.122 16.165 2.066 1.42156
1.157 16.601 3.605 1.44519
0.099 19.027 5.108 1.42237
1.698 17.373 5.511 1.67231
0.142 16.789 4.519 1.70687
0.029 17.213 4.649 1.48881
0.022 16.660 1.603 1.75286
0.000 21.071 2.587 1.54152
0.000 20.681 4.178 1.72160
0.000 21.061 5.092 1.83837
0.000 23.065 5.254 1.92305
0.030 23.354 5.613 2.09841
0.012 22.930 6.234 2.08233
0.000 21.759 6.957 1.92272
0.002 22.187 7.219 1.63196
0.001 21.953 5.857 1.76572
0.000 21.650 5.556 1.81917
0.000 21.537 6.479 1.85641
2.419 21.364 7.076 2.02292
1.734 19.381 5.686 1.74106
2.953 17.449 5.444 2.23547
0.022 18.643 4.387 1.99666
0.433 18.981 5.327 1.64476
0.005 18.684 5.805 1.79521
0.061 19.601 6.729 1.57280
0.850 19.981 6.383 1.89030
0.499 21.162 6.308 2.15289
0.312 20.338 6.644 2.08949
0.000 20.421 6.714 1.69476
0.000 21.241 7.060 1.58470
0.000 23.518 7.689 1.60461
0.000 23.488 8.175 1.52905
0.000 24.029 7.740 1.82607
0.005 23.407 9.166 1.94380
0.000 24.846 11.438 1.90795
0.814 22.699 10.743 1.29990
0.157 22.044 10.223 0.92190
0.141 23.601 10.607 1.57774
0.465 21.884 10.167 1.86617
0.023 24.280 11.308 1.44166
0.028 24.038 10.709 1.48451
0.093 21.236 9.274 1.31611
0.049 25.218 11.072 1.00262
0.036 24.635 10.121 1.40136
0.000 25.664 8.904 1.66233
0.000 27.319 10.051 1.51548
0.198 27.518 9.990 1.27865
0.158 25.267 9.715 1.62388
0.005 25.541 9.802 1.52537
1.323 24.219 10.608 0.93953
2.573 22.747 10.445 1.18375
0.016 25.542 12.188 1.22200
0.061 25.864 11.456 1.19411
0.810 26.890 10.584 1.25376
0.003 25.238 11.404 1.64308
0.003 23.423 10.974 1.48174
0.014 24.895 10.749 1.43354
0.005 26.918 11.515 1.52829
0.515 26.587 11.971 1.28573
0.803 24.016 12.010 1.17089
0.308 26.828 12.933 1.25688
2.884 24.908 12.081 1.23874
0.296 26.271 10.874 1.51764
1.748 25.791 10.725 1.03225
5.440 26.270 12.514 0.94541
1.977 25.181 12.090 1.04196
0.536 26.852 12.566 1.38019
3.407 25.823 13.142 1.02820
2.223 27.456 14.085 1.03125
4.678 26.139 12.358 1.08206
0.477 27.424 12.497 1.21247
12.595 28.527 12.828 1.26579
2.190 23.545 12.894 0.89448
2.983 20.083 13.275 1.07289
5.927 22.648 12.947 1.47286
0.513 20.368 12.752 1.27381
0.417 21.984 11.790 1.51755
0.927 25.946 12.996 1.75957
1.137 26.331 12.722 1.71336
4.514 23.398 13.954 1.42195
6.735 21.275 13.270 0.84346
9.179 24.834 13.559 1.07531
2.229 25.255 13.791 1.20295
6.332 22.861 12.923 1.16529
9.694 20.473 12.867 0.76204
0.465 24.892 12.825 0.95669
6.378 23.451 13.111 1.10893
4.598 22.284 12.998 1.07737
0.163 19.524 8.401 1.19352
0.012 27.480 11.456 1.12373
2.838 26.148 13.491 1.22531
0.409 24.154 12.770 1.29213
0.780 24.973 12.441 1.34266
4.525 23.528 12.985 1.29763
11.996 20.154 12.265 1.08480
11.492 20.032 11.013 1.06511
0.807 25.209 11.778 1.29867
0.005 25.021 11.694 1.07797
0.047 25.982 11.750 1.44341
1.764 24.953 12.472 1.18157
5.372 25.671 13.351 0.80748
2.659 23.536 13.108 1.05779
8.804 23.804 13.811 0.83791
11.732 21.506 12.420 0.82827
31.595 22.074 12.994 0.97376
8.887 23.042 12.572 0.82069
0.082 22.651 11.213 0.86662
0.055 26.106 13.348 1.18191
6.071 25.815 14.257 0.86845
9.863 24.414 13.856 0.94484
5.255 22.855 12.625 0.97014
8.601 21.462 13.197 0.51855
13.885 22.383 12.694 0.95293
1.231 23.976 12.359 1.03824
1.158 24.688 11.767 1.27173
2.032 24.931 13.773 1.10593
2.319 23.431 14.204 0.95411
4.383 20.220 12.902 0.62858
2.858 24.776 14.552 0.84193
1.083 24.148 14.365 0.99038
0.937 22.813 13.805 0.84346
0.624 21.195 12.557 0.96932
6.340 21.202 11.509 1.06362
0.418 23.668 12.376 0.91118
0.137 24.176 12.836 1.15960
6.409 24.449 13.875 1.17766
7.265 24.519 13.856 1.04518
9.245 23.646 13.016 0.92418
4.615 23.217 12.992 0.71454
0.779 24.199 13.579 0.72545
0.065 25.955 13.386 0.96888
0.111 25.625 13.340 0.87699
2.628 27.049 12.825 0.75442
0.375 26.027 12.403 1.06099
0.730 24.693 12.863 1.06430
2.868 23.714 13.335 1.08281
1.225 22.759 13.253 1.38910
6.705 23.731 14.016 0.71946
1.776 23.465 11.814 1.22791
0.017 26.207 11.913 1.32374
0.028 25.403 12.593 1.36845
1.843 24.783 12.722 1.02840
1.047 24.834 13.125 0.84510
2.689 25.956 12.944 0.99130
4.911 22.847 12.193 0.92275
8.598 23.734 12.563 0.94189
11.149 18.638 12.144 0.80407
5.674 19.303 11.324 1.03010
6.375 20.863 12.474 1.02791
1.193 21.211 12.292 1.01912
0.440 21.785 11.582 1.10563
1.033 23.648 12.447 1.03022
10.266 23.826 12.863 0.80266
4.413 18.850 10.266 0.95317
0.747 21.196 10.941 1.32590
0.006 23.318 12.247 1.19062
6.086 20.490 11.864 0.95380
4.443 16.489 10.526 0.77236
0.119 22.597 11.498 1.09800
3.993 20.390 12.293 0.91008
0.032 21.590 11.338 0.58362
0.032 24.804 12.385 0.85787
3.657 24.985 12.886 0.79312
0.107 23.647 12.533 0.76331
5.993 22.746 11.164 0.90176
4.024 24.508 12.190 0.91067
4.799 23.158 12.997 0.89731
4.114 21.543 11.812 1.07995
5.118 22.270 12.037 1.07195
2.290 22.566 12.550 0.98381
3.346 23.078 13.111 0.90862
7.163 20.989 12.748 0.86355
5.775 19.729 12.010 0.98119
0.722 20.840 10.643 1.25568
0.142 22.484 11.221 1.46760
0.157 22.685 11.607 1.29226
0.811 23.226 10.893 1.05017
1.006 23.827 11.630 1.04999
0.023 24.433 12.109 0.98936
0.171 23.819 10.778 1.05463
0.530 20.671 9.891 1.01087
0.180 22.285 10.524 0.85668
1.432 22.747 10.690 0.86177
0.967 22.822 11.326 0.79569
6.625 19.354 10.654 1.16045
0.223 21.154 9.561 1.12889
0.151 18.655 10.199 0.88331
0.025 20.194 7.306 1.04257
0.023 19.828 8.101 1.15844
1.865 17.908 8.207 0.74508
0.225 20.867 7.225 1.05471
0.019 20.961 7.882 1.26668
6.037 18.869 9.064 0.94643
4.873 19.317 9.227 0.89724
2.299 18.124 9.145 0.72217
3.576 18.786 9.471 1.24413
0.906 20.937 8.654 0.99196
0.008 20.023 6.019 1.33742
0.000 20.040 5.495 1.25332
0.000 20.659 4.977 1.43766
0.000 20.889 4.345 1.44523
0.000 20.813 4.811 1.29880
0.000 20.498 5.446 1.22672
0.000 20.121 5.039 1.22745
0.011 21.070 5.085 0.96197
0.124 14.754 2.854 1.44817
0.002 17.520 3.202 0.98056
0.077 17.642 4.447 0.92208
0.480 16.765 4.677 0.88639
0.007 18.224 4.293 0.93089
0.060 18.734 4.311 0.90593
0.000 17.240 3.991 1.07356
0.000 17.311 2.473 1.34138
0.000 18.322 2.568 0.95109
0.000 17.665 3.455 1.21564
0.000 17.627 3.488 1.08974
0.000 18.189 3.705 1.18204
0.000 18.491 3.864 1.14423
0.017 18.982 4.820 0.90250
0.000 15.874 5.329 0.90152
0.000 19.396 4.761 1.06659
0.000 18.556 3.946 1.10958
0.008 18.540 3.950 0.92438
0.000 16.327 5.813 0.77362
0.000 16.513 3.728 1.09985
0.000 20.236 3.710 0.82909
0.000 17.015 5.874 0.78107
0.012 15.961 3.890 0.99927
0.881 15.515 3.844 0.96591
0.606 14.283 1.777 1.19435
0.016 15.242 1.731 1.08207
0.018 14.404 2.425 0.97097
0.001 14.741 2.560 0.75923
0.351 14.237 2.998 0.81740
2.186 14.121 2.448 0.80464
2.650 11.452 -1.235 1.04441
0.000 14.928 -1.286 0.84527
0.000 15.433 0.257 0.89702
0.000 15.086 1.333 1.04954
0.000 16.262 1.323 1.10907
0.011 15.070 3.489 1.00946
11.538 10.053 3.493 0.48953
8.722 11.188 3.273 0.73111
0.000 14.419 -1.098 1.25593
0.002 15.509 -1.317 1.04774
0.871 10.454 0.061 1.10822
0.171 11.398 0.068 1.09891
0.001 10.950 -0.584 1.11388
0.000 12.103 -1.719 0.96889
0.000 14.230 -1.793 0.75037
0.018 13.013 0.602 0.90068
0.127 11.824 -0.809 1.07869
0.000 13.703 -1.644 0.85740
0.000 14.756 -2.751 1.19816
0.000 14.425 -2.800 1.45020
0.000 13.786 -3.123 1.46793
0.002 12.972 -3.230 1.55319
0.022 12.626 -3.166 1.62201
0.000 13.157 -1.699 1.31360
0.000 13.059 -1.908 1.25802
0.000 13.732 -1.602 1.26114
0.000 13.535 -1.367 1.40075
0.000 11.905 -1.416 1.22846
0.000 12.563 -0.941 1.16301
0.018 12.673 0.031 1.20281
0.068 12.474 -0.062 1.13075
1.266 11.803 -1.171 0.98467
0.020 11.159 -1.608 1.02703
0.000 11.383 -2.518 1.13292
0.001 12.011 -2.664 1.22865
0.000 12.088 -2.648 1.14556
0.000 12.321 -2.758 1.41505
0.000 13.767 -2.577 1.34434
0.000 14.658 -1.235 1.08001
0.000 14.523 -0.861 1.36918
0.000 12.296 -1.072 1.42891
0.000 10.774 -1.253 1.15394
0.726 10.550 -1.734 1.33087
3.145 8.505 -1.754 1.15886
0.271 8.287 -2.960 1.19824
0.000 8.652 -3.033 1.10115
0.000 10.421 -2.830 1.06189
0.000 10.433 -2.846 1.19118
0.000 11.914 -1.679 1.27750
0.000 12.588 -2.022 1.43633
0.252 14.684 -1.925 1.20721
0.680 12.068 -0.849 1.46188
0.111 13.418 -1.803 1.67241
0.000 14.151 -1.855 1.36921
1.665 13.588 -1.259 1.51874
6.141 9.820 -0.295 1.31519
0.183 11.012 -2.015 1.56326
0.000 14.802 -1.875 1.06023
0.000 14.759 -0.155 1.39414
0.004 15.509 0.028 1.31262
0.078 13.517 -0.218 1.67680
0.000 13.207 -1.306 1.37937
0.057 11.648 -1.664 1.77721
0.017 11.259 -2.578 2.16149
0.002 10.168 -2.854 1.69109
0.000 10.465 -2.606 1.40754
0.000 11.114 -2.339 1.32730
0.000 10.683 -1.638 1.39683
0.000 11.794 -3.187 1.30755
0.000 13.536 -3.207 1.04683
0.000 13.023 -1.341 1.11556
0.000 13.273 -1.257 1.57746
0.000 12.515 -1.252 1.43143
0.000 12.371 -1.131 1.30161
0.000 11.621 -0.686 1.20204
0.000 12.660 -1.592 1.63939
0.000 12.923 -1.553 1.35761
0.000 13.279 -0.121 1.28472
1.337 13.106 -0.666 1.42977
0.514 10.329 -2.653 1.53966
0.406 7.895 -4.171 1.66707
0.000 15.407 -4.100 1.46859
0.069 13.146 -1.526 1.38185
0.251 10.534 -2.519 1.43180
0.465 13.841 -2.435 1.36676
0.091 12.990 -1.715 1.75197
0.266 12.542 -1.359 1.33928
0.000 15.664 -1.440 1.60605
6.234 16.810 -1.214 1.80389
11.016 12.632 0.067 1.90064
0.113 9.932 -3.530 1.68852
0.085 10.658 -3.123 1.68381
0.664 9.723 -1.814 1.56198
0.535 12.402 -1.600 1.56105
0.043 12.598 -1.396 1.64573
0.141 13.840 -1.051 1.74222
1.991 12.766 -0.534 1.75027
8.501 9.922 0.122 1.52085
0.622 12.782 -1.423 1.58077
0.019 13.955 -1.056 1.69491
0.827 14.118 -0.423 1.59511
0.010 10.322 -2.004 1.57931
0.001 12.986 -2.141 1.84443
0.000 16.271 -1.440 1.24586
0.104 16.098 -0.004 1.40179
0.052 16.171 -0.133 1.47515
0.029 16.367 0.248 1.93446
0.065 17.492 0.126 2.08772
0.132 17.481 0.064 2.03262
2.611 15.907 0.811 2.23401
0.824 17.217 2.253 2.04489
0.852 18.069 3.075 2.13244
1.237 17.635 2.976 1.87080
0.275 16.299 1.186 2.15774
0.213 17.318 0.949 1.81717
0.000 17.374 1.297 2.02199
0.000 18.619 -0.106 1.61671
0.000 18.629 1.074 1.88782
0.003 19.101 3.279 1.68718
0.031 18.048 3.579 1.55661
0.000 19.638 2.684 1.79084
0.000 19.591 3.111 1.90111
0.015 20.459 2.508 1.74209
0.013 20.365 2.238 1.98647
0.000 21.650 3.410 1.84231
0.086 21.195 4.307 1.95579
0.018 21.150 4.481 1.28990
0.000 20.653 5.149 2.15395
0.852 20.743 5.478 2.13699
8.445 17.602 2.967 1.95228
0.155 16.376 3.100 2.05446
0.136 17.450 3.901 1.91052
0.263 17.203 4.444 2.05375
0.057 19.768 4.911 2.21414
0.005 20.347 4.396 1.89467
0.930 19.847 3.781 2.22444
0.007 19.568 3.085 2.06763
0.001 18.926 4.018 1.75705
0.197 19.197 1.952 1.87318
0.552 18.346 1.602 1.80404
0.083 19.941 2.572 1.59872
0.188 17.213 4.496 1.81764
0.000 22.111 4.537 1.38396
1.017 23.459 6.120 1.65216
1.738 20.887 5.821 2.44127
1.664 19.535 5.831 2.31662
0.013 19.693 4.153 2.21877
0.000 21.260 6.009 1.91971
0.178 21.329 4.560 2.09200
0.032 20.720 5.293 2.13101
0.000 22.418 6.047 1.94367
0.115 22.790 6.682 2.02671
0.006 22.483 8.097 2.55113
0.096 19.364 6.061 2.29437
0.001 22.424 5.901 2.04833
0.000 22.931 7.857 1.93937
1.077 21.749 9.225 2.03493
0.553 21.557 7.719 1.95387
0.034 22.967 8.750 2.15590
1.038 22.012 7.524 1.87675
1.188 20.450 7.122 2.21131
0.448 22.649 8.011 1.86078
0.065 24.760 8.823 1.73204
3.959 23.187 8.961 2.22472
0.044 22.626 8.984 1.60139
0.290 23.845 8.932 1.85076
1.891 22.657 9.341 1.17718
3.037 22.847 10.202 1.74458
2.628 21.734 8.169 1.10153
0.828 21.838 9.672 0.99383
0.046 22.491 8.102 1.25453
0.004 26.808 10.236 1.11099
0.668 24.263 11.655 1.03903
0.164 22.043 9.731 1.35035
0.197 27.819 11.813 1.34118
2.730 22.221 11.480 1.18057
1.688 24.242 11.986 1.23088
13.503 20.071 11.629 1.38626
8.231 19.891 11.669 1.59454
8.034 21.915 11.879 1.65848
8.128 19.884 11.919 2.25813
0.973 22.212 10.126 2.27924
0.192 23.122 10.134 2.20553
1.834 24.205 10.373 1.38541
0.005 22.970 10.340 2.08913
0.001 22.998 9.171 2.26351
0.007 24.194 8.975 2.00018
0.007 25.032 9.788 1.70658
0.090 25.205 10.148 1.26979
0.000 26.131 9.641 1.70502
0.107 27.472 11.650 1.29455
0.121 26.853 11.199 1.29467
0.070 26.442 10.713 1.69553
3.209 27.453 11.382 1.43499
3.825 27.175 12.436 0.95570
0.111 28.134 13.201 1.03848
1.687 29.066 12.755 1.21556
5.936 27.057 12.248 1.09784
1.114 26.887 13.277 1.22953
7.868 26.684 12.934 1.05599
27.078 25.672 13.754 1.02836
3.232 20.864 12.335 0.98603
0.177 25.255 13.594 1.34282
15.403 22.178 13.037 1.15479
19.140 19.903 11.874 1.22046
5.910 20.241 12.827 0.93078
1.364 22.824 13.019 1.68288
2.556 22.701 11.928 1.59356
1.014 19.749 11.422 1.43027
9.013 20.218 10.313 1.44750
4.463 19.714 11.736 0.85401
4.770 20.392 11.099 1.20938
3.343 20.795 11.759 1.38303
3.801 22.437 11.866 1.57862
0.576 21.717 12.670 1.62283
0.523 21.509 11.942 1.41710
0.390 24.723 11.717 1.79007
0.057 22.596 11.191 1.54776
0.540 25.497 12.997 1.34957
19.918 24.679 11.927 1.27050
3.338 23.291 12.366 0.58228
1.698 20.566 12.394 0.86137
0.198 23.861 12.061 1.23340
3.780 21.688 12.275 1.27675
1.473 21.899 13.658 1.18268
5.386 19.709 13.261 1.07250
1.073 22.965 13.319 1.29601
7.401 20.857 12.620 0.93749
3.527 23.430 13.239 0.97531
0.989 24.965 13.159 1.27398
3.979 20.366 11.826 1.27491
9.454 22.155 12.553 0.84193
9.077 23.134 13.196 0.83748
3.050 22.445 12.469 1.17443
0.797 21.996 12.164 1.56511
0.081 22.881 12.578 1.61519
1.937 22.436 12.169 1.30465
2.056 20.778 12.260 1.21891
10.667 22.590 12.624 1.28813
9.570 20.039 12.286 0.93515
8.757 21.872 12.795 0.95364
7.149 20.801 11.970 1.06208
5.680 24.318 12.232 0.93534
0.653 23.676 10.936 1.22490
0.350 23.663 11.883 1.35902
0.252 22.917 11.859 1.39760
2.188 22.544 11.986 1.40432
4.454 24.142 12.187 1.50036
3.586 24.589 12.571 0.86549
3.868 21.701 12.464 1.27158
0.343 24.932 14.090 0.87013
6.217 23.714 13.821 0.82571
3.881 24.747 13.933 0.74294
0.119 24.224 11.047 1.18919
0.000 25.421 13.557 1.08933
0.040 24.793 12.575 1.09517
0.259 22.034 13.561 0.95035
0.403 22.473 13.005 0.90810
5.439 24.755 13.809 0.98545
5.167 24.897 14.417 0.70684
4.255 23.868 13.378 1.04737
1.845 24.108 13.481 1.00993
1.307 23.721 13.328 1.13892
1.796 23.350 13.006 1.13389
4.011 22.425 13.053 1.15220
12.570 19.105 11.814 1.15825
16.252 19.426 12.508 0.73276
2.168 19.281 10.695 0.99647
2.913 19.684 11.593 1.01390
1.587 23.057 12.223 0.96419
5.227 23.041 13.437 0.86861
8.100 20.215 11.559 0.81156
4.806 21.904 11.241 0.83603
1.757 21.292 10.823 0.76771
3.161 23.944 11.713 0.84401
9.875 21.331 13.111 0.83343
2.570 22.079 12.968 0.84169
0.205 24.370 13.726 0.97896
10.968 20.951 13.342 0.82437
0.859 23.233 12.497 0.80653
4.496 20.958 11.867 0.84044
7.774 23.421 12.706 0.90646
0.855 22.346 13.391 0.88749
0.704 23.749 13.023 0.67539
0.801 25.515 13.949 0.70727
0.029 25.943 13.282 0.92400
0.081 25.426 14.166 1.16505
11.538 22.627 12.731 0.84669
4.101 22.401 11.831 1.10480
0.835 23.262 12.689 1.04580
1.391 21.778 12.243 0.91369
0.001 23.320 12.325 1.12638
1.909 25.057 13.659 0.77737
8.049 22.674 12.886 0.74402
0.911 22.059 11.911 1.02091
0.370 22.125 11.931 0.91768
3.949 22.330 12.066 0.98821
0.763 22.376 12.471 1.04298
0.364 22.930 12.469 1.01345
0.711 20.684 12.119 0.84034
1.612 20.713 11.914 0.89908
1.033 21.392 11.251 0.87879
0.144 22.293 11.640 1.04275
2.011 22.030 11.742 1.10645
20.564 17.118 8.177 1.20590
12.338 13.433 2.570 1.46515
13.819 13.758 3.550 1.19481
25.676 10.344 3.534 1.49932
17.534 10.854 4.084 1.34989
2.640 16.870 5.072 0.97138
1.135 19.675 7.912 0.90988
8.525 16.711 9.808 1.13800
0.981 16.371 9.565 0.81298
2.325 17.074 9.782 0.62234
0.506 15.687 8.875 0.76517
0.055 20.738 9.526 1.05488
0.038 21.065 9.150 0.98471
0.032 22.429 8.853 1.03507
0.039 22.292 9.694 0.75870
0.970 21.482 10.872 0.83529
3.479 18.178 11.016 0.93677
3.967 17.801 11.229 0.65098
14.936 15.614 10.261 0.67721
17.207 13.625 6.594 0.84373
0.319 12.850 6.104 0.90477
0.375 17.526 6.767 0.95368
0.749 18.522 8.450 0.99606
0.007 19.418 6.966 1.16107
0.000 20.379 6.805 1.11642
0.178 20.706 7.133 0.87598
0.000 20.659 6.095 1.04784
0.000 20.095 6.425 1.13940
0.096 20.213 6.848 1.02603
0.203 18.740 7.710 1.14633
0.913 19.078 7.874 1.21125
0.000 19.962 6.792 1.16081
0.000 19.693 7.256 1.09560
0.118 18.292 8.640 1.13109
0.031 20.035 7.910 1.00575
1.129 17.494 6.237 1.19064
0.080 14.434 6.414 0.90115
0.000 18.917 3.482 1.04211
0.000 18.074 3.421 0.96827
0.000 18.677 4.353 1.03098
0.000 19.283 4.456 1.05478
0.000 19.521 6.270 0.97430
0.500 17.469 6.975 0.85374
10.642 14.738 8.501 0.70055
9.559 14.088 8.466 0.98794
3.716 15.363 8.313 0.86920
2.128 13.580 5.749 1.07834
0.196 16.033 5.755 0.84801
0.000 18.278 5.519 0.89700
0.018 17.299 5.463 1.17296
0.000 17.141 5.576 0.87097
1.811 17.825 6.038 0.75985
1.073 15.949 7.933 1.00942
2.881 17.274 7.733 1.33576
2.885 14.614 6.612 0.88650
1.859 15.682 0.991 0.93242
0.435 14.582 0.809 0.93822
0.000 16.136 1.125 1.04212
0.000 15.735 1.004 1.22349
0.000 15.786 0.873 1.20544
0.063 15.299 0.883 0.96871
7.827 10.115 2.064 0.92006
0.365 11.089 2.065 0.80265
0.000 14.631 0.485 1.31596
0.000 14.683 0.373 1.12964
0.000 14.578 0.394 0.99937
0.002 14.283 0.687 1.09135
5.047 12.859 3.324 0.98434
3.411 14.191 2.764 1.26579
0.000 12.931 -1.128 1.26055
0.000 14.121 -1.216 1.26897
0.000 13.678 -1.317 1.29524
0.000 14.753 -1.000 1.15774
0.000 13.155 -0.522 1.13327
0.000 12.710 -0.957 1.19074
0.000 12.564 -0.985 1.14844
0.000 12.529 -0.554 1.04966
0.000 11.724 -0.416 1.11333
0.000 11.783 -0.592 0.93776
0.000 10.834 -1.927 1.19993
0.000 13.643 -2.090 1.01102
0.000 12.795 -2.925 1.41976
0.000 12.480 -2.996 1.47583
0.000 12.950 -1.986 1.28378
0.000 12.601 -1.874 1.44142
0.000 12.047 -3.343 1.49223
0.000 13.525 -3.183 1.30740
0.000 12.087 -1.483 1.50664
0.000 12.362 -1.204 1.37194
0.000 11.268 -1.739 1.42428
0.000 11.584 -1.415 1.07563
0.000 11.170 -1.140 1.29280
0.000 12.024 -0.895 1.09734
0.000 11.800 -0.612 1.23727
0.000 11.741 -0.954 1.20253
0.000 11.654 -0.960 1.13817
0.000 10.872 -1.231 1.20066
0.000 12.032 -1.248 0.95907
0.002 9.875 -2.532 1.25979
0.000 11.574 -2.618 0.83851
0.023 9.751 -1.702 0.73633
0.000 8.797 -0.564 0.80826
0.000 9.474 -1.187 0.74605
0.016 9.464 -1.505 0.72680
0.000 8.990 -3.334 1.26529
0.000 11.817 -3.436 0.80186
0.000 10.939 -2.342 1.19918
0.007 9.029 -3.018 1.44859
0.000 10.797 -3.170 1.29222
0.000 10.987 -3.033 1.24520
0.000 12.213 -3.090 0.98208
0.000 9.596 -2.317 1.29738
0.000 11.327 -2.533 1.12340
0.000 9.749 -2.565 1.34034
1.459 8.321 -2.376 1.45273
0.285 9.216 -2.629 1.53050
0.090 9.604 -3.135 1.53496
0.000 9.835 -3.214 1.71377
0.000 12.053 -2.556 1.40796
0.146 12.399 -2.031 1.65727
1.313 10.605 -1.862 1.85280
0.090 9.834 -2.480 1.65618
0.002 10.988 -3.160 1.39213
0.018 9.541 -3.147 1.49103
0.000 9.838 -2.858 1.61315
0.000 10.736 -2.578 1.26898
0.000 11.543 -2.413 1.51381
0.001 9.949 -2.444 1.96372
0.000 11.749 -1.833 1.26794
0.000 12.536 -1.829 1.34964
0.000 12.997 -1.817 1.35047
0.000 14.603 -1.134 1.38598
0.000 14.192 -1.241 1.43419
0.000 12.778 -0.936 1.56281
0.000 12.591 -0.987 1.25058
0.000 12.614 -0.688 1.29865
0.000 12.977 -0.541 1.41878
0.017 12.138 -1.837 1.60427
0.002 12.001 -1.813 0.83719
0.000 13.366 -1.119 1.03546
0.000 11.967 -1.377 1.43976
0.000 11.807 -2.115 1.46696
0.000 14.103 -1.931 1.19531
0.000 13.267 -0.975 1.17311
0.000 13.766 -1.877 1.35908
0.000 14.710 -1.778 1.63662
0.047 14.253 -1.388 1.54330
0.000 14.256 -2.233 1.67129
0.000 15.363 -2.045 1.58624
0.000 17.228 -1.411 1.50091
0.000 14.893 -0.589 1.77505
0.000 15.286 -0.344 1.37412
0.000 15.040 -0.073 1.42928
0.095 14.895 0.275 1.65323
2.541 12.102 0.344 1.57429
9.499 8.163 -2.145 1.24312
10.668 8.340 -1.750 1.53556
0.239 11.518 -2.079 1.74919
0.002 14.051 -1.797 1.52434
0.131 13.443 -1.369 1.97024
0.146 15.574 -0.421 1.73446
5.371 13.398 1.580 1.91303
0.823 13.614 0.610 1.95976
0.000 14.564 -0.078 1.45677
0.000 15.867 0.103 1.09709
0.000 17.777 0.344 1.30309
0.000 18.777 0.681 1.36102
0.000 18.733 1.204 1.54141
0.000 17.749 1.404 1.48836
0.000 15.374 0.097 1.67271
0.000 16.806 0.795 1.54988
3.002 15.982 1.534 1.67721
0.936 13.289 -0.766 1.87172
0.000 17.019 0.178 1.87118
0.699 15.666 1.598 1.97453
2.447 16.144 3.747 1.92299
15.699 15.145 4.817 2.63835
2.556 16.168 5.406 2.17511
0.837 16.472 5.060 2.71413
0.112 17.168 4.327 2.53404
0.883 17.164 4.889 2.45113
0.388 19.026 4.269 2.31836
0.020 18.785 3.605 2.37785
3.458 16.580 3.977 2.22334
1.023 16.717 3.010 2.09012
0.749 17.633 3.677 2.14888
14.268 12.418 5.296 1.75460
11.111 14.979 2.201 1.63463
5.403 12.284 1.150 1.27108
4.226 12.612 0.823 1.40665
13.847 11.919 1.181 1.24572
0.325 15.521 1.623 1.22502
1.333 16.540 3.218 1.78527
1.427 17.398 4.436 2.46063
1.318 17.446 4.984 2.24065
0.056 17.261 4.645 2.03248
0.001 16.814 1.116 2.04962
0.000 16.750 0.998 1.62274
0.007 15.944 0.719 1.93810
0.000 17.789 2.055 1.81787
0.000 17.429 1.950 1.93616
0.111 18.757 3.643 2.00733
0.176 17.854 4.273 2.32368
0.193 18.244 5.016 2.25425
0.077 19.104 5.036 2.15850
0.000 18.365 5.072 1.92743
0.000 18.949 4.750 1.79932
0.000 19.692 6.233 1.61868
0.000 18.404 5.899 1.81306
0.000 23.451 5.754 1.41838
0.000 24.675 6.895 1.89363
0.048 23.507 6.966 2.03832
0.970 21.137 7.066 2.14247
0.171 20.642 8.796 0.93671
4.931 20.053 9.045 1.50768
13.718 19.479 5.525 1.76304
1.550 19.334 6.047 1.69346
1.030 19.939 8.232 2.03274
1.145 19.722 8.255 1.59243
1.459 17.420 6.075 1.16976
0.057 15.667 6.942 1.47921
0.192 19.681 5.519 1.54594
2.521 19.223 5.507 1.44352
0.005 21.625 6.283 1.71696
0.071 23.839 8.817 1.36713
2.008 22.054 8.894 1.29621
2.264 22.280 8.250 1.56734
0.019 22.236 9.457 1.67983
0.253 22.674 8.727 1.73398
0.173 22.910 9.234 2.26097
0.013 23.424 10.493 1.92480
0.637 21.450 10.155 1.35145
22.474 15.515 8.615 0.81302
6.025 19.427 8.128 1.87045
1.535 20.168 9.010 1.89812
0.090 20.247 7.741 1.34877
1.797 19.805 6.961 1.83229
2.928 18.082 7.009 1.76413
0.280 19.549 7.496 1.77688
0.045 21.348 7.594 1.36688
0.127 23.110 9.239 1.48714
0.161 22.645 9.991 1.63266
0.000 23.051 8.357 1.59563
0.000 23.466 8.952 1.31930
0.000 24.695 10.332 1.16416
0.000 23.721 10.374 1.44224
0.003 24.473 10.411 1.45353
0.000 24.992 10.112 1.51279
0.071 24.758 10.741 1.59694
2.627 26.270 11.823 1.07951
4.291 26.724 12.199 1.07279
6.866 22.079 10.849 1.17337
6.206 18.650 9.827 1.26074
0.836 22.112 10.001 1.30830
0.007 21.479 9.334 1.43083
0.274 22.510 9.401 1.64534
0.661 24.012 9.561 1.44682
0.073 23.137 9.584 1.73783
0.237 23.657 10.525 1.72385
0.033 23.676 9.662 1.57523
0.117 22.877 9.334 1.64535
0.013 23.970 10.619 1.44106
1.065 22.675 10.762 1.30120
0.097 23.423 11.999 1.26115
4.288 21.711 11.580 0.83684
8.107 20.972 9.694 0.89139
2.007 20.689 9.112 0.94892
8.813 20.473 9.574 0.93303
1.724 24.135 8.938 1.12731
0.353 25.534 10.291 1.00201
0.000 23.522 10.377 1.22061
8.256 24.158 11.643 1.23561
1.270 24.437 11.808 1.21549
0.652 25.542 12.321 1.51723
0.189 25.164 12.724 1.48507
8.902 24.388 14.382 1.20585
2.612 24.435 12.242 1.50317
0.865 21.606 11.725 1.71285
0.267 23.745 12.371 1.81047
0.831 22.480 12.321 1.35080
0.075 25.658 13.380 1.33023
0.535 22.224 11.980 1.35326
0.047 21.836 11.434 1.42879
2.314 20.692 13.084 1.31722
2.069 23.196 12.479 1.32211
2.815 23.245 12.485 1.86492
0.742 21.615 12.993 1.69867
1.408 24.868 13.344 1.66892
3.135 24.495 12.413 1.60726
10.781 23.953 12.729 1.17124
2.755 24.743 14.043 0.83328
3.341 21.733 12.016 1.15586
2.888 23.832 12.505 1.29517
2.347 21.864 12.285 1.05338
14.654 22.114 12.796 0.94791
12.230 19.973 9.610 0.95416
2.622 23.163 12.081 0.87203
13.300 19.727 11.481 0.87992
1.481 20.150 11.147 1.23830
5.009 19.642 10.678 1.63903
1.414 20.452 11.369 1.82670
3.019 21.368 12.298 1.37925
11.356 24.191 13.283 1.14954
6.624 23.424 13.597 0.90739
4.305 20.546 11.808 1.24047
2.590 24.284 12.335 1.12741
6.133 23.271 13.777 1.01652
18.339 22.499 13.615 0.67440
4.630 20.042 12.043 0.78820
0.887 24.590 13.468 1.06884
1.173 25.059 13.696 1.18217
1.071 25.530 14.920 1.01774
3.538 25.616 14.637 0.93460
5.386 24.935 15.219 0.79073
2.661 24.058 13.311 0.76635
11.455 23.713 13.814 1.12691
26.695 20.325 13.935 0.93782
7.828 20.559 12.749 0.71528
1.693 23.497 12.374 1.06794
1.043 25.120 13.748 0.87424
9.358 24.835 13.905 0.96744
1.039 24.990 13.875 1.00349
17.353 22.808 12.986 0.81116
9.387 20.468 13.606 0.61346
2.407 20.712 13.312 0.79711
2.264 22.804 12.839 0.96747
7.607 24.524 13.370 0.97169
10.076 20.688 12.554 0.72900
0.243 21.084 10.890 1.04716
1.687 19.645 11.322 0.90513
0.130 22.140 12.203 0.96650
1.599 22.548 12.939 0.92896
0.944 24.177 13.769 0.83011
2.112 23.507 13.358 0.79543
3.931 23.808 11.720 0.96521
2.556 21.146 11.237 1.16496
7.634 21.999 12.330 1.14781
1.740 21.807 12.268 0.98137
0.000 24.047 12.539 0.85044
0.000 24.592 12.826 0.93739
0.002 24.548 12.447 0.87638
0.081 23.083 12.513 0.98068
0.117 23.758 12.195 1.03412
0.252 22.783 12.252 1.18797
0.984 22.444 11.664 1.24044
6.886 18.436 11.528 0.84355
1.471 18.485 11.062 0.92042
4.592 21.299 11.680 0.88162
3.196 22.448 11.745 1.01302
10.572 20.246 11.692 0.87817
3.402 18.794 10.673 0.95379
2.848 21.437 10.878 1.12473
0.090 22.463 10.783 1.30915
0.011 22.243 10.870 1.15878
0.212 21.497 10.919 1.03062
0.016 23.064 11.886 0.88237
0.924 23.295 12.728 0.77253
2.756 22.261 11.106 1.01727
7.041 22.564 12.200 0.80927
8.198 22.719 10.909 0.78155
0.044 22.192 10.556 1.02771
0.006 24.036 10.639 0.95342
0.867 23.815 11.369 0.93410
3.429 21.991 12.166 0.85170
8.498 21.042 12.463 0.91872
20.184 18.936 12.375 0.70796
8.860 17.396 8.929 1.16439
0.500 18.352 9.801 1.05662
0.506 21.351 11.107 0.90952
13.984 22.768 9.472 0.95810
1.817 15.761 7.439 1.10101
0.019 18.341 8.395 1.02266
6.247 18.164 9.322 0.74570
3.611 19.630 10.621 0.76163
4.249 18.784 10.419 1.03574
0.578 20.455 10.945 1.00197
0.002 21.488 11.242 1.04587
0.122 21.784 10.318 0.90237
13.923 21.849 11.055 0.77791
2.894 18.726 8.814 1.00289
0.003 20.847 9.438 1.12958
0.309 20.647 10.523 1.18466
1.638 19.406 9.438 1.16543
1.079 18.853 9.952 1.25402
1.171 18.923 9.177 0.99642
0.352 20.480 9.676 1.06403
0.094 20.519 6.267 1.21674
0.071 19.989 5.865 1.20193
0.092 20.062 5.729 0.99570
0.225 20.104 6.075 0.97001
0.000 18.526 7.113 0.69211
0.000 19.984 6.528 1.02072
0.000 19.249 4.923 1.22535
0.000 18.768 5.191 1.30962
0.033 19.725 5.396 0.96733
0.065 19.750 5.781 0.82470
0.000 19.849 6.258 0.74468
0.025 20.130 6.363 0.80129
0.000 19.519 5.907 1.14695
0.000 19.090 6.122 1.09723
0.000 19.608 6.165 1.01606
0.000 19.074 5.504 1.03297
2.022 19.505 5.638 0.87819
11.829 14.568 7.077 1.00783
4.210 14.674 7.497 0.86351
0.559 16.820 8.367 0.84507
1.559 16.893 8.166 1.04635
2.274 17.833 7.564 1.28200
1.739 17.503 7.717 1.31796
0.028 20.602 7.569 0.86268
2.080 18.314 7.711 0.91684
1.816 16.810 8.735 0.89967
1.162 16.475 8.613 0.77050
0.953 16.478 8.622 0.66107
1.230 18.273 9.746 0.87404
0.036 18.835 7.043 1.00768
0.000 19.572 3.702 1.14456
0.000 17.270 2.302 1.21805
0.000 18.076 2.283 1.12242
0.000 16.712 1.861 1.21254
0.000 17.078 2.028 0.99379
0.102 15.944 1.524 1.06963
0.000 15.588 1.310 1.15172
0.000 15.697 0.740 1.21701
0.000 15.673 0.621 1.11198
0.010 14.907 0.830 1.01738
0.000 12.913 3.516 0.96415
0.000 15.680 2.223 1.08377
0.000 15.710 2.172 1.16062
0.000 15.489 1.480 1.34128
0.000 14.301 0.856 1.18873
0.000 14.361 0.548 1.25113
0.000 14.234 0.651 1.48201
0.000 13.626 0.217 1.50103
0.000 14.288 -0.280 1.17031
0.000 14.095 -0.208 1.31008
0.000 14.091 0.085 1.26353
0.000 13.847 0.915 1.01363
0.671 15.373 1.277 1.02191
1.123 12.775 0.552 1.22644
0.000 14.280 -0.855 1.40816
0.000 14.241 -1.357 1.59124
0.019 15.018 -1.096 1.34183
0.000 15.389 0.514 1.05971
0.013 15.349 1.078 1.03828
0.016 15.538 -0.230 1.23873
0.000 14.328 -0.641 1.32149
0.000 13.817 -0.543 1.22005
0.000 13.826 0.422 1.20674
0.000 13.105 -0.637 1.45491
0.000 13.144 -0.797 1.11888
0.000 13.304 -0.549 0.99135
0.000 11.825 -1.749 1.32355
0.000 11.618 -1.786 1.17921
0.000 11.555 -2.030 0.98283
0.000 12.539 -1.824 0.87892
0.000 11.138 -1.230 1.19159
0.000 13.375 -1.378 0.90616
0.000 13.619 -0.426 0.90878
0.000 11.939 -1.701 0.98609
0.000 12.042 -1.875 0.94833
0.000 11.592 -1.705 0.96260
0.000 12.416 -3.169 1.23746
0.000 14.749 -3.157 0.99411
0.000 13.792 -1.524 1.15211
0.000 12.541 -2.266 1.21431
0.000 13.439 -2.174 1.06843
0.000 14.105 -1.845 1.01845
0.000 13.193 -3.489 1.38645
0.002 15.370 -3.305 1.07877
0.000 15.951 -1.854 1.02575
0.000 12.891 -3.027 1.49430
0.000 13.961 -3.002 1.31358
0.000 14.278 -2.197 0.95619
0.000 11.436 -1.757 1.15099
0.002 10.201 -2.560 1.37289
0.000 10.905 -2.593 1.21459
0.000 10.295 -1.557 1.12008
0.000 11.903 -1.511 0.87263
0.000 11.858 -1.369 1.23190
0.000 12.041 -1.747 1.23355
0.000 11.133 -1.947 1.50100
0.000 8.999 -3.324 1.52618
0.000 10.861 -3.822 1.27126
0.000 10.711 -3.796 1.33810
0.000 10.377 -3.060 1.46420
0.001 8.007 -4.393 1.37555
0.000 8.686 -4.414 1.29003
0.000 10.788 -4.093 1.23610
0.000 10.806 -3.152 1.45185
1.372 11.136 -1.529 1.19177
1.987 7.627 -3.193 1.34655
0.002 6.647 -3.913 1.01439
0.135 8.932 -3.962 1.10996
0.111 9.211 -3.749 1.12037
0.007 10.315 -2.998 1.45233
0.000 13.805 -2.803 1.01259
0.000 12.273 -2.124 1.72784
0.000 10.830 -3.401 1.81388
0.000 11.327 -3.063 1.39474
0.179 10.729 -2.948 1.40962
0.156 9.809 -3.042 1.42677
1.011 6.123 -4.031 1.07361
0.104 8.693 -3.984 1.31379
1.407 9.466 -3.326 1.52853
0.562 9.276 -2.581 1.60265
0.030 9.715 -3.065 1.60357
0.281 9.419 -3.327 1.57619
0.128 8.985 -3.907 1.46816
0.034 9.653 -3.929 1.51983
0.000 11.033 -3.852 1.27770
0.062 11.123 -3.304 1.59107
0.079 12.589 -2.498 1.44163
0.041 14.121 -2.005 1.31604
0.299 13.734 -1.371 1.62627
0.360 13.764 -1.206 1.93735
0.766 12.682 -0.788 2.11312
0.446 12.939 -0.039 1.90519
0.057 14.426 -0.579 1.62635
0.065 14.898 -0.623 1.74024
2.149 13.924 -0.848 1.36159
0.102 12.848 -0.575 1.30962
0.168 12.977 -0.106 1.45976
1.022 11.126 -1.801 1.47685
0.059 10.441 -3.141 1.37649
0.000 16.231 -2.686 1.16707
0.177 14.507 -0.941 1.59311
3.796 13.662 -0.547 1.67670
0.216 13.876 -0.306 1.60360
0.826 12.783 -1.058 1.44138
0.000 16.668 -0.143 1.49009
0.205 16.950 0.910 1.80075
0.723 15.977 0.518 1.90657
0.000 16.799 0.155 1.75935
0.000 16.404 -0.198 1.80005
0.000 18.701 0.646 1.29117
0.000 17.948 1.163 1.67191
0.000 18.203 2.056 1.65885
0.000 18.672 2.578 1.71231
0.002 19.142 1.484 1.88379
1.799 18.632 2.006 2.08968
1.039 18.979 2.304 2.14344
3.806 18.510 3.244 2.08937
4.527 15.800 4.413 1.73877
5.529 16.155 4.160 1.68032
5.277 13.564 3.601 1.68076
2.279 15.853 1.896 2.02032
6.269 16.112 3.350 2.15910
11.606 15.432 5.013 2.52963
1.035 16.271 4.957 2.36128
0.571 17.764 4.153 2.19506
1.561 16.057 2.392 1.45481
0.188 15.932 1.263 1.93830
0.322 16.887 1.284 1.49042
0.349 16.578 0.811 1.45590
0.000 16.585 0.573 1.78344
0.000 19.331 1.833 1.62782
0.025 18.917 3.401 1.39973
0.934 16.363 4.995 1.25862
5.812 12.913 2.323 1.62567
0.000 15.953 1.833 1.75578
0.370 15.306 2.320 2.05065
0.002 18.218 3.671 1.66634
0.236 18.864 4.864 1.33433
2.623 17.183 3.466 1.61965
1.835 16.600 2.615 1.78918
0.064 15.229 1.904 1.81018
0.234 14.779 1.374 1.74621
0.050 14.374 1.610 1.40873
0.000 18.473 3.483 1.39913
1.070 17.458 4.564 1.32328
2.647 16.437 2.610 1.35271
0.595 16.563 3.360 1.37231
9.400 18.346 3.078 1.10288
0.000 21.072 4.885 1.37056
0.281 17.755 5.374 1.58960
0.223 19.062 5.225 1.76024
0.131 19.855 4.637 1.77331
0.027 20.086 4.945 1.99616
0.000 19.592 6.094 1.80902
0.022 18.718 5.070 1.68353
0.003 19.158 5.404 1.67023
2.152 19.971 5.628 1.29921
14.879 15.923 2.718 1.30731
5.491 13.121 1.494 1.02688
0.000 19.722 3.236 0.99246
0.009 21.187 5.193 1.30244
0.101 18.958 6.040 1.51343
7.743 19.701 6.957 0.68203
0.721 20.945 7.500 1.04813
0.001 20.496 8.451 1.11102
0.088 22.621 8.937 1.34705
0.010 22.250 9.009 1.70225
0.341 20.269 7.381 1.86244
0.090 22.309 6.827 1.94301
0.000 23.486 10.243 1.90228
0.001 23.043 9.833 1.57787
1.227 20.997 9.029 1.51383
0.760 20.442 7.990 2.03519
0.962 20.666 7.190 2.51754
0.000 20.702 6.776 2.41033
0.000 21.953 6.947 2.14535
0.000 22.935 7.440 1.84415
0.000 23.880 7.342 1.96548
0.018 24.823 9.428 1.65769
0.007 25.309 9.487 1.56819
0.347 24.987 10.526 1.96845
0.279 23.617 11.031 1.39963
4.563 18.060 11.244 0.99635
8.647 18.526 8.993 1.85603
2.079 21.604 8.740 1.69229
1.085 21.103 8.846 1.14966
2.162 24.482 11.345 1.09759
0.664 21.084 9.852 1.08374
0.609 24.176 10.092 1.24862
0.355 22.340 10.093 1.59046
2.558 22.318 9.333 1.49181
2.273 19.150 7.943 1.28311
0.003 23.519 10.204 0.97620
4.773 19.298 10.220 1.22116
0.430 22.725 9.732 1.50364
0.420 24.613 10.519 1.57708
0.046 22.868 9.193 1.65400
0.022 24.661 10.578 1.33492
0.003 25.665 9.134 1.65124
0.012 25.045 9.280 2.32077
0.128 24.258 10.351 1.99441
0.071 26.242 11.833 1.58727
0.439 23.839 11.041 1.57293
3.806 20.904 10.525 1.46283
7.122 22.661 11.028 0.96230
3.355 21.422 10.511 1.28080
1.195 21.297 10.530 1.28532
0.263 25.637 11.491 1.38431
0.291 22.020 11.939 1.16936
1.554 22.260 11.599 1.03144
5.913 23.842 11.115 1.20648
4.371 21.891 11.838 0.99597
1.167 21.104 12.269 0.99962
7.713 21.201 12.083 1.17368
15.374 20.830 12.746 0.77823
15.523 20.501 12.201 0.69610
8.234 21.388 12.471 0.90406
6.744 25.064 13.663 0.89112
19.241 21.812 12.911 0.95894
7.179 21.186 12.802 0.99679
7.840 23.511 12.613 1.07816
2.958 24.352 12.291 1.34554
8.010 21.713 12.302 1.34221
0.403 21.787 11.813 1.47242
1.230 24.629 13.473 1.69889
0.806 21.961 13.073 1.40634
5.695 21.700 12.607 1.35122
8.978 20.122 12.370 1.25374
14.494 22.845 12.180 1.02937
3.490 23.717 12.563 0.94000
3.574 21.715 12.830 1.11880
15.265 18.733 11.295 1.02237
12.206 16.031 9.194 1.24153
26.339 14.240 8.147 1.23976
20.894 14.091 7.793 1.27607
6.044 16.934 8.938 0.65988
1.661 20.327 11.708 1.07351
3.043 21.985 12.667 1.03609
2.398 21.890 11.603 1.07480
8.281 22.462 13.163 0.98496
7.533 24.035 13.522 0.99826
5.818 21.727 12.927 0.91517
4.230 21.462 11.827 0.87886
2.069 19.531 10.823 0.93580
0.044 23.793 11.534 1.06433
0.456 26.116 12.749 0.88384
0.156 25.493 12.135 0.94810
0.717 25.161 12.517 0.98717
4.483 23.062 12.964 1.10104
7.811 21.258 12.645 0.91573
2.924 22.579 13.251 1.13476
3.716 24.152 14.199 0.96749
11.494 23.513 12.968 0.83616
8.509 19.930 12.989 0.80070
2.716 21.380 12.011 1.13927
5.794 24.703 13.388 1.15614
5.854 22.142 13.954 0.69558
0.140 24.425 13.714 1.20069
5.547 25.115 13.228 1.08458
3.784 24.751 14.400 1.03183
1.855 22.134 11.647 1.37025
1.217 24.858 12.216 1.36493
10.032 23.447 14.167 0.87553
15.021 23.004 12.199 1.17553
2.938 24.138 13.248 1.14325
7.583 22.137 12.733 0.88118
5.429 17.408 11.308 0.81564
2.259 21.692 10.932 0.94414
1.115 23.627 11.808 1.24128
2.633 23.381 12.555 1.28986
11.160 23.010 13.445 0.66538
4.020 22.486 11.746 1.26172
1.310 21.297 11.319 1.21142
2.041 19.571 11.453 0.96498
3.134 20.548 10.241 1.00073
1.059 23.081 11.594 0.93126
9.170 22.544 11.983 0.72047
0.760 20.980 11.368 0.78770
0.027 25.195 11.513 0.84532
2.338 21.361 10.448 1.52581
0.080 22.037 10.837 1.11666
0.201 23.867 12.693 0.89506
7.579 24.685 13.412 0.75285
0.681 22.145 11.571 0.84788
6.464 23.081 12.714 0.70830
0.856 22.262 13.022 0.95007
0.616 22.715 13.604 0.80672
1.363 21.035 13.320 0.74470
12.588 22.261 11.838 0.91889
1.926 23.689 12.775 0.97746
13.163 18.479 11.046 0.87850
0.221 22.552 8.979 0.91889
0.008 23.559 8.456 1.23423
0.020 23.104 9.218 1.14215
0.003 23.978 10.226 0.81177
0.025 21.448 10.688 1.01657
1.084 22.287 10.463 1.01692
1.166 22.007 10.340 1.03356
0.058 22.387 11.061 1.13115
0.093 21.768 11.428 1.05075
0.593 21.781 11.218 1.07653
2.518 21.747 11.698 0.93468
7.209 17.923 11.763 0.75382
1.922 21.388 10.981 0.94653
3.697 16.620 10.652 0.82167
7.756 18.970 10.050 1.29013
1.419 15.868 5.232 1.43467
0.132 19.515 6.316 1.14469
1.820 15.845 8.293 1.01748
5.393 17.521 10.123 1.12953
6.428 16.710 7.096 1.12364
25.221 7.954 1.810 1.71662
20.940 9.399 2.043 1.67522
29.315 8.476 2.241 1.50651
16.753 10.599 2.580 0.89173
0.740 18.258 6.377 1.04612
0.259 17.826 7.744 1.11312
0.371 18.566 8.476 0.95444
0.090 18.713 7.064 1.10941
0.000 20.337 6.567 0.99484
0.612 20.628 7.201 0.96232
2.993 18.567 8.881 0.79548
3.201 17.184 9.415 0.79687
4.468 15.714 8.210 0.72149
9.565 14.826 8.623 0.65067
0.485 16.844 9.192 0.86017
1.214 17.832 7.712 1.04860
0.000 19.047 5.496 1.17806
0.000 18.711 5.033 1.08658
0.190 17.779 5.500 1.22623
0.000 18.938 5.371 1.03580
0.000 18.102 5.293 1.04535
0.000 17.553 5.591 0.96223
0.000 18.550 6.033 1.00594
0.059 17.341 6.015 0.86698
0.001 18.073 4.654 1.02184
0.459 17.678 3.748 1.01684
0.000 18.350 4.066 1.16118
0.000 17.561 3.338 1.34377
0.000 17.678 3.552 1.06370
0.000 16.401 4.816 1.02724
2.118 16.767 5.025 1.02254
0.498 16.522 3.885 1.05219
0.003 17.246 3.937 0.93415
0.002 15.056 5.675 0.95505
0.025 12.362 7.005 0.61553
0.229 15.579 7.089 0.88536
0.342 15.786 7.283 0.95172
0.041 15.277 6.866 0.87910
0.000 16.440 6.099 0.96645
0.001 17.232 4.107 0.94243
0.000 17.341 4.107 0.91612
0.030 15.633 4.406 1.28338
0.000 18.044 4.476 0.85562
0.000 16.887 4.935 0.88651
0.466 15.758 4.114 1.14815
0.010 15.429 3.188 1.11709
0.113 14.641 2.362 1.25604
5.685 14.530 2.302 1.21770
1.259 14.244 3.400 1.05232
1.241 13.471 1.869 1.18984
0.000 13.351 -0.367 1.32392
0.000 14.031 -1.444 1.46813
0.000 12.820 -1.380 1.08853
0.000 14.001 2.180 1.12416
0.000 15.099 2.165 1.30229
0.015 13.016 1.805 1.26563
0.124 13.159 1.429 1.37031
0.038 14.608 -0.626 1.31441
0.000 14.448 -0.687 1.27744
0.001 14.719 -0.065 1.46132
0.422 13.006 0.487 1.85027
0.015 14.306 0.838 1.37397
0.321 15.196 0.786 1.67793
0.127 13.504 0.972 1.69955
0.000 13.343 -0.826 1.50564
0.000 14.543 -0.851 1.27717
0.000 14.747 1.378 1.36362
1.555 10.325 2.015 0.66085
6.246 10.885 -2.151 1.09250
0.000 13.677 -2.395 1.15095
0.246 13.010 0.712 1.37355
1.264 11.633 0.831 1.30099
0.000 13.499 -1.706 1.31208
0.000 13.269 -1.739 1.03735
0.000 11.008 -0.761 1.07560
0.045 12.561 2.275 1.24549
1.976 9.109 2.374 1.05510
7.937 11.499 -2.535 1.25898
0.000 13.231 -2.720 1.12877
0.000 12.524 0.151 1.11268
3.582 9.109 2.422 1.04395
1.115 10.025 -2.251 1.61290
0.000 12.337 -2.294 1.11636
0.059 13.074 -0.603 1.15829
0.028 10.023 -3.070 1.23470
0.000 13.135 -3.158 1.04878
0.000 11.591 -2.362 1.21651
0.000 11.173 -1.822 0.91280
0.000 11.954 -1.650 0.78810
0.000 10.939 -2.560 1.19805
0.000 11.246 -3.106 1.40553
0.000 10.813 -3.076 1.13674
0.000 10.403 -2.069 1.10789
0.001 10.559 -2.080 1.26826
0.037 10.426 -2.199 1.47080
0.000 12.040 -2.017 1.29562
0.000 12.095 -1.922 1.42550
0.000 11.325 -2.887 1.53564
0.000 11.781 -2.667 1.34982
0.000 11.940 -2.457 1.37595
0.000 10.890 -3.184 1.50025
0.000 14.379 -1.733 1.06101
0.000 12.322 -1.380 1.28237
0.000 10.765 -2.085 1.60382
0.000 11.008 -2.703 1.47652
0.000 11.559 -3.568 1.57436
0.000 13.006 -3.489 1.61807
0.000 12.377 -1.983 1.64573
1.605 13.575 -1.490 1.21643
0.075 11.042 -1.527 1.69845
0.150 9.510 -2.592 1.59534
0.000 8.627 -3.114 1.45107
0.000 9.813 -3.168 1.99298
0.000 8.330 -3.507 2.03004
0.000 10.614 -3.420 1.76124
0.000 9.838 -2.995 1.73439
0.015 7.917 -1.667 1.68799
0.025 10.147 -1.675 1.55358
8.695 7.430 -2.225 1.23612
0.000 6.691 -4.619 1.37776
0.000 10.165 -4.618 1.38738
0.000 11.152 -1.335 1.29262
12.960 12.595 -2.046 1.42541
0.200 10.892 -2.081 1.41486
0.040 12.511 -0.449 1.28766
1.240 11.518 -0.273 0.92703
0.565 11.110 -0.810 1.26742
6.930 8.811 -1.908 1.19358
0.000 13.643 -2.004 1.30145
0.000 12.701 -1.369 1.47388
0.125 13.013 -1.206 1.53235
0.000 13.176 -1.000 1.55178
1.330 12.340 -1.245 1.40404
0.105 10.841 -1.874 1.41697
0.955 11.505 -1.840 1.35883
0.710 11.128 -1.428 1.12092
0.000 10.589 -3.563 1.37600
0.000 11.942 -3.516 1.39600
0.030 13.021 -2.853 1.29234
0.000 16.486 -2.299 1.28571
0.000 14.038 -2.690 1.66759
0.000 14.278 -2.645 1.74124
0.000 15.989 -2.345 1.33938
0.430 13.953 -1.356 1.90155
0.000 12.125 -1.626 1.98963
0.045 13.941 -1.401 1.57659
4.350 12.060 -0.431 1.87633
0.240 11.789 -0.743 1.55752
0.325 12.806 -0.605 1.38827
0.000 12.845 -0.610 1.27017
0.015 11.042 -2.272 1.66855
0.000 11.935 -1.797 1.98327
0.000 14.922 -1.132 1.72241
0.000 14.583 0.781 2.04422
2.180 14.288 2.114 1.85959
0.005 15.419 0.398 1.78764
0.000 15.975 0.991 1.64138
0.000 15.637 2.926 1.63807
0.075 14.478 0.887 1.69787
0.000 14.821 -0.849 1.58942
0.000 17.352 -0.170 1.63202
1.200 16.000 0.374 1.94964
0.000 14.757 1.051 2.21482
19.960 14.007 -0.574 1.83612
2.725 10.176 -2.454 1.42607
0.000 13.143 -1.833 1.54344
0.000 13.619 -1.683 1.48251
0.000 12.897 -1.789 2.00798
0.000 15.473 -0.689 1.72440
0.000 15.891 0.232 2.18563
0.000 15.282 1.266 1.95323
0.000 17.127 0.512 1.82556
0.000 17.928 0.001 1.83263
0.000 19.937 1.084 1.69372
0.000 19.031 3.037 2.04963
0.215 16.641 1.955 2.10253
0.370 15.873 0.896 1.97161
1.005 17.527 1.858 1.60661
4.855 13.826 3.533 1.94195
18.890 11.935 4.756 1.62782
55.840 12.554 5.237 2.00258
11.975 11.712 2.787 1.66959
0.905 15.364 1.187 1.65283
0.130 16.902 2.176 1.01984
0.000 17.572 4.525 1.31064
0.000 18.073 5.343 1.50699
4.920 17.478 2.880 1.48768
18.590 11.776 1.020 1.05233
0.000 18.340 2.342 1.13558
0.000 19.430 4.467 1.31790
0.000 18.132 3.874 1.79967
0.000 18.164 5.196 1.83661
0.000 18.063 5.444 1.65125
2.380 17.558 5.215 1.53985
6.570 16.470 3.604 1.32053
0.000 20.725 3.645 1.43155
0.660 19.320 5.664 1.71830
6.480 17.409 5.998 2.13743
0.000 18.764 7.353 1.79766
0.040 18.664 5.851 1.87233
0.200 18.948 7.253 2.06395
0.320 18.787 6.678 1.83217
0.865 19.433 4.219 1.47219
6.375 18.627 2.413 1.00769
15.470 15.979 4.218 0.76124
13.185 15.839 4.711 1.08899
0.805 18.616 5.709 1.19085
9.265 19.586 6.310 1.15810
1.790 17.331 6.466 1.69552
0.085 17.283 4.925 1.97348
0.000 19.428 6.337 1.90414
3.700 20.020 7.074 1.24858
0.000 19.905 7.381 1.43370
0.000 22.269 7.295 1.47621
0.000 23.446 8.193 1.42773
0.000 22.369 8.867 1.50612
0.000 22.240 9.133 1.71479
0.065 21.273 7.226 1.87171
1.720 20.919 7.475 1.57461
0.000 24.228 8.872 1.32127
0.000 23.705 9.125 1.32132
0.890 22.207 9.933 1.17401
0.045 23.013 10.216 1.15566
0.000 20.973 9.363 1.36201
0.000 23.329 10.123 1.59571
0.130 20.899 9.893 1.49838
0.000 22.391 9.327 2.14984
0.025 23.606 9.593 1.71139
0.035 23.423 10.406 1.63266
0.035 19.903 8.015 1.63840
0.000 24.230 7.651 1.79843
0.000 26.235 9.620 1.39651
1.115 24.641 10.026 1.53753
1.660 24.801 10.446 1.04061
15.095 26.085 10.704 1.19677
0.000 24.912 11.127 1.31978
0.880 25.075 11.671 1.54108
1.175 20.602 12.117 1.47723
4.675 20.717 12.405 0.97279
4.510 22.332 11.531 1.27000
4.095 24.953 11.174 1.81751
8.395 16.029 6.986 1.60533
0.000 23.922 8.434 1.11550
0.040 25.508 11.808 1.26053
2.515 19.716 11.283 0.98866
12.185 18.574 10.967 0.68003
5.500 20.701 10.948 1.06859
0.665 23.827 11.345 1.43558
0.455 24.037 10.978 1.80765
0.000 25.364 12.227 1.31073
0.440 24.803 11.713 1.11562
0.045 22.518 10.599 1.10866
2.870 24.308 12.735 0.90596
0.280 22.073 13.296 1.04088
2.330 22.321 11.422 1.45651
10.800 23.214 11.182 1.63825
1.540 22.128 10.877 1.28088
13.485 20.502 11.172 0.95758
0.000 23.123 11.817 1.27639
0.240 24.389 12.766 1.75615
0.000 25.209 11.829 1.87851
0.000 21.795 11.455 1.64291
1.530 25.799 13.223 1.81521
4.415 24.974 12.117 2.03212
2.500 25.510 12.945 1.44626
3.155 26.653 12.642 1.40425
12.650 25.994 14.705 1.19258
3.865 21.548 12.771 1.08330
0.480 24.646 13.455 1.40298
7.375 22.441 12.001 1.14769
2.235 24.190 12.895 1.39237
5.235 24.909 13.629 1.41966
0.000 23.911 14.002 1.13845
28.460 21.387 13.660 0.91452
14.605 20.830 13.172 0.82544
17.990 21.574 13.785 0.98001
4.880 21.821 13.163 0.98255
5.665 23.217 13.448 1.12848
9.765 23.320 13.295 1.08723
1.340 22.549 13.749 0.92317
4.485 23.669 13.190 1.07798
16.730 22.779 13.974 0.91376
5.500 20.227 12.951 1.11082
0.825 20.818 13.011 1.42345
3.675 20.647 12.943 1.36686
5.115 21.757 12.591 1.43811
2.760 22.115 12.829 1.45261
13.705 22.710 13.874 1.20786
28.570 19.862 13.563 0.90084
15.790 19.137 12.317 1.27899
2.175 21.809 11.610 1.30522
0.500 24.405 12.267 1.33383
19.650 25.683 12.773 1.15382
2.765 22.742 12.928 1.27898
12.015 21.888 12.706 1.19097
9.895 20.350 13.713 0.99864
0.460 22.717 13.360 1.12604
5.195 24.479 13.459 1.81976
2.335 23.782 13.352 1.88701
0.085 23.323 13.016 1.76732
0.015 23.617 13.387 1.51871
2.415 22.667 12.398 1.07096
2.045 21.847 12.830 1.16918
12.405 24.646 12.725 1.01680
9.255 24.290 14.275 0.75153
8.055 22.624 13.982 0.97416
6.030 20.526 12.815 1.11585
0.655 23.991 13.549 1.21333
3.010 21.493 11.899 1.21677
15.920 23.632 13.686 1.05792
1.575 20.070 12.884 1.22452
1.675 21.671 12.795 1.38224
0.330 21.747 12.215 1.11553
46.755 23.427 13.268 0.90548
8.375 21.764 13.665 0.92999
1.265 22.971 12.515 1.21056
4.965 25.533 13.528 1.00678
27.210 25.209 12.750 1.01321
19.160 22.367 13.240 1.01651
3.510 21.688 13.486 1.00866
3.390 20.822 13.790 0.94985
3.705 20.427 13.229 0.84587
1.325 23.069 13.490 1.22223
2.015 20.692 12.425 1.22391
3.175 22.600 13.023 1.20913
15.610 22.873 13.507 1.04390
1.565 19.950 12.484 1.02698
3.175 22.053 12.480 1.05952
0.960 21.818 12.545 1.09442
1.265 23.682 13.835 0.84931
7.385 19.241 12.709 0.88505
5.995 21.483 13.178 0.78090
3.955 21.672 13.969 0.80252
3.650 20.048 12.886 0.79752
6.225 20.198 12.666 0.87054
3.005 23.104 13.120 1.16482
14.235 22.905 12.673 1.07910
2.115 21.956 12.645 0.92609
12.025 21.143 11.465 0.97958
0.095 16.577 10.386 0.98761
0.795 19.725 11.013 0.98482
5.040 19.593 11.836 0.85650
8.725 19.902 11.965 1.01392
11.970 20.703 12.100 1.10377
2.795 18.803 10.948 0.94161
2.865 20.265 8.444 1.26812
0.000 22.016 8.394 1.25138
0.000 21.395 9.552 1.05344
0.000 23.118 9.753 0.88527
4.345 23.817 11.288 0.64726
0.410 22.557 11.672 0.66505
0.840 22.360 11.454 0.81935
0.785 20.460 10.915 0.73152
0.000 20.856 9.728 0.99777
0.000 24.285 10.893 0.72205
0.025 21.710 12.337 0.95312
0.045 21.314 12.392 0.87497
0.610 24.348 13.205 0.82215
0.020 21.102 13.557 0.73080
1.480 17.559 11.579 0.86039
6.230 18.506 11.364 0.83408
0.000 19.873 10.949 1.11552
0.000 22.163 11.696 1.25900
0.000 23.276 11.790 1.07750
0.000 24.197 12.489 0.95548
0.000 24.489 13.426 0.86319
11.225 21.520 8.585 1.16816
2.020 19.419 6.741 1.28780
0.000 22.422 7.484 1.07982
0.000 22.873 7.957 0.74706
0.000 22.641 8.466 0.69761
0.000 22.046 7.679 0.96096
0.000 21.394 8.247 0.86429
0.180 20.403 8.177 0.91940
0.000 20.127 8.625 0.84894
0.000 21.382 9.386 0.75961
0.055 23.033 10.018 0.86352
0.000 22.225 10.008 0.89993
0.000 22.328 10.272 0.93887
0.000 22.572 9.449 1.07187
0.000 22.530 9.825 1.00134
0.000 21.707 10.317 0.89507
0.000 21.692 11.176 1.08351
2.000 21.120 11.511 0.82421
11.500 16.158 8.299 1.04128
0.090 20.651 8.649 1.10365
0.000 21.796 9.573 1.18825
0.000 18.556 9.778 0.87702
34.000 19.096 10.714 1.05907
10.990 16.627 10.310 1.02168
2.305 14.471 8.910 1.34067
0.415 16.773 9.120 1.18331
3.875 16.136 9.273 0.77082
0.160 17.458 8.426 0.89820
0.000 20.012 6.030 1.19913
0.000 20.839 6.187 0.72884
0.000 19.648 9.077 0.90739
0.010 19.096 8.107 1.10462
0.000 19.620 4.782 1.33815
0.000 20.418 4.945 0.96523
1.870 17.660 6.042 0.86850
18.255 15.360 8.173 0.65956
12.640 15.710 4.455 1.05810
0.995 15.319 2.294 1.25447
0.000 16.320 1.810 0.79829
0.000 16.718 1.913 0.95255
0.000 17.293 2.811 0.82921
0.000 15.937 2.764 0.91949
0.000 15.509 3.095 0.92413
0.000 15.461 3.044 0.95514
0.000 14.719 3.194 0.86102
0.000 15.239 5.149 0.94687
0.340 14.787 4.406 0.76959
0.000 16.227 2.948 0.59781
0.000 17.037 2.548 0.71659
0.000 17.988 0.766 1.00886
0.000 18.021 0.707 1.22776
0.000 19.086 3.017 1.16124
0.000 17.106 5.847 1.10964
0.000 17.673 5.397 1.19321
0.000 18.796 5.293 1.02242
0.320 18.100 6.684 1.00779
1.185 16.090 3.021 1.30706
0.400 9.660 3.100 0.73775
0.015 11.158 4.874 0.66531
0.000 13.682 4.969 0.95082
0.015 16.427 4.084 1.03010
0.000 17.308 3.918 1.00290
0.000 17.548 5.799 0.97089
0.000 16.880 4.902 1.31453
0.000 17.265 1.123 1.53720
0.000 17.230 0.113 1.32339
0.000 16.742 0.044 1.33865
0.000 16.080 1.425 1.13842
0.000 15.765 1.297 0.95741
0.000 16.655 1.173 1.05314
0.000 15.515 2.571 1.14329
0.000 15.946 0.138 1.07800
0.000 15.146 0.411 0.90007
0.000 14.101 3.430 1.02417
0.000 13.361 3.940 1.02984
0.000 12.985 3.121 1.08568
0.000 11.346 0.980 1.05726
0.000 11.868 0.720 1.02068
1.070 13.056 -1.759 0.82134
0.000 11.267 -3.268 1.36924
0.000 12.083 -3.368 0.73307
0.000 12.751 -1.201 0.81148
0.030 11.582 -1.267 1.14852
0.000 12.861 -1.355 0.77938
0.000 11.955 -0.925 0.83325
0.000 12.151 -1.093 0.78202
0.000 12.547 -0.715 1.00875
0.000 13.313 -0.777 0.99965
0.000 11.229 -0.165 1.00211
0.000 12.824 -0.240 1.17487
0.000 13.548 0.142 1.14559
0.000 12.818 0.000 0.78816
0.000 12.708 0.587 0.91619
0.000 13.019 0.571 0.90160
0.000 11.947 -0.123 1.31847
0.000 12.213 -0.201 1.19485
0.000 12.147 0.188 1.29090
0.000 12.189 0.058 1.11284
0.000 11.015 -2.896 1.00046
0.000 12.037 -2.955 0.83761
0.000 13.610 -1.868 1.24853
0.000 13.943 -1.749 1.40620
0.000 15.987 -0.169 1.08118
0.000 14.696 0.778 1.19761
0.000 13.175 -1.459 1.51931
0.000 12.728 -1.335 1.30240
0.660 10.612 -2.347 1.34734
0.015 8.260 -3.878 1.05867
0.000 10.341 -3.953 1.01262
0.000 11.566 -1.488 1.24569
0.015 10.651 -0.605 1.26356
0.000 12.006 -0.895 1.08290
0.000 12.298 -0.469 1.11741
0.000 10.931 -1.850 1.26200
0.000 12.240 -1.922 1.14404
0.000 12.274 -0.651 1.20372
0.000 12.820 -0.298 1.11165
0.000 13.334 -0.689 1.21605
0.000 12.086 -2.311 1.62379
0.000 14.322 -2.353 1.23644
0.000 15.096 -1.590 1.11133
0.000 14.568 -2.042 1.29135
0.000 14.683 -2.167 1.59337
0.000 16.011 -2.082 1.12441
0.000 16.038 0.410 1.20774
0.000 15.135 -0.201 1.53630
0.000 12.612 -0.547 1.60956
0.000 12.327 -1.522 1.70209
0.000 15.707 -1.371 1.45912
0.000 17.603 1.449 1.10633
0.000 16.972 2.142 1.34603
0.000 16.691 1.402 1.52167
0.000 15.891 1.359 1.60103
0.000 15.375 0.383 1.47886
0.000 16.430 0.056 1.41268
0.000 17.911 0.098 1.14865
0.000 17.791 0.798 1.51847
0.000 18.639 0.990 1.41650
0.000 19.131 3.635 1.25131
0.000 17.283 2.226 1.48073
0.000 17.564 2.035 1.29816
0.000 16.624 1.219 1.58601
0.000 18.479 1.263 1.19964
0.000 18.274 1.052 1.54269
0.000 17.634 1.306 1.71853
0.000 18.786 1.890 1.31980
0.000 17.399 2.142 1.50094
0.000 17.404 2.190 1.68460
0.000 17.234 1.127 1.42708
0.000 14.656 -1.110 1.98455
0.000 19.172 -0.774 1.42903
0.000 17.402 0.785 1.86858
0.000 17.938 1.224 1.90349
0.000 18.592 2.806 1.76071
0.000 18.799 3.548 1.48765
0.000 18.302 4.392 1.63713
0.000 13.144 1.340 1.65189
0.000 14.855 -0.559 1.66565
0.000 17.993 -0.334 1.34120
0.000 21.272 0.088 1.47370
0.000 19.176 1.041 1.93550
0.000 20.178 1.596 1.78086
0.000 21.620 1.093 1.47688
0.000 19.353 1.064 2.08255
0.000 19.187 1.854 2.10066
0.000 19.384 3.683 2.06306
0.000 18.298 3.241 2.22553
0.020 17.636 2.943 2.37433
0.075 16.811 3.290 2.33898
0.000 17.730 2.831 1.87584
0.000 18.760 0.962 1.60444
0.000 18.722 0.699 1.92071
0.000 17.521 -0.199 2.30802
0.000 18.452 0.246 2.31021
0.000 20.242 1.432 1.90196
0.000 21.205 3.180 1.83002
0.000 21.020 1.751 1.56605
0.000 20.009 2.253 1.83656
0.000 19.429 2.267 1.83105
0.140 18.275 2.447 2.04609
0.975 17.824 2.083 2.14068
0.000 18.081 3.258 1.82731
15.805 14.913 1.783 1.91681
1.035 14.160 -1.168 1.76088
0.000 19.814 0.355 1.37657
0.000 21.334 3.608 1.74023
0.000 19.544 3.989 1.93126
0.000 20.916 5.575 1.78424
0.000 22.118 7.312 1.62666
0.000 22.165 7.162 1.90318
0.000 22.799 8.339 1.78535
0.000 20.123 6.442 1.38620
0.000 22.309 7.526 1.59409
1.135 19.062 3.179 1.68306
0.470 20.783 4.748 1.55487
1.775 21.788 6.503 1.42413
1.295 18.843 3.175 1.73998
0.000 24.011 5.268 1.62338
0.000 25.149 6.858 1.75120
0.000 24.966 9.444 1.70737
0.000 25.928 9.777 1.59438
0.000 23.586 9.804 1.51240
0.150 23.725 7.388 1.85922
0.000 22.095 6.921 2.03295
0.000 22.797 5.800 1.56584
0.000 22.631 6.183 1.68646
0.000 23.772 7.400 1.52902
0.000 26.310 7.698 1.29672
0.000 26.462 8.830 1.76118
0.000 24.500 10.117 2.16777
6.000 23.710 10.121 1.95503
0.060 24.228 9.868 1.47798
0.000 24.046 11.009 1.16253
0.105 22.201 10.265 1.30588
0.000 19.857 9.927 1.26049
3.255 22.191 9.358 1.34755
2.025 21.608 9.713 1.12947
0.050 24.601 9.455 1.51110
0.275 22.994 9.456 1.62672
5.440 23.176 9.920 1.47055
0.200 23.916 10.122 1.12937
1.840 22.180 9.916 1.10273
0.610 21.944 9.799 1.15738
2.585 19.298 9.640 1.25229
4.960 18.639 7.691 1.26993
0.160 23.958 9.208 1.07805
0.495 20.976 9.249 1.14326
1.935 20.125 7.576 1.27082
0.000 22.771 8.524 1.33324
0.185 22.821 8.730 1.63601
0.000 23.681 9.444 1.71764
1.390 22.930 9.369 1.94735
0.000 22.633 8.500 1.94314
0.015 23.370 8.975 1.47231
2.760 21.551 9.674 0.81184
0.515 22.038 10.742 1.16054
5.835 19.352 10.752 1.28496
3.240 17.001 10.349 1.00631
8.775 22.019 11.490 1.59106
16.195 17.483 11.008 0.72518
6.940 21.464 11.240 1.14604
4.300 21.291 11.117 1.33299
9.570 22.083 12.002 0.94196
0.085 21.020 12.174 1.17240
1.275 21.993 12.053 1.69373
7.290 21.931 12.803 1.34024
8.000 22.933 12.998 1.73486
0.475 22.978 11.134 1.51605
0.065 24.203 11.116 1.31758
0.000 25.058 10.637 1.43975
0.000 25.278 11.835 1.31594
0.070 26.004 12.545 1.23587
0.000 25.500 12.848 1.09577
15.490 26.681 14.003 0.88305
7.460 21.581 12.345 0.79594
1.995 25.732 13.575 0.95538
6.325 26.597 14.142 0.85700
0.540 24.384 12.549 1.08976
1.830 24.883 12.591 1.15518
2.935 22.814 12.407 1.56903
2.400 23.414 13.941 1.29960
0.610 19.466 12.796 1.15191
0.000 25.707 12.855 1.20955
1.945 26.630 12.691 1.34558
41.716 25.787 13.756 1.03624
0.025 21.982 13.239 0.64406
0.000 24.794 14.348 1.02033
0.425 20.634 13.691 0.96568
8.035 24.159 13.245 1.53243
5.430 22.258 12.451 1.63952
0.000 23.050 12.531 1.47435
1.615 23.491 12.947 1.46448
5.425 23.332 12.859 1.44905
0.720 23.528 13.617 1.21387
0.155 22.130 12.950 1.40448
0.365 23.812 13.352 1.75584
0.020 23.849 12.726 1.64819
0.140 23.123 12.983 1.48695
1.160 21.887 12.128 1.09614
2.875 23.053 12.974 1.02083
12.355 22.228 12.996 1.20530
5.450 20.517 11.425 1.33090
0.545 25.176 14.034 1.26962
8.585 24.176 13.919 1.26224
6.160 24.494 13.026 1.22199
11.795 23.196 13.097 1.30233
8.325 21.553 11.958 1.24912
16.460 24.119 13.806 0.83810
10.450 21.410 12.321 0.80274
6.240 19.759 12.423 0.84709
1.080 25.449 12.929 1.32786
0.860 25.190 13.401 1.12794
2.820 23.100 13.993 1.38477
12.810 20.120 12.363 1.15828
20.460 17.819 10.323 1.02197
0.930 21.376 10.430 0.83090
15.635 20.923 11.942 0.81950
1.395 18.875 12.187 0.85448
10.665 19.670 11.766 1.06273
0.055 22.572 12.526 0.91920
36.250 25.066 12.754 0.91661
2.145 24.422 14.651 0.75210
5.015 21.509 13.457 1.03366
9.545 23.260 14.002 0.77968
13.185 20.728 13.073 0.81680
4.755 23.868 13.008 0.67718
0.255 23.847 12.347 1.00421
0.000 23.748 13.134 0.93451
4.350 25.603 14.376 0.78009
0.145 24.311 12.701 0.68613
2.565 24.883 14.182 0.84093
9.205 23.170 12.371 0.78646
1.740 25.130 13.685 0.71272
14.425 25.674 14.361 0.72944
4.015 21.609 12.862 0.91315
3.890 24.488 13.429 0.89468
6.605 24.762 12.774 1.12523
1.855 24.268 13.797 0.91399
1.655 21.267 14.453 0.62249
6.810 21.458 14.116 0.89383
4.855 19.700 13.214 0.88248
10.610 20.751 13.393 0.94772
46.035 18.363 12.339 0.92275
21.145 18.997 11.952 0.53140
32.635 22.038 12.629 0.74485
1.095 20.571 11.333 1.00383
0.000 22.461 12.286 1.06109
3.605 22.707 13.186 0.72183
0.100 20.400 12.399 0.95427
7.540 22.242 12.695 0.92671
1.420 19.822 11.144 1.02338
3.600 21.762 12.060 0.92867
37.085 18.273 11.969 0.86032
17.535 17.048 10.827 0.74910
0.210 19.757 10.849 0.80127
2.325 18.706 12.004 0.70218
4.990 18.245 12.130 0.87544
4.855 21.320 11.882 0.86622
2.970 22.349 12.178 0.96981
7.835 22.110 12.768 0.87538
14.465 19.043 10.811 0.96903
5.925 20.392 11.478 0.91556
5.340 22.796 12.543 0.74868
0.050 22.187 13.366 0.71803
26.125 22.042 13.753 0.79382
0.000 18.731 10.906 0.85597
29.534 22.835 12.048 0.88536
2.140 21.332 11.877 0.93468
0.235 22.923 12.537 0.84292
0.310 21.713 12.768 0.84664
1.765 23.666 12.965 0.76338
2.565 21.918 11.814 0.76111
0.045 22.553 12.004 0.86595
28.780 23.749 12.632 0.69934
0.420 18.210 9.150 0.77819
1.065 21.576 10.494 0.79784
0.300 21.487 11.657 0.89040
13.490 19.797 11.520 0.76176
8.940 16.527 7.589 1.02983
0.530 22.288 8.845 1.07633
8.355 21.180 10.481 0.93568
3.890 17.250 10.135 0.71296
0.000 21.849 10.773 0.77022
0.000 21.083 11.574 0.72223
0.130 21.434 10.966 0.83954
0.275 21.007 10.632 1.20910
0.050 21.916 11.509 1.05421
10.970 21.124 12.506 0.64887
0.400 19.162 11.061 0.93313
1.540 20.913 10.528 0.87540
0.000 21.461 9.729 1.03758
0.040 21.755 10.481 0.91830
2.760 17.484 9.902 0.88964
0.170 17.941 8.116 1.09263
0.000 20.216 8.782 1.11134
0.000 20.945 10.448 1.05853
0.885 20.730 10.686 1.13597
13.810 20.267 10.198 1.27811
0.490 20.215 9.748 1.19032
0.000 20.679 10.015 1.04947
0.420 19.282 10.475 0.90253
7.300 17.593 9.986 0.87753
0.000 19.751 10.115 1.03940
4.350 19.286 10.406 0.92457
1.470 19.845 10.113 0.85637
15.435 17.781 5.862 1.41156
1.080 12.762 5.430 1.49664
0.105 14.874 5.680 0.95034
0.040 18.095 7.254 0.81392
0.000 20.047 7.744 0.96646
0.000 20.311 7.966 0.94358
0.000 18.978 9.367 0.86547
0.000 19.000 9.664 0.92834
0.000 17.804 6.569 1.15021
0.000 19.356 6.700 0.83958
0.030 18.408 8.017 0.88164
0.055 19.175 6.332 0.84961
0.000 19.002 6.473 0.90226
1.400 16.401 7.713 0.81983
10.760 13.156 7.810 0.65045
15.010 14.987 6.053 0.88744
35.160 10.183 3.220 1.36969
10.185 11.811 3.516 0.77050
18.670 11.219 6.674 0.65544
7.060 15.592 6.725 0.94721
0.165 17.141 6.523 0.87375
0.000 16.819 6.678 0.73727
0.000 17.444 7.915 0.95888
0.000 17.639 6.627 1.01256
0.510 16.926 4.642 1.16730
0.000 15.461 1.090 1.29558
0.000 16.077 0.597 1.20448
0.000 16.044 0.823 1.15389
0.000 15.511 0.190 1.22009
0.000 16.304 0.428 0.98374
0.000 15.638 3.199 0.93968
0.000 14.400 3.445 1.07844
0.000 13.719 3.307 1.04060
0.000 13.385 0.951 1.27026
0.000 13.344 0.864 0.94075
0.000 13.335 0.455 1.14636
0.000 13.275 -1.523 1.39284
0.000 15.879 -1.565 0.94355
0.000 16.500 0.120 1.27858
0.000 17.200 0.573 1.00783
0.000 16.304 0.162 1.29480
0.000 15.357 0.180 1.30206
0.000 15.098 1.900 1.10208
0.000 14.049 2.258 0.90429
0.000 14.236 1.172 1.04506
0.000 15.183 1.129 0.92260
0.000 15.023 2.102 0.90285
0.000 14.084 2.353 0.96641
0.000 13.821 1.322 0.93229
0.000 12.106 -0.234 1.04372
0.000 11.909 -0.171 1.02208
0.005 10.906 1.506 0.96073
0.000 13.025 1.909 0.97309
0.000 13.088 1.097 0.88294
0.195 12.628 1.200 0.93421
0.005 12.404 2.721 0.75355
3.495 13.028 3.706 1.00640
0.000 11.631 3.804 0.80107
0.000 12.999 3.779 1.16703
0.020 13.008 3.337 1.08969
0.000 11.959 0.275 1.25983
0.000 11.753 -0.538 0.98259
0.000 12.415 -0.713 0.68765
0.000 13.348 -0.225 0.88401
0.000 12.669 -0.658 1.07879
0.000 11.841 -1.381 0.96931
0.000 11.270 -4.189 1.01433
0.000 8.746 -4.256 0.89137
0.000 8.677 -5.068 0.90891
0.000 6.230 -5.092 1.07277
0.000 9.392 -3.774 0.70524
13.080 9.549 -3.109 0.92579
0.000 9.598 -2.476 1.06608
0.000 10.033 -2.841 1.13673
0.000 10.441 -2.876 1.14671
0.000 10.456 -1.794 1.20690
0.000 10.398 -1.810 1.21098
0.000 11.662 -1.893 0.86662
0.000 12.154 -1.915 1.03929
0.000 12.227 -1.862 1.22596
0.000 11.506 -2.135 1.33600
0.000 11.632 -2.120 1.31307
0.000 11.523 -1.616 1.03599
0.000 9.412 -3.454 1.30900
0.000 10.303 -3.498 1.34176
0.000 10.461 -1.564 1.37419
0.000 9.891 -1.350 1.60534
0.000 10.898 -1.368 1.53277
0.000 10.979 -1.849 1.45967
0.000 11.489 -1.849 1.53480
0.015 9.654 -1.097 1.78592
0.000 10.795 -1.083 1.67239
0.000 10.552 -1.235 1.61506
0.000 10.616 -1.683 1.59336
0.000 11.510 -1.731 1.16171
0.280 11.847 -1.369 1.11232
0.105 8.476 -0.837 1.57511
0.370 9.014 -1.033 1.41534
0.245 8.405 -1.699 1.21011
0.015 8.031 -2.805 1.13831
0.000 9.098 -2.837 1.00662
0.000 10.072 -0.343 1.14801
0.000 12.472 -0.908 1.14992
0.000 11.403 -1.076 1.54750
0.045 10.821 -1.282 1.55170
2.300 9.792 -1.810 1.01575
0.585 5.137 -3.578 1.33804
0.075 8.129 -3.541 1.21654
0.000 9.025 -1.830 1.37353
0.050 9.583 -1.794 1.48732
0.555 9.163 -2.432 1.68851
0.025 9.921 -2.443 1.44787
0.015 10.598 -0.836 1.42666
0.005 12.416 -0.575 1.28157
0.155 11.510 -0.428 1.31460
0.045 11.142 -2.146 1.43924
0.000 10.559 -2.253 1.61036
0.000 10.485 -2.970 1.63322
0.000 11.566 -2.830 1.71104
0.000 12.789 -2.291 1.93490
0.000 14.321 -0.732 1.74930
0.000 15.235 0.122 1.48484
0.735 12.681 -2.171 1.59339
0.000 15.175 -1.996 1.06990
0.000 13.553 -0.140 1.72740
0.415 13.023 -0.446 1.85037
0.275 12.034 -1.597 2.08756
0.000 11.614 -1.801 1.73165
0.000 10.845 -2.384 1.84038
0.000 12.398 -2.011 1.78744
0.000 12.479 -1.262 1.70934
0.000 13.447 -0.657 1.67308
0.015 14.288 0.123 1.62082
3.585 12.588 -0.820 1.74593
1.870 9.797 -3.747 1.68089
0.000 10.017 -3.068 1.27854
0.105 11.775 -0.951 1.31098
0.270 9.742 -1.494 1.21518
3.775 8.770 -1.584 1.68859
0.255 9.442 -1.112 1.83125
0.165 12.781 -0.498 1.72485
0.000 12.800 0.091 1.74368
0.000 12.826 0.219 1.70374
0.000 14.659 0.756 1.63530
1.595 14.931 1.204 1.81176
4.235 9.713 0.615 1.26785
2.060 11.124 -1.754 1.43716
1.510 11.996 -1.220 1.84907
0.020 12.545 -0.501 1.76063
1.075 12.554 0.163 1.76527
0.655 13.389 2.222 1.80567
1.345 13.602 0.645 1.64303
0.000 13.809 0.050 1.50324
0.225 14.712 0.418 1.66106
0.045 15.433 0.946 1.59909
0.000 15.298 0.662 1.75351
0.000 15.848 1.450 1.81143
0.000 17.090 1.932 1.55143
0.000 17.809 2.501 1.53652
0.000 19.670 3.155 1.29744
0.000 19.021 4.734 1.66778
0.000 18.929 5.362 1.56856
0.225 19.335 5.919 1.23546
0.460 18.634 7.304 0.82148
13.175 16.245 7.040 0.66689
5.485 14.995 5.584 0.89964
0.670 18.082 4.965 1.43023
0.570 20.802 4.170 1.88165
0.000 20.112 5.192 1.83983
0.000 18.271 6.107 1.51465
0.000 17.929 5.184 1.70086
0.005 18.625 5.629 2.00455
0.000 19.449 4.898 1.90306
0.375 18.366 5.636 1.95113
0.000 19.267 5.855 1.69149
0.000 19.838 6.569 1.80941
0.000 20.314 6.526 1.62185
0.090 20.642 6.411 1.52638
1.990 18.692 5.787 1.64719
2.095 17.734 4.557 1.45716
0.000 20.484 4.745 1.80439
0.765 21.406 6.482 1.45220
0.000 21.748 7.989 0.91484
0.045 18.381 7.600 1.23612
0.770 19.508 7.496 1.80872
0.000 20.713 6.564 1.70513
0.000 20.862 7.777 1.78838
0.000 21.616 8.980 1.29594
1.255 20.730 9.327 1.62794
0.000 21.344 8.737 1.55799
0.550 21.967 8.267 1.90683
0.015 20.868 8.398 2.18759
1.335 15.861 6.908 1.52325
1.145 19.562 7.579 1.26064
0.000 19.304 7.797 1.52250
3.010 19.390 8.108 1.48391
0.130 19.156 9.141 1.64603
0.255 19.301 7.954 1.63180
4.425 20.099 8.403 1.35693
0.535 21.442 8.689 1.04412
0.385 17.524 8.087 0.78418
0.490 17.004 8.699 0.71860
0.660 21.108 9.998 0.66943
11.730 17.537 9.604 0.78135
0.000 20.979 9.730 1.36117
2.825 23.125 8.619 1.66382
0.205 22.663 10.445 0.82430
0.615 22.337 10.792 0.92126
4.755 24.560 6.985 1.13242
1.695 24.564 8.948 1.16147
0.000 26.177 9.745 0.94866
0.000 25.926 10.965 1.24122
0.845 25.716 11.626 1.30656
7.570 25.337 12.725 1.17546
11.925 16.767 8.235 1.57957
26.285 13.351 4.738 1.99444
8.990 13.377 5.039 1.54676
0.000 19.068 6.137 1.31394
0.850 22.599 8.954 1.17349
8.035 21.787 10.621 1.19245
12.855 18.750 10.539 1.11415
10.350 18.581 10.818 1.24897
18.210 19.890 11.479 1.24205
0.515 21.810 11.288 0.93755
0.080 20.239 10.502 1.18152
0.000 21.726 10.575 1.40056
0.870 22.479 9.606 1.71041
0.025 23.709 11.230 1.10520
0.000 23.828 12.039 1.15223
0.000 24.204 12.056 1.30828
0.000 22.794 12.787 1.20259
2.490 22.236 12.814 0.89874
3.985 22.289 11.835 1.30001
0.205 21.509 12.042 1.50638
0.000 23.280 12.555 1.52672
0.000 24.853 12.691 1.67025
4.930 21.592 12.959 1.28854
0.805 23.226 13.922 1.38607
4.130 20.776 13.748 1.27060
0.170 21.597 12.981 1.30602
1.355 21.485 13.602 1.27574
5.520 19.946 12.231 1.07903
17.100 20.797 11.663 1.00723
23.225 17.530 10.547 0.81577
6.545 22.011 11.530 0.97456
0.310 22.970 12.634 1.23107
0.690 21.615 12.793 0.99325
0.410 21.986 12.787 1.17583
1.685 23.138 12.472 1.44031
7.835 22.441 12.350 1.24071
1.680 20.049 13.180 1.42912
3.635 22.109 12.382 1.75460
0.400 24.006 13.309 1.69530
2.340 24.418 13.443 1.43812
10.975 24.693 12.778 1.36998
4.345 24.853 14.402 0.99194
12.760 20.850 13.383 1.09845
18.565 23.005 13.870 0.89565
7.520 21.163 12.089 1.16135
7.575 21.945 13.416 1.05428
0.445 24.051 13.080 1.31862
5.630 21.114 13.718 1.17356
1.690 21.814 13.595 0.84899
0.155 23.371 13.329 1.06515
3.020 23.573 13.718 0.95475
2.920 20.870 13.328 0.94234
3.125 19.711 12.626 0.92637
0.760 21.739 13.103 1.21324
1.430 22.255 12.804 1.21316
1.155 23.723 13.264 1.27852
4.645 23.774 13.110 1.03642
10.045 22.750 12.416 1.31053
5.230 22.269 12.963 1.26611
32.585 20.802 12.813 0.69368
1.040 22.792 11.876 1.11294
14.595 23.036 12.709 0.93234
2.440 22.004 13.182 1.07738
29.320 21.729 13.196 0.89809
14.975 20.184 11.764 0.82577
4.605 24.921 12.793 0.89990
6.190 24.868 12.833 0.80942
1.135 24.089 12.885 0.85101
0.000 24.997 14.014 0.85797
8.095 24.077 13.886 0.81817
15.580 24.119 14.494 0.82656
15.660 24.024 13.728 0.75564
1.570 21.751 12.762 0.69387
0.190 23.357 13.982 0.77968
10.610 19.998 12.444 0.94363
5.565 20.645 13.114 0.96781
10.585 21.443 11.896 1.30361
3.115 21.758 12.481 1.49776
0.125 22.366 12.058 1.26634
8.850 24.217 12.742 1.07944
3.705 24.058 13.563 0.91086
6.530 22.697 13.204 0.95173
3.540 21.535 13.059 0.78727
10.115 22.576 13.461 0.92309
9.795 20.851 12.826 0.88402
5.485 21.976 10.947 1.01729
15.450 22.564 11.808 1.11360
0.730 22.766 13.009 0.77287
13.525 21.275 12.741 0.82299
25.920 24.457 13.334 0.83565
11.065 23.285 14.157 0.68561
7.895 23.543 13.322 0.87682
21.370 25.202 14.791 0.76429
20.245 21.065 13.762 0.68329
25.000 19.523 13.298 0.66452
0.000 23.388 12.613 1.04377
3.125 21.416 13.427 0.88653
1.695 23.408 13.916 0.74376
1.020 21.978 13.223 0.70199
0.075 23.599 13.471 0.83789
3.620 23.481 13.540 0.95332
7.390 20.151 13.472 0.89436
3.175 22.001 13.031 0.66546
8.115 18.546 12.670 0.78565
2.850 19.469 11.642 0.96141
11.690 16.789 10.932 0.67333
1.595 21.070 12.020 0.77337
7.525 23.585 12.904 0.84373
44.345 23.985 13.931 0.82408
5.540 19.976 12.068 0.76478
0.365 22.861 12.434 0.86065
0.845 23.093 12.474 0.97658
5.440 22.563 12.558 1.08216
0.840 21.256 13.210 1.07178
1.070 18.499 12.251 1.03405
0.000 22.493 11.830 1.21085
0.245 22.469 12.413 1.07400
0.010 22.569 13.071 0.93253
1.180 20.599 12.303 1.13471
0.250 21.388 10.235 1.13796
0.015 15.859 9.107 1.21702
3.795 19.605 10.178 0.93440
33.610 16.085 8.357 1.03141
37.375 14.414 8.539 0.63867
0.260 18.301 9.362 0.77921
0.000 18.760 9.684 0.76191
0.000 19.602 9.686 0.85799
0.135 20.677 10.408 0.80357
1.880 18.287 10.551 0.94762
3.695 19.090 10.379 1.09047
1.910 20.070 8.982 1.10007
0.035 19.716 8.717 1.02265
0.000 21.756 8.683 1.20135
0.000 21.097 9.423 1.09911
0.060 21.906 10.282 0.88638
12.536 21.160 10.869 0.84428
22.090 17.649 11.135 0.76073
1.985 16.842 11.056 0.71289
9.910 17.566 10.661 0.59376
7.760 16.228 8.302 0.78629
1.090 21.036 8.527 0.89980
0.205 18.803 7.132 1.04774
0.065 22.318 7.601 0.83566
0.040 22.003 9.279 0.94820
0.000 22.024 9.776 1.04019
0.000 21.097 8.716 1.14374
0.000 19.008 8.479 1.10975
0.000 21.159 9.071 0.97824
0.000 21.087 10.398 0.86904
0.000 17.843 10.686 0.83860
0.330 18.463 8.379 1.07838
0.070 19.171 8.842 1.05179
0.065 20.593 9.330 0.74473
0.485 19.012 10.557 0.64625
1.250 17.825 9.537 0.80401
0.000 19.803 9.638 0.70928
0.000 19.394 8.521 0.89946
0.000 18.583 6.827 1.11075
0.000 19.287 6.917 0.97138
0.000 18.191 6.575 1.20940
0.000 19.454 6.745 0.96770
0.000 15.962 7.751 0.75673
19.120 14.656 8.371 0.89591
9.760 13.178 6.963 0.98247
40.600 14.281 1.734 1.03371
15.095 6.670 -0.939 1.37885
0.000 16.238 -0.840 0.94769
0.000 14.641 0.240 1.26117
0.000 15.920 0.274 0.93429
0.000 17.256 1.480 1.04805
0.000 17.139 1.302 1.23354
0.000 15.622 1.393 1.05732
0.000 16.300 1.641 1.37906
0.000 17.401 1.573 1.07912
0.000 16.362 1.811 1.16681
0.000 17.898 1.917 0.90375
0.000 17.682 2.909 1.02773
0.000 15.539 2.975 1.10162
0.000 15.641 3.052 1.06292
0.000 14.693 3.771 1.06832
0.000 14.844 2.913 1.25479
0.000 14.774 2.436 1.36286
0.000 15.495 2.023 0.98014
0.000 15.983 1.928 0.78349
0.000 13.035 3.392 0.98108
0.000 13.025 3.649 1.33617
0.000 13.574 1.502 1.47378
1.460 6.673 -0.711 1.05615
0.000 11.306 -0.255 0.90401
0.000 13.190 0.033 1.12223
10.515 14.359 -0.055 1.20502
1.970 14.750 0.487 1.14545
0.000 14.590 0.756 1.07679
0.000 14.951 0.927 1.02366
0.000 15.008 0.701 1.12087
10.445 14.725 1.298 1.21821
0.000 11.447 -0.474 1.04779
0.000 13.292 -0.789 1.26085
0.000 12.717 -0.656 1.17854
0.000 12.684 -1.046 1.14158
0.000 12.917 -1.151 0.85047
0.000 13.700 0.498 1.11992
0.000 13.213 -0.299 1.12410
0.000 12.589 -0.441 1.14772
0.000 13.068 -0.275 0.94791
0.000 12.800 -0.447 1.19896
0.000 11.849 -0.809 1.15572
0.000 11.822 -0.587 1.06999
0.015 11.405 -0.538 1.22598
0.855 11.264 -0.715 1.25029
0.000 12.125 -0.804 0.93334
0.000 11.492 -0.239 1.07260
0.000 11.484 -1.195 1.29670
0.000 12.881 -1.148 1.05721
0.000 13.741 -1.144 1.21882
0.000 13.386 -1.562 1.32118
0.000 14.298 -1.567 1.20881
0.000 12.058 -1.633 1.04500
0.000 12.924 -1.225 1.10611
0.000 16.550 -1.228 0.82282
0.000 14.832 -0.795 1.27200
0.000 15.313 -0.815 1.06155
0.000 13.939 0.302 1.01168
0.000 13.075 0.069 0.98542
0.000 12.962 -0.246 1.01403
0.000 12.097 -0.289 0.96744
0.000 11.573 -1.233 1.22011
0.000 13.398 -1.475 0.71621
0.000 13.005 -0.977 1.10187
0.000 13.499 -1.040 1.55006
0.000 12.738 -1.664 1.52798
0.000 11.978 -1.711 1.31111
0.000 11.203 -0.968 1.30286
0.995 9.605 -3.301 1.52315
0.000 11.377 -3.535 1.07294
0.000 10.669 -3.058 1.52820
0.000 10.388 -2.998 1.33307
0.000 9.407 -2.663 1.36942
0.000 9.549 -3.175 1.20010
0.000 11.078 -3.087 1.14675
0.000 12.809 -2.659 1.00305
0.000 11.767 -1.573 1.27401
0.000 10.666 -1.169 1.24878
0.000 11.475 -1.141 0.89398
0.000 12.479 -0.770 1.20648
0.000 12.164 -1.376 1.43687
0.000 12.553 -1.197 1.31136
0.000 12.529 -0.628 1.21233
0.000 12.422 -1.301 1.34644
0.000 11.695 -1.376 1.60769
0.000 11.641 -1.066 1.81186
0.000 10.883 -1.541 1.93545
0.000 8.909 -2.135 1.81723
0.000 10.767 -2.166 1.26562
0.000 11.882 -2.106 1.08736
0.000 13.454 -1.883 1.20392
0.000 13.633 -0.548 1.12062
0.000 14.113 -0.492 1.35235
0.000 15.181 -1.758 1.47042
0.000 16.844 -1.530 1.21748
0.000 15.033 0.220 1.73584
0.000 14.275 -0.482 1.83020
0.000 13.846 -0.763 1.68901
0.000 13.688 -1.130 1.66334
0.000 12.172 -1.177 1.86848
0.000 11.348 -1.396 1.68401
0.000 13.032 -1.287 1.08165
0.000 13.371 0.117 1.40409
0.000 13.524 -0.366 1.12872
0.000 13.592 -0.528 1.48199
0.000 13.980 -1.106 1.61729
0.000 15.255 -0.950 1.47412
0.000 16.614 0.814 1.23100
0.000 16.477 2.235 1.43852
0.000 16.990 2.603 1.25387
1.510 16.519 0.821 1.51139
0.000 15.428 0.433 1.57713
0.000 14.923 0.639 1.66751
1.850 14.241 0.378 1.52629
0.000 12.159 -0.180 1.45755
0.000 14.584 -0.508 1.39627
0.705 10.846 -1.583 1.68543
0.000 13.379 -1.186 1.31884
0.480 13.368 -0.382 1.09447
3.870 11.336 -0.128 1.42548
12.760 11.753 0.426 1.90396
0.000 13.522 0.405 1.78696
0.000 15.569 0.453 1.58904
0.000 16.010 0.654 1.74770
0.000 15.786 0.823 1.93535
0.000 17.604 1.470 1.28109
1.570 17.555 1.945 1.69064
0.045 16.118 2.375 1.82458
0.580 14.504 0.516 1.66394
0.000 15.424 0.767 1.22628
0.300 17.324 1.606 1.29567
6.630 17.089 3.268 1.53873
0.000 16.065 3.525 1.39038
0.000 15.602 1.991 1.16454
0.000 16.091 2.155 1.22628
0.000 17.404 2.007 1.52768
0.440 16.999 1.828 1.56313
0.000 16.395 2.336 1.87667
0.000 16.320 2.596 1.98838
0.000 17.541 2.471 1.59089
0.000 17.579 2.627 1.55885
0.000 16.553 1.665 1.77956
0.000 19.806 2.204 1.33798
0.000 18.760 3.845 1.98800
0.000 18.959 4.246 1.95052
0.060 19.237 5.458 2.04413
4.805 15.038 3.917 1.46930
0.660 17.262 2.410 1.50182
0.125 15.888 1.406 1.82346
0.000 17.854 2.485 1.58758
0.000 18.539 2.118 1.37087
0.000 18.316 3.207 1.72547
0.370 19.348 6.377 1.71929
5.390 20.028 6.161 1.43235
0.000 18.986 6.424 1.76507
0.260 18.274 5.277 1.88938
0.000 19.605 3.856 1.90294
0.000 20.392 4.190 1.57519
0.000 20.150 5.187 1.74939
0.000 21.609 5.972 1.74287
0.000 20.250 4.945 2.35801
0.000 21.534 5.783 1.85262
0.085 17.973 7.457 1.87894
0.000 17.461 5.864 1.61964
0.000 20.621 6.907 1.81358
0.000 18.939 7.363 2.10297
0.175 19.653 7.476 1.90482
0.080 19.080 6.021 1.53522
0.000 21.400 7.171 1.79147
0.000 21.027 7.789 1.69428
0.000 21.051 7.727 2.06634
0.110 21.665 6.369 2.05400
0.000 20.791 6.373 2.03496
0.000 21.360 6.723 2.06162
0.000 21.956 7.888 1.72575
0.000 22.089 6.628 1.76427
0.055 21.694 7.426 1.77648
0.000 22.047 6.698 1.58322
0.630 23.633 8.211 1.56798
3.945 21.308 7.795 2.16809
3.165 20.400 7.807 2.23363
6.760 18.422 6.437 2.18988
0.535 21.631 7.783 1.58731
0.045 21.245 8.488 1.53336
0.205 20.716 8.732 1.13853
0.015 22.614 9.443 1.56714
0.500 21.929 8.873 1.18642
2.515 19.899 9.563 1.36080
0.150 19.706 9.018 1.59016
3.625 18.761 7.989 1.40793
2.330 18.627 8.160 1.27352
10.005 16.629 6.872 1.31583
10.185 20.081 3.839 1.46327
13.990 16.923 4.910 1.21227
5.550 14.979 6.074 0.85932
6.820 12.945 5.229 1.30776
28.965 14.407 4.116 1.33344
2.810 21.195 5.284 1.37637
0.000 22.967 8.211 1.39309
0.000 22.423 11.097 1.16252
1.995 22.410 11.163 1.23628
0.005 16.451 9.736 0.98446
0.565 22.441 10.777 1.29805
0.510 23.556 11.249 1.14195
0.120 22.131 10.436 1.06645
0.000 22.148 10.942 1.24992
0.765 23.484 11.130 1.55705
0.000 23.936 12.700 1.05246
0.905 19.515 11.794 0.91780
0.625 20.286 11.479 1.05436
16.425 19.051 11.229 1.19781
9.515 17.727 10.017 1.04882
2.570 25.073 11.571 0.90397
20.520 19.586 12.109 0.97381
36.180 17.892 10.300 0.90008
37.495 17.114 9.335 0.87346
8.485 17.913 9.720 0.93389
9.170 22.203 11.143 0.99045
5.455 19.345 10.910 0.65577
5.040 19.091 11.046 0.93435
1.835 19.047 10.330 1.15623
0.205 22.202 10.870 1.33124
3.185 21.343 11.857 1.47312
0.000 22.160 11.467 1.27026
4.935 25.104 13.457 0.81468
4.755 19.317 12.838 0.85568
5.615 21.739 10.935 0.71076
0.000 25.208 9.114 1.07269
0.000 25.255 11.146 1.48885
0.290 23.946 11.136 1.39209
3.150 22.756 13.007 1.26810
0.055 22.302 11.618 1.35701
0.000 24.251 12.147 1.52651
0.180 23.769 13.282 1.46038
0.000 22.933 13.217 1.31467
3.620 20.098 11.733 1.15476
1.835 18.120 12.023 0.88225
2.150 21.667 13.338 0.91102
2.695 22.066 12.886 1.10629
4.515 23.675 13.235 1.02861
2.695 23.499 13.723 1.20084
6.830 21.783 13.628 1.13936
12.965 22.634 13.413 1.05359
32.090 22.127 11.531 1.06150
1.535 20.436 11.736 0.95770
6.855 23.532 13.888 0.70754
38.170 20.481 12.042 0.78308
0.000 23.717 11.721 1.40889
0.590 24.675 11.747 1.39759
0.000 25.508 13.314 1.03304
0.000 25.338 12.784 1.05436
0.965 25.003 14.352 1.02620
6.040 22.928 12.789 0.88422
2.260 21.952 12.785 1.26854
4.675 24.699 13.786 1.12141
2.220 24.644 13.234 1.02043
4.165 22.990 14.049 1.14244
9.030 19.040 11.830 0.74373
0.140 25.521 13.542 0.81462
3.210 19.111 12.471 0.93341
0.000 23.391 12.791 0.78681
2.000 24.640 13.341 0.93755
17.155 22.554 13.567 1.25966
8.210 20.248 11.325 1.18014
8.995 23.572 13.239 0.96899
1.155 22.624 12.744 1.11482
1.405 24.092 13.850 0.97909
0.765 23.819 14.008 0.72198
9.646 25.393 15.051 0.86146
3.400 23.158 12.161 1.06699
2.190 22.697 13.729 0.75501
33.725 24.703 14.063 1.03045
15.335 20.714 13.654 0.90725
9.490 22.182 13.084 1.16245
33.745 21.888 14.036 1.29880
9.150 22.009 13.548 0.85087
0.245 22.699 12.651 1.15048
0.000 23.535 11.203 1.61426
0.475 21.565 11.433 1.25352
1.265 22.824 12.532 1.13528
0.000 24.048 13.636 0.83004
3.490 22.121 12.608 0.89154
15.080 23.908 13.326 0.94578
7.740 24.764 14.006 0.90079
0.270 22.846 12.862 0.84206
3.285 24.813 13.991 0.72411
2.400 22.507 13.781 0.96940
10.675 20.209 12.977 0.80683
13.980 22.177 13.651 0.81925
0.705 22.165 11.575 0.71667
0.000 25.838 12.949 0.81430
12.145 20.353 12.777 1.04029
7.505 21.645 13.143 0.95899
2.035 22.624 12.806 1.21055
0.485 24.190 13.837 0.99942
3.940 23.305 13.114 0.93961
22.211 22.445 13.611 0.81424
1.855 22.167 12.470 1.00561
0.435 22.500 10.875 1.22486
0.095 22.705 11.452 1.37422
0.000 22.391 12.246 0.64375
0.420 23.310 13.139 0.76822
27.710 19.725 13.364 1.02979
5.525 20.252 12.909 0.88098
15.295 23.333 13.686 0.83108
0.130 22.442 13.792 0.85160
25.790 21.582 14.103 0.59599
11.855 21.835 13.148 0.89656
1.015 22.600 13.010 0.98944
42.985 22.327 11.958 0.83570
1.115 18.144 11.719 0.97997
1.735 19.311 11.076 0.97595
0.410 22.606 11.984 1.13173
0.105 23.282 12.128 1.29065
12.435 23.927 13.274 0.71981
6.350 20.236 12.235 1.07079
4.205 18.749 12.650 0.79129
2.155 22.203 11.906 1.00472
2.090 23.284 12.090 1.03849
1.595 22.704 11.614 1.14047
2.165 22.671 12.490 1.09592
1.850 22.929 12.452 0.90447
13.260 21.313 11.793 0.95446
38.465 21.887 11.881 0.79028
4.150 20.198 10.487 0.97821
1.000 21.726 11.293 0.97477
13.975 18.642 11.226 0.56943
3.920 19.126 11.467 0.85746
14.825 20.998 12.100 0.87485
9.710 17.378 10.255 0.75584
2.010 21.623 10.981 0.79078
11.550 20.637 11.670 0.78617
0.085 22.102 12.382 0.86486
3.440 21.543 12.032 0.81511
0.000 17.737 11.394 0.85045
8.030 19.538 11.684 0.76377
3.485 17.623 10.940 0.88826
0.605 18.335 9.864 1.10945
24.195 18.701 8.606 1.16965
25.755 11.421 6.498 1.38952
3.410 12.521 6.904 0.79110
0.000 18.381 9.151 1.16497
0.720 20.221 9.896 1.37994
2.265 21.129 9.437 1.13540
3.810 22.131 7.959 1.12476
0.140 17.587 8.022 1.14364
0.055 14.714 8.393 0.72545
0.040 18.275 9.895 1.02151
0.010 20.274 8.747 1.07313
0.000 20.672 9.241 1.17411
2.775 20.511 10.024 1.02049
0.000 19.383 8.207 0.92192
3.925 19.221 7.748 0.92393
0.285 18.685 8.069 0.85516
1.975 17.060 8.759 0.68653
1.920 16.034 7.419 0.96032
0.020 19.417 7.048 1.00798
0.615 16.277 5.471 0.84188
0.000 18.985 5.669 0.81542
0.000 19.034 7.020 0.76987
0.550 17.650 8.674 0.80311
8.530 16.600 7.003 0.52206
0.005 18.996 6.893 0.76375
5.130 18.571 7.200 0.90821
0.755 14.904 7.060 0.99389
6.250 16.770 6.430 0.97722
4.920 16.639 6.554 1.10270
23.885 16.421 7.436 0.90943
0.245 16.405 6.045 1.30549
0.000 18.692 3.628 1.11285
0.000 17.169 3.708 1.20897
0.000 17.623 3.686 1.18579
0.000 17.731 3.719 0.85497
1.845 17.815 5.122 0.89408
0.185 16.582 7.029 0.93599
5.075 15.034 7.129 1.01854
0.760 14.183 5.011 0.68319
0.000 16.616 4.163 0.91535
0.000 16.905 4.140 0.74191
2.640 16.271 6.421 0.88318
0.015 11.696 2.264 1.31181
0.000 14.824 2.245 0.85118
0.000 14.985 2.845 0.90956
0.000 14.850 3.817 1.17453
0.000 14.524 3.942 0.93059
0.000 12.168 0.920 1.00624
0.065 9.507 -0.612 0.86343
0.000 13.044 -0.637 0.62395
0.000 13.218 0.262 1.07607
0.000 14.182 0.117 1.07960
0.000 13.082 0.071 1.05314
0.320 10.847 -0.372 1.14090
0.000 16.035 -0.256 0.82087
0.000 14.542 -1.269 1.03821
0.000 12.468 -1.835 1.51472
0.000 12.877 -2.216 1.61469
0.000 14.620 -2.266 1.20620
0.000 13.895 -1.609 1.41861
0.000 15.859 -1.685 0.98559
0.000 13.287 -1.598 1.41207
0.000 14.407 -1.503 1.19556
0.000 13.170 -0.527 1.38251
0.000 13.534 -0.431 1.31121
0.000 12.916 -0.599 1.13562
0.000 12.005 -0.817 1.13235
0.030 11.714 -0.998 1.25173
0.000 12.271 -0.841 1.11513
0.000 12.657 -1.064 1.04992
0.000 13.276 -1.339 1.17043
0.000 13.068 -0.677 1.08454
0.000 13.231 -0.619 1.03956
0.000 13.532 0.105 1.16301
0.000 13.535 -0.338 1.35899
0.000 12.100 -0.186 1.36248
0.000 12.173 -1.536 1.23350
0.000 12.993 -1.666 1.06475
0.000 12.980 -0.397 1.12752
0.000 13.287 -0.193 1.12952
1.230 12.619 -0.655 1.03183
0.000 11.546 -2.726 0.92663
0.000 13.144 -3.058 0.97647
0.000 12.600 -2.523 1.16316
0.000 11.993 -1.456 1.06512
0.000 11.660 -1.520 1.25173
0.000 11.372 -1.293 1.18544
0.000 11.572 -1.056 0.92156
0.000 11.091 -1.461 1.20699
0.000 10.732 -1.933 1.40905
0.000 11.126 -1.805 1.26178
0.000 12.181 -1.392 0.97775
0.170 7.572 -0.691 0.74896
0.000 11.582 -0.826 0.92120
0.000 11.811 -1.288 0.85167
0.000 12.084 -2.061 1.23562
0.000 12.008 -2.273 1.20704
0.015 9.390 -1.985 0.71545
2.175 10.632 0.365 0.71228
1.080 7.488 -1.618 0.96249
0.000 10.578 -1.703 0.77136
0.030 6.470 -3.241 0.96936
0.000 9.630 -3.349 1.15076
0.000 11.842 -3.262 1.04417
0.000 10.766 -2.703 1.39394
0.000 10.228 -2.787 1.58423
0.000 11.573 -2.386 1.64069
0.000 10.553 -1.394 1.92991
0.000 12.164 0.033 1.64357
0.000 12.264 -0.122 1.72857
0.105 11.993 -1.194 1.34337
0.000 10.815 -1.213 1.46441
0.000 10.516 -0.770 1.47104
0.640 10.557 -0.250 1.57425
1.295 8.432 -1.354 1.38201
3.790 7.854 -3.608 1.19088
0.000 10.260 -3.623 1.35139
0.000 10.899 -2.818 1.36174
0.000 11.491 -1.717 1.50040
0.000 11.630 -0.227 1.48863
3.200 9.926 -1.280 1.27994
0.000 9.556 -2.952 1.24466
0.000 12.221 -2.951 0.93164
0.000 12.093 -2.693 1.52226
0.000 11.904 -2.671 1.93728
0.000 12.715 -1.651 1.43900
0.000 13.273 -2.489 1.26365
0.000 13.039 -2.459 1.76398
0.000 14.579 -2.127 1.72256
0.000 15.617 -0.816 1.57717
0.000 14.963 -0.176 1.80924
0.000 15.821 -0.041 1.37506
0.000 16.045 0.114 1.60140
0.000 16.772 0.947 1.63669
0.000 15.302 0.157 1.80407
0.000 16.460 0.392 1.08431
0.000 15.892 1.437 1.44995
0.000 15.124 1.590 1.27760
0.000 15.550 1.504 1.25139
0.000 15.525 1.703 1.31703
0.000 15.638 2.013 1.23476
0.850 12.249 0.208 1.40162
0.000 13.463 0.110 1.46288
0.000 14.331 -1.042 1.60000
0.000 16.707 -0.724 1.15254
0.000 15.142 -0.120 1.69343
0.000 16.878 0.179 1.62733
0.000 14.230 1.308 1.82434
0.000 13.844 0.865 1.69781
0.000 13.581 0.479 1.59799
0.000 14.697 -0.194 1.56906
0.000 16.126 0.207 1.52117
2.045 16.073 1.357 1.78745
0.000 13.020 0.789 1.68827
3.345 15.453 1.388 1.34223
3.705 14.097 -0.113 1.21112
6.070 11.431 -0.145 0.93769
0.000 13.181 -0.180 1.17721
0.230 13.933 0.471 1.66012
0.000 16.760 1.326 1.31423
0.000 15.921 1.758 1.48286
0.000 16.619 2.514 1.85180
0.000 17.794 3.065 2.01057
0.110 17.885 3.935 1.77251
0.000 18.227 4.065 1.83165
0.160 16.841 1.440 1.71388
0.000 16.073 2.012 1.30365
0.000 18.503 2.087 1.39150
0.000 18.325 1.562 1.59180
0.000 19.085 2.541 2.00374
0.000 18.777 3.126 2.07410
0.420 18.608 3.615 1.77135
8.285 17.370 3.381 2.10223
0.100 16.374 3.632 1.63363
7.480 16.277 3.565 1.86260
0.535 18.179 3.761 1.96640
0.000 17.794 5.153 1.91820
0.030 18.790 5.002 1.70967
3.310 18.342 4.594 1.40136
0.030 14.349 0.410 0.94355
0.000 17.794 1.598 1.59380
0.000 16.130 3.780 1.82459
0.000 17.215 3.201 1.86190
0.090 16.805 3.106 1.81427
0.000 14.040 0.402 2.07655
0.000 19.378 1.935 1.74657
0.000 21.656 3.734 1.91924
0.000 21.794 5.313 1.80541
0.105 21.980 7.163 1.74141
0.030 19.527 7.370 1.96897
7.155 17.667 5.915 1.62623
0.805 18.306 6.221 1.11268
5.100 16.639 5.392 1.05946
0.020 17.721 2.956 1.52927
0.000 18.636 3.849 2.18505
0.000 19.448 6.356 2.39390
37.810 20.794 8.375 1.90548
0.090 19.751 8.986 1.69576
0.610 20.726 9.810 1.97266
1.210 20.873 7.898 2.01585
0.000 21.340 5.083 1.76434
0.985 22.342 7.369 1.70958
1.890 20.275 6.708 1.83108
0.105 21.239 7.239 1.43446
0.040 19.966 8.013 1.52790
0.140 20.009 7.736 1.61301
0.000 20.562 7.615 1.88985
0.170 20.922 7.327 2.03607
0.000 20.135 6.265 1.90848
0.120 21.050 6.149 1.85498
0.250 18.784 5.268 2.03461
0.870 20.473 6.543 1.98744
0.000 21.417 7.852 1.51073
0.095 20.859 7.420 1.48236
0.065 18.990 6.090 1.58913
0.360 22.263 6.826 1.70231
22.900 19.949 9.051 1.20949
22.935 16.908 6.889 0.96540
0.000 23.309 8.773 1.12355
0.000 23.380 10.804 0.95283
6.925 23.021 10.463 0.89462
26.435 18.356 10.714 1.29878
1.320 20.128 8.962 1.82535
1.520 24.643 8.470 1.18143
0.995 25.189 9.942 1.25170
8.340 19.407 9.293 0.95965
0.300 24.234 10.363 1.01434
0.000 20.497 11.557 0.95365
5.205 19.845 10.796 1.11903
3.550 20.247 11.549 1.06924
0.000 20.886 10.882 1.77979
0.800 20.037 10.050 1.70764
0.635 18.831 9.440 1.34113
0.290 21.403 8.497 1.18547
2.145 18.950 10.046 0.82545
9.335 16.719 9.967 0.69351
3.785 16.839 8.896 1.02319
6.385 16.800 9.302 1.09568
2.155 16.719 8.636 1.07301
1.600 19.696 9.785 1.08541
1.065 21.152 9.157 1.01170
0.045 22.353 10.204 1.33342
0.000 23.039 10.426 1.76724
9.135 23.809 10.568 0.99962
1.560 24.644 10.457 0.99026
3.005 23.325 12.469 0.99945
0.000 22.518 12.396 0.91488
1.880 20.576 10.975 1.20241
0.000 23.333 10.439 1.47537
0.000 24.416 11.200 1.50449
6.485 25.099 13.852 1.00393
2.390 24.610 12.806 0.98209
0.000 24.593 13.309 0.74396
4.445 23.040 13.293 0.97402
18.080 22.743 13.017 1.14567
2.610 22.216 12.928 1.15144
1.075 21.740 11.913 1.47829
3.580 23.878 12.337 1.33057
1.600 24.021 12.817 1.62841
0.000 24.034 11.791 1.56863
0.070 23.120 11.436 1.66539
0.130 23.511 12.650 1.52746
0.140 24.018 12.389 1.61874
0.000 23.914 13.359 1.22169
8.640 23.997 14.703 1.05610
25.870 21.911 13.529 0.71038
4.860 24.988 13.740 0.84204
2.540 24.115 12.947 1.00235
14.610 25.091 13.857 1.27438
9.790 22.826 12.692 0.88116
0.375 25.273 13.150 1.16010
9.480 20.917 13.028 0.66492
4.560 24.666 14.190 0.90869
2.285 25.505 14.795 1.02656
10.210 22.927 13.257 1.20455
0.325 24.124 14.542 1.21573
33.490 24.806 14.155 0.89046
5.190 22.930 14.748 0.81299
23.545 21.388 14.008 0.87293
31.395 20.138 13.371 0.63537
4.365 23.669 14.172 0.94016
10.585 23.687 13.271 1.17077
0.015 23.739 14.318 0.82083
0.400 24.510 13.880 1.00917
21.540 22.715 13.118 0.98374
8.205 24.128 12.536 1.22005
0.080 24.111 13.611 1.18411
0.100 25.745 13.959 0.94593
0.000 24.322 14.012 1.06097
3.485 21.430 13.876 1.01522
8.300 19.267 12.183 0.66655
19.830 18.054 12.556 0.68147
14.485 21.756 12.840 0.93262
13.885 20.703 12.454 1.30794
15.540 21.605 12.932 1.23842
11.130 19.353 13.575 0.79421
14.260 21.305 12.391 0.64403
10.685 17.872 11.514 1.07562
2.140 20.151 12.315 0.96876
0.350 21.328 12.087 0.77770
0.685 21.727 12.784 0.86016
3.770 21.552 13.450 0.81924
53.345 19.561 12.201 0.86758
8.560 21.880 12.224 0.72298
1.720 20.875 11.771 1.16690
7.105 20.727 11.696 0.83558
0.040 24.738 13.047 0.71282
0.000 24.506 12.863 0.93798
0.020 25.268 14.303 0.79973
2.250 24.325 14.999 0.80112
5.970 23.487 13.380 1.14359
6.915 20.684 12.952 0.95585
12.475 19.465 12.025 1.22300
22.185 17.307 12.633 0.80423
19.070 18.759 12.828 0.79938
8.540 17.665 12.281 0.53329
1.295 19.570 13.033 0.68341
4.465 23.107 11.887 1.00244
5.365 20.565 11.820 0.80376
49.660 19.775 10.680 1.10625
0.440 19.307 9.920 1.37619
2.875 21.274 9.980 1.07243
0.785 21.983 10.389 0.82183
4.995 18.099 10.188 0.95567
0.000 20.831 11.041 0.86510
0.055 22.485 12.381 0.96886
11.025 22.534 12.150 1.12978
47.141 22.914 13.152 0.85870
1.420 20.698 10.421 1.18745
0.000 24.302 11.903 0.88932
0.050 24.007 12.285 0.88778
7.525 23.032 12.394 0.88406
0.485 21.097 10.925 0.82382
0.000 22.845 10.651 0.80543
0.280 23.507 12.194 0.63352
0.050 18.845 10.941 0.79405
0.590 20.235 10.347 0.85773
2.045 20.716 9.296 0.91382
3.235 21.664 10.167 0.99296
9.485 21.477 9.967 0.85713
0.130 22.097 10.141 0.99897
0.875 21.767 11.154 1.04094
0.100 20.301 10.324 1.09963
0.240 22.246 10.436 0.86285
0.000 22.326 10.562 0.72835
5.060 22.673 11.150 0.79410
1.675 23.381 11.653 0.85882
4.780 22.251 10.941 1.03147
11.395 21.263 10.919 0.79313
0.000 21.148 10.871 0.98369
0.015 22.095 11.243 0.81652
0.465 20.740 9.867 1.12092
0.080 20.930 10.790 0.89246
0.015 21.575 11.293 0.90219
11.945 21.058 11.291 0.98407
3.300 14.996 8.490 1.33528
1.030 14.394 8.720 0.82656
7.790 15.209 9.202 0.81388
1.100 17.819 9.649 0.89814
0.000 20.558 10.725 1.13420
3.690 16.811 10.678 0.69646
38.020 14.954 10.074 0.66666
18.450 17.557 10.129 0.76161
2.280 20.192 10.316 0.99116
2.600 20.480 10.556 0.75489
12.180 21.192 10.845 0.93283
0.055 20.801 10.545 0.86875
0.400 20.468 8.730 0.88881
5.685 18.617 5.601 1.07030
0.065 17.612 5.346 1.33357
0.000 20.402 5.683 0.96575
0.000 19.288 5.784 0.97594
0.000 19.581 6.268 0.85142
0.000 20.070 6.366 0.92456
0.015 18.329 4.764 1.09194
0.105 18.849 5.175 0.72107
0.120 17.320 6.218 0.88742
7.025 17.603 6.551 0.80869
12.030 14.858 7.486 0.79442
0.055 17.150 6.504 1.06733
0.000 19.806 6.438 1.14505
0.000 19.138 6.710 1.00754
0.330 17.754 7.950 1.24070
0.015 18.230 8.161 1.03279
0.070 17.109 5.551 1.17897
0.000 18.167 4.395 1.15319
0.000 18.369 4.530 0.88289
0.000 17.514 5.837 0.97465
0.000 18.516 7.006 0.97488
0.000 18.976 5.662 0.96501
0.000 18.083 5.863 1.12929
0.355 18.180 6.114 1.16310
0.000 18.051 6.050 1.01406
0.000 17.254 5.641 1.09602
0.000 17.416 4.299 1.08483
0.000 17.529 4.341 0.94015
0.135 16.661 4.630 1.02229
0.090 11.247 1.546 1.28657
0.000 13.604 1.594 0.94283
0.000 15.435 2.485 1.01551
0.000 16.618 2.770 1.03247
2.045 16.142 4.032 0.78142
0.065 16.978 4.809 0.79873
0.000 17.073 3.138 1.24626
0.000 17.039 3.051 1.26615
0.000 18.019 4.061 1.13388
1.770 14.726 6.133 0.72875
0.000 16.256 7.079 1.49663
0.670 16.488 2.816 1.51607
0.000 16.021 0.996 1.14566
0.000 15.731 0.900 1.02443
0.000 14.632 2.374 0.93416
0.000 14.870 2.797 0.96071
0.000 14.094 2.694 1.26768
0.000 13.506 1.905 1.10599
0.000 14.861 1.607 0.77849
0.000 15.019 2.914 1.11247
0.000 15.449 0.621 1.21667
0.000 15.286 0.486 0.87725
0.000 14.298 3.826 1.01389
0.030 14.640 3.894 1.04207
0.000 15.579 -0.091 1.10881
0.000 15.960 -0.443 1.16130
0.000 15.443 -0.366 1.23445
0.000 15.371 1.052 1.14081
0.000 15.086 2.149 1.44175
0.000 14.918 -1.704 1.50694
0.000 16.082 -1.988 1.04560
0.000 15.500 -1.347 1.41363
0.000 15.172 -1.452 1.46431
0.000 14.463 -1.267 1.40523
0.000 14.763 -1.074 1.39281
0.000 15.021 -0.844 0.97801
0.000 14.201 1.116 1.11010
0.000 12.984 -2.358 1.51125
0.000 14.263 -2.522 0.64967
0.000 13.361 0.424 0.86799
0.010 12.246 -0.541 1.21567
0.000 13.548 -0.674 1.23257
0.000 13.757 -0.005 1.10081
0.000 12.288 0.481 1.12723
0.000 11.068 1.137 1.24315
0.000 10.443 0.764 1.03263
0.000 9.449 -0.691 1.10166
0.000 9.613 -1.618 1.22535
0.000 10.868 -2.679 1.26480
0.000 11.582 -2.824 1.11603
0.000 11.899 -2.131 1.15630
0.000 11.178 -2.037 1.07844
0.260 9.020 -1.415 1.06225
0.000 10.036 -1.713 0.97677
0.000 9.173 -2.064 1.22852
0.015 8.047 -2.321 1.24593
0.000 8.853 -2.527 1.16881
0.000 9.608 -2.499 1.07601
0.000 11.085 -2.303 1.17772
0.000 10.862 -1.961 1.49995
0.000 11.685 -1.780 1.07303
0.000 13.095 -1.565 1.06273
0.030 12.843 -0.695 1.20300
0.315 9.561 -1.243 1.02507
0.000 11.945 -1.856 0.86195
0.000 11.610 -2.101 1.35102
0.000 11.219 -2.020 1.72145
0.000 11.867 -1.966 1.26267
0.000 11.978 -1.563 1.11217
0.000 11.908 -1.240 1.25878
0.000 12.353 -1.985 1.25370
4.810 11.275 -2.255 1.34739
0.225 9.318 -2.239 1.07485
0.000 11.437 -1.420 0.84114
0.000 12.785 -1.888 1.10543
0.000 14.329 -2.162 1.26958
0.000 16.884 -1.821 0.85572
0.000 15.451 -2.365 1.34835
0.000 16.196 -2.452 1.01959
0.000 12.701 -2.538 1.71007
0.000 12.909 -2.246 0.90119
0.000 10.053 -2.558 1.50237
0.000 9.069 -3.101 1.63546
0.000 10.034 -3.541 1.61964
0.000 12.189 -3.815 1.55021
0.000 12.115 -3.871 1.17470
0.000 13.213 -0.515 1.37545
0.920 13.167 -1.898 1.65122
3.800 8.987 -1.574 1.65521
0.185 9.005 -2.740 1.28625
0.000 13.116 -2.724 1.54951
0.000 13.743 -1.624 1.66543
0.000 15.218 -0.233 1.59690
0.000 14.621 1.182 1.28051
0.065 11.584 1.210 1.06438
4.410 10.810 -2.213 1.45352
0.000 11.951 -2.719 1.38730
0.000 10.819 -2.643 1.73226
0.680 11.932 -2.392 1.67556
0.000 12.473 -0.951 1.43446
0.000 11.863 -0.862 1.45063
1.020 11.088 -0.700 1.37152
0.000 10.696 -0.697 1.65900
0.025 10.063 -1.628 1.54776
0.000 8.676 -4.162 1.70391
0.000 12.873 -3.598 1.32906
0.000 14.838 -2.031 1.29869
0.000 14.540 -1.410 1.48946
0.000 16.437 -0.860 1.32059
0.000 14.384 -0.026 1.99326
0.480 12.160 -0.527 1.66987
0.000 11.203 -3.091 1.60400
0.000 14.801 -2.727 1.44898
0.000 14.572 -0.804 1.53317
0.000 14.032 -0.329 1.49074
0.000 13.104 -0.756 1.51553
0.000 14.506 -0.730 1.52209
0.000 16.353 -0.270 1.50048
0.000 15.763 0.146 1.73222
0.000 16.406 0.766 1.87577
0.015 16.023 3.106 2.19484
0.000 14.811 0.674 2.72888
0.050 14.625 1.393 2.34335
0.000 15.998 0.175 1.75435
0.000 15.393 0.082 1.53963
0.000 14.531 -0.234 1.57750
0.030 14.768 0.337 1.13194
0.000 15.095 0.224 1.62257
0.000 14.387 0.549 1.64503
0.085 14.982 1.239 1.58289
0.415 13.826 -0.062 1.74911
0.140 12.973 0.035 1.77348
0.075 15.637 0.715 2.01863
0.940 15.151 1.985 2.06125
0.015 16.651 3.462 1.68884
0.300 14.792 3.142 1.38830
0.000 15.600 1.484 1.59318
0.110 14.609 1.506 1.21085
0.000 14.931 0.416 1.55851
0.090 17.079 1.397 1.38241
0.000 17.793 1.727 1.63324
0.000 18.502 2.504 1.03606
0.000 19.321 3.960 1.64260
0.040 15.921 4.518 1.46774
0.165 17.912 4.115 1.37220
0.000 20.126 5.370 0.92356
0.000 16.296 4.339 1.36036
0.090 17.731 5.516 1.89643
0.210 16.729 5.381 1.71968
0.215 17.130 5.201 1.79234
0.000 16.990 4.474 1.95134
0.000 17.768 4.289 1.92183
0.000 20.003 5.210 1.81057
0.000 20.695 6.292 1.88856
0.000 20.512 6.394 2.25711
0.000 21.324 7.349 2.03547
0.000 21.628 6.987 1.98104
0.135 20.611 5.708 2.05667
0.000 20.635 4.994 2.06736
0.000 20.274 5.727 2.33980
0.200 20.400 6.297 2.19615
1.775 19.490 7.039 1.52588
0.000 21.633 5.949 1.25691
0.000 22.081 6.545 1.57874
0.095 19.259 5.956 2.35756
0.345 20.936 8.076 2.19302
1.555 18.624 5.674 1.49858
0.000 23.950 5.963 1.39676
0.005 23.030 8.543 1.77219
0.000 21.937 8.267 1.90971
1.310 21.748 7.732 1.82906
0.045 19.468 4.538 1.61451
0.000 23.448 6.049 1.55040
0.000 24.654 7.965 1.52686
0.030 22.785 8.951 1.57780
0.070 23.026 9.938 1.64237
0.000 22.079 9.821 1.56010
5.105 17.747 5.576 1.54075
3.715 19.644 6.554 1.25429
0.650 16.762 6.576 1.29473
0.480 18.128 6.972 1.79611
0.110 19.714 7.631 1.78670
0.685 20.750 8.290 2.12491
0.000 19.979 8.931 2.61859
0.195 21.488 7.834 2.35505
0.000 21.604 9.112 1.81465
0.000 22.293 7.595 1.49278
0.380 22.530 7.413 1.34127
0.715 20.485 7.766 1.33212
0.000 21.759 6.852 1.62961
0.000 22.522 7.968 1.59928
0.030 24.119 9.125 1.54478
0.065 24.666 10.125 1.40586
0.000 22.886 11.011 1.38311
3.520 18.817 9.989 1.27982
1.070 23.811 8.817 1.56677
4.335 24.195 10.757 1.10891
20.430 17.850 10.063 0.86102
48.260 19.400 9.433 1.03321
0.015 23.380 10.015 1.27073
0.315 20.890 9.742 1.45472
3.935 23.511 10.443 1.33853
0.335 23.149 10.956 1.39378
0.000 22.446 10.370 1.56732
0.080 23.308 10.682 1.94629
0.000 23.195 9.453 1.77839
0.000 24.914 9.807 1.36172
0.000 25.552 10.239 1.20136
0.000 25.557 12.010 1.06150
0.000 26.607 11.830 1.12919
0.000 26.255 12.228 1.26032
4.385 26.752 13.799 0.98906
6.725 20.119 10.417 1.20025
33.265 17.949 10.872 0.95107
7.185 19.601 12.058 0.91764
9.265 18.637 9.880 1.09608
4.795 19.220 11.046 1.15746
10.455 18.380 11.117 1.21681
2.385 20.639 10.242 1.32758
0.550 22.534 11.902 1.03416
30.310 17.934 10.407 1.04762
0.000 20.000 10.946 1.28386
0.095 22.095 10.972 1.17739
0.070 20.026 11.196 1.06963
0.465 22.901 11.749 1.31798
6.435 24.261 13.530 0.96361
5.480 19.590 11.878 0.90640
2.040 23.088 13.079 1.19673
3.750 21.331 12.056 1.08402
1.680 22.471 12.993 1.18322
0.000 21.988 12.524 1.33390
0.830 25.256 12.509 1.24431
0.230 25.144 13.322 1.29823
0.000 22.947 13.014 1.88521
1.070 23.685 14.113 2.03581
4.185 22.975 12.891 1.64330
15.790 21.913 12.767 0.86199
3.745 22.705 12.902 1.35247
0.165 23.661 13.019 1.61320
2.900 24.791 13.437 1.30402
8.655 22.880 13.542 1.33116
0.800 19.426 12.153 1.21941
0.000 19.909 11.814 1.32347
0.000 22.832 12.777 1.28826
0.155 23.395 12.061 1.36099
0.140 23.413 13.269 1.12374
9.965 20.098 12.052 1.36171
7.095 22.007 12.148 1.36523
1.260 21.485 11.856 1.52031
0.240 23.620 12.786 1.72377
0.000 22.659 12.225 1.62713
3.175 24.223 14.081 1.16052
13.435 20.963 14.242 1.01350
5.865 20.415 11.546 1.35642
0.325 23.771 12.680 1.46493
0.025 24.312 13.480 1.29598
3.480 24.208 13.760 1.26409
0.805 24.039 13.241 1.43440
0.805 24.021 13.340 1.16387
4.305 22.347 11.932 0.96949
5.440 23.713 12.931 0.70291
0.165 19.809 11.816 1.19421
1.800 21.747 12.369 1.19788
0.000 23.916 12.430 1.32003
29.225 26.627 13.766 0.82277
13.570 24.212 13.882 1.04031
3.500 21.174 12.193 1.31309
21.170 21.276 12.453 1.19068
7.560 18.389 11.822 1.23227
1.940 22.496 12.590 1.14247
1.160 24.556 12.536 1.19071
0.305 25.321 13.492 1.15887
21.835 25.280 14.756 0.85893
0.975 23.800 14.124 0.82425
0.120 24.588 13.860 0.92243
0.000 26.648 13.736 1.09590
4.640 25.938 14.405 0.92077
2.945 24.913 15.480 0.57785
0.420 23.844 13.703 1.09030
27.520 24.344 12.776 1.25463
22.330 26.484 14.268 0.83213
16.515 22.256 14.477 0.72998
0.705 23.560 14.949 0.90707
3.745 21.469 14.127 1.02036
1.950 23.604 13.255 1.21233
15.745 24.718 13.330 1.05945
0.075 20.644 13.164 0.96028
3.395 21.927 12.301 1.13526
1.675 23.479 13.329 1.09540
0.125 21.657 14.043 0.77346
0.865 24.289 13.858 0.91187
2.480 24.104 13.642 0.83945
9.400 22.378 12.826 0.95294
18.255 25.440 12.766 0.68535
2.430 22.489 13.631 0.97524
0.255 25.550 14.293 0.79097
10.905 25.305 15.256 0.85496
3.225 20.451 12.981 0.89354
4.745 23.173 12.474 1.22179
9.470 23.104 12.189 1.24720
0.925 22.063 12.145 1.24008
0.125 21.491 11.981 1.18339
1.290 22.487 12.221 1.10202
0.545 20.403 10.703 1.18678
0.000 21.259 11.396 0.83614
0.165 23.097 11.787 1.08623
0.000 22.077 12.560 0.96411
10.535 20.792 12.833 0.91348
11.575 21.326 13.319 0.82227
4.450 19.711 11.554 0.78368
11.375 21.653 10.660 1.04752
0.275 20.619 10.997 1.04376
0.000 22.485 11.960 1.02657
2.005 19.735 12.062 0.89492
1.330 22.435 12.207 0.78167
1.525 18.808 11.972 0.89829
10.800 17.866 11.333 0.87753
0.465 22.462 12.017 1.19074
0.000 20.193 11.027 1.04904
4.355 21.973 11.102 0.87118
4.230 23.687 11.720 0.94374
3.705 22.858 12.705 0.85016
27.235 19.318 10.497 1.00324
26.190 19.855 7.856 0.80482
0.130 23.289 8.812 0.80672
0.310 22.821 10.041 0.92643
0.105 22.223 11.169 0.83139
0.000 22.556 11.908 1.00571
1.095 22.157 11.021 1.16095
0.000 22.456 10.587 1.10711
0.000 23.080 10.879 0.91550
0.000 22.084 11.191 1.03226
4.085 21.632 11.743 0.98412
0.450 20.373 11.305 0.99632
0.105 16.508 9.241 1.01133
1.645 18.343 10.002 1.00988
0.500 17.926 9.607 0.93028
2.255 18.772 9.807 0.76963
4.380 17.088 8.290 0.93164
4.900 20.439 8.485 1.37903
0.000 19.821 8.979 1.20472
3.955 19.539 10.143 1.34503
5.440 21.136 10.918 1.35273
0.000 22.283 9.309 1.24840
0.800 23.011 9.551 0.83359
0.090 19.987 9.304 1.19421
0.000 19.237 9.687 0.97650
0.015 20.515 9.628 1.03336
0.510 20.916 9.306 1.07862
0.000 19.608 8.767 1.08026
0.000 19.678 6.817 1.17833
0.000 18.643 7.007 1.00114
0.045 20.300 6.268 1.02378
0.000 19.959 6.143 1.04553
0.090 19.206 6.312 1.10087
0.820 18.624 6.453 1.08840
0.035 18.295 6.733 0.79329
0.115 17.629 8.694 1.10293
0.040 19.502 8.850 1.01219
0.670 18.385 5.709 1.24920
0.000 19.535 5.879 0.84843
0.060 17.793 6.730 0.78129
7.070 17.084 6.744 0.78035
1.060 16.479 3.365 1.13287
0.000 18.927 3.465 0.78965
0.000 17.222 4.052 1.06023
0.000 18.145 2.307 1.20660
0.000 18.355 2.124 1.24607
0.000 16.214 1.469 1.60018
0.000 16.682 1.693 1.45155
0.000 16.887 2.074 1.33187
0.000 17.420 2.446 1.33616
0.000 17.214 2.841 1.07284
0.000 16.572 3.646 1.01318
0.000 15.803 3.958 0.98585
0.000 15.947 0.271 1.30093
0.000 17.967 0.241 1.23920
0.000 18.707 0.843 1.11897
0.000 17.883 2.792 1.18666
0.000 16.437 1.774 1.27044
0.000 16.407 0.748 1.41534
0.000 15.868 0.053 1.48486
0.000 16.696 -0.065 0.92580
0.000 15.816 0.824 0.93095
0.000 15.663 1.067 1.09836
0.000 15.633 1.660 1.22179
0.000 15.163 1.481 1.04056
0.000 15.118 1.789 1.14563
0.000 13.518 1.953 1.09413
0.000 13.915 1.083 1.38019
0.000 14.719 0.986 1.04361
0.000 13.870 0.240 1.16541
0.000 14.561 -1.601 1.38666
0.000 15.242 -1.576 1.15969
0.000 14.522 -1.159 1.29024
0.000 13.929 -1.339 1.44914
0.000 13.063 -1.724 1.38836
0.000 13.238 -1.676 1.12464
0.000 12.402 0.008 1.09084
0.000 11.581 0.220 1.12789
0.000 13.396 0.123 1.09124
0.015 11.417 0.823 1.13253
0.000 11.444 1.087 1.07000
0.075 11.948 -0.264 0.92487
0.000 14.130 -0.363 0.93443
0.000 15.714 -0.808 1.05191
2.755 15.493 -1.123 1.21051
0.355 14.869 -1.152 1.05550
0.000 16.073 0.318 1.11781
0.000 13.874 -0.962 1.45012
0.000 15.250 -1.181 1.06800
0.000 8.409 -0.085 0.85834
0.000 11.865 1.604 0.99626
0.000 10.111 1.615 0.98594
0.000 13.970 1.013 1.12520
0.000 14.656 -0.396 1.25411
0.000 12.975 -1.948 1.25623
0.000 12.178 -2.099 1.25822
0.000 12.635 -1.810 0.99228
0.000 12.971 0.360 1.26843
0.000 12.389 1.566 1.42134
0.125 10.428 -4.655 1.84181
0.000 13.723 -4.802 0.91390
0.000 11.781 -2.065 1.34218
0.000 13.092 -1.760 1.27631
0.000 11.929 -1.883 1.39475
0.000 11.373 -2.422 1.50457
0.000 11.734 -2.307 1.36713
0.000 12.714 -1.763 1.24871
0.000 13.660 -0.486 1.21576
0.000 12.990 -0.308 1.17839
0.735 12.769 -0.944 1.22068
2.490 9.649 -4.804 1.43244
0.000 13.046 -4.811 1.10004
0.000 13.303 -1.602 1.09432
0.090 12.174 -0.764 1.20658
0.460 9.915 -0.984 1.32735
2.490 8.804 -2.019 1.53070
0.000 9.309 -3.686 1.62600
0.000 11.793 -3.601 1.30939
1.080 11.043 -2.836 1.33890
0.075 10.181 -2.710 1.28131
0.000 8.983 -2.652 1.69498
0.000 11.386 -2.933 1.41094
0.000 13.161 -2.962 1.29612
0.000 11.948 -2.438 1.88113
0.000 12.866 -2.132 1.20298
0.180 10.318 -0.738 1.26095
0.000 10.126 -1.539 1.75820
0.000 10.417 -1.426 1.28331
0.045 9.624 -2.388 1.43920
0.000 8.731 -4.387 1.76216
0.000 12.953 -4.395 1.19951
0.000 12.321 -2.144 1.53189
0.000 12.058 -1.946 1.54241
0.000 12.256 -1.892 1.88686
0.000 11.895 -1.362 1.96093
0.000 11.621 -3.132 1.76819
0.000 11.254 -3.114 1.35932
0.000 11.204 -2.672 1.36527
0.045 11.328 -1.472 1.55512
0.000 8.783 -3.736 1.46590
0.000 12.444 -3.674 0.83687
0.000 13.850 -0.714 1.15825
0.330 14.196 -1.848 1.53022
0.000 14.929 -1.552 1.51005
0.000 15.142 -2.964 1.10470
0.000 14.268 -2.854 1.02003
0.000 14.180 -0.580 1.32978
0.000 13.367 -1.504 1.46579
0.000 14.459 -1.352 1.33602
0.000 13.257 -1.566 1.18580
0.000 16.137 -1.495 1.30038
0.000 14.483 -0.457 1.65130
0.000 12.251 -0.781 1.53741
0.000 15.441 -0.577 1.50038
0.000 15.448 0.174 1.36665
1.340 14.120 -0.376 1.55398
0.000 17.126 -0.254 1.37118
0.000 17.812 -0.159 1.45767
0.000 18.912 0.310 1.51551
0.000 16.498 1.650 1.79541
0.000 15.502 2.961 2.06308
0.000 15.577 0.340 2.13809
0.000 15.269 0.908 2.35738
0.000 17.225 -0.631 2.00264
0.000 17.365 -0.342 1.69347
0.000 17.902 0.778 1.59315
0.000 18.505 1.416 1.24855
0.000 19.017 2.244 1.55648
0.055 16.556 1.847 1.44590
0.000 16.716 1.923 0.98927
0.000 20.589 1.380 1.68322
0.070 21.557 2.245 1.72983
0.000 17.996 2.559 1.74582
0.000 19.287 2.321 1.59660
0.000 19.364 3.044 1.64900
0.000 20.833 3.514 1.28182
0.000 20.717 4.119 1.69470
0.180 19.557 4.338 1.71702
0.030 20.245 4.860 1.18185
0.045 19.867 5.719 1.58661
0.000 19.392 6.049 1.88861
4.735 17.750 5.898 1.83782
0.000 19.628 6.991 1.59222
0.000 19.299 6.691 2.01941
0.000 20.897 6.878 2.17538
0.000 20.775 7.140 2.48632
0.000 21.037 7.371 2.13380
0.000 20.958 6.658 2.29161
0.000 21.485 6.669 2.09996
9.660 20.393 5.790 2.01680
0.015 19.759 6.416 1.99132
0.455 19.438 5.373 2.05717
0.150 15.946 4.008 2.03107
0.705 15.497 4.287 1.01253
0.000 18.714 4.153 1.30228
1.825 18.754 5.092 0.92566
0.305 17.455 4.485 1.68056
0.000 18.072 5.348 1.60341
2.610 18.580 6.554 1.38623
1.700 14.621 1.741 1.35146
7.320 10.625 2.410 0.98756
0.000 17.517 5.376 1.44651
0.120 18.181 6.391 2.05575
0.000 18.678 7.094 1.97272
0.255 18.274 6.851 1.47243
6.980 17.665 4.293 1.53329
1.430 16.053 5.613 1.58526
3.240 15.185 7.929 1.62588
5.335 15.779 4.454 2.07494
18.340 18.661 4.285 1.21355
26.675 13.857 5.547 0.76166
2.775 17.281 6.167 0.89918
0.000 18.902 6.020 1.34250
0.000 21.266 6.521 1.30688
0.000 21.465 8.172 1.40798
0.015 20.606 8.129 1.50371
0.000 20.646 7.877 1.70657
0.015 20.812 6.900 1.99643
0.000 22.023 9.032 1.31655
0.735 21.792 8.347 1.22539
0.000 19.595 6.713 1.74322
0.000 21.111 8.608 1.64635
0.000 20.281 9.060 1.69648
0.000 20.606 8.344 1.87082
0.000 20.792 8.471 1.95857
0.000 21.439 8.370 1.69181
0.000 23.097 9.699 1.41890
0.035 21.102 8.842 1.35539
1.175 20.632 6.581 1.93441
0.000 22.398 6.375 1.70037
0.000 23.504 7.728 1.80832
0.000 22.457 9.999 1.95024
0.000 22.639 9.002 1.96940
8.550 22.228 10.088 1.76460
5.330 21.351 9.928 1.42039
1.390 22.055 9.755 1.25234
6.340 20.663 11.197 1.04318
2.515 22.653 11.722 1.15317
0.405 22.673 11.051 1.15714
24.115 17.374 10.175 1.10493
23.980 16.091 2.884 1.80250
61.045 9.395 2.787 1.84235
6.845 16.557 3.578 1.34654
0.955 22.461 8.267 1.19290
3.900 20.289 9.312 1.12911
0.035 18.121 9.492 1.03846
0.000 20.483 9.555 1.27334
0.000 21.211 9.599 1.37056
0.125 20.929 9.450 1.65912
0.290 22.920 11.599 1.28620
0.000 23.717 10.879 1.20812
0.000 23.331 10.721 1.37553
0.000 24.557 9.344 1.18219
0.000 21.334 9.804 1.13507
0.000 22.072 12.380 1.15390
0.065 20.990 11.174 1.25822
4.755 18.952 10.651 1.27044
4.670 22.441 12.273 1.27483
0.070 19.717 11.398 1.07152
0.930 20.276 11.149 0.81701
2.195 18.999 11.989 1.11295
0.415 17.778 11.583 1.04128
0.055 22.268 12.113 1.18605
15.890 20.084 12.127 0.80108
1.055 20.204 11.105 1.14147
3.580 20.848 11.963 1.14646
2.200 20.661 11.755 1.17928
10.515 19.483 11.345 1.08042
21.435 22.936 11.987 0.97907
7.185 23.087 13.858 0.94196
26.440 19.391 12.697 0.89956
5.065 18.943 12.452 1.20103
12.920 19.265 11.741 1.21076
3.080 20.277 11.942 1.28350
3.415 22.010 12.890 1.34221
0.085 23.369 13.316 1.81755
0.000 22.190 11.710 1.83675
0.055 23.342 11.845 1.36924
0.000 23.261 11.299 1.17264
0.000 23.629 12.255 1.27741
0.000 24.640 13.706 0.98956
2.110 23.671 14.492 0.72459
0.170 23.432 15.165 0.74837
18.845 22.503 13.451 1.12411
20.420 24.324 13.932 0.80816
0.000 22.785 13.280 0.96959
1.610 23.109 12.210 0.95263
5.345 22.809 12.969 1.42872
1.485 24.972 13.077 1.04929
15.120 22.662 13.007 0.99488
8.425 19.821 11.763 1.19908
11.525 19.308 11.773 1.08138
4.820 19.530 11.621 1.33447
13.135 20.762 12.689 0.59178
2.385 18.763 12.213 0.78536
2.870 19.248 11.767 0.87699
1.530 19.832 12.898 1.08046
1.610 19.076 12.405 0.91270
1.370 19.979 11.377 1.10660
0.600 18.566 11.839 1.46767
24.620 19.990 12.450 1.51712
14.410 19.551 11.629 1.21937
2.190 20.297 11.673 1.18771
1.805 21.190 12.249 1.05577
11.705 21.550 13.197 0.78800
6.245 18.516 12.225 1.20710
1.930 21.783 12.470 0.94362
1.800 22.484 12.787 0.95852
0.640 21.064 12.648 0.88214
0.070 23.437 12.480 0.96904
0.030 24.041 13.007 0.96544
3.405 20.462 11.118 1.05675
0.000 23.409 11.812 1.06088
13.325 24.229 14.155 0.86520
3.515 19.744 13.673 0.69325
5.625 21.579 11.914 1.06309
14.000 21.333 12.735 1.00189
7.445 19.706 11.950 1.04797
28.480 17.847 11.734 0.67009
2.580 24.131 13.026 0.70734
1.275 20.560 11.499 1.03723
0.070 22.795 12.542 0.85229
0.545 23.514 13.287 0.85197
1.660 19.980 12.290 1.00726
8.120 23.208 13.050 1.07778
0.000 23.618 11.885 1.01145
1.050 25.502 12.426 0.89958
31.450 24.054 13.114 0.83155
4.290 22.324 13.584 0.79919
0.085 23.232 12.524 1.05226
1.905 21.576 12.878 0.99772
0.525 22.774 13.272 0.82119
2.385 23.087 13.171 0.94619
0.000 22.444 12.877 1.06462
4.345 21.579 13.790 1.00332
2.005 21.048 12.923 1.02840
0.230 24.044 13.180 1.10216
2.420 23.231 13.761 1.01220
0.470 24.862 13.098 1.07435
0.190 24.071 13.393 0.98585
2.925 21.587 13.298 0.94502
8.005 23.444 13.546 1.00799
10.075 21.906 12.957 0.84375
0.465 23.492 13.704 0.92638
4.150 21.105 13.624 0.82816
38.010 21.402 12.694 0.92452
6.405 23.266 13.582 0.77754
0.530 23.663 14.976 0.93844
13.445 20.632 12.763 1.02687
6.235 23.385 13.553 1.00350
9.880 21.408 12.886 0.98047
11.165 22.840 13.488 1.00520
12.105 21.136 11.650 1.13265
15.045 18.790 9.173 1.57355
11.950 16.919 8.336 1.26765
10.535 15.382 6.580 1.32786
10.420 15.381 6.645 1.01650
20.540 14.214 9.304 0.69254
16.535 15.916 5.999 1.02421
1.205 21.257 7.112 0.77273
0.425 20.034 8.431 0.80624
0.230 18.866 9.813 0.76035
2.315 20.244 11.642 0.93705
0.005 18.102 10.722 0.89197
0.130 18.059 10.251 1.04987
0.340 21.210 11.015 0.89851
0.830 18.041 10.566 1.08410
0.820 20.237 11.064 1.12792
0.085 20.189 10.570 1.24468
0.095 20.927 11.469 1.17936
8.320 19.624 11.829 0.81731
19.650 21.351 11.716 0.83356
0.410 20.694 11.594 0.79514
2.030 19.344 11.661 0.95098
0.015 20.962 10.736 1.17052
0.030 21.898 10.118 1.01834
21.310 19.149 7.532 1.36257
0.135 15.338 7.451 0.92178
0.040 18.101 8.398 1.17275
0.000 17.775 9.055 1.28704
14.295 16.332 9.608 0.91924
24.830 13.743 6.416 0.80439
3.690 12.870 6.416 0.86930
0.615 16.534 7.646 0.96065
6.105 17.838 7.886 1.27396
0.000 20.421 8.092 1.01787
0.000 20.100 8.416 0.88955
0.300 18.631 8.175 1.32885
0.070 17.956 6.692 1.16852
0.060 19.863 7.050 0.91139
2.275 16.077 8.765 0.94747
0.020 18.010 8.088 1.18121
0.070 19.856 5.985 0.92075
0.000 20.044 4.988 0.97899
0.000 19.542 3.648 0.99708
0.000 19.072 3.518 1.16239
0.000 19.319 3.590 0.89759
0.000 18.217 3.964 1.04942
0.000 17.972 4.431 1.08280
0.000 17.673 3.464 0.97563
0.000 18.111 3.649 0.81052
0.020 15.860 4.802 0.83185
0.000 14.393 5.048 1.22973
0.000 14.838 4.279 1.31958
0.000 16.069 3.040 1.34467
0.270 15.393 1.935 1.24576
0.000 17.811 1.959 0.80119
0.000 15.493 4.119 0.98583
0.000 16.195 4.182 0.97526
0.000 15.419 2.457 1.17143
0.000 16.455 2.031 1.10090
0.000 15.935 1.960 0.83609
0.000 15.731 1.502 1.07509
0.000 15.307 1.563 1.15700
0.000 14.932 2.597 1.14981
0.000 14.777 1.094 1.35157
0.000 14.749 -0.076 1.31020
0.000 15.756 -0.110 0.99607
0.000 14.677 2.764 1.25208
0.000 15.178 1.270 1.18271
0.000 14.361 0.007 1.09785
0.000 13.783 0.017 1.09228
0.015 13.503 0.895 0.97942
0.000 14.473 1.102 0.91393
0.000 14.093 3.289 1.06339
0.000 13.791 2.003 1.48643
0.000 13.737 1.984 0.88855
0.000 14.140 1.536 0.83495
0.075 13.386 1.478 0.84625
0.000 11.920 1.625 0.88285
0.000 10.317 1.535 0.95758
0.370 11.747 0.419 0.99706
0.000 13.565 0.247 0.88623
0.015 12.208 1.896 0.92239
0.130 14.319 1.979 0.86496
1.270 7.560 -1.767 0.71979
0.000 12.801 -1.836 0.86816
0.000 12.143 -0.941 1.04734
0.000 11.710 -2.943 1.13240
0.000 14.767 -3.162 0.96707
0.000 13.034 -1.594 0.92881
0.000 12.404 -0.890 1.12483
0.000 11.965 -1.045 0.79125
0.000 11.386 -0.826 0.82053
0.000 12.444 -1.392 0.98007
0.000 14.936 -1.611 0.80091
0.000 11.779 -0.118 0.99180
0.000 14.819 -0.838 0.93782
0.000 14.056 -0.848 0.88231
0.000 11.984 -2.884 1.14333
0.000 16.022 -3.033 0.81049
0.030 11.958 -0.706 0.91826
0.000 12.282 -0.849 1.02396
0.000 11.183 -2.765 1.10644
0.035 14.888 -3.084 1.16478
0.000 13.207 -2.710 1.44654
0.000 10.769 -2.496 1.52929
0.000 9.713 -2.708 1.35748
0.000 9.726 -3.657 1.41902
0.000 10.828 -3.745 1.24050
0.000 10.693 -3.016 1.44377
0.000 11.158 -3.049 1.45322
0.000 9.666 -1.230 1.42775
0.000 7.885 -3.782 1.54841
0.000 11.006 -3.215 1.32693
0.000 11.773 -2.987 1.55092
0.000 12.517 -1.895 0.87888
0.000 11.893 -0.694 0.98898
0.000 13.414 -1.180 1.49843
0.005 14.670 -1.404 1.64906
0.000 15.176 -1.291 1.50469
0.000 13.800 -1.812 1.57539
0.000 15.284 -1.844 1.11182
0.000 14.453 -0.572 1.27577
0.000 12.511 -0.664 1.29614
0.000 11.597 -1.160 1.19722
0.025 10.807 -1.176 1.13787
0.245 8.430 -2.841 1.42493
0.755 8.811 -2.894 1.26463
0.000 6.309 -4.095 1.33592
0.000 10.529 -4.137 1.11021
0.015 10.105 -2.364 1.01834
0.150 11.433 -1.862 1.29992
0.000 11.777 -2.299 1.48495
0.000 11.543 -2.338 1.68410
0.000 10.533 -1.755 1.49769
0.000 10.061 -1.365 1.45496
0.000 8.948 -1.892 1.55015
0.015 8.855 -3.474 1.72090
0.030 12.237 -3.445 1.36852
0.005 11.850 -2.172 1.36489
0.000 9.964 -3.745 1.96253
0.000 11.521 -3.762 1.74746
0.000 11.785 -3.414 1.80090
0.000 11.490 -2.935 1.81039
0.000 11.763 -2.889 1.67552
0.000 12.260 -1.612 1.66713
0.000 14.563 -0.488 1.52072
0.000 15.042 -0.129 1.68022
0.045 15.203 0.176 1.94822
0.000 13.200 -0.809 2.03163
0.000 12.394 -1.994 1.63704
0.000 12.823 -1.972 1.41805
0.000 12.235 -1.545 1.57505
0.000 10.842 -1.394 1.58261
0.000 11.116 -1.778 1.50112
0.000 13.040 -1.636 1.51278
0.000 13.110 -1.926 1.72042
0.000 14.315 -1.835 1.43063
0.000 16.150 -1.365 1.33807
0.000 13.024 0.232 1.60599
8.840 11.230 0.725 2.27141
2.010 10.148 -0.200 1.97828
0.000 11.979 -0.018 1.90469
0.020 11.882 1.137 2.15574
0.000 13.219 2.850 2.01421
0.000 14.546 2.706 2.08376
0.000 14.911 2.704 2.17625
0.000 15.157 2.663 2.33858
0.340 14.198 1.743 2.28917
0.000 14.721 1.599 2.00098
0.565 12.976 0.094 1.95198
0.000 15.987 -0.625 1.63752
0.000 15.786 -0.228 1.86519
0.000 14.960 1.057 1.89613
0.000 15.333 0.975 1.63557
0.000 14.651 0.667 1.57043
0.505 15.424 1.059 1.74063
3.355 14.239 2.567 1.66499
21.335 13.481 2.755 1.43962
1.390 7.350 -4.614 1.74274
2.580 9.807 -4.218 1.29125
22.000 14.161 3.519 2.06152
0.290 13.584 2.086 2.01302
0.185 15.312 2.871 2.04350
0.000 15.663 3.523 2.22570
0.000 16.782 3.795 2.01020
0.385 16.114 3.756 1.64429
0.005 16.143 4.144 1.42580
0.080 14.704 2.616 1.31641
0.335 18.514 3.243 1.46841
0.035 16.077 2.789 1.80178
0.000 16.243 2.111 1.61654
0.000 18.391 3.022 1.32264
0.135 17.665 5.420 1.29811
0.000 17.275 4.670 1.59944
1.340 15.888 4.085 1.91173
0.045 14.939 4.880 1.99732
0.770 16.275 5.007 1.71032
12.035 14.999 4.060 1.54590
8.860 9.348 2.856 0.73480
1.875 9.400 2.371 1.28319
0.000 13.529 0.329 1.73421
0.000 14.668 1.785 1.52540
0.000 14.071 3.417 1.81553
1.305 15.137 4.053 1.92421
0.000 16.367 5.068 1.92882
0.000 17.920 6.037 1.93052
0.000 18.137 5.225 1.51266
0.000 16.369 4.215 1.09565
0.000 18.182 3.434 1.27639
0.625 16.523 2.965 1.47176
0.000 15.560 1.822 1.95796
0.000 18.143 2.895 2.01039
5.695 17.465 4.558 2.45835
0.075 18.186 5.434 2.40911
0.000 18.726 6.580 2.13673
2.910 19.583 7.732 2.14273
0.000 19.376 7.433 1.94578
0.000 19.085 6.250 1.61881
0.000 19.262 5.559 1.51968
0.000 19.700 5.998 1.68514
0.000 19.687 6.344 1.74777
0.000 19.750 6.771 1.62822
0.000 19.733 7.590 1.73754
0.155 19.456 7.415 1.79401
0.005 21.867 8.786 0.91470
0.300 22.008 7.821 1.34697
0.000 19.683 6.739 1.76010
0.000 19.671 6.366 1.67393
0.015 20.486 7.482 1.57990
0.740 20.375 8.699 1.41944
2.455 20.372 8.717 1.46227
5.985 18.122 6.743 1.24115
0.215 18.876 7.678 1.65051
1.265 19.103 5.877 1.91495
0.000 19.079 5.775 2.16150
0.000 20.643 6.258 1.93061
2.690 20.731 6.865 1.52877
1.030 20.249 7.768 1.45982
0.020 16.459 6.981 1.46004
0.000 20.317 6.804 2.08912
0.000 20.631 8.894 1.57340
0.505 16.812 7.074 1.24490
1.200 19.726 8.359 1.72647
0.000 20.402 7.937 1.40581
0.000 21.042 8.169 1.82767
0.015 21.809 8.271 1.76686
0.000 22.059 7.804 2.02272
0.000 22.345 7.103 2.14921
0.000 21.275 7.208 1.93909
0.000 21.952 7.134 1.72977
0.045 20.379 7.857 2.11660
0.045 21.728 9.374 2.08703
2.095 22.875 8.504 1.63151
0.175 21.566 9.104 1.69493
0.000 22.677 9.218 1.57928
0.000 22.295 9.342 1.61590
0.000 22.889 8.182 1.58577
0.000 22.362 8.240 1.73442
0.000 23.870 9.541 1.54697
0.135 23.117 10.720 1.56868
0.000 24.181 10.805 1.52951
0.000 25.028 10.675 1.58060
0.000 26.132 10.829 1.71619
0.000 26.582 12.169 1.56237
0.000 27.670 13.449 1.21147
0.000 28.545 11.504 1.30847
0.000 28.213 11.517 1.54448
1.915 26.555 13.099 1.28922
0.000 26.293 12.381 1.51457
0.000 27.269 10.795 1.55232
0.000 26.688 11.310 1.59094
0.000 28.001 12.098 1.40915
0.165 26.573 13.251 1.05291
0.000 25.981 12.247 1.26824
0.000 27.661 12.956 1.37410
0.000 27.662 13.212 1.28455
1.230 26.127 13.212 1.25369
0.460 24.270 13.837 1.27190
11.775 25.428 13.083 1.37268
0.770 26.816 14.387 1.39846
2.995 27.698 15.192 1.15567
10.340 20.910 13.659 0.66461
0.000 24.288 15.036 0.92701
8.030 24.879 14.624 0.94793
0.570 21.425 13.118 1.18925
4.200 21.962 13.177 1.10528
6.075 24.047 12.990 1.23682
0.835 22.062 11.731 1.09500
0.240 22.962 12.122 1.06931
0.550 22.808 12.599 1.11027
0.035 25.318 13.390 1.25092
15.425 21.462 11.638 1.10997
0.000 26.057 12.707 1.01769
0.000 25.653 12.897 1.33494
55.090 25.318 13.883 1.07383
5.200 20.534 13.105 0.92881
0.870 24.122 13.677 1.22138
7.760 25.602 13.543 1.27780
0.785 25.563 13.714 1.41299
5.195 24.544 13.787 1.32616
1.530 23.333 12.888 1.26487
2.435 25.724 12.934 1.30804
1.350 25.350 13.797 1.33197
1.480 25.436 13.773 1.50849
0.965 25.549 14.257 1.59446
0.510 20.904 12.144 1.50558
1.935 21.715 13.050 1.39152
17.320 20.153 12.414 0.86481
12.080 19.776 12.201 0.85940
16.380 21.405 12.616 1.02174
24.145 23.427 12.439 1.04349
5.545 23.424 12.720 1.28769
0.000 22.846 12.400 1.45275
0.115 22.425 13.293 1.47016
1.640 20.990 13.246 1.11430
2.110 21.766 13.453 0.55471
0.120 24.010 14.050 0.96548
18.840 21.276 14.065 0.77006
8.795 22.364 13.630 1.01770
0.110 24.316 13.785 0.93506
2.305 21.460 13.313 0.95912
3.770 21.664 13.503 0.86816
0.000 23.702 13.724 1.01407
0.340 22.877 14.109 1.07001
16.030 21.864 13.146 1.11375
6.890 25.149 14.333 0.91848
1.435 25.026 14.526 0.79403
0.000 25.564 14.003 0.88019
0.690 25.804 13.816 1.31182
13.470 23.891 14.479 1.16695
21.320 22.695 13.905 1.08733
41.020 23.389 14.094 0.89808
16.175 19.257 12.547 0.99912
3.980 20.652 13.664 0.96623
13.740 23.380 12.662 1.11742
11.635 24.234 13.619 1.10430
7.735 22.228 13.724 1.16720
22.570 21.707 13.378 0.93693
21.455 22.954 13.750 0.88235
0.560 24.558 13.914 1.04446
0.045 23.974 14.565 1.01345
8.130 21.809 13.105 0.74098
3.845 22.014 13.547 0.48729
3.020 21.712 14.275 0.78018
0.275 21.659 13.129 1.11118
0.055 23.512 12.791 1.14445
2.730 23.449 12.578 1.32022
1.505 22.954 12.913 1.52723
0.055 21.187 12.493 1.27902
0.370 22.042 12.928 1.18528
3.115 20.524 12.867 0.95371
1.325 19.916 13.241 0.96360
0.415 20.997 13.187 0.81803
0.580 21.274 12.568 0.96526
0.605 20.214 12.268 1.03644
8.620 23.168 11.938 1.19948
15.225 23.448 12.918 0.72995
0.950 20.620 12.650 0.87462
1.710 23.472 12.573 1.01014
4.495 24.552 13.141 0.87416
4.360 21.750 11.682 1.09128
0.000 22.857 9.880 0.94652
0.145 22.581 11.510 0.83115
0.920 19.141 11.887 0.92200
0.455 20.158 12.276 0.84132
11.235 20.448 9.955 0.81567
0.085 20.227 9.489 1.20359
0.000 23.285 10.348 0.78711
1.265 22.565 10.584 0.90462
0.335 22.950 11.250 0.75200
0.110 22.525 11.456 0.77988
0.000 20.708 10.621 0.78192
0.080 22.650 11.246 0.90940
0.345 22.115 11.499 0.87485
15.950 22.043 12.132 0.74968
17.410 19.867 12.147 0.65390
0.595 21.634 10.452 0.90419
0.950 21.725 11.767 1.39179
0.715 21.663 12.176 1.05091
0.590 22.881 11.765 1.05074
14.000 22.204 11.637 0.92168
32.840 21.472 11.224 0.95693
0.125 22.223 11.852 0.88373
5.275 23.338 12.689 0.78739
2.505 21.968 12.904 0.73942
1.145 20.976 10.641 1.05711
0.000 22.658 11.492 0.89222
0.150 19.457 12.201 0.98664
0.000 19.109 11.239 0.88871
0.020 19.750 11.343 0.95030
2.100 21.015 11.169 0.97854
1.425 21.112 10.927 0.90189
0.400 20.678 10.750 0.96696
0.035 21.300 9.955 0.98216
0.075 21.669 10.125 1.00583
2.930 16.956 7.183 1.32034
0.245 17.856 7.578 0.94307
0.000 19.386 8.996 0.81984
0.345 19.947 9.409 0.84572
0.000 20.634 8.767 1.07822
0.000 20.817 9.155 1.05100
0.020 19.527 9.759 0.91502
0.000 20.283 10.045 1.15194
0.120 19.715 10.174 1.06821
3.005 19.776 10.033 0.97835
0.905 18.417 9.387 0.76287
0.000 18.037 9.334 0.94646
0.000 18.913 9.184 1.01874
0.000 19.874 9.430 0.90713
0.905 19.301 8.643 1.13932
2.815 18.083 8.931 1.10564
41.015 13.448 6.773 1.05382
1.990 16.600 5.009 1.09806
0.505 17.963 5.155 1.00904
0.000 16.208 6.740 1.20247
0.770 15.199 6.795 0.91940
7.110 15.862 5.111 0.85858
0.035 15.838 5.074 0.97977
0.000 14.069 5.280 1.07881
0.000 15.189 5.371 1.24866
0.165 15.779 5.415 1.06458
0.000 17.326 5.448 0.99496
0.000 18.864 5.782 0.99254
0.000 18.289 5.799 1.12168
0.000 18.308 3.020 1.22452
0.000 18.128 2.803 1.13261
0.000 17.618 3.704 1.13177
3.640 15.440 3.466 0.94745
1.160 13.904 0.815 1.02014
0.000 16.110 0.261 1.40832
0.000 17.697 0.270 0.98461
0.000 16.480 0.637 1.18193
0.000 16.224 1.127 0.91105
0.000 15.622 1.281 0.93192
0.000 15.717 1.386 1.03222
0.000 15.145 2.652 1.25425
0.000 15.239 2.237 1.32083
0.000 15.033 0.563 1.24380
0.010 14.788 0.529 1.07692
0.000 14.540 2.533 1.11773
0.000 14.633 2.528 1.00460
0.000 14.068 3.999 1.19761
0.000 13.326 2.810 1.33454
0.050 12.885 -0.315 1.23564
0.000 13.686 -0.399 1.12193
0.000 14.253 -0.810 1.13667
0.000 13.879 -1.177 1.40938
0.000 15.401 -0.818 1.01155
0.000 14.205 -0.397 1.40747
0.000 13.791 -0.450 1.31374
0.000 13.664 -0.269 1.32884
0.000 14.738 0.340 1.37220
0.000 16.292 0.341 1.00949
0.000 15.206 2.342 1.43979
0.000 14.344 -0.473 1.24652
0.000 14.513 -0.691 0.96372
0.000 14.184 0.307 0.98955
0.000 13.523 -0.650 1.24163
0.000 13.277 -0.757 1.25884
0.000 14.189 -0.510 1.15422
0.000 14.041 0.017 1.12025
0.000 14.623 0.325 0.99163
0.000 14.031 0.611 1.04935
0.000 14.205 0.679 0.94685
0.000 13.520 0.516 1.24277
0.000 14.751 -0.048 1.16784
0.000 14.790 0.362 0.99070
0.000 14.177 -0.840 1.31318
0.000 14.123 -1.027 1.28538
0.000 14.473 -1.072 1.08709
0.000 12.061 -1.215 0.90582
0.665 12.201 0.021 0.84616
0.015 10.934 2.057 0.93301
0.245 11.838 0.556 1.10960
1.390 9.999 0.784 0.78254
0.565 11.346 -0.374 1.09577
0.000 9.747 -3.093 1.10175
0.000 12.927 -3.046 1.00677
0.000 11.448 -2.309 1.38073
0.000 12.895 -2.279 1.20383
0.000 14.514 -2.020 1.33846
0.000 16.067 -1.468 1.36346
0.000 15.989 -1.265 1.47013
0.000 15.046 -1.539 1.56232
0.000 16.403 -1.376 1.50978
0.000 15.418 -0.172 1.36729
0.000 14.919 0.043 1.31981
0.000 14.784 -0.917 1.62505
0.000 14.898 -0.887 1.43571
0.000 14.040 -1.108 1.47792
0.000 14.115 -2.225 1.38675
0.000 12.893 -2.229 1.61613
0.000 12.926 -2.174 1.45898
0.000 11.460 -1.471 1.60480
0.000 10.672 -1.836 1.43207
0.000 11.739 -2.586 1.41241
0.000 11.744 -3.459 1.49700
0.000 13.239 -3.475 1.44257
0.000 10.925 -2.838 1.76500
0.000 13.517 -2.732 1.66707
0.000 14.378 -2.096 1.42311
0.000 13.980 -2.938 1.47446
0.000 13.516 -2.906 1.51509
0.000 14.056 -1.932 1.42656
0.000 13.581 -1.486 1.49921
0.000 12.985 -1.439 1.38326
0.000 13.438 -1.000 1.07599
0.000 12.827 -2.997 1.59001
0.000 14.993 -2.885 1.36884
0.000 15.565 -2.256 1.54349
0.000 17.883 -2.106 1.26676
0.000 18.995 0.322 0.89664
0.000 16.929 -1.176 1.45239
0.000 17.221 -1.079 1.54357
0.000 16.951 -0.496 1.11807
0.000 13.946 0.464 1.48081
0.000 13.347 -2.092 1.46652
0.000 16.137 -2.098 1.14514
0.000 16.083 -0.115 1.39490
0.000 14.665 -0.093 1.37748
0.000 15.258 0.250 1.45880
1.665 14.567 -1.220 1.40094
0.000 14.693 -1.420 1.29221
0.000 14.864 -1.788 1.36250
0.000 14.766 -1.441 1.71253
0.000 12.822 -0.832 1.90529
0.000 13.330 0.053 1.85412
0.000 13.063 0.976 1.57135
0.000 10.439 1.164 1.65913
0.345 12.917 -0.167 1.50354
0.000 14.925 0.014 1.61313
0.000 16.807 0.681 1.53529
0.000 16.026 3.753 1.61080
0.085 15.349 3.112 1.26014
0.140 15.924 3.403 1.51905
0.295 15.172 3.175 1.69225
0.000 17.457 3.421 1.49033
0.000 17.010 3.914 1.79033
0.000 15.637 3.273 1.97900
0.000 14.982 3.711 1.95358
0.000 15.624 2.290 1.92465
0.060 16.828 1.126 1.56887
0.000 15.123 0.670 1.96670
0.000 16.541 -0.352 1.86431
0.205 16.141 0.432 1.72517
0.145 14.872 0.902 1.59717
0.000 16.598 0.445 1.79856
0.000 18.465 0.816 1.36898
0.000 19.726 1.027 1.46700
0.000 19.216 1.772 1.89133
0.000 18.158 4.034 2.26442
1.630 15.896 3.660 1.81940
0.000 15.481 3.087 1.49035
0.460 15.938 3.526 1.80967
0.000 16.502 2.778 1.98988
0.000 18.466 3.741 2.01542
0.000 17.937 3.382 1.73887
0.320 18.455 2.696 1.53274
0.000 18.376 2.766 1.48161
0.000 18.214 1.547 1.74561
0.000 18.791 2.694 1.68393
0.000 17.397 2.895 1.93219
0.000 17.112 3.602 1.76145
0.000 17.737 3.250 1.73598
0.000 18.950 3.786 1.76759
0.000 19.476 4.811 2.19066
0.000 17.883 5.912 1.83772
0.000 20.094 4.985 1.76094
0.000 19.659 4.543 1.73082
0.085 18.340 3.961 1.64965
0.000 18.404 1.287 1.85629
0.000 21.443 3.083 1.70829
0.000 19.973 4.301 1.81500
0.000 17.440 4.972 2.13755
0.940 17.354 5.497 1.69226
0.130 17.764 5.192 1.82838
0.000 16.422 4.566 1.21616
0.020 19.381 4.607 1.65815
0.170 19.098 4.825 1.93391
0.000 17.823 4.832 2.03116
5.625 20.174 6.975 2.31960
30.445 20.901 8.187 2.79935
1.670 21.614 8.028 2.29764
0.370 21.457 7.533 2.13052
9.385 19.116 7.432 1.90287
0.000 21.660 8.316 2.03081
0.000 21.787 7.292 1.95313
0.000 20.560 7.457 2.04318
1.445 19.301 8.403 0.95887
1.575 19.000 8.165 1.24469
0.000 20.787 6.321 1.73425
0.000 20.005 5.384 1.84844
0.000 20.995 5.598 1.72694
0.000 21.232 7.450 1.48604
0.000 21.098 6.320 1.76766
0.000 21.738 6.969 1.67388
0.005 20.210 6.643 1.82015
0.045 21.753 8.788 1.55765
0.135 14.901 5.396 1.00216
2.690 18.730 5.507 0.98164
0.090 15.618 4.198 1.12700
0.000 25.033 6.766 1.12008
0.000 25.334 9.230 1.22796
0.000 23.915 8.527 1.46234
0.000 22.523 9.610 1.89093
0.000 23.321 8.648 1.89963
0.000 22.711 9.594 1.54333
0.165 21.948 9.707 1.52056
0.000 21.882 8.993 1.62647
0.000 24.817 10.710 1.43732
1.200 20.177 10.631 1.16637
0.410 21.752 10.009 1.50892
0.130 20.648 10.058 1.28163
4.360 12.139 2.276 2.15208
8.965 11.771 2.521 1.84887
1.850 13.356 1.416 1.55605
0.000 22.008 4.984 1.31514
0.015 24.453 7.938 0.97963
1.150 24.235 8.724 1.18975
0.000 24.989 10.525 1.36960
0.000 23.680 10.523 1.29474
2.525 21.274 11.115 0.78984
2.545 19.273 10.446 0.76593
0.000 21.942 11.358 0.99749
0.000 22.384 11.998 1.15795
0.060 23.740 13.082 1.03105
2.860 18.972 11.426 0.94901
1.540 19.835 10.060 1.59239
2.650 19.864 10.952 1.51394
23.815 18.281 10.979 1.30935
41.125 20.073 11.187 1.61664
10.530 18.995 10.003 1.19134
0.060 22.178 11.692 1.30360
0.360 21.831 11.412 1.28665
0.000 24.095 12.135 1.48104
0.000 24.182 11.944 1.75053
0.115 24.575 12.492 1.83292
2.005 23.855 12.332 1.75132
0.125 25.463 12.750 1.61121
1.095 23.594 13.490 1.65316
3.470 19.999 12.161 1.44978
7.780 19.350 11.599 1.04500
3.390 22.375 12.343 1.96845
0.100 22.515 11.602 1.61918
0.000 22.045 10.405 1.51327
0.000 22.759 11.260 1.23685
0.000 22.655 10.244 1.73727
0.000 23.432 11.203 1.61080
0.000 25.106 12.391 1.01543
0.160 25.062 13.085 0.97610
5.470 24.225 13.439 1.04700
0.000 24.283 13.649 1.05920
2.790 23.755 12.655 1.24388
0.000 24.981 12.903 1.21969
22.665 23.123 12.319 0.97523
15.190 22.938 13.063 0.78538
7.790 22.935 12.919 0.85667
2.965 22.998 12.798 1.10461
8.580 24.172 11.784 1.37843
0.000 24.522 13.076 1.38602
0.000 24.832 13.017 1.52702
7.190 25.516 14.097 1.12168
25.560 22.873 13.704 1.08663
9.815 23.660 14.129 1.19057
0.260 24.376 13.330 1.29209
11.505 22.499 14.146 1.16787
0.565 25.163 14.687 0.66562
2.175 23.881 14.308 1.21953
2.865 23.679 13.195 1.43106
21.990 23.318 14.508 0.78268
10.780 23.377 14.309 0.73124
16.190 24.243 12.781 1.16823
1.250 25.965 14.499 0.91347
0.275 23.525 15.133 0.91897
5.075 23.842 15.422 0.72820
6.695 23.749 14.473 0.94633
0.000 23.512 13.146 0.73983
0.000 27.818 15.245 0.85173
17.530 26.340 15.492 0.95414
8.700 25.151 15.053 0.92769
3.945 23.017 13.543 1.27083
0.000 24.982 14.765 0.98777
6.075 24.011 13.737 1.16478
7.295 22.529 13.108 1.15398
19.085 23.013 13.602 1.09191
8.765 22.423 12.041 0.74464
0.145 21.574 12.185 1.24043
17.935 25.319 12.205 0.93754
0.000 25.318 11.834 0.84717
0.185 24.974 11.868 0.93531
1.600 25.784 12.972 0.90263
22.696 23.192 13.600 1.06637
4.110 23.601 13.012 1.09811
2.635 22.164 13.465 0.92058
0.130 22.840 12.033 0.99127
1.025 23.863 11.809 0.99377
0.065 25.239 11.707 0.72763
0.105 25.643 12.390 0.75959
2.380 25.474 13.638 0.82627
1.515 24.202 13.239 0.64517
13.820 24.970 13.187 1.06636
1.005 23.215 12.649 1.15385
0.020 25.317 13.404 0.82389
2.400 26.424 13.498 0.73549
2.860 24.173 13.870 0.87543
0.895 25.043 13.391 0.84647
7.290 22.928 11.663 1.00201
1.655 25.956 13.563 0.92466
0.135 25.713 13.664 0.81988
0.225 24.462 14.764 0.80246
16.935 21.280 12.782 0.73329
7.605 24.488 13.341 0.99899
0.055 25.441 14.061 1.16682
0.540 23.512 14.471 0.88087
18.020 19.517 12.258 1.05425
4.870 23.308 13.427 0.92956
18.990 18.761 11.746 0.69270
0.000 22.622 12.986 1.00183
0.000 21.139 12.594 1.07307
0.470 23.792 12.839 1.00653
5.130 22.416 12.766 1.00798
0.000 23.849 12.865 0.98348
0.045 22.508 12.312 0.90961
0.000 24.455 12.567 0.97032
0.000 26.118 12.453 0.81240
0.040 26.286 12.966 0.85368
0.000 24.937 12.280 1.09841
7.630 25.328 13.688 0.99622
2.970 19.897 11.809 0.61888
0.000 23.748 12.341 1.07170
4.805 23.408 12.373 1.29121
39.555 22.955 10.588 1.01083
1.495 18.686 9.465 1.23901
7.935 15.460 9.874 0.95003
0.000 18.925 10.414 1.02038
0.280 17.822 10.871 0.99661
0.000 19.513 10.858 1.00709
0.075 20.649 11.394 0.92520
0.100 20.902 11.409 0.83004
1.130 21.059 11.256 0.89976
0.080 21.908 10.723 0.99023
22.270 21.927 8.268 0.91787
0.150 21.189 8.451 1.26603
0.000 22.258 8.659 1.01548
0.000 22.625 9.804 0.84609
0.575 19.836 11.148 0.84064
1.075 22.258 10.820 0.97030
0.000 23.026 10.852 0.97007
0.000 23.305 11.352 0.89948
0.045 23.428 11.712 0.87751
1.860 20.762 10.694 0.82578
1.300 22.199 11.311 0.94357
0.000 22.919 12.188 0.93115
0.000 21.649 12.574 0.76747
0.285 20.827 11.752 0.74343
0.000 21.249 11.396 0.96369
1.210 22.376 12.022 0.97165
0.935 20.186 11.166 0.98612
1.680 17.079 10.916 0.98835
4.855 17.889 10.914 0.72947
0.455 20.341 9.048 0.85727
3.495 21.838 9.272 1.01502
0.335 16.158 6.754 0.89834
0.000 19.373 7.309 1.05090
3.535 18.711 8.068 0.90763
0.195 18.808 8.700 0.83140
0.000 19.908 7.379 1.09788
0.000 20.296 6.998 1.12726
0.000 19.388 4.832 1.19720
0.000 19.778 5.345 1.35725
0.000 20.840 5.834 0.98987
0.155 19.259 6.422 1.13779
0.940 18.760 7.581 0.76795
4.010 15.275 8.615 0.82861
0.955 14.153 7.248 0.72267
0.430 16.369 5.936 0.78001
0.000 18.533 5.590 1.02470
0.195 17.859 5.712 0.86290
0.000 16.548 5.171 0.72140
0.000 18.310 5.356 0.84941
0.025 17.763 5.649 1.14203
0.405 17.297 5.752 0.86355
0.000 18.537 4.484 1.16208
0.440 19.035 4.561 0.98714
0.320 20.224 5.960 0.74959
0.290 14.276 5.805 0.81885
0.000 18.453 4.787 1.02311
0.000 19.293 4.784 0.94066
0.000 18.181 6.337 1.22713
0.000 16.164 5.648 1.06880
0.000 12.800 3.234 0.91655
0.840 14.231 3.243 0.73771
0.475 14.277 3.655 0.99012
0.015 17.689 3.655 1.20689
0.000 19.614 4.147 0.88757
1.675 16.104 6.563 0.83652
0.390 14.916 5.035 1.14779
0.070 18.793 4.553 1.12473
0.010 17.514 2.671 0.98158
0.000 16.749 1.490 1.43159
0.010 14.900 0.701 1.22984
0.000 15.537 -0.104 1.43499
0.000 16.039 -0.168 1.13353
0.330 13.431 1.314 1.17893
0.000 11.348 -0.498 1.23381
0.000 12.606 -0.793 1.34809
0.000 14.489 -0.839 1.16124
0.000 13.848 0.017 1.38656
0.075 13.038 -0.922 1.47916
0.000 12.907 -1.114 1.51550
0.000 12.657 -1.704 1.46555
0.000 11.848 -1.783 1.27978
0.000 12.204 -2.168 1.53045
0.000 13.889 -1.671 1.16650
0.000 14.912 -0.975 1.21907
0.000 14.853 -0.270 1.23040
0.000 14.112 -1.478 1.21224
0.000 15.510 -0.824 1.04345
0.000 15.334 0.267 1.20453
0.000 15.734 -0.376 1.36408
0.000 15.099 -1.337 1.55802
0.000 15.222 -1.358 1.36430
0.000 14.540 -0.334 1.22255
0.000 13.994 0.420 1.14222
0.000 13.818 -0.096 1.44708
0.000 14.634 -0.154 1.42456
0.000 12.916 -0.350 1.35126
0.000 11.970 -1.106 1.17108
0.000 13.019 -1.117 1.12024
0.000 14.886 -2.266 1.03925
0.000 13.240 -2.250 0.97651
0.000 13.808 0.162 1.23281
0.000 12.042 1.378 1.06955
0.000 7.956 -2.702 0.93650
0.000 12.557 -2.809 0.66072
0.000 12.877 -1.573 0.90451
0.000 12.974 -1.826 1.16326
0.000 12.694 -2.748 1.29402
0.000 13.788 -2.743 0.93289
0.000 12.929 -2.659 1.36095
0.000 14.286 -2.620 1.03097
0.000 12.373 -1.693 1.05591
0.000 8.693 -0.741 0.97353
0.000 11.083 -1.671 1.16700
0.000 10.171 -1.672 1.23344
1.175 10.789 -1.348 1.22857
0.000 11.054 -3.491 1.37944
0.000 11.918 -3.804 1.52349
0.015 13.267 -3.726 1.13151
0.000 14.094 -1.089 0.91040
0.000 14.119 -0.177 1.03898
0.000 14.375 -0.507 1.12330
0.000 14.214 -0.578 1.34659
0.000 12.916 -0.553 1.23749
0.000 12.535 -1.040 1.14640
0.000 12.822 -2.377 1.56167
0.000 13.108 -2.546 1.61103
0.000 12.873 -1.654 1.44634
0.000 12.097 -1.319 1.63615
0.000 11.225 -2.045 1.56377
0.060 10.813 -2.382 1.47015
0.000 9.598 -2.408 1.40176
0.105 9.296 -2.429 1.24982
0.000 9.788 -2.491 1.15187
0.000 10.018 -2.711 1.39439
0.000 10.483 -2.684 1.34629
0.000 11.062 -2.561 1.41686
0.000 10.583 -2.288 1.53771
0.000 12.124 -2.156 0.96513
0.000 15.060 -1.053 1.08002
0.000 14.998 -0.707 1.25541
0.000 13.810 -3.638 0.93543
0.150 12.711 -3.644 0.98634
0.000 9.411 -2.269 0.96088
0.000 11.620 -1.339 1.22499
0.000 12.731 -1.318 1.04103
1.855 10.164 -4.442 1.24452
2.000 2.862 -5.709 1.47006
0.035 5.638 -5.635 0.83897
0.000 8.915 -3.074 1.15658
0.000 10.233 -2.217 1.38212
0.000 10.004 -1.564 1.29705
0.050 8.252 -2.547 1.37736
0.000 10.954 -2.501 1.17516
0.015 10.623 -2.106 1.03438
0.000 10.817 -3.729 1.45992
0.000 15.442 -3.625 1.26783
0.000 16.141 -1.842 1.59379
0.000 13.213 -1.690 1.84300
0.015 12.645 -0.615 1.54464
1.875 9.428 -1.056 1.02551
0.000 9.349 -2.385 1.72857
0.375 9.843 -3.335 1.57238
0.000 9.516 -3.285 1.49329
0.000 11.196 -3.136 1.47199
0.000 10.874 -2.868 1.52362
0.000 12.341 -2.695 1.43978
0.000 15.070 -2.899 1.28901
0.000 17.053 -2.567 1.21117
0.000 15.896 -0.923 1.56551
0.000 16.311 -0.479 1.31244
0.000 16.614 0.443 1.47021
0.000 15.636 0.045 1.42915
0.000 13.893 -1.899 1.69224
0.000 16.006 -1.543 1.38415
0.000 15.353 -0.338 1.57767
0.060 13.922 0.588 1.79343
0.000 13.669 -1.686 1.98272
0.000 16.858 -0.986 1.50787
0.000 16.263 0.783 1.49398
0.000 16.261 0.280 1.62632
0.000 15.884 -0.175 1.81222
0.000 15.888 -0.790 1.50313
0.000 16.104 -1.218 1.72574
0.000 16.912 -0.444 1.62728
0.000 16.726 -0.068 1.88570
0.000 17.985 0.269 1.75180
0.000 18.689 0.769 2.07168
0.000 18.451 1.714 2.08398
0.000 17.159 2.816 2.11772
0.335 16.033 1.880 1.87004
0.575 15.678 -0.624 1.76218
0.000 17.831 0.022 1.67167
0.000 20.172 2.110 1.63982
0.000 20.915 1.636 1.55593
0.000 18.892 2.640 1.83191
0.000 17.179 2.682 1.94289
0.000 17.202 3.460 1.72855
0.030 19.042 5.301 1.80269
0.000 19.340 4.554 2.06615
0.000 19.603 3.686 2.04177
0.000 20.611 3.286 1.49836
0.000 23.193 4.284 1.15745
0.000 23.984 4.399 1.50727
0.000 22.666 4.581 2.12397
0.015 22.259 4.340 2.28113
0.000 21.934 6.524 2.08090
0.000 23.151 8.051 1.38741
0.045 19.344 6.574 1.71450
3.370 19.140 7.157 1.96791
0.000 19.413 6.128 1.78800
0.010 18.369 5.521 1.64896
0.015 18.140 6.658 1.66451
0.075 17.451 6.181 1.76049
1.285 17.124 4.678 1.52803
2.065 15.261 4.510 1.03857
1.890 15.599 4.796 1.00025
2.170 15.082 4.765 0.76824
0.570 13.917 4.042 1.12962
0.000 21.197 4.595 1.50685
0.000 23.926 6.264 1.34623
0.400 22.937 7.017 1.60997
0.270 24.586 8.566 1.04516
8.275 18.735 6.776 1.06403
2.135 21.327 6.422 1.68450
0.000 22.890 9.038 1.63797
0.000 20.328 8.572 2.09608
0.000 20.463 8.064 2.03338
0.005 18.715 6.248 1.91232
0.000 18.955 7.218 1.23508
1.190 20.665 6.739 1.63895
0.095 20.132 7.025 1.73552
0.945 17.519 6.997 1.43738
0.465 19.973 6.139 0.81536
0.000 21.748 6.653 1.24178
1.270 23.786 8.297 0.98997
1.250 24.123 9.807 1.16526
0.000 24.618 8.410 1.55810
0.140 24.365 6.188 1.52619
4.555 20.433 6.965 0.75028
0.000 26.119 9.195 0.96113
0.000 26.338 10.112 1.26632
0.000 26.026 10.622 1.37808
0.000 21.966 10.222 1.32151
1.080 20.797 10.989 0.92700
17.465 20.413 11.654 1.17309
12.435 20.787 4.803 1.79002
8.370 11.141 4.865 1.93261
18.145 14.687 6.108 1.05175
9.530 16.684 9.077 0.95674
28.450 18.784 11.839 1.31721
32.135 15.488 4.240 1.58763
24.615 15.382 5.953 0.67428
4.570 20.378 9.378 0.84880
0.145 23.730 10.667 0.87191
0.040 22.778 10.763 1.45786
0.000 22.957 11.359 1.67113
0.000 22.839 12.081 1.90283
0.000 22.858 10.398 1.88056
0.000 23.906 10.418 1.15799
0.000 21.463 10.314 1.31184
0.000 22.713 9.905 1.55780
0.000 23.233 9.546 1.24211
0.000 24.826 10.636 1.07594
0.050 22.778 10.633 1.28487
0.000 24.320 10.427 1.40361
0.055 24.217 10.322 1.71503
0.000 23.666 10.647 1.59746
0.000 24.228 10.546 1.58307
0.000 24.964 11.258 1.46704
0.075 25.620 11.004 1.09534
0.030 24.885 11.468 1.32897
0.335 23.044 12.280 1.34002
1.155 22.682 11.755 1.51665
0.520 21.641 12.062 1.43185
1.275 23.475 12.099 1.31954
5.710 19.888 12.650 0.96813
5.955 20.225 11.166 1.20169
13.755 21.831 11.533 0.80780
3.135 23.192 12.071 0.88517
0.980 23.924 10.317 1.17520
0.145 24.212 12.297 1.34618
1.975 22.751 11.914 1.54792
6.955 22.623 12.743 1.59710
0.000 22.323 12.489 1.30190
0.000 23.988 13.531 1.17499
0.015 23.432 12.739 1.26777
0.465 21.009 12.276 1.30403
0.105 24.123 12.795 1.47812
0.330 25.366 12.793 1.35579
16.030 23.010 11.747 1.21930
1.735 20.944 11.459 1.04124
0.000 23.809 12.488 1.07782
0.000 24.365 12.835 1.13119
2.875 23.519 11.900 1.33356
3.005 24.510 12.077 1.56239
1.555 26.855 13.363 1.18913
3.245 26.483 14.904 0.99859
2.265 25.757 14.033 1.22886
10.775 25.745 13.819 1.30934
0.000 25.810 13.207 1.39505
1.960 26.410 13.741 1.15537
8.920 27.032 14.453 0.90751
1.320 23.996 14.145 1.12923
1.750 25.491 13.782 1.63099
1.605 20.314 13.085 1.24252
8.415 21.764 12.429 1.07284
0.410 24.303 12.854 1.40010
1.090 23.739 13.057 1.12757
0.720 24.274 13.512 1.01158
2.045 20.594 13.785 0.75898
12.315 23.497 13.260 1.16533
0.000 24.736 13.989 1.91233
1.875 24.749 14.321 2.04801
0.090 20.605 13.609 1.80124
10.120 20.299 13.245 1.28843
22.000 20.635 13.174 1.13324
2.595 20.622 12.226 1.18548
9.000 19.281 12.033 0.86750
9.890 22.068 12.220 1.16831
10.945 20.656 11.335 1.21294
26.975 17.962 10.810 0.87149
0.095 24.628 11.790 0.97125
0.380 21.987 11.136 1.41408
2.810 21.129 12.349 1.45295
4.845 20.575 12.005 1.23274
19.325 23.041 11.733 0.98098
13.795 23.539 11.389 1.00647
1.815 21.863 12.296 0.66537
0.070 21.426 11.005 0.90440
0.000 25.056 12.169 0.75542
0.000 24.888 13.488 0.84236
0.240 24.518 12.996 1.09054
0.685 23.157 13.827 0.99167
11.860 20.482 12.808 0.78395
0.000 25.736 14.329 0.69410
0.000 25.873 14.474 0.68804
1.905 26.190 14.829 0.87293
20.305 19.861 13.503 0.95832
14.375 18.838 12.996 0.67425
21.250 18.615 11.058 0.85182
2.810 23.683 12.595 0.96299
50.780 21.087 13.789 0.69019
35.315 22.246 13.081 0.77073
1.475 21.211 10.591 0.96474
0.215 23.824 11.513 0.83225
0.000 24.041 12.550 0.76644
3.020 23.281 12.895 0.79880
1.700 23.862 12.209 0.78423
1.885 23.892 12.585 0.74642
1.185 24.050 12.430 0.94580
1.360 24.677 13.754 0.91022
1.845 21.131 12.463 1.08919
0.000 20.979 12.143 0.97054
1.275 21.794 12.920 0.77316
0.250 21.603 12.581 0.62262
0.030 23.477 13.272 0.95312
0.000 23.209 13.013 1.02464
1.360 22.568 14.032 0.93310
13.665 21.581 13.696 0.74226
0.505 20.425 12.454 0.95184
33.165 18.719 10.574 0.85152
19.370 17.699 8.374 1.28904
1.065 17.595 9.216 0.95869
4.125 17.291 10.718 1.05038
2.915 20.309 11.169 1.54575
6.595 22.372 11.551 1.31802
0.125 22.753 12.338 1.06104
1.370 22.003 13.066 0.88233
3.080 22.248 13.069 0.86577
0.000 18.014 12.335 0.82355
1.840 21.325 11.784 0.94628
2.395 17.453 9.553 1.08719
3.130 21.727 10.485 0.88178
7.460 21.119 11.809 1.04256
16.775 20.159 8.145 1.31735
0.000 20.700 9.236 1.03061
0.000 22.345 7.216 1.04016
0.000 20.355 5.891 1.44373
0.000 21.316 6.692 0.90145
0.000 20.516 8.511 0.85039
0.000 20.674 8.680 0.83051
0.745 20.715 9.255 0.82657
0.215 22.211 9.703 0.96083
0.085 22.170 10.581 0.77036
0.000 21.976 12.172 0.76346
8.160 21.098 11.470 0.81733
0.410 17.552 11.407 0.70110
4.225 19.691 10.710 0.97011
22.515 22.128 11.340 0.84766
0.145 21.211 11.790 0.72331
0.000 20.693 10.317 0.84990
0.000 21.570 10.021 0.95074
1.040 22.390 10.741 0.81484
0.000 22.017 11.689 0.90582
5.150 20.578 11.261 0.97291
5.670 18.247 11.480 0.98998
3.430 19.229 9.339 1.02968
0.060 19.870 9.893 1.06517
0.025 19.664 10.822 1.01637
0.190 16.875 10.607 0.89743
0.000 18.254 9.038 0.98942
8.895 18.627 9.268 1.11003
6.375 17.111 8.995 0.91176
18.730 13.353 8.410 0.76616
4.290 16.411 8.156 1.02350
0.010 18.134 8.271 1.05919
7.570 11.168 5.842 0.96361
14.650 14.111 6.129 0.62057
7.515 15.222 6.187 0.74956
0.240 17.481 2.431 1.02651
0.010 17.428 2.585 0.95698
0.000 18.041 3.761 0.83855
0.000 18.057 4.367 0.85782
0.000 17.859 3.261 1.07721
0.000 17.858 3.202 1.29305
0.000 18.272 3.457 1.01567
0.000 17.808 4.306 0.99954
0.000 17.403 4.310 1.19113
0.000 18.310 4.335 0.96259
0.000 18.179 3.302 1.12648
2.110 10.548 2.922 0.78448
1.510 15.629 3.581 0.80091
0.000 17.262 5.027 0.67855
0.000 16.733 4.080 0.86719
0.440 14.294 4.124 0.94422
0.520 13.616 4.376 0.86689
0.000 14.111 3.552 0.91680
0.000 14.822 3.667 0.84363
0.600 15.512 4.763 0.87640
0.000 12.157 3.241 0.88119
0.000 15.623 1.779 1.06724
0.030 15.011 1.794 0.91031
2.145 12.448 5.396 0.57690
0.000 13.264 6.236 0.60451
0.075 14.812 7.331 0.80645
0.000 17.134 3.753 1.05716
0.000 17.234 3.721 0.94180
0.000 16.692 2.954 1.12300
0.000 15.951 2.296 1.16242
0.000 15.737 2.282 1.00497
0.000 15.414 1.221 0.68038
0.000 14.692 1.451 0.76526
0.000 13.143 -0.572 0.89141
0.000 14.683 -1.026 1.02939
0.000 12.388 -0.777 0.94427
0.000 12.900 0.213 0.98246
0.000 12.863 -0.619 1.19784
0.000 13.645 -0.866 0.98281
0.000 12.123 0.233 1.25948
0.000 12.285 0.353 1.46198
0.000 12.514 -0.024 0.94731
0.000 12.176 -0.303 1.18490
0.045 10.509 -0.265 1.01768
0.000 11.087 -2.910 1.29344
0.000 12.314 -2.963 0.92890
0.000 13.057 -1.076 1.02952
0.000 11.319 -1.924 1.28688
0.000 11.875 -3.002 1.43684
0.000 12.650 -3.016 1.08332
0.000 11.034 -1.757 1.36527
0.000 12.046 -1.746 1.27784
0.000 13.013 -1.530 1.30734
0.000 13.095 -1.197 1.33671
0.000 13.203 -0.207 1.19194
0.000 13.143 0.623 1.19379
0.000 11.769 0.604 1.06430
0.000 13.379 -0.487 1.33566
0.000 13.600 -0.799 1.35951
0.000 12.245 -1.006 1.44544
0.000 12.112 -0.741 1.28561
0.000 11.383 -2.069 1.13388
0.000 14.967 -2.106 0.83201
0.000 13.194 -0.450 1.08718
0.000 12.983 -0.262 1.12699
0.000 12.484 -1.864 1.26228
0.000 13.027 -2.180 1.35183
0.000 12.981 -2.229 0.92059
0.000 13.037 -1.375 1.12380
0.000 13.906 -1.661 1.07257
0.000 12.951 -0.839 0.98382
0.000 13.378 -0.864 1.12396
0.000 13.495 -1.368 1.38247
0.000 14.067 -1.417 1.28617
0.000 13.337 -1.432 1.31539
0.000 13.215 -1.851 1.36441
0.000 13.606 -1.876 1.32516
0.000 13.937 -1.313 1.33782
0.000 15.721 -1.925 1.14310
0.000 15.014 -2.650 1.39379
0.000 13.609 -2.662 1.69809
0.000 11.263 -2.501 1.66611
0.000 11.082 -2.549 1.52436
0.015 11.294 -2.338 1.12338
0.000 11.021 -2.168 1.40455
0.000 10.996 -2.204 1.21538
0.000 11.662 -0.960 1.30186
0.000 12.860 -1.980 1.47739
0.000 12.591 -2.178 1.83024
0.000 11.580 -2.105 1.88131
0.000 12.137 -0.879 1.75919
0.000 11.216 -1.796 1.64384
0.000 11.675 -2.017 1.40125
1.275 12.074 -1.088 1.20174
1.340 9.298 0.427 1.57607
7.775 10.200 0.722 1.26952
7.870 10.544 1.123 1.39067
5.610 8.132 -3.105 1.51738
0.395 5.820 -4.801 1.53712
0.000 5.522 -4.670 1.33088
0.000 6.961 -3.116 1.50932
4.595 7.795 -2.610 1.82125
2.165 6.751 -4.740 1.66249
0.000 8.000 -4.745 1.25140
0.000 9.410 -3.500 1.17555
0.000 9.855 -2.952 1.60266
0.000 9.582 -3.339 1.51842
0.000 10.694 -3.330 1.76681
1.220 11.616 -2.502 1.77103
0.000 11.846 -0.768 1.78352
0.000 13.237 1.725 2.32341
0.045 13.677 1.307 2.47765
0.000 13.377 -2.599 1.64921
0.000 12.287 -2.530 1.76358
0.000 11.348 -2.828 1.76400
0.000 11.396 -2.679 1.14166
0.000 10.774 -1.332 1.23412
0.000 11.705 -1.323 1.21877
0.000 12.453 -1.184 0.91305
0.000 11.401 -0.434 1.46053
1.860 10.911 -0.393 1.16849
0.435 10.689 -0.288 1.29809
0.000 9.113 -1.437 0.94058
0.000 14.775 -1.188 0.90475
0.000 13.837 -1.076 1.52610
0.000 13.268 -0.599 1.68739
0.000 13.076 -0.626 1.59240
0.000 13.874 -0.267 1.34819
0.865 13.781 1.402 1.57610
0.245 12.218 -3.315 1.63260
0.000 14.269 -2.962 1.00589
0.000 15.144 -0.256 1.35024
0.000 14.833 0.129 1.19906
0.060 13.212 1.405 1.22018
0.000 14.087 0.710 1.30497
0.000 12.593 -0.086 1.53271
0.000 11.736 -0.069 1.36190
0.000 16.371 0.324 1.03200
0.160 13.407 2.318 1.08636
0.000 14.172 0.786 1.36692
0.000 18.251 1.292 1.21083
0.000 18.675 2.400 1.31684
0.000 16.733 4.343 1.65016
0.000 17.382 5.261 1.24928
0.005 15.903 5.247 1.53479
1.675 15.510 3.266 1.87433
0.015 16.189 1.174 1.76465
0.000 15.766 0.847 1.74524
0.000 17.197 1.807 1.34059
0.000 16.273 3.516 1.56394
3.145 16.936 3.167 1.81285
0.070 14.791 2.941 1.52116
0.170 14.589 2.484 0.79258
0.020 15.955 2.942 1.46878
0.170 15.575 3.114 1.38732
0.095 16.605 3.585 1.18623
0.105 16.883 4.229 1.67918
0.000 16.910 4.287 2.10739
0.000 18.043 4.557 2.07867
0.000 18.255 5.525 1.94659
0.000 16.217 4.632 1.75782
0.655 17.229 4.063 1.61491
0.000 18.096 4.585 1.25671
0.030 17.026 4.796 1.66624
0.000 16.426 3.321 2.02970
0.000 17.830 3.558 1.75765
0.000 20.699 4.502 1.80856
0.000 21.659 5.360 1.67643
0.000 20.227 4.236 2.08341
0.000 21.305 4.063 1.94916
0.000 21.944 4.576 1.49501
0.000 22.177 6.645 1.58926
2.465 21.734 6.021 1.60309
0.000 20.513 7.386 1.56242
0.600 21.472 7.464 1.79896
3.230 17.479 6.334 1.90884
0.570 18.574 5.853 1.55005
0.000 21.300 7.201 1.25054
0.000 22.350 8.038 1.58178
1.955 20.695 7.336 1.99001
0.000 22.511 6.759 2.08047
0.000 23.172 7.178 1.76054
0.000 23.131 8.915 1.52278
0.000 22.571 8.553 1.37053
0.000 21.914 9.032 1.26333
0.480 21.316 8.856 1.58739
0.185 20.595 8.749 1.24535
0.000 21.890 8.558 2.00374
6.505 22.116 5.120 1.42577
4.930 17.266 6.649 1.36434
0.800 9.016 6.905 1.63884
0.315 22.454 9.010 1.07365
0.000 22.034 9.260 1.57402
0.000 22.392 9.061 1.58937
4.190 22.956 9.690 1.17590
5.655 19.597 8.403 0.94674
0.045 21.331 9.548 0.95953
0.000 22.654 9.556 1.41150
0.000 23.223 9.546 1.59454
0.000 24.198 9.512 1.60203
2.605 25.570 11.115 1.05981
1.775 17.515 9.332 0.92134
1.150 23.006 10.937 0.80444
12.755 18.961 9.954 0.97452
1.905 15.728 10.428 0.79833
3.105 18.527 10.204 0.93922
18.265 17.873 10.592 0.91258
20.510 17.580 10.551 0.95105
3.465 19.845 11.285 0.96250
15.815 18.826 4.641 2.01828
3.775 15.601 5.354 1.21161
0.495 20.008 7.883 1.27203
0.250 20.381 9.036 1.43864
4.205 20.071 9.885 1.18837
0.010 22.873 10.537 1.16906
0.040 23.299 10.399 1.19224
0.000 23.389 10.137 1.45673
0.000 23.977 10.845 1.56877
0.045 22.394 10.481 1.70844
0.000 23.793 10.705 1.34491
0.000 21.664 10.877 1.21600
1.325 21.341 10.343 1.20626
0.480 23.155 9.549 1.23813
0.840 24.486 10.020 1.27251
1.380 19.926 10.027 1.20830
4.025 22.817 11.376 0.78642
10.125 18.475 9.842 0.84612
0.055 22.166 11.222 0.87287
2.840 21.025 12.062 1.15332
1.445 20.376 11.250 1.27380
0.345 21.358 11.063 1.45480
2.600 23.909 11.977 1.13647
6.455 24.703 12.420 1.22987
2.235 19.275 11.294 1.29800
10.235 23.908 12.325 0.88911
0.225 23.278 13.493 0.98224
13.060 21.115 12.123 1.10963
7.235 23.521 13.738 1.06847
47.835 19.821 13.176 1.10997
6.825 19.992 11.624 0.82145
0.040 21.221 10.874 1.61023
0.000 22.644 11.949 1.73922
0.000 23.282 11.754 1.68181
0.140 24.160 11.939 1.45229
0.710 23.429 12.615 1.38608
18.425 24.496 13.067 1.03990
6.275 24.421 13.548 1.07433
13.355 21.182 12.332 0.93006
11.080 20.165 11.331 1.15316
0.000 22.941 11.474 0.99591
0.000 24.195 13.002 0.94515
0.000 24.681 12.321 1.29561
2.620 21.723 11.913 1.39602
7.960 23.490 12.126 1.28177
1.660 21.596 12.142 1.27800
0.370 20.784 11.930 1.38195
1.095 20.497 11.879 1.46323
27.185 19.107 9.812 0.78869
0.135 22.622 9.685 1.28773
0.035 24.810 10.337 0.98843
5.080 24.255 11.827 1.04248
0.450 21.884 12.484 1.02423
0.620 22.551 12.722 1.36031
10.605 19.503 12.422 1.03787
5.260 21.436 13.442 0.75738
3.845 22.835 12.906 1.04328
9.460 23.907 12.277 1.29146
27.405 23.477 14.221 1.03517
6.475 21.056 13.252 0.81384
10.890 24.144 14.747 0.74915
1.570 21.213 12.569 0.86091
1.220 24.840 13.862 0.92620
4.720 23.424 12.831 1.24415
2.020 22.720 12.499 1.79410
11.950 24.054 14.168 1.06820
0.065 22.826 14.076 0.95551
29.335 22.495 14.010 0.91512
14.545 19.393 12.705 0.55118
0.570 18.903 10.902 0.87119
0.445 22.966 12.484 0.87566
11.340 22.034 12.441 0.81674
0.000 21.867 12.180 1.02031
0.000 23.781 12.456 0.94125
0.000 22.226 13.467 0.93687
0.385 23.140 13.219 0.89315
5.065 23.313 13.299 0.99325
20.470 22.833 13.810 0.80225
11.650 22.558 12.962 0.85064
16.620 22.535 13.123 0.72999
0.840 21.093 12.230 0.68003
3.375 22.388 12.047 1.17166
1.550 21.466 12.272 1.25912
0.225 22.319 13.150 1.14337
11.130 20.322 12.858 0.98817
15.330 16.831 11.610 0.95929
0.700 21.484 11.939 0.95039
5.750 20.480 12.203 1.11469
4.720 22.036 11.541 1.39347
1.780 21.119 11.572 1.56122
0.385 21.528 12.247 1.36109
15.896 19.130 12.727 0.95604
19.745 20.566 12.472 0.65878
0.600 20.172 12.373 0.95949
0.000 23.019 12.670 1.04733
2.190 25.161 13.121 0.86559
0.110 25.042 12.505 1.02117
0.000 23.039 13.568 0.90133
1.105 23.980 12.957 1.20148
12.115 21.449 13.121 0.83804
18.970 21.780 11.948 0.80705
13.665 21.933 11.287 1.02189
0.655 22.147 11.881 1.26482
0.000 21.507 12.548 1.36862
4.580 20.521 11.678 0.90346
0.000 19.379 11.524 0.93724
0.000 20.764 11.736 0.95667
0.075 21.816 11.919 1.12508
1.655 18.949 11.494 0.65830
5.910 19.320 11.324 0.63011
3.550 18.208 10.723 0.68443
0.030 18.623 11.275 0.80311
2.730 19.956 11.941 0.78957
0.450 21.176 12.134 0.81597
7.135 20.463 11.997 0.82488
8.445 20.657 12.473 0.89563
0.170 21.574 11.241 0.84565
0.465 22.278 12.044 0.82144
1.050 21.322 12.449 0.74344
0.610 21.825 11.701 0.67294
0.000 21.947 10.691 0.88948
23.034 21.487 10.821 0.98238
0.125 22.244 11.544 1.05843
0.170 23.288 11.313 0.99015
0.000 22.958 11.162 0.98446
8.550 23.406 11.881 0.98311
0.065 23.524 12.586 0.97422
11.355 22.611 13.216 0.86456
0.285 20.251 12.174 0.71931
0.000 24.821 10.855 0.87478
3.220 24.021 12.146 0.64891
5.460 20.747 10.262 1.10747
0.000 20.027 11.306 1.06531
0.000 20.661 10.811 1.01404
0.000 22.325 11.429 0.84303
22.755 23.116 11.252 0.78666
10.375 19.184 10.157 0.84833
0.000 20.572 10.278 1.11890
0.065 20.772 9.171 1.25368
14.900 20.365 7.777 0.99803
7.530 16.334 5.283 1.26112
0.040 19.450 5.734 0.84912
0.045 16.937 8.032 1.01639
1.655 16.184 9.032 0.89911
0.000 19.358 9.024 1.10130
0.045 19.846 9.118 0.93234
0.060 20.015 9.497 0.85446
0.000 18.796 6.568 1.02018
0.000 19.116 6.569 1.01770
6.365 17.638 5.045 0.88531
0.000 19.917 5.460 0.93771
0.000 20.178 5.722 0.91787
0.000 20.167 5.967 0.88465
0.000 20.301 6.510 0.83304
0.000 19.515 8.439 0.96068
0.425 18.562 6.401 1.14457
0.000 19.596 5.198 1.20861
0.165 19.306 3.649 1.20789
0.460 18.890 3.798 1.00784
17.015 11.874 7.141 0.47623
2.795 14.267 7.736 0.56418
3.030 15.706 8.533 0.95022
11.315 16.612 9.428 1.27614
12.285 15.781 9.268 1.05483
2.955 14.751 8.246 0.70886
0.015 15.500 8.284 0.66567
0.075 17.450 8.892 0.99834
0.055 19.019 6.103 0.77135
0.000 18.865 5.622 0.82478
0.000 18.322 5.468 0.94199
0.000 17.507 6.368 1.15402
16.420 15.546 6.142 1.11437
0.000 15.467 -0.058 1.32069
0.000 16.664 -0.080 0.78808
0.000 17.857 1.590 0.92387
0.000 18.297 1.937 0.83954
0.000 17.452 0.449 1.05492
0.000 17.152 0.117 1.08536
0.000 15.669 -0.963 1.23198
0.000 16.016 -1.370 1.04898
0.000 14.435 -1.437 1.31502
0.000 14.503 -0.378 1.20834
0.000 15.272 -0.595 1.25981
0.000 15.820 -0.515 0.83607
0.000 14.907 1.311 1.07241
0.000 15.283 4.091 0.99660
0.000 14.989 4.385 1.50493
0.000 14.306 1.273 1.52576
0.000 13.424 -1.507 1.49695
0.000 15.321 -1.652 0.75681
0.000 13.494 1.288 1.00956
0.000 12.612 -0.186 1.20147
0.000 15.065 -0.906 0.97771
0.000 12.260 -0.762 0.94963
0.000 14.412 1.273 1.07032
0.000 13.350 1.436 0.84952
0.000 14.136 -0.365 0.96220
0.000 14.886 -0.859 1.07385
0.000 12.958 -1.152 1.21525
0.000 14.114 -1.079 1.23113
0.000 13.323 -0.238 0.97951
0.000 12.505 1.535 1.05342
0.000 12.967 1.522 1.08828
0.000 13.396 -1.708 1.26640
0.000 12.650 -2.470 1.02098
0.000 12.985 -2.486 1.40093
0.000 15.532 -2.101 1.17839
0.000 12.546 -0.406 1.21396
0.000 13.241 -1.918 1.50161
0.000 13.805 -2.087 0.92828
0.000 13.013 -1.546 0.96956
0.000 12.540 -2.330 1.23418
0.000 14.865 -2.468 0.87074
0.000 15.361 -1.354 0.84820
0.000 15.134 -1.083 1.05731
0.000 16.683 -0.847 0.93982
0.000 14.923 -1.352 1.20928
0.000 14.277 -1.451 0.87302
0.000 12.786 2.597 1.20546
0.000 12.502 -0.247 1.47317
0.000 12.608 -0.512 1.17244
0.000 12.341 -0.215 1.10357
0.000 10.841 0.757 1.02849
0.000 9.926 -1.955 1.25057
0.000 11.899 -2.204 0.91222
0.000 9.606 -1.137 0.99786
0.000 10.513 -0.828 0.96675
0.000 9.674 -0.886 1.09004
0.000 9.828 -0.002 1.16612
0.000 9.294 -2.012 1.15157
0.000 9.037 -3.321 1.35073
0.000 9.392 -3.279 1.22294
0.000 8.454 -3.151 1.33634
0.000 8.214 -3.229 1.23997
0.000 9.222 -3.369 1.23143
0.000 10.616 -3.354 1.07908
0.030 9.642 -2.723 0.97403
0.000 10.007 -3.051 1.09052
0.015 10.501 -3.239 1.16097
0.000 10.835 -3.010 0.75676
0.000 11.318 -1.248 1.07310
0.000 12.612 -2.188 0.99497
0.000 12.886 -3.551 1.10755
0.000 14.497 -3.664 1.20990
0.000 16.270 -3.136 1.35188
0.000 16.197 -2.077 1.31177
0.000 15.236 -1.989 1.60567
0.000 14.416 -2.077 1.39196
0.000 12.961 -3.194 1.30461
0.000 15.656 -3.266 1.48294
0.000 15.220 -1.600 1.09953
0.015 14.325 2.197 1.33093
0.000 13.811 2.126 1.76708
0.000 12.865 1.206 1.33184
0.000 13.143 0.299 1.56641
0.000 11.962 -2.171 1.96516
0.000 16.996 -2.195 0.92995
0.000 14.849 -1.897 1.25960
0.000 13.858 -1.917 1.50980
0.000 12.896 -2.032 1.45148
0.000 13.413 -1.998 1.24288
0.000 12.593 -2.175 1.33083
0.000 13.652 -2.143 1.26312
0.000 16.434 -1.841 0.94024
0.000 15.503 -1.377 1.19991
0.000 14.561 -1.604 1.41911
0.000 15.876 -1.539 1.28072
0.000 15.354 -1.272 1.24678
0.000 17.832 -1.135 1.08690
0.000 16.648 -1.630 1.56856
0.000 12.500 -2.052 2.22531
0.000 16.475 -2.647 1.74886
0.000 19.136 -2.345 1.40802
0.000 17.097 -0.920 1.66927
0.000 17.238 -0.706 1.52420
0.000 17.241 -0.143 1.50917
0.000 16.396 0.332 1.61101
0.000 15.761 0.628 1.62954
0.000 16.065 0.938 1.56763
0.000 15.002 0.934 2.04585
0.000 14.549 0.421 2.13794
0.105 13.784 0.072 1.74820
0.000 13.896 0.255 1.80413
1.735 13.845 0.675 2.04963
0.040 13.892 2.234 1.77464
0.510 14.298 1.766 1.96241
0.165 13.468 1.639 1.78835
0.030 10.320 -0.940 1.66016
0.130 14.370 -0.500 1.44827
0.000 16.413 0.650 1.52473
0.000 13.351 0.936 1.84055
0.000 13.150 1.335 1.47065
0.000 14.324 2.470 1.87753
0.015 16.262 1.259 2.13734
0.000 16.178 0.410 2.01010
0.000 17.114 0.327 1.74126
0.000 17.556 1.146 2.02904
0.000 16.536 3.280 2.16944
0.110 14.802 -2.015 2.12843
0.000 15.298 -1.209 1.28744
0.000 17.876 1.060 1.29493
0.000 18.254 0.985 1.60647
0.000 17.332 1.774 1.51159
0.000 14.012 3.023 1.52573
2.570 13.771 1.599 1.54269
0.000 17.472 2.215 1.45218
0.015 15.422 1.960 1.80095
0.000 16.991 2.057 2.02555
0.000 18.013 3.091 1.76624
0.090 18.087 4.029 1.62273
0.000 18.276 4.457 1.50345
0.000 18.574 4.259 1.51131
0.000 17.361 5.011 1.70598
2.130 15.963 1.658 1.53675
0.000 15.106 2.211 1.49963
0.160 15.004 2.901 1.44051
2.665 15.948 4.158 1.35455
8.980 15.469 4.469 1.68766
0.710 12.996 0.538 1.37606
0.000 18.872 1.668 1.41078
0.015 17.856 4.018 1.74951
1.445 17.752 5.885 1.41568
0.285 16.710 5.788 1.11614
0.045 18.438 5.214 1.57038
8.630 17.445 5.441 1.55346
0.000 18.311 4.226 2.05523
0.000 20.070 6.266 1.85192
0.060 19.532 4.760 1.71696
0.000 18.003 4.506 1.95532
0.000 18.290 4.067 1.84971
0.000 21.163 5.351 1.30173
0.045 20.943 6.393 1.41395
0.000 21.916 7.182 1.91053
0.000 23.212 6.412 1.96508
0.000 21.880 8.895 2.08958
2.120 19.324 6.136 1.72246
0.000 21.972 7.170 1.38304
0.240 16.966 7.561 1.24958
0.000 20.034 8.027 1.52183
0.145 19.180 7.169 1.91203
13.115 20.968 7.662 1.96682
0.000 22.740 7.041 1.41863
0.000 23.332 7.687 1.13334
1.735 22.544 7.318 1.49442
0.385 22.021 9.060 1.64999
0.000 20.021 6.099 1.71803
0.000 22.672 6.228 1.49452
0.050 22.101 8.111 1.62762
3.470 22.006 9.479 1.37358
0.645 17.561 6.515 0.95063
4.995 23.070 8.639 0.99962
0.360 22.363 9.448 1.44469
0.000 22.824 7.832 1.60037
0.000 22.997 8.834 1.65698
0.000 22.889 7.750 2.06090
0.000 22.440 6.851 2.23240
0.000 22.076 7.674 1.99855
0.000 22.660 7.814 1.80545
0.110 23.906 9.891 1.49634
0.000 24.098 10.747 1.12967
0.010 22.974 10.141 1.40042
0.000 20.154 9.670 1.27121
0.000 21.637 9.178 1.38822
0.240 20.865 9.804 1.21100
0.000 22.268 9.740 1.47241
8.875 21.573 9.707 1.59841
0.200 23.592 8.812 1.19544
13.990 26.147 8.405 1.21905
0.000 26.409 10.285 1.35807
0.000 25.906 11.728 1.27936
0.000 25.294 12.085 1.12792
0.105 24.936 13.307 1.46995
1.625 22.643 12.331 1.19742
0.235 23.623 12.308 1.34360
0.000 26.103 11.427 1.84903
0.015 26.395 10.488 1.30509
14.130 18.952 9.220 1.63051
9.295 16.869 10.000 1.26385
13.870 18.465 10.701 1.30878
0.780 20.440 10.387 1.52572
0.000 22.485 10.607 1.26627
0.000 24.306 11.047 1.03246
0.650 25.882 12.238 1.13955
0.035 23.372 12.916 1.15548
1.130 20.398 11.590 1.04710
0.055 22.408 12.374 1.56226
0.555 21.600 12.403 1.23518
15.215 22.107 10.942 1.27497
0.000 22.719 9.358 1.15855
0.000 23.022 9.055 1.76271
0.000 23.199 9.994 1.34794
4.075 23.905 10.854 1.30881
0.000 24.505 10.826 1.42093
7.870 24.280 10.871 1.26409
2.370 25.088 12.496 1.00188
0.000 24.434 13.073 1.08379
0.000 25.843 13.751 1.36416
1.915 25.948 14.318 1.33734
0.740 23.199 13.973 1.18580
4.275 23.346 14.575 1.23311
14.100 19.705 13.568 0.67733
3.230 21.482 14.164 0.99212
0.145 23.240 12.831 1.16177
12.070 25.439 13.130 1.38305
7.525 22.391 12.772 1.11881
28.960 24.941 14.077 0.95407
1.945 24.237 13.828 1.30294
3.200 20.505 12.504 1.47621
47.680 20.776 13.018 0.88755
0.170 20.487 11.300 1.03137
5.405 22.499 12.246 1.52757
0.115 23.092 12.428 1.72287
0.230 22.261 12.713 1.48296
6.330 20.689 13.936 0.92798
4.560 21.476 14.174 0.93843
12.980 22.138 11.997 1.20228
5.630 23.079 12.588 1.37155
6.905 22.390 11.438 1.30896
0.385 24.749 12.299 1.35454
12.650 24.302 13.349 1.04878
2.150 24.340 14.264 0.89717
0.675 25.282 14.336 1.20788
0.205 24.887 14.284 1.12696
1.125 23.889 13.160 1.19616
1.985 25.073 14.340 1.10571
15.705 24.887 15.000 0.97891
0.845 25.519 14.711 0.94875
0.000 26.535 14.682 0.94834
4.745 22.924 14.492 0.78144
8.980 23.411 14.150 0.88349
0.040 25.588 13.508 1.27295
18.160 25.272 14.294 1.24135
11.230 23.776 13.334 1.11073
1.550 24.735 13.901 1.12109
2.935 22.647 13.366 1.32885
5.425 22.063 13.215 0.97491
2.170 21.023 12.127 0.98291
4.105 23.625 13.132 1.15506
1.250 23.766 13.880 1.23081
41.270 22.292 14.903 0.75680
10.400 20.438 13.675 1.05596
0.000 25.051 14.007 1.12281
0.065 25.898 13.403 1.27222
17.085 23.654 14.007 1.00887
1.835 23.197 11.896 0.94726
0.000 24.551 13.408 1.12976
0.740 25.539 14.312 0.86123
0.000 25.869 14.336 0.84908
0.090 25.482 14.650 0.87949
18.975 21.499 13.313 0.89096
0.400 24.440 13.509 0.92988
23.190 23.897 13.276 0.83917
15.145 21.886 13.291 0.84123
13.240 19.807 13.454 0.70318
4.245 19.142 12.451 0.60835
0.695 21.724 13.311 0.97885
23.845 22.962 13.919 0.90771
10.045 20.622 12.632 1.02538
10.365 20.608 11.432 1.04559
0.155 21.767 11.436 1.28661
30.105 20.990 11.810 1.25142
13.955 20.344 11.251 0.94357
2.320 21.390 10.639 1.28180
0.185 21.857 11.719 1.00639
0.780 21.151 11.851 1.02043
0.105 22.690 12.032 1.12885
12.880 23.295 11.707 1.03721
0.540 23.603 12.456 1.08400
5.460 23.727 10.253 0.96538
0.000 21.797 9.587 1.42282
0.000 24.013 10.582 0.96202
0.000 23.476 10.873 0.87670
0.000 20.014 11.715 0.88345
0.000 22.277 11.580 0.94973
2.040 23.455 12.066 0.95413
0.715 24.147 12.875 0.97915
10.080 24.027 13.510 0.93673
0.120 22.950 12.481 0.96455
1.305 23.113 11.940 0.80780
0.335 21.305 12.219 0.93297
5.565 22.640 12.675 0.92450
0.000 24.829 12.923 0.92331
0.205 24.983 13.771 0.79714
0.000 24.268 13.624 0.83815
6.550 22.947 13.692 0.92028
8.165 23.226 13.915 0.77298
5.775 22.476 13.357 0.77160
26.075 22.132 11.659 0.93495
1.385 23.268 10.716 1.02290
4.520 22.843 10.955 1.16888
7.455 22.210 9.415 1.06555
3.485 18.624 8.436 1.01293
0.000 20.218 9.395 0.87779
0.910 21.208 11.204 0.88524
13.235 20.527 12.236 0.77543
2.810 19.612 11.673 0.88698
7.845 19.965 11.600 0.85997
1.120 17.534 7.160 0.98797
0.000 22.344 7.757 1.13532
0.000 22.739 8.533 0.84650
0.000 21.646 7.491 1.09262
0.000 21.581 8.080 1.02093
13.880 21.428 10.395 0.67862
4.985 20.520 11.949 1.06405
7.450 16.289 7.483 1.15880
4.745 15.850 8.383 0.65523
0.000 20.709 9.981 1.06748
0.000 21.718 10.515 1.30735
0.030 20.335 10.291 1.31778
0.235 20.444 9.556 1.36085
0.000 18.919 10.017 1.17332
0.060 18.627 8.070 0.89828
0.000 20.579 8.485 0.95314
0.195 20.952 8.709 0.86926
0.000 20.093 9.006 0.99471
0.015 19.054 9.595 0.86154
0.000 18.899 9.829 0.92623
0.000 19.525 9.495 1.07800
0.000 20.441 8.776 1.02659
0.000 19.633 7.376 1.09073
0.000 18.885 7.614 1.02275
0.000 18.870 5.175 1.17268
0.000 19.119 5.197 1.02803
0.000 18.825 4.227 1.32708
0.000 18.580 4.469 1.29352
0.000 19.012 3.553 1.07202
0.000 18.437 3.084 1.16408
0.000 18.443 3.097 1.20611
0.000 18.481 2.865 1.22175
0.000 19.225 2.696 1.27541
0.000 19.344 2.602 1.25326
0.000 20.159 2.680 1.06333
0.000 17.337 3.377 1.05933
0.000 14.912 2.019 1.26236
0.000 16.557 2.072 0.95646
0.090 18.878 4.806 0.79192
3.815 17.648 5.647 0.86461
0.140 17.415 2.973 1.20205
0.000 18.270 2.968 1.22240
0.000 16.764 1.006 1.41150
0.000 17.719 0.797 1.28253
0.000 14.930 -1.137 1.63951
0.000 15.588 -1.099 1.53530
0.000 18.150 0.132 1.04510
0.000 17.725 1.763 1.25050
0.000 15.661 1.735 1.52749
0.000 15.629 4.115 1.71127
0.000 16.672 5.421 1.57416
0.000 14.585 5.458 1.47210
0.030 15.001 5.367 1.62832
0.000 14.828 4.848 1.40826
0.000 14.427 1.603 1.40880
0.000 13.074 -0.587 1.03911
0.000 12.672 -0.418 0.93726
0.000 14.849 0.623 1.21169
0.000 14.897 -0.282 1.19279
0.000 15.293 -0.263 1.03129
0.000 14.435 -0.843 1.41089
0.000 14.007 -2.126 1.38191
0.000 17.298 -2.091 0.96395
0.000 15.140 -1.312 1.19127
0.000 14.889 -1.352 1.14502
0.000 14.004 -0.739 1.36135
0.000 15.115 -0.560 0.93472
0.000 13.035 -0.870 1.38697
0.000 15.952 -1.112 1.01176
0.000 13.758 1.070 1.24585
0.000 13.122 -1.613 1.67140
0.000 12.832 -2.336 1.49763
0.000 12.584 -3.174 1.27600
0.000 12.851 -3.365 1.45030
0.000 15.154 -2.701 1.34693
0.000 14.413 -2.722 1.44827
0.000 14.812 -2.017 1.44275
0.000 14.668 -1.610 1.36519
0.000 12.625 -2.338 1.50461
0.000 14.017 -2.396 1.01431
0.000 12.482 -1.712 1.47403
0.000 12.934 -1.530 1.35209
0.000 12.151 -1.367 1.27203
0.030 10.627 -0.405 1.04755
0.000 10.952 -1.672 1.18761
0.000 12.339 -2.809 1.21641
0.000 11.256 -3.498 1.42822
0.000 10.645 -3.523 1.49848
0.000 10.585 -3.247 1.19621
0.000 9.037 -2.995 1.17811
0.000 9.340 -4.411 1.35907
0.000 8.953 -4.383 1.01049
0.000 9.935 -3.764 1.32184
0.000 11.248 -3.744 1.18876
0.000 12.166 -2.594 1.18585
0.000 11.631 -1.851 1.28578
0.000 9.368 -3.404 1.28103
0.000 13.044 -3.407 1.11871
0.000 14.413 -2.332 1.20584
0.000 13.183 -2.157 1.50873
0.000 12.175 -2.007 1.46733
0.000 12.501 -2.291 1.23243
0.000 15.407 -2.345 0.92437
0.000 13.987 -2.622 1.31851
0.000 11.950 -3.246 1.70900
0.000 12.884 -3.005 1.31966
0.000 12.224 -2.259 1.16714
0.000 11.528 -2.106 1.19318
0.000 12.397 -1.726 0.95154
0.000 13.121 -1.634 1.54481
0.000 12.841 -1.625 1.29285
0.000 14.303 -0.561 1.21111
0.000 16.555 -0.220 0.92117
0.000 15.647 -0.453 1.33312
0.000 13.281 -0.472 1.19926
0.000 14.590 -1.498 1.43120
0.000 15.351 -1.332 1.02005
0.000 14.260 -0.728 1.19143
0.000 14.705 -1.105 1.19233
0.000 13.052 -1.187 1.36332
0.000 14.479 -1.085 1.14942
0.045 10.441 -2.603 1.30931
0.000 11.584 -2.739 1.48590
0.000 13.320 -2.457 1.52476
0.000 13.930 -2.981 1.45341
0.000 12.202 -2.960 1.56482
0.000 12.927 -2.625 1.43131
0.000 13.004 -2.853 1.58567
0.000 13.372 -2.798 1.59737
0.000 12.291 -2.333 1.59641
0.000 12.087 -2.306 1.56160
0.000 11.942 -3.301 1.55101
0.000 12.118 -3.401 1.56272
0.000 16.072 -2.874 1.41428
0.000 14.514 -2.804 1.69195
0.000 14.055 -2.671 2.03807
0.000 12.948 -1.443 1.99204
0.000 14.006 -2.621 1.87413
0.000 15.221 -2.477 1.48040
0.000 13.787 -0.856 2.06513
0.000 13.086 -0.955 1.93454
0.000 13.342 -1.167 1.93643
0.000 14.031 -0.861 1.89738
0.000 13.903 0.608 1.83174
0.995 12.093 -0.956 1.82168
0.205 14.788 -1.714 1.55285
0.000 15.182 -1.736 1.56354
0.000 14.864 -2.602 1.69661
0.000 18.476 -2.238 1.31540
0.000 15.530 -0.227 1.84471
0.000 13.512 -0.527 1.97444
0.000 13.011 -1.349 1.89368
0.000 15.564 -1.949 1.78109
0.000 16.757 -1.516 1.50354
0.000 15.182 -0.355 1.66898
0.000 17.404 0.530 1.62344
0.000 14.907 0.854 2.06773
1.485 14.767 1.156 2.09910
0.000 14.274 1.934 2.05726
0.970 14.833 2.666 2.13086
0.000 15.616 3.799 2.10815
0.335 17.187 2.927 2.05254
0.000 16.766 1.233 1.95898
0.000 18.248 1.685 1.40373
0.000 17.527 0.709 1.62653
0.000 18.291 -0.090 1.92308
0.000 17.784 -0.112 1.98976
0.000 17.753 -0.369 2.03601
0.080 17.044 0.348 1.85866
0.000 17.051 1.448 1.51359
0.355 16.383 1.913 1.24405
0.030 20.159 2.659 1.00716
0.000 20.793 3.160 1.24974
0.000 19.608 3.178 1.75050
0.360 23.791 3.942 1.16938
0.000 22.491 4.516 1.77262
0.000 19.334 5.614 2.19908
0.015 18.655 6.703 2.12691
0.000 19.724 6.381 1.99709
0.000 20.410 5.433 1.57312
0.000 19.925 6.381 1.94517
2.155 17.244 4.461 1.12961
0.020 14.656 3.877 1.46827
4.085 13.563 2.981 1.62410
0.215 16.732 3.426 1.71716
1.040 13.436 5.140 2.21443
0.060 14.808 5.251 2.15967
0.000 17.584 4.890 2.02401
0.000 18.259 5.680 2.12470
0.075 19.368 6.293 2.04069
0.000 19.289 6.310 2.22228
0.000 20.419 6.153 1.91254
0.000 20.001 2.887 1.98297
0.000 22.305 4.230 1.62044
0.065 20.054 6.156 2.27201
0.000 21.265 6.921 2.20437
0.000 20.661 5.873 2.11411
1.580 21.814 6.970 1.86960
0.790 21.459 8.583 2.00314
11.225 19.074 6.947 1.77526
0.015 21.667 6.656 1.28374
0.000 21.265 6.020 1.60836
0.000 21.491 7.471 1.68351
4.450 16.867 6.184 1.56808
2.420 20.277 7.765 1.91778
0.785 16.325 8.431 1.74714
3.670 20.737 8.448 1.70868
0.000 20.507 7.154 1.53483
0.135 19.692 8.045 1.99667
0.030 19.636 7.888 1.96736
12.300 18.500 7.708 1.73374
4.180 15.003 5.910 0.91472
2.255 18.864 4.796 1.06905
1.920 21.124 6.062 0.83342
0.025 22.337 6.346 1.37098
0.000 21.212 7.189 1.31377
0.000 21.945 8.240 1.13346
1.155 22.667 9.944 1.29227
0.000 21.476 9.251 2.13014
0.930 22.468 8.940 2.27651
0.655 23.265 9.607 1.78360
0.000 22.117 10.103 1.61770
0.435 20.038 8.708 1.57871
0.000 21.383 9.684 1.83350
0.190 19.829 8.376 1.66274
0.000 21.038 10.065 1.52666
0.025 21.553 9.817 1.88558
0.000 21.335 10.217 2.09431
0.475 22.123 10.297 1.94366
0.245 22.999 9.007 1.72456
0.315 22.019 8.635 1.97370
0.085 23.195 7.721 2.03278
0.000 23.349 9.388 1.96332
0.000 23.473 9.253 1.89243
6.395 23.065 11.852 1.98858
1.605 22.272 12.460 2.04230
0.475 21.458 11.126 1.83972
0.000 22.704 10.323 1.65307
0.000 26.157 11.313 0.99990
11.715 22.145 11.711 1.01102
28.740 18.688 10.868 1.25182
0.675 22.411 11.335 1.35971
6.315 21.569 12.127 0.80760
2.880 21.724 9.973 1.05347
0.260 24.340 11.535 1.19656
0.130 24.127 11.385 1.48598
2.680 22.516 11.766 1.40703
0.075 23.716 10.579 1.61203
2.295 22.166 9.973 1.22246
2.480 23.776 11.316 0.93235
2.050 21.883 10.887 1.33334
0.890 19.083 10.603 1.18872
0.835 21.662 10.937 1.69881
0.315 19.592 9.812 1.62933
0.000 24.642 11.346 1.57023
0.000 24.435 11.417 1.48533
0.535 24.928 12.004 1.27673
0.000 23.658 11.626 1.54044
0.155 24.207 13.063 1.46714
5.825 20.070 12.167 1.34412
25.180 20.523 11.983 1.31559
21.800 20.774 11.578 1.29554
0.835 23.234 12.289 1.45115
0.205 22.222 12.020 1.32553
0.000 23.670 12.381 1.75400
0.625 23.880 12.197 1.62449
4.575 23.322 11.966 1.04858
23.465 20.283 12.844 0.81357
12.065 22.149 12.593 1.07868
1.510 22.166 12.299 1.25913
1.035 23.435 11.652 1.32113
0.000 22.122 11.815 1.49487
0.615 22.257 11.451 1.80596
2.415 23.761 11.959 1.76015
0.560 22.967 11.758 1.51945
0.000 25.030 13.366 1.40832
0.450 22.391 12.642 1.38677
0.080 23.873 11.940 1.34617
0.000 25.117 13.212 1.29057
0.035 26.175 13.081 1.21872
2.660 25.121 13.376 1.32039
6.300 23.758 12.903 1.37259
0.885 21.298 12.465 1.37569
1.455 23.219 12.738 1.81062
1.580 24.122 12.287 1.50716
2.360 24.530 12.928 1.57318
1.030 24.129 12.309 1.40318
0.220 23.614 13.130 1.60909
0.275 24.297 13.116 1.38733
3.145 25.418 15.054 1.07296
1.795 21.619 14.343 0.89451
0.705 23.361 14.401 1.09958
0.720 23.636 13.836 1.06266
11.220 22.096 13.884 1.01337
43.770 21.846 13.484 0.80922
0.890 20.896 12.307 0.75843
23.625 20.741 11.624 1.12381
2.120 23.254 12.661 1.24747
9.795 24.399 14.495 0.86137
0.680 21.730 13.409 0.84526
19.835 24.931 14.230 0.87736
29.085 19.816 12.431 0.86785
3.225 21.536 13.060 1.03509
24.825 23.434 13.234 1.06769
37.185 22.132 12.066 0.95021
4.115 23.238 12.796 0.84882
0.760 21.891 12.456 1.14613
15.840 23.587 13.893 0.87768
3.115 21.666 13.476 0.57602
4.380 22.750 13.371 0.85511
23.270 19.105 12.136 0.77892
0.395 23.018 12.190 0.81424
8.435 23.218 13.208 1.16965
2.875 21.984 12.655 1.06771
2.455 24.133 13.344 0.63952
0.295 25.022 14.535 0.70958
2.260 22.466 13.847 0.75601
1.635 24.970 13.933 0.78784
0.005 25.254 14.293 0.99016
5.545 24.331 13.720 0.93540
0.000 24.502 13.327 1.14461
15.520 24.237 14.462 1.01933
11.700 21.180 13.293 0.79247
0.000 24.424 14.042 0.88428
3.775 24.611 14.745 0.83111
8.655 20.895 14.035 0.82239
21.810 19.245 12.089 0.91311
1.975 22.772 12.451 1.07253
25.325 19.844 13.142 0.83889
11.210 20.500 12.782 0.86725
3.605 21.309 13.076 1.04046
2.735 21.918 13.641 0.88272
0.275 22.269 12.951 0.87567
34.570 21.332 13.673 0.79069
7.435 18.329 11.059 0.78391
0.150 22.675 11.784 0.94824
0.395 23.672 12.557 0.95062
0.005 21.368 12.662 1.02556
0.290 23.237 13.081 0.91628
1.345 22.889 13.325 0.85281
14.410 22.377 13.469 0.85735
0.370 22.329 12.536 0.98058
1.265 22.620 11.345 1.21219
0.170 20.749 10.838 1.19907
0.330 22.513 11.687 1.19510
1.525 24.147 12.505 1.03076
0.095 23.905 11.441 1.07006
0.260 23.502 12.001 0.97998
13.660 23.183 13.076 0.79926
19.055 20.373 13.296 0.91384
6.760 19.767 13.075 0.68220
3.435 20.554 11.556 0.84938
7.250 21.381 11.547 0.88205
11.475 20.828 11.648 1.01466
0.520 19.829 11.481 0.88109
2.865 19.637 11.656 0.93210
12.010 18.012 10.757 0.67098
14.240 21.205 8.858 0.97669
0.040 23.138 9.340 1.00728
0.550 23.845 10.868 0.79439
3.675 19.775 10.650 1.10854
0.000 20.776 11.439 0.66560
0.840 21.079 10.966 1.24781
0.025 18.159 11.496 0.92081
1.435 20.280 11.156 0.85537
3.200 21.688 10.830 0.98865
0.115 22.313 11.489 0.90596
0.000 21.545 11.164 0.84423
0.420 20.069 10.394 0.94851
0.000 21.011 9.533 1.10527
0.740 20.389 9.747 0.94969
2.705 18.630 8.658 1.06673
0.000 18.317 9.305 0.83283
1.570 17.191 9.497 0.88713
14.350 15.765 9.620 0.57508
49.465 13.979 7.966 0.56079
52.150 12.590 8.199 0.50096
16.195 16.156 9.413 1.24982
0.015 19.591 7.570 1.07854
0.015 19.440 7.935 0.95973
3.460 19.237 10.666 1.00618
3.045 19.140 10.496 1.09132
0.015 19.582 10.263 0.86310
7.080 16.603 6.455 1.18362
3.645 17.824 6.827 0.66675
0.000 17.698 10.057 0.87932
0.285 16.615 4.445 1.02242
1.555 12.962 3.700 1.12062
0.020 18.256 4.120 1.22370
0.045 18.079 5.281 0.88384
0.120 18.103 7.081 0.86904
1.370 17.176 8.796 0.87152
1.615 19.103 8.718 0.85662
0.000 20.194 8.656 0.85630
0.180 18.921 8.755 0.93704
1.305 15.346 8.422 0.78239
0.295 15.802 5.264 0.89506
0.000 18.666 4.705 0.86366
0.000 17.884 2.898 0.90437
0.015 17.746 2.932 0.89880
0.000 17.770 4.409 0.91013
2.070 15.681 5.936 0.84670
0.000 13.684 6.261 0.81113
0.000 16.304 5.543 0.67135
0.000 17.728 3.627 0.78666
0.000 17.249 1.843 1.13869
0.000 17.473 1.016 0.98357
0.175 16.662 0.962 0.88995
0.000 16.255 2.325 0.80901
0.000 17.308 3.265 0.84001
1.165 12.792 3.187 1.08828
0.000 13.650 3.585 1.05564
0.015 13.902 3.655 0.94553
0.000 14.124 4.496 0.98754
0.000 14.668 4.456 1.05263
0.000 14.311 4.644 1.15342
0.000 14.654 3.338 1.30974
0.005 14.911 3.166 1.02188
0.000 12.624 3.786 1.17978
0.090 13.398 1.635 1.64566
0.000 13.188 0.952 1.06623
0.000 13.962 -0.215 1.12575
0.000 14.198 -0.183 1.19987
0.000 16.111 2.207 0.84211
0.000 14.705 3.992 0.97629
0.000 15.274 4.496 1.01864
0.000 14.435 4.123 1.24261
0.000 14.520 3.223 1.14298
0.000 13.988 3.005 1.22448
0.000 13.847 0.340 1.02748
0.000 13.213 -0.086 1.07199
0.000 13.702 -0.149 0.84762
0.000 12.698 0.141 1.01137
0.000 13.710 -1.221 1.17293
0.000 14.438 -1.247 1.14068
0.000 15.884 2.242 0.93115
0.000 12.141 3.357 0.69956
0.000 14.830 4.348 1.08009
0.590 13.269 4.221 1.22676
0.000 13.605 2.376 1.14792
0.000 13.231 2.319 1.09732
0.000 12.337 -1.434 1.21878
0.000 13.288 -1.600 0.84369
0.000 11.865 -1.297 1.26356
0.000 11.817 -4.388 1.18436
0.000 11.433 -4.522 1.00875
0.000 12.561 -1.298 1.25241
0.000 12.574 -3.001 1.45333
0.000 12.093 -3.008 1.20917
0.000 10.372 -3.416 1.50244
0.000 11.980 -3.353 0.78276
0.000 10.163 -1.952 1.05207
0.000 10.211 -2.808 1.23958
0.000 9.790 -2.840 1.41430
0.000 9.695 -3.930 0.98312
0.000 9.566 -3.967 0.94161
0.000 10.672 -3.464 1.26509
0.000 11.463 -3.650 1.32880
0.000 12.191 -3.358 1.32802
0.000 12.615 -2.640 1.12233
0.000 12.040 -1.423 1.57753
0.000 11.350 -1.560 1.84745
0.000 10.109 -2.346 1.35435
0.000 10.571 -3.018 1.15959
0.000 11.325 -3.290 1.20361
0.000 11.398 -3.085 1.35127
0.000 11.420 -1.153 1.14084
0.000 12.447 -1.922 1.25296
0.000 11.424 -1.905 1.20398
0.050 11.484 -0.639 1.38205
0.000 10.328 -3.219 1.32376
0.000 9.298 -3.346 1.13699
0.000 9.328 -3.501 1.23055
0.000 9.933 -3.647 1.40142
0.000 9.788 -3.652 1.34788
0.000 9.791 -3.467 1.42174
8.755 8.513 -2.695 1.56702
0.290 5.136 -5.274 1.59576
2.150 5.747 -5.317 1.11981
6.800 6.270 -4.061 1.58328
0.000 6.694 -4.154 1.23323
0.000 8.980 -3.191 1.16831
0.000 10.319 -2.583 1.45284
0.000 10.193 -2.420 1.49283
0.000 10.480 -2.639 1.41102
0.000 10.444 -2.464 1.56214
0.000 10.993 -1.721 1.61761
0.000 8.818 -2.344 1.43983
0.000 10.626 -2.617 1.23050
0.000 10.455 -2.169 1.40528
0.000 11.271 -1.374 1.30482
1.105 9.711 -1.258 1.53316
0.000 10.059 -2.333 1.27850
0.000 11.555 -2.778 1.33256
0.000 14.554 -3.194 1.11221
0.000 15.869 -3.151 1.34365
0.000 14.828 -2.089 1.44662
0.000 13.687 -3.612 1.54785
0.000 14.764 -3.435 1.61749
0.000 13.707 -2.903 1.97839
0.000 12.732 -2.072 1.91266
0.000 11.917 -2.280 1.54781
0.000 13.947 -2.099 1.24710
0.000 11.894 -2.475 1.75251
0.000 14.306 -2.333 1.25891
0.000 11.476 -0.712 1.57539
0.000 12.588 0.078 2.15541
0.000 12.989 0.883 2.09699
0.010 12.658 1.513 1.79821
0.045 11.129 -0.496 1.83607
0.000 12.478 -2.778 1.68424
0.000 12.215 -2.498 1.63156
0.000 13.735 -1.883 1.46242
0.000 13.355 0.211 1.33034
0.000 14.876 -1.634 1.24357
0.000 15.833 -1.405 1.55714
0.000 15.990 -0.645 1.43766
0.000 15.012 0.214 1.53460
0.000 15.215 -0.611 1.57741
0.000 14.862 -0.676 1.63865
0.000 16.802 0.037 1.32235
0.000 17.047 0.788 1.45178
0.000 16.719 1.400 1.35481
0.000 14.281 1.548 1.91276
0.000 14.196 2.150 2.22648
0.000 14.721 0.250 1.80273
0.000 15.880 0.752 1.38631
0.015 15.028 1.715 1.50733
0.000 16.309 2.417 1.52951
0.000 15.321 3.229 2.07298
0.015 15.448 2.554 1.72546
0.685 14.362 1.961 1.67150
0.000 16.064 0.878 1.58964
0.000 15.511 0.699 1.40901
3.020 13.704 -1.067 1.21841
3.495 8.717 -0.331 0.73827
0.000 13.723 -0.451 1.23401
0.000 14.950 0.491 1.62924
0.000 14.255 3.436 2.35067
0.000 16.045 3.892 2.82046
0.060 17.114 5.004 2.40521
0.000 17.168 4.357 1.95789
0.000 17.216 4.046 1.96503
0.000 18.254 5.092 1.74229
4.025 15.218 2.746 1.48601
1.325 16.081 3.517 1.24248
0.165 16.631 4.588 0.79430
5.300 12.226 2.452 1.22995
2.380 10.414 2.138 1.12538
0.110 13.397 2.738 1.28992
0.000 16.196 4.158 1.70623
0.045 16.726 3.981 1.55693
0.000 17.253 2.965 1.59671
0.000 18.320 3.570 1.62266
0.000 19.336 4.153 1.67715
0.000 18.642 5.342 1.86056
0.000 18.127 4.015 1.61734
0.130 17.818 2.953 1.66834
0.000 18.725 3.891 1.55547
0.000 19.094 4.037 1.57185
0.000 19.962 5.143 1.56689
0.000 19.140 5.009 1.49196
0.000 19.165 5.040 1.51028
0.000 19.933 5.704 1.66091
0.015 19.076 6.523 1.84713
0.035 19.797 5.753 1.73521
0.000 19.362 5.065 1.73890
0.000 19.329 4.447 1.36557
0.000 20.993 5.897 1.16391
2.400 20.032 7.875 1.39004
0.000 19.749 7.807 1.79564
0.000 18.720 6.517 1.80116
0.540 20.700 8.059 1.09829
4.575 15.198 7.162 0.88098
0.380 17.804 8.098 1.17127
0.505 18.114 5.550 0.98713
15.910 23.246 7.156 1.04544
7.825 20.904 8.224 0.76367
3.880 12.966 6.648 1.11543
2.455 16.188 5.931 1.40401
0.000 20.821 6.662 1.45476
0.225 20.825 8.307 1.58771
0.575 18.903 7.040 1.37464
8.195 18.143 5.680 1.31851
1.685 18.134 6.265 1.06280
0.105 20.011 5.161 1.40395
0.000 22.348 6.301 1.55912
0.000 22.246 7.458 1.77027
0.000 22.885 9.094 1.72550
0.315 23.065 7.727 1.64925
0.000 24.291 6.921 1.58548
0.000 24.192 8.270 1.42210
0.080 24.147 10.735 0.98774
0.485 23.205 9.861 1.33142
0.000 23.437 10.912 1.23562
0.240 23.239 9.666 1.43502
5.485 20.576 7.821 1.15647
0.525 24.161 8.418 0.93182
0.000 25.595 10.612 1.01581
1.035 23.218 11.412 1.04689
3.415 17.978 10.819 1.12222
3.575 17.760 8.534 1.58242
0.045 21.597 9.791 1.40891
0.400 21.741 10.514 1.64648
0.085 21.948 10.249 1.57797
0.855 23.188 11.897 0.86810
2.170 21.575 10.974 0.85979
1.790 24.429 12.020 0.84320
10.050 17.882 10.671 0.84636
7.565 23.128 12.398 1.13504
24.895 18.308 12.491 0.96119
12.410 17.678 10.715 0.95124
2.335 18.127 10.726 1.18764
0.135 20.933 9.819 1.43137
0.575 21.796 9.437 1.76642
1.820 23.367 10.120 1.68772
6.350 23.928 10.949 1.43308
0.050 24.850 10.517 1.36147
0.585 24.292 12.070 1.12145
0.545 19.776 11.668 1.11663
1.415 20.066 12.740 1.08658
11.490 18.598 12.148 0.77850
9.850 21.619 13.198 0.67877
2.905 22.096 13.020 1.08159
4.315 24.258 12.022 1.43721
1.420 23.524 12.064 1.23288
1.710 23.220 13.232 1.08549
0.690 20.121 12.141 0.98145
0.025 23.737 11.739 1.39104
0.025 25.320 12.395 1.26443
0.000 25.961 13.781 1.11988
13.920 24.694 13.871 1.08575
1.860 25.848 14.034 1.15642
4.630 23.477 12.140 1.42473
3.630 24.359 10.389 1.11324
0.180 25.927 13.183 1.65343
0.205 26.752 14.660 1.23077
5.860 23.133 13.154 0.87500
11.150 22.548 11.766 0.93398
0.210 22.497 11.508 0.91213
0.030 24.623 12.242 1.37988
2.745 24.208 13.278 1.31619
3.275 22.950 12.065 1.33625
1.415 24.326 13.024 1.36223
8.985 22.201 12.809 1.24504
0.000 24.530 12.768 1.23645
1.015 25.101 12.324 1.57871
0.075 23.817 12.484 1.96071
0.005 22.725 12.807 1.10765
0.470 22.166 13.387 0.89979
17.970 24.963 13.104 1.19504
3.180 24.954 14.662 0.93920
0.310 24.672 14.031 1.00670
0.135 21.247 13.036 0.96862
2.295 23.802 13.762 0.98058
14.795 19.036 10.942 1.07798
12.855 19.893 11.679 0.86813
9.135 19.663 10.880 0.97333
9.231 22.958 12.490 1.21392
19.790 17.930 10.684 0.63740
0.405 23.864 11.896 0.95028
0.000 24.739 13.055 1.09941
15.830 20.878 12.353 1.10627
9.225 22.265 12.245 1.24618
0.545 25.470 12.860 0.92502
0.210 23.288 12.662 0.83317
6.325 21.737 12.294 1.04073
0.415 24.072 13.000 1.21969
9.560 22.353 13.369 1.05058
1.055 22.540 12.787 1.15538
6.615 24.462 12.956 1.03762
6.275 25.280 14.450 0.75896
2.295 22.856 14.368 0.90873
0.040 21.172 14.126 0.95073
0.055 24.263 13.538 0.98152
1.920 19.974 13.007 1.02025
0.175 22.492 11.987 1.22428
19.650 22.485 12.813 0.88888
5.365 20.903 12.182 0.87600
4.025 20.100 10.937 1.11384
1.150 20.233 10.355 0.74171
0.000 22.567 12.003 0.84921
0.945 22.890 12.320 0.85961
2.210 24.299 12.843 0.87435
1.355 24.799 13.299 0.92027
4.920 19.831 11.460 0.90383
18.540 22.085 11.875 1.18064
62.964 19.928 11.342 1.15074
6.905 20.915 11.969 0.94795
11.915 21.487 12.290 0.99106
0.360 21.118 11.331 0.86126
2.400 24.041 13.090 0.81658
0.350 24.166 13.715 0.88237
4.090 20.218 11.682 1.04145
7.595 22.695 12.605 1.03641
9.080 20.380 10.207 0.91809
0.140 22.561 10.815 1.15541
0.025 19.873 10.509 0.88764
9.525 20.898 11.065 0.91617
5.495 20.706 10.662 0.73167
0.025 23.292 10.802 0.83717
0.210 24.368 11.462 0.81364
0.295 25.570 11.478 0.78832
0.000 25.830 11.836 0.97867
0.000 25.374 12.460 0.76307
0.000 25.181 12.852 0.81682
4.165 24.530 12.973 0.78428
3.550 21.382 13.163 0.71690
3.380 24.542 12.565 0.89451
0.465 22.025 12.465 1.12167
2.560 23.112 12.243 1.05324
3.615 22.050 12.913 0.86670
3.675 20.419 12.190 0.78488
0.590 21.591 11.659 0.96840
0.000 22.493 12.111 0.99967
0.175 23.284 12.392 0.87324
0.000 22.108 12.962 1.02402
19.120 18.294 11.147 0.76056
26.185 22.803 11.838 0.95986
0.440 22.999 11.597 1.16532
0.000 23.294 11.441 1.16042
0.470 23.402 12.498 1.05685
1.265 22.709 13.463 0.84465
8.880 22.005 12.315 0.76700
4.145 19.842 12.017 1.03004
0.000 21.093 12.256 1.07129
0.000 21.029 12.042 1.01576
0.040 20.955 10.995 0.97268
5.700 21.955 10.996 1.01644
0.000 22.981 10.612 1.09222
0.000 22.592 9.654 1.13193
4.970 22.615 10.490 0.91760
1.170 21.808 9.479 0.92123
0.270 20.513 8.962 1.02124
9.790 20.134 9.711 0.84068
0.020 17.865 6.897 1.26490
3.960 17.803 7.070 1.11340
4.630 18.712 7.828 0.85704
3.670 20.497 8.820 0.88771
0.000 20.134 9.824 0.66337
0.000 19.386 8.233 0.81688
0.000 19.796 8.311 0.93067
0.035 20.698 8.036 1.01390
0.065 21.420 7.005 1.03889
0.000 22.220 7.517 0.87918
0.000 21.968 7.981 0.97063
0.000 22.372 8.384 0.93068
0.060 20.628 8.842 1.10871
0.000 20.707 8.988 1.02878
0.000 19.958 8.397 1.03052
4.265 18.490 8.754 1.07241
3.055 13.915 9.084 0.65252
3.160 16.679 8.669 0.88818
5.040 16.669 8.826 0.88612
0.545 17.555 8.298 1.09684
4.270 17.659 7.426 1.29811
4.285 17.251 5.426 1.04066
0.000 19.533 5.051 0.89016
0.000 18.324 5.180 1.15149
2.060 18.198 5.487 1.10569
0.980 16.111 2.421 1.04244
0.000 17.602 2.427 0.86122
0.000 16.311 2.153 1.04941
0.040 16.293 2.159 1.10588
0.000 15.084 1.891 1.20551
0.000 15.167 1.413 1.08327
0.015 14.580 1.500 1.06505
0.000 14.031 -0.007 1.09966
0.000 15.033 -0.000 0.93666
0.000 14.914 1.937 0.92845
0.000 13.877 1.738 1.07889
0.120 11.048 0.807 0.79688
0.005 11.319 -0.445 0.96566
0.000 14.794 -0.589 0.80146
0.000 16.494 -1.195 1.08881
0.000 17.186 -1.206 1.15110
0.000 15.003 -0.729 1.20423
0.000 14.985 0.219 1.07825
0.000 14.400 1.826 1.13283
0.000 14.542 2.122 1.10931
0.000 12.996 2.320 1.19135
0.000 12.481 -0.963 1.26641
0.000 15.972 -1.645 1.18437
0.000 16.625 -1.564 1.04810
0.000 15.481 0.763 0.97391
0.000 16.695 0.501 1.07524
0.000 16.222 0.613 0.89977
0.000 15.609 0.646 0.82245
0.000 15.359 -0.461 1.17462
0.000 16.015 -1.320 1.06012
0.000 15.618 -1.556 1.20762
0.000 15.474 -1.704 1.13844
0.000 15.478 -1.819 1.08564
0.000 13.965 0.134 0.99618
0.000 14.859 2.485 0.97451
0.000 14.482 1.577 0.66193
0.000 14.353 0.547 1.17098
0.000 13.479 0.630 1.34401
0.000 12.796 1.652 1.46641
0.000 14.485 2.343 1.26072
0.000 14.983 2.544 1.10547
0.000 14.590 2.675 1.04511
0.000 14.553 2.372 1.08690
0.000 13.954 0.829 1.13342
0.000 12.469 0.935 1.10353
0.000 11.257 1.563 1.21907
0.000 11.297 -0.499 1.08916
0.000 11.193 -1.512 1.14249
0.000 11.173 -1.827 0.97091
0.000 11.131 -1.531 1.08547
0.000 10.685 -1.827 1.17833
0.000 11.143 -1.952 1.22931
0.000 11.566 -2.163 1.14624
0.000 11.579 -2.542 1.41806
0.000 12.977 -2.098 1.26449
0.000 13.335 -1.318 1.20800
0.000 13.284 -1.736 1.36290
0.000 13.652 -1.543 1.12232
0.000 12.511 -1.154 1.19168
0.065 13.099 -1.056 1.11812
2.575 12.925 1.031 1.06410
0.000 12.988 -0.025 1.15082
0.000 12.549 -2.452 1.25575
0.000 13.024 -2.577 1.16360
0.000 13.735 -1.744 1.27238
0.000 14.298 -0.961 1.22317
0.000 15.297 -0.556 1.40379
0.015 13.187 0.126 1.58745
0.090 11.310 0.611 1.43554
0.015 7.635 -1.887 1.17826
0.000 8.771 -3.032 1.34326
0.000 10.182 -3.068 1.35757
0.000 10.225 -2.680 1.36482
0.000 9.862 -2.574 1.25869
0.010 11.556 -1.880 1.26239
0.670 10.144 0.630 1.25396
0.005 10.597 -0.876 1.44064
0.575 10.176 -1.174 1.54168
0.430 9.919 -1.365 1.74631
0.000 9.184 -4.028 1.24340
0.000 9.185 -4.366 1.40161
0.000 10.562 -3.846 1.21917
0.105 8.022 -3.019 1.76552
0.000 8.540 -3.030 1.76458
0.000 10.132 -3.034 1.56283
0.000 10.342 -2.742 1.76259
0.000 8.450 -3.382 1.72197
0.000 9.774 -3.419 1.41619
0.000 10.480 -3.245 1.79645
0.000 10.816 -2.771 1.40809
0.000 10.858 -4.023 1.44201
0.000 12.347 -3.998 1.77208
0.000 11.121 -3.418 1.81241
0.000 10.981 -3.437 1.39544
0.000 11.647 -3.278 1.37630
0.000 13.003 -1.206 1.23540
0.000 12.678 -2.089 1.36749
0.000 12.657 -2.068 1.29315
0.000 12.041 -2.129 1.39308
0.000 13.097 -2.541 1.47464
0.000 14.268 -2.438 1.37074
0.000 12.819 -1.917 2.04043
0.000 12.408 -2.216 1.91892
0.000 15.072 -2.550 1.40990
0.000 16.549 -2.586 1.68575
0.000 14.538 -0.290 1.76424
0.000 13.282 -0.771 1.76438
0.000 12.861 -0.802 1.78177
0.185 12.022 -0.693 1.67621
0.000 13.652 -0.815 1.59235
0.000 13.350 -1.427 1.85367
0.000 14.584 -1.217 1.81039
0.000 16.105 -0.677 1.62531
0.000 15.306 1.030 1.81060
0.000 13.736 -0.473 1.50702
0.000 14.873 -0.536 1.60504
0.000 14.077 -0.561 1.58081
0.000 13.989 -1.736 1.60782
0.000 14.567 -1.387 1.80297
0.000 15.677 -0.245 1.87645
0.000 16.424 -0.964 1.99369
0.000 15.515 -0.756 1.99771
0.000 15.635 0.366 1.91693
0.000 14.805 -0.742 1.67003
0.000 14.006 -0.320 2.13187
0.105 13.538 -0.653 1.81198
1.065 11.592 -0.718 1.64591
0.560 11.204 -0.707 1.64182
0.195 11.677 -2.195 1.64017
0.000 10.602 -3.615 1.72714
0.000 14.159 -2.760 1.59834
0.000 13.863 -0.245 2.15903
0.000 13.816 1.021 2.25534
0.000 14.389 1.935 2.21952
0.000 15.774 0.861 2.01688
0.000 16.396 1.093 1.94237
0.000 16.577 0.644 1.68319
0.000 17.463 1.334 1.86188
0.000 17.388 1.949 1.93799
0.000 16.060 1.530 2.20387
0.000 16.501 2.262 1.90002
0.125 15.219 -0.063 1.82743
0.000 15.839 -0.818 1.46496
0.000 18.566 0.104 1.45117
0.000 18.618 0.620 1.53950
0.000 20.716 1.726 1.67071
0.000 17.595 4.220 2.07006
0.000 17.995 3.898 1.92065
0.000 18.476 3.263 1.16254
0.000 19.080 3.487 1.73495
0.000 18.982 4.376 1.66827
0.960 18.991 5.027 1.47225
10.055 18.279 4.397 1.68688
0.000 20.240 3.904 1.69201
0.000 19.249 4.929 1.97283
2.505 18.375 2.900 1.58938
0.415 16.286 3.597 1.06532
0.000 19.247 3.822 1.86244
0.000 22.495 5.109 1.72514
0.020 21.911 4.672 1.43532
0.000 19.614 5.833 1.74843
0.000 18.901 5.974 1.67959
2.575 17.448 7.000 1.38822
0.180 12.426 4.785 1.10492
0.110 16.696 3.521 1.47949
0.175 16.869 4.360 1.70815
0.100 17.510 5.587 1.57933
0.000 18.013 5.462 1.51082
0.000 19.207 5.642 1.83235
0.075 18.641 6.071 1.94374
0.000 19.655 5.835 1.99939
0.000 19.864 5.912 1.92880
0.000 19.616 4.974 2.05676
0.000 19.282 4.959 2.14005
0.000 19.845 7.008 2.11148
0.340 18.601 7.229 1.85025
0.470 20.500 5.966 1.20468
1.490 23.127 7.836 1.29088
4.875 16.215 6.243 1.71711
0.000 20.080 5.283 2.79279
0.000 19.630 7.207 2.39139
0.030 20.880 6.836 1.59824
0.060 19.529 6.583 2.00975
0.000 20.189 7.276 2.09209
0.015 19.311 8.626 1.99526
0.180 19.255 5.245 1.79878
0.000 20.183 5.435 2.03155
0.000 20.651 4.464 1.69278
0.000 21.279 5.576 1.80094
0.000 22.093 5.733 1.74755
0.000 22.914 8.336 1.34720
0.205 22.954 8.221 1.28467
0.520 19.506 7.429 1.22591
0.000 25.404 7.832 1.38589
0.000 25.446 7.765 1.46700
0.000 25.896 8.234 1.31536
0.000 26.677 7.946 1.43196
0.000 25.883 7.598 1.80210
0.000 25.886 9.830 1.59581
5.245 22.757 10.165 1.99343
3.495 23.994 11.019 1.66125
0.000 24.642 10.036 1.64989
0.640 25.353 9.258 1.71049
0.000 25.510 8.959 1.57156
0.000 26.343 10.101 1.40068
0.000 27.500 10.537 1.31354
0.000 26.698 11.018 1.54071
0.000 27.432 11.389 1.72389
0.000 27.521 10.758 1.68706
0.000 25.886 9.771 1.88941
0.000 26.658 10.620 1.52248
0.000 27.618 13.093 1.06517
0.000 28.837 13.179 1.24475
0.000 27.867 13.571 1.24493
0.215 26.859 14.510 1.22968
25.315 27.472 10.611 1.41031
6.160 15.573 9.612 1.29882
1.425 22.178 11.167 1.11929
8.540 21.434 12.500 0.82584
18.790 19.232 11.843 1.22190
0.630 23.901 11.229 1.68956
3.020 24.611 9.501 1.59677
0.000 23.028 11.452 1.48819
0.000 25.777 10.369 1.55054
0.000 26.574 12.393 1.17487
0.000 27.813 12.744 1.30193
0.855 26.476 13.254 1.33406
2.390 23.635 13.366 1.42694
3.495 21.314 12.551 1.43174
0.055 22.083 11.942 1.36274
0.000 24.573 11.890 1.92476
0.000 23.188 12.071 1.05694
3.525 20.070 11.835 1.05088
0.610 21.804 13.212 0.87447
0.465 23.671 12.826 1.12172
2.625 25.369 13.355 1.40830
0.090 22.314 13.742 1.25995
3.930 20.228 12.644 0.97874
5.230 21.580 12.160 1.17856
2.165 23.353 12.289 1.54736
7.465 21.529 11.787 1.42324
3.430 21.796 13.195 1.65843
2.360 21.119 13.291 1.98936
0.060 21.796 12.015 1.69625
1.235 22.811 11.487 1.42848
3.155 24.510 12.484 1.15660
3.155 25.305 14.252 1.09458
1.225 23.449 14.409 0.68488
1.580 24.602 13.937 0.90435
0.105 24.107 12.913 1.35366
2.425 23.641 12.464 1.45054
2.615 20.929 12.573 1.33459
36.925 19.592 12.876 1.00361
11.725 23.745 12.956 1.13305
0.290 24.709 12.888 1.22530
0.990 25.433 13.514 1.21180
3.130 23.646 12.527 1.32455
3.000 22.008 12.754 1.32575
0.205 22.481 12.280 1.37453
2.300 23.441 12.265 1.45167
5.585 24.688 13.433 1.16487
8.380 22.092 12.606 1.24713
7.555 21.538 12.687 1.46528
1.265 22.443 13.168 1.56936
35.260 18.813 13.558 0.78953
5.165 22.740 14.160 0.70498
7.955 22.680 13.045 0.61419
0.265 23.690 13.547 1.02611
13.790 23.045 12.829 1.67708
17.075 20.484 13.227 1.28567
2.070 22.157 13.554 0.94214
0.635 23.751 12.513 1.07796
0.930 25.037 13.871 0.98957
0.365 24.395 14.082 1.09982
15.365 23.893 13.075 0.90789
11.880 18.838 11.289 0.81965
0.235 23.213 12.315 0.87041
0.250 22.685 13.680 0.94831
11.185 23.921 13.938 0.87248
33.650 19.965 12.404 0.96264
2.975 22.804 12.814 1.04664
0.180 23.306 13.052 0.95684
1.940 24.383 13.546 0.90442
7.515 25.163 13.703 1.02815
24.385 20.338 12.359 0.69435
4.040 23.309 11.981 0.90731
0.210 24.044 12.280 1.03677
14.975 25.130 13.672 0.93488
0.265 23.864 12.532 0.91905
0.000 25.573 14.109 0.85392
0.000 26.382 14.648 0.94564
17.350 23.520 14.083 0.89535
15.030 22.885 14.683 0.81942
1.875 22.668 14.307 0.73097
0.770 23.452 13.408 0.85309
0.690 25.400 14.266 0.88266
4.190 25.105 12.553 1.35260
0.000 21.735 11.903 1.48073
0.000 22.886 12.742 0.94783
8.340 21.879 13.175 1.04565
0.000 19.867 11.891 1.11064
1.265 20.510 13.091 0.95462
17.225 21.127 12.783 0.91433
2.760 19.573 11.569 0.93956
0.051 22.845 12.382 0.66237
0.000 22.472 13.429 0.95724
0.045 23.062 14.161 0.92099
0.115 22.801 12.914 1.13388
1.490 23.712 13.009 1.14566
5.415 21.979 12.991 1.09187
9.140 21.862 13.998 0.96566
12.415 16.081 9.016 1.49679
4.390 18.187 9.887 1.09790
19.105 16.537 9.575 0.83778
11.865 17.054 9.909 0.73356
0.245 22.543 10.997 0.77556
0.000 22.425 12.195 0.84432
0.070 20.804 12.716 0.82656
1.980 23.832 12.350 1.06242
2.130 22.452 11.791 1.20262
1.030 20.921 11.839 1.11164
9.240 19.541 8.166 1.10438
1.360 11.237 6.408 1.24297
8.235 17.743 7.420 1.18049
2.745 17.242 9.890 1.07840
1.320 17.779 10.522 1.09965
0.205 21.062 11.474 1.13959
1.335 18.277 10.964 1.17035
17.075 19.926 10.826 1.11357
3.865 19.795 11.000 1.38250
1.645 20.697 11.598 1.24926
0.760 20.891 11.760 1.20012
0.025 20.218 10.994 0.98864
1.495 21.164 10.385 1.00755
0.035 22.044 11.068 0.89865
0.000 21.722 12.428 0.88202
0.180 20.873 12.590 0.72563
3.065 21.089 12.858 0.80316
1.055 19.845 10.741 0.76960
0.060 20.892 11.276 0.97933
0.015 21.238 10.163 1.01634
0.010 20.859 10.473 1.09660
0.030 20.049 9.756 1.04554
6.165 17.813 10.192 1.11870
0.000 18.914 10.408 0.92379
0.120 19.223 10.736 1.03795
0.000 20.235 10.767 0.97215
0.000 20.159 10.670 0.99856
0.745 19.436 9.819 0.95266
0.090 17.412 9.478 1.07961
1.210 17.259 9.932 0.94982
0.355 16.334 8.959 1.03254
0.015 18.517 6.209 1.14674
0.000 19.456 6.494 1.22083
0.000 18.426 4.965 1.31769
0.000 20.376 5.376 0.98627
0.000 18.482 5.352 1.15494
0.000 17.509 4.280 1.37956
0.000 18.201 3.933 1.41337
0.000 18.175 3.323 1.27473
0.000 18.344 3.354 1.25831
0.000 19.040 3.462 0.86045
0.000 17.443 3.948 1.20903
0.000 16.957 4.217 1.22647
0.000 16.379 3.968 1.42729
0.000 17.661 3.730 1.03720
0.000 18.398 3.820 0.86892
0.000 18.177 5.333 0.82179
0.000 18.161 5.541 0.88900
0.000 17.455 3.976 0.97380
0.000 17.525 3.462 0.98062
0.000 16.503 3.634 1.37816
0.000 15.920 1.358 1.51652
0.000 17.328 1.414 0.86041
0.000 16.395 3.827 1.20994
0.000 16.064 3.840 1.25577
0.000 16.244 3.942 1.20102
0.010 16.241 5.651 1.43011
0.000 15.263 2.722 1.56555
0.000 14.828 0.031 1.59912
0.000 17.346 -0.034 0.81620
0.000 14.890 1.384 1.03585
0.000 16.069 2.996 1.11284
0.000 15.346 2.925 1.30289
0.000 13.652 2.909 1.08739
0.000 15.261 2.910 1.08637
0.000 17.097 2.403 0.91977
0.000 16.448 2.187 1.04929
0.155 16.884 2.265 1.23747
0.000 16.286 2.313 1.46490
0.200 15.680 1.738 1.64894
0.000 15.295 -0.459 1.69073
0.000 14.940 -0.450 1.58462
0.000 15.266 1.178 1.25707
0.000 14.838 1.270 1.52876
0.000 13.613 1.530 1.51368
0.000 13.997 1.427 1.29378
0.000 12.821 -0.123 1.51657
0.000 13.816 -0.431 1.26430
0.000 13.648 -0.832 1.37239
0.000 13.839 -0.764 1.50972
0.000 13.865 -0.097 1.16811
0.000 14.665 -0.141 1.33297
0.000 15.210 -0.017 1.23630
0.000 14.827 -0.368 1.50012
0.000 13.272 -0.391 1.19489
0.000 15.320 -0.100 1.02749
0.000 15.275 -0.104 0.91425
0.000 13.930 2.416 1.16659
0.000 13.276 1.601 1.42528
0.000 12.104 0.930 1.27732
0.000 12.438 -0.155 1.18404
0.030 11.637 -0.332 1.49340
0.000 11.204 -1.706 1.38027
0.000 12.045 -2.081 1.43617
0.000 12.250 -2.222 1.37115
0.000 14.068 -2.361 1.37102
0.000 14.535 -2.332 1.58586
0.000 13.453 -2.240 1.07180
0.000 12.429 -1.596 1.87231
0.000 12.332 -1.531 1.75396
0.000 12.642 -0.967 1.37703
0.000 12.476 -2.173 1.11252
0.000 11.437 -2.402 0.92608
0.000 12.279 -1.819 1.22737
0.000 11.419 -1.381 1.37436
0.000 9.474 -3.089 1.28049
0.000 11.992 -3.373 1.12041
0.000 11.158 -1.611 1.52663
0.000 12.332 -1.357 1.38678
0.000 11.975 -1.328 1.34441
0.000 11.937 -1.186 1.47844
0.000 12.679 -2.892 1.28160
0.000 14.383 -2.946 1.32159
0.000 11.429 -1.205 1.30951
0.000 11.482 -2.055 1.63623
0.000 11.523 -1.993 1.63256
0.000 11.520 -1.354 1.59274
0.000 10.983 -2.383 1.79252
0.000 8.720 -2.682 1.73106
0.000 8.952 -2.897 1.15150
0.000 9.134 -2.731 1.23943
0.000 7.294 -2.793 0.90682
0.000 10.723 -2.682 1.02991
0.000 11.657 -2.378 1.11864
0.000 10.598 -2.872 1.43204
0.000 11.583 -2.898 1.21198
0.000 12.622 -1.991 1.42863
0.000 14.046 -1.707 0.97106
0.000 15.080 -1.701 1.56223
0.000 14.565 -1.696 1.56290
0.000 11.877 -1.099 1.46778
0.000 11.961 -2.006 1.43416
0.000 12.236 -2.047 1.18204
0.000 12.329 -1.747 1.40234
0.000 13.267 -1.706 1.12481
0.000 11.079 -1.711 1.34981
0.000 11.817 -1.704 0.98605
0.000 12.128 -1.584 1.16379
0.000 13.257 -0.923 1.12389
0.000 11.795 -0.080 1.16585
0.000 12.132 -1.914 1.39655
0.000 13.068 -2.724 1.41005
0.000 14.371 -2.648 1.26753
0.015 10.645 -0.854 1.16256
0.000 12.745 -0.824 1.17193
0.000 11.260 -2.705 1.55872
0.000 16.733 -2.607 1.50987
0.000 17.057 -0.712 1.98554
0.000 17.032 -0.175 1.88542
0.145 16.091 2.297 1.57025
0.180 14.922 1.587 1.89320
0.000 14.852 1.061 1.63564
0.000 16.130 0.872 1.64555
0.070 16.775 0.986 1.65534
0.000 17.030 2.660 1.94973
0.000 16.587 1.947 1.75528
0.000 16.491 1.910 1.49496
0.000 16.847 2.196 1.61258
2.950 16.116 3.156 2.02204
0.075 12.600 0.108 1.76885
0.000 14.241 0.200 1.40657
0.000 15.987 0.714 1.41612
0.000 15.635 1.726 1.37546
0.000 17.988 1.957 0.93569
0.000 18.206 1.762 1.39181
0.000 18.712 2.105 1.35521
0.000 16.840 2.378 1.62939
0.000 18.203 1.329 1.53258
0.000 19.319 1.629 1.59905
0.000 18.417 2.182 2.14444
0.000 18.757 2.840 1.87573
0.000 20.152 3.332 1.40939
0.000 18.876 3.819 1.18262
0.000 18.725 4.339 1.46059
0.000 18.887 2.664 1.30468
0.000 18.998 1.309 1.48948
0.000 17.927 1.686 1.07822
0.000 18.170 2.464 1.42011
0.000 16.342 2.976 1.80819
0.000 17.256 3.356 1.45302
0.000 16.204 2.904 1.74174
0.000 13.352 1.868 1.48811
1.845 18.714 2.501 1.18642
0.000 17.353 4.004 1.43572
0.000 18.445 5.066 1.88567
0.600 18.216 4.757 1.87695
0.015 18.975 3.660 2.01987
12.125 13.799 1.123 1.47539
0.000 14.380 0.102 1.74721
0.000 18.935 1.236 1.10243
0.000 17.809 2.658 1.54520
0.060 15.599 2.829 1.59507
0.030 16.956 1.514 1.65971
0.000 20.283 2.941 1.76741
0.075 18.059 5.717 1.80780
0.000 16.765 4.314 1.52106
0.000 17.251 3.063 1.99275
0.000 20.819 4.733 1.59596
0.045 18.477 6.472 1.96543
0.255 19.518 5.415 1.80307
1.525 18.266 4.404 1.86845
0.000 18.580 5.366 1.81531
0.515 18.180 3.967 1.94352
0.595 19.802 4.818 2.08886
0.690 17.671 5.803 2.49888
0.000 18.812 5.343 1.95213
0.000 18.218 3.864 1.86966
0.000 18.291 3.416 2.09300
0.000 20.669 4.946 1.69482
0.000 22.022 7.093 1.56694
0.000 18.476 7.810 1.91157
0.850 19.823 7.536 2.10818
4.795 19.498 7.131 1.91787
0.610 20.030 7.605 1.83427
0.615 21.889 7.631 1.64440
0.590 17.729 6.013 1.74170
1.595 13.852 4.748 1.02338
0.000 18.446 5.300 1.58743
0.000 18.985 4.734 1.87060
0.000 20.121 4.692 1.92740
0.000 21.362 6.510 1.58906
0.360 19.411 6.232 1.72892
0.035 20.165 5.825 2.02895
0.320 19.737 6.042 1.76443
0.000 21.455 7.460 1.57278
0.000 21.740 7.220 1.41240
0.000 22.462 7.968 1.49104
0.000 22.644 10.047 1.55563
0.220 19.115 7.290 1.22623
0.000 18.453 7.691 1.31431
0.170 21.856 10.114 1.20845
2.415 20.841 9.738 1.66076
0.000 20.569 9.627 1.48481
1.655 19.676 6.555 1.17359
0.320 16.115 5.511 1.05379
0.060 18.283 5.240 1.49084
0.215 18.190 6.683 1.33141
0.000 20.281 7.576 1.35793
0.030 20.054 9.175 1.38324
0.645 17.939 9.067 1.14957
12.790 18.182 8.397 1.10487
0.260 19.627 8.124 1.19504
3.185 21.131 8.790 1.32770
0.000 20.188 8.958 1.94897
0.460 19.816 9.149 1.86431
0.100 22.330 9.581 1.64327
8.150 23.462 12.001 1.50321
2.070 21.724 9.220 2.09863
0.000 22.038 8.731 1.61988
1.300 22.316 8.526 1.78740
0.300 24.386 9.677 1.06895
0.000 25.766 11.020 1.24322
0.000 22.026 10.509 1.00598
2.580 23.941 11.800 0.82545
22.415 18.312 11.507 0.69774
6.815 22.228 9.837 1.27669
0.000 26.935 12.311 1.24845
0.000 25.847 12.219 1.39917
0.000 25.271 12.167 1.57114
0.000 24.044 12.213 1.43257
0.100 21.803 12.051 1.34855
0.000 24.720 11.758 1.76968
0.000 23.473 12.348 1.21568
2.650 21.625 13.095 0.85609
0.820 21.295 11.765 0.95283
0.055 24.199 12.807 1.18491
2.730 23.280 12.181 1.27478
0.000 22.751 12.142 1.13333
0.110 22.843 11.660 1.45123
0.070 24.865 11.768 1.72539
26.900 25.064 9.576 1.37093
11.380 20.648 7.569 1.78279
0.000 24.376 9.440 1.24530
0.000 25.702 10.192 1.40625
0.000 26.060 10.826 1.41640
0.000 26.685 11.565 1.29875
0.000 26.833 13.848 1.16575
0.000 27.967 15.062 0.99696
1.200 21.494 13.841 1.00459
0.415 24.431 12.424 1.35171
3.530 25.105 14.272 1.22463
6.365 23.428 14.448 0.97737
6.695 22.143 12.986 0.89063
0.875 26.587 14.549 1.05667
2.775 24.667 14.411 0.94570
2.790 26.063 13.520 1.13621
0.040 25.821 13.225 1.53974
0.375 24.053 12.586 1.49227
2.020 19.539 12.154 0.91483
0.150 23.888 12.841 1.35697
0.665 24.358 13.669 1.38977
4.495 24.597 13.747 1.72618
5.485 22.268 13.075 1.42061
0.700 23.343 12.446 1.26707
1.100 26.172 14.096 1.32295
1.450 23.828 14.444 1.44794
6.720 19.336 12.219 1.08126
1.895 24.440 12.080 1.24261
0.000 24.781 12.527 1.47366
0.985 22.404 13.274 1.58022
1.985 20.835 12.731 1.60706
0.750 20.662 12.677 1.38775
8.365 22.331 12.682 1.14095
2.085 23.848 12.672 1.16623
12.925 22.858 14.303 0.92080
0.000 21.917 12.832 1.01288
0.000 25.626 14.394 0.89842
0.290 23.410 13.270 1.06350
1.650 24.706 13.430 1.27875
30.525 20.209 12.771 1.24424
13.780 23.083 12.999 0.94467
15.770 23.515 13.578 0.88609
13.360 23.262 13.761 1.00059
12.360 23.483 14.126 0.92793
0.235 21.149 13.437 0.97581
25.470 23.031 13.610 1.10897
32.445 21.196 12.097 1.04407
0.470 21.650 12.746 1.06108
17.465 24.156 13.673 0.82800
11.075 22.781 13.869 0.86674
6.065 22.617 13.300 1.18092
4.795 22.610 12.645 1.13832
2.035 23.487 13.835 1.00484
2.200 22.989 13.292 0.74779
1.440 21.175 11.674 1.04310
0.060 25.640 12.480 1.09721
1.950 25.063 12.914 1.26917
0.000 21.063 11.446 1.31647
13.975 22.543 12.270 1.21465
43.105 22.278 13.315 0.99125
15.665 21.639 12.428 0.84985
0.075 22.375 12.841 1.08433
2.875 22.335 13.413 1.02307
18.425 20.714 12.470 0.97600
1.790 20.735 12.929 0.77190
0.040 20.330 12.153 0.83800
3.120 24.682 13.296 0.65152
3.675 24.047 13.114 0.81257
19.970 23.322 12.345 0.83169
3.570 24.388 11.869 0.88987
0.840 23.895 11.741 1.16278
0.000 23.142 12.437 0.96407
0.040 21.991 12.395 0.96135
0.675 22.533 12.933 0.99703
0.000 24.343 13.326 0.81536
0.150 26.001 14.291 0.66706
2.125 25.322 13.389 0.81723
5.285 23.120 13.412 1.01401
1.630 21.263 12.271 1.27863
0.340 23.222 12.211 1.12706
0.695 22.815 12.142 1.14993
14.165 21.020 12.934 0.95507
1.420 21.151 12.219 0.95895
22.430 21.606 12.672 1.04688
16.875 20.968 12.664 1.12447
4.475 18.735 12.129 1.01213
0.835 20.189 12.097 1.04424
8.280 19.922 12.058 1.11534
31.860 17.808 9.800 1.37216
4.950 18.583 9.851 0.97215
36.900 17.519 11.347 0.95692
14.485 17.451 11.389 0.92074
25.610 17.946 11.919 0.72354
2.200 18.389 12.079 0.77035
7.445 18.570 10.978 0.70784
1.390 21.599 10.739 0.74403
0.000 23.650 9.812 0.84277
0.070 22.004 10.439 0.80285
0.740 20.131 11.079 0.75725
0.590 19.871 11.290 0.92825
0.025 21.873 10.877 0.89492
0.270 23.859 11.921 0.84423
1.255 23.695 12.884 0.76606
2.025 19.390 12.696 0.66952
0.215 21.368 12.620 0.67645
0.055 23.091 12.406 0.78949
2.705 21.864 12.904 0.63794
2.915 20.483 11.688 0.82989
0.755 18.767 11.635 0.91107
0.040 17.018 11.661 0.96610
1.805 18.536 8.561 0.61517
0.000 21.426 7.442 1.18208
0.025 20.941 7.977 1.14729
0.385 21.117 8.436 0.87666
0.090 20.018 8.760 1.03748
0.000 18.038 9.594 0.82381
1.620 20.052 9.909 0.99333
3.630 18.199 10.110 1.09331
8.790 17.624 9.911 0.55317
7.580 15.694 8.465 1.22588
20.630 14.961 6.272 1.53261
2.120 16.024 6.853 1.14282
0.000 21.318 7.178 0.69893
0.000 22.323 6.485 1.04372
0.000 21.681 6.665 0.85972
0.000 21.219 7.066 0.96320
0.000 20.894 7.702 1.01472
0.000 21.870 8.133 0.65597
0.000 18.402 9.408 1.14403
0.000 19.435 9.602 1.13644
0.000 18.155 9.176 1.08778
0.000 19.227 9.326 1.01220
0.000 18.817 9.142 0.91951
0.025 16.385 6.136 0.93205
1.890 18.885 6.394 0.95412
3.650 14.662 7.807 0.55007
0.905 15.967 6.121 0.68518
0.000 17.012 5.948 0.71054
0.165 16.769 6.088 1.04696
0.280 14.570 6.497 1.04602
0.095 15.066 6.579 0.84072
0.045 15.425 5.623 1.12803
0.015 14.468 2.764 1.34434
0.000 16.531 2.571 1.09791
0.000 15.089 0.426 1.27294
0.000 15.623 0.496 1.07482
0.000 15.656 1.238 1.08699
0.000 15.872 1.922 1.02185
0.000 16.014 2.140 1.10815
0.000 16.539 1.677 1.09472
0.000 17.185 1.524 0.92957
0.000 16.586 0.629 1.16828
0.000 17.139 0.671 1.34586
0.000 18.199 1.142 1.18658
0.000 18.570 1.077 0.83331
0.000 18.156 2.934 1.04224
0.000 17.154 1.849 1.10814
0.000 16.137 1.223 1.17097
0.000 15.871 1.205 1.03627
0.000 16.398 1.814 1.03161
0.000 17.131 2.183 0.94094
0.175 16.499 2.618 1.02703
0.000 16.637 2.065 0.89052
0.040 14.983 1.271 1.13508
0.000 15.359 1.207 0.97242
0.000 13.221 0.895 1.28400
0.000 13.712 -0.785 1.23430
0.000 13.409 -0.976 1.43223
0.000 14.966 -0.779 1.04263
0.000 15.014 -0.213 1.18367
0.000 14.760 2.151 1.17333
0.000 14.235 0.925 0.86983
0.000 14.938 0.857 0.91374
0.000 13.987 2.726 1.15989
0.060 14.722 2.066 0.97386
0.000 13.317 1.729 0.95670
0.000 13.849 -0.499 1.06050
0.000 16.703 -0.657 0.81796
0.000 14.130 -0.052 1.19916
0.000 14.999 -0.270 0.87632
0.000 13.553 -0.882 1.14519
0.005 13.549 -1.140 1.15924
0.020 14.859 -0.837 1.28640
0.000 14.117 -1.066 1.07614
0.000 13.575 -0.250 1.24988
0.000 12.308 -1.912 1.33797
0.000 11.763 -2.077 1.28632
0.000 10.303 -1.870 0.98971
0.000 10.159 -2.128 1.15498
4.975 4.403 -5.925 1.99479
0.000 0.768 -8.214 1.18920
0.000 7.371 -8.143 0.77191
0.000 7.231 -4.343 0.80789
0.000 6.520 -3.961 1.02158
0.000 7.058 -3.235 1.12672
0.000 8.804 -2.166 1.00887
0.000 9.920 -3.543 1.50061
0.000 10.637 -3.571 1.22073
0.000 12.008 -3.329 1.12017
0.000 11.796 -2.705 1.27005
0.000 11.636 -2.516 0.93731
0.000 11.678 -2.311 1.39382
0.000 12.154 -2.118 1.46281
0.000 11.287 -2.248 1.57151
0.000 11.833 -2.417 1.22265
0.000 13.338 -2.069 1.20806
0.000 12.518 -2.083 1.37928
0.000 11.325 -2.889 1.54398
0.000 11.580 -3.025 1.12721
0.000 12.175 -2.978 1.16759
0.000 11.290 -3.008 1.55776
0.000 9.814 -1.893 1.75229
0.000 8.932 -2.675 1.53409
0.000 11.242 -2.536 1.34063
0.000 11.407 -1.869 1.35988
0.000 11.010 -1.436 1.67964
0.090 10.749 -0.983 1.46413
0.000 6.881 -3.351 1.17991
0.000 10.911 -3.499 0.77199
0.000 10.908 -1.292 1.18394
0.000 12.241 -1.228 1.47958
0.000 11.782 -2.542 1.41951
0.000 13.560 -2.620 0.83448
0.000 13.566 -1.847 1.11110
0.000 12.043 -1.795 1.35008
0.000 7.716 -4.146 0.90321
0.000 13.032 -4.081 0.95835
0.000 13.993 -3.134 1.28976
0.000 14.137 -2.398 1.72060
0.000 15.781 -1.917 1.65871
0.000 16.258 -1.940 1.36936
0.000 15.173 -0.783 1.23136
0.000 14.518 -1.669 1.45218
0.000 13.279 -2.005 1.55608
0.000 15.763 -2.007 1.11223
0.000 15.885 -2.153 1.26682
0.000 14.940 -2.309 1.53693
0.000 15.569 -2.651 1.52019
0.000 16.561 -2.628 1.41302
0.000 18.409 -2.393 1.14904
0.000 14.485 -1.417 1.72823
0.000 14.151 -1.398 1.81425
0.000 12.219 -1.648 1.88251
0.000 13.837 -1.433 1.33095
0.000 11.382 -1.106 1.86877
0.000 12.145 -0.730 1.88087
0.000 12.121 -1.387 1.86756
0.000 12.531 -1.191 2.19678
0.000 11.739 -0.448 2.05977
0.000 12.527 -2.570 1.50738
0.000 12.861 -2.284 1.86067
0.000 13.561 -0.583 2.11561
0.580 12.224 0.877 2.01631
1.765 8.299 -1.412 1.25031
0.030 8.626 -4.008 1.05229
0.000 12.402 -3.799 0.97069
0.000 11.991 -1.173 1.51532
0.000 13.419 -1.412 1.72539
0.000 15.093 -1.018 1.64189
0.000 15.927 0.072 1.81815
0.000 14.694 -0.228 1.96063
0.000 16.415 -0.499 1.40982
0.000 16.121 -0.062 1.58283
0.000 14.689 0.632 1.84575
0.000 15.172 1.500 1.92252
0.000 16.409 0.545 1.84159
0.000 14.254 1.136 2.03421
0.000 15.098 1.247 2.03387
0.000 16.118 1.790 1.46311
2.705 14.717 2.838 2.06153
0.000 13.911 0.892 1.68938
0.000 14.989 -0.040 1.72944
0.000 15.754 0.263 1.60497
0.000 16.436 0.448 1.51642
0.000 17.436 1.203 1.57107
0.030 13.361 1.095 1.72146
0.000 17.228 1.296 1.68834
0.310 16.693 2.315 1.52385
0.000 16.471 1.845 1.36172
0.000 17.807 1.010 1.71849
0.000 20.057 1.236 1.26778
0.000 19.248 2.777 1.66309
0.000 18.284 5.373 1.98884
0.000 17.964 4.718 1.51433
2.810 16.678 2.654 1.48213
0.480 11.971 2.395 1.08583
0.000 14.040 2.522 1.54127
0.985 12.192 1.085 1.10018
0.000 14.882 1.727 1.53210
0.000 17.159 2.541 1.57464
0.000 16.872 3.604 1.46595
0.000 18.383 3.911 1.81399
0.000 19.485 5.382 1.51642
0.045 18.491 6.379 1.96215
0.000 18.383 5.982 2.08722
0.875 18.970 7.036 1.90925
0.420 17.337 5.150 1.88064
0.000 17.090 4.155 1.69756
0.000 17.919 3.772 1.40290
0.225 16.511 3.498 1.29166
0.230 15.312 2.353 1.26718
0.000 18.730 3.725 1.35320
0.000 19.907 6.252 1.39677
0.000 18.672 7.080 1.28656
0.135 19.697 6.673 1.84528
0.000 21.190 6.956 1.68620
0.000 19.439 5.196 1.85124
0.000 21.474 5.140 1.60980
0.000 21.515 5.317 1.48011
0.000 21.116 5.144 1.65474
0.000 20.752 5.508 1.94044
0.000 20.751 5.629 1.90881
0.000 20.854 7.055 1.88946
0.000 22.666 6.980 2.05067
0.005 24.294 7.878 1.61403
0.000 22.882 8.882 1.97419
0.000 23.413 8.337 1.95337
0.000 23.893 7.815 1.90005
0.000 22.814 8.598 2.25069
0.000 22.934 7.956 2.07280
0.000 22.042 7.892 1.77127
0.000 22.190 8.596 1.51110
0.000 22.117 8.832 1.27961
0.115 21.583 7.865 1.62319
0.940 22.685 8.189 1.51890
0.000 23.109 7.438 1.24689
0.000 24.719 9.657 1.35533
7.350 19.130 8.729 1.05436
0.815 18.206 8.039 1.49900
0.105 19.725 8.148 1.25259
0.845 20.682 8.339 1.26931
1.955 17.519 7.370 1.60985
2.640 18.955 5.235 1.53825
0.735 18.283 7.326 1.64582
2.050 20.386 10.102 2.46841
0.000 21.615 9.658 2.40490
0.190 21.394 8.477 1.53701
0.000 22.438 9.083 1.72861
0.000 23.253 9.145 2.13594
0.015 22.574 10.790 1.91737
0.000 21.836 8.292 1.89671
0.000 23.210 7.792 1.94682
0.000 24.070 7.933 1.83924
0.000 24.681 9.183 1.75525
0.000 25.542 10.896 1.46545
0.000 24.831 10.431 1.88297
0.075 24.641 10.254 2.08922
0.000 25.417 10.076 1.92412
0.000 25.920 10.795 1.70326
0.000 26.379 11.206 1.58144
0.000 27.030 12.012 1.55694
0.075 25.466 13.945 1.32148
0.265 22.876 12.058 1.07398
1.025 25.133 12.502 1.59053
0.000 26.802 11.940 1.71431
0.000 26.513 10.753 1.62088
0.000 27.600 12.144 1.59373
0.000 27.538 11.342 1.54282
0.000 27.473 12.530 1.80220
0.000 28.397 12.709 1.74099
0.000 27.557 13.002 1.57841
0.000 29.419 11.943 1.54621
0.000 29.460 14.312 1.35592
3.310 24.965 13.404 0.99375
0.000 23.883 12.609 1.14429
2.735 26.126 12.936 1.33816
0.335 21.546 13.380 0.90258
0.000 23.647 14.654 0.95786
5.375 21.878 14.338 1.05530
24.365 23.278 13.839 1.28197
6.700 20.839 13.540 1.09425
20.495 19.794 14.112 1.08509
14.395 19.591 12.452 0.83653
6.940 18.044 11.505 0.92353
8.830 23.268 13.076 1.22317
0.105 22.037 12.321 1.39242
0.920 21.741 12.387 1.50007
0.970 20.942 12.903 1.15134
0.005 23.907 12.817 1.24415
1.685 24.910 13.722 1.21912
0.000 25.042 13.523 1.42051
0.210 26.379 12.999 1.48279
0.420 25.436 12.275 1.41399
0.185 25.744 13.013 1.35553
14.890 21.239 13.814 1.07578
43.045 21.372 13.760 0.62272
1.325 23.222 14.309 0.93155
5.845 23.344 13.973 0.97777
7.270 21.080 12.572 1.08061
0.100 22.447 12.027 1.37170
0.000 23.545 12.580 1.05742
0.010 26.451 14.568 1.18039
49.775 21.823 14.142 1.21100
7.280 24.280 14.036 0.78377
0.315 25.624 16.049 0.74393
2.385 25.342 16.326 0.82748
13.260 21.556 12.682 1.02828
30.834 25.235 14.427 1.04461
17.345 24.007 14.477 0.98162
3.405 22.795 13.969 0.97439
9.520 21.274 12.963 1.10562
15.510 19.359 13.129 0.93129
3.075 22.066 11.500 1.23723
26.255 23.220 13.401 0.80403
4.785 22.562 14.305 0.85826
0.000 24.212 13.733 0.74640
12.085 23.358 12.880 1.10575
0.620 24.059 13.921 0.94638
7.765 22.527 10.870 1.15409
0.000 20.696 12.061 1.12016
0.000 24.016 12.671 0.88503
2.490 23.966 12.935 0.77853
2.480 24.371 12.794 0.84655
14.740 23.551 13.076 0.95340
1.320 21.295 12.515 0.94691
0.375 24.116 13.846 0.91795
8.005 23.004 13.764 0.95585
10.065 23.786 13.434 1.03116
39.490 23.542 14.334 0.95162
1.700 20.404 12.750 0.93825
7.895 24.350 13.793 0.87526
30.460 22.607 13.458 1.06894
10.685 20.504 12.782 0.86928
14.355 24.430 14.051 0.87138
0.345 24.375 13.814 1.08159
0.035 24.062 12.995 1.16982
2.295 23.707 13.605 1.24071
0.000 24.135 13.521 1.35928
0.170 23.327 13.499 1.39244
0.450 20.863 13.050 1.09489
1.360 19.631 12.298 1.05689
1.045 18.590 11.729 1.05994
0.935 18.973 11.854 0.99664
0.000 23.444 12.048 1.23778
0.170 22.896 13.077 1.23890
25.690 21.558 13.045 1.13045
0.000 22.450 12.626 1.10461
0.000 23.881 13.275 1.13240
0.680 20.669 12.558 1.09059
1.500 19.948 11.951 1.11059
3.290 21.419 13.061 1.10430
3.090 20.712 12.793 0.90074
0.905 21.367 12.028 0.84514
8.270 20.814 12.164 0.69263
7.790 19.127 12.597 0.89024
3.310 21.261 13.198 0.77508
0.975 22.607 12.443 0.90112
0.050 22.176 11.471 1.06900
0.000 22.849 12.382 0.89719
3.350 22.903 12.489 1.02178
0.390 24.564 13.043 0.78295
0.890 21.089 12.882 0.93558
0.330 23.067 13.095 1.06558
3.135 23.848 13.478 0.88621
13.860 22.885 12.952 0.88634
0.215 22.062 10.824 1.13102
0.095 22.670 11.437 1.05822
4.115 23.482 11.710 1.05541
0.000 23.279 11.794 1.10599
0.085 22.078 11.479 1.21146
0.000 22.741 10.884 1.12349
0.000 23.794 12.078 1.01833
0.000 24.441 12.873 0.81481
0.165 23.789 11.981 0.96774
1.100 25.252 12.786 0.78895
2.960 20.149 9.981 1.29645
4.735 17.634 10.828 1.16507
4.935 20.640 11.100 0.77016
17.080 19.176 10.888 0.86488
0.210 17.346 10.811 0.71835
0.290 21.054 10.865 0.92284
0.745 21.139 11.951 1.13928
5.815 16.756 10.958 0.92101
12.330 16.834 10.483 0.94700
0.000 19.839 8.649 1.17559
0.695 20.697 8.793 1.14411
0.000 22.052 8.107 1.15009
0.000 22.506 8.615 0.84711
0.000 21.111 6.147 1.06742
0.000 21.474 6.898 1.02890
0.295 21.472 6.915 0.97331
0.000 20.195 5.962 1.17166
10.760 20.814 6.723 0.76115
0.060 18.984 6.148 1.23543
0.000 19.736 6.422 0.99822
0.000 20.460 7.551 0.83019
0.000 20.854 6.982 0.98452
0.000 20.966 7.028 1.15970
0.070 20.731 7.512 0.93205
0.000 20.344 8.456 0.89851
0.090 19.933 8.963 0.74111
0.380 19.375 10.233 0.95480
0.000 19.975 9.810 1.05927
0.000 21.212 9.671 1.22554
0.025 19.210 7.925 0.93094
0.070 20.265 8.254 0.95304
0.100 17.985 7.827 0.99872
4.000 13.906 6.167 0.88827
0.000 18.667 3.995 1.19659
0.345 19.013 4.354 0.91829
0.000 18.226 4.104 1.01046
0.000 18.122 2.906 0.97203
0.000 18.144 3.031 0.90376
0.000 18.551 4.477 0.86955
1.125 18.432 6.890 0.72911
15.980 12.949 6.212 0.73757
3.905 9.982 4.255 0.47724
0.000 15.657 4.447 1.01511
0.000 16.851 4.310 1.20449
0.000 17.041 4.530 1.15634
0.000 17.883 5.532 1.07523
0.045 18.147 6.061 0.95365
0.025 17.641 6.062 1.25862
0.000 17.044 3.464 1.35831
0.000 15.947 3.482 0.69286
6.990 15.135 5.514 1.25278
0.000 18.251 3.255 0.95085
0.040 18.087 2.489 1.21667
0.000 17.694 2.591 1.24154
0.000 17.521 2.863 1.19223
0.000 17.648 2.850 1.05023
0.000 16.961 5.220 1.19593
0.000 15.272 5.112 1.19564
0.000 16.379 5.200 1.31456
0.570 15.793 5.110 0.99321
0.000 15.205 4.945 1.30971
0.055 15.159 4.943 1.06740
0.000 15.130 1.900 1.30727
0.000 16.046 1.397 1.03554
0.000 14.708 0.971 1.37252
0.000 14.558 1.152 1.09576
0.000 14.591 2.904 1.16859
0.000 14.733 1.388 1.40055
0.000 14.000 -0.711 1.42502
0.000 15.962 -1.279 0.93958
0.000 13.111 -1.347 1.38652
0.000 13.474 -1.308 1.26824
0.000 11.962 -0.736 1.37073
0.000 13.169 -1.130 1.32710
0.000 16.465 -1.329 0.89836
0.000 14.722 0.849 0.99457
0.000 14.939 0.755 1.22558
0.000 14.913 1.208 1.10476
0.000 14.073 2.504 1.12875
0.000 15.625 2.420 1.36189
0.000 15.378 2.737 1.50719
0.000 14.749 1.465 0.94989
0.000 13.991 0.802 1.31095
0.000 14.774 1.201 1.42905
0.000 15.126 0.592 1.36530
0.000 13.290 -1.431 1.50250
0.000 13.309 -1.499 1.07994
0.000 14.230 -0.347 1.34106
0.000 14.702 -0.246 1.52532
0.000 14.467 -0.145 1.30005
0.000 12.277 -0.031 1.17498
1.930 7.906 -0.512 1.23113
0.335 6.607 -4.318 0.98884
0.000 10.963 -4.450 0.93716
0.000 11.693 -3.476 1.34858
0.000 7.598 -3.518 1.08650
0.000 10.847 -2.632 1.35552
0.000 13.630 -2.618 1.15532
0.000 12.729 -1.121 1.32457
0.000 12.910 -1.504 1.18463
0.000 12.334 -2.218 1.28271
0.000 12.506 -2.222 1.14197
0.000 11.950 -1.070 1.03180
0.000 12.298 -2.162 1.23378
0.385 13.368 -2.199 1.17458
0.290 14.838 2.630 0.74049
0.000 14.735 3.094 1.04519
0.000 15.950 1.899 1.28078
0.000 16.585 1.658 1.49722
0.000 15.739 1.734 1.53217
0.000 12.890 1.027 1.57282
0.000 13.584 0.279 1.03880
0.000 12.733 0.296 1.27305
2.950 11.092 1.302 1.15600
11.050 7.579 -4.170 1.07583
1.770 4.292 -4.344 0.87248
0.930 3.669 -5.399 0.75914
0.000 9.215 -5.438 0.83983
0.000 10.352 -3.433 1.08354
0.000 10.769 -2.479 1.15138
0.000 12.395 -2.752 1.35366
0.000 13.366 -2.779 1.01919
1.940 9.752 -0.831 0.83552
1.730 8.955 -4.004 1.01723
0.000 6.861 -3.842 1.12477
2.025 10.720 -3.987 1.18677
0.000 12.749 -3.901 1.06154
0.000 12.946 -2.938 1.50746
0.000 13.069 -2.865 1.62746
0.000 12.408 -2.714 1.72766
0.000 14.565 -2.771 1.36129
0.000 14.842 -2.701 1.56079
0.000 14.653 -2.695 1.69605
0.000 13.569 -0.781 1.77964
0.000 13.526 -0.917 1.46509
0.030 11.359 -0.426 1.64565
0.000 10.663 -1.343 1.64231
0.000 10.563 -1.671 1.20917
0.000 13.171 -1.686 1.07349
0.000 13.777 -1.525 1.35950
0.000 12.861 -1.752 1.42168
0.000 11.986 -1.674 1.10730
0.015 12.470 -2.605 1.66608
0.000 13.545 -2.570 1.30615
0.000 12.742 -1.673 1.49588
0.000 13.275 -1.322 1.53981
0.000 13.003 -0.592 1.68474
0.005 13.021 -0.815 0.86724
0.030 13.168 -0.557 1.16002
1.175 11.624 -1.847 1.38321
0.000 9.766 -3.199 1.54039
0.060 13.376 -2.978 1.21457
0.000 11.548 -2.521 1.18706
0.000 14.245 -2.264 1.13935
0.000 13.377 -1.215 1.31294
0.000 11.438 -0.657 1.53027
0.000 12.458 -1.059 1.60226
0.000 15.077 -0.680 1.45765
0.210 11.625 -0.213 1.25607
0.000 16.334 0.253 1.65983
0.000 16.648 1.639 1.94545
0.000 16.656 3.056 1.80174
0.000 15.890 2.699 1.99892
0.045 16.113 2.585 2.05914
0.000 17.158 2.158 1.86920
0.000 16.892 2.599 1.64292
0.000 17.449 3.630 2.31320
0.000 16.922 4.248 2.13939
0.000 14.967 2.342 2.24822
0.000 14.259 1.381 2.03641
0.000 16.002 0.768 1.76826
0.000 16.075 0.069 1.83871
0.000 17.312 0.620 1.49847
0.000 18.681 1.993 1.67990
0.000 18.194 3.766 1.86160
0.000 18.525 1.801 1.72396
0.480 19.026 1.905 1.60190
0.000 19.458 2.486 1.83393
0.000 18.186 3.664 1.90163
0.000 18.011 3.994 2.08347
0.000 18.965 3.389 2.27825
0.000 18.767 3.967 2.17678
0.000 18.955 5.093 1.81282
0.000 18.241 2.506 1.79446
0.000 18.951 3.066 1.49937
0.000 20.482 3.910 1.32550
0.000 19.805 5.124 1.67869
0.195 20.106 6.033 1.19524
6.810 17.442 6.266 0.88825
1.820 16.427 5.396 1.10558
0.045 15.470 4.349 0.90124
0.000 16.229 4.103 1.10484
0.000 17.127 4.528 1.31353
0.030 21.133 5.156 1.31901
0.000 20.777 6.361 1.89906
0.215 19.233 6.531 2.12754
0.030 17.014 4.343 2.17278
2.610 17.402 3.922 2.02006
0.030 15.926 5.180 2.06247
0.000 17.962 7.103 1.99621
0.005 17.454 6.536 1.88229
1.545 14.926 5.434 1.40074
0.000 19.121 5.274 1.52102
0.990 19.469 5.906 1.82860
0.000 19.423 6.218 1.78090
0.000 18.548 4.750 1.74464
0.075 18.203 4.463 1.33623
0.040 15.246 3.032 1.21893
0.155 18.754 4.765 0.76496
0.015 18.654 7.993 1.66575
0.000 21.605 8.306 1.11015
0.000 23.188 8.437 1.80334
0.000 19.849 7.784 2.16065
0.260 18.438 8.377 1.90454
1.380 18.896 3.744 1.97409
0.000 22.079 5.484 1.70690
1.835 21.750 7.450 0.98307
0.120 16.104 8.152 1.39825
0.030 18.328 7.162 1.53263
0.135 15.670 7.260 1.08202
0.310 15.621 7.610 1.09735
1.050 16.857 7.503 1.41324
0.060 16.805 7.257 1.18283
0.000 19.755 7.607 1.19200
0.015 20.923 8.098 1.40365
0.000 19.796 5.363 1.96799
0.000 21.006 7.356 1.70148
0.000 21.421 8.518 1.60140
0.000 21.928 7.627 1.63163
0.000 22.376 7.938 1.66177
0.000 22.370 6.870 2.12123
0.000 23.474 8.696 1.54475
0.005 19.330 7.203 1.64176
0.065 20.500 8.925 1.09374
0.210 20.268 7.327 1.14310
0.000 23.703 8.531 1.77100
0.000 21.983 10.728 0.80577
5.945 19.747 8.667 1.49856
0.000 21.138 8.441 2.10299
0.000 23.996 10.635 1.93126
0.260 23.232 11.338 1.55792
0.000 23.467 11.169 1.32766
1.375 19.912 10.569 1.41151
1.725 20.234 8.987 0.86488
0.000 24.703 10.776 1.40286
0.000 25.885 11.989 1.12706
0.020 26.116 12.930 1.14417
0.425 24.660 12.355 1.48155
0.015 22.588 8.780 1.40652
0.000 23.276 10.436 1.48335
0.380 25.187 10.948 1.70541
0.000 25.351 11.031 1.80312
0.000 25.166 9.740 1.80787
0.000 24.163 9.511 2.04776
0.000 25.759 11.866 1.65048
0.000 25.933 12.866 1.23220
0.360 13.356 11.179 1.82715
0.000 26.192 11.049 1.94631
0.000 24.525 9.778 1.62738
0.000 27.745 12.076 1.43417
0.000 28.289 12.676 1.51896
0.010 26.471 12.222 1.47173
0.040 23.203 11.967 1.59691
0.180 24.034 12.080 1.56962
0.005 21.626 11.016 1.05758
5.915 22.061 11.476 1.48524
0.120 22.482 11.615 0.88466
4.075 19.794 11.357 0.78096
3.260 20.087 11.122 1.21918
2.370 20.710 11.704 1.24284
9.390 22.145 11.881 1.30100
0.700 23.096 11.866 1.46587
0.045 21.734 11.814 1.35679
0.000 21.436 11.519 1.30890
1.400 25.564 12.465 1.26748
0.000 25.295 11.988 1.33454
0.000 24.848 12.571 1.35300
0.000 23.976 13.071 1.21419
1.345 24.370 12.217 1.37382
0.000 27.588 13.409 1.43675
0.000 28.291 13.983 1.32665
0.000 29.182 15.666 1.34480
0.005 27.014 14.464 1.64704
0.000 23.406 14.587 1.44476
0.000 27.966 14.492 1.90226
13.720 26.352 14.129 2.24035
2.435 24.174 12.554 1.75579
0.430 23.294 12.359 1.55160
0.115 26.748 13.737 1.69769
0.000 25.830 13.624 1.46912
0.000 26.848 13.972 1.14466
8.755 20.476 10.797 1.27341
0.085 24.852 11.665 1.25610
0.235 27.375 13.867 1.16626
0.000 26.696 14.062 1.28626
28.775 25.869 12.078 1.16975
0.065 22.085 11.627 1.06654
0.000 26.490 13.959 0.92584
0.000 27.879 15.229 1.23754
1.385 23.949 14.066 1.07358
0.890 25.914 13.183 1.29371
4.910 21.928 10.940 1.19582
10.000 16.732 10.390 1.10570
33.450 18.010 10.034 1.04071
6.955 20.162 11.401 0.86046
12.755 19.164 11.105 0.81962
0.145 20.160 12.624 0.61561
4.570 20.981 12.896 0.80778
0.400 20.169 12.160 1.08496
20.910 18.629 10.972 0.77307
15.855 18.495 8.679 1.14852
0.000 24.101 10.889 1.10535
0.140 23.681 11.724 0.93343
1.140 19.605 10.530 0.86534
25.580 22.355 11.555 0.86467
5.895 20.989 11.798 0.82923
4.385 20.316 11.677 0.94774
1.225 23.357 12.305 0.99627
0.475 23.284 12.263 0.69748
0.625 24.479 12.918 1.02935
26.220 22.246 12.374 0.88381
33.900 22.793 12.852 0.98035
18.725 21.709 12.707 0.61659
3.030 22.990 13.527 0.95843
8.590 19.496 12.803 0.81633
5.615 20.794 12.939 0.72612
65.360 21.533 12.628 0.87716
5.440 18.294 11.695 0.64471
0.000 23.313 11.931 1.07799
0.110 24.662 13.386 0.93290
0.000 24.554 12.476 0.88642
5.135 22.288 13.625 1.06076
5.715 23.899 13.734 1.08951
0.210 23.035 13.549 1.31885
0.145 19.829 12.244 1.22544
0.000 22.047 13.160 1.37360
4.995 21.052 12.697 0.93843
0.000 21.027 11.298 1.18167
0.000 21.617 12.616 0.85013
5.385 19.772 12.936 0.86558
1.695 19.070 11.922 0.97508
1.220 21.665 12.111 1.26075
0.000 23.473 12.958 1.01751
2.165 22.699 12.739 0.75760
2.740 22.582 11.607 1.11751
2.630 20.788 11.402 0.79700
7.720 17.991 11.923 0.61605
9.385 19.638 12.335 0.65805
13.085 19.934 11.841 0.97420
10.015 20.248 12.332 0.85114
17.120 19.472 12.602 0.81190
0.130 21.540 12.446 1.00825
0.000 23.673 11.958 1.08760
5.600 23.813 13.325 1.00771
5.055 20.610 11.734 0.95934
13.750 22.566 11.791 0.95144
14.200 24.157 12.820 0.88814
18.065 22.095 13.055 0.85442
4.180 22.227 12.344 1.05402
0.155 23.248 13.220 0.99193
6.120 17.993 9.578 1.15393
0.735 20.817 10.081 0.96867
0.000 20.166 11.454 1.00263
0.000 21.838 11.899 0.97038
0.470 20.600 12.510 0.91291
0.330 20.767 12.020 0.79413
0.000 21.740 12.250 1.00441
11.150 20.285 10.539 1.06987
0.000 19.195 9.869 1.38179
0.075 22.315 11.114 1.40611
2.015 20.551 12.537 0.91524
0.000 23.330 11.413 1.12064
0.000 23.086 11.803 1.27566
0.130 22.494 12.143 1.16382
0.000 22.590 12.250 1.00396
0.000 22.671 11.255 1.05366
0.000 23.294 10.629 1.04950
0.000 24.031 9.890 1.03049
0.000 24.601 8.967 1.08851
0.000 23.598 9.636 0.96286
0.000 21.733 10.462 1.16269
0.000 22.025 10.886 0.89316
0.000 22.633 10.562 0.68005
0.000 20.715 10.649 0.72663
0.000 21.841 11.070 1.05283
1.625 20.242 11.352 0.68564
53.505 17.475 4.319 0.96198
29.830 9.124 4.595 1.38114
0.000 14.747 4.610 1.36665
1.565 11.565 3.502 1.25829
3.945 15.890 4.483 0.88453
1.840 16.195 6.346 0.77574
0.055 17.147 7.224 0.65824
0.000 16.990 6.129 0.64904
0.000 18.236 6.327 0.96621
0.435 17.751 6.404 0.87714
0.000 17.722 6.026 0.75427
3.670 18.622 4.964 0.80498
0.000 20.937 5.236 0.81002
0.000 19.960 3.338 1.05624
0.000 19.436 3.678 1.04932
0.000 18.394 4.306 1.12723
0.000 17.371 3.424 1.23845
0.000 19.323 3.228 1.13858
0.000 19.436 3.414 1.08267
0.000 17.503 2.566 1.16759
0.000 17.750 2.812 1.29977
0.005 16.165 4.338 1.02011
0.315 15.733 6.615 0.87829
4.345 15.709 7.376 0.70063
7.685 11.039 3.982 0.81846
0.000 14.756 4.141 0.99882
0.000 15.914 5.319 1.14468
0.105 15.273 5.110 1.20023
0.000 15.171 2.220 1.30746
0.000 15.695 2.226 1.36058
0.000 16.079 1.134 1.28767
0.000 17.336 1.018 0.98488
0.000 16.598 1.903 1.19513
0.000 15.869 1.757 1.23256
0.000 14.072 1.043 1.03934
0.000 16.173 0.739 1.09338
0.000 17.109 0.070 1.22797
0.000 15.052 0.037 1.53392
0.000 15.105 3.035 1.26143
0.000 15.343 3.434 1.35618
0.220 15.704 3.476 1.33668
0.925 12.843 2.508 1.04948
0.000 15.470 0.623 1.20936
0.000 17.421 0.658 1.09443
0.000 16.931 -0.504 1.26588
0.000 16.926 -0.427 1.10986
0.000 15.788 -0.676 1.32756
0.000 16.299 -0.667 1.07536
0.000 15.470 0.470 0.90820
0.000 14.508 4.081 1.16060
0.000 13.666 4.557 1.52670
0.000 13.848 0.616 1.51725
0.000 15.723 0.560 1.13624
0.000 15.078 1.913 1.35678
0.000 15.588 2.145 1.36694
0.000 14.308 2.072 0.83899
0.045 9.808 2.940 0.87187
0.015 10.191 0.246 1.22398
0.000 13.603 -0.063 0.95206
0.000 13.698 -0.311 0.72400
0.000 12.613 -0.141 0.79446
0.000 11.567 0.330 0.93610
0.000 12.352 -2.004 1.19027
0.000 13.123 -2.176 1.11306
0.000 12.429 -1.185 1.54113
0.000 11.334 -1.396 1.62829
0.000 11.362 -1.596 1.29096
0.000 10.638 -1.598 1.37522
0.000 10.250 -0.727 1.17088
0.090 9.273 -0.787 1.04481
0.000 8.644 -0.873 1.07953
0.005 9.060 -0.126 1.32110
0.005 7.704 -3.015 1.36094
0.000 8.272 -3.118 1.32992
0.000 9.434 -2.294 1.38353
0.000 10.002 -2.205 1.46585
0.000 10.747 -2.604 1.58700
0.000 11.520 -2.104 1.29733
0.000 9.703 -3.011 1.38906
0.000 10.676 -3.235 1.14771
0.000 12.921 -0.781 0.95608
0.000 12.603 1.418 1.17563
0.000 12.337 2.054 1.09345
0.000 11.551 0.759 1.03200
0.000 11.878 0.030 1.04806
0.005 10.612 -2.758 0.99593
0.000 12.424 -3.092 0.96004
0.000 10.441 -2.738 1.36191
0.000 10.059 -3.741 1.30676
0.000 11.987 -3.689 1.22728
0.000 11.300 -2.352 1.26175
0.000 11.644 -2.310 1.14710
0.000 10.781 -2.722 1.30809
0.005 8.822 -3.197 1.23931
0.000 9.272 -4.736 1.29143
0.000 11.945 -4.831 1.24328
0.000 12.136 -3.507 1.27611
0.000 10.127 -2.183 1.32871
0.000 8.930 -3.216 1.39589
0.000 11.530 -3.221 1.24760
0.000 9.065 -3.862 1.51877
0.000 11.670 -4.027 0.95608
0.000 11.307 -2.980 1.16630
0.000 10.737 -2.886 1.42804
0.000 11.573 -2.312 1.52543
0.000 11.112 -0.478 1.76830
0.760 10.724 -1.933 1.39149
0.000 10.572 -2.747 1.30847
0.000 8.544 -4.317 1.24699
0.000 7.452 -4.347 1.31420
0.000 7.331 -3.383 1.16325
0.175 3.917 -4.085 1.13218
0.000 5.490 -4.829 1.23562
0.000 9.883 -4.829 1.25809
0.000 10.894 -4.058 1.16160
0.000 11.719 -2.282 0.99811
0.000 10.366 -1.071 1.23981
0.060 11.585 -0.364 1.32353
0.000 11.911 -1.850 1.70821
0.000 13.761 -2.260 1.07926
0.000 14.459 -2.270 1.05412
0.000 13.038 -1.486 1.02203
0.000 11.904 -0.999 1.07759
0.000 12.944 0.858 1.54364
0.465 11.779 0.254 1.58748
0.000 11.064 0.338 1.68239
0.000 11.689 -1.352 1.98761
0.000 10.962 -1.345 2.01751
0.000 13.403 -1.904 2.04461
0.000 13.977 -1.802 1.82672
0.000 14.101 -1.813 1.62855
0.000 13.940 -1.636 1.83572
0.000 14.565 -0.295 1.84527
0.000 15.454 0.728 1.83244
0.000 16.917 2.144 1.24724
0.000 12.494 2.311 1.80852
0.795 14.523 6.336 2.43221
0.080 14.922 5.653 1.77835
0.000 14.481 2.650 1.66185
0.000 12.939 2.843 1.67788
2.015 12.975 0.859 1.22270
0.140 12.827 1.106 0.91853
0.035 14.133 0.894 0.75111
0.320 15.006 1.183 0.85715
0.045 12.252 0.719 0.92696
0.000 13.114 1.093 1.17902
0.000 13.530 0.396 1.31181
0.000 16.215 0.934 1.48376
0.000 14.638 1.762 1.62268
0.505 16.319 1.517 1.21175
0.000 16.554 2.010 1.58439
0.000 15.664 2.702 1.95524
0.215 16.407 2.887 1.92551
0.060 15.932 3.341 2.00854
0.580 16.045 3.720 1.68528
0.030 15.970 3.551 1.96500
0.000 16.948 3.513 2.07464
0.000 18.270 4.629 1.88726
0.000 17.419 5.454 2.09198
2.370 16.652 4.165 2.03558
0.120 16.280 3.367 1.81587
0.000 15.520 0.120 1.91875
0.000 18.320 0.733 1.41576
0.165 16.177 1.953 1.69252
0.000 17.379 2.834 1.58433
0.000 16.777 3.635 1.69110
0.915 17.939 4.384 1.78333
0.000 15.284 2.566 1.18455
0.000 14.759 1.314 0.90603
0.000 18.976 2.214 1.51357
0.000 20.000 4.258 1.32749
0.000 16.986 6.534 1.57955
0.275 17.945 6.935 1.90817
1.780 15.911 4.221 2.18016
0.000 21.241 5.306 1.45462
0.000 18.628 4.928 1.48817
0.070 17.754 5.340 1.69781
1.295 15.783 3.947 1.42036
0.000 21.578 5.298 1.41494
1.405 20.552 7.414 1.63122
2.705 17.667 8.243 1.92777
0.000 17.098 6.896 1.62633
0.000 20.282 7.804 1.77488
0.015 19.475 7.054 2.12517
0.015 19.578 6.878 2.14249
0.000 19.241 7.396 1.73384
0.000 20.655 7.149 1.83974
0.835 19.296 7.515 2.25470
0.095 19.404 7.114 2.05641
0.270 19.364 7.227 1.89105
0.135 17.451 4.150 1.87987
4.330 18.741 4.649 1.58620
0.000 20.436 5.776 1.13792
22.335 14.922 6.704 1.36927
9.485 19.407 8.835 2.15926
3.970 17.562 6.310 1.31608
5.920 13.108 6.679 1.25554
17.010 17.890 6.276 1.55604
4.530 17.241 9.044 2.48075
0.030 19.313 7.516 2.40209
0.260 18.090 6.119 2.23928
1.285 20.737 6.607 1.57562
0.410 19.821 7.911 1.35176
0.075 21.127 8.753 1.88880
0.015 19.963 8.556 1.58362
0.000 21.354 7.918 1.72582
0.000 19.391 7.069 1.72828
0.000 19.870 7.996 1.15718
0.075 17.596 5.004 0.95265
0.000 20.022 6.295 1.42863
0.000 20.898 6.527 1.52380
0.000 20.040 7.804 1.77770
0.000 21.135 9.063 1.76839
0.000 20.379 9.111 1.79347
0.000 21.578 9.043 1.48334
0.000 22.754 9.838 1.01506
0.995 24.737 9.765 1.24792
0.000 22.667 9.956 1.30831
0.195 21.406 9.530 1.56729
0.000 18.357 8.481 1.60953
6.340 19.424 8.386 1.19011
0.060 19.822 8.727 1.43292
0.975 20.794 9.194 1.72532
0.320 19.176 7.442 1.75473
0.125 20.866 8.893 1.48299
0.575 21.507 11.118 0.97963
31.675 18.548 11.495 0.99807
32.855 18.891 10.379 1.80135
35.135 17.721 8.373 1.29501
0.000 19.782 9.236 0.97308
0.000 22.530 10.972 1.31729
0.250 23.852 9.328 1.37930
0.000 22.521 9.410 1.40015
0.000 23.833 11.339 1.38961
0.000 23.987 11.276 1.23644
0.165 21.553 10.428 1.45424
0.175 23.515 10.859 1.58587
0.000 23.512 11.222 1.57000
0.000 21.567 10.686 1.44326
0.000 24.649 12.055 1.10140
0.000 24.853 12.165 1.23180
0.065 21.534 10.892 0.70835
4.030 23.013 9.626 1.41071
5.481 23.492 12.639 0.96095
6.370 19.910 12.236 0.97927
0.295 19.142 11.536 1.02140
15.485 22.154 12.472 1.11558
2.335 20.948 13.224 0.75529
11.150 18.965 12.413 0.82676
1.075 19.486 11.712 0.95547
0.000 21.019 11.892 1.25268
6.800 22.735 13.628 0.85789
8.715 18.565 11.931 1.00062
1.145 21.547 11.655 1.33660
0.905 22.253 12.283 1.65999
7.630 20.860 12.285 1.40011
2.930 20.057 12.520 1.22040
0.590 21.165 12.492 1.26702
0.120 21.495 12.379 1.39390
0.345 23.921 12.382 1.43067
1.490 21.682 12.945 1.03755
0.365 24.042 14.196 1.11954
0.010 22.660 13.804 1.21939
3.375 23.993 14.085 1.17968
37.235 24.113 14.528 1.03358
40.305 24.868 14.282 1.03555
1.960 20.294 13.459 1.06806
3.485 19.497 12.593 0.80279
1.300 21.177 12.944 1.08369
26.820 20.124 11.243 1.46062
0.000 23.890 12.624 1.29881
2.800 22.553 14.391 1.02037
84.224 19.930 13.428 1.08718
9.615 19.681 13.528 0.68429
0.685 22.014 14.405 0.99132
14.455 21.420 13.737 0.96239
14.500 22.004 13.617 0.99230
1.220 23.059 13.213 1.02378
1.635 25.131 13.899 1.06693
3.425 23.364 15.154 0.82249
25.365 21.626 13.778 0.93099
1.410 19.252 12.954 0.77822
1.370 20.814 12.421 1.28565
5.965 21.940 12.638 1.27003
5.965 20.879 13.082 1.56749
4.620 19.800 12.293 1.27945
0.550 22.497 13.318 1.15929
3.090 23.185 13.389 1.28267
20.025 19.084 12.042 1.17751
3.815 18.719 12.012 1.56366
7.120 17.554 11.273 1.24507
0.220 22.134 11.618 1.00780
0.135 24.363 12.162 0.99868
2.640 23.196 13.033 0.73176
0.000 21.320 12.159 0.85778
0.000 22.722 13.641 0.69764
2.615 19.911 12.432 0.68833
2.595 19.566 12.102 0.67320
7.240 21.667 13.052 1.05092
4.820 23.998 13.788 0.77425
0.900 24.056 13.021 0.91514
1.295 25.303 13.500 0.81469
0.535 20.108 13.107 0.61612
28.760 19.544 13.556 0.77287
0.500 23.433 13.044 0.90447
11.630 23.051 13.573 0.93772
4.305 20.148 13.279 0.68204
6.595 22.556 13.586 0.71378
11.920 24.190 14.035 0.72301
10.820 24.183 13.294 0.76016
0.160 25.737 14.352 0.83051
5.360 24.757 14.159 1.00999
11.210 23.519 13.904 1.00397
2.255 22.979 13.341 1.00212
0.000 25.313 12.299 0.81234
12.585 27.513 14.290 0.89909
0.280 26.151 14.650 1.07995
0.000 23.852 13.896 1.52322
0.000 24.148 14.420 0.99992
21.715 22.395 13.504 0.63479
0.000 23.403 13.053 0.96550
0.000 24.992 14.016 0.59601
1.260 24.767 13.781 0.80165
4.920 23.956 15.011 0.66719
3.275 22.367 13.064 0.68172
0.555 23.062 13.601 0.84664
0.000 23.783 12.794 1.05846
9.910 23.329 13.136 1.07277
0.320 20.551 12.407 1.29165
2.800 21.210 12.212 1.30036
0.000 22.277 11.595 1.17991
0.000 22.511 12.595 0.98694
1.145 22.156 13.227 0.97425
1.795 22.629 13.098 0.94085
24.275 23.516 13.668 0.77586
1.100 21.849 13.471 0.91548
0.565 22.577 13.139 1.02340
4.725 20.940 12.378 0.92003
0.495 20.635 9.550 1.37831
0.000 21.821 10.104 1.31055
0.000 20.861 11.060 0.94856
0.000 21.619 11.690 0.83355
0.305 22.101 12.288 0.98501
0.000 22.717 12.377 0.80956
4.880 23.519 12.418 0.89995
1.845 22.976 12.519 0.80699
1.535 22.950 12.412 0.80630
3.915 19.994 11.216 0.97149
45.325 16.944 10.168 1.14562
6.620 16.360 9.312 0.96437
0.305 19.913 9.857 0.94841
0.135 19.555 11.024 1.08214
0.485 21.040 11.148 1.13465
0.000 22.473 11.785 1.05116
0.000 22.690 11.372 1.04713
0.000 22.926 12.021 0.78677
7.215 21.518 12.695 0.64359
0.000 21.410 11.669 0.71504
0.630 22.613 10.638 0.77897
6.185 22.423 10.555 0.80808
0.000 23.721 9.723 0.94499
0.000 23.498 9.266 0.79136
7.010 21.556 9.816 0.79468
0.380 19.922 9.397 0.84320
0.000 20.290 9.764 0.88856
0.070 20.555 11.307 0.84272
0.175 17.176 10.490 0.79342
0.000 20.686 10.086 1.12871
0.085 20.196 9.637 1.23212
0.180 21.585 9.971 1.08321
0.620 19.703 11.165 0.98465
0.120 18.990 9.948 1.01998
0.000 20.001 9.845 1.15600
0.000 21.485 8.710 0.91572
0.000 20.188 8.082 0.80507
0.000 20.654 8.435 0.74873
0.140 20.926 7.273 0.80566
0.000 20.509 6.816 0.86220
0.000 20.556 5.396 1.09267
0.000 20.416 4.220 1.04184
0.000 19.416 4.371 1.09105
0.000 18.893 4.560 1.11717
0.000 19.545 6.561 0.99238
2.180 19.172 8.626 1.03664
0.000 18.645 9.517 1.22454
7.555 17.961 9.286 1.45822
12.560 14.707 8.975 1.08052
10.255 13.671 8.463 0.66644
5.830 15.312 6.840 1.01486
0.065 15.584 5.283 0.65372
0.000 17.875 5.482 0.89160
0.000 16.297 7.076 0.72963
3.925 18.034 7.614 0.88655
0.000 17.345 5.608 1.19012
0.000 17.172 5.641 1.18703
1.700 16.593 8.315 1.16568
16.345 16.870 8.671 1.19819
32.675 16.321 8.286 1.27669
0.000 18.354 4.397 0.98235
0.000 18.286 4.339 0.85022
0.000 17.232 4.162 1.44431
0.000 17.572 4.147 1.33998
0.000 17.913 4.692 1.35311
0.000 18.043 3.166 1.17537
0.000 17.228 1.980 1.20687
0.000 16.949 1.699 1.32667
0.000 16.411 -0.212 1.32550
0.000 16.860 -0.843 1.13909
0.000 15.936 -0.858 1.16559
0.000 15.181 -1.555 1.31999
0.000 16.761 -1.612 1.16798
0.000 16.338 -1.485 1.02536
0.000 16.281 -1.255 0.90223
0.000 14.875 0.103 1.25311
0.000 14.270 -0.398 1.38190
0.000 13.678 0.150 0.98769
0.000 14.676 0.764 0.99121
0.000 11.738 2.500 1.00516
0.000 14.087 2.374 0.89306
0.000 14.664 3.209 0.91456
0.000 13.476 2.977 1.16913
0.000 13.081 2.238 1.20232
0.000 13.479 1.509 1.04959
0.000 14.214 -1.072 0.77602
0.000 16.265 -1.156 1.09838
0.000 14.745 -1.456 0.97197
0.000 15.736 -1.464 0.80627
0.000 16.917 -0.814 0.93717
0.000 16.158 -1.105 1.25257
0.000 16.115 -1.501 1.04969
0.000 14.205 -2.097 1.46012
0.000 14.360 -2.107 1.45191
0.000 15.407 -0.603 0.89583
0.000 14.543 -0.760 0.92612
0.000 13.956 0.899 1.00388
0.000 13.726 1.275 1.03179
0.000 15.118 2.494 1.34525
0.000 13.613 2.022 1.52521
0.000 13.877 2.076 1.22272
0.000 13.609 1.810 1.32053
0.000 15.550 0.291 0.81246
0.000 14.088 0.200 0.95199
0.000 12.996 2.195 1.34748
0.000 13.398 2.532 1.66870
0.000 13.957 1.060 1.37428
0.000 13.459 0.980 1.18728
0.000 10.466 0.454 1.02595
0.000 13.104 0.167 0.64139
0.000 13.109 -1.701 1.10213
0.000 13.841 -1.907 0.97863
0.000 13.307 0.012 1.08816
0.000 13.180 0.720 1.04337
0.000 12.856 0.595 1.01007
0.015 9.908 0.467 0.65976
0.150 8.264 0.215 0.91352
0.000 10.687 0.324 1.00107
0.000 9.253 -2.329 1.08186
0.000 11.416 -2.379 1.07233
0.000 11.950 -2.393 1.26344
0.000 11.495 -1.881 1.27018
0.000 11.562 -1.448 1.22839
0.000 11.653 -1.550 1.36149
0.000 11.984 -1.988 1.18982
0.000 10.898 -2.153 1.24868
0.000 11.380 -2.925 1.42355
0.000 13.524 -2.760 1.06597
0.000 12.681 -1.200 1.31095
0.000 11.828 -1.166 1.43102
0.000 13.244 -1.345 1.45314
0.000 14.659 -1.474 1.26013
0.000 13.037 -1.352 1.44164
0.000 14.447 -0.502 1.17486
0.000 15.215 0.159 1.27179
0.000 14.621 0.237 1.31553
0.000 14.043 -0.710 1.30385
0.000 17.260 -0.889 1.03505
0.000 16.126 -1.179 1.45883
0.000 15.716 -1.009 1.22890
0.000 12.356 -0.939 1.61536
0.000 13.327 -1.275 1.21828
0.000 13.658 -1.242 1.27631
0.000 12.060 -0.392 1.26518
0.000 13.256 -0.563 1.31767
0.000 12.290 -0.744 1.32831
0.495 10.313 -3.152 1.42467
0.000 17.181 -2.922 1.23867
0.000 17.724 -2.328 1.68751
0.000 17.543 -2.101 1.67252
0.000 12.559 -1.666 1.84516
0.000 15.966 -1.603 1.05685
0.000 15.354 -0.419 1.46630
0.000 14.506 0.334 1.57963
0.000 13.731 -1.155 1.39078
0.000 15.168 -1.058 1.25331
0.000 14.048 -0.108 1.45508
0.000 13.792 0.018 1.29575
0.000 12.722 -2.829 1.31422
0.000 16.514 -2.651 1.45366
0.000 16.903 -1.413 1.38638
0.000 16.738 0.054 1.46392
0.000 17.096 0.608 1.69833
0.000 13.601 3.339 1.85794
0.120 13.253 4.061 2.00508
5.420 13.996 3.945 1.88921
1.200 14.199 2.761 1.83145
0.060 13.417 0.922 1.75315
0.000 13.323 0.491 1.33680
0.000 13.517 -0.071 1.50796
0.000 13.552 -0.013 1.49440
0.000 15.220 -0.870 1.29415
0.000 15.219 -0.471 1.20551
0.000 14.521 1.710 1.96977
0.000 13.944 2.188 2.18706
2.685 14.786 2.950 1.90028
0.000 13.615 3.396 1.90582
0.000 14.371 3.281 2.07732
0.000 14.594 0.041 1.78240
3.960 13.342 0.598 1.32285
0.060 12.245 0.832 1.55784
0.000 13.995 1.393 1.83350
5.660 13.380 3.616 1.46583
1.135 12.290 1.900 1.95668
0.000 14.424 -0.558 1.75831
0.000 15.995 -0.483 1.54534
0.000 16.499 0.395 1.64794
0.000 17.292 1.652 1.55482
0.140 15.332 1.464 1.45415
1.325 14.645 1.272 1.58018
0.000 12.683 -0.753 1.68312
8.535 13.510 0.189 1.15526
0.000 12.136 -2.287 1.64027
0.000 18.119 -0.949 1.51164
0.000 20.425 0.799 1.67470
0.000 17.693 4.231 1.62660
1.070 16.872 2.369 1.61748
0.535 17.134 3.249 1.17040
8.020 14.724 3.121 1.51544
0.930 19.981 4.057 1.33367
2.735 18.024 6.753 1.43090
17.430 12.233 2.045 1.17823
0.000 19.220 2.702 0.95446
19.990 12.265 4.247 1.09764
0.405 14.855 4.467 1.67384
0.015 15.625 4.435 2.00933
2.525 14.695 4.372 1.45385
0.000 17.048 4.504 1.56358
0.000 19.846 5.585 1.55845
0.000 19.221 6.754 1.78379
0.000 20.678 7.819 1.98210
0.000 19.910 6.242 2.26631
0.000 19.960 6.591 2.18584
0.000 19.495 6.201 1.82577
0.000 19.082 5.200 1.20711
0.000 19.554 5.017 1.38547
0.000 18.324 6.401 1.66545
2.200 18.062 7.497 1.47368
18.115 17.388 7.034 1.43329
40.945 12.542 3.209 1.26659
2.560 18.906 4.636 0.88803
0.370 19.822 7.085 1.86668
1.230 16.763 6.270 1.24215
1.955 18.108 7.493 1.01868
6.200 19.495 8.814 1.13754
8.070 18.116 9.222 1.03366
2.620 17.804 8.838 1.59650
0.000 17.652 7.509 1.42756
1.135 19.304 8.236 1.45451
0.000 18.338 7.164 1.44435
0.000 18.545 7.609 1.30188
0.000 19.186 7.386 1.62255
0.250 18.867 7.502 1.83494
0.000 18.520 7.140 1.64041
0.000 18.037 5.532 1.91918
0.000 21.051 6.438 1.56104
0.000 21.933 8.066 1.25207
0.000 19.794 8.546 1.52460
0.000 18.798 7.205 1.55857
0.070 18.518 6.068 1.34563
0.000 23.152 7.535 1.22761
0.000 23.028 8.976 1.28840
0.000 21.236 9.101 1.21525
0.000 20.572 6.759 1.21551
0.000 20.349 8.876 0.84447
0.000 23.092 10.151 1.14788
1.065 18.499 6.942 1.17595
5.500 17.923 6.890 1.36570
30.290 14.138 6.034 1.37698
0.000 18.432 6.912 1.02287
0.000 21.416 10.258 1.04014
0.185 22.325 10.647 1.42359
0.000 21.921 10.941 1.57661
0.000 23.432 11.255 1.52744
0.000 24.531 10.348 1.48929
0.000 24.377 11.573 1.22141
0.390 23.274 12.489 1.24093
2.735 21.712 10.613 1.11482
1.245 17.458 9.577 1.01523
2.995 19.563 11.343 0.93927
2.320 17.076 11.077 0.96062
0.210 21.609 12.074 1.15541
1.450 22.801 13.098 1.18264
1.290 20.504 12.469 1.92661
1.050 21.709 11.960 1.62810
0.000 22.120 11.605 2.00341
0.425 21.549 9.386 1.97235
0.000 20.043 9.102 1.78731
0.000 24.342 9.149 1.38574
0.000 25.263 12.350 1.03545
0.000 25.567 12.155 1.14777
0.000 25.040 12.156 1.16865
0.000 24.347 13.606 1.20311
1.715 22.383 13.709 0.98894
0.255 19.811 13.211 0.96755
0.000 24.048 12.486 1.28868
0.375 25.312 13.341 1.36833
0.395 23.965 12.153 1.31192
0.000 24.238 12.687 1.35212
0.000 23.978 12.627 1.43604
2.570 21.536 11.818 1.39777
3.565 23.326 13.260 1.26037
1.505 20.399 13.059 1.06672
5.250 19.321 12.603 0.96616
2.440 19.711 12.066 1.24322
3.990 21.982 12.903 1.06052
6.180 23.963 13.221 1.29770
0.000 22.821 13.230 1.24811
0.000 23.207 13.013 1.06745
9.630 19.993 12.555 0.95324
0.350 23.645 13.045 0.98322
8.400 24.255 12.662 1.25690
0.885 23.895 12.579 1.29060
6.540 20.322 12.766 1.21713
10.415 21.010 12.727 1.45459
3.590 21.863 12.551 1.53283
10.460 21.723 13.598 0.96081
9.445 19.473 13.421 0.80273
5.525 23.344 12.997 1.06550
2.035 20.785 13.298 1.09593
7.570 23.005 13.412 0.90050
0.895 21.101 13.131 1.07593
35.219 19.618 11.108 1.02979
0.080 21.971 11.634 0.98196
12.380 21.588 12.375 0.99175
5.830 18.438 11.502 0.88341
0.000 19.218 11.734 0.73142
21.805 23.663 13.624 0.83998
0.545 22.662 12.544 0.90654
9.835 22.459 13.202 1.11319
1.710 24.855 13.831 1.17415
0.515 23.238 13.251 1.08379
0.860 21.644 12.829 1.15463
0.260 23.602 13.496 0.74965
8.030 21.691 12.896 0.98047
8.545 21.036 13.118 0.96939
11.445 18.463 12.247 0.82861
11.160 18.754 12.819 0.61430
7.955 21.735 11.928 0.86001
2.145 23.979 11.862 1.14497
8.760 25.315 13.857 0.88122
0.340 20.772 11.715 0.86298
0.000 24.797 13.263 0.85395
6.835 24.884 12.770 0.97784
1.690 25.082 12.998 1.21864
0.230 23.718 13.149 0.98638
17.080 24.277 14.577 0.77649
12.905 21.932 15.026 0.71512
9.780 24.758 14.398 0.69610
2.300 24.270 14.746 1.00072
0.735 23.240 14.315 1.01592
2.985 23.641 12.924 1.42801
40.630 21.648 14.267 1.19677
11.530 19.655 12.754 0.86102
1.380 19.778 12.300 1.12855
2.160 18.575 11.949 1.12816
4.590 20.298 11.334 1.26623
6.010 23.474 11.325 1.38387
29.050 23.829 13.378 1.07190
24.510 19.041 13.149 0.69184
3.435 24.289 14.481 0.79133
29.165 22.696 13.203 0.87521
5.710 20.140 11.955 1.04337
0.195 23.027 12.348 1.12306
0.000 24.275 13.653 1.02618
0.455 24.503 13.344 0.93098
0.000 22.979 13.162 1.06617
15.825 26.091 14.573 0.75013
3.310 21.983 13.473 0.71220
6.730 22.286 12.859 1.26443
0.335 21.357 12.814 1.35813
0.000 23.234 13.866 0.91596
5.825 24.130 13.828 0.69206
13.840 20.683 13.404 0.86291
0.555 23.073 12.843 1.02565
0.100 23.749 13.695 1.09611
3.850 23.266 12.098 1.26618
0.385 23.413 12.702 1.21113
1.190 23.226 12.345 1.14789
0.495 22.157 12.865 1.17189
3.890 22.593 11.809 1.13114
11.430 22.729 12.348 0.83697
0.535 20.072 12.646 0.73999
2.095 22.535 12.878 0.92608
0.765 21.665 12.317 1.04409
3.630 21.094 9.957 0.87049
2.380 21.920 11.136 0.99438
0.180 22.138 12.901 0.81742
7.165 20.224 13.049 0.82183
7.515 22.762 12.873 0.81137
5.645 23.373 11.387 0.84435
0.480 23.290 11.916 1.19888
1.725 21.404 11.680 1.13288
0.000 22.003 12.509 1.01667
1.090 19.373 12.217 0.94989
0.665 21.424 12.046 1.02314
3.685 22.853 12.745 0.99577
1.290 21.040 12.650 1.08132
0.000 22.719 12.084 1.18572
0.000 23.845 12.008 1.24579
0.000 24.594 12.372 0.98841
0.330 24.037 13.165 0.72895
2.530 20.873 12.894 0.66071
3.760 21.877 11.863 0.98671
1.430 21.601 11.903 1.08532
0.000 22.158 10.861 1.21335
0.000 22.885 10.683 1.26313
1.595 22.942 11.459 0.88686
0.145 21.658 12.214 1.11561
1.165 19.726 11.663 0.85909
0.000 19.856 11.591 0.94214
0.000 22.606 10.664 0.95790
0.000 22.571 11.161 0.88266
0.000 21.264 11.654 0.94858
2.260 21.167 11.438 0.90388
0.030 22.434 11.837 0.97295
1.830 20.563 12.458 0.87422
17.825 18.977 11.480 0.88894
12.620 17.512 10.699 0.82955
0.000 22.028 11.004 0.91464
0.585 21.761 10.763 0.88556
2.325 20.148 10.466 0.96527
0.000 22.143 10.432 0.65656
0.000 20.836 10.375 0.75486
0.100 19.336 8.579 0.92950
0.170 20.578 8.845 1.13415
8.940 18.272 10.221 1.08064
2.010 14.229 9.154 0.98520
0.000 16.995 9.218 1.00886
0.060 18.952 6.902 1.21185
0.060 18.331 5.564 1.07912
0.000 18.217 3.874 1.03904
0.000 18.173 3.836 0.85800
0.000 17.682 3.394 0.91097
0.000 18.206 3.515 0.77286
0.870 14.094 6.118 0.80614
0.000 14.991 5.542 0.98522
0.025 16.769 3.357 1.03586
0.035 17.184 3.373 0.93934
0.000 12.358 1.050 1.46564
0.000 12.593 -0.395 1.28393
0.000 16.031 -0.376 0.80391
0.000 16.924 1.939 0.90821
0.000 17.377 2.732 1.10737
0.000 17.601 3.033 0.88582
0.000 16.375 3.073 1.08192
0.000 17.574 2.109 1.04395
0.000 17.340 1.208 1.15637
0.000 17.045 0.413 1.22372
0.000 16.570 0.399 1.21014
0.840 17.097 1.006 1.13908
0.000 16.274 2.242 1.14342
0.000 17.958 3.559 1.42835
0.000 16.881 4.850 1.38853
0.000 18.644 5.670 1.01170
0.000 17.592 3.513 1.31012
0.000 16.875 3.575 1.19066
0.000 16.225 2.385 1.39912
0.000 16.027 2.336 1.16587
0.045 14.663 2.507 1.11369
0.170 10.791 2.213 0.90780
0.000 14.659 1.444 1.05322
0.000 14.120 2.516 1.10933
0.000 13.164 2.606 1.27731
0.000 12.551 0.224 1.17522
0.000 13.278 0.080 1.09514
0.000 13.586 0.431 1.06081
0.000 13.464 0.671 1.14446
0.000 13.573 -1.456 1.21170
0.000 14.716 -1.681 0.97305
0.000 13.770 -0.159 0.89298
0.000 14.069 0.046 1.29676
0.000 15.660 0.637 1.52642
0.060 16.588 1.515 1.19444
0.005 12.871 1.776 1.23945
0.770 16.285 1.916 0.88404
0.000 17.618 1.615 1.18466
0.000 16.480 1.714 1.46640
0.000 16.166 2.003 1.58622
0.000 14.903 1.454 1.64886
0.000 16.143 0.039 1.46842
0.000 15.656 -1.659 1.24807
0.000 13.352 -2.037 1.07411
0.000 14.215 -0.151 1.27363
0.000 14.551 -1.169 1.04563
0.000 12.836 -3.460 0.87327
0.000 11.699 -3.574 1.12646
0.000 13.098 -2.396 1.06551
0.000 13.974 -2.517 1.55599
0.000 15.033 -1.630 1.32811
0.000 13.606 -1.576 1.00038
0.000 15.522 -0.378 1.19537
0.240 15.788 0.259 1.00691
0.315 12.850 -3.128 1.25460
0.000 15.939 -3.261 1.09873
0.000 14.655 -1.826 1.17977
0.000 14.193 -0.015 0.99395
0.000 13.673 0.874 1.29562
0.785 12.183 0.734 1.03721
2.945 11.631 0.811 0.88371
3.775 4.007 -3.052 0.72872
0.000 11.389 -3.058 0.91632
0.000 10.785 -2.164 1.33663
0.000 11.149 -2.060 1.42343
0.000 10.253 -2.345 1.69228
0.000 11.252 -2.191 1.43162
0.000 11.534 -1.991 1.11047
0.000 11.366 -2.010 1.06960
0.000 11.360 -1.917 1.03123
0.000 11.546 -1.390 1.10910
0.000 12.228 0.060 1.35926
0.000 12.246 -0.331 1.32089
0.000 11.938 -2.019 1.56035
0.000 14.727 -2.940 1.02374
0.000 14.504 -3.365 1.29099
0.000 13.999 -3.322 1.26517
0.000 14.207 -2.414 1.14603
0.000 13.301 -1.860 1.48368
0.000 15.476 -2.304 0.92630
0.000 16.027 -2.709 1.14480
0.000 15.574 -2.827 1.29235
0.000 14.356 -2.388 1.67294
0.000 11.949 -1.841 1.59032
0.000 12.084 -2.488 1.54393
0.000 10.462 -2.587 1.68661
0.000 11.336 -2.639 1.32641
0.000 11.682 -3.795 1.26188
0.000 12.291 -3.816 1.56525
0.000 11.015 -3.296 1.15394
0.000 12.274 -1.034 1.50882
0.000 11.207 -0.217 1.24323
0.000 11.959 0.107 1.83176
0.000 12.008 -1.106 1.86084
0.000 12.840 -1.014 1.16773
0.000 14.211 1.191 1.74781
0.000 13.825 1.273 1.92040
0.000 12.329 0.003 2.19123
0.000 12.484 -0.263 2.02932
0.010 11.608 -0.969 1.80895
0.000 14.549 -1.040 1.46472
0.000 16.190 -0.346 1.54594
0.000 16.447 -0.157 1.81319
0.040 14.776 1.230 2.05064
0.000 12.504 -3.560 1.82013
0.000 18.263 -3.286 1.21241
0.000 15.637 0.590 1.56014
0.000 15.488 0.684 1.63025
0.000 15.522 0.622 1.65153
0.000 15.967 0.486 1.41455
0.000 14.702 0.007 1.68200
0.000 15.576 0.059 1.29349
0.000 13.509 0.960 1.63669
0.000 13.544 -0.004 1.64299
0.000 16.844 0.306 1.23009
0.105 14.751 1.629 1.53260
0.000 15.037 -1.066 1.66070
0.000 19.325 -0.530 1.47883
0.000 17.733 2.565 1.71390
0.000 16.000 2.515 1.76910
1.025 14.053 2.335 1.95022
0.000 16.157 2.816 1.84071
0.000 17.161 2.419 1.75888
10.340 14.503 1.914 1.77610
0.000 15.795 -1.342 1.51669
0.000 16.891 -0.669 1.16671
0.000 17.105 1.785 1.34118
0.000 15.474 2.937 1.54848
0.120 14.677 2.529 1.25144
0.385 14.254 2.064 1.47225
0.000 13.791 0.658 1.59046
0.000 18.107 1.532 1.34594
0.000 19.085 2.883 1.17915
0.330 15.475 3.450 1.67090
12.840 15.831 3.964 1.66090
3.325 15.127 -0.220 1.68162
0.000 18.560 0.516 1.34387
0.000 20.421 1.654 1.33249
0.000 18.936 3.311 1.38980
0.000 19.065 4.164 1.27904
0.000 16.976 3.564 1.79630
0.000 17.425 2.821 1.67152
0.000 19.969 3.777 1.19291
0.000 18.814 4.576 1.32511
7.280 12.003 1.719 0.73466
0.000 18.524 2.465 1.02222
0.000 20.153 4.130 1.23708
0.000 17.823 4.918 1.35096
0.000 18.465 4.026 1.40004
0.000 19.274 5.026 1.37370
0.000 19.583 5.808 1.44888
0.000 19.617 6.640 1.41409
0.000 19.162 5.260 1.48587
0.000 19.294 6.800 1.52916
6.425 13.472 -0.392 1.49316
0.000 9.873 0.318 0.99891
0.000 17.007 3.909 1.32651
0.045 17.537 4.876 1.54818
0.000 19.843 6.134 1.90487
0.060 20.487 7.178 1.91268
0.000 19.304 6.946 2.09288
0.635 19.803 6.144 1.87478
0.000 19.336 6.212 1.63162
0.090 16.678 6.069 1.58884
0.000 20.438 6.946 0.93168
0.000 20.236 7.714 1.16706
0.000 18.760 6.732 1.10699
0.000 17.904 6.226 1.77595
0.000 20.228 6.155 1.82093
0.660 20.148 7.822 2.01130
0.175 20.450 7.756 2.01012
0.000 22.166 6.531 1.59072
0.000 22.900 7.099 1.38439
0.000 21.846 6.208 1.54012
0.000 21.160 8.059 1.15874
0.075 19.742 8.783 1.27456
0.000 19.391 7.101 1.24855
4.080 21.842 7.943 1.17718
0.090 18.545 7.830 1.42846
0.065 18.641 8.778 1.15307
4.160 16.067 8.159 0.58396
3.665 17.311 8.529 0.61491
0.130 19.395 6.890 1.32671
0.260 18.199 7.798 1.85511
0.425 18.340 6.879 1.86425
0.000 21.592 8.358 1.40973
0.545 20.764 9.056 1.71264
0.195 23.375 8.273 1.58327
0.000 22.220 8.629 1.88190
0.085 18.934 8.461 1.30778
1.840 15.239 7.397 0.84480
3.730 15.831 6.542 1.04815
0.000 19.700 7.774 1.89321
0.000 22.070 8.972 1.97657
0.000 22.584 9.172 1.78340
0.280 23.132 8.966 1.69364
0.715 22.324 9.091 1.44827
0.000 24.238 10.040 1.43868
0.000 24.594 10.793 1.42584
0.000 24.253 11.409 1.33892
0.770 25.099 11.982 1.16568
0.625 23.441 10.057 1.50760
0.000 23.404 11.413 1.89533
0.000 25.269 11.548 1.85718
0.000 24.267 11.474 1.23096
0.890 20.469 10.802 1.10608
6.410 21.491 11.685 1.13691
30.220 20.667 12.042 1.12099
39.440 18.906 11.163 1.27293
2.270 20.417 10.871 1.27621
1.160 23.322 11.480 1.28233
0.000 23.799 12.726 1.06145
0.690 18.767 10.903 0.95545
16.890 20.168 10.124 0.75540
3.195 22.478 10.513 0.92279
0.000 26.312 13.002 0.85284
7.070 21.652 12.842 0.82611
7.260 22.017 13.364 0.83226
2.875 18.543 11.948 1.08915
26.495 19.694 11.972 0.84019
14.525 20.773 12.374 1.28157
2.530 21.006 12.116 1.37400
0.200 17.821 12.558 1.01482
2.330 19.241 11.781 0.89285
1.235 21.287 12.179 1.24342
0.000 22.729 11.914 1.30211
0.580 24.701 11.493 1.32576
0.000 25.078 12.601 1.37423
0.000 26.102 14.042 1.12831
0.315 24.727 13.747 1.24642
0.225 21.299 13.070 1.38312
0.010 21.908 13.018 1.50198
0.000 23.665 12.835 1.34079
0.510 25.032 13.388 1.22931
8.925 20.636 13.714 0.97902
16.035 22.701 13.297 0.93024
8.635 24.135 12.421 1.06821
0.250 23.684 12.369 1.36139
2.695 23.249 13.285 1.42332
22.540 20.055 11.449 1.23743
0.820 23.176 12.520 1.39944
0.155 21.726 12.320 1.79237
0.000 22.236 12.896 1.71523
0.005 22.173 13.209 1.69164
0.850 22.369 12.935 1.35053
43.640 25.355 14.780 1.02858
3.335 21.589 13.618 0.76381
4.195 25.431 14.779 0.92931
8.050 22.675 13.996 0.86749
4.995 23.472 14.267 1.06275
24.950 22.257 14.224 0.89634
11.945 24.292 13.403 0.98409
5.395 23.826 14.036 1.10485
4.800 24.440 13.975 1.15094
23.350 21.942 13.485 1.00858
4.655 22.981 14.246 0.93019
1.735 22.692 14.115 0.93239
5.595 24.706 15.046 0.97160
0.125 24.090 15.570 0.72692
2.470 21.147 14.853 0.78227
1.905 22.791 14.213 0.95036
2.175 22.540 12.474 0.94220
24.906 21.916 12.183 1.08579
14.230 20.982 12.147 0.88378
4.450 24.753 13.497 0.74968
5.815 23.535 13.617 0.89197
7.915 24.405 15.150 1.04805
5.300 22.730 14.382 0.87913
11.945 20.861 13.473 0.87561
25.770 20.097 11.855 0.80342
7.075 21.964 13.309 0.98423
13.240 22.134 11.908 1.17017
12.830 23.891 13.127 1.21563
27.980 20.774 13.650 0.97783
1.490 22.337 13.079 1.07643
0.265 22.233 11.912 1.26073
3.045 22.483 12.659 1.06255
16.455 23.371 14.152 0.87148
3.165 21.525 12.449 0.50681
5.445 23.831 13.359 0.75739
14.280 21.710 14.237 0.89466
4.470 23.232 13.890 0.96156
13.190 22.099 14.303 0.58191
100.848 21.476 14.234 0.82569
42.194 22.098 13.453 0.75995
1.045 25.435 14.189 0.57429
0.000 24.997 12.782 1.03410
2.115 24.611 11.144 1.30138
0.000 23.387 13.405 1.20766
0.015 22.339 13.353 0.83607
0.000 22.652 13.234 0.96103
6.285 20.094 11.375 1.07578
3.955 24.616 13.186 0.78683
0.000 22.472 13.474 1.03068
1.715 23.380 14.387 0.85334
1.220 24.025 14.755 0.79226
3.750 18.657 13.097 0.77731
0.005 23.994 13.839 0.81246
3.625 21.983 13.615 0.86337
4.996 24.720 14.048 0.67329
0.000 25.047 12.878 0.86505
0.000 23.948 13.169 0.98173
0.000 24.196 13.272 0.91824
10.025 22.944 13.627 0.89839
15.335 23.082 13.117 0.99562
0.000 24.148 13.431 1.05103
2.610 22.647 14.232 1.03391
0.000 22.580 13.416 0.94530
16.081 22.523 13.965 0.88051
19.470 17.620 12.591 0.72913
3.695 19.651 11.516 1.06573
0.700 20.728 10.448 1.18989
0.000 20.321 11.297 1.00786
1.635 21.863 11.433 1.06113
0.130 21.736 11.992 0.88718
0.130 22.670 11.989 0.92407
2.435 22.995 12.575 0.71209
0.310 23.678 13.249 0.66677
1.765 23.227 12.283 0.60790
0.940 21.985 11.557 0.99497
9.300 21.209 12.065 0.99055
1.080 21.677 11.544 0.96519
0.000 22.914 11.898 0.96562
23.400 21.793 12.608 0.85559
0.000 21.295 11.141 0.96669
0.000 21.484 10.897 1.26172
0.000 22.054 10.428 1.35179
0.000 22.454 11.203 1.11461
0.000 22.423 10.890 1.13018
0.130 21.277 11.213 0.81429
0.530 21.251 11.491 0.83120
4.400 19.233 11.074 0.82838
4.970 20.053 9.308 0.94327
0.870 19.420 8.796 1.09406
0.295 19.104 9.433 1.02229
0.000 19.587 9.880 1.00300
0.130 20.017 7.682 1.15415
0.000 20.265 7.741 1.02558
0.435 18.733 7.669 1.00844
0.045 16.594 6.239 0.77303
0.180 18.883 7.030 0.86742
3.330 17.715 8.045 0.87964
1.350 14.781 8.527 0.88817
2.725 14.796 8.359 0.96436
7.375 16.239 8.172 1.31077
2.955 17.905 7.095 1.36827
0.015 18.407 6.553 1.11828
0.000 18.776 4.499 1.30001
0.000 18.723 4.811 1.16953
0.000 18.009 4.722 1.38180
0.000 17.872 4.532 1.29060
0.000 18.002 4.607 1.30872
0.000 18.241 3.757 1.23538
0.000 18.360 4.084 1.12054
0.000 18.127 3.196 1.15678
0.000 17.825 3.504 1.21759
0.000 17.975 4.819 1.09032
0.000 18.845 5.069 0.90317
0.015 18.223 6.188 1.00832
1.820 18.666 6.180 0.76168
0.375 14.565 6.202 0.63390
11.275 14.026 3.297 1.03708
6.310 12.803 3.331 1.11686
0.625 13.453 0.953 1.05245
0.000 16.162 1.046 0.98239
0.000 15.004 2.589 1.29198
0.000 15.054 3.054 1.34214
0.000 14.935 3.110 1.35094
0.000 15.407 3.455 1.30822
0.000 13.643 -0.447 1.41562
0.000 15.292 -0.488 0.92737
0.000 14.797 3.364 1.25792
0.000 15.555 2.385 1.18465
0.000 15.282 1.276 1.25959
0.000 15.695 1.126 1.14718
0.000 14.717 0.919 1.37332
0.000 14.529 1.083 1.22801
0.000 14.694 1.095 1.26034
0.000 14.453 0.986 1.40467
0.000 13.531 2.418 1.45637
0.000 13.847 1.397 1.21407
0.000 14.035 0.391 1.24033
0.000 13.893 0.161 1.45538
0.000 14.625 0.762 0.95240
0.000 15.659 -0.098 0.90301
0.000 14.380 -0.149 1.24600
0.000 15.477 0.010 1.07495
0.000 15.127 0.279 0.91259
0.000 15.656 -1.025 1.05661
0.000 14.871 -1.263 1.34192
0.000 17.330 -0.565 1.02688
0.000 15.476 -2.016 1.19408
0.000 14.668 -2.083 1.20646
0.000 13.072 -1.280 1.36820
0.000 12.747 -1.552 1.40226
0.000 12.737 -1.383 1.35192
0.000 13.346 -1.504 1.18187
0.000 13.210 -1.009 1.32419
0.405 11.306 0.500 1.02741
0.000 13.194 2.253 1.24874
0.000 12.742 0.674 1.20361
0.000 12.388 0.476 1.27819
0.000 12.994 -0.299 1.09595
0.000 12.108 -0.018 1.03716
0.000 13.037 -1.679 1.17072
0.000 13.397 -1.886 1.04220
0.010 12.927 0.306 1.25065
0.000 12.756 1.948 1.19763
0.075 13.848 0.299 1.16274
0.070 14.295 0.312 1.04080
1.805 11.334 2.317 1.40332
0.945 12.889 0.929 1.51347
0.000 13.858 -1.779 1.24620
0.000 12.851 -1.904 1.45419
0.000 13.212 -1.863 1.19900
0.000 13.063 -1.773 0.91217
0.000 12.169 -2.675 1.59946
0.000 13.063 -2.695 1.66528
0.000 12.605 -2.863 1.39342
0.000 12.507 -2.891 1.25670
0.210 10.881 -1.687 1.21898
0.030 10.362 -1.941 1.59755
0.000 11.017 -2.073 0.65195
0.000 10.352 -1.761 0.92868
0.000 10.634 -1.699 1.08205
0.000 11.861 -1.824 1.03124
0.000 10.042 -1.773 1.42398
0.000 10.300 -3.684 1.46853
0.000 14.544 -3.816 1.03867
0.000 13.513 -1.150 1.16047
0.035 13.917 -0.099 1.02660
0.580 5.781 -0.392 0.61399
0.000 10.538 -1.980 1.14145
0.000 8.835 -2.977 1.21628
0.000 11.914 -3.112 1.06791
0.000 12.288 -2.204 1.35758
0.000 13.571 -2.046 1.36047
0.000 12.783 -1.404 1.26808
0.000 10.685 -2.751 1.29612
0.000 11.833 -2.850 0.89989
0.000 12.705 -2.129 1.06094
0.010 10.726 -1.942 1.38362
0.000 11.095 -1.946 1.33048
0.000 11.094 -1.297 1.15205
0.000 12.022 -1.305 1.03104
0.000 12.319 -2.531 1.34062
0.000 13.052 -2.681 1.46869
0.000 12.202 -3.051 1.67406
0.000 15.368 -3.065 1.25818
0.000 13.792 -0.741 1.32966
0.000 13.764 -0.097 1.26283
0.000 13.424 -0.058 1.41050
0.025 12.050 0.766 1.54226
0.045 8.225 -3.709 1.69211
0.000 14.554 -3.374 1.20673
0.000 14.830 -0.883 1.44111
0.000 13.336 -0.937 1.57198
0.000 13.045 -1.197 1.42068
0.000 12.495 -2.491 1.64389
0.000 16.014 -2.471 1.31823
0.000 13.655 -1.910 1.75609
0.000 14.633 -1.596 1.82458
0.000 16.212 -0.959 1.79696
0.000 15.372 1.313 1.96771
0.000 14.602 -0.837 1.75153
0.000 15.177 -0.782 1.41976
0.000 15.088 0.094 1.47333
0.000 15.834 -0.118 1.39563
0.000 15.066 0.023 1.56374
0.000 14.872 1.154 1.63999
0.350 14.428 0.537 1.89105
0.090 10.332 -0.410 1.73996
0.000 10.590 -0.780 1.43196
0.000 10.605 -0.560 1.83949
0.030 11.978 -2.219 1.69431
0.000 16.657 -1.795 1.23161
0.000 15.378 -0.336 1.37653
0.185 14.313 1.768 1.69912
0.000 15.025 1.855 1.84149
1.520 13.373 2.492 1.73578
0.135 11.103 2.149 1.57572
0.320 11.845 0.202 1.57682
1.080 11.016 0.846 1.71664
0.000 12.018 -2.202 2.18287
0.000 12.841 -1.857 1.58734
0.060 17.147 -1.101 1.31420
0.000 12.580 0.962 1.83510
0.395 14.478 0.252 1.41361
0.135 12.805 0.842 1.55591
0.000 13.794 0.805 1.68487
0.000 13.868 -0.340 1.87178
0.010 13.318 0.325 1.41250
0.000 14.172 1.547 1.48184
0.000 16.042 2.070 1.52502
0.000 15.483 1.694 1.79293
0.000 17.072 2.401 1.62247
0.000 19.298 2.820 1.22708
0.000 18.958 4.223 1.58430
0.300 17.105 4.167 1.84084
0.000 17.478 2.654 1.69194
0.050 17.745 3.412 1.57903
0.000 13.149 3.512 2.07157
0.000 14.610 2.264 1.72325
0.000 15.066 2.428 2.02099
0.000 16.515 3.527 1.61579
3.535 15.738 4.271 1.70422
0.000 16.884 3.559 1.77890
0.000 18.707 3.724 1.61529
0.000 18.998 4.980 1.73684
4.475 16.927 2.956 1.66569
0.275 14.725 -0.203 1.23461
0.000 20.538 1.538 1.55045
0.000 19.223 4.496 1.75837
0.000 18.444 6.321 1.28982
0.000 16.395 5.429 1.63136
0.625 16.597 3.302 1.67659
0.625 14.459 1.845 1.29922
0.000 17.780 3.303 1.45411
18.340 17.117 4.039 1.42127
0.000 20.059 3.610 1.31185
0.000 20.065 4.984 1.39349
0.000 15.912 5.550 1.91939
0.000 18.832 5.522 1.49509
0.000 17.361 5.351 1.70767
5.250 21.267 5.661 1.23838
0.000 21.560 6.652 1.74542
0.000 22.763 7.908 1.47786
0.150 20.912 8.039 1.27840
0.660 20.290 8.149 1.64243
0.060 19.795 7.485 1.73613
0.000 20.601 7.095 2.21803
0.000 20.115 7.899 2.44658
0.000 21.167 6.416 2.19944
0.000 20.893 7.000 1.77912
0.130 18.606 6.197 1.57600
0.000 21.546 7.668 1.51747
0.000 21.245 5.900 1.83344
0.000 21.995 7.014 1.75365
0.000 22.596 7.969 1.26908
0.030 22.325 8.205 1.49855
0.135 22.032 9.824 1.77768
4.385 20.892 8.550 1.92559
0.000 22.410 8.779 1.63825
0.000 21.290 8.194 1.57686
0.015 20.316 8.116 1.91328
0.000 21.464 9.706 1.59928
0.000 22.285 10.085 1.63214
0.000 23.324 10.670 1.73684
0.000 22.779 9.643 1.85500
0.000 23.062 8.263 1.86269
0.000 22.306 8.947 1.92115
0.000 22.416 8.827 1.81618
0.000 21.610 9.335 1.78014
9.980 24.291 9.846 1.80820
0.125 24.747 9.950 1.69972
0.000 23.494 11.207 1.88446
0.045 23.275 10.137 1.82110
0.000 22.501 9.440 1.72980
0.000 25.206 9.535 1.59265
0.000 24.120 9.643 2.01477
0.000 24.214 10.118 1.83581
0.000 24.571 9.336 1.97554
0.000 26.510 9.047 1.68394
0.000 26.449 10.879 1.59818
0.000 25.375 11.009 1.60643
0.000 24.289 11.620 1.32534
0.190 24.126 9.796 1.50088
0.385 23.348 9.980 1.65138
0.040 25.370 11.171 1.54944
0.000 24.280 10.585 1.20472
0.000 28.123 10.895 1.20336
0.000 27.126 11.485 1.27520
0.000 27.016 11.532 1.57415
0.000 26.064 10.812 1.47692
0.035 25.829 11.350 1.45487
1.550 21.876 11.105 1.01354
0.000 24.571 11.790 0.90466
12.455 20.937 10.950 0.99392
1.080 21.539 9.994 1.46128
0.000 25.955 12.146 1.65248
0.000 25.925 12.983 1.41359
0.000 25.099 14.126 1.57688
1.240 24.383 13.199 1.71242
0.815 24.028 12.493 1.68893
2.255 25.717 13.074 1.34029
1.325 22.223 12.998 1.16136
6.905 27.012 13.970 1.23369
6.005 26.952 14.384 1.12333
5.750 23.208 13.865 1.35746
0.000 25.058 13.782 1.49851
4.265 23.555 13.068 1.32758
0.000 23.834 12.553 1.16788
0.175 27.838 14.532 1.16918
13.680 24.540 13.983 1.26430
0.150 26.370 12.436 1.72319
0.000 27.312 12.844 1.91398
0.000 27.297 14.752 1.76854
0.350 24.066 13.401 1.38518
0.105 26.543 13.895 1.41931
0.945 23.503 13.625 1.33727
0.000 22.562 12.903 1.76258
0.000 25.155 12.492 2.00846
0.000 25.790 13.618 1.69590
6.640 23.695 13.644 1.13865
14.325 24.615 14.232 1.01812
0.095 24.825 13.828 1.21276
0.000 26.386 13.439 1.06270
2.890 26.752 15.012 1.01584
13.940 26.112 15.598 0.99258
11.390 22.086 13.345 1.04615
0.160 21.744 12.781 1.42415
0.190 23.480 13.177 1.83503
0.800 23.551 13.422 1.62789
47.360 19.947 12.536 1.06251
26.890 18.945 12.780 1.13731
3.805 21.766 13.198 1.77121
10.175 21.373 12.784 1.55112
6.765 20.757 12.072 1.39530
0.000 23.097 11.615 1.38555
0.000 24.237 12.679 1.40091
0.000 23.081 12.360 1.20980
0.000 25.453 13.329 1.11815
8.710 26.399 14.680 1.18342
0.735 23.614 14.098 1.09137
4.060 24.694 13.862 1.01380
0.375 25.104 14.127 1.10191
31.795 22.972 14.691 1.30537
10.310 20.012 14.101 0.85301
15.455 23.380 14.908 0.90386
12.560 19.892 14.015 0.58518
5.410 20.783 13.064 0.90578
0.000 24.782 13.752 1.09386
1.810 24.609 13.552 1.10340
20.605 22.004 13.502 1.11902
6.040 22.272 13.198 0.80429
4.565 20.989 14.176 0.98682
1.715 22.812 13.784 1.01183
0.000 23.723 13.563 0.89629
7.135 25.351 14.369 0.82913
0.000 23.423 13.556 1.17685
0.155 24.313 14.080 1.17564
0.000 24.618 14.796 1.03102
21.530 21.121 12.711 0.86775
34.475 24.488 12.668 1.10475
4.510 23.215 13.573 0.74582
0.000 23.951 13.852 1.05353
0.000 25.847 13.797 0.90162
0.000 26.316 12.714 0.95851
3.125 22.100 12.530 0.97165
2.615 23.839 13.628 0.77618
2.865 22.356 12.954 0.95753
0.000 27.126 12.884 0.82375
0.000 27.772 14.349 0.82624
0.065 26.056 13.423 1.11186
0.090 25.145 15.057 1.17658
9.225 24.170 15.804 0.66798
0.155 23.527 15.167 0.92790
24.645 20.714 13.571 0.96320
0.000 20.996 11.361 1.26960
0.000 23.730 12.434 0.95848
0.000 25.609 12.644 0.79923
0.000 26.885 14.005 0.76820
3.815 26.196 14.674 0.95180
1.745 22.709 14.015 1.24966
8.410 25.578 14.583 0.74269
11.285 19.695 12.798 0.81309
3.935 21.498 12.821 1.01860
0.000 22.749 12.968 0.95168
3.970 19.083 12.127 1.05479
0.620 21.662 12.678 0.88152
1.010 21.555 12.070 1.02331
0.000 22.544 12.651 0.98388
11.240 22.373 11.828 1.04219
0.000 23.840 11.423 1.36861
0.030 23.930 12.859 1.45441
4.605 22.235 13.608 1.21291
14.425 22.442 14.286 0.53768
12.130 20.630 12.953 1.00670
3.530 21.979 12.336 1.00405
4.735 22.583 13.064 0.95844
14.725 20.580 12.531 0.95186
3.290 20.268 12.513 1.07573
0.200 22.136 11.477 1.11772
0.000 22.483 12.242 0.89455
0.000 21.982 10.833 1.01924
0.000 23.395 10.927 0.97818
0.830 21.992 10.446 0.91558
11.240 14.836 7.813 1.26205
5.220 17.189 7.946 1.04896
3.655 17.955 8.915 0.84686
24.270 17.720 10.785 1.03270
8.780 13.732 5.881 0.83677
7.440 20.127 6.476 0.67767
3.470 19.465 9.411 0.51711
0.220 19.808 8.862 0.86730
0.375 20.608 8.383 1.16235
0.000 20.441 9.068 1.09862
0.000 20.434 10.699 1.10298
0.235 19.686 10.176 1.05072
0.000 21.173 9.930 1.14095
0.000 22.070 10.614 0.81151
0.505 20.278 11.787 0.82322
3.090 18.619 10.711 0.91212
1.505 19.112 10.368 0.94419
0.000 18.401 9.120 0.98513
0.000 18.943 8.301 1.25240
0.000 17.961 8.171 1.17676
0.585 19.423 8.575 0.97498
0.000 20.554 8.042 0.87311
0.000 20.853 8.179 0.90823
0.000 20.065 8.421 0.88759
8.845 17.198 8.595 1.03003
0.000 17.620 8.306 0.79532
0.000 19.565 7.221 0.90292
0.000 18.966 6.636 0.88330
0.000 19.003 5.402 1.21869
0.030 19.187 5.716 1.14384
0.015 18.195 8.112 1.55098
0.365 17.985 5.299 1.56775
0.105 19.396 5.524 1.06081
1.255 17.803 6.651 1.01179
0.200 16.540 8.074 1.15857
2.080 16.842 8.347 1.53582
0.045 15.980 7.483 1.26077
0.000 18.713 7.578 0.73525
0.000 17.252 8.217 0.83610
0.000 18.679 7.086 0.93569
0.000 17.131 7.109 1.00432
0.000 17.903 7.445 1.14075
0.000 17.532 4.334 1.12788
0.000 18.499 4.358 0.81168
0.000 15.750 5.720 0.84081
0.000 14.645 3.295 1.08725
0.000 18.129 3.302 1.04628
0.000 17.423 4.462 0.93975
0.000 18.009 4.368 1.02578
0.000 18.556 5.261 1.04361
0.000 15.969 7.642 0.93931
0.015 16.863 7.583 1.25381
0.000 17.809 6.744 1.12914
0.000 17.631 6.514 1.06181
0.000 17.082 6.262 1.09144
0.000 17.918 5.471 1.47939
0.000 18.128 4.338 1.57635
0.000 18.647 3.294 1.34044
0.000 16.420 3.236 1.09702
0.000 15.177 3.532 1.33958
0.000 14.702 1.702 1.32211
0.000 15.714 1.657 1.16778
0.000 16.233 1.616 1.31851
0.000 17.654 2.001 1.10905
0.000 15.787 3.206 0.89954
0.000 14.006 3.647 1.11798
0.000 15.381 2.770 1.43132
0.000 16.504 2.230 1.10738
0.000 15.960 1.629 1.29649
0.000 14.908 1.631 1.26567
0.000 13.067 1.087 1.42691
0.000 12.766 0.297 1.09333
0.000 12.537 0.179 1.07602
0.000 13.132 0.966 1.12773
0.000 11.120 -2.194 0.96905
0.000 10.142 -4.059 0.99270
0.000 11.794 -4.050 0.80849
0.045 12.537 -2.408 0.87737
0.000 11.924 -1.896 0.93423
0.000 11.396 -3.135 1.07834
0.000 12.643 -3.191 1.00121
0.000 9.990 -1.481 1.00320
0.000 11.614 -1.767 1.15520
0.000 14.174 -1.847 1.23997
0.000 13.118 -0.605 1.42462
0.000 12.603 -0.938 1.37049
0.000 12.616 -1.161 1.23998
0.000 11.825 -1.681 1.35306
0.000 11.748 -2.110 1.20586
0.000 10.741 -2.146 1.08635
0.135 10.561 -1.119 1.42769
0.000 11.798 -0.049 1.63299
0.265 12.258 -1.268 1.90746
0.000 12.397 -2.075 1.40810
0.000 12.342 -2.295 1.49605
0.000 10.918 -2.462 1.38411
0.000 10.767 -2.454 1.10120
0.000 9.020 -1.266 1.07000
0.000 7.575 -5.179 1.31399
0.000 10.817 -5.374 0.83491
0.000 11.033 -3.252 0.94993
0.000 11.169 -0.655 1.04610
0.005 11.805 -0.119 1.09467
0.830 11.521 -0.229 1.03308
3.260 12.398 0.601 1.12650
7.210 8.354 0.540 1.05766
2.845 7.677 -2.025 1.05260
0.000 7.555 -2.780 1.43399
0.000 10.950 -2.870 1.14058
0.000 11.328 0.070 1.54896
0.000 10.524 0.052 1.56416
0.000 10.552 -2.492 1.45750
0.000 11.171 -2.724 1.05002
0.015 13.560 -2.467 1.15097
0.000 12.727 -2.406 1.38088
0.000 13.228 -2.241 1.62618
0.000 12.829 -2.108 1.68878
0.000 13.620 -2.403 1.34111
0.000 13.428 -2.242 1.59448
0.000 12.769 -1.914 1.53607
0.000 11.614 -1.891 1.40550
0.000 10.491 -1.235 1.65471
0.125 9.676 -1.098 1.64129
0.000 10.835 -1.423 1.87741
0.000 9.668 -2.321 1.69538
0.000 7.212 -2.277 1.19593
0.000 6.691 -3.130 0.63697
0.000 9.592 -3.162 1.10534
0.000 8.901 -3.048 1.08853
0.000 9.352 -3.253 1.03273
0.000 11.117 -3.238 0.92839
0.000 9.519 -2.253 1.40173
0.015 9.178 -2.021 1.34455
0.000 10.547 -1.972 1.48115
0.000 10.385 -1.133 1.38904
0.000 9.602 -2.683 1.08234
0.000 12.570 -2.744 1.02228
0.000 11.068 -1.659 1.60106
0.000 10.839 -2.136 1.30484
0.000 11.903 -2.042 1.29245
0.000 12.465 -1.191 1.30471
1.475 12.604 0.844 1.47120
0.000 10.808 -2.149 1.55982
0.000 11.786 -2.202 1.42883
0.005 12.236 -1.663 1.24125
0.000 14.269 -1.426 1.46780
0.000 14.692 -1.218 1.25345
0.000 13.791 1.264 0.93870
0.000 13.640 1.131 1.12219
0.000 14.393 0.591 1.41974
0.000 13.427 1.296 1.63050
0.000 13.791 0.311 1.18344
0.000 14.851 0.133 1.50066
0.000 16.737 0.452 1.13266
0.000 15.700 3.258 1.14644
0.000 13.003 2.793 1.22496
0.000 11.617 1.336 1.01977
0.140 14.020 1.568 1.13977
1.260 14.638 3.131 1.37599
5.435 14.329 2.825 1.66564
0.000 13.297 -0.679 1.26975
0.000 16.214 -0.301 1.27461
0.000 16.556 0.622 1.49320
1.215 14.745 1.861 1.47677
0.000 12.725 2.191 1.58119
0.000 12.376 1.150 1.41248
0.000 13.191 1.580 1.42016
0.000 14.202 2.203 1.75123
0.000 14.832 2.618 1.92058
0.000 13.383 0.935 2.33717
0.000 15.051 1.233 1.64127
0.000 16.399 1.257 1.39694
0.000 16.203 2.420 2.14429
0.000 17.172 3.574 2.04686
0.000 19.204 3.221 1.65511
0.000 20.776 3.824 1.34833
0.000 18.256 5.213 1.71336
0.300 16.962 5.895 1.72481
0.000 15.635 2.869 1.50447
0.000 15.643 2.111 1.60404
0.000 16.064 1.352 1.31477
0.370 16.997 1.873 1.67605
0.000 15.414 2.372 1.49435
0.000 17.171 2.865 1.20763
5.645 15.066 2.523 1.08945
0.975 15.510 2.412 1.19742
0.000 18.987 3.166 1.54370
0.000 18.132 3.922 1.74584
0.000 22.530 5.806 1.60070
0.000 19.292 7.350 2.10416
0.000 19.686 5.780 2.34898
0.000 20.029 4.280 2.27027
0.000 21.389 3.608 1.56671
0.000 20.239 4.695 1.73994
0.000 18.077 5.370 1.67713
0.000 17.098 5.365 1.68901
1.945 16.861 3.504 1.30941
0.005 17.742 3.943 1.58440
0.000 17.438 5.118 1.58522
0.000 16.595 4.681 1.55408
0.000 17.661 5.663 1.31728
0.000 17.807 4.675 1.71753
0.215 16.353 1.674 1.49389
0.000 20.593 3.725 1.38390
0.170 18.851 5.981 1.16927
2.675 17.110 3.896 1.20213
0.000 21.870 4.351 1.57014
0.000 21.516 5.171 1.85437
0.000 21.215 5.516 1.57051
1.070 17.327 5.455 1.49058
0.000 19.661 6.251 2.05330
0.000 19.607 5.145 1.79266
0.005 19.769 6.861 1.95023
2.530 18.772 6.601 1.89542
3.575 17.950 5.453 1.74906
0.090 17.365 5.428 1.53269
3.265 10.428 1.164 0.84444
1.795 13.201 1.768 1.15582
1.175 16.638 4.131 1.22283
1.110 14.096 4.894 1.11986
4.900 17.219 5.059 0.90636
17.315 12.301 5.697 0.81975
0.580 16.966 6.835 1.10511
0.245 18.585 6.506 1.28507
0.060 21.865 8.614 1.22753
1.825 20.054 8.533 1.18325
0.000 21.016 8.551 1.68171
0.000 21.612 8.742 1.79533
0.060 18.830 7.917 1.67565
0.000 21.947 7.564 1.93643
0.000 21.509 7.037 1.83748
0.000 21.060 6.818 1.72156
0.000 23.367 8.531 1.49032
0.000 22.545 10.177 1.32234
0.180 16.650 8.100 1.23036
1.810 17.971 6.818 1.64538
1.330 19.414 6.512 1.99759
0.000 21.776 8.471 1.79980
1.230 22.530 9.958 1.20165
0.175 21.741 8.611 1.40548
0.415 23.344 9.442 1.12608
0.615 22.802 11.766 1.77040
0.265 23.226 11.873 1.69390
1.240 23.990 11.974 1.57182
0.000 24.145 10.888 1.56082
0.000 25.718 11.094 1.18566
0.000 23.859 10.048 1.63238
4.250 21.884 11.676 1.36992
5.355 21.366 9.836 1.73498
9.425 19.166 10.206 1.60351
10.440 14.854 7.468 0.63392
0.000 21.535 8.861 0.94944
0.245 20.937 9.808 1.16062
0.000 22.055 10.620 1.27519
0.835 20.983 9.966 1.40772
0.185 21.737 10.407 1.55248
0.930 20.922 9.265 1.33028
3.800 21.267 9.210 1.65257
0.555 23.314 10.566 1.24741
6.620 22.542 11.969 1.73171
0.400 22.965 12.562 1.52939
0.000 23.855 12.599 1.36132
0.000 25.474 13.090 1.16772
0.885 21.158 12.279 1.19854
1.060 22.325 11.639 1.67365
0.000 24.298 11.646 1.75679
0.000 24.532 13.127 1.38569
0.215 21.938 14.201 0.80084
0.825 22.053 12.567 1.07792
0.000 22.789 12.428 1.51685
0.155 24.433 12.855 1.62238
0.000 23.895 13.346 1.04204
0.000 21.973 12.613 1.32653
0.000 25.433 12.555 1.73652
1.390 25.914 12.553 1.85840
0.000 25.259 13.064 1.73011
1.590 24.107 12.676 1.58806
38.950 21.359 13.209 1.10483
1.220 23.741 12.622 1.11914
0.000 22.987 12.091 1.70275
0.000 24.291 12.448 1.88225
0.000 24.384 12.629 1.52992
7.750 24.915 12.184 1.49516
0.160 24.927 12.978 1.22929
0.485 25.016 14.100 1.03049
4.410 21.798 13.623 0.92573
10.970 22.272 13.166 1.14797
8.790 24.974 13.527 1.06593
0.000 22.688 12.596 1.35358
4.225 24.306 12.188 1.61433
1.495 24.114 13.578 1.53602
14.285 20.908 13.098 1.27622
3.260 23.422 13.407 1.82955
2.170 22.124 13.855 2.01754
8.660 22.571 13.415 2.20537
25.955 22.612 13.664 1.30947
15.890 21.944 13.681 0.90231
11.065 23.366 12.540 1.32847
0.000 23.989 12.705 1.39315
5.440 22.850 12.710 1.61482
28.995 21.333 13.243 1.38911
0.585 19.735 13.259 1.29353
3.735 21.590 12.600 1.30260
4.240 20.634 12.336 1.11099
8.745 22.074 12.159 1.47609
0.005 20.318 12.655 1.10936
0.225 21.229 12.276 1.21408
1.105 24.575 13.138 1.37317
9.205 23.516 12.508 1.32194
23.995 20.566 10.431 0.82943
0.000 25.697 12.153 1.04416
0.295 25.344 12.737 1.07585
1.375 24.001 14.354 1.15009
3.715 22.985 13.740 1.09849
12.791 24.448 14.834 0.69382
0.120 25.029 14.302 0.79344
7.510 25.143 14.349 0.97887
3.370 24.833 14.488 1.32122
0.000 25.346 15.884 1.11709
0.000 23.437 15.936 0.96379
0.560 23.334 14.655 0.91946
9.940 25.895 15.945 0.74699
12.165 21.175 13.732 0.99575
27.990 21.435 13.475 0.93115
0.150 23.361 12.865 1.21257
0.000 24.371 13.061 1.40830
42.795 21.839 14.283 1.24529
31.219 19.495 13.543 0.86892
11.735 22.252 13.623 1.05652
7.190 22.839 13.197 1.20651
1.280 20.540 13.067 1.25171
98.321 19.053 13.244 1.11758
65.760 17.179 10.079 1.11395
7.880 18.505 10.637 1.00383
10.375 20.902 12.263 0.83984
5.350 23.744 12.998 0.90962
0.145 24.074 13.864 0.90704
1.875 22.690 12.748 1.14500
10.320 20.867 12.758 0.71219
0.490 23.220 10.802 1.04641
0.000 25.700 11.594 1.02834
0.345 24.021 12.779 1.34267
8.025 20.510 12.348 1.24621
1.995 20.368 11.733 0.90531
66.670 22.324 12.736 0.90511
1.550 18.556 11.892 0.96954
0.690 23.171 11.768 1.10073
0.655 22.018 12.607 1.03307
4.290 21.907 12.407 0.93629
0.950 22.510 11.872 0.97902
2.315 21.417 11.835 1.04868
17.765 19.141 12.100 0.83603
0.735 20.223 11.753 0.80307
2.670 21.790 12.134 0.93871
1.160 22.204 11.571 0.99589
49.455 21.852 11.124 1.11092
3.890 21.905 11.230 1.05049
3.405 21.567 10.972 0.94515
31.370 20.902 10.658 1.00110
3.475 21.773 10.809 0.73786
1.215 21.036 11.150 0.80028
0.590 19.124 8.402 1.18245
47.755 17.472 8.634 1.01521
0.000 18.692 10.245 0.93537
0.000 18.231 9.635 1.16238
0.000 16.955 7.763 1.24898
0.000 13.227 6.360 1.08522
6.570 12.363 6.102 1.09174
5.620 12.059 6.231 0.86260
0.290 13.859 7.406 0.79941
0.675 19.839 8.999 1.07905
14.255 20.728 9.410 0.90959
2.690 19.981 8.886 1.01794
0.000 20.343 7.749 0.84409
0.000 20.625 7.899 0.69024
0.090 18.975 10.256 0.81983
0.000 17.767 9.360 1.02748
0.215 18.521 9.393 1.14841
0.045 16.321 9.432 0.85122
0.000 18.272 8.874 0.85650
0.335 16.642 6.651 1.13808
0.185 16.995 4.204 1.24765
0.745 17.720 3.627 0.86569
2.520 17.468 3.560 0.91343
0.000 17.353 3.377 0.82251
0.000 17.052 3.387 0.84560
0.000 17.560 5.076 0.70524
0.815 17.872 4.364 0.74413
0.000 18.000 3.691 0.76946
3.965 18.251 3.635 0.76240
1.495 17.625 3.423 0.74825
7.975 17.832 3.355 0.77184
0.000 17.240 3.607 1.12799
5.225 14.383 3.128 1.47440
19.340 13.140 -0.430 1.39329
3.645 13.782 -0.483 1.33295
2.970 13.711 -0.349 1.58500
25.610 13.757 -0.343 1.32629
5.015 12.440 1.190 1.39072
0.105 14.093 1.216 1.17641
0.000 13.577 0.236 1.33906
0.000 14.625 0.066 1.32660
0.140 16.053 0.247 1.26305
0.000 16.343 0.286 1.02199
0.000 15.002 0.919 1.06250
1.060 14.894 0.472 0.93143
7.950 13.850 0.521 1.13741
0.000 14.300 1.156 1.14019
3.285 13.430 0.981 1.15416
0.000 11.755 2.394 1.15981
0.510 11.828 0.619 1.16198
0.000 11.317 0.468 1.13653
0.000 12.389 0.527 1.20211
0.000 10.700 -2.242 1.23638
0.000 14.529 -2.310 1.17151
0.000 13.451 -0.995 1.19888
0.000 13.458 -1.193 1.22331
0.000 13.460 -0.300 1.39480
0.000 13.877 -0.490 1.55644
0.000 13.156 0.087 1.61988
0.000 13.458 -0.903 1.35236
0.000 13.577 -1.040 1.31459
0.000 13.771 -0.251 1.41006
0.000 12.168 -2.038 1.54903
0.000 11.427 -2.315 1.30298
0.000 11.325 -1.627 1.14853
0.000 11.858 -0.796 0.85245
0.000 12.589 0.085 1.01947
1.120 12.555 -1.730 1.41598
0.000 13.521 -1.764 1.25526
1.470 14.194 0.052 1.30334
0.140 13.267 -2.237 1.51360
0.000 11.682 -2.470 1.37596
0.000 11.917 -2.230 1.41806
0.000 12.339 -2.074 1.66239
0.000 13.179 -1.669 1.23619
0.000 12.926 -0.038 1.27022
0.000 13.339 -0.720 1.48355
0.000 23.144 12.370 0.91016
0.000 23.722 12.945 0.87199
0.000 23.843 12.441 1.08264
0.000 22.638 12.828 1.14888
0.000 21.779 11.656 1.17834
0.000 20.546 12.326 0.94977
0.000 22.603 13.306 0.84357
0.000 22.415 13.520 1.08791
0.000 21.945 12.665 1.01677
0.000 20.641 13.049 0.62400
0.000 22.955 13.243 0.90455
0.000 21.594 12.880 0.85082
0.000 22.926 12.907 1.00329
0.000 21.952 12.675 1.12462
0.000 21.109 12.202 1.11189
0.000 20.865 11.241 1.12298
0.000 22.088 10.889 0.81109
0.000 21.033 10.396 1.15073
0.000 22.871 11.557 1.10150
0.000 21.844 12.291 1.11917
0.000 21.900 12.276 1.10279
0.000 20.326 12.484 1.05017
0.000 19.608 12.113 0.97939
0.000 20.336 10.573 1.04583
0.000 21.356 11.153 1.35418
0.000 19.397 11.584 1.12493
0.000 19.828 11.507 1.09521
0.000 22.692 11.859 1.16263
0.000 23.553 12.504 0.95888
0.000 23.133 11.527 1.03337
0.000 13.406 -2.700 1.36582
0.000 13.013 -2.857 1.53315
0.000 13.637 -1.589 1.33394
0.000 14.628 -0.258 1.57980
0.000 14.986 0.623 1.64129
0.000 13.924 1.084 1.79239
0.000 13.164 -0.763 1.66245
0.000 13.423 -1.904 1.28823
0.000 13.055 -2.019 1.52722
0.000 12.745 -0.756 1.52470
0.000 11.154 -4.623 1.40658
0.000 9.159 -4.545 1.08792
0.000 11.538 -3.229 1.31498
0.000 14.108 -3.406 0.96677
0.000 14.640 -2.137 0.91497
0.000 12.760 -1.220 1.29836
0.000 6.507 -3.569 1.15629
0.000 11.612 -3.423 0.99057
0.000 10.716 -0.115 1.48561
0.000 10.008 -1.163 1.23180
0.845 9.146 -2.808 1.09516
0.000 12.891 -2.964 0.89774
0.000 11.979 -1.026 1.46863
0.000 12.606 -2.664 1.91264
0.000 13.917 -2.689 1.35537
0.000 12.902 -1.426 1.61408
0.000 12.796 -1.483 1.50680
0.000 13.998 -1.096 1.17236
0.000 13.059 -1.129 1.46172
0.000 11.442 -1.113 1.56407
0.000 9.559 -1.403 1.43400
0.000 11.679 -1.487 1.15551
0.000 12.840 -0.898 1.10403
0.000 13.451 -0.420 1.23461
0.000 13.845 -0.911 1.44264
0.000 14.463 -0.703 1.19879
0.000 13.846 -0.065 1.32472
0.000 12.178 -0.987 1.03965
0.030 11.035 -0.931 1.19876
0.010 11.771 -0.981 0.82350
0.000 15.574 -1.081 1.13155
0.000 14.414 -0.658 1.43164
0.000 14.451 -0.996 1.30956
0.000 14.946 -0.844 1.46329
0.000 14.633 -0.243 1.36940
0.000 13.434 0.017 1.53241
0.000 14.716 -0.226 1.16046
0.000 14.594 0.052 1.26628
0.000 14.528 0.947 1.39158
0.150 14.000 1.185 1.21093
0.025 11.321 0.833 1.25611
0.000 15.287 -0.064 1.31902
0.000 18.041 -0.173 1.37947
0.000 17.314 0.786 1.36115
0.000 15.180 1.762 1.83817
0.000 14.781 1.744 1.66125
0.000 16.095 1.971 1.31092
0.000 15.164 1.935 1.62249
0.000 14.752 2.990 2.02798
0.000 15.520 2.619 1.49510
0.000 15.266 2.970 1.81787
0.000 14.846 2.171 1.68148
0.000 14.768 2.099 1.91354
0.000 12.632 1.274 1.83307
0.385 12.801 1.485 1.47359
0.000 13.653 1.148 1.70515
0.000 15.036 1.641 1.39896
0.375 14.775 3.095 1.52244
0.000 15.169 3.394 1.64530
0.000 15.975 3.164 1.52085
0.000 18.284 3.914 1.42890
0.000 20.590 3.589 1.19178
0.000 16.944 4.126 1.79058
0.000 17.991 3.921 1.68519
0.000 18.567 2.552 1.74856
0.000 19.447 3.470 1.75626
0.000 19.330 3.646 1.79545
0.000 19.743 4.511 1.78648
0.210 16.993 5.782 1.40602
0.200 16.950 5.114 1.38221
0.000 18.564 4.437 1.52784
0.000 19.604 3.719 1.68247
0.000 19.257 4.528 1.84723
0.000 18.088 5.445 1.97990
0.000 18.916 3.512 1.92299
0.000 19.041 2.341 1.80711
0.025 20.311 3.533 1.72637
0.000 18.865 3.211 1.93113
0.050 16.728 3.957 1.93904
1.545 16.655 5.424 2.14018
0.900 16.819 6.074 2.06765
0.005 17.646 3.140 1.70533
0.000 19.440 2.880 1.56845
0.140 18.223 4.556 1.22909
0.685 19.055 6.225 1.20544
0.100 18.588 5.010 1.29184
0.000 18.258 5.435 1.49123
0.045 18.098 5.875 1.27841
0.000 19.549 6.553 1.80989
0.000 20.006 7.299 1.95857
0.755 19.754 6.430 1.90083
0.000 21.061 6.571 1.88945
0.190 19.800 7.001 1.87881
0.000 20.032 5.797 1.90265
0.000 18.312 6.807 1.65496
0.920 19.634 7.934 1.27218
0.000 18.750 6.112 1.14620
0.060 19.471 6.750 1.55858
0.000 19.061 4.927 1.98085
0.000 20.193 4.673 2.03880
0.000 23.557 7.019 1.76142
0.000 22.485 7.644 2.00821
0.000 22.083 5.455 2.23626
0.000 23.632 7.911 1.75114
0.000 24.115 9.073 1.56991
0.000 23.179 8.974 1.63572
0.000 21.723 7.899 1.43009
0.000 21.969 7.485 1.39287
0.000 19.874 8.942 0.94897
0.000 18.940 9.264 1.15391
0.000 18.228 6.945 1.02347
0.000 21.303 7.698 1.77901
0.000 21.973 9.141 1.76206
0.000 20.234 8.671 1.39111
0.135 20.646 7.533 1.59048
0.310 21.197 8.774 1.67798
0.255 20.742 8.193 1.33598
0.840 22.591 8.892 1.47339
0.000 21.587 8.251 1.89094
0.090 20.861 8.285 1.99823
0.365 21.309 8.546 1.75723
3.995 19.071 6.697 1.42938
0.075 22.078 8.303 1.86163
0.000 20.875 8.921 2.14921
0.000 22.076 8.904 2.03863
0.000 25.002 9.489 1.73452
0.000 24.081 10.620 1.80719
0.135 24.885 11.452 2.32453
3.365 23.086 12.193 1.99113
0.100 24.275 12.248 2.32289
0.260 25.285 12.625 2.31690
0.000 26.318 12.358 1.97546
0.000 27.281 12.260 1.50205
1.200 27.941 14.559 1.36389
1.715 24.924 12.065 1.76209
3.585 27.745 14.135 1.44839
0.000 24.380 11.994 1.46987
0.000 27.099 11.863 1.68263
0.000 28.192 13.593 1.74276
0.675 27.440 11.662 1.70782
0.000 26.371 12.959 1.79726
0.385 24.028 11.825 0.67790
0.000 21.192 10.001 0.83057
0.000 21.677 10.417 1.14490
0.890 21.656 11.403 1.07044
0.705 22.097 10.078 0.98420
0.310 22.625 10.591 1.01037
5.770 23.613 10.342 0.84784
19.990 22.921 10.672 0.78743
20.810 23.491 11.101 0.77382
13.580 20.854 9.116 1.05937
12.370 21.602 9.681 1.00067
15.760 22.558 10.418 0.83098
12.405 21.761 8.913 1.16413
0.000 21.918 9.348 1.21617
0.065 19.085 9.498 1.22351
3.160 17.121 8.365 1.33116
0.000 19.166 8.738 0.98621
0.000 20.950 9.510 1.12835
0.000 20.504 10.158 1.40648
0.000 20.259 11.099 1.38641
1.630 17.641 9.285 1.05899
21.085 18.462 7.321 1.02396
0.000 19.031 6.683 0.97984
0.205 18.056 6.634 1.03461
0.000 18.336 5.796 1.19796
0.030 18.059 6.095 0.88774
1.570 18.330 7.854 1.06012
33.500 17.674 5.221 1.08766
11.855 18.837 5.368 1.01851
12.765 17.500 6.642 1.14947
0.000 17.182 3.801 1.14300
1.145 16.406 3.989 1.08293
0.000 17.286 4.971 1.18885
1.530 16.238 4.322 1.29186
5.965 16.574 4.219 1.46437
28.435 16.029 0.793 1.46080
3.895 15.401 0.846 1.33123
3.130 16.201 1.146 0.97389
4.770 16.162 1.607 1.13557
0.165 16.582 2.507 1.19275
0.725 16.412 2.309 1.16152
0.000 15.419 2.668 1.35605
0.000 15.357 3.564 1.26941
1.475 14.945 3.689 1.23657
2.305 16.018 3.198 1.26213
34.915 14.917 3.277 1.35995
27.190 16.331 3.014 1.27120
6.970 16.484 2.079 1.04216
0.430 15.900 1.955 1.39741
0.215 15.536 1.444 1.63614
0.105 16.085 1.521 1.46528
11.190 16.531 2.852 1.18111
0.710 14.799 3.922 1.58771
15.685 14.569 3.116 1.30102
0.000 14.003 1.220 1.06770
0.660 13.393 1.044 1.00053
0.590 12.646 1.190 0.97564
19.085 13.214 0.704 1.10002
16.215 13.938 0.232 1.00652
9.545 13.927 -0.544 1.09519
2.235 13.504 -0.406 0.99089
0.000 15.604 2.842 0.99448
0.000 16.727 2.817 0.84079
0.120 15.192 3.317 0.99593
0.000 13.993 3.489 1.01514
0.000 15.483 3.642 0.71566
0.000 15.541 5.353 0.87653
8.980 13.789 4.882 1.14413
6.210 15.394 3.640 1.15869
22.345 15.690 2.470 1.21582
16.610 14.618 2.336 1.24636
2.400 12.208 0.088 1.02962
2.855 13.023 -0.318 0.96792
12.670 13.228 -1.378 1.32409
29.240 13.395 -2.159 1.47541
4.980 13.558 -2.575 1.57353
37.420 13.897 -2.652 1.22505
12.705 14.665 -0.359 1.09468
12.360 13.179 -0.128 0.95082
15.925 13.009 -0.273 1.10930
0.095 12.217 -2.947 1.11860
0.135 12.574 -3.152 0.86680
0.000 9.600 -1.146 0.88134
3.620 6.949 -2.357 0.95862
23.450 9.784 -2.520 0.83860
9.800 8.906 -1.886 0.95776
17.405 8.234 -1.095 1.11696
7.535 9.376 -1.765 1.25997
4.730 10.844 -1.786 1.29537
1.300 12.858 -0.650 1.16643
0.000 12.099 -0.158 1.23222
0.490 10.672 -1.719 1.29463
1.700 23.663 12.096 1.38113
1.320 26.002 12.792 2.00634
0.590 26.860 12.702 1.63672
5.815 26.786 11.278 1.38791
5.340 26.145 13.369 1.37343
10.175 26.058 11.655 1.41651
1.985 24.983 12.122 1.19868
3.785 22.864 13.231 0.99989
7.270 23.546 12.682 0.82783
0.325 22.287 12.518 1.24021
0.000 19.065 11.893 1.16689
0.300 23.272 13.761 1.13774
12.925 22.391 12.245 1.02572
0.765 27.144 13.045 1.48962
0.425 25.020 14.127 1.54175
7.660 23.556 12.922 1.26315
0.230 26.091 14.255 1.50850
20.585 25.169 12.753 1.91635
0.000 24.944 12.741 1.95495
3.325 25.960 12.933 1.88183
0.000 24.864 13.827 1.21851
0.000 23.423 12.872 1.07945
0.000 24.291 12.896 1.40111
0.000 22.985 13.932 1.31225
0.310 23.435 12.763 1.17477
2.275 24.174 13.463 1.45665
0.000 23.683 14.125 1.54288
17.325 22.565 13.797 1.23622
4.010 24.046 14.409 0.84635
0.000 22.788 13.963 1.13715
0.440 20.675 13.016 1.57399
0.000 22.285 13.103 1.39208
1.325 22.125 12.466 1.32352
0.000 24.361 13.373 1.42794
0.000 22.321 13.377 1.32681
0.000 23.814 14.475 0.89096
0.875 22.651 13.581 1.06720
0.000 23.782 14.740 1.03531
1.280 21.962 13.598 1.25027
1.380 21.765 12.606 1.30618
0.565 22.195 12.590 1.35604
0.000 23.505 11.468 1.47692
0.000 24.380 12.432 1.27152
3.115 23.278 13.623 1.29265
10.490 21.861 14.265 1.04026
6.110 21.326 12.760 0.82947
0.000 24.063 14.403 0.87088
0.305 22.896 14.215 0.65377
0.000 25.131 13.370 0.82767
1.845 26.152 14.454 0.93180
18.240 22.345 13.072 1.09104
0.000 24.219 14.259 0.76781
0.000 22.390 15.056 0.83890
0.000 23.651 13.748 0.77149
0.000 24.067 12.847 1.03591
0.000 25.359 13.890 0.79923
0.000 22.350 13.686 0.99954
0.000 21.306 13.511 0.69393
0.000 22.116 14.235 0.73772
0.000 23.091 13.087 1.08142
0.000 19.589 12.195 0.95042
0.000 24.905 12.027 0.85289
0.000 25.920 12.929 0.89317
0.000 25.498 12.791 0.90608
0.000 22.891 12.859 1.01211
0.000 25.596 13.296 0.99714
0.000 24.602 14.219 1.13381
0.000 24.477 13.888 1.45257
0.000 23.717 14.735 1.33724
0.000 21.909 15.475 0.65231
0.000 20.604 13.339 0.92567
0.000 23.823 14.599 0.92871
0.165 22.171 13.961 1.11770
0.000 22.212 13.743 1.17383
0.000 20.512 14.193 0.89449
0.000 20.669 14.541 1.04233
0.000 20.656 12.723 1.16737
0.000 20.373 12.170 1.04163
0.000 21.910 13.196 0.93231
0.000 20.386 13.067 0.91488
0.000 22.311 14.076 0.84735
0.000 23.627 12.754 1.25569
4.605 23.719 13.371 1.50024
0.000 22.181 11.626 1.18478
0.000 23.019 13.086 1.03641
0.000 21.349 13.856 1.02269
0.000 20.234 13.310 1.12833
0.000 20.197 12.134 0.98239
0.000 17.526 11.179 0.86021
0.000 20.033 11.943 0.93561
0.000 22.111 11.116 1.25545
0.000 23.154 12.447 1.13927
0.000 21.790 13.003 0.95808
0.000 23.534 13.912 0.84885
0.020 21.001 13.150 1.04254
0.005 23.719 14.335 0.90339
0.480 19.724 12.938 0.62418
0.000 22.544 12.613 1.09469
0.000 21.756 12.733 0.90466
0.000 20.496 13.078 0.74848
0.000 19.133 12.646 0.81883
0.000 21.250 12.114 0.92693
0.000 22.974 11.726 1.01719
0.000 23.865 12.646 0.90931
0.000 22.590 12.003 0.85321
0.000 23.610 11.985 0.82323
0.000 22.997 12.727 0.96371
0.000 20.064 10.843 1.06974
0.000 21.560 11.509 1.05018
0.000 20.856 11.251 1.04234
0.000 23.431 11.059 0.85118
0.000 22.858 11.917 0.94902
0.845 18.992 11.372 0.95716
0.000 19.194 10.380 0.90323
0.000 21.757 11.269 0.86274
0.000 22.629 12.260 0.96339
0.000 21.628 12.670 0.90234
0.000 19.040 11.340 0.75975
0.000 21.574 10.271 0.96200
0.000 22.580 11.358 0.96128
0.000 21.093 12.033 0.64391
0.000 22.058 11.027 0.85626
0.000 12.278 -1.859 0.97582
0.000 12.585 -1.724 1.15970
0.000 11.821 -1.969 1.23333
0.000 9.496 -3.454 1.38815
0.000 12.069 -3.678 1.33742
0.185 10.946 -3.447 1.05072
0.000 12.702 -1.150 1.49320
0.000 13.406 -1.165 1.44856
0.000 12.706 -1.002 1.62573
0.000 12.770 -0.634 1.49426
0.000 12.885 0.312 1.38567
0.000 11.489 0.095 1.50772
2.350 9.321 -0.180 1.52226
0.000 10.947 -1.695 1.45171
0.455 7.854 -1.723 0.84509
0.045 9.963 -2.923 0.97786
0.000 8.970 -3.140 0.72285
0.735 11.516 -2.182 0.85474
2.095 8.630 -2.363 0.97238
2.095 8.428 -2.294 1.19585
0.595 7.992 -1.995 1.18452
0.000 7.815 -2.504 1.37830
0.000 9.900 -2.553 1.31363
0.000 9.922 -2.532 1.24205
0.000 9.815 -0.770 1.37683
0.000 10.428 -1.647 1.63517
0.000 10.090 -1.313 1.60055
0.000 9.355 -2.856 1.51730
0.045 9.897 -2.964 1.27716
0.140 8.616 -2.780 1.07830
0.000 9.150 -2.237 1.13941
1.590 9.215 -2.274 1.56108
0.000 7.172 -3.952 1.22292
6.690 8.884 -3.945 1.25490
0.000 12.319 -1.988 1.45766
0.000 9.906 -0.983 2.09191
3.600 5.920 -6.222 1.53775
0.000 9.578 -6.031 1.25774
0.000 9.428 -3.038 1.63037
4.435 11.145 -2.527 1.58576
0.000 11.378 -2.275 1.86485
0.000 10.344 -2.560 1.49783
0.050 9.932 -3.240 1.38530
0.000 13.092 -3.190 0.92492
0.000 13.287 -1.219 1.30721
0.000 13.801 -1.793 1.43401
0.315 12.745 -1.665 1.82380
0.000 12.731 -0.630 1.81802
0.000 14.175 -1.158 1.53086
0.000 14.120 -0.986 1.42277
0.000 11.915 -1.420 1.61673
0.520 4.428 -2.421 1.10667
0.175 7.284 -2.827 1.11781
0.000 11.523 -2.758 1.20828
0.000 12.810 -2.137 1.32167
0.000 13.749 -0.873 1.61121
0.000 13.950 -0.823 1.57725
0.000 13.210 -0.365 1.70340
0.000 13.424 0.244 1.61071
0.000 13.899 -0.675 1.24511
0.000 15.631 -0.532 1.49952
0.000 15.786 -0.009 1.64935
0.000 16.182 0.457 1.61625
0.000 16.360 0.625 1.69881
0.000 17.741 0.945 1.35562
0.000 18.677 1.905 1.28276
0.000 18.853 3.254 1.83852
0.000 18.784 2.769 1.83601
0.000 19.917 2.175 1.59232
0.000 20.059 2.634 1.64780
0.000 19.736 4.040 1.56845
0.000 20.552 4.484 1.54867
0.000 20.794 5.001 1.33916
0.000 19.567 5.181 1.48569
0.000 19.084 3.549 1.92178
0.000 21.205 2.933 1.33819
0.000 24.205 3.901 1.18642
0.000 22.469 5.120 1.84772
0.000 20.312 6.399 2.25654
0.000 19.791 6.816 2.03690
0.000 20.276 7.425 1.66197
0.430 19.976 7.247 1.21384
0.000 18.640 5.500 2.16988
0.240 17.187 6.317 1.97765
0.335 17.019 6.002 2.06974
0.000 14.708 5.323 0.85434
0.000 18.401 5.450 1.64875
0.000 19.160 6.508 1.77726
0.000 19.830 7.423 1.52504
3.175 19.529 6.949 1.37580
15.955 13.373 1.532 1.85315
11.540 12.875 1.839 1.08934
0.305 15.717 3.635 1.39974
0.000 17.682 5.506 1.85725
0.000 18.938 6.552 1.19709
2.825 17.268 4.958 1.16608
0.405 19.030 6.309 1.00324
0.060 18.414 6.362 1.54611
1.170 15.759 3.738 1.45378
0.020 21.745 5.475 1.32332
1.305 18.695 6.857 1.51303
0.000 21.978 7.100 1.30140
0.000 22.695 8.637 1.71127
0.065 19.701 8.520 2.14201
0.010 19.471 7.914 1.99913
0.000 18.490 8.015 1.92019
0.380 18.286 4.298 1.61112
0.000 15.567 3.926 1.13043
1.735 19.648 7.018 1.14965
0.305 18.827 7.487 0.99064
0.000 19.942 7.180 1.61647
0.000 20.497 8.582 1.70753
1.975 20.232 7.936 1.73646
0.000 20.167 6.901 2.12799
0.000 20.750 6.731 2.04246
0.000 21.103 7.746 1.75053
0.000 20.938 7.349 1.81978
0.000 21.044 9.290 1.42177
0.000 22.281 8.226 1.58358
0.940 19.905 7.244 1.26640
2.455 13.524 5.788 1.55929
18.345 13.739 4.232 1.45525
2.925 14.981 4.481 1.11927
7.325 17.082 4.174 0.87393
0.095 14.918 4.432 0.71655
0.135 19.891 8.286 1.13938
0.000 23.056 9.732 1.08719
1.730 21.547 9.407 1.40902
0.015 22.391 9.296 1.41998
0.015 20.322 9.695 1.30460
16.910 22.546 11.092 1.23105
11.355 17.323 10.026 0.90345
2.675 19.005 10.967 1.31592
0.110 20.785 10.292 1.81835
2.565 19.649 9.750 1.01441
10.025 19.523 10.026 0.85056
1.870 19.231 10.494 1.52243
2.940 20.105 8.854 1.75615
0.325 21.643 9.681 1.30400
0.270 21.280 10.287 1.10415
4.815 23.211 11.988 1.18287
0.350 20.443 11.681 1.01012
4.885 21.706 11.852 0.91535
0.000 23.715 11.739 1.04208
0.120 24.990 13.284 1.20982
1.315 24.600 11.311 1.39251
0.095 23.099 11.262 1.57750
0.000 24.294 10.567 1.45988
0.000 23.970 11.501 1.25028
0.000 23.481 12.520 0.98139
0.000 24.693 12.267 1.22939
0.915 23.429 12.378 1.38495
0.000 24.650 13.322 1.89699
0.000 22.614 11.160 1.69421
0.000 23.566 12.650 1.57860
1.620 24.273 12.491 1.30146
10.530 23.205 12.992 0.98678
11.705 24.531 12.028 1.01328
2.500 24.172 12.552 1.20285
6.590 20.552 11.718 0.92853
0.000 20.982 12.410 1.15502
4.020 21.468 11.817 1.16277
0.655 22.598 11.721 1.45469
3.760 20.317 12.607 0.84838
9.940 18.041 11.468 1.01539
21.335 20.886 10.908 1.04603
11.395 19.679 10.219 1.44892
6.270 21.131 11.610 1.68478
0.020 22.720 11.605 1.89322
0.000 23.325 11.223 1.80755
0.100 22.184 11.763 1.57651
0.000 24.828 12.496 1.57145
4.065 23.785 13.476 1.27762
18.770 19.572 10.621 1.03217
14.125 24.047 13.014 0.93528
0.550 23.495 12.044 1.40792
2.990 23.256 11.977 1.67439
2.490 19.919 12.280 1.18326
28.950 20.621 13.586 0.63023
11.935 20.073 13.840 0.78117
5.185 19.960 13.496 1.03418
6.280 19.394 13.071 0.61466
5.601 20.299 12.986 0.68940
0.215 23.396 13.961 0.81267
1.250 22.091 13.732 0.74411
4.880 24.160 13.869 0.68766
0.075 26.250 13.384 0.78907
12.730 25.438 14.623 0.79652
0.000 23.485 12.709 0.95071
0.175 24.613 13.883 0.87119
0.370 24.228 14.320 1.16420
1.200 24.771 14.978 1.17457
1.240 24.591 14.683 1.22443
0.000 23.118 13.684 1.08031
2.590 26.117 14.641 0.95529
0.000 23.449 13.811 1.13173
1.295 26.109 13.942 1.22987
7.625 25.202 14.529 1.60281
0.255 21.405 12.037 1.59805
0.650 23.444 13.453 1.39698
0.120 22.537 13.314 0.93230
4.235 22.575 14.120 1.11883
8.715 21.892 13.326 0.74082
12.470 20.082 13.093 0.80795
39.525 22.079 13.453 0.84164
9.355 21.422 12.015 1.17807
1.355 23.063 12.148 1.42057
3.710 20.550 11.812 1.12147
0.000 22.614 12.664 0.61311
0.260 23.995 14.057 0.84572
12.305 23.887 13.166 0.92467
2.075 20.741 13.747 0.82322
27.150 22.952 14.368 0.96966
12.840 20.051 12.974 1.08910
1.220 21.224 13.414 0.95964
9.290 23.129 14.128 0.68474
1.405 21.586 12.970 1.09811
22.645 22.000 13.103 1.11711
5.945 23.276 13.742 1.13656
0.470 24.361 13.573 1.07212
0.985 25.320 14.487 0.76969
0.000 22.920 13.342 0.96169
0.000 25.078 14.402 1.13473
0.295 24.670 13.769 1.39483
32.374 25.329 14.948 0.92710
1.570 25.129 14.280 1.06779
0.540 25.615 15.419 0.76656
1.595 23.558 14.743 0.88709
6.565 21.940 13.430 0.96445
0.910 23.609 13.828 0.88954
1.440 25.591 13.897 0.90157
0.295 24.748 14.324 0.65915
3.940 24.411 14.192 0.70963
1.500 24.237 14.328 1.09145
0.000 25.443 15.283 0.89147
2.220 22.814 13.052 0.62329
11.780 24.175 14.445 1.08220
0.190 25.141 12.827 1.02516
1.010 23.230 13.054 1.24787
0.810 23.116 12.397 1.34114
0.005 24.132 13.144 1.14603
6.335 22.367 13.822 1.17163
8.695 20.277 13.565 0.54789
3.840 20.589 13.204 1.01566
0.000 24.001 13.192 1.04969
1.320 22.278 12.339 1.05645
0.110 19.635 12.668 1.18410
0.330 16.553 9.187 1.23804
0.000 20.862 10.125 1.01579
0.535 21.876 11.342 1.13580
1.425 22.462 12.501 0.93688
2.195 19.775 12.450 0.78989
1.600 18.546 12.445 0.69160
0.710 19.195 11.782 0.62917
3.595 20.410 12.066 0.67976
0.315 22.310 12.572 0.91173
0.040 23.061 12.011 1.07739
13.715 22.127 11.496 1.09945
13.340 23.365 11.889 1.07136
3.980 24.388 12.789 0.79323
0.000 22.840 13.120 0.93090
0.000 24.054 13.651 0.99426
14.360 21.150 12.600 0.70392
0.225 22.579 12.635 0.94182
0.175 21.195 12.614 0.96659
1.020 20.720 12.655 1.04645
14.145 17.214 12.174 0.71421
0.000 19.373 11.547 0.89569
0.000 20.932 10.045 1.09159
0.000 22.994 10.875 0.94938
17.895 21.576 12.084 0.73794
1.515 18.744 10.847 0.84916
0.000 22.527 11.217 0.67763
0.000 22.724 12.369 0.77734
3.950 21.254 12.662 0.71189
12.365 18.199 11.696 0.70845
2.215 20.183 11.532 0.93651
0.000 20.830 10.539 1.13726
0.000 21.382 10.587 1.12953
0.000 21.496 9.931 1.24255
0.340 20.888 10.494 1.21986
0.000 19.045 7.464 1.37036
0.000 15.535 7.733 0.92147
0.630 19.313 9.909 1.13469
0.000 20.299 9.324 1.27897
0.000 21.375 9.163 1.06344
0.000 21.607 9.814 0.80442
0.000 18.910 8.903 0.82399
6.780 18.330 8.380 1.01000
0.000 16.784 6.744 1.08533
0.000 15.790 6.849 1.07473
0.000 17.597 7.182 0.83861
0.000 19.447 6.898 0.98935
0.000 21.609 7.044 0.75463
1.095 19.679 9.702 0.78406
0.395 20.327 9.142 0.81498
0.000 15.993 8.455 1.04406
5.965 16.229 8.612 1.16801
3.885 19.087 6.387 1.16344
0.000 18.832 4.322 1.03632
0.000 18.801 4.344 1.05600
0.000 19.137 5.148 1.09373
0.000 19.817 4.293 0.77868
0.000 18.520 4.641 0.95247
0.000 18.964 3.835 0.91818
0.000 18.822 2.417 1.13968
0.380 19.269 2.535 0.85390
0.000 16.388 3.573 0.86988
0.000 17.082 1.922 0.99534
0.000 18.091 1.223 1.05587
0.000 16.383 1.205 1.32474
0.000 18.197 1.123 1.07531
0.000 17.848 1.341 1.26508
0.000 17.919 1.231 1.26771
0.000 17.752 1.520 1.22551
0.000 17.189 2.441 1.13754
0.000 16.686 1.689 1.19109
0.000 16.556 1.193 1.14642
0.000 16.288 0.839 1.27188
0.000 15.478 0.822 1.21584
0.000 14.141 0.147 1.28163
0.000 15.134 -0.565 1.13936
0.000 16.181 -0.741 1.06000
0.000 15.733 -0.491 1.36902
0.000 16.088 0.049 1.30865
0.000 16.591 0.862 0.95866
0.000 16.398 0.930 1.10038
0.000 16.429 -0.202 1.23370
0.000 17.899 -0.137 0.90726
0.000 15.938 -0.868 1.45184
0.000 14.839 -0.948 1.64540
0.000 14.482 -0.902 1.68005
0.000 15.199 -0.813 1.52520
0.000 15.719 -0.544 1.34208
0.000 15.104 -0.318 1.41112
0.000 14.636 -1.303 1.38741
0.000 14.553 -1.324 1.43627
0.000 14.042 -1.274 1.42003
0.000 14.758 -1.143 1.20539
0.000 14.403 -0.958 1.37615
0.000 13.777 -1.082 1.26343
0.000 14.153 -2.167 1.27548
0.000 13.668 -2.214 1.28417
0.000 14.557 -1.739 1.28766
0.000 14.582 -2.217 1.25357
0.000 13.784 -2.284 1.01403
0.000 14.576 -0.127 1.19277
0.000 13.468 0.240 1.25716
0.000 13.104 -1.115 1.50445
0.000 13.824 -2.760 1.09278
0.000 8.184 -2.755 1.20854
0.000 10.276 -2.204 0.85321
0.000 12.182 0.175 1.27448
0.000 12.806 0.034 1.04432
0.000 12.262 -0.472 1.13730
0.000 12.776 -1.383 1.21544
0.000 12.570 -1.528 1.22139
0.000 13.084 -0.816 1.22790
0.000 11.542 -0.293 1.50453
2.800 10.382 -1.420 1.30531
0.480 8.785 -1.490 1.26851
0.000 7.231 -2.386 1.00705
1.610 9.392 -2.647 0.96136
0.655 10.366 -0.456 1.05815
1.855 9.901 -0.873 1.22754
