0.000 -2.074 -17.107 2.95548
0.029 -3.961 -16.725 3.46220
2.471 -1.725 -15.156 2.49084
0.046 -4.802 -18.637 3.61497
0.271 -5.974 -18.488 3.07813
0.057 -7.520 -20.006 3.00543
0.000 -6.029 -19.988 3.11013
0.000 -3.862 -19.744 2.83491
0.000 -3.627 -19.833 3.32657
0.000 0.239 -18.977 3.28810
0.000 0.767 -15.224 3.32924
0.164 0.354 -14.373 3.34205
0.000 -0.229 -13.297 3.38064
0.000 -0.240 -13.690 4.22481
0.754 -1.143 -13.071 4.42877
3.105 -2.724 -16.957 5.83261
0.944 -9.988 -21.075 3.56385
0.092 -3.863 -21.168 4.26369
0.049 -5.935 -19.011 3.37620
0.000 -3.598 -19.445 4.06281
0.000 -2.236 -21.156 4.63826
0.000 -5.396 -21.471 3.02552
0.000 -1.701 -20.296 3.37607
0.000 -5.245 -19.946 2.64853
0.000 -1.131 -19.687 3.48524
0.000 -2.305 -14.613 3.39748
0.000 1.584 -14.753 3.81808
0.000 1.995 -14.063 4.02911
0.223 2.924 -13.705 3.15181
1.554 -1.836 -14.246 4.36799
2.284 -6.798 -17.943 2.91748
0.049 -6.072 -17.993 3.93763
0.027 -6.418 -19.735 3.52604
0.000 -4.118 -19.911 2.03925
0.000 -5.631 -17.775 2.67622
0.729 -4.106 -17.950 3.32541
0.000 -2.697 -17.871 3.49234
0.000 -4.404 -18.216 3.22796
0.000 -0.849 -16.351 3.34393
0.128 -1.501 -15.608 5.79088
0.000 -4.694 -16.445 3.49105
0.358 -6.718 -16.088 3.87760
0.138 -7.561 -15.942 3.64592
0.095 -7.604 -19.996 4.22123
0.000 -6.222 -20.043 2.97741
0.353 -5.404 -18.060 2.89491
0.000 -4.773 -18.312 2.91827
0.050 -4.416 -19.084 4.23319
0.179 -1.676 -19.215 3.39146
0.000 -5.470 -18.314 3.56029
0.000 1.916 -18.367 4.45250
0.000 3.229 -16.262 5.11643
3.990 -4.132 -14.834 3.36749
0.075 -7.944 -19.544 3.61576
0.000 -4.590 -19.633 3.53932
0.000 -7.046 -21.106 2.85320
0.000 -4.136 -21.001 2.84325
0.320 -3.664 -14.909 3.30040
0.201 -2.746 -15.279 3.91150
0.222 -6.037 -22.346 3.32291
0.000 -5.124 -22.294 3.38032
0.000 -2.645 -17.019 2.67333
0.000 1.309 -16.461 3.36962
0.001 -0.678 -16.167 4.20469
0.000 0.724 -16.008 4.27803
0.148 2.224 -15.265 4.58221
0.331 0.699 -16.799 4.98558
0.000 -1.468 -16.634 3.80447
0.007 1.438 -15.436 4.92509
0.008 -2.154 -14.304 4.34021
0.066 -0.354 -12.426 3.53111
0.009 -1.027 -14.091 4.19056
0.000 2.121 -13.673 4.65179
0.044 1.848 -13.468 4.41311
0.040 1.730 -13.057 2.76743
0.305 1.674 -11.889 2.28184
0.000 3.121 -11.295 3.07867
0.000 4.955 -8.075 4.02456
0.183 3.451 -9.821 3.20998
0.158 1.170 -10.564 2.23315
0.064 1.817 -10.195 1.44476
0.726 -0.627 -8.113 1.53449
0.259 2.310 -10.588 3.57358
1.247 1.599 -10.984 2.93767
1.337 -0.273 -10.300 3.41473
0.997 -2.369 -12.872 1.71389
0.434 0.488 -12.154 2.39781
0.002 1.618 -10.237 3.78330
0.000 3.676 -8.068 3.51257
0.711 4.013 -6.861 2.74083
3.239 4.506 -7.781 2.14490
2.139 3.703 -8.438 2.50589
0.532 2.039 -9.233 2.39682
0.000 4.529 -8.386 2.66071
0.000 8.798 -6.775 3.16576
0.000 7.877 -6.272 2.59777
0.000 10.959 -5.295 3.10910
0.066 11.141 -5.149 3.78014
1.409 10.192 -5.481 3.63772
2.922 9.139 -5.714 4.30527
3.604 4.411 -7.314 4.44540
2.294 4.834 -6.509 5.17590
0.774 3.235 -9.752 3.86711
0.000 5.688 -8.013 4.27079
0.302 7.632 -6.533 3.66568
0.023 4.106 -6.162 3.28290
4.083 4.377 -5.892 4.23914
0.908 0.384 -9.494 2.82881
0.200 4.660 -7.419 3.10077
4.430 1.477 -8.188 1.51795
0.027 5.353 -8.013 2.24574
0.773 6.280 -6.770 3.21104
0.144 3.920 -5.780 3.49126
0.834 0.968 -7.168 1.77191
2.049 4.425 -6.143 2.68046
0.405 4.472 -7.151 2.04566
1.977 2.157 -7.515 1.66269
0.007 3.915 -7.957 1.38404
0.001 7.550 -6.311 1.53986
1.159 10.152 -4.666 2.78012
0.210 10.397 -5.631 3.60282
0.000 12.664 -4.795 2.92337
0.000 13.842 -2.710 2.07431
0.000 13.724 -2.832 2.90242
2.721 15.320 -3.127 3.29182
14.333 11.836 -4.340 2.29800
0.894 4.559 -4.920 1.42301
3.785 7.367 -5.759 2.31744
0.017 13.042 -4.092 1.66133
0.575 12.568 -4.037 4.26440
0.363 11.112 -4.876 4.14282
0.098 12.626 -3.877 2.70643
0.000 12.650 -4.227 1.75417
0.637 13.532 -3.987 3.84363
5.614 9.901 -2.897 2.20846
2.830 6.016 -3.507 1.69356
1.837 9.098 -5.495 1.34950
0.981 10.047 -5.318 2.04431
0.435 11.735 -4.642 1.73927
2.574 11.050 -2.579 1.71063
1.479 12.009 -2.632 1.70088
0.520 11.941 -2.449 2.32901
0.376 11.768 -4.527 1.78939
0.096 12.822 -3.285 2.56991
9.642 12.712 -2.241 2.08681
3.318 9.109 -2.218 1.01604
5.095 12.071 -1.706 1.30117
1.262 11.566 -1.743 1.60996
1.106 12.171 -1.254 1.71277
1.472 12.148 -0.904 1.42778
2.828 12.434 -3.936 3.15478
5.311 14.612 -3.518 2.42638
9.285 13.283 -2.898 2.75317
4.750 9.738 -2.740 1.06198
0.619 11.360 -3.095 2.98959
3.113 13.327 -2.640 2.52805
4.227 13.047 -1.982 2.76903
0.840 10.021 -2.537 1.46623
0.006 12.771 -3.317 1.13305
0.105 16.381 -1.360 2.36017
6.758 13.640 -1.278 2.68501
0.257 13.992 -0.885 1.86825
2.771 16.358 0.768 3.13009
0.511 18.095 0.869 2.74453
1.344 17.357 1.213 2.29247
2.864 14.300 1.153 1.48251
0.199 18.442 0.705 1.66871
3.340 16.751 1.834 2.60000
9.127 15.119 -0.020 2.19902
2.993 10.982 -0.317 1.43949
0.690 13.389 -2.093 1.35186
0.933 12.571 -1.441 1.10392
0.783 16.726 -0.447 1.25533
7.640 14.183 -4.063 3.25950
0.109 12.528 -2.207 2.26443
0.000 15.223 -2.744 1.50944
1.102 17.277 -0.110 3.11345
1.090 16.268 0.692 3.97759
2.223 15.627 1.357 2.78850
1.692 11.784 -1.216 1.52635
0.001 16.225 -1.502 2.05128
3.798 14.591 -2.528 2.22054
0.007 13.779 -3.015 1.69199
0.096 17.263 -1.995 1.66976
0.901 17.519 0.810 1.92933
4.366 13.171 -0.674 1.22329
0.393 15.436 -2.172 1.99869
0.036 15.615 -1.426 1.74541
1.814 18.769 0.948 1.92055
0.833 15.675 -1.722 1.50074
0.306 15.482 -0.820 1.87102
0.000 15.493 -1.187 1.74727
0.000 17.574 -0.349 1.34250
0.125 19.344 1.198 1.30159
0.534 20.790 3.382 1.42838
0.319 20.058 5.165 1.18603
0.952 19.404 5.052 1.53743
0.762 16.360 0.598 1.46818
0.021 18.267 2.949 1.73854
0.006 19.530 0.715 1.55080
0.000 20.140 1.060 1.84372
0.196 20.505 3.123 2.46159
4.523 16.067 2.688 1.12266
2.494 13.767 0.878 1.50800
0.558 19.068 2.334 2.18093
2.220 16.245 2.413 1.96998
11.395 16.888 1.721 2.07479
1.927 14.439 0.642 1.78298
0.760 12.328 -1.018 1.80672
0.280 15.772 1.600 1.51848
0.010 16.628 1.828 1.38818
0.592 12.713 2.203 1.65170
0.611 13.374 0.989 1.44953
0.719 18.119 1.953 0.98580
0.061 18.368 0.313 1.57905
0.076 21.029 2.997 1.13056
0.354 20.700 2.797 1.02792
0.270 18.591 2.954 1.27159
0.198 17.513 2.135 1.27249
0.000 20.739 1.488 1.65199
0.037 20.335 2.093 3.45842
1.330 18.713 2.473 1.97145
1.324 19.668 3.373 2.85044
4.391 16.016 1.524 1.60629
0.092 12.452 0.597 1.54300
0.030 17.441 1.261 1.83722
0.000 18.684 -0.481 2.09032
1.293 19.077 0.569 3.37355
0.857 16.227 -0.543 2.20313
2.629 18.695 1.510 2.07793
7.963 17.134 1.057 1.38587
0.850 13.878 1.357 1.44694
1.326 14.103 0.248 1.46577
0.278 16.747 -0.758 1.42812
1.589 14.108 -0.955 1.70117
0.045 14.984 -1.523 1.24143
1.058 15.637 -0.780 1.33332
11.108 16.403 0.157 1.36344
0.446 9.657 -2.395 1.46602
0.000 16.437 -0.339 1.46309
0.514 18.266 0.447 1.94854
1.624 18.670 0.842 1.72533
0.473 14.424 2.105 1.54945
5.833 16.899 1.218 1.42433
5.452 17.157 2.024 1.42138
0.913 14.898 -1.794 2.37389
0.014 16.607 -0.343 1.65832
0.506 16.939 0.008 1.91705
1.495 18.141 1.271 2.06450
1.561 16.768 0.012 1.73065
2.138 17.820 0.179 2.00043
8.528 16.972 0.445 1.66104
1.344 14.968 -0.384 2.04407
5.282 15.693 -0.579 1.53164
3.684 15.890 0.482 2.57671
1.620 16.252 -0.456 2.70488
1.106 17.155 0.565 3.14474
3.333 15.729 0.846 2.19271
6.355 13.446 -1.403 1.31121
0.543 13.459 -1.661 2.14529
0.501 16.115 -0.440 2.61205
1.208 15.452 0.556 2.47259
0.600 15.844 -0.269 2.63427
1.681 13.696 -0.573 2.39600
0.898 15.692 -0.582 2.88731
0.084 16.952 -1.321 2.66691
0.058 17.335 -1.405 2.55789
0.206 16.141 -2.639 2.22288
0.000 14.375 -2.686 2.21007
1.355 13.302 -5.137 2.12892
0.000 14.006 -4.545 1.50458
0.331 14.928 -3.296 2.54600
0.689 14.411 -2.973 2.44884
1.011 11.131 -4.597 1.95575
0.110 12.546 -4.354 1.74900
1.492 8.757 -2.904 1.82486
3.544 5.922 -4.022 1.02044
0.626 5.196 -5.793 1.41509
0.231 7.723 -5.367 2.34331
0.319 8.779 -5.150 2.96754
0.628 8.994 -4.967 1.97895
0.975 8.340 -5.123 2.31097
0.962 9.104 -5.423 1.26970
0.068 11.479 -5.377 2.64594
0.005 12.500 -5.389 3.32766
0.169 12.840 -5.181 3.17721
0.000 12.316 -5.155 3.27567
2.090 9.749 -5.212 3.54409
1.276 7.515 -6.214 2.95197
0.096 7.811 -6.187 2.94652
0.000 6.938 -7.384 2.64761
0.000 5.824 -7.291 1.38329
0.000 6.803 -6.630 2.52031
0.027 7.305 -6.227 2.17478
1.016 2.321 -6.484 1.58660
0.199 2.208 -6.862 0.90571
0.000 4.890 -7.384 1.58059
0.000 5.315 -7.365 2.43327
0.000 6.696 -6.880 2.57749
0.001 4.655 -7.258 2.28948
0.000 7.578 -7.183 2.87761
0.000 5.309 -6.957 2.62946
0.000 5.092 -6.931 2.71676
0.000 6.771 -7.078 2.56027
2.598 3.390 -5.511 1.21555
1.948 2.606 -5.654 2.07213
0.247 2.504 -10.447 2.25379
0.000 3.651 -10.778 1.96858
0.000 1.245 -8.834 1.15616
0.184 1.823 -8.746 1.42653
0.237 2.024 -10.234 2.08905
0.005 1.276 -11.283 1.84439
0.000 2.558 -11.416 0.96878
0.004 2.771 -10.291 1.19478
0.008 2.075 -10.080 1.19984
0.000 1.091 -9.971 1.89858
0.122 0.330 -10.019 1.77169
0.070 -1.135 -11.127 1.40812
0.005 -0.764 -11.273 1.74684
0.000 -1.218 -13.658 1.57085
0.000 -1.849 -14.077 1.19056
0.000 -1.973 -14.057 1.45237
0.082 -2.890 -15.099 1.84684
0.006 0.545 -15.199 1.47745
0.000 1.119 -13.869 2.12810
0.000 -1.050 -12.030 1.66175
0.000 -0.789 -12.414 2.26055
0.000 -2.240 -14.091 2.03866
0.000 -0.657 -14.490 1.68747
0.000 -0.739 -13.997 1.38624
0.005 -0.285 -13.272 2.44640
0.131 -0.839 -13.570 2.62205
1.094 -4.536 -13.926 0.99391
0.205 -3.122 -17.546 2.53147
0.003 -7.909 -17.908 2.23477
0.000 -5.458 -17.878 2.42400
0.000 -1.668 -17.165 1.92831
0.136 -3.888 -16.365 2.22284
0.006 -4.638 -19.338 2.23990
0.000 -0.414 -19.536 1.78117
0.000 0.466 -15.719 3.12300
0.000 2.324 -15.963 4.19560
0.000 0.536 -14.388 4.07592
0.000 -0.217 -16.009 3.29687
0.000 -0.577 -18.633 3.79871
0.000 -4.842 -19.038 3.37847
0.000 0.517 -18.834 4.05092
0.000 -0.781 -16.693 3.57496
0.000 2.958 -17.069 3.67582
0.000 -4.859 -18.153 2.97316
0.000 -2.227 -18.149 2.74597
0.059 -4.291 -18.763 2.45171
0.000 -7.091 -18.167 0.76836
0.080 -6.072 -19.224 1.58019
0.000 -5.518 -19.555 2.05569
0.000 -4.634 -19.744 2.14340
0.000 -3.654 -20.082 2.38679
0.000 -3.323 -18.585 2.59835
0.000 -2.908 -17.077 3.26892
0.000 -1.997 -16.172 2.73352
0.000 0.478 -16.635 2.94616
0.000 1.213 -15.712 3.43497
0.000 -1.172 -16.553 3.19411
0.005 -3.023 -16.912 4.39292
0.047 -7.597 -15.907 4.10645
0.232 -11.860 -17.295 1.71524
0.125 -11.065 -22.101 2.97597
0.000 -10.711 -22.635 3.29100
0.000 -8.716 -21.092 1.44991
0.038 -6.703 -19.821 1.83694
0.000 -4.367 -19.676 2.71641
0.000 -3.766 -19.918 2.60138
0.000 -0.295 -18.899 2.84604
0.180 -1.222 -16.614 4.08268
0.128 -3.846 -17.526 2.67465
0.000 -1.934 -17.973 3.01031
0.774 -3.901 -15.881 4.09250
0.941 -6.578 -14.791 3.74986
0.641 -9.285 -18.589 3.16332
0.000 -3.501 -18.556 3.59860
0.000 -3.269 -17.867 3.62430
0.102 -3.145 -17.674 5.03899
0.458 -6.832 -19.911 3.11269
0.000 -4.862 -20.139 3.70906
0.117 -7.014 -15.496 4.23311
0.277 -8.465 -16.292 3.81885
0.010 -8.167 -20.264 2.62736
0.000 -8.164 -22.325 3.06447
0.000 -5.207 -22.518 3.18778
0.000 -6.786 -19.913 3.16600
0.000 -4.287 -21.215 3.96487
0.000 -4.180 -21.179 3.07528
0.000 -2.442 -19.255 2.89888
0.000 -1.535 -18.980 3.01890
0.000 -5.695 -19.780 3.65239
0.000 -6.878 -21.719 4.42790
0.000 -3.756 -21.868 3.01862
0.000 -2.022 -19.371 3.61596
0.000 -3.385 -18.119 1.61815
0.083 -2.051 -14.555 3.22526
0.410 -4.702 -14.681 2.38724
0.033 -5.675 -20.816 2.75023
0.000 -4.838 -21.072 3.95160
0.000 0.886 -15.919 3.10998
1.296 -1.913 -15.977 2.27873
0.076 -3.428 -16.966 3.50204
0.122 -2.101 -17.034 3.00061
0.041 0.491 -14.668 2.36346
0.017 -0.247 -15.943 2.61084
0.000 0.201 -16.082 3.59302
0.715 1.901 -15.238 4.35762
2.198 -3.783 -15.673 4.04484
0.067 -4.906 -16.887 3.24972
0.303 -6.196 -16.648 2.98585
0.232 -6.866 -14.825 2.54170
0.446 -6.495 -14.655 3.10706
0.095 -4.365 -14.400 4.76378
0.211 -2.944 -13.832 4.54516
0.462 -5.479 -14.171 4.60926
0.094 -5.795 -14.847 3.33002
0.144 -6.353 -17.404 4.01601
0.000 -4.552 -16.441 2.60238
0.177 -5.703 -17.608 2.38418
0.031 -5.538 -17.824 2.94180
0.090 -2.993 -17.984 3.66996
0.004 -1.042 -17.862 3.47297
0.034 0.785 -16.412 3.98771
0.321 1.756 -16.286 3.99904
0.703 1.155 -10.406 4.33838
0.000 2.820 -12.347 4.93720
0.369 3.033 -12.227 5.62149
0.762 -1.529 -11.226 4.38019
0.182 0.930 -11.422 4.91765
1.245 1.585 -12.839 4.88969
1.550 1.953 -13.738 4.66070
2.302 -3.852 -16.673 4.45061
0.155 -0.957 -16.401 5.34491
0.668 -2.650 -18.295 5.37784
0.000 1.407 -17.728 5.13339
1.846 1.215 -9.521 2.83570
1.860 -1.522 -10.471 2.50673
0.288 -2.982 -15.142 2.64196
0.000 3.482 -14.427 4.49022
0.082 1.939 -9.798 2.59249
0.307 1.770 -12.020 3.26593
0.000 4.936 -11.182 3.69481
0.221 8.951 -7.362 4.00189
0.154 7.760 -8.050 3.04092
0.001 8.811 -7.417 3.90098
0.000 9.309 -5.434 4.58681
1.155 7.701 -5.147 5.07319
0.382 1.775 -8.036 3.16516
0.062 6.123 -7.196 3.10000
1.790 5.661 -6.731 4.51449
0.154 2.408 -8.007 4.01841
0.480 4.668 -8.155 4.59662
0.131 4.855 -8.563 5.39220
0.046 4.320 -8.668 5.59518
0.378 1.760 -9.920 5.75580
0.982 0.499 -8.869 5.51786
0.115 -0.875 -12.387 3.93095
0.019 0.726 -11.246 3.95189
0.974 -1.725 -12.100 4.17982
0.006 0.887 -11.635 2.73676
0.023 7.776 -9.961 2.74467
0.356 8.757 -5.851 3.24834
3.484 7.593 -5.384 5.18912
2.187 2.971 -8.443 4.16321
0.428 1.276 -9.941 3.72485
0.843 4.846 -9.047 4.53368
0.013 6.090 -8.042 4.83897
0.050 5.469 -7.294 3.48325
0.000 9.108 -6.669 3.78951
0.118 7.731 -5.674 4.06219
0.137 9.786 -5.642 5.65169
4.823 2.832 -7.933 4.28131
0.072 9.368 -5.833 5.93554
0.093 9.293 -5.826 4.83559
2.356 5.590 -6.773 4.06117
0.043 8.999 -5.465 5.81254
0.967 9.257 -5.481 3.81707
0.348 11.677 -5.300 4.22798
1.456 10.210 -4.989 3.04887
0.008 9.704 -3.704 3.55816
0.248 11.880 -4.620 2.91917
0.409 9.548 -4.816 1.93820
0.854 8.901 -5.158 2.32746
0.156 12.104 -4.899 2.67839
1.706 8.274 -6.382 2.41709
0.205 6.049 -4.397 1.48211
0.141 6.890 -5.301 1.89226
0.035 8.839 -6.221 1.22951
0.000 11.573 -4.865 1.79159
0.000 13.014 -3.940 2.40322
0.000 13.928 -4.617 2.33082
0.000 16.379 -2.201 1.87797
0.139 17.900 -0.729 3.18036
5.188 12.364 -1.874 1.92556
11.065 12.274 -3.366 2.34717
0.875 13.824 -1.924 2.57245
2.211 15.017 -2.197 2.20305
0.037 18.243 -0.600 4.76471
0.225 17.937 1.096 4.74384
0.289 18.161 -0.749 5.95331
2.061 17.645 -5.241 4.93782
2.265 14.505 -3.651 5.24361
0.015 16.348 -2.406 5.76667
0.305 17.324 -2.747 4.37655
0.267 18.637 -0.934 3.64327
1.401 19.177 -0.459 3.10287
1.602 18.259 -1.737 3.61272
0.011 18.731 0.164 2.14327
0.088 19.671 -0.260 2.92579
0.257 19.367 -1.558 3.57608
0.086 19.319 -0.500 2.61155
0.000 19.421 0.227 1.98276
0.609 19.904 1.752 2.36550
0.222 20.402 0.889 3.45779
0.004 22.152 1.517 3.14484
0.000 23.018 2.338 3.31383
0.078 22.416 3.411 2.24879
2.927 21.926 1.640 1.75965
0.375 18.040 1.113 1.64560
0.035 18.023 2.580 1.04726
0.501 17.519 3.457 1.22199
1.365 18.052 3.186 1.36648
5.620 20.025 3.106 2.29976
4.814 14.085 1.073 3.12269
6.903 16.899 -0.562 2.82139
4.507 14.646 0.876 1.63740
1.775 14.787 -3.292 2.17254
0.000 14.736 -1.174 2.48605
9.044 14.805 0.286 2.18385
4.739 9.898 -0.337 1.72731
6.518 14.616 -0.142 2.94630
3.471 16.280 -0.474 2.84358
7.622 15.957 -0.178 2.77662
0.900 16.627 0.467 3.50593
7.740 17.783 1.483 2.88508
6.564 18.787 2.891 3.16266
4.954 16.317 1.922 1.64989
1.912 14.577 0.869 1.22488
3.105 15.969 1.098 2.18119
1.289 17.025 2.280 1.69216
1.671 15.248 1.320 1.63141
7.256 16.635 -0.882 2.67073
9.635 15.746 0.653 1.81734
22.927 12.704 0.437 1.32795
7.965 12.891 -0.335 1.93586
1.863 10.899 -0.261 1.64807
6.594 12.705 -0.018 2.02943
10.594 12.078 0.069 1.98364
1.676 11.429 -0.123 2.01489
6.330 13.971 -2.799 2.10539
0.031 13.853 -2.273 1.51179
0.046 15.995 -0.151 2.59617
5.153 16.842 0.983 2.91859
4.401 15.477 0.705 2.46002
5.052 14.187 0.846 1.09312
1.448 16.086 0.921 1.25051
8.583 14.754 1.040 1.30243
9.855 13.708 -0.867 1.26426
0.363 13.914 0.653 1.01875
0.012 15.110 0.032 1.18769
0.000 15.226 -0.746 0.97455
0.000 16.645 -0.238 1.46299
0.219 16.965 2.126 1.37044
1.993 13.797 0.539 1.46831
2.890 15.899 -0.201 1.52744
0.024 15.788 -0.703 1.62945
0.396 18.484 3.234 2.40563
0.670 16.946 0.577 2.40218
0.473 18.546 1.126 2.12418
0.303 17.302 0.930 1.80637
2.869 17.668 1.625 1.93268
5.836 16.395 1.926 2.26691
10.787 12.796 0.553 2.33903
5.045 14.248 1.806 1.48828
4.810 11.177 0.916 1.61189
1.999 11.131 -0.750 2.11256
3.924 14.086 1.437 1.89246
0.001 15.352 1.249 1.60448
0.025 16.432 1.048 1.59874
0.201 17.786 1.325 2.27438
3.090 16.529 1.888 2.71486
1.612 15.210 2.468 2.36008
8.903 15.482 0.629 1.72397
0.001 14.828 0.885 1.55187
0.332 13.838 -2.172 0.73251
8.129 13.260 0.207 1.24764
10.503 13.467 -2.240 3.02480
0.476 6.490 -5.746 1.86917
0.017 12.725 -2.742 0.91019
0.037 14.734 -1.127 0.87140
0.017 15.263 -1.535 0.91214
2.019 15.121 0.580 1.16679
5.965 11.249 -2.053 1.53852
0.000 13.584 -1.606 1.02586
0.000 15.693 0.146 1.88229
2.168 13.629 0.351 1.90148
1.350 15.397 1.116 1.69211
4.756 14.674 0.602 1.56026
0.180 15.625 1.330 1.30935
9.994 14.128 -0.193 2.86673
4.543 12.814 -0.000 1.09253
3.519 15.284 0.152 3.33754
1.137 17.246 0.277 2.85672
0.214 17.599 -2.100 2.42615
0.008 17.200 -1.686 2.05680
0.000 17.049 -1.923 1.90633
0.215 17.420 -1.422 1.63013
0.099 17.797 0.389 1.87201
0.552 17.286 0.718 2.27779
2.834 15.047 0.506 2.34605
3.550 15.092 1.255 1.94467
1.805 14.813 0.705 1.23073
4.880 14.573 0.735 2.59552
3.056 15.015 0.392 2.43534
3.092 14.371 -1.539 2.22579
4.082 13.914 -1.302 1.73921
1.682 14.025 -0.836 2.52398
3.658 12.292 -2.115 2.35117
0.168 12.134 -1.741 1.00879
3.674 13.714 -2.296 2.17979
3.351 11.618 -1.544 1.54141
0.010 12.223 -2.441 1.33770
4.386 11.488 -2.793 1.16624
1.171 10.767 -3.022 1.35970
2.551 11.401 -4.906 1.41013
2.787 9.502 -3.858 1.66119
0.144 7.991 -4.746 1.17833
0.028 10.717 -4.293 1.37343
1.525 11.102 -3.226 2.90177
1.737 7.947 -3.045 0.97870
0.046 8.941 -2.505 0.80287
0.069 10.614 -1.873 0.89230
0.861 10.157 -2.808 2.06243
4.876 10.369 -1.906 1.85703
1.706 8.648 -4.459 1.12426
0.227 10.318 -3.905 1.06154
1.987 8.409 -3.576 1.49808
0.512 8.370 -4.854 2.23248
0.846 9.304 -4.370 2.71006
4.687 7.102 -4.731 2.13803
0.364 6.390 -4.979 1.49187
0.010 7.561 -4.730 1.29574
0.010 8.349 -4.563 1.52869
4.000 6.606 -5.612 1.69295
0.338 7.117 -5.489 2.68078
0.642 4.219 -6.146 1.96251
0.000 6.197 -6.110 1.80519
0.102 7.468 -6.754 2.81540
0.127 9.372 -6.735 2.79653
0.000 9.506 -4.597 2.51003
1.246 6.801 -4.513 2.57667
3.770 5.857 -6.635 3.21340
0.254 7.585 -6.624 2.92417
0.170 8.147 -5.678 3.03340
0.711 8.163 -5.637 2.80704
1.399 7.817 -4.826 2.85353
0.198 7.924 -5.995 2.93005
0.441 6.255 -6.528 3.08557
0.007 3.439 -7.317 2.52885
0.000 5.848 -7.560 2.10134
0.000 7.489 -7.562 2.61424
0.000 9.040 -6.523 1.75587
0.000 9.531 -5.974 2.31599
0.003 9.207 -5.703 2.51469
0.005 8.335 -6.612 3.04663
0.406 6.855 -7.283 2.78130
0.286 5.144 -7.386 2.54452
6.260 0.985 -7.613 1.25554
3.191 0.139 -11.646 2.03358
0.005 0.919 -11.743 1.66498
0.000 1.644 -10.423 1.60929
0.010 2.703 -11.383 1.78984
0.000 4.704 -11.582 2.36955
0.267 4.555 -9.956 1.22929
3.387 0.553 -6.280 1.36136
1.415 4.934 -6.522 2.73245
0.207 1.722 -14.443 2.51782
0.000 -0.688 -14.701 2.08845
0.000 2.143 -14.270 2.93243
0.000 2.238 -12.894 2.26099
0.000 3.792 -11.864 2.97458
0.061 4.250 -9.813 2.54972
2.194 2.284 -10.251 2.09942
0.358 -0.530 -14.356 3.03073
0.002 -3.607 -15.108 2.37882
0.026 -1.842 -15.380 3.12247
0.000 0.042 -15.340 2.08548
0.029 -0.219 -15.398 1.81143
0.000 0.947 -12.537 2.65222
0.000 0.446 -10.407 2.19534
0.019 -1.698 -15.190 1.70068
0.000 -1.290 -15.546 2.88684
0.000 0.266 -14.838 2.92135
0.000 0.153 -14.645 2.37676
0.000 -0.626 -14.939 3.09427
0.000 -0.651 -14.578 2.91323
0.000 -1.069 -15.433 2.76324
0.000 -1.461 -15.878 3.60142
0.659 -2.368 -14.293 1.73842
0.043 -5.835 -18.511 2.38984
0.000 -2.719 -18.690 2.85408
0.000 -3.926 -16.702 3.60906
0.000 0.622 -16.472 2.78978
0.000 0.617 -14.894 2.93150
0.000 -1.766 -14.048 2.99790
0.014 -0.482 -14.646 3.90981
0.209 -2.984 -17.591 4.75351
0.000 -1.531 -18.012 4.73552
0.649 -0.476 -14.340 4.04683
0.366 -3.165 -16.993 4.25767
0.783 -2.576 -17.057 4.30677
0.007 -4.977 -15.996 3.77583
0.388 -0.548 -16.042 2.87709
0.950 -3.937 -15.703 3.83949
0.633 -1.866 -14.403 2.87270
0.327 -2.532 -12.211 2.37934
0.734 -3.813 -13.130 2.76033
1.253 -5.210 -13.513 2.54944
0.382 -7.271 -20.629 2.38997
0.002 -5.151 -20.877 2.25583
0.046 -8.358 -17.447 2.21055
0.000 -8.679 -22.389 2.06238
0.000 -8.866 -22.708 1.46264
0.000 -6.032 -21.099 1.66686
0.000 -8.706 -20.068 1.33490
0.026 -9.001 -20.585 1.37804
0.000 -8.912 -21.987 2.34593
0.000 -7.572 -22.307 1.83853
0.000 -5.814 -21.249 2.42645
0.009 -5.914 -19.500 2.36106
0.000 -6.737 -19.961 2.45051
0.000 -6.516 -19.646 2.13835
0.013 -5.002 -17.390 2.16177
0.014 -8.077 -19.729 3.08075
0.000 -4.530 -19.600 1.99570
0.091 -3.972 -18.807 3.15856
0.188 -7.413 -15.768 3.27205
0.481 -8.633 -19.185 4.07939
0.138 -3.205 -19.017 5.64742
0.133 -5.535 -14.841 5.02616
0.002 -2.846 -17.204 4.13610
2.766 -2.861 -17.344 5.09701
0.783 -7.228 -16.766 3.47089
0.000 -9.640 -22.990 4.10972
0.081 -6.465 -22.725 3.83906
0.337 -8.403 -19.313 3.33098
0.060 -5.404 -18.759 4.21161
0.000 -5.937 -19.688 3.35835
0.143 -4.791 -19.974 3.93061
0.333 -8.459 -21.272 3.90642
0.160 -5.821 -20.401 3.33456
0.000 -2.804 -18.641 4.02727
0.000 -0.411 -18.434 4.76801
0.000 2.754 -15.089 4.71408
0.000 2.599 -16.573 3.80989
0.004 -4.987 -19.033 3.60455
0.000 -2.235 -19.183 2.69296
0.000 -2.740 -17.240 2.58492
1.627 -2.540 -19.623 3.13853
0.008 -7.983 -21.868 3.25661
0.000 -4.337 -22.022 2.45495
0.041 -1.509 -19.208 3.04990
0.283 -4.652 -18.168 2.83527
0.063 -2.515 -18.390 3.46816
0.000 0.108 -17.180 3.39641
0.003 -3.140 -17.568 2.72308
0.000 -0.469 -17.686 2.49086
0.000 -0.123 -16.724 3.08420
0.020 -3.278 -16.845 1.73352
0.000 0.585 -17.030 3.44669
0.000 1.277 -15.319 3.24180
0.104 2.299 -14.510 5.19885
0.188 -2.777 -17.185 4.74735
0.000 -1.662 -17.516 3.72138
0.000 0.204 -17.544 3.24500
1.250 -3.868 -12.609 2.22734
4.030 -5.849 -13.296 3.39216
0.059 -4.812 -15.802 3.71730
0.365 -5.933 -18.309 3.90368
0.000 -4.750 -18.503 4.51393
0.105 0.244 -14.833 4.51263
0.004 -0.140 -14.012 4.56355
0.268 1.223 -12.847 3.74165
0.317 -0.485 -15.391 3.93077
0.042 -2.836 -15.440 3.52705
0.043 -2.859 -18.730 2.72347
0.000 -0.736 -18.739 3.15288
0.000 1.786 -16.391 2.07714
0.000 3.505 -13.526 2.99166
0.870 -0.259 -10.973 1.92686
0.277 -0.606 -12.679 1.23562
0.000 3.043 -12.585 1.91643
0.014 2.943 -11.373 2.88305
0.260 1.833 -12.596 4.83724
0.000 0.614 -12.424 3.89815
0.151 3.030 -10.322 4.23254
0.181 0.826 -11.172 3.55725
0.000 5.347 -10.906 5.53441
0.094 0.580 -11.355 4.66445
0.000 3.685 -10.879 6.37435
0.047 7.556 -6.521 6.19426
0.000 7.134 -5.469 6.04382
0.053 7.681 -4.944 5.60365
0.538 4.841 -7.171 4.66958
0.829 6.435 -6.119 6.04871
0.090 1.412 -8.247 3.67433
0.065 4.418 -8.462 5.69343
0.423 3.998 -7.868 6.13965
0.349 -0.272 -10.559 5.19186
0.461 2.059 -9.530 3.07523
0.389 1.637 -11.600 3.21228
2.803 -1.224 -11.607 3.00249
0.001 -3.375 -15.960 2.74759
0.153 2.981 -14.690 4.03201
0.212 6.112 -6.757 5.28795
0.133 7.515 -6.784 5.79564
2.308 5.311 -6.373 4.19184
3.206 1.789 -10.901 4.12226
0.147 1.166 -11.311 3.90007
0.002 2.285 -10.612 4.25907
0.066 1.403 -9.733 4.26846
0.000 5.308 -9.585 5.12228
0.030 6.324 -8.241 4.58028
0.030 7.364 -6.741 4.75274
0.181 7.239 -6.987 4.65912
0.718 7.334 -6.127 5.56013
0.049 4.280 -8.331 4.67894
0.135 5.006 -8.831 4.47270
0.019 7.500 -7.363 3.75850
0.988 8.121 -6.349 4.29030
0.000 3.564 -8.018 5.53591
0.000 7.711 -5.950 4.02887
0.000 11.855 -4.875 3.30601
0.005 13.181 -4.123 3.29039
0.234 7.379 -3.752 1.33309
0.211 11.512 -4.458 2.62181
0.051 11.881 -7.676 3.66844
0.066 10.143 -5.908 2.06897
0.682 8.481 -4.878 3.54648
1.350 5.910 -5.661 1.48226
4.561 3.972 -6.680 2.02512
1.073 7.729 -7.130 4.29770
0.662 6.571 -7.730 3.38848
0.000 9.168 -6.439 2.00505
0.290 10.573 -4.980 2.82400
0.003 9.113 -5.112 2.40367
1.659 10.208 -5.181 3.37384
0.724 6.710 -3.371 3.06242
1.965 12.411 -4.952 3.20567
0.074 10.259 -4.319 2.87720
0.243 15.081 -4.357 3.77402
0.902 15.253 -3.693 3.78991
0.981 14.165 -2.775 3.46177
0.356 14.293 -1.673 2.26287
1.294 13.052 -3.547 2.79197
0.209 12.998 -4.181 3.23087
1.664 9.440 -4.241 1.92434
0.717 6.110 -5.403 2.33484
1.151 4.321 -5.842 3.53493
0.159 8.789 -5.715 3.29037
0.911 5.310 -5.292 2.30720
0.859 8.242 -3.282 2.01142
2.047 9.589 -4.942 1.80994
4.290 7.294 -4.085 1.48279
3.420 6.164 -4.414 2.15201
3.316 8.296 -5.210 1.53848
1.911 13.124 -4.239 3.37277
1.172 11.968 -3.993 2.50061
0.000 13.018 -4.658 2.00863
1.477 11.516 -3.794 2.17565
2.681 16.650 -2.137 2.15359
1.270 13.064 -1.145 1.15625
2.888 14.576 -0.382 2.26948
5.849 10.213 -1.630 1.40644
2.351 10.645 -1.609 1.84593
2.427 9.867 -3.801 4.00908
3.392 11.072 -2.886 2.61602
6.421 12.265 -1.137 1.44452
2.501 9.943 -2.334 1.60551
3.877 10.164 -2.969 2.22371
5.479 8.495 -4.161 2.02077
0.326 11.587 -4.659 3.65054
0.754 12.254 -3.109 3.23219
2.815 12.698 -2.798 3.95698
3.472 7.617 -3.285 2.01747
0.001 8.523 -4.781 1.10375
0.008 11.052 -3.279 1.87017
0.031 12.217 -1.882 1.90233
0.001 10.650 -3.908 1.74468
0.000 12.034 -3.127 1.43926
0.165 14.409 -3.061 1.28204
0.003 16.037 -0.911 2.73076
3.638 15.604 -0.171 2.68000
0.540 16.707 0.246 1.61998
2.139 17.648 1.266 2.38384
0.852 19.177 1.862 1.32699
1.097 18.846 2.507 1.70149
1.175 16.488 1.420 1.50291
5.579 17.255 1.714 2.84497
17.492 17.829 -0.766 3.37135
3.734 13.082 -1.359 1.49755
3.837 14.546 -1.035 1.51503
6.554 14.281 1.404 1.36102
2.002 14.289 0.451 1.54811
3.290 15.397 -0.533 2.17675
4.341 14.753 1.550 1.55670
3.048 13.168 1.099 1.59730
10.904 15.495 0.301 3.48257
3.693 16.178 0.287 2.40352
2.838 13.832 0.892 1.82486
3.965 14.760 1.312 1.15798
8.237 15.240 2.451 1.33192
2.473 15.589 0.960 2.45842
1.249 16.928 2.880 1.95241
5.539 16.315 2.998 1.12003
1.948 16.327 0.228 1.52153
0.347 15.783 -0.782 1.87146
0.000 15.881 2.082 1.47550
5.049 12.146 0.471 1.59854
8.097 13.193 -0.939 2.17206
8.499 16.632 -0.053 2.85841
2.623 13.490 0.773 2.10799
6.168 15.149 0.108 1.53634
0.463 16.212 1.749 1.41993
1.831 12.745 0.763 1.76054
1.145 12.561 1.363 1.31539
6.700 13.653 0.279 1.50227
8.650 15.958 0.738 1.45237
2.536 15.435 2.265 1.23773
0.034 17.440 2.784 1.27011
4.944 14.787 3.685 1.49388
3.071 15.368 2.063 2.18206
0.233 17.753 -0.117 2.73570
0.820 18.450 1.633 2.14866
3.583 17.334 2.984 1.21434
4.784 15.238 0.691 1.66971
0.624 14.348 1.767 1.24049
0.660 12.973 1.576 1.51736
0.160 13.408 -0.749 1.39330
0.016 14.694 1.956 1.24463
5.869 13.589 0.913 0.93092
3.432 14.862 1.308 1.00688
0.235 16.799 2.044 1.00705
0.137 17.057 0.642 1.00955
1.243 17.323 1.817 1.30293
1.049 17.719 1.971 1.50571
4.103 17.926 2.115 2.02993
10.750 15.613 1.318 1.92904
0.431 13.451 0.805 1.82328
1.133 14.170 -0.044 1.62457
1.764 14.161 -0.610 1.65642
0.990 13.388 -0.252 1.47203
5.403 12.449 1.007 1.42961
0.136 13.825 -1.048 1.26138
0.000 16.633 -0.291 1.55575
0.000 17.122 0.977 1.73546
0.018 19.139 -0.038 2.06141
0.000 18.477 0.097 2.08352
0.089 18.556 -0.224 1.75715
0.000 17.748 -0.741 1.95882
0.404 17.740 -0.834 1.90005
0.183 17.759 -1.347 2.34349
0.301 17.122 -2.052 2.22904
2.240 17.502 -0.852 1.79113
6.495 16.145 1.520 1.44445
6.603 15.196 1.732 1.27339
2.423 12.532 -1.365 1.37125
0.888 12.563 -1.625 1.47983
0.005 15.445 -1.903 1.14365
0.162 17.570 -0.772 1.72510
8.702 16.333 0.342 2.21687
2.066 12.458 -0.536 1.50842
6.927 14.793 0.453 3.10509
6.361 14.787 0.150 2.18404
4.519 12.025 -0.516 2.34823
7.141 12.363 -1.238 1.62475
7.869 13.673 -0.177 1.39175
5.757 12.674 -0.901 1.99609
1.986 13.850 -1.693 2.04728
10.131 14.464 -1.618 2.43269
3.597 10.389 -4.005 1.71910
0.012 9.596 -3.173 1.31126
0.000 11.464 -2.661 0.96687
0.000 12.581 -1.852 1.14573
0.496 7.938 -1.320 1.51489
7.673 10.271 -3.544 2.22565
10.577 11.719 -2.876 2.24152
9.823 8.195 -2.767 1.29067
2.849 9.515 -2.575 0.88835
0.475 11.630 -1.560 1.72442
2.551 8.845 -1.900 1.07072
0.190 9.229 -2.197 1.17202
0.001 10.290 -3.099 1.46602
1.807 10.700 -3.240 1.17862
0.000 10.753 -4.107 1.79056
10.818 11.224 -3.201 1.84132
4.381 8.546 -2.307 1.68320
7.478 9.772 -1.481 1.85835
2.614 8.174 -3.210 0.71077
3.267 5.420 -3.527 1.12200
0.121 6.944 -4.237 1.46533
0.225 8.957 -3.589 1.70514
2.332 10.429 -1.947 2.21471
4.806 10.732 -3.693 2.29636
5.057 10.898 -3.976 3.22718
2.088 9.840 -3.600 2.97624
1.248 9.716 -4.564 2.94931
1.317 8.164 -4.451 2.40975
3.594 6.561 -4.614 1.83768
1.160 6.088 -5.284 1.84741
0.255 6.708 -5.184 1.79456
2.594 6.056 -5.057 1.04691
0.219 6.924 -5.209 1.93957
0.122 8.306 -5.294 2.77322
4.693 7.243 -5.115 2.84910
1.345 0.753 -8.607 1.66617
0.000 2.088 -8.954 0.81266
0.000 3.588 -8.533 1.52277
0.000 5.764 -6.983 1.92452
0.000 6.505 -6.827 3.40740
0.000 7.451 -6.585 3.27384
0.000 8.394 -6.285 2.82843
0.084 8.977 -5.813 2.77029
3.006 6.908 -5.727 2.49495
4.096 2.387 -6.702 2.01854
2.267 1.226 -6.492 1.25912
0.192 2.737 -5.840 2.01564
0.957 1.747 -4.388 1.44491
5.945 1.892 -5.399 0.95787
4.425 0.493 -7.349 1.69524
0.000 0.772 -15.973 2.81547
0.000 0.068 -16.047 2.15209
0.162 1.661 -13.521 2.86804
0.000 0.133 -11.466 2.10844
0.000 1.894 -12.507 1.79332
0.000 3.866 -12.641 3.27053
0.071 3.734 -8.320 3.20848
0.015 2.629 -12.055 2.84413
0.000 2.231 -12.362 2.28434
0.000 4.051 -11.891 2.80936
0.000 5.501 -11.707 2.90323
0.000 3.841 -10.789 3.07805
0.000 4.774 -10.415 2.63708
0.000 3.331 -10.799 2.23070
0.000 4.074 -11.465 3.16956
0.000 5.515 -11.968 2.78827
0.000 1.345 -13.652 2.70979
0.020 -1.062 -14.198 1.72934
0.000 1.951 -13.302 3.60785
0.036 3.524 -11.363 3.05806
0.158 2.990 -10.700 3.30800
0.020 0.421 -11.114 2.93664
0.017 -0.862 -11.212 2.54594
0.327 -0.285 -11.668 2.73067
0.642 -1.755 -11.325 2.52106
0.350 -3.245 -13.475 3.12310
1.235 -5.016 -13.665 1.46240
0.095 -0.640 -16.053 3.14805
0.000 -1.758 -17.398 2.62899
0.000 -3.115 -17.425 1.37974
0.000 -3.223 -16.440 2.62296
0.000 -2.096 -17.738 3.15461
0.000 0.238 -18.010 3.33229
0.000 0.906 -16.693 4.56310
0.000 1.311 -16.114 4.83376
0.000 0.736 -16.410 3.26155
0.000 1.684 -16.410 2.89691
0.000 1.688 -17.241 3.12488
0.000 0.811 -17.612 3.06650
0.000 -1.366 -17.015 3.41701
0.000 0.575 -17.410 3.22904
0.000 -3.027 -19.042 2.75834
0.000 -4.220 -19.323 2.82996
0.000 -2.360 -19.136 2.73336
0.000 -3.318 -18.593 2.33701
0.000 -5.333 -15.761 2.13197
0.000 -6.473 -19.070 3.28847
0.000 -1.997 -19.392 2.84777
0.000 -4.777 -19.319 3.42594
0.000 -2.554 -19.649 2.47672
0.000 -2.466 -17.546 1.43256
0.000 -2.064 -18.871 1.87120
0.000 -4.414 -19.352 2.27845
0.000 -2.999 -18.535 2.15529
0.000 -4.620 -18.574 2.94752
0.000 -0.411 -17.746 2.26077
0.000 1.550 -14.860 2.63279
0.001 0.076 -16.922 2.45638
0.000 -3.003 -17.252 1.86239
0.000 -3.884 -18.442 2.17173
0.000 -6.855 -20.123 3.58190
0.000 -1.987 -20.403 2.73365
0.000 -1.694 -18.154 2.08499
0.000 -1.615 -18.438 2.80572
0.000 -3.182 -18.760 3.22008
0.000 -0.856 -17.273 2.49652
0.000 0.084 -15.852 2.83925
0.007 -3.405 -18.436 2.98666
0.000 -6.395 -18.860 2.74780
0.000 -6.467 -18.528 1.63156
0.000 -6.082 -20.023 1.61336
0.000 -6.570 -20.421 2.22688
0.000 -3.677 -19.061 2.07358
0.081 -5.308 -17.749 2.23286
0.088 -6.510 -19.162 2.37782
0.000 -4.176 -19.822 3.32827
0.000 -3.772 -19.690 2.47012
0.004 -6.103 -17.881 2.58596
0.017 -9.241 -22.181 2.29065
0.000 -7.588 -22.504 2.38132
0.000 -2.714 -20.898 2.88447
0.000 -3.640 -19.548 2.57756
0.024 -6.094 -18.990 3.45522
0.118 -8.308 -17.996 1.99706
0.001 -10.184 -19.336 2.77394
0.034 -8.302 -19.547 1.91578
0.020 -8.912 -21.856 2.07909
0.000 -8.959 -22.198 3.17425
0.000 -5.556 -22.323 2.91417
0.084 -3.515 -18.653 2.83725
0.023 -5.569 -18.045 3.41486
0.000 -4.244 -15.648 2.59765
0.666 -6.693 -16.531 2.34179
0.463 -8.010 -16.718 2.92807
0.018 -6.987 -20.404 3.13809
0.389 -5.834 -20.637 3.12814
0.080 -8.463 -15.884 2.94260
0.218 -9.109 -16.112 2.30370
0.276 -9.741 -20.340 2.32194
0.097 -7.350 -21.000 3.32558
0.002 -4.968 -21.461 3.47172
0.000 -7.319 -21.438 2.99967
0.000 -3.658 -20.115 3.23753
0.000 -1.809 -20.279 3.33521
0.000 -2.944 -20.443 4.44027
0.000 -2.419 -19.476 4.08413
0.128 -2.620 -14.947 3.14896
0.321 -5.710 -16.668 2.83060
0.183 -2.936 -16.892 3.42316
1.124 -3.762 -17.086 2.65384
0.028 -2.290 -17.342 3.02347
0.122 -1.405 -17.336 4.07814
0.027 -5.748 -18.265 3.11874
0.269 -4.814 -18.417 2.42848
0.402 -6.218 -17.664 3.50881
0.024 -6.265 -19.459 2.66428
0.000 -4.464 -19.540 4.17304
0.000 -0.229 -16.695 5.53923
0.012 -3.556 -15.986 3.53245
0.137 -4.498 -16.188 2.67924
0.015 -5.060 -19.351 4.11487
0.000 -4.377 -18.566 3.70368
0.000 2.618 -14.326 4.07696
0.000 0.496 -12.796 3.42567
0.026 -2.156 -16.266 3.17442
0.016 0.275 -16.206 3.29846
0.000 0.578 -14.956 3.59541
0.091 1.241 -14.690 3.02014
0.088 2.954 -13.137 3.05635
0.001 2.362 -11.899 3.33452
0.088 0.476 -12.799 2.66747
0.006 5.101 -12.484 4.63725
1.055 3.099 -9.899 4.90340
4.003 1.837 -8.874 5.40945
0.877 1.490 -11.197 3.49314
0.030 2.151 -10.886 2.80581
0.071 1.821 -9.373 2.98232
0.623 0.855 -12.551 3.22964
0.091 2.235 -11.888 4.41938
0.604 0.908 -12.028 4.18053
3.174 2.221 -10.182 3.87040
1.122 2.658 -8.440 4.23178
1.684 1.922 -10.125 5.36579
0.175 -0.300 -10.684 3.99427
0.252 -0.563 -12.993 3.57229
0.311 0.657 -12.382 1.72436
1.752 0.304 -12.096 3.07044
0.000 1.614 -11.158 3.67869
0.010 3.303 -9.051 3.23995
0.001 6.088 -7.542 3.20441
0.234 3.239 -7.165 4.99875
0.261 1.571 -10.229 2.83863
0.153 5.511 -9.260 3.50916
0.710 1.712 -7.300 2.63732
0.268 3.373 -7.052 1.99755
2.694 3.874 -6.408 2.09413
0.151 3.053 -6.114 4.29028
0.773 -0.384 -7.713 3.13650
0.245 -2.293 -10.455 3.46424
0.095 0.576 -10.939 2.90693
0.120 3.009 -9.420 3.38139
1.105 1.839 -7.690 3.42877
0.004 1.411 -10.011 2.09849
0.000 3.971 -8.644 1.82025
0.000 4.590 -8.484 2.76670
0.000 4.575 -7.394 1.57580
0.023 5.853 -6.007 2.47503
0.218 4.944 -6.040 1.62185
1.057 4.998 -5.858 2.16072
1.157 3.082 -7.701 2.76340
0.100 5.484 -7.635 3.04166
0.561 6.601 -5.593 3.36294
3.437 2.882 -7.687 1.52300
0.708 5.170 -7.963 1.74708
1.222 2.055 -8.610 2.97548
0.043 -0.199 -9.749 2.59417
0.000 4.370 -7.846 1.34594
0.004 7.029 -5.719 1.93982
0.777 6.535 -4.860 2.12171
0.983 5.609 -8.060 2.99282
0.000 5.442 -5.646 1.86532
0.000 7.343 -5.578 1.18439
0.000 9.356 -5.107 1.63374
0.233 9.213 -4.614 2.30992
2.921 7.410 -4.429 1.31376
0.717 9.216 -3.906 1.41189
0.888 10.009 -3.900 1.25329
1.071 9.950 -4.119 2.04690
1.420 9.929 -4.766 2.03539
0.322 7.682 -4.635 3.52986
0.296 10.845 -5.055 3.65201
0.391 6.701 -5.019 2.69678
0.140 8.832 -4.119 3.00846
0.345 10.051 -4.305 2.84427
0.036 13.762 -4.467 3.69815
0.011 14.496 -3.819 3.11145
0.035 14.476 -3.848 3.28153
0.257 14.317 -3.386 3.40769
3.267 11.742 -4.566 3.67804
0.613 10.979 -4.332 2.87178
3.223 9.666 -2.041 1.86729
8.690 5.718 -3.481 1.57471
4.962 8.770 -5.142 1.79477
2.654 8.858 -2.860 1.27812
2.559 8.636 -3.931 1.55914
5.410 7.725 -2.732 1.20125
2.832 9.368 -4.168 2.53724
4.115 9.859 -5.763 3.19034
0.115 4.658 -5.050 1.50878
0.000 7.620 -4.427 1.36150
0.000 11.739 -1.425 1.24653
2.861 11.820 -1.025 2.12889
9.389 10.587 -2.219 1.61191
3.468 9.531 -2.579 0.87803
0.255 10.029 -2.142 1.07715
2.110 13.420 -1.816 1.51230
1.560 13.219 -2.659 2.32556
0.813 13.892 -2.872 2.12276
1.587 15.000 -1.437 2.13768
4.168 13.782 -1.836 2.95184
6.425 13.334 -3.394 2.76273
0.388 11.301 -4.070 1.90273
7.632 10.076 -2.095 1.60242
4.363 10.329 -1.098 1.82652
0.129 10.801 -1.929 1.03984
5.982 13.547 -0.744 2.81150
10.800 11.880 -1.169 1.94712
10.521 11.506 -1.550 2.18595
7.519 8.624 -1.368 1.35238
0.295 10.588 -1.292 1.26050
5.048 8.260 -2.474 2.82793
1.190 14.443 -2.548 2.68997
2.971 10.073 -2.612 1.16358
4.952 12.037 -0.835 1.30366
0.347 13.561 -0.839 1.78184
0.186 13.539 0.597 1.32775
5.933 12.270 -0.053 2.04899
2.475 14.535 1.123 2.08072
12.743 13.247 -0.145 2.00486
3.241 14.089 1.055 1.36641
5.792 14.687 1.184 1.82242
3.783 15.814 2.558 2.94384
1.086 16.975 3.601 2.34252
2.291 17.541 3.066 2.21578
3.809 17.340 2.700 2.24804
2.798 17.361 3.744 1.52933
8.790 17.480 1.555 1.69212
3.797 14.601 2.390 2.11265
8.122 17.178 -1.548 2.34288
2.914 13.142 0.158 1.81862
6.022 10.987 -3.863 2.26029
1.478 11.777 -1.659 1.57058
0.213 14.167 -1.277 1.03094
0.019 15.528 0.617 1.29215
12.492 15.265 0.428 2.27307
3.188 13.791 -2.156 1.92810
0.226 14.291 0.855 1.83617
2.100 15.941 -1.426 1.61912
0.242 13.143 -0.716 1.65579
2.950 13.200 -2.311 1.28535
0.448 11.102 -1.478 1.56036
1.008 12.408 -1.290 1.31507
0.000 13.652 0.085 1.15856
0.000 15.592 0.481 1.27432
0.000 16.255 0.327 1.28536
0.000 16.375 1.278 1.48822
0.015 16.891 1.392 1.40805
0.608 16.600 2.926 1.29270
5.066 15.868 1.800 1.32286
5.865 14.711 2.066 1.34212
0.169 12.342 0.983 1.09386
0.026 17.463 1.069 1.82321
5.254 17.270 0.795 2.76433
0.110 16.022 1.575 1.82189
0.242 17.364 4.182 2.06620
3.271 16.515 3.807 1.77739
1.936 17.229 2.264 1.69167
0.175 19.166 1.579 2.42080
0.057 20.158 1.758 1.89954
0.202 19.411 2.082 1.43346
0.611 19.348 4.210 1.30651
1.663 16.860 0.492 2.10475
0.076 13.844 0.685 1.97741
0.132 15.640 -1.071 1.37736
0.359 15.815 -0.163 1.09216
1.448 16.341 1.854 2.42542
3.559 16.023 1.598 3.52395
0.801 16.911 1.484 2.35662
7.134 17.518 2.527 1.33323
5.640 15.677 1.194 1.45723
1.638 11.751 -2.254 2.21247
1.795 10.867 -1.858 1.57213
2.051 11.642 -3.034 1.63767
1.826 8.810 -3.004 2.28610
0.000 11.549 -3.064 1.34611
0.000 12.815 -1.425 1.43491
0.000 13.929 -0.884 1.29387
0.000 15.347 -0.272 1.53999
0.293 14.468 -2.342 1.28544
3.329 14.978 -0.306 1.86907
0.272 15.690 -0.140 1.16775
0.266 16.970 0.706 1.83066
0.391 17.355 0.959 1.74809
1.363 16.816 1.306 1.56947
6.435 17.286 1.013 1.35104
4.215 16.547 1.655 1.47447
1.379 13.491 0.588 1.71407
0.681 12.048 -1.068 1.72072
0.062 14.587 -1.671 1.36603
0.000 15.816 -0.944 1.36668
0.200 16.228 0.018 1.54645
0.078 14.959 -1.642 1.43641
0.003 16.787 -2.495 1.85341
0.903 16.532 -0.419 2.22809
1.762 15.510 -1.147 1.69237
6.926 15.360 -0.321 2.25962
4.724 13.919 -0.284 1.83074
11.693 10.085 -1.155 1.16350
4.491 9.850 -1.963 1.45780
2.638 7.988 -3.465 0.94184
0.043 12.444 -3.697 1.25120
4.238 13.715 -4.451 1.52844
5.713 9.990 -8.191 2.19833
0.200 7.942 -7.095 2.35230
0.000 11.095 -5.670 1.87243
1.229 11.446 -4.246 1.45775
2.195 10.206 -2.735 2.33107
4.704 9.255 -3.572 1.51961
3.804 5.330 -6.637 1.21090
0.425 1.794 -5.840 1.07430
0.000 7.264 -5.747 1.04903
0.666 9.741 -4.813 1.21015
2.459 7.723 -4.038 1.32217
7.323 5.672 -6.209 1.92380
3.475 1.252 -5.945 1.73370
1.730 4.825 -4.872 2.79539
2.739 4.570 -7.015 2.34500
1.466 2.220 -6.647 1.38171
0.652 3.649 -6.185 1.58290
0.080 4.942 -5.728 1.82570
0.011 5.996 -5.696 1.49135
0.024 8.589 -5.783 2.47815
0.012 9.843 -5.464 2.58760
0.032 8.667 -4.262 1.91784
1.379 5.481 -5.369 2.20324
0.634 5.489 -5.151 1.39350
2.011 4.316 -6.265 2.59321
0.067 3.249 -7.117 1.68318
0.709 3.792 -7.106 1.86857
0.165 3.748 -5.350 1.33008
3.004 2.689 -5.133 1.28300
0.027 3.065 -7.401 1.46109
0.566 2.679 -8.560 2.30868
0.054 0.874 -8.587 1.17930
0.000 2.319 -7.839 1.06976
2.005 3.519 -7.054 1.92119
0.705 3.486 -8.086 2.17951
0.064 4.416 -8.173 1.84246
1.230 1.513 -8.574 2.49625
0.288 2.733 -9.272 2.65979
1.013 0.100 -9.712 1.36367
0.000 2.709 -9.732 2.23054
1.658 0.446 -8.336 1.96422
0.345 0.952 -9.403 1.76453
0.513 1.946 -9.472 1.69910
0.056 2.646 -8.599 2.82006
0.018 -0.810 -8.801 1.31144
0.087 1.533 -9.315 1.90337
0.000 1.531 -10.130 1.73530
0.893 2.634 -10.139 1.77114
0.707 -0.323 -13.047 1.96910
0.000 1.591 -13.168 1.92421
0.002 1.401 -11.937 1.53729
0.089 -0.122 -10.666 1.87308
0.138 1.824 -11.128 2.86537
0.418 -0.557 -11.604 2.96948
2.367 -1.067 -10.397 2.68744
0.890 -2.284 -11.559 3.12173
0.046 -7.444 -18.240 1.90266
0.000 -3.072 -18.436 3.03946
0.000 -1.473 -16.159 3.16027
0.000 -0.479 -15.493 1.89863
0.000 1.801 -12.756 3.12436
0.003 1.393 -11.879 2.46249
1.245 0.174 -10.188 3.45088
0.330 -2.329 -13.153 2.43675
0.000 -1.208 -13.831 2.34844
0.000 -0.548 -13.567 2.00427
0.746 1.008 -11.463 3.14261
0.389 -0.856 -14.533 4.02739
0.000 -1.585 -14.658 2.88920
0.718 0.491 -10.472 4.64776
0.416 0.144 -14.139 3.43452
0.129 -2.614 -15.322 3.31149
0.000 -0.960 -15.599 3.18108
0.000 -0.415 -15.115 3.30479
0.732 0.215 -12.747 4.12387
0.254 -4.522 -17.442 3.75059
0.271 -1.372 -17.642 3.05216
0.450 -2.213 -15.931 4.06380
0.037 -3.715 -17.308 3.22709
0.000 -3.157 -17.338 3.52327
0.000 -2.584 -16.551 2.49947
0.000 -2.075 -16.813 2.70114
0.024 0.044 -15.860 2.59788
0.531 -0.185 -12.916 3.49174
0.194 -4.582 -17.375 3.90473
0.000 -2.995 -17.060 2.88699
0.244 -3.469 -16.185 2.17637
0.105 -6.389 -16.024 2.26302
0.008 -6.117 -18.610 2.33543
0.000 -5.789 -19.049 1.89482
0.013 -6.101 -19.195 1.72842
0.000 -6.641 -20.042 2.31682
0.000 -3.235 -20.279 2.46067
0.000 -6.417 -17.672 3.08671
0.050 -6.313 -20.299 1.89896
0.000 -7.036 -20.624 2.40384
0.000 -3.635 -19.752 2.65916
0.000 -4.128 -19.753 2.73314
0.000 -5.261 -20.141 2.04162
0.000 -3.583 -18.119 2.87106
0.303 -4.813 -18.134 2.13214
0.334 -6.687 -17.225 2.78923
0.123 -3.671 -17.683 2.83700
0.749 -3.927 -13.539 2.64374
0.013 -5.803 -19.862 3.51718
0.000 -4.547 -20.241 3.43591
0.000 -2.935 -20.461 2.91547
0.000 -8.044 -20.794 4.00918
0.000 -3.752 -20.935 3.55489
0.000 -0.294 -17.168 3.66971
0.000 -7.803 -18.494 2.93724
0.000 -2.851 -19.408 4.21830
0.000 -0.552 -15.585 4.14943
0.000 -0.995 -15.929 2.76547
0.003 -4.955 -17.696 3.87501
0.000 -1.273 -18.124 3.01237
0.000 -5.252 -16.646 3.14851
0.000 -7.730 -17.122 2.86666
0.000 -6.805 -17.891 5.68660
0.000 -2.011 -17.033 5.29263
0.000 -7.625 -19.795 4.81970
0.000 -4.522 -20.070 3.72041
0.000 -6.520 -19.423 3.57784
0.000 -8.544 -20.468 4.42478
0.000 -7.322 -20.632 2.91096
0.000 -9.262 -20.664 2.42115
0.003 -9.477 -21.974 3.45409
0.000 -4.387 -21.623 3.98097
0.353 -1.520 -20.554 3.86284
0.000 -2.234 -18.880 2.82606
0.000 -4.118 -19.413 3.02505
0.000 -4.602 -19.655 1.85437
0.000 -2.602 -17.429 1.87955
0.272 -3.822 -16.149 2.23976
0.117 -5.403 -19.396 2.81030
0.002 -2.535 -19.467 2.94961
0.052 -3.986 -17.063 2.73498
0.095 -1.056 -13.688 3.35938
0.082 -3.453 -13.464 2.97020
0.000 -5.203 -13.512 2.43360
0.000 -8.575 -19.743 2.57177
0.000 -9.196 -21.729 2.96072
0.012 -6.699 -21.797 2.04298
0.000 -6.295 -21.165 1.89801
0.055 -4.985 -20.875 2.80396
0.000 -2.244 -20.985 2.96552
0.000 0.095 -17.967 2.92535
0.000 0.058 -18.050 3.46642
0.000 -0.448 -17.459 3.71501
6.432 0.452 -15.732 3.31690
0.025 1.444 -15.957 3.67777
0.000 0.441 -16.044 2.63477
0.000 1.273 -15.347 3.28037
0.000 -0.492 -14.449 3.31416
0.000 -1.066 -13.864 2.66987
0.000 -2.655 -15.163 1.52932
0.000 -2.671 -15.304 1.92332
7.353 -3.080 -16.116 3.70199
0.000 -2.730 -16.196 4.07010
0.000 0.639 -13.719 3.76077
0.000 1.485 -12.562 4.57601
0.000 1.823 -12.692 3.74645
0.000 0.488 -12.749 3.78214
0.000 0.910 -12.529 4.16011
0.000 0.769 -12.181 3.35622
0.428 -6.511 -16.721 1.61379
0.000 -0.886 -16.733 3.31366
0.097 3.378 -14.618 3.84039
0.000 2.617 -11.167 3.63719
0.000 0.991 -11.095 4.66082
0.128 -2.345 -13.143 3.86533
0.000 -3.320 -15.199 2.50448
0.000 -0.718 -14.691 2.79364
0.108 -2.208 -12.218 2.76861
0.487 -2.678 -16.127 4.14531
0.000 0.849 -15.911 3.94201
0.000 0.779 -10.623 4.92731
0.012 -0.251 -13.960 5.03537
0.000 0.842 -13.592 3.82402
0.015 2.438 -13.032 3.63579
0.000 5.583 -12.430 5.44391
0.408 3.398 -8.265 5.69004
3.353 -1.254 -11.781 5.16808
0.387 2.403 -11.587 4.48194
0.330 3.483 -10.709 4.77616
0.000 1.161 -9.134 3.62930
0.000 1.353 -8.312 5.31138
0.985 -0.292 -9.416 3.89008
0.880 -2.689 -15.518 3.41043
0.000 -1.700 -14.850 2.89455
0.000 -0.938 -14.391 2.97468
0.025 0.919 -13.330 4.22697
0.033 0.696 -11.739 3.57287
2.045 2.027 -10.683 5.40260
0.000 -0.224 -13.519 3.67512
0.000 6.066 -12.324 2.80161
0.080 7.583 -7.494 3.96350
0.230 8.423 -6.890 3.55464
0.600 8.615 -6.731 4.14214
0.322 5.431 -6.263 3.46815
0.000 1.466 -9.062 2.39304
0.382 3.921 -7.880 2.63941
0.000 8.043 -6.723 2.70613
1.192 6.701 -5.501 3.37499
0.130 6.758 -6.838 2.46944
0.000 3.683 -5.986 2.13958
0.003 6.872 -4.778 3.71775
0.188 2.118 -6.250 2.10440
0.190 -0.762 -9.113 1.90949
0.000 3.342 -7.470 1.94487
0.000 4.445 -6.372 1.15336
0.000 5.557 -5.031 1.65541
0.227 6.990 -4.578 1.19229
0.000 6.662 -4.141 1.52248
0.262 7.372 -5.429 2.24967
0.050 6.474 -6.131 2.13657
3.282 10.181 -5.061 2.38650
2.200 10.529 -4.147 2.40436
0.028 12.275 -5.100 1.83012
0.000 12.062 -3.766 1.38825
0.000 14.441 -4.309 2.25348
0.000 12.237 -2.063 2.86385
0.615 12.207 -3.311 1.67421
0.073 9.439 -5.422 2.89375
0.000 9.804 -4.556 2.13750
0.088 14.499 -4.355 2.63475
0.070 14.442 -3.364 2.35076
0.015 15.197 -3.616 1.88206
0.050 16.070 -2.512 3.78654
0.000 14.367 -3.446 2.30951
0.050 15.638 -3.365 2.65786
0.618 14.168 -2.610 2.91460
0.000 13.789 -1.438 3.63321
0.443 11.915 -4.949 3.25027
3.203 10.235 -4.226 3.18568
3.900 10.002 -3.319 4.45535
0.250 8.518 -5.938 2.80111
1.013 11.330 -5.311 3.09966
0.185 15.627 -2.872 3.81088
0.197 11.564 -4.913 2.85780
0.000 12.888 -4.477 2.22243
4.285 14.736 -3.412 2.57768
0.000 17.185 -3.456 3.18813
0.652 15.968 -2.033 3.50125
0.432 18.378 -1.293 3.21333
0.553 17.796 1.185 2.19238
0.967 17.972 -3.341 3.21209
5.465 17.136 -3.973 2.98431
0.000 11.752 -5.040 2.18138
1.198 16.830 -0.562 3.37171
1.760 14.239 -1.619 2.23277
1.333 15.685 -0.704 1.53936
4.155 13.407 -2.414 1.52474
0.372 17.245 -0.951 3.69567
2.608 12.777 -2.785 2.65504
0.837 16.224 -1.062 2.95502
0.003 17.568 -3.142 1.91179
1.877 18.666 -1.275 2.71639
4.663 17.236 -0.654 1.72701
2.495 14.218 -2.375 2.66272
3.215 15.837 -0.296 2.74678
1.455 15.316 -1.215 1.44168
1.787 13.160 -1.817 1.20054
2.473 12.865 -1.390 1.38018
0.677 16.258 -2.167 2.34382
0.197 19.206 1.442 3.29461
10.013 17.463 0.793 3.65837
1.288 21.206 1.603 3.91218
0.350 19.887 3.881 3.29933
2.130 19.058 3.522 2.54894
5.062 17.776 3.999 1.17390
15.170 19.999 4.902 1.05283
12.762 18.438 1.701 2.01770
4.905 17.437 3.262 1.59435
1.047 19.648 0.873 1.96486
14.755 17.879 1.641 1.66200
3.920 19.819 2.946 2.77289
10.580 16.005 2.839 1.54172
6.720 17.372 3.198 1.06653
4.622 16.973 1.440 1.06252
3.325 16.171 1.607 1.30907
12.512 17.150 2.650 1.06505
4.313 17.864 2.204 2.23697
11.570 15.246 2.397 1.06848
4.960 16.864 2.773 1.23091
1.677 17.249 2.668 1.55177
0.750 17.474 4.170 1.49405
7.145 16.603 2.795 2.32045
3.642 17.933 3.065 1.89450
19.530 18.888 1.307 2.41498
10.597 16.243 1.705 1.93117
8.245 15.319 0.991 2.09728
2.563 16.118 1.295 2.50777
11.960 15.773 1.895 2.46675
0.143 15.793 1.244 2.26251
0.395 12.256 -2.107 1.25728
0.320 14.626 0.152 1.85463
1.250 16.869 -0.923 1.33282
0.078 17.357 0.426 1.94816
10.498 17.057 2.156 2.08962
4.540 14.779 0.469 1.39989
0.303 15.503 1.597 1.42101
0.000 17.503 2.206 1.70041
4.148 18.705 3.375 2.70007
7.765 15.353 1.701 2.04109
8.393 17.695 1.569 2.44598
8.875 14.823 2.361 1.33970
5.163 14.450 2.353 1.28059
7.805 15.014 2.345 2.06369
27.335 13.806 1.132 1.17108
3.583 15.223 1.842 1.40580
2.545 11.653 0.743 1.24606
1.368 16.239 0.926 1.63577
9.175 16.828 3.699 1.47290
3.212 11.827 2.591 1.52530
5.352 16.016 3.836 1.05455
3.827 14.490 3.644 0.94402
9.448 15.712 0.096 1.53388
9.065 13.827 1.320 1.14004
1.498 14.302 1.865 0.89908
4.193 14.674 1.389 2.23031
2.097 14.713 1.133 1.28102
27.493 13.910 1.915 1.68745
5.925 14.580 0.538 1.91333
0.405 15.884 0.808 1.55294
0.373 15.886 1.781 1.48790
15.398 13.240 1.464 1.96468
3.660 13.830 1.511 1.52584
9.038 14.663 1.179 2.22095
3.835 14.934 1.306 1.92068
2.625 12.526 1.711 1.66069
0.055 12.485 1.295 1.05530
0.000 15.581 2.876 1.20246
6.902 14.033 2.972 1.74460
9.607 13.083 1.101 2.93050
1.063 12.924 1.291 1.10296
3.717 13.443 1.459 1.41903
2.575 14.233 0.112 1.37606
0.128 15.855 0.704 1.30831
2.265 16.026 2.421 1.79565
4.590 15.520 1.706 1.41628
9.387 15.507 2.918 1.90794
4.632 14.920 1.895 1.17326
11.598 16.134 0.838 2.17170
3.072 13.066 1.268 1.73214
14.920 13.911 -1.770 1.69511
0.435 8.358 -1.218 1.59846
2.487 8.139 -0.949 1.19685
6.483 8.103 -1.002 1.69212
1.125 10.754 -0.781 1.33509
0.622 9.340 -4.030 1.33742
0.020 8.336 -3.599 1.69538
0.000 9.769 -2.816 1.50104
0.032 10.807 -2.830 1.25290
0.007 11.526 -2.298 1.21304
0.617 12.412 -1.474 1.32593
0.000 13.584 -1.577 1.36081
0.095 13.152 -1.180 1.44644
0.000 13.413 -3.151 1.91623
0.297 14.614 -2.237 1.70778
0.275 13.007 -1.265 1.59885
0.735 13.746 -0.605 1.48840
0.310 14.530 -2.194 2.09504
4.843 13.842 -1.476 1.94393
0.152 14.399 -0.750 1.77302
6.565 14.832 -3.963 1.91208
0.000 10.866 -3.123 1.30375
1.840 12.332 -1.543 2.14346
2.953 12.535 -2.333 2.81870
1.663 13.870 -1.258 2.40792
2.267 14.168 -0.382 2.42955
1.583 14.154 -0.990 2.34724
16.747 12.965 -3.129 2.52893
0.005 8.629 -4.403 1.57745
0.000 8.960 -3.936 1.42179
0.000 9.974 -3.556 1.27893
0.000 11.702 -2.731 1.49671
6.900 10.986 -2.137 1.19698
1.973 10.476 -1.920 1.82687
8.483 7.953 -2.686 1.34992
7.050 7.855 -3.811 1.88223
0.250 7.083 -5.066 1.75396
0.000 9.864 -4.654 1.09754
0.660 10.050 -2.237 1.21802
3.190 9.560 -2.211 1.16895
4.722 9.155 -3.438 1.09874
0.237 9.075 -3.709 1.50129
0.005 8.624 -3.769 1.57954
0.053 9.566 -3.425 2.62402
2.843 8.771 -3.706 2.14929
3.330 3.917 -6.006 2.03773
0.118 5.097 -6.404 1.48875
0.000 9.067 -6.388 2.66786
0.083 9.722 -4.900 2.10832
2.233 11.202 -3.973 3.14926
11.273 9.907 -3.530 2.65160
2.635 4.769 -5.851 1.97745
1.475 6.676 -5.830 1.80745
0.193 4.537 -5.052 1.84416
0.010 6.720 -5.052 1.93334
0.020 6.682 -5.243 2.62822
0.000 7.873 -5.258 2.13237
0.000 7.190 -4.530 1.90547
0.210 6.241 -4.533 3.15232
0.908 5.811 -4.952 2.89979
0.123 5.760 -7.211 3.61210
0.000 6.818 -7.290 2.80160
0.003 5.820 -5.966 2.63119
0.340 2.820 -4.976 1.27822
0.670 -1.886 -13.311 2.25648
0.000 -0.215 -13.454 1.36309
0.000 2.163 -12.327 1.50219
0.000 3.624 -11.066 1.67585
0.000 2.647 -9.135 1.17635
0.217 0.070 -9.524 1.88746
0.000 -0.805 -9.331 1.62895
0.000 -0.967 -7.820 1.07370
0.005 0.828 -7.872 2.25737
0.075 -1.868 -12.462 1.50646
0.063 -2.568 -15.874 2.30900
0.000 1.395 -16.005 2.05204
0.000 2.890 -13.653 2.10695
0.000 5.461 -12.371 2.56054
0.000 5.368 -11.672 2.35577
0.000 3.504 -10.050 1.72013
0.005 3.985 -8.830 2.58867
0.000 4.122 -6.953 1.86584
0.000 4.725 -6.084 2.19245
0.000 3.809 -6.467 2.46870
0.033 2.416 -5.855 1.70281
0.000 1.720 -8.351 1.57834
0.000 2.176 -8.684 2.16302
0.038 3.156 -9.947 2.97894
0.000 2.289 -11.205 2.67795
0.000 1.084 -11.602 2.08663
0.000 2.541 -12.455 2.65624
0.000 3.091 -12.768 3.20381
0.000 1.635 -13.165 2.85521
0.000 4.742 -13.359 2.86796
0.000 1.610 -14.016 2.66376
0.000 -1.094 -15.342 2.21741
0.000 -1.427 -15.744 2.57490
0.010 1.917 -15.052 2.54806
0.023 -0.449 -16.122 3.58033
0.000 -5.166 -17.629 2.46519
0.000 -0.290 -17.706 3.28230
0.000 -1.840 -16.027 2.07417
0.000 -0.804 -15.770 2.81862
0.000 -6.565 -16.405 2.29103
0.000 -7.621 -18.908 2.40826
0.000 -8.331 -19.626 1.54374
0.000 -7.359 -19.889 2.21580
0.000 -6.346 -18.998 2.01585
0.000 -4.725 -19.476 2.25679
0.000 -3.595 -17.574 2.70215
0.000 -4.628 -17.468 1.96982
0.000 -5.150 -20.091 1.70711
0.000 -6.513 -20.507 2.28518
0.000 -3.793 -20.664 2.31689
0.000 -4.252 -17.915 1.58276
0.003 -7.022 -15.111 1.19825
0.000 -6.498 -17.379 2.39450
0.000 -3.917 -17.778 2.38394
0.000 -6.618 -20.362 2.94576
0.000 -5.240 -20.595 2.08234
0.000 -4.447 -17.721 2.86632
0.000 -2.791 -17.576 2.61391
0.000 -6.037 -16.059 1.50015
0.000 -4.461 -15.168 2.80976
0.017 -4.954 -15.908 3.40876
0.000 -10.469 -23.574 3.09002
0.000 -8.486 -23.921 2.30085
0.000 -1.158 -22.143 2.63981
0.000 1.062 -17.409 2.91261
0.000 0.904 -16.282 2.78165
0.000 1.385 -15.990 2.74083
0.000 -0.311 -17.481 3.90495
0.000 -4.602 -18.754 3.54191
0.000 -6.794 -19.126 3.13032
0.000 -10.882 -21.648 2.08940
0.000 -9.815 -21.800 3.74175
0.000 -4.980 -21.305 3.11975
0.000 -5.755 -17.940 2.92430
0.000 -9.034 -19.000 1.76917
0.000 -7.435 -20.891 2.21081
0.000 -8.894 -21.226 2.90275
0.000 -8.254 -20.901 3.88843
0.000 -4.018 -20.913 3.57203
0.000 -5.739 -18.282 2.39702
0.000 -3.907 -18.466 3.37976
0.000 -1.376 -18.675 2.83266
0.005 -3.501 -18.825 2.93408
0.000 -0.277 -19.228 3.02268
0.000 -1.177 -17.944 2.60680
0.000 3.320 -16.279 3.05765
0.000 1.096 -16.528 3.30627
0.000 2.515 -15.566 2.38496
0.000 2.778 -15.645 3.06604
0.000 -1.332 -15.471 3.46936
0.000 -4.433 -16.348 3.79881
0.000 -3.277 -16.824 4.26043
0.000 -1.061 -16.839 3.81527
0.000 1.128 -15.544 3.44372
0.000 2.195 -15.325 3.35214
0.000 1.456 -15.950 3.15205
0.017 0.188 -16.182 2.99863
0.070 -2.352 -17.790 2.69069
0.000 -1.407 -17.978 3.46114
0.000 1.688 -16.627 2.57881
0.000 2.373 -15.640 3.72421
0.000 1.685 -13.471 1.99928
0.000 0.629 -12.630 2.20055
0.000 0.898 -13.747 2.64408
0.000 2.908 -14.005 3.08417
0.000 0.079 -14.699 3.67948
0.000 2.331 -14.819 3.01264
0.000 2.897 -14.489 4.25737
0.000 1.666 -13.740 2.92664
0.005 3.262 -11.064 2.70097
0.000 3.285 -11.660 3.50275
0.000 2.730 -14.649 5.16782
0.000 1.759 -14.730 3.00104
0.053 -0.604 -14.591 4.62895
0.007 4.570 -14.648 4.29257
0.282 2.310 -11.951 4.87651
0.057 2.736 -11.106 5.20829
0.585 0.307 -10.838 4.20966
0.505 -1.070 -11.202 3.50294
0.000 -2.847 -11.677 2.61058
0.110 -3.611 -16.946 2.65772
0.050 -2.401 -16.977 2.93350
0.038 0.594 -16.092 3.20205
0.000 4.637 -14.460 3.27975
0.000 4.731 -13.003 4.43903
0.045 3.644 -12.135 4.14563
0.000 6.306 -10.312 5.27393
0.060 5.517 -7.042 6.80902
0.000 5.116 -7.713 6.54790
0.103 5.600 -7.128 6.16799
0.000 1.820 -8.109 5.76456
0.000 2.080 -10.643 5.72216
0.000 2.311 -10.219 4.96208
0.000 -3.817 -15.941 3.69781
1.545 3.243 -15.365 4.63943
0.000 3.542 -11.293 4.53482
0.000 5.014 -10.687 5.21165
0.000 5.972 -9.891 5.06677
0.000 10.102 -9.191 4.27148
0.000 12.268 -7.574 5.19674
0.000 7.471 -8.369 5.07875
0.000 3.675 -9.709 3.69661
0.168 4.001 -9.147 4.58752
0.007 3.282 -9.086 4.18681
0.000 2.841 -10.113 3.78644
0.530 1.039 -9.423 4.72273
0.382 -2.985 -11.548 3.03506
0.445 -2.195 -13.487 4.35674
1.060 1.187 -10.696 5.08618
0.165 5.181 -9.004 5.40127
0.000 5.470 -8.179 4.47101
0.502 6.905 -5.667 5.21738
0.000 7.645 -4.724 4.98592
0.000 7.423 -4.677 4.34393
0.000 3.550 -7.835 2.75398
0.000 6.733 -7.089 3.15167
0.008 5.272 -5.774 3.42044
0.735 3.063 -7.022 2.68913
0.000 6.314 -7.202 2.05409
0.072 7.966 -5.163 4.66807
0.143 5.843 -6.616 3.76499
0.228 9.868 -5.400 4.03547
0.000 11.698 -5.072 4.59495
0.000 12.871 -4.742 3.72731
0.148 12.748 -3.624 3.53314
0.000 9.754 -4.895 2.96151
0.000 10.194 -6.230 3.52195
0.010 8.047 -4.265 2.50764
0.260 5.983 -6.798 2.32362
0.630 10.833 -5.913 3.35217
0.062 10.102 -5.318 3.16714
0.013 13.827 -5.060 3.32857
0.000 16.138 -3.855 3.67809
0.003 14.263 -4.480 4.07944
0.000 11.024 -4.347 3.29433
0.000 13.658 -3.744 3.39611
0.265 12.716 -6.375 3.69020
0.085 12.443 -4.661 2.52175
0.133 13.352 -4.751 2.91270
0.580 14.033 -4.118 2.96591
0.080 13.177 -4.875 3.20703
2.397 11.396 -5.097 3.68144
2.495 9.319 -4.151 3.03710
1.275 11.662 -2.976 1.55446
0.000 13.737 -1.407 2.90491
0.000 12.950 -4.959 3.54035
3.735 14.148 -3.554 3.46507
1.253 7.071 -7.057 3.24336
0.000 9.265 -4.908 1.75054
0.845 12.484 -4.167 1.66640
3.025 9.904 -3.706 2.93438
1.400 7.831 -3.891 2.00793
1.487 12.435 -2.970 3.48038
2.410 8.796 -3.711 1.50848
1.832 11.024 -3.982 3.82212
4.492 10.902 -5.094 3.79627
0.365 9.503 -5.312 2.36461
0.000 9.834 -4.409 2.78062
0.000 12.397 -2.623 1.76460
1.790 8.447 -3.668 2.79804
1.047 7.867 -3.534 0.97366
0.305 11.356 -3.103 1.85507
1.095 11.235 -5.067 2.80474
0.005 14.550 -1.975 3.42504
0.118 14.186 -1.266 1.99391
17.275 15.907 0.047 1.99395
6.130 16.660 0.215 3.33385
3.682 17.931 0.416 3.68458
4.653 15.173 1.364 2.31842
4.960 15.744 0.528 2.73501
2.040 16.064 -0.856 3.58281
3.378 15.401 -3.529 3.31716
0.003 13.958 -2.895 4.96219
0.110 13.992 -3.083 3.62519
0.067 15.353 -3.895 3.89220
0.010 15.731 -2.779 3.86360
0.395 16.569 -1.354 3.11148
0.257 17.575 1.334 2.76771
2.690 17.466 2.019 1.72305
12.875 15.979 1.485 1.90003
1.648 14.274 1.620 1.25303
3.445 14.316 2.314 1.71666
8.880 18.435 1.865 3.28449
0.440 18.237 3.112 2.45880
1.077 19.167 2.449 2.57867
2.303 19.500 3.898 2.49178
17.348 18.533 2.829 1.61845
0.747 15.307 2.303 1.48865
0.000 17.691 1.512 1.29178
14.835 18.502 2.142 2.37306
10.772 16.264 1.198 1.63043
6.915 16.333 1.922 2.36552
22.763 17.553 1.673 2.73493
5.750 15.996 2.140 1.75358
14.873 15.094 2.307 2.35716
20.457 14.814 1.857 2.21299
4.842 15.301 1.434 1.82744
10.830 14.008 1.048 1.32105
14.520 13.065 0.353 1.14965
5.085 14.288 1.066 1.98250
2.865 12.128 -0.986 1.70610
1.175 14.848 -0.535 1.46504
6.542 13.183 1.288 1.37328
0.460 12.747 1.254 1.17484
7.588 14.591 0.911 3.37267
1.218 13.192 0.765 2.73302
18.497 13.911 1.914 1.78018
3.750 15.143 3.389 1.08518
1.988 15.483 1.762 1.06321
1.127 16.359 1.600 1.66725
3.075 14.983 -0.757 1.26376
0.165 14.795 -0.396 1.33624
0.247 16.509 0.065 1.45067
5.890 15.592 0.796 2.79964
7.117 15.954 1.311 1.76611
5.825 15.785 1.675 1.46310
0.948 15.142 -0.074 1.79429
0.105 13.789 -2.719 2.02695
0.000 11.936 -1.595 1.66089
0.000 12.761 0.569 1.39144
0.787 11.734 -2.101 1.18428
0.860 14.161 0.024 1.40887
0.000 15.593 -0.158 1.56134
0.373 15.719 0.924 1.42178
2.100 15.463 -0.131 1.39940
1.007 16.110 1.685 1.10840
1.327 15.753 3.042 1.06945
1.410 14.974 1.048 1.26105
4.790 15.791 2.823 1.38647
2.555 11.845 0.837 2.09557
0.260 16.901 0.985 2.11342
0.207 14.624 2.557 1.66255
1.285 16.777 2.331 1.33258
0.597 17.979 2.799 1.92299
0.930 18.395 3.889 1.30707
2.842 18.854 2.402 1.62423
0.250 17.733 1.590 1.37251
3.080 17.664 1.742 1.58457
3.950 17.546 2.802 1.39287
9.050 15.922 2.532 1.27066
8.415 15.987 0.493 1.29153
7.225 11.088 1.292 1.79330
2.337 13.449 1.193 1.19857
0.995 14.323 1.081 1.51155
6.830 16.056 2.298 2.46212
18.650 15.528 2.669 2.90743
5.488 15.920 3.761 1.42928
11.680 11.265 1.229 0.99819
16.905 14.075 1.479 1.83450
0.730 14.223 2.250 0.97260
3.300 14.947 2.464 0.88000
4.895 13.333 1.963 1.16804
5.773 12.877 -0.547 1.47450
0.012 11.370 -1.037 1.96136
7.185 13.429 -0.946 1.91650
1.097 11.733 -1.818 1.81747
0.025 9.803 -4.372 1.49850
0.000 12.082 -2.140 1.36364
0.390 10.487 -2.148 1.75224
4.035 11.857 -2.810 1.47669
0.383 8.618 -1.458 1.28623
0.907 11.989 -0.997 1.27248
7.125 13.205 -0.388 0.86863
1.167 10.757 -0.482 1.07417
9.797 10.449 -1.473 1.40057
0.245 13.639 -0.838 1.48181
2.302 13.188 0.136 2.25941
4.698 11.125 0.049 0.96026
0.582 13.474 0.193 0.87052
0.000 14.946 0.137 0.92424
2.957 15.673 0.023 1.08852
4.705 16.255 -0.452 1.63809
0.505 15.886 -0.401 1.85189
1.487 15.005 -1.351 1.69684
0.090 14.824 -1.154 2.10526
3.910 14.359 0.453 2.16723
0.870 11.965 0.200 1.23114
3.810 11.307 0.391 1.41560
0.857 10.600 -2.661 1.09806
1.650 12.390 -1.868 0.96668
7.025 6.676 -5.240 1.34842
0.000 10.657 -4.377 1.50039
0.000 11.934 -3.160 2.08149
0.292 13.182 -2.558 1.68030
0.332 10.777 -3.719 1.95596
0.000 11.076 -3.116 1.98672
0.020 12.759 -3.043 1.52828
0.160 13.225 -3.057 1.52445
6.623 12.717 -2.016 3.08084
1.897 11.184 -3.428 2.23964
0.008 11.816 -2.531 1.13727
0.000 12.817 -1.414 1.04335
0.000 12.065 -3.154 1.28338
0.000 12.561 -2.614 2.08835
3.430 12.020 -2.533 2.39247
1.552 10.357 -2.901 2.81665
1.487 11.448 -2.481 3.11253
3.092 9.728 -1.381 1.36196
0.075 8.346 -2.956 1.08713
3.648 8.134 -2.513 1.88454
1.632 9.247 -2.913 2.29309
1.485 11.024 -3.472 3.05154
3.400 10.012 -3.480 2.49889
6.418 7.234 -4.649 2.14009
10.080 6.501 -6.647 3.09849
6.815 6.002 -6.550 3.45105
5.150 6.845 -5.336 3.04946
4.887 6.835 -4.485 2.43944
0.770 5.132 -5.279 1.51222
2.502 3.557 -5.677 1.73089
5.848 1.044 -5.537 1.53895
1.248 1.691 -5.257 0.92563
1.470 4.688 -6.335 2.16335
0.000 6.945 -6.290 3.07310
0.000 6.482 -6.022 2.58699
0.002 5.552 -6.107 1.37852
0.213 4.711 -5.657 2.08195
0.015 3.655 -7.139 2.18046
0.685 3.988 -7.187 1.15504
1.695 1.316 -6.890 1.07534
0.000 5.336 -7.426 2.50274
0.000 5.362 -7.532 2.21843
0.042 7.042 -7.152 3.00159
0.000 1.133 -11.031 2.66894
0.000 1.832 -11.162 1.15422
0.000 3.569 -8.022 1.25154
0.000 2.578 -5.784 1.16515
0.000 2.180 -6.646 1.33241
0.000 2.668 -8.612 1.84826
0.000 2.459 -8.794 1.82896
0.000 2.267 -9.028 1.74200
0.000 1.947 -10.191 2.20378
0.000 2.785 -10.410 2.59352
0.078 0.733 -12.540 3.26222
0.000 0.863 -12.831 2.58142
0.100 0.599 -12.760 2.95910
0.000 2.563 -12.744 2.68812
0.000 1.818 -12.283 2.24445
0.002 2.795 -10.211 2.16658
0.175 3.423 -7.988 1.95440
0.000 1.762 -8.523 2.44430
0.000 0.239 -14.610 2.77704
0.087 -0.880 -14.947 2.52733
0.145 0.025 -13.055 3.37269
0.057 0.141 -11.581 2.63627
0.000 -1.560 -16.660 2.76462
0.000 1.132 -16.913 2.71790
0.000 1.502 -15.534 2.59550
0.000 3.209 -13.813 2.89967
0.013 3.203 -11.316 2.82979
0.860 0.843 -10.707 2.48169
0.000 -3.471 -15.852 2.20433
0.000 -2.511 -16.095 2.48013
0.120 -3.513 -14.819 3.52103
0.143 -0.159 -13.732 2.58551
0.003 1.499 -15.137 2.61713
0.003 -0.022 -15.808 2.82283
0.000 -1.323 -16.135 2.17581
0.000 -4.346 -16.660 1.48538
0.000 -3.857 -17.079 1.74121
0.000 -3.205 -12.704 2.24159
0.000 -4.122 -13.291 1.19153
0.000 -4.809 -13.712 2.25034
0.000 -4.797 -14.284 1.95616
0.000 -3.208 -14.615 1.69823
0.042 -4.209 -17.641 2.86241
0.000 -3.137 -17.962 1.91449
0.000 -9.596 -18.259 1.82919
0.000 -4.256 -18.665 2.61369
0.000 -6.641 -19.166 1.87889
0.000 -7.506 -21.036 2.72336
0.000 -5.503 -21.212 3.15897
0.000 -3.542 -20.373 2.73961
0.000 -3.169 -18.905 3.10353
0.000 -1.133 -16.819 2.88894
0.003 -2.718 -19.052 2.95501
0.000 -5.348 -19.517 2.44313
0.000 -6.887 -19.040 2.10453
0.000 -5.540 -21.261 2.11580
0.000 -5.976 -21.587 2.03385
0.000 -2.970 -20.220 2.37028
0.000 -5.535 -18.619 2.29563
0.000 -7.529 -19.133 2.78909
0.000 -5.109 -18.231 2.76364
0.000 -6.752 -17.079 1.84558
0.000 -5.750 -18.314 2.51800
0.000 -5.980 -19.147 1.58091
0.000 -5.059 -19.509 2.62696
0.000 -3.697 -19.619 2.67080
0.000 -4.176 -19.135 3.15873
0.000 -3.319 -19.430 2.67280
0.000 -3.564 -17.438 1.61540
0.000 -3.975 -18.903 2.70332
0.000 -4.161 -19.075 2.54796
0.000 -5.734 -16.591 2.80581
0.000 -4.606 -14.275 3.30746
0.000 -4.139 -14.561 4.07281
0.000 -4.979 -16.096 3.39810
0.000 -3.794 -14.888 2.70713
0.000 -3.607 -15.796 3.77674
0.000 -2.704 -16.394 4.14314
0.000 -4.250 -17.336 3.59191
0.000 -5.352 -20.503 4.33044
0.000 -6.208 -20.700 3.84503
0.937 -1.872 -20.007 3.83617
0.000 -5.348 -18.686 4.18452
0.000 -6.779 -19.154 3.25294
0.000 -7.530 -18.541 3.22499
0.000 -8.573 -18.785 2.57379
0.000 -7.745 -17.892 1.95579
0.000 -6.973 -17.348 1.88541
0.000 -5.110 -16.526 1.83137
0.000 -4.008 -16.497 2.71763
0.000 -6.825 -13.656 1.84496
0.000 -9.737 -19.620 1.60371
0.000 -11.648 -24.757 3.28092
0.000 -6.320 -24.879 3.92475
0.003 -6.504 -18.379 3.67755
0.005 -7.207 -19.458 3.18146
0.000 -7.198 -19.835 3.75475
0.000 -7.774 -19.118 2.21685
0.000 -6.107 -18.102 2.34794
0.000 -5.294 -18.138 2.41972
0.000 -4.217 -17.344 2.77042
0.000 -5.367 -17.321 2.59019
0.100 -6.120 -18.918 2.69702
0.000 -6.175 -19.217 3.11864
0.000 -2.161 -17.763 3.38109
0.000 -2.215 -17.712 4.24560
0.000 -0.372 -17.111 3.82835
0.000 -1.250 -16.594 3.37886
0.000 -6.254 -19.841 3.16641
0.000 -1.817 -19.939 3.82196
0.000 -4.945 -16.942 5.51812
0.000 -7.097 -18.989 5.11194
0.000 -8.300 -19.693 3.83904
0.000 -5.836 -19.760 4.21177
0.000 -7.604 -19.309 3.88238
0.000 -3.977 -19.425 4.22668
0.000 -2.781 -19.710 4.06321
0.000 -3.652 -19.175 3.11493
0.410 -5.572 -17.919 2.53528
0.000 -6.396 -18.281 4.04592
0.000 -7.174 -20.308 3.20821
0.255 -5.202 -20.275 2.46681
0.000 -4.520 -15.235 3.89989
0.045 -5.462 -15.016 3.65082
0.000 -5.479 -15.366 2.15433
0.000 -4.973 -18.809 3.57439
0.000 -3.497 -18.824 2.89871
0.000 -2.206 -14.262 3.21845
0.000 -0.752 -16.094 3.95028
0.000 0.534 -16.014 4.50785
0.000 -1.022 -12.380 3.83564
0.000 -5.503 -12.715 2.07693
0.000 -5.337 -15.768 2.92143
0.000 -3.979 -16.070 2.96585
0.000 -2.642 -15.513 3.02576
0.000 -4.763 -14.732 2.95885
0.000 -3.146 -13.899 2.62282
0.007 -4.598 -13.803 1.77482
0.000 -3.521 -14.633 2.80256
0.020 -2.704 -16.008 3.31755
0.002 -0.969 -15.543 3.96351
0.000 -0.895 -13.553 4.70266
0.020 -1.688 -12.309 3.62409
0.000 -1.384 -12.003 3.95456
0.320 -0.390 -12.483 3.31116
0.000 2.249 -11.792 4.48641
0.000 2.151 -10.755 5.08487
0.378 -3.034 -12.798 2.22263
0.000 -2.016 -14.754 1.99304
0.000 1.446 -14.205 1.20315
0.000 3.072 -9.314 1.32775
0.000 3.514 -7.641 1.58608
0.525 5.454 -6.811 1.97510
1.420 8.047 -6.195 4.14509
0.058 7.183 -6.205 3.50760
0.662 5.942 -7.918 2.13693
1.125 4.962 -6.915 2.97649
1.800 4.253 -6.780 3.40294
0.137 1.927 -7.859 3.25934
0.198 1.168 -8.044 2.22810
0.760 3.999 -7.130 3.10472
0.180 3.284 -7.603 2.54552
0.240 1.791 -7.139 1.75504
0.808 -0.771 -9.270 2.73179
0.150 0.949 -10.621 1.55078
1.230 5.731 -9.077 3.89946
2.372 3.005 -8.744 4.79934
1.442 6.294 -8.974 4.24776
0.332 5.686 -7.854 1.61470
0.000 6.960 -6.040 3.46196
1.057 6.835 -4.414 2.37924
0.188 3.328 -7.366 2.38666
0.688 8.328 -6.763 3.57063
0.000 9.020 -5.596 2.73526
0.005 7.379 -5.613 3.41259
1.472 9.067 -6.049 2.74557
0.697 8.936 -4.814 2.47854
0.093 7.639 -3.866 2.47306
0.660 3.911 -7.675 1.92738
2.060 1.663 -8.806 2.12982
2.445 6.614 -7.012 2.05570
0.712 9.119 -5.210 2.92751
0.295 5.052 -4.573 2.93907
0.070 6.647 -6.242 2.17198
0.003 6.413 -5.393 2.22046
1.875 1.617 -5.571 2.39887
0.132 6.082 -5.647 2.03611
0.000 9.094 -3.205 1.37898
0.000 11.867 -4.392 1.24669
0.000 12.776 -5.332 2.40932
3.670 13.406 -4.345 3.21954
1.223 4.849 -4.644 1.82510
0.000 10.846 -4.299 1.45755
0.345 12.834 -6.434 2.36580
0.033 9.461 -4.774 2.06488
0.620 12.938 -4.384 2.41873
2.762 14.557 -3.584 1.94765
5.725 17.375 -1.784 3.28276
1.093 10.015 -1.183 1.32370
3.007 12.133 -3.256 2.20005
5.390 6.207 -3.597 1.74505
2.057 5.168 -3.794 1.74355
0.000 10.065 -2.876 1.27847
0.950 13.251 -3.084 1.62639
6.328 10.877 -3.356 3.01688
3.025 11.370 -2.034 1.39863
0.345 8.788 -3.066 1.55595
0.000 13.789 -3.243 1.64802
6.037 12.412 -1.819 2.25920
3.050 11.681 -1.925 2.74914
14.205 9.821 -1.577 1.88543
3.598 8.769 -2.077 1.87945
1.358 9.416 -4.197 1.51880
0.000 12.791 -0.688 1.64774
1.170 13.735 -2.164 3.66669
1.298 14.059 -2.426 3.73573
2.062 13.153 -1.358 1.94398
0.895 14.807 0.033 1.41448
0.995 16.749 -0.220 3.08048
0.393 16.276 -0.166 2.35924
0.665 16.781 1.688 2.70335
2.297 16.283 1.028 2.30980
3.415 17.208 1.790 3.33404
10.375 18.834 2.414 3.28073
4.967 15.064 1.292 2.91562
4.825 18.099 1.589 3.39794
14.595 16.656 1.316 2.85127
1.780 12.336 -2.032 2.00339
0.000 13.217 -2.270 1.51529
0.522 15.971 -0.893 1.94009
0.240 16.238 -1.648 1.64331
0.727 16.328 -0.999 1.91276
0.080 16.314 1.519 1.51464
0.737 14.914 -0.047 1.03043
3.007 16.191 1.572 1.86067
4.800 12.809 1.253 2.28046
3.325 15.904 0.184 3.42918
0.575 15.350 0.603 2.52744
9.070 14.763 0.906 1.25200
7.963 15.540 0.530 1.65478
9.055 16.008 0.894 1.71573
0.552 14.816 -0.375 1.51703
0.000 17.044 0.112 1.33101
8.767 16.852 2.950 1.12773
3.737 12.778 0.274 1.76949
11.295 15.615 0.899 2.82480
14.330 15.815 1.508 1.98065
9.685 15.854 1.472 1.31323
9.127 15.546 2.184 0.95920
10.400 16.599 2.529 1.24527
8.395 16.201 0.169 1.70607
5.155 14.793 2.339 1.54429
7.202 14.188 0.964 2.04717
7.842 13.090 0.462 2.02200
4.645 11.961 0.522 3.11584
2.565 11.429 0.387 1.12213
3.965 14.742 0.581 1.60797
4.685 14.423 0.112 1.44498
0.000 15.033 1.201 1.39987
1.292 16.473 0.727 1.63986
0.002 16.985 1.861 1.70706
0.942 18.208 1.918 1.69755
2.470 18.626 3.858 1.31675
2.677 14.674 3.368 1.03386
0.195 16.076 3.485 2.05304
0.052 14.289 2.777 1.72363
1.895 17.353 3.832 1.20101
0.182 17.747 2.829 1.87998
0.728 16.963 2.936 1.64649
2.763 16.986 4.087 1.18765
3.282 17.223 2.300 1.53300
2.252 18.220 4.175 1.24309
3.027 17.542 3.812 1.28981
1.150 15.002 1.871 1.75798
0.000 13.997 0.320 1.43892
2.635 14.489 -0.090 2.30746
9.548 9.407 -2.247 1.66179
0.742 10.809 0.612 2.71594
2.012 14.351 0.106 3.00218
0.968 15.278 1.399 1.43379
0.915 14.452 2.568 1.11337
1.805 13.889 -0.484 1.49698
0.400 13.071 0.092 1.54899
0.000 14.490 -0.236 1.31316
9.060 14.665 0.355 1.73243
2.747 13.766 0.427 1.51702
10.555 14.133 1.105 1.72658
12.138 14.916 0.783 1.92875
9.167 14.340 1.293 1.36608
0.322 14.277 1.263 1.33101
6.063 13.810 0.846 2.39564
8.835 12.987 -0.110 1.34592
2.295 13.655 0.876 1.76310
6.317 13.865 2.114 1.52693
6.745 14.686 0.766 2.30530
14.315 14.442 0.413 1.50483
3.210 12.057 1.594 1.15897
10.755 14.304 1.794 2.16683
3.252 14.536 2.023 1.52151
13.017 16.025 2.510 1.59615
0.542 13.897 -0.337 1.56624
1.507 13.740 -1.057 1.30001
3.382 9.037 -2.204 1.66385
0.745 9.520 -1.626 1.34038
0.932 11.500 -2.842 1.23383
0.085 13.258 -1.269 1.17366
2.870 8.913 -0.628 1.83717
6.390 13.323 -0.225 2.59418
1.450 14.769 1.104 1.74215
8.548 15.461 1.286 1.57425
2.792 13.858 1.610 1.53004
21.852 13.815 0.261 2.07627
2.873 10.543 -1.867 1.26291
6.675 13.523 -1.099 1.69408
7.535 10.935 -0.320 2.89121
5.428 12.112 -0.567 2.11531
3.275 13.448 0.107 2.57374
1.465 13.188 0.050 1.71025
11.137 14.047 -3.323 1.98927
0.115 10.318 -2.358 1.54809
2.268 8.944 -2.114 1.56165
0.000 9.450 -4.839 1.91017
0.203 8.293 -3.992 1.57098
0.290 9.891 -5.156 1.47970
0.055 6.595 -4.929 1.50577
0.000 9.408 -4.553 2.05788
0.000 11.063 -4.427 1.45731
0.132 11.568 -3.409 2.26200
1.467 8.453 -2.628 1.71052
1.995 8.195 -2.225 1.43714
0.312 9.785 -3.623 2.04884
0.502 9.265 -3.518 1.74335
2.782 9.421 -3.615 1.65920
0.067 9.953 -4.653 2.00983
1.117 9.069 -5.276 2.37345
0.000 8.890 -5.264 2.91192
1.820 9.116 -5.171 2.24869
0.115 7.306 -4.663 1.30514
0.113 7.712 -3.827 0.88621
2.043 8.860 -5.246 1.79093
0.000 7.816 -4.912 1.31688
0.000 10.039 -4.582 1.43231
0.097 11.865 -4.248 2.70347
0.458 12.880 -3.519 2.24332
0.802 12.129 -3.675 2.74840
1.227 10.525 -4.003 2.92011
1.665 9.289 -3.832 2.46526
1.303 7.603 -3.685 1.13280
4.700 7.333 -3.665 2.10157
0.803 5.223 -5.326 1.19496
0.310 6.169 -6.896 3.10601
0.358 6.761 -6.687 2.48011
0.135 5.020 -6.933 2.02037
0.138 7.205 -6.961 2.52359
0.747 5.938 -6.671 2.46589
0.645 5.781 -6.497 2.11817
0.967 4.920 -5.235 2.01041
0.273 6.035 -6.835 2.27779
0.340 4.717 -6.863 2.97660
0.320 2.521 -6.229 2.04979
1.037 0.874 -5.359 1.56526
1.237 2.386 -5.907 2.16612
0.525 1.518 -9.058 2.72165
0.008 1.635 -10.823 2.66340
1.398 -1.533 -15.700 2.34056
0.000 0.049 -15.818 1.99809
0.000 0.356 -13.778 2.64192
0.000 2.117 -13.873 1.87481
0.148 1.351 -11.350 2.24365
0.368 4.582 -11.463 3.03626
0.000 2.271 -9.144 1.86077
0.000 2.847 -9.459 2.16657
0.000 2.979 -9.773 2.09844
0.038 3.436 -9.892 2.41026
0.000 3.382 -11.367 2.38311
0.000 4.788 -11.584 2.29117
0.068 5.943 -10.670 2.47475
0.003 1.060 -11.633 2.81712
0.033 2.092 -11.813 3.12184
0.000 3.973 -10.897 3.07999
1.143 2.619 -10.083 2.92658
0.005 1.159 -13.669 4.25456
0.000 -1.988 -14.904 2.50449
0.000 0.672 -15.060 2.38573
0.005 2.282 -13.498 3.27782
1.233 1.313 -12.821 3.96058
0.005 -7.075 -20.137 3.05897
0.000 -6.550 -20.516 1.57737
0.000 -2.281 -19.164 2.72470
0.000 -3.558 -11.738 1.83466
0.410 -0.000 -11.177 2.88093
0.000 -0.602 -13.206 2.10212
0.000 0.842 -14.139 2.78625
0.000 1.900 -14.142 3.16070
0.030 1.564 -11.870 3.39749
0.070 -0.422 -12.250 3.53669
0.000 -4.540 -16.603 2.64974
0.000 -0.912 -16.473 3.54773
0.000 -2.173 -15.648 3.21188
0.015 -9.383 -21.720 2.76451
0.002 -4.502 -21.971 2.72195
0.000 -1.832 -17.181 3.27602
0.000 -0.141 -17.657 2.79547
0.000 -3.146 -16.173 1.86214
0.000 -1.657 -16.578 2.47488
0.000 -2.259 -14.883 1.82142
0.000 -6.227 -17.099 2.38715
0.028 -5.998 -17.273 2.78926
0.000 -6.605 -16.343 2.85517
0.000 -10.817 -20.883 3.34254
0.000 -4.608 -21.152 3.13172
0.000 -2.537 -16.752 2.86880
0.000 -3.288 -18.036 2.42133
0.000 -2.756 -18.101 3.62765
0.000 1.634 -14.889 3.37266
0.000 1.811 -15.826 3.24759
0.000 -0.287 -16.294 3.27636
0.000 -1.254 -18.634 2.07757
0.000 -3.782 -19.117 2.97768
0.000 -2.270 -19.123 2.86349
0.000 -0.912 -17.765 2.66287
0.000 1.671 -16.220 2.42731
0.000 -1.246 -16.695 1.97264
0.000 -0.871 -17.238 2.15332
0.000 -3.762 -18.102 2.37927
0.000 -1.653 -18.579 2.84143
0.000 -2.666 -19.276 2.98631
0.000 -3.290 -19.569 2.89238
0.000 1.453 -15.230 2.99109
0.013 -0.032 -15.151 3.57850
0.103 -2.887 -15.460 2.87523
0.035 -6.879 -16.530 1.87834
0.000 -6.171 -15.298 3.85199
0.000 -9.153 -22.270 4.26184
0.000 -4.624 -22.350 3.78640
0.000 -4.011 -19.031 3.32571
0.000 -8.805 -16.178 2.28070
0.000 -10.948 -19.114 1.95005
0.000 -8.639 -21.574 3.29869
0.000 -5.929 -24.353 3.69129
0.000 -10.662 -24.907 2.21350
0.000 -5.829 -21.219 1.50943
0.000 -8.071 -19.485 1.64899
0.000 -5.699 -19.972 2.66458
0.000 -3.581 -20.033 2.19874
0.000 -3.974 -18.450 2.98714
0.000 -2.889 -18.578 2.65812
0.000 -5.110 -16.036 2.86008
0.003 -4.419 -19.049 3.80812
0.003 -4.122 -19.313 3.52371
0.000 -3.178 -18.402 3.86384
0.000 -7.960 -15.215 3.55351
0.000 -8.457 -22.899 3.71070
0.000 -8.379 -23.214 3.12322
0.000 -2.102 -20.160 4.28994
0.000 -3.768 -20.570 4.21239
0.000 -1.655 -19.378 4.46756
0.000 1.956 -17.651 4.57651
0.000 3.201 -15.480 4.47193
0.000 4.118 -12.711 4.67348
0.000 3.957 -13.285 4.19436
0.000 3.546 -15.025 4.63350
0.000 -3.119 -16.800 4.26532
0.000 -1.205 -17.080 4.49844
0.000 -4.217 -17.757 4.09495
0.000 -6.434 -19.801 3.45409
0.000 -4.227 -19.937 3.90446
0.000 -2.288 -19.523 3.61623
0.000 -4.614 -19.805 2.58183
0.000 2.960 -19.213 4.15814
0.000 0.586 -17.061 4.09580
0.000 0.021 -16.573 4.23941
0.000 -1.614 -16.701 3.02697
0.038 2.040 -15.543 3.10972
0.358 3.425 -14.159 3.51300
0.000 0.411 -15.019 3.77644
0.038 1.137 -15.143 3.10730
0.015 0.344 -12.138 2.60482
0.000 -0.146 -14.921 2.25251
0.000 -1.015 -15.148 2.32087
0.018 -3.133 -15.152 4.42614
0.000 -3.689 -18.125 3.37905
0.000 -1.823 -17.561 2.62120
0.000 -2.550 -16.511 3.71361
0.010 -2.610 -16.036 4.38525
0.010 -2.559 -13.941 3.54949
0.060 -4.047 -16.272 4.02324
0.000 0.277 -16.310 3.83313
0.000 0.238 -14.357 4.39278
0.000 -0.926 -16.552 4.16049
0.000 -1.941 -16.565 3.03397
0.175 0.497 -14.149 5.34025
0.000 -2.645 -13.145 2.96737
0.000 -4.926 -18.422 1.79771
0.000 -0.762 -18.313 2.73781
0.192 -0.819 -14.109 3.23266
0.007 -1.038 -13.969 2.95118
0.007 -2.615 -12.584 1.42316
0.000 -4.073 -14.722 1.07925
0.000 -0.621 -15.034 2.86641
0.140 0.632 -14.680 3.06049
0.307 0.959 -13.583 3.39570
1.175 1.057 -12.702 3.36149
0.000 -2.198 -12.862 2.74491
0.145 -0.426 -12.483 3.24770
0.447 -2.355 -14.361 3.36294
0.000 -3.110 -17.689 4.11449
0.130 3.694 -17.063 3.51651
0.000 1.531 -11.927 3.72782
0.672 3.006 -10.570 4.21753
0.653 1.410 -9.476 4.06206
0.425 -3.915 -13.547 1.90254
0.000 -1.759 -14.977 3.29866
0.000 -0.858 -14.326 2.48579
0.000 0.242 -14.189 3.11550
0.000 -0.225 -13.376 2.55353
6.715 2.117 -9.254 3.34723
0.415 4.127 -8.917 2.90094
0.110 4.519 -6.948 3.00348
0.053 2.205 -7.405 3.38297
0.000 -0.061 -8.482 2.80750
0.007 1.997 -8.972 2.59379
1.303 3.118 -8.207 2.97161
1.232 -0.492 -9.614 2.15595
0.158 3.460 -9.059 2.13033
0.715 4.041 -7.363 5.45019
0.000 7.184 -6.982 5.59642
1.600 1.903 -7.180 3.37220
0.000 1.368 -11.754 3.98647
0.970 4.457 -12.929 3.82047
2.030 4.047 -11.149 3.31209
0.700 5.680 -6.863 2.91327
1.025 4.581 -5.505 2.27070
0.000 5.632 -6.412 2.95460
0.000 5.196 -5.959 2.96822
1.302 8.326 -6.376 3.02733
1.403 6.586 -4.431 2.96410
0.000 5.073 -6.816 3.16282
1.250 6.260 -5.095 2.77955
1.067 5.662 -6.103 3.17357
3.005 5.689 -5.521 3.13697
2.055 1.390 -9.848 2.50051
0.782 6.728 -7.412 3.49676
2.573 9.363 -5.589 3.95205
1.962 5.219 -5.543 2.54250
2.287 6.144 -6.084 3.43620
0.512 7.703 -5.304 3.99492
0.542 4.047 -6.634 3.09596
0.010 7.133 -7.096 2.52015
0.000 8.785 -5.885 2.90559
0.203 10.233 -4.918 2.42284
0.232 11.618 -4.930 4.06922
2.557 7.513 -3.836 1.62631
0.000 7.416 -6.583 1.47876
0.128 11.449 -4.963 2.56239
17.905 5.522 -5.337 2.01548
0.360 5.796 -3.879 3.17782
0.333 6.425 -4.454 2.14510
0.000 7.465 -5.303 1.91754
0.170 8.685 -5.089 1.89849
1.388 8.838 -5.246 2.32075
0.565 11.375 -4.205 1.17648
2.543 11.833 -3.742 1.34987
2.220 10.947 -4.705 3.52294
0.128 10.900 -3.279 3.40335
0.968 8.902 -4.879 3.07982
4.467 7.306 -4.293 1.71169
0.333 6.230 -5.397 2.11608
0.000 9.301 -4.568 1.21470
0.000 13.155 -2.805 2.26597
0.000 14.298 -1.800 3.61560
1.320 10.857 -2.643 1.86477
2.725 10.375 -2.965 1.74544
5.853 9.597 -2.578 1.70911
7.905 9.907 -2.689 1.91619
2.810 9.778 -2.508 2.92972
0.835 6.283 -4.913 2.35971
0.015 10.698 -3.498 1.16024
4.055 8.659 -2.102 1.70332
8.102 9.660 -2.944 1.73673
7.485 5.819 -3.655 1.30632
0.030 5.846 -4.571 2.59536
0.565 9.603 -1.447 1.00947
3.523 9.361 -2.707 2.43858
1.347 11.935 -2.533 2.45312
2.207 10.824 -2.835 2.76161
3.420 13.433 -2.170 2.99826
1.292 11.713 -1.682 1.45589
3.230 12.115 -0.317 1.21296
2.690 13.452 -2.047 1.14917
0.820 11.270 -2.664 1.94630
0.000 13.411 -1.509 1.86554
0.000 16.143 -1.225 1.55853
0.352 17.416 -2.519 2.49576
6.463 15.225 -1.905 2.45755
8.623 14.883 0.483 1.90392
0.470 13.735 -0.324 2.44937
2.668 15.302 1.668 2.89273
17.717 15.099 -0.549 2.08031
3.670 12.633 -0.061 1.65351
3.698 10.770 -0.567 1.31159
5.200 13.357 0.364 1.51312
7.365 15.424 1.013 2.28109
6.670 15.360 1.743 1.74350
4.443 16.591 1.456 2.38704
13.855 15.441 1.805 1.56212
6.245 15.526 -1.469 2.22841
0.025 11.639 -2.738 2.36270
5.397 12.537 -1.253 1.46428
0.000 15.331 -0.991 0.87303
1.127 15.157 -2.120 2.06936
1.530 12.774 -1.531 1.33478
0.000 14.323 -0.350 1.38747
0.000 15.981 -0.609 1.41376
0.000 17.910 0.998 1.35556
0.000 18.259 2.792 1.54227
0.000 18.968 3.253 1.39520
2.715 20.431 2.926 1.53483
4.420 17.074 2.366 2.06383
12.565 16.890 3.521 1.32097
4.838 16.731 2.595 1.26251
0.175 15.397 2.021 1.58790
4.607 15.967 1.399 2.20470
0.945 16.867 2.247 1.61753
1.780 16.612 1.325 1.82118
2.460 16.877 1.179 2.24786
2.020 17.181 3.518 2.33463
15.290 15.694 1.963 1.76747
8.070 17.227 1.912 1.63504
0.000 15.605 -0.273 2.12058
0.000 15.119 0.270 1.43527
0.000 16.625 0.836 1.09954
3.585 16.872 1.187 1.37647
0.748 17.114 3.413 1.98930
9.228 17.367 3.044 2.58553
8.003 15.902 2.178 2.40031
10.062 16.097 3.368 1.04394
10.550 13.728 2.038 1.36565
1.470 14.928 2.686 1.64908
1.747 15.843 1.691 1.61654
1.652 17.410 4.407 1.54516
2.927 16.172 4.278 1.43964
1.552 15.811 2.344 1.58969
1.365 17.250 0.980 1.59479
1.415 16.313 1.101 1.40216
0.495 15.368 -0.597 1.63400
0.210 15.486 1.015 1.94556
1.462 13.925 0.507 1.42263
0.897 15.540 1.422 1.62933
0.650 16.826 2.584 1.56948
0.722 13.421 1.222 1.35334
6.625 15.215 1.221 1.68800
0.770 15.613 0.695 1.29930
0.000 14.815 -0.281 1.77643
0.000 16.353 -1.130 1.22360
4.730 17.141 1.357 1.57891
2.430 13.501 0.086 1.68194
19.238 16.637 -0.349 2.30437
1.040 12.561 -1.705 1.71881
0.270 13.648 0.323 1.33144
5.212 14.977 0.920 1.32538
1.765 13.502 -0.856 1.36482
6.800 13.163 -0.738 1.66062
7.928 11.445 0.157 1.59784
10.130 12.605 -1.091 1.90403
2.013 11.734 -0.770 1.57146
4.780 13.132 0.157 1.03031
2.642 14.067 -0.174 1.44691
9.315 13.493 0.996 1.25412
2.090 14.192 0.335 1.59151
3.097 12.551 -0.842 1.73820
7.698 13.375 0.293 1.45307
16.607 13.102 0.530 1.64511
0.792 11.826 -1.462 1.33013
1.140 12.657 0.097 1.01673
6.200 8.326 -0.345 1.76821
6.298 13.971 -0.378 3.09579
9.600 14.229 -0.688 2.84821
1.840 11.731 0.262 1.10116
1.272 12.982 0.245 1.77223
2.547 11.445 -1.215 1.60705
1.690 12.269 -0.244 1.91804
3.355 12.660 0.078 1.74536
4.435 12.918 -0.388 1.51440
0.998 14.291 0.214 2.53415
0.368 14.160 -0.463 1.97213
1.340 14.171 -0.709 1.89844
0.105 14.204 -2.962 1.78404
0.335 13.866 -2.354 2.53740
5.215 13.327 -1.162 2.45285
3.845 12.612 -0.480 1.43447
0.557 13.172 0.567 1.12493
0.303 13.886 -0.263 1.66238
1.732 13.073 -0.690 1.58226
3.910 13.648 -1.326 1.99182
0.418 12.813 -1.829 1.77924
0.145 12.570 -1.940 1.44728
0.360 10.966 -1.441 1.54967
2.595 12.343 -2.684 2.60436
2.562 10.959 -4.239 1.96721
0.375 9.014 -3.589 0.90817
0.892 10.118 -2.522 1.74897
1.228 8.677 -5.003 2.08344
0.135 6.066 -4.722 1.23015
0.000 7.406 -4.430 1.25646
2.688 10.184 -3.804 2.75700
9.845 10.954 -3.370 2.78954
1.852 10.889 -3.304 2.61505
0.000 10.429 -6.367 2.02085
0.467 7.931 -5.666 0.96359
0.007 9.136 -4.459 1.34921
1.092 10.216 -4.068 2.17965
0.288 9.275 -3.886 2.90881
0.147 10.107 -3.973 3.03615
6.027 8.723 -4.371 2.61269
0.918 4.379 -4.747 1.26237
0.098 5.348 -5.418 2.97244
0.322 3.794 -6.081 1.87812
0.085 4.824 -6.184 3.30606
1.440 4.275 -6.257 2.77977
0.038 3.789 -6.486 1.79188
0.138 3.819 -6.526 1.57893
0.215 4.346 -6.592 1.49375
1.040 3.691 -7.228 2.19620
0.332 5.673 -7.208 2.92937
0.113 1.239 -7.458 1.37076
0.000 2.879 -7.572 0.80097
0.000 0.578 -11.331 1.55701
0.000 1.655 -11.427 1.27471
0.000 3.908 -9.956 1.63072
0.512 3.247 -9.173 2.07526
0.665 3.668 -6.208 1.94920
0.020 1.126 -8.215 1.55066
0.000 -0.115 -11.444 2.17028
0.000 4.044 -11.416 2.61980
0.445 4.954 -9.194 2.70596
0.000 3.293 -8.036 3.02062
0.000 2.538 -10.399 2.89194
0.008 2.593 -10.634 2.96453
0.000 2.655 -10.393 3.00369
0.000 0.279 -9.161 2.35804
0.000 -0.646 -13.559 2.10101
0.000 -0.306 -13.801 2.11929
0.000 1.808 -12.871 2.51610
0.000 3.212 -12.721 2.56137
0.000 0.767 -14.719 2.68620
0.000 -0.207 -14.931 2.78114
0.000 2.307 -14.436 2.28589
0.000 3.102 -11.932 2.21909
0.000 3.433 -12.430 2.08979
0.000 -0.648 -16.421 2.34089
0.000 -1.864 -16.687 2.38982
0.007 0.776 -16.362 2.15148
0.015 1.603 -14.792 1.50813
0.000 1.837 -13.226 2.00781
0.010 -0.669 -16.637 2.34175
0.000 -2.060 -17.018 2.33096
0.000 0.267 -16.732 2.62078
0.000 2.850 -15.412 3.07250
0.000 2.373 -15.108 3.01832
0.000 -0.699 -15.697 3.12346
0.000 1.487 -16.177 2.80670
0.000 -0.558 -16.944 4.09471
0.000 0.932 -17.401 3.17846
0.023 -2.472 -17.226 3.11155
0.000 0.519 -17.612 4.83081
0.000 0.709 -12.017 4.27688
0.223 -1.143 -15.451 3.86908
0.000 -1.809 -16.272 3.21372
0.000 -1.347 -16.569 3.86387
0.022 -4.908 -12.559 2.26152
0.000 -5.086 -17.473 2.73394
0.000 -1.743 -17.713 3.59918
0.000 -1.642 -17.005 3.38569
0.000 -1.835 -18.226 3.43727
0.000 -3.524 -18.621 3.47830
0.015 0.047 -17.865 3.43041
0.000 -1.088 -16.986 3.60802
0.000 -4.780 -17.871 3.65274
0.000 -4.288 -18.208 3.36061
0.000 -4.239 -17.105 2.58846
0.000 0.030 -16.951 2.94969
0.000 -4.014 -20.377 4.03751
0.000 -8.931 -22.139 2.78920
0.000 -5.365 -22.426 2.93795
0.000 -1.779 -20.993 2.08199
0.000 -0.719 -18.595 2.62964
0.000 -1.113 -17.160 2.64513
0.000 -2.662 -17.317 1.95011
0.000 -3.350 -17.142 2.12630
0.000 -5.558 -17.348 1.79004
0.000 -4.786 -19.372 2.45626
0.000 -6.591 -19.814 2.46707
0.000 -8.203 -21.973 2.90080
0.000 -5.932 -22.135 1.72824
0.000 -5.743 -18.793 1.17824
0.000 -5.438 -19.119 1.75027
0.000 -4.521 -19.420 2.31558
0.000 -6.464 -20.073 2.39250
0.000 -6.036 -19.682 1.08524
0.000 -4.055 -18.571 1.93406
0.118 -5.840 -17.462 1.51737
0.000 -7.859 -19.743 2.02572
0.000 -7.058 -20.743 1.07745
0.000 -6.543 -21.139 1.73058
0.000 -5.306 -20.174 2.13569
0.005 -1.497 -19.991 3.70957
0.043 -1.979 -14.651 4.12998
0.000 -1.303 -14.543 3.57185
0.087 -1.735 -14.709 3.49575
0.015 -3.342 -13.803 3.86696
0.000 -5.190 -13.243 4.59919
0.053 -3.634 -16.894 4.10276
0.000 -3.334 -17.349 3.28166
0.005 -5.213 -16.052 3.61500
0.000 -3.002 -16.665 2.89731
0.173 -5.398 -16.379 2.37849
0.000 -6.828 -15.915 2.22096
0.000 -5.731 -19.270 2.67018
0.000 -5.157 -19.829 3.45369
0.000 -3.144 -20.098 3.07336
0.000 -5.677 -19.646 3.82629
0.000 -7.366 -16.222 3.12162
0.000 -8.199 -23.002 3.28801
0.000 -8.166 -23.207 3.21974
0.000 -3.970 -22.208 3.29604
0.000 0.626 -19.665 3.69973
0.000 -2.000 -20.311 3.76457
0.000 -5.178 -20.679 3.13362
0.000 -1.443 -19.903 3.43250
0.000 -1.323 -19.208 4.14744
0.000 1.101 -17.738 3.29529
0.000 1.143 -15.821 3.37417
0.000 0.553 -15.147 3.49607
0.000 0.546 -16.615 3.12733
0.000 0.801 -16.837 3.09924
0.000 3.079 -14.308 4.80632
0.000 -1.125 -18.003 4.41496
0.000 -1.109 -18.149 2.66452
0.002 -1.355 -15.555 3.28263
0.000 -0.217 -15.316 1.71122
0.000 0.854 -14.480 2.61050
0.000 1.338 -13.471 2.53248
0.000 -2.608 -11.779 1.66863
0.000 -2.494 -16.115 2.56956
0.000 -3.002 -16.159 2.96053
0.000 -1.121 -15.589 2.78098
0.000 1.437 -15.498 3.54639
0.000 0.181 -14.214 3.97378
0.090 1.036 -14.253 4.78501
0.000 -4.624 -17.014 3.86925
0.000 -2.405 -17.067 3.25938
0.107 -2.708 -16.182 2.80142
0.000 -1.232 -15.615 3.72128
1.613 2.244 -13.811 4.38316
0.518 0.186 -13.605 4.00292
0.000 -4.145 -13.588 3.40919
0.080 -4.006 -14.624 3.09191
0.000 -6.253 -19.345 2.29912
0.000 -4.561 -19.297 1.22051
0.000 -0.246 -17.695 2.41268
0.000 0.047 -13.505 2.16155
0.000 0.473 -12.049 2.28880
0.000 2.380 -13.413 3.80680
0.000 2.678 -13.160 3.33914
0.003 3.483 -8.751 4.06592
0.000 1.019 -12.703 3.94653
0.005 2.665 -12.325 4.51037
0.233 -2.659 -15.900 2.71978
0.000 0.109 -15.654 2.82334
0.218 1.613 -12.668 2.37270
0.000 3.875 -9.628 3.74053
3.622 4.778 -7.669 4.86005
0.000 7.306 -7.146 4.05702
0.703 6.960 -6.266 4.53545
0.000 3.514 -8.402 4.22915
0.010 4.144 -7.632 4.44270
0.760 4.737 -7.127 3.48021
0.000 4.227 -6.544 3.49449
0.000 3.470 -6.625 3.89324
0.000 2.137 -9.187 2.71112
0.000 2.987 -9.068 1.65439
0.000 2.998 -8.733 1.45700
0.000 4.931 -7.706 3.71637
0.138 7.589 -6.287 3.65978
0.000 6.172 -7.075 4.95981
1.202 4.071 -7.952 4.63087
0.000 0.577 -8.908 3.99543
0.110 7.843 -7.145 3.91169
0.003 11.196 -4.925 3.36247
0.000 10.977 -4.673 3.52301
1.637 12.295 -4.849 4.13796
5.655 6.381 -7.512 4.59595
0.015 1.763 -7.303 3.24724
0.152 0.195 -8.009 1.79563
0.008 2.867 -8.574 1.44019
0.000 6.498 -7.817 2.68884
2.273 9.748 -6.461 3.57351
1.052 9.613 -4.003 4.17788
0.275 6.119 -5.994 2.52042
0.485 10.116 -4.062 3.19082
1.620 10.576 -5.691 3.97971
0.000 6.601 -5.459 3.59773
0.000 9.738 -5.941 2.28952
0.103 10.537 -5.465 3.33478
0.510 9.072 -3.944 1.33110
0.003 8.324 -5.842 1.45999
0.000 11.157 -4.639 3.10463
0.000 11.940 -2.918 4.02653
0.000 12.374 -4.860 4.36073
0.287 10.313 -6.412 5.57899
0.000 9.032 -5.518 3.55212
1.177 4.912 -6.331 3.57526
3.023 4.651 -7.655 3.47399
1.295 7.276 -6.395 3.96358
0.040 6.847 -4.609 2.09218
1.320 6.113 -4.648 2.86500
0.035 6.666 -6.398 3.27163
1.142 8.034 -4.872 2.68527
0.000 10.258 -5.697 2.96997
1.192 12.177 -3.511 2.39585
0.063 11.050 -2.958 1.96206
0.097 10.256 -4.245 2.29184
2.573 10.332 -3.541 1.50096
1.392 7.273 -5.341 3.40679
1.605 5.688 -6.537 2.47427
0.200 8.690 -4.537 2.42176
0.275 12.960 -4.473 2.17027
0.000 14.204 -2.884 1.27398
0.060 15.564 -2.399 3.00296
2.465 15.401 -1.241 2.66730
0.345 11.474 -1.307 2.56691
2.633 14.942 -1.582 3.98346
1.153 11.687 -2.296 2.53646
2.753 11.894 -3.571 3.77726
0.000 4.538 -6.066 2.02981
0.000 10.080 -4.689 1.68196
0.000 11.615 -3.187 1.42295
3.583 10.700 -3.316 1.73963
8.922 5.551 -3.009 1.73479
9.433 7.100 -4.234 3.25712
0.013 9.870 -5.080 1.93970
0.083 13.698 -2.785 1.24155
1.567 15.562 -2.975 2.57160
1.595 14.823 -1.818 2.71414
3.737 14.121 -1.759 1.89283
9.558 14.714 0.359 1.91811
6.775 14.593 -1.566 2.14431
7.990 13.428 -1.673 2.11561
0.772 14.854 -2.421 2.25503
1.272 15.816 -1.533 3.37034
1.333 14.891 -1.190 2.09741
0.095 15.384 -2.317 2.75322
0.262 15.958 0.258 1.50640
0.000 19.185 -0.876 1.76680
6.665 18.278 0.955 2.46676
3.272 14.059 0.249 1.25952
6.892 10.827 -0.436 1.33740
3.135 14.566 0.070 2.01830
2.158 12.234 -0.302 1.52903
2.455 16.831 0.722 3.13043
2.325 16.014 0.440 2.33955
1.600 16.978 0.734 2.70013
8.218 15.345 1.484 2.24303
0.797 16.877 1.914 3.58065
1.020 16.694 1.551 3.44351
12.907 9.865 -0.457 1.49676
1.712 14.101 -1.368 1.57303
0.000 17.158 0.604 1.13900
0.000 18.790 1.297 2.25838
10.148 14.870 1.204 2.18498
6.097 17.292 2.919 1.08831
12.197 16.130 2.066 1.17364
0.590 16.556 1.380 2.01492
3.613 17.571 1.627 2.68810
6.480 14.900 1.859 1.82715
1.870 16.384 2.608 1.63223
1.310 17.447 2.434 1.59863
8.950 16.619 3.074 1.43703
5.285 15.050 2.720 2.43998
3.265 16.582 2.521 1.65255
2.615 17.043 3.205 1.55892
8.218 18.814 3.995 1.33693
12.215 18.096 3.826 1.86184
16.708 14.805 4.104 1.73566
3.567 18.124 2.469 1.88104
0.200 19.191 2.884 1.70670
10.977 18.947 4.543 1.32454
2.570 18.566 2.813 1.65056
1.142 18.753 2.370 1.82712
13.915 18.555 1.686 1.67358
1.257 18.588 3.655 0.97813
3.745 18.084 2.845 1.44580
1.197 14.390 2.605 1.59644
4.810 11.708 0.307 2.08001
8.452 12.705 0.630 1.99745
0.680 13.413 1.145 1.31884
2.495 14.300 2.091 1.30417
2.040 14.175 1.593 1.66007
0.945 15.329 1.855 1.61109
0.110 14.836 1.646 1.73450
2.875 13.764 1.615 1.74138
2.277 13.935 1.062 2.21683
3.848 16.180 1.716 1.64391
1.355 15.783 0.903 1.29204
0.232 17.332 2.845 1.19384
1.385 16.299 2.664 1.97158
0.015 16.485 2.053 2.08342
0.402 16.400 2.385 1.83848
0.053 17.618 3.885 1.56763
1.908 17.193 1.644 1.31893
6.118 18.599 2.713 1.25879
22.603 17.649 4.186 0.93377
4.212 17.384 2.274 1.03435
0.053 14.346 1.664 1.91857
1.090 14.594 0.934 1.00403
0.093 13.797 -1.011 1.77741
0.000 12.147 -1.894 1.26750
0.707 13.895 -1.858 1.20094
0.028 15.395 -0.986 1.39419
1.212 17.016 1.019 1.37579
0.727 16.402 1.032 1.02664
0.000 17.112 0.730 1.41353
0.370 16.853 2.120 1.74792
0.130 13.730 1.690 1.75469
3.092 11.454 0.242 1.29048
2.530 10.550 -0.547 1.53798
4.055 13.124 -0.801 1.40092
0.000 13.164 -0.123 1.08501
0.273 14.008 -2.494 1.00904
0.230 13.543 -0.930 1.52414
0.000 14.845 -1.553 1.25691
0.000 15.947 0.533 0.98820
2.070 13.876 0.625 0.88880
2.397 12.871 0.824 1.08477
2.372 13.472 -1.265 1.33509
0.567 16.645 -1.579 1.44502
0.052 16.492 -1.566 1.95661
0.210 16.430 -0.228 1.56979
0.200 16.003 -1.614 1.77740
0.320 15.721 -1.972 2.33286
0.000 16.320 -3.068 2.26106
0.000 16.136 -2.635 2.04796
0.000 15.987 -1.471 1.94695
1.480 15.262 -2.437 1.86307
0.000 15.286 -3.451 1.83539
0.000 15.808 -2.347 2.17241
4.712 15.907 -2.314 1.95381
1.205 15.421 -0.356 2.17696
4.510 15.267 -1.397 1.89611
2.127 14.093 -1.848 1.47431
10.640 8.310 -2.028 1.76871
10.370 11.712 -2.099 2.82106
0.337 9.790 -4.336 1.55571
0.110 12.570 -5.088 2.82927
0.853 13.362 -4.041 2.75135
0.708 12.815 -2.800 2.09814
4.070 11.897 -1.949 1.60799
14.253 10.012 -4.789 1.35391
0.000 8.952 -4.531 2.06431
2.545 9.611 -4.051 1.38765
8.667 8.931 -2.907 2.15362
5.065 8.198 -3.188 1.23916
4.025 8.279 -2.799 1.33639
2.825 10.548 -2.297 0.89922
1.983 11.666 -2.583 0.91501
4.765 10.288 -3.172 1.13974
0.737 11.589 -2.919 1.59448
1.468 11.246 -5.386 2.14227
0.572 8.962 -4.963 1.04448
0.405 8.531 -5.757 1.87168
0.200 4.488 -6.761 1.94429
0.432 6.233 -6.553 1.12279
1.772 7.518 -4.505 1.95785
0.185 5.988 -4.463 2.17400
1.522 2.748 -5.165 1.65625
1.913 1.144 -8.561 1.43675
0.000 4.886 -8.476 1.20981
0.000 5.979 -6.989 2.26645
0.800 2.734 -6.838 1.15297
0.053 4.584 -6.799 1.30135
0.215 5.187 -5.991 2.04566
0.000 6.161 -6.375 2.23118
0.000 7.810 -6.396 2.03143
2.738 4.154 -4.969 2.04169
1.770 1.636 -8.391 1.29525
1.390 2.695 -8.713 2.66984
0.465 3.876 -8.722 3.00288
0.000 1.191 -14.980 3.96515
0.000 -0.076 -15.065 1.60507
0.000 2.376 -10.484 1.65043
0.000 2.010 -8.043 1.05731
0.235 4.022 -8.235 2.23005
0.318 3.800 -7.841 2.72822
0.005 0.057 -10.179 1.39595
0.255 2.190 -10.391 2.44560
1.012 2.605 -10.151 2.58237
0.000 1.655 -7.685 1.85789
0.035 0.919 -8.383 1.84412
0.000 1.652 -9.289 2.59610
1.400 -0.475 -9.132 1.55091
0.000 -2.122 -11.995 1.43495
0.000 -1.645 -13.705 1.92701
0.000 0.562 -13.815 1.52645
0.000 1.072 -11.484 1.55126
0.000 1.950 -10.413 2.68315
0.000 1.232 -11.226 2.45162
0.000 1.756 -11.292 2.02707
0.215 3.147 -11.264 1.98300
0.277 3.194 -7.474 1.83915
0.000 1.348 -8.282 2.45141
0.000 -0.098 -14.209 3.07788
0.000 -2.727 -16.271 2.70401
0.000 -1.694 -16.436 1.56415
0.000 -1.279 -15.086 2.63299
0.000 0.482 -15.664 2.84129
0.000 -0.730 -15.879 2.62918
0.000 -6.928 -18.540 1.80251
0.000 -3.470 -18.758 2.25349
0.000 0.240 -18.100 3.00155
0.000 -1.524 -16.354 2.78927
0.000 1.422 -16.148 2.31177
0.000 -0.570 -10.596 2.26120
0.000 -0.744 -15.980 2.68274
0.000 -0.442 -16.241 2.86688
0.000 2.123 -15.935 3.07113
0.000 1.696 -14.420 3.12293
0.000 2.041 -14.060 2.94774
0.000 1.936 -13.941 3.22839
0.000 -3.005 -16.949 2.86583
0.000 1.897 -17.052 2.93423
0.060 2.438 -15.285 3.39890
0.000 0.978 -15.144 3.48636
0.000 0.089 -14.468 4.36373
0.008 -1.342 -16.337 4.40958
0.000 -1.769 -16.692 2.16544
0.000 -1.687 -16.723 2.69559
0.000 -6.652 -20.032 3.71848
0.000 -2.504 -20.241 2.07564
0.000 -2.345 -16.556 2.40087
0.000 -2.386 -17.039 2.08582
0.000 -2.076 -17.124 2.15601
0.000 -0.600 -16.607 2.66612
0.000 -0.286 -14.828 2.65667
0.000 -3.717 -14.650 2.35287
0.000 -2.587 -16.296 2.65937
0.000 -4.483 -16.946 2.48285
0.050 -5.911 -17.971 3.26055
0.000 -5.117 -19.914 3.58687
0.000 -5.764 -20.269 3.41750
0.000 -4.693 -19.583 3.10491
0.000 -1.781 -18.682 2.11073
0.000 -7.549 -18.132 1.57616
0.000 -3.740 -18.658 2.96314
0.040 -6.756 -17.661 2.08390
0.000 -7.036 -17.181 2.96174
0.000 -7.102 -19.350 2.07741
0.000 -4.172 -19.607 3.14884
0.000 -1.130 -19.579 2.50375
0.000 -7.270 -20.067 2.22743
0.000 -6.760 -20.659 3.07154
0.000 -0.940 -20.384 2.84164
0.000 -1.939 -18.666 2.37405
0.000 -7.440 -21.931 2.49021
0.000 -5.437 -22.262 2.81580
0.000 -2.309 -19.137 3.77915
0.000 -3.720 -21.025 4.00690
0.000 -6.844 -21.371 2.95055
0.000 -3.185 -20.236 3.02409
0.000 -4.442 -19.510 2.61403
0.000 -3.887 -19.596 2.21307
0.000 -4.721 -18.818 2.96285
0.000 -8.309 -22.060 2.78539
0.000 -5.433 -22.289 2.78814
0.000 -1.916 -20.105 2.82205
0.000 -0.718 -17.580 3.00623
0.000 2.975 -15.972 2.87730
0.000 3.815 -14.003 2.96905
0.022 3.986 -15.116 2.50585
0.000 -0.365 -16.570 2.72514
0.000 -0.859 -16.788 1.97040
0.488 -2.356 -16.023 2.87657
0.000 -6.912 -16.594 3.28060
0.000 -1.646 -17.957 4.51404
0.000 -4.180 -18.659 4.10994
0.000 -2.276 -18.541 3.26494
0.000 -0.143 -17.092 3.01926
0.000 -2.309 -14.784 3.62879
0.150 -5.368 -15.372 3.42371
0.053 -5.020 -15.645 2.73178
0.000 -1.974 -16.060 3.60121
0.000 -0.107 -15.033 3.12216
0.000 -0.936 -14.945 3.18271
0.000 -2.195 -14.733 3.28455
0.000 -4.562 -15.175 1.73430
0.000 -4.849 -18.624 3.50382
0.070 -1.733 -18.845 3.55962
0.000 -2.354 -16.661 4.08339
0.000 -4.183 -16.312 3.22814
0.000 -5.570 -18.584 2.92138
0.000 -5.542 -18.704 2.34153
0.000 -6.171 -17.081 2.86094
0.373 -7.273 -16.097 2.41064
0.000 -8.892 -21.147 1.80026
0.462 -5.868 -21.329 4.41617
0.003 -1.702 -17.678 3.30255
0.000 0.674 -17.568 2.56392
0.000 2.176 -15.100 2.19274
0.000 4.795 -14.007 4.73512
0.410 -1.212 -12.840 3.94179
0.000 -6.626 -18.313 2.54551
0.000 -3.326 -18.386 3.58672
0.000 -1.040 -15.727 3.70885
0.008 -0.685 -14.881 3.38744
0.000 -3.422 -13.394 2.86380
0.063 -2.785 -16.512 3.46603
0.000 -3.991 -17.227 3.38004
0.000 0.079 -17.245 3.57407
0.000 1.660 -13.700 3.99746
0.000 3.657 -13.715 4.15260
0.543 5.334 -12.130 5.38119
0.000 4.859 -10.002 7.24166
0.017 0.031 -16.421 5.19646
0.000 -0.303 -16.375 5.14522
0.000 -2.020 -14.387 3.96721
0.020 -6.406 -18.849 3.52720
0.000 -2.463 -18.680 3.32739
0.002 0.292 -16.087 4.27170
0.042 -2.771 -15.560 3.95058
0.000 0.413 -14.992 4.70710
0.000 -0.883 -14.578 3.76807
0.003 0.928 -14.182 5.07616
0.930 3.634 -11.056 4.82269
0.000 0.949 -10.088 3.39891
0.005 0.110 -11.716 2.41377
0.440 0.517 -11.327 3.36443
0.000 0.165 -11.436 2.57545
0.125 0.478 -10.912 3.95729
0.318 -1.779 -15.421 3.55381
0.027 0.875 -15.389 2.87161
0.000 0.563 -14.582 3.35901
0.550 5.568 -13.514 4.63384
0.672 3.231 -8.321 3.53361
0.007 4.418 -7.876 1.86038
0.180 2.216 -8.534 2.28510
0.000 3.930 -8.102 1.10076
0.000 5.685 -7.237 2.38365
0.000 5.893 -6.874 4.31744
0.000 4.113 -5.872 2.28837
0.032 5.355 -7.422 3.28142
2.093 5.456 -8.624 3.93330
0.000 4.773 -7.965 2.99484
0.037 5.079 -6.961 3.55239
0.140 6.657 -6.188 4.17882
0.500 5.423 -5.118 3.45706
0.457 6.856 -5.017 2.48836
0.000 4.958 -7.857 2.87775
0.392 7.554 -7.112 4.14592
0.000 5.856 -7.015 4.55560
0.257 6.567 -6.617 4.08754
0.005 2.946 -7.686 3.12914
0.000 1.155 -8.800 3.62725
0.000 7.471 -7.713 3.01124
0.000 9.819 -6.770 3.58314
0.000 8.778 -5.311 3.10329
0.930 7.213 -4.247 2.77652
0.000 8.899 -5.154 1.80197
0.315 13.310 -4.488 3.61005
0.278 10.351 -4.545 4.33715
1.045 7.743 -4.925 2.98376
0.135 5.834 -6.863 1.97049
0.392 5.188 -7.554 4.05362
0.430 9.386 -4.774 3.36892
0.143 14.148 -4.722 3.77439
0.000 15.170 -4.709 2.98781
0.000 13.613 -4.170 3.06771
0.450 9.906 -4.554 3.56397
2.550 3.529 -5.639 3.48144
0.825 6.030 -4.836 2.57261
0.315 9.284 -5.061 3.48427
3.763 7.842 -4.487 2.54250
0.627 9.961 -4.173 3.70485
2.533 11.270 -4.373 4.16266
2.300 8.520 -4.228 3.45962
2.702 6.055 -5.644 3.08714
4.327 5.822 -6.885 3.41323
2.205 3.590 -7.108 2.93483
0.010 1.387 -7.604 1.84292
0.960 4.957 -6.309 2.26757
0.855 5.577 -6.697 1.83087
0.973 6.876 -5.162 3.06082
0.030 9.597 -3.019 2.32208
0.478 9.924 -3.273 3.00653
3.558 9.535 -3.266 1.96835
6.732 8.972 -2.718 2.17854
1.830 8.879 -3.144 1.86186
4.432 4.732 -4.610 2.76210
2.047 10.441 -3.576 3.56290
3.037 8.374 -3.280 1.78779
2.073 7.098 -2.900 1.51515
0.915 10.491 -3.631 2.69042
0.415 7.806 -3.000 1.67856
2.180 11.212 -1.742 2.50939
2.068 10.470 -3.982 2.29848
3.050 15.047 -1.123 2.40502
1.268 9.072 -2.311 1.76195
1.290 13.590 -1.839 2.30081
2.660 14.437 -3.323 2.89527
0.172 14.812 0.274 1.38822
0.970 11.161 -1.163 1.28970
1.355 14.277 -0.954 2.33001
0.957 14.985 -0.766 2.18619
2.285 13.285 -1.272 3.24758
1.352 14.007 1.080 1.76298
2.095 10.070 -0.822 2.32025
22.742 12.750 -2.966 2.38365
7.987 7.787 -1.726 1.34594
6.292 11.069 -2.672 1.56260
1.355 11.474 -1.290 1.54357
0.675 13.786 -1.849 2.11825
6.933 13.473 -0.124 2.42691
0.057 13.141 -0.207 1.37864
7.045 12.126 -1.545 1.94865
6.313 15.085 -0.567 3.53544
1.855 11.414 -1.252 2.08683
5.145 10.992 -0.481 1.68982
1.212 11.852 -1.514 1.60828
3.280 11.888 -1.278 1.25951
12.480 14.631 -0.041 2.35787
9.340 13.348 0.150 3.17487
2.857 11.160 0.469 1.31565
7.243 14.846 1.063 2.59604
5.862 15.070 1.482 3.11803
2.760 17.232 2.355 3.00876
4.005 13.755 -0.429 1.83539
0.000 14.762 1.045 1.67798
7.895 14.698 1.421 1.75251
9.822 13.683 0.843 3.26445
4.960 14.396 1.234 1.34956
3.057 15.319 1.159 2.94172
1.223 16.078 1.695 1.93657
4.438 16.466 2.544 1.86711
2.265 13.791 -0.192 1.48336
1.845 13.761 -1.327 1.05944
0.608 14.151 1.251 1.30501
23.058 11.869 -1.846 2.05506
1.610 13.781 0.217 1.49600
3.762 10.154 0.172 1.65831
4.335 14.241 -0.073 2.46750
0.483 14.371 1.092 3.09666
6.588 14.228 1.867 2.57814
8.040 15.670 1.034 2.64955
8.267 13.920 1.345 2.14829
1.940 15.638 1.469 3.10179
6.952 15.666 0.760 1.95033
0.000 16.023 0.848 1.23240
0.000 16.556 0.975 1.75067
2.755 14.764 0.787 2.40829
2.282 12.349 -0.007 1.84547
0.165 13.015 -0.191 1.84282
2.250 13.279 -1.156 1.32386
1.962 11.587 -2.478 1.61577
0.445 14.516 -1.035 1.02780
0.000 15.969 -0.244 1.25494
0.467 16.402 0.725 1.67679
1.120 16.535 2.997 1.82886
3.287 16.281 2.519 1.76776
0.033 16.959 2.197 1.35431
19.787 17.515 3.150 1.44195
5.320 16.894 1.729 2.78971
15.605 16.833 3.609 1.74424
24.340 13.121 1.314 1.96832
0.627 14.097 1.769 1.62100
0.967 16.365 0.090 1.49711
1.565 17.386 1.410 1.69450
5.200 17.635 1.793 1.67297
3.190 17.302 2.850 1.40857
4.030 17.791 2.833 1.13643
7.320 18.046 4.440 1.29309
7.855 15.899 3.439 1.53576
5.672 16.640 2.867 2.08407
4.205 16.839 3.408 2.46492
13.222 16.775 3.227 2.09715
3.380 16.968 1.883 2.73016
1.170 16.891 -0.149 2.46985
7.922 11.331 -0.118 1.45122
4.548 13.244 -1.426 1.95535
1.167 12.240 -1.183 1.89476
4.107 12.256 0.547 1.51783
5.155 13.558 1.135 3.08002
2.708 13.167 0.930 2.14086
1.135 15.690 1.788 1.59527
1.373 16.231 3.516 1.09050
4.150 16.050 4.019 0.78392
7.037 15.900 2.793 1.41179
9.245 16.333 3.085 1.76865
4.317 14.822 2.429 1.24123
11.885 17.016 3.282 2.26795
4.863 14.984 3.376 1.83705
1.275 14.298 2.880 1.13494
4.963 15.915 1.960 2.09917
2.032 16.091 -2.042 2.61227
5.073 13.379 -2.343 1.84928
4.648 10.545 -1.455 1.50447
1.160 11.259 -0.759 1.63032
2.483 11.102 0.487 1.23348
3.185 9.544 0.036 1.49670
2.100 11.694 -2.054 1.66918
5.990 12.108 -2.626 1.43991
0.432 8.326 -2.476 1.81416
0.822 12.311 -1.790 1.13360
6.245 12.575 -0.288 1.91639
6.570 11.941 -0.560 1.64131
0.875 11.206 -1.131 1.14574
2.235 13.158 0.026 1.16866
2.457 9.090 -0.910 1.32594
2.330 13.592 -0.552 1.38847
5.400 13.794 0.424 2.16457
4.298 13.951 1.321 1.46214
6.235 14.476 -0.513 1.98621
6.780 12.364 -2.558 1.83937
0.343 9.297 -4.873 1.39369
0.062 10.310 -4.553 1.29714
0.000 11.394 -3.490 1.85220
0.000 13.128 -4.033 1.84220
0.900 9.787 -2.996 3.91029
1.755 12.495 -2.489 2.68147
1.885 11.937 -1.732 2.42978
0.522 11.969 -2.436 2.31037
0.000 12.586 -2.574 2.16810
0.000 12.230 -2.088 2.69074
0.000 12.365 -1.727 2.84180
3.710 12.409 -1.467 2.75590
0.000 12.118 -2.650 2.57126
0.558 11.101 -2.397 2.63354
4.912 8.102 -4.014 1.77921
0.570 5.760 -5.818 1.81554
0.000 7.038 -5.572 1.56263
0.425 8.835 -4.973 2.32078
0.000 10.085 -4.148 2.91766
6.540 10.443 -3.246 2.95406
0.025 10.810 -3.047 3.23510
0.000 11.057 -4.346 3.78887
0.000 10.649 -4.550 2.89182
0.000 11.648 -4.672 2.09351
0.010 12.632 -4.958 2.31835
0.147 11.546 -4.927 2.45076
0.000 11.493 -3.925 2.68260
0.000 10.320 -3.689 2.58989
0.000 7.859 -3.713 2.66284
0.148 6.487 -4.080 1.18736
0.043 5.174 -4.435 1.34250
0.145 6.667 -4.618 2.12996
0.680 5.136 -5.017 1.80640
0.000 5.208 -5.513 1.61965
0.000 5.075 -5.710 1.84064
0.708 5.391 -5.670 1.01590
0.175 5.575 -5.510 2.24317
1.140 5.983 -5.182 2.15227
0.030 3.676 -8.476 2.31626
0.000 3.022 -8.504 1.26430
0.022 2.220 -7.100 1.21712
0.673 2.052 -8.552 1.73939
0.000 3.771 -8.771 2.34728
0.000 5.323 -8.159 2.74868
0.382 1.283 -11.391 2.74212
0.025 4.641 -11.509 2.60280
0.285 5.484 -9.182 4.60532
0.000 4.703 -8.208 3.21984
0.127 4.127 -8.495 3.28856
0.160 4.099 -10.575 3.63286
0.365 2.126 -10.742 3.16549
0.000 3.873 -12.614 3.33787
0.000 -0.143 -12.513 1.37615
0.000 1.075 -9.973 3.33159
0.000 0.799 -12.448 2.21639
0.000 3.763 -12.601 2.36307
0.110 2.890 -10.985 3.13299
0.230 -1.335 -9.506 2.06794
0.000 -0.814 -11.526 3.52049
0.000 1.033 -11.598 3.19353
0.000 1.627 -13.521 3.17397
0.000 2.237 -14.855 2.14199
0.000 -0.179 -15.183 2.57341
0.000 3.746 -14.610 3.47536
0.000 2.377 -14.741 2.55842
0.000 4.196 -13.204 3.20291
0.000 1.245 -12.212 2.55337
0.000 0.402 -12.473 2.69511
0.000 -1.763 -15.176 3.31977
0.000 -4.197 -17.432 1.88381
0.000 -1.428 -17.738 2.95184
0.000 0.902 -16.751 3.08012
0.000 0.975 -15.298 3.12147
0.000 0.638 -13.287 2.36948
0.000 -2.437 -14.175 4.16343
0.000 -3.285 -14.785 2.48455
0.000 -2.167 -15.279 2.14370
0.000 -3.061 -12.168 1.99709
0.000 -5.411 -19.438 3.65706
0.000 -2.243 -19.640 3.27407
0.000 -3.299 -14.328 2.23428
0.000 -4.375 -16.294 1.16005
0.000 -4.353 -18.351 2.09469
0.000 -2.434 -18.607 2.09434
0.000 0.540 -17.377 2.65480
0.000 1.106 -16.995 2.68762
0.000 2.542 -16.152 2.45162
0.000 2.885 -14.758 2.54414
0.000 -0.409 -16.043 3.15795
0.000 -1.342 -16.389 2.45183
0.000 -1.593 -15.488 2.99968
0.000 -2.846 -16.048 2.83026
0.000 -4.634 -17.945 2.63009
0.000 -2.412 -18.230 2.81772
0.000 -2.481 -16.481 3.01428
0.000 -4.763 -14.567 2.73675
0.055 -7.104 -18.866 3.29784
0.000 -2.598 -19.016 2.62121
0.000 -2.889 -18.020 3.10863
0.003 -5.900 -17.079 3.64381
0.000 -9.228 -20.310 3.52108
0.000 -4.562 -20.388 3.06125
0.005 -4.153 -16.660 3.64687
0.000 -4.842 -16.194 2.60862
0.000 -3.882 -17.094 3.92788
0.000 -4.882 -17.530 2.88228
0.160 -4.093 -18.958 3.54159
0.000 -3.503 -19.192 2.74866
0.038 -2.844 -18.247 3.58867
0.008 -5.797 -15.963 2.71248
0.000 -6.754 -17.213 2.31936
0.000 -5.377 -18.874 2.87557
0.000 -4.269 -19.164 2.99584
0.000 -3.132 -18.738 2.48478
0.000 -5.517 -18.523 2.11841
0.000 -4.117 -18.785 3.55573
0.000 -6.561 -19.358 3.54916
0.000 -7.500 -19.728 4.38975
0.000 -3.221 -18.384 3.39029
0.000 -2.520 -17.066 2.97863
0.000 -3.170 -17.333 2.30480
0.000 -6.373 -21.213 4.36943
0.000 -4.866 -21.473 3.62845
0.000 -2.564 -18.538 3.36725
0.000 -2.386 -18.100 4.15629
0.000 -1.791 -18.243 3.24724
0.000 -2.435 -14.966 3.10866
0.000 -6.208 -18.922 2.96266
0.000 -7.809 -19.661 1.90917
0.000 -8.381 -20.130 2.72010
0.000 -9.150 -21.618 3.94207
0.000 -4.462 -21.722 3.76997
0.000 -4.395 -18.052 3.56968
0.000 -3.114 -18.277 4.56966
0.023 -3.418 -17.813 4.51264
0.000 -3.552 -18.100 4.08766
0.003 -6.614 -21.716 3.90447
0.000 -7.703 -21.963 3.42348
0.000 -6.624 -20.492 2.41510
0.000 -8.578 -16.084 2.40717
0.000 -11.031 -22.825 4.12508
0.000 -4.111 -23.043 3.59444
0.000 -0.122 -19.732 2.63484
0.063 0.539 -14.476 2.91915
0.000 -1.032 -15.064 2.23264
0.000 -5.969 -21.519 2.70676
0.000 -2.361 -21.642 1.62802
0.000 -2.409 -18.123 3.02535
0.000 -5.351 -16.012 2.23931
0.015 -6.447 -20.714 2.81801
0.000 -1.705 -20.837 2.33044
0.105 -1.015 -17.992 3.74550
0.000 -4.444 -16.446 3.34536
0.075 -5.910 -18.393 2.35485
0.000 -3.055 -18.513 3.56714
0.000 -1.186 -17.105 2.95217
0.040 -3.278 -17.183 3.14023
0.000 -2.761 -17.064 3.71165
0.000 0.458 -17.118 3.89303
0.000 2.891 -13.922 3.43296
0.000 3.211 -11.430 3.97845
0.000 0.733 -13.320 4.83256
0.000 1.025 -15.527 4.60556
0.000 -0.147 -16.815 5.39282
0.000 -1.407 -16.832 3.51610
0.000 0.745 -16.891 3.60606
0.000 0.105 -16.796 3.33225
0.000 2.664 -14.321 2.59900
0.000 2.804 -10.231 3.48892
0.050 -4.674 -17.606 2.14642
0.045 -1.857 -17.495 1.49146
0.000 6.453 -15.378 3.04850
0.175 7.142 -11.902 5.30715
0.432 4.319 -7.032 3.22522
0.000 4.308 -6.491 3.21225
1.182 3.739 -7.707 2.55301
0.198 4.198 -7.472 1.49155
0.000 5.989 -6.938 2.41949
0.000 6.847 -6.410 2.45472
0.315 4.840 -6.412 1.32374
0.000 9.362 -6.803 3.88712
0.088 7.665 -6.786 4.39566
0.000 4.529 -6.847 4.85338
0.755 7.850 -4.466 5.88330
0.298 8.464 -6.093 5.43002
0.000 10.182 -4.800 6.10225
0.450 9.742 -5.243 5.81282
0.797 9.725 -5.341 5.87617
0.635 8.416 -5.340 5.66040
0.000 7.601 -4.348 3.88622
0.420 4.593 -5.956 2.42539
0.000 3.223 -6.596 2.90886
0.062 -1.091 -9.581 1.95261
0.000 0.375 -10.435 3.38794
0.553 3.813 -9.680 2.36527
0.000 4.745 -6.371 1.64418
0.693 3.036 -6.535 1.82973
0.457 2.240 -7.522 1.82055
0.298 6.009 -7.702 2.23220
0.557 2.959 -9.135 3.45309
0.000 5.818 -8.819 3.95833
0.000 7.530 -7.358 3.62097
1.160 10.176 -4.854 3.31530
0.000 8.308 -5.545 3.08155
0.285 7.066 -6.288 2.48201
2.690 9.298 -5.339 2.68262
1.535 4.777 -7.187 1.77295
3.360 2.097 -6.791 2.43447
0.940 2.166 -8.912 2.55786
0.000 2.222 -8.683 3.48405
0.000 5.221 -8.106 3.43409
0.000 6.103 -6.661 1.92273
0.180 9.786 -5.613 1.77282
0.355 12.887 -4.488 2.39491
0.265 14.566 -3.378 3.23959
1.465 10.965 -3.430 2.95965
2.195 9.886 -4.905 2.61585
0.000 11.464 -3.586 4.29021
2.498 7.893 -6.169 2.51476
0.965 3.608 -5.490 1.69367
1.837 4.280 -7.018 1.94236
4.578 7.812 -6.505 2.56144
0.363 11.363 -4.615 3.76875
0.000 11.442 -3.684 2.92202
0.002 10.696 -3.717 3.67750
0.105 10.895 -5.090 5.29047
1.185 11.094 -5.145 4.39759
1.418 5.116 -6.422 2.05342
2.790 6.642 -5.694 3.93266
0.315 3.694 -7.573 2.87594
0.083 9.359 -4.663 3.06285
3.070 14.086 -3.782 4.38916
4.925 14.204 -3.859 3.51492
5.685 12.190 -3.885 2.36571
1.188 7.885 -4.923 1.63533
2.525 12.333 -2.702 2.80434
2.702 11.479 -4.147 3.43359
0.023 11.990 -5.279 3.56883
0.345 13.223 -5.023 2.56135
0.000 13.698 -2.464 2.66475
2.120 16.302 -4.898 2.26234
0.485 8.890 -2.897 1.80301
0.480 12.034 -2.613 1.54550
2.415 14.216 -0.029 1.96169
5.700 13.884 -3.311 3.74508
3.603 10.193 -0.953 1.20225
2.475 10.422 -1.224 2.37980
0.853 10.779 -1.123 1.47630
0.207 13.851 -1.837 4.22512
4.780 12.810 -1.265 2.29107
1.255 13.248 -2.903 1.65425
0.310 14.522 -2.375 3.48016
6.603 15.051 -1.899 2.79764
2.567 12.963 -2.844 2.60446
1.332 12.471 -0.472 2.01570
5.073 11.755 -1.584 1.76295
0.367 13.542 -1.014 3.50929
12.630 12.858 -5.643 3.73228
6.930 5.939 -5.117 1.95207
10.600 8.934 -4.264 1.57430
6.433 7.580 -4.452 2.39140
4.742 9.423 -2.662 1.20832
2.120 12.441 -1.952 3.57340
1.877 12.845 -0.532 1.74185
7.267 14.498 -2.282 2.66149
6.970 12.569 -0.164 3.32855
6.222 14.243 0.144 1.87608
3.095 10.735 -2.552 1.67627
0.065 11.797 -3.328 1.77509
0.000 13.625 -0.730 1.40606
15.035 14.554 -1.247 2.59440
0.863 11.886 -0.270 1.60686
5.492 10.375 -1.560 1.97562
1.982 10.752 -0.763 1.68791
1.360 12.780 0.395 1.26750
4.820 11.097 -0.030 2.19945
8.810 12.338 0.793 2.70402
2.068 11.078 0.170 1.20889
12.303 14.710 -0.356 2.59985
3.383 15.824 0.288 2.67646
0.490 16.301 -0.094 1.84622
2.860 16.835 0.352 1.90626
1.308 17.358 1.174 1.55753
3.510 16.578 1.726 1.48573
1.933 14.612 2.089 1.54325
6.607 16.000 0.190 1.41490
1.272 14.441 1.835 1.73691
8.452 13.679 -0.458 2.64951
0.000 14.196 0.424 1.71349
2.590 15.987 1.877 1.21936
11.167 14.746 -0.473 2.07634
7.693 14.074 0.246 2.29051
7.847 12.066 -1.040 1.61974
0.000 13.345 0.034 1.36527
3.960 13.728 0.387 2.14860
7.340 10.206 -0.215 2.01592
0.380 11.623 0.344 1.17902
0.845 13.250 0.380 1.24687
4.120 14.569 0.587 1.17748
1.093 10.239 -3.269 1.99353
0.883 13.686 -0.371 1.53222
0.583 15.221 -0.383 1.86088
0.202 15.233 1.064 1.46547
2.520 15.373 1.651 1.44319
7.955 15.287 1.121 2.33508
7.973 12.697 0.992 2.14537
4.985 13.021 0.413 1.90000
3.740 13.061 0.195 1.89780
11.153 15.221 0.699 1.93517
13.885 16.090 1.414 1.41551
5.280 12.203 1.019 1.61617
1.050 12.672 -0.081 1.12209
19.872 14.042 0.771 1.87090
2.978 11.678 -0.548 1.46655
0.105 14.214 -0.398 1.43448
4.813 13.610 1.923 1.92891
2.045 12.217 1.284 1.57801
1.908 14.495 2.365 1.55139
2.300 16.570 3.611 1.10563
2.662 15.933 2.551 1.72490
0.152 16.629 2.932 1.63546
4.845 16.781 2.495 1.34532
0.837 14.408 0.815 1.36983
0.602 15.603 1.469 2.01717
0.967 13.387 0.731 1.55508
0.000 15.649 0.814 2.25337
0.412 15.574 0.494 1.56600
0.020 16.335 0.975 1.73174
11.182 16.510 2.036 1.28882
7.502 15.578 -0.907 1.61867
0.920 11.818 -0.153 1.91287
2.550 12.423 1.397 1.50075
1.025 12.871 0.489 1.30490
2.665 13.892 0.541 1.74368
6.982 13.450 0.502 1.48078
5.380 11.108 0.114 2.11979
1.865 11.988 -0.115 2.21404
7.228 15.093 1.683 1.88615
5.155 14.941 1.967 1.70728
2.430 15.243 1.162 1.64457
0.408 15.952 -0.611 1.84203
1.317 14.329 -0.246 1.52814
0.442 12.603 0.089 1.54851
3.065 14.795 1.958 1.68395
1.345 16.056 1.357 1.38591
7.250 13.680 1.283 1.36597
3.020 14.606 0.799 1.36318
5.015 14.904 1.988 1.45111
12.045 15.072 1.503 1.76283
2.820 15.870 2.589 1.55743
3.240 13.313 2.037 1.09087
2.318 13.545 2.142 1.44283
2.147 13.792 1.123 1.03122
2.730 13.412 -3.108 1.96054
0.760 9.879 -2.279 1.33243
1.470 11.494 -2.384 0.70496
5.830 11.151 -2.263 0.95717
1.030 9.459 -3.771 1.30862
0.128 8.344 -6.643 2.58016
0.000 9.347 -4.781 1.91785
0.292 12.381 -3.827 1.45021
0.000 13.349 -4.512 1.63955
0.000 13.192 -4.225 2.20643
0.220 13.046 -3.115 1.72859
3.187 12.426 -1.999 2.76316
0.532 9.824 -3.015 1.63738
0.000 10.781 -1.744 1.28368
1.472 10.199 -1.755 1.50731
0.878 11.573 -2.187 2.48636
0.415 13.372 -1.408 2.69949
0.103 12.004 -2.273 2.14151
0.000 11.810 -2.294 1.25069
4.435 13.677 -2.141 1.41237
2.317 12.676 -1.754 1.76838
8.995 11.778 -1.238 2.93667
4.113 11.727 -1.793 2.53228
4.848 10.858 -3.925 1.89060
3.095 8.970 -3.640 0.99544
1.673 7.864 -3.842 1.74544
2.150 10.449 -3.411 3.16592
7.455 9.491 -5.960 2.80213
1.355 3.099 -6.049 1.78597
0.053 4.686 -7.039 1.69054
2.152 6.539 -6.911 1.32394
0.670 7.082 -3.803 2.88277
1.710 7.928 -5.358 1.86342
0.160 9.781 -5.178 2.12093
0.260 8.364 -4.159 2.16002
2.030 9.199 -4.488 2.70148
0.102 8.839 -4.377 2.53407
1.155 5.566 -5.165 2.50542
1.878 6.881 -4.107 3.39641
0.255 1.891 -6.817 1.55181
0.048 3.377 -7.775 1.45076
0.193 4.995 -7.704 2.01080
0.385 6.641 -6.379 2.44397
0.018 7.835 -6.216 2.56691
0.000 7.778 -6.111 2.92059
3.030 6.160 -6.140 3.04606
0.115 1.197 -6.674 1.39619
0.000 2.095 -8.426 1.30473
0.000 1.192 -8.948 1.51031
0.985 1.224 -9.720 2.45066
0.365 0.686 -10.138 2.50218
0.197 -0.046 -10.354 2.67828
0.000 0.328 -9.290 2.76225
0.183 -1.202 -10.612 1.75618
0.000 -1.586 -10.679 1.33803
0.000 -2.325 -10.134 1.41795
0.000 -0.535 -10.398 1.75613
0.023 -0.022 -11.024 1.97545
0.000 -0.350 -11.495 0.91752
0.000 -0.262 -13.574 1.45318
0.007 1.652 -13.811 2.05528
0.000 1.399 -12.029 1.88874
0.005 -0.658 -11.934 2.22032
0.000 -0.121 -12.612 1.64047
0.000 0.163 -13.487 2.76460
0.000 1.540 -13.431 3.63293
1.940 -2.718 -14.022 1.88168
0.062 -0.810 -14.156 2.26795
0.012 -4.055 -12.643 2.32564
0.000 -1.981 -17.340 2.69031
0.000 -3.502 -17.537 2.52448
0.000 0.784 -16.652 2.28676
0.000 1.392 -12.983 2.10966
1.570 -3.169 -17.830 2.56989
0.000 -3.754 -18.026 2.04435
0.000 -1.764 -17.704 2.11364
0.115 -2.184 -15.833 2.06674
0.000 -1.496 -15.701 2.02188
0.083 -5.040 -14.946 1.52734
0.000 -3.910 -16.160 2.77312
0.000 -0.825 -16.349 3.01728
0.000 -2.638 -16.334 1.93336
0.000 -4.086 -16.639 1.38893
0.000 -4.858 -17.430 1.65479
0.000 -2.840 -17.733 2.44994
0.000 -3.358 -14.072 2.94558
0.000 -3.310 -18.607 2.53945
0.000 -4.535 -19.190 1.68766
0.000 -1.457 -19.468 2.97792
0.000 -1.143 -17.605 3.42148
0.000 -2.948 -19.512 1.94204
0.000 -2.972 -19.866 2.76511
0.000 -1.795 -17.025 2.40203
0.000 -0.989 -17.467 2.43143
0.000 -2.637 -18.537 3.14367
0.000 -1.486 -18.866 2.76391
0.088 0.290 -17.014 1.99777
0.000 -0.801 -16.678 2.61304
0.117 -0.697 -16.825 1.40577
0.210 -2.063 -15.195 2.48632
0.000 -4.344 -19.119 2.39497
0.025 -2.969 -19.297 3.06331
0.000 -0.562 -17.027 2.44237
0.000 -0.020 -16.649 3.20466
0.000 -3.411 -16.164 2.73266
0.003 -5.441 -15.216 2.64109
0.217 -6.063 -15.571 3.34695
0.000 -4.130 -16.594 2.89844
0.000 -4.159 -18.056 2.92875
0.000 -3.629 -18.422 2.53872
0.000 -7.883 -16.987 3.58473
0.005 -12.329 -21.374 4.63819
0.000 -3.106 -21.553 4.93417
0.000 -0.597 -16.733 4.90355
0.000 -0.408 -17.034 3.70101
0.000 2.318 -15.581 2.43487
0.000 2.509 -12.297 2.80804
0.000 1.725 -12.758 3.00556
0.000 -0.717 -14.345 2.21991
0.000 -2.410 -18.406 4.66600
0.000 -1.392 -18.588 3.12982
0.000 -1.523 -13.298 3.06333
0.000 -6.278 -18.606 2.64941
0.000 -6.723 -18.953 3.29632
0.005 -5.325 -17.945 2.60848
0.190 -8.312 -17.138 2.50842
0.000 -9.885 -18.288 2.43577
0.000 -9.202 -21.883 4.12449
0.000 -5.958 -22.191 3.11226
0.000 -3.060 -19.513 2.64886
0.000 -2.213 -19.831 3.04938
0.000 -2.071 -14.092 3.52114
0.000 -4.020 -15.380 3.33690
0.000 -5.398 -16.181 3.09260
0.262 -7.049 -15.947 3.26452
0.000 -8.441 -19.292 4.47159
0.000 -9.022 -20.109 4.37518
0.000 -4.274 -19.247 5.40545
0.220 -7.032 -19.264 4.29060
0.115 -4.511 -16.539 4.42857
0.000 -2.061 -17.947 4.34870
0.000 -3.157 -18.192 2.89923
0.000 -4.997 -19.824 3.37127
0.000 -3.974 -19.706 3.98237
0.035 -4.525 -18.359 3.73713
0.000 -2.079 -18.365 4.13058
0.000 -0.664 -16.094 3.31113
0.000 -2.468 -16.922 3.17532
0.000 -5.717 -20.624 3.76304
0.000 -5.125 -20.835 3.80795
0.925 -5.587 -17.448 3.73377
0.000 -7.795 -17.992 4.03024
0.000 -7.690 -18.718 4.33655
0.000 -6.371 -17.189 4.27243
0.000 -4.601 -17.191 3.82955
0.000 -6.653 -19.602 4.07976
0.153 -4.518 -20.124 3.99147
0.000 -1.414 -20.003 3.24985
0.010 -2.529 -13.773 3.29652
0.000 -6.160 -16.142 2.84066
0.000 -6.821 -15.947 4.27059
0.160 -4.809 -14.236 4.04897
2.340 -3.207 -14.871 5.49814
0.000 -1.713 -14.917 5.36919
0.000 -1.497 -11.543 4.83267
0.000 -1.092 -14.962 5.19512
0.000 -0.658 -15.178 5.27559
0.610 -1.705 -13.210 4.74296
0.000 0.399 -13.757 3.89656
0.000 -3.461 -17.916 3.14492
0.022 1.391 -17.948 4.45189
0.000 -1.490 -13.088 3.72726
0.000 -3.057 -15.705 3.21755
0.000 -1.428 -15.367 3.68428
0.000 -0.240 -15.517 3.49143
2.968 -0.774 -15.539 3.73285
0.032 -4.491 -16.439 2.25118
0.000 -1.866 -16.861 3.73773
0.000 -0.550 -16.574 2.25624
0.003 2.867 -12.827 2.98651
1.385 1.762 -13.132 1.46967
0.000 1.100 -12.990 4.22418
0.200 1.838 -10.839 3.76081
0.000 3.079 -11.137 3.71904
0.000 4.149 -11.040 3.29403
0.540 1.918 -8.431 2.93293
0.000 -4.524 -16.850 2.40187
0.000 2.362 -16.532 3.04190
0.000 5.144 -13.610 3.02264
0.000 6.379 -11.173 3.93657
0.097 5.008 -8.769 3.28307
0.350 6.623 -6.921 3.02042
0.015 7.184 -7.088 2.72924
0.000 5.701 -6.676 3.94255
0.337 5.429 -8.298 3.81568
0.090 2.984 -7.762 3.87084
0.000 2.800 -6.047 3.50284
0.285 2.069 -6.516 3.07203
0.010 1.845 -7.779 4.28349
0.000 -1.169 -12.404 3.89647
0.000 -0.698 -13.028 3.17593
0.000 1.575 -11.993 3.78484
0.000 -0.177 -10.450 2.93729
0.910 2.026 -8.706 2.19629
0.162 3.089 -6.980 3.35587
0.000 2.507 -8.704 4.23521
0.000 -1.703 -8.903 2.00549
0.000 -2.448 -12.256 1.75573
0.000 -0.090 -11.968 2.85607
0.250 0.750 -14.228 3.46633
0.050 5.255 -12.531 3.48224
0.063 8.129 -6.746 4.98064
0.795 6.097 -5.366 3.56190
0.000 6.041 -5.336 4.65348
3.765 8.436 -5.433 5.56860
0.120 6.912 -5.246 6.80878
1.390 4.973 -7.985 5.32163
0.533 2.156 -8.763 3.67501
0.170 0.253 -7.662 2.18423
0.230 6.671 -6.672 3.82985
0.590 5.674 -6.029 3.10939
0.055 7.687 -4.944 2.36084
0.250 7.334 -3.977 2.30456
0.710 3.459 -8.207 3.05017
0.000 1.255 -6.982 1.12444
1.220 5.055 -5.293 2.62963
3.128 3.149 -6.275 1.99613
1.040 6.127 -6.469 1.47252
0.000 7.199 -4.487 2.13380
1.137 6.571 -4.215 1.69202
2.150 5.809 -4.173 1.77313
2.838 5.893 -4.323 2.44135
0.425 7.909 -5.427 2.78560
1.392 8.135 -3.662 1.80224
1.108 7.404 -4.844 2.60180
0.000 7.438 -4.821 1.77432
1.173 6.409 -4.909 1.33584
1.760 8.319 -4.941 1.77576
0.533 8.667 -4.040 2.11403
2.180 7.151 -6.249 1.74145
0.028 9.785 -4.232 1.81188
1.353 8.487 -4.445 2.15577
3.900 9.997 -5.449 3.15355
2.918 6.622 -5.230 1.90926
0.543 12.016 -2.956 2.48718
3.018 8.131 -4.477 3.08584
5.205 9.023 -6.137 4.74351
0.120 9.042 -3.965 2.76208
0.537 8.683 -5.489 3.24462
3.463 8.366 -3.334 2.02952
0.860 4.246 -5.483 2.83904
0.230 8.673 -6.017 2.82723
1.032 10.325 -4.512 2.01685
1.022 10.522 -4.697 2.60068
0.010 6.483 -3.733 2.36065
1.413 5.577 -4.930 1.53050
1.560 8.828 -5.704 2.07345
1.148 12.000 -4.168 2.71785
3.035 9.817 -4.281 2.40384
1.037 9.510 -3.761 2.24838
1.225 10.945 -3.220 1.90103
0.042 14.599 -3.173 2.41337
0.405 15.133 -2.706 3.10164
1.675 16.198 -2.479 2.92861
2.615 14.278 -1.637 1.95022
0.040 17.420 -1.405 3.17794
0.430 15.008 0.920 2.26938
10.490 13.018 -1.514 1.93281
6.667 12.877 -3.467 2.62902
4.690 14.077 -2.523 2.56527
6.148 12.219 -3.452 2.57156
1.390 7.968 -3.152 2.22990
3.165 10.699 -2.066 1.24772
2.945 14.362 -1.435 3.20061
3.030 13.912 -2.053 2.40629
2.352 14.559 -0.510 1.72535
2.023 16.583 0.172 2.39424
0.440 16.132 -1.184 2.02429
3.212 17.338 1.753 1.82279
3.318 17.298 1.976 0.94104
3.542 18.372 2.780 1.49907
4.610 18.464 3.103 1.20513
3.028 17.088 2.125 2.15698
10.035 15.680 0.824 1.17609
5.335 16.581 1.689 1.86768
5.675 17.358 1.290 1.99393
0.702 14.616 2.288 1.35405
3.420 15.964 1.457 1.69363
3.153 16.738 2.673 1.74804
13.457 15.151 -1.800 1.44900
6.228 3.630 -3.229 1.89853
1.770 12.786 -1.751 1.67118
1.917 16.672 -0.494 2.26199
0.805 17.478 0.439 2.46606
1.382 16.915 0.630 1.88934
1.563 16.237 1.940 2.41760
1.488 14.347 1.719 3.25346
12.680 17.610 2.332 3.06953
2.372 17.429 3.110 2.34987
2.210 18.452 1.717 2.62328
3.932 18.100 1.108 2.54200
0.197 19.684 1.921 2.76793
0.775 18.992 2.172 1.80221
1.028 19.636 2.326 1.42816
3.232 18.258 3.846 1.51289
4.565 17.304 0.327 2.55824
2.282 13.506 -0.779 1.76801
0.032 12.211 -0.558 1.54420
1.022 13.675 -0.275 1.28454
3.060 14.868 1.369 0.91774
5.678 15.219 2.415 1.47780
0.190 16.850 1.367 1.86734
2.403 17.565 2.988 2.87687
5.567 17.034 1.274 2.35361
5.885 16.048 2.688 1.69401
14.673 14.715 3.314 0.97836
5.677 14.900 1.624 1.58321
0.595 14.297 2.332 2.02738
5.027 12.851 2.484 1.78603
0.067 16.492 3.750 1.21686
0.797 17.176 3.418 1.46486
0.803 17.475 2.699 1.77775
0.390 18.033 2.110 1.66540
2.895 17.652 2.665 1.38285
6.865 16.166 3.604 1.43492
12.682 17.723 3.715 1.45562
8.417 15.419 2.851 1.22072
0.775 16.905 2.661 1.34031
12.085 18.214 4.646 1.76756
1.292 16.622 4.907 1.16804
1.590 17.690 3.789 1.01203
11.507 15.000 2.527 2.58503
0.105 14.456 2.433 1.43268
6.865 15.156 2.148 2.45794
6.565 16.192 0.937 2.15542
6.170 15.241 2.447 1.70748
2.057 16.311 1.922 1.22054
9.757 17.395 4.201 1.03089
1.142 15.707 3.696 1.73214
1.432 17.088 2.377 1.24136
3.710 16.966 2.492 1.41348
0.622 17.694 3.027 1.34568
6.615 15.585 3.310 1.31977
0.195 15.575 4.724 1.11421
4.468 15.860 2.482 2.40982
4.358 13.818 1.795 2.42356
5.170 14.970 2.068 2.54029
5.160 15.460 0.705 2.60685
4.128 12.462 0.784 1.39140
1.085 11.512 -0.911 0.93373
0.527 13.889 0.535 1.07760
4.655 13.875 0.586 2.17004
6.240 13.951 -0.319 1.59177
6.322 14.209 0.191 2.54639
2.243 13.157 -0.037 1.52362
0.665 13.875 1.340 1.13831
1.305 15.584 1.265 1.13911
7.000 15.368 3.157 0.96967
0.645 15.072 2.968 0.80453
1.467 14.002 -0.131 1.75117
0.232 14.861 -0.085 1.86227
8.435 13.731 -1.827 1.71716
0.432 10.816 -1.430 1.46863
0.237 10.500 -2.030 1.26892
1.295 11.540 -4.499 1.29324
0.000 10.598 -2.808 1.73646
0.000 12.613 -2.902 1.41664
0.000 14.264 -2.718 1.34739
0.000 14.097 -2.987 1.52866
0.008 13.143 -2.344 2.02360
6.618 12.502 -3.712 1.77359
0.143 13.812 -3.548 2.26323
0.555 13.485 -2.971 2.69652
0.973 13.534 -4.027 2.43983
2.023 9.959 -3.944 1.06483
0.367 13.235 -2.705 2.44637
0.067 14.499 -1.072 2.44190
1.410 14.309 -0.127 2.31202
0.145 12.628 -0.087 1.01278
0.917 12.770 0.645 1.03896
6.100 11.864 -1.129 1.57361
3.135 12.445 -1.618 1.94607
0.810 12.219 -1.809 1.53143
2.490 13.659 -0.759 2.84672
2.545 13.694 -0.937 2.56153
0.640 13.875 -1.120 2.62033
0.210 13.992 -2.357 1.93374
0.078 13.619 -2.897 2.27969
0.233 13.137 -2.348 2.22846
0.428 12.833 -1.515 2.21156
0.710 11.675 -1.252 1.36550
1.068 7.156 -2.791 0.90769
2.957 7.265 -2.997 1.46998
7.965 9.252 -3.407 2.11234
7.202 7.053 -3.346 1.35975
4.820 6.360 -3.132 1.14077
2.945 4.272 -4.824 1.17477
0.952 5.535 -5.554 1.26039
0.000 8.002 -4.490 2.82680
0.373 6.887 -4.875 2.48787
1.102 6.549 -5.980 2.15294
2.685 7.005 -5.925 2.77914
0.267 6.388 -5.189 2.10459
0.992 7.461 -6.037 2.34695
1.218 7.441 -6.146 1.96789
0.000 8.641 -5.856 3.16829
0.115 7.343 -4.739 3.14519
2.020 7.767 -4.636 3.01655
1.752 5.415 -3.827 2.57541
7.352 5.238 -4.241 2.38605
0.735 0.578 -6.149 2.11843
0.000 1.073 -9.127 1.33157
0.000 2.846 -9.286 2.20281
0.075 6.089 -9.095 3.66013
0.463 4.091 -5.578 2.74591
0.618 2.707 -8.206 2.19861
0.138 0.905 -8.837 2.35100
0.018 1.217 -8.955 2.02048
1.360 1.493 -6.837 2.86690
1.127 -2.820 -10.159 1.52527
0.350 -1.535 -13.975 2.90346
0.000 -1.286 -14.297 3.03746
0.000 -0.643 -15.297 3.17882
0.000 -0.027 -15.370 3.13230
0.000 -1.625 -12.540 2.32306
0.000 0.375 -13.093 2.60189
0.000 1.223 -13.228 2.56153
0.000 0.587 -13.193 1.97939
0.000 0.540 -13.347 2.42690
0.000 -0.501 -14.509 2.85667
0.000 1.784 -14.711 3.18909
0.000 2.155 -12.536 3.08840
0.000 2.542 -13.454 2.44966
0.000 1.746 -13.829 2.63742
0.000 3.533 -13.369 3.58552
0.000 3.406 -11.744 3.62873
0.000 1.256 -12.036 3.79428
0.012 -2.259 -17.218 3.52507
0.000 -0.822 -17.449 2.93522
0.000 1.022 -15.124 2.51492
0.000 0.066 -14.332 2.67121
0.000 -0.313 -12.746 2.59426
0.000 -1.412 -13.056 2.44553
0.000 -0.948 -15.055 3.23773
0.000 -2.113 -16.351 2.93967
0.000 0.929 -16.563 3.04056
0.000 0.111 -14.433 3.19251
0.000 -0.236 -15.778 2.92861
0.000 0.094 -16.021 4.15716
0.000 0.657 -16.037 3.77864
0.000 -0.676 -15.096 4.34846
0.000 0.281 -16.526 4.28476
0.000 -0.651 -16.778 2.44850
0.000 2.098 -18.075 3.55375
0.000 -3.667 -18.358 2.45606
0.000 -2.860 -18.602 2.90311
0.000 -2.084 -17.280 2.13493
0.000 -1.640 -17.484 2.88045
0.000 -0.887 -16.425 3.22155
0.000 -0.225 -16.897 3.36143
0.000 -4.527 -20.286 3.42927
0.000 -4.321 -20.609 2.50522
0.000 -3.252 -19.772 2.36294
0.000 -0.499 -17.281 2.24563
0.000 -0.449 -16.874 2.84635
0.000 1.447 -15.574 2.57845
0.000 1.590 -16.256 2.54329
0.000 -1.392 -16.676 3.14387
0.002 -1.354 -17.688 3.39162
0.000 -2.459 -18.105 2.39405
0.000 -1.011 -16.440 2.10338
0.000 -1.880 -16.676 2.62603
0.000 -2.508 -14.390 2.36073
0.000 -3.629 -14.300 2.06642
0.000 -4.842 -20.344 2.15204
0.000 -5.648 -20.580 1.73447
0.000 -4.975 -19.911 2.67496
0.000 -2.647 -18.452 2.92975
0.000 -4.988 -18.225 3.15013
0.000 -1.416 -18.583 3.27192
0.000 0.321 -18.340 3.32871
0.000 2.061 -16.469 3.65728
0.000 2.364 -16.470 3.63673
0.000 2.402 -15.717 4.83286
0.000 0.247 -15.459 4.66086
0.000 -0.119 -15.622 4.69767
0.000 2.862 -14.289 4.91642
0.000 1.751 -13.620 4.55627
0.000 -0.761 -15.736 3.73026
0.000 -1.132 -16.765 2.78327
0.000 -0.471 -17.032 2.79912
0.000 -2.552 -15.118 3.47329
0.000 -0.964 -15.045 2.67658
0.013 -4.722 -18.215 3.01699
0.000 -6.644 -18.794 2.57643
0.000 -2.216 -18.884 4.53040
0.000 -0.153 -14.972 4.15757
0.000 1.323 -13.750 3.60689
0.140 -2.669 -14.614 4.77920
0.000 -0.296 -15.230 5.07785
0.000 0.588 -15.550 4.67444
0.000 3.854 -16.209 3.47004
0.000 -2.797 -16.270 4.32717
0.000 0.956 -15.599 4.09207
0.000 -0.401 -16.004 3.63185
0.000 -5.140 -18.684 2.32466
0.000 -2.557 -18.990 3.11766
0.000 -4.425 -18.176 3.71214
0.000 0.227 -16.587 3.92008
0.000 0.742 -15.845 4.31105
0.000 0.927 -15.770 3.39892
0.000 3.140 -14.743 2.67723
0.540 3.880 -13.455 3.32901
0.000 4.865 -11.414 2.89897
0.452 2.957 -9.319 2.80000
0.268 -1.297 -18.196 4.19294
0.000 -2.151 -18.330 3.16860
0.000 1.907 -15.634 2.62248
0.000 2.750 -14.196 2.79958
1.165 2.264 -12.445 2.69525
0.000 -0.199 -10.807 2.43455
0.000 -3.644 -18.025 2.81015
0.000 0.070 -18.184 2.47957
0.000 3.561 -15.613 3.53914
0.000 2.154 -13.314 3.55646
3.742 -1.159 -13.764 4.24677
0.000 -2.152 -13.785 3.75011
2.430 -3.435 -15.042 3.22579
0.000 -3.002 -15.980 5.00154
0.000 -0.699 -16.072 4.16954
0.000 -0.323 -12.227 3.96322
0.007 4.112 -12.008 4.75548
0.000 1.266 -11.893 2.84906
0.000 3.302 -13.111 3.80474
0.000 3.690 -13.172 4.01866
0.000 3.348 -12.372 3.69434
0.000 4.728 -12.111 4.26685
0.000 5.177 -12.035 4.44401
0.000 1.811 -9.697 3.13434
0.000 2.920 -8.415 3.40121
0.000 -0.926 -15.730 3.57692
0.000 0.390 -15.732 3.27609
0.000 1.515 -12.006 3.49670
0.000 0.626 -10.090 3.22857
0.327 -0.832 -10.030 2.54537
0.000 -0.017 -12.343 3.32153
0.003 -0.282 -12.309 2.44458
0.000 2.282 -12.357 2.85254
0.105 5.134 -11.864 4.17122
0.038 6.011 -9.023 4.39095
1.560 5.398 -6.184 5.25790
0.000 -2.504 -13.068 3.15360
0.000 -0.359 -14.669 3.29725
0.383 1.703 -14.233 4.90838
0.000 3.212 -10.939 5.09555
0.000 2.187 -9.943 5.04028
0.000 1.072 -9.382 3.90778
0.000 -2.302 -12.450 1.78132
0.000 -0.213 -13.592 2.54685
0.000 2.318 -12.916 3.36297
0.000 0.571 -11.536 3.35129
0.112 2.729 -9.310 3.40150
0.000 0.034 -9.989 2.21538
0.000 3.843 -9.693 3.53269
0.153 3.936 -8.776 4.03215
0.067 2.780 -8.883 3.95050
0.085 2.659 -8.386 1.98006
0.000 3.093 -7.959 4.16516
0.315 2.089 -9.255 4.14673
0.337 -0.312 -12.979 2.47124
0.000 2.368 -11.814 3.09595
0.000 5.505 -7.479 3.83775
1.905 4.816 -6.564 4.01156
1.192 2.273 -9.349 3.06372
0.455 2.862 -10.639 3.55724
0.000 0.386 -9.550 2.94365
0.000 0.785 -7.693 2.17814
0.000 0.299 -9.473 2.84514
0.000 3.663 -8.208 3.63248
0.000 7.744 -6.525 4.44541
0.310 10.051 -5.179 5.14896
0.900 7.285 -5.152 4.67227
0.000 7.898 -6.172 5.37651
1.300 7.212 -5.404 5.63561
0.000 5.155 -4.532 3.81687
1.652 2.161 -5.352 2.58732
0.225 5.002 -6.300 3.23795
0.063 8.191 -5.513 3.00548
1.658 4.893 -5.327 2.70467
0.658 7.986 -5.440 4.78042
0.548 5.652 -6.409 4.44111
0.045 4.671 -6.098 2.66748
0.277 3.558 -6.432 2.32339
0.015 7.603 -4.659 1.75127
2.507 6.009 -5.979 2.32774
0.000 4.834 -6.527 1.44600
0.517 6.954 -6.030 3.10110
0.190 3.111 -8.960 4.05913
0.000 5.528 -7.088 2.49946
0.000 8.056 -4.238 1.27541
0.280 9.866 -3.260 1.72426
0.000 12.348 -4.304 1.41796
0.003 13.271 -4.909 3.60488
2.412 10.264 -4.375 3.10642
1.217 9.222 -4.377 2.83372
0.015 10.041 -3.948 1.10876
0.000 10.530 -5.294 1.93721
0.003 12.522 -5.439 2.29188
1.258 13.315 -5.130 2.78804
2.942 12.483 -2.891 2.84317
13.722 6.225 -3.770 2.47906
2.855 7.401 -2.445 2.29660
6.025 8.216 -7.282 2.93879
1.937 1.270 -6.507 1.98326
0.000 5.473 -6.151 1.73704
0.000 8.172 -5.210 2.46315
0.155 9.411 -4.240 1.71019
0.870 11.152 -3.692 2.87683
0.080 13.202 -4.538 1.80622
7.100 12.768 -5.160 4.75974
0.340 8.269 -7.043 2.37378
0.548 7.851 -6.564 1.30271
4.578 12.700 -4.006 2.46000
1.847 11.320 -2.983 2.12041
0.310 13.309 -3.400 1.72603
0.545 15.469 -1.843 2.62291
7.858 13.464 -0.986 2.15832
2.648 13.127 -3.170 2.87647
5.435 11.751 -1.258 1.37755
7.147 9.890 -3.224 2.38913
1.810 12.891 -2.290 1.71507
3.700 14.561 -0.820 2.36314
1.470 13.952 -0.965 2.13686
2.375 16.414 -1.076 3.13711
1.070 16.763 0.013 3.34727
1.967 17.668 1.423 3.55145
3.665 16.759 3.045 2.80344
1.158 17.751 1.075 2.41396
4.180 17.261 2.999 2.42822
2.800 15.907 0.708 1.42030
1.085 15.661 1.452 1.34834
11.795 14.886 0.421 2.93350
2.930 14.040 -0.303 2.14669
9.293 14.950 -0.495 2.41464
11.750 13.822 -1.383 2.19684
25.337 14.627 -1.454 3.15082
15.155 13.596 -1.293 2.56142
6.362 14.318 -1.426 2.79144
2.133 15.162 -1.292 2.30658
0.208 16.048 -0.631 3.33448
1.650 16.261 -1.441 3.21308
0.832 16.114 0.536 3.02511
20.235 14.874 -1.685 2.77765
1.027 10.538 -0.581 1.80966
0.075 14.153 0.252 1.12753
0.095 16.067 -1.011 1.45861
2.718 17.129 1.020 1.71988
0.233 14.384 0.259 1.44770
4.858 14.406 1.538 1.69019
0.375 14.195 0.010 2.44480
3.888 16.138 1.698 2.17840
4.500 16.596 1.835 2.21950
0.715 17.195 1.524 2.35677
0.675 17.621 3.170 2.00679
6.770 16.401 2.501 1.19534
1.737 17.608 3.379 1.65573
7.862 15.525 1.579 1.86294
1.462 16.372 2.172 1.61392
0.115 15.072 -0.225 2.63886
0.000 15.510 0.738 1.39753
0.055 18.188 1.680 1.43426
2.737 17.439 2.481 1.89627
1.950 14.610 2.474 1.57686
4.032 17.406 2.722 2.03247
12.158 16.025 4.057 1.96659
5.545 18.530 4.164 1.19716
2.385 19.620 2.934 1.85873
0.092 19.932 3.516 1.47549
2.080 20.479 6.742 1.16080
4.328 19.904 4.451 1.65263
0.882 19.895 3.042 1.92927
5.365 20.055 4.981 1.44994
4.518 18.609 4.077 1.66505
7.715 16.743 0.679 2.02226
0.000 16.205 -2.144 2.20168
0.000 15.501 0.213 1.62747
0.000 15.970 0.433 1.40825
0.030 17.298 -0.390 1.49177
1.965 17.820 0.909 1.62705
0.902 17.768 -0.306 1.77236
0.020 18.467 0.498 1.68842
1.097 16.917 1.992 1.10015
1.525 15.010 1.984 1.84392
0.000 17.117 1.846 1.75141
0.005 17.658 2.921 1.27115
3.337 14.210 1.848 1.27705
0.637 16.047 0.117 1.51789
0.062 17.160 2.128 1.24798
0.090 18.190 0.845 1.26593
0.000 18.426 0.689 1.65749
0.000 19.268 0.031 1.80896
0.537 19.203 0.936 1.72042
0.000 19.234 0.428 1.70875
0.000 20.043 1.175 1.31968
4.745 17.343 1.842 1.18579
7.962 17.738 2.422 1.56008
1.290 19.386 2.984 1.00835
1.713 17.544 2.165 1.33601
0.447 19.632 2.266 1.20501
1.160 19.541 1.633 1.30296
12.160 18.616 4.366 1.03611
3.375 17.150 3.777 1.19579
0.658 18.040 3.822 1.02542
1.127 18.550 2.103 1.01363
4.225 18.054 0.628 2.11945
1.702 15.091 1.485 1.13587
0.020 17.590 0.177 1.38436
0.045 19.155 1.888 1.42632
13.012 17.043 0.471 1.93515
5.475 13.909 0.709 1.46732
0.310 17.026 -0.936 2.86689
0.000 17.711 0.560 2.70289
0.278 18.133 0.755 1.99498
0.382 17.546 0.770 1.97189
2.575 17.791 -1.034 1.77621
0.000 18.934 -1.601 2.06177
0.495 18.822 -0.250 1.56462
0.405 19.765 1.983 0.89956
2.497 18.988 1.720 0.94433
2.665 18.989 2.268 1.79462
1.907 15.517 -0.213 1.39387
5.132 14.668 0.351 0.81437
5.368 11.557 -5.231 2.13349
0.040 13.217 -4.057 1.43672
5.165 13.780 -2.101 2.14803
4.455 10.121 -2.134 1.60464
2.000 8.501 -1.774 0.80869
1.363 9.663 -2.545 0.86210
0.337 13.151 -1.581 1.06693
1.553 12.120 -2.023 1.99814
0.345 10.789 -5.409 2.17725
0.000 10.007 -4.281 1.42297
0.000 11.820 -4.504 0.93135
0.083 14.259 -3.796 1.53888
6.500 13.303 -2.952 1.94956
3.363 12.901 -1.935 2.48717
1.813 14.070 -1.335 2.97970
10.368 14.710 -1.269 2.29167
1.180 14.373 -0.773 2.47030
4.577 13.165 -1.654 2.08539
1.835 12.769 -2.234 2.22500
3.042 12.527 -3.540 2.27480
1.087 12.455 -2.924 1.34256
1.363 11.398 -2.524 1.84824
1.375 11.980 -2.280 1.14257
0.000 13.334 -3.261 1.61614
4.830 12.944 -2.897 1.66175
19.355 10.948 -3.579 2.50899
6.175 8.315 -7.094 2.43940
0.145 5.021 -7.070 1.59949
6.152 5.295 -5.714 2.13010
0.000 4.140 -6.845 0.98768
0.000 6.777 -6.649 1.49948
1.333 7.246 -5.481 1.89184
2.373 4.200 -5.083 1.06389
0.090 5.336 -4.917 1.28782
1.192 5.874 -4.599 1.28747
0.463 7.146 -4.732 1.99492
0.230 7.508 -5.044 2.23843
0.640 8.178 -5.156 1.70270
1.870 6.316 -4.861 2.22055
0.610 2.088 -7.510 1.39472
0.000 2.839 -7.121 1.46766
0.000 4.954 -6.390 1.46076
0.130 4.768 -6.102 1.49584
0.000 4.103 -6.838 2.72404
0.000 3.162 -6.764 2.75185
0.422 0.988 -9.272 1.86044
0.448 3.005 -9.449 1.25082
0.385 3.642 -8.408 2.25527
0.105 2.488 -9.460 1.92295
0.225 2.405 -9.545 2.51703
0.030 2.861 -9.114 1.93549
0.000 2.335 -11.796 1.84337
0.000 1.138 -12.161 1.51221
0.000 3.303 -10.909 1.93827
0.015 2.886 -7.721 1.39855
0.000 0.753 -7.821 1.19993
1.175 0.914 -8.182 1.24908
0.680 0.270 -9.698 1.33222
0.975 1.173 -11.357 1.46971
0.000 1.856 -11.574 2.07286
0.397 1.803 -9.625 2.07942
1.437 1.737 -9.911 2.22623
0.000 1.686 -8.918 1.09836
0.908 1.846 -6.341 1.68730
0.000 1.920 -11.937 2.18785
0.000 2.682 -12.141 2.02110
1.163 1.097 -11.560 2.73954
0.000 1.489 -13.739 3.07810
0.010 1.676 -13.842 2.86507
1.252 -0.710 -14.404 3.45956
0.000 1.088 -14.568 2.41976
0.115 -0.846 -13.657 2.24817
0.033 -2.673 -13.940 2.41461
0.000 -1.421 -14.784 3.05556
0.000 0.335 -14.686 2.62287
0.108 -0.243 -10.180 3.18354
0.097 -2.006 -10.452 3.29968
0.000 -3.677 -17.830 3.37506
0.000 -4.452 -18.028 2.41557
0.000 -3.678 -17.617 4.59066
0.023 -3.584 -17.701 4.87790
0.000 1.776 -17.831 3.80866
0.000 -1.887 -16.852 2.76010
0.000 -0.787 -17.597 2.61638
0.000 -0.642 -17.805 3.10866
0.000 0.178 -17.078 3.73428
0.000 3.165 -15.308 2.95116
0.412 4.426 -12.377 3.24572
0.207 1.768 -14.247 3.45890
0.000 1.106 -14.562 3.15834
0.000 -0.170 -11.248 2.82140
0.000 -2.456 -12.776 3.57751
0.000 -2.957 -13.251 3.39561
0.038 -1.174 -11.203 4.90920
0.000 -6.637 -15.893 2.50540
0.000 -7.994 -18.284 3.69694
0.000 -3.563 -17.905 4.06231
0.000 -7.664 -20.422 3.83291
0.060 -1.335 -20.552 3.19410
0.000 -1.654 -16.973 2.68103
0.070 -4.410 -19.255 2.31878
0.000 -5.951 -20.580 2.35267
0.000 -4.180 -20.901 1.99153
0.000 -2.271 -17.807 1.97270
0.000 -2.123 -18.517 2.91132
0.000 -5.312 -19.843 2.10014
0.000 -2.434 -20.194 2.78671
0.000 -2.749 -19.083 3.14584
0.000 -2.027 -16.947 1.90942
0.000 -3.311 -13.383 1.44172
0.000 -4.351 -18.084 3.00891
0.000 -4.322 -18.424 2.66977
0.000 -4.268 -15.734 3.05181
0.000 -1.254 -17.159 3.97494
0.000 -0.508 -17.786 3.81223
0.000 -2.669 -18.063 4.60240
0.000 0.425 -17.665 4.28007
0.000 3.676 -16.241 4.72452
0.000 5.183 -13.695 3.92495
0.000 4.840 -14.592 4.09871
0.000 -0.074 -17.532 3.05727
0.130 -5.354 -19.070 2.41814
0.000 -1.529 -19.351 3.25435
0.000 -0.578 -17.858 3.51983
0.000 -3.248 -17.709 4.11541
0.000 -1.086 -18.012 3.47683
0.000 -4.999 -17.304 3.62905
0.000 -7.281 -20.128 3.71036
0.000 -7.019 -20.411 3.20045
0.000 -7.929 -17.560 2.62360
0.170 -8.461 -20.781 2.89420
0.000 -6.967 -21.303 3.66174
0.000 -2.710 -19.808 3.46658
0.000 -2.930 -18.750 2.75252
0.000 -2.997 -18.881 3.26914
0.000 -7.470 -20.833 3.14732
0.000 -5.947 -21.144 2.96724
0.000 -2.922 -20.569 3.24917
0.000 -0.105 -18.931 3.29259
0.000 -6.357 -19.321 1.79011
0.000 -5.052 -17.755 1.70002
0.000 -1.434 -18.019 2.27209
0.003 -3.119 -16.301 2.40064
0.000 -1.015 -15.408 2.09918
0.000 -2.305 -16.755 1.49212
0.000 -2.341 -21.623 2.32819
0.000 -5.009 -21.834 2.05930
0.000 -1.849 -19.197 2.49076
0.000 0.087 -15.995 2.70721
0.000 -2.708 -15.487 2.56918
0.000 -2.940 -16.193 2.77202
0.000 -3.055 -16.313 2.21550
0.000 -3.742 -15.680 2.56328
0.030 -3.677 -17.598 3.01612
0.053 -0.441 -17.723 2.48736
0.000 2.057 -15.356 3.18914
0.000 -1.028 -13.614 3.60465
0.005 -4.347 -15.399 2.79999
0.000 -2.651 -15.683 3.20902
0.000 -5.485 -16.967 4.63688
0.000 -6.596 -17.610 3.51650
0.000 -7.645 -17.218 2.47243
1.368 -8.070 -18.205 2.60986
0.000 -5.972 -18.439 3.35273
0.000 -4.970 -18.301 3.99895
0.000 -4.369 -18.217 3.47656
0.000 1.157 -17.256 4.12341
0.000 0.955 -16.632 3.39818
0.000 -0.070 -14.511 1.97005
0.000 -0.499 -13.644 2.51228
0.340 -1.761 -13.940 4.13287
0.000 -1.878 -15.985 3.99381
0.000 1.477 -16.029 3.42003
0.000 0.609 -13.912 3.23472
0.030 -2.962 -13.716 4.52402
0.000 -3.080 -15.159 4.11726
0.000 0.892 -15.372 4.42628
0.000 2.325 -14.916 3.74580
0.000 0.531 -14.791 3.87412
0.080 -0.298 -16.599 5.62100
0.000 0.368 -16.432 4.13548
0.000 2.449 -14.852 3.09242
0.000 1.734 -13.465 3.79615
0.000 0.675 -12.847 4.37969
0.000 3.126 -12.666 4.28379
0.060 5.077 -10.249 5.56063
0.125 4.155 -7.918 5.98981
0.692 -0.956 -10.890 3.91346
1.030 -6.211 -13.441 2.02090
0.105 -6.518 -18.514 3.60080
0.000 0.584 -18.022 4.02016
0.000 3.767 -13.531 3.13753
0.027 7.561 -10.554 4.19652
2.830 4.820 -9.199 4.22052
0.230 4.396 -8.743 3.70063
0.000 4.587 -8.590 4.00904
0.000 5.366 -7.797 4.58441
0.000 8.144 -7.804 4.81939
0.000 2.372 -7.812 3.19905
0.122 4.851 -9.523 2.97905
0.000 6.497 -8.385 3.37997
0.510 10.469 -6.070 3.83070
0.105 11.148 -4.885 2.30678
0.073 12.176 -5.556 3.45542
0.005 11.774 -5.133 3.56642
0.000 11.220 -4.841 3.65889
0.178 9.215 -6.558 3.63985
0.060 7.196 -6.772 3.41150
0.000 4.298 -5.993 3.07158
1.707 6.644 -6.047 3.11496
0.618 7.327 -5.099 2.13720
2.675 6.174 -8.777 4.31715
0.360 4.360 -7.389 2.08082
1.048 3.215 -5.517 2.25707
0.000 2.635 -8.417 2.41449
0.010 4.343 -8.147 2.19929
0.000 4.051 -8.443 2.90368
0.050 7.074 -6.716 3.82392
0.000 8.972 -4.948 2.91459
0.570 11.512 -8.187 5.06838
0.580 7.541 -5.887 2.34217
0.000 10.961 -5.603 2.09927
0.000 12.753 -4.511 2.50008
4.925 6.338 -4.980 2.10796
0.610 7.782 -4.633 3.29789
2.810 4.704 -4.610 1.47565
0.093 5.975 -6.056 1.93382
0.090 6.953 -4.114 2.21600
6.230 4.367 -7.653 4.14787
0.540 1.602 -7.636 1.44974
0.000 2.570 -10.629 3.53924
0.000 4.486 -8.984 3.99813
0.000 6.739 -6.326 2.45329
0.080 9.797 -5.482 1.58666
0.000 10.785 -4.796 1.94558
0.590 13.094 -5.082 2.81420
0.000 7.413 -8.545 2.70343
0.000 8.681 -5.648 1.61292
0.000 13.848 -4.533 1.73677
1.428 15.827 -2.208 3.10418
6.777 15.186 -2.108 3.16178
1.905 10.143 -3.521 1.78057
0.515 14.232 -2.030 4.10096
9.335 12.109 -6.529 4.32820
0.125 3.306 -6.231 2.71611
0.735 9.684 -4.665 1.65917
0.567 11.269 -2.469 3.32498
5.933 9.665 -2.874 2.00347
1.980 4.917 -3.524 1.87719
3.765 9.191 -3.788 1.53841
1.193 8.808 -4.201 2.53113
1.570 12.722 -3.611 1.64524
1.670 16.064 -1.228 1.98938
0.463 17.949 0.570 2.67656
1.468 16.447 0.585 3.74742
0.000 18.172 0.574 4.01369
0.182 17.186 0.502 1.96352
0.000 16.837 -1.229 3.99453
0.773 15.446 -1.642 3.76296
0.905 15.174 -2.079 2.33399
0.305 16.767 -2.207 2.39416
0.737 16.693 -1.780 3.29941
0.083 16.542 -0.049 2.72163
11.048 13.725 -1.015 1.64146
9.390 13.847 -2.602 2.63474
8.423 14.736 -1.235 2.02942
9.042 12.481 -2.349 2.98412
0.000 12.663 -2.025 1.53177
2.730 15.105 -0.675 2.08473
0.865 13.519 -1.711 1.24545
4.917 14.708 -1.619 2.19582
5.545 12.829 -0.641 2.39462
0.213 13.707 -3.471 2.21661
1.103 15.009 0.188 2.19047
2.268 10.881 -3.766 2.93433
0.000 11.689 -3.613 2.85552
0.000 13.485 -1.413 1.78159
0.665 15.023 -1.000 1.12074
2.085 15.091 -0.568 2.04019
6.965 15.946 -0.841 3.75307
3.258 15.725 0.450 3.97705
0.880 17.997 -0.132 4.24978
0.005 17.830 1.587 4.28700
0.000 18.272 0.784 4.02137
0.250 16.953 0.801 3.81827
4.150 17.058 0.031 3.32593
0.252 13.579 0.217 1.09949
0.623 14.030 1.068 0.88988
1.467 12.767 -4.028 1.18512
0.585 12.178 -1.741 2.02730
0.000 15.822 -1.460 1.74010
4.390 13.700 -1.454 1.99674
1.372 14.946 -1.739 1.78533
0.000 19.304 0.664 1.57606
3.770 21.375 1.638 2.30616
10.825 16.468 1.194 2.17065
5.863 16.807 2.440 2.14320
1.243 17.426 3.092 3.00050
2.663 18.394 3.352 2.47557
6.678 17.485 2.602 1.13426
2.795 18.637 2.123 1.59861
6.625 19.643 2.381 2.87896
13.768 18.266 4.512 1.45623
10.680 17.972 4.395 1.15151
21.900 16.380 0.836 1.53555
0.165 13.269 -0.896 1.70551
1.745 15.438 0.229 1.85386
0.000 16.233 1.347 1.59610
5.275 16.606 2.605 2.13989
2.903 16.357 1.025 3.14471
5.422 17.213 2.228 2.77725
4.867 17.968 3.166 2.22641
7.458 17.487 1.555 1.70765
0.292 14.886 0.666 2.41471
0.110 14.200 -0.674 1.58733
0.000 13.858 0.756 1.55413
0.845 15.578 -0.932 1.10622
0.030 18.106 2.742 1.22892
1.433 11.948 1.065 0.88775
0.210 16.610 -0.991 1.74475
4.065 16.013 0.760 1.68585
1.417 14.617 0.475 1.55394
0.000 16.016 2.177 1.25554
7.365 16.507 3.042 1.37491
2.205 11.870 -2.218 2.40288
0.000 12.882 -2.119 2.46633
0.000 14.054 -0.777 1.71666
0.000 16.794 -1.590 1.42882
1.353 18.797 2.465 1.97783
4.473 15.057 1.817 2.24329
18.250 16.055 2.824 1.61058
0.772 16.974 4.038 1.20116
0.960 18.195 5.338 1.00233
17.990 17.757 3.925 0.95568
4.320 18.204 4.407 0.86740
2.252 18.275 0.902 1.90807
0.203 15.855 0.770 1.44206
0.000 16.669 0.219 1.67121
0.102 18.982 2.712 1.18685
5.113 16.377 1.923 3.29355
4.150 16.596 2.254 1.30954
7.735 17.774 2.393 2.71530
8.773 16.725 1.162 2.23141
0.653 16.817 1.061 1.96422
0.105 15.253 0.539 1.69837
0.348 16.901 1.417 1.03693
0.917 15.288 1.107 1.08501
0.618 16.423 2.743 1.16585
3.362 15.630 2.679 1.24471
1.632 15.951 1.728 1.53632
6.437 17.736 0.663 1.83158
1.588 17.790 1.102 1.66700
3.430 17.644 1.835 1.74225
3.980 16.442 2.260 1.56830
4.017 16.115 2.598 1.78047
5.397 14.486 1.951 1.45579
6.760 14.637 1.196 1.53573
18.752 14.683 1.057 1.66356
2.100 11.982 -1.643 1.77510
1.187 12.458 -0.571 1.35139
3.018 6.135 -3.047 1.96090
7.872 11.310 -1.788 2.56060
14.173 12.092 -0.896 2.88372
10.500 13.501 -0.400 2.09631
2.167 13.447 0.173 1.71176
1.062 12.825 -1.169 1.11173
4.770 13.742 0.328 1.44493
2.450 14.243 -0.200 1.52537
3.447 11.465 -2.961 1.76348
0.000 11.010 -2.959 1.28498
0.000 13.561 -1.600 1.84892
1.845 10.966 -3.866 1.78938
0.000 11.257 -7.098 2.73573
0.000 9.168 -5.758 1.47552
0.000 12.149 -4.350 1.14754
0.000 11.241 -3.140 1.39672
0.222 11.682 -3.238 0.83442
0.200 12.925 -3.452 1.12969
0.000 13.202 -4.363 1.45774
0.757 14.869 -3.202 1.36897
0.300 14.994 -2.872 1.17556
0.000 15.256 -3.678 2.67849
0.085 15.094 -3.712 2.61909
0.000 14.202 -2.914 2.53819
0.000 14.589 -2.502 2.04923
0.000 14.869 -1.981 1.91231
0.000 15.146 -1.173 1.84385
2.187 13.849 -0.640 2.05523
0.282 13.560 -2.317 2.42827
0.000 14.431 -2.607 2.47238
0.100 14.395 -2.114 2.22806
0.200 14.992 -2.549 2.55360
0.000 14.734 -3.505 2.38079
0.000 14.497 -3.215 2.76645
0.000 14.733 -2.612 3.63065
0.000 14.109 -2.087 3.20766
0.125 13.330 -1.076 2.59422
0.265 14.115 -2.234 2.71780
1.187 12.540 -4.211 2.79780
3.498 11.623 -4.154 2.82487
2.415 8.738 -3.766 1.34960
4.993 8.832 -4.437 1.47094
1.440 8.862 -4.414 1.92498
2.440 10.346 -4.570 3.18078
1.975 7.822 -4.673 2.41873
0.473 6.245 -6.054 2.37398
1.020 2.499 -7.645 1.46116
0.000 0.422 -8.205 1.18266
0.135 1.411 -7.877 2.25680
0.013 1.965 -9.202 2.00798
0.000 4.334 -9.291 2.36016
0.000 7.027 -8.266 2.31431
0.685 8.561 -6.950 2.23016
0.992 9.404 -6.318 3.00194
2.002 8.426 -6.621 3.19922
0.445 6.948 -6.667 2.28333
0.000 9.127 -7.793 2.79242
0.000 3.762 -8.434 1.74991
0.000 2.656 -8.834 1.16991
0.000 3.318 -10.625 2.27164
0.000 1.736 -11.419 2.63885
0.000 3.254 -11.618 2.34402
0.847 4.254 -10.086 2.17512
0.000 -0.735 -10.674 1.29954
0.000 1.077 -10.445 1.10205
0.000 2.771 -9.576 2.09347
0.080 2.405 -6.191 3.45521
0.000 0.756 -7.198 2.41990
0.010 -1.244 -12.116 2.33950
0.000 -0.628 -12.395 2.43766
0.000 -1.693 -13.499 1.69938
0.000 -0.926 -15.365 2.26243
0.000 0.906 -15.526 1.88923
0.000 4.130 -14.074 2.59386
0.000 3.899 -12.620 2.59127
0.000 3.029 -12.986 2.41504
0.000 5.460 -12.176 2.53389
0.000 4.008 -10.903 2.72233
0.082 0.196 -10.779 1.80661
0.023 -1.986 -15.836 1.42994
0.000 -2.631 -16.215 1.90075
0.000 -0.544 -16.224 2.31673
0.170 -1.262 -15.755 2.14539
0.000 -3.680 -16.194 2.48437
0.000 -1.058 -16.397 2.25408
0.000 -2.281 -15.983 2.89333
0.000 0.441 -16.238 2.57744
0.000 1.705 -14.934 2.99427
0.000 -1.270 -14.648 2.59604
0.000 0.135 -14.709 2.13471
0.013 -3.512 -10.552 1.77782
0.000 -5.707 -19.433 1.96197
0.000 -7.129 -20.641 2.34536
0.000 -2.835 -20.606 2.86490
0.003 -0.733 -18.109 2.93558
0.000 -3.527 -14.924 3.35680
0.000 -6.283 -19.727 3.51482
0.000 -3.925 -19.818 3.98793
0.003 -4.485 -13.379 4.60332
0.000 -4.477 -19.219 3.80152
0.000 -2.552 -19.622 3.22639
0.000 -0.606 -17.904 3.16453
0.000 -1.340 -18.010 3.27443
0.000 -3.752 -18.593 2.53374
0.000 -3.316 -19.386 3.19540
0.000 -5.790 -19.918 3.36603
0.000 -0.762 -16.042 3.44185
0.000 -2.016 -17.749 3.72855
0.000 -3.892 -18.216 3.41610
0.000 -3.248 -19.504 3.22603
0.000 -2.244 -19.710 2.96270
0.000 -0.445 -17.244 3.76411
0.000 0.756 -17.454 3.36875
0.000 1.796 -16.913 3.62564
0.000 2.586 -16.549 3.84687
0.000 1.592 -16.501 3.57797
0.000 1.534 -16.143 2.98687
0.000 2.098 -16.594 3.18264
0.000 0.624 -16.632 3.13202
0.000 2.509 -16.198 2.82134
0.000 1.756 -16.000 3.24066
0.000 -0.027 -16.026 2.87443
0.000 -2.492 -17.267 2.24072
0.082 -4.517 -18.114 3.64731
0.000 -1.581 -18.080 3.21284
0.140 -2.163 -18.054 3.84099
0.000 -0.850 -18.163 3.04395
0.000 0.728 -15.355 3.53539
0.015 0.492 -15.495 3.78757
0.000 -1.131 -15.534 3.92841
0.000 -5.892 -17.528 4.07800
0.000 -2.605 -16.839 3.17445
6.585 -2.987 -16.754 4.04571
0.000 -3.667 -17.183 4.16173
0.000 -2.798 -15.033 4.25027
0.213 0.897 -14.480 4.32518
0.000 0.380 -12.724 5.18171
0.000 -3.477 -12.504 4.37275
1.548 -5.304 -15.681 5.36231
0.000 -4.358 -17.200 5.43266
0.493 -4.891 -17.502 5.23306
0.623 -7.378 -15.870 5.83765
0.000 -7.051 -18.441 6.02711
0.000 -5.854 -18.165 4.19111
0.000 -8.364 -17.183 4.13880
0.000 -6.594 -17.687 3.56269
0.000 -9.338 -18.707 3.91144
0.005 -8.932 -16.826 3.77356
0.000 -10.512 -19.783 4.86122
0.000 -10.825 -19.636 3.94936
0.000 -13.574 -26.261 4.13300
0.000 -10.127 -26.418 3.38429
0.000 -6.732 -24.639 3.35904
0.000 -6.056 -21.802 3.64410
0.000 -5.938 -21.809 4.41404
0.000 -3.219 -20.433 4.18180
0.000 -1.643 -19.687 4.01086
0.000 -0.734 -18.098 4.46626
0.000 -1.236 -17.163 4.51335
0.000 -1.256 -17.925 4.41633
0.000 -0.365 -17.991 4.45968
0.000 -1.605 -19.823 4.67597
0.000 -6.180 -23.186 4.26388
0.000 -7.447 -23.362 2.64692
0.000 -4.955 -21.741 2.91231
0.000 -6.893 -20.101 3.71760
0.000 -3.882 -20.130 2.75948
0.000 -4.403 -15.091 3.04234
0.000 -6.867 -15.786 2.94346
0.000 -6.722 -20.631 2.02610
0.000 -3.806 -20.791 2.65661
0.000 1.068 -17.446 3.26540
0.000 0.228 -13.616 3.68915
0.000 1.028 -14.627 3.05964
0.000 0.195 -14.628 4.14124
0.025 -3.039 -12.168 3.87698
0.000 -6.012 -16.420 3.22768
0.000 -7.100 -19.621 3.65224
0.000 -0.734 -19.573 2.54301
0.000 -3.803 -14.186 2.54488
0.000 0.392 -13.567 1.85695
0.000 0.699 -12.438 2.78310
0.000 -1.814 -13.059 4.16969
0.000 -0.396 -14.476 2.87860
0.000 -0.705 -16.215 3.06538
0.000 -0.894 -16.102 1.97930
0.000 -2.045 -12.472 1.56454
0.060 0.510 -13.187 2.70912
0.000 4.444 -12.941 3.55733
0.000 5.516 -11.474 4.18955
0.000 2.724 -7.188 2.66322
1.210 1.653 -7.626 1.91520
0.000 2.424 -7.591 1.36744
0.578 0.659 -11.432 2.28628
0.313 -0.212 -11.495 2.31549
0.000 1.777 -10.606 2.09015
2.927 1.108 -8.427 3.18547
0.000 -1.199 -8.837 2.22216
0.053 -0.853 -10.589 2.00972
0.000 -3.597 -13.454 2.16753
0.000 0.558 -13.267 2.24114
0.000 0.557 -10.401 1.83680
1.675 2.059 -10.136 3.57457
0.000 1.758 -9.608 2.00717
0.185 3.883 -6.015 2.20057
0.872 3.264 -6.049 2.78049
1.502 2.202 -5.855 2.90710
0.145 0.229 -7.307 2.84722
1.250 0.503 -12.317 4.20218
0.000 -0.268 -11.588 3.55487
0.063 1.253 -9.636 3.88283
0.465 0.876 -8.964 3.87095
0.105 3.705 -8.934 3.98341
1.392 1.889 -8.409 2.19041
0.250 2.408 -8.701 2.35677
3.470 5.853 -7.540 3.83955
0.053 4.657 -7.837 3.99998
1.277 7.015 -7.395 2.90030
0.467 8.128 -5.646 2.97811
0.120 7.237 -6.440 3.12961
1.423 9.265 -5.445 4.72114
1.005 7.423 -4.242 3.61747
1.135 6.106 -3.486 3.64463
0.157 8.731 -6.018 3.53771
0.000 8.022 -5.433 3.16107
0.080 6.665 -5.599 3.17261
0.000 6.873 -5.113 3.08929
0.233 5.637 -5.078 1.98278
0.040 6.677 -5.802 2.98427
2.040 8.573 -5.595 3.49621
7.798 5.459 -5.816 3.31540
0.000 6.750 -5.833 2.30148
0.203 9.194 -4.699 2.34744
0.970 7.502 -5.012 1.97350
0.895 13.178 -4.814 3.46505
0.640 8.976 -5.290 2.75749
0.528 3.977 -5.138 2.77206
0.940 4.133 -6.851 2.74590
0.000 -2.388 -4.709 2.00570
0.008 8.982 -6.040 2.13556
1.657 11.006 -3.577 2.38978
1.088 7.035 -6.577 2.56905
0.195 5.765 -5.589 1.81996
0.000 10.698 -3.972 1.00953
1.077 12.402 -3.373 1.90637
0.360 13.218 -4.220 4.24542
2.142 12.564 -2.768 2.83301
4.385 7.480 -4.998 2.67629
1.675 6.534 -3.813 1.81260
1.332 7.501 -4.480 1.65614
2.130 11.770 -3.702 1.32541
1.045 12.161 -3.179 2.45872
2.105 9.754 -3.688 2.46246
5.500 10.993 -1.798 1.16398
4.820 8.073 -2.692 1.43032
1.200 7.858 -2.825 1.63726
7.852 7.112 -3.597 2.14850
1.095 7.450 -3.654 2.30442
1.703 8.968 -2.319 2.50187
2.860 10.577 -2.373 1.72695
6.722 9.121 -3.856 1.26226
2.220 9.860 -5.051 1.53898
0.078 14.005 -3.071 1.35796
3.255 14.469 -2.100 2.71076
6.728 13.537 -2.201 1.69776
2.470 14.966 -2.360 2.62375
0.210 14.500 -1.861 2.30096
0.800 16.234 -1.180 3.38821
2.600 14.198 -0.827 1.35753
3.455 14.410 -1.322 2.27473
6.277 12.265 -2.562 2.82533
10.432 8.692 -1.491 2.31656
2.040 8.040 -2.976 2.13742
1.152 10.591 -3.894 1.50569
2.680 11.541 -3.347 1.14345
9.368 15.284 -0.402 2.80928
9.295 9.068 -1.137 1.62998
0.540 12.246 0.043 2.08846
0.000 14.800 0.638 1.87654
1.207 15.443 0.231 1.09442
1.128 13.307 -1.005 1.80209
3.232 13.825 -0.485 1.76625
0.173 15.835 0.524 1.24204
1.335 12.577 -0.964 1.53886
3.300 13.249 -1.444 2.38365
0.000 13.933 -0.189 1.42256
0.252 16.172 -1.425 2.09903
1.115 16.735 2.157 3.66840
5.983 12.105 -0.296 2.45689
3.547 16.390 1.283 2.37257
11.117 16.346 0.904 2.80879
8.632 14.274 -0.130 1.66127
0.677 11.659 -0.183 2.32690
7.172 15.393 -1.384 3.30845
4.722 13.871 -0.316 1.60725
5.335 15.746 -4.871 3.01536
0.665 11.257 -1.678 2.34752
0.000 13.465 -2.149 1.46542
0.707 16.761 -1.958 1.89082
1.995 13.057 0.276 3.78757
7.430 15.968 0.909 1.65202
6.323 15.136 1.237 1.99701
4.843 15.797 0.874 2.28418
7.690 14.440 -2.284 2.00451
0.000 13.671 -2.826 2.27019
0.000 13.284 -0.859 1.77018
0.035 14.870 -0.193 1.15569
0.092 16.748 0.554 1.09829
5.445 16.409 1.302 1.73366
3.050 16.834 1.912 1.81056
0.670 14.708 2.537 1.76547
14.310 15.699 0.310 2.44293
8.725 14.114 0.964 1.91403
2.150 13.672 0.791 2.39369
6.943 13.456 1.356 1.91657
4.200 13.767 1.611 2.48153
0.937 12.647 -0.657 1.85066
0.000 15.497 1.375 1.63529
1.530 16.275 2.257 0.84788
6.090 15.470 1.707 2.14228
4.765 15.760 1.026 2.38317
0.000 15.255 0.909 1.63055
0.150 16.655 2.802 1.35748
5.513 14.477 1.494 2.06547
6.630 14.579 1.810 1.34663
7.012 16.549 2.796 1.12724
5.362 16.821 2.855 1.49573
0.265 17.891 2.041 1.67746
3.602 17.373 5.065 1.12553
6.190 16.945 3.719 1.06080
0.925 16.975 2.875 1.73579
2.643 16.482 2.402 1.23704
4.995 14.625 -0.026 1.41531
6.077 13.350 0.541 1.64607
1.167 12.611 0.453 1.37311
0.483 13.256 0.440 1.43322
0.265 14.880 0.697 1.24958
0.128 15.928 0.265 1.42692
3.280 16.228 0.465 2.02675
0.000 12.725 -0.809 1.44922
0.157 13.031 -0.258 1.32782
1.693 14.523 -0.107 1.34113
0.427 13.558 -0.463 1.59842
4.545 11.514 0.948 1.15165
5.057 14.407 0.386 3.09897
4.540 11.719 -1.255 2.69210
0.000 13.740 0.399 1.56401
5.773 13.243 0.611 1.77004
13.067 14.801 0.383 1.73538
1.780 17.170 0.676 1.68348
1.720 16.905 2.392 2.71025
1.830 14.512 1.318 1.30344
5.030 13.840 1.606 1.55776
6.515 13.929 1.884 1.74592
7.743 16.009 2.744 1.71665
0.200 13.796 0.651 1.88830
3.028 14.921 -0.620 1.59030
0.597 14.459 0.541 1.08695
3.783 14.865 0.992 2.41606
3.923 11.673 -2.701 1.67228
5.532 6.153 -4.416 2.00433
1.082 8.172 -4.030 1.31352
3.052 9.036 -1.749 1.56932
3.025 12.266 -2.764 2.49307
1.087 9.245 -4.225 1.52525
0.000 7.863 -2.826 1.78525
0.737 8.206 -2.769 1.13499
11.760 11.314 -2.304 2.63982
3.207 11.775 -3.220 2.04886
1.980 12.462 -1.501 1.86697
0.210 13.352 -2.555 1.35376
4.592 12.675 -1.212 1.61967
2.412 12.281 -0.214 1.36566
4.867 12.123 -1.157 1.47631
3.543 12.432 -1.983 1.96619
1.875 10.209 -2.392 1.56860
1.845 9.506 -1.308 2.18790
8.482 11.475 -2.624 2.02640
0.832 9.246 -3.366 1.42630
0.235 10.940 -2.420 1.66809
0.935 13.473 -1.769 1.70583
4.265 13.622 -0.851 1.57264
0.780 14.382 -0.557 1.95655
3.060 15.506 -2.394 1.91608
0.000 13.325 -1.154 1.90485
0.000 13.648 -2.753 2.36348
0.000 14.261 -2.676 1.91540
0.540 13.305 -2.898 1.84957
0.248 13.224 -2.733 2.59283
1.695 12.845 -1.960 2.13080
7.197 10.273 -1.070 1.08906
0.825 10.113 -0.835 1.25430
4.365 12.049 -1.248 1.43043
8.310 11.957 -1.922 2.21867
3.728 10.596 -2.945 1.65463
0.000 8.781 -6.117 2.18492
0.013 7.668 -5.716 2.00450
0.035 8.279 -5.196 2.16883
0.183 10.064 -4.851 3.02087
3.077 7.498 -3.481 2.42571
8.933 5.855 -3.070 1.60477
10.707 5.160 -4.260 1.45725
11.822 5.234 -4.595 1.49946
4.075 2.951 -4.266 1.50872
0.388 4.375 -7.864 1.92597
0.000 5.126 -7.835 2.09409
0.000 4.769 -6.838 2.60401
0.003 4.806 -6.858 1.81962
0.573 6.279 -5.781 1.85874
0.235 6.530 -5.747 1.53599
0.735 4.130 -6.675 2.11500
1.133 4.640 -6.702 2.78736
0.000 4.541 -6.288 2.58434
0.370 3.531 -10.395 2.95421
0.000 1.325 -10.600 1.54707
0.215 1.912 -9.006 2.10858
1.047 2.132 -8.910 2.51385
0.688 2.537 -8.781 1.60331
3.882 1.568 -8.851 2.14069
2.002 0.571 -10.886 1.46402
0.087 -0.551 -16.131 1.49404
0.090 -0.858 -16.423 1.45533
0.000 0.447 -11.895 1.67445
0.000 0.341 -12.197 1.34299
0.477 -0.031 -14.679 1.68097
0.000 0.220 -14.875 2.38972
0.018 3.360 -13.206 2.97610
0.025 1.874 -8.409 3.04719
0.240 -2.920 -16.591 3.11759
0.000 -4.335 -17.012 2.44380
0.000 1.584 -15.925 2.67424
0.000 1.927 -13.521 2.53570
0.000 3.813 -13.568 2.12041
0.000 6.544 -11.253 2.56119
0.000 6.139 -10.495 2.71207
0.000 5.305 -10.269 2.80558
0.000 3.399 -10.953 3.37594
0.000 2.039 -11.712 3.56263
0.000 1.643 -13.036 3.65549
0.000 2.308 -13.619 3.87890
0.000 2.942 -13.785 3.20442
0.000 3.925 -12.899 3.31672
0.147 4.998 -12.447 3.13573
0.105 2.596 -10.874 3.12044
0.000 1.159 -11.120 3.73710
0.032 -5.461 -16.859 4.20349
0.000 -2.238 -17.044 2.65296
0.005 -2.151 -13.848 1.93998
0.000 -5.600 -17.584 3.13713
0.000 -4.839 -17.840 1.65027
0.000 -1.640 -15.648 2.90684
0.000 -1.725 -15.418 2.63024
0.000 -2.272 -15.872 3.18903
0.000 -0.417 -14.957 2.69117
0.000 0.068 -14.622 3.01509
0.000 1.782 -15.524 3.52116
0.000 -1.936 -16.076 2.72738
0.000 -2.260 -16.683 2.01913
0.000 -0.264 -16.964 3.08073
0.000 -1.443 -18.038 2.90915
0.000 -7.224 -22.130 3.76025
0.000 -2.493 -22.334 3.11607
0.000 0.657 -15.141 3.43838
0.000 1.752 -14.177 2.67258
0.000 1.271 -14.998 3.43122
0.000 -1.511 -15.502 3.70434
0.000 -1.151 -16.313 2.74360
0.000 -0.274 -16.675 2.77293
0.000 -1.318 -17.595 2.94494
0.000 -1.939 -17.902 2.50529
0.000 -0.705 -17.585 2.57286
0.000 -0.593 -16.792 2.60917
0.000 0.236 -16.785 3.06425
0.000 3.264 -14.627 3.05795
1.033 2.398 -11.320 3.05577
0.000 0.952 -14.822 3.25355
0.695 -2.036 -17.049 2.94857
0.000 -3.263 -17.105 2.55527
0.000 -4.970 -18.296 2.78355
0.000 -4.446 -18.620 2.43835
0.000 -6.039 -18.116 2.40881
0.000 -4.940 -18.504 2.49985
0.000 -5.650 -18.437 2.28902
0.000 -5.832 -18.636 1.93030
0.000 -5.254 -13.631 2.50864
0.000 -9.081 -14.724 1.76067
0.000 -9.506 -21.015 3.33864
0.000 -7.583 -21.247 3.77194
0.065 -3.461 -18.352 2.95637
0.000 -5.199 -17.249 2.78482
0.000 -9.299 -18.421 1.75716
0.000 -5.168 -19.623 3.13513
0.000 -4.861 -19.560 2.41195
0.000 -3.799 -19.934 2.90506
0.000 -4.741 -20.303 2.80709
0.000 -4.201 -19.536 2.23035
0.000 -4.100 -19.755 2.76928
0.000 -2.974 -19.042 2.57307
0.000 -3.534 -18.887 2.85846
0.000 -1.736 -16.908 3.37926
0.000 -0.930 -16.886 4.03093
0.000 0.406 -16.327 3.62918
0.000 2.128 -15.302 3.66236
0.000 0.869 -15.504 4.68462
0.003 -2.251 -16.109 3.45626
0.000 -3.989 -16.558 4.87692
0.000 -0.018 -16.060 4.55932
0.000 0.289 -13.790 4.21653
0.157 1.504 -13.348 5.01591
0.003 1.842 -10.858 5.11341
0.188 -1.392 -12.315 4.23192
0.000 0.715 -14.655 4.04737
0.005 -2.155 -16.792 4.06886
0.000 0.978 -17.006 3.03790
0.000 0.568 -16.609 3.36108
0.037 0.429 -12.749 2.97448
0.000 -3.165 -15.334 3.12278
0.000 -2.981 -16.446 2.75236
0.000 -2.835 -16.817 2.72867
0.000 -0.464 -16.361 3.53856
0.000 1.518 -15.897 2.67988
0.000 2.091 -15.653 2.94753
0.000 1.303 -15.835 3.27347
0.000 1.496 -15.481 2.04395
0.000 0.450 -15.436 2.79880
0.000 3.214 -15.652 2.53628
0.000 3.753 -14.664 4.70943
0.000 -2.486 -14.957 5.28084
0.000 1.440 -14.742 5.11517
0.000 1.932 -13.674 3.94566
0.000 1.714 -14.016 4.11692
0.000 3.632 -14.078 3.74752
0.000 2.104 -11.890 4.67472
0.602 0.861 -11.105 4.57641
0.037 -1.399 -14.425 4.63167
0.003 0.759 -14.804 4.47807
0.000 -2.586 -12.704 5.52789
0.000 -4.543 -15.746 4.99262
0.000 -0.960 -15.916 4.09739
0.442 -2.779 -14.421 3.34077
0.000 -4.543 -14.603 3.28346
0.000 -1.614 -14.875 2.95059
0.062 -3.477 -12.202 3.37024
0.000 -3.632 -13.997 6.18439
0.000 -6.497 -19.030 4.88708
0.033 -1.358 -18.550 3.97738
0.000 1.255 -13.530 4.60664
0.000 1.093 -12.810 2.81196
0.000 -0.475 -13.840 3.94987
0.000 0.885 -13.775 5.21909
0.000 3.765 -12.231 5.08099
0.000 2.040 -10.804 4.41432
0.000 4.753 -10.344 5.24970
0.000 4.177 -9.937 5.87589
0.185 1.201 -11.118 6.10639
0.000 -7.387 -20.841 6.36521
0.053 -0.133 -20.420 2.91605
0.000 4.229 -15.289 3.82070
0.000 4.073 -12.652 3.57231
0.000 1.833 -10.842 2.94818
0.150 0.633 -10.440 2.95958
0.035 2.157 -10.155 1.91597
0.002 2.772 -10.141 3.46876
0.153 1.630 -11.129 3.60083
0.000 3.289 -10.333 3.65573
0.082 3.002 -9.976 3.87050
0.000 2.825 -9.872 2.79973
0.000 4.729 -9.391 1.62669
0.445 4.899 -7.449 3.34578
0.175 1.697 -7.481 4.20326
0.000 1.234 -9.306 3.94099
0.145 4.848 -8.683 2.99354
0.130 1.258 -9.036 3.62648
0.000 0.998 -8.329 2.47040
3.793 1.838 -8.090 1.61657
0.000 0.107 -12.001 3.76782
0.000 5.500 -10.479 4.25003
0.038 5.311 -6.685 3.58193
0.255 7.282 -5.786 3.28128
0.175 4.635 -9.140 2.77652
0.000 7.109 -7.642 3.14827
0.005 7.476 -5.542 3.95192
1.132 7.203 -6.474 3.27309
0.275 6.665 -4.723 2.69532
0.460 3.063 -6.555 3.06718
0.390 3.473 -7.603 3.10295
0.005 3.541 -7.738 2.78719
1.475 6.439 -6.403 1.30932
0.122 5.540 -6.367 2.36475
1.155 10.630 -4.880 2.26064
1.018 13.325 -2.713 4.69580
3.605 11.094 -3.080 3.29980
0.212 6.955 -4.788 2.33992
1.445 7.339 -3.260 1.77479
0.158 5.514 -7.143 1.98960
0.467 9.664 -5.336 3.77042
0.832 11.515 -3.943 3.84859
1.657 13.561 -3.796 4.24629
0.053 14.728 -3.622 2.90387
0.000 15.772 -4.148 2.81886
0.245 15.097 -5.198 4.31105
0.425 10.597 -5.536 2.58185
0.215 10.398 -5.525 2.73697
0.657 13.921 -4.446 4.41767
1.693 12.322 -4.884 2.59761
0.000 9.108 -6.044 2.19668
0.082 11.444 -3.864 2.66662
2.560 13.034 -2.906 3.52413
0.793 11.796 -3.733 2.95209
0.000 10.895 -4.226 2.76900
0.552 14.209 -3.257 2.91234
0.010 14.821 -3.399 3.10023
5.337 13.146 -1.646 3.04779
4.162 8.189 -3.150 2.49981
0.175 10.610 -3.804 3.10765
0.735 6.464 -3.959 2.71150
0.138 11.029 -4.197 5.30889
0.008 8.051 -5.389 3.95649
4.718 7.860 -6.042 3.65615
0.058 9.268 -4.179 2.41068
1.392 7.567 -4.049 3.60725
0.018 10.245 -4.079 2.70828
1.153 5.386 -8.177 2.96733
0.000 10.559 -4.755 2.87976
0.958 14.574 -3.472 2.83200
2.885 13.143 -3.574 3.07027
4.143 10.439 -1.712 2.15752
2.540 13.502 -3.271 3.96733
0.360 13.643 -2.589 2.64159
1.187 14.645 0.107 3.27225
0.065 16.135 0.377 5.88135
2.768 17.538 -4.013 4.56515
0.145 11.881 -3.427 2.21312
0.035 14.540 -2.965 2.95166
8.280 12.959 -2.870 2.34430
13.095 11.595 -1.781 2.52204
3.380 5.472 -6.393 2.04694
0.000 10.012 -4.313 1.93971
1.158 14.799 -1.698 1.78903
0.000 13.499 -1.014 1.71577
1.272 16.064 -1.430 2.23811
1.707 12.905 -0.237 2.37129
8.608 15.162 0.382 2.54973
0.305 16.371 0.516 2.61669
0.185 17.392 -0.669 3.28698
0.395 15.998 -1.151 3.24275
1.277 12.288 -2.294 1.80161
2.580 12.369 -0.628 2.39132
7.157 14.868 -1.111 2.50999
2.783 14.476 0.260 2.44873
4.800 15.110 0.273 1.37597
0.235 16.984 1.173 1.89442
0.005 17.649 1.419 2.58593
5.135 18.275 1.527 1.99086
2.123 18.557 2.305 1.83655
0.185 17.998 2.312 1.95417
3.127 16.610 3.673 1.00700
16.948 15.283 4.320 1.37052
8.367 15.583 3.097 1.20655
2.870 17.247 3.371 2.03784
3.767 16.624 2.796 1.35977
1.490 17.434 3.257 0.90338
7.787 17.930 2.956 1.29675
4.323 18.016 2.511 1.43216
4.532 14.887 2.105 1.76397
3.055 17.850 3.020 2.45578
3.700 15.624 1.775 3.40002
2.568 15.990 1.905 3.36702
1.038 17.474 1.892 2.76666
3.655 16.223 2.647 1.81936
7.523 17.299 2.689 1.32387
3.758 17.694 3.507 1.74341
12.457 17.217 2.369 2.60663
7.018 15.266 2.465 1.63454
0.933 15.613 1.777 1.95504
3.048 15.588 3.925 1.24909
2.250 14.982 2.827 1.90449
0.410 16.114 1.554 1.94494
1.235 16.736 2.665 2.74687
1.183 18.230 1.983 3.34764
0.735 18.194 2.957 2.41553
15.825 18.257 4.143 1.76850
2.938 16.696 5.313 1.68482
1.723 17.061 3.040 1.80032
0.050 18.541 2.117 1.78177
0.087 18.910 1.964 1.89213
0.995 18.279 2.082 1.74678
4.005 18.477 2.724 1.60769
18.540 19.068 3.547 2.02954
2.233 17.808 4.433 1.75254
7.172 16.797 0.557 2.59048
0.203 13.912 0.796 1.99705
0.018 12.467 -0.367 1.73330
4.877 14.372 1.658 0.99955
4.742 15.765 1.923 3.22698
5.857 15.834 2.169 1.45978
8.615 16.498 4.217 1.09064
4.710 14.968 1.853 1.84782
6.577 16.895 2.627 1.65278
0.765 13.968 0.235 1.52149
0.132 14.753 0.950 1.48952
0.045 14.953 1.482 1.42682
1.603 16.551 3.382 2.12924
31.788 12.867 2.136 1.69641
8.142 15.208 1.155 1.12579
2.450 14.762 1.485 1.17975
17.687 14.010 1.822 1.44751
4.343 12.647 1.793 1.50003
0.132 13.401 0.447 2.05156
0.005 12.852 0.084 1.47808
1.180 14.814 -0.031 1.04363
11.998 14.789 1.112 1.72628
1.425 11.030 -0.928 1.12008
2.400 14.871 0.991 2.68922
4.078 14.042 1.107 1.31905
0.003 15.444 0.953 3.22947
0.858 14.871 1.586 2.87549
5.770 15.227 1.673 1.69859
8.608 15.533 1.195 1.56447
2.847 15.024 0.276 1.84234
26.165 13.886 0.065 2.42312
0.043 11.562 0.689 0.94195
4.900 14.040 -0.151 1.21187
3.005 14.382 0.648 2.50018
0.302 12.970 -3.029 2.05445
0.000 11.948 -2.315 1.82375
0.000 12.992 -1.658 1.02329
0.130 15.104 -1.299 1.36901
5.995 14.909 -0.889 2.69034
4.770 14.707 -0.154 2.78054
1.890 13.876 0.031 2.03174
0.000 16.271 -0.767 2.09527
0.000 16.214 -1.883 2.41058
0.072 15.233 -0.301 2.34927
0.000 16.227 -1.381 2.12737
0.232 15.390 -0.270 1.78571
2.552 14.996 0.273 1.56956
2.722 15.269 0.540 1.21797
0.805 15.399 -0.773 1.97141
1.463 15.258 0.902 2.01986
2.633 15.655 0.622 2.12741
2.618 14.585 -0.612 1.79840
1.630 14.542 0.108 2.00798
0.343 14.635 0.631 1.46147
0.210 14.818 0.941 1.37336
2.100 14.248 0.610 1.46695
6.418 13.856 -1.261 1.94832
1.835 8.149 -3.123 1.48424
0.052 10.569 -3.321 1.11978
3.822 11.485 -2.593 1.53834
0.112 9.936 -2.818 1.35169
1.772 7.420 -2.498 1.13032
1.737 5.541 -4.150 1.35609
0.000 8.957 -4.505 1.92363
0.195 11.163 -3.919 1.63270
1.690 12.541 -4.832 1.83317
2.052 12.213 -3.996 1.43815
1.925 8.929 -3.039 1.14448
2.045 10.832 -2.918 1.38989
2.082 8.507 -4.214 1.03773
0.000 6.894 -4.937 1.81682
0.133 9.738 -4.711 0.99812
1.202 9.722 -3.429 2.21244
3.820 11.484 -2.243 2.66161
1.438 12.995 -1.560 3.47221
0.478 12.510 -1.999 3.54235
0.000 9.258 -3.088 2.20751
0.110 9.429 -5.801 3.15537
0.000 8.350 -5.730 2.60133
1.188 7.329 -5.823 2.25397
0.752 6.768 -5.691 2.23659
2.465 9.226 -5.246 2.69804
0.468 9.367 -4.887 1.74636
2.587 9.498 -5.371 2.28446
2.930 10.214 -6.240 2.91482
4.235 7.855 -6.252 2.37149
4.830 6.540 -5.711 2.47688
2.277 4.166 -7.038 2.54021
0.063 4.006 -7.028 1.63693
0.840 5.979 -7.309 2.33070
0.120 6.557 -7.642 3.45747
0.000 6.691 -7.535 3.40723
0.000 7.116 -7.097 2.74216
0.045 6.279 -7.518 2.44619
0.000 5.888 -7.578 2.27904
0.165 5.776 -7.472 2.43018
1.313 6.327 -7.475 2.29136
0.000 6.335 -6.804 2.24470
0.340 4.366 -7.118 1.44714
1.285 2.436 -7.183 1.25560
0.000 3.983 -7.366 3.11404
0.000 3.408 -9.339 2.51240
0.000 3.410 -10.420 1.96740
0.133 2.660 -10.616 2.13378
0.000 1.546 -11.110 2.52436
0.160 1.301 -11.167 2.46206
0.000 2.439 -9.359 2.05756
0.000 3.540 -9.798 2.94777
0.000 3.303 -10.000 3.61016
0.000 1.799 -11.479 4.07128
0.000 4.644 -11.704 2.78265
0.000 6.651 -8.245 2.54506
0.000 7.670 -4.895 4.55280
0.000 6.483 -5.561 5.49473
1.780 5.524 -5.701 4.47571
0.272 1.444 -8.479 4.31702
0.023 -0.021 -10.556 4.42778
0.000 -1.987 -12.002 3.26240
0.170 -5.769 -20.356 3.52645
0.000 -7.412 -21.217 1.96508
0.000 -1.843 -21.143 2.55479
0.000 0.163 -18.291 2.57613
0.000 -0.784 -17.662 2.59973
0.000 2.542 -16.105 2.48878
0.000 1.413 -15.340 2.62706
0.000 -2.194 -16.284 3.91698
0.000 1.925 -16.187 3.17949
0.010 2.129 -14.218 2.75258
0.000 1.186 -13.039 2.55970
0.000 -1.540 -13.647 2.80902
0.000 -0.372 -15.729 2.92681
0.000 -1.476 -16.129 3.35163
0.000 0.280 -16.075 2.41012
0.000 1.317 -14.680 3.00486
0.000 -0.073 -14.809 3.24914
0.000 -1.515 -17.031 3.47625
0.000 -1.954 -17.597 2.84793
0.000 -2.913 -18.242 3.51335
0.000 1.563 -15.440 3.91119
0.000 1.891 -14.458 2.87646
0.000 0.005 -13.495 3.37749
0.000 1.352 -11.451 3.34024
0.000 -4.197 -18.536 3.18412
0.003 -2.274 -18.866 2.84065
0.000 -3.556 -16.233 3.43767
0.075 -2.407 -16.752 3.11023
0.000 -3.883 -17.938 2.87059
0.000 -10.016 -20.071 1.05583
0.000 -6.003 -20.426 3.02688
0.000 -2.686 -19.785 2.96113
0.000 -4.262 -19.135 2.64068
0.000 -5.157 -17.173 2.14539
0.000 -9.921 -18.586 1.33188
0.000 -8.314 -20.912 3.20008
0.000 -10.477 -24.086 3.98698
0.000 -7.130 -24.350 2.59904
0.000 -5.876 -19.429 2.23376
0.000 -5.454 -19.512 2.58816
0.000 -1.041 -18.856 2.35475
0.000 -7.447 -20.308 1.93805
0.000 -6.121 -20.946 2.65915
0.000 -5.503 -21.152 3.18033
0.000 0.139 -20.670 3.17600
0.000 1.593 -17.505 2.89077
0.000 -4.918 -18.276 2.74160
0.000 -3.348 -19.816 3.95297
0.000 -3.434 -20.077 2.73817
0.000 -0.551 -18.793 3.17887
0.000 -2.635 -18.795 3.80892
0.000 -2.358 -19.337 4.17603
0.000 -3.791 -19.745 3.54075
0.000 -1.936 -19.020 3.69311
0.000 -2.313 -18.701 2.51350
0.000 -1.400 -18.510 2.91622
0.000 -3.301 -18.704 2.18398
0.000 -2.352 -17.222 3.18560
0.000 0.718 -17.308 2.66183
0.000 -0.400 -16.927 3.32963
0.000 -1.792 -16.727 3.67149
0.000 -6.167 -19.029 3.86269
0.000 -2.548 -19.149 2.44774
0.000 -6.214 -18.405 2.10597
0.000 -3.765 -18.715 2.94732
0.000 -4.783 -17.233 3.63855
0.000 -4.550 -13.719 2.92840
0.000 -6.064 -19.203 3.02247
0.000 -3.511 -19.395 3.39906
0.000 -1.628 -16.180 3.61998
0.000 -1.423 -14.543 2.57533
0.000 -2.229 -17.792 3.99389
0.000 -2.434 -17.864 3.39986
0.000 -3.151 -16.392 3.44560
0.000 -3.558 -15.864 3.37853
0.000 -7.040 -18.604 2.58975
0.000 -4.527 -19.651 3.12521
0.000 -3.917 -19.814 3.33081
0.000 -1.619 -19.827 3.83714
0.000 0.303 -16.848 4.20550
0.000 0.842 -15.684 4.15885
0.000 2.330 -15.651 4.90932
0.000 0.187 -15.064 4.82690
0.000 -0.153 -16.176 4.08478
0.000 1.471 -16.327 5.14022
0.000 -2.092 -13.055 5.29786
0.000 -0.370 -13.729 4.97734
0.000 -1.122 -13.953 6.01218
0.000 -2.069 -14.348 5.49317
0.000 -1.808 -14.625 4.10861
0.000 -6.704 -19.724 3.83900
0.000 -2.159 -19.546 2.69616
0.000 -1.331 -16.863 2.62905
0.000 -0.212 -16.138 2.92816
0.000 2.259 -14.358 2.83046
0.000 0.875 -13.927 3.64977
0.000 -0.606 -12.695 2.44323
2.597 -1.183 -13.782 2.94066
0.000 0.886 -13.843 3.12572
0.000 0.583 -13.616 2.98489
0.000 1.878 -13.624 3.81926
0.000 3.590 -12.762 4.09381
0.058 0.107 -14.534 4.39255
0.000 -0.578 -14.505 4.49081
0.002 0.507 -11.945 5.04579
0.000 1.144 -11.616 5.65745
0.000 1.061 -11.134 5.69101
0.085 2.195 -11.896 4.78620
0.000 -0.905 -11.902 3.86033
0.000 1.302 -13.965 3.09367
0.000 1.424 -13.898 2.47212
0.000 4.299 -11.967 2.91454
0.000 5.703 -10.669 3.05545
0.000 4.401 -7.681 4.23608
0.000 1.406 -7.957 3.31348
0.000 -0.704 -13.210 3.20340
0.260 1.890 -12.995 2.74070
0.000 0.232 -10.811 1.38468
0.000 4.257 -10.585 1.73267
0.000 5.417 -7.145 3.22458
0.000 7.188 -6.619 2.93938
0.018 11.938 -5.649 4.82148
0.080 7.655 -4.499 4.66551
0.385 7.526 -5.327 5.51371
0.000 8.286 -4.807 3.73983
0.010 5.987 -5.624 3.39978
0.000 7.320 -7.033 4.06782
0.520 -0.333 -6.716 3.62782
0.317 2.928 -8.401 2.84226
0.987 5.833 -8.550 3.43540
0.000 5.885 -7.210 4.38936
0.785 2.922 -9.645 4.02411
0.000 1.843 -9.086 2.97799
3.285 1.658 -7.724 2.89315
0.250 3.722 -7.274 3.71627
0.617 4.035 -7.491 3.43218
0.000 7.171 -5.884 3.88992
0.003 5.289 -9.604 3.83839
0.000 0.149 -9.475 4.87352
0.002 9.314 -7.177 4.54158
0.312 7.322 -4.507 3.50581
0.070 4.553 -7.042 3.18361
0.050 7.099 -6.710 4.07142
0.000 11.695 -4.808 3.55849
1.557 10.861 -5.655 5.66493
0.000 7.293 -5.655 3.71871
0.008 9.238 -5.873 3.10295
0.000 10.857 -4.795 2.84756
0.922 10.046 -6.863 2.51263
0.003 12.105 -4.796 4.10762
0.485 12.008 -4.049 4.70687
0.367 10.131 -4.246 3.52863
0.238 10.581 -5.842 3.26317
0.338 8.357 -5.060 2.00100
0.702 12.167 -4.866 4.44683
0.317 10.642 -7.457 5.00541
1.472 2.738 -8.179 2.80564
0.910 2.745 -7.790 2.38001
0.005 6.249 -7.058 1.88188
0.000 8.718 -4.270 2.14924
0.185 9.448 -3.792 1.91476
0.453 8.924 -4.112 1.21190
0.772 13.570 -3.594 2.15605
7.000 10.511 -2.276 3.38881
8.738 8.792 -3.726 1.54667
0.000 12.764 -4.551 2.35463
0.000 15.490 -3.883 2.53430
3.070 15.735 -2.039 2.99734
3.530 12.101 -3.296 3.42701
1.850 10.099 -2.414 2.24964
1.442 6.620 -5.190 2.18979
1.650 10.218 -2.508 1.89506
2.228 11.704 -3.329 2.37538
0.092 10.427 -4.513 2.27382
0.627 11.782 -2.492 2.39893
2.125 5.970 -5.636 2.06409
1.738 9.036 -5.884 3.09155
1.002 9.357 -6.136 3.20984
1.265 13.804 -4.882 4.00247
2.335 16.668 -3.112 4.23302
1.037 13.024 -1.596 4.25515
4.460 14.876 -1.575 3.89983
0.558 11.535 -5.179 3.05014
1.072 12.967 -3.659 2.23684
0.235 15.695 -4.846 2.70559
1.285 15.257 -2.364 4.28860
11.807 11.036 -2.174 2.39623
0.130 7.191 -3.957 1.64663
0.063 11.406 -2.080 1.16662
1.690 7.927 -4.565 1.15680
2.270 14.425 -2.127 3.02443
0.375 14.414 -1.914 3.90210
11.995 10.598 -3.224 2.63068
1.972 9.310 -4.842 1.73474
0.495 11.506 -1.781 1.94697
2.132 10.842 -3.445 1.95035
0.275 15.253 -0.032 2.04083
1.570 10.815 -2.696 2.80397
8.173 9.426 -3.806 3.06094
0.395 15.167 -1.858 3.23036
0.603 13.363 -1.212 1.87337
1.150 18.490 0.350 3.99236
0.933 16.713 0.058 3.57989
0.748 15.846 -1.537 3.54355
8.305 14.346 -1.281 2.72468
5.498 14.373 -1.449 2.16989
2.230 15.787 -0.753 3.28623
4.563 15.450 0.527 2.10287
1.918 14.485 0.384 1.06046
4.250 13.660 0.664 2.55959
13.699 17.140 0.886 3.72165
4.950 17.257 1.773 1.57145
3.922 15.739 0.543 1.35618
5.635 14.065 1.132 1.35585
2.325 17.129 1.740 2.50314
6.697 15.045 1.363 1.25374
3.252 14.851 0.360 1.71553
4.930 17.261 0.753 2.68217
5.240 16.681 1.081 2.60181
0.775 17.057 1.303 2.66694
6.527 18.098 1.531 2.97702
0.305 16.857 2.433 2.51921
0.440 17.332 2.870 2.02253
0.133 18.259 1.632 3.31274
0.515 18.712 1.681 2.43868
2.713 18.917 3.336 2.56746
0.703 16.789 3.274 1.38448
6.057 19.151 3.697 1.23855
23.058 19.176 5.126 1.55880
2.515 17.228 3.464 1.24157
1.500 17.150 2.873 1.41312
5.090 15.334 2.825 1.66329
9.308 16.949 2.417 1.84424
5.512 15.988 1.382 2.44280
7.970 15.678 1.564 1.76481
2.150 15.658 2.354 1.89221
4.060 17.731 5.584 0.98548
11.812 16.402 4.907 0.94306
1.545 15.469 2.196 1.65067
3.547 15.369 -0.330 2.36747
0.000 13.418 -0.356 2.20956
2.047 14.142 -0.769 1.08249
0.622 17.690 2.252 1.81935
3.533 17.303 3.088 2.34350
12.918 15.064 4.154 1.30282
0.180 17.748 3.138 1.52835
0.487 18.658 2.259 1.40079
4.760 16.907 2.270 1.49838
1.425 15.156 -0.214 2.14049
0.775 17.353 3.021 1.17493
1.472 17.783 4.548 1.34061
1.017 17.522 4.426 1.38229
0.755 17.953 3.394 1.68968
0.072 19.033 5.195 1.23707
1.080 17.003 5.106 1.28778
5.082 17.050 4.906 1.04237
12.082 17.175 4.427 0.95693
27.512 16.935 4.365 1.46355
0.200 17.153 3.091 1.30484
3.187 17.875 3.580 1.12572
2.093 17.995 2.466 1.28231
1.977 17.676 3.415 0.87049
0.630 18.714 3.841 1.02885
4.470 18.514 3.235 1.44597
0.430 19.260 2.674 1.85641
0.050 18.969 3.282 1.64381
3.942 19.934 4.778 1.19584
0.020 17.829 1.923 1.93361
0.000 19.673 2.023 1.52586
0.817 19.326 3.534 1.79249
9.485 16.083 3.286 1.31887
5.925 15.877 2.913 1.67711
1.672 16.546 2.434 1.95295
7.092 14.455 1.303 1.52894
3.675 14.276 1.577 2.26453
7.600 12.549 -0.075 1.70318
2.885 12.270 0.024 1.51956
2.837 11.369 -0.485 1.24572
3.342 14.644 1.353 1.52202
9.498 11.018 1.458 1.10979
0.968 15.820 1.191 1.42949
9.615 16.129 2.397 1.47878
6.713 12.221 -0.725 2.64246
0.252 11.687 0.470 1.18209
0.245 14.223 0.018 1.12068
0.222 13.861 -1.130 1.18899
0.000 14.279 -0.488 1.25571
9.390 13.412 -2.494 1.56161
5.027 9.154 -1.532 1.34282
10.365 10.146 -3.838 1.42727
1.247 11.637 -4.044 1.73035
8.462 13.618 -1.567 1.81077
8.185 9.722 -0.675 1.76728
3.485 11.634 -2.148 1.21717
0.665 12.374 -0.837 0.75862
1.062 11.606 0.340 1.08262
4.590 13.175 -1.348 1.39286
0.000 14.958 -0.672 1.20684
0.767 15.394 -0.882 1.58776
0.053 15.117 -1.163 1.81197
0.858 12.632 -0.743 2.36350
1.160 13.964 -0.862 1.96213
1.817 14.400 0.359 1.27785
0.725 14.350 0.155 1.34980
7.467 13.686 0.610 1.63051
0.195 12.679 0.109 0.94439
2.182 13.338 -3.211 1.88755
0.035 14.001 -2.919 3.11039
2.985 13.153 -2.754 2.64501
6.805 11.781 -2.109 2.08332
5.433 11.668 -2.363 2.24684
7.078 11.167 -3.962 2.30336
0.000 10.633 -4.224 1.88135
0.098 9.983 -4.556 2.50086
0.842 10.933 -4.326 2.25781
1.337 9.443 -3.906 1.64717
0.410 6.808 -4.628 1.28549
6.280 7.914 -4.190 1.19490
1.000 5.998 -4.729 1.05476
8.192 4.932 -7.807 1.46112
0.000 4.595 -7.530 1.13567
0.115 6.656 -5.828 0.80987
0.350 7.754 -4.077 1.59583
5.090 9.266 -6.664 2.50934
3.307 3.805 -6.498 1.94418
5.450 6.917 -4.632 2.59954
2.877 6.762 -5.977 2.25804
0.030 6.960 -5.898 1.92497
2.392 6.001 -4.151 1.58078
0.882 7.208 -4.948 1.16069
0.723 8.541 -4.912 1.23013
1.513 5.786 -4.312 0.75020
0.000 6.685 -5.863 1.23911
0.000 5.809 -5.879 1.39463
0.000 5.846 -5.231 1.86798
0.353 4.867 -4.850 2.90192
1.145 6.234 -5.166 3.01367
0.360 7.525 -5.228 2.84597
0.435 6.938 -5.073 3.18749
0.000 7.069 -6.147 3.30220
0.285 5.430 -6.202 2.69064
1.843 4.196 -5.953 2.72610
0.875 2.819 -8.542 2.43891
0.000 3.414 -8.961 2.13818
0.000 6.679 -8.832 2.52613
0.388 6.361 -6.056 2.45139
6.287 3.973 -5.591 1.58760
0.000 1.699 -8.198 2.01924
0.000 -1.415 -13.891 1.77905
0.000 0.625 -14.055 2.63014
0.000 3.621 -12.518 2.79792
0.000 2.982 -8.657 1.92425
0.000 4.872 -9.844 2.97516
0.000 2.191 -12.566 2.03474
0.000 1.680 -12.787 1.93002
0.000 1.788 -13.139 2.42793
0.000 0.652 -13.497 2.25676
0.000 0.410 -12.539 2.06373
1.225 1.668 -10.539 2.37644
0.148 0.418 -9.554 1.37210
0.193 -0.205 -12.755 2.15310
0.000 1.700 -13.034 2.78195
0.000 0.596 -15.954 2.99632
0.065 -5.259 -16.349 2.10296
0.000 -3.533 -12.783 1.91435
0.040 0.002 -11.361 2.28225
0.000 -2.040 -13.835 1.99189
0.023 0.962 -14.017 3.73429
0.018 1.237 -13.098 2.66261
0.000 0.969 -12.573 2.60922
0.000 3.586 -12.652 3.05872
0.000 3.007 -12.806 3.36234
0.000 2.959 -13.255 3.25411
0.400 1.998 -13.434 3.18167
0.000 0.048 -15.565 2.48802
0.000 -2.352 -17.702 1.69059
0.000 -4.411 -18.015 1.78724
0.000 -2.046 -16.962 1.89178
0.000 -4.650 -14.957 1.46845
0.000 -1.566 -16.600 2.44298
0.000 0.667 -16.828 2.72448
0.000 0.286 -16.159 2.32374
0.000 -0.881 -16.507 2.07177
0.000 0.260 -16.757 2.36990
0.000 0.887 -16.176 2.63037
0.000 0.492 -16.194 2.95631
0.215 -0.517 -15.931 3.17679
0.000 -3.777 -18.563 2.29627
0.000 -4.513 -18.847 2.36290
0.000 -6.048 -19.405 2.46775
0.000 -9.361 -24.234 4.34746
0.000 -4.418 -24.502 2.43494
0.000 -1.086 -18.890 2.88504
0.000 -2.320 -19.057 2.89918
0.000 -3.758 -18.635 3.28826
0.000 -7.488 -18.190 3.30371
0.000 -5.154 -18.462 2.29959
0.000 -5.156 -17.799 2.32067
0.000 -3.310 -16.823 3.10143
0.000 -6.214 -22.412 2.97001
0.000 -10.130 -22.675 1.85293
0.000 -5.968 -22.155 2.74509
0.000 -4.112 -18.578 2.76968
0.000 -3.352 -18.930 3.28219
0.000 -3.317 -18.918 3.00500
0.000 0.646 -17.695 3.20401
0.000 -0.081 -17.239 4.07523
0.000 -4.585 -19.968 4.53634
0.000 -7.291 -20.570 3.79305
0.000 -4.999 -19.995 2.81537
0.000 -2.162 -20.113 3.54881
0.000 -0.089 -18.132 3.31080
0.000 -2.991 -19.202 3.98365
0.000 -2.956 -19.368 3.37051
0.000 -3.235 -15.584 3.39885
0.000 -6.925 -14.781 3.35659
0.015 -9.317 -22.043 3.27774
0.000 -8.679 -22.305 3.81690
0.000 -5.900 -19.952 3.88149
0.000 -2.517 -20.224 3.64594
0.000 -5.572 -19.971 2.89137
0.000 -4.320 -16.777 3.20617
0.000 -9.308 -16.292 1.79842
0.000 -9.363 -20.360 2.45975
0.000 -7.537 -19.379 3.21484
0.000 -11.153 -20.622 2.53941
0.000 -11.321 -21.269 4.41513
0.000 -6.410 -18.941 2.67280
0.000 -5.717 -15.400 3.23432
0.617 -4.964 -17.914 3.44740
0.000 -3.592 -18.374 3.76358
0.000 -3.038 -19.250 4.17124
0.000 -3.870 -19.461 4.14574
0.000 -9.041 -18.890 3.70307
0.000 -6.227 -19.384 3.92418
0.000 -5.958 -19.383 3.76660
0.000 -4.389 -19.600 2.16974
0.000 -6.006 -19.456 2.15249
0.000 -5.327 -19.975 2.82733
0.000 -4.940 -20.260 3.25888
0.000 -1.744 -19.707 3.39939
0.000 1.193 -18.238 3.37915
0.000 1.509 -16.526 2.82242
0.013 0.251 -15.042 3.54649
0.000 -0.304 -15.167 3.69646
0.000 1.548 -13.427 3.48242
0.000 -2.812 -13.793 2.05128
0.000 -0.843 -12.373 3.41778
0.000 -0.877 -14.332 2.89403
0.010 -3.225 -15.512 3.48564
0.000 1.015 -15.599 3.31664
0.000 1.825 -13.036 4.34309
0.000 0.992 -11.885 4.33144
23.920 0.359 -12.432 3.88455
0.000 -3.606 -12.814 3.86788
0.012 -4.601 -16.338 2.81903
0.000 -3.115 -16.502 3.03351
0.000 -2.975 -15.089 3.02763
0.013 -3.631 -15.696 2.69212
0.000 -3.809 -18.160 1.85013
0.000 -0.240 -18.221 3.10902
0.000 -0.564 -15.187 4.06465
0.000 -2.217 -15.128 4.89424
0.000 -3.351 -13.948 4.70608
0.105 -1.908 -14.431 4.95467
0.002 -3.960 -17.770 4.22978
0.000 -0.575 -17.622 3.01873
0.010 -0.199 -15.831 3.47583
0.385 0.769 -15.589 3.61798
0.180 0.695 -11.903 4.15918
0.380 0.644 -13.836 4.71577
0.000 0.429 -13.779 3.56955
0.000 0.788 -12.051 3.47366
2.213 1.187 -11.636 4.20035
0.002 -0.046 -10.038 2.15608
0.000 -0.820 -12.760 3.56276
0.000 -2.201 -12.287 2.13747
0.010 -1.516 -16.557 3.95065
0.000 -0.536 -16.468 4.17741
0.000 -6.226 -20.164 3.65447
0.000 -5.539 -19.959 3.04134
0.000 1.364 -17.952 2.27021
0.003 1.637 -13.055 4.27677
0.487 3.291 -9.669 5.53125
0.000 3.289 -8.962 5.58006
0.000 2.697 -6.567 5.94656
0.445 -0.030 -12.821 5.98476
0.000 1.426 -10.489 5.01600
1.135 2.865 -9.611 5.51995
0.140 0.123 -11.901 3.10291
0.000 -0.438 -12.554 2.57128
0.000 0.035 -13.030 3.83158
0.000 1.176 -12.750 1.51808
0.018 3.002 -11.197 2.95607
0.000 3.343 -9.782 3.27245
0.548 3.218 -8.855 2.94062
0.090 3.235 -7.462 3.22979
0.000 3.767 -6.885 3.35923
0.000 4.097 -7.646 4.16536
0.000 4.671 -6.751 3.75702
0.000 6.353 -5.573 5.42439
2.292 4.061 -5.568 4.24275
1.000 1.668 -9.501 4.25354
0.215 -0.558 -8.323 2.78452
0.073 0.679 -7.144 2.87526
0.000 3.165 -8.256 3.10894
0.463 2.207 -7.418 2.45744
0.470 1.024 -8.411 1.66440
0.308 5.673 -7.905 1.59058
0.000 8.181 -6.518 3.16570
0.005 4.372 -5.603 2.43442
3.305 3.592 -5.539 1.59874
0.380 3.247 -9.583 2.51410
0.000 6.487 -7.732 2.42216
0.920 11.769 -4.689 3.42813
0.002 8.005 -4.329 3.61124
8.418 8.313 -4.603 3.01735
0.000 6.767 -5.131 2.39819
5.605 3.340 -6.392 1.53394
13.365 3.536 -6.597 2.50169
1.805 1.089 -9.145 2.69135
0.000 3.814 -8.164 2.01687
0.000 6.669 -6.009 1.86083
0.000 8.089 -3.314 1.01052
0.000 8.590 -4.761 0.96798
0.038 10.315 -4.606 2.07722
0.750 12.368 -4.552 2.79296
17.375 5.637 -5.307 3.05151
6.033 5.626 -5.321 1.36681
1.060 3.354 -6.959 2.56619
0.183 8.766 -6.003 1.95072
1.995 11.686 -3.205 2.43388
0.453 13.309 -4.854 2.65169
1.240 14.364 -2.724 3.34602
1.072 12.322 -3.778 4.34615
2.867 11.247 -4.936 3.22245
2.135 10.133 -2.856 1.13081
0.100 13.242 -1.490 1.93795
2.160 9.893 -3.644 3.48173
0.930 12.684 -1.696 2.68997
3.825 10.373 -3.864 2.43487
1.212 5.114 -7.265 2.86675
0.000 7.588 -5.587 1.90073
0.000 10.470 -4.119 1.83091
0.000 12.043 -4.272 1.23368
0.197 12.488 -2.876 2.24117
1.285 12.418 -2.773 2.17462
1.197 9.868 -3.998 2.90186
2.675 12.723 -2.213 3.05596
1.833 13.929 -5.852 4.07811
0.053 6.671 -5.259 2.12775
0.572 12.547 -5.036 2.21791
0.000 13.148 -2.550 1.98426
0.557 14.803 -1.742 2.92376
8.958 14.953 -0.778 2.78857
2.380 13.939 -2.276 2.07839
7.480 11.083 -3.973 2.54641
0.607 10.104 -2.214 2.75613
1.785 12.538 -2.307 2.72457
2.895 13.946 -1.977 3.46688
2.275 12.706 -1.444 2.28831
15.443 11.203 -1.324 1.09950
0.353 7.768 -1.513 1.48356
0.300 8.051 -3.868 1.26429
4.305 12.873 -1.916 2.49508
11.395 13.754 -4.577 3.43842
6.320 10.420 -1.941 1.54061
16.622 11.428 -2.092 1.49358
8.088 10.783 -1.568 1.55245
6.172 13.128 -2.355 3.10859
0.050 14.093 -1.057 2.74260
0.955 15.021 -0.441 1.78247
10.065 14.847 0.923 3.16740
1.622 10.412 -1.272 1.54875
0.000 13.957 -1.493 1.38873
9.530 15.722 0.187 2.62769
0.337 16.760 1.652 2.96097
5.137 17.141 3.195 2.48194
1.767 16.723 2.796 2.37006
0.000 15.071 -0.444 1.73625
0.100 14.833 2.588 1.65758
5.127 12.600 0.444 2.07863
4.217 14.448 -1.318 2.13441
0.662 11.382 -0.852 1.90309
0.000 14.191 -0.955 1.37402
4.522 16.412 1.634 2.25081
6.617 14.291 1.996 2.57378
1.965 16.125 1.125 3.14610
4.967 17.783 2.788 2.83190
3.250 17.510 2.910 1.84775
23.580 16.914 3.100 1.84080
12.470 17.582 3.262 1.97439
3.118 17.333 3.280 2.78030
5.308 15.423 -0.332 1.73189
1.210 13.246 0.265 1.77802
7.995 15.619 2.084 2.43685
3.200 14.112 1.819 1.77630
5.080 14.739 1.713 2.58639
18.828 15.185 1.745 1.93769
4.870 13.527 0.149 1.81442
1.145 9.026 -1.182 2.33465
2.635 10.463 -0.373 1.76067
2.062 12.712 -1.244 1.17165
0.000 14.238 0.805 1.15322
6.715 12.043 1.117 1.94626
0.152 14.544 1.412 1.92878
0.145 15.384 2.792 1.54010
0.675 15.059 1.135 1.37792
4.165 15.770 2.719 1.61882
7.890 14.760 1.469 2.22273
6.230 15.861 2.122 1.25977
0.205 16.209 1.747 1.51619
2.508 17.343 3.363 0.78513
13.187 16.002 3.750 1.66548
5.973 14.483 1.868 2.89917
15.537 14.594 2.011 1.76724
2.407 15.703 2.329 1.30237
8.095 16.757 2.181 2.04065
0.665 15.342 2.698 1.03651
2.413 15.419 3.634 1.71397
10.815 15.704 1.731 2.98257
5.178 12.743 0.012 2.34421
0.540 12.166 -2.564 1.91911
0.120 11.181 -1.729 1.60311
0.000 12.907 0.159 1.48570
0.000 13.549 -0.179 1.55427
0.135 14.132 -0.220 1.19658
0.867 15.655 0.174 0.97864
1.952 15.187 0.689 1.27375
0.575 14.400 -1.287 1.67259
0.010 15.672 -1.359 2.07885
0.997 15.750 -0.170 1.98001
1.853 15.052 1.488 2.29927
5.665 14.325 0.622 1.24738
0.020 15.444 0.290 2.50806
1.720 15.516 -0.056 2.45579
1.645 16.352 0.171 1.82740
0.162 16.011 -0.415 2.05233
3.218 15.683 -0.173 1.29008
15.870 15.485 0.207 1.63931
0.000 14.063 -0.761 1.92981
2.895 12.719 -2.700 1.06843
0.000 11.495 -2.473 1.58482
0.325 12.112 -2.477 1.53469
0.000 13.276 -1.298 1.72170
0.000 14.696 0.213 1.11953
0.632 12.717 -1.595 1.25424
0.000 16.026 -0.847 1.24150
1.625 16.947 -0.120 1.22397
0.008 18.253 0.280 1.42470
0.835 18.792 0.619 1.26473
8.370 18.189 0.435 1.38479
0.567 17.937 0.707 1.65140
0.092 16.808 -0.996 2.19280
0.345 16.427 0.948 1.96575
5.008 15.181 -1.011 1.84598
0.730 11.976 -2.501 1.24412
0.215 14.418 -2.201 1.87331
0.000 16.199 -1.968 1.72434
2.973 15.525 -3.078 3.17160
2.138 13.656 -1.503 1.14086
14.140 7.602 -2.949 1.98378
1.205 12.360 -2.988 1.66912
0.000 13.549 -3.774 1.56315
0.465 15.298 -1.711 2.34282
3.855 15.274 0.399 2.61239
14.410 13.261 0.821 2.67940
10.602 13.003 0.541 1.84239
5.648 14.215 1.105 2.25040
4.748 13.261 -0.939 1.53506
1.853 13.719 -0.822 2.28001
0.480 13.351 -0.372 1.80678
2.227 12.876 -0.251 1.36546
3.812 11.626 -0.842 1.25122
9.227 11.872 -0.809 1.50141
6.913 10.868 -1.618 2.45617
2.830 10.148 -3.517 1.61153
1.483 8.255 -3.456 1.37256
2.945 7.669 -3.803 1.32113
1.480 10.252 -3.437 1.98835
2.165 9.789 -3.890 2.42439
1.690 4.496 -3.812 2.81444
1.115 4.803 -6.262 2.49795
1.105 2.457 -7.123 0.96604
0.000 6.502 -6.787 1.49507
0.000 9.302 -5.124 1.28863
1.880 10.445 -5.040 2.31574
0.932 8.029 -4.689 1.81352
0.285 8.703 -4.610 2.02903
0.603 9.332 -4.420 1.87905
0.000 9.563 -4.579 1.91470
0.000 9.793 -5.570 2.64284
0.000 7.543 -5.660 2.34940
1.252 10.079 -4.735 2.09242
0.803 8.509 -4.827 2.52908
5.035 7.463 -4.522 1.19843
0.345 4.786 -4.953 2.05058
0.717 5.637 -5.037 2.22458
0.000 4.216 -5.446 2.01007
0.000 6.310 -5.463 2.16850
0.650 5.700 -4.497 2.58272
2.413 6.009 -5.707 2.50103
0.368 2.993 -8.869 1.79589
0.000 5.489 -8.863 3.06580
0.428 4.033 -5.946 2.96725
3.795 2.578 -6.857 3.13619
0.000 0.134 -11.580 2.67419
0.000 1.473 -11.657 1.77941
0.015 2.465 -10.231 2.08549
0.350 0.048 -12.385 1.60461
0.000 2.095 -12.512 2.28835
0.000 -1.083 -9.013 1.83076
0.000 -3.004 -9.803 1.41046
0.000 -1.358 -12.048 2.12576
0.000 0.546 -12.061 1.55275
0.140 1.063 -10.509 2.89411
0.000 -1.819 -11.068 2.71236
0.000 -7.608 -18.160 2.39537
0.000 -3.093 -18.247 2.00363
0.000 2.015 -17.394 1.84477
0.000 5.005 -13.827 2.53096
0.093 6.570 -10.379 2.98335
1.558 2.185 -9.768 2.12692
0.000 3.151 -10.181 2.96175
0.423 -0.006 -11.609 2.42153
0.200 -1.690 -13.969 2.31234
0.000 -0.928 -14.061 2.65937
0.000 -1.823 -15.437 2.57802
0.003 -3.509 -16.299 3.26494
0.000 0.276 -16.634 3.01617
0.000 1.994 -13.968 2.72697
0.000 0.240 -14.153 2.93213
0.000 0.684 -14.397 1.97068
0.000 2.284 -14.106 2.24070
0.000 2.758 -13.823 2.12040
0.000 2.922 -13.432 2.40776
0.000 3.074 -13.491 2.24901
0.000 2.576 -13.606 2.87202
0.000 2.201 -13.983 3.21208
0.000 1.764 -14.800 2.32318
0.020 0.559 -18.091 3.05204
0.000 -3.658 -18.394 3.05102
0.000 1.063 -17.442 2.98023
0.000 1.971 -14.984 3.01932
0.000 0.235 -15.552 4.40280
0.000 3.622 -15.787 4.08587
0.000 5.079 -12.593 3.17221
0.000 1.724 -12.743 3.51096
0.000 -0.056 -15.073 4.00363
0.000 1.189 -15.352 2.55469
0.072 -1.052 -10.952 2.62778
0.447 -4.560 -17.303 2.48857
0.000 -3.747 -18.680 2.42397
0.000 -1.994 -18.869 3.46722
0.000 -3.714 -18.504 2.67327
0.002 -2.150 -16.878 1.98188
0.022 -2.581 -16.753 3.72190
0.000 -4.665 -18.606 3.45772
0.000 -1.787 -18.814 2.51905
0.000 -2.145 -17.752 3.83512
0.000 1.288 -18.076 3.29537
0.000 0.832 -17.656 3.43930
0.000 1.388 -17.005 3.81979
0.000 0.019 -16.955 3.14916
0.000 -0.075 -17.492 3.03962
0.000 -2.079 -17.781 2.87241
0.000 -4.350 -17.503 2.79267
0.000 -3.813 -15.070 2.92682
0.000 -3.187 -18.041 3.29465
0.000 -1.088 -18.458 2.76889
0.000 -1.303 -18.179 3.19212
0.000 2.255 -16.856 3.31733
0.000 1.590 -15.125 3.74243
0.000 -1.121 -14.411 3.40993
0.005 -5.021 -12.695 2.20031
0.000 -7.620 -17.968 2.68220
0.000 -7.090 -18.479 3.48136
0.000 -6.953 -16.561 3.00384
0.000 -6.189 -16.531 3.07590
0.000 -5.922 -15.625 4.12244
0.000 -5.097 -16.161 4.50948
0.000 -6.292 -15.604 4.29442
0.000 -7.067 -15.557 4.21425
0.000 -8.635 -16.770 4.91988
0.008 -10.905 -24.468 4.03971
0.185 -10.897 -24.683 2.96946
0.000 -7.828 -21.730 4.17506
0.000 -4.960 -19.014 3.99918
0.000 -5.783 -16.417 4.03460
0.008 -6.669 -18.964 4.73528
0.000 -5.639 -19.480 4.98242
0.000 -7.722 -18.954 4.35275
0.000 -9.585 -19.198 4.05333
0.000 -7.523 -19.974 4.36458
0.000 -5.116 -21.080 4.29123
0.000 -5.374 -21.328 3.42685
0.000 -2.314 -20.455 3.83499
0.000 -1.780 -19.188 3.38288
0.000 -5.381 -19.988 4.32005
0.000 -4.507 -20.339 3.45014
0.000 -4.394 -20.880 3.65229
0.000 -5.718 -21.033 2.19878
0.000 -2.007 -19.864 3.01377
0.000 -2.350 -20.719 3.03241
0.000 -6.763 -21.054 3.59689
0.000 -4.662 -19.425 3.35257
0.000 -1.285 -19.673 3.79193
0.000 -2.052 -14.762 4.72615
0.000 -2.190 -16.948 4.92162
0.000 0.623 -17.220 4.80516
0.000 2.752 -13.667 6.57017
0.000 -0.046 -12.759 5.54986
0.000 -6.127 -16.657 4.26853
0.000 -5.892 -16.812 5.05070
0.000 -5.471 -16.762 4.47394
0.010 -4.201 -15.951 3.98789
0.000 -2.691 -13.019 5.25341
0.000 -0.591 -14.361 4.95708
0.000 0.827 -14.487 5.47836
0.000 -3.893 -17.903 3.67464
0.000 -3.142 -18.194 3.68850
0.000 -1.646 -16.152 3.65934
0.000 -1.514 -16.214 3.00882
0.178 -1.516 -13.599 3.95238
0.000 -0.304 -13.664 4.90178
0.152 1.197 -15.202 4.99870
0.000 2.744 -15.275 4.30464
0.000 0.674 -14.376 4.51167
0.000 -0.970 -16.232 3.77883
0.000 -0.438 -16.303 4.76999
0.000 -0.871 -11.802 4.21422
0.823 -4.218 -15.815 4.42085
0.015 -4.240 -15.777 3.75407
0.000 -5.491 -16.206 3.55169
0.078 -4.961 -17.035 3.01561
0.000 -3.111 -16.974 4.26447
0.000 2.021 -14.740 5.60663
0.000 1.828 -9.870 5.12418
0.000 0.074 -11.400 4.68342
0.053 0.599 -13.314 6.08350
0.000 0.289 -15.254 5.60269
0.000 0.317 -15.363 4.75013
0.000 0.847 -14.853 4.42738
0.000 0.674 -14.087 4.15481
0.000 2.617 -12.995 4.09162
0.042 -2.304 -11.509 4.12556
0.145 -2.759 -12.151 3.95825
0.000 -4.822 -19.554 3.69208
0.040 -0.018 -19.062 2.86152
0.185 0.048 -14.421 2.97163
0.000 2.669 -13.703 2.85794
0.020 5.561 -10.139 4.40830
0.000 5.471 -9.205 4.93952
0.665 4.437 -7.229 4.57178
0.000 4.493 -7.976 4.56958
0.112 5.581 -6.901 4.03174
0.320 5.224 -8.093 3.19660
0.000 6.491 -7.384 3.08195
0.000 1.655 -8.504 3.04586
0.000 7.410 -7.677 3.07987
1.267 0.745 -10.202 3.53483
0.000 -0.607 -14.907 3.55028
1.340 2.200 -13.984 2.26719
0.033 4.504 -8.851 3.84930
0.000 8.724 -7.361 2.84179
0.928 9.528 -5.534 3.54009
1.385 3.454 -4.941 2.29458
0.885 1.249 -7.086 1.51096
3.910 3.399 -6.569 2.40855
10.422 0.150 -8.115 1.58260
1.007 1.144 -10.395 2.70113
0.000 2.118 -9.889 3.32774
0.650 6.821 -8.772 3.36381
0.000 8.254 -6.816 3.25277
2.585 2.246 -6.171 2.36988
0.512 4.759 -7.445 3.47228
1.013 8.024 -5.945 3.63557
0.940 4.568 -6.581 3.30630
2.378 3.069 -8.127 3.49142
0.940 4.126 -6.948 2.96920
1.012 2.539 -8.652 2.19364
0.000 3.806 -9.910 3.54103
0.000 3.278 -8.455 2.69697
0.058 8.715 -6.519 3.19395
2.270 6.121 -3.214 2.89862
1.658 6.589 -5.843 3.34778
0.772 5.271 -7.770 2.83235
0.000 3.819 -6.578 1.24209
0.728 7.010 -4.748 1.94841
1.140 7.853 -4.072 2.77226
1.728 6.451 -4.635 1.68156
5.417 6.639 -6.375 3.41869
1.227 6.995 -4.225 1.92818
0.193 4.824 -6.286 2.63571
0.447 3.506 -6.621 2.90880
1.042 3.815 -4.279 2.21125
0.435 6.772 -5.895 2.47320
0.000 8.289 -5.127 3.24316
0.060 7.824 -6.217 3.05808
0.253 9.652 -4.569 2.22290
0.050 8.671 -3.155 1.54227
0.000 12.754 -3.545 1.91433
0.360 12.624 -2.542 1.97967
0.028 8.613 -5.265 1.24975
6.480 10.683 -3.257 2.16634
0.905 8.546 -2.644 2.50645
1.135 9.463 -4.446 2.04246
3.535 7.670 -3.272 1.23273
5.015 8.751 -4.506 2.32910
1.382 9.659 -5.046 2.47892
0.000 12.005 -3.116 1.42552
0.273 15.350 -4.428 2.98172
0.000 14.398 -1.835 3.01897
0.363 13.848 -1.796 2.09074
0.000 15.544 -0.803 3.30054
2.710 15.471 -1.579 3.23998
1.422 14.985 -2.088 3.02585
0.000 14.596 -2.389 2.54068
0.000 16.934 -1.882 2.72496
3.688 15.702 -0.113 3.49775
1.355 14.920 -1.973 2.09163
3.263 14.623 -0.161 1.59654
6.115 14.793 -0.212 2.19019
0.248 13.723 0.250 2.19469
4.332 15.302 0.556 1.92843
18.803 14.814 -0.230 2.21751
24.830 14.015 -1.807 1.71249
2.360 11.801 -3.535 2.32518
4.060 11.017 -1.626 1.25187
1.193 12.965 -1.095 1.37699
2.185 12.575 -1.320 2.25916
1.947 16.410 0.809 2.20273
1.985 15.166 0.309 2.84777
0.368 16.342 0.190 2.92486
2.365 16.526 0.613 2.40317
11.777 15.278 0.584 2.61873
3.412 18.266 1.468 2.53000
0.657 17.445 1.424 1.97881
1.330 14.619 1.200 1.30003
1.775 16.938 0.874 1.88969
7.625 15.791 0.979 1.77392
7.667 12.862 0.931 1.46747
4.910 13.275 1.362 1.34428
8.940 12.405 1.022 1.25039
0.460 15.220 1.816 1.65649
1.720 14.841 1.647 1.17655
8.398 16.201 0.414 2.13453
9.667 14.930 0.063 2.55576
18.365 14.974 1.226 1.88887
0.717 13.302 0.032 2.88163
4.365 14.861 1.443 2.29192
0.380 16.958 3.709 1.07850
1.358 16.511 3.341 0.98664
0.665 15.517 2.603 1.38920
2.110 16.722 3.083 1.40683
7.667 15.963 1.949 1.53178
4.057 14.442 0.176 1.66399
0.062 14.594 1.246 1.49471
13.858 15.707 0.787 3.07489
8.393 12.962 1.554 1.96676
2.880 14.477 2.452 2.83037
3.815 16.168 3.050 2.43528
2.060 15.221 3.735 1.21583
2.718 16.413 2.351 1.97402
10.830 16.986 1.775 1.83953
0.000 15.820 1.978 1.50620
12.853 15.815 1.961 2.40674
10.290 15.049 2.265 2.68995
2.505 14.510 1.725 2.62310
7.243 14.844 3.374 2.07775
5.365 16.356 4.113 1.24438
7.275 16.838 3.696 1.83510
11.263 16.598 2.983 1.85813
11.160 16.572 2.471 3.00361
7.880 15.512 4.573 0.99854
4.098 13.819 1.770 1.67746
0.112 15.146 2.499 1.25795
0.000 14.039 2.475 1.65287
0.320 16.719 3.402 2.19845
13.382 16.902 3.513 2.15200
3.087 15.683 4.189 1.16009
0.000 17.020 3.550 1.74456
0.033 17.643 3.360 1.59853
2.400 17.942 2.518 1.19395
0.175 15.250 0.911 2.17050
0.030 13.851 1.943 1.85634
0.483 13.499 1.422 1.86346
0.105 15.384 0.774 1.25383
0.000 16.451 1.581 1.98055
0.362 16.974 2.684 1.38871
8.835 15.803 3.380 1.25288
1.315 16.246 3.677 1.35569
0.575 16.807 1.751 1.57207
0.783 17.382 3.088 1.23632
12.390 15.940 2.471 1.36719
0.000 16.341 1.101 1.82105
0.000 17.460 0.105 1.84681
1.165 17.938 1.618 1.66090
1.455 17.053 2.344 1.44714
0.755 17.242 3.782 1.40708
5.908 16.102 3.707 0.95878
11.715 15.902 2.722 0.78209
1.010 14.973 3.313 0.89747
0.000 14.204 1.422 1.45794
21.945 12.187 -2.242 1.92366
3.232 6.163 -2.724 1.73032
2.130 12.624 -0.764 0.84186
1.688 10.939 -1.151 1.34770
1.102 13.191 -0.773 1.18521
0.202 14.526 -0.064 1.20056
0.350 15.518 1.881 1.47804
5.265 14.147 1.111 1.50356
5.485 14.291 2.146 2.14505
7.165 15.568 0.405 2.95426
4.823 15.384 -0.526 2.24050
7.102 13.630 -3.286 2.75730
0.028 10.254 -4.837 1.99961
0.000 9.747 -2.662 1.23939
0.472 10.947 -2.493 1.25839
0.907 11.092 -1.766 1.24184
0.000 13.245 -2.880 1.06699
0.240 14.567 -0.402 1.95994
9.472 13.182 0.889 1.32601
1.045 13.802 0.434 1.64566
2.887 15.016 0.676 2.10022
1.228 14.038 0.260 1.65048
2.605 12.043 -4.246 2.31529
0.690 10.491 -3.798 1.62132
0.000 11.665 -2.679 1.48913
1.045 12.496 -1.894 1.39713
2.175 10.955 -2.570 3.12307
3.142 11.443 -1.683 1.34609
1.437 10.966 -0.665 1.50001
0.060 12.343 -0.380 1.59973
0.260 13.920 -0.221 2.15857
0.982 13.219 0.031 1.86205
3.787 12.445 0.056 1.60556
0.587 12.146 -1.821 1.85649
3.407 10.239 -2.590 1.64438
3.802 11.330 -1.801 2.02633
3.722 9.218 -2.308 0.99138
0.345 11.064 -2.295 1.22069
5.648 11.616 -1.823 1.45892
0.625 10.876 -1.941 1.45478
2.015 13.309 -2.135 1.64560
0.000 13.140 -2.406 1.86886
2.025 13.112 -2.077 2.24732
0.425 11.520 -2.309 1.64713
1.015 11.046 -5.706 2.44489
5.868 7.867 -5.442 1.35192
2.365 9.636 -3.656 2.77474
1.773 9.702 -3.508 2.36640
4.610 8.951 -3.500 2.45791
2.912 7.606 -3.844 1.39930
2.577 9.371 -3.555 1.96166
13.012 6.280 -2.805 1.72252
3.265 8.684 -4.802 2.20313
2.070 7.080 -4.476 1.99979
0.068 5.938 -5.259 2.68051
0.068 5.560 -5.831 3.41844
0.323 3.344 -7.281 2.23410
0.027 3.932 -7.045 1.40930
0.093 4.076 -6.052 3.71301
0.763 2.989 -5.950 2.39431
0.033 3.494 -5.610 2.20355
0.032 4.158 -5.783 2.35259
0.000 6.458 -5.805 2.21601
0.085 6.628 -5.343 2.71924
0.415 4.938 -5.221 2.68889
1.083 2.854 -5.553 3.20072
0.000 0.197 -8.884 2.62424
0.248 -0.319 -9.203 1.93680
0.085 2.262 -8.121 2.97741
0.698 1.273 -8.751 2.48114
0.127 0.614 -11.419 1.40306
0.000 1.886 -11.537 1.67122
0.000 2.086 -10.941 3.26132
0.000 2.243 -11.139 2.68379
0.000 1.257 -12.824 3.45869
0.000 1.178 -12.887 1.38157
0.000 4.697 -9.535 2.44252
0.000 4.146 -9.440 2.09714
0.000 3.605 -8.177 2.79492
1.538 3.324 -7.823 2.87855
0.000 0.964 -10.723 2.71332
0.000 -0.593 -14.190 3.00870
0.000 -0.026 -14.363 1.37081
0.008 0.238 -11.413 2.16688
0.000 -2.261 -11.320 1.54239
0.000 -0.583 -11.106 1.82433
0.000 -1.000 -11.290 2.75444
0.000 -3.812 -17.633 2.78324
0.000 -2.843 -17.858 1.59474
0.000 1.657 -17.313 2.28312
0.000 3.254 -12.626 3.51536
0.000 2.070 -11.850 3.59861
0.000 1.102 -13.810 4.32932
0.000 2.033 -14.012 3.60671
0.000 -0.511 -9.745 4.05277
0.000 2.265 -10.075 4.00735
1.482 -0.604 -10.966 4.11859
0.047 -6.079 -16.614 3.03706
0.023 -2.578 -16.840 2.82276
0.003 -2.492 -14.548 3.78009
0.000 -0.914 -15.041 3.27241
0.000 -1.044 -12.007 2.24641
0.000 -1.165 -16.523 4.09864
0.000 -3.904 -17.231 2.62628
0.000 -3.808 -17.378 2.90105
0.000 0.138 -15.957 3.46835
0.000 -3.368 -17.397 3.31292
0.000 -0.285 -18.485 3.59736
0.000 -2.642 -18.811 2.80708
0.000 0.588 -14.075 2.49135
0.000 -2.245 -13.926 2.01483
0.000 -1.357 -16.061 2.34787
0.000 -2.898 -16.258 2.70963
0.000 -2.142 -15.282 2.57751
0.000 -3.329 -16.030 3.40926
0.000 -2.743 -16.546 2.88106
0.000 -5.046 -15.983 2.42093
0.000 -3.950 -16.511 3.71758
0.005 0.603 -16.045 3.77653
0.000 -2.619 -17.496 4.96266
0.000 0.814 -17.654 3.53716
0.000 -0.187 -14.626 4.33716
0.000 -1.926 -16.024 4.96529
0.000 -5.007 -19.765 3.81488
0.000 -7.147 -21.910 3.02996
0.000 -5.022 -21.976 2.50603
0.000 -1.310 -19.945 3.08796
0.017 -4.736 -18.438 2.52734
0.000 -8.034 -19.103 3.10086
0.000 -2.400 -18.834 3.85220
0.000 -1.206 -14.013 4.10354
0.000 -2.452 -16.756 3.32515
0.000 -1.556 -17.454 3.34887
0.000 -3.629 -20.204 2.77855
0.000 -1.506 -20.510 3.86842
0.000 2.724 -14.768 3.56052
0.000 -2.431 -15.126 3.63427
0.000 -2.741 -16.250 4.28970
0.000 -2.887 -16.972 3.85426
0.000 -3.929 -17.334 3.86847
0.000 -5.556 -16.230 3.30517
0.000 -7.556 -20.626 3.12232
0.000 -6.253 -20.743 2.78086
0.000 -9.020 -18.221 1.28683
0.000 -8.903 -21.329 2.40355
0.000 -5.046 -21.542 3.48612
0.000 -0.695 -17.203 3.23578
0.000 -2.174 -17.051 3.11995
0.000 -0.260 -17.523 3.24424
0.000 -1.338 -17.016 3.41480
0.000 -0.775 -17.210 3.11288
0.000 2.065 -15.642 3.55031
0.000 0.484 -12.620 4.80481
0.000 -5.055 -13.600 3.89832
0.000 -7.538 -20.727 4.03651
0.000 -6.748 -20.923 2.54005
0.000 -4.485 -19.075 2.68920
0.000 -5.186 -18.355 2.34663
0.000 -7.459 -19.756 3.22370
0.000 -5.103 -19.913 2.18038
0.000 -4.717 -20.740 3.65162
0.000 -3.028 -20.840 3.26589
0.000 -2.974 -17.516 2.64313
0.000 -4.782 -18.490 2.76567
0.000 -1.103 -18.589 3.41896
0.000 -3.041 -15.162 2.36588
0.005 -3.245 -17.292 3.15104
0.000 -2.782 -17.458 2.84839
0.000 -1.258 -15.107 3.42201
0.000 3.283 -13.994 2.94426
0.000 2.543 -12.401 3.91352
0.645 2.799 -12.489 4.01412
0.000 -0.275 -13.390 4.24092
0.000 -4.872 -17.521 3.11499
0.000 0.268 -17.390 4.07634
0.000 -1.146 -15.145 4.25778
0.000 1.125 -14.897 4.09894
0.000 -0.745 -11.632 4.27261
0.000 -2.926 -16.211 4.34815
0.000 -0.430 -16.327 4.45044
0.000 0.869 -12.741 6.17787
0.000 2.158 -10.411 6.80469
0.000 -4.499 -13.802 2.98232
0.000 -4.123 -13.044 2.80053
0.000 -3.302 -12.229 2.54238
0.000 -4.537 -15.768 2.27781
0.000 1.122 -15.901 3.55610
0.000 0.852 -12.326 3.05215
0.000 1.723 -11.593 3.14390
0.000 0.064 -14.421 2.70888
0.472 3.067 -14.470 3.42052
0.000 4.234 -13.183 3.95584
0.000 5.227 -11.797 4.92174
0.000 2.100 -12.258 4.25284
0.000 2.190 -12.305 2.58393
0.000 -0.682 -13.889 1.40881
0.000 1.657 -13.891 2.31519
0.000 4.987 -12.032 3.06826
0.000 -0.848 -8.823 1.87982
0.000 2.003 -11.314 1.42129
0.000 3.356 -11.218 2.33614
0.000 5.778 -9.806 3.48921
0.150 3.980 -7.071 4.28545
0.000 -0.263 -11.179 2.61434
0.000 3.301 -10.986 2.53733
0.000 4.865 -7.990 3.59830
0.167 4.636 -7.468 2.81472
0.000 5.041 -5.539 3.09774
0.000 3.852 -7.819 2.99617
1.022 3.214 -7.382 2.53829
0.815 -1.524 -10.238 3.72305
0.000 0.179 -10.505 2.28726
0.433 1.649 -10.100 3.20809
0.713 2.363 -9.253 2.75874
1.375 -0.575 -11.948 1.39507
0.000 3.991 -11.120 3.33020
0.000 4.483 -7.530 4.08395
0.000 4.794 -6.739 2.53627
2.105 0.417 -6.910 2.63889
0.000 3.230 -8.974 3.64353
0.033 5.178 -8.292 2.21381
0.100 1.728 -6.539 1.64803
0.565 0.173 -5.856 1.32231
0.458 0.939 -6.338 2.06210
0.000 2.426 -7.571 2.76473
1.905 4.281 -7.586 3.35587
0.000 5.486 -7.701 3.58278
0.135 4.277 -9.384 4.16075
0.020 1.549 -8.878 2.50121
0.295 0.648 -8.762 2.71844
0.165 1.004 -8.581 3.53787
0.000 1.922 -7.240 2.70265
0.782 4.188 -6.685 2.59002
0.093 7.183 -7.372 4.58519
0.515 3.788 -7.515 1.87360
0.658 2.846 -7.590 2.74175
0.175 5.507 -5.799 2.02817
0.745 6.974 -4.751 2.78419
0.000 4.517 -6.773 1.88195
0.000 6.065 -6.046 1.45852
0.205 8.390 -5.205 3.83677
1.800 5.610 -4.677 2.86177
0.292 7.537 -6.302 2.13811
0.435 8.715 -6.031 2.42705
1.022 7.216 -5.203 3.91215
0.887 7.584 -4.124 3.35442
1.303 4.120 -4.387 1.90735
0.912 5.314 -5.945 1.43438
0.293 5.850 -5.776 1.60049
0.335 10.587 -4.551 2.55294
0.913 9.609 -4.769 2.61868
0.425 12.788 -3.995 3.43143
3.235 13.049 -2.917 2.96901
4.140 13.592 -3.659 2.39588
0.793 13.128 -2.152 2.19286
9.762 11.235 -2.015 2.43441
6.280 6.301 -5.511 4.11293
1.583 5.813 -7.310 2.99630
1.443 9.514 -4.839 1.80194
1.000 8.957 -4.604 1.87249
0.492 6.568 -4.727 1.63538
2.328 7.449 -5.801 2.52767
1.255 4.197 -6.344 1.89180
0.140 5.542 -4.980 1.42749
1.158 7.650 -4.882 2.13228
1.370 7.053 -3.534 2.12898
1.432 11.725 -3.989 2.62749
0.050 7.985 -4.464 2.42967
6.983 9.475 -3.676 2.52533
1.465 10.270 -4.740 2.34549
2.392 7.849 -4.601 2.17507
2.000 4.566 -6.520 1.58066
0.558 8.984 -4.417 2.83328
0.000 11.863 -1.130 1.47611
0.270 12.889 -0.657 1.73774
0.880 13.603 -1.886 2.20026
1.480 12.788 -0.448 1.64377
2.667 7.292 -5.106 2.42811
0.000 13.988 -3.108 2.49310
0.000 18.076 -2.211 3.92025
1.168 17.540 -0.473 4.32460
3.193 16.323 0.287 3.09690
2.645 15.504 -0.337 3.02534
0.392 13.275 0.035 3.75693
29.450 13.022 -1.643 2.16859
0.110 11.054 -0.901 1.12533
3.675 15.215 1.358 0.79021
5.410 12.558 0.767 1.16765
6.360 15.706 0.886 2.18923
0.780 14.090 0.252 0.98327
2.697 15.822 1.913 1.57663
6.430 15.744 0.501 2.76788
0.252 14.601 -4.383 2.35495
0.000 11.621 -7.788 3.57927
0.000 11.195 -3.126 1.91875
0.000 16.085 -2.026 1.92612
1.950 18.071 0.932 2.54414
8.343 16.767 1.717 3.52764
0.395 16.918 1.332 3.49583
0.000 18.742 1.169 2.90399
0.000 19.860 1.064 2.65680
3.322 17.262 2.183 2.36919
1.240 18.980 1.334 2.36143
6.808 18.381 2.110 2.20766
0.288 18.259 4.683 1.12124
4.175 18.231 2.052 1.49295
0.347 15.341 3.290 1.53870
4.988 17.045 -0.880 2.08304
0.420 12.756 0.330 1.92465
2.750 12.319 0.940 1.70501
4.398 13.515 1.874 1.09632
0.635 16.060 0.561 1.26028
7.165 15.456 1.303 3.46125
3.008 16.152 1.830 2.16292
7.800 17.591 1.812 2.08382
9.230 16.158 3.712 1.66268
4.215 18.098 3.549 1.73369
3.352 18.721 4.757 1.78220
5.540 16.119 4.071 1.71108
0.740 17.432 4.201 2.03432
6.455 17.717 4.638 2.41567
7.325 15.561 2.276 2.66068
0.105 16.819 2.294 2.94073
9.855 16.372 1.828 2.11663
3.122 17.398 2.715 1.80895
6.840 13.701 2.595 1.99735
6.413 17.141 4.004 1.63681
8.152 17.007 3.893 1.62585
5.885 17.501 4.997 1.71723
3.425 14.856 3.383 1.54978
4.425 16.126 3.585 2.43426
5.745 14.378 2.428 1.55859
1.145 15.293 1.188 1.73566
0.098 15.839 2.098 1.44735
13.860 16.164 1.245 1.72869
3.917 15.176 0.964 1.97486
0.000 15.493 2.315 2.11777
10.110 16.504 3.124 2.86705
9.665 16.069 2.083 2.84538
0.818 16.758 2.176 2.03458
5.235 16.610 2.084 1.89689
4.703 15.948 2.207 1.67081
0.235 13.724 -1.181 2.15230
0.000 13.072 -0.044 1.66649
0.190 13.826 1.108 1.21783
0.130 15.314 0.734 1.03155
0.000 14.510 0.084 1.26858
0.375 14.128 0.214 1.61101
0.015 16.196 0.725 1.15461
0.742 15.861 1.710 0.84781
3.835 15.962 0.862 1.62085
3.913 15.017 -1.022 2.18823
0.020 9.514 -2.422 1.82748
0.000 13.662 0.862 1.46155
2.625 14.913 1.826 1.12009
1.707 12.242 0.960 1.33704
0.032 14.740 -0.662 1.75012
0.000 16.105 -0.001 1.86421
0.000 17.087 0.729 1.61358
0.007 18.880 2.356 1.56251
0.432 18.563 2.130 1.61608
1.680 17.923 2.923 1.29324
1.810 17.844 1.923 1.70396
0.000 18.421 2.496 1.69901
0.000 17.585 2.201 1.66885
1.827 17.667 1.559 1.65206
0.157 15.696 1.174 1.53002
1.720 16.610 2.653 1.33198
4.275 15.996 3.465 1.33359
1.608 14.494 3.597 1.42057
0.897 16.919 1.026 1.60940
0.067 16.359 2.375 2.28326
7.233 14.356 2.110 1.63206
8.010 16.100 1.531 1.18846
11.412 11.785 2.268 0.95618
0.205 16.399 1.454 1.16848
8.253 16.637 1.581 1.87798
16.945 14.697 0.578 1.50259
6.858 12.733 1.558 1.66453
7.888 13.986 0.449 1.20856
2.070 11.523 -2.648 1.47572
6.715 10.098 -2.261 1.60259
16.255 11.652 -3.399 2.78048
6.492 10.065 -3.724 1.79662
4.670 8.313 -3.889 1.01825
0.350 9.984 -3.705 1.46427
0.947 7.823 -2.461 0.79030
0.383 9.493 -3.872 1.14939
0.000 10.749 -3.650 1.20257
0.000 13.380 -3.322 1.65902
0.550 12.911 -3.597 2.65976
0.145 12.910 -2.559 2.13977
0.255 11.938 -1.733 2.08167
0.047 13.075 -0.620 2.08006
2.333 12.189 -0.604 1.19649
9.752 13.365 0.098 1.85531
1.105 11.499 -0.355 1.24005
4.355 13.991 0.054 2.29873
1.830 13.149 -2.178 1.66421
2.263 12.593 -1.446 1.12765
0.895 11.645 -1.109 1.41184
3.112 10.131 -2.410 1.00152
3.370 8.840 -6.217 2.90943
0.000 9.578 -5.537 1.61222
0.000 11.927 -4.275 1.28591
2.540 11.343 -3.452 3.17342
3.277 8.738 -3.115 1.23148
13.800 5.994 -2.813 0.95570
3.032 9.199 -2.545 1.33694
7.390 7.002 -5.048 1.19930
4.822 5.379 -6.156 1.32342
0.025 8.268 -5.848 1.30165
2.088 4.071 -4.276 1.20692
0.000 6.810 -6.157 2.21911
0.250 7.204 -5.962 1.46220
0.000 10.910 -4.855 1.31156
0.907 11.664 -3.466 0.88203
0.000 11.477 -5.121 2.06681
1.420 10.551 -4.988 1.94250
2.885 11.004 -4.807 2.17114
8.945 5.298 -3.469 1.15151
3.907 9.632 -2.721 2.50557
1.882 7.892 -3.148 1.22386
0.000 8.169 -2.660 1.55034
0.183 7.711 -2.985 1.62391
2.475 7.489 -6.035 2.77944
1.790 3.245 -8.558 2.24446
1.018 0.654 -9.077 1.89523
0.185 -3.673 -11.944 1.84019
0.000 -0.582 -13.717 1.95358
0.000 3.486 -13.798 1.94811
0.000 2.540 -10.185 1.56337
1.640 1.988 -8.778 2.45590
0.000 1.813 -8.631 1.75617
0.747 -0.206 -8.026 2.01039
0.075 -1.663 -13.252 1.89544
0.000 0.570 -13.291 2.45857
0.000 -0.912 -12.192 2.00986
0.005 0.095 -9.974 1.80078
0.145 -1.963 -9.404 1.04167
1.037 -0.303 -8.189 2.27802
0.038 -1.401 -14.124 2.07130
0.000 0.127 -14.322 2.63688
0.000 2.120 -12.149 2.51590
0.000 2.344 -11.497 3.59996
0.327 2.411 -11.789 4.05778
0.000 2.356 -12.755 3.74360
0.000 1.244 -13.186 3.23058
0.000 -0.968 -14.577 2.48023
0.000 0.915 -14.831 3.71792
0.000 0.585 -14.220 3.16308
0.000 0.695 -13.006 2.81751
0.000 1.196 -13.749 2.67013
0.000 0.218 -13.947 2.04543
0.000 1.476 -13.574 2.00904
0.000 1.273 -12.244 1.40230
0.000 -0.709 -14.572 2.27181
0.122 -0.546 -14.799 2.02427
0.000 1.435 -12.856 2.93664
0.000 2.478 -13.194 3.49794
0.000 -4.346 -20.497 3.92902
0.000 -0.266 -20.612 3.24200
0.000 1.187 -13.990 3.05965
0.000 1.840 -13.605 3.01416
0.000 0.610 -13.077 2.68192
0.000 3.765 -13.132 3.11858
0.000 2.013 -14.882 3.24331
0.000 -2.171 -15.964 2.45498
0.000 -2.330 -16.226 1.22861
0.000 -1.566 -16.189 1.87606
0.000 1.058 -15.672 2.64718
0.000 -0.314 -15.925 3.54486
0.000 -1.835 -16.167 2.10401
0.000 -1.191 -16.135 2.26413
0.000 -1.667 -16.134 2.80310
0.000 -1.603 -16.145 2.45779
0.000 -1.523 -14.586 2.68841
0.000 -4.218 -16.122 1.76196
0.000 -4.220 -16.379 3.03242
0.000 -5.028 -16.975 2.67682
0.000 -5.578 -17.151 2.14101
0.000 -12.141 -23.109 3.27931
0.000 -12.011 -23.560 1.91244
0.000 -7.779 -23.732 1.85061
0.000 -4.471 -20.635 1.98306
0.000 -4.297 -17.309 2.18357
0.003 -4.376 -15.231 2.60666
0.000 -6.700 -18.847 2.53410
0.000 -4.718 -19.239 3.26291
0.000 -3.052 -17.298 4.03597
0.000 -1.926 -17.171 3.96726
0.000 -0.134 -16.250 5.06948
0.000 1.286 -14.335 5.02803
0.000 -0.204 -16.034 4.33131
0.000 1.974 -16.326 3.85858
0.000 0.689 -15.341 4.50209
0.000 -2.744 -16.660 4.01437
0.000 -3.383 -17.509 3.29368
0.000 -1.371 -18.060 3.13243
0.000 -0.799 -16.841 3.25323
0.000 -3.114 -16.117 4.09343
0.000 -3.545 -17.424 3.25077
0.000 1.671 -17.733 3.14091
0.000 -1.973 -15.586 3.64975
0.000 -4.427 -12.755 3.53233
0.000 -7.162 -17.661 4.27841
0.000 -4.386 -17.947 3.87161
0.000 -1.913 -18.089 3.63913
0.000 -3.767 -16.564 3.75690
0.000 -5.168 -15.205 3.08522
0.000 -8.921 -21.477 3.50726
0.040 -4.563 -21.722 3.05184
0.000 -1.821 -14.968 2.67185
0.000 -0.894 -14.460 3.22541
0.000 -4.940 -17.742 2.49705
0.010 -3.014 -17.878 2.19831
0.000 -0.585 -16.063 3.31640
0.000 -4.517 -19.596 2.93394
0.000 -7.120 -20.194 2.97167
0.000 -1.425 -20.377 2.66197
0.000 1.218 -17.493 2.26341
0.000 2.027 -14.093 3.34164
0.000 -0.890 -13.836 2.91830
0.000 -0.652 -17.176 3.22260
0.000 -0.925 -17.286 2.83859
0.000 -1.623 -11.368 2.95045
0.000 -4.687 -19.130 3.51417
0.000 -3.045 -19.395 2.45038
0.000 -1.627 -17.033 3.12574
0.000 -1.516 -17.252 2.72417
0.000 -0.799 -17.012 2.32827
0.000 0.838 -15.619 2.54487
0.000 2.278 -15.399 3.16815
0.000 2.289 -14.812 3.75670
0.000 0.493 -12.652 3.79006
0.030 -3.615 -16.606 5.24962
0.027 -1.232 -16.686 3.60934
0.000 -1.773 -14.191 4.45714
0.000 -1.767 -14.615 4.40181
0.000 0.153 -15.045 4.53953
0.000 -0.920 -14.328 4.95198
0.000 -5.199 -17.409 4.63162
0.000 -1.610 -17.553 3.96685
0.000 -1.350 -15.424 5.38510
0.000 0.057 -11.031 6.83183
0.000 -3.917 -13.503 6.36447
0.000 -8.199 -23.282 3.85026
0.000 -9.957 -23.434 3.65794
0.000 -2.567 -21.319 3.81231
0.000 -2.999 -15.331 4.19296
0.000 -1.310 -16.240 3.94188
0.000 -0.200 -15.952 3.57492
0.000 -0.022 -11.901 3.24383
0.000 -0.703 -16.014 3.32569
0.000 0.523 -16.079 3.83039
0.000 2.172 -11.026 3.93157
0.000 0.730 -9.511 4.75419
1.993 0.316 -11.646 4.73683
0.000 0.455 -10.727 4.32415
0.163 -0.741 -11.431 4.80602
0.000 -2.390 -11.642 4.68866
0.000 0.562 -11.065 4.23695
0.000 -3.854 -15.057 3.54473
0.000 -2.997 -14.826 3.90581
0.015 -4.717 -13.370 3.40571
0.000 -2.338 -13.371 3.22833
0.695 -0.946 -13.933 3.27956
0.000 -0.199 -13.618 3.63044
0.000 -0.813 -12.885 2.96655
0.000 0.047 -12.677 2.32591
0.000 -0.460 -14.496 4.03435
0.000 1.967 -15.229 3.34297
0.000 2.960 -14.862 2.48213
0.003 6.003 -11.007 2.99164
4.570 5.012 -8.272 3.04615
0.000 6.716 -7.656 2.67545
0.097 2.615 -6.877 3.00062
0.120 -1.498 -8.346 2.91367
0.000 -0.856 -12.000 2.46594
0.000 1.343 -11.357 2.07543
0.065 0.146 -9.035 1.81428
0.000 0.422 -9.403 2.46219
0.025 3.795 -8.492 2.67968
0.000 2.719 -6.718 3.44221
0.100 3.471 -8.368 3.89958
0.590 4.443 -7.289 3.16361
0.000 5.546 -6.790 3.97675
0.530 5.662 -5.940 2.95106
1.077 -1.111 -7.594 1.38722
0.463 2.427 -6.490 3.34514
0.155 3.486 -7.434 3.51529
0.000 3.823 -6.431 3.21490
2.170 2.426 -10.127 3.32776
0.000 3.866 -8.881 2.17388
0.000 7.602 -6.131 2.62604
0.153 7.959 -5.852 2.60188
0.000 7.921 -6.507 2.46747
0.580 7.914 -4.536 2.67866
1.630 7.052 -6.088 3.87053
0.000 3.849 -8.313 3.37524
0.150 4.342 -7.847 2.89295
0.000 3.678 -7.227 4.08213
0.458 4.060 -6.268 3.06599
0.700 4.290 -7.159 3.65209
1.210 7.278 -6.607 3.63739
0.503 4.967 -6.761 3.89150
0.250 6.740 -6.174 3.92383
4.970 9.765 -4.365 4.41795
3.220 8.791 -3.256 4.52481
0.000 7.910 -4.159 3.25489
0.550 7.591 -5.049 3.52977
0.490 7.730 -4.892 3.18774
1.310 3.640 -5.342 3.06401
0.003 5.542 -7.363 2.23213
0.000 9.223 -5.684 3.46710
0.655 7.666 -4.386 2.94693
1.312 2.785 -6.764 2.82072
0.435 5.325 -6.312 2.20077
0.905 11.278 -6.729 2.91939
0.865 11.330 -4.382 2.08658
0.160 9.383 -5.680 2.30862
3.348 6.022 -4.550 1.83702
0.930 7.570 -5.936 1.83716
0.000 10.173 -3.102 2.44287
4.953 9.494 -3.558 1.63395
1.398 7.313 -4.646 1.54113
3.850 8.724 -4.958 2.61686
0.013 6.575 -6.169 3.06170
0.047 8.699 -3.402 3.16341
0.305 9.933 -3.365 2.76221
1.270 10.788 -2.498 2.92490
0.278 13.390 -3.326 3.21406
1.340 9.978 -3.241 1.86929
3.648 10.941 -3.997 3.73447
1.023 10.966 -4.206 3.58052
0.000 13.143 -4.018 3.28786
0.210 12.683 -4.586 3.05838
0.000 14.227 -2.539 3.89643
0.617 15.678 -2.328 4.01921
1.062 16.036 -2.006 4.14282
6.565 13.477 -2.715 3.52660
0.037 12.584 -3.094 2.58683
0.000 14.443 -2.125 3.10167
0.240 14.102 0.476 3.43756
0.440 11.833 -0.641 1.56367
4.568 13.880 -1.100 2.97676
9.510 11.417 -0.214 1.69942
3.385 13.457 -2.127 3.17572
2.690 9.221 -3.852 1.94647
0.000 14.932 -2.369 1.49757
0.000 17.700 -0.160 2.40087
0.000 16.871 0.142 2.67893
1.522 17.262 1.797 1.68696
4.145 17.899 0.746 2.60969
0.895 17.194 0.582 2.23897
0.772 15.959 1.328 1.34067
3.475 16.357 1.441 1.71224
2.045 17.097 0.598 2.51126
7.875 16.884 1.567 1.68270
4.418 16.935 1.787 1.95155
4.633 17.448 1.310 2.08411
4.198 17.282 -0.366 3.01315
3.455 14.526 -1.860 1.90570
5.815 14.585 -0.679 2.14315
5.060 9.192 -2.321 2.44956
0.007 11.575 -2.153 1.28049
0.010 14.975 -1.825 1.49564
9.182 16.855 0.903 2.64917
3.197 15.837 1.161 1.77786
12.045 13.544 0.720 1.45947
36.085 13.373 0.212 2.97776
28.047 14.600 1.110 1.74142
12.557 15.891 1.439 2.52114
2.943 16.051 0.951 2.62415
4.475 15.846 2.289 2.81769
5.163 17.216 2.356 2.01156
7.443 15.926 1.724 1.65163
1.808 13.598 1.545 1.38341
2.377 13.487 -1.591 2.04619
1.222 10.062 0.289 1.49539
0.128 11.285 0.096 1.43026
3.095 15.038 -0.043 1.02246
0.000 15.779 1.616 1.34995
5.035 15.235 1.788 2.37912
5.073 17.967 2.134 1.75601
4.332 17.060 3.189 1.07719
3.337 16.080 3.891 1.58787
7.585 14.369 3.737 2.86927
30.583 17.439 3.720 1.60875
0.715 16.512 3.691 1.02796
0.200 16.451 0.019 1.56221
0.000 14.888 0.519 2.20064
0.545 15.029 1.963 1.63423
1.505 11.919 3.064 1.56786
0.735 15.122 1.468 1.53300
0.120 15.107 2.519 1.54577
8.130 14.751 2.760 3.43977
2.320 15.992 1.508 2.62290
7.665 17.110 3.218 1.68253
0.890 17.108 2.186 2.13811
0.067 18.096 3.609 1.71998
10.545 17.885 3.576 1.43448
0.148 14.631 0.215 2.21075
0.602 14.765 2.604 1.91165
5.338 12.344 1.368 1.60296
0.152 14.141 0.739 1.64526
0.000 15.835 1.788 1.31674
1.387 16.058 2.883 1.31322
4.105 15.441 1.512 1.94181
3.307 16.448 2.326 1.74164
7.522 17.018 4.174 1.25377
2.862 16.221 4.013 1.46648
0.852 17.484 3.482 2.04205
7.450 16.980 3.847 1.80268
6.325 17.409 2.260 1.96189
5.367 16.531 4.322 1.56216
10.170 17.112 2.515 1.39584
9.138 15.798 2.803 1.77532
5.313 16.371 2.771 1.50261
13.000 17.392 3.406 1.71108
17.683 14.881 2.735 1.41004
3.165 13.267 -1.217 1.65371
0.000 13.631 -1.037 1.62266
0.000 13.355 -0.424 1.42622
0.802 8.577 -0.791 1.78912
15.383 8.626 -0.214 1.33829
5.463 8.810 0.124 1.88920
1.775 15.352 0.040 2.22779
0.000 14.941 1.390 1.51722
10.200 15.033 1.796 1.61155
7.553 14.694 1.048 2.52002
3.830 11.520 -0.611 1.70807
4.422 11.034 -1.497 1.68512
0.552 11.102 -0.518 1.38985
0.297 9.733 -1.314 1.62138
0.815 11.428 -3.931 1.43600
0.845 10.241 -2.116 1.17064
4.970 11.310 -0.453 1.53607
2.525 13.578 -0.372 1.61969
4.085 13.657 -0.282 1.66591
1.258 13.200 -0.040 1.18567
4.175 13.638 -0.195 1.99490
6.530 12.242 0.280 0.95531
4.220 8.702 -1.308 1.30269
0.357 12.704 -0.660 1.64215
1.470 13.221 -0.126 1.86983
6.488 15.343 1.974 1.34164
5.072 14.848 1.700 1.70288
2.672 14.292 1.318 1.50967
6.672 15.333 1.371 1.60256
2.265 13.647 1.036 1.86798
5.417 14.006 0.707 2.39145
2.112 12.775 0.510 1.57927
2.413 13.995 0.608 1.74997
1.615 14.024 0.194 2.55104
1.595 14.248 -0.575 2.78272
0.000 13.557 -0.769 3.21534
4.858 12.055 -1.747 1.86471
0.000 11.654 -2.244 1.24769
0.000 12.099 -1.129 1.30519
0.000 13.307 -0.121 0.88571
1.927 11.913 -0.424 2.11133
4.768 11.996 0.207 1.78249
11.945 10.568 -5.626 1.84722
0.797 7.691 -5.243 1.37822
2.307 9.214 -3.688 1.32822
5.925 8.549 -2.670 1.46205
14.415 9.432 -2.481 1.79007
1.310 7.924 -5.763 2.70139
1.095 7.606 -5.196 0.95166
0.585 9.202 -3.858 1.43634
1.030 6.711 -6.159 2.23966
0.132 6.834 -5.678 1.13200
0.065 8.622 -4.408 1.24266
0.220 6.519 -5.624 1.82776
0.193 4.673 -5.385 1.70402
0.050 7.621 -5.114 1.02271
0.773 9.612 -3.772 1.92454
0.100 7.657 -4.213 1.81709
0.810 7.936 -4.303 1.81170
0.192 9.311 -4.207 1.86358
0.448 9.632 -4.414 2.12842
2.980 8.767 -4.399 2.69510
0.000 9.722 -4.287 2.57748
1.070 9.596 -2.979 1.80858
2.362 9.229 -2.850 1.86231
0.180 10.050 -2.841 2.87965
0.153 8.939 -4.594 2.32486
1.772 7.707 -5.319 3.05293
4.297 4.160 -5.257 2.37934
0.650 1.259 -8.151 2.07078
0.000 4.195 -8.155 1.79855
0.000 4.844 -6.360 2.49316
0.233 0.797 -6.784 1.30413
0.000 2.679 -9.625 1.70327
0.000 3.812 -9.790 1.37616
0.180 5.455 -8.485 2.03652
0.423 3.164 -4.950 2.20332
0.000 3.487 -7.436 1.78084
0.495 1.743 -7.586 1.46469
0.410 1.287 -8.529 2.00012
0.003 3.258 -8.748 2.80444
0.000 4.836 -6.877 3.23137
0.000 5.213 -7.044 2.11698
0.575 3.756 -7.119 1.69092
0.000 3.874 -7.641 1.97457
0.233 2.271 -6.629 2.73573
0.072 -1.449 -6.893 1.81478
0.008 -0.246 -11.694 1.98764
0.000 1.671 -11.936 2.78004
0.000 5.883 -10.391 3.81901
0.000 6.878 -8.667 3.10164
0.000 4.726 -8.808 3.28781
0.000 4.953 -8.637 3.29682
0.000 3.365 -10.566 2.90243
0.000 2.005 -10.928 3.29920
0.000 2.946 -10.760 3.04869
0.000 4.146 -10.929 2.35937
0.000 4.439 -10.682 3.39725
0.000 2.559 -12.230 2.19375
0.000 0.288 -12.838 2.48456
0.000 0.908 -12.567 1.95086
0.000 1.579 -12.335 2.64270
0.000 2.022 -13.049 3.31082
0.000 1.660 -12.691 2.05937
0.000 1.281 -12.599 3.84815
0.000 -3.693 -16.176 3.04595
0.000 0.099 -16.337 2.79615
0.110 -3.751 -14.355 2.62778
0.000 -0.335 -14.394 2.65445
0.000 -1.286 -14.154 3.90473
0.000 0.038 -14.738 3.22106
0.000 0.887 -14.985 3.05041
0.000 2.863 -14.316 3.55673
0.000 3.528 -13.307 3.57862
0.000 2.388 -12.801 2.80842
0.000 3.199 -12.462 3.27442
0.000 4.063 -12.649 2.82044
0.000 1.955 -12.924 3.55794
0.000 1.443 -12.684 3.40027
0.000 3.764 -12.924 3.97637
0.000 1.841 -12.929 3.75863
0.000 0.860 -13.714 3.87661
0.000 -0.367 -16.633 4.28876
0.000 0.036 -16.953 3.19608
0.000 1.117 -16.648 3.31926
0.000 2.508 -12.927 4.19287
0.022 -0.778 -10.876 2.95912
0.507 -2.571 -11.254 3.19076
0.153 -5.809 -20.281 3.24447
0.000 -8.768 -21.288 2.74879
0.143 -5.152 -21.437 3.36201
0.000 -3.854 -18.216 4.15650
0.022 -1.171 -18.416 2.67342
0.000 -4.031 -18.653 4.42868
0.000 -3.587 -18.750 2.48077
0.000 -5.592 -17.563 3.11652
0.000 -0.641 -17.182 3.65311
0.000 0.095 -16.619 3.02265
0.000 -3.743 -18.103 2.97141
0.000 -7.856 -19.398 1.84893
0.000 -3.481 -19.641 3.11832
0.000 -0.541 -15.563 2.62621
0.000 0.939 -15.848 2.41390
0.000 0.162 -14.666 2.88956
0.000 0.159 -12.617 2.15709
0.000 2.400 -11.874 3.09436
2.135 -0.453 -11.856 3.17502
0.000 -8.190 -18.762 3.96361
0.000 -7.508 -19.223 2.72078
0.000 -6.299 -14.232 2.03694
0.000 -9.500 -19.603 2.36442
0.000 -8.617 -22.068 1.23688
0.000 -8.775 -22.883 1.89701
0.000 -7.546 -23.148 2.26863
0.000 -5.278 -21.910 1.77853
0.000 -2.878 -18.470 1.94496
0.000 -3.734 -14.232 1.82153
0.000 -2.970 -15.115 2.39166
0.000 -4.866 -15.605 2.57457
0.000 -8.335 -20.664 2.49967
0.000 -7.699 -21.153 1.41918
0.000 -6.804 -20.959 3.03006
0.000 -6.547 -21.993 3.23493
0.000 -3.291 -22.301 2.57827
0.085 -1.684 -16.665 3.32180
0.000 -0.073 -16.150 3.29687
0.000 -1.611 -16.728 3.62911
0.000 -0.013 -16.939 3.58215
0.000 0.970 -14.822 3.88457
0.000 1.079 -12.212 4.45152
0.000 -0.141 -11.835 4.28687
0.000 -2.839 -11.921 4.20772
0.000 -6.867 -16.983 4.45277
0.000 -8.149 -20.010 2.89558
0.000 -8.007 -20.983 3.48507
0.000 -3.018 -21.055 3.37093
0.000 -2.973 -16.610 2.79845
0.000 -2.409 -18.397 4.30381
0.000 -3.126 -18.504 2.89794
0.000 -1.678 -17.594 4.07800
0.000 -0.314 -17.184 2.83447
0.085 -1.988 -12.500 3.62625
0.000 -1.710 -15.986 2.82193
0.715 -3.445 -18.829 3.03364
0.000 -3.644 -18.933 2.08393
0.000 -2.501 -16.274 1.62566
0.000 -5.932 -17.545 1.59620
0.000 -2.180 -17.713 2.49196
0.000 -3.620 -17.407 2.58659
0.000 -3.336 -17.774 2.69772
0.000 0.804 -17.265 3.17334
0.000 -1.799 -14.071 2.95190
0.000 -2.963 -16.889 3.06175
0.000 -0.848 -16.938 3.94929
0.000 -1.171 -17.553 3.40278
0.000 -1.094 -17.746 3.81774
0.065 1.623 -14.138 3.72722
0.000 3.468 -10.569 5.08154
0.000 4.576 -10.641 4.41884
0.008 4.449 -8.633 4.53697
0.000 1.290 -8.263 5.04886
0.515 2.217 -8.732 5.11732
0.000 3.763 -9.264 4.56124
0.000 5.668 -9.272 4.51732
0.775 1.996 -8.423 4.55848
0.450 -0.933 -8.843 4.53526
0.000 -2.965 -10.516 3.70330
0.000 -2.766 -10.658 3.49111
0.000 -0.802 -11.812 4.00676
0.115 0.157 -11.770 2.67784
0.000 3.289 -10.662 3.76252
0.000 0.785 -14.405 4.40379
0.000 -0.049 -14.191 3.19148
0.000 3.955 -12.764 3.97438
0.000 5.169 -10.495 3.22004
0.150 3.857 -7.944 4.27313
0.000 4.365 -7.379 4.34293
3.735 4.943 -6.723 3.83101
0.000 1.375 -7.799 3.53419
0.000 2.402 -8.898 5.36570
0.000 -2.207 -14.918 2.98331
0.015 -3.427 -16.446 3.50720
0.000 1.851 -15.881 3.71047
0.000 1.217 -11.440 3.67935
0.000 0.468 -11.559 1.63996
0.000 2.925 -11.170 1.76048
0.000 6.033 -8.853 2.02808
0.000 7.677 -6.727 2.77027
0.000 5.737 -5.828 2.20831
0.322 5.572 -6.065 3.67493
0.000 10.354 -5.381 3.27892
0.000 10.659 -5.038 3.21016
0.090 8.909 -5.791 4.64901
0.745 4.155 -5.819 2.34582
0.178 4.365 -5.855 3.53028
0.000 6.993 -4.880 5.31326
0.358 4.935 -4.615 3.07553
0.165 3.803 -5.842 4.65201
0.023 1.985 -7.659 2.12700
0.060 1.371 -8.252 2.90408
1.185 3.570 -6.426 2.02613
0.005 -0.038 -7.656 1.78909
0.045 2.190 -9.330 3.35191
0.000 -0.840 -8.072 2.06930
0.173 2.196 -7.617 1.54635
0.400 2.515 -5.284 2.84034
0.500 5.232 -7.141 3.37886
0.053 9.285 -4.900 1.78186
4.820 5.723 -5.412 2.74858
0.460 7.880 -4.278 4.54710
2.885 2.346 -7.049 2.85894
0.000 4.604 -7.406 3.68208
0.282 9.295 -5.682 4.04510
0.255 7.614 -4.931 3.01398
1.458 5.685 -5.365 2.26071
0.217 4.290 -5.680 2.53947
1.307 1.772 -6.735 1.81924
0.000 4.427 -5.546 1.54745
6.383 4.552 -6.118 1.49193
0.278 6.213 -4.746 1.38899
1.140 8.599 -5.179 1.78080
0.865 10.336 -4.177 3.63288
3.632 2.987 -6.593 2.20807
0.077 8.089 -5.405 1.69985
2.717 8.538 -4.190 2.86065
3.417 10.123 -4.875 3.38641
0.085 10.503 -6.283 4.08225
0.003 6.810 -5.503 3.64670
0.485 8.510 -5.806 2.61921
0.000 8.152 -5.400 3.34880
0.760 9.850 -6.149 2.37192
0.315 10.561 -2.876 2.03640
0.170 11.126 -5.597 2.92569
2.417 11.151 -2.538 0.95126
4.155 11.187 -4.609 1.47264
0.115 15.330 -1.781 2.53296
0.000 11.279 -2.231 2.19621
1.645 12.164 -2.545 2.06486
25.615 10.086 -2.159 2.09211
1.980 4.332 -4.328 1.56501
2.622 10.468 -4.705 1.24889
0.065 15.261 -2.174 2.18706
2.845 14.910 -1.391 1.95637
16.772 9.182 -2.680 2.11432
2.582 7.338 -2.028 1.05828
2.113 7.364 -3.899 1.63135
0.918 9.617 -3.928 2.46587
2.993 8.593 -3.754 1.67963
2.010 11.893 -2.905 1.77656
2.960 10.239 -1.612 2.57360
0.372 8.147 -5.420 1.95933
0.400 11.460 -4.633 1.74436
3.772 13.530 -3.323 2.89309
1.310 1.102 -2.401 3.15033
0.000 13.632 -2.966 3.05088
1.860 14.328 -2.307 2.53360
2.605 13.404 -2.308 2.20867
0.532 13.551 -0.657 1.44402
0.172 16.448 0.480 2.85344
0.062 13.757 -0.047 2.53594
6.420 13.065 -1.786 1.82541
1.258 10.443 -1.820 1.42586
1.902 11.132 -0.815 1.32978
0.607 11.626 0.150 1.54128
6.350 13.321 -1.471 2.73921
9.115 10.812 -0.214 1.71271
8.755 12.993 -1.993 2.17819
4.988 10.315 -2.413 1.69592
3.120 12.472 -1.962 3.04017
2.130 13.800 0.359 2.64539
1.227 14.539 0.342 2.28260
30.250 14.566 0.796 2.17456
2.380 13.485 -1.116 1.65975
1.192 12.778 0.480 1.22588
2.060 12.871 0.528 2.53079
7.627 13.471 0.394 2.97401
8.800 12.756 1.253 2.72208
0.000 15.317 1.880 1.40807
0.322 16.990 3.566 2.57658
0.000 17.981 1.834 2.72563
0.000 18.415 1.985 2.80369
0.000 18.158 2.241 2.58825
0.973 17.800 3.788 1.90308
7.657 17.319 4.282 1.16577
5.543 15.597 2.744 2.24828
2.000 16.829 2.082 2.58052
0.680 15.681 1.013 2.30406
0.000 12.549 -3.022 2.35567
0.000 12.888 -1.172 1.66985
0.055 15.378 -0.278 1.26796
2.927 14.736 1.078 1.92626
0.063 13.592 -2.765 2.28843
0.000 12.932 -1.423 1.74783
0.382 15.834 0.087 1.39201
1.945 18.290 3.276 2.41335
42.150 16.399 4.100 1.86304
4.270 16.485 -0.520 1.61466
0.410 10.884 -1.305 2.04921
0.853 10.498 -4.021 1.61731
1.077 10.351 -1.181 1.70410
0.027 12.412 -1.281 1.14515
0.000 12.861 0.451 1.56739
1.270 13.809 0.308 1.00671
1.387 14.169 0.818 1.07377
0.247 14.614 0.015 1.71349
0.402 16.177 -0.758 1.56113
0.000 14.657 -1.952 1.99056
0.442 14.206 0.059 1.96380
0.498 16.265 1.557 1.71280
0.152 17.243 1.623 1.98872
1.250 17.468 1.932 1.87916
0.870 17.952 2.577 1.94158
0.460 16.850 3.155 1.68481
0.105 17.750 0.641 2.05083
0.000 17.166 2.124 2.27306
0.920 19.497 1.535 2.34429
3.605 19.476 2.339 1.23152
7.497 19.118 2.787 0.97735
0.295 17.683 2.681 1.63751
6.570 17.225 3.731 1.08597
30.141 14.732 0.585 1.74883
1.380 14.606 -0.854 1.97963
0.103 14.358 -1.429 1.83807
0.000 15.510 1.525 1.54097
3.048 16.394 0.719 0.89565
0.000 17.954 0.488 1.18326
0.000 19.057 2.483 1.45891
7.862 15.541 3.298 1.26930
0.902 14.944 2.586 1.49686
9.435 17.828 0.758 2.34684
5.490 16.875 0.673 1.73188
7.588 16.961 0.618 2.40648
7.422 11.657 -1.598 1.82145
5.197 7.019 -3.928 1.95981
3.600 6.540 -2.952 1.47213
3.260 7.812 -4.364 1.16653
0.773 13.150 -1.512 0.89554
2.470 12.757 -0.319 1.95193
0.000 14.716 1.292 1.69217
3.377 14.525 0.973 0.93763
2.725 15.695 1.374 1.36170
3.615 12.399 1.119 1.24370
1.665 14.376 0.476 1.47583
0.888 14.411 0.655 1.18257
0.170 14.711 0.030 1.86001
8.070 14.087 -0.472 1.18987
5.880 14.403 -1.003 1.73971
6.510 13.467 -0.350 2.59265
2.547 13.976 0.403 1.70159
4.290 14.610 0.923 1.28057
0.555 15.554 2.634 1.16959
4.690 14.186 0.890 1.66460
0.310 15.047 0.261 2.39116
0.320 16.031 0.522 1.77512
0.163 15.555 1.579 1.65666
2.110 14.621 1.452 1.62739
5.998 13.783 0.999 1.22226
8.037 13.323 0.036 1.18009
4.440 11.598 -1.619 1.29083
0.825 11.401 -1.667 1.76954
6.642 11.584 -0.422 2.24059
5.275 10.131 -1.610 1.41923
0.885 8.886 -0.972 1.42365
0.555 13.009 -2.541 1.87598
0.825 12.481 -2.858 1.72297
0.000 12.970 -1.468 2.97103
1.518 11.314 -4.007 2.57908
0.000 13.457 -3.093 1.87641
0.628 13.035 -0.282 3.43539
19.733 13.528 -0.477 2.52863
1.510 15.004 -1.078 3.38872
0.447 14.337 -2.695 3.60245
1.215 14.542 -3.071 3.28198
0.000 13.857 -2.885 2.71597
0.687 14.051 -2.459 2.08978
1.902 14.059 -2.549 1.57345
0.453 12.380 -3.856 2.29089
1.002 11.607 -3.451 2.26021
2.358 10.193 -2.821 1.06765
0.550 8.360 -5.279 1.70226
0.122 10.076 -4.910 2.48747
0.068 9.910 -4.172 1.13988
0.418 9.415 -2.921 1.35522
6.850 7.968 -4.662 1.49376
0.000 4.063 -6.792 2.00019
0.072 2.490 -6.445 1.21040
0.820 3.282 -6.353 0.95444
0.185 6.673 -6.383 1.85742
0.115 8.332 -6.266 1.62047
0.000 7.539 -5.301 1.23832
0.288 7.020 -5.190 1.48768
4.137 6.249 -6.001 2.36096
0.000 2.926 -7.059 1.66637
0.000 4.076 -7.136 0.87818
0.000 6.927 -6.889 1.55622
0.037 7.819 -5.827 2.73415
0.000 7.784 -4.775 2.46855
0.678 7.234 -4.376 1.60855
0.552 4.204 -3.935 1.59572
0.192 4.960 -7.920 2.35426
0.000 4.831 -7.775 2.64092
0.000 6.690 -6.171 2.23424
0.443 7.395 -5.388 3.00426
0.517 4.988 -5.315 2.00346
0.212 4.908 -6.404 2.11306
0.000 3.660 -8.195 2.44460
0.000 2.992 -8.288 1.23976
1.415 4.425 -7.184 0.93872
0.147 5.039 -6.637 2.18755
0.045 5.983 -6.299 2.59563
0.313 3.179 -6.475 2.88250
0.352 2.717 -6.762 3.12931
0.115 0.750 -8.642 2.73565
0.000 0.002 -12.935 2.08261
0.000 2.355 -13.111 3.08285
0.038 1.099 -8.480 2.41387
0.880 -0.279 -6.572 1.38019
0.760 0.265 -9.448 1.43219
0.187 1.593 -10.504 2.68933
0.000 4.950 -11.032 3.14222
0.067 5.880 -8.303 3.44134
0.000 5.193 -9.705 2.74398
0.000 4.614 -10.082 4.11292
0.000 -0.735 -10.672 2.07837
0.000 1.221 -13.071 2.40183
0.000 2.346 -13.229 2.56557
0.130 4.563 -11.098 2.51451
0.000 6.642 -10.910 3.01814
0.000 6.887 -10.524 2.56759
0.000 5.728 -10.143 3.33614
0.000 3.719 -10.805 2.28640
0.000 3.153 -11.566 1.81023
0.000 4.253 -11.539 2.73031
0.000 3.308 -8.424 2.88937
0.012 -0.125 -10.899 2.95000
0.000 2.846 -12.427 2.52881
0.000 2.845 -14.678 3.16692
0.000 0.241 -14.992 1.93519
0.000 -0.019 -13.453 1.48368
0.130 -3.390 -11.801 1.04293
0.000 -3.450 -13.601 3.24843
0.152 -3.583 -14.862 2.51191
0.000 -1.205 -15.169 1.74588
0.265 -0.971 -13.685 2.20107
0.005 -1.891 -14.040 1.91784
0.000 -0.976 -14.445 2.62108
0.000 1.612 -12.867 3.52553
0.000 1.747 -12.970 3.37932
0.000 -0.566 -15.103 3.60347
0.000 -2.304 -15.186 2.80775
0.000 -2.455 -13.916 3.54689
0.000 -7.846 -17.475 1.48536
0.000 -4.447 -18.142 3.39843
0.000 -1.208 -17.488 4.16443
0.000 -6.401 -18.027 3.50481
0.000 -8.442 -18.765 3.62709
0.000 -4.745 -17.953 3.47108
0.000 -6.431 -16.157 2.39106
0.000 -5.900 -17.905 3.13258
0.000 -3.277 -18.087 3.46667
0.000 -3.960 -17.134 2.02092
0.000 -7.880 -19.554 1.97737
0.000 -5.030 -20.003 2.97045
0.000 -2.346 -13.646 2.32057
0.312 0.157 -14.288 2.43562
0.000 -0.021 -14.925 2.98529
0.000 0.245 -13.871 1.70918
0.000 -2.532 -15.254 2.85251
0.000 -5.203 -18.276 2.02229
0.000 -2.621 -18.527 2.24344
0.000 -3.918 -19.397 2.53023
0.000 -6.045 -19.721 2.96720
0.000 -1.534 -17.998 2.54651
0.000 -3.858 -16.989 2.22466
0.000 -2.643 -17.277 1.86229
0.000 -3.749 -16.805 2.28719
0.000 -8.560 -18.056 2.00165
0.000 -8.136 -19.513 4.21961
0.000 -3.049 -18.756 4.00349
0.000 -0.674 -17.160 2.46381
0.000 -2.408 -13.835 1.37553
0.000 -6.290 -16.271 1.76932
0.000 -3.523 -16.561 2.92073
0.000 -9.549 -20.537 2.87371
0.000 -4.438 -20.703 2.67037
0.000 -1.933 -20.216 3.18012
0.000 -1.556 -17.748 3.58007
0.000 -7.564 -14.535 2.24148
0.017 -7.742 -21.823 3.80105
0.000 -10.293 -22.322 3.45380
0.000 -8.706 -22.978 3.40507
0.000 -7.355 -23.306 2.72204
0.000 -8.070 -19.493 1.54336
0.000 -6.721 -19.517 2.96968
0.000 -6.231 -18.722 2.56496
0.000 -7.325 -18.563 2.60006
0.000 -5.359 -17.317 4.07891
0.092 -3.134 -16.411 3.85519
0.000 -1.755 -14.160 4.03164
0.000 -3.580 -16.683 2.50357
0.000 -0.135 -16.807 3.76748
0.000 -1.472 -18.311 3.62862
0.000 -0.922 -18.343 3.75958
0.000 1.279 -15.926 3.21793
0.000 1.352 -15.503 2.83479
0.000 4.005 -14.644 2.50502
0.000 1.634 -13.167 3.00706
0.000 -2.483 -14.711 2.32275
0.000 -2.012 -14.090 3.06813
0.000 -0.842 -13.256 3.62453
0.000 -2.353 -14.850 4.79926
0.000 1.044 -14.968 5.04309
0.000 -1.074 -15.215 4.54504
0.000 1.015 -15.413 4.16046
0.000 3.197 -13.269 4.96753
0.000 1.547 -13.672 5.55846
0.000 2.426 -15.290 5.29197
0.000 1.771 -15.445 4.07828
0.413 4.340 -9.508 5.02169
0.000 2.074 -12.142 5.37073
0.000 2.736 -12.218 3.33443
0.000 -5.630 -13.371 2.90430
0.000 -10.307 -15.107 2.60353
0.000 -8.778 -20.602 2.24502
0.000 -5.328 -20.646 2.24681
0.000 -2.854 -18.353 2.12313
0.000 -3.500 -18.394 1.58214
0.000 -0.650 -16.012 2.18729
0.000 1.162 -14.380 2.25483
0.367 -1.994 -14.414 2.17427
0.000 3.558 -14.398 2.78833
0.000 -0.770 -15.436 3.61899
0.000 1.495 -15.405 2.88447
0.000 0.143 -12.831 2.77595
0.000 2.898 -12.025 3.60044
0.000 3.051 -11.294 3.66558
0.023 2.442 -10.522 3.07593
0.000 2.635 -11.470 3.27513
0.000 2.976 -11.220 4.02974
0.000 5.214 -6.880 4.33030
0.110 5.520 -6.118 4.60363
0.905 3.029 -7.165 3.98742
1.418 1.997 -8.622 3.33816
0.000 -1.099 -15.421 3.03372
0.000 0.614 -14.988 3.64257
0.255 4.573 -13.565 3.24013
0.520 2.872 -10.562 3.02516
0.295 4.036 -9.946 3.06377
0.423 1.533 -6.518 1.76197
0.100 -0.681 -7.368 1.48646
0.000 -4.208 -14.819 3.60918
0.000 -0.773 -13.772 3.84955
0.000 5.214 -11.675 3.90907
0.000 7.270 -7.715 2.62881
0.005 8.800 -4.478 3.89118
3.752 8.640 -5.271 3.73693
0.060 -1.385 -9.680 2.58771
0.000 6.967 -8.564 3.05600
4.035 1.861 -7.251 1.34333
0.000 6.161 -7.253 1.53434
0.340 8.107 -5.227 3.03751
0.900 11.937 -3.952 2.92945
0.112 12.996 -3.686 3.56234
3.295 10.126 -5.840 3.31774
0.140 11.222 -3.888 2.86222
0.540 8.159 -5.574 1.92015
0.950 6.455 -6.540 1.88651
0.200 7.346 -5.481 4.04775
0.778 8.703 -3.825 3.39696
1.635 3.991 -5.813 1.69788
0.000 5.968 -5.954 1.95881
0.000 7.912 -5.254 3.74996
0.143 4.144 -6.702 2.62604
0.240 2.967 -7.556 3.99579
0.145 4.583 -10.435 4.31382
0.127 4.856 -8.955 3.44957
1.310 8.266 -5.300 3.40415
0.538 8.858 -4.626 3.24795
2.193 10.954 -4.681 3.23355
0.325 4.246 -6.511 2.14521
0.753 8.319 -6.139 3.02184
0.020 6.359 -4.999 1.69158
0.310 6.486 -3.878 2.66424
0.585 5.683 -7.729 3.25604
0.310 6.966 -5.197 2.66687
1.182 8.323 -4.290 1.97639
3.502 5.659 -4.269 1.06852
0.000 6.770 -4.290 2.10127
0.608 3.722 -4.689 1.83236
0.070 8.634 -6.640 2.27811
0.230 11.046 -3.516 2.20484
0.058 13.085 -5.062 1.73789
0.018 14.185 -3.294 2.51958
0.702 12.337 -4.806 2.02987
0.470 11.215 -4.416 2.21484
2.848 10.196 -1.979 1.99569
1.857 5.267 -4.981 2.28692
1.370 11.406 -5.790 2.05127
0.000 12.418 -4.739 1.70864
0.000 15.463 -3.574 2.87242
0.777 16.088 -3.280 3.15662
1.352 12.243 -2.625 4.06955
1.313 8.234 -2.674 1.74760
1.235 10.917 -2.838 1.61807
1.867 11.121 -5.951 3.45108
0.710 11.402 -2.317 1.47234
0.542 7.258 -4.809 2.58334
0.043 13.124 -2.709 2.06316
12.495 10.627 -2.292 2.15351
1.345 10.027 -1.207 1.38258
0.328 9.649 -4.418 3.65252
0.432 13.494 -4.432 1.83178
0.158 16.576 -0.954 3.84954
0.000 8.990 -2.851 2.89355
0.223 12.886 -3.071 4.92772
0.810 11.694 -2.213 2.74046
2.828 11.509 -0.902 1.43334
1.097 12.044 -2.286 4.27871
0.323 12.959 -1.497 4.35238
0.188 13.589 -1.523 4.15711
0.613 10.836 -5.281 2.61671
0.000 12.405 -4.128 2.43391
0.880 14.970 -1.361 2.25443
0.082 15.391 -1.322 1.48883
1.837 16.543 -0.570 1.73071
0.695 13.221 -1.618 2.15951
6.227 14.553 0.217 2.66229
4.368 12.670 -2.244 2.15398
8.040 11.868 -1.957 1.67496
1.482 10.795 -1.652 1.70687
0.970 14.988 -0.353 1.67570
17.385 13.660 0.484 1.74316
3.037 13.841 0.700 1.56524
4.925 15.143 -1.760 1.86122
0.000 14.704 -0.158 1.42639
3.827 15.749 0.963 1.59740
0.333 17.881 2.573 1.82006
7.618 16.349 3.759 1.41360
1.730 11.460 2.050 1.89428
4.867 16.983 2.661 1.43548
4.613 15.034 0.527 1.51722
1.133 17.782 1.266 2.58648
6.173 17.259 2.966 1.87522
6.783 17.797 3.392 1.92593
6.880 16.699 1.485 2.02521
2.527 15.527 2.357 1.35931
2.918 15.882 3.045 1.74474
0.740 16.292 3.911 1.21871
14.745 18.714 -0.107 2.52594
3.887 15.543 -0.113 1.77181
0.827 14.587 0.975 1.05315
0.035 13.743 1.074 1.20026
0.143 16.132 0.890 1.88788
4.200 16.560 3.156 3.11172
2.540 16.675 1.887 2.32361
11.400 14.907 2.931 1.98481
6.380 17.881 4.478 1.79309
5.690 16.871 2.787 1.78639
7.932 17.243 3.179 1.61307
9.637 17.506 2.831 1.80312
18.973 17.932 4.687 1.33716
8.470 17.587 2.336 1.41073
0.712 14.101 0.253 1.80019
0.000 13.925 1.343 1.82166
0.000 15.838 0.188 1.12370
0.840 16.995 2.859 1.88955
2.432 16.678 2.300 2.98819
10.953 16.058 3.486 0.90413
5.380 16.260 2.791 1.40143
12.900 16.903 4.350 2.09233
6.235 12.652 1.781 1.13494
0.225 14.690 1.765 2.69024
2.537 12.948 1.031 2.34885
10.335 16.090 3.021 1.15329
0.000 14.833 0.606 1.98332
0.337 14.345 0.904 1.33508
0.000 14.738 0.724 1.52912
1.547 12.452 0.531 1.51035
0.257 13.668 1.309 1.59178
0.135 15.314 1.431 1.52660
0.050 14.873 1.674 1.62424
0.515 13.080 1.486 1.68446
1.770 14.164 -0.352 1.55210
4.020 15.639 1.680 1.49616
0.202 15.699 2.897 0.94087
0.457 16.250 3.835 1.09353
0.150 15.156 1.449 2.01740
0.000 16.889 2.008 1.64683
0.848 17.642 3.042 1.20144
0.000 17.555 1.918 1.46132
0.970 17.266 0.556 1.57745
0.058 17.391 1.683 1.50279
0.130 18.015 2.346 1.57493
0.013 18.196 4.741 1.57559
3.677 17.200 3.700 1.46595
0.000 18.409 3.661 1.81623
0.055 18.452 1.299 2.08222
0.000 18.525 1.847 1.64481
0.052 19.858 2.068 1.68064
0.353 20.577 3.775 1.54791
0.130 19.212 2.244 1.74141
0.638 20.106 2.641 1.62390
0.192 20.454 2.789 1.71183
0.020 18.522 2.123 1.68783
0.000 16.240 1.403 1.48890
0.000 18.164 1.265 1.66678
0.000 18.197 1.399 1.60230
3.415 18.254 2.224 1.29380
5.250 17.039 3.225 1.30892
5.973 16.681 1.392 1.77858
4.838 16.890 1.146 2.37148
2.495 15.081 1.990 2.38412
11.535 16.875 2.408 1.43895
8.307 15.560 1.440 1.84049
2.055 15.374 1.294 1.71529
2.175 14.881 0.918 2.25510
0.515 13.245 0.661 1.18234
0.485 11.440 -0.034 1.46413
11.853 14.946 0.850 1.43898
8.992 14.809 -2.271 2.02450
0.000 13.043 -1.621 1.68715
0.000 13.522 -2.611 1.48118
1.968 12.949 -1.860 1.86984
0.425 10.797 -2.243 1.07530
0.130 11.285 -1.832 2.41754
5.358 14.266 -0.165 1.07175
1.655 11.441 -1.762 1.05648
4.570 13.956 -0.634 1.60161
5.990 11.953 -0.941 1.18056
4.445 11.659 -3.880 1.10007
1.017 11.523 -4.349 1.36022
0.000 9.891 -3.518 1.56653
6.865 12.705 -2.570 1.39227
1.913 10.378 -1.552 1.32348
7.600 11.490 -1.321 2.44233
3.942 11.370 -0.990 1.63329
9.970 7.284 -1.357 1.43349
2.662 7.272 -3.067 1.30894
0.167 8.850 -3.226 1.42769
0.125 10.414 -2.459 1.35602
0.000 9.611 -2.144 1.11872
0.000 11.901 -3.634 1.93112
0.000 11.852 -3.226 1.32037
0.000 13.528 -4.255 1.50816
0.138 11.554 -5.136 2.46551
4.983 9.577 -4.851 1.12917
3.720 9.543 -3.545 2.22794
6.300 10.660 -2.928 2.04337
4.687 10.089 -2.527 1.27394
2.737 10.853 -1.759 2.03573
3.270 11.029 -2.106 2.18472
0.225 11.184 -2.331 2.66120
3.270 10.200 -2.843 2.21903
24.620 5.737 -5.350 1.50051
5.080 5.490 -5.333 1.88265
0.333 5.661 -6.873 1.74257
0.438 7.099 -6.876 1.85735
0.048 3.338 -5.933 1.28667
1.275 4.327 -5.291 1.63613
1.427 2.744 -6.142 1.32386
0.685 4.951 -6.234 1.89354
0.000 7.492 -5.848 2.74260
0.103 8.061 -5.437 3.53537
0.355 7.147 -5.012 1.96121
0.200 7.594 -6.112 2.43859
0.000 7.344 -6.173 3.24491
0.000 7.092 -5.597 3.58164
0.000 5.861 -5.572 4.47261
0.955 4.282 -5.731 3.31814
0.000 1.618 -8.538 3.74686
0.060 1.160 -8.677 1.93057
0.068 -0.729 -11.007 1.89740
0.125 2.797 -11.132 1.59495
0.000 3.266 -9.619 2.15591
0.000 2.040 -7.756 1.82138
0.577 2.295 -7.908 1.72051
0.357 3.712 -8.308 2.37448
0.000 4.699 -8.449 2.59417
0.000 4.887 -6.442 2.48456
0.000 4.324 -7.611 3.54401
0.063 1.792 -11.184 2.68991
0.000 1.085 -12.772 3.01496
0.000 3.052 -13.016 2.58257
0.000 5.137 -10.413 3.46768
0.000 5.701 -9.073 3.38382
0.000 6.159 -8.659 2.81173
0.000 4.200 -7.761 2.45986
0.000 3.702 -8.641 3.01862
0.000 2.963 -8.904 2.79453
0.000 -0.429 -13.374 2.70714
0.000 2.117 -13.622 2.67926
0.000 1.559 -12.386 1.66066
0.000 2.798 -11.596 2.51444
0.000 4.184 -11.799 2.97078
0.000 3.456 -10.945 3.72644
0.000 5.493 -10.619 2.83138
0.000 2.657 -9.866 3.82722
0.000 -1.263 -15.443 3.46104
0.000 0.673 -15.684 3.29959
0.000 1.195 -11.033 2.68155
0.000 -0.193 -14.150 2.60585
0.000 -0.238 -14.416 2.36696
0.000 1.166 -12.714 2.26063
0.277 -0.961 -11.986 1.93894
0.000 -0.814 -14.144 3.23339
0.000 -4.715 -18.529 2.71389
0.000 -1.236 -19.035 2.46022
0.000 -0.023 -13.101 1.43760
0.000 1.393 -13.107 2.18773
0.000 -0.281 -14.733 2.39528
0.000 2.286 -14.934 2.48866
0.000 2.235 -14.349 2.10055
0.000 3.961 -13.370 2.87927
0.000 5.150 -13.559 2.86872
0.000 1.538 -13.254 2.12661
0.000 5.706 -13.163 3.02557
0.000 5.229 -13.167 2.81653
0.000 -1.515 -16.014 2.57954
0.000 0.933 -16.226 3.21503
0.662 1.139 -16.049 3.14671
0.000 1.054 -13.542 3.54903
0.000 1.233 -15.961 3.47907
0.000 -0.002 -17.571 3.92606
0.000 -0.639 -17.910 2.66427
0.000 4.471 -15.428 3.00283
0.000 2.928 -13.627 3.11491
0.000 1.680 -13.366 3.79290
0.000 2.303 -13.431 3.98265
0.000 -10.590 -15.730 2.28675
0.000 -7.195 -17.676 3.14397
0.000 -3.214 -17.457 2.91721
0.000 -2.619 -16.901 3.78390
0.000 -2.738 -17.115 2.13803
0.000 -3.270 -14.909 2.97489
0.053 -5.351 -14.259 2.59628
0.000 -5.022 -14.758 2.70177
0.480 -5.683 -15.533 2.10967
0.000 -5.809 -18.558 1.68044
0.000 -6.745 -18.855 2.02248
0.000 -7.258 -15.865 2.20915
0.000 -7.037 -14.362 1.41671
0.000 -4.518 -15.621 2.94248
0.000 -4.908 -16.050 3.80142
0.000 -7.217 -14.110 3.74546
0.000 -7.430 -15.004 3.32662
0.000 -6.891 -17.082 3.72513
0.000 -6.503 -17.155 2.90378
0.000 -7.061 -20.066 3.70076
0.000 -2.680 -20.011 2.60810
1.095 -4.391 -13.324 4.25433
0.000 -3.809 -13.311 4.74742
0.000 -2.364 -15.261 4.14420
0.000 -1.840 -16.477 3.39833
0.000 -3.660 -18.138 4.19206
0.000 -2.641 -18.274 3.24978
0.230 1.080 -13.701 3.11562
0.000 -1.352 -15.167 3.37957
0.000 -2.365 -16.454 3.14598
0.000 2.283 -16.294 2.61985
0.000 2.613 -14.571 2.84508
0.000 2.801 -13.749 4.15814
0.000 -3.348 -18.247 3.51538
0.000 -1.961 -18.405 3.36664
0.000 -3.867 -16.461 2.30776
0.000 -3.612 -16.591 2.45384
0.182 -4.210 -16.673 2.37519
0.000 -3.568 -17.758 2.77794
0.000 -2.850 -18.169 3.10884
0.000 2.656 -15.993 3.52852
0.000 5.031 -13.519 3.14569
0.000 3.817 -12.362 3.92505
0.000 -2.217 -13.835 4.77012
0.000 0.420 -13.574 4.32105
0.000 1.634 -12.049 4.22957
0.000 -0.131 -15.784 4.78774
0.000 -2.917 -16.041 2.46643
0.000 -0.813 -14.603 2.37931
0.000 -2.016 -13.824 1.74030
0.000 -1.920 -19.862 3.47648
0.000 -0.939 -19.957 2.91164
0.002 3.568 -16.002 3.03748
0.053 3.058 -12.531 2.77891
0.272 0.222 -12.186 4.04295
0.000 7.317 -11.583 4.27222
0.180 0.611 -9.185 2.80489
0.000 0.747 -8.998 3.11365
0.000 0.736 -9.418 4.64903
0.000 -0.869 -10.069 4.50450
0.000 -1.410 -17.605 5.15021
0.000 -2.993 -17.682 3.29370
0.000 -3.675 -13.092 1.80077
0.000 -0.438 -16.160 3.71561
0.002 1.009 -16.101 3.38511
0.000 0.688 -12.363 2.34670
0.000 1.763 -8.892 3.93188
0.000 0.180 -13.319 3.96510
0.200 0.954 -13.104 3.60434
0.000 -2.047 -14.207 3.11262
0.000 -4.804 -14.129 1.83769
0.000 -2.635 -12.755 3.70618
0.017 -4.153 -15.605 2.49499
0.085 -3.289 -15.053 3.35737
0.402 -0.944 -11.123 4.84939
0.000 -2.876 -10.786 5.03871
0.000 -3.638 -11.163 4.10736
0.000 -2.197 -12.455 5.48413
0.000 -0.792 -15.126 4.38138
0.000 -2.113 -14.685 4.49837
0.000 1.350 -12.495 3.08610
0.000 -1.499 -9.893 3.65498
0.000 -3.122 -14.183 3.66207
0.000 -3.438 -13.618 2.06100
0.000 -3.549 -14.369 2.19231
0.055 -1.221 -13.754 4.56525
0.000 6.539 -10.617 5.25749
0.000 8.699 -6.132 4.47856
0.000 6.143 -7.740 4.70898
0.000 1.833 -9.020 4.33817
0.023 3.530 -7.857 2.62941
0.000 3.972 -7.690 2.64736
0.000 7.561 -6.990 2.88987
1.128 4.872 -7.180 3.23282
0.000 3.155 -7.418 2.59574
0.033 6.567 -6.341 2.24305
0.200 9.831 -4.475 2.86769
0.610 6.094 -5.387 2.38192
0.115 4.994 -5.790 3.25845
2.165 3.071 -8.969 2.45425
0.080 7.822 -7.085 2.95983
0.000 10.032 -4.621 4.07772
0.000 10.654 -3.283 3.91053
2.620 9.864 -4.908 3.31454
0.178 7.308 -6.295 4.67320
0.885 5.779 -6.219 3.84466
0.298 1.286 -10.199 3.44011
0.000 2.085 -7.836 2.77906
0.208 4.081 -9.066 3.08395
0.673 8.237 -6.869 4.33762
14.105 0.614 -5.454 1.87722
0.073 -2.256 -10.084 3.10331
0.000 5.632 -8.180 2.34212
0.028 10.266 -3.528 1.80769
1.010 12.329 -5.073 2.48038
13.225 10.325 -4.926 2.08241
0.108 9.475 -5.408 3.19353
0.000 8.753 -4.118 2.84466
1.090 12.653 -2.633 1.91784
1.847 7.183 -4.954 2.09535
2.862 7.379 -4.090 2.29411
2.722 9.557 -4.779 2.16463
4.172 6.043 -4.993 2.03405
2.143 3.453 -7.365 1.51697
0.090 5.725 -8.093 2.89374
0.000 8.582 -5.855 2.31070
0.512 4.757 -3.379 2.84257
0.103 8.383 -7.897 3.61162
0.313 7.569 -5.141 2.49913
0.638 7.372 -4.644 1.80983
2.618 3.517 -5.508 1.61962
0.455 7.935 -8.299 3.12001
0.035 7.057 -5.913 3.12582
0.858 10.662 -4.423 2.12488
0.697 11.102 -4.039 1.95883
18.872 10.970 -5.123 3.14639
0.125 8.819 -4.888 1.75705
0.000 12.499 -4.265 1.89720
3.202 6.611 -5.278 2.69527
0.000 9.012 -7.244 2.57176
0.000 9.520 -4.080 1.80495
0.000 13.223 -3.994 2.18143
1.545 13.767 -3.606 2.55919
1.580 13.579 -1.146 1.59651
3.455 11.102 -1.715 2.14474
0.378 12.081 -0.885 1.15948
2.288 12.285 -4.353 2.28368
1.890 12.301 -1.906 1.13880
0.730 13.298 -2.173 2.64526
0.163 10.579 -6.694 2.41201
0.000 10.614 -3.091 1.68390
0.025 12.966 -0.772 1.31797
1.427 10.662 -1.937 2.89996
0.663 14.478 -1.575 3.27076
4.770 12.216 -0.003 1.42475
4.387 9.952 -0.784 2.38067
2.248 12.692 -0.042 1.99204
0.810 15.426 -1.688 2.69972
19.270 15.409 -1.226 3.21055
3.215 7.199 -6.653 2.42526
0.390 7.637 -5.485 3.96057
0.597 7.183 -4.508 3.55738
1.997 12.209 -1.971 1.67537
4.962 13.405 -0.589 3.22122
10.100 14.522 -2.752 2.99395
2.175 12.577 -1.109 1.38625
5.452 14.335 0.052 3.08932
6.070 13.959 -0.241 2.55487
2.540 15.581 1.258 2.80164
7.235 12.224 1.569 2.05274
36.945 12.755 0.411 1.55409
7.953 16.096 1.587 1.70129
7.810 14.576 0.552 2.45589
16.390 13.400 0.688 1.52364
6.165 12.021 -2.760 1.88512
1.722 12.860 0.002 1.69635
2.302 12.596 1.435 1.20110
14.470 13.019 -0.522 1.40915
1.700 14.373 1.254 1.58692
1.703 15.433 2.125 2.07877
2.537 13.423 1.504 1.48847
0.420 12.168 0.366 1.04437
0.000 14.712 -0.946 1.64969
0.113 16.438 1.224 1.46684
2.010 14.994 1.823 1.34728
8.708 13.842 0.695 2.10867
2.692 14.059 1.291 1.71344
5.397 15.644 1.615 2.14666
2.520 15.854 2.363 1.72658
6.538 15.077 2.058 1.91701
7.813 16.230 0.634 3.20963
3.273 12.886 0.843 1.38129
5.045 16.908 3.158 1.32748
14.882 15.190 1.363 1.67782
0.503 14.089 -1.197 2.75336
0.000 12.246 -1.960 2.22250
0.000 12.018 -1.267 1.76273
0.375 11.763 0.402 1.44600
0.312 14.105 0.801 0.89154
0.222 14.706 0.821 1.36686
0.000 15.684 1.903 1.54011
1.867 17.564 1.811 1.36055
0.000 15.930 2.480 1.52420
0.003 16.316 1.843 1.48654
0.000 16.887 2.292 1.45281
0.000 17.953 3.483 1.52633
3.833 16.962 2.430 1.66160
0.290 17.238 3.927 1.66808
1.110 17.399 3.020 1.80927
6.490 16.689 3.424 1.45114
3.405 16.647 1.564 1.61973
3.422 14.521 1.254 2.09316
4.393 16.529 3.188 2.34575
16.745 12.848 1.653 1.31094
1.203 15.520 3.202 2.21367
0.000 15.562 3.210 1.58076
0.157 16.462 1.957 1.30158
2.710 18.036 4.621 1.64778
6.115 13.550 3.546 1.18119
0.000 16.626 3.812 1.04686
0.000 16.617 1.747 1.34727
0.160 17.772 3.309 1.44861
0.185 17.725 3.334 1.67627
12.043 18.778 4.220 1.80320
5.505 15.840 2.808 1.89267
0.068 14.027 0.589 2.07576
1.557 14.646 0.535 1.69468
3.395 9.408 -2.269 1.40571
0.000 14.361 0.022 1.26198
3.503 14.619 2.090 0.98927
3.053 14.400 2.008 2.27530
4.347 14.951 3.057 1.49574
0.227 16.521 3.586 1.28408
0.308 16.940 3.981 1.41164
14.818 15.114 2.726 2.42144
13.165 16.251 2.795 1.62110
6.582 15.343 1.928 1.30018
3.932 13.581 1.848 1.22605
0.320 16.258 1.295 2.71532
0.325 16.297 1.387 1.72217
0.000 16.593 0.178 1.72533
0.165 16.700 0.765 1.80000
0.000 15.767 -0.194 1.98835
0.025 16.622 -0.039 2.48048
0.000 15.996 1.694 1.93682
2.510 15.766 1.592 1.76595
7.637 15.318 1.993 1.44250
7.945 14.114 1.632 1.31251
6.133 13.997 0.624 1.40040
0.898 14.355 1.234 1.96002
6.302 14.938 0.561 2.44540
10.705 14.060 0.802 2.64249
3.987 13.443 0.100 1.72342
0.225 12.066 -1.264 1.62793
2.487 13.254 -0.544 1.15008
3.252 14.214 -0.042 2.53590
2.995 14.104 -0.096 2.40442
0.150 10.655 -5.220 2.03912
0.000 10.662 -3.317 1.12622
0.000 13.966 -1.940 1.33472
2.165 11.946 -0.437 1.84299
3.660 10.192 -1.260 1.36504
1.107 13.476 -0.514 1.03916
0.325 15.378 0.768 1.47424
1.265 14.970 0.282 1.39414
0.790 15.303 0.781 1.71761
5.550 15.529 0.713 2.46510
1.790 10.578 -0.518 1.34985
2.425 13.201 -0.329 1.31880
2.395 12.713 -1.212 0.91318
3.842 12.467 -0.331 2.03589
2.665 14.427 0.974 2.57879
0.582 15.174 0.026 2.51263
0.298 15.080 0.512 2.40041
4.687 13.609 -1.377 2.13053
0.880 14.625 -1.958 1.55038
3.465 13.476 -1.324 2.32527
1.540 11.263 -1.188 2.29501
1.497 11.178 -2.448 2.46022
0.065 12.064 -1.963 1.39097
1.477 10.775 -0.809 1.74206
1.453 9.827 -2.824 1.29081
0.000 10.600 -4.248 1.90463
0.000 13.635 -3.594 2.77200
0.000 13.822 -2.153 2.81738
0.000 13.327 -2.610 2.97138
0.460 12.034 -3.166 3.59020
3.408 11.599 -3.209 2.67871
2.333 10.861 -2.951 1.74168
10.050 9.136 -3.995 1.89036
0.960 10.432 -3.959 2.23158
0.655 10.780 -2.812 2.59512
2.120 11.028 -2.657 2.09992
0.000 8.120 -4.937 1.78791
0.247 7.596 -4.915 3.21998
0.302 8.850 -4.602 2.02009
0.932 10.361 -4.554 1.88230
0.000 11.578 -4.833 2.43667
2.150 11.961 -5.211 2.81598
6.205 9.377 -5.222 1.50487
0.705 9.027 -4.996 1.81350
0.425 8.618 -4.962 3.61854
1.690 5.974 -4.575 2.98921
0.790 1.233 -7.362 1.90741
0.000 1.747 -9.089 1.94160
0.000 4.653 -9.108 2.10670
0.000 3.951 -7.491 2.04649
0.000 4.518 -7.701 2.89711
0.032 3.188 -7.648 2.26489
1.635 -0.701 -7.860 1.52710
0.000 0.185 -11.741 1.21893
0.000 -0.158 -11.938 1.14287
0.000 -1.610 -11.611 0.82263
0.915 0.374 -11.933 1.24788
0.000 2.081 -11.769 1.86968
0.000 0.696 -11.766 2.07568
0.000 2.667 -11.351 2.96987
0.000 0.235 -8.934 2.89363
0.000 1.677 -8.462 3.15284
0.000 -0.418 -12.474 2.13376
0.000 1.977 -12.684 2.76299
2.507 1.804 -10.451 2.36843
0.000 3.056 -10.649 2.56995
0.000 4.564 -10.958 2.77140
0.000 5.937 -10.191 3.13867
0.000 6.117 -9.333 3.11076
0.000 5.527 -8.564 3.16066
0.000 5.975 -8.802 3.14451
0.000 4.841 -9.282 3.07022
0.000 3.906 -10.236 3.21477
0.000 2.992 -10.519 3.64912
0.435 3.581 -10.422 3.38932
0.010 -2.567 -15.820 3.00550
0.000 -2.166 -16.970 2.76070
0.000 -2.470 -17.183 2.58614
0.000 -0.876 -15.266 2.72770
0.000 -1.042 -14.083 2.30679
0.057 -2.722 -13.915 2.48241
0.000 -2.729 -14.320 2.38258
0.000 -2.366 -14.512 2.51250
0.000 -2.081 -16.509 2.61374
0.000 0.282 -16.731 3.28153
0.000 0.873 -15.551 2.69664
0.000 2.907 -13.795 3.02783
0.000 5.433 -10.716 2.75760
0.010 5.789 -8.415 3.17485
0.000 5.399 -9.171 3.34732
0.000 0.629 -15.750 3.53184
0.000 1.586 -16.116 3.32350
0.000 3.403 -14.790 2.33227
0.000 4.436 -13.857 2.43521
0.000 4.940 -12.824 3.45426
0.000 1.261 -12.655 3.84482
0.000 1.930 -14.104 3.54674
0.000 -0.382 -14.894 3.03080
0.000 1.893 -15.263 3.19701
0.000 0.665 -15.322 3.80369
0.000 -1.554 -16.765 2.74049
0.000 -1.050 -17.131 2.72164
0.000 1.568 -16.159 2.16730
0.000 1.843 -11.821 2.32960
0.000 1.217 -15.304 3.61150
0.000 -2.804 -16.157 2.83460
0.000 0.195 -16.404 2.11006
0.000 0.350 -13.168 2.03204
0.000 -3.786 -17.020 1.76662
0.000 -2.039 -17.426 2.68247
0.000 1.705 -14.944 3.05277
0.000 0.231 -13.257 3.45574
0.000 -0.446 -13.898 2.83839
0.000 -1.938 -14.521 3.47542
0.000 -1.518 -14.271 4.09866
0.000 -4.476 -14.277 4.12065
0.000 -9.011 -19.096 3.53073
0.000 -4.263 -19.403 3.31343
0.000 -4.266 -17.554 3.01801
0.000 -7.967 -16.940 3.64766
0.033 -7.265 -21.671 3.25247
0.000 -7.860 -21.887 3.77353
0.000 -4.274 -21.113 3.69825
0.000 -1.676 -19.711 3.90433
0.000 -0.878 -18.618 3.70848
0.000 4.361 -15.686 3.97940
0.000 0.165 -13.175 2.42589
0.000 1.218 -15.934 3.42735
0.000 -0.051 -18.712 4.78799
0.000 -1.280 -18.843 4.73086
0.000 1.586 -16.414 4.18391
0.000 1.335 -15.269 4.47466
0.000 1.385 -15.070 3.18835
0.000 -1.229 -19.153 4.69801
0.000 -2.517 -19.340 3.38141
0.000 1.662 -18.018 3.26643
0.000 5.898 -14.367 2.89497
0.000 1.709 -13.177 3.92097
0.000 -4.972 -12.930 2.89594
0.000 -3.458 -13.782 4.23843
0.000 -7.220 -17.685 2.85756
0.000 -4.503 -18.988 3.92716
0.000 -2.470 -19.185 4.21393
0.000 -1.549 -16.979 5.08528
0.000 -0.405 -15.872 5.26916
0.000 0.856 -15.722 4.67423
0.000 -0.683 -16.108 3.79516
0.000 0.553 -12.970 5.17414
0.000 -1.885 -17.044 4.68356
0.000 1.379 -17.247 5.40485
0.000 2.371 -11.972 5.47227
0.000 -0.604 -8.814 4.74229
0.000 -1.672 -12.451 5.22633
0.000 -2.538 -15.069 5.01064
0.000 -4.182 -16.084 3.27601
0.000 -1.088 -16.185 3.56747
0.283 -0.638 -15.607 2.82895
0.000 1.869 -13.957 3.94149
0.000 -3.323 -15.283 3.75262
0.000 -1.808 -15.705 4.14696
0.000 2.638 -14.264 4.71170
0.000 -2.673 -11.269 3.20327
0.000 -4.323 -12.515 4.50873
0.000 -2.836 -17.639 6.53590
0.000 0.118 -17.735 4.86742
0.000 -0.250 -13.067 3.15114
0.000 -2.178 -13.155 1.79082
0.192 -3.650 -11.445 3.10749
0.000 -2.052 -14.443 4.08941
0.000 -0.860 -14.848 2.55032
0.000 1.646 -15.912 3.26594
0.000 2.740 -15.898 3.56929
0.000 5.152 -12.117 3.93776
0.000 2.552 -11.796 2.91398
0.265 3.144 -10.804 2.65773
0.848 1.611 -13.039 3.90862
0.003 2.722 -12.422 3.05278
3.617 1.750 -10.044 3.28777
0.100 -3.647 -13.404 2.62917
0.000 -5.950 -18.519 2.17075
0.000 -2.262 -18.347 2.25770
0.000 -2.611 -12.149 1.86677
0.000 -3.261 -13.108 1.08337
0.000 -1.358 -14.809 2.10042
0.000 0.203 -14.764 2.64613
0.003 1.200 -13.919 1.97884
0.000 2.586 -12.500 2.11477
0.000 3.366 -10.399 3.06706
0.010 0.663 -8.397 2.01440
0.175 -0.493 -10.339 1.86704
0.000 -2.412 -16.828 3.16979
0.000 1.439 -16.254 2.91149
0.000 3.202 -10.672 1.75167
0.000 1.187 -10.427 1.53629
0.000 3.577 -8.347 2.31623
0.703 0.305 -9.549 1.89314
1.443 4.449 -8.487 3.00153
0.000 5.574 -6.744 2.66587
0.000 -1.286 -7.696 2.99606
0.015 0.201 -10.145 2.04154
0.000 5.757 -9.495 1.64116
0.000 6.052 -6.338 2.92628
0.655 2.332 -5.819 1.62429
3.620 1.693 -7.413 1.96997
0.000 2.971 -8.495 2.02064
0.000 5.223 -7.111 1.10513
0.000 7.758 -6.731 1.97426
0.235 9.646 -8.122 3.68191
0.000 1.475 -10.192 2.83183
0.000 2.726 -9.654 1.94899
0.000 7.459 -7.469 3.63477
0.000 7.974 -5.873 2.13733
1.923 5.885 -5.173 1.81070
0.280 10.332 -4.807 2.82868
1.518 9.633 -4.658 3.04322
0.838 7.813 -5.649 3.08270
7.308 6.254 -6.663 3.47661
0.000 3.627 -8.437 2.80266
0.000 4.007 -6.961 2.73416
0.000 6.866 -5.503 1.81015
0.165 6.209 -5.503 1.85591
0.567 9.615 -5.428 3.35683
0.000 9.981 -3.462 3.68899
1.170 9.365 -5.158 2.93966
0.000 6.304 -4.494 1.90464
0.790 10.590 -4.349 2.87265
1.922 8.440 -3.752 1.91061
2.035 4.585 -6.730 2.97706
0.592 2.767 -9.472 2.03291
0.000 4.382 -7.595 2.19438
0.000 6.105 -6.571 2.91691
0.000 8.562 -5.584 1.52020
3.917 4.869 -5.151 2.59808
6.912 4.464 -5.678 1.91592
2.200 2.617 -6.830 2.68673
1.742 6.000 -5.308 0.99449
2.627 7.726 -5.865 2.68334
1.187 9.636 -2.943 3.48035
1.440 5.571 -6.088 2.31068
0.365 8.763 -5.374 2.99518
3.350 10.049 -5.087 3.16851
1.117 11.665 -4.881 2.73594
2.290 8.830 -3.940 3.37045
3.618 6.930 -6.313 2.60931
0.130 2.697 -7.738 2.36437
0.000 6.866 -5.055 2.24418
0.000 9.314 -5.644 1.79536
0.175 13.112 -4.620 1.70217
0.000 12.997 -2.297 3.73606
0.870 11.200 -1.819 1.32289
0.065 12.458 -3.229 1.78186
0.620 12.360 -1.444 2.35476
0.615 13.414 -1.259 2.00378
0.120 17.051 -0.423 2.71611
0.000 18.341 -1.572 1.80299
0.000 19.196 0.230 2.15236
0.253 15.096 -1.675 4.31247
0.038 19.373 -0.235 4.24292
2.820 18.256 -3.932 3.50379
7.183 9.717 -3.625 2.51461
13.997 12.656 -1.989 2.51840
11.132 5.996 -3.514 1.32371
1.700 6.732 -2.850 1.43390
0.457 10.878 -3.205 2.17714
6.340 11.588 -1.890 2.66490
0.512 11.701 -0.335 1.30057
6.800 10.906 -1.403 1.81022
4.222 9.247 -3.195 3.22071
0.000 10.365 -2.565 1.38292
0.000 14.388 -2.289 1.27860
0.135 16.858 -0.295 2.26210
0.942 12.803 -4.671 3.00944
0.000 13.921 -2.165 1.21995
0.990 13.235 -1.001 2.01060
13.323 15.740 0.705 1.28906
2.637 12.298 0.066 1.60202
9.133 14.819 0.524 2.19800
27.759 12.607 1.399 2.04078
7.145 14.700 0.268 2.48720
1.590 14.720 1.037 1.82308
3.035 10.942 0.068 2.24408
2.690 15.323 -0.230 3.02179
1.468 16.943 1.525 1.89571
0.128 16.746 2.385 1.53894
0.195 16.819 2.502 1.79760
0.150 17.049 2.884 1.48359
0.503 16.788 2.413 1.59332
1.875 17.452 3.420 1.23012
1.440 18.541 2.762 1.24567
3.765 16.378 2.865 0.85488
0.223 18.159 4.862 1.17291
5.910 17.492 2.737 1.45572
10.185 14.801 1.913 1.66892
6.307 17.705 4.466 1.11330
5.090 18.086 3.671 1.79587
11.802 17.661 2.232 2.41340
5.508 16.876 1.641 2.87074
48.417 16.175 1.134 2.66648
17.970 17.206 2.318 1.92732
0.118 18.241 4.234 1.43846
0.362 17.936 6.643 1.15609
3.315 17.777 2.426 1.30678
0.797 16.304 2.135 1.29047
5.420 17.356 1.805 2.12828
6.083 14.992 1.706 1.61819
3.060 13.015 1.397 1.94318
1.913 13.545 2.388 0.97651
0.935 16.541 2.567 1.72394
3.980 17.169 1.238 2.26827
2.125 15.175 2.206 2.00220
0.000 14.829 1.690 1.57193
2.395 16.980 3.276 2.42352
20.730 11.908 2.391 2.64572
5.815 16.223 1.678 2.01179
0.200 16.147 2.677 1.66888
7.242 13.928 2.450 1.78333
5.148 15.613 -1.475 2.50745
0.000 14.724 -0.145 2.07249
0.000 14.009 1.734 1.48774
0.000 15.886 2.126 1.10759
1.957 17.426 2.284 1.15942
1.952 17.782 3.198 1.48156
2.250 16.751 3.878 1.22776
1.528 16.859 3.660 1.32005
3.260 13.907 3.034 1.26580
9.667 12.273 0.460 2.05326
7.705 9.556 0.551 2.11685
0.235 15.163 2.181 1.15254
0.695 15.174 3.292 1.24396
39.353 16.185 3.642 1.52523
1.750 15.941 3.208 1.73696
0.825 15.355 2.838 1.79583
2.635 16.084 3.672 1.11835
4.355 14.908 3.205 1.10736
9.240 13.369 3.155 0.73953
0.225 15.380 2.854 1.87970
10.230 12.695 0.862 2.34530
0.217 13.598 -0.780 2.44468
0.000 14.080 1.769 1.16505
0.000 16.088 3.149 1.57138
2.915 15.837 3.120 1.39480
0.000 15.691 2.971 1.50963
2.892 16.134 2.911 1.62244
1.510 15.994 2.807 1.06527
3.217 14.176 3.443 1.46571
8.632 15.690 0.776 1.25809
0.000 13.794 -0.783 2.02641
1.162 14.192 1.772 1.27393
0.265 15.899 2.774 1.49220
14.190 16.432 1.427 2.02590
4.532 12.141 1.474 1.48763
3.715 15.508 2.885 2.19820
7.495 15.692 3.562 1.41720
1.387 16.775 2.069 1.38574
8.640 16.597 3.932 1.53744
2.385 15.317 1.964 1.51002
5.950 16.198 2.461 1.97254
13.633 15.616 2.989 1.53702
10.240 15.685 3.390 1.23344
0.808 16.078 2.054 1.92700
0.093 17.067 1.798 1.84218
0.288 16.843 1.130 1.55763
4.145 16.548 2.025 1.51013
7.135 14.978 2.066 1.33656
3.973 15.332 2.399 1.63613
0.850 13.929 0.734 1.44196
12.073 12.899 -2.422 2.47691
4.137 11.837 -3.677 2.20932
8.665 10.741 -2.704 2.48793
2.705 9.030 -2.512 1.14417
5.497 12.007 -2.355 3.02528
0.697 11.601 -1.768 2.06150
0.128 12.408 -1.796 2.15814
0.000 13.058 -3.138 2.11625
1.005 13.884 -1.866 2.02225
1.913 11.873 -1.709 1.61719
0.795 10.639 -0.571 1.14442
4.017 10.984 -0.903 1.03427
0.915 12.583 -1.380 1.09990
3.083 11.104 -1.069 2.41828
7.695 13.327 -0.724 2.46670
1.055 13.177 -1.470 1.99153
4.460 13.099 -1.001 1.75691
7.560 10.174 -0.748 1.19581
4.115 10.029 -0.892 0.82775
0.077 9.873 -2.277 1.21861
5.250 11.029 -2.865 1.74384
0.255 10.075 -3.807 1.74775
4.108 7.482 -4.751 2.38463
1.783 4.389 -4.663 1.02384
1.853 4.288 -5.410 1.23185
4.385 3.872 -5.200 1.52459
3.700 3.662 -4.437 1.70455
0.690 4.122 -5.300 2.53333
12.253 -0.063 -7.535 1.86339
0.000 -0.365 -9.561 1.59939
0.000 3.977 -9.476 1.88410
0.000 4.459 -4.998 1.73041
0.078 5.896 -3.847 2.80250
3.327 4.845 -4.209 2.06065
0.948 3.107 -6.980 2.21697
0.563 1.777 -7.641 1.93284
0.000 4.650 -8.072 2.57848
1.072 4.471 -7.972 2.14413
0.108 1.963 -5.398 1.68944
0.000 3.380 -5.282 1.94355
0.210 3.157 -5.587 2.46379
0.380 2.366 -5.774 1.53264
0.633 2.067 -5.498 2.06200
0.000 1.637 -6.767 2.60906
0.008 1.069 -8.133 2.74880
0.000 -0.284 -8.945 1.54000
0.000 0.463 -10.366 2.41531
0.087 0.645 -10.535 2.01492
0.155 1.256 -7.520 1.61690
0.000 -1.582 -15.484 3.03718
0.000 -1.659 -15.557 1.52357
0.000 2.027 -13.918 0.97294
0.000 2.788 -10.591 1.47742
0.000 2.890 -9.246 2.48419
0.093 2.545 -6.585 2.41648
0.393 1.624 -6.664 2.72119
0.075 0.763 -9.077 3.00581
0.190 0.093 -17.865 4.66122
0.000 -5.423 -18.206 3.26107
0.000 0.414 -18.313 2.37892
0.000 -0.127 -14.154 2.84420
0.000 -0.827 -11.831 2.02453
0.735 -1.317 -11.215 1.80167
0.000 -1.042 -9.339 1.87518
0.000 -0.500 -9.042 2.53741
0.000 -2.541 -9.141 1.77002
0.000 -4.545 -10.382 1.35406
0.033 -2.250 -10.641 3.53448
0.000 -3.072 -20.959 4.11701
0.000 -4.009 -20.904 2.67741
0.000 -1.798 -15.915 2.31655
0.000 -2.413 -15.085 2.34043
0.000 -3.307 -18.924 3.11084
0.000 -2.401 -19.066 2.38982
0.000 1.821 -17.051 3.08739
0.000 -3.570 -17.440 2.21254
0.000 0.148 -17.294 2.34430
0.137 0.556 -16.826 3.35850
0.000 -1.367 -17.348 2.76507
0.000 2.171 -15.532 2.05740
0.000 1.907 -13.348 2.43041
0.000 -0.322 -13.194 1.64323
2.125 -2.527 -16.653 2.58910
0.000 -3.580 -15.209 2.56909
0.000 -5.156 -17.625 3.09515
0.000 -2.895 -17.967 3.68055
0.000 -2.656 -16.887 2.32652
0.000 -3.742 -11.370 1.97801
0.000 -3.854 -17.726 3.25929
0.000 -4.264 -18.169 3.56755
0.000 -4.279 -16.848 2.82613
0.000 -4.406 -17.102 2.24580
0.000 -6.330 -13.130 1.90671
0.367 -6.220 -13.125 2.90269
0.000 -5.575 -13.620 2.28527
0.000 -3.728 -14.411 2.85336
0.000 -6.054 -18.853 2.67853
0.000 -6.003 -19.171 2.33975
0.000 -2.660 -18.670 1.89990
0.000 -4.980 -12.878 1.48139
0.000 -4.447 -18.063 3.20187
0.000 -1.600 -18.201 4.13802
0.000 -3.921 -19.290 4.75606
0.000 -5.416 -19.405 2.98769
0.000 -2.072 -19.230 3.37299
0.000 -1.385 -17.850 3.71658
0.000 -2.785 -18.408 3.42006
0.000 -2.461 -18.501 2.85547
0.000 -1.500 -16.786 5.03409
0.000 -7.108 -18.003 3.96759
0.000 -11.475 -22.983 3.75404
0.000 -7.378 -22.710 3.10063
0.113 -6.655 -21.062 2.13952
0.000 -6.832 -20.685 2.65835
0.000 -4.832 -19.500 3.19985
0.000 -7.959 -17.391 3.48882
0.000 -10.875 -22.613 3.55456
0.000 -3.795 -22.419 3.49814
0.000 -4.892 -20.006 3.53232
0.000 -4.797 -18.204 4.28161
0.000 -8.665 -20.227 3.01837
0.000 -7.375 -20.522 2.87033
0.000 -9.854 -22.189 3.70841
0.000 -6.042 -22.332 2.94414
0.000 -4.489 -16.165 2.67076
0.000 -3.223 -16.105 3.37028
0.000 -5.259 -17.604 3.68132
0.000 -10.819 -22.601 3.27818
0.000 -6.541 -22.689 3.12855
0.000 -3.096 -20.021 5.01462
0.000 -7.658 -21.701 3.90238
0.008 -7.014 -22.190 3.91056
0.000 -6.728 -22.047 3.01505
0.000 -4.061 -19.479 2.63910
0.000 -5.423 -17.883 1.55735
0.000 -3.424 -18.124 2.81114
0.000 -3.372 -16.043 3.04800
0.000 -2.352 -15.707 2.79005
0.000 -2.801 -15.104 4.06541
0.000 -2.149 -14.758 4.43781
0.000 -4.602 -13.102 4.41525
0.000 -6.385 -18.860 5.16087
0.000 -7.989 -20.103 4.83492
0.000 -1.057 -18.126 2.88011
0.010 -1.931 -15.993 4.68421
0.000 -6.160 -18.674 4.50355
0.000 -5.054 -18.882 3.97696
0.000 -6.671 -19.388 4.76376
0.000 -0.942 -19.177 4.65582
0.000 -1.696 -15.129 3.80983
0.000 0.622 -13.297 4.61177
0.000 1.973 -13.472 4.52034
3.760 -1.231 -15.632 4.14761
0.000 -5.922 -17.393 2.73106
0.000 -3.002 -16.938 3.19729
0.000 -3.821 -19.373 3.80994
0.000 -1.576 -19.431 4.07681
0.000 -1.418 -14.316 3.17102
0.000 -2.073 -13.164 3.10641
0.000 -2.931 -13.070 2.88721
0.000 -6.498 -20.490 3.71512
0.000 -4.137 -20.538 4.07335
0.008 -3.895 -12.737 4.18303
0.000 -4.878 -18.158 6.05071
0.000 -0.841 -18.258 3.80864
0.000 -0.335 -14.492 4.04698
0.000 -2.084 -13.895 4.17181
0.085 -2.536 -13.987 4.49910
0.290 -3.320 -12.115 3.43191
0.000 -5.930 -14.224 3.58173
0.000 -4.512 -15.341 3.58872
0.000 -4.240 -15.641 4.21196
0.000 -6.674 -22.529 4.09912
0.000 -5.702 -22.476 3.97307
0.000 0.108 -18.794 3.33417
0.000 -2.959 -13.798 3.06971
0.000 -3.841 -12.873 2.08586
0.000 -5.085 -12.810 1.99533
0.015 -5.822 -13.220 2.16473
0.000 -5.484 -18.035 3.54080
0.000 -5.396 -17.907 2.47836
0.000 -2.754 -15.944 3.12125
0.000 -0.427 -15.881 3.60809
0.000 -0.388 -15.160 4.59948
0.000 0.258 -13.814 4.37258
0.000 5.041 -10.676 3.64457
2.510 2.423 -8.170 3.39211
0.000 1.003 -15.591 3.96507
0.000 -0.704 -15.098 3.33626
0.000 0.883 -10.183 4.09219
0.103 -0.325 -9.801 4.01692
0.000 -0.655 -11.548 3.22758
0.000 -0.482 -10.425 3.38197
0.000 -0.171 -9.659 3.36876
0.073 -2.837 -16.413 2.44961
0.000 -0.538 -15.520 3.79746
0.008 2.142 -11.227 3.34043
3.578 2.175 -9.829 4.22185
0.038 -4.660 -17.481 2.59642
0.000 1.358 -16.495 2.63427
0.087 1.315 -8.942 1.24175
0.093 5.688 -8.192 2.21507
0.260 1.995 -5.123 2.49199
3.560 0.585 -8.643 2.45311
0.000 -0.898 -11.286 2.27562
0.000 1.346 -10.547 2.02703
0.000 -2.275 -13.642 3.88174
0.122 -2.238 -14.555 2.47534
0.000 3.905 -13.045 1.80707
0.000 5.604 -7.992 4.88445
0.000 2.051 -9.912 2.72997
0.000 5.325 -8.535 2.06896
0.000 4.986 -7.122 3.04149
0.113 8.817 -5.920 3.21886
0.100 7.918 -4.852 3.35295
0.000 10.513 -4.019 3.59475
0.738 6.746 -4.891 2.16109
0.165 7.134 -4.183 1.51927
0.920 7.054 -4.867 2.44931
0.000 10.512 -4.682 1.96065
0.837 9.230 -4.373 2.81945
0.670 6.476 -4.553 2.62219
0.608 5.081 -4.872 2.03363
0.730 5.104 -5.996 1.70611
1.193 4.980 -6.001 1.15634
0.452 7.606 -5.603 1.33335
7.853 9.322 -4.410 2.07309
0.000 12.614 -5.283 2.45182
0.000 12.721 -4.192 3.61601
0.450 9.142 -3.991 2.57068
0.200 11.779 -4.201 2.21909
1.300 12.104 -4.396 2.48657
0.655 10.798 -3.469 1.74102
0.215 12.385 -3.635 3.59265
0.282 12.739 -2.236 3.13977
1.092 12.998 -1.699 3.59540
1.880 12.807 -3.535 3.42181
1.325 14.711 -2.135 3.79757
4.780 9.280 -5.671 3.08407
0.560 10.082 -4.057 3.49418
0.405 10.862 -4.735 3.69427
0.147 8.022 -4.982 2.55417
0.465 10.107 -3.852 3.50023
1.033 11.899 -3.363 2.63315
5.985 10.863 -3.388 2.57954
16.962 7.434 -4.536 2.71308
3.637 7.804 -4.638 1.99969
3.322 9.916 -4.621 3.05604
0.100 11.902 -2.246 2.51861
2.600 10.472 -4.023 3.13196
2.805 12.515 -1.234 1.65283
1.232 12.236 -2.965 3.07245
1.732 11.738 -1.458 2.38658
0.235 8.302 -3.123 1.88509
1.478 11.335 -2.939 2.16534
0.632 6.898 -2.784 1.23817
3.838 9.867 -3.780 1.62930
0.312 13.499 -2.777 1.87450
1.067 12.808 -1.710 3.30951
0.480 12.443 -1.296 2.07765
1.130 13.807 -0.942 2.67000
5.092 11.028 -1.515 2.02787
8.695 6.143 -2.667 1.36505
1.490 4.906 -6.737 2.27581
0.145 8.321 -3.769 1.67404
4.092 11.448 -4.248 1.91572
2.955 13.387 -1.553 3.45303
0.003 11.313 -3.109 2.35208
0.678 11.988 -1.548 2.11413
0.435 16.267 0.359 2.87977
5.577 15.004 -0.334 1.86378
3.682 14.409 -0.601 2.38035
9.698 12.704 -0.305 1.29673
0.723 13.385 -0.866 2.82807
0.285 13.492 1.395 1.43711
0.000 14.841 -0.262 1.81246
0.000 16.306 0.964 3.05073
8.502 16.432 1.097 2.30784
4.365 16.469 0.960 1.62624
8.412 15.343 0.021 2.21419
0.170 10.652 -1.679 3.10540
0.537 15.231 -1.101 4.03336
0.100 15.502 0.580 3.67342
0.735 15.014 1.420 2.63228
2.030 16.775 1.665 2.26540
4.640 16.653 1.053 2.18314
4.467 18.259 2.678 1.59256
2.163 17.130 3.589 1.55539
0.160 18.498 2.527 1.32913
3.588 17.576 1.881 2.87682
2.095 17.279 1.869 2.47380
2.578 15.133 2.208 1.67305
10.727 15.508 2.627 1.57217
2.765 15.413 1.843 1.41047
8.847 17.507 2.026 1.93584
2.060 17.095 3.112 1.39303
2.950 13.717 1.392 1.81393
2.312 15.255 1.060 1.66900
6.795 15.892 3.022 1.59443
1.132 14.602 2.013 3.25414
5.565 15.544 -0.888 1.89352
0.077 15.324 0.399 1.43817
0.333 15.757 1.113 1.17812
1.515 16.512 -0.499 2.91194
2.985 14.094 0.445 1.48415
1.522 14.345 0.386 1.63010
11.567 11.984 0.227 1.53003
0.990 8.855 -0.638 1.25221
5.915 10.321 -0.513 1.91939
3.125 14.944 0.562 2.90142
6.873 15.710 0.934 2.03293
1.588 15.897 0.511 1.66176
6.025 14.681 1.518 1.19658
2.987 15.972 2.076 2.43637
3.465 14.514 0.867 1.69686
3.202 15.215 2.301 0.80847
8.507 11.043 -0.180 1.35402
0.060 12.777 0.136 1.81799
0.000 14.512 0.268 1.13025
0.032 17.406 1.155 1.14624
0.620 16.691 2.031 1.49064
10.617 17.081 2.215 1.66228
4.175 15.422 1.946 1.96876
1.625 13.729 1.390 1.68167
0.000 15.058 1.287 1.92929
4.058 14.672 0.601 2.31359
0.000 13.874 0.945 1.43483
6.797 15.103 2.949 1.89834
17.240 15.172 0.252 2.08638
1.350 12.908 0.578 1.78457
1.208 12.860 1.555 2.00509
8.653 13.526 -0.358 2.29836
1.302 9.391 -1.751 1.65345
0.000 13.260 0.610 1.46396
0.000 14.351 0.476 1.43627
0.298 14.668 0.985 1.17337
6.420 14.679 2.233 1.58821
0.000 13.670 -0.791 2.12885
0.000 14.578 -0.011 1.28239
0.000 16.637 -0.094 1.20728
1.810 17.068 1.732 1.31602
0.000 17.661 2.441 2.10133
5.323 16.399 3.303 1.67138
10.990 16.485 3.484 1.34407
2.505 16.607 2.600 1.22549
7.793 15.778 2.991 2.23098
2.485 16.564 4.629 1.14965
2.512 15.494 2.049 1.27770
0.000 16.501 2.182 1.69162
0.000 16.457 -0.272 1.96068
0.000 17.575 1.539 1.45455
0.000 17.422 2.354 1.33812
1.175 17.129 3.040 0.79970
7.080 16.341 3.288 0.92555
1.435 14.830 -1.173 1.62378
0.057 15.103 0.132 1.51657
5.625 14.571 1.243 1.67306
8.550 14.399 1.616 1.49647
4.173 15.085 1.122 1.72321
3.645 14.882 1.691 0.89766
0.925 15.199 0.298 1.17144
3.493 14.666 2.396 1.43933
2.163 14.057 0.935 1.51490
3.033 14.895 1.632 1.46874
5.008 16.458 1.222 1.30074
4.393 15.392 2.580 1.17527
8.262 14.951 1.937 2.04303
8.525 15.185 1.195 2.48362
3.055 14.062 2.018 1.89387
3.115 13.288 0.233 1.81645
1.100 13.978 -1.102 2.19358
6.338 13.367 0.256 3.03760
4.128 13.180 0.492 2.56947
1.598 13.753 -0.582 3.16115
20.612 11.881 -1.973 1.66319
0.650 6.715 -3.579 0.97007
0.000 6.460 -3.167 1.15518
2.785 7.572 -2.656 1.02169
6.028 6.502 -4.076 1.44857
0.795 6.445 -4.699 1.58505
0.000 8.900 -4.081 1.67158
0.000 9.722 -2.753 1.67805
0.000 9.832 -3.324 1.05759
0.765 8.243 -3.238 1.44997
6.657 8.776 -3.819 1.39229
1.427 10.884 -3.099 2.45499
6.122 10.121 -2.900 1.84527
0.447 12.054 -2.931 1.73651
0.613 11.607 -2.324 1.84283
0.063 10.631 -2.801 1.06644
2.650 12.338 -2.355 1.88714
2.623 10.358 -1.806 1.23030
0.000 9.402 -2.632 1.05367
0.835 9.942 -3.819 2.59536
7.910 8.133 -3.653 1.88831
2.077 6.603 -3.948 1.95973
0.415 5.523 -4.408 1.48889
0.503 4.201 -4.582 0.81368
0.372 6.352 -4.204 1.36832
4.043 4.716 -3.816 2.15327
0.092 4.544 -5.029 1.81018
0.392 3.446 -9.346 1.63527
0.000 2.791 -9.368 1.29486
0.472 4.174 -6.518 2.08963
0.000 4.561 -5.183 2.30734
2.265 3.561 -5.051 1.54094
0.080 2.821 -4.925 2.10023
0.418 4.431 -7.288 2.57794
0.133 5.346 -7.088 2.23706
0.168 5.221 -4.852 2.67716
0.000 5.465 -5.223 2.52494
4.442 4.075 -7.001 2.64266
0.000 1.286 -10.973 2.59236
0.000 2.390 -11.195 2.19151
0.000 4.357 -10.545 1.93023
0.465 3.471 -7.818 2.52358
0.923 -0.225 -7.678 1.61558
0.000 0.019 -13.618 1.03404
0.000 1.672 -13.846 1.70728
0.000 1.058 -11.214 2.08192
0.000 -0.301 -10.048 1.89981
0.045 -0.167 -13.765 2.41098
0.000 -0.192 -14.000 2.35119
0.000 2.683 -12.727 2.49391
0.043 3.411 -8.826 2.39223
0.020 1.832 -6.156 1.59033
0.000 3.867 -6.688 2.09698
0.000 3.977 -7.411 3.00827
0.000 3.192 -9.731 3.11083
0.000 3.965 -10.113 2.25669
0.000 5.756 -9.833 2.36448
0.445 4.902 -7.651 2.57819
0.000 3.517 -7.781 4.09326
0.000 1.040 -10.433 2.60849
0.037 1.876 -10.488 2.50425
0.105 2.430 -10.318 2.67630
0.505 0.692 -10.926 3.01080
0.073 2.170 -11.758 1.96015
0.005 4.671 -11.992 3.53396
0.000 5.180 -9.886 3.24661
0.000 2.896 -9.652 3.47097
0.000 2.303 -9.913 2.45307
0.000 -0.270 -12.775 2.86189
0.000 1.625 -12.544 2.48815
0.000 1.083 -12.510 3.29794
0.182 0.022 -12.568 3.18347
0.000 -3.121 -16.468 4.33570
0.000 -3.301 -16.438 2.52423
0.000 -2.264 -12.221 2.40186
0.003 -8.453 -14.333 1.41240
0.000 -9.656 -21.799 3.16243
0.000 -4.993 -21.921 2.22613
0.000 -1.186 -17.950 1.97677
0.000 -2.543 -17.353 2.03681
0.000 -4.180 -17.304 1.84996
0.000 -5.625 -18.501 4.07620
0.000 -3.081 -18.656 2.20986
0.000 -4.956 -14.631 1.43525
0.000 -1.794 -14.559 3.00066
0.000 -0.360 -13.458 3.09090
0.000 -3.180 -13.721 3.86726
0.000 -4.839 -12.375 4.05291
0.000 -4.833 -13.563 3.35150
0.000 -6.857 -17.004 3.11773
0.000 -8.348 -20.267 4.15787
0.000 -7.046 -19.429 2.91937
0.000 -3.436 -12.895 4.21490
0.000 -5.192 -15.543 4.19691
0.000 -2.940 -18.595 3.57786
0.000 -4.894 -18.907 2.39085
0.003 -3.652 -18.543 2.77877
0.000 -7.015 -19.179 2.76075
0.000 -9.961 -16.808 2.05607
0.000 -11.088 -23.741 1.94168
0.000 -8.532 -24.024 3.05620
0.000 -4.929 -21.546 2.42634
0.000 -4.116 -18.884 1.98622
0.000 -4.115 -19.828 3.19070
0.000 -4.964 -19.930 2.87814
0.000 -5.394 -17.037 2.33880
0.000 -6.653 -14.093 1.90383
0.000 -5.381 -14.336 3.22362
0.000 -7.563 -20.351 4.20036
0.000 -10.254 -21.057 3.99037
0.205 -4.806 -17.815 2.96053
0.000 -6.035 -16.928 2.82114
0.000 -6.257 -16.884 3.79513
0.000 -10.025 -23.524 3.94384
0.000 -8.746 -23.821 3.67235
0.000 -5.646 -21.172 4.04854
0.000 -0.297 -16.948 2.99801
0.000 -0.571 -17.004 3.20198
0.000 -3.840 -18.155 3.58515
0.000 -2.535 -18.426 2.91350
0.000 -0.268 -16.541 3.32702
0.000 -3.324 -15.818 3.28091
0.000 -4.644 -16.198 3.29723
0.000 -10.451 -20.152 3.13061
0.000 -8.520 -20.104 3.70338
0.000 -8.210 -18.509 3.52502
0.000 -10.114 -18.658 2.61603
0.000 -13.039 -24.410 2.31506
0.000 -9.461 -24.610 2.53835
0.000 -7.883 -19.387 2.70903
0.000 -7.704 -19.736 3.09195
0.000 -7.546 -20.043 3.04522
0.000 -4.840 -19.258 1.57064
0.000 -6.664 -12.950 1.78383
0.000 -7.596 -18.191 2.72099
0.000 -5.127 -18.507 2.84497
0.000 -8.338 -21.350 2.76520
0.000 -8.056 -21.672 2.86136
0.000 -5.211 -21.030 2.43308
0.000 -7.395 -20.942 2.64272
0.000 -7.049 -20.949 2.87699
0.000 -6.133 -15.724 2.77068
0.000 -5.977 -17.646 2.97416
0.000 -6.144 -20.966 3.61742
0.000 -4.948 -21.137 3.21128
0.000 -3.348 -19.205 3.03468
0.000 -1.660 -19.281 2.94038
0.003 -1.104 -13.979 3.26406
0.000 -2.210 -11.563 2.42045
0.000 -0.489 -16.007 3.53752
0.000 -0.370 -16.167 3.74205
0.973 -1.282 -11.719 3.30095
0.000 -5.519 -18.515 3.62974
0.000 -0.976 -18.561 3.57350
0.005 -4.287 -17.098 2.83011
0.000 -2.407 -17.100 1.60673
0.000 -3.014 -11.950 1.48438
0.000 -1.927 -14.807 2.85047
0.000 -3.990 -14.756 1.72224
0.000 -2.942 -14.238 2.16650
0.000 -1.596 -14.171 2.76338
0.000 -5.588 -19.836 1.79814
0.000 -3.015 -19.878 2.05961
0.000 0.390 -17.439 1.89162
0.000 -0.979 -13.759 2.98660
0.240 -1.922 -15.307 3.24430
0.000 -2.739 -15.302 2.38325
0.000 -2.671 -13.438 2.23792
0.000 -1.910 -14.309 2.46331
0.085 -1.449 -14.229 2.64935
0.000 0.101 -10.109 4.09052
0.000 -2.160 -16.653 4.49349
0.000 -1.940 -16.474 3.46954
0.000 0.471 -14.905 3.28507
0.000 0.501 -11.876 4.79316
0.353 1.880 -10.661 4.19460
0.000 3.420 -10.271 3.18581
0.000 5.297 -7.511 4.06398
5.567 2.227 -6.775 4.08516
0.100 -1.865 -11.863 2.53645
0.000 -0.237 -15.667 2.84512
0.000 -2.323 -15.183 2.19727
0.000 -1.393 -13.245 2.09768
0.088 -2.203 -11.368 2.24689
0.000 -1.515 -13.797 2.16062
0.000 -1.797 -13.327 1.70819
0.043 1.485 -12.819 1.64707
0.000 1.470 -12.259 2.35549
0.205 5.650 -11.514 3.31755
0.000 2.960 -7.978 3.47865
0.000 7.241 -6.790 3.54738
0.060 7.288 -5.790 4.90346
2.002 6.316 -4.807 5.22364
0.667 1.525 -10.081 4.97546
0.000 5.142 -8.615 3.65308
0.000 6.044 -7.081 3.14709
1.457 2.361 -8.495 3.81389
0.068 0.443 -7.115 2.33810
0.068 -0.366 -9.876 2.29929
3.295 -3.052 -11.980 1.19514
1.630 1.687 -10.528 2.63755
0.095 -0.038 -11.020 1.40938
0.000 2.368 -9.938 2.66917
0.308 1.651 -9.250 2.33124
0.000 2.902 -8.677 2.95913
0.003 5.138 -7.223 1.75714
1.527 1.388 -7.953 2.48780
0.000 3.469 -7.401 2.89533
0.360 9.179 -6.324 3.14826
3.580 10.449 -5.241 2.93420
0.000 10.197 -4.992 3.07496
0.548 7.017 -5.667 2.86373
0.887 9.464 -4.412 2.14523
4.535 5.049 -5.119 3.37246
2.348 8.975 -6.268 3.39209
0.585 6.415 -5.128 3.62332
0.573 5.660 -7.339 4.50728
0.245 -0.674 -8.750 1.78182
0.032 -0.051 -7.144 1.45431
0.293 0.393 -9.339 1.91832
0.000 2.680 -8.490 2.78473
0.018 4.458 -6.429 1.45946
16.960 2.746 -4.588 1.33589
1.790 2.257 -6.564 1.41549
0.887 2.930 -9.409 1.79657
2.465 6.474 -6.822 2.17259
0.000 9.234 -4.094 1.23828
0.145 10.915 -4.034 2.12234
0.847 10.304 -4.312 2.11375
0.790 9.563 -3.599 3.15790
1.680 9.907 -5.225 5.03301
1.507 7.899 -4.033 3.91020
3.902 6.244 -8.302 5.04729
0.000 6.947 -5.806 2.68581
0.083 10.925 -4.795 2.77349
0.433 8.249 -4.067 2.17589
1.000 7.837 -5.499 3.64357
1.635 8.301 -3.744 1.71341
0.470 11.162 -5.073 2.63287
0.655 11.716 -4.440 2.69177
1.383 9.249 -3.337 1.23149
1.053 11.071 -2.369 1.33855
0.140 8.361 -3.765 1.77151
0.662 13.093 -2.344 3.06566
6.215 11.047 -0.790 1.54249
19.565 8.333 -2.141 1.78723
1.112 7.829 -2.754 1.24162
13.570 8.767 -2.715 1.54742
4.908 6.792 -4.623 2.12516
3.000 4.964 -4.584 1.28839
0.500 5.588 -6.074 1.60613
0.528 1.189 -6.439 1.43452
0.652 3.857 -6.633 2.55554
0.585 8.625 -3.282 2.00919
4.670 4.977 -4.682 1.39831
1.795 12.171 -2.622 2.05239
3.055 7.592 -3.030 2.43154
5.787 9.041 -3.277 1.21916
8.310 8.070 -4.130 1.83284
3.155 9.056 -1.733 1.39905
7.735 10.368 -1.239 2.09920
8.802 11.491 -2.580 2.02917
3.247 11.606 -3.158 2.65334
7.440 10.574 -0.922 1.05437
0.000 12.228 -1.003 1.78454
1.477 12.419 -1.403 2.64571
7.132 15.252 0.486 2.94868
5.292 15.273 0.394 2.69343
1.305 15.417 0.019 1.70868
0.792 15.600 1.957 2.13893
2.723 16.248 0.834 2.43407
13.918 15.432 0.210 2.81131
2.550 15.558 0.460 1.68203
1.445 16.775 1.975 3.49639
6.058 16.061 2.204 2.84301
0.353 15.425 2.939 2.78589
8.773 16.418 -0.022 2.40625
7.205 13.111 0.353 1.53779
0.090 14.496 0.374 2.07670
0.022 16.301 -0.280 1.30994
13.465 14.386 0.979 3.21365
15.220 15.576 1.385 2.78017
5.458 12.519 1.354 1.04922
0.477 14.582 0.774 1.48238
0.995 16.067 3.123 1.12050
1.813 16.040 1.736 1.48505
0.707 14.623 1.113 2.02221
5.557 15.087 0.988 2.05228
5.392 12.797 1.431 1.47620
9.990 15.222 1.415 1.85315
0.448 14.470 0.701 2.47807
1.237 16.405 2.525 1.97709
12.245 16.192 2.768 1.25569
6.355 17.609 3.453 1.23198
11.915 17.358 1.954 1.89216
13.075 17.122 2.199 2.98361
2.672 14.822 0.667 1.24115
13.870 14.785 2.319 1.43854
5.040 17.054 3.139 1.96900
8.985 16.168 3.258 1.47167
7.012 15.978 3.554 1.55797
1.488 16.170 3.208 1.40050
2.928 16.504 1.359 1.82218
1.280 16.000 1.702 1.49183
8.533 13.468 0.032 1.97958
13.870 14.172 0.589 2.55350
2.532 14.268 0.763 2.39459
0.460 14.930 1.112 2.54950
4.298 16.548 2.482 2.09085
7.417 16.737 3.153 1.46954
0.000 14.801 -0.581 2.27693
0.000 15.182 0.099 1.75682
11.287 17.374 3.782 1.47483
1.612 14.463 1.114 2.78044
1.653 15.632 1.192 1.77699
8.555 15.296 2.759 1.19525
10.732 15.378 0.971 1.58353
0.000 14.970 2.547 1.48072
0.402 16.037 3.622 1.74353
0.005 15.766 1.534 2.38760
0.000 16.851 2.707 2.06654
0.000 17.107 2.873 1.78915
2.053 17.882 3.599 1.45226
9.867 17.413 4.841 1.27531
3.287 15.650 4.084 1.60665
2.265 16.648 3.729 1.52476
26.460 15.643 0.949 2.57411
8.110 15.011 -0.149 2.09904
0.000 15.016 1.764 1.32546
3.675 15.059 1.983 1.89256
5.655 12.650 1.761 1.63928
6.495 14.273 0.578 1.23186
3.045 14.683 0.056 1.75646
0.000 11.336 -1.779 1.96806
0.000 12.907 -1.872 1.02177
0.000 13.033 -0.571 1.55402
0.000 14.507 0.269 1.83670
0.410 15.259 1.534 1.73119
2.863 16.017 2.107 2.30242
0.190 12.413 1.855 1.50348
0.000 13.495 -0.227 1.48592
0.000 15.164 -1.206 1.20223
0.000 16.447 -0.536 1.22455
3.323 16.167 1.883 1.81602
2.020 14.921 2.843 2.28814
0.920 15.422 0.849 2.15103
0.000 14.162 0.933 1.16501
0.000 15.919 0.910 1.21693
0.442 12.422 -0.559 2.48862
0.842 12.461 -1.136 2.07553
1.120 12.203 -1.080 2.17284
14.417 12.348 -0.815 2.42313
1.925 12.230 -1.124 2.57964
0.972 11.120 -1.911 1.52738
15.112 11.949 -1.856 2.75002
27.850 13.040 -1.751 2.66512
2.505 14.188 -1.724 3.09896
10.862 14.397 -2.342 2.78382
1.743 14.380 -2.046 2.72413
7.122 13.428 -1.769 3.18259
1.120 13.508 -3.264 2.92199
8.775 12.799 -3.581 2.82209
7.445 12.693 -4.550 2.39575
9.815 10.944 -4.593 2.58339
1.130 10.034 -4.246 1.96475
0.000 10.186 -3.760 1.95066
0.683 8.677 -7.207 3.49931
2.393 -0.313 -7.256 2.39926
16.730 2.498 -7.058 1.16428
1.092 5.079 -6.600 2.34333
1.578 6.811 -4.892 2.52407
15.357 8.878 -4.639 2.93425
3.550 9.273 -3.740 2.95728
0.455 7.732 -3.954 2.95949
3.940 6.145 -5.262 2.81672
0.392 5.508 -6.586 1.80341
0.000 6.906 -7.085 2.85420
3.475 8.166 -7.118 2.85251
13.435 8.035 -6.383 2.93018
3.443 7.949 -4.733 2.60207
4.295 7.727 -4.602 2.66860
0.707 5.871 -4.060 2.58777
0.843 2.946 -5.849 2.89680
3.095 -0.012 -8.660 2.11934
0.000 -3.040 -10.323 1.63171
0.000 1.224 -11.308 1.97761
0.000 -0.891 -14.353 2.19679
0.000 0.700 -14.499 1.52938
0.000 2.529 -12.385 1.69979
0.000 3.736 -10.814 1.68204
0.000 5.059 -9.492 2.22986
0.000 4.507 -9.279 1.67408
0.000 4.759 -9.320 1.64769
0.000 5.745 -9.125 2.28896
0.000 5.006 -9.238 4.00175
0.677 -0.320 -10.450 3.04083
5.765 -0.881 -10.755 2.21916
1.770 1.477 -11.119 3.12987
0.000 0.545 -10.843 3.95180
0.510 -1.330 -10.529 3.37270
1.045 -4.117 -17.407 4.46690
0.940 -3.573 -17.328 3.00042
1.950 -2.330 -14.141 2.55435
1.417 0.916 -13.371 3.16843
1.970 2.649 -11.284 3.12349
0.000 -1.185 -14.852 2.74976
0.000 -3.536 -16.772 2.41077
0.000 -1.281 -17.103 3.02027
0.000 -0.535 -13.115 3.34582
0.000 0.995 -13.541 3.14425
1.797 -2.783 -13.785 1.85640
2.198 -3.550 -14.366 2.24723
0.213 -3.180 -16.149 2.90854
0.303 -5.645 -15.670 2.58988
0.000 -1.397 -15.424 2.91774
0.000 -3.718 -15.559 3.73844
0.768 -0.922 -14.950 3.84027
0.000 -0.807 -13.803 3.48582
0.000 0.756 -14.629 3.53290
0.400 -0.074 -14.942 3.75225
0.000 1.474 -14.576 3.73531
0.212 -2.075 -16.156 3.82406
0.000 -1.927 -16.548 3.72671
0.000 -1.158 -16.317 3.22796
0.000 -1.357 -16.074 3.66313
0.055 -4.348 -14.405 3.15638
0.000 -5.352 -15.388 2.59692
0.000 -6.520 -20.038 3.44301
0.000 -4.970 -20.332 3.16158
0.062 -1.090 -17.740 3.09312
0.102 -0.614 -13.070 3.88220
0.003 -1.243 -13.718 2.80778
0.000 -0.679 -13.650 2.71161
0.002 -5.176 -19.159 3.67251
0.003 -5.857 -19.528 3.34275
0.000 -2.858 -18.564 3.07810
0.000 -0.956 -19.122 3.26665
0.100 -3.756 -19.649 2.54067
0.000 -0.203 -18.070 2.72422
0.000 -2.612 -19.136 3.63347
0.000 16.177 0.833 1.63766
0.000 17.806 2.010 1.09978
0.000 14.996 2.146 1.65119
0.000 15.055 2.797 0.95745
0.005 12.140 1.928 0.90623
0.000 13.097 0.891 1.31311
0.000 15.237 0.977 1.73330
0.000 15.698 1.285 1.45634
0.000 14.609 1.818 1.40073
0.000 15.554 1.587 1.62503
0.000 14.545 1.033 1.14444
0.000 14.283 0.761 1.34962
0.000 15.005 1.020 1.58959
0.000 13.858 0.447 1.77674
0.000 14.030 0.652 2.56233
0.000 13.327 -1.758 2.04261
0.000 13.142 -0.960 1.21673
0.000 14.561 0.446 2.26540
0.000 14.612 1.006 2.42904
0.000 14.504 0.605 2.54697
0.000 10.214 -0.949 1.31408
0.055 9.226 -1.309 1.21470
0.000 10.087 -0.636 1.94161
0.000 13.591 -0.276 2.43761
0.000 9.474 -2.693 1.17352
0.000 9.454 -2.503 1.52209
0.000 11.972 -1.688 2.29141
0.000 12.742 -1.064 2.03485
0.000 12.807 -0.287 2.14069
0.000 12.108 -0.995 2.32208
0.000 -1.303 -19.201 4.01686
0.000 -0.889 -16.959 4.18124
0.000 0.584 -14.177 5.14797
0.000 0.618 -13.516 4.35826
0.000 0.415 -11.428 4.27464
0.000 0.233 -12.387 4.58609
0.000 -0.884 -15.014 4.45712
0.000 0.262 -14.961 4.23138
0.000 0.879 -14.110 5.37442
0.000 -1.949 -19.227 4.09298
0.000 -5.855 -19.983 2.14462
0.000 -1.223 -20.035 2.99902
0.000 -6.451 -20.284 3.30335
0.000 -2.630 -19.756 3.41514
0.000 -2.303 -19.158 2.79101
0.033 -3.019 -21.606 2.69200
0.000 -8.987 -21.882 1.96598
0.000 -2.083 -20.927 2.46891
0.000 -2.732 -15.114 2.60910
0.000 -5.134 -15.125 1.88772
0.000 -9.974 -21.013 1.99052
0.000 -3.197 -21.239 3.57027
0.000 0.725 -16.219 4.54096
0.000 0.814 -15.899 3.30826
0.000 -0.426 -16.179 2.78295
0.000 -1.963 -16.933 3.68639
0.000 -3.411 -17.179 3.01574
0.000 -0.150 -17.572 3.34165
0.000 -2.101 -17.756 4.27024
0.105 -9.444 -15.822 1.70120
0.000 -10.115 -20.073 3.38149
0.000 -3.660 -20.221 2.36933
0.000 -2.600 -16.824 2.60911
0.000 -1.042 -15.608 3.00967
0.000 -2.727 -15.355 3.64988
0.000 -4.419 -14.877 2.20006
0.000 -4.506 -14.958 2.77308
0.000 -6.324 -19.261 1.84125
0.000 -2.780 -19.343 2.04485
0.000 -0.488 -16.141 1.89969
0.000 -2.431 -12.999 2.45166
0.000 -3.190 -16.518 1.64243
0.000 1.416 -17.107 3.74455
0.000 -2.919 -16.831 2.46961
0.000 -0.111 -15.941 2.55061
0.000 -2.338 -14.221 2.26122
0.000 -3.235 -14.363 1.61988
0.000 -5.370 -13.587 1.32821
0.000 -5.582 -13.795 1.16218
0.008 -3.959 -16.993 1.76724
0.000 -2.251 -17.502 2.35324
0.000 2.968 -17.565 2.74226
0.000 1.721 -12.291 2.92735
0.000 3.592 -12.263 3.64674
0.000 2.069 -12.586 3.17671
0.000 1.511 -12.999 3.72151
0.000 3.763 -12.909 3.05130
0.000 7.180 -10.637 4.43677
0.000 4.893 -11.671 4.24029
0.000 4.449 -11.751 3.82173
0.000 3.098 -11.069 3.49048
0.000 0.476 -11.129 4.07217
0.000 1.043 -8.813 3.49743
0.000 -0.077 -9.656 2.45580
0.023 -4.234 -13.608 2.14055
0.007 -1.544 -13.478 3.86656
0.000 1.107 -10.626 3.05383
0.045 0.139 -11.692 3.16892
0.000 2.067 -11.658 2.55913
0.000 0.869 -10.405 1.53764
0.000 2.886 -9.070 2.32938
0.105 2.272 -6.383 2.11370
0.000 1.490 -8.474 2.24408
0.060 3.583 -9.447 2.13695
0.000 3.586 -9.023 2.67511
0.000 3.912 -7.416 3.01333
0.003 1.999 -8.050 3.29443
0.000 4.199 -7.468 3.47858
0.000 -0.953 -7.664 2.60277
0.000 1.714 -10.488 2.68374
0.002 4.983 -10.612 2.61960
0.007 6.127 -9.822 2.40655
1.597 4.584 -5.899 2.63374
0.420 4.301 -5.484 3.42438
2.460 0.249 -11.184 3.65968
0.000 2.906 -10.151 2.94660
0.915 5.360 -8.284 3.87907
0.000 4.709 -7.532 3.47759
0.088 3.477 -7.164 4.32890
1.020 3.580 -5.518 3.91041
0.010 4.863 -6.518 6.54326
0.000 2.179 -7.134 5.39700
0.128 2.431 -6.899 5.63155
5.188 -0.474 -11.662 2.93779
0.000 4.420 -10.391 2.64905
0.215 7.087 -7.099 2.79914
0.000 5.797 -6.141 2.42064
0.000 3.921 -6.610 2.39491
0.182 5.130 -6.612 3.17556
0.497 7.378 -4.724 3.88477
0.947 4.853 -4.240 2.31577
0.485 2.479 -6.267 1.90698
0.090 3.946 -8.116 2.45673
0.000 4.934 -8.412 3.70230
0.208 6.460 -8.062 2.86680
0.000 7.220 -6.396 2.14150
0.000 4.603 -6.482 2.44273
0.000 6.179 -4.906 3.30177
0.138 2.794 -7.687 3.27792
1.405 5.185 -8.194 3.33832
0.000 9.175 -6.321 3.04825
0.138 7.338 -4.522 3.96713
0.343 5.805 -7.655 3.80291
0.000 8.857 -4.873 3.30560
0.000 3.806 -5.374 2.30905
0.200 5.413 -7.185 2.12788
0.073 6.644 -6.978 3.33142
0.250 4.261 -7.204 2.85653
0.148 5.419 -5.551 1.16633
1.412 8.762 -5.042 1.26216
0.935 10.166 -3.927 2.31086
1.212 6.978 -5.061 1.32823
0.125 10.649 -3.440 1.70993
0.165 12.308 -3.025 2.00745
0.940 10.059 -3.665 1.52573
0.920 8.723 -4.358 2.92667
1.372 7.353 -4.345 1.59549
1.057 9.880 -4.492 2.33459
1.160 7.269 -4.701 2.92949
11.383 8.330 -2.707 1.76985
5.400 4.946 -4.989 1.26985
0.472 8.224 -4.758 1.27725
1.055 9.400 -4.596 4.21393
7.847 9.416 -4.419 4.00142
1.738 7.930 -4.898 3.02075
1.807 10.626 -1.584 2.70042
4.203 10.887 -1.634 2.90835
1.330 12.124 -3.862 3.70895
5.595 11.550 -2.321 2.24566
5.673 13.691 -0.778 4.16519
0.975 17.181 -0.968 3.93005
0.782 17.844 -2.473 3.68765
0.000 16.296 -1.696 2.08876
0.000 16.106 0.169 4.03477
3.270 16.486 -1.483 3.71625
8.428 10.100 -1.077 1.73457
19.508 10.431 -1.574 1.67444
14.600 13.113 -1.698 1.71719
4.367 9.703 -2.096 1.90733
0.773 11.468 -0.948 1.42022
6.172 9.350 -2.199 1.19206
2.697 14.275 -3.500 2.02976
9.630 12.702 -2.672 3.33341
4.930 11.138 -1.628 2.30013
6.395 10.311 -1.887 2.25657
0.530 11.667 -1.480 2.60713
2.365 11.198 -2.229 1.12961
12.887 12.445 -2.659 1.83892
4.930 11.839 -2.600 2.28293
0.615 9.766 -2.140 1.64627
1.952 10.996 -3.161 2.03338
0.457 10.977 -3.245 2.24476
1.253 12.990 -3.201 2.13362
14.072 14.239 -3.666 2.50366
1.325 12.781 -3.600 2.61707
0.000 12.184 -2.861 2.19819
0.140 11.321 -2.391 1.61632
0.000 12.660 -2.372 2.39217
0.000 12.149 -1.846 3.11014
0.642 11.635 -1.334 4.20414
10.105 9.989 -2.690 2.60245
0.043 7.594 -5.354 1.89669
1.142 5.551 -6.530 1.98673
5.740 7.435 -6.119 2.15334
0.987 8.447 -4.405 2.50713
1.763 4.764 -4.830 2.89090
0.825 3.858 -4.353 1.98254
6.165 4.247 -6.067 2.11916
1.015 2.405 -9.478 2.63831
1.293 3.229 -9.549 2.02044
2.840 2.931 -5.346 2.17184
2.012 2.711 -5.345 1.84441
1.713 0.169 -6.013 2.79770
2.662 1.949 -5.940 3.12248
2.655 -0.100 -6.609 2.53108
4.835 0.532 -11.311 2.98080
0.085 2.360 -11.461 2.72194
3.148 1.559 -13.220 3.09905
10.315 2.123 -13.457 1.72878
10.597 3.422 -11.942 2.57110
0.000 0.962 -12.195 2.14926
0.000 3.421 -11.376 2.47271
0.060 3.818 -11.009 2.41062
3.835 4.360 -10.363 2.55911
16.502 3.363 -12.505 2.28526
0.958 0.814 -12.923 2.23211
2.212 3.552 -10.803 2.59684
1.258 1.841 -11.769 1.81887
0.000 0.655 -12.692 2.71252
0.125 5.049 -12.543 3.60847
0.830 5.560 -10.577 3.57627
0.345 3.767 -10.160 2.89295
0.000 3.006 -9.717 2.27640
0.300 1.114 -10.164 2.66509
0.317 -3.010 -14.778 1.76580
3.595 -2.423 -15.024 1.72391
0.000 -2.635 -14.296 1.61777
0.000 -3.486 -14.299 1.84874
0.000 -1.756 -13.667 1.97693
1.187 0.440 -15.688 2.93891
0.730 -1.523 -16.008 1.60434
0.000 1.667 -14.417 3.15820
0.000 2.788 -13.667 2.77023
9.135 4.288 -9.241 2.06941
0.188 -0.369 -6.706 1.26049
1.560 2.351 -10.933 1.76699
0.040 2.763 -11.324 1.96899
0.800 3.727 -10.590 3.84066
3.832 0.676 -14.089 3.16252
5.225 -1.939 -14.399 2.07300
8.895 1.579 -14.119 3.01955
8.617 -1.806 -13.352 3.94474
11.605 -6.354 -20.317 2.57780
8.242 -5.311 -20.617 2.63756
1.340 -2.377 -16.917 2.72691
6.965 -0.739 -15.283 3.51944
6.660 -1.141 -15.735 3.53103
1.222 0.116 -15.725 2.93127
3.250 2.306 -15.660 3.28532
10.345 0.391 -14.637 4.17696
0.000 -3.247 -15.427 2.93696
0.262 -7.155 -19.313 1.93048
8.853 -5.366 -19.479 1.76215
3.020 -6.468 -17.567 2.74158
0.350 -7.956 -19.394 2.21460
7.308 -5.784 -19.614 1.73169
4.708 -7.214 -18.742 2.11192
0.655 -8.575 -18.009 2.48336
16.680 -7.735 -18.034 2.12674
4.030 -6.955 -17.037 2.61902
1.505 -3.913 -16.395 3.90160
2.835 -5.617 -14.351 2.68764
5.100 -7.578 -20.565 3.32769
1.992 10.076 -1.430 1.50850
2.590 13.329 -1.629 2.70645
5.143 10.318 -2.137 1.66810
6.442 8.872 -1.271 1.28164
3.915 10.636 -1.128 1.05261
0.000 12.260 -0.884 2.22228
0.000 7.872 -2.158 2.29664
0.050 6.442 -2.099 2.05096
0.055 8.695 -1.970 1.90562
0.000 11.895 -1.640 1.38251
2.857 13.527 0.964 1.12482
4.688 14.146 1.288 2.83915
5.520 16.697 1.394 3.31973
1.682 17.442 2.178 2.70031
5.410 17.641 2.448 2.81882
0.083 18.107 2.185 2.42809
8.512 18.023 2.407 2.91112
0.525 18.654 1.919 2.64435
0.000 17.584 1.415 2.92554
0.000 17.280 2.070 2.60280
0.000 17.632 3.660 2.18086
0.383 15.542 1.741 2.37571
0.702 17.335 3.009 2.21214
0.475 15.955 1.918 1.72457
2.618 17.673 1.943 2.97901
7.435 16.286 1.679 2.56178
0.615 17.512 2.690 1.42341
0.000 16.354 4.626 1.78956
0.357 17.312 2.126 1.70857
0.000 16.416 3.064 1.52595
0.000 13.885 -0.278 1.70999
0.287 12.851 0.750 2.14764
4.708 15.721 2.180 1.88856
0.565 16.295 2.204 1.58601
0.868 16.475 2.968 1.53240
2.242 16.120 3.366 1.17911
0.185 16.502 2.298 1.02986
5.915 14.674 2.874 1.77275
1.820 16.833 0.920 2.58862
0.000 13.259 1.301 1.19280
0.047 15.854 0.044 1.69756
0.000 17.313 0.798 1.27964
0.000 15.295 2.855 3.19243
0.000 15.636 2.810 2.38561
1.405 16.971 3.895 1.86121
0.030 15.222 3.333 1.85417
0.200 15.354 2.453 1.63672
0.127 14.687 2.105 1.89326
0.993 15.349 1.834 1.52807
16.450 16.714 3.164 1.57953
0.380 17.059 2.325 1.98429
3.715 18.429 3.948 1.55920
0.045 19.121 5.957 1.14467
0.240 17.609 6.430 1.26251
2.645 19.123 1.774 1.47444
0.298 15.568 0.429 2.49712
0.105 13.912 -0.642 1.92161
0.000 14.719 1.383 1.52527
0.000 11.234 0.901 1.69410
0.173 13.705 -0.467 1.17354
1.607 15.669 2.047 1.19238
0.000 17.320 1.482 1.50971
0.080 17.097 1.368 2.13251
1.222 15.628 0.235 1.87398
0.000 16.293 2.063 2.12010
0.000 15.980 0.783 2.05914
0.000 17.105 2.586 1.97395
0.000 17.497 2.908 1.83086
0.000 15.325 2.871 1.13325
0.000 17.978 4.401 1.91705
0.000 15.251 1.565 1.65469
0.000 11.322 1.049 1.19957
0.000 14.112 2.532 1.39684
0.000 15.228 2.047 1.22270
0.000 15.923 1.874 1.34227
0.000 17.530 2.586 1.95169
0.000 16.368 3.569 1.33849
0.000 16.664 2.819 1.29020
0.000 15.424 2.333 1.12669
0.000 14.160 3.654 1.38397
0.002 16.711 2.616 1.74953
0.000 16.205 2.403 2.67884
0.000 12.926 2.507 1.52313
0.000 14.995 1.420 1.39559
0.000 14.963 -0.691 1.67084
0.000 9.410 -0.800 1.79322
0.000 12.168 -0.414 1.21404
0.000 11.474 -1.791 2.22495
0.000 11.866 -1.173 1.65337
0.000 13.535 0.040 2.94344
0.000 12.197 0.898 2.20688
0.000 12.231 1.814 0.75434
0.000 15.109 1.059 1.06601
1.077 14.991 1.699 1.74729
0.000 15.291 1.753 1.25141
0.000 14.715 1.047 1.64010
0.000 11.739 -1.889 2.33157
0.000 9.693 -2.204 1.83993
0.000 10.983 -1.646 1.22749
0.025 10.888 -1.401 1.26228
0.165 7.321 -1.220 1.63916
0.000 11.684 -2.542 1.33751
0.000 13.739 -1.070 1.38498
0.982 14.610 -0.287 1.72636
0.000 13.802 -1.233 2.00026
0.000 14.480 -1.705 2.42899
0.000 13.985 -1.548 1.81585
0.000 12.000 -0.515 2.03456
0.000 7.067 -3.623 1.27139
0.000 8.570 -5.879 1.93630
0.000 10.062 -4.573 1.96257
0.048 12.912 -3.548 1.34254
0.000 12.852 -3.411 2.20187
0.000 12.011 -1.679 1.92422
0.000 12.128 -0.692 2.37792
0.000 9.867 -1.067 2.28343
0.000 11.030 -0.470 1.43871
0.000 8.831 -0.554 1.15632
0.000 10.208 -4.356 2.25946
0.000 11.570 -3.979 1.07907
0.000 12.666 -2.709 1.69924
0.000 13.299 -2.962 1.48532
0.000 -6.241 -20.977 2.83048
0.000 -5.479 -20.840 2.18839
0.000 -7.287 -19.796 1.79600
0.000 -5.607 -20.211 3.19357
0.000 -4.651 -16.946 2.96421
0.037 -1.717 -15.772 1.58222
0.000 -1.671 -15.882 2.78987
0.000 -2.692 -16.174 2.46585
0.000 -3.200 -15.405 2.19162
0.000 -3.394 -14.868 1.74278
0.000 -3.162 -11.858 2.95256
2.770 -5.687 -12.770 2.01120
0.000 -7.632 -17.327 2.81681
0.000 -5.043 -15.662 3.01652
0.000 -7.915 -19.483 2.08088
0.000 -9.652 -23.289 2.30286
0.000 -7.732 -23.456 1.71477
0.000 -6.596 -20.246 1.82962
0.000 -5.867 -20.157 2.76436
0.000 -6.469 -18.415 1.87988
0.000 -6.911 -17.906 2.94894
0.000 -6.146 -15.596 2.63840
0.000 -6.619 -14.571 2.09629
0.000 -6.075 -14.462 3.17226
0.000 -6.364 -14.239 3.53548
0.000 -6.696 -14.800 3.50140
0.000 -7.817 -15.462 3.66070
0.000 -10.421 -23.419 3.67022
0.000 -8.306 -23.603 3.34294
0.000 -9.001 -18.389 1.82428
0.000 -6.977 -18.332 2.64100
0.000 -8.726 -15.842 2.00122
0.000 -10.490 -20.625 3.01505
0.000 -8.009 -19.734 2.03101
0.000 -4.793 -16.129 4.17795
0.000 -6.056 -18.770 5.70934
0.000 -8.878 -19.915 5.10921
0.078 -5.027 -15.913 3.85284
0.000 -5.289 -17.739 2.94137
0.000 -2.813 -17.957 3.12303
0.000 -6.108 -16.826 3.41846
0.000 -6.318 -18.366 4.41678
0.000 -11.940 -21.401 3.36705
0.000 -6.144 -21.461 2.63395
0.000 -3.899 -17.173 2.55647
0.000 -3.331 -15.628 3.16294
0.000 -5.074 -14.359 2.96578
0.000 -5.613 -17.030 3.55960
0.000 -1.321 -17.177 3.43595
0.223 -7.412 -13.846 1.44076
0.000 -9.498 -15.330 1.62027
0.210 -8.933 -18.940 2.47162
0.000 -9.922 -19.573 3.88865
0.000 -3.823 -16.104 3.21694
0.000 -3.420 -16.931 2.73123
0.000 -3.828 -15.828 2.25766
0.000 -3.604 -16.640 3.64778
0.000 -4.589 -15.455 2.79641
0.000 -4.374 -20.617 4.99409
0.000 -2.578 -20.626 3.22382
0.000 -1.877 -15.609 2.74223
0.000 -0.074 -15.543 2.90909
0.000 1.133 -10.476 2.59543
0.000 -1.440 -19.310 4.32736
0.000 -2.198 -19.207 2.42989
0.000 3.955 -15.655 2.92317
0.000 4.490 -12.485 2.94313
0.000 3.755 -9.723 2.66338
0.000 3.793 -6.925 2.44686
0.012 5.642 -6.499 3.17140
0.000 0.993 -8.937 1.95234
0.000 4.264 -8.744 1.63945
0.000 5.889 -6.662 1.70613
0.000 7.203 -6.152 2.17863
0.000 5.190 -7.209 2.62042
0.253 6.918 -6.344 2.63188
0.000 8.767 -6.023 3.70143
0.000 12.343 -5.068 4.58084
0.000 11.468 -3.638 4.67055
0.717 9.441 -5.525 4.84941
23.560 4.981 -5.834 2.54958
0.000 8.341 -4.798 3.65878
0.630 6.117 -4.230 4.02138
0.000 5.788 -4.088 2.89346
0.000 1.829 -10.214 4.12199
0.000 2.426 -8.812 3.42299
0.000 6.917 -5.898 3.38918
0.000 10.724 -5.354 3.52901
0.000 11.870 -7.018 4.54804
0.000 4.212 -8.690 2.84870
0.975 3.925 -8.096 2.30063
0.000 7.320 -7.003 3.58620
0.242 10.309 -7.530 4.62064
0.013 6.062 -6.941 2.47442
1.300 4.183 -7.487 2.02129
0.000 4.777 -6.393 2.45252
1.443 6.305 -5.613 1.59263
0.535 5.246 -6.377 1.64475
0.053 7.715 -6.163 2.01706
0.000 9.342 -4.526 2.87488
0.000 5.540 -6.076 3.32689
0.035 7.828 -5.195 3.36707
2.732 8.364 -3.999 2.72334
0.388 10.699 -3.854 2.95378
3.787 4.500 -5.315 2.34715
1.523 4.024 -5.328 2.69482
0.120 2.818 -6.568 2.38789
0.005 4.362 -8.470 4.39020
0.000 2.808 -8.900 4.16647
0.000 8.147 -7.173 2.74685
0.738 11.394 -4.364 2.92008
0.277 10.959 -2.422 2.40850
0.417 7.369 -3.650 2.83279
1.455 9.951 -3.646 2.39540
0.043 6.034 -5.394 1.56504
0.798 9.935 -4.761 1.96445
2.452 5.629 -6.356 2.34982
0.800 10.915 -5.519 3.47822
1.515 7.548 -7.464 3.06397
0.000 6.768 -8.077 3.98361
0.000 6.842 -7.915 3.52514
0.210 5.423 -5.674 1.75185
0.000 3.702 -4.726 2.31568
0.157 9.510 -3.070 1.45183
0.650 11.271 -3.210 1.85296
0.000 13.206 -3.717 1.70877
0.500 14.419 -1.784 3.03675
0.410 8.631 -1.916 2.05618
1.450 9.202 -1.212 1.59763
6.413 11.744 -2.366 3.05251
5.602 9.076 -4.189 1.14008
0.625 12.638 -2.781 2.12054
3.415 12.427 -3.318 3.09604
8.545 11.119 -6.068 2.05052
0.000 10.830 -3.070 2.76985
1.398 9.909 -2.588 2.49045
20.665 12.133 -3.702 2.73629
12.042 7.502 -4.839 1.48193
14.990 8.207 -3.165 1.89961
5.755 6.122 -4.919 1.17775
2.300 7.086 -3.258 1.41493
3.073 10.572 -2.788 2.37455
1.937 12.039 -2.709 2.91004
1.840 14.321 -2.021 2.60251
0.167 16.686 0.643 2.79168
1.530 15.375 -0.127 3.22177
5.747 11.861 -0.515 2.03679
0.133 10.823 -1.404 1.04801
1.687 13.237 -1.684 1.15482
1.008 15.057 -2.262 2.70167
1.590 14.701 -1.021 2.15999
0.908 15.626 -0.928 2.11222
0.000 16.090 1.095 2.41867
1.758 16.255 0.848 2.21766
2.802 16.576 2.076 2.36294
3.105 15.812 1.999 1.63153
1.963 16.369 2.380 1.24033
3.015 15.223 1.102 1.82449
5.603 13.399 0.110 1.81826
2.880 13.366 0.933 1.29270
4.215 13.028 0.217 1.65527
6.225 14.259 -0.364 1.75501
3.207 12.932 0.235 1.36841
4.375 14.163 0.548 1.36675
1.555 13.059 0.777 1.60649
2.125 13.290 0.588 1.33905
4.515 12.840 0.494 1.17290
3.575 13.458 -0.759 2.55439
9.793 15.074 0.235 2.26923
5.165 15.461 0.801 2.62484
0.492 15.370 1.106 2.69450
3.187 16.827 1.669 1.91994
7.227 17.336 4.449 1.10157
7.743 17.108 4.625 1.54204
3.630 16.679 2.948 1.95091
11.997 13.659 2.630 2.06684
1.452 16.006 0.906 1.63510
1.425 14.665 1.082 1.57055
0.373 12.519 0.266 1.88556
0.000 13.271 -0.074 1.55845
0.160 12.173 0.657 1.80363
0.095 14.482 0.505 1.57611
0.000 14.831 1.144 1.29133
0.000 16.698 0.873 1.22149
0.023 18.200 0.302 2.21398
0.000 16.280 1.409 1.38835
0.000 18.328 1.837 1.29575
0.095 20.425 2.251 1.36416
0.000 21.080 3.951 1.81425
2.560 19.648 2.642 2.04923
0.252 20.148 3.470 2.26983
3.760 19.705 3.495 2.27470
0.000 18.876 2.697 1.86099
1.275 17.926 3.304 2.07990
0.000 19.488 1.906 2.47092
0.000 19.833 0.264 2.29619
0.095 20.590 2.433 2.12729
8.153 19.153 3.618 1.89409
3.177 19.071 -0.311 2.34181
0.000 16.811 0.085 1.90175
1.655 18.537 3.795 1.73865
2.293 10.306 -3.347 1.80378
0.000 15.167 -0.077 1.44856
0.000 17.226 0.142 1.04259
0.000 18.513 1.771 0.92407
2.323 16.930 1.112 0.98504
1.505 18.506 0.806 0.92534
0.307 16.523 1.621 1.48948
6.802 17.407 3.568 0.85594
5.908 13.796 1.029 1.66761
0.007 16.853 2.150 1.22766
9.868 17.334 3.224 1.35371
0.598 19.265 3.605 1.29823
0.793 19.565 3.796 1.58314
3.607 18.879 3.432 1.36144
1.650 19.083 4.094 1.10348
0.997 19.022 3.708 1.54442
2.607 18.794 3.565 1.86346
0.000 19.964 4.237 1.73057
0.163 21.212 4.224 1.68496
1.105 21.951 5.742 1.45140
13.469 20.863 3.407 2.28872
0.000 20.206 5.651 1.20067
2.345 16.792 3.146 1.35629
0.490 19.454 3.130 1.55266
0.070 20.909 3.567 1.66217
0.000 21.522 3.295 1.37744
1.925 19.419 2.926 1.69063
3.333 19.533 3.416 1.11019
0.897 18.442 4.069 1.21724
1.853 19.397 4.527 1.26479
0.000 19.260 1.942 2.09695
0.000 19.377 1.229 1.89188
0.000 20.209 1.864 2.00973
0.488 20.441 2.779 1.85695
0.000 21.458 2.707 1.37709
1.150 21.689 3.609 0.88725
1.578 19.650 5.765 0.86361
4.525 16.607 3.249 1.48348
6.268 18.959 3.893 2.88622
6.170 17.094 2.093 2.49857
2.035 18.165 2.864 1.80819
1.303 15.322 2.694 1.32736
3.000 17.379 1.774 1.73832
6.103 14.953 -1.106 2.11447
3.225 10.575 -1.601 1.62443
0.190 9.626 -1.969 1.73692
0.433 11.768 -2.028 1.44188
1.155 12.271 -0.922 1.47920
4.555 13.563 -1.234 1.70429
0.065 11.034 -1.410 1.56289
0.660 10.737 -3.043 1.22431
0.000 12.317 -2.016 1.31961
0.328 12.588 -1.034 0.91162
0.260 15.419 -0.496 1.52015
6.423 13.738 -0.351 1.93986
0.433 14.998 0.065 0.93529
5.178 15.190 -0.120 1.91718
7.590 15.894 1.171 1.97053
3.778 15.568 0.816 2.31984
0.000 17.252 -0.223 2.26381
5.833 16.856 1.038 1.53119
0.250 15.379 0.997 1.41844
6.355 14.114 0.222 1.16518
4.805 13.861 0.468 2.38784
5.540 9.158 -1.963 1.32940
2.217 10.426 -2.948 1.17668
14.142 11.886 -2.429 1.87627
3.975 12.055 -1.330 2.47136
1.215 9.001 -3.090 1.26632
2.640 10.416 -2.690 0.94975
0.387 9.841 -3.004 1.62231
11.012 10.113 -3.005 2.28302
0.780 11.102 -3.119 2.31131
0.140 11.811 -2.576 2.18494
0.000 12.731 -1.824 1.90452
4.042 13.366 -1.260 2.20952
4.848 10.937 -1.956 1.96607
6.040 11.272 -1.583 2.32757
8.105 12.218 -1.161 2.50076
8.365 9.809 -3.352 1.33054
7.048 8.948 -3.340 1.45820
5.120 8.818 -1.954 1.47649
19.607 9.504 -2.554 2.21510
12.295 9.296 -2.525 2.36796
7.188 8.292 -4.211 1.86873
5.688 7.636 -4.204 2.34285
1.273 6.164 -4.928 1.64828
0.685 5.048 -6.104 1.83759
0.188 4.720 -6.019 1.88025
0.355 4.547 -5.805 3.25044
0.163 3.837 -6.267 3.53133
0.345 2.383 -7.531 2.22385
0.060 5.599 -7.795 2.37811
0.000 5.655 -7.726 2.44621
0.110 5.371 -7.060 2.41439
2.005 3.956 -4.208 1.42500
0.505 1.448 -8.072 1.27208
0.780 1.955 -8.986 2.11005
0.605 1.728 -9.476 1.98913
0.025 2.834 -9.363 2.59976
0.043 0.576 -12.753 1.37162
0.000 1.642 -12.342 1.80804
0.000 2.556 -11.768 1.83491
0.000 4.397 -9.110 2.53495
0.000 4.186 -7.914 1.76677
0.300 0.812 -11.678 1.69353
0.000 2.131 -11.884 1.69480
0.000 2.970 -11.067 1.94497
0.320 -0.104 -10.916 2.28933
0.078 0.002 -10.621 2.50935
0.000 2.108 -9.102 2.09682
0.000 2.952 -8.523 2.37096
0.000 3.070 -8.927 3.98540
0.000 1.632 -9.015 3.11006
0.027 -1.173 -9.484 2.51166
0.000 -2.577 -10.459 2.37872
0.022 2.127 -10.437 2.75732
0.000 0.618 -8.835 2.54345
0.000 -0.914 -9.388 2.17255
0.000 -0.293 -12.494 2.92462
0.000 -1.637 -15.226 2.22970
0.000 2.121 -15.299 2.66548
0.000 3.266 -11.183 3.32031
0.000 0.680 -9.189 2.83914
0.000 2.540 -9.569 3.06088
0.000 -0.796 -9.342 1.82251
0.000 -2.032 -15.422 3.25330
0.007 0.098 -15.563 2.50816
0.000 2.154 -14.230 3.88695
0.000 3.098 -12.467 3.65063
0.000 1.771 -12.820 2.72570
0.000 1.946 -13.437 2.97322
0.000 2.076 -13.862 3.44379
0.000 -0.867 -14.239 3.35830
0.000 2.223 -14.319 3.40123
0.000 2.653 -11.918 3.09657
0.000 -0.066 -12.771 2.84150
0.000 1.890 -14.208 2.87965
0.000 0.823 -14.410 2.65366
0.000 0.557 -14.904 3.02792
0.000 0.381 -15.069 2.66458
0.000 1.122 -14.548 2.98439
0.000 0.587 -15.001 3.34655
0.000 -0.214 -15.595 4.21661
0.000 1.505 -15.814 3.67775
0.000 1.603 -15.196 3.48764
0.000 0.568 -15.517 3.22965
0.000 -1.548 -17.394 2.89499
0.000 -4.408 -17.601 2.67320
0.000 -4.042 -16.329 1.41177
0.000 -3.657 -16.801 2.69057
0.000 -1.720 -17.836 2.92748
0.000 -4.341 -17.940 1.88824
0.000 0.753 -16.405 2.87605
0.000 -1.124 -16.785 2.94740
0.000 -1.413 -17.008 2.67819
0.000 -0.183 -17.131 3.33098
0.017 -6.031 -15.184 3.34263
0.000 -4.016 -15.282 2.60837
0.000 -8.433 -16.779 1.75770
0.000 -9.870 -19.677 2.62714
0.000 -6.337 -19.843 2.66765
0.000 -3.700 -15.940 2.09918
0.000 -3.505 -13.192 2.90575
