0.000 24.173 16.312 1.15563
0.240 25.472 17.058 0.89997
0.925 27.472 17.659 1.03689
0.310 27.214 16.152 0.95795
0.000 25.914 15.424 1.04013
0.000 25.303 14.873 1.32249
0.001 26.243 15.904 1.09627
0.023 28.006 17.633 0.93896
0.221 28.408 18.378 0.83811
1.836 28.705 18.784 0.98062
2.950 27.355 16.915 1.04554
0.000 28.116 15.332 0.81820
0.000 27.493 14.614 0.84713
0.000 26.145 13.720 1.02669
0.000 26.200 13.547 0.98179
0.000 27.089 13.426 0.85140
0.000 26.978 11.910 0.84653
0.239 26.462 14.372 1.08638
0.929 25.743 16.693 1.36555
0.459 26.004 15.251 1.57075
0.475 25.087 13.777 1.68205
0.196 24.462 13.613 1.63546
0.000 23.623 12.768 1.59007
0.000 24.198 12.760 1.30333
0.000 24.842 13.895 1.19333
0.002 27.291 14.799 1.28690
0.001 26.045 13.469 1.34648
0.000 26.278 12.767 1.17888
0.017 28.156 15.255 1.06124
0.024 27.606 15.229 1.16423
0.005 27.709 14.950 1.06317
0.958 28.146 17.113 1.42879
2.772 25.946 18.534 1.69337
0.326 27.718 17.696 1.37820
0.006 28.631 16.539 1.04074
0.014 30.218 17.525 0.87228
0.000 30.964 17.899 0.83766
0.000 31.005 18.077 0.73947
0.160 32.220 18.613 0.61571
0.356 31.414 17.732 0.87640
0.181 31.038 18.198 0.59900
0.000 33.049 19.940 0.49024
0.029 31.374 17.590 0.61471
0.015 31.779 17.963 0.58517
0.205 31.970 17.583 0.75396
0.000 32.536 17.452 0.70125
0.000 30.586 15.004 0.64324
0.000 32.299 17.467 0.72012
0.000 32.731 17.838 0.76048
0.000 32.398 19.600 0.81862
0.000 32.741 19.137 0.67293
0.000 31.701 19.169 0.58091
0.000 32.749 19.118 0.69205
0.000 33.542 17.093 0.72055
0.000 33.642 17.353 0.73164
0.000 32.675 16.790 1.09126
0.000 30.597 14.319 1.33428
0.000 30.215 14.176 1.44337
0.002 29.973 16.666 1.73933
0.000 30.029 17.557 1.84822
0.000 29.549 16.903 1.77860
0.000 29.356 16.619 2.04005
0.000 30.750 15.341 1.30791
0.000 32.154 14.987 1.05895
0.000 34.096 17.859 0.55418
0.000 33.369 19.308 0.67105
0.000 34.526 21.355 0.61875
0.000 34.901 19.707 0.63869
0.000 35.634 19.261 0.94676
0.000 35.183 20.075 0.73080
0.000 33.021 20.555 0.51364
0.100 34.074 20.096 0.63525
0.153 29.799 20.405 1.44797
0.013 32.488 19.990 1.62391
0.180 30.474 19.846 1.29576
1.416 29.730 19.648 1.58007
4.160 31.265 19.969 1.47118
1.364 32.426 19.220 1.06401
0.315 31.880 20.320 1.25459
0.002 30.921 19.791 0.73400
0.010 31.809 20.246 0.82937
0.142 32.691 18.632 1.70080
0.187 28.890 17.801 1.58007
0.740 31.821 19.262 1.68790
2.573 31.709 19.771 1.92408
1.521 32.330 19.902 1.54031
0.298 33.204 20.026 1.46487
0.004 34.064 19.608 1.32853
0.022 34.657 19.591 1.24930
0.000 31.746 19.872 0.93703
0.000 35.262 19.948 0.66160
0.000 35.516 19.307 0.75960
0.000 36.601 19.660 0.59999
0.000 36.477 18.475 0.83159
0.147 36.431 21.496 0.81412
1.801 35.202 21.117 0.91666
5.544 34.091 22.206 0.82499
0.728 33.426 22.232 0.66355
1.746 33.908 22.163 0.77621
0.087 33.243 23.249 0.62116
0.001 33.008 22.527 0.90935
0.005 33.947 22.668 0.57532
0.002 35.343 20.096 0.76510
0.000 34.738 20.045 1.69817
0.000 35.027 19.874 1.26527
0.003 33.439 19.898 1.14817
0.539 36.096 20.602 0.83807
0.673 34.926 21.050 0.68099
0.002 34.620 21.855 0.68580
0.043 34.310 23.077 0.58338
0.165 33.757 22.745 0.51629
0.395 34.873 22.469 0.66643
0.246 35.851 22.489 0.42142
0.727 36.968 22.816 0.61563
0.950 36.063 22.890 0.72188
0.346 37.388 22.735 0.70290
0.003 38.280 21.040 0.73398
0.000 38.672 21.088 0.81534
0.000 38.478 22.538 0.71272
0.000 37.895 23.882 0.84046
0.000 37.513 24.306 0.91496
0.000 33.715 23.273 1.06028
0.918 34.913 23.382 1.06905
5.505 33.119 23.610 1.08038
13.793 32.154 21.669 0.75821
1.684 30.889 22.304 0.49267
4.571 30.463 21.875 0.49281
20.909 30.019 21.190 0.38720
8.950 31.753 22.360 0.90624
0.228 29.568 22.429 0.92506
0.596 30.929 22.514 0.97480
0.082 30.403 22.148 0.64881
1.145 31.439 22.055 0.71030
2.180 32.777 22.697 0.85500
0.000 31.350 22.640 0.91284
0.039 31.954 23.227 0.74615
7.636 31.288 22.836 0.65728
18.844 27.184 21.539 0.84381
3.742 30.715 21.863 0.88529
1.800 29.993 21.775 0.67472
0.453 31.539 22.466 0.31334
2.891 32.027 22.852 0.44010
2.657 28.800 21.522 0.98804
0.604 30.085 22.294 0.73091
1.636 28.755 21.228 0.63616
1.650 32.054 21.845 0.68591
15.861 31.506 21.916 0.79005
0.071 30.795 22.336 0.71490
9.731 30.010 22.498 0.70374
6.843 28.382 22.535 0.79356
0.482 28.146 21.987 0.87768
5.733 29.501 22.566 1.04249
8.748 28.240 21.963 1.00259
2.087 28.944 21.501 1.12561
0.149 29.935 21.297 1.22917
1.268 30.471 22.186 0.75500
14.320 28.744 22.001 0.70861
3.223 28.372 21.562 0.88387
2.067 29.614 21.710 1.01948
9.359 29.126 21.736 0.83156
12.993 27.815 21.821 0.85192
13.523 27.245 21.895 0.68796
1.764 28.868 22.122 0.88756
2.521 26.723 22.021 1.06416
1.901 27.518 22.337 0.96063
3.103 27.063 21.556 1.03996
0.467 28.538 22.095 1.11172
0.104 28.047 22.187 0.99122
0.043 27.763 21.884 1.21378
1.998 28.126 21.180 1.36539
1.437 28.363 21.407 1.14410
1.676 27.190 21.454 1.14509
1.107 27.716 21.527 1.16703
3.745 29.147 21.699 1.26106
6.306 26.454 21.340 1.41692
0.126 29.913 21.649 1.47213
1.069 30.179 22.124 1.07682
88.465 28.096 21.328 0.64837
134.971 25.550 21.064 0.65690
4.222 27.161 20.408 1.03535
0.716 28.937 21.238 0.92560
2.039 29.277 21.219 0.66611
6.956 30.236 20.841 0.52162
0.013 28.896 21.031 0.94007
12.183 29.333 21.937 1.05726
8.649 27.164 21.432 1.30368
1.998 28.387 21.570 1.76267
2.117 27.579 21.953 1.54315
1.277 28.315 21.042 1.51201
5.048 27.875 21.280 1.26175
12.368 25.468 20.991 1.47482
3.132 26.596 20.991 1.57034
3.691 26.317 21.368 1.38303
3.335 27.731 21.125 1.45202
7.181 28.934 21.818 1.23005
8.371 26.993 21.366 1.14231
0.320 27.450 21.706 1.06546
0.062 26.977 21.969 0.92178
4.197 27.570 21.220 1.33183
4.554 25.405 20.798 1.53869
4.357 27.233 20.910 1.36290
0.088 28.736 21.692 1.37878
0.651 27.528 21.268 1.56348
2.129 27.369 21.914 1.84416
1.142 28.908 21.757 1.68420
0.556 28.387 22.071 1.66110
0.767 27.461 22.515 1.61981
0.792 27.646 22.246 1.74370
1.364 27.474 21.801 1.90974
5.435 27.366 22.011 1.96249
12.560 26.577 22.252 1.98424
0.671 27.325 21.672 1.81458
0.928 28.486 22.129 1.48274
4.486 27.929 21.859 1.06807
4.311 25.761 21.265 1.53048
2.608 27.817 21.830 1.53582
0.239 29.319 22.200 1.52666
0.527 28.718 21.635 1.61266
0.598 28.151 21.238 1.46535
0.012 29.072 21.172 1.38698
0.233 29.586 21.586 1.37126
0.447 28.045 21.199 0.77015
0.000 29.882 21.123 0.71251
0.000 31.219 21.816 0.92795
0.057 30.844 21.564 1.13242
0.438 30.293 22.363 1.42744
0.274 30.228 21.728 1.43908
1.079 29.517 21.652 1.28949
0.752 29.090 21.052 0.72224
0.481 30.646 21.476 0.57732
0.229 29.661 20.978 0.63958
0.004 30.569 21.029 0.70554
1.688 31.420 21.734 0.71503
2.412 28.063 21.955 0.85063
0.581 28.115 20.860 0.76952
1.751 29.478 19.994 1.22289
15.733 27.107 20.449 1.46895
6.994 27.539 21.210 1.36333
4.359 27.680 21.558 1.08994
11.815 28.185 21.407 1.08146
9.362 27.608 20.924 1.15182
8.910 26.244 20.848 1.05391
2.650 24.875 20.531 0.90471
3.674 28.061 20.851 1.02728
9.595 27.663 21.662 0.90535
8.942 25.786 21.473 1.06807
6.978 26.468 21.489 1.35236
4.950 25.175 21.683 1.57226
2.337 27.618 22.288 1.55179
0.432 28.928 21.310 1.31692
0.322 28.464 21.482 0.95346
6.126 27.056 21.721 0.78281
6.456 27.800 21.965 0.95255
1.691 26.292 21.027 0.77755
3.854 25.799 20.950 0.76678
2.892 29.660 22.131 0.88937
2.682 27.471 21.789 0.79426
13.572 29.099 21.231 0.67800
22.534 29.270 21.109 0.87917
7.073 27.559 20.890 1.03599
1.904 26.968 20.795 1.33600
0.064 26.972 21.285 1.10854
0.358 26.675 21.365 0.96398
0.351 26.648 20.634 0.96444
2.118 29.070 21.523 0.58807
11.255 26.858 20.780 0.62652
20.651 29.553 20.043 0.54534
24.171 29.841 21.120 0.56982
30.645 25.898 21.597 0.85879
25.067 25.096 20.652 0.79292
13.656 30.304 17.389 0.76633
0.253 29.768 19.327 0.62917
3.316 28.977 19.589 0.58984
9.537 29.969 20.317 0.77816
9.187 28.900 20.658 0.69923
15.036 27.853 20.754 0.46661
0.982 28.717 18.745 0.60782
4.503 28.434 19.550 0.76329
0.628 29.755 19.662 0.82223
8.174 29.820 18.591 0.74684
7.889 31.878 19.657 0.38396
1.415 31.778 19.728 0.45007
0.145 30.689 21.106 0.42905
7.390 30.148 20.824 0.62553
14.531 30.070 21.233 0.59409
0.088 27.734 19.783 0.59885
0.000 29.152 20.388 0.56410
0.458 30.163 20.981 0.42536
1.664 29.316 19.346 0.44077
3.151 29.684 19.906 0.70388
6.051 28.932 20.029 0.77387
4.404 27.966 20.870 0.96212
27.735 23.863 20.846 1.63288
14.620 24.041 16.791 1.96516
0.023 25.637 15.381 1.77161
0.023 25.841 14.424 1.32755
8.070 22.359 16.481 1.22656
28.974 21.232 17.608 1.62028
39.987 24.114 18.979 1.32892
18.760 28.463 20.197 0.62547
22.009 27.955 19.544 1.07093
11.056 26.545 18.301 1.58410
1.187 26.870 17.416 1.52898
1.128 25.586 17.439 1.58066
2.330 25.809 17.572 1.61777
2.600 25.974 17.089 1.42674
1.085 25.996 16.373 1.26831
2.551 27.294 18.444 1.36719
24.501 27.216 18.723 1.65618
14.347 26.496 17.135 1.74266
0.677 25.257 15.235 1.36528
3.603 26.940 17.278 1.50317
1.102 27.324 18.133 1.48573
2.253 26.931 18.716 1.33135
0.714 27.612 17.927 1.22334
0.288 27.007 18.124 1.22476
0.106 27.794 18.189 1.25822
0.078 27.700 17.233 1.17154
0.162 27.583 18.316 1.20121
1.070 27.560 18.289 1.24820
0.140 27.449 17.873 1.21924
0.094 27.586 18.248 1.18572
0.460 27.614 19.225 1.30390
1.409 27.851 19.510 1.41251
0.635 28.125 19.580 1.50936
0.539 27.706 19.942 1.70541
0.611 27.015 19.597 1.64204
0.428 27.477 18.378 1.47662
0.105 27.290 18.423 1.27194
0.008 27.510 17.956 1.01196
0.000 28.881 19.260 0.83348
0.000 28.678 18.834 0.64011
0.122 28.306 17.612 0.84810
0.537 28.072 16.092 0.92752
0.013 27.114 17.938 0.74769
0.000 27.231 18.231 0.77669
0.098 27.692 19.124 1.16758
3.775 25.742 19.279 1.56600
4.660 25.721 19.194 1.62926
21.714 22.877 17.657 1.23831
11.723 23.923 17.641 1.00983
16.851 25.342 18.204 0.80111
6.951 26.765 18.681 0.55247
6.572 29.042 19.954 0.50433
5.122 30.472 19.571 0.50588
0.337 30.875 18.873 0.43534
0.688 28.211 18.381 1.09139
0.285 26.859 16.395 1.11193
1.990 27.470 18.128 1.19608
5.472 26.482 18.761 1.45390
5.121 26.393 18.003 1.44920
0.875 25.662 17.377 1.52540
0.209 26.029 17.336 1.46494
1.526 25.513 17.829 1.74502
5.864 24.286 17.456 1.88842
3.499 24.767 16.592 1.64504
3.525 26.498 16.681 1.14031
0.631 26.674 16.281 0.90758
0.000 27.125 16.854 0.82694
0.000 27.486 16.546 0.82415
0.000 26.788 15.119 1.12788
0.006 25.409 15.078 1.10296
0.025 26.283 14.430 0.93852
0.653 26.419 14.742 0.88329
2.482 25.972 15.972 1.10393
0.098 26.950 16.706 1.33622
0.018 27.654 17.843 1.03875
0.128 28.814 18.633 0.98369
0.152 27.340 15.277 1.98076
0.081 23.637 13.892 2.37844
0.000 22.677 11.356 1.91428
0.000 23.423 10.766 1.15113
0.000 26.472 13.069 1.01640
0.000 27.214 15.557 1.10658
0.000 28.651 16.305 0.76850
16.257 29.471 17.025 0.84318
3.495 26.704 14.421 1.19890
0.140 25.715 14.779 1.35600
0.038 24.754 15.376 1.56763
0.000 25.116 15.208 1.28698
0.000 25.587 15.898 1.71780
0.000 25.326 15.151 1.57375
0.000 26.514 15.237 1.24570
0.573 26.975 14.705 1.18470
0.196 25.906 13.587 0.78753
0.074 29.085 15.480 0.55583
0.749 30.936 17.897 0.42754
0.393 29.612 18.452 0.57833
0.433 28.852 18.631 1.24979
1.511 28.561 18.585 1.46729
1.030 29.398 18.440 1.02840
0.190 29.312 18.275 1.48039
0.772 28.139 16.279 1.82921
1.883 27.397 16.752 1.69313
0.400 26.864 16.269 1.81801
1.537 25.916 15.526 2.13151
1.271 24.180 14.888 2.25705
0.778 24.466 14.486 2.00033
0.116 25.250 14.698 1.80747
0.015 25.513 13.998 2.17685
0.047 23.065 13.605 2.01373
0.052 25.013 13.401 1.79181
0.000 26.656 14.052 1.40476
0.000 29.048 14.987 0.85443
0.000 28.852 15.382 1.40968
0.000 29.003 15.482 1.56808
0.000 29.202 15.707 1.35518
0.000 31.059 16.368 0.98856
0.000 33.184 17.903 0.65472
0.000 32.689 17.884 0.75782
0.000 31.671 18.812 0.60596
0.000 31.620 18.928 0.59222
0.000 31.510 19.614 0.32702
0.003 33.242 20.136 0.53068
0.014 33.484 18.320 0.68489
0.000 33.923 16.770 0.59743
0.000 33.058 16.629 0.86825
0.000 33.101 15.726 1.12911
0.000 32.133 16.505 1.55743
0.000 31.417 15.365 1.32984
0.000 33.245 17.064 1.29184
0.000 31.952 17.162 1.20420
0.000 33.154 17.175 1.37607
0.000 33.122 17.993 1.08033
0.000 33.330 19.129 0.71512
0.000 34.120 19.961 0.70820
1.044 31.589 18.916 0.66968
6.195 29.474 16.577 1.82827
10.545 27.466 16.404 1.61276
0.000 29.976 15.247 1.13345
0.000 31.232 16.602 0.95149
0.000 32.344 17.986 0.66536
0.000 33.522 18.022 0.80121
0.000 33.930 15.402 0.86505
0.000 34.441 15.820 0.84370
0.000 34.933 14.810 0.92687
0.000 34.547 14.465 1.03545
0.000 33.234 16.469 1.24434
0.000 36.257 19.148 0.61904
0.000 35.406 21.607 0.52400
0.002 36.150 17.945 0.82205
0.001 33.102 19.243 1.85293
0.000 31.682 17.678 1.97485
0.801 33.462 18.975 1.53562
0.580 32.052 19.459 0.85882
0.330 33.914 20.837 0.63139
0.044 34.348 21.143 0.66203
0.007 34.046 21.223 0.72937
0.617 32.168 18.803 1.26071
1.101 31.696 17.332 1.51761
0.488 34.486 19.860 0.88057
0.000 36.394 21.611 0.47983
0.001 35.693 22.080 0.58620
0.000 36.555 23.129 0.58720
0.004 36.025 23.130 0.58546
0.000 33.909 20.477 0.42171
0.017 36.561 19.873 0.65059
0.097 35.619 19.200 1.55929
0.000 36.635 17.748 0.96629
0.000 36.907 18.106 0.77664
0.000 36.624 18.087 1.18557
0.000 36.804 18.325 0.75119
0.000 36.870 18.716 0.62048
0.000 36.783 18.366 0.90807
0.000 36.336 19.096 0.94192
0.439 36.846 21.476 0.75407
1.639 35.471 21.049 0.65726
0.005 36.755 22.855 0.77314
0.000 37.676 22.501 0.79248
0.113 37.795 23.352 0.80812
0.074 36.323 22.879 0.70032
0.000 37.966 21.403 0.73138
0.000 38.778 22.179 0.69396
0.024 38.494 20.902 0.82015
0.130 38.544 21.601 0.53040
0.134 38.026 21.478 0.78645
0.000 38.483 21.472 0.80627
0.000 38.426 21.117 0.61715
0.124 39.053 22.797 0.71584
7.106 33.425 21.550 0.85584
0.765 35.609 20.232 0.99509
14.553 33.492 20.826 1.17774
0.000 34.960 19.328 1.20844
0.181 36.258 19.113 0.59615
0.309 36.549 20.910 0.58194
0.000 36.592 21.024 0.65343
0.000 34.678 19.774 0.70109
0.000 36.566 19.732 0.81298
0.008 36.990 22.080 0.66044
0.576 36.133 19.000 1.12613
2.675 35.806 21.267 1.40174
0.000 36.078 21.393 1.02284
1.877 36.711 22.706 0.83071
4.701 30.703 21.604 0.61944
18.385 33.493 21.658 0.68811
10.942 31.707 20.787 1.02829
11.332 30.046 21.317 1.22946
19.037 29.974 22.123 1.29681
26.906 26.006 20.952 1.03328
0.225 30.667 21.963 0.97656
1.406 29.906 22.270 0.93437
1.037 28.839 21.132 0.78429
1.765 30.764 21.826 0.82767
5.086 29.418 21.876 0.73924
0.007 31.160 22.172 0.92587
0.111 31.592 22.528 0.85116
2.244 31.241 22.819 0.77124
9.312 28.632 21.515 0.69420
0.000 31.635 21.667 0.57157
0.000 30.805 22.607 0.63263
0.667 30.709 22.574 0.56535
7.642 30.560 22.123 0.62532
0.690 28.961 22.039 0.61547
0.202 28.415 21.493 0.45498
1.241 31.506 22.120 0.51986
3.060 28.659 21.959 0.71669
1.161 29.192 21.540 0.83600
0.235 30.568 22.607 0.65922
0.029 31.446 22.568 0.78479
0.000 31.561 23.015 0.76567
0.040 29.826 22.203 0.84227
0.476 31.974 22.904 0.98340
1.602 30.224 22.811 1.10965
0.580 30.004 22.589 1.25328
1.812 30.056 22.714 1.24165
0.040 32.441 23.253 1.28225
0.002 30.914 22.396 0.89666
0.000 33.121 22.369 0.71776
0.663 32.706 22.978 0.61839
1.844 32.290 22.399 0.81097
0.577 33.377 23.584 0.84146
0.001 32.546 23.203 1.05804
0.048 32.460 23.484 0.88843
0.514 29.819 22.487 0.78986
0.244 31.155 22.304 0.70490
0.000 32.198 22.576 0.74173
0.669 33.092 21.609 1.04822
7.926 32.799 21.931 0.79504
7.989 30.544 22.077 0.60061
2.967 27.592 21.681 0.93913
0.496 30.000 22.012 1.10378
0.415 30.143 22.079 1.09050
0.358 30.404 21.928 1.20553
4.453 31.228 21.739 1.25937
9.468 26.991 21.639 0.94232
20.718 28.886 21.376 1.28787
12.007 27.169 21.632 1.11201
1.522 29.385 22.430 0.97793
7.463 27.433 21.035 0.85266
0.548 28.052 21.342 0.57145
0.203 29.724 22.089 0.45591
1.838 28.782 21.756 0.62390
6.660 28.195 20.553 0.67232
12.158 28.306 20.966 0.60937
15.063 29.138 21.703 0.65356
16.734 26.582 21.225 1.02524
2.773 26.712 21.365 0.88431
3.145 29.171 21.606 0.87773
0.431 28.012 21.715 0.81642
1.501 29.114 22.044 0.85148
2.914 26.890 21.144 1.21655
1.319 27.988 21.340 1.03549
4.670 27.789 20.690 0.83737
1.745 28.459 20.794 0.92501
0.378 29.952 21.709 0.84752
7.473 29.995 21.931 0.87061
13.867 27.829 20.577 0.64868
7.040 30.482 21.740 0.63415
1.757 29.333 21.691 0.68857
7.737 29.661 21.097 1.15652
8.896 29.593 20.075 1.08387
18.399 28.987 20.979 0.72768
1.200 27.457 21.822 0.73892
0.155 28.548 22.423 1.16830
8.745 28.723 21.244 1.54884
27.933 26.924 21.717 1.57127
0.184 26.846 21.342 1.36591
0.135 29.641 22.152 0.83892
0.399 28.832 21.947 0.63528
3.938 29.375 21.248 0.71849
7.150 29.925 21.477 1.22275
1.427 29.355 21.686 1.04687
3.849 28.952 21.907 0.82715
1.020 29.485 22.039 0.80960
1.850 28.554 20.994 0.44612
1.642 27.167 21.329 0.59004
0.188 30.056 22.052 0.40327
0.112 29.759 21.289 0.54107
0.022 30.536 21.097 0.77744
0.412 31.128 22.195 0.69901
1.010 29.306 21.778 0.58462
2.440 29.368 20.911 0.33963
3.061 29.797 20.287 0.62024
1.163 32.255 22.182 0.59623
0.873 30.602 22.181 0.54096
1.792 30.330 22.252 0.53257
2.148 29.651 21.809 0.85338
8.026 26.621 21.096 1.12226
5.856 28.565 21.579 1.16342
7.699 28.426 21.628 1.17902
22.897 28.059 22.088 0.88385
10.560 28.747 21.968 0.91726
8.988 26.608 21.565 1.40750
5.742 27.720 22.208 1.80227
3.100 27.734 22.486 2.18880
10.867 26.722 22.005 1.96328
2.664 27.891 21.908 1.49905
1.607 27.564 22.115 1.09685
2.412 27.321 21.773 0.70247
13.787 29.454 21.350 0.39009
3.399 28.175 21.702 0.59164
2.415 25.776 21.324 1.22539
0.076 26.619 21.914 1.16171
1.089 28.841 21.726 1.34272
4.059 28.736 21.038 1.32581
0.172 28.059 21.042 0.93624
7.432 27.441 21.611 0.45739
28.694 25.810 21.026 0.59252
2.475 26.596 20.710 0.75995
4.272 29.273 21.437 0.88316
5.481 27.069 21.615 0.88814
23.248 27.417 21.951 0.86499
27.024 28.793 21.174 0.59500
10.424 30.813 21.016 0.51772
3.531 35.162 21.251 0.46909
7.026 31.541 22.241 0.37444
2.172 28.740 21.131 0.83661
14.023 29.529 20.701 1.33488
28.974 28.283 21.837 0.82178
7.020 29.791 21.840 0.56853
8.895 30.671 21.384 0.76395
1.267 27.394 20.309 0.45475
0.039 29.636 19.885 0.61832
0.301 29.677 19.858 0.72221
1.028 30.363 19.742 0.94264
31.469 30.428 20.693 0.76272
8.560 29.837 21.055 0.35972
4.923 31.993 21.199 0.57848
7.394 32.622 21.161 0.42751
2.230 28.643 21.996 0.81023
6.725 28.185 21.711 0.86914
3.172 28.145 21.009 0.62279
9.289 27.304 20.784 0.60968
26.489 29.647 21.580 0.71941
25.294 27.909 20.076 0.38876
14.726 31.864 21.141 0.42203
13.979 25.849 21.154 0.30561
10.264 29.049 21.574 0.54405
5.208 30.663 21.330 1.01491
9.821 28.549 21.001 0.90615
1.276 30.820 21.285 0.54318
0.003 29.701 22.485 0.45678
2.401 27.661 20.776 0.55622
3.975 26.602 19.823 0.47476
0.194 30.951 19.787 0.52309
0.502 29.610 19.437 0.86594
6.225 29.428 18.771 0.88683
0.043 29.023 17.414 0.88251
0.647 29.169 18.131 0.93905
7.919 28.785 19.789 1.46097
41.081 28.099 20.565 1.43245
11.093 26.642 20.116 1.74149
31.655 26.171 19.124 1.52605
12.303 28.716 20.211 0.68210
8.927 27.881 21.340 0.56197
29.699 26.719 20.760 0.83962
8.803 27.018 20.275 1.29883
1.960 28.385 18.248 0.97944
4.862 28.626 19.016 0.76012
7.901 26.855 19.992 0.74403
1.408 30.713 20.605 0.62381
0.768 25.549 18.389 1.20110
0.007 26.583 15.150 1.00170
0.000 27.375 17.381 0.71373
0.404 28.245 19.669 0.51612
2.786 30.426 19.348 0.72113
3.159 28.045 19.950 1.34702
7.186 28.104 20.794 1.51225
6.906 26.487 19.881 1.24466
8.208 27.439 17.447 1.20197
0.000 27.135 17.202 0.95780
0.123 28.918 18.413 0.81390
0.847 28.026 19.422 1.36789
5.668 27.070 19.033 1.71252
6.230 26.941 19.560 1.65977
0.927 27.707 18.332 1.55061
1.204 27.450 19.252 1.51765
0.365 27.487 19.572 1.64891
0.056 27.420 19.066 1.75757
0.123 27.076 18.845 1.68587
1.020 27.567 18.788 1.63350
1.188 26.735 16.902 2.11361
0.624 24.211 16.253 2.04358
5.412 24.878 15.742 1.40878
9.420 21.045 16.318 1.21483
17.168 22.315 18.229 0.98885
8.439 25.153 18.978 1.13916
7.968 26.831 19.410 0.99223
25.794 26.537 19.365 1.41284
3.604 26.443 18.382 1.88903
0.111 25.242 16.232 1.68565
0.001 24.313 14.843 1.52927
0.001 24.380 15.156 1.71814
0.122 23.963 14.050 1.78943
0.306 23.664 15.555 1.80155
0.006 23.761 15.802 2.16275
0.229 23.772 16.334 1.96258
0.851 24.866 16.866 1.67937
0.838 25.344 17.318 1.21633
4.166 25.333 18.035 1.46452
1.510 26.138 17.639 1.40408
3.588 25.791 18.163 1.04245
5.716 27.656 18.835 0.90740
1.396 27.784 19.232 0.98258
0.003 27.534 19.166 0.69916
1.456 28.042 18.972 1.05884
4.765 27.362 19.255 1.33002
3.891 26.990 18.696 1.57531
12.770 25.721 18.197 1.86407
8.286 25.037 16.765 1.92087
1.025 25.190 17.539 1.77924
0.383 25.500 17.235 1.80799
0.746 25.348 17.090 1.98307
4.357 23.976 17.863 2.03131
4.186 24.604 17.090 2.20664
5.600 23.693 17.092 2.08136
0.373 24.117 13.404 2.16620
0.000 22.972 12.033 1.59764
0.000 22.413 9.937 1.32083
0.000 22.091 11.109 1.13473
0.000 22.905 10.448 1.07944
0.025 23.838 12.390 1.00966
0.008 23.461 12.770 1.14209
0.000 24.382 13.346 1.05215
0.000 25.038 13.877 0.81822
0.001 25.634 14.580 0.86173
0.011 26.294 14.589 1.05911
0.135 25.379 16.250 1.46018
1.322 25.965 16.587 1.48976
2.636 25.970 16.468 1.11436
0.086 27.174 15.905 0.85999
0.000 27.482 14.939 0.87174
0.000 27.359 14.566 0.82602
0.000 27.152 12.912 0.76773
0.000 27.075 12.217 0.79750
0.000 25.903 13.649 1.12578
0.000 26.853 12.953 0.88488
0.000 27.592 14.920 0.87684
4.527 27.878 16.970 0.90250
4.552 26.992 16.294 1.00530
0.744 27.848 16.890 1.00688
5.529 26.005 18.023 1.25584
4.723 25.219 17.240 1.41569
0.252 27.439 17.478 1.14864
0.000 28.298 17.887 1.29726
0.012 27.265 17.377 1.49777
0.006 26.444 16.276 1.71639
0.576 25.960 15.441 1.76999
1.033 25.340 15.804 1.73547
1.404 25.916 16.712 1.75257
7.809 26.890 17.472 1.80779
7.059 25.866 16.641 2.11528
0.325 25.429 15.822 2.10557
0.139 25.377 15.980 1.70103
0.567 26.626 15.989 1.74443
0.811 26.431 15.808 1.81123
0.004 26.464 15.345 1.62740
0.001 27.311 14.868 1.35932
0.118 27.783 16.095 1.49403
0.199 26.625 15.715 2.18437
0.085 25.062 14.653 2.09701
0.008 26.298 14.534 1.42975
0.000 29.635 16.334 0.59198
0.000 31.216 18.030 0.57225
0.000 32.075 19.978 0.57882
0.000 32.170 20.151 0.60575
0.000 33.079 19.783 0.37519
0.002 33.318 18.760 0.59202
0.105 31.017 18.929 1.42675
0.191 29.359 18.199 1.99146
0.013 28.283 16.177 2.15328
0.297 27.652 16.105 2.13138
0.323 28.291 16.200 1.89710
0.001 28.883 16.102 1.74573
0.001 29.145 15.519 1.65827
0.000 29.578 14.453 1.19911
0.071 30.012 16.847 1.27800
0.099 29.458 15.671 1.41556
0.000 29.529 14.739 1.17308
0.000 30.245 14.378 1.29217
0.000 28.433 15.690 1.92173
0.000 28.254 13.904 1.54519
0.000 28.739 13.231 1.45327
0.000 28.806 11.844 1.39799
0.000 30.660 12.976 0.94025
0.000 32.130 15.236 0.58966
0.000 33.030 17.419 0.60959
0.000 34.161 18.809 0.55835
0.004 33.702 20.400 0.65669
0.010 34.158 18.940 0.81254
0.150 33.581 19.630 1.29772
0.240 33.145 18.108 1.36021
0.000 34.247 17.598 0.98568
0.000 35.650 19.244 0.61253
0.000 35.281 20.123 0.80934
0.000 37.073 20.570 0.64588
0.000 36.579 20.927 0.66938
0.000 36.369 22.118 0.78173
0.000 36.598 21.338 0.57861
0.000 36.874 20.954 0.61717
0.000 37.883 21.061 0.60030
0.000 37.554 20.720 0.73718
0.045 37.728 19.574 1.12811
0.279 35.338 19.959 1.43986
1.038 35.437 20.836 1.28447
0.061 35.934 19.069 1.24692
0.002 35.453 19.399 1.43585
0.057 36.287 19.538 0.55037
0.000 35.808 21.936 0.59937
0.000 36.340 22.202 0.83329
0.000 35.832 22.256 1.01533
0.000 37.181 23.518 0.94243
0.022 31.789 22.382 0.78727
0.184 31.019 20.920 1.08859
0.001 34.748 20.363 1.10315
0.025 34.659 21.505 0.94639
0.251 34.969 20.513 0.65593
0.000 36.479 22.165 0.43892
1.682 36.327 22.014 0.86721
5.819 31.249 21.802 0.56256
0.017 36.710 22.532 0.64595
0.124 35.610 20.333 0.65402
0.103 35.210 21.029 1.14687
0.833 34.505 21.364 1.53921
11.166 31.692 21.039 1.18264
3.556 34.612 21.008 0.56063
0.000 36.418 22.030 0.47644
0.000 34.036 22.302 0.60412
0.058 31.016 22.301 0.52756
5.175 36.142 21.778 0.85281
12.330 32.980 21.034 0.76571
4.529 29.165 19.027 1.32793
2.911 30.272 17.908 1.51281
0.442 31.059 17.950 1.25339
0.000 32.972 19.428 0.70611
0.000 33.846 19.465 0.87504
0.000 33.529 18.620 1.10186
0.001 35.195 19.989 0.82576
0.002 36.136 22.030 0.51158
0.159 36.222 22.631 0.77271
0.748 36.268 22.912 0.45805
1.809 28.215 22.187 0.55083
0.428 34.584 22.430 0.44308
1.300 32.984 22.155 0.43198
0.042 33.846 22.703 0.56499
0.159 35.296 23.073 0.72376
0.525 32.290 22.762 0.73755
21.926 30.908 22.165 0.90745
24.327 30.131 21.080 0.59249
3.406 29.865 21.888 0.69202
5.675 27.918 21.788 0.72459
13.015 29.772 21.598 0.84169
6.809 28.840 21.564 0.63263
35.568 28.410 22.008 0.92412
13.391 29.492 22.387 1.20201
11.455 25.583 21.905 1.05172
9.211 26.775 21.247 0.63660
11.369 26.965 20.802 0.73685
31.473 30.153 21.233 0.48050
10.451 27.876 20.707 1.06297
10.378 28.877 20.552 0.91677
27.773 27.648 20.950 0.90144
3.036 27.193 21.122 0.77359
0.411 29.255 22.012 0.81497
0.096 28.860 22.361 0.74411
0.823 28.684 22.007 0.70053
3.221 28.775 21.657 0.76587
3.683 29.195 21.888 0.90130
27.548 27.872 21.603 0.87789
0.569 29.855 21.651 0.71770
0.009 30.063 21.690 0.57114
0.031 32.377 21.487 0.34294
0.001 31.519 22.120 0.42238
0.001 30.270 21.740 0.38530
0.000 32.019 21.510 0.59649
0.000 32.397 21.281 0.44352
1.153 32.410 21.665 0.38015
4.627 32.578 21.827 0.33766
9.604 33.128 21.032 0.41522
14.632 28.025 20.644 0.82104
13.281 28.572 20.913 0.76746
24.442 26.984 20.698 1.02587
36.854 28.102 21.349 0.56040
10.917 31.959 22.479 0.46644
3.655 29.375 22.524 0.45845
6.165 28.454 22.103 0.69912
3.004 27.489 21.978 0.69103
0.658 27.442 22.125 0.70676
1.986 26.779 21.628 0.75435
10.734 26.114 21.279 0.68472
3.362 27.231 21.771 0.73350
1.232 26.537 21.857 1.10976
4.162 27.500 21.587 0.96793
2.761 27.686 21.964 0.91593
8.968 26.124 21.434 0.92517
0.588 27.466 21.582 0.94821
2.289 27.492 21.180 0.73839
0.026 29.428 20.884 0.42815
0.076 29.302 22.302 0.57934
0.011 28.416 21.712 0.68569
0.048 29.311 21.701 0.52515
0.156 29.816 22.094 0.58002
0.064 28.118 21.525 0.56284
0.032 29.962 22.074 0.59498
0.053 29.611 21.804 0.47606
0.000 30.462 21.391 0.41501
0.798 31.468 21.501 0.39547
2.388 31.485 20.704 0.43147
0.680 28.641 21.238 0.36360
2.855 29.840 21.815 0.50461
0.105 29.789 21.422 0.53308
0.194 30.813 21.740 1.04604
1.241 29.598 21.563 0.80421
4.072 30.840 22.237 0.53995
4.055 26.062 20.089 0.56827
1.170 31.314 21.766 0.41469
4.668 30.544 22.193 0.53022
5.452 27.510 21.454 1.12533
8.604 27.353 21.504 1.24109
1.306 28.360 21.931 1.27856
2.138 27.471 20.974 1.39823
2.082 27.766 21.247 1.63211
4.043 23.794 20.436 1.81150
2.486 26.608 21.217 2.10184
2.181 27.546 22.164 2.18918
0.184 28.719 21.125 1.76696
1.688 27.135 21.383 1.58973
3.641 27.187 20.951 1.71744
5.613 28.029 21.185 1.74252
5.575 28.422 21.514 1.84758
5.455 28.119 22.170 2.03740
2.676 27.189 21.286 1.80039
0.576 27.093 21.996 1.48201
0.001 28.406 22.842 1.48587
0.960 28.263 22.471 1.53297
6.249 26.800 20.331 1.42500
25.020 25.930 20.545 1.62723
2.782 26.299 20.360 1.19061
2.184 28.995 21.718 1.28487
3.201 28.749 21.400 1.22558
5.451 28.576 21.751 1.00207
4.296 28.781 21.236 1.05872
0.822 28.656 21.457 1.01006
6.937 26.990 21.234 1.01027
4.402 28.052 21.321 1.19102
0.980 27.656 20.843 1.27355
1.541 28.383 21.444 0.98200
0.904 29.692 22.217 0.56521
1.942 26.802 20.220 0.45102
0.002 30.982 21.527 0.58564
0.152 30.348 21.338 0.57924
0.433 28.340 20.572 0.44913
1.910 29.926 20.079 0.53804
2.068 31.129 22.080 0.59983
2.028 28.337 21.032 1.15767
22.263 28.936 21.399 0.90798
4.915 25.911 20.388 0.67119
1.123 30.170 21.364 0.41665
1.872 30.863 21.808 0.56361
0.643 29.896 22.096 0.33242
1.892 28.872 21.254 0.57798
0.075 31.207 21.590 0.78749
0.221 28.658 20.362 0.60460
8.056 31.156 20.560 0.50058
51.712 30.439 20.981 0.67308
10.786 31.253 21.064 0.51035
4.086 28.419 20.016 0.48008
15.160 29.120 20.400 0.41959
15.018 28.435 19.805 0.74846
11.212 28.876 21.128 0.55517
3.402 28.042 20.443 0.67015
10.659 30.655 21.206 0.52055
1.976 30.797 21.330 0.65381
2.716 30.550 21.232 0.72944
5.265 27.512 22.027 0.69168
1.896 26.889 22.016 1.97104
2.297 26.475 21.643 1.98859
2.277 29.326 22.536 1.87015
2.960 27.447 22.296 1.02643
6.818 28.080 22.186 1.30716
7.142 26.993 21.952 1.38747
1.884 25.667 21.555 1.67498
0.767 27.571 21.820 1.45035
0.672 26.757 21.165 1.25163
0.375 27.263 21.102 0.88733
6.470 28.932 21.720 0.90756
38.767 27.958 21.591 0.83142
27.613 25.258 20.885 0.73825
20.449 25.461 21.314 0.64127
18.608 27.639 21.228 0.56006
21.435 26.982 20.772 0.58665
28.130 29.987 21.356 0.34566
5.592 28.721 21.077 0.52208
8.446 29.071 20.780 0.65404
0.618 29.573 20.702 0.48737
0.354 25.240 21.170 0.35397
0.002 27.028 20.668 0.54045
0.044 30.951 20.878 0.47635
0.588 28.598 20.727 0.54051
0.025 29.931 21.684 0.42511
0.016 28.266 20.398 0.41189
1.557 29.303 19.472 0.60497
7.621 29.060 18.756 0.90064
0.978 28.323 19.860 1.02846
21.006 27.653 20.122 0.96099
9.919 27.401 20.587 0.87214
18.486 30.602 20.087 0.90526
0.189 30.544 19.366 0.69943
0.134 29.976 21.004 0.59807
3.989 30.152 21.574 0.51277
4.244 28.332 21.183 0.54912
16.554 27.141 19.808 0.76919
5.839 25.673 19.142 0.89433
6.852 28.977 17.775 0.86816
21.562 30.571 19.088 0.64631
3.641 25.830 20.287 0.76772
3.984 25.968 21.713 0.85902
10.189 27.625 21.118 1.13624
26.029 25.730 19.963 1.45707
13.277 26.141 19.787 1.63671
12.495 27.610 19.936 1.19877
12.964 27.675 21.400 1.13064
28.882 25.824 20.152 1.12432
12.369 27.173 21.075 0.42221
9.381 29.077 20.602 0.52222
21.781 29.631 20.659 0.43097
27.947 26.977 20.585 0.83275
15.381 26.174 20.105 1.14511
8.421 27.868 20.697 0.62296
18.856 29.421 20.100 0.55824
5.159 28.594 19.807 0.76913
16.524 27.168 19.849 0.97578
6.844 27.424 19.132 0.73201
0.057 28.354 18.775 0.66184
4.833 28.842 20.118 0.63000
10.143 31.721 19.281 0.47736
18.044 32.107 19.153 0.54470
0.864 27.231 17.731 0.91978
12.727 27.639 18.612 1.13218
27.145 25.991 19.375 1.76133
30.010 25.338 19.945 1.05013
87.434 25.154 19.817 1.07609
23.636 25.215 19.562 1.69491
16.905 25.614 20.041 1.58473
2.101 24.835 20.170 1.64011
9.442 25.663 19.413 1.54559
9.819 25.079 18.849 1.29017
6.396 26.441 18.670 1.28528
1.432 26.947 19.109 1.32666
0.882 27.235 18.880 1.09287
3.177 27.038 19.923 0.99416
11.577 24.460 19.158 1.31821
3.831 26.413 19.428 1.07844
1.564 26.348 19.577 1.09057
37.014 26.475 20.158 1.59442
20.085 26.064 20.190 1.33790
12.288 24.103 20.057 1.15210
4.286 25.642 19.270 1.15062
4.993 25.458 19.266 1.00192
7.975 25.903 19.938 1.50191
20.317 24.246 18.711 2.11790
2.305 24.501 17.845 1.85898
3.413 25.507 18.300 1.53647
3.301 26.291 18.819 1.63307
0.456 26.125 18.047 1.84172
0.401 24.474 17.569 1.67552
0.292 25.888 17.578 1.47393
0.729 25.736 17.173 1.61986
0.000 25.529 15.903 1.25069
0.001 25.622 16.154 1.03402
0.004 26.262 17.539 1.16564
0.074 26.087 18.634 1.43485
3.579 26.273 19.024 1.82448
17.123 24.309 18.955 1.88178
31.501 23.188 18.549 1.93161
17.223 22.669 18.575 1.75333
7.162 23.577 18.460 1.68588
5.582 24.606 16.515 1.69216
1.035 24.754 15.734 1.20892
0.000 24.593 13.704 0.92501
0.000 23.324 12.211 0.82905
0.000 22.309 12.574 0.82611
0.151 23.806 14.262 0.91959
0.566 25.202 14.774 0.90283
0.000 24.487 13.915 0.96578
0.000 24.544 13.041 0.81480
0.000 23.637 12.706 1.02786
0.000 23.831 11.969 0.88244
0.000 24.522 13.845 0.61397
0.004 24.203 12.466 0.82054
0.009 24.119 13.646 1.06011
0.563 25.095 15.473 1.18648
1.110 24.875 16.148 1.44634
0.539 24.142 15.113 1.68160
0.450 24.001 14.359 1.78806
0.367 22.239 12.312 1.65008
0.023 21.639 12.461 1.46477
0.002 23.081 11.543 1.04936
0.000 24.095 12.856 0.85284
0.000 25.015 13.311 0.83085
0.000 25.902 14.604 0.66291
0.000 26.660 15.250 0.62898
0.000 26.744 14.763 0.72349
0.000 26.203 13.245 0.81742
0.000 25.947 14.353 0.81923
0.000 26.205 13.368 0.88540
0.000 26.962 14.325 0.70523
0.000 26.832 13.924 0.64478
0.001 27.247 15.519 0.70744
0.249 27.944 14.962 0.66384
0.235 25.024 15.503 1.30227
0.377 25.319 14.575 1.28867
3.075 24.471 14.893 1.40186
2.771 24.443 14.143 1.29383
0.000 25.085 13.168 0.93189
0.000 27.330 14.895 0.67806
0.000 28.518 17.365 0.46714
0.000 28.967 19.137 0.53087
0.000 30.240 20.468 0.46259
0.002 25.096 20.143 0.39637
0.333 28.798 19.932 0.40476
0.853 28.539 18.504 0.71588
0.949 30.196 17.318 0.40592
0.090 30.141 17.984 0.51147
0.011 30.703 19.167 0.41669
0.000 28.733 19.187 0.54008
0.351 29.326 20.455 0.85922
2.136 27.977 19.540 1.07225
1.870 28.601 18.595 1.24190
3.051 28.405 19.329 1.23063
2.020 29.246 18.752 0.99709
1.119 28.975 18.342 1.05949
0.000 28.576 16.406 1.34233
0.000 27.897 17.106 1.32035
0.006 27.177 16.413 1.86418
0.010 25.982 16.241 1.86334
0.000 24.160 15.724 1.56576
0.000 24.637 16.180 1.41153
0.001 25.743 15.812 1.58509
0.048 27.335 16.583 1.30368
1.136 27.634 16.617 1.08686
0.264 27.698 16.500 1.05493
0.000 27.808 16.267 1.22968
0.000 27.684 15.826 1.11228
0.000 27.677 15.135 0.95291
0.000 27.837 15.102 0.94567
0.022 27.832 15.215 1.14986
0.140 27.291 14.829 1.56606
0.016 26.526 14.720 1.29624
0.000 28.218 16.538 1.08731
0.000 28.556 16.895 0.91434
0.000 29.212 14.806 1.07088
0.000 28.060 15.431 1.17963
0.000 28.614 14.789 0.96600
0.000 29.599 16.262 0.74525
0.000 31.481 17.846 0.56680
0.000 30.838 18.359 0.55846
0.000 32.057 19.746 0.53471
0.000 31.696 19.689 0.54053
0.000 32.074 19.083 0.56228
0.000 31.464 19.432 0.59542
0.000 31.049 18.211 0.60827
0.000 31.964 19.319 0.61776
0.000 29.033 20.134 0.53523
0.000 31.340 19.104 0.70977
0.000 32.422 19.099 0.76266
0.000 32.920 18.786 0.77941
0.001 33.535 20.062 0.57315
0.001 32.020 16.633 0.94485
0.000 31.816 18.272 1.21224
0.000 31.683 18.177 1.32613
0.013 31.805 18.849 0.90946
0.035 31.598 19.078 0.65816
0.000 28.948 19.240 0.70336
0.008 29.420 20.167 1.25043
0.012 31.013 18.779 1.23401
0.000 32.188 18.266 0.69461
0.000 33.119 19.875 0.51366
0.000 32.530 20.596 0.52317
0.000 35.068 20.280 0.58632
0.000 35.087 20.469 0.65401
0.006 34.393 20.484 0.74165
1.625 33.361 21.748 0.52676
3.317 27.795 20.369 0.37453
0.238 28.729 19.288 0.62055
0.172 31.031 21.290 0.54523
1.211 29.125 19.217 0.36986
8.108 31.219 21.190 0.55538
5.303 25.854 19.935 0.59202
7.401 30.264 19.922 0.88015
12.898 30.197 19.617 0.79848
0.215 31.702 19.484 0.63733
0.003 32.007 19.813 0.84344
0.000 32.757 20.298 0.66672
0.000 33.519 22.083 0.36387
0.000 33.280 22.226 0.31983
0.000 31.760 19.861 0.58169
0.598 34.518 20.350 0.63030
0.528 34.313 19.603 0.61378
1.201 30.046 20.627 1.18548
1.337 32.518 19.561 0.96016
2.670 31.811 20.552 0.83424
7.743 30.838 20.666 0.89791
0.000 32.216 20.693 0.71902
0.006 33.231 21.468 0.40645
0.000 34.587 21.145 0.53258
0.056 34.831 21.769 0.58954
1.108 33.047 22.758 0.59250
0.106 32.965 21.563 0.88214
0.178 33.010 21.081 0.74114
0.154 33.123 21.237 0.92739
0.000 33.730 21.516 0.92450
0.002 34.929 21.441 0.84642
1.337 33.586 20.473 0.57691
12.037 35.327 22.212 0.40057
0.005 33.475 21.886 0.55396
0.000 34.855 23.264 0.54799
0.347 28.876 22.027 0.66210
0.954 34.527 22.302 0.47166
0.061 34.645 22.175 0.41449
0.502 35.491 21.231 0.55367
16.538 33.293 22.336 0.87741
2.579 29.320 22.633 0.62550
0.939 26.804 21.291 0.72402
0.107 28.873 22.089 0.88278
0.298 28.554 21.532 1.20991
1.671 29.495 21.972 1.31699
0.920 29.399 22.038 1.23773
9.344 27.650 21.180 1.10179
10.834 28.470 21.474 1.15468
12.121 28.164 21.235 1.26537
13.218 27.610 21.773 1.05214
1.944 28.570 22.600 1.13011
4.653 29.067 22.719 1.24671
8.559 26.243 22.246 1.48535
6.051 28.174 21.735 1.52081
0.388 29.601 22.553 1.55846
0.397 29.939 22.333 1.57681
2.464 28.491 22.397 1.45263
1.815 29.053 22.496 1.61760
0.198 30.105 22.368 1.40062
0.780 29.480 22.373 1.29229
5.210 29.333 21.740 1.30617
6.736 28.945 20.901 0.84886
0.001 31.381 21.895 0.88241
0.037 29.302 21.348 0.83473
0.310 30.959 21.497 0.75612
0.150 31.316 22.058 0.49387
0.110 31.096 21.975 0.44072
0.000 30.094 21.931 0.55401
0.000 28.518 21.535 0.55906
0.034 33.620 21.962 0.91692
4.459 31.696 20.689 0.68973
11.612 31.262 21.994 0.67921
0.548 29.484 21.304 0.65201
1.954 30.402 21.897 0.69625
0.519 29.166 22.317 0.84298
1.608 29.598 20.862 1.23121
0.838 29.779 22.210 1.16126
1.311 29.356 22.061 0.93689
4.990 27.862 21.857 1.27142
2.720 28.885 21.544 1.46227
4.381 27.833 21.351 1.55324
10.833 28.108 21.494 1.45502
9.360 27.906 21.934 1.26572
6.652 28.121 21.926 1.33526
0.119 29.483 21.417 1.12633
0.000 30.151 22.523 0.90149
0.298 28.861 21.524 0.72014
1.547 29.190 21.722 0.67245
2.566 29.557 21.892 0.72416
3.748 28.694 21.660 1.13297
2.061 29.154 22.025 1.01036
0.680 28.722 22.248 1.08160
0.271 28.788 21.509 1.27846
2.100 28.158 21.487 1.24842
5.268 26.412 21.511 1.12714
1.049 26.456 21.080 1.10030
0.613 29.339 22.038 0.94025
5.543 28.732 21.918 1.41474
14.445 27.043 21.212 1.56046
6.176 26.175 21.400 1.45682
0.875 27.338 21.109 1.60451
0.410 28.503 20.896 1.39584
0.085 29.728 22.110 0.99597
10.421 28.425 22.054 0.77123
17.707 27.826 22.103 0.81646
6.429 25.323 21.423 1.01399
6.274 26.421 21.157 0.74210
18.441 26.390 21.362 1.03709
2.086 27.846 21.491 1.15117
0.379 27.832 21.487 1.23559
1.372 27.750 21.791 1.32609
2.812 29.050 22.030 1.16403
4.063 26.071 21.856 0.99927
4.245 24.383 21.266 1.28404
3.987 26.407 21.278 1.44743
10.655 26.189 21.502 1.57302
5.420 25.172 21.600 1.85241
1.698 26.160 21.909 1.90530
0.883 29.355 21.944 1.85295
4.367 28.595 21.503 1.56027
5.232 28.725 22.010 1.70384
1.220 29.199 21.672 1.55606
0.146 26.761 21.181 1.95962
0.290 28.565 21.480 1.57463
0.005 29.489 21.287 1.32199
0.000 29.937 21.530 1.22719
0.000 29.876 22.166 1.18550
0.488 29.971 22.162 1.07977
1.848 28.537 22.416 0.82026
1.626 27.996 20.892 0.97633
0.595 27.457 21.098 0.91335
3.188 28.369 22.084 1.33237
4.776 26.152 21.987 1.31520
2.263 27.497 21.208 1.73270
2.744 26.778 21.971 1.54526
2.684 28.015 21.899 1.54487
2.472 29.756 20.990 1.44534
1.668 26.521 21.343 1.38121
1.101 28.414 21.518 1.42923
1.958 28.932 21.726 1.82807
0.876 29.363 22.155 1.83797
0.836 27.853 21.579 1.31358
0.293 28.692 22.076 1.01337
3.733 28.021 21.522 1.07216
3.134 26.965 21.127 1.12631
2.252 29.629 21.948 1.12402
0.041 28.517 21.921 0.95754
0.078 28.927 22.219 1.04134
0.023 28.670 21.612 0.97598
0.279 30.727 22.067 0.68241
0.050 29.119 21.962 0.74705
0.000 28.159 20.442 0.67272
0.000 32.570 21.523 0.57373
0.078 31.254 21.727 0.69228
0.120 29.832 21.532 0.46120
0.003 32.732 21.656 0.51105
0.000 33.147 20.967 0.38533
0.125 35.165 21.350 0.44726
0.584 34.939 23.109 0.61463
0.429 30.007 21.896 0.69790
2.338 32.961 21.504 0.53951
4.748 32.305 20.828 0.75758
5.673 30.411 20.993 0.81940
5.260 29.610 21.275 0.62438
4.324 30.231 21.801 0.55419
6.513 27.886 21.202 0.71121
23.964 27.623 21.515 0.75293
8.641 30.188 21.119 0.64764
0.829 27.011 20.748 0.67934
0.516 30.195 22.263 1.12519
0.996 29.814 22.294 1.45238
2.845 28.228 21.178 1.52322
7.208 27.443 19.863 1.49677
3.720 28.269 20.044 0.91747
1.362 27.564 20.388 0.83987
9.891 29.456 21.262 0.53759
9.516 30.247 21.238 0.37858
2.952 29.313 22.201 0.68307
6.310 26.645 21.234 0.92751
9.191 28.409 20.652 0.79435
4.378 28.038 20.307 0.90303
4.503 29.096 19.681 0.61520
1.310 31.618 18.804 0.54538
0.041 30.594 20.050 0.94998
0.898 31.434 21.011 0.98041
25.524 26.329 20.318 0.74932
6.113 29.691 20.831 0.37209
0.000 29.659 20.458 0.33907
0.210 31.605 20.254 0.38557
0.440 30.164 19.756 0.66746
1.506 31.712 21.349 0.48144
1.175 28.257 21.127 0.39862
0.143 29.657 19.421 0.60445
1.289 29.620 19.055 0.89785
1.251 31.200 19.520 0.69133
0.482 31.316 20.281 0.67811
1.303 30.863 20.356 0.54360
0.166 32.340 20.830 0.49531
0.000 32.472 20.901 0.67523
0.912 33.093 21.733 0.53681
0.106 31.957 18.790 0.41356
0.483 31.473 19.777 0.80650
0.885 30.263 20.385 0.97136
0.252 31.163 20.914 0.72670
1.618 29.769 20.539 0.79616
5.798 29.248 20.731 1.33740
9.038 27.780 20.138 1.66591
2.745 29.280 19.586 1.82637
6.724 29.349 20.389 2.12761
5.477 26.427 20.843 1.42630
8.069 28.709 21.060 0.94750
13.910 28.422 18.874 1.75758
0.489 28.247 18.544 1.57874
0.811 29.281 18.478 1.41096
2.894 28.089 18.149 1.45766
0.370 28.311 18.245 1.14871
0.207 29.996 19.105 1.10898
0.333 30.385 19.189 1.02820
0.059 30.651 18.628 0.98817
0.016 31.706 19.264 0.82069
0.017 31.949 18.902 0.74405
0.000 32.318 17.576 0.82008
0.000 33.608 18.055 0.49006
0.005 34.019 18.547 0.57135
0.153 31.961 19.397 1.44978
0.531 31.339 19.466 1.60170
0.555 30.881 18.150 1.39954
0.039 31.836 18.884 1.20626
0.023 32.941 19.927 0.78709
0.018 32.480 19.568 0.80853
0.000 32.869 19.001 0.74501
0.002 34.326 20.720 0.46102
0.001 33.978 22.315 0.48824
0.000 33.660 20.072 0.36283
0.000 34.326 19.577 0.59708
0.000 34.032 17.439 0.72732
1.266 33.988 19.017 0.90579
1.918 31.076 18.193 1.32335
0.147 31.739 18.173 1.64170
0.758 29.081 18.764 1.85926
0.569 30.442 19.440 1.73183
1.174 30.498 20.106 1.58578
0.835 31.964 20.253 1.30344
1.066 32.077 20.185 1.17289
0.130 33.136 19.679 1.35272
1.295 31.008 18.702 1.86142
2.663 28.506 18.568 2.12066
0.826 29.128 17.792 2.02265
0.204 29.373 17.575 1.63976
0.101 30.540 18.472 1.69688
0.414 29.882 18.793 1.66721
0.440 31.319 19.779 1.74029
0.027 32.210 19.500 1.50641
0.000 31.868 19.007 1.28712
0.000 32.233 17.860 1.26407
0.000 32.882 16.735 1.15509
0.000 32.663 14.943 0.90511
0.000 32.469 16.103 0.86695
0.000 32.912 15.737 0.80955
0.000 32.646 17.409 1.03289
0.000 31.878 17.431 1.33855
0.031 31.106 17.337 1.05024
0.116 30.921 17.204 1.18158
0.015 30.642 16.561 1.37733
0.179 30.669 18.370 1.57170
0.068 30.743 17.238 1.43127
0.000 31.684 14.723 1.14644
0.000 31.505 15.285 1.03247
0.000 32.333 15.724 0.87611
0.000 31.886 14.474 0.95048
0.000 31.206 15.493 1.12442
0.000 32.529 17.016 0.92274
0.000 33.080 17.807 1.51493
0.000 31.078 16.805 1.81787
0.000 31.586 17.534 1.46849
0.000 33.373 18.788 0.84777
0.583 33.514 18.984 0.68558
0.000 35.104 16.401 0.79110
0.000 34.255 16.741 0.77316
0.084 35.161 18.992 0.55459
0.000 32.707 19.407 0.75956
0.000 33.542 19.460 0.79032
0.000 33.385 19.275 0.66186
0.000 33.852 18.912 0.75458
3.596 34.625 18.719 0.88754
0.000 35.878 18.558 0.75383
0.000 34.875 19.655 0.58867
0.000 33.116 19.404 1.25319
0.000 32.547 16.888 1.39273
0.000 32.974 17.346 1.48631
0.000 33.583 17.152 0.81518
0.000 34.200 18.451 1.16088
0.000 32.246 18.861 1.87283
0.000 31.770 18.559 1.82986
0.000 31.477 18.020 1.77641
0.000 33.050 19.189 1.63121
0.000 32.518 18.836 2.19035
0.000 29.581 17.721 2.15675
0.000 31.825 18.225 1.62830
0.000 33.590 19.295 1.40860
0.000 33.006 17.285 1.43124
0.000 33.554 16.141 1.25933
0.000 34.661 17.307 0.96955
0.000 34.195 17.574 1.56431
0.000 33.323 18.392 1.57405
0.000 32.957 18.033 1.53772
0.000 31.724 17.301 1.56234
0.000 32.203 17.344 1.48638
0.000 33.251 16.764 1.07004
0.000 34.467 17.181 1.06239
0.000 35.680 18.280 0.57925
0.069 35.790 18.247 0.51438
0.000 35.598 18.765 0.52031
0.046 35.382 19.057 0.73537
0.000 36.893 20.396 0.58324
0.116 36.583 21.051 0.64768
0.650 36.368 22.881 0.52418
0.097 36.568 22.543 0.46374
0.124 36.047 22.187 0.59722
2.374 37.214 23.895 0.68390
10.171 36.491 22.787 0.68344
0.553 35.314 20.057 0.69372
1.066 37.741 20.924 0.60763
0.000 37.456 22.216 0.65812
0.000 36.113 20.656 0.50599
0.000 34.426 21.706 0.58422
0.006 36.526 19.436 0.70069
0.000 35.587 20.363 1.51414
0.000 34.720 20.050 1.55186
0.000 35.637 19.073 1.38150
0.000 35.807 19.609 0.90267
0.000 37.343 21.093 0.62823
0.000 36.216 19.731 0.56249
0.000 37.370 20.672 0.53412
0.000 36.398 21.143 0.63814
0.000 37.324 21.312 0.75140
0.000 37.123 21.716 1.16726
0.000 37.856 21.613 1.06151
0.000 37.797 21.940 0.77632
0.000 38.217 22.006 0.51391
0.043 36.305 21.881 0.68039
0.000 37.730 22.959 0.64991
0.026 37.438 22.052 0.57425
0.000 38.191 19.807 0.72595
0.000 38.649 19.351 0.68657
0.000 37.602 20.258 0.73234
0.000 38.275 21.218 0.74202
0.859 39.640 18.360 0.69245
0.000 37.976 18.216 0.74004
0.000 37.109 19.964 1.26881
0.000 37.237 21.306 1.58802
0.000 36.133 18.260 1.66881
0.000 37.237 17.919 1.09001
0.000 36.753 20.182 1.45640
0.000 36.572 19.956 1.47999
0.000 36.482 20.269 1.80331
0.000 35.435 21.536 1.94376
0.000 36.774 21.494 1.71268
0.000 37.069 18.269 1.37311
0.000 38.878 19.528 0.54639
0.000 37.347 18.936 1.44995
0.000 37.048 20.009 1.53683
0.000 37.222 19.276 1.56078
0.000 37.530 19.282 1.53883
0.000 37.596 18.392 1.26972
0.000 37.704 18.672 0.94605
0.000 37.975 21.940 0.60410
0.000 37.679 23.733 0.63733
0.000 38.204 23.109 0.57890
0.000 37.727 23.989 0.65205
0.000 38.848 25.103 1.05111
0.000 40.652 25.622 0.97388
2.050 37.813 25.227 0.70138
0.569 36.261 23.268 0.69101
14.492 37.731 23.743 0.74594
17.830 38.744 22.975 0.82586
3.162 34.816 23.566 0.85113
3.220 34.705 23.762 0.70004
0.228 33.827 23.973 0.64661
0.009 38.316 23.544 0.68290
0.000 38.386 25.405 0.60469
0.098 37.500 25.286 0.77087
0.651 38.708 26.209 0.83305
2.718 32.815 25.044 0.59101
0.554 37.261 24.286 0.77379
0.000 39.831 25.400 0.95616
0.000 38.812 25.287 0.80163
0.445 38.521 24.854 1.04594
0.596 38.232 25.397 1.11947
0.313 35.023 24.105 0.87005
0.116 32.189 23.781 0.40932
19.140 38.259 23.320 0.84224
16.154 34.193 23.525 0.40449
0.011 32.355 21.574 0.87067
0.000 38.652 22.283 1.31151
0.000 37.911 22.640 1.65299
0.000 37.886 23.156 1.53833
0.000 38.895 23.970 0.80642
0.000 34.539 22.711 0.78638
0.000 40.095 23.889 0.69455
0.000 40.166 22.972 0.48389
0.000 39.613 24.398 0.54116
0.569 40.039 25.205 0.86267
2.519 37.072 24.082 1.13882
2.990 27.678 22.920 0.94046
16.263 29.374 23.270 0.83536
0.200 30.205 23.059 0.66504
13.072 31.829 23.209 0.71208
13.936 32.376 23.454 0.80692
29.554 28.800 23.325 0.66506
3.535 30.558 23.763 0.76579
10.882 29.549 22.883 1.07908
10.752 31.292 23.765 1.08006
22.394 29.267 23.527 0.96597
19.713 29.346 23.262 1.05746
3.962 29.980 23.463 1.00689
10.062 30.683 22.690 1.17153
4.923 29.492 22.257 1.33072
3.395 28.974 22.599 1.48476
8.016 28.440 22.348 1.31159
0.000 30.296 23.281 1.15409
0.001 30.452 23.507 1.24691
0.000 31.089 23.626 1.08409
0.000 30.497 23.240 0.75671
6.475 29.978 23.365 0.75930
23.061 29.453 22.150 0.70493
1.346 30.656 22.691 0.79997
0.000 30.164 22.977 1.02595
1.931 29.515 22.738 1.12494
0.000 30.447 22.980 0.89138
10.510 29.399 22.673 0.62380
17.686 31.569 22.248 0.36263
4.344 31.567 22.704 0.44997
17.291 31.165 22.516 0.70950
0.650 29.210 22.825 0.65555
0.742 29.412 23.723 0.95505
0.000 28.864 22.694 0.99091
0.030 28.942 22.885 0.81308
1.315 28.773 22.723 0.76417
13.927 30.070 22.632 0.71104
27.999 29.771 22.726 0.80621
10.979 30.449 22.648 0.94597
0.134 27.494 21.759 0.95741
11.149 30.235 22.644 1.05728
3.480 29.911 22.859 0.86078
4.091 28.167 22.407 0.75887
7.054 27.870 21.974 1.08023
2.030 27.060 22.233 0.93699
5.955 28.165 21.881 1.09322
2.099 28.315 21.628 1.09050
3.004 28.662 21.899 0.89881
14.319 28.344 21.812 0.62508
6.000 28.672 22.034 0.52218
8.205 30.717 21.828 0.40944
2.733 28.412 21.437 0.66143
0.299 27.677 21.957 0.75448
14.950 28.367 21.797 1.03838
12.346 28.020 21.808 1.18171
1.560 28.666 22.575 0.85236
0.675 28.516 22.268 0.67727
11.696 28.867 21.865 0.80651
11.829 26.662 21.988 0.69781
0.874 27.933 21.801 0.65156
28.165 29.152 21.612 0.59308
3.636 29.335 21.825 0.56225
41.595 30.368 22.082 0.60551
16.901 31.673 22.182 0.54306
0.209 30.283 22.814 0.47302
0.778 29.504 22.959 0.63232
2.382 28.156 22.358 0.63307
9.445 28.465 22.328 0.75588
0.003 27.636 22.034 0.85393
0.000 29.048 22.229 0.80738
0.000 28.835 22.239 0.98755
0.001 28.779 22.610 0.85106
3.009 29.093 22.436 0.70987
16.864 30.233 21.844 0.41609
5.356 29.606 21.532 0.51443
22.207 30.734 21.553 0.33582
0.669 27.778 21.358 0.70083
22.820 28.999 21.618 0.82563
19.186 28.525 21.768 0.69898
0.450 26.832 21.936 0.66298
0.023 28.319 22.549 0.67792
1.224 27.114 21.607 1.06263
2.259 28.459 22.135 0.93728
14.613 28.377 21.512 1.06652
22.845 27.561 21.656 1.06548
0.270 28.871 21.836 0.82782
8.879 27.681 21.732 0.77476
9.141 28.488 21.406 0.83069
4.621 27.248 21.015 0.73126
3.024 29.939 22.033 0.65826
9.882 33.813 21.820 0.32591
29.106 30.392 22.218 0.33032
8.045 31.636 22.203 0.46822
9.990 30.597 21.228 0.62787
7.963 28.691 20.212 0.59404
37.850 32.576 21.789 0.53117
28.770 27.478 22.668 0.73819
27.111 27.005 21.514 0.65074
5.643 28.661 21.965 0.60223
0.576 28.340 21.277 0.58732
1.550 29.908 22.613 0.42328
53.879 28.368 22.460 0.52139
8.132 31.573 21.713 0.47348
9.560 28.586 21.915 0.54511
0.189 29.850 22.314 0.62209
0.856 29.066 22.734 0.71320
0.325 28.991 22.228 0.67253
22.854 29.124 22.256 0.87343
11.932 27.825 21.977 0.70405
14.906 26.824 21.124 0.72382
6.690 27.923 21.278 0.68876
13.390 29.169 21.778 0.53120
7.262 28.438 21.782 1.05241
1.846 27.752 21.709 0.87092
3.188 29.137 21.659 0.72027
24.829 29.012 21.894 0.66465
3.873 30.614 22.390 0.57163
17.958 28.624 22.302 0.73525
18.332 27.861 22.187 1.10995
2.397 26.974 21.000 1.50437
6.105 27.807 21.163 1.46554
3.844 27.681 21.527 1.38011
1.491 26.437 21.634 1.45854
4.622 28.148 21.610 1.04399
23.339 28.637 21.857 0.82742
2.926 28.870 21.989 0.99724
36.209 27.820 22.204 1.10495
0.569 27.803 22.475 1.08155
9.044 27.916 21.633 1.21545
0.793 26.156 20.984 1.02614
15.153 28.047 21.382 0.78613
3.370 28.212 21.561 0.48140
1.462 26.667 20.543 0.69845
1.121 29.761 20.902 0.65157
29.531 29.793 20.827 0.68744
4.206 28.487 21.468 0.68201
58.708 26.060 21.650 0.51929
39.829 30.502 22.558 0.69465
25.856 26.332 20.833 0.69089
12.595 24.548 20.657 0.77726
2.485 26.764 20.443 0.58628
3.756 28.958 21.145 0.53177
0.000 28.950 21.317 0.53769
22.563 29.994 22.385 0.65914
65.534 28.632 21.375 0.50157
3.349 27.323 20.969 0.70536
1.294 27.477 21.380 0.57585
10.384 29.738 20.992 0.27098
5.394 31.094 21.651 0.33125
15.151 30.011 20.822 0.65020
0.121 28.956 20.979 0.76158
0.001 26.962 20.916 0.76855
0.121 28.732 19.711 0.74130
0.827 31.371 21.257 0.48162
0.000 31.021 22.581 0.70379
5.564 28.130 21.553 0.70325
0.194 30.900 18.920 0.48136
0.098 29.641 20.535 0.80634
31.078 26.371 21.501 1.53940
75.335 25.198 22.038 1.60373
4.893 26.190 19.818 1.48145
0.000 29.199 18.123 1.06622
0.000 28.509 19.616 0.71317
0.000 29.160 20.369 0.63104
0.000 30.334 19.849 0.53436
0.025 28.709 19.861 0.92088
0.000 29.197 20.037 0.84212
0.168 28.918 20.701 0.80790
0.000 27.772 20.474 0.96152
0.000 28.220 20.228 1.08599
0.057 26.248 20.425 0.91214
0.131 27.359 20.137 1.15368
0.092 28.071 20.234 1.42932
0.038 27.260 20.769 1.41695
0.222 27.503 21.279 1.39454
0.004 26.748 21.668 1.27896
0.000 25.687 20.143 1.30596
0.000 26.432 20.729 1.11831
0.020 27.290 18.878 1.35472
0.000 26.268 16.544 1.24116
0.796 26.349 17.665 1.46466
42.797 23.277 19.195 1.25438
138.861 23.678 19.903 1.83061
18.000 26.377 21.247 2.30755
2.451 26.673 20.027 0.96021
0.122 28.259 19.524 0.71621
0.558 27.843 19.855 0.90742
3.594 25.256 19.879 0.80628
103.761 23.625 20.628 1.05453
3.827 25.581 19.910 0.85855
0.000 27.521 20.427 0.72737
0.779 25.987 20.229 1.27214
2.529 26.144 19.760 1.52811
3.089 24.678 18.299 1.08255
36.363 22.764 18.495 0.75787
0.115 24.922 19.334 0.98689
0.024 28.994 20.510 0.59285
11.747 27.756 20.382 0.41305
0.000 27.617 19.740 0.59747
0.000 28.556 21.028 0.41154
0.000 29.046 20.060 0.44923
0.000 27.569 18.896 0.75489
0.004 27.421 20.151 1.25802
0.000 27.085 20.679 1.38341
0.000 27.451 20.555 1.67736
0.000 26.844 19.951 1.78314
2.061 26.451 18.337 2.03526
4.884 24.919 17.138 1.92423
9.605 24.438 18.072 2.26290
4.337 24.338 19.587 2.41521
2.165 24.998 17.394 2.24269
23.603 22.475 15.433 1.95281
48.850 18.910 15.737 1.55845
7.949 23.355 16.919 1.04909
0.509 22.334 15.679 1.53697
0.000 24.562 16.279 1.26657
0.001 24.457 17.118 1.08929
0.713 26.076 17.588 0.88357
0.000 26.040 17.875 0.75371
0.000 26.748 18.943 0.54876
0.000 26.208 18.280 0.73787
6.518 26.716 17.018 0.90330
0.000 27.320 18.176 1.20426
0.000 26.060 18.202 1.52840
0.010 26.035 17.917 1.36739
0.000 26.690 17.566 1.50059
0.000 25.793 17.481 1.50268
3.831 26.518 18.524 1.59164
0.000 26.684 18.987 1.62909
0.000 26.044 17.829 1.31406
0.116 25.853 18.964 1.50911
2.615 25.639 19.315 1.66165
0.981 24.314 17.462 1.61528
0.000 25.402 15.605 1.61581
0.367 24.350 13.158 1.30037
0.669 23.728 13.928 0.96215
0.000 24.078 15.159 0.89124
1.764 24.868 15.340 1.55455
0.000 23.313 14.749 1.02306
0.000 24.994 16.216 0.96536
0.000 25.262 18.867 0.96933
0.041 26.935 19.155 1.18133
0.000 26.289 16.246 1.63576
0.000 25.183 17.206 1.45099
0.000 25.930 18.659 1.36516
0.120 26.233 15.754 1.98161
0.000 24.875 17.177 1.91388
0.000 26.391 17.990 1.49047
0.000 27.239 18.578 1.42787
0.000 27.083 19.055 1.24353
0.000 27.463 19.389 1.70185
0.000 27.103 19.437 1.61180
0.000 27.275 19.458 1.19001
0.000 27.458 18.650 1.00479
0.000 28.493 18.895 1.03229
0.000 27.671 17.486 1.15036
0.031 28.114 17.278 0.85127
1.019 27.704 18.800 0.96023
1.822 27.836 19.435 1.19959
0.000 27.126 17.331 1.02204
0.000 27.712 14.058 0.71263
0.030 30.848 16.232 0.57147
0.161 30.271 17.186 0.56531
0.000 28.394 19.112 0.99560
0.614 25.606 15.531 2.09125
0.004 22.590 14.266 1.78850
0.001 24.651 15.307 1.47408
0.113 25.354 16.265 1.36751
0.019 24.178 16.497 1.24001
0.356 26.210 17.574 1.49256
0.000 26.199 17.669 1.17604
0.001 28.076 18.638 1.07281
0.000 26.733 18.793 1.56251
0.000 27.247 17.627 1.61801
0.000 27.144 17.570 1.41217
0.000 26.895 17.265 1.33796
0.000 26.843 16.446 1.35630
0.000 26.504 15.196 1.23012
0.000 26.995 15.039 0.91352
0.000 27.263 15.373 0.94828
0.000 26.000 14.828 1.25019
0.000 26.262 16.813 1.60588
0.000 26.318 15.782 1.57326
0.000 26.849 16.081 1.19136
0.000 27.693 16.432 0.85623
0.000 29.158 17.983 0.73128
0.000 29.982 16.302 0.81637
0.000 29.874 15.507 0.81535
0.000 28.808 17.468 1.30751
0.484 28.497 18.966 1.54530
0.000 28.141 17.143 1.46302
0.000 29.107 17.238 1.00102
0.000 29.577 17.100 0.95889
0.691 30.310 16.640 0.66244
0.109 30.338 18.910 0.54514
1.271 30.190 19.921 0.59661
0.075 30.407 21.025 0.62934
0.317 32.003 21.337 0.52154
0.000 30.858 19.872 0.50866
0.233 31.582 21.076 0.44090
5.656 31.763 20.651 0.43294
0.000 30.434 20.347 0.29435
3.039 32.433 19.146 0.51823
0.000 32.036 18.774 0.67531
0.000 31.005 16.914 0.79247
0.000 31.988 18.375 0.58739
6.679 32.747 20.475 0.44906
3.981 33.205 21.159 0.42190
1.281 32.468 21.312 0.49984
10.412 32.463 21.197 0.47898
4.584 33.166 20.349 0.54718
0.000 32.237 18.981 0.96943
0.000 31.403 17.343 1.12186
0.000 31.988 18.932 0.67227
4.740 32.826 20.148 0.42200
0.000 33.246 20.739 0.51591
38.382 32.062 20.191 0.37720
0.000 32.821 19.183 0.57235
0.531 32.312 19.871 0.99115
1.545 30.784 19.307 1.12973
0.000 31.507 20.243 1.02040
0.000 33.068 20.543 0.66169
0.344 32.529 19.343 0.77169
0.482 32.354 20.788 1.16031
9.737 27.449 20.261 0.94521
0.002 30.223 20.317 1.09672
0.115 31.155 20.068 1.13481
4.840 30.705 18.729 0.94012
0.721 32.184 21.226 0.79132
0.118 27.954 21.297 0.69796
13.255 31.531 21.825 0.45980
0.126 31.608 22.305 0.48000
46.414 28.334 22.013 0.62074
3.714 29.372 21.557 0.53551
7.534 30.334 22.006 0.48856
2.109 31.343 21.662 0.44516
16.764 31.750 21.930 0.40589
0.490 32.796 21.206 0.63204
1.975 34.320 20.911 0.57656
5.101 33.620 22.095 0.47721
15.202 33.876 21.910 0.40645
19.177 31.004 22.216 0.48313
15.498 28.356 21.569 0.62597
11.328 28.880 21.036 1.01032
17.252 29.312 21.038 1.08553
3.687 29.448 21.980 0.92812
3.658 28.277 22.119 0.69720
71.217 31.607 21.830 0.52715
5.036 27.049 20.244 0.71537
8.776 30.027 21.174 0.54062
3.061 29.302 21.517 0.50531
11.454 26.179 20.781 0.68210
8.155 29.978 20.784 0.47229
14.589 30.424 21.650 0.42844
6.294 28.986 22.267 0.45714
49.823 26.644 20.628 0.62479
32.435 30.259 21.572 0.55927
19.790 28.636 21.620 0.52645
7.544 27.467 21.616 0.67494
0.008 29.968 21.111 0.76800
32.063 31.489 21.565 0.43411
55.810 27.136 20.718 0.55402
23.966 31.080 21.103 0.49820
3.003 29.984 20.634 0.61588
4.205 31.015 21.655 0.37509
7.534 29.611 21.182 0.44632
28.103 29.943 20.958 0.77050
1.267 28.936 21.860 0.76074
5.865 28.815 21.721 0.69960
25.632 27.669 21.715 0.39594
20.011 30.940 21.375 0.33121
10.974 31.026 22.133 0.54203
21.128 29.015 22.226 0.41442
0.600 27.937 21.950 0.76424
8.094 27.493 22.079 0.52653
22.657 27.715 21.620 0.67386
15.495 28.177 21.616 0.79515
10.039 29.276 22.051 0.43518
11.121 30.057 22.148 0.37585
2.949 27.757 21.708 0.89713
2.621 25.957 21.728 0.89033
1.545 28.046 21.780 1.14612
8.621 27.735 21.221 1.25974
34.735 26.241 19.876 1.35085
6.270 26.295 20.937 1.27593
8.436 24.597 20.869 1.31502
13.070 23.638 20.855 1.50539
6.096 25.469 20.625 1.70916
1.676 26.727 21.335 1.37986
8.422 27.071 21.880 1.07689
3.451 26.650 21.212 0.85074
3.036 27.981 21.634 0.66960
5.068 27.201 21.097 0.65425
0.054 27.951 21.791 0.83096
29.910 28.142 21.184 0.84540
12.836 26.948 20.901 1.12062
48.881 27.119 21.378 1.04566
4.850 26.820 21.238 1.07059
0.000 28.155 21.957 1.04048
1.257 28.390 22.284 1.02133
34.291 25.132 20.720 1.18128
0.741 28.114 20.381 1.07107
0.000 27.781 20.475 1.00151
0.009 28.446 21.019 0.97291
0.119 29.247 21.344 0.88702
0.630 28.651 21.663 0.72498
24.058 28.298 21.798 0.66982
24.370 29.545 21.562 0.66593
4.756 26.551 21.578 0.51514
24.609 29.168 21.647 0.44074
17.150 28.971 21.734 0.72410
6.335 28.308 21.692 1.24041
7.883 28.030 21.720 0.87814
15.939 26.246 21.098 0.97020
14.613 25.677 21.128 1.10984
5.490 28.208 21.135 1.03304
0.574 28.983 21.647 0.99706
14.795 27.854 20.995 0.83551
22.652 28.049 21.420 0.64533
5.670 28.467 21.956 0.90669
1.700 27.717 21.883 1.20906
0.289 27.371 21.355 1.20854
0.005 26.881 21.286 1.05443
1.900 28.411 21.564 1.35925
0.000 27.047 21.696 1.30810
0.460 27.757 21.891 1.03823
0.022 27.833 21.620 1.09258
3.167 27.531 21.183 0.94275
46.591 27.848 21.002 1.07257
18.728 28.185 21.336 1.08921
0.016 27.933 21.495 1.17590
0.000 27.856 21.668 1.26221
5.230 27.071 20.788 1.37449
7.529 28.037 21.081 1.38978
24.600 27.390 21.437 1.49145
85.525 24.841 21.531 1.76448
40.023 24.147 21.067 1.87767
17.576 25.508 21.448 1.47783
3.081 27.861 21.359 1.58963
10.901 25.454 21.389 1.37828
18.772 26.489 22.021 1.58153
25.812 24.843 20.630 1.47701
16.311 26.338 21.396 1.54676
0.486 26.824 21.306 1.57172
11.810 27.053 21.053 1.63279
25.470 24.880 21.054 1.70551
3.254 25.027 20.831 1.80675
3.955 26.854 21.039 1.79185
1.244 25.932 21.087 1.66133
0.018 26.636 21.279 1.40500
5.430 28.387 21.435 1.07113
0.287 27.760 21.803 0.86639
0.011 26.800 21.981 0.88229
35.544 27.736 20.607 1.11800
0.311 27.362 21.080 1.18373
0.007 27.238 21.134 0.93135
0.000 27.934 21.176 0.74675
8.259 26.677 20.769 0.53189
24.595 26.402 20.171 0.60264
9.010 26.833 20.276 0.72622
0.346 28.666 21.605 0.49796
24.930 29.923 20.464 0.47992
6.791 30.597 20.640 1.00222
6.651 28.944 21.285 1.17011
15.796 27.817 21.085 0.83107
24.147 27.322 20.836 0.94300
7.536 29.524 21.096 0.47252
11.570 28.686 21.560 0.45482
6.781 27.218 21.380 0.48739
6.129 27.288 21.619 0.68488
32.677 27.405 21.472 0.66187
13.920 27.144 21.353 0.45450
6.108 28.208 21.416 0.59672
2.201 25.210 20.276 0.39188
9.953 28.249 21.432 0.49347
2.654 29.063 21.228 0.63091
0.866 30.836 21.513 0.46993
0.004 29.420 21.701 0.71126
11.055 26.690 20.646 0.68981
16.325 25.735 20.507 0.93059
3.100 28.705 21.050 1.15338
9.728 28.555 21.109 0.85580
4.784 28.597 21.654 0.65418
16.791 26.999 21.263 0.76247
9.632 27.155 21.041 0.65029
9.491 27.151 20.686 0.67411
11.384 27.866 21.431 0.87334
22.500 25.572 21.039 1.22181
4.215 27.609 21.192 1.26356
3.264 27.014 21.163 1.35946
1.146 28.646 21.687 1.24710
0.025 28.383 21.700 0.91040
8.451 27.797 21.704 0.69842
6.408 27.252 21.555 0.61020
5.004 27.575 20.577 0.63706
23.062 28.456 21.611 0.75166
13.005 26.955 21.290 0.69019
15.189 30.307 21.709 0.31055
12.624 27.922 21.101 0.45099
18.092 30.808 20.970 0.34621
24.279 28.685 20.076 0.58215
34.852 28.633 20.419 0.57012
6.822 28.052 20.221 1.03358
13.041 26.537 20.435 0.85492
25.473 27.793 20.300 0.43295
13.294 29.907 20.426 0.54372
11.365 27.428 19.651 0.49289
1.253 28.788 20.114 0.61080
6.469 29.142 21.115 0.63381
0.464 28.743 20.866 0.48081
10.575 30.184 21.693 0.46291
5.009 26.577 20.793 0.56676
56.371 29.455 21.121 0.69730
6.764 29.459 20.297 0.47981
0.000 30.730 19.603 0.51394
4.400 28.731 20.948 1.00966
2.975 25.978 19.650 0.73693
22.474 28.960 21.008 0.49972
2.972 28.830 20.250 0.40723
2.536 28.947 20.159 0.89777
15.510 28.112 20.808 1.51781
4.466 28.536 18.885 1.14142
7.506 28.040 20.096 0.65684
0.025 28.824 19.964 0.71352
0.126 28.414 20.607 0.65550
18.022 26.789 21.319 1.16232
29.281 25.746 21.175 1.49842
21.894 26.878 21.504 0.65207
10.697 27.410 20.384 0.52639
0.302 27.336 20.192 0.81321
11.535 25.985 20.437 0.95308
2.085 25.486 20.241 0.80972
1.403 29.817 21.694 0.36578
2.651 30.475 20.234 0.39020
9.295 28.249 20.866 0.55482
25.899 25.342 21.493 1.38856
31.548 25.462 20.835 0.96209
5.575 25.921 20.912 1.15145
36.592 25.336 20.638 1.29177
34.291 24.892 20.827 1.99499
0.230 29.166 21.004 0.72044
0.704 29.451 21.678 0.39308
0.130 30.804 21.899 0.41057
0.144 29.149 20.232 0.38026
0.000 29.051 19.719 0.65607
0.010 29.612 20.260 0.60735
0.415 29.734 19.608 0.69191
0.750 29.562 19.766 0.74471
0.000 28.485 19.036 0.83125
0.399 27.983 19.422 0.95943
0.756 26.555 17.293 1.83084
0.164 26.509 18.252 1.77645
0.238 25.243 17.576 1.73782
0.000 26.974 18.235 1.61744
0.012 26.801 18.342 1.52762
13.678 25.376 19.617 1.09116
0.062 24.762 19.873 0.73024
0.000 27.184 19.819 0.88434
0.000 28.173 19.693 1.34072
0.035 27.986 18.523 1.41011
0.000 27.253 18.062 1.18739
0.021 28.427 19.337 1.03683
0.489 26.467 19.702 1.71161
0.049 25.673 18.489 1.95803
0.086 26.123 17.829 1.81434
0.000 26.649 19.780 2.10747
14.451 25.471 20.880 1.59038
0.310 26.350 20.585 1.00730
2.954 25.169 19.818 1.20546
0.253 26.227 20.188 1.42698
0.028 26.415 19.573 1.77224
1.155 25.574 18.724 1.93187
0.004 24.489 16.360 1.87967
0.121 22.541 16.114 1.81132
41.229 22.243 17.159 1.51653
8.799 23.249 19.305 1.61032
1.059 24.853 19.484 1.21911
0.165 26.417 20.328 1.51443
0.558 25.308 18.534 1.81611
2.068 24.194 18.284 1.24834
0.234 24.782 18.578 0.87537
0.044 26.951 19.476 0.44357
0.021 25.164 16.808 1.67163
0.000 24.309 15.987 2.00433
0.000 24.152 16.020 2.08579
0.000 23.522 14.930 2.38559
0.073 20.340 12.229 2.62891
0.000 19.568 11.224 2.16081
0.000 20.863 10.672 1.70506
0.564 21.275 11.612 1.50401
0.000 22.631 12.778 1.34592
0.000 23.497 14.089 1.25370
0.009 26.190 17.767 1.25142
0.000 26.812 16.992 1.31516
0.000 26.356 15.898 1.21550
0.006 26.723 17.485 1.23413
1.777 27.386 18.735 1.50373
0.000 26.917 18.187 1.23474
0.008 27.236 17.546 1.25705
0.186 27.952 18.325 0.80721
0.000 28.403 18.794 0.58734
19.649 28.106 18.808 0.49032
0.000 27.656 17.757 0.98661
0.000 26.839 14.005 0.76201
0.000 28.225 16.406 0.52841
0.000 28.240 18.980 0.78153
0.264 27.493 18.432 0.64935
0.065 29.256 17.262 0.56810
0.000 29.214 17.554 0.59084
0.000 28.886 16.272 0.57904
0.000 28.900 16.767 0.60457
3.677 28.606 17.252 0.63990
0.044 28.335 18.215 1.10932
0.014 25.678 17.242 1.30383
0.000 25.409 16.474 1.81674
0.000 24.242 15.512 1.76774
0.000 25.164 16.303 1.44722
21.059 26.775 17.439 0.99852
0.000 27.933 19.223 0.87020
0.067 27.854 18.559 1.12288
0.000 27.156 18.527 1.69987
0.010 26.181 16.557 2.36527
0.000 23.667 15.551 2.24378
0.000 24.624 15.429 1.75025
0.009 26.063 16.365 1.89210
0.000 23.848 16.375 2.06067
0.000 24.632 16.383 2.09725
0.000 25.264 15.449 1.82659
0.000 25.885 14.113 1.33538
0.000 26.301 15.785 1.15246
0.000 27.171 16.712 1.17196
0.000 27.218 17.313 1.41232
0.068 26.341 16.060 1.42552
0.000 26.076 15.948 1.55263
0.000 25.831 15.362 1.59918
0.075 26.391 14.107 1.19579
0.034 28.233 15.844 0.88038
0.060 29.162 15.304 0.75275
0.000 29.448 17.048 0.81547
0.104 30.195 18.769 0.63301
0.019 29.366 19.162 1.03374
0.153 27.628 17.339 1.57643
0.000 28.823 18.111 1.18357
0.000 29.580 18.738 0.90873
0.694 30.193 18.157 0.79157
0.009 31.012 19.547 0.35035
0.000 30.793 20.445 0.43796
19.327 31.955 20.315 0.35371
0.000 29.910 20.656 0.51719
0.000 32.067 19.385 0.49141
0.000 32.107 19.560 0.82640
0.000 31.695 17.026 1.36108
0.000 27.793 15.750 1.94402
1.186 27.264 17.161 1.57621
0.442 26.249 18.533 1.38445
0.000 28.923 18.446 1.50487
0.000 29.401 17.974 1.53558
0.000 29.800 18.581 1.43896
0.000 31.332 18.877 1.13487
0.001 31.906 16.873 0.94880
0.000 31.039 18.150 0.76411
0.000 30.987 18.115 0.75434
0.000 31.648 17.845 0.80736
0.003 30.851 18.122 0.77310
0.000 31.735 18.029 1.00061
0.019 33.611 20.370 0.56004
1.162 30.470 20.989 0.49155
26.194 29.799 21.243 0.43879
16.705 29.793 20.325 0.63014
0.000 33.116 18.620 0.49200
0.298 33.433 19.947 0.42802
1.015 33.041 20.572 0.49060
0.000 33.531 19.361 0.56282
0.000 33.991 19.496 0.57341
0.115 34.198 19.001 0.76929
0.000 33.528 18.073 1.09614
0.028 34.309 18.417 1.02705
0.006 31.484 18.139 0.77803
0.433 33.649 18.819 1.32750
0.000 31.975 19.158 2.00072
0.000 31.977 19.431 1.99170
0.164 31.369 19.034 2.12042
0.041 31.225 19.130 1.84035
0.041 33.306 18.786 1.48771
0.000 34.142 17.995 1.39851
0.105 34.124 18.995 0.68490
19.148 35.422 21.350 0.55376
0.247 34.210 22.844 0.70673
6.789 28.599 21.306 0.83001
20.132 31.498 21.448 0.61305
0.005 33.590 21.442 0.54958
0.015 34.700 19.319 0.70445
0.000 34.745 18.801 1.25352
0.614 35.162 20.076 1.37875
6.494 31.618 20.660 1.27929
1.262 31.351 21.307 0.82068
3.547 32.015 19.716 0.92275
0.415 32.741 20.140 0.74450
10.442 31.403 21.214 0.45996
6.711 34.116 20.620 0.60411
0.010 34.531 21.732 0.76444
5.883 31.991 22.255 0.62836
40.250 27.447 20.714 0.65169
6.995 31.422 21.748 0.56789
12.542 32.944 21.615 0.46608
2.294 33.465 22.522 0.41644
0.321 34.309 22.761 0.41769
2.221 28.329 22.319 0.48844
8.521 34.382 21.854 0.58395
20.385 34.950 22.648 0.76726
20.598 32.477 23.306 0.90614
1.806 33.680 22.071 0.84164
1.121 35.818 22.991 0.89002
7.069 32.740 22.859 0.51445
0.859 34.058 22.375 0.49872
2.872 35.152 22.427 0.39900
1.290 33.959 22.736 0.60001
0.000 34.135 22.716 0.59209
3.286 31.692 22.387 0.63585
6.166 33.608 21.786 0.39770
10.746 34.522 21.734 0.48691
0.750 33.567 21.060 0.44712
0.042 36.089 22.485 0.60499
2.627 34.596 22.421 0.78196
1.905 34.122 22.774 0.84174
3.147 32.612 22.338 1.02587
12.707 33.889 23.159 0.94593
20.836 28.995 21.848 0.89031
31.868 31.671 22.274 1.03316
9.448 31.368 22.386 1.44510
2.210 28.861 22.267 1.35180
6.444 30.114 22.288 1.01772
26.630 31.243 22.682 1.52716
17.695 29.402 22.344 1.05361
11.224 29.731 22.404 1.01309
7.676 29.366 21.469 0.90236
7.045 29.372 21.433 1.26553
5.110 27.963 21.166 0.94375
7.864 31.941 22.510 0.82608
2.463 30.199 22.282 0.78914
15.235 29.935 22.351 0.89219
0.348 30.802 22.552 0.69856
10.861 29.225 22.430 0.87711
0.000 32.472 22.938 0.56457
6.851 31.241 22.896 0.43649
3.776 32.744 21.858 0.57042
12.454 30.084 21.201 0.46179
33.243 28.504 22.133 0.96806
0.743 26.507 21.882 0.78242
5.601 28.580 21.122 0.71327
0.596 29.822 21.019 0.55405
15.492 30.618 21.961 0.29588
10.109 31.181 21.775 0.47761
17.373 31.683 22.013 0.54446
38.204 30.234 22.056 0.62340
26.277 28.899 21.640 0.59815
1.722 30.017 19.943 1.29787
0.000 30.418 21.770 0.97873
0.000 31.855 22.355 1.38102
0.580 29.787 22.624 1.15808
2.166 30.491 22.315 1.17763
32.149 29.683 22.135 1.02511
10.671 29.536 21.653 1.12097
4.432 30.300 21.850 1.16534
4.454 30.441 22.467 1.12287
0.669 30.823 22.347 1.01048
1.599 30.421 22.346 0.91881
21.024 31.476 22.923 0.76176
37.182 28.466 22.067 0.88461
9.718 30.295 21.991 0.92534
10.699 30.015 22.285 1.05979
1.778 29.540 22.162 1.03462
8.529 32.075 22.170 1.14919
35.730 28.002 21.632 0.94647
3.926 29.557 21.754 0.63209
11.990 29.547 21.854 0.58685
3.204 31.906 21.465 0.61245
6.437 30.680 20.819 0.52896
5.306 32.502 21.565 0.57371
52.712 32.118 22.833 0.55762
43.864 29.363 22.177 1.21747
103.221 29.771 22.115 1.36974
8.830 28.758 21.739 1.31424
7.680 28.294 21.428 1.40588
14.124 30.012 22.042 1.76026
0.410 29.777 22.191 1.72085
3.900 28.674 21.744 1.96339
22.180 29.763 21.438 1.86889
31.096 26.479 20.227 1.80657
8.301 28.064 20.733 1.52186
0.624 31.067 21.433 1.69791
5.311 28.696 21.202 1.55890
1.808 28.791 21.949 1.67263
2.184 27.823 21.586 1.91939
15.249 28.063 20.880 1.74154
3.839 29.989 21.146 1.48966
0.839 31.542 21.375 1.18644
3.816 31.905 21.906 1.08920
2.024 30.963 21.758 0.87529
1.530 31.704 22.228 0.86940
19.137 30.259 22.435 0.71378
5.391 29.899 22.193 1.01714
10.857 28.015 21.621 0.99239
0.118 31.043 21.744 1.22765
5.770 27.885 21.191 1.27547
1.016 31.250 21.393 1.50170
0.007 32.516 22.289 1.34404
0.000 33.910 22.430 1.12724
7.246 32.452 22.000 1.05376
36.057 33.929 22.921 1.09073
0.269 33.716 22.841 1.01201
11.058 31.972 21.870 1.51218
0.005 32.409 22.299 1.50838
3.356 32.438 22.185 1.39726
33.295 28.596 21.600 0.78688
10.123 32.075 22.339 0.81993
26.789 30.080 21.727 0.72503
5.557 32.882 22.683 0.64725
2.867 32.015 22.436 0.58950
0.009 32.028 22.660 0.82010
2.099 30.344 22.242 0.94018
4.941 32.573 22.311 1.04503
1.181 32.931 21.767 1.27007
0.000 34.040 22.833 1.18812
3.041 30.986 22.839 0.91276
13.637 27.324 21.106 1.10959
2.729 31.000 21.666 0.74901
6.491 30.918 22.131 0.76353
70.296 27.423 21.450 0.77320
30.194 28.735 22.266 1.84269
30.495 26.567 21.527 2.26386
3.480 28.780 21.558 2.09464
1.216 28.208 21.778 1.67976
0.079 29.735 21.990 1.13111
0.655 29.683 22.263 0.99640
0.994 28.774 22.476 0.92150
6.245 27.926 22.514 1.15601
18.334 27.099 21.408 1.50563
29.797 26.191 21.762 1.51137
16.231 27.634 21.714 1.41068
7.389 27.930 21.099 1.11414
7.170 31.113 22.047 1.10494
19.695 30.065 22.280 1.12405
9.598 28.842 21.046 1.15770
6.746 27.847 20.449 1.45157
4.211 28.837 20.837 1.15860
2.200 26.406 20.933 1.09000
11.624 30.392 21.911 1.13681
11.410 28.623 21.345 1.38895
25.717 28.382 21.478 1.47248
7.625 29.580 21.628 1.36483
19.017 28.402 21.253 0.89783
3.226 26.858 21.499 0.79298
0.398 29.890 21.570 0.67442
10.240 31.136 20.625 0.82904
9.988 27.530 20.756 0.66945
2.553 30.442 21.604 0.41021
8.473 28.370 21.818 0.48123
5.175 27.509 21.284 0.37081
10.859 32.243 19.789 0.47415
0.129 32.280 20.302 1.02551
5.254 28.550 20.774 0.77615
44.961 31.339 20.891 0.40809
24.838 31.948 21.016 0.30970
9.709 29.944 21.708 0.68796
67.665 29.485 21.485 0.44442
6.259 28.062 21.290 0.41381
4.308 27.470 20.732 0.43111
26.219 29.562 20.488 0.41096
1.857 31.831 20.269 0.39822
0.366 30.073 19.417 0.73169
9.625 28.685 20.002 0.67884
2.365 28.860 21.046 0.44217
1.225 31.237 20.840 0.41142
10.303 31.618 20.163 0.38164
20.555 28.989 20.864 0.56039
55.898 24.907 20.131 0.77604
24.355 27.004 19.499 0.69598
194.697 28.331 20.724 0.68575
15.042 25.022 20.287 1.35152
2.190 27.801 21.086 0.92389
13.275 25.796 22.182 1.03605
36.040 26.428 20.595 1.15365
0.411 28.013 19.794 0.83870
1.411 28.929 20.863 0.49754
11.461 26.879 21.039 0.56748
15.011 27.657 21.555 0.68511
1.741 26.694 21.057 0.78497
3.171 27.672 20.745 0.54268
3.290 30.452 22.125 0.60011
23.416 28.827 21.527 0.45427
14.558 28.943 20.612 0.46457
1.617 30.142 19.896 0.33152
0.024 30.083 20.168 0.81150
0.004 29.969 20.410 0.80148
3.791 29.206 20.809 0.93492
3.398 26.925 21.132 0.76329
6.460 27.284 20.036 1.08180
3.566 28.385 18.871 1.24833
0.120 30.801 18.938 0.69807
6.965 27.961 17.414 0.75874
0.160 26.014 16.205 1.35229
0.000 26.413 15.081 1.32085
0.000 27.729 16.333 1.03981
0.000 28.537 15.639 0.80638
0.000 28.447 16.490 0.55036
0.000 28.973 15.831 0.55103
0.000 29.246 16.202 0.60413
0.000 28.714 15.435 0.66998
0.381 29.365 17.344 0.48530
0.685 28.730 19.566 1.07338
1.316 28.911 19.509 1.27382
8.216 27.288 19.367 1.43420
0.324 27.697 20.152 1.56818
0.105 29.306 20.070 1.47605
19.854 29.241 20.545 1.91340
35.598 24.560 20.707 1.39198
0.115 26.541 19.331 1.53785
0.029 26.360 19.868 1.08347
0.000 27.606 19.878 1.30221
0.102 27.137 17.881 1.91364
0.000 25.872 16.862 1.91530
4.576 28.060 19.039 1.80212
40.577 25.510 19.917 1.40192
28.125 25.936 19.507 1.01766
0.186 26.735 19.752 0.85532
0.029 27.803 19.343 0.99109
0.501 28.882 19.415 1.09043
0.044 28.732 19.619 1.27526
1.069 28.856 20.343 1.17991
0.901 28.435 18.904 1.01993
0.850 28.589 17.696 1.09055
0.000 27.566 18.037 0.92356
0.182 25.233 17.835 1.27155
0.114 25.424 17.007 1.20091
1.037 25.092 17.570 1.18808
67.416 24.797 19.819 1.46033
3.894 25.154 20.219 1.65793
0.000 26.978 19.108 1.42669
0.000 28.131 18.614 1.11788
0.021 28.484 19.338 1.12129
0.085 29.112 20.172 1.14745
0.057 28.456 19.456 0.83813
2.723 27.745 16.271 1.32118
0.000 24.727 16.841 1.25744
0.000 27.338 19.234 1.49128
0.003 28.518 20.157 1.56270
0.200 28.317 18.898 1.46204
0.000 28.168 19.395 1.20830
0.000 28.486 19.016 1.06044
0.014 28.817 19.648 1.34379
0.000 28.485 17.840 1.89185
0.000 25.799 15.732 1.56996
0.000 25.767 14.035 1.59645
1.126 25.918 14.597 1.23223
0.004 27.520 16.978 1.52754
0.002 24.922 18.995 1.50495
0.000 27.735 19.708 1.53403
0.000 28.449 19.483 1.56150
0.000 28.966 18.182 1.46989
0.000 28.653 16.562 1.28110
0.000 26.995 15.182 1.23843
0.000 25.832 13.487 1.05040
0.000 26.884 15.204 0.69224
0.000 27.793 16.985 0.92855
0.000 28.357 18.532 1.07733
0.000 28.797 18.031 1.08719
0.000 29.088 17.064 0.86679
0.000 29.699 16.195 0.74463
0.000 30.396 17.245 0.63314
0.000 30.321 16.648 0.83498
0.075 29.592 17.090 0.84134
0.019 29.934 17.037 0.84698
0.278 30.086 19.044 0.88131
0.000 30.099 18.902 1.37775
0.371 26.745 17.837 1.56963
0.000 28.252 17.489 1.78857
0.000 27.534 18.178 1.90206
3.235 26.039 18.624 1.79519
0.785 28.318 19.404 1.33521
0.122 26.767 19.443 1.32238
0.000 29.329 18.875 1.46180
0.000 30.389 17.494 0.92486
0.000 31.898 18.145 0.68267
0.000 32.890 18.074 0.65456
0.000 34.030 19.304 0.47342
0.000 32.873 20.615 0.49875
0.069 33.320 21.160 0.48159
0.000 29.987 19.594 0.87209
0.000 32.091 16.356 1.66350
0.000 29.294 16.670 1.72558
0.000 30.269 16.336 1.28222
0.000 30.733 15.313 0.91840
0.000 31.320 16.610 0.83703
0.000 31.174 16.000 0.90823
0.000 31.914 14.486 0.78716
0.000 31.513 17.037 1.29168
0.000 32.129 16.347 0.98387
0.000 32.912 17.422 0.74410
0.000 32.279 18.205 1.36377
0.176 30.395 18.190 1.75055
0.001 30.656 18.216 1.74266
0.004 30.169 17.726 1.81771
0.196 30.614 18.314 1.75873
0.049 31.142 19.688 1.54795
0.016 28.760 19.435 1.85153
0.000 29.459 16.780 2.37711
0.000 28.851 13.903 2.10709
0.000 28.668 15.574 1.90088
0.000 29.869 16.343 1.49453
0.000 30.876 16.253 1.17689
0.000 31.347 15.681 1.09614
0.000 30.986 15.888 1.00178
0.000 32.325 16.886 0.80550
0.000 33.662 17.767 0.71316
0.000 33.369 20.041 0.73017
0.000 33.936 21.393 0.51839
0.000 33.049 17.970 0.58725
0.000 33.717 18.677 1.15262
0.000 33.898 17.480 1.38822
0.000 34.049 18.748 1.64040
0.000 32.252 17.368 1.83466
0.000 32.587 16.337 1.35935
0.000 33.205 18.346 1.71843
0.000 30.680 18.598 2.08872
0.000 33.048 18.282 1.49116
0.168 34.150 20.397 0.91064
0.032 34.266 20.414 1.17758
0.000 34.177 20.775 1.69776
0.218 31.270 20.258 1.40344
0.000 33.770 20.018 1.27042
0.599 34.748 20.916 1.58334
0.000 33.566 20.173 1.60543
0.277 32.582 19.782 1.24920
0.088 33.177 19.081 0.87805
0.000 35.264 19.254 0.74281
0.001 35.720 19.768 0.74728
1.620 36.232 19.867 0.76376
2.910 31.513 20.837 0.89134
0.000 30.746 20.799 1.01728
0.098 34.481 20.830 0.70379
2.717 35.245 20.477 0.86854
0.780 32.181 20.335 0.49822
2.723 36.045 22.640 0.71116
27.794 31.982 22.679 0.87196
18.092 29.922 21.483 0.94095
2.989 33.348 21.904 0.99104
0.305 33.284 22.101 1.28717
0.860 33.229 22.963 0.76668
68.629 33.149 21.193 0.80568
1.957 31.145 21.237 0.65846
1.963 33.282 21.774 1.03627
1.891 32.165 20.959 1.00076
1.919 35.491 21.306 0.78716
2.785 36.003 22.802 0.61994
0.844 36.951 21.637 0.59302
0.006 38.122 22.279 0.59751
0.051 37.871 22.189 0.66955
0.000 37.843 22.545 0.77795
0.218 37.579 22.849 0.97286
0.000 39.061 24.197 1.02830
0.000 38.255 24.124 0.68135
0.199 38.956 19.954 1.02369
0.027 35.927 20.621 1.50889
0.096 36.937 20.991 1.11507
0.016 36.799 21.926 1.43563
0.000 35.845 20.887 1.43282
0.000 37.745 22.182 0.93174
0.381 37.502 23.374 0.75683
0.000 38.321 24.880 0.83228
0.000 35.197 24.137 1.21604
0.000 37.275 23.749 1.07340
18.344 36.890 24.611 1.03742
12.822 37.158 24.245 0.74133
0.000 39.407 23.470 0.63471
1.840 38.398 21.871 0.64097
0.475 37.269 20.821 1.26157
0.344 37.331 22.901 1.62357
0.674 32.688 21.883 0.71692
11.983 33.832 22.210 0.36669
12.908 35.266 22.732 0.50759
16.634 36.775 22.931 0.50638
38.684 37.795 23.878 0.69499
14.041 32.035 23.652 0.58467
2.225 31.461 21.948 0.51055
1.135 38.404 23.727 0.45437
16.146 37.099 24.009 0.75364
0.235 37.550 24.305 0.61640
0.440 37.421 25.434 0.89434
6.500 32.627 24.445 0.83561
0.648 33.901 25.245 0.67594
9.095 32.089 23.854 0.95248
2.483 31.827 22.767 1.20285
31.226 32.080 22.610 1.30347
6.177 28.577 22.586 1.06925
2.226 29.347 22.828 0.77720
11.160 27.643 21.736 0.94215
6.631 29.533 22.053 1.39802
0.809 30.141 21.822 1.28104
0.010 31.828 22.602 1.14767
6.454 32.159 23.288 1.20686
1.936 28.589 22.529 0.95752
0.020 33.095 22.940 1.39959
0.000 32.898 23.237 1.60574
3.648 31.804 22.938 1.48517
1.376 31.779 22.947 1.39440
1.436 32.549 23.331 1.27453
8.687 31.178 22.791 1.12138
8.546 31.164 22.304 0.85206
32.900 29.700 21.968 1.00052
6.073 31.273 21.996 1.29525
3.008 31.933 22.347 0.81239
13.823 32.464 23.199 0.61143
9.461 29.179 21.946 0.46475
3.856 35.514 22.129 0.60522
11.519 32.766 22.471 0.48084
2.419 32.086 22.899 0.87160
18.119 30.618 22.640 0.88500
36.732 31.426 22.056 0.92254
24.127 30.755 22.064 0.85486
23.616 31.622 22.442 1.07236
0.488 32.517 22.410 0.82758
14.686 31.781 22.335 0.90318
1.790 31.503 22.278 0.83943
21.731 31.600 22.879 0.96531
1.344 31.070 22.948 1.08399
17.426 29.839 22.325 1.19690
3.101 30.680 22.104 1.32760
0.702 32.898 22.241 1.25663
1.658 32.397 23.660 0.96463
4.603 31.101 22.635 1.31278
3.426 30.790 22.058 1.50544
5.870 29.141 22.563 1.31102
11.124 27.569 22.329 1.14234
17.849 27.507 22.036 1.47396
26.411 27.985 22.073 1.12212
9.729 28.548 22.245 1.49614
1.563 28.914 22.273 1.76035
2.242 31.643 22.869 1.84731
4.627 30.450 22.858 1.49595
6.147 29.220 22.550 1.50586
4.620 30.048 22.490 1.41688
19.630 29.500 22.610 1.62018
9.178 30.008 22.786 1.62997
1.440 29.589 22.603 1.78955
0.010 30.175 22.308 2.09135
9.584 29.612 22.420 1.99806
6.264 27.874 22.074 2.04506
7.335 29.188 22.558 1.73795
9.391 28.988 20.706 1.63607
6.285 28.821 21.367 1.27393
0.000 30.637 22.157 0.74492
0.985 30.873 21.997 0.69354
0.120 34.029 22.898 1.32513
55.774 30.023 22.452 1.07415
0.009 31.525 22.613 1.39937
0.000 31.615 22.890 1.37392
0.046 33.003 22.504 1.49045
0.201 34.323 23.119 1.63135
0.000 30.840 22.578 1.26703
0.136 32.207 23.115 1.42788
0.026 30.345 22.530 1.17605
39.529 30.005 23.115 1.32234
26.573 27.769 22.166 1.53189
1.586 32.687 22.039 1.22802
0.764 34.663 22.960 0.92094
6.816 34.613 23.804 1.25276
19.715 31.215 22.670 1.22608
7.135 32.190 23.003 1.40059
0.089 33.391 23.160 1.44823
0.009 33.385 23.614 1.16997
2.299 30.877 22.652 1.12902
12.327 33.260 23.095 1.15419
20.792 33.014 23.809 1.21761
0.000 31.233 22.875 1.04277
17.751 30.899 21.876 0.79086
34.024 31.943 22.277 0.69322
57.599 29.503 22.407 0.64813
81.686 30.949 21.191 1.23939
20.143 31.921 21.929 1.69020
1.128 32.375 22.561 1.64939
12.103 30.871 22.627 1.33289
87.264 29.287 22.598 1.54138
5.681 28.825 22.507 2.09608
4.644 30.726 21.926 1.86664
3.278 31.048 21.453 1.38111
16.600 30.150 21.389 1.13842
11.582 28.739 21.555 1.18835
15.108 28.680 21.910 1.47410
7.896 26.451 21.885 1.24895
5.554 27.915 20.865 1.76546
11.840 25.543 21.572 1.34910
12.841 25.128 21.940 0.86887
29.262 28.782 22.115 0.99770
3.936 29.290 22.413 0.98830
20.270 29.976 22.772 0.95345
1.682 28.531 22.740 1.07168
3.980 29.237 22.412 1.19129
22.307 28.435 22.688 0.91262
32.106 26.369 22.570 1.14283
26.753 27.027 21.965 1.13310
48.776 28.672 21.164 1.43601
7.590 27.711 21.756 1.41457
10.809 28.031 22.355 1.24952
0.053 29.412 21.952 1.03148
0.000 29.661 22.511 0.93986
0.000 28.667 22.184 0.84886
10.122 28.502 21.880 0.92117
2.243 28.189 20.789 1.01538
2.314 30.691 21.370 0.94307
0.000 31.247 21.813 0.85287
0.253 30.542 22.473 0.87259
3.564 29.307 21.509 1.10830
27.474 28.394 20.096 1.53255
7.810 27.119 20.811 1.18256
0.484 29.614 21.904 1.11072
0.036 29.393 21.629 0.90222
6.056 29.976 21.255 0.62571
1.636 31.621 21.854 0.64300
50.652 29.837 22.640 0.46637
29.603 27.042 21.500 1.30002
12.128 28.458 21.931 1.34707
1.220 30.005 21.535 0.69214
2.343 29.233 21.060 0.64540
19.171 29.855 21.716 0.68425
2.810 29.103 20.838 0.61526
2.810 30.567 21.308 0.44724
2.104 27.866 21.525 0.59140
5.255 26.254 20.865 0.72908
4.066 31.499 21.676 0.67801
0.001 30.752 21.404 0.57844
26.034 25.417 21.196 0.62680
1.459 30.759 20.862 0.49921
1.608 30.308 21.429 0.46367
0.683 28.798 21.138 0.52561
1.015 28.986 20.993 0.71050
27.814 28.069 20.171 0.57324
16.660 29.291 21.131 0.54710
2.476 29.456 20.870 0.54024
62.770 29.056 20.947 0.46810
3.901 29.226 21.679 0.29428
3.176 30.311 21.636 0.34267
18.426 29.996 21.486 0.46363
0.835 27.196 20.839 0.56334
2.250 28.685 18.079 0.85845
4.690 27.485 20.051 0.91909
0.455 27.585 21.365 0.69859
5.745 27.540 21.309 0.55371
7.925 27.932 20.041 0.85682
0.000 30.498 18.148 0.95165
0.049 31.037 18.560 0.79930
0.190 28.820 19.299 0.86834
0.375 30.919 19.800 0.77138
5.368 30.792 21.702 0.86486
15.051 26.994 21.012 0.92848
70.692 25.676 21.278 1.42417
4.259 26.356 21.075 0.74903
9.981 27.971 21.269 0.52220
0.912 28.925 20.014 0.60591
0.120 29.753 20.564 0.78948
1.086 29.185 19.965 0.67942
1.750 28.709 20.479 0.76943
0.000 29.957 19.806 1.18068
0.000 30.008 19.851 1.07363
1.096 30.291 20.021 0.84666
0.089 30.203 20.712 0.57235
0.921 26.837 20.136 0.77996
0.000 30.435 19.760 0.62151
0.009 30.397 19.975 0.65696
0.055 30.587 20.187 0.99943
0.000 30.195 20.560 1.24873
0.085 30.522 20.345 1.62734
0.019 29.772 20.081 1.61344
0.078 29.749 19.290 1.41878
4.804 29.222 17.005 1.17067
16.250 27.473 16.876 0.89056
94.741 26.836 18.182 1.22996
7.106 20.987 17.752 1.08930
0.000 30.653 19.202 0.61573
0.004 29.740 19.020 0.92051
0.000 27.129 18.492 1.94318
0.179 28.068 18.084 1.75342
0.225 28.856 18.536 1.96385
0.043 28.102 17.128 1.76312
0.003 27.695 17.996 1.94766
3.001 25.033 16.171 1.67842
0.045 27.066 15.384 1.23369
0.000 29.136 17.248 1.19963
0.000 29.584 17.003 1.18484
0.000 28.894 16.776 1.28704
0.000 28.300 15.651 1.24109
0.000 27.166 15.091 1.18969
0.000 29.142 15.749 0.84828
0.000 30.298 17.696 0.60072
0.000 31.558 19.249 0.54718
0.000 31.567 16.814 0.71569
0.000 31.220 17.258 0.87806
0.000 30.642 17.291 1.03175
0.465 30.688 17.225 0.89748
0.264 30.826 18.952 0.69315
0.000 31.985 18.559 0.84371
0.040 31.067 17.988 1.25736
3.926 29.075 18.555 0.97358
1.116 29.513 18.515 0.94873
0.006 26.915 19.390 0.83249
2.320 31.043 19.915 0.64570
1.230 31.200 19.505 0.48332
0.185 30.431 20.059 1.25706
0.296 28.892 20.734 1.68255
0.684 27.039 20.335 2.01807
4.261 26.236 19.566 1.50209
5.934 27.088 20.324 0.93687
0.000 28.062 19.987 1.09159
0.000 30.588 19.234 1.37042
0.000 29.866 19.169 1.62127
0.000 29.684 19.458 1.93476
0.000 29.263 17.265 2.45652
0.676 26.883 14.838 2.26294
0.640 26.170 15.595 2.00315
0.000 25.489 15.316 1.72161
0.152 27.984 16.488 1.63715
0.000 28.594 18.484 1.63633
0.000 28.922 18.253 1.71686
0.000 28.499 16.174 2.09766
0.000 25.946 13.593 1.87837
0.000 26.558 12.221 1.30382
0.000 29.022 13.263 0.90610
0.000 28.313 15.113 1.38717
0.000 26.333 15.296 1.74039
0.000 26.805 15.605 1.58277
0.000 29.506 16.680 1.63869
0.000 28.509 15.523 1.67572
0.000 29.114 16.258 1.72929
0.000 28.447 15.421 1.85940
0.000 27.849 15.332 1.87631
0.000 28.549 15.642 1.61539
0.000 30.205 14.884 1.25114
0.000 30.966 15.196 0.89379
0.000 30.604 15.949 0.90625
0.000 29.555 16.253 1.24997
0.013 30.784 17.359 0.74711
0.000 32.582 18.709 0.60737
0.000 31.829 17.874 0.64678
0.000 33.436 18.362 0.60096
0.000 33.825 18.252 0.65194
0.000 33.336 19.601 1.12341
0.000 33.015 18.879 1.71639
0.000 30.885 17.873 2.02560
0.000 29.364 17.036 1.99668
0.021 29.646 15.992 1.89167
0.000 30.803 16.127 1.36271
0.000 33.299 16.296 0.83600
0.000 33.372 18.386 1.01576
0.000 32.649 18.668 1.41422
0.000 31.792 18.656 1.90483
0.000 30.377 17.947 2.05435
0.000 28.998 15.181 1.93090
0.000 29.138 15.702 1.70731
0.000 30.355 16.214 1.68691
0.000 29.756 15.786 1.47485
0.000 31.262 14.860 1.25792
0.000 31.869 15.170 1.08538
0.000 30.930 16.187 1.35781
0.000 31.049 15.307 1.01074
0.000 32.290 16.143 0.78955
0.000 32.615 15.143 0.83039
0.000 32.856 15.518 0.96450
0.000 32.925 17.140 1.65317
0.000 30.864 16.811 1.91813
0.000 30.544 16.071 1.88550
0.000 31.515 15.324 1.31096
0.000 32.192 17.147 1.62347
0.000 31.255 17.641 1.69018
0.000 31.120 16.646 1.74392
0.000 31.471 16.807 1.75524
0.000 32.175 17.056 1.65695
0.000 32.539 17.390 1.71462
0.000 32.161 18.481 1.64424
0.000 32.789 18.759 1.55815
0.000 32.570 17.402 1.34949
0.000 34.230 16.764 1.10938
0.000 33.881 18.102 1.66733
0.000 33.142 16.555 1.42808
0.000 34.208 16.953 1.36954
0.000 35.592 18.504 0.62620
0.000 35.151 17.578 0.78579
0.000 34.317 17.006 0.90772
0.000 33.887 17.704 1.04940
0.000 34.001 15.696 1.51202
0.000 33.619 17.030 1.19294
0.000 34.605 18.502 1.45101
0.000 33.029 18.508 2.03992
0.000 31.757 17.371 2.12325
0.000 32.446 17.769 1.89595
0.000 33.244 17.879 1.73298
0.000 34.297 18.765 1.57187
0.000 34.285 18.086 1.35466
0.000 34.877 16.998 1.14694
0.000 36.186 19.219 0.82910
0.000 36.245 20.863 0.69100
0.000 38.599 22.001 0.65123
28.133 37.608 22.586 0.60258
0.000 37.551 18.970 1.49944
0.000 33.980 19.915 2.16055
0.000 34.865 19.657 2.01255
0.000 35.946 18.810 1.29271
0.000 37.405 21.369 0.73000
1.278 37.351 23.855 0.79577
4.379 37.501 23.071 0.71797
0.172 35.781 23.480 0.72940
1.563 35.233 22.599 0.60278
15.257 36.107 24.018 0.72053
17.107 36.336 22.424 0.80101
4.321 38.966 22.739 0.63226
0.106 38.734 22.301 0.87571
0.000 39.162 21.351 0.67471
0.000 38.264 17.865 0.82718
0.000 37.881 17.889 0.85409
0.000 37.913 19.629 0.82050
0.000 38.583 20.981 0.76644
0.000 38.108 21.901 0.66299
0.000 38.506 20.644 0.63485
0.000 38.434 23.014 0.90180
2.834 35.812 23.619 0.81202
0.613 34.656 22.602 0.81325
2.363 31.038 21.329 0.83595
0.021 36.696 23.585 0.68816
0.000 30.747 21.276 1.16098
0.000 34.966 20.615 1.87155
0.000 35.453 20.089 1.57121
0.000 36.231 21.964 0.72471
0.802 35.831 24.114 0.54556
2.699 35.882 24.068 0.52330
11.014 33.763 22.362 0.45159
0.000 37.821 22.155 0.96101
0.000 37.939 21.055 1.22143
1.196 38.549 22.568 0.74328
4.740 38.468 24.188 0.70129
3.250 33.999 23.007 0.76564
3.902 37.196 22.561 0.70678
8.240 33.096 21.856 0.99940
4.769 33.328 20.433 0.75437
0.325 36.576 19.989 0.91711
0.000 37.445 21.364 0.69035
0.043 37.983 22.386 0.69391
0.000 38.921 21.466 0.61034
0.000 38.741 23.676 0.73334
2.380 39.324 22.467 0.61292
0.000 38.196 21.710 1.29245
0.000 37.966 21.961 1.34148
0.000 37.145 22.476 1.34618
0.797 37.949 23.909 0.83433
1.705 35.629 22.705 0.66550
1.688 38.449 24.190 0.81188
22.919 34.703 23.569 0.39501
1.089 38.558 24.455 0.76935
26.926 36.882 22.990 0.68341
5.769 36.341 23.607 1.05280
6.337 32.587 23.138 1.05463
10.559 34.590 23.646 0.96548
13.664 33.860 23.847 1.24951
2.205 33.841 23.291 0.96628
12.886 31.808 22.584 0.81418
0.037 36.858 23.816 1.35993
0.960 34.731 23.181 1.22538
0.562 33.756 23.217 1.57099
2.662 35.275 23.625 1.88031
0.000 34.367 23.686 1.60982
0.344 35.013 24.474 1.45092
16.104 32.587 23.848 0.88639
15.215 31.694 22.452 1.13767
14.422 33.445 22.987 1.39560
23.261 31.814 21.476 1.37852
7.409 31.372 22.422 1.43818
0.954 32.138 22.026 1.18951
2.500 34.433 23.274 1.20275
0.000 33.817 23.494 1.21558
0.000 36.684 23.796 1.41562
0.245 34.880 24.353 1.48320
1.157 33.845 24.393 1.41222
8.956 32.536 22.534 1.45629
2.990 29.377 22.147 1.46207
0.421 31.334 23.001 1.25610
0.000 31.143 22.739 1.26641
12.322 31.735 23.377 1.12765
13.924 31.951 23.428 1.07506
47.716 31.622 22.861 0.96908
4.896 33.191 22.601 0.66920
4.771 32.419 22.715 0.66618
29.487 33.175 22.435 0.69059
3.225 33.382 22.730 0.59131
20.322 33.463 22.795 0.66009
15.052 30.633 22.542 0.93364
0.628 31.085 22.736 1.09076
7.451 29.586 22.562 1.01423
18.107 28.951 22.294 1.31685
4.670 28.387 22.233 1.24252
10.551 28.530 20.263 1.29404
10.934 29.222 20.760 1.35268
22.405 30.126 22.308 1.27173
14.598 27.173 21.334 0.98349
0.460 32.519 22.607 0.94792
16.915 31.956 23.020 0.97438
0.741 31.032 22.436 0.89848
6.333 33.227 23.171 1.10600
3.609 31.766 23.084 1.21820
0.137 34.337 23.598 1.23983
0.024 32.785 23.668 1.11022
0.701 33.329 24.032 1.35429
6.174 30.018 22.908 1.15330
3.714 30.141 23.257 1.42082
19.391 31.331 22.775 1.84036
39.884 31.659 22.206 1.97522
1.019 30.636 23.127 2.01982
11.466 30.967 23.277 2.07873
0.240 30.892 23.372 2.01350
2.978 30.415 23.139 1.75612
3.967 30.297 22.884 1.50889
1.216 33.127 23.412 1.68673
1.066 33.309 23.620 1.82208
0.000 32.597 22.991 1.92691
4.392 30.493 23.591 1.94224
6.718 31.437 22.020 1.86497
19.105 31.378 21.638 1.50106
0.110 33.994 22.952 1.46422
0.000 34.947 23.489 1.52608
0.670 32.911 23.903 1.22516
3.500 31.017 22.689 1.37741
0.000 33.665 21.756 1.26879
0.000 35.425 22.376 1.31029
21.040 33.167 22.992 1.69018
14.486 33.944 23.115 1.87984
0.644 32.269 23.188 1.92115
0.292 31.555 23.113 1.67492
16.129 29.806 21.962 1.30449
19.789 29.111 21.264 1.30524
26.786 31.231 22.651 1.82290
0.298 31.905 21.574 1.27210
0.000 35.276 23.129 1.21723
4.729 33.826 23.511 1.41070
34.342 31.788 23.193 1.36799
3.985 30.903 23.154 1.35548
20.861 29.896 22.740 1.83633
7.150 29.102 21.754 2.03004
0.559 31.094 22.552 1.98868
5.227 31.551 22.400 1.63560
0.169 31.744 22.864 1.48034
0.158 30.016 22.332 1.24686
0.084 31.440 22.376 1.13915
10.787 32.172 22.720 1.64126
48.912 26.618 21.490 1.75673
10.379 26.548 21.438 1.54524
32.381 26.339 20.972 1.62130
21.552 24.960 19.880 1.87975
27.108 25.383 20.495 1.86568
46.871 25.519 21.164 1.63029
42.039 25.933 21.199 2.11557
24.976 25.870 21.282 1.41864
4.405 27.376 21.192 1.36812
4.546 29.402 21.199 0.97758
14.425 31.939 22.060 0.58461
12.265 29.564 22.387 0.57763
33.153 27.816 21.917 0.56643
2.629 29.561 22.196 0.62070
2.945 31.574 21.953 0.75694
11.030 33.175 22.361 0.92744
2.675 33.027 22.949 0.82527
0.702 29.708 22.395 0.79091
29.015 30.539 21.753 0.62746
7.734 29.795 22.344 0.88978
39.360 30.121 22.519 1.03353
7.795 30.877 22.090 1.12222
33.439 29.308 22.155 1.00703
15.925 30.068 21.799 1.08513
5.600 28.672 21.908 1.00333
2.169 29.252 21.720 0.70386
35.244 30.706 22.172 0.90687
3.771 27.819 21.608 0.97055
6.055 28.122 21.762 1.00726
0.731 28.880 21.066 1.18504
17.397 29.813 21.189 1.66993
1.346 31.087 21.723 1.56759
0.056 30.691 22.116 1.43287
1.382 30.962 22.313 1.45958
5.937 30.128 22.538 1.41725
13.222 29.769 21.922 1.48375
14.339 29.043 20.907 1.68599
30.058 30.682 20.823 1.22990
18.256 29.342 21.508 1.07789
17.945 29.010 21.974 1.24243
52.900 26.177 21.607 0.79852
13.147 27.131 20.801 0.57896
14.260 30.526 21.310 0.73150
16.836 27.333 21.732 1.06035
2.755 27.038 20.482 0.79380
4.547 31.052 21.383 0.59628
5.554 33.082 22.868 0.57172
1.236 32.399 21.478 0.39130
0.024 31.836 19.570 0.64590
0.137 32.758 20.533 0.47916
0.568 31.309 20.458 0.69901
4.708 32.480 20.997 0.90648
1.198 28.703 20.446 0.91172
0.291 32.056 21.827 0.61870
3.138 31.834 21.708 0.53231
8.387 30.919 21.875 0.45395
2.461 31.505 20.185 0.84708
0.115 30.696 19.714 1.27704
0.354 31.996 19.066 1.44375
0.022 30.267 19.673 1.32392
0.171 31.902 19.150 0.97981
0.000 33.007 20.785 0.70228
0.000 31.048 21.474 0.51848
1.055 32.828 21.755 0.47220
1.531 29.855 21.337 0.68526
29.051 29.766 22.216 0.41774
19.724 33.364 22.071 0.68019
17.532 33.333 23.122 0.50756
92.170 33.209 23.113 0.61190
0.000 35.551 22.287 0.42223
0.000 34.950 22.443 0.50314
0.015 34.153 21.320 0.71878
1.054 35.387 20.536 0.93997
5.621 30.499 20.626 1.41986
10.249 26.505 20.515 0.80902
4.782 30.186 19.556 0.62139
4.801 33.360 19.956 0.56712
0.351 32.233 21.183 0.56249
0.157 32.492 20.261 0.39899
1.450 33.413 20.898 0.69374
0.408 31.204 20.691 0.78267
1.229 29.150 21.131 1.02007
2.470 30.389 21.138 1.60807
8.454 28.789 18.757 1.81866
1.960 24.309 18.894 1.65253
1.982 29.082 19.812 1.69055
41.295 27.842 20.487 1.40567
6.716 27.851 20.769 1.19183
0.975 27.849 20.376 1.61726
4.480 28.726 20.915 1.22554
7.713 28.536 21.125 1.14782
7.914 27.022 20.603 0.52620
0.000 31.263 20.758 0.73366
0.000 30.858 20.138 0.81528
1.401 33.096 21.594 0.51488
0.056 33.606 20.305 0.41423
0.000 34.551 21.139 0.94159
0.000 32.495 21.474 1.53340
0.329 32.272 21.382 1.45455
0.085 32.513 21.000 1.33751
9.565 32.406 20.632 1.56462
0.002 31.021 20.228 1.36111
2.770 29.150 19.532 1.47928
0.000 31.288 19.852 1.00934
4.156 30.898 19.386 1.33181
0.143 29.903 18.697 1.56928
0.000 30.236 18.012 1.77486
2.698 30.342 18.978 1.55446
1.733 27.869 20.211 0.86219
1.059 27.325 19.486 0.62401
7.067 30.516 19.221 0.75272
0.712 31.625 19.318 0.55130
0.000 33.022 18.727 0.78619
0.000 33.743 20.406 1.12575
0.525 30.567 20.402 0.91087
1.045 32.526 19.237 0.71200
0.062 34.051 19.959 0.54813
0.000 33.782 19.738 0.72612
0.000 33.242 20.111 1.47617
0.000 30.767 19.074 1.95025
0.126 30.264 18.970 1.62288
0.000 31.696 19.624 1.54995
0.208 30.633 19.593 1.81149
0.000 29.980 19.600 1.78168
0.010 30.807 19.765 1.52820
1.301 30.549 20.129 1.34378
0.000 31.858 20.179 1.17167
0.000 32.634 19.990 0.89876
0.000 33.628 20.342 0.87519
0.104 34.184 19.884 0.67180
0.000 35.250 21.416 0.42944
0.000 32.932 20.925 0.48767
0.000 32.815 20.586 1.24093
0.110 32.565 20.374 1.53968
0.061 31.804 19.773 1.57140
0.000 31.494 20.373 1.59099
0.033 31.252 20.918 1.08621
0.101 28.516 16.362 1.79902
0.024 27.889 17.608 1.54077
0.000 30.189 18.384 1.62353
0.000 29.304 18.654 1.25302
0.000 31.348 18.428 1.67979
0.000 29.722 18.051 1.77757
0.000 31.078 17.912 1.78213
0.000 29.879 18.183 1.85962
0.000 29.807 17.591 1.99283
0.000 29.917 17.541 1.64283
0.000 33.233 17.081 0.99306
0.000 30.160 14.286 1.78896
0.000 29.644 13.567 1.61386
0.236 29.746 14.553 1.74932
0.000 29.305 14.246 1.71114
0.000 28.637 14.244 1.53660
0.000 23.987 14.225 1.44571
0.000 30.042 15.362 1.21794
0.000 30.506 17.250 1.37028
0.000 30.579 16.119 1.86406
0.000 29.463 16.906 1.62748
0.000 31.193 17.928 1.73423
0.000 30.918 16.694 1.91231
0.000 30.504 15.424 1.48552
0.000 31.396 15.580 0.97643
0.000 32.345 15.627 0.76256
0.000 31.877 17.888 0.71954
0.000 32.683 18.205 0.50794
0.000 33.500 18.308 0.55235
0.000 33.508 17.668 0.60477
0.000 34.044 16.406 0.74792
0.000 33.573 18.362 1.75217
0.000 31.220 17.592 2.10489
0.000 30.484 16.870 2.06001
0.000 33.101 18.069 1.36038
0.000 34.598 19.626 1.22900
0.000 33.376 19.286 1.71409
0.000 31.649 17.116 1.87354
0.000 30.679 17.014 2.03022
0.000 30.199 16.709 2.21297
0.000 28.824 15.172 2.17042
0.049 29.410 15.484 1.89207
0.000 33.168 17.235 0.73463
0.000 34.352 18.745 0.57062
0.000 34.465 19.831 0.66652
0.000 34.727 20.699 1.40450
0.000 35.223 19.952 1.79730
0.000 33.226 20.017 1.92449
0.000 33.907 20.676 1.75175
0.000 34.492 19.367 1.43509
3.913 35.403 19.351 0.81100
0.000 36.165 18.477 0.75274
0.000 35.642 19.612 0.99850
0.000 35.807 17.581 1.08093
0.000 35.093 17.895 0.85749
0.000 33.823 18.698 1.30942
0.000 34.159 19.833 1.10603
0.000 33.636 17.645 0.78393
0.000 35.147 19.183 0.72626
0.000 35.865 17.971 0.71832
0.000 35.703 18.289 1.05110
0.000 35.287 17.465 1.39873
0.000 35.413 19.066 1.54044
0.185 35.418 19.160 1.11455
0.000 35.752 19.609 0.73322
0.000 36.938 21.730 0.79466
0.000 36.837 22.789 0.83454
0.003 36.786 23.478 1.01759
3.948 35.649 22.975 1.05807
0.084 37.651 24.200 0.53852
2.477 36.249 21.211 1.33594
0.000 32.675 20.602 1.93518
0.000 34.311 20.085 1.92653
0.000 33.795 20.675 1.85787
0.000 34.141 19.943 1.93838
0.000 33.481 19.288 1.94646
0.000 33.668 18.908 1.98711
0.000 34.188 17.209 1.24956
0.223 35.372 19.676 0.65373
0.000 35.963 19.790 0.48964
0.000 36.857 20.731 0.60365
0.415 36.962 21.359 0.62242
0.000 37.064 22.111 0.81119
0.885 36.275 19.904 0.98922
0.665 35.059 21.132 1.60605
0.000 34.258 20.927 1.71902
0.041 32.737 20.982 1.27366
0.040 34.056 21.217 1.34575
0.146 32.726 20.564 1.42302
0.000 35.978 20.762 1.27668
0.000 37.393 21.705 0.85987
1.541 37.164 21.009 0.49676
0.000 36.355 21.017 0.43078
2.773 36.601 23.605 0.54031
6.917 35.444 23.444 0.79855
1.796 35.592 23.646 0.87689
3.251 33.882 23.531 0.74852
0.924 38.237 24.278 1.22167
0.270 36.016 24.104 0.57450
13.407 37.788 23.586 0.68621
0.000 35.039 21.998 0.83776
0.114 39.697 25.100 0.75093
17.640 38.302 24.167 0.70234
0.986 37.853 21.978 0.59970
0.000 38.815 21.194 0.54751
0.000 39.661 22.287 0.67579
0.000 39.453 23.413 0.92882
0.000 38.786 24.584 0.96897
4.624 38.653 23.526 0.72292
0.000 31.489 18.549 0.96441
0.702 37.985 21.869 0.71958
0.000 38.569 22.735 0.62647
0.315 37.823 23.299 0.70602
0.010 38.107 23.634 1.01247
1.355 34.829 24.173 0.70550
0.000 37.568 21.701 0.73825
0.000 38.139 20.500 0.94173
0.000 38.166 23.082 0.73141
0.162 37.903 24.365 0.73792
8.767 35.209 24.401 0.44345
0.254 36.854 23.718 0.88901
0.000 34.116 21.778 0.78857
0.109 36.903 21.209 1.35721
0.159 37.210 22.315 1.28948
0.000 37.373 22.009 1.65570
4.734 36.767 23.165 0.75537
9.088 34.939 24.370 0.42109
74.643 29.571 22.792 0.78789
10.480 32.231 23.393 1.02345
1.454 36.023 23.631 1.22048
0.348 34.276 23.958 0.96519
52.729 32.385 24.448 0.69334
2.779 33.651 22.479 0.49925
0.934 37.567 22.805 0.91800
0.308 34.523 23.103 1.20166
1.159 33.565 22.491 1.11965
2.930 32.496 22.612 0.55335
9.595 31.331 21.666 0.45185
1.886 33.505 22.806 0.63811
2.910 33.944 23.403 0.65483
0.618 31.105 23.460 1.21209
1.564 31.801 22.909 1.38922
26.957 31.910 23.411 1.33519
3.501 32.042 22.468 0.88486
5.630 29.882 22.071 0.64407
11.876 28.899 22.191 0.61558
4.946 28.716 22.245 0.80779
7.864 31.231 22.583 1.20376
10.286 29.950 22.661 1.29070
16.595 29.853 22.058 1.31998
9.951 31.215 22.355 1.68597
2.999 30.637 21.736 1.82882
2.117 30.447 21.877 1.43309
26.027 30.649 22.749 1.57075
25.998 28.459 21.442 1.18762
23.993 29.969 21.607 1.46009
25.442 28.550 21.808 1.33495
22.143 28.763 22.414 1.23970
51.001 29.926 21.936 1.10016
2.699 31.401 22.446 0.82716
3.515 30.735 22.896 0.83106
2.228 31.367 22.291 1.09964
0.000 33.863 21.955 1.17969
0.035 34.509 22.687 1.24253
0.000 34.462 23.336 1.16079
0.000 32.190 23.088 1.20341
0.000 33.575 23.153 1.23528
2.569 34.634 23.721 1.25367
0.000 31.581 23.183 0.87115
1.256 32.366 23.311 1.02297
3.794 31.701 22.993 0.69731
8.963 29.796 21.977 0.77206
6.094 32.753 22.991 1.29697
2.816 30.083 22.793 1.15292
9.135 30.940 22.662 1.20211
13.610 31.324 22.957 0.95355
0.825 32.253 23.258 1.14679
4.739 30.939 21.713 0.96132
19.486 35.469 22.913 0.98624
7.761 31.821 22.391 0.89553
2.311 33.095 23.428 1.38209
0.455 32.074 23.440 1.30260
9.563 31.267 22.859 1.10868
3.014 31.825 23.112 0.97662
3.709 30.241 22.560 0.73754
11.051 32.814 21.882 0.36690
65.695 34.158 22.118 0.59281
8.342 34.918 22.843 0.61623
8.780 33.494 21.094 0.43800
21.249 33.547 20.968 0.93546
9.475 30.704 21.693 0.54900
4.295 31.458 21.263 1.14813
3.076 34.330 22.655 1.39624
1.979 31.774 22.963 1.08578
13.876 29.013 22.195 0.76919
3.833 31.561 22.648 0.81647
5.426 31.022 22.345 1.11775
10.202 31.445 22.631 0.51981
23.656 32.957 22.712 0.61597
13.342 34.199 23.164 0.75053
4.981 35.667 23.249 0.63748
9.751 35.526 23.195 0.86310
0.000 34.467 23.777 0.70898
0.030 35.566 24.025 1.18880
1.585 32.223 23.451 1.39350
8.780 31.971 23.136 1.45849
1.616 28.577 23.110 1.53617
2.988 29.491 22.487 1.38117
6.151 28.981 22.522 1.41345
18.931 29.005 21.768 1.47907
3.346 32.275 22.666 0.88844
0.246 31.956 23.096 0.51997
25.869 31.643 22.206 0.72913
18.358 30.810 22.580 1.05006
3.360 31.727 22.016 1.27668
3.266 31.307 21.665 1.45329
0.000 33.974 22.943 1.10187
2.636 33.190 23.305 1.46689
54.615 28.613 23.319 1.44887
18.914 27.711 22.006 1.26139
2.979 30.326 22.095 1.52155
0.844 29.378 23.076 1.55099
29.155 29.971 22.733 1.54855
4.044 28.712 22.655 1.43267
0.000 29.931 22.890 1.07310
0.190 31.537 23.319 1.31949
0.128 31.873 23.717 1.23207
2.536 31.355 22.808 1.20457
5.688 32.541 23.087 1.13091
4.749 35.306 23.023 1.08305
2.571 34.919 23.968 0.99741
1.858 34.832 23.828 0.95713
3.435 33.135 23.438 1.16868
19.516 31.004 21.736 1.21348
23.840 30.129 21.810 1.27151
28.119 30.651 21.859 1.56072
2.510 29.178 21.816 1.78071
3.110 29.928 21.581 1.56105
1.070 31.317 22.017 1.15844
12.743 30.873 21.925 1.39853
6.446 29.151 21.551 1.56732
8.819 30.799 22.257 1.85482
1.044 33.488 21.773 1.18270
0.000 35.770 23.644 1.16099
15.711 34.166 22.595 0.59944
1.526 35.400 22.716 1.00279
10.274 32.715 22.271 1.38981
0.095 33.124 22.587 1.65184
3.695 32.552 23.141 1.34070
3.491 30.643 22.817 1.40019
7.594 29.688 22.950 1.33693
13.715 30.132 22.124 1.43956
8.915 31.032 22.409 1.65714
33.370 32.538 22.498 1.49378
7.274 30.940 22.613 1.54800
8.594 29.831 22.922 1.47349
40.973 29.904 22.658 1.17655
1.403 30.297 22.348 1.09914
3.743 29.650 21.758 1.01323
40.536 29.196 21.908 1.01689
6.797 30.965 21.557 1.02888
3.153 30.305 21.169 1.25760
9.723 32.545 22.109 1.28601
0.476 33.745 22.540 0.88521
12.911 31.967 22.943 0.77283
13.869 29.165 22.089 0.97177
16.391 32.363 21.933 1.00545
6.950 33.865 22.252 0.74170
4.668 32.423 22.435 1.09065
10.244 31.287 22.458 0.65959
1.493 35.587 22.673 0.67874
10.120 31.853 22.390 0.55135
12.137 30.564 21.155 0.79429
50.995 33.712 22.176 0.78719
31.488 33.927 22.468 1.04645
9.324 34.143 23.201 1.02058
28.649 28.543 22.563 0.52621
5.974 30.073 21.241 0.61177
3.051 34.231 21.072 0.55762
6.546 32.766 21.654 0.85366
13.204 27.369 22.263 0.89269
17.874 29.154 20.455 1.02459
0.001 32.630 19.422 0.72936
0.931 32.506 21.247 0.67753
3.558 29.683 20.244 0.74987
2.552 32.706 21.310 0.57397
0.125 31.306 22.076 0.58316
4.306 33.536 22.625 0.55527
9.090 32.978 22.280 0.57043
10.780 31.074 21.607 0.49129
13.525 32.891 21.211 0.55370
3.205 31.360 20.325 1.03052
22.775 27.076 21.413 0.49107
8.581 26.857 21.408 0.60372
16.231 26.619 21.544 0.87352
18.338 28.501 21.621 1.04698
12.979 28.367 21.131 1.23166
5.896 29.119 19.378 1.32772
0.037 29.028 19.607 0.75621
2.177 28.609 18.883 0.75221
0.276 27.915 18.514 0.83695
0.000 29.556 18.397 0.82320
0.000 30.039 16.026 0.92677
0.000 30.582 16.928 0.98398
0.000 31.431 18.718 1.24314
1.193 31.383 19.677 1.69097
0.000 31.489 19.726 1.54185
0.000 31.684 19.090 1.51781
0.145 32.186 18.644 1.47434
0.000 31.115 16.125 1.11268
0.000 34.067 18.609 0.79076
0.000 33.929 17.699 0.92286
0.000 34.041 17.859 0.83737
0.000 33.582 17.385 0.82136
0.000 34.094 18.134 0.63797
0.000 34.442 19.610 0.59691
0.000 34.274 18.082 0.85068
0.000 35.184 20.213 0.84004
0.295 33.055 20.821 1.27781
9.300 31.750 21.324 2.09566
70.745 27.686 21.163 2.07341
45.339 25.244 20.498 1.18123
0.008 27.911 19.288 1.25596
0.314 28.946 17.663 0.99898
5.998 28.598 17.159 0.99788
0.000 29.746 19.654 0.72766
0.001 30.986 20.819 0.51246
0.000 31.689 21.066 0.47899
0.000 31.701 21.132 0.52099
0.470 31.451 20.402 1.00680
0.290 30.020 20.126 1.71843
0.065 30.431 20.948 1.57638
0.000 30.106 21.143 1.42480
0.000 31.168 20.104 1.71221
3.205 31.561 19.275 1.81704
0.019 29.535 16.211 1.84295
0.000 29.424 17.349 1.68342
0.000 29.242 16.030 1.96198
0.000 28.720 15.580 1.53373
0.000 29.512 15.685 1.28240
0.000 29.589 15.156 1.63183
0.000 29.194 16.969 1.69946
0.000 30.521 17.814 1.47873
0.000 30.378 17.044 1.56773
0.605 30.314 16.525 1.66114
0.011 29.853 18.091 1.74951
0.000 30.946 19.820 1.57422
6.806 27.763 20.203 1.48030
0.099 29.487 20.131 1.60212
6.565 31.079 19.735 1.90193
0.706 28.409 18.156 2.05878
0.099 29.670 17.728 2.06981
0.050 28.732 14.889 1.89295
0.000 28.614 15.884 1.69748
0.096 28.324 17.897 1.63879
0.122 27.730 18.469 1.21020
0.379 28.831 18.904 1.81697
0.030 24.977 15.018 2.37732
0.000 25.962 15.009 2.20070
0.215 27.520 15.991 1.79788
0.000 28.138 16.348 1.59858
0.000 29.087 16.897 1.29979
0.000 29.310 16.444 0.90561
0.000 30.175 17.450 1.42519
0.000 29.022 16.783 1.83723
0.000 27.945 16.059 1.82255
0.000 28.628 17.120 1.81948
0.000 29.916 17.500 1.61782
0.000 31.063 18.337 1.50317
0.000 30.180 17.528 1.68330
0.000 31.266 17.616 1.37493
0.000 31.143 18.319 1.45404
0.000 31.556 17.708 1.54992
0.000 31.678 17.857 1.54135
0.000 32.240 18.978 1.44488
0.000 32.090 17.240 1.68462
0.000 31.780 18.201 1.62179
0.057 31.380 19.640 1.57807
0.000 31.509 19.589 1.56609
0.000 32.313 19.244 1.47690
0.000 31.893 19.076 1.72310
0.000 30.870 18.851 1.74201
0.035 29.764 18.511 1.69438
0.000 31.332 17.601 1.52178
0.011 32.779 17.513 1.05287
0.040 33.224 17.093 0.93629
0.000 33.313 16.955 1.33523
0.000 33.817 17.755 0.69813
0.077 33.074 17.513 0.69910
0.000 32.429 18.238 1.21898
0.000 29.489 15.401 1.98874
0.000 28.542 15.109 1.80404
0.000 30.468 16.431 1.83460
0.100 28.459 15.390 2.26793
0.000 28.289 15.225 2.00193
0.000 30.797 16.362 1.66962
0.000 32.078 17.746 1.71663
0.000 31.395 18.007 1.07010
0.205 32.807 17.552 0.78717
0.000 34.520 17.772 1.09889
0.060 34.610 18.212 1.02245
0.000 34.588 18.636 0.60749
0.000 37.088 20.390 0.53907
0.000 34.644 21.916 0.59328
0.380 33.553 20.427 0.59112
0.000 35.936 17.987 1.34992
0.000 30.649 17.632 1.68094
0.000 33.212 18.533 1.52291
0.000 32.438 15.177 1.70287
0.000 29.465 15.275 2.03988
0.000 30.544 16.175 1.93111
0.000 32.144 16.347 1.71986
0.000 30.790 15.629 2.14325
0.000 28.962 14.275 1.99353
0.000 29.472 13.374 1.66431
0.000 30.791 13.373 1.09946
0.000 32.033 14.454 1.10193
0.000 31.512 15.949 1.33056
0.000 32.369 17.431 1.27844
0.084 32.073 16.798 0.93872
0.000 33.459 15.395 0.88741
0.000 33.987 15.915 0.84823
0.000 34.021 17.121 1.03335
0.000 33.886 16.549 1.00588
0.000 34.557 18.579 0.62886
0.000 35.347 19.156 0.60547
0.000 33.718 20.025 0.90397
0.000 32.661 17.856 0.90588
0.000 36.712 20.195 0.42789
0.000 36.579 22.010 0.58919
0.000 37.278 23.656 0.81580
0.091 36.691 23.528 0.64171
0.010 37.457 18.972 1.26864
0.000 30.338 19.478 1.77287
0.000 31.897 18.882 1.49172
0.000 33.077 18.236 2.06356
0.000 31.371 19.090 2.54013
0.000 30.557 17.887 2.54474
0.000 31.278 15.783 1.91439
0.000 36.732 17.961 0.69534
0.000 36.844 20.271 0.63440
0.009 36.445 20.621 0.57877
0.000 37.730 18.607 0.86586
0.000 36.685 16.961 1.55415
0.000 34.978 16.505 1.20858
0.000 37.437 19.333 0.76444
0.000 37.033 21.228 0.60028
0.000 37.228 20.250 1.15334
0.000 36.179 20.559 0.92815
0.000 35.460 21.239 0.60830
0.000 32.870 20.431 0.91668
0.000 36.074 21.907 0.59182
0.000 36.641 22.929 0.95824
0.841 36.904 23.259 0.89129
3.449 37.400 24.265 0.92863
23.397 32.819 23.282 0.59929
17.981 36.880 22.120 0.55357
6.638 37.546 21.102 0.63574
16.679 38.774 22.022 0.68612
0.825 37.845 22.104 0.63567
2.870 38.776 22.608 0.70881
7.910 37.231 23.890 0.66057
0.011 37.752 21.271 0.82360
0.007 37.410 20.682 1.20177
1.655 34.995 22.181 1.14750
1.051 36.202 23.283 0.68501
4.572 35.176 23.902 0.62901
1.221 35.138 23.507 0.61411
9.722 29.298 21.782 0.84299
0.002 34.836 22.139 0.93171
0.744 38.063 23.670 0.65350
0.189 36.219 23.403 0.81714
1.360 37.594 24.632 0.63186
0.201 37.578 23.654 0.96947
0.639 35.581 24.404 0.80204
5.336 34.895 23.775 0.57304
1.929 34.603 23.037 0.96129
0.000 38.192 23.647 1.19252
8.259 38.319 24.327 1.03295
9.849 36.156 23.401 0.78929
0.300 39.636 22.626 0.63516
0.000 39.567 22.795 0.48710
0.000 39.259 24.292 0.73158
2.838 38.470 24.371 1.00384
10.812 35.907 22.956 0.75276
0.000 38.117 24.102 0.65997
0.071 36.838 23.965 0.57975
0.000 40.185 22.683 0.70696
11.934 38.989 23.517 1.09241
3.079 35.692 22.368 1.20243
0.000 36.552 22.638 0.87735
9.290 38.273 23.704 0.65614
0.887 39.313 23.891 0.52780
4.909 37.386 24.399 0.65571
6.729 38.004 23.133 0.52151
0.000 37.918 22.994 1.44295
0.000 37.034 23.456 1.09210
10.620 37.893 23.595 0.73667
18.847 35.760 23.013 1.09039
1.332 33.443 23.549 0.57883
21.251 32.140 24.115 0.96264
1.564 30.217 23.627 1.06396
3.074 30.634 23.091 0.88858
17.324 32.551 23.909 0.76373
9.069 30.464 22.214 0.66258
10.100 35.342 23.124 0.70643
0.016 35.040 22.329 0.76192
3.230 34.286 22.690 0.65725
0.802 28.934 23.025 0.48965
0.596 29.422 22.068 0.97609
0.099 32.438 21.682 1.48645
2.443 32.929 23.207 1.66793
9.950 29.017 21.251 1.70194
0.706 31.114 22.215 1.21889
7.104 30.713 22.211 1.10104
2.364 32.754 22.496 1.24035
0.000 33.552 22.294 1.09377
5.927 35.347 23.665 0.85497
40.327 32.294 23.327 0.71654
6.175 36.208 23.060 0.56026
5.670 34.090 22.440 0.72925
19.379 34.681 22.166 0.62936
5.620 33.877 21.538 0.47912
5.416 32.277 21.027 0.75416
2.593 33.454 22.833 0.77440
16.731 33.403 22.685 0.56028
0.700 35.683 23.931 0.67813
7.394 32.760 22.073 0.66541
12.593 34.553 22.847 0.66505
17.036 31.010 21.938 1.09279
5.202 29.925 22.141 0.62124
30.272 31.302 22.750 0.61196
29.489 28.065 21.858 0.68039
63.746 26.645 22.543 1.45935
8.154 26.596 21.703 1.48345
1.574 29.792 21.656 1.32075
1.619 29.448 21.666 1.24492
0.000 29.587 20.513 1.27762
0.651 30.462 21.164 1.09294
7.480 31.034 21.966 1.14975
2.464 30.715 22.019 1.50946
11.959 30.968 22.471 1.47306
0.869 29.547 21.982 1.54096
0.136 30.110 22.577 1.57536
1.203 28.031 21.482 1.62039
0.779 28.521 20.482 1.36918
0.000 32.409 22.159 1.39911
1.816 32.603 22.962 1.66523
11.931 29.872 22.510 1.17009
0.849 31.350 22.508 1.07410
0.000 31.404 22.499 1.10313
0.000 32.943 23.492 1.45614
5.248 32.077 23.030 1.35805
36.224 31.564 23.286 1.09989
0.053 30.953 22.927 1.09587
1.765 30.593 22.366 0.79907
7.281 33.645 22.834 1.06287
27.624 34.101 23.604 0.93004
12.484 31.852 23.062 0.49849
2.014 30.005 21.379 0.62052
9.962 31.940 21.319 0.86406
51.664 32.801 21.842 0.79580
19.891 32.020 22.498 0.50798
30.660 30.495 22.038 0.50605
9.660 32.418 23.093 0.50395
17.825 31.450 21.568 0.47911
2.820 34.836 22.341 0.80046
0.056 33.450 23.303 0.80075
19.789 29.012 22.970 1.10683
7.769 32.038 22.249 1.37662
6.120 31.582 22.487 1.49791
25.879 33.384 21.754 1.49024
22.995 33.025 22.589 1.17518
5.724 27.926 21.541 1.14555
6.559 31.812 22.262 1.34510
2.040 31.092 22.437 1.20811
6.228 29.475 22.019 1.43353
20.555 28.426 20.774 1.70686
9.190 32.043 21.541 1.30774
0.501 29.487 22.143 1.21337
13.869 30.000 21.605 1.14011
4.077 29.084 21.721 0.96903
21.413 27.637 20.662 0.99636
11.764 28.831 21.073 1.16092
7.634 28.619 21.134 1.14391
2.451 29.438 21.593 1.25635
8.217 29.272 21.917 1.20733
5.590 29.778 22.314 1.35024
10.825 28.919 21.379 1.32385
18.911 29.685 21.306 1.25619
14.896 28.176 20.887 1.43947
20.187 28.028 20.998 1.54817
11.350 29.892 21.417 1.17491
11.826 30.595 21.810 1.48360
11.285 29.591 21.694 1.60206
2.241 30.295 22.186 1.70578
0.270 26.810 21.622 1.31839
0.843 30.629 21.818 1.36832
1.675 31.647 22.615 1.12229
20.813 26.975 22.303 0.96825
51.540 29.266 22.000 1.24172
29.121 25.545 21.090 1.26378
5.260 28.815 21.508 1.19380
0.429 29.653 21.054 1.36771
0.000 28.460 22.167 1.01404
1.305 29.641 23.052 1.08442
0.136 30.240 23.158 1.04513
0.000 30.844 23.123 1.43651
17.249 28.984 22.525 1.55088
7.325 30.073 21.765 1.58838
25.860 30.509 22.815 1.87021
5.871 29.965 22.777 1.94661
0.000 29.387 22.363 1.55027
0.000 32.717 22.943 1.48863
12.738 31.251 22.924 1.21233
12.436 27.674 20.968 0.95980
3.632 30.414 21.026 0.85418
13.469 32.486 21.841 0.80658
0.047 33.236 21.868 1.00068
5.134 32.131 22.708 1.36669
15.614 30.425 21.657 1.48293
0.821 29.280 21.759 1.19231
4.181 31.008 21.390 1.19965
1.476 32.073 21.028 0.73422
13.186 32.339 21.603 0.53751
3.026 28.799 22.077 0.67507
10.489 27.228 21.048 1.10774
11.489 28.993 21.276 1.05147
12.614 28.675 21.647 0.58501
15.941 29.324 21.784 0.37924
27.164 31.856 21.206 0.50874
3.664 31.366 21.135 0.53934
38.519 28.122 21.183 0.55697
30.871 31.563 21.557 0.43189
11.226 32.624 20.007 0.66859
0.070 35.042 19.485 0.76257
1.169 35.041 20.957 0.62235
0.590 34.936 20.794 0.80691
0.206 35.430 20.992 0.92902
8.751 34.765 20.811 1.25387
0.541 34.154 21.186 0.88150
12.319 35.519 20.854 0.54802
0.409 34.267 21.268 0.52540
0.109 34.716 21.430 0.63918
20.921 30.363 21.578 0.69183
12.389 29.121 20.117 1.01586
10.491 30.954 21.046 1.11579
5.289 28.464 20.401 0.90422
3.039 29.341 20.631 0.79895
0.000 29.904 19.815 0.66073
0.000 29.278 19.332 0.59492
0.000 29.153 20.428 0.59769
0.000 31.227 21.050 0.62851
0.834 29.820 20.330 0.48110
0.293 28.533 18.641 0.84798
0.000 31.284 17.867 0.99853
0.000 32.391 18.725 1.07991
0.000 32.156 18.734 1.05552
0.000 32.154 19.304 1.12519
0.023 32.339 19.679 1.09100
0.000 31.362 17.606 0.97531
0.000 32.588 16.534 0.87168
0.000 32.944 16.124 0.74011
0.000 33.632 18.968 1.03816
0.000 32.992 19.316 1.48488
0.149 33.323 19.313 1.51160
1.667 33.775 20.011 1.38794
0.260 33.025 19.289 1.76229
0.402 33.045 18.302 1.71938
0.000 32.399 18.859 1.73543
0.000 32.874 20.187 1.40657
0.000 33.961 20.510 1.66663
0.000 33.501 20.255 1.86523
0.790 32.665 20.080 1.76484
0.010 33.333 19.776 1.71757
0.000 32.506 20.251 1.71417
0.000 32.552 18.912 1.73217
0.039 32.925 19.637 1.63479
0.000 34.014 20.523 1.39826
0.000 33.725 21.354 1.63153
0.000 34.056 20.035 1.64981
0.000 32.060 19.407 1.44692
0.009 33.306 19.753 1.21576
0.076 33.198 19.338 1.00312
0.634 34.587 19.811 0.66063
0.000 35.147 20.808 1.13219
0.000 34.313 20.665 1.75734
4.099 34.095 21.242 1.51141
0.057 33.767 20.984 1.34497
0.000 35.275 21.023 1.42356
0.000 33.013 20.651 1.83990
0.000 31.685 20.383 1.93159
0.000 31.769 18.820 1.95955
0.000 31.030 16.330 1.82432
0.000 30.670 16.875 1.56560
0.155 30.473 18.409 1.90122
0.000 31.119 19.323 1.81691
3.374 30.168 20.180 1.74878
0.546 30.147 20.557 1.54373
0.137 30.697 20.744 1.60072
0.203 32.483 21.327 1.74462
0.030 31.967 20.332 1.92212
0.000 31.844 19.590 1.77529
0.000 31.145 18.085 1.83203
0.004 31.695 18.227 1.63604
0.000 32.572 20.053 1.67671
0.256 30.780 19.333 1.64940
0.592 31.785 19.534 1.07380
0.000 30.435 17.114 1.50233
0.000 30.299 17.915 1.75274
0.000 30.123 19.031 1.83332
0.000 30.275 19.013 1.96367
0.000 28.705 17.456 2.06004
2.256 29.646 18.347 1.93441
0.000 28.958 18.212 1.96306
0.000 30.673 19.008 2.03386
0.000 30.423 17.483 2.12093
0.000 30.010 15.683 1.79872
0.000 31.796 17.117 1.17894
0.000 31.883 17.827 1.29375
0.053 31.789 17.963 1.52869
0.439 30.554 17.964 1.46968
0.039 31.936 17.057 1.05824
0.000 31.895 16.149 0.93526
0.000 31.152 13.915 1.13794
0.000 31.650 14.116 0.78922
0.000 31.933 13.639 0.75310
0.000 31.678 15.380 0.85405
0.000 32.031 15.219 1.33014
0.000 31.029 16.153 1.48519
0.032 31.656 15.918 1.33707
0.856 30.939 16.532 1.80543
0.000 29.882 17.313 1.95558
0.000 30.728 16.854 1.59617
0.000 31.342 17.678 2.00470
0.000 29.637 14.911 2.37303
0.000 26.405 13.900 2.07503
0.000 29.149 14.361 1.51997
0.000 32.133 13.681 0.90030
0.000 30.511 15.315 1.59615
0.099 30.765 15.972 1.86741
0.004 30.771 17.135 1.76350
0.000 31.084 17.230 1.72956
0.000 30.832 16.318 1.82555
0.000 30.599 16.564 1.82657
0.000 30.624 17.434 1.59282
0.000 31.456 18.160 1.42930
0.000 30.545 15.566 1.23987
0.000 31.951 16.413 1.40797
0.000 30.043 16.221 1.72767
0.000 29.107 15.399 1.60894
0.000 28.264 15.517 1.53219
0.000 29.185 14.108 1.15258
0.000 31.230 13.839 0.86540
0.000 32.289 14.520 0.94895
0.000 32.023 16.357 1.57089
0.000 32.037 16.743 1.55131
0.000 32.826 16.737 1.27585
0.000 33.097 14.890 1.14440
0.000 33.969 15.838 0.74409
0.000 33.800 17.059 0.74903
0.000 34.018 18.440 0.66780
0.000 33.503 19.108 0.66032
0.000 34.822 19.169 0.68291
0.000 35.721 19.688 0.63820
0.000 36.046 16.326 0.77266
0.000 34.501 17.239 1.03612
0.000 34.551 16.430 0.90001
0.000 34.603 16.190 0.71870
0.000 35.018 16.705 0.71365
0.000 35.146 15.872 0.84962
0.000 35.755 16.301 0.65447
0.000 35.907 16.673 0.73310
0.000 35.083 16.934 1.01083
0.000 34.577 18.584 1.47142
0.000 35.480 17.922 1.11399
0.000 34.742 18.913 1.72593
0.000 32.742 19.439 1.91460
0.000 33.749 19.641 1.67667
0.000 34.605 18.780 1.01932
0.000 34.725 20.797 0.44618
0.004 35.582 21.904 0.58326
0.000 37.269 20.947 0.66903
0.000 36.937 21.022 0.87496
0.000 38.097 20.785 0.80358
0.000 35.399 19.145 1.70439
0.000 32.595 16.823 1.90912
0.000 33.328 16.846 1.66943
0.000 34.406 15.502 1.02623
0.000 36.335 17.932 0.69675
0.000 37.115 19.546 0.77614
0.000 37.928 19.793 0.88729
0.000 38.709 21.334 0.67382
0.000 38.361 21.050 0.55706
0.000 36.530 20.158 0.95127
0.000 35.449 19.086 1.42166
0.000 36.607 20.333 1.29008
0.000 32.456 16.750 1.75580
0.000 32.179 15.610 2.31040
0.000 28.445 14.103 2.49591
0.003 28.503 14.137 2.09834
0.000 32.175 15.538 1.62237
0.000 34.580 15.434 0.86890
0.000 35.429 18.081 0.76225
0.000 36.551 19.822 0.70535
0.000 37.435 20.425 0.74728
0.000 37.873 22.673 0.62860
0.000 35.352 20.216 1.83854
0.000 34.312 19.000 1.84893
0.000 36.156 18.468 1.20933
0.000 36.537 17.709 1.41941
0.000 36.288 17.523 1.58354
0.026 35.999 19.164 2.06994
0.000 33.993 20.475 1.89294
1.144 34.353 20.305 1.42141
0.000 36.721 19.491 0.90968
0.122 37.530 21.833 0.51708
29.789 37.165 20.450 0.61914
0.000 35.100 20.924 2.05223
0.000 34.440 20.402 1.92417
0.000 36.838 20.159 1.01780
0.000 37.519 22.535 0.52227
0.000 38.556 21.703 0.55451
0.059 38.493 23.137 0.70663
0.731 37.891 23.483 0.82906
0.152 36.571 22.601 0.71186
0.000 39.150 23.058 0.61160
0.290 39.177 21.869 1.48093
0.000 36.754 21.789 1.97985
0.000 35.449 20.442 2.13605
1.140 36.428 21.634 1.38619
2.869 37.591 23.486 0.83069
1.081 35.943 24.153 0.72002
0.329 34.628 23.089 0.59804
1.420 37.392 24.087 1.03417
0.232 36.448 23.494 0.71692
8.035 38.723 22.315 0.80209
0.000 39.521 23.109 0.69866
0.000 37.530 20.676 1.55386
0.000 37.153 22.286 1.49798
0.944 36.057 20.745 0.77265
0.000 37.850 20.668 0.59663
0.000 38.242 21.849 0.69815
0.000 37.954 20.685 1.19769
0.000 37.523 19.941 1.34451
0.000 37.433 20.206 1.45484
0.000 38.421 20.976 0.70940
0.000 38.244 23.034 0.87352
5.903 37.576 23.966 0.86588
11.626 30.230 22.149 0.67209
1.504 36.679 24.603 0.83894
15.611 35.911 24.275 0.99051
12.379 29.443 22.848 0.69878
34.459 33.017 24.075 0.79679
4.238 37.835 23.713 0.72042
0.000 40.017 24.924 0.65975
6.783 39.568 25.482 1.10264
5.185 38.721 25.328 0.53062
0.000 39.776 24.476 0.79595
0.000 39.313 24.998 1.03950
0.781 36.824 25.240 0.99902
0.937 32.328 24.601 0.65918
12.547 36.592 24.190 0.71550
45.934 38.060 24.347 1.51153
1.092 34.356 23.937 1.44566
6.561 33.420 24.019 1.32066
1.103 31.101 23.188 1.30008
2.004 36.949 24.232 1.35986
0.000 34.452 23.981 1.19918
2.301 34.215 24.411 1.32329
1.300 32.654 23.914 1.15683
5.326 33.139 24.014 1.06570
8.962 31.998 23.113 0.70202
43.732 34.040 22.467 0.69817
31.923 36.555 23.773 0.86967
0.461 34.590 23.725 0.84950
8.371 33.586 23.353 0.89970
18.976 31.629 23.071 0.77698
4.702 34.453 23.528 0.85503
20.639 33.274 23.562 0.78739
20.435 33.413 23.532 0.65810
22.849 33.894 24.068 0.90229
4.110 33.534 24.172 1.06916
2.161 29.190 22.958 0.83232
2.891 33.211 23.595 0.73285
1.859 32.174 23.529 1.04410
0.761 31.996 23.479 1.23334
0.049 34.760 24.066 1.41131
0.000 33.809 23.680 1.53417
0.000 32.799 23.382 1.39615
1.806 34.444 24.252 1.63896
0.456 31.143 23.543 1.30761
0.740 33.062 24.221 1.27976
1.138 31.802 23.693 1.28162
24.232 29.953 22.736 1.57318
2.949 30.268 22.504 1.75772
0.859 30.419 22.728 1.35158
0.005 33.745 23.601 1.11812
0.041 34.544 24.040 1.51849
0.016 34.491 24.865 1.25929
0.636 30.233 22.791 1.14233
6.195 33.700 24.015 1.23876
2.495 30.335 23.423 1.03882
22.994 32.622 23.247 1.07568
3.625 30.815 22.891 0.95528
0.000 33.773 23.324 1.07416
1.850 32.583 23.747 0.99601
0.273 33.935 23.905 1.13465
4.869 32.040 23.108 1.05999
11.821 31.047 23.338 1.26628
5.615 31.290 22.821 1.26705
1.141 32.194 22.919 1.32946
3.814 31.839 23.178 1.37513
39.900 31.493 23.000 1.24907
7.949 27.059 21.836 1.29243
29.968 30.206 22.269 1.40675
5.440 30.227 22.155 1.26834
0.460 30.931 22.198 1.30859
3.592 30.113 22.634 1.07314
2.284 30.724 20.706 1.20331
50.393 29.514 21.277 1.13098
0.538 32.399 21.805 1.30460
5.498 31.422 22.557 1.23811
18.078 31.094 22.245 1.23229
3.571 31.750 22.807 1.57434
0.069 29.284 22.329 1.32797
0.000 34.034 23.331 0.83642
36.148 30.785 22.747 0.67504
29.623 32.059 22.785 0.60373
19.289 32.557 23.022 0.43632
3.249 34.692 22.324 0.61448
0.057 37.501 22.511 0.76175
0.000 37.275 23.294 0.71421
0.315 35.694 23.513 1.29992
0.677 32.629 22.711 1.09601
0.000 33.227 22.498 1.55573
0.000 33.047 23.213 1.74016
0.279 30.520 22.711 1.67241
4.974 30.858 22.548 1.40085
44.748 29.953 21.774 1.43075
17.999 28.585 21.627 1.42100
14.076 31.699 22.262 1.47136
21.953 28.730 22.232 1.61269
2.281 29.828 22.994 1.77701
9.707 29.190 22.140 1.66201
2.256 29.619 22.138 1.61946
5.450 28.042 22.346 1.61113
12.386 31.058 21.992 1.33419
5.524 31.175 22.136 1.24079
14.512 32.821 22.598 1.18678
14.805 29.180 22.665 1.19032
17.659 31.687 22.874 1.91562
2.316 31.129 23.268 2.03041
8.647 29.833 23.245 1.76600
6.994 28.539 21.670 1.89402
16.045 30.441 22.656 1.68684
17.501 28.473 22.228 1.60250
59.217 29.779 22.757 1.70990
3.678 29.420 22.585 1.60927
11.135 29.580 21.610 1.70355
10.931 29.193 21.227 1.67724
0.908 31.916 21.957 1.38795
7.461 32.101 22.471 1.11522
9.040 31.165 22.775 1.24430
2.644 29.844 22.076 0.95132
2.681 31.651 22.751 1.15047
3.190 31.857 22.039 0.94816
0.037 33.622 22.968 1.13114
0.084 32.041 22.580 0.71187
2.549 33.089 22.656 0.80996
9.268 33.592 23.442 0.87566
0.206 34.411 23.183 0.98273
6.212 35.449 23.955 0.87556
0.599 32.646 22.798 0.67517
0.429 34.204 23.735 1.08772
27.593 27.823 21.638 1.37220
4.420 31.200 22.137 1.47388
1.904 33.689 22.713 1.62610
0.000 32.738 22.386 1.39106
0.000 33.615 22.966 1.08485
11.137 31.231 22.909 0.97067
1.019 30.718 22.565 0.98148
9.318 32.444 22.491 1.34207
0.961 31.133 22.435 0.97938
39.157 31.523 23.222 0.90512
27.789 26.628 21.985 0.82499
24.735 29.865 21.088 0.93580
10.989 30.574 20.854 1.03492
2.735 28.382 21.521 1.15648
16.479 27.832 21.156 0.86385
119.707 31.846 21.448 0.53384
21.234 29.333 21.592 1.17813
1.739 31.340 22.063 1.20369
16.908 29.208 22.699 0.74387
63.158 28.386 21.797 0.88521
28.517 32.852 23.226 1.03589
3.526 31.142 22.535 1.39921
8.606 30.887 22.103 0.90578
3.316 31.087 21.570 0.68412
5.148 29.305 21.808 0.47344
0.901 30.288 22.389 1.24312
0.229 29.207 22.281 1.04856
2.939 29.236 22.224 0.78264
9.250 31.238 22.260 1.35651
18.295 31.407 21.847 1.73771
1.874 30.165 21.918 1.22779
0.598 33.973 22.417 0.71474
22.006 33.293 21.400 0.59659
0.566 35.688 20.596 0.68610
0.000 35.558 22.521 0.61751
0.000 29.352 22.009 0.45066
8.543 30.081 21.107 0.72627
2.934 34.456 19.713 0.45444
0.096 35.031 21.171 0.51911
0.000 35.225 22.249 0.45026
0.156 31.320 22.485 0.40247
14.538 28.517 21.415 0.59121
0.793 28.410 21.416 0.82266
0.007 31.512 22.038 0.95196
19.005 32.479 21.784 0.57548
48.663 31.247 22.548 0.37409
0.886 30.596 20.910 0.58530
0.000 33.117 21.021 0.89172
0.077 31.898 20.491 1.16823
0.039 31.021 20.274 0.77889
0.000 30.354 21.016 1.02504
0.983 31.442 21.346 1.61088
7.335 31.060 21.152 1.37926
8.535 29.985 20.645 1.33806
18.771 30.441 21.098 1.70628
38.316 27.433 21.160 1.27651
1.588 26.116 20.329 0.88040
4.494 29.850 20.594 0.84480
0.000 27.890 20.673 1.07436
0.030 29.955 21.606 0.95352
2.086 30.590 19.954 1.22629
0.489 32.253 20.583 0.99801
1.984 30.171 20.669 0.84341
0.006 31.517 21.038 0.65970
15.419 31.812 21.121 0.73596
10.064 31.931 21.847 0.83999
0.000 32.661 22.895 0.33686
2.427 30.689 21.922 0.50962
8.026 28.603 21.378 0.82431
1.425 30.229 21.498 0.71688
0.000 29.243 20.855 0.63280
0.014 30.885 20.647 0.49697
0.098 31.573 20.008 0.40329
0.000 33.898 19.774 0.51172
0.000 34.832 21.338 0.46409
0.000 34.307 21.510 0.51217
0.000 33.940 21.290 0.41213
0.407 34.744 19.931 0.52216
0.000 35.003 17.405 0.59190
7.800 34.002 20.007 0.90820
0.011 33.286 21.493 0.89617
3.606 31.789 21.797 1.42495
0.000 30.191 20.481 1.80912
0.000 30.303 17.877 2.15946
0.000 28.791 17.045 2.08326
0.000 29.486 16.991 1.88320
1.205 30.302 18.525 1.88545
0.442 29.943 19.305 1.73562
0.000 29.788 19.286 1.31263
2.095 29.232 19.803 1.36375
0.635 29.082 20.224 1.15329
0.029 30.803 20.510 1.12420
0.141 28.463 19.893 1.35275
11.700 29.136 20.444 1.63463
0.133 27.693 19.760 1.48237
0.188 28.642 20.481 1.32538
0.212 28.205 20.508 1.10521
1.810 29.957 20.667 1.15222
0.254 28.737 20.403 1.26246
9.537 28.122 20.837 1.65814
3.200 28.231 20.220 1.84954
0.014 28.500 19.513 1.89975
0.010 28.050 19.174 1.71136
5.063 30.263 19.552 1.52126
0.595 26.924 20.522 1.38466
2.374 25.423 20.362 1.47247
5.285 28.623 19.797 2.15999
5.544 26.033 19.790 2.01532
54.553 24.309 19.534 2.07561
0.000 24.734 18.032 2.13511
0.000 26.806 18.059 2.02122
0.000 26.255 16.182 2.21675
1.261 25.053 15.252 1.97507
5.692 21.470 16.363 1.85123
0.582 22.470 18.399 1.58557
0.337 23.238 14.347 2.16659
0.033 19.851 14.260 2.15649
0.000 25.259 15.337 1.39791
0.000 27.156 17.234 1.04033
0.004 28.070 18.141 1.30329
0.004 29.380 18.560 1.38758
0.000 29.166 18.159 1.40619
0.000 29.433 19.089 1.26665
0.000 29.570 18.271 1.39240
0.000 29.428 19.052 1.11289
0.000 30.193 19.874 1.43549
0.025 30.447 19.137 1.63909
0.141 30.217 19.466 1.59687
0.000 28.911 19.222 1.31213
0.000 32.528 18.356 0.64061
0.000 32.721 19.254 1.30532
0.000 29.971 18.236 2.15254
0.000 28.255 16.697 2.22068
0.000 27.831 16.326 2.04057
0.000 28.302 16.103 1.96070
0.000 29.170 16.458 1.83330
0.000 30.737 15.610 1.35172
0.000 32.705 14.703 0.82469
0.000 32.677 15.689 0.79524
0.000 33.211 16.199 0.72916
0.000 33.574 18.161 0.83482
0.124 33.709 18.481 0.55676
0.024 34.417 19.656 0.37637
0.000 33.184 20.681 0.68280
0.000 32.288 20.836 0.68673
0.000 33.858 20.817 0.71018
0.000 33.602 18.310 0.94182
0.000 31.247 18.393 1.38229
0.000 27.625 15.779 1.90150
0.000 28.018 15.373 1.92249
0.004 28.659 15.922 1.90025
0.027 26.753 14.619 1.88844
0.000 28.327 15.614 1.41791
0.000 31.198 17.306 1.13069
0.000 33.557 19.579 0.96768
0.000 33.453 19.592 1.13896
0.000 32.788 19.389 1.53193
0.000 31.753 16.581 1.74038
0.000 33.009 16.637 1.59874
0.011 32.772 18.320 1.95014
0.000 30.236 17.274 2.16839
0.015 31.052 17.526 1.88238
0.000 32.409 17.640 1.73601
0.000 31.043 18.184 2.03376
0.000 31.417 18.695 1.97465
0.015 30.252 19.162 2.10634
0.023 29.889 18.764 2.02101
0.000 31.671 19.277 1.79745
0.195 30.616 18.614 1.81802
0.000 32.803 17.888 1.18577
0.332 34.784 19.331 0.58715
0.048 35.305 20.579 0.57538
0.000 35.904 20.577 0.78708
0.000 35.337 20.501 1.46304
0.000 33.879 19.387 1.57881
0.000 34.128 19.106 1.91178
0.004 33.416 18.895 1.87000
0.004 34.158 19.806 1.90722
0.000 33.391 19.564 2.04889
0.000 32.718 19.899 2.06888
0.000 33.259 19.679 1.95795
0.000 34.304 19.592 1.41743
0.000 34.599 18.856 1.03005
0.000 35.116 18.647 0.72911
9.550 32.858 20.619 0.72573
0.071 30.241 15.410 1.97861
0.000 31.423 15.658 2.07185
0.000 32.245 16.349 1.72409
0.000 33.883 18.025 0.86251
0.000 35.972 19.252 0.54782
0.000 36.537 20.169 0.64901
0.000 35.864 19.984 0.69299
0.000 36.675 18.657 0.87583
0.000 36.229 19.019 1.20452
0.000 36.004 18.984 0.94487
0.000 36.364 20.606 0.65875
0.000 36.457 21.490 0.62388
0.000 35.713 21.434 1.49524
4.346 27.966 19.618 1.64329
0.000 32.577 19.120 1.12175
0.017 34.721 20.055 0.87696
0.032 35.345 18.667 0.72945
0.000 36.515 17.787 0.68328
0.106 36.421 20.043 1.33600
0.000 36.024 18.579 1.22958
0.000 36.644 18.159 0.87049
0.000 37.747 20.976 0.54179
1.956 35.738 22.670 0.68139
12.171 36.694 23.101 0.67145
0.009 37.344 22.666 0.62731
0.068 38.353 23.193 0.62414
18.648 37.452 23.704 0.72826
0.000 35.552 21.173 0.84783
0.000 36.877 21.337 0.87015
2.234 37.109 22.973 0.68786
1.907 33.374 22.430 0.63165
44.575 32.163 22.176 0.61458
8.511 30.131 21.549 0.38893
4.600 31.908 21.195 0.42625
0.679 36.351 21.740 0.55661
0.195 36.843 21.964 0.52146
1.629 38.483 22.330 0.71429
7.771 33.195 22.644 0.75458
0.679 33.023 21.320 0.49878
17.565 36.907 22.445 0.29811
4.698 37.063 23.164 0.83939
5.611 37.395 23.762 0.83298
9.850 36.311 23.558 0.89262
7.719 36.059 22.786 0.76114
4.889 38.667 22.491 0.77222
0.444 36.751 21.928 1.73578
0.000 36.343 21.442 1.74189
0.000 35.686 21.475 1.34733
0.000 37.029 21.325 1.31529
0.000 37.441 18.590 1.04943
0.000 37.904 19.370 1.23238
0.235 38.454 22.999 0.62042
0.000 36.603 22.937 0.74320
14.530 37.797 22.092 0.57211
0.095 37.803 22.517 0.74425
0.000 38.045 23.908 0.71336
0.000 37.513 23.639 1.06194
2.024 36.859 23.155 0.89913
8.748 33.700 23.731 0.70477
8.804 32.694 23.852 0.72141
20.673 35.240 23.172 0.46081
7.251 35.952 23.142 0.93765
21.013 35.001 23.897 0.65028
36.745 35.113 23.609 0.64253
0.096 38.424 23.052 0.58353
1.184 37.519 23.677 0.80422
6.214 37.561 23.465 0.59757
2.083 38.422 23.222 1.16587
4.325 37.701 23.702 0.62018
7.246 36.797 23.726 0.67466
0.008 37.009 23.296 0.67927
0.439 37.448 23.146 0.79726
0.459 39.141 21.689 0.88739
2.269 36.842 21.594 0.71430
6.880 35.219 22.018 1.08670
2.591 34.956 22.334 1.12557
0.074 34.847 22.713 1.13373
0.000 33.267 22.807 0.97841
35.320 35.398 22.324 1.31310
0.445 30.107 22.754 1.19871
2.435 29.997 22.430 1.22143
8.247 32.124 22.353 0.97135
5.259 32.541 22.645 0.79999
18.630 33.996 22.862 0.77278
2.175 30.899 22.009 0.46190
21.723 34.521 22.627 0.53787
9.401 36.044 23.950 0.74547
35.705 29.594 22.504 0.87059
4.431 33.487 23.514 0.91527
13.438 32.715 23.071 0.82202
11.495 29.520 22.235 0.93492
8.155 31.539 22.843 0.87671
0.286 29.896 22.118 0.78206
12.916 31.353 22.519 0.78673
7.539 31.818 22.587 0.97497
2.615 33.258 22.813 1.11938
0.485 32.029 23.021 1.27497
3.501 31.230 23.013 1.10298
0.236 32.397 23.142 0.97375
0.000 31.614 23.380 1.13469
0.000 33.326 23.663 1.51973
0.000 30.339 22.549 1.12096
0.655 32.816 23.321 0.85577
24.581 28.695 22.584 0.94637
5.797 29.504 22.554 0.72896
1.033 32.266 22.445 0.88046
5.842 33.223 22.921 1.03830
2.969 32.205 23.604 1.04883
31.701 31.824 23.240 0.70041
18.011 29.674 21.961 0.65716
7.874 33.876 22.913 0.48946
8.876 33.726 22.634 0.41579
4.593 32.498 21.943 0.48130
10.095 33.659 22.778 0.43342
22.666 33.010 22.014 0.50998
6.490 35.206 22.423 0.57316
19.792 34.141 23.389 0.55942
15.911 32.081 22.867 0.63075
3.753 31.725 21.802 1.49757
1.499 29.034 22.668 1.40915
8.316 28.465 21.402 1.63065
4.430 27.071 20.819 1.58409
10.143 27.681 21.389 1.30842
10.896 27.399 21.939 2.04417
0.634 26.386 21.908 1.25791
8.379 30.112 22.462 1.52601
14.341 29.290 22.536 1.49945
0.183 32.766 22.954 1.71305
0.000 31.573 22.839 1.55804
0.086 32.676 22.746 1.75205
0.158 33.357 23.276 1.74016
0.000 33.615 23.476 1.60813
12.198 32.408 23.305 1.73832
4.696 32.748 22.792 1.89002
10.238 30.117 23.157 1.52127
4.451 30.246 22.860 1.63987
0.358 30.971 22.703 1.64580
5.916 29.403 22.251 1.50718
2.526 30.692 21.204 1.66135
2.157 30.864 21.127 1.15036
28.864 33.297 22.616 0.91133
1.868 29.594 22.514 1.03308
9.168 27.942 22.245 1.37300
10.755 27.062 21.922 1.48432
15.197 28.755 22.331 1.39494
16.542 28.249 22.670 1.55467
2.977 28.192 22.395 1.69038
3.589 30.909 22.219 1.56061
0.776 31.522 21.798 1.74463
13.913 30.124 21.606 1.37002
4.453 31.617 22.653 1.15010
10.738 29.625 22.036 1.13813
18.767 30.239 21.750 1.55038
4.661 30.893 21.666 1.69150
5.468 27.929 21.541 1.63089
19.099 27.813 21.832 1.66764
2.308 29.403 21.824 1.87718
3.259 30.569 21.934 1.71864
1.374 28.940 22.279 1.48952
0.000 30.894 22.394 1.38136
7.120 30.081 22.088 1.46116
9.081 28.124 21.795 1.38556
5.381 30.199 22.430 1.70550
70.250 28.579 22.378 1.69301
25.359 28.808 22.087 1.45203
82.499 27.132 21.908 1.65372
14.394 29.422 21.578 1.84057
0.281 28.699 21.934 2.24577
0.811 30.842 22.171 1.87126
0.000 30.812 22.601 1.29832
0.766 31.300 22.824 1.31392
0.717 31.286 22.346 1.52085
1.588 30.690 22.270 1.05526
0.716 32.952 22.158 1.29515
2.891 30.621 21.371 1.66905
2.443 29.204 22.441 1.31681
0.791 30.500 22.871 0.90618
13.304 31.982 22.774 1.19581
3.209 32.686 22.495 1.55958
1.919 32.424 22.801 0.99868
33.098 28.108 21.740 0.72941
35.855 30.193 21.246 1.05060
48.134 32.394 21.640 0.95525
5.613 33.290 22.155 1.17407
0.054 34.805 22.806 0.87532
3.551 31.922 22.562 0.69360
1.326 31.832 22.417 0.76715
2.484 34.533 22.947 0.92895
13.269 34.467 22.726 1.04934
8.649 35.898 22.555 0.96396
6.347 35.197 23.752 1.13665
8.359 31.781 22.564 0.95920
40.711 32.669 23.013 0.89901
0.973 32.902 22.487 0.84724
13.923 27.785 21.290 0.70149
18.810 27.734 21.597 0.85821
6.283 28.026 20.963 0.88230
0.149 32.239 21.832 0.78845
7.032 30.363 21.926 0.77278
7.885 30.795 21.743 0.81613
13.180 31.911 22.188 0.69032
24.634 28.485 21.462 0.74122
39.563 31.857 21.730 0.73170
6.224 28.495 21.398 1.02899
11.277 28.334 21.374 0.88111
6.199 30.059 22.033 0.72745
7.262 27.810 21.802 0.54154
1.757 30.272 21.202 1.18889
0.000 31.145 21.135 1.10006
0.264 30.959 21.975 0.99063
16.725 30.258 21.782 0.87278
5.864 28.127 21.683 1.04965
19.657 27.284 21.757 1.13245
8.660 33.754 22.295 1.68391
18.403 27.488 22.428 2.09117
6.038 31.976 21.933 1.35310
18.951 30.460 21.690 1.04947
15.250 28.497 22.223 0.64860
20.794 28.034 20.645 0.90053
3.554 30.853 20.942 1.05766
36.649 29.558 20.402 1.03411
18.509 30.729 21.232 0.76286
0.617 28.571 18.932 0.58962
0.000 33.198 20.032 0.51072
1.660 33.153 20.120 0.46310
0.476 32.785 20.389 0.58108
3.715 33.587 19.604 0.63745
0.000 34.647 20.064 0.45851
0.000 34.248 21.145 0.56648
0.000 33.799 21.450 0.49299
0.000 34.166 20.794 0.63097
1.669 34.982 20.308 0.83478
0.000 34.742 20.279 1.14151
0.000 33.910 19.725 1.47682
0.000 34.157 19.476 1.14362
0.000 33.726 18.750 0.84067
0.000 35.282 20.194 0.99308
0.000 34.485 20.380 1.61173
0.230 33.860 20.875 1.58386
0.066 33.120 21.936 1.40851
2.142 31.264 21.179 1.29156
0.258 33.530 21.204 1.57107
1.019 32.958 20.290 1.70440
4.550 34.113 20.328 1.42917
4.958 30.010 20.224 1.08445
0.690 30.102 17.937 1.02568
0.000 33.208 17.013 0.94962
0.000 33.623 18.111 0.96190
0.000 34.273 19.617 0.68416
0.000 34.822 20.731 0.69531
0.077 34.560 20.058 0.97908
4.231 31.728 21.201 1.22811
0.000 28.670 19.952 0.99619
0.024 31.321 19.978 1.11613
0.084 32.774 20.441 1.34100
0.000 32.446 19.614 1.66030
0.000 32.666 19.452 1.50548
0.000 34.423 19.246 0.65552
0.000 35.120 20.367 0.52322
0.000 34.406 21.121 0.68925
0.000 34.239 20.703 1.01046
0.003 31.435 19.796 1.18973
0.000 34.171 21.015 1.13305
16.203 34.101 20.850 0.69666
1.171 33.994 21.062 0.47874
2.084 31.782 21.630 0.58540
0.000 34.540 22.467 0.51166
0.000 35.485 20.064 0.54831
0.000 35.432 19.695 0.66815
0.000 35.500 19.711 0.64704
0.000 36.171 20.864 0.67262
0.000 36.178 20.052 0.65624
0.000 35.894 19.796 0.72384
0.000 35.054 19.300 1.23920
0.000 34.857 19.255 1.06303
2.244 34.311 20.716 1.39494
0.064 32.323 19.866 1.46808
0.000 33.308 19.811 1.83001
6.172 29.973 20.216 1.94221
7.437 29.067 20.421 1.14552
0.000 31.802 19.825 1.08966
0.000 32.955 19.701 1.19721
0.126 32.482 20.267 1.37837
0.036 32.055 20.689 1.36810
0.000 30.723 20.598 1.63178
0.000 31.975 19.537 1.59199
0.000 32.663 17.272 0.98597
0.056 33.590 18.698 0.71658
0.000 34.347 18.565 0.58538
0.000 32.525 18.363 1.51192
0.036 31.868 18.940 2.14594
0.000 29.269 16.666 2.30472
0.000 29.208 17.473 2.04852
0.000 29.453 18.729 2.18767
0.000 28.959 16.966 2.34974
0.000 28.064 14.663 2.18727
0.000 28.177 13.613 1.87241
0.000 30.134 15.636 1.72379
0.000 31.691 17.066 1.64695
0.000 31.930 17.151 1.32015
0.000 32.930 17.338 1.29812
0.000 31.863 16.946 1.69306
0.000 30.208 17.255 2.04489
0.000 30.470 18.747 1.91198
0.000 30.024 19.468 1.68430
0.002 30.682 18.965 1.47915
0.000 31.290 18.986 1.16248
0.001 32.457 19.355 0.84036
0.001 33.039 19.875 1.10835
0.000 33.121 20.831 1.51037
0.001 31.318 20.586 2.09510
0.085 28.835 18.504 2.49130
0.495 27.325 18.352 2.19679
0.000 27.575 18.272 2.18748
0.000 27.190 17.856 2.04898
0.000 30.079 17.092 1.81410
0.000 32.514 18.301 1.74147
0.000 32.126 18.764 1.88676
0.000 31.676 18.613 1.96544
0.000 30.355 18.887 1.83723
0.000 32.432 19.824 1.74428
0.000 32.893 20.347 1.58909
0.000 32.614 20.699 1.76177
0.000 31.049 20.226 1.55485
0.000 33.301 19.836 1.51462
0.000 33.821 18.105 1.16187
0.000 34.012 18.444 1.79063
0.000 33.316 19.065 1.80364
0.000 32.695 18.617 1.97987
0.001 31.771 18.291 2.16948
0.000 31.241 17.077 2.12899
0.000 30.924 16.214 2.05922
0.000 29.549 15.094 2.12400
0.000 27.118 14.461 2.30812
0.000 26.584 12.928 1.84265
0.000 27.239 13.711 1.79400
0.000 27.676 13.268 1.85425
0.000 27.562 14.283 1.96814
0.000 27.348 13.500 1.84410
0.000 28.382 15.257 1.55114
0.000 31.093 17.644 1.30490
0.000 30.404 15.112 1.20470
0.000 32.385 15.521 1.19311
0.000 33.166 16.540 1.12460
0.000 33.809 16.694 1.47006
0.000 33.913 16.464 1.29369
0.000 35.287 19.079 1.42630
0.000 34.963 18.266 1.59805
0.000 35.578 16.649 1.06888
0.000 36.459 16.298 0.71210
0.000 37.038 15.154 0.77288
0.000 36.428 16.481 0.73750
0.000 36.892 18.219 0.69118
0.000 36.718 19.474 0.58688
0.000 36.734 21.104 0.68047
0.000 36.409 20.804 0.57131
2.857 37.547 21.897 0.51644
3.086 36.925 21.641 0.50663
0.000 35.753 20.607 0.52326
0.000 37.773 19.325 0.60739
0.000 37.346 18.137 0.79748
0.000 37.428 18.833 0.81271
0.000 32.109 19.638 1.07269
0.000 34.595 19.224 1.16380
0.000 35.033 19.671 0.73848
0.000 36.053 19.236 0.53203
0.000 36.483 19.107 0.72207
0.000 37.112 20.487 0.73348
0.000 37.060 21.160 0.74004
0.000 37.591 21.372 0.67549
2.831 33.703 20.594 0.45381
0.809 35.168 21.616 0.64898
2.654 32.303 20.763 0.51079
0.000 33.882 19.295 0.92658
0.000 36.004 18.656 1.46930
0.000 36.404 19.010 1.58567
0.000 36.806 19.267 1.47173
0.000 36.341 19.203 0.87585
0.000 36.273 21.147 0.74050
0.000 36.783 22.285 0.87253
0.000 37.489 23.574 0.81194
6.805 35.744 21.629 0.51250
2.777 37.193 22.158 0.70994
0.217 35.499 21.014 1.29893
8.025 29.502 20.205 1.76614
0.146 30.739 20.829 1.55720
0.328 33.186 21.495 1.29308
4.155 33.060 21.440 0.81820
27.584 32.310 22.260 0.50749
5.100 31.573 22.840 0.59317
4.042 33.778 23.276 0.58519
39.001 35.731 23.337 0.57066
0.092 39.315 20.316 0.58322
0.000 39.349 18.839 0.82437
0.000 39.267 19.186 0.64195
0.136 39.704 22.483 1.02506
0.804 38.254 23.821 1.17826
0.006 37.752 23.558 0.84263
5.257 37.884 20.048 0.70876
0.000 34.024 20.808 1.66804
0.000 35.647 20.900 1.93179
0.000 35.910 20.700 1.90169
0.000 35.141 20.732 1.59927
0.065 35.904 21.129 1.45066
0.000 35.445 21.400 1.31848
0.000 36.339 21.150 1.46907
0.264 36.070 21.215 1.50655
0.000 36.250 22.413 1.13882
0.059 36.874 22.590 0.59372
1.127 32.318 22.056 0.59573
0.026 37.507 24.907 0.80593
33.985 32.304 23.678 0.58037
0.669 32.425 23.578 0.71703
30.923 36.978 22.422 0.79305
0.566 34.633 21.791 0.52048
3.426 39.532 22.785 0.64117
3.161 39.578 23.294 0.82369
7.710 39.811 24.067 0.77562
1.093 39.267 24.951 0.75996
1.737 40.273 24.299 0.89046
0.000 37.114 22.119 0.80636
0.734 37.109 22.817 1.69240
1.179 33.971 22.869 1.39793
16.605 32.309 21.489 1.03246
20.296 33.766 22.331 0.78048
5.055 33.559 23.038 0.69939
11.031 32.841 21.413 0.61955
1.082 38.691 23.167 0.55732
3.436 36.864 23.145 0.73282
4.768 37.086 23.337 0.73880
0.466 34.388 23.912 1.06537
2.316 36.746 23.123 1.46189
8.149 33.751 22.489 0.95481
10.678 34.424 23.304 0.61330
8.625 31.181 22.907 0.42519
12.419 28.816 22.028 0.82683
25.775 31.265 22.481 0.85246
41.849 29.362 22.180 0.64717
1.479 30.391 21.230 0.57620
2.196 31.727 21.309 0.38693
5.854 33.069 21.218 0.67934
11.658 34.492 21.951 0.42100
16.429 34.958 22.820 0.44872
7.512 34.261 21.939 0.92462
6.726 33.626 22.105 0.91173
0.625 34.084 23.387 1.13686
7.669 31.715 23.206 1.17156
0.145 33.297 23.259 1.15695
0.000 33.337 23.247 1.17578
0.000 35.247 24.077 1.28766
0.456 33.172 24.389 1.06848
6.263 31.940 23.098 0.90077
22.104 31.416 22.915 1.08475
7.350 32.333 22.786 1.00731
12.967 33.375 23.714 1.25021
11.904 32.530 23.047 1.04091
9.699 33.163 23.657 1.12372
8.251 32.527 23.454 1.00383
10.305 32.200 23.064 1.06055
3.685 32.784 22.325 1.06962
12.422 34.062 23.831 1.05516
5.944 34.263 23.763 0.88850
7.542 35.780 24.491 0.94913
5.852 32.412 24.058 0.78206
2.316 33.670 24.901 0.86390
2.591 30.671 23.274 0.84378
6.902 34.744 24.055 1.09164
7.236 34.244 23.685 0.99590
10.789 30.677 23.659 0.86142
7.571 32.978 23.888 0.79180
0.735 33.063 24.435 0.47529
0.804 30.020 22.454 0.96071
8.179 33.646 22.411 0.69881
8.989 37.011 23.308 0.62575
1.851 36.321 23.195 0.51564
6.341 35.400 22.413 0.68193
16.980 34.342 21.790 0.55769
0.594 34.787 22.481 0.71841
6.249 33.367 22.691 0.72799
0.589 33.566 23.138 0.52997
10.748 30.817 22.836 0.90283
38.340 30.962 22.885 1.51142
8.180 30.822 23.071 1.49647
7.031 30.899 22.220 1.55287
3.595 29.300 21.902 1.18612
1.750 30.361 21.836 1.31416
6.035 29.940 22.400 1.52648
10.498 26.208 22.288 1.29225
8.605 28.794 21.975 1.53122
3.555 28.822 22.181 1.68643
5.685 27.852 22.039 1.46085
0.731 29.097 22.218 1.40022
16.564 31.485 22.361 1.43996
10.738 29.445 22.561 1.13540
3.454 28.843 21.990 1.20453
7.263 33.228 23.130 1.54092
9.254 29.924 22.401 1.63674
9.019 29.284 23.106 1.65379
4.411 30.480 22.964 1.67799
0.541 30.705 23.453 1.62308
14.362 29.996 22.929 1.33348
44.277 30.697 22.802 1.35387
7.035 30.640 22.610 1.22731
0.041 33.342 22.419 1.18375
0.275 34.364 21.854 1.19160
4.254 35.655 23.022 1.10149
15.366 33.600 23.480 0.70987
0.903 31.949 22.616 0.52020
14.201 35.984 23.575 0.75581
3.405 33.770 23.566 0.69949
14.359 34.914 22.464 0.48880
32.085 34.909 21.901 0.53480
19.381 35.192 22.194 0.60345
11.725 35.240 22.476 0.68073
2.964 34.336 22.261 0.67567
6.109 34.082 22.363 0.70855
10.321 32.249 22.930 1.44309
5.592 30.014 21.947 1.89266
10.886 29.740 22.018 1.70015
20.979 26.727 20.714 1.43819
44.887 25.151 19.945 1.28608
117.079 24.067 21.334 2.08539
54.307 23.392 20.841 2.00979
0.012 28.264 21.632 2.17728
0.551 27.252 22.035 1.68987
6.322 29.526 21.646 1.77716
9.955 28.546 22.571 2.09137
15.986 26.560 21.683 2.00590
0.135 30.097 22.701 1.51261
0.000 29.986 23.065 1.31384
0.526 29.812 22.636 1.16176
1.083 30.773 23.185 1.33961
4.646 28.907 22.668 1.37863
12.939 29.482 21.523 1.42553
20.190 28.531 22.211 1.53679
2.506 29.832 22.591 1.23788
6.356 29.047 22.099 1.00706
10.123 31.068 22.594 0.99046
5.536 30.741 22.183 1.13841
11.458 30.922 21.841 0.99310
0.618 32.754 22.249 0.72848
9.393 31.431 22.514 0.63009
14.866 31.479 21.758 0.48193
3.761 32.653 22.286 0.52413
28.727 32.429 21.328 0.77195
15.293 30.253 21.430 0.95058
12.619 31.708 21.949 1.01810
20.049 29.817 21.683 1.09853
32.546 31.317 22.255 0.79952
15.471 31.700 22.662 0.80578
41.217 28.256 21.801 0.65237
1.058 30.225 21.511 0.73347
5.956 32.939 21.607 0.92126
0.133 33.019 22.355 0.76387
0.000 32.032 22.757 0.38512
0.086 31.821 23.178 0.58598
0.502 31.413 22.782 0.66978
27.389 31.196 22.357 0.70651
2.389 32.641 22.584 0.72350
9.134 32.976 23.072 0.86680
18.850 28.158 22.043 0.62820
8.179 29.175 21.730 0.73877
13.373 30.757 22.004 0.67118
15.558 32.566 22.625 0.75737
9.889 33.656 22.709 1.04883
24.099 28.841 22.209 1.01438
31.077 30.774 21.558 1.32686
10.446 28.390 21.812 1.25026
22.775 25.301 20.366 0.74598
0.536 31.164 20.976 0.55051
0.378 31.882 21.613 0.71096
3.587 26.932 22.108 0.80437
1.017 27.951 21.160 0.78673
1.980 31.723 22.084 0.97737
48.252 30.893 21.500 1.08184
59.850 28.977 21.773 0.86591
25.552 28.518 21.377 0.78627
8.190 28.742 20.756 0.71427
4.354 28.244 21.073 0.85777
5.946 27.801 21.647 1.38757
2.351 27.724 22.009 1.79498
8.850 28.454 22.507 2.02405
2.171 28.896 21.910 1.39150
0.483 29.492 21.775 1.03929
15.564 28.503 21.116 0.92333
1.201 29.649 22.174 0.67122
2.275 28.555 20.532 0.68831
4.716 30.861 21.849 0.39558
4.225 27.589 21.144 0.58395
6.622 29.407 19.777 0.80664
8.204 30.744 21.046 0.69145
16.510 30.841 21.018 0.49844
10.828 30.948 20.619 0.44900
10.959 30.792 20.229 0.60191
0.906 30.237 21.218 1.08682
1.892 27.795 21.767 1.14607
0.336 31.725 20.943 1.54590
0.000 31.373 19.592 1.72434
0.000 31.880 20.490 1.78495
0.000 30.869 21.378 1.57633
0.381 28.722 21.207 1.48835
12.254 26.289 19.763 1.42659
0.208 30.569 20.998 1.38052
77.005 26.492 20.978 1.52332
22.969 26.849 21.021 1.10724
0.540 29.439 20.027 0.90455
0.055 30.688 19.334 1.00641
8.240 28.905 18.845 1.14531
4.224 27.025 19.660 0.62043
0.003 30.078 20.007 0.47552
4.620 28.344 20.909 0.79312
23.371 28.326 20.511 1.64131
28.923 24.732 19.777 1.47723
7.798 25.283 20.196 1.62265
0.045 27.677 17.384 1.51248
0.000 27.743 16.385 1.25687
0.000 28.140 15.236 0.92056
0.000 29.095 17.073 0.78293
1.895 27.322 19.336 0.76445
6.071 25.964 19.865 0.82638
0.926 29.609 19.688 0.73755
0.151 27.670 19.361 0.45511
0.293 29.491 20.278 0.96443
9.008 27.318 19.287 1.46080
0.000 28.238 17.989 1.14360
0.193 29.282 19.801 0.97586
3.051 27.182 20.706 0.67735
8.671 27.516 19.949 1.33612
1.068 26.104 20.118 1.46914
0.129 28.594 18.759 1.74166
1.940 28.993 19.263 1.64702
33.020 24.602 18.323 1.60720
20.312 22.394 18.444 1.46399
4.153 23.603 17.606 1.10541
0.246 27.173 17.948 0.92730
0.027 28.157 16.717 0.85974
0.005 26.672 13.184 0.72920
0.000 25.588 11.730 0.87977
0.000 24.881 12.060 1.10027
0.000 24.613 13.198 1.21519
0.000 27.160 14.378 1.03489
0.255 27.150 14.361 1.08161
0.521 27.314 16.218 1.30365
0.000 28.003 18.229 1.70361
0.000 29.641 19.734 1.67254
0.011 30.250 19.560 1.76877
0.000 29.795 18.713 1.90925
0.000 29.423 18.369 1.73775
0.000 30.188 18.084 1.64998
0.105 30.859 18.261 1.53723
0.000 30.115 18.675 1.35543
0.123 32.244 19.025 1.25142
0.000 32.065 20.257 1.45223
0.000 31.420 19.174 1.48517
0.000 31.519 20.136 1.57761
0.000 31.853 20.362 1.66721
0.002 32.220 20.569 1.37138
0.000 31.790 19.815 1.53812
0.000 31.371 18.942 1.61908
0.029 31.179 16.732 1.10856
0.000 32.968 18.221 0.67918
0.000 32.553 17.109 0.63767
0.000 33.182 17.546 0.68839
0.000 31.725 17.464 1.24197
0.000 31.023 17.593 1.35485
0.000 30.074 16.525 1.57492
0.000 30.519 17.124 1.37202
0.013 27.435 18.186 1.28163
0.309 25.888 18.092 1.64679
0.000 27.050 18.047 1.96019
0.000 27.260 17.292 2.14063
0.000 25.623 15.653 2.27450
0.004 26.702 15.924 2.03351
0.625 28.519 17.184 1.82681
0.073 28.844 17.048 1.54109
0.000 28.016 15.235 1.66483
0.000 29.597 15.317 1.10946
0.000 30.872 16.260 0.92954
0.000 32.080 15.978 0.71293
0.000 32.625 17.260 0.54834
0.000 32.290 19.589 0.62703
0.064 33.377 19.874 0.58241
0.000 33.003 19.293 0.57898
0.000 32.579 16.001 1.25603
0.000 31.206 17.093 1.56948
0.000 28.763 18.597 1.89298
0.005 26.865 16.979 1.96581
0.000 28.245 17.820 2.01329
0.000 29.605 17.373 1.73587
0.000 31.115 16.371 1.40022
0.000 32.026 15.523 1.09609
0.000 32.138 15.740 1.30443
0.000 31.478 16.944 1.82114
0.166 30.505 18.100 1.96684
0.364 27.986 19.235 1.34284
0.000 30.605 19.661 1.25441
0.000 32.329 19.305 1.54313
0.000 31.564 17.572 1.51462
0.000 33.014 17.332 0.76406
0.013 33.545 18.609 0.83805
0.000 33.046 18.840 1.41974
0.000 32.134 19.455 1.66003
0.000 32.984 18.840 1.33522
0.000 33.573 17.037 1.40766
0.000 30.782 17.113 1.87837
0.000 31.322 16.489 1.48156
0.000 32.963 17.220 1.44407
0.000 32.187 16.559 1.74346
0.000 31.337 16.137 1.63776
0.000 30.491 16.018 1.70267
0.000 29.790 14.537 1.78115
0.000 29.304 14.814 1.67521
0.000 30.942 16.417 1.70955
0.000 29.023 15.076 2.15128
0.000 29.096 15.258 2.11183
0.000 29.080 15.005 2.07259
0.000 29.322 15.505 1.95948
0.000 30.158 16.367 1.85881
0.000 31.049 16.994 1.80615
0.022 30.042 16.413 2.11350
0.137 29.762 16.295 2.22351
0.000 28.476 16.740 2.00913
0.036 25.345 16.846 1.46225
0.000 23.979 17.266 1.25329
2.505 30.841 18.283 1.38540
0.184 32.774 20.243 1.03380
0.001 33.578 18.844 0.79581
0.000 33.813 20.242 1.95452
0.000 29.667 18.137 2.45842
0.000 30.435 17.008 2.15759
0.060 32.087 15.468 1.77102
0.000 31.180 15.739 1.79943
0.000 31.190 15.643 2.04409
0.000 30.893 17.037 2.15627
0.157 30.424 17.702 1.91416
0.169 32.268 18.522 1.57829
2.522 32.876 19.736 1.46420
0.286 31.204 18.938 1.58505
0.075 29.565 18.262 1.94417
0.000 32.043 18.931 1.85462
0.000 33.506 19.082 1.80223
0.000 32.580 18.611 1.73360
0.000 34.236 17.451 1.36699
0.000 35.852 18.176 1.23488
0.000 34.363 17.895 1.29730
0.000 34.988 16.644 1.22732
0.000 35.040 15.762 0.93221
0.000 37.311 18.101 0.76170
1.413 37.202 21.023 0.56207
5.375 35.487 22.065 0.99072
2.933 32.649 20.461 0.87885
6.189 36.096 21.105 0.70176
11.665 36.342 22.572 0.69260
3.387 34.095 20.723 0.88872
0.000 33.892 20.794 1.61145
0.000 36.306 20.975 0.92492
0.000 35.485 21.634 0.82699
0.000 27.916 20.110 0.64217
6.914 38.014 23.055 0.88462
16.480 33.235 22.068 0.78480
0.505 37.204 22.348 0.82873
5.174 34.778 23.355 0.79174
0.045 33.677 21.716 0.59313
0.079 36.357 21.551 0.49993
0.000 35.787 20.356 0.60293
0.995 37.196 22.022 0.88377
8.544 30.400 21.281 1.25373
16.568 32.880 21.553 0.93431
0.425 37.190 22.447 0.49516
0.000 38.251 23.669 0.88648
0.782 35.133 22.720 0.86817
7.190 38.039 23.061 1.05962
3.321 37.354 23.657 0.74385
0.021 35.596 21.778 0.60894
0.000 38.061 20.984 0.61812
0.000 37.349 21.642 1.22494
0.552 36.622 22.731 0.71691
0.975 36.720 23.176 0.79995
0.035 37.428 23.976 1.13636
1.807 28.487 22.093 0.75039
8.266 36.076 22.730 0.66087
0.000 38.513 22.907 0.69754
0.000 38.359 21.246 0.55032
0.000 38.902 22.508 1.22665
0.000 35.797 22.349 1.78961
0.000 35.540 21.541 1.92885
0.224 36.067 21.914 1.66586
0.891 34.996 21.355 1.01363
0.556 36.064 22.421 0.93316
0.016 34.524 21.793 0.83970
8.105 23.588 22.564 0.71352
1.595 35.083 23.187 0.61330
12.339 31.249 23.100 0.82159
8.302 30.146 22.062 0.79930
22.941 33.451 22.466 1.32186
5.396 33.559 22.842 1.01711
1.775 32.190 22.435 1.03032
47.811 33.033 22.377 1.21710
9.256 27.329 21.659 0.81878
8.935 30.830 22.679 0.77411
4.686 31.629 22.900 1.13969
62.128 32.122 22.621 1.27868
11.346 27.302 21.563 0.91813
28.542 29.921 21.096 1.80348
10.141 25.380 21.154 1.04247
9.820 26.131 20.618 0.46575
2.355 29.396 21.267 0.50002
4.045 27.213 21.820 0.90111
0.740 30.762 22.076 1.29673
7.266 30.392 22.387 1.48278
16.874 29.267 21.867 0.94972
4.113 29.070 22.431 1.16765
0.394 29.516 21.724 1.14795
6.170 31.572 22.317 1.10755
12.504 30.858 21.476 1.05688
6.869 31.545 22.051 1.04951
11.385 33.398 22.200 1.09543
3.629 33.327 22.775 1.06924
0.020 33.391 22.895 1.23424
2.038 32.832 22.971 1.18548
6.510 31.859 22.757 0.98388
36.496 31.896 22.894 0.91144
6.750 30.961 22.536 0.71958
13.252 31.812 23.027 0.89021
37.086 31.186 22.239 0.96940
0.301 33.825 21.793 0.78094
3.984 36.354 23.244 1.04227
12.250 33.600 22.560 0.72891
0.929 35.387 22.771 0.80330
2.948 36.502 21.985 0.44232
4.685 37.910 22.369 0.61365
29.146 35.910 21.946 0.69896
7.281 34.168 22.894 0.52292
26.210 32.531 22.175 0.78312
5.861 27.877 22.200 1.50904
5.211 28.598 22.223 1.57894
3.636 30.187 22.175 1.71163
0.221 31.082 21.669 1.30050
2.575 32.255 22.925 1.22450
18.736 29.099 22.375 1.02459
4.630 28.282 22.126 0.97132
9.995 30.295 21.566 0.86542
0.316 34.622 22.903 0.99291
0.199 32.052 23.010 1.39563
0.130 32.884 23.414 1.42854
0.000 32.041 23.316 1.52098
2.521 31.166 22.446 1.58125
6.338 30.541 23.017 1.31568
0.088 30.993 23.160 1.12295
0.101 30.599 23.146 1.02094
0.953 30.482 23.021 1.15818
0.720 30.485 23.025 0.91434
20.174 30.915 22.112 1.10860
16.487 28.367 21.320 0.98762
0.441 31.198 21.619 0.94927
1.036 33.427 22.200 0.97692
24.105 31.275 22.608 1.13237
9.603 30.763 22.450 1.36225
27.467 26.558 21.820 1.14575
11.313 30.954 22.810 1.37047
7.492 30.070 22.283 1.07785
1.575 31.644 22.802 1.03863
0.000 31.005 22.219 1.00606
0.000 30.934 22.337 1.01236
0.044 32.709 23.488 1.22348
0.290 31.467 22.990 1.18398
0.000 32.634 22.524 0.99551
0.252 33.899 23.289 1.06088
0.202 32.938 23.758 1.41396
1.846 33.455 23.527 1.36342
0.780 31.858 23.048 1.20536
15.525 32.645 23.068 1.09269
21.262 31.862 22.366 0.84551
1.927 35.258 23.444 0.72672
12.308 30.997 21.844 0.82609
56.215 31.071 22.805 1.02622
11.095 27.329 21.839 0.89680
2.301 30.679 22.394 1.06717
8.662 30.779 22.162 1.27506
0.262 28.910 21.817 1.27166
0.169 28.704 22.153 1.48266
2.523 30.446 21.978 1.62446
2.580 30.006 21.839 1.62899
10.455 30.797 21.396 1.43039
17.329 29.550 21.484 1.19641
3.195 28.418 21.492 1.30164
5.779 28.468 21.306 1.40442
14.251 30.144 21.575 1.52267
20.176 28.768 22.174 1.41104
39.926 28.820 22.038 1.89647
4.209 27.870 21.994 2.09753
2.463 30.206 21.769 1.65895
0.311 31.897 21.842 1.30581
12.810 32.831 22.282 1.05931
2.154 30.207 21.733 0.87876
8.215 28.386 21.751 0.71199
3.710 29.326 21.700 0.68990
2.211 29.999 21.791 0.72978
11.215 30.324 22.038 1.16771
4.089 29.915 22.161 1.18941
18.674 30.663 22.465 1.09709
7.593 28.756 20.874 0.81838
1.892 32.566 22.164 1.07882
8.844 30.187 22.227 0.97300
1.106 31.334 22.293 1.14152
0.776 30.880 22.481 1.21319
1.471 34.205 22.033 1.00752
16.526 33.513 23.230 0.71632
0.631 35.903 22.484 0.60565
12.336 35.905 22.787 0.63713
2.290 34.167 22.538 0.74209
23.566 34.878 22.940 0.96631
16.952 34.551 23.469 0.69252
8.032 35.135 23.257 1.02964
0.045 34.375 21.859 0.77626
13.791 37.202 22.754 0.65265
2.640 34.365 23.399 0.59449
4.404 34.345 23.220 0.48670
1.299 33.426 22.292 0.76007
64.427 34.870 22.226 0.80049
2.692 35.634 22.362 0.47241
13.272 32.342 20.408 0.67376
46.673 28.876 21.203 0.89440
20.378 27.422 21.272 0.93151
5.516 29.646 21.276 0.83906
2.509 29.284 21.665 1.35232
11.406 29.794 21.347 1.36534
20.465 28.415 21.133 1.01481
5.761 29.069 21.945 0.98157
17.063 27.385 21.495 1.13571
39.398 27.157 21.024 0.96379
3.689 27.802 21.408 0.96913
1.207 28.377 21.630 1.01997
16.662 28.103 21.215 1.03851
11.825 28.531 21.378 1.37475
2.040 24.859 20.209 1.11500
1.195 30.094 21.536 1.20199
0.151 30.687 22.602 1.35228
1.867 29.627 22.687 1.76294
1.109 30.387 22.406 1.59906
1.023 29.737 22.547 1.04631
16.759 27.238 22.056 1.02777
2.491 27.327 21.127 0.82843
2.121 28.636 21.902 1.19482
6.745 30.377 21.563 0.80947
13.495 31.053 21.571 0.43221
2.853 30.843 20.596 0.55755
15.190 32.618 22.624 0.57605
14.981 29.134 21.621 0.64642
34.689 30.766 22.250 0.57804
24.962 32.207 22.140 0.49517
0.235 29.796 21.369 0.44661
0.284 34.051 20.315 0.63089
0.064 34.589 20.942 0.91610
0.242 33.857 21.561 1.22015
1.804 28.964 20.550 0.96690
0.422 32.176 22.157 0.49727
10.941 29.963 22.033 0.58334
1.479 32.989 21.734 0.38290
0.224 34.129 21.847 0.78473
2.853 30.359 21.209 1.09856
20.117 28.858 21.696 0.51330
11.361 33.754 21.200 0.55668
0.927 34.127 21.446 0.94376
0.265 34.699 20.477 0.82547
0.000 34.812 21.666 0.73746
1.310 32.356 22.572 0.77072
0.913 31.120 21.395 1.03022
1.509 26.654 20.924 0.97674
4.929 27.744 20.377 0.57386
0.014 31.573 20.589 0.91845
18.406 28.344 20.902 1.06463
21.153 28.894 20.925 0.93292
9.463 25.482 21.317 0.83054
7.230 29.244 20.532 0.76183
23.380 30.005 20.721 0.47648
7.952 31.973 20.350 0.45743
1.478 29.658 20.305 0.65943
3.194 29.239 20.717 0.63109
1.590 30.551 20.652 0.70750
0.168 29.255 20.301 0.99127
0.001 31.413 20.408 0.90458
0.010 31.291 20.934 0.93909
0.000 32.245 21.069 0.78246
0.054 30.027 19.523 1.21714
0.594 30.989 18.732 2.01286
0.016 30.091 17.028 1.87962
0.794 29.418 15.913 1.64843
2.291 30.517 18.177 1.55597
28.209 25.012 19.400 0.94709
0.000 30.007 19.921 1.11981
0.385 31.644 20.854 1.44741
63.209 26.628 21.448 1.25727
0.000 27.338 21.149 1.14478
0.217 27.548 20.419 1.96553
0.000 28.572 20.521 1.72233
3.048 29.547 20.807 1.57522
1.583 27.234 20.655 1.23237
13.313 28.052 21.055 1.35221
1.089 29.196 21.066 1.63967
3.779 27.458 20.932 1.62220
1.659 27.823 20.537 1.66051
2.952 26.379 17.720 2.41009
0.971 23.244 17.798 2.04178
2.008 25.179 17.529 1.90481
0.036 25.757 16.814 1.98369
0.000 25.475 16.597 1.63108
0.260 27.685 16.172 1.28310
0.000 28.735 17.602 0.88760
0.040 29.440 19.672 1.40070
0.285 28.464 19.359 1.91294
0.765 28.169 18.365 2.04712
0.000 28.216 17.060 1.77374
2.854 28.410 16.058 1.68055
0.156 27.998 14.688 1.46287
0.000 29.897 16.035 1.00674
0.142 29.166 16.698 1.29652
0.000 31.888 18.194 0.76385
0.000 31.398 18.883 1.37264
0.000 30.047 18.690 1.68750
0.000 28.882 16.387 1.69024
0.000 28.177 16.274 1.62972
0.000 28.473 16.325 1.71436
0.000 28.232 16.013 1.67073
0.000 28.756 16.748 1.26645
0.000 30.236 16.965 1.03349
0.001 31.263 17.931 1.47871
0.015 29.202 18.376 1.89224
0.000 29.049 18.725 1.89118
3.105 28.641 19.704 1.74815
2.506 28.154 19.890 1.48926
2.749 29.136 19.199 1.27145
0.334 25.996 19.101 1.00531
0.084 26.564 18.889 1.12715
1.714 27.361 18.968 1.36345
5.375 24.876 18.438 1.33438
0.088 25.637 19.180 1.49249
0.000 25.671 18.816 2.03037
2.313 25.641 17.716 1.96075
1.813 24.776 17.459 1.75427
0.295 27.100 17.080 1.57786
0.000 28.192 17.739 1.37827
0.000 28.657 17.795 1.33012
0.000 28.202 16.072 1.59418
0.069 26.666 15.319 1.93642
0.135 24.285 13.999 2.10108
0.956 23.267 12.373 1.93991
0.000 25.683 13.720 1.62176
0.000 25.599 14.768 2.00557
0.008 24.080 13.220 2.25241
0.000 24.380 13.199 2.04950
0.000 24.616 14.175 1.68492
0.000 26.442 14.380 1.63117
0.000 28.538 15.114 1.25387
0.000 28.765 13.216 1.31077
0.000 29.472 14.094 0.81983
0.000 31.329 15.107 0.67673
0.000 31.166 15.635 0.94524
0.000 31.487 16.755 0.95872
0.000 31.922 18.437 1.40111
0.000 28.803 17.531 2.03070
0.000 28.325 15.872 1.69079
0.000 31.064 15.949 1.17760
0.000 29.904 14.785 1.45131
0.415 30.327 14.938 1.08073
0.000 31.579 16.270 1.29282
0.000 30.740 16.385 1.48025
0.000 30.689 15.872 1.20622
1.962 30.625 13.726 1.31326
0.000 30.407 15.654 1.12412
0.000 31.761 15.748 1.06613
0.000 31.045 15.572 1.17564
0.000 30.141 16.346 1.58994
0.000 30.300 15.813 1.70589
0.000 30.348 15.260 1.61892
0.000 31.877 16.878 1.45996
0.000 32.074 18.873 1.44982
0.000 30.175 19.697 1.39862
0.090 31.814 20.137 0.97672
0.476 29.116 20.064 0.58296
0.000 33.643 21.938 0.74985
0.390 30.277 21.387 0.57603
0.984 33.207 21.763 0.38207
0.000 33.926 20.094 0.66691
0.000 34.392 19.401 1.26864
0.000 34.273 20.179 1.14746
0.255 36.435 19.664 0.65803
0.000 35.728 20.881 1.56826
0.000 36.012 19.084 1.27196
4.252 37.829 20.921 0.50740
0.003 34.161 18.983 0.85402
0.000 35.532 19.575 0.76133
0.000 36.710 18.653 0.70221
0.014 36.659 20.628 1.10955
0.341 35.579 21.032 0.85961
2.120 30.426 19.924 0.88763
0.000 33.975 19.779 1.60759
0.000 33.180 20.370 1.46626
1.301 34.223 20.657 1.12662
18.373 35.137 22.643 0.49773
0.003 32.000 22.889 0.49752
1.809 34.642 22.666 0.32742
0.837 33.717 20.451 0.76418
1.206 36.295 20.729 0.77254
0.000 34.927 20.299 1.49961
0.000 35.761 19.498 1.20187
0.000 35.671 20.506 0.59912
0.000 34.867 20.474 0.57545
0.000 33.875 20.874 0.83247
0.000 31.337 16.950 2.19445
0.000 32.925 18.248 1.76606
0.249 33.107 20.609 1.22077
2.556 31.724 20.781 0.78549
4.292 36.107 21.583 0.64278
2.076 36.224 21.187 0.47509
0.000 36.769 21.700 0.44536
0.405 36.148 22.381 0.68292
12.225 35.436 23.099 0.85236
15.431 35.047 22.728 0.59926
0.830 35.463 22.825 0.89264
0.313 36.657 23.178 0.59379
1.830 38.107 22.296 0.57470
0.381 37.691 22.239 0.94711
2.976 36.621 22.478 0.73063
1.874 37.549 20.845 0.67273
0.220 36.290 21.872 1.60279
0.449 32.568 21.468 1.77251
0.424 30.009 20.188 1.50003
16.327 32.945 21.099 0.92126
2.542 32.985 21.598 1.00317
1.095 35.179 21.644 1.04167
21.575 31.677 21.376 0.81692
3.714 28.139 19.008 1.14328
1.089 32.390 19.762 0.97254
1.146 32.846 22.107 1.20695
0.775 34.421 21.648 1.11029
0.000 35.916 22.274 1.22286
0.306 35.825 21.360 0.68891
5.169 35.783 22.897 0.42112
9.064 33.619 23.884 0.75117
2.238 35.578 23.486 0.75224
4.943 30.670 22.135 0.68433
15.179 35.015 24.050 1.42942
0.000 36.898 23.651 1.32872
3.549 35.117 24.917 1.20374
10.505 31.685 23.951 0.99710
2.200 33.174 22.821 0.93436
20.472 34.171 23.931 0.82321
11.791 32.521 23.566 0.78367
3.727 32.290 22.262 0.70374
1.378 35.906 23.778 1.03471
3.835 34.057 23.489 0.96073
65.164 33.575 22.318 0.47225
11.109 32.978 22.636 0.52892
13.313 33.735 21.836 0.71886
32.968 30.313 20.944 0.63142
32.513 32.341 21.689 0.48827
0.196 30.734 21.315 0.80979
1.150 31.681 20.708 0.87970
1.603 33.704 19.688 1.19453
0.566 34.191 20.397 1.01042
0.705 33.565 21.479 0.54761
0.061 33.104 22.969 0.76319
0.582 30.951 22.123 0.83322
33.984 33.080 22.415 1.10192
17.588 32.269 22.371 0.97469
26.528 32.332 21.466 0.73095
30.429 34.275 22.067 0.84738
26.753 33.825 21.978 0.64627
10.815 34.478 21.947 0.51363
10.973 34.588 22.180 0.55287
3.531 33.615 21.371 0.56466
1.200 35.337 22.554 0.53593
7.394 34.899 21.646 0.45587
18.700 35.912 22.739 0.67636
9.501 32.967 22.876 0.62782
6.958 32.315 23.147 0.93410
19.899 30.590 22.218 0.66259
29.201 31.799 22.407 1.06859
6.090 30.241 23.123 1.17561
5.404 27.696 21.691 0.60294
16.857 30.427 22.608 0.61932
1.501 28.645 22.676 1.29477
3.899 29.937 22.697 1.25431
0.637 31.275 22.544 1.15703
2.110 31.029 23.093 0.94474
38.678 29.673 22.554 0.82780
6.658 27.729 21.346 0.70031
6.515 31.092 23.202 0.90565
84.991 30.280 22.085 1.75142
3.229 29.391 21.827 1.87008
0.824 30.041 21.933 1.85486
0.001 30.763 21.689 1.43931
0.000 33.444 21.837 1.39458
0.000 32.813 23.081 1.42470
0.246 32.784 23.612 1.25658
4.600 29.750 22.999 1.10610
6.476 30.129 22.240 1.40674
5.294 31.060 22.419 0.97607
0.035 33.745 22.101 1.13175
0.000 35.769 23.848 1.09822
1.308 33.851 23.455 1.41329
14.125 32.122 23.262 1.56904
6.925 29.337 22.203 1.66575
7.203 30.804 22.769 1.44168
18.041 30.643 22.598 1.34628
4.144 32.747 23.031 1.19078
2.503 32.127 23.060 1.42646
0.000 31.072 23.487 1.35911
0.141 29.020 22.261 1.02610
0.826 33.954 23.002 0.96457
0.648 32.621 23.428 0.78110
2.585 29.634 22.952 1.12278
11.951 31.999 22.506 0.99600
5.428 32.525 23.298 1.17238
1.392 30.652 22.639 0.80541
0.805 32.140 23.327 0.70176
11.484 30.374 22.919 0.87472
22.779 29.524 21.555 0.46020
2.528 34.798 22.350 0.81344
11.946 31.821 22.815 1.31092
0.556 30.083 22.372 1.21311
6.796 31.479 21.593 1.32145
17.895 32.702 22.297 0.93613
6.140 28.075 22.151 0.63485
0.065 34.415 22.486 0.68527
1.390 34.981 23.474 1.14120
3.835 33.129 23.815 1.18237
5.036 31.045 24.010 1.47694
21.841 30.783 22.439 1.59582
51.990 29.866 22.305 1.27209
10.127 29.553 21.246 1.51161
4.902 26.371 21.450 1.54077
6.936 27.065 21.782 1.62542
1.810 29.166 21.716 1.90368
1.020 29.347 22.252 1.38406
1.542 32.038 23.194 1.48877
17.323 28.234 22.452 1.20041
0.360 30.014 22.403 1.17070
14.777 27.351 21.678 1.25797
0.025 29.495 21.706 1.52374
0.000 31.732 22.478 1.65455
0.013 31.829 22.362 1.68984
0.472 31.964 22.909 1.55373
0.005 30.795 23.556 1.44212
20.893 27.750 21.764 1.77145
8.545 31.707 22.724 1.78054
15.540 31.183 22.177 1.99601
0.610 28.658 21.421 1.77145
2.463 28.135 21.534 1.62235
25.899 27.411 21.887 1.56445
6.181 28.187 22.665 1.61846
0.004 30.915 23.064 1.59909
0.216 31.151 23.537 1.50678
0.481 31.730 23.758 1.58560
2.348 29.153 22.980 1.74849
0.380 30.371 22.089 1.89686
3.544 29.378 23.087 1.67306
5.219 30.697 23.200 1.43488
2.664 31.259 23.513 1.16230
8.706 31.071 22.718 0.78377
5.337 32.610 22.607 0.91025
5.086 32.473 23.294 0.50585
28.865 33.008 23.380 0.57321
0.406 32.289 21.877 0.60343
15.714 36.287 22.302 0.38244
11.660 34.264 23.659 0.72682
5.332 30.439 22.292 0.60975
10.888 29.384 22.664 0.76212
3.829 31.787 22.899 0.72119
2.154 33.893 23.552 0.89115
7.920 32.796 23.259 0.73213
16.375 31.949 22.992 0.86892
7.874 31.577 22.238 0.79880
7.868 35.972 22.531 0.57758
4.526 33.146 22.806 0.56623
5.679 32.800 21.899 1.08907
21.580 33.642 23.036 1.06833
16.692 30.238 22.049 0.95641
5.522 29.177 21.600 0.64815
8.022 33.715 22.417 0.75295
11.681 27.687 22.491 1.00501
5.494 28.590 22.862 1.68798
10.764 27.916 21.994 2.25009
23.113 25.827 21.928 1.41314
19.988 26.273 21.857 1.31959
8.685 27.562 21.648 1.45898
2.685 26.916 21.267 1.41956
17.014 25.408 21.663 0.99977
1.318 26.955 21.759 0.84955
0.821 27.316 21.677 0.82724
1.747 29.549 22.146 1.08356
9.571 28.985 22.112 1.00069
12.334 28.424 22.441 0.93016
10.212 28.937 21.997 0.99915
0.214 28.448 22.084 0.78219
0.352 31.702 22.493 0.43799
31.297 32.281 22.670 0.54512
0.191 30.476 22.414 0.70778
7.019 30.826 22.677 0.94619
43.880 29.202 20.882 0.81045
21.610 31.199 21.276 0.77218
1.589 25.941 21.315 0.93840
0.556 28.514 22.014 1.26914
7.724 29.572 21.490 1.29731
19.245 29.389 21.831 1.24358
3.746 26.770 21.859 1.31194
56.908 27.192 22.156 1.97414
37.974 26.401 22.714 2.75681
1.540 28.706 21.206 1.65851
0.109 32.335 21.876 0.80058
4.267 29.952 20.969 0.42819
5.191 33.851 22.331 0.43691
3.275 32.321 22.867 0.72964
19.011 31.255 22.515 0.43429
48.562 28.416 21.271 0.64810
10.816 32.154 21.636 0.77920
1.475 28.806 21.313 0.55361
4.603 29.710 21.781 0.65257
8.619 29.935 20.597 0.51044
4.955 31.374 21.077 0.97945
0.385 32.771 21.440 0.94860
0.000 32.841 22.013 0.88570
0.490 30.632 20.563 0.63443
0.424 32.764 21.097 0.73816
34.148 29.698 20.831 0.69400
43.680 26.727 21.324 0.78642
0.507 27.254 20.648 1.22991
0.000 28.149 20.706 0.74852
0.216 29.228 21.867 0.56973
0.409 29.241 21.779 0.79726
9.739 28.134 21.265 0.67492
20.923 27.897 19.977 0.74546
3.329 30.275 20.490 0.50296
0.079 30.607 18.767 0.91929
0.084 31.631 18.936 0.85001
0.019 31.026 17.166 1.07268
0.000 31.325 17.462 1.06806
0.025 31.988 18.467 1.10557
0.000 31.372 18.316 1.20375
0.000 32.807 19.318 1.09903
0.175 30.107 19.426 0.99849
64.724 29.436 20.590 1.70647
1.119 26.054 19.827 1.84802
0.022 28.108 20.320 1.89191
0.004 29.363 20.980 1.60280
11.594 27.541 20.630 1.31963
0.917 29.370 19.868 0.82341
0.010 31.363 18.340 0.89072
0.000 31.951 20.142 0.48635
0.019 32.306 21.244 0.46241
0.000 32.402 20.806 0.53696
0.000 33.404 18.965 0.63510
0.000 32.592 19.659 0.95068
0.000 32.292 20.244 0.95457
3.565 31.039 19.931 0.40773
2.049 33.218 19.359 0.86550
0.000 30.972 16.748 1.96270
0.000 28.478 17.400 1.89530
0.000 30.170 19.017 2.05526
0.000 29.578 18.535 2.27576
0.555 28.298 16.393 2.15018
0.431 26.482 16.426 1.87945
0.000 29.463 17.423 1.67826
0.000 31.215 18.466 1.23968
0.123 31.131 19.826 1.10525
0.000 31.719 19.874 1.15546
0.000 31.055 19.821 1.28338
0.000 31.858 18.277 1.46415
0.000 30.624 17.742 1.67424
0.000 29.472 16.954 1.59919
0.000 29.279 18.579 1.49210
0.000 29.985 17.806 1.63036
0.000 29.078 16.171 1.70112
0.000 28.948 16.397 1.48780
0.000 30.228 17.393 1.37160
0.000 30.507 17.358 0.75175
0.000 31.302 16.120 0.58423
0.000 31.866 15.987 0.68233
0.000 30.837 14.754 0.85844
0.000 31.627 15.602 0.88979
0.000 32.021 16.887 0.81573
0.000 31.896 18.757 1.33587
0.000 32.639 18.981 1.48719
0.000 32.696 19.111 1.14999
0.000 32.985 19.395 0.89299
0.000 32.108 20.022 1.33743
0.000 31.031 19.243 1.62762
0.178 31.060 18.659 1.86166
0.042 29.474 18.658 1.91209
0.780 29.227 17.785 2.00715
0.122 29.366 16.216 1.96905
0.230 29.858 16.989 1.60546
0.000 31.521 17.870 1.14211
0.000 33.498 18.571 0.88352
0.000 33.666 18.785 0.88129
0.000 32.823 18.163 0.85573
0.000 33.575 17.510 0.84780
0.108 31.676 16.895 1.27372
0.000 32.844 17.423 0.89450
0.000 33.674 16.766 0.84692
0.014 33.045 18.078 1.18048
0.040 31.995 17.227 1.12175
0.004 33.497 18.801 0.99031
0.000 33.430 17.888 1.24262
0.000 33.960 18.465 0.81062
0.000 33.812 17.731 0.69593
0.000 34.446 17.802 1.04790
0.000 32.353 18.634 1.43780
0.000 31.636 18.724 1.43331
0.000 31.092 18.432 1.02580
0.000 32.326 17.788 0.72937
0.000 32.437 17.633 0.78229
0.044 30.442 17.931 1.78527
0.000 29.209 16.641 1.85640
0.000 28.221 16.553 1.81871
0.787 28.646 16.489 1.90320
0.002 29.268 17.208 2.02053
0.082 28.773 16.529 1.77718
3.916 30.069 18.181 1.53848
20.665 25.963 19.074 1.30833
1.202 28.912 18.190 0.90148
0.000 30.852 19.072 0.53221
4.204 31.065 18.427 0.60212
0.000 30.896 17.283 1.12800
0.000 31.116 17.864 1.28423
0.008 31.499 17.430 1.61211
0.000 30.543 17.477 1.70116
0.000 30.924 17.573 1.15744
0.000 32.949 18.018 0.92299
0.000 31.793 17.431 1.15025
0.000 32.845 16.197 0.88563
0.000 33.889 16.281 0.72562
0.000 34.276 17.624 0.69025
0.000 35.194 18.916 0.53240
0.000 34.945 17.813 0.68819
0.000 35.271 16.338 0.71335
0.000 35.191 18.761 0.66800
0.000 34.958 17.317 0.57840
0.000 35.672 18.748 0.53728
0.442 35.883 18.317 0.49168
0.000 35.992 17.766 0.62709
0.000 36.727 17.325 0.57270
0.000 36.139 17.191 0.71179
0.000 36.581 17.232 0.81863
0.000 34.770 17.166 1.27025
0.000 35.897 15.970 0.82946
0.000 35.587 16.107 0.84933
0.000 34.787 18.401 1.62473
0.000 34.466 18.428 1.93507
0.000 33.321 18.705 2.00036
0.000 33.010 16.927 1.81158
0.000 34.242 18.368 1.00285
0.062 34.644 21.322 0.59329
0.000 34.662 22.363 0.66675
0.000 30.675 20.265 0.69287
0.000 36.524 19.523 0.95857
0.000 36.758 20.510 0.88900
0.000 37.519 21.366 0.84975
1.943 36.831 22.890 0.61027
0.204 36.691 22.866 0.55124
2.305 36.579 21.858 0.55731
0.000 36.761 23.327 0.66837
0.339 37.802 22.134 0.92116
0.000 37.778 22.663 0.89784
0.000 36.545 21.951 1.06703
0.000 37.961 22.364 0.79690
0.000 38.252 22.398 0.61416
0.001 36.570 21.817 0.52641
0.000 34.185 18.358 2.09499
0.000 31.227 17.239 2.29242
0.000 33.252 17.307 1.71827
0.000 36.503 19.298 0.71138
0.000 36.479 21.605 0.67216
0.000 36.864 20.381 0.62905
0.000 37.988 17.112 0.88177
0.000 36.977 20.163 1.99851
0.000 34.272 19.976 2.17991
0.000 34.246 18.597 2.08628
0.000 35.268 20.432 1.19203
0.000 35.877 19.496 0.74487
0.000 36.363 20.579 0.68978
0.000 37.698 20.620 0.63073
0.000 38.088 23.207 0.58834
0.000 36.986 24.878 0.63486
1.007 37.836 19.402 1.70790
0.196 29.772 20.045 1.84251
0.000 34.877 20.347 1.89769
0.000 34.198 20.315 1.87284
0.000 34.429 20.210 1.44266
0.000 35.772 21.310 0.90515
2.092 35.656 22.454 0.54454
0.421 37.466 23.586 0.68764
0.864 35.403 21.767 0.73762
0.000 38.513 20.755 0.84760
0.000 38.405 23.225 0.61267
0.059 38.256 24.005 0.72514
0.000 38.887 23.985 0.62597
6.699 38.774 19.868 0.66393
0.000 38.529 23.304 0.63817
0.000 37.383 24.882 0.83650
0.000 38.809 24.693 0.99966
0.000 38.666 25.599 1.02650
0.000 37.071 25.311 1.02710
12.026 38.768 23.748 0.67046
0.570 39.275 22.079 0.60999
0.000 39.650 22.915 1.13578
0.650 36.428 22.209 1.30095
0.025 33.917 20.967 1.05218
0.226 37.171 23.298 0.58646
12.390 34.235 23.204 0.78355
13.592 34.748 23.253 0.85867
1.114 35.731 23.751 0.70284
5.647 37.703 24.343 0.76464
0.000 37.488 22.170 1.19738
0.000 37.069 21.883 1.29363
0.000 38.787 22.328 0.75342
0.000 39.698 23.732 0.65858
7.818 37.160 24.391 0.78400
1.129 35.716 23.859 0.64402
12.576 31.262 22.871 0.52203
5.094 37.596 22.476 0.56623
3.935 36.071 23.325 0.73267
23.696 38.557 24.222 0.87207
3.034 34.559 22.698 0.68242
10.072 37.203 24.591 0.63090
12.993 34.201 24.290 0.73015
0.948 39.039 26.457 0.57439
5.136 39.317 24.858 0.86590
0.000 38.541 25.812 0.75354
0.084 39.383 25.694 0.93012
17.464 38.990 25.469 0.64335
5.453 39.435 23.960 0.69424
0.000 39.562 24.669 0.84284
2.628 39.635 25.067 0.72930
3.612 38.507 25.622 0.79673
0.739 35.560 25.335 0.68410
2.120 36.370 24.648 0.61542
0.579 40.778 24.995 0.82350
4.927 38.494 25.130 0.75692
0.000 38.291 25.737 0.86704
3.290 31.652 23.758 0.90223
29.449 38.430 24.570 1.01015
10.666 32.429 23.551 0.85208
0.160 37.099 24.565 1.15282
1.079 37.191 24.868 1.13477
31.699 30.778 24.055 0.94530
9.036 31.455 23.302 1.03672
1.689 35.532 24.415 1.27777
9.730 30.995 23.872 0.90909
1.420 36.824 24.866 1.35901
2.870 34.464 23.858 1.09304
6.750 35.058 24.872 0.95427
0.458 34.629 25.593 0.94567
4.391 33.362 24.647 0.98128
5.642 33.465 24.242 0.92826
2.822 36.893 24.596 0.89519
14.754 34.722 23.217 1.06277
10.372 31.971 23.450 0.91238
7.661 31.445 23.991 0.75828
15.192 31.294 23.503 1.01322
8.382 33.037 23.302 0.76625
11.213 32.442 23.857 0.57402
16.911 35.929 24.413 0.86420
1.175 36.921 25.021 0.91431
6.669 30.608 24.353 1.00525
7.664 32.825 23.222 0.98110
4.029 32.923 24.214 1.14491
3.218 34.984 23.653 1.05485
2.995 34.636 23.675 1.06798
1.777 32.698 23.251 1.02675
13.942 32.389 24.055 0.91491
8.543 30.533 22.916 0.90329
38.293 32.722 22.613 1.15602
14.743 32.308 22.775 1.30253
2.824 32.331 23.451 1.23796
4.249 34.890 23.982 1.21718
4.772 33.777 24.071 1.30326
5.246 29.887 24.163 1.18404
3.744 30.824 22.870 1.10790
1.485 33.842 23.491 1.22643
0.783 33.959 23.713 1.15711
11.035 32.911 23.006 0.99773
11.467 31.111 22.116 0.86451
27.222 33.388 22.789 0.76378
47.186 34.449 22.378 0.55312
25.905 34.000 21.617 0.64062
14.331 36.107 23.079 1.01601
0.420 35.693 23.399 1.21439
9.302 33.471 23.783 0.81990
4.104 34.561 23.541 1.01455
11.475 34.317 23.208 1.22686
3.161 34.615 23.530 1.25607
0.949 34.001 23.564 1.18057
19.126 29.674 22.294 1.04774
5.070 31.237 22.235 0.95132
6.089 34.071 23.726 1.17841
6.501 31.107 23.163 1.26788
6.621 31.312 23.154 1.45082
4.824 33.883 23.148 1.33422
2.646 32.556 22.620 0.87073
1.613 36.011 24.008 0.89819
2.579 30.956 22.527 0.64217
10.182 33.793 23.899 1.44116
12.169 31.996 23.301 1.42419
8.649 30.532 22.600 1.24695
1.625 31.665 22.354 1.31032
40.906 26.716 21.959 0.87759
10.771 30.003 22.149 0.60254
0.200 32.552 22.856 1.27530
5.844 30.453 21.342 0.98911
9.354 34.111 22.955 1.10366
1.468 29.361 22.559 0.69771
17.311 30.700 22.470 1.09257
8.392 29.221 21.962 1.19936
23.433 30.886 20.987 1.23837
0.674 31.735 21.853 1.16542
0.001 30.866 22.458 0.98827
1.163 32.545 23.354 1.28115
5.315 29.108 21.826 1.27147
1.461 29.059 22.207 1.23529
2.076 29.220 22.246 1.30056
1.736 30.075 21.988 1.52673
1.104 30.579 21.770 1.32501
8.798 31.970 22.894 0.90548
0.991 32.874 22.876 0.84529
19.186 31.711 23.120 0.60260
1.454 31.289 22.967 0.57192
3.656 32.598 23.009 0.46635
19.741 32.647 22.440 0.66468
11.738 34.232 23.471 0.44463
0.086 35.333 22.804 0.59819
13.094 32.266 21.099 0.82835
10.006 29.739 21.983 0.78074
10.505 31.050 22.191 0.84989
8.971 30.255 21.683 1.01047
4.491 29.444 21.373 1.63233
2.512 30.140 21.801 1.64323
0.005 34.000 22.346 1.02069
5.532 31.478 22.397 0.91615
14.351 30.787 22.144 0.94777
8.934 27.591 21.183 1.05147
2.016 28.218 21.486 1.00138
0.185 32.689 22.374 1.19177
0.481 33.227 23.212 1.10991
6.649 31.445 23.199 0.83660
5.195 29.114 22.451 1.21097
15.869 30.107 22.014 1.32710
1.700 29.968 21.185 1.10037
0.049 31.892 22.183 0.95091
16.078 32.847 22.047 0.95826
19.151 33.002 21.742 1.05960
2.941 36.804 22.266 1.15238
29.953 31.603 22.282 0.92063
16.170 32.826 22.357 1.19954
1.520 32.173 22.195 0.70284
11.772 31.859 21.986 0.51391
3.105 31.119 22.232 0.51462
7.105 29.299 21.246 0.56057
4.446 34.600 22.112 0.56936
0.794 29.811 21.578 0.65382
4.272 31.450 21.514 0.35631
18.579 33.469 22.131 0.46941
1.190 34.119 22.869 0.59903
29.924 30.238 22.384 0.72249
23.418 33.685 23.312 0.63421
46.925 34.304 22.906 0.74813
0.473 34.715 22.657 0.49089
5.454 35.425 21.602 0.51687
2.232 36.591 22.178 0.57791
12.756 35.195 21.886 0.57672
16.979 36.144 22.724 0.65050
1.396 31.365 21.536 0.56816
10.224 31.828 20.776 0.77070
5.244 31.099 20.655 1.24176
8.616 27.660 21.472 1.04933
2.980 28.928 20.521 0.75210
42.931 32.240 21.473 1.02375
43.337 29.161 21.095 1.36317
20.682 27.933 21.305 0.70894
5.266 31.875 21.595 0.42890
2.174 31.652 22.515 0.65941
14.334 30.451 21.588 0.68568
8.221 29.054 21.978 0.84301
0.104 27.041 21.422 0.40848
12.334 26.969 21.414 0.59872
6.692 27.791 20.552 0.45060
2.744 28.764 20.534 0.45117
9.995 27.709 21.248 0.63146
4.286 25.566 20.946 1.33450
0.216 28.516 20.431 1.00708
6.465 28.538 21.014 0.63499
4.359 27.752 21.333 0.67256
7.495 27.591 21.245 0.53875
7.019 27.848 20.525 0.32893
0.260 29.907 21.091 0.56206
1.474 30.464 20.598 0.51445
0.133 30.844 21.520 0.56117
0.000 30.606 21.794 0.51040
0.000 32.383 20.483 0.58752
0.000 32.277 20.459 1.02684
4.116 31.565 20.804 1.29419
1.369 28.778 18.501 1.87679
3.427 28.739 18.194 2.01691
37.905 24.350 18.594 2.08362
3.116 26.255 19.391 1.73290
21.341 27.531 20.719 1.41584
31.176 24.896 20.585 1.58889
81.423 25.347 17.560 1.25444
9.475 25.836 18.239 0.84179
0.006 27.043 19.133 0.74130
0.432 27.412 20.303 0.76225
1.108 25.058 21.294 1.15424
16.922 25.872 20.580 1.54904
2.939 25.634 20.166 1.14716
1.370 26.897 19.822 0.70253
9.540 27.106 20.456 0.90836
0.000 28.341 19.786 1.18770
0.018 29.100 20.666 0.65692
57.277 25.307 20.258 0.51930
0.041 27.465 18.256 0.90540
0.122 28.101 19.419 1.04448
17.059 28.157 20.709 1.24256
0.188 27.206 20.672 1.33829
26.247 26.207 19.093 1.43396
0.775 25.366 19.194 0.97846
0.012 27.358 20.132 0.68962
0.000 27.420 20.108 1.16533
0.000 27.952 18.763 1.15019
0.144 28.541 18.435 1.21400
0.305 27.661 18.381 1.46238
0.048 26.626 18.709 1.57657
0.086 28.118 19.777 1.09940
0.499 28.010 21.215 1.12398
1.430 25.056 20.556 1.36366
0.599 26.660 19.811 1.54278
0.000 27.727 19.280 1.52623
0.057 28.141 19.351 1.60395
4.195 28.092 18.974 1.68685
1.828 28.002 20.136 1.45791
5.724 26.481 20.468 0.99259
0.184 27.629 19.872 1.38504
0.000 27.824 18.341 1.77829
0.000 26.760 16.204 1.51523
0.000 26.764 15.129 0.92090
0.000 28.920 16.672 0.48128
0.000 29.952 19.109 0.43430
0.009 29.858 20.318 0.44960
0.000 29.608 20.000 0.57439
0.000 27.249 18.025 0.58614
0.006 31.040 18.337 0.33028
0.000 30.545 15.092 1.82510
0.000 25.257 14.248 1.92277
0.024 27.279 15.020 1.09313
0.428 28.700 16.563 1.05145
0.315 27.066 17.603 0.94352
0.000 29.614 18.176 0.95320
0.026 29.173 18.081 1.23341
0.000 29.160 16.456 1.04213
0.000 29.643 17.151 1.04324
0.000 29.347 16.305 1.27949
0.000 27.929 17.140 1.99343
0.001 27.369 16.434 1.70417
0.060 27.905 16.255 1.50056
0.001 29.495 17.168 1.32950
0.000 29.132 16.324 1.70254
0.000 27.427 16.675 1.63156
0.000 28.511 15.789 1.46182
0.000 29.705 16.936 1.15601
0.071 30.458 18.687 1.33482
0.069 29.128 18.706 1.57849
0.099 27.651 18.566 1.46166
0.000 28.851 18.474 2.06089
0.000 28.469 16.811 2.19850
0.000 27.164 16.248 1.90743
0.000 27.956 16.608 1.90224
0.079 28.206 16.017 1.64546
0.000 28.230 16.056 1.42948
0.086 26.360 14.796 1.49630
0.000 28.595 15.775 1.33574
0.089 28.581 16.947 1.05566
0.076 27.566 15.715 1.99235
0.001 24.585 13.928 1.73078
0.028 26.092 14.825 1.45235
0.005 28.687 16.230 1.02134
0.046 29.137 18.211 0.98589
0.000 29.110 19.060 1.04917
0.000 29.549 17.158 1.65761
0.000 28.790 18.202 1.56874
0.000 29.162 18.630 1.67261
0.179 28.972 17.738 1.92251
0.026 28.468 17.553 1.94901
0.000 27.743 18.950 1.71807
0.000 29.297 18.704 1.78014
0.000 29.932 18.174 2.08826
0.000 28.747 16.603 2.30298
0.000 28.815 17.117 2.14920
0.000 28.600 16.891 1.97184
0.000 30.116 17.201 1.82955
0.000 29.620 16.772 1.84660
0.000 30.283 17.022 1.75073
0.060 29.892 15.583 1.50292
0.000 30.231 14.710 1.35555
0.000 29.963 13.799 0.87812
0.000 30.540 15.215 0.84874
0.000 31.080 17.806 0.83450
0.000 32.913 18.367 0.61235
0.000 33.408 18.539 0.53015
0.000 32.343 18.164 0.89543
0.000 31.288 16.909 1.27275
0.000 32.890 18.527 0.81653
0.000 32.142 17.997 1.73054
0.000 32.573 18.370 1.25384
0.000 33.266 17.588 0.89352
0.000 34.172 18.500 0.72784
0.000 34.153 18.106 0.68705
0.000 33.384 18.531 0.75785
0.000 31.095 17.817 1.25891
0.046 31.188 18.744 1.27725
0.000 32.793 18.563 1.46681
0.000 32.526 16.652 1.45923
0.000 33.278 16.879 1.08422
0.000 33.134 17.522 1.32413
0.000 33.437 17.943 1.64687
0.000 32.573 16.810 1.46186
0.000 33.586 16.705 0.78799
0.000 29.547 17.019 1.01174
0.099 27.716 17.981 1.25831
0.000 32.126 18.787 1.72095
0.005 30.553 19.154 1.85909
0.098 32.699 19.755 1.27534
0.035 33.477 20.369 0.80837
0.630 33.591 20.017 0.96023
2.345 33.186 19.497 1.74687
0.000 33.042 19.422 2.10866
0.000 32.702 19.103 2.16419
0.000 32.357 18.970 2.07605
1.868 33.310 18.193 1.90112
0.000 34.786 17.125 1.08977
0.000 35.454 18.230 1.14893
0.174 35.124 19.014 1.85769
1.059 30.035 19.875 1.88169
0.021 30.512 19.370 1.34298
5.270 29.980 19.940 0.77740
2.441 34.121 20.130 0.52562
0.004 35.562 20.769 0.51679
23.062 34.443 20.933 0.63779
0.016 35.135 21.723 1.53345
0.599 30.076 20.071 1.82292
5.695 30.624 19.907 1.92175
0.000 28.324 19.262 2.19996
0.942 28.621 18.723 2.06360
0.202 29.594 17.911 2.23862
0.481 29.143 17.963 2.40521
0.081 29.739 17.267 2.32525
0.000 28.737 16.816 1.93486
0.000 32.319 18.659 1.71339
0.215 32.675 19.827 1.55631
0.141 31.771 19.184 1.13361
0.000 34.591 18.090 1.08731
0.033 34.652 17.996 1.16252
0.021 33.149 18.491 1.37233
0.000 35.198 18.216 1.17249
0.000 35.051 18.494 1.36362
0.029 35.024 19.866 1.70168
0.000 34.028 18.551 1.91973
0.000 33.626 18.025 1.36726
0.001 34.487 19.571 1.47765
0.000 34.647 18.834 1.58951
0.113 35.338 19.183 1.27977
0.000 37.527 20.476 0.70765
17.134 36.634 22.816 0.80856
4.586 35.727 23.361 0.87810
1.620 34.731 22.884 0.91667
53.938 32.819 22.564 0.85937
1.115 30.501 20.849 0.56426
0.073 33.992 21.107 0.85559
0.000 33.694 21.028 0.66032
32.483 32.110 21.029 0.69832
5.842 37.042 20.827 0.99684
0.000 35.641 21.116 1.43643
0.000 36.190 21.234 0.94298
0.019 37.913 23.765 0.91010
2.637 33.874 23.548 0.86624
3.354 33.719 23.498 0.53538
2.724 32.791 22.137 0.62141
0.341 38.522 22.154 0.68569
7.597 37.009 23.746 0.83811
1.186 38.212 23.376 0.91520
0.000 36.679 23.537 0.66241
0.264 38.394 23.810 0.63697
1.133 36.895 23.687 0.62904
36.994 36.678 24.356 0.96051
5.261 33.207 23.679 1.14279
3.557 33.319 24.131 1.14460
0.099 35.438 24.163 1.32575
0.080 34.322 23.362 1.67594
0.034 36.276 24.418 1.42474
12.129 35.259 23.475 1.34205
20.295 36.674 23.806 1.06892
18.360 32.816 23.193 0.71206
17.929 31.343 22.199 0.41279
31.204 34.964 22.620 0.48006
34.266 35.320 23.107 0.85381
1.246 31.530 22.157 0.95636
2.859 33.267 23.190 0.88849
6.941 30.342 23.261 0.84979
4.009 31.343 22.275 0.83781
2.005 34.998 22.979 0.93183
8.838 35.782 23.999 1.02890
7.246 32.147 23.160 0.71093
6.254 27.303 21.849 0.69704
27.899 30.508 22.496 0.91348
17.970 28.630 22.138 0.97905
4.611 29.751 22.112 0.93260
10.915 27.818 21.304 0.88768
2.089 29.612 21.802 0.65052
13.232 29.931 21.989 0.97420
6.781 31.000 22.609 0.94844
27.524 32.760 22.827 0.75151
10.264 32.053 22.953 0.98747
40.793 31.075 23.058 0.81469
7.321 34.111 23.383 0.76046
46.472 32.380 22.217 1.01016
0.420 32.033 23.110 0.80921
10.179 30.526 22.877 1.01319
0.264 32.091 22.667 1.06067
19.001 31.196 22.616 1.31332
2.336 30.056 22.313 1.04248
12.241 31.858 22.200 1.20028
0.050 31.825 22.103 1.26357
0.566 28.219 21.661 1.37826
1.063 31.269 22.212 1.46584
10.422 32.335 23.076 1.53479
10.400 28.966 21.831 1.68793
3.921 28.674 21.282 1.52192
1.965 28.947 21.641 1.50206
11.445 30.841 21.780 1.68960
14.461 30.327 22.257 1.45862
5.146 31.670 22.391 1.63864
2.048 30.613 22.958 1.93960
2.307 32.262 23.168 2.18283
0.000 32.161 22.527 1.89510
0.041 33.547 22.595 1.53632
0.054 33.084 23.064 1.36323
0.191 34.448 23.509 1.37757
12.680 28.203 22.423 0.90566
3.800 28.511 21.691 0.88826
7.470 31.756 21.635 1.12811
0.014 33.461 21.856 0.99885
5.676 33.450 22.362 0.86571
8.531 29.913 22.096 0.71544
2.200 32.239 22.260 0.86390
0.056 32.674 22.577 1.07105
5.911 33.441 23.317 1.35418
0.766 30.287 22.664 1.31358
3.737 32.409 23.043 1.38812
29.764 31.259 21.908 1.42045
10.119 32.894 23.041 1.26121
38.222 28.371 22.500 1.32421
4.959 28.156 21.209 1.26717
35.759 28.803 21.408 1.41001
0.474 28.622 21.461 1.23361
0.000 30.334 22.040 1.41850
0.508 30.809 22.513 1.56273
0.000 32.505 22.686 1.45686
6.885 30.483 22.430 1.16660
1.886 33.067 22.832 1.37916
8.980 32.328 22.071 1.25354
0.000 33.258 21.777 1.17367
18.411 32.807 23.003 0.92568
24.452 28.639 21.309 0.84620
15.745 29.026 21.773 0.90444
36.196 28.653 21.729 0.96180
1.951 31.243 21.924 1.00415
31.945 30.570 22.552 1.30912
24.217 26.678 20.948 1.91061
3.011 27.380 21.637 1.96467
1.226 29.672 21.091 1.19970
6.351 30.689 21.746 1.07069
3.250 29.355 21.096 1.01598
5.497 32.647 21.932 1.07351
0.000 32.440 22.059 1.18416
4.373 32.927 23.884 1.29157
3.767 29.356 21.164 1.39121
2.841 28.210 20.816 1.26550
6.305 31.218 21.506 1.11367
3.324 29.410 22.062 1.19440
1.179 28.739 21.432 1.53351
0.000 31.155 21.404 1.08598
4.990 32.559 21.811 0.90987
14.122 32.774 22.630 0.44866
18.245 33.310 21.911 0.58163
10.309 29.282 20.761 1.10414
0.344 31.512 21.841 1.13322
1.150 31.377 21.669 0.96658
5.053 31.653 21.907 0.78745
2.452 29.755 21.891 0.60078
0.799 32.348 22.346 0.65766
34.274 31.148 22.743 0.68595
13.189 32.537 23.144 0.84314
0.859 30.223 22.264 0.94194
5.508 33.401 23.075 0.88741
2.123 35.418 23.056 0.85045
0.995 31.623 22.156 0.53763
9.230 33.580 21.743 0.87925
6.290 30.539 21.781 1.33928
3.081 33.331 22.665 1.66810
5.016 31.810 23.050 1.53530
3.597 29.634 22.351 1.57261
6.873 31.668 22.067 1.41430
6.154 30.708 22.171 1.15676
3.244 32.573 22.876 1.13628
1.623 30.880 22.551 1.14677
5.384 28.674 20.974 1.14705
33.300 31.688 21.778 0.99511
26.940 30.514 22.180 1.20238
5.374 30.462 21.482 1.59724
1.299 28.913 21.827 1.21121
13.974 27.288 21.265 1.24461
10.751 28.243 20.874 1.62912
3.711 29.827 19.935 1.28122
0.074 31.849 22.128 0.89363
7.728 30.988 22.196 0.95426
15.626 30.488 22.118 0.84888
3.528 31.315 22.606 1.03989
1.479 30.972 22.366 1.03453
1.286 31.702 22.957 1.03183
3.046 30.686 22.070 1.15381
21.093 29.542 22.262 0.76895
31.788 27.446 21.406 0.81890
13.166 27.089 21.318 1.58542
18.061 25.587 21.345 1.24566
19.583 24.643 21.102 1.01668
1.567 28.072 19.461 0.85189
0.249 28.824 20.669 0.97042
0.669 29.109 21.177 1.32971
5.904 26.690 21.519 1.31439
3.772 29.874 22.076 1.48018
0.731 29.505 21.895 1.32160
7.073 31.246 22.307 0.92297
32.159 28.549 21.564 0.56522
22.929 27.541 20.883 0.54709
13.215 28.288 21.198 0.88672
20.642 27.647 19.778 0.94118
4.064 27.948 20.935 0.47368
27.783 28.087 21.101 0.39514
73.801 27.107 21.458 0.33129
20.954 26.851 21.081 0.60700
14.844 27.300 21.302 0.65760
27.571 26.786 21.322 0.67672
13.729 28.198 21.351 0.76662
26.723 26.000 20.496 0.86842
18.805 28.594 21.441 0.97505
31.300 29.037 21.827 0.72194
5.302 27.794 21.527 0.47660
0.209 28.638 21.201 0.87569
6.068 30.758 21.697 1.16141
23.556 27.713 20.873 1.42338
14.974 29.194 20.186 1.41082
0.928 30.611 19.557 1.10626
0.029 31.311 19.496 0.93456
0.137 32.180 20.201 0.85067
0.000 32.778 20.876 1.18151
0.261 32.257 20.629 1.41080
0.000 31.881 20.778 1.43758
0.035 31.392 20.985 1.34918
0.000 32.077 21.118 1.64373
0.000 31.724 20.308 1.76423
0.092 32.685 20.462 1.62909
0.000 32.828 20.192 1.51681
0.210 32.243 20.351 1.67557
0.000 32.119 20.060 1.49380
0.000 33.057 20.368 1.23281
0.120 33.311 20.778 1.10759
26.969 28.376 20.101 0.92629
42.066 28.844 20.202 0.72890
8.062 26.104 20.783 0.75693
0.566 28.625 21.057 0.81236
0.036 28.540 20.193 0.61761
1.582 28.134 18.962 0.62299
0.149 28.764 18.154 0.60243
0.025 29.666 17.830 1.04239
0.084 30.065 18.957 1.25500
0.000 30.769 19.449 1.18702
0.031 30.891 20.572 1.51636
0.006 30.461 19.780 1.07392
0.004 31.109 21.011 0.67058
0.251 31.245 20.811 0.43547
0.004 33.396 18.298 0.97478
0.771 31.524 20.139 1.50695
0.000 30.413 20.957 1.52638
0.000 30.952 21.886 1.78957
0.003 31.037 20.157 2.14286
0.038 30.655 20.446 1.93292
0.000 29.840 18.443 1.53969
0.000 30.026 19.445 1.52869
0.000 30.809 18.748 1.23127
0.000 31.841 18.245 1.00552
0.000 32.619 18.948 0.94826
0.000 32.117 19.228 1.05579
0.041 31.019 19.663 1.38757
0.000 30.036 16.200 1.61248
0.921 29.698 15.967 1.36178
0.020 25.124 16.391 0.96484
0.092 28.575 18.296 0.91599
2.333 28.317 19.702 0.81944
1.240 30.675 20.267 1.38009
4.064 27.121 19.645 1.57747
0.055 27.069 18.038 1.81678
0.000 27.971 15.897 2.31606
0.000 26.331 13.652 1.97119
0.385 24.000 14.846 1.60350
0.432 25.707 16.067 1.46840
0.169 28.321 17.705 1.20000
0.000 30.408 20.396 1.80527
0.235 29.293 19.690 2.18524
0.000 28.789 18.570 2.29537
0.000 28.947 18.528 2.15085
0.294 27.760 17.748 2.10995
0.000 28.639 18.866 1.51165
0.000 28.675 19.848 1.61258
0.001 30.522 19.126 1.95972
0.000 28.534 18.180 2.23146
0.000 26.458 15.390 2.49826
0.000 25.715 15.419 2.16020
0.000 25.451 16.608 1.63989
0.000 28.753 19.130 1.84752
0.000 30.050 17.695 1.94919
0.056 31.084 18.420 1.75902
0.000 30.746 19.472 1.64259
0.000 29.709 20.008 1.63608
0.000 30.269 18.853 1.65971
0.000 31.145 16.724 1.45552
0.000 31.850 17.240 1.47302
0.000 31.007 18.313 1.57441
0.000 31.147 18.037 1.43659
0.000 31.342 18.337 1.79309
0.009 29.220 18.295 2.04185
0.500 28.499 17.655 2.24986
5.205 27.072 17.846 1.96617
1.307 28.690 18.357 1.93831
7.786 26.901 19.133 1.81482
0.119 29.234 19.143 1.74371
1.684 30.465 19.745 1.50635
0.416 31.878 19.878 0.88362
6.195 33.753 20.819 0.52955
0.103 31.628 20.611 0.74339
0.000 26.725 19.361 0.61412
0.000 33.511 20.751 0.60526
0.171 31.965 19.876 0.52977
0.000 34.257 17.830 0.64903
0.000 34.454 17.717 0.54117
0.000 35.126 19.341 0.70087
0.000 31.770 19.270 1.48084
0.000 31.347 18.600 1.27743
0.459 31.620 16.992 1.91484
0.000 31.296 17.457 1.74949
0.001 32.417 17.478 1.39304
0.694 31.110 18.833 1.22545
0.149 29.251 19.664 1.49263
0.000 31.642 19.653 1.82165
0.701 31.358 18.726 1.94203
2.859 32.027 19.357 1.62632
0.193 32.451 18.939 1.63137
0.009 32.692 18.546 1.65731
0.000 33.856 19.415 1.26412
0.000 34.179 18.502 0.76310
0.000 34.663 20.440 0.67223
0.000 35.767 20.395 0.62269
0.000 33.902 19.527 1.42865
0.000 33.353 18.196 1.45392
0.000 33.616 17.761 1.50138
0.000 33.109 18.003 1.96152
0.000 33.036 16.642 1.68235
0.000 33.766 17.068 1.12216
0.000 33.145 18.790 0.66949
0.000 34.901 20.400 0.58835
0.000 30.196 20.579 1.04447
0.406 30.083 19.356 1.73972
0.160 31.261 17.585 2.12653
0.007 29.489 17.753 2.06824
0.030 29.135 18.624 1.50652
0.184 32.845 20.007 0.73044
2.325 32.807 20.190 0.61421
0.000 37.274 21.369 0.56901
0.000 36.264 22.386 0.59247
0.000 35.842 21.250 0.59756
0.000 32.730 20.122 0.82081
0.000 35.061 19.250 0.79524
0.044 36.415 20.263 0.67750
0.000 36.405 20.328 0.90447
0.818 34.623 20.633 1.41233
0.000 36.829 21.147 0.91390
2.142 37.234 20.631 0.59802
0.029 37.164 21.832 0.60660
2.596 36.646 23.385 0.65568
1.432 34.653 22.521 0.44395
1.136 33.863 23.006 0.42968
12.224 31.892 22.042 0.42734
0.000 35.973 21.099 0.78192
1.214 35.529 20.350 1.67506
0.000 33.875 20.757 1.98498
0.000 34.773 20.107 1.81205
0.000 35.989 19.614 1.73355
0.006 36.049 20.868 1.50387
0.028 36.238 19.603 0.78515
0.011 37.243 21.716 0.69464
4.126 36.924 20.542 0.75387
3.682 36.265 22.704 0.79762
1.859 31.557 21.850 0.75113
23.963 33.839 22.529 0.61618
0.717 30.973 19.107 0.68847
0.187 36.776 21.977 0.53697
0.000 34.440 20.250 0.56123
5.838 33.920 18.555 1.58893
0.000 33.584 19.772 1.92039
0.015 33.971 19.824 1.96783
0.030 33.454 19.458 1.95816
0.000 34.072 18.819 1.67483
0.000 34.330 19.135 1.41593
10.516 32.925 20.849 1.46025
58.175 28.587 19.030 2.03663
30.939 24.668 19.513 1.41240
8.472 28.934 19.933 0.72490
6.286 32.280 20.307 0.40144
3.046 33.316 20.561 0.48182
1.701 33.198 22.095 0.38942
1.246 32.788 20.749 0.40073
6.945 34.160 20.058 0.53300
0.736 33.122 19.933 0.86649
0.235 33.754 20.957 0.76767
0.144 34.804 21.085 0.60320
26.445 34.608 22.106 0.60993
1.665 35.273 22.090 0.56787
11.060 35.107 21.538 0.63272
0.771 35.810 22.326 0.57788
2.747 36.293 22.154 0.55190
12.424 36.627 22.642 0.71566
1.316 36.635 23.773 0.75881
26.905 36.144 22.927 0.83167
2.010 36.517 23.494 0.78135
0.131 35.163 23.861 0.80172
22.770 32.508 22.689 0.89145
5.382 35.582 23.464 0.91282
2.344 36.876 23.068 1.15519
8.114 36.893 23.908 1.20602
5.679 34.135 23.844 1.20397
31.687 32.234 24.107 0.98429
23.399 31.154 22.455 1.09752
19.026 32.198 22.442 0.93146
2.894 32.278 22.988 1.04639
7.709 32.199 23.072 0.85525
3.128 34.562 23.718 1.10274
0.001 36.198 23.792 1.36043
0.798 35.254 23.474 1.07863
1.726 35.758 23.486 0.92509
7.817 34.699 22.547 0.88213
15.351 35.016 22.644 0.56414
8.010 34.470 22.501 1.05895
3.674 33.531 22.514 1.12224
6.019 36.030 23.346 1.10509
0.121 35.484 24.260 0.78867
37.505 34.137 23.170 1.03087
37.173 37.271 24.039 1.27120
4.646 34.904 22.971 1.13523
2.385 34.512 23.478 1.25804
2.744 33.998 22.990 1.18034
8.014 34.274 23.250 1.24048
1.971 34.075 23.266 1.52253
0.000 36.323 23.975 1.73492
0.000 36.084 24.173 1.38549
0.000 35.368 23.732 1.10676
0.011 34.351 24.536 1.28074
0.399 31.838 23.766 1.08802
0.314 30.528 22.869 1.33542
14.787 29.735 22.261 1.33811
18.412 30.554 21.331 1.41058
2.078 30.700 22.305 1.35017
4.749 29.826 22.310 1.14282
0.007 32.442 22.802 1.38283
6.384 31.033 23.384 0.77396
10.807 31.504 23.275 0.63333
16.075 30.955 23.341 0.76487
10.628 30.827 23.575 0.70137
0.020 28.481 22.785 0.83439
1.790 33.248 23.617 1.14524
6.408 30.040 23.037 1.14437
0.712 32.436 23.432 1.09339
17.404 30.557 22.507 1.27436
4.580 32.041 23.284 1.60656
3.527 30.247 23.039 1.65905
0.090 32.265 22.644 1.78136
0.137 32.175 22.774 1.73346
0.000 32.547 23.131 1.68770
0.039 30.050 22.671 1.37184
0.063 32.528 21.559 1.30471
0.002 34.337 23.583 1.57764
1.336 30.584 22.749 1.61893
18.204 29.366 22.277 1.84639
15.599 27.442 21.287 1.77032
11.965 29.103 22.663 2.07979
9.727 30.021 22.231 1.81863
1.279 31.634 22.411 1.24267
0.998 30.113 21.650 0.86353
3.105 31.511 21.851 0.89034
2.039 32.839 23.128 1.23755
0.000 32.772 23.186 1.38953
4.060 32.453 22.906 1.27892
0.090 32.021 23.089 1.41679
1.585 30.619 22.438 1.30702
0.301 30.284 22.194 1.49430
6.861 27.504 22.622 1.49385
5.809 26.812 20.786 1.49067
17.078 26.804 21.411 0.84879
0.945 27.758 21.733 0.93567
4.943 30.181 21.411 1.03609
1.962 28.768 22.141 1.03398
7.397 29.499 21.928 1.38809
4.746 29.476 22.515 1.07894
17.666 28.854 21.613 1.08520
4.158 31.272 22.108 1.05790
4.941 29.885 21.655 0.82787
5.105 28.664 22.493 0.76170
17.086 27.462 21.627 0.96592
4.595 29.877 21.073 1.25027
0.648 30.210 21.668 1.28927
0.146 31.868 22.417 1.00558
0.053 30.439 22.342 0.79958
7.427 32.186 23.071 0.73928
21.203 30.157 22.620 0.89560
9.305 30.573 22.815 0.89950
0.000 27.599 21.582 0.96845
0.162 31.491 22.826 1.26326
0.619 30.435 22.256 1.42531
1.180 30.753 22.854 1.66978
0.404 30.181 22.525 1.93987
2.235 30.837 21.780 2.21840
0.030 30.564 21.472 1.79527
0.064 32.198 22.870 1.58111
5.421 30.569 22.446 1.55562
4.185 28.840 21.929 1.58000
5.870 27.940 20.933 1.58920
8.894 30.239 20.909 1.49631
4.435 30.442 21.744 1.83584
0.449 29.426 21.839 2.07515
9.101 27.157 20.842 2.06275
4.949 29.426 20.891 1.79357
9.381 29.617 21.753 1.28409
0.074 31.137 22.610 1.43041
0.747 30.926 22.754 1.66959
13.906 30.661 22.397 1.86138
3.664 33.020 22.225 1.71100
0.303 33.049 22.315 1.59560
3.884 32.548 22.141 1.39055
0.049 32.556 22.375 1.26867
0.000 32.550 23.039 1.52143
0.000 32.477 22.827 1.52212
0.044 33.706 22.796 1.71420
0.025 31.512 23.179 1.23836
17.207 29.057 22.334 1.30577
3.056 29.887 22.282 1.41564
0.546 32.071 22.394 1.33104
0.555 32.588 23.486 1.07147
14.565 31.357 22.626 0.85537
7.165 31.814 23.204 0.83272
15.008 29.468 22.765 0.97257
5.694 33.840 22.183 1.03241
4.516 30.217 21.949 0.96178
37.634 31.809 21.779 1.39592
12.059 31.392 21.239 1.49578
2.059 30.756 22.181 1.22336
0.280 32.252 22.489 1.46043
2.656 33.055 22.949 1.07625
1.020 32.433 22.709 0.83081
55.873 28.627 22.232 0.85730
6.612 26.824 21.150 0.94193
27.439 27.697 21.174 1.13850
0.993 30.005 21.421 0.97872
10.440 32.956 22.263 0.89261
18.885 29.641 21.986 0.78663
13.644 29.545 20.455 1.29971
1.146 29.356 21.385 0.81617
17.681 32.667 22.153 0.71067
0.046 36.288 21.875 0.57470
2.976 33.236 21.967 0.63199
20.124 31.761 21.625 0.97740
35.314 28.392 21.371 0.98465
25.472 27.633 20.389 0.95088
2.435 32.256 21.171 0.79283
9.999 26.440 21.262 0.60703
9.475 28.683 21.142 0.58665
4.055 31.922 21.330 0.42915
7.184 32.661 22.272 0.61844
18.794 28.860 21.351 0.87101
3.290 32.802 21.134 1.05152
2.785 32.061 22.003 1.20897
23.899 30.139 22.133 1.03645
9.660 29.237 21.631 0.79894
34.704 32.555 21.354 0.92843
7.494 33.459 22.094 0.63987
2.862 30.182 21.822 0.38916
8.451 29.467 21.060 0.59846
37.452 30.107 20.329 0.78111
2.016 30.558 21.093 0.75076
6.853 30.440 21.485 0.60688
44.365 26.507 21.147 0.48081
13.641 29.789 21.291 0.60908
6.141 27.030 21.459 0.53218
3.484 29.553 21.621 0.62640
9.485 31.586 20.658 0.53409
74.800 29.875 21.608 0.92572
5.987 27.573 20.208 0.89878
1.699 30.454 20.172 0.55152
0.051 32.054 20.334 0.74792
0.222 32.825 19.395 0.92781
0.016 33.061 20.781 0.74398
0.028 32.606 20.738 0.55096
0.161 32.762 17.568 0.60148
0.000 33.164 18.783 0.53378
0.079 34.023 21.397 0.51438
0.000 34.190 18.928 0.63954
0.021 33.753 20.082 1.14199
0.000 33.509 19.939 1.14196
0.000 34.018 20.213 1.04571
0.915 34.551 20.500 0.93150
0.000 33.745 21.348 1.32008
17.430 33.006 21.372 1.09309
0.840 32.717 20.662 1.03870
0.000 34.276 20.487 1.19601
0.000 33.883 18.303 1.34938
0.957 34.947 20.721 0.86682
1.007 34.265 22.462 0.77584
2.970 35.306 21.715 0.59578
0.681 31.944 20.281 0.60845
0.224 35.542 21.709 0.75995
0.527 33.111 21.297 1.10804
5.567 31.432 21.302 0.60708
0.492 32.109 21.548 0.91858
0.438 34.649 21.909 0.61539
0.000 30.756 20.355 0.61623
0.000 35.272 20.543 0.69435
0.249 34.926 20.988 0.83657
0.000 34.137 20.657 0.75013
0.000 35.420 20.324 0.55458
0.000 36.476 19.733 0.68301
0.010 36.041 21.565 0.71218
0.034 33.555 22.536 1.52827
1.355 32.850 21.809 1.61470
0.718 33.068 21.140 1.52935
31.619 27.497 20.569 1.48125
3.881 26.171 20.948 0.94241
2.032 29.495 20.825 0.58873
0.781 31.491 21.081 0.54865
0.514 30.868 20.876 0.86172
0.454 33.227 20.667 0.79213
0.005 33.812 21.353 0.61081
0.090 31.210 20.297 0.65283
11.228 34.309 21.632 0.35781
2.179 34.142 20.847 0.39282
1.386 31.395 20.419 0.61687
0.000 33.413 19.812 0.57660
0.030 34.658 20.623 0.52291
4.976 33.715 20.693 0.71899
0.107 29.738 19.124 0.72476
1.424 33.375 18.754 0.59276
0.000 34.070 18.387 0.66556
0.000 34.425 18.041 0.83880
0.000 33.679 18.819 0.89281
0.000 33.153 17.508 1.04032
0.000 33.369 18.120 0.89862
0.299 33.022 20.002 0.84453
0.000 29.818 20.355 1.48776
0.000 32.711 18.733 0.86763
0.000 32.560 19.895 1.03553
0.000 31.130 18.723 0.95792
0.000 32.521 18.895 0.94057
0.000 32.269 18.887 1.39977
0.000 31.878 19.614 1.67730
0.000 31.742 20.387 1.05529
0.057 32.553 21.139 1.17615
0.000 34.049 18.916 0.99564
0.000 35.417 18.818 0.94287
0.000 35.659 19.613 0.96425
0.000 34.684 20.661 1.73035
0.000 32.376 19.816 1.64779
0.000 33.811 20.281 1.34211
0.000 33.864 21.027 1.52505
0.000 32.952 20.634 1.95870
0.000 28.810 19.124 2.21768
0.000 29.105 18.258 2.09642
0.000 31.330 19.490 1.75884
0.000 32.077 19.170 1.55628
0.000 32.917 19.738 1.50659
0.000 33.080 21.153 1.55754
0.000 33.043 20.921 1.68771
0.000 32.664 16.117 2.33560
0.000 27.987 16.457 2.11454
0.000 30.151 17.458 1.73300
0.000 33.235 18.438 1.36008
0.024 32.126 19.439 1.86912
0.000 29.645 17.198 1.64806
0.304 29.276 18.580 1.47899
5.965 24.965 19.176 1.60352
1.212 24.190 18.799 1.21559
2.084 29.461 19.649 1.04771
0.000 30.384 19.136 1.63259
0.001 30.191 17.600 1.76380
0.000 29.222 16.548 1.76141
0.000 30.417 16.959 1.33903
0.000 30.205 16.509 1.03462
0.000 30.089 16.642 1.17921
0.000 29.660 15.686 1.37791
0.000 28.811 14.584 1.43323
0.000 28.982 16.078 1.95947
0.000 28.150 14.829 2.07807
0.000 30.647 16.752 1.59915
0.000 33.040 18.191 0.87930
0.000 33.753 18.566 1.10779
0.000 33.113 17.623 1.33456
0.000 32.602 16.558 1.23546
0.000 33.409 18.137 1.30363
0.000 32.017 15.924 1.51944
0.000 32.629 17.202 1.22793
0.000 32.082 18.114 1.78177
0.000 32.135 17.269 1.81726
0.000 31.842 17.518 1.88808
0.000 33.231 18.341 1.53191
0.000 33.727 16.794 1.31543
0.064 33.984 18.012 1.42998
0.000 32.325 19.000 1.74778
0.002 33.326 20.530 1.42851
0.000 33.743 19.949 1.51619
0.000 34.698 18.342 1.42649
0.000 35.867 19.580 0.80033
0.000 35.502 21.286 0.61176
0.143 35.218 18.822 0.94999
0.000 33.771 18.715 1.90532
0.000 32.533 17.475 2.02557
0.000 33.948 17.805 1.55308
0.000 33.932 18.344 2.10426
0.000 33.668 19.716 1.82475
0.000 34.260 19.146 1.48370
0.000 35.271 19.657 1.84808
0.000 34.014 19.010 1.88930
0.000 35.404 17.082 1.09873
0.000 36.372 16.226 0.88339
0.000 36.028 17.171 1.06237
0.011 33.271 18.438 1.87095
0.038 29.371 19.377 2.13424
0.641 28.342 18.831 2.13132
0.375 28.653 19.616 1.95297
0.000 31.647 19.777 1.67407
0.000 34.177 19.836 1.58040
0.000 35.623 19.181 1.29780
0.000 37.044 19.316 0.93377
0.000 38.026 19.978 0.58247
0.000 37.773 20.165 0.63664
0.000 38.741 20.276 1.26600
0.000 34.857 20.416 1.98870
0.000 32.197 18.234 2.26873
0.000 32.804 17.633 2.04396
0.000 34.057 18.853 1.88009
0.000 34.068 17.858 1.90212
0.000 34.402 16.424 1.20706
0.000 34.991 18.693 0.69246
0.000 35.231 21.150 0.59363
0.000 36.610 20.001 0.66475
0.000 37.736 21.717 0.71721
0.000 35.713 21.992 0.60240
0.000 36.739 21.210 1.08142
0.000 34.501 20.196 1.65987
0.026 36.505 19.805 0.92526
0.000 37.776 22.606 0.86223
1.224 36.774 23.210 0.66085
6.619 36.406 23.130 0.52691
2.847 36.130 23.906 0.69791
0.838 35.629 23.386 0.61623
0.000 36.909 21.072 0.53749
0.000 38.055 22.021 0.71002
0.155 37.513 24.358 0.82814
5.698 34.934 24.650 0.72271
7.618 35.726 24.491 0.52549
9.865 35.393 23.439 0.74746
1.280 36.603 23.934 0.48532
2.917 36.728 22.842 0.63336
0.210 38.769 23.836 0.68056
2.415 37.581 23.319 0.58902
0.000 37.986 24.836 0.67360
0.167 38.510 23.482 0.65605
0.000 38.425 24.313 1.03396
0.026 37.286 24.709 1.19649
0.000 36.929 24.869 1.27331
0.894 37.456 24.760 0.80759
0.091 28.085 23.044 0.86622
14.129 29.116 22.762 0.43550
2.771 35.536 23.343 0.63348
0.091 31.589 22.088 0.99136
0.084 33.208 20.096 1.30799
0.680 34.480 22.559 1.85659
0.000 35.767 20.920 1.79101
0.000 37.335 21.558 1.09084
0.000 36.634 23.728 0.95324
1.141 37.483 24.080 0.70113
8.081 33.272 23.253 1.13121
0.000 38.399 23.864 1.15916
0.000 38.604 24.652 1.19815
3.084 35.894 23.908 0.81206
4.765 34.686 23.333 0.53246
12.853 36.510 22.925 0.50979
13.184 35.437 21.829 0.77902
8.881 36.771 24.044 0.63219
12.429 35.953 23.847 0.94424
12.306 32.576 23.506 0.53800
14.255 32.909 23.771 0.79444
0.274 33.886 23.216 0.69961
8.338 35.937 23.928 0.70468
9.719 37.886 23.858 0.60998
0.029 35.641 23.859 0.69485
0.971 34.684 24.260 0.73064
7.088 35.269 23.849 0.60736
47.925 34.977 22.095 0.73506
15.962 37.576 23.152 0.86351
38.062 35.602 22.849 0.62936
3.324 37.361 23.577 0.69846
4.180 38.881 24.343 0.76501
2.916 35.136 23.852 0.68811
11.016 33.455 23.189 0.88829
21.119 33.251 22.769 0.85915
18.608 34.776 23.492 1.09449
0.000 32.359 22.787 0.82925
0.000 35.557 24.241 0.76067
5.364 32.367 24.572 0.84126
21.798 30.122 23.660 0.94471
3.364 32.550 24.312 1.00776
7.187 33.719 23.046 1.10941
10.560 32.906 23.666 1.16602
0.080 34.220 23.583 1.13783
0.067 35.364 23.952 1.43065
0.064 34.494 24.400 1.29955
2.861 33.827 24.068 1.06383
14.567 31.523 23.707 1.16105
16.546 31.827 22.938 0.94763
10.172 33.567 23.776 0.93999
6.374 33.299 23.880 0.86640
7.437 34.830 24.550 0.91953
13.135 35.168 23.228 0.82747
20.085 32.852 22.794 0.55556
9.931 34.898 22.847 0.49226
22.985 33.942 22.885 0.46674
31.270 33.844 22.271 0.59747
32.680 36.331 22.796 0.42328
14.951 34.052 22.440 0.57863
43.082 33.465 22.674 0.36034
1.719 35.764 23.963 0.57319
0.760 35.131 23.892 1.01928
4.881 33.398 24.300 0.95180
4.364 32.059 24.586 1.00339
3.977 32.693 24.104 1.15933
14.956 30.115 22.823 0.85645
9.454 29.780 22.146 0.99691
16.401 29.596 21.585 0.99150
23.421 29.481 21.615 1.15914
9.577 29.050 22.147 1.11864
18.725 28.786 21.247 1.02881
1.020 29.237 21.569 1.19288
3.860 29.810 22.420 1.66811
5.648 29.050 23.392 1.36468
25.706 29.951 22.692 1.73815
9.396 28.340 21.325 1.54183
8.906 26.523 21.855 1.54535
0.455 30.574 20.626 1.59366
0.157 33.349 22.418 1.17321
0.039 32.958 22.284 0.86355
0.000 34.547 22.267 0.81459
4.049 32.961 22.721 0.93192
0.031 35.296 22.859 1.06311
3.421 34.513 23.492 0.94114
0.389 32.447 23.084 0.97423
2.211 32.929 23.965 1.23850
8.708 30.259 22.757 0.82471
34.579 31.439 22.712 0.51298
15.686 32.116 22.004 0.40740
0.789 35.206 23.177 0.82662
12.927 31.205 22.428 0.79171
24.343 30.172 22.972 0.92134
17.955 30.773 22.074 1.03683
18.141 32.013 21.946 0.76666
1.234 34.816 22.646 0.99105
0.000 35.322 24.030 0.83779
0.230 34.491 23.159 0.84049
0.331 34.822 24.376 1.08591
10.571 35.638 23.758 1.34503
11.940 33.884 21.865 0.79965
5.156 28.983 22.026 1.00140
10.185 28.285 21.730 0.94470
2.896 31.347 22.771 0.85344
32.051 29.000 21.751 1.39753
1.267 29.113 22.267 1.34513
3.205 27.590 22.058 1.13308
18.908 27.599 20.793 1.28081
18.688 30.067 21.292 1.65017
0.969 30.288 21.586 1.65239
0.377 32.756 22.452 1.29704
0.282 32.295 23.300 1.06846
4.026 31.309 22.723 1.03280
3.627 29.816 22.165 0.86642
0.720 29.439 21.600 1.04292
12.104 31.089 21.877 1.13440
12.698 26.603 21.213 1.40063
1.701 27.685 22.033 1.68722
25.161 26.711 21.190 1.41138
2.445 29.102 20.347 1.25360
0.402 32.055 21.263 0.79238
10.681 30.634 21.595 0.67636
10.959 30.225 21.905 1.11992
30.371 30.155 21.960 1.16405
10.087 32.019 22.386 1.00370
16.524 31.786 21.371 0.70569
6.750 28.957 22.075 0.77397
5.063 29.241 21.204 0.63916
6.251 29.272 21.503 0.83337
4.144 26.637 21.206 1.30644
0.392 29.880 21.941 1.59032
0.025 32.048 22.471 1.63037
0.101 31.633 22.510 1.38648
0.011 32.924 22.894 1.58125
0.000 32.572 22.462 1.67284
0.444 33.619 22.550 1.59363
0.771 32.245 21.999 1.73166
0.078 31.904 22.612 1.69425
0.145 31.905 21.687 1.85562
0.000 30.742 22.570 1.74958
0.151 31.722 21.873 1.77522
16.123 32.026 22.024 1.58945
2.132 28.881 21.516 1.01171
10.310 30.156 21.163 0.92950
1.004 31.752 22.007 1.04903
5.159 32.160 22.207 1.30472
1.826 33.171 22.863 1.13586
29.359 35.700 23.362 1.12381
45.080 32.927 22.632 0.40775
0.220 35.156 23.187 0.54251
0.000 30.217 22.453 0.67896
6.823 31.991 22.685 0.74156
11.701 34.583 21.360 0.68465
3.944 34.422 21.685 0.48563
11.036 34.916 21.400 0.58986
15.336 34.320 21.035 0.49547
3.669 32.840 21.823 0.62650
9.374 34.185 22.328 0.51992
20.765 31.994 21.765 1.23971
14.135 32.643 22.122 1.19409
11.310 33.035 22.605 1.11211
20.399 28.157 21.748 1.00497
14.756 30.155 21.522 1.29257
6.165 28.026 21.813 1.44595
28.286 28.180 21.362 1.64811
9.636 25.861 21.236 1.91622
5.449 30.426 21.711 1.87080
8.365 30.481 22.079 1.71036
4.339 28.633 21.148 1.71732
0.225 28.472 21.483 1.85785
1.389 30.381 22.053 1.57664
0.066 32.515 22.492 1.36972
38.364 30.374 21.798 1.21454
20.759 26.805 21.292 0.88418
23.821 26.823 20.463 0.89504
19.387 25.572 20.536 0.79861
3.703 31.175 21.287 0.69763
1.104 29.220 20.546 0.82631
19.954 29.291 20.715 0.50952
27.160 28.426 21.124 0.57981
19.427 26.886 20.990 0.64555
15.451 27.935 21.539 0.57649
12.905 25.171 21.033 0.38001
13.615 29.851 20.535 0.42210
0.000 29.616 21.373 0.44366
12.539 28.469 20.914 0.75242
0.196 30.334 21.006 0.66712
0.366 30.169 20.042 0.68773
1.560 31.640 20.129 0.53537
0.679 31.994 21.693 0.56110
2.196 27.139 20.115 0.46039
5.152 29.688 21.134 1.10429
13.223 26.832 21.202 1.68550
0.276 29.957 20.406 0.96234
15.128 31.347 20.745 0.44492
0.346 30.949 20.442 1.41445
0.000 32.162 20.234 1.44829
0.006 32.462 19.974 1.22268
0.932 31.774 20.707 1.28528
0.531 31.242 19.638 1.45137
0.000 32.800 19.235 1.11435
0.000 32.617 19.828 0.84200
0.126 32.048 19.455 0.99569
0.000 31.241 18.522 1.28976
0.000 32.274 17.272 1.05635
0.000 33.278 18.815 0.79239
0.000 33.828 19.481 0.82476
0.000 34.283 18.712 0.97216
0.000 33.540 19.622 1.22608
0.000 34.134 18.736 1.30043
0.000 33.138 16.929 1.12241
0.000 33.517 19.237 1.34811
0.000 33.742 18.318 1.07834
0.016 34.199 20.577 1.34296
16.335 30.206 21.569 2.21259
11.349 26.759 20.478 1.05385
0.064 28.920 20.183 0.92783
0.000 30.612 20.612 0.71902
0.394 30.469 20.118 0.77103
1.195 31.935 20.446 0.39364
0.000 33.218 19.179 0.51342
0.040 32.160 19.488 1.17469
3.319 32.314 20.656 1.62931
44.825 25.687 21.036 0.83804
0.044 27.884 20.874 1.01203
1.254 28.709 20.013 1.58967
0.085 29.516 19.513 1.75553
0.343 28.988 19.378 1.67361
0.009 30.101 19.610 1.58608
0.364 29.322 20.153 1.16353
2.573 27.825 20.046 0.92199
0.134 27.613 20.368 0.80242
0.000 30.688 18.889 0.70442
0.007 30.840 19.072 1.08916
0.471 30.679 20.926 1.21096
0.000 29.099 20.518 1.18626
0.000 30.128 20.318 1.74153
0.000 29.779 18.850 2.01136
0.024 29.589 17.207 1.93493
0.000 29.183 16.904 2.05987
0.000 28.503 17.188 1.58984
0.000 29.383 18.032 1.46813
0.000 29.650 16.819 1.70154
0.000 29.759 16.488 1.78458
0.000 29.289 15.959 1.71257
0.000 30.006 16.442 1.40780
0.000 31.847 16.424 0.80895
0.000 32.216 17.333 0.81939
0.000 32.073 17.118 1.01239
0.000 31.729 17.596 1.21181
0.014 32.771 18.609 1.26419
0.000 32.158 19.957 1.23396
4.154 31.999 19.999 0.82965
0.192 31.977 20.098 0.59085
7.438 33.273 18.869 0.88742
0.200 25.445 15.490 1.40616
0.000 25.970 15.282 1.75110
0.000 26.280 14.281 1.77824
0.007 26.723 14.192 1.69325
0.000 23.390 15.178 1.68194
0.040 27.609 16.013 1.81268
0.000 29.470 17.276 1.66565
0.000 28.082 16.348 1.62749
0.000 27.693 15.143 1.63801
0.101 28.519 15.755 1.72531
0.000 25.851 13.970 2.03013
0.000 27.214 13.968 1.95934
0.000 26.868 14.512 1.77513
0.000 27.099 15.469 1.68635
0.000 28.551 15.162 1.75854
0.000 30.559 14.509 1.30414
0.000 33.962 15.611 0.68233
0.000 34.970 17.038 0.66568
0.000 32.190 16.667 1.60989
0.000 31.039 14.244 1.38443
0.000 32.173 14.796 1.19313
0.000 31.925 14.859 0.82865
0.636 33.460 17.414 1.49204
0.000 30.446 18.339 1.96149
0.000 29.873 18.046 1.78950
0.143 31.883 18.456 1.71321
0.000 29.180 17.121 1.92523
0.000 29.850 16.316 2.04903
0.000 28.193 13.540 1.80368
0.950 26.945 13.459 1.61691
0.045 28.563 14.599 1.47349
0.000 27.896 15.786 1.93991
0.000 26.291 14.876 2.14047
0.000 26.607 14.077 1.55263
0.000 28.124 14.786 1.79940
0.000 27.159 12.619 1.91985
0.000 25.053 12.265 1.80447
0.000 27.517 12.426 1.05351
0.000 30.144 12.679 0.67839
0.000 30.543 14.352 0.62652
0.000 30.135 14.686 1.24147
0.000 30.461 15.743 1.54528
0.000 31.133 15.601 1.50700
0.000 30.389 13.990 1.52992
0.000 29.882 14.486 1.36178
0.000 30.981 14.482 1.03199
0.000 31.385 15.019 0.69342
0.000 33.359 16.265 0.70685
0.000 33.196 17.540 0.73587
0.000 33.428 17.260 0.69091
0.000 33.235 18.419 0.57991
0.000 35.136 17.728 0.59159
0.000 36.129 18.938 0.71884
0.000 36.081 18.690 0.64833
0.000 35.994 20.257 0.69553
0.000 34.758 18.788 1.27584
0.000 32.974 17.905 1.47082
0.000 33.695 18.349 1.16043
0.000 32.744 17.500 1.61523
0.000 31.919 16.157 1.77604
0.000 32.002 16.063 1.35497
0.000 33.538 16.907 1.02759
0.000 34.066 16.190 0.76745
0.000 35.235 18.505 0.67277
0.000 33.389 15.039 1.55741
0.000 30.668 15.626 1.92134
0.000 32.531 16.869 1.45086
0.000 32.513 16.743 1.46987
0.000 31.581 15.707 1.58130
0.000 32.722 14.481 1.05073
0.000 34.328 15.265 0.77995
0.000 34.334 17.012 1.20360
0.000 33.958 15.023 1.33093
0.000 34.393 15.572 0.88664
0.000 35.398 17.875 0.72179
0.000 36.320 17.884 0.75104
0.000 37.156 17.798 0.59022
0.000 36.394 18.069 0.79733
0.000 35.582 18.522 1.08853
0.000 36.059 18.939 0.75680
0.000 36.004 18.975 0.67427
0.000 36.112 18.282 0.68032
0.000 36.484 18.768 1.02851
0.000 34.282 19.254 1.69422
0.000 35.674 18.236 1.36925
0.000 37.405 19.288 0.79685
0.000 37.511 19.568 0.82050
0.021 37.076 19.966 2.00643
0.000 34.130 20.056 2.07150
0.000 35.294 20.262 1.67314
0.000 36.024 19.438 1.38713
0.000 37.999 17.612 0.86420
0.000 37.440 20.155 0.68786
0.192 37.114 20.157 0.84274
0.000 33.219 19.474 1.68143
0.000 34.179 19.351 2.03868
0.000 34.392 20.064 1.82077
0.000 34.927 19.686 1.55410
0.000 36.290 18.661 1.27294
0.000 37.072 20.292 0.99654
0.000 38.036 22.601 0.68523
12.366 35.887 23.501 0.75574
3.941 36.124 22.365 0.76873
0.435 39.132 24.219 0.93594
8.388 30.974 22.772 0.60538
12.001 36.179 22.966 0.62989
11.209 32.848 24.073 0.45650
2.988 35.301 22.525 0.63301
0.144 35.705 20.835 0.86557
6.982 36.403 22.688 0.54186
1.785 34.188 22.945 0.62450
1.535 33.896 22.943 0.79513
19.188 32.332 22.121 0.62844
0.000 35.327 22.575 0.42067
6.484 36.714 22.901 0.79780
3.601 35.317 22.356 0.73064
1.289 37.022 23.296 0.76807
0.000 37.185 22.745 0.66558
0.000 38.371 21.803 0.62361
0.000 37.033 22.597 0.69275
3.022 37.083 23.901 0.61966
10.821 37.516 23.458 0.77093
2.979 37.752 23.845 0.80952
0.963 37.925 24.742 0.64846
29.758 36.258 24.779 0.84304
1.791 35.234 23.909 0.76515
19.831 38.989 24.546 0.85975
9.602 37.089 25.094 0.65576
4.274 39.355 25.166 0.88563
4.144 38.150 24.042 0.85095
0.007 38.387 23.581 0.44645
15.409 39.744 25.257 0.52953
12.923 36.445 23.084 0.79800
5.975 33.089 23.178 0.53638
9.945 33.472 23.692 0.64012
3.535 28.634 22.401 0.57746
8.577 32.879 22.013 0.76784
12.479 35.881 22.889 0.41923
0.430 34.825 23.952 0.78967
0.000 37.633 22.796 0.45763
0.026 35.107 23.267 0.90288
0.539 34.201 23.872 0.54926
2.030 34.271 23.322 0.61431
12.680 35.657 24.110 0.67447
23.108 36.524 24.135 1.16808
1.775 34.666 24.274 1.01049
7.925 35.089 23.977 1.21301
1.681 35.284 24.221 0.99947
3.385 34.770 24.496 1.03484
0.000 34.287 24.252 0.97283
16.485 33.799 24.949 0.98429
23.441 34.326 24.197 1.07682
33.739 36.866 24.190 1.03440
5.241 36.496 24.165 0.77566
4.117 34.546 24.334 1.12722
7.356 34.254 24.694 0.99076
5.728 34.988 24.843 1.03757
1.657 34.055 23.955 0.79296
8.309 34.796 23.939 0.44947
30.773 38.654 24.891 0.46393
1.475 35.432 24.429 0.58759
1.200 36.502 24.142 0.88850
0.187 36.230 24.585 0.75657
0.995 35.511 24.935 0.80022
29.262 35.639 24.132 0.85544
0.461 39.170 24.869 0.84470
55.593 35.490 24.056 0.97989
9.416 33.189 23.373 0.68890
17.368 36.605 23.754 1.02815
6.030 36.517 24.607 1.25061
0.173 33.746 23.884 1.53859
0.000 35.550 23.624 1.45569
0.530 36.646 25.134 1.13761
0.000 35.417 25.600 1.21739
33.173 33.022 25.024 1.12675
14.185 34.064 23.961 1.48254
22.405 31.346 23.183 1.65872
3.196 31.940 22.420 1.75386
18.962 30.107 23.304 1.42631
6.827 31.392 23.350 1.30779
1.013 32.175 23.251 1.55001
42.354 30.962 22.690 1.51120
3.075 30.322 22.304 1.33730
0.541 33.613 22.797 1.34511
28.440 31.652 20.920 1.58093
0.071 34.792 22.692 1.58505
4.478 32.312 23.388 1.48514
40.456 29.920 21.546 1.43171
0.000 27.022 20.605 1.26066
8.250 32.186 22.464 1.55117
8.320 29.985 22.712 1.28755
0.000 29.350 20.492 0.86413
2.815 31.456 23.776 1.13819
36.382 28.924 21.601 1.45079
6.551 27.083 22.161 1.15266
18.606 32.548 22.893 1.37164
4.741 32.652 22.422 1.09052
0.000 33.214 22.125 0.86840
5.929 33.549 23.115 0.98918
17.123 34.841 23.593 1.12247
5.806 33.972 23.136 1.45580
3.265 33.729 23.938 1.53594
24.472 31.305 23.202 1.81071
23.950 30.443 23.275 1.61014
4.669 30.240 22.745 1.69450
9.626 28.992 22.435 1.49594
19.548 32.922 23.445 1.20419
3.886 32.631 23.358 0.99382
25.484 31.057 22.916 0.97948
28.538 28.527 22.291 0.97865
0.314 31.963 23.104 1.12543
0.885 30.259 22.774 0.94420
4.492 32.203 23.150 1.71782
34.941 30.615 22.696 1.99774
3.597 29.462 20.704 1.68922
1.935 33.675 22.190 1.35702
19.965 30.008 21.190 1.40129
12.509 27.584 21.512 1.53132
6.314 28.890 21.213 1.61356
0.269 31.981 21.669 1.74845
0.234 32.796 22.723 1.40630
21.981 30.809 22.131 1.25840
33.475 30.124 22.529 1.21262
4.334 27.999 22.071 1.28015
15.874 31.480 22.506 1.44546
12.743 27.917 21.449 1.44484
43.438 27.989 21.818 1.41870
5.400 29.668 21.810 1.39690
4.159 29.062 21.850 1.64760
0.621 27.665 22.173 1.38205
15.904 28.946 21.855 1.42612
7.374 28.361 21.559 1.61710
1.430 30.219 21.719 1.70271
0.021 31.166 21.867 1.39358
0.021 31.662 21.936 1.31602
0.000 32.811 21.936 1.09988
0.000 32.401 21.094 0.92480
0.000 33.690 22.196 1.02144
0.199 34.919 23.100 1.21208
5.449 32.821 22.852 0.93194
6.224 33.194 23.059 0.79633
4.807 33.147 22.285 0.62105
3.740 36.249 22.751 0.75965
4.370 35.874 23.604 1.07053
27.815 35.937 23.925 0.96724
22.720 35.172 23.460 1.10478
9.499 30.619 22.848 0.62674
20.315 34.033 23.109 0.64604
11.617 33.559 23.489 0.44202
0.273 34.196 24.114 0.64862
0.009 30.146 22.662 0.97835
51.604 32.666 22.878 1.03799
38.457 31.104 22.648 1.39539
10.099 33.230 21.813 0.97704
20.407 33.780 22.312 1.01972
24.415 31.033 20.950 0.87057
8.936 32.588 22.158 0.62172
16.510 28.194 21.826 1.18683
14.616 27.603 21.210 0.85189
0.500 34.514 22.060 1.09745
0.561 34.150 22.867 0.90597
15.961 32.333 22.593 0.71539
1.311 31.791 22.636 1.00410
0.429 29.192 21.783 0.97145
6.899 32.363 21.952 0.97042
2.805 32.944 22.267 0.89126
10.293 32.856 22.534 1.14409
13.871 31.374 22.214 1.16919
2.894 29.834 22.299 1.12561
10.734 31.407 22.450 1.15209
25.865 29.503 22.439 1.06829
14.628 31.326 21.700 1.32398
7.048 30.468 22.210 1.53996
7.040 29.196 21.555 1.85568
3.144 30.038 20.652 1.34465
0.000 35.554 22.359 0.62080
3.020 31.993 23.593 0.57905
7.980 33.279 23.074 0.93462
8.546 32.633 21.625 1.43139
0.334 33.724 22.097 0.93115
5.531 35.758 23.247 0.88598
6.984 31.797 22.889 0.58342
28.073 33.030 22.633 0.73004
0.549 33.474 22.954 0.63242
11.218 33.629 22.038 0.56894
0.125 35.247 22.444 0.51083
2.083 36.636 22.193 0.55637
4.761 37.273 21.920 0.65262
0.065 36.137 21.887 0.55345
0.051 36.789 22.982 0.70001
0.000 34.613 22.993 0.57126
0.712 34.440 21.787 0.66374
4.954 31.996 21.078 0.37597
0.485 29.146 18.897 0.55972
4.809 33.486 20.235 0.62494
2.868 27.472 19.911 0.79726
0.781 31.667 20.061 0.69814
0.000 32.016 20.337 0.43797
0.000 33.431 18.876 0.53272
0.971 33.590 20.317 0.73499
0.737 32.977 20.734 1.43370
0.056 32.851 20.065 1.52065
0.000 30.520 21.011 1.02958
1.735 30.398 20.458 1.22645
0.906 31.508 21.474 1.31275
8.916 30.447 21.765 0.79700
4.765 30.129 20.942 0.57316
0.676 33.984 21.409 0.46889
1.244 32.974 21.904 0.65274
6.809 29.382 20.809 0.84479
3.010 30.769 20.022 0.65785
24.528 32.172 21.119 0.62149
47.982 30.873 21.035 0.58747
12.551 34.969 21.821 0.56330
5.024 33.235 21.068 0.61683
0.000 35.938 20.419 0.56757
5.835 35.038 21.454 0.74941
0.381 33.145 21.122 0.86828
0.373 33.943 20.643 0.78720
0.000 35.653 21.656 0.99335
0.000 35.861 20.759 1.18664
0.000 33.513 20.443 0.97467
0.000 35.023 20.762 0.75365
1.058 34.290 20.992 0.71288
0.000 34.195 19.850 0.99494
0.000 33.562 18.859 1.02071
0.000 34.806 19.944 0.93984
0.000 34.156 19.863 0.90031
0.000 33.725 18.770 1.17683
0.000 34.302 20.420 1.25664
0.000 33.744 20.658 1.45133
0.000 32.691 19.903 1.73462
0.000 33.320 19.450 1.43456
0.000 32.714 20.734 1.40070
0.000 32.706 20.370 1.82244
0.000 32.270 19.474 2.14209
0.000 31.538 19.362 2.04771
0.094 30.789 20.100 1.85244
0.125 31.872 20.435 1.44880
0.470 32.675 20.646 1.28263
0.280 33.502 20.583 1.26523
0.000 33.964 21.076 1.20536
0.076 35.008 21.286 0.85118
0.000 36.022 21.576 0.84181
0.000 31.962 21.423 1.03712
0.000 34.707 21.400 0.65727
3.057 34.995 20.907 1.19893
14.861 34.055 21.101 1.08581
16.238 31.948 20.856 0.63888
0.022 33.355 20.692 0.63220
8.148 29.303 21.619 0.69160
0.870 34.319 20.986 0.50551
0.000 34.853 20.802 1.04431
0.424 33.263 21.573 1.64374
0.012 32.887 20.885 1.37464
0.005 31.457 19.652 1.31945
0.000 31.441 18.847 1.60054
0.000 30.763 17.461 1.68402
0.000 31.879 18.976 1.56197
0.000 31.559 19.437 1.73153
0.004 28.183 18.547 2.05895
0.000 27.859 18.351 2.06795
0.000 29.333 18.401 1.80361
1.750 31.325 19.641 1.67398
11.843 27.590 17.551 2.15006
0.030 24.333 16.588 2.18394
0.187 23.751 17.518 1.95893
0.126 29.659 18.110 1.86668
0.000 29.157 18.756 1.71083
0.020 30.386 19.262 2.14437
0.019 27.932 17.447 2.09047
0.037 27.143 18.206 1.56143
0.000 31.193 19.237 1.57659
0.000 32.006 20.532 1.59657
2.426 31.186 19.827 1.40577
0.000 31.793 20.236 1.64537
0.000 30.439 18.131 2.19155
0.000 29.026 14.652 1.89331
0.000 27.264 13.031 1.60735
0.000 27.485 15.223 1.90661
0.000 26.073 14.845 1.89646
0.083 27.693 16.922 1.84130
0.000 30.483 17.631 1.69396
0.000 32.424 19.021 0.79385
0.000 32.385 19.515 0.33507
0.004 33.137 19.997 0.81484
0.000 32.579 19.685 1.72746
0.000 31.189 18.970 2.08247
0.000 31.082 18.047 1.83662
0.000 31.246 18.142 1.71645
0.000 29.621 17.858 1.80975
0.000 30.441 15.745 1.81552
0.000 30.516 14.682 1.85406
0.000 28.983 12.235 1.84715
0.000 28.907 11.460 1.53192
0.000 28.948 13.030 1.86156
0.000 29.620 14.914 1.99928
0.000 28.761 15.966 1.72526
0.000 26.663 14.044 1.73585
0.000 30.309 14.163 0.98253
0.000 31.437 15.661 1.30935
0.000 31.217 14.670 1.16152
0.000 30.911 12.836 0.77707
0.000 32.403 13.597 0.67531
0.000 33.464 15.329 0.64929
0.000 33.083 13.750 0.78955
0.000 33.737 14.869 0.85996
0.000 32.887 14.637 1.03809
0.000 33.469 15.665 1.38619
0.000 32.144 15.991 1.74418
0.000 31.056 16.124 1.95232
0.000 30.356 16.096 1.91803
0.000 31.367 17.204 1.82521
0.000 31.880 16.696 1.80792
0.000 30.759 15.514 1.89031
0.263 29.674 14.996 1.95690
0.000 29.794 14.967 1.91832
0.000 30.684 15.081 1.50238
0.000 29.589 15.066 1.91848
0.000 29.521 14.705 1.94937
0.000 29.785 13.748 1.42652
0.000 31.336 14.089 1.24690
0.000 31.039 14.649 1.49249
0.000 31.971 14.633 1.22342
0.000 33.419 16.412 0.61728
0.000 34.773 17.195 0.54533
0.000 35.274 15.560 0.90151
0.000 35.328 17.214 0.80933
0.000 36.164 20.307 1.20499
0.000 33.623 17.577 0.81005
0.630 35.306 19.364 0.66518
0.000 35.540 21.336 0.51734
2.269 34.616 20.871 0.66215
7.071 35.708 21.707 0.67705
0.000 34.761 21.901 0.58227
0.663 36.750 20.450 0.65649
0.000 36.716 19.205 0.66133
0.000 37.319 20.828 0.57315
0.000 37.143 19.121 0.86114
0.000 36.805 19.209 1.71157
0.000 36.380 20.160 0.90907
0.000 35.020 21.381 0.87022
0.000 35.494 21.146 0.60043
0.000 36.280 19.091 0.57768
0.000 36.585 19.383 0.68576
0.000 36.583 17.633 0.75683
0.000 36.592 18.384 0.77141
0.000 37.176 17.267 1.10159
0.000 36.380 16.247 1.41385
0.000 35.378 18.121 1.46560
0.000 35.713 18.718 1.32520
0.000 36.289 19.003 0.80724
0.000 37.026 21.130 0.65358
0.000 35.959 22.251 0.74409
0.000 34.342 21.134 0.64565
0.000 36.651 20.997 0.88638
0.000 36.440 20.800 0.80953
0.000 37.561 21.415 0.73414
0.000 36.676 17.020 0.75862
0.000 36.115 18.784 1.25971
0.000 35.397 18.388 1.31011
0.000 34.540 19.937 1.48472
0.000 34.855 19.974 1.90896
0.000 35.058 20.869 1.87084
0.000 34.923 21.740 1.97151
0.000 35.402 20.796 1.82096
1.271 35.308 20.842 1.50131
0.597 36.802 21.044 1.24732
6.705 37.374 22.077 0.63954
0.000 38.128 22.670 0.55697
0.000 37.675 24.264 0.88044
8.096 36.907 24.365 0.90424
2.831 36.767 24.159 0.99345
6.854 35.488 23.276 0.99196
9.642 32.391 22.853 0.60866
0.000 35.933 22.674 0.62881
0.000 38.499 17.965 0.73575
0.000 37.699 19.450 1.59791
0.000 37.574 21.432 1.42127
0.000 36.452 21.425 1.41365
0.000 36.201 21.956 1.30129
1.447 35.609 21.201 1.75367
0.000 34.297 18.912 2.26403
0.000 33.590 17.210 2.02373
0.000 37.399 19.664 0.56960
0.000 37.631 21.947 0.66735
0.000 38.397 23.068 0.81304
0.030 38.146 24.134 0.91550
0.500 38.868 24.264 0.95381
0.270 37.392 24.275 0.89140
16.769 37.095 23.861 0.56619
1.766 39.169 22.458 0.67367
0.139 34.720 22.763 1.17011
0.026 35.852 21.917 1.49066
0.000 37.132 21.553 1.64238
0.000 35.592 21.176 1.47473
0.176 35.407 22.898 0.60793
1.319 37.202 23.794 0.77852
12.197 37.385 23.886 0.81185
16.033 36.094 23.199 0.82106
0.921 38.304 24.915 1.06424
15.725 31.794 22.837 1.08106
6.639 36.179 22.897 1.30413
0.000 37.822 23.392 0.67513
5.275 38.274 24.847 1.17061
0.104 33.569 24.253 0.82724
20.402 34.342 23.774 0.82116
0.156 38.535 24.034 0.87529
8.590 35.601 23.663 0.82404
6.646 36.907 24.635 0.81505
24.663 36.064 24.574 0.88805
17.739 31.080 22.428 0.59190
5.341 38.434 24.200 0.57781
6.710 39.360 24.077 0.80285
0.000 38.345 24.810 0.85137
2.249 37.565 24.700 1.11305
8.947 33.152 23.634 1.00182
0.650 36.542 24.233 1.14295
3.436 35.353 23.897 1.24349
5.488 30.827 23.752 0.96968
5.352 32.278 24.415 0.92933
8.854 31.213 23.604 0.97691
0.652 31.605 23.674 0.88482
0.000 35.684 24.249 1.05720
1.208 33.282 24.073 1.29372
2.040 33.567 23.824 1.46724
0.000 35.271 22.587 1.22075
0.859 37.816 24.401 1.39376
4.771 35.571 24.533 1.44561
6.273 33.630 23.591 1.06305
11.029 26.133 24.091 0.95551
3.902 35.391 24.264 1.11348
2.010 34.062 23.911 1.10199
0.724 34.653 23.291 0.70769
4.236 38.096 24.906 0.73302
1.894 35.923 25.199 0.90550
15.050 33.173 22.629 0.96565
0.461 35.702 23.226 0.86528
14.562 38.829 24.895 1.09080
0.834 37.936 24.083 0.86935
12.691 35.410 24.024 1.19763
24.841 37.411 24.421 0.76350
2.325 37.684 24.601 0.91688
6.442 31.631 22.683 0.84882
39.215 34.196 22.334 0.91869
18.612 38.126 22.670 1.00642
31.656 34.336 21.757 0.82432
2.695 34.219 22.839 1.27964
2.711 33.244 22.571 1.49590
12.524 29.631 22.845 1.17902
11.108 29.655 22.061 1.33699
18.209 26.270 22.221 1.52050
5.885 28.870 22.831 1.86590
6.595 29.599 22.188 1.79854
3.520 30.300 21.967 1.79285
0.000 31.767 21.763 1.56616
3.384 31.171 21.450 1.39825
0.013 34.124 21.939 1.14148
0.000 35.038 23.445 1.25950
6.294 35.429 23.667 1.27553
0.098 32.624 23.242 1.07090
0.000 34.212 23.938 1.39405
0.161 33.968 23.846 1.46170
0.000 34.452 24.104 1.54484
1.820 31.922 24.601 1.47909
5.103 29.717 23.333 1.59755
3.032 31.580 22.855 1.34407
85.137 31.011 23.005 1.44409
18.560 29.475 21.967 1.48731
5.359 25.871 21.022 1.86472
0.951 31.069 22.060 1.44172
4.616 32.928 22.932 1.57230
0.346 30.223 22.926 1.26815
0.268 31.698 22.536 1.58397
0.456 30.387 23.155 1.54535
4.766 30.377 22.920 1.65561
0.773 31.415 22.751 1.43891
16.837 30.264 22.574 1.34593
25.062 30.385 21.745 1.39826
17.314 29.014 20.847 1.48412
1.613 31.174 21.318 1.20463
1.013 33.744 22.012 1.37593
0.135 35.984 22.616 0.86479
0.297 31.075 22.426 0.79855
0.017 35.530 23.013 0.96372
3.604 34.820 22.902 1.06418
9.919 32.389 22.132 1.03451
0.579 31.393 21.825 0.76285
20.555 32.691 22.125 0.75971
0.285 28.200 21.538 0.57234
1.165 31.233 22.261 0.46309
0.210 32.577 21.529 0.63137
6.843 35.162 22.471 0.79723
7.141 32.995 22.225 0.78628
19.039 33.887 22.569 1.00851
7.792 30.430 21.799 0.82272
0.000 33.115 22.122 1.02113
0.882 31.668 22.855 1.09726
6.986 32.232 23.029 1.11949
5.111 32.800 22.434 1.20353
2.611 33.593 22.365 1.26942
12.965 34.194 22.939 1.10467
8.312 33.252 23.478 1.33667
1.220 31.864 23.256 1.17157
15.810 35.373 23.383 1.21481
16.497 37.737 23.731 1.27726
10.809 33.108 23.012 0.89496
3.164 35.028 23.827 0.91775
6.316 31.618 22.650 0.91814
0.144 35.565 23.693 0.98558
1.520 35.124 24.403 1.25247
32.124 33.361 22.913 1.39199
1.214 34.861 23.369 1.39852
8.959 31.531 23.180 1.59173
1.619 32.266 23.086 1.74453
2.143 32.019 22.974 1.43657
20.869 29.379 22.110 1.22611
10.479 29.264 21.678 1.13524
0.145 31.343 21.436 1.03718
14.235 32.129 22.755 1.17548
0.059 32.966 22.957 1.33964
11.834 32.768 22.515 1.34933
5.820 31.060 22.804 1.17719
12.412 32.666 22.257 1.25470
1.934 33.366 22.746 0.85484
4.171 33.852 23.551 0.80928
23.988 33.101 23.182 0.91389
4.133 35.648 23.459 0.82298
11.797 32.727 23.050 0.78878
28.780 36.161 23.671 1.34281
2.996 28.996 22.652 0.82510
20.152 29.845 21.644 0.59443
1.057 32.541 22.103 1.03988
5.054 29.523 22.481 0.72930
12.641 29.721 21.699 0.81666
2.181 30.663 22.642 1.05290
4.465 29.233 22.001 1.60195
0.499 31.324 21.273 1.43876
13.521 31.093 22.046 0.84926
3.085 29.128 20.716 1.16402
1.360 33.867 22.696 0.56388
1.030 35.587 21.116 0.63951
12.221 37.407 23.906 0.67446
0.258 36.141 23.694 1.16399
4.066 30.592 22.894 0.85856
16.700 33.648 23.512 1.29061
0.000 33.131 23.242 1.24639
4.220 33.643 23.190 1.18304
19.101 34.404 23.861 0.83527
2.001 34.158 23.475 0.92368
1.033 33.445 22.942 1.14980
17.685 31.831 22.726 0.43126
12.028 35.030 23.436 0.90583
18.161 34.430 23.173 0.56394
2.469 27.935 22.399 1.06679
25.818 27.634 21.393 1.53688
21.632 29.279 20.766 1.09009
1.880 31.476 21.752 0.72846
10.305 34.309 21.890 0.40882
0.630 36.152 21.908 0.53326
11.478 35.253 23.058 0.57652
1.704 33.463 23.093 0.79652
1.293 31.749 21.813 0.65752
32.872 32.886 22.068 1.00885
10.596 29.538 22.102 0.67637
0.108 34.255 20.846 0.53853
0.000 34.802 22.158 0.72915
3.684 29.373 20.523 1.10925
0.044 35.379 20.628 0.80032
0.000 34.939 20.680 0.73561
0.619 33.939 20.332 0.53149
0.000 32.069 21.152 0.62373
8.850 33.049 21.872 0.79390
0.000 33.742 20.838 0.60475
0.045 34.625 21.932 0.53008
0.000 29.624 20.085 0.87374
0.000 34.336 20.488 0.71441
0.678 35.146 21.652 0.77608
4.852 29.539 21.017 0.73044
0.000 34.906 20.404 1.02687
0.091 35.697 19.721 0.95739
0.000 35.749 20.920 0.93370
0.000 34.715 21.128 1.50720
0.000 33.649 21.012 1.67691
2.815 33.715 21.680 1.66352
22.069 30.677 21.726 1.45360
8.036 29.499 21.567 1.33056
11.726 29.858 21.695 1.33185
41.829 27.675 20.128 0.70912
38.660 32.025 20.992 0.41853
9.590 33.534 22.142 0.70031
3.078 29.152 20.400 0.84510
0.000 33.620 20.118 1.23034
0.000 33.734 20.875 1.14703
2.168 33.024 21.713 1.20507
0.033 34.010 20.029 0.95185
0.466 35.213 21.252 0.63350
0.199 35.074 20.061 0.63108
0.000 35.251 19.782 1.03239
0.000 35.603 20.700 0.76982
0.000 35.790 20.063 0.77832
0.740 35.424 21.435 1.28177
0.000 33.597 21.330 1.64022
0.000 33.432 20.094 1.38785
0.586 33.100 20.940 1.47781
0.689 33.116 20.615 1.63695
0.000 33.437 21.247 1.59894
0.044 33.156 20.860 1.63388
0.730 33.274 20.981 1.88618
0.124 31.714 20.334 2.10494
0.955 31.698 20.766 1.81260
1.063 32.874 21.412 1.78928
0.000 31.639 21.261 1.76188
0.089 33.243 21.410 1.63243
0.000 33.565 19.391 1.36044
0.000 33.741 19.514 1.34357
0.008 33.523 20.258 1.76184
0.000 32.732 19.595 1.52955
6.169 34.273 21.194 1.22888
0.000 32.536 20.089 2.03395
0.000 31.414 20.726 2.05342
0.000 32.641 21.574 1.57518
0.000 31.758 21.574 0.55076
0.000 34.225 20.890 1.02288
0.000 34.570 20.688 0.79465
0.000 34.470 18.638 0.86179
0.000 34.259 19.304 1.12605
0.000 33.964 19.228 1.34672
0.000 33.435 20.313 1.70242
0.011 31.173 17.515 2.11428
0.000 27.719 16.529 2.23217
0.326 29.634 17.634 1.93784
9.178 30.020 18.334 1.96970
5.206 25.766 19.222 1.28621
1.743 28.146 20.142 1.22329
0.000 28.751 18.788 0.95979
0.000 33.086 19.739 0.77133
0.000 33.331 16.790 1.03737
0.000 32.635 18.453 1.49264
0.006 31.501 19.459 1.44302
0.000 31.601 18.259 1.51044
0.000 31.043 17.515 1.65356
0.000 30.294 17.160 1.49186
0.000 30.223 18.625 1.69951
0.000 29.882 17.699 1.98514
0.000 30.191 18.519 1.79321
0.000 32.473 19.647 1.41376
0.000 33.250 20.879 0.83544
0.000 33.115 20.127 0.53720
0.000 33.485 19.806 0.58406
0.000 33.759 19.514 1.16093
0.064 33.316 18.807 1.15298
0.050 32.912 18.741 1.22923
0.000 32.795 19.709 0.98015
0.000 34.800 20.411 0.53958
0.000 34.173 21.046 0.55311
0.000 34.185 20.362 1.05583
0.000 34.038 19.838 1.03741
0.000 34.433 20.141 1.01992
0.000 34.960 21.336 0.62914
0.077 34.195 22.185 0.60793
0.034 34.269 21.931 0.50463
0.809 34.037 22.169 0.41326
0.160 34.033 20.402 0.78316
0.000 35.403 19.919 0.94103
0.000 35.732 18.861 0.68387
0.000 35.010 18.911 0.76847
0.000 34.665 16.828 2.16273
0.000 27.475 13.727 2.61611
0.000 24.295 14.536 2.29133
0.000 29.758 16.851 1.81503
0.000 32.713 18.133 1.51583
0.000 35.484 20.036 0.58926
0.000 35.077 19.907 0.71635
0.000 34.203 19.309 1.30518
0.000 34.745 19.042 1.26639
0.000 34.571 19.415 1.80224
0.308 32.162 17.329 2.14972
0.000 31.470 18.778 1.99522
0.000 33.112 18.970 2.02249
0.000 31.342 17.718 2.17148
0.000 30.002 14.133 2.42853
0.000 26.650 12.785 2.34711
0.000 28.344 14.544 1.81225
0.000 32.867 16.270 1.00594
0.183 34.979 17.793 0.57166
0.000 34.625 19.185 0.59741
0.000 36.134 20.800 0.62640
0.000 35.243 20.588 0.63107
0.000 36.277 20.223 0.57917
0.000 35.880 19.199 1.56083
0.000 33.040 18.280 2.03221
0.000 32.503 17.644 1.89398
0.000 33.464 16.684 1.60242
0.000 34.379 16.034 1.21031
0.000 32.999 18.109 1.89883
0.000 33.682 17.458 1.50352
0.000 35.232 17.618 0.92740
0.000 35.548 19.362 1.86048
0.000 32.586 18.852 2.29319
0.000 31.167 19.067 2.23373
0.000 31.137 17.691 2.28867
0.000 32.124 17.378 2.12444
0.000 32.785 17.052 1.94001
0.000 32.233 14.568 2.11745
0.000 32.740 16.702 1.81524
0.000 33.483 17.953 1.80482
0.000 33.859 17.060 1.35120
0.000 35.602 18.139 0.91862
0.000 36.698 18.013 0.74572
0.000 37.276 18.129 0.68549
0.000 37.516 19.959 0.67811
0.000 37.946 21.109 0.76578
0.000 38.690 22.950 0.66689
0.000 37.641 21.213 0.74266
0.000 36.801 19.912 1.63339
0.000 37.408 21.492 0.75997
0.000 37.259 22.272 0.62656
0.000 38.455 20.737 0.78805
0.000 36.795 22.315 0.59912
0.000 37.500 23.224 0.71518
0.000 38.375 22.417 0.56480
0.000 39.241 21.799 0.69137
0.000 39.574 22.494 0.72444
0.000 40.287 21.853 0.82048
0.000 39.252 22.252 0.81673
0.000 39.588 22.020 0.87082
0.000 39.213 22.541 0.98056
0.057 38.149 23.322 0.83274
0.000 35.555 18.523 1.70940
0.000 34.601 18.655 1.89881
0.000 33.408 17.717 2.12100
0.000 33.669 18.272 1.84687
0.000 35.438 17.223 1.32312
0.000 37.510 18.826 0.80344
0.000 37.496 20.685 0.61390
0.000 38.687 20.964 0.61826
0.007 38.589 21.733 0.66010
0.000 38.700 22.775 0.88903
0.045 34.392 24.300 0.64547
0.001 35.608 23.568 0.60563
0.010 37.236 23.533 0.71868
0.000 38.260 24.028 0.61503
0.000 38.917 22.488 0.66256
0.000 39.015 23.355 0.92618
0.000 38.815 24.143 1.03137
0.004 39.539 25.357 1.13256
3.655 38.539 24.325 1.26265
0.000 39.650 24.287 1.41940
0.000 40.709 24.320 1.34930
1.732 40.701 25.223 1.34371
4.527 38.686 24.293 0.98372
0.144 41.263 25.229 0.64237
10.044 38.704 22.992 0.63516
0.000 37.741 20.497 1.15839
0.000 38.330 23.957 0.91900
0.000 38.957 23.556 0.73714
4.573 37.338 24.505 0.75369
0.000 38.355 23.377 0.91314
0.000 39.770 24.161 0.90062
0.000 39.163 25.763 0.80485
1.341 38.725 24.918 1.02983
0.281 38.535 25.315 1.04440
0.565 31.447 24.178 0.64135
32.035 32.194 22.423 0.42499
1.997 35.930 23.301 0.61725
8.951 34.536 24.007 0.62990
12.782 32.951 23.525 0.51724
7.998 37.028 23.742 0.56717
0.003 33.631 23.581 0.57580
0.121 36.561 23.352 0.47738
0.324 36.646 23.756 0.49767
0.000 38.522 23.719 0.55829
12.906 38.037 23.593 0.53809
8.517 37.302 24.034 0.53250
0.284 36.735 24.962 0.65242
3.052 37.740 24.495 0.87686
2.490 34.216 23.527 0.60093
11.696 40.329 22.855 0.55462
0.000 39.120 24.309 0.58145
0.218 39.384 22.981 0.62974
0.050 38.331 23.367 0.99507
5.674 37.031 23.840 0.61929
27.574 32.225 22.844 0.47583
2.725 32.162 22.794 0.56799
16.159 32.589 23.049 0.97633
15.301 32.068 23.334 0.66325
36.518 31.358 23.020 0.65062
15.952 32.091 23.509 0.54229
6.611 29.685 22.835 1.56976
12.260 28.542 23.280 1.07140
18.422 28.945 23.051 1.09172
5.665 28.005 22.005 1.39534
1.376 28.777 22.363 1.20985
0.754 29.135 22.353 0.94339
12.167 29.703 22.096 0.98520
7.040 30.241 22.625 0.93017
1.673 30.080 22.202 0.90275
7.234 29.753 22.620 0.84956
19.016 30.317 22.483 1.08954
0.000 30.757 22.649 0.87833
7.513 30.697 23.171 0.91145
14.627 29.870 22.270 0.85593
26.437 27.873 22.278 0.88852
8.466 30.676 22.486 0.90953
0.000 31.623 22.617 0.98169
0.585 31.379 23.271 0.77359
6.134 30.906 22.816 0.66535
19.212 31.471 22.404 1.08203
2.358 30.156 23.141 1.19852
0.003 29.560 22.525 1.04626
5.505 29.689 21.915 1.06115
6.036 29.833 21.828 0.76271
0.261 29.820 22.211 0.51376
10.265 30.897 22.435 0.41354
0.123 30.902 21.353 0.64943
30.921 30.857 21.770 0.39094
24.965 32.912 22.185 0.53097
3.815 28.265 21.866 1.21870
9.369 26.765 21.765 1.07717
9.717 26.942 21.540 1.14785
15.405 27.136 21.929 1.03383
81.168 26.302 21.045 1.42580
8.658 25.247 21.155 1.28950
0.541 25.601 20.923 1.20793
0.221 28.969 21.299 1.47737
0.030 28.427 21.647 1.21043
0.076 29.811 22.179 0.97099
0.170 27.953 22.377 0.89270
0.000 27.325 21.456 0.81147
7.536 28.568 21.131 0.80364
2.701 26.259 20.299 0.78984
0.731 26.218 20.506 0.86009
2.347 29.307 21.552 1.19944
6.355 27.504 22.091 1.23092
0.564 27.792 22.030 1.45203
3.129 27.391 21.968 1.21385
1.210 25.993 21.740 1.36636
0.254 28.211 22.279 0.93021
0.246 28.605 22.097 1.12737
2.572 29.102 22.464 0.87387
29.919 28.388 22.400 0.71260
3.023 28.811 22.131 0.59314
18.373 29.713 22.597 0.46768
28.461 27.680 22.321 0.68341
8.926 30.146 21.302 0.70978
2.619 30.409 21.494 0.79088
16.959 31.748 21.834 0.49444
23.710 29.926 22.051 0.46582
1.284 28.503 21.391 0.52277
0.591 30.525 22.077 0.55526
0.049 28.368 21.515 0.57912
1.926 26.327 21.110 0.76050
3.396 26.367 21.141 0.76814
3.080 26.471 20.996 0.90540
10.073 27.972 21.063 0.85593
0.000 29.352 21.173 0.75959
8.668 27.601 21.476 0.86770
0.048 29.238 21.456 0.65193
19.590 27.242 21.393 0.88183
2.219 27.756 21.258 0.86984
10.623 28.142 21.541 0.97837
3.245 28.485 21.569 0.80061
3.098 28.860 21.522 1.05765
3.776 27.903 21.618 1.18743
0.088 28.927 21.379 1.26568
0.683 28.970 22.365 1.17319
4.407 27.450 21.774 1.28042
15.724 26.431 21.177 1.33120
2.936 27.992 21.765 1.48654
1.686 28.774 22.089 1.81006
9.606 29.032 22.319 1.69911
0.609 28.840 21.708 1.67621
19.652 28.526 21.708 1.47083
5.540 28.683 22.551 1.56598
17.519 28.503 22.762 1.93390
0.000 28.260 22.220 1.79269
5.084 29.982 22.186 1.16430
11.470 29.514 22.704 0.71261
10.165 27.007 21.991 0.62492
10.020 28.763 22.136 0.80176
9.881 27.234 21.839 0.72358
1.804 29.974 22.496 1.05907
5.114 27.819 21.991 0.93078
3.761 28.763 22.252 0.83153
5.566 27.797 22.308 0.65886
37.746 29.115 21.893 0.89983
6.084 29.804 22.277 0.87700
2.752 29.091 22.068 0.78538
0.000 28.460 22.076 0.76298
0.000 28.505 21.799 0.91464
0.070 28.076 21.532 0.90537
0.044 28.894 22.346 0.89867
1.855 26.067 21.884 0.77884
2.315 28.436 22.268 0.95610
12.242 28.662 21.350 1.16434
0.839 29.048 21.928 1.02902
0.324 28.568 21.953 0.89547
14.048 27.609 21.894 0.84660
21.620 26.377 21.840 0.89487
37.610 24.958 20.458 1.61510
0.524 26.613 20.333 1.39269
4.974 28.817 21.201 1.03901
6.524 27.441 21.478 0.80804
9.246 26.375 21.974 0.95987
46.571 29.071 21.935 0.71879
8.061 30.639 21.573 0.50927
18.820 29.848 21.885 0.27059
7.555 26.827 20.538 0.57262
29.756 30.205 20.947 0.69773
42.194 27.944 21.704 0.46127
3.412 27.902 21.190 0.58152
32.787 31.877 22.104 0.60229
12.552 29.128 21.715 0.43098
1.734 29.650 21.994 0.42568
0.143 29.167 20.882 0.53053
15.783 30.449 21.023 0.60507
17.674 28.541 21.518 0.53401
18.948 27.583 21.247 0.58851
2.884 27.986 20.095 0.57695
2.325 30.063 20.776 0.53896
8.830 36.166 21.555 0.55048
1.240 29.348 22.164 0.64315
16.446 26.604 22.111 0.64123
26.922 31.917 21.666 0.59933
1.402 27.295 21.488 0.47378
2.354 25.649 21.572 0.62857
8.713 30.415 21.148 0.53789
10.674 29.917 20.540 0.51692
1.071 29.190 21.660 0.65090
2.126 27.806 21.525 0.74598
0.690 31.556 21.960 0.50511
34.093 30.431 22.067 0.57617
8.718 32.654 22.003 0.49770
13.709 28.983 21.117 0.47559
0.130 30.223 21.124 0.69413
3.697 28.225 21.731 0.90315
14.306 26.871 21.429 0.72930
9.806 27.691 22.028 0.93309
0.000 26.913 21.301 0.81080
3.690 30.389 21.484 0.53048
0.976 29.952 20.491 0.39020
11.356 29.996 20.638 0.32925
0.083 28.851 20.733 0.63665
0.052 28.808 20.520 0.85290
0.000 29.158 20.538 0.76756
3.734 26.032 19.996 0.84723
6.740 27.849 20.474 0.89400
5.677 25.941 19.444 0.74115
3.419 29.282 19.917 0.83114
4.043 25.876 21.274 0.97748
44.259 26.394 21.691 1.51718
59.644 25.159 21.167 1.55165
23.054 26.958 20.418 1.36381
14.986 26.864 20.834 1.05135
3.489 26.531 20.852 0.68101
6.097 30.518 21.323 0.52984
0.656 29.638 21.034 0.38372
0.000 27.772 18.336 1.01027
0.514 27.889 19.145 1.04986
0.000 28.520 19.501 0.96446
0.028 29.138 20.102 1.01123
0.000 28.780 19.781 1.01359
0.000 29.096 19.644 0.92786
0.000 28.392 18.872 1.12262
0.687 28.689 20.147 1.01214
5.972 27.555 20.651 0.86240
0.000 29.173 20.374 0.61538
0.209 28.523 20.315 0.85806
2.811 29.087 20.437 0.63112
3.579 28.762 21.541 0.58081
7.249 30.771 21.251 0.37189
0.036 28.673 18.581 0.66796
0.020 26.921 19.895 0.79729
0.000 28.028 17.674 0.79249
0.000 28.747 17.543 0.85426
0.005 27.421 17.915 1.08873
0.100 27.419 18.929 1.29975
0.000 28.470 20.551 1.43811
4.339 28.035 21.267 1.52585
5.085 27.238 19.914 1.69737
8.141 27.497 20.604 1.22586
14.860 28.177 20.305 0.99096
8.679 26.436 19.964 1.03867
3.461 27.689 20.610 1.31159
1.198 25.579 19.440 1.59631
4.115 27.446 20.215 1.39464
0.201 26.308 18.218 1.33336
0.121 27.076 17.622 1.08472
0.211 26.911 18.526 0.98145
3.624 27.090 19.681 0.92072
32.480 25.144 21.310 1.10493
26.941 24.447 21.273 1.60008
2.512 26.308 20.682 0.79047
6.560 25.804 20.978 1.07026
4.145 25.532 19.094 1.92946
0.781 26.251 19.196 1.68340
6.021 25.503 20.010 1.27814
1.030 26.647 20.176 1.20479
0.305 27.652 19.557 1.09943
0.113 28.130 19.176 1.11515
0.000 27.607 18.872 1.15136
0.000 28.141 18.960 1.25820
0.070 27.840 18.773 1.06225
0.533 27.489 18.116 0.95412
0.146 26.501 17.948 1.11334
0.010 25.465 16.154 1.86505
1.504 24.763 15.872 1.56765
0.933 24.941 16.850 1.82756
0.426 23.465 18.023 1.47765
0.936 26.851 19.023 1.27017
0.229 27.594 19.386 1.48021
0.071 27.779 19.580 1.36095
0.014 26.302 18.368 1.36402
0.225 27.744 18.843 1.08745
0.143 27.612 18.493 1.35469
0.000 28.005 19.166 1.15150
0.010 26.815 19.078 0.83187
0.379 27.976 18.400 1.02620
0.000 27.591 17.712 1.10472
0.000 27.771 17.995 1.09704
0.000 27.415 18.512 0.81762
0.171 27.671 18.549 0.66483
1.170 28.075 19.003 1.08888
5.256 24.711 19.176 1.05303
21.630 24.775 19.473 0.92662
0.256 27.995 19.442 1.30111
0.011 26.897 18.671 1.49857
0.000 26.437 17.660 1.33730
0.113 27.923 18.626 1.44862
0.090 24.868 17.923 1.51300
0.000 27.134 18.243 1.78990
0.527 26.040 17.515 1.84029
0.000 26.711 17.774 1.57831
0.000 27.735 18.955 1.42179
0.000 28.207 19.442 1.78126
0.000 26.107 15.124 2.02485
0.000 24.746 14.090 1.48881
0.000 26.008 15.435 0.91220
0.000 28.050 17.159 0.52984
0.000 26.729 15.853 1.09790
0.264 26.732 16.638 0.90500
0.553 28.233 18.903 1.41656
0.532 25.101 19.021 1.33881
1.101 26.266 18.264 1.14412
0.000 28.994 18.950 0.72009
0.000 27.997 15.718 0.79789
0.000 27.828 12.603 0.87632
0.000 27.607 14.538 0.85188
0.000 28.337 15.100 0.83254
0.000 27.520 16.611 1.16207
0.000 27.204 16.333 1.63026
0.000 26.285 15.641 1.90499
0.000 25.649 15.164 1.76965
0.000 25.773 15.555 1.60318
0.000 26.839 15.704 1.71155
0.000 26.716 13.978 1.60103
0.000 26.279 15.437 1.28089
0.000 28.078 16.461 1.10526
0.034 28.502 16.753 1.29741
1.121 28.713 17.591 0.80243
25.434 29.018 19.020 0.43959
4.880 31.046 19.728 0.48217
0.000 29.486 18.752 0.60864
0.000 32.165 17.201 0.54251
0.000 31.487 19.307 1.14933
0.000 30.384 19.163 1.31137
0.000 29.571 18.202 1.84388
0.000 28.964 17.945 1.84237
0.000 29.616 17.774 1.75930
0.000 28.393 17.031 1.93130
0.000 27.654 16.110 1.72856
0.000 29.360 14.848 1.21773
0.000 29.981 14.471 0.83274
0.000 31.326 17.191 0.63476
0.000 31.462 14.450 0.68789
0.000 30.849 15.897 0.87647
0.000 31.607 16.171 1.09590
0.000 31.990 16.452 0.75648
0.000 32.727 17.668 0.81293
0.000 34.095 17.353 0.70351
0.000 32.496 18.743 0.77021
0.144 33.084 20.160 0.62879
0.031 34.501 20.467 0.59461
0.191 33.741 20.511 0.69972
0.510 33.049 20.603 0.84916
4.339 33.002 21.255 0.61454
2.727 34.045 21.308 0.31794
1.310 28.612 19.151 0.85419
0.000 32.670 19.912 0.64645
0.000 33.292 18.160 0.63337
0.000 34.199 19.407 0.57604
0.673 35.416 20.386 0.55883
0.174 31.542 21.012 0.65711
1.402 33.361 18.426 0.54999
0.000 32.799 19.377 1.42007
0.000 31.976 19.909 1.49180
0.776 33.114 21.271 0.96015
6.355 31.720 19.019 0.64317
5.001 33.769 20.451 0.78826
17.375 33.940 21.278 0.46153
2.368 25.227 18.941 1.26883
0.160 31.622 19.916 1.50630
3.739 29.956 19.249 1.62818
1.677 32.000 20.209 0.96151
6.034 31.071 20.593 0.43870
6.840 32.726 20.267 0.50758
1.947 35.353 20.780 0.49991
0.250 36.072 20.571 0.67321
0.516 36.443 22.379 0.55873
1.405 36.660 22.240 0.66414
3.445 38.150 23.788 0.62247
6.312 37.089 22.347 0.44457
0.091 35.031 19.451 0.89942
0.000 35.815 18.954 0.83087
0.009 35.490 20.606 0.66389
0.000 37.394 20.600 0.58595
0.000 36.896 22.230 0.67444
0.496 36.107 23.503 0.78050
0.000 35.804 22.942 1.01680
2.035 36.943 23.208 0.94516
1.054 37.125 22.558 0.98914
21.882 32.705 22.779 0.62356
13.237 31.104 21.283 0.61844
10.674 32.667 20.677 0.48232
4.865 33.629 22.342 0.59470
2.226 34.262 22.123 0.55361
2.377 33.616 22.725 0.52410
9.721 33.363 21.709 0.62132
13.047 32.753 21.754 0.77598
4.219 33.286 22.380 0.44082
1.545 30.911 22.379 0.47921
3.129 29.654 22.748 0.59388
6.676 27.621 21.452 0.52745
20.599 31.473 22.407 0.42208
0.876 33.244 21.994 0.46069
0.711 32.584 20.384 0.45930
15.787 33.540 20.598 0.38711
15.066 33.204 21.400 0.55785
21.959 32.567 21.451 0.49189
3.272 31.345 20.103 0.77608
2.782 33.750 20.689 0.89080
3.030 34.786 22.403 0.62634
2.923 35.082 22.406 0.40223
18.004 31.196 21.440 0.55360
15.898 33.001 22.720 0.43729
3.273 28.796 22.614 0.56969
14.033 29.964 22.654 0.53953
38.267 30.528 23.051 0.64772
26.751 28.739 22.848 0.80390
11.665 28.092 23.068 0.72096
6.899 29.772 22.891 0.91861
12.407 28.451 22.877 0.87196
4.783 30.618 22.948 0.89587
22.204 27.383 22.369 0.77432
5.230 30.384 22.387 0.74113
15.289 30.697 22.583 0.72238
3.366 29.551 22.661 0.79338
15.918 28.375 22.490 0.83494
11.226 29.964 22.494 0.58845
15.619 29.786 22.295 0.63075
4.977 30.983 22.662 0.62927
4.983 29.738 23.033 0.80963
2.191 29.818 22.259 1.16476
0.000 28.351 23.165 1.00934
0.000 28.615 22.125 1.20354
12.916 29.799 21.716 1.06857
7.968 26.944 21.323 1.30881
2.225 27.346 21.481 0.98177
15.773 29.198 21.518 0.89610
0.168 29.407 22.147 0.78578
13.921 27.042 21.770 0.82443
1.991 27.953 22.009 0.85615
4.123 27.115 21.202 0.80402
5.097 28.866 21.773 0.65770
1.358 28.458 21.224 0.67901
0.000 29.839 21.359 0.69234
0.031 30.334 22.348 0.68117
1.409 28.894 22.631 0.80310
4.593 29.452 22.080 0.83649
0.126 30.157 22.597 0.72298
0.000 26.132 21.746 0.84574
39.574 29.129 21.733 0.56156
9.730 26.886 22.096 0.57377
0.176 25.798 21.359 0.82075
13.457 29.786 21.728 0.65942
1.350 28.896 21.424 0.69250
1.490 30.830 21.961 0.56171
19.730 30.567 21.885 0.62314
17.259 29.072 21.112 0.82687
15.940 29.546 21.827 0.78792
6.008 28.376 21.522 0.73746
10.236 28.346 21.992 0.86773
4.911 26.953 22.188 0.74522
6.766 27.831 21.714 0.71025
4.281 25.943 21.764 0.77210
9.073 27.504 21.490 0.70402
9.621 26.396 21.373 0.83823
9.007 27.140 21.194 0.83381
1.521 28.605 21.302 0.64263
5.458 28.430 21.474 0.67765
6.413 27.361 21.948 0.72965
7.308 28.442 21.574 0.84696
13.440 25.168 21.474 0.99900
34.356 26.443 21.279 0.88432
12.190 26.247 21.215 1.53483
13.314 25.368 21.483 1.49163
15.974 24.527 20.571 1.56230
5.854 25.189 20.746 1.27843
6.656 27.618 21.125 1.03487
1.110 25.741 20.781 1.20032
17.293 25.709 21.351 0.86888
3.280 25.959 20.887 0.87697
1.631 26.761 21.150 1.07256
1.251 26.586 22.128 1.15788
12.377 25.119 22.032 1.40458
17.751 24.749 21.306 1.73712
2.722 26.698 21.673 1.83354
1.411 27.043 21.680 1.83932
0.129 27.249 22.130 1.66079
0.391 27.298 22.192 1.35099
0.000 27.860 22.499 1.64477
0.000 28.522 22.699 1.48422
0.000 28.549 22.353 1.44773
0.000 28.531 22.468 1.43551
4.750 28.389 22.855 1.51153
11.807 26.137 21.940 1.22935
3.119 25.809 20.926 0.92308
1.549 28.239 21.881 0.65023
8.420 28.662 21.855 0.57151
15.893 29.258 22.420 0.63890
10.703 28.385 22.044 0.73835
3.674 28.767 22.199 0.56923
1.984 29.093 22.453 0.50246
3.176 29.531 22.618 0.56447
17.039 30.089 22.489 0.66922
0.020 29.017 22.254 0.81407
3.381 28.520 21.554 1.18808
2.516 27.335 21.397 0.75950
9.645 29.592 21.269 0.40127
32.085 26.295 20.787 0.90184
12.100 27.158 21.406 0.62431
8.309 27.472 21.540 0.79768
31.955 28.590 21.888 0.72647
1.949 28.455 21.955 1.08004
6.771 26.387 21.176 1.06450
1.221 28.673 21.744 0.95671
20.150 27.749 22.055 0.75127
1.212 25.435 20.737 0.98839
2.516 26.504 20.137 1.15487
0.055 28.490 21.540 1.04368
2.528 28.490 21.120 0.67315
24.000 27.822 21.315 0.64857
12.213 28.417 21.595 0.56143
8.573 28.772 21.776 0.84860
2.000 28.617 21.952 0.76275
10.564 28.625 22.564 0.73399
5.409 27.921 22.291 0.83802
2.573 29.343 22.231 0.81889
12.424 27.478 22.565 0.54089
13.852 28.909 22.929 0.52404
31.801 30.771 22.521 0.52511
12.085 30.723 21.895 0.55268
0.000 30.664 22.594 0.44603
0.052 33.073 21.052 0.75491
0.043 29.270 21.601 0.68744
2.190 27.504 22.577 0.54608
7.952 25.953 22.100 0.95878
3.130 28.028 21.496 1.20200
1.826 29.241 21.601 0.93438
0.121 27.942 21.315 0.68967
10.944 29.272 22.441 0.60369
7.371 28.602 22.137 0.61153
4.441 29.493 22.071 0.54402
9.108 29.490 21.230 0.51680
15.794 30.794 21.673 0.47720
3.496 28.621 21.383 0.77281
14.587 27.266 21.234 1.10646
4.241 27.259 21.625 0.84077
6.185 28.806 21.888 0.45350
8.316 29.482 22.592 0.47002
11.886 31.347 22.097 0.45245
24.306 30.936 22.069 0.48582
13.581 30.538 21.744 0.61111
37.343 29.839 21.670 0.63291
31.876 27.281 20.850 0.84024
6.631 27.625 20.889 0.58635
13.141 30.657 21.751 0.52393
0.013 30.127 21.035 0.56377
2.459 29.274 20.986 0.55350
14.979 31.013 21.310 0.43783
1.424 29.785 21.515 0.63269
0.121 29.774 21.098 0.44922
17.926 30.944 22.104 0.52328
6.831 29.383 22.386 0.49911
1.656 30.833 22.140 0.52687
6.003 28.003 21.641 0.69280
3.004 26.013 21.879 0.77589
1.081 28.517 22.056 0.73200
1.774 27.087 21.801 0.80854
8.090 25.791 20.552 0.67337
2.840 28.105 21.269 0.61351
3.814 27.381 21.297 0.68064
0.171 29.335 20.633 0.70477
0.121 30.335 20.506 0.54084
0.032 30.277 20.683 0.55682
0.019 30.377 19.777 0.83986
0.166 28.726 18.917 0.89354
1.496 28.000 20.000 1.20259
3.388 27.037 20.066 1.21778
0.013 27.607 18.455 1.22690
0.375 28.006 18.534 1.12831
0.048 27.128 18.732 1.62721
0.614 26.958 19.815 1.47739
2.841 27.172 21.072 1.40178
5.041 25.604 20.490 1.29212
0.015 27.788 17.008 1.10926
10.795 27.017 18.676 1.01867
43.066 24.228 19.583 1.41080
15.611 26.129 20.739 0.75657
6.541 28.174 21.042 0.73631
1.926 26.463 20.512 0.59696
2.649 27.922 20.110 1.01096
2.086 28.206 19.975 0.99120
2.769 28.004 20.221 0.96494
0.067 28.985 20.863 0.66908
0.029 28.852 20.651 0.55835
0.000 29.122 20.949 0.47796
1.099 27.363 20.293 0.74195
0.296 28.049 21.109 0.76127
0.000 28.724 20.819 0.66228
0.003 29.216 19.595 0.62129
10.866 28.301 20.608 0.76354
0.224 25.904 20.337 1.23025
2.936 28.759 20.554 0.51238
0.000 28.078 20.018 0.83083
0.125 27.933 21.303 0.95808
4.524 26.819 20.782 1.66014
3.996 27.996 20.255 1.95888
0.121 26.202 20.719 1.66103
0.000 27.862 20.689 1.69708
0.343 28.142 20.595 1.50863
0.230 26.523 20.865 1.37811
3.210 25.736 19.777 1.33948
0.571 26.666 19.810 1.41392
4.611 27.658 20.752 1.59484
21.994 26.373 20.202 1.26445
28.045 27.039 20.876 1.33089
0.731 27.385 20.330 1.59992
0.090 27.147 18.937 1.71415
0.000 27.151 18.665 1.11770
0.451 27.355 18.341 1.39561
0.362 25.942 16.102 1.77362
0.000 24.471 14.632 1.17474
0.000 25.629 16.184 0.91187
0.000 26.673 17.278 0.94104
0.000 27.200 17.754 0.63294
0.111 27.729 17.434 0.72466
0.000 27.311 18.165 0.75065
0.008 26.979 18.849 1.19389
0.000 25.939 17.140 1.96932
0.000 23.979 13.214 1.88101
0.226 21.797 12.378 1.82261
0.000 20.359 11.031 1.87033
0.157 20.727 12.685 2.13334
0.000 23.142 14.912 1.54951
0.116 26.024 18.205 1.33046
0.000 27.491 17.537 1.26658
3.601 25.912 17.528 2.10976
1.806 22.796 17.415 1.71108
10.386 25.815 18.257 1.05081
0.000 27.318 19.643 1.07772
0.000 28.091 19.645 1.15186
0.000 27.271 19.555 1.54147
0.030 26.955 17.815 1.90302
0.112 25.112 16.888 1.99459
0.000 25.063 17.285 1.60296
0.000 25.750 17.919 1.22625
0.000 27.479 18.369 1.11535
0.000 28.474 19.942 0.92259
0.000 29.130 20.990 0.44020
9.022 30.797 20.457 0.36694
0.801 29.029 19.988 0.44809
0.000 30.751 19.336 0.54407
0.000 28.609 16.280 1.58767
0.000 25.127 15.106 1.79694
0.000 23.741 15.133 1.93720
0.000 23.765 15.191 1.96468
0.045 24.237 16.032 1.61742
0.000 25.115 17.190 1.51391
0.000 25.365 17.337 1.29293
0.000 24.415 15.860 0.96459
0.162 26.029 15.269 1.04975
0.000 26.737 16.335 1.11754
0.002 27.207 17.372 0.99979
0.000 27.418 18.922 1.19659
0.000 28.272 19.086 1.15420
0.000 28.326 19.103 1.05923
0.069 28.755 18.491 1.01252
0.001 28.616 18.222 0.98202
0.000 27.767 18.397 0.89291
0.000 28.278 18.455 0.96260
0.000 28.547 19.035 0.75344
0.002 29.407 18.507 0.73644
0.000 28.951 17.153 1.17150
0.000 27.577 17.655 1.08936
0.000 27.494 15.539 1.42447
0.000 26.017 14.580 1.50668
0.000 26.073 14.851 1.63415
0.000 24.918 12.759 1.77338
0.000 24.412 12.851 1.46481
0.000 24.329 11.303 1.59218
0.000 22.952 11.145 1.17354
0.000 24.158 11.901 1.02661
0.000 25.016 12.994 0.86457
0.000 27.158 14.646 0.76359
0.000 28.020 15.025 0.79395
0.000 27.249 16.383 1.26813
0.000 26.724 15.303 1.80922
0.000 26.185 13.294 1.45199
0.000 29.112 14.850 0.72847
0.000 29.978 17.112 0.75373
0.000 30.350 17.044 0.70598
0.000 30.506 18.640 0.91278
0.000 30.054 19.210 1.03117
0.000 29.905 17.372 1.28903
0.000 30.715 15.643 0.95091
0.043 32.600 17.595 0.45962
0.036 31.040 18.531 1.09895
0.000 30.754 18.741 1.45472
0.000 31.217 17.278 1.07194
0.000 31.319 17.655 1.54926
0.000 30.146 17.877 1.48164
0.000 31.059 17.540 1.07475
0.000 32.295 19.149 0.72733
0.515 32.701 21.128 0.38821
5.120 30.096 21.200 0.37903
10.237 32.117 20.573 0.46463
0.000 33.079 20.642 0.51157
0.000 34.816 19.065 0.60760
0.000 34.345 18.769 0.82489
0.000 32.980 17.271 1.14368
0.000 33.572 18.983 1.69179
0.000 29.845 17.415 2.03202
0.000 29.957 16.661 1.91281
0.000 30.817 17.055 1.82297
0.000 32.149 17.485 1.46967
0.000 32.010 18.456 0.79815
0.407 33.204 20.136 0.40167
12.522 32.393 21.240 0.64810
14.017 28.954 20.885 0.37960
0.083 32.892 18.841 0.69066
0.000 33.830 18.811 0.68245
0.000 33.858 20.815 0.64499
11.753 33.823 20.923 0.56060
0.039 29.938 18.807 1.20690
0.000 30.034 16.554 1.65591
0.000 31.055 18.179 1.88684
0.000 32.845 16.743 1.46557
0.000 33.067 15.559 1.20069
0.000 31.995 17.237 1.32053
0.000 31.643 17.108 1.19929
0.000 32.302 18.958 0.78370
0.019 33.032 20.800 0.52335
1.151 33.433 18.611 0.98457
0.000 28.203 18.015 1.24464
0.000 31.974 16.863 1.30539
0.000 32.389 16.278 1.16232
0.000 33.126 16.951 0.73686
0.000 33.981 19.200 0.70257
0.000 33.842 20.461 0.64806
0.000 33.246 19.919 1.38539
0.013 31.429 18.582 2.36397
0.000 30.909 17.895 2.04167
0.000 33.821 19.218 1.46057
0.314 35.118 21.107 0.69550
0.049 36.686 20.501 0.68957
0.000 38.313 22.694 0.50203
0.741 38.390 20.828 0.54539
0.000 38.652 20.244 0.83413
0.065 37.516 21.040 1.13937
0.000 35.845 20.414 1.47198
0.000 35.061 21.411 1.14217
1.969 36.046 21.104 0.91611
4.954 34.640 20.601 0.65445
0.000 36.551 20.897 0.70429
0.000 37.007 21.131 0.68998
1.297 37.194 23.268 0.57574
15.104 35.918 22.825 0.77057
13.188 31.400 22.340 0.62923
20.864 33.758 22.863 0.54245
6.935 29.624 21.786 0.50677
25.181 34.601 20.895 0.87406
6.681 34.521 22.451 0.56896
39.598 30.698 22.400 0.31260
1.182 32.385 22.649 0.25950
0.590 30.155 21.879 0.57953
0.000 31.578 22.468 0.49034
0.005 32.694 20.867 0.48905
0.525 30.146 21.466 0.52064
26.672 31.772 22.040 0.42771
26.346 30.702 21.377 0.54333
17.225 30.965 21.790 0.68589
10.002 30.623 21.762 0.75021
13.054 30.678 22.574 0.56223
11.303 31.346 21.334 0.51064
2.822 31.799 21.581 0.29524
0.010 31.971 21.889 0.44262
8.583 31.400 21.241 0.44230
1.875 35.049 21.312 0.49809
9.124 34.171 22.248 0.44564
7.128 33.978 22.878 0.40872
1.848 27.017 21.985 0.53963
9.425 29.699 21.766 0.54802
7.936 31.234 21.660 0.44540
1.225 31.454 22.298 0.43139
1.625 31.107 22.931 0.33516
3.683 31.022 21.313 0.35262
8.583 32.512 21.133 0.61076
13.264 31.361 21.926 0.36657
1.371 33.264 21.733 0.39753
3.544 35.524 21.951 0.48006
12.957 32.632 22.557 0.44732
9.914 32.469 21.686 0.43070
5.966 31.706 22.490 0.41151
4.539 31.452 22.468 0.62564
0.663 31.646 22.476 0.45762
3.295 31.445 21.282 0.46589
69.142 31.758 21.721 0.56141
17.629 25.172 21.006 0.96024
5.206 27.505 21.694 0.97226
3.576 27.221 21.212 0.92979
0.150 29.845 22.303 1.08986
18.385 26.628 21.077 1.52801
3.160 26.692 20.722 1.71385
19.755 27.210 21.318 1.80798
12.410 26.844 20.954 1.56878
22.761 25.868 20.202 1.39690
10.924 26.770 20.265 1.16477
0.076 28.070 21.553 1.11282
0.769 25.842 21.403 1.09289
2.020 26.837 20.985 1.59416
0.811 26.739 21.730 1.52822
1.474 25.860 21.890 1.28518
6.458 27.650 21.574 1.59859
1.886 28.195 21.693 1.48603
0.000 29.286 22.020 1.30457
0.132 27.888 21.886 0.87192
0.745 28.546 22.170 0.73685
6.570 26.825 20.822 0.82955
0.034 28.102 21.359 0.82714
11.520 27.566 20.546 0.87094
10.444 30.580 21.351 0.69452
48.593 29.519 20.548 0.57584
5.165 30.574 21.611 0.48401
15.143 28.506 21.743 0.67725
5.966 28.260 22.196 0.80530
16.091 26.506 22.113 1.00700
0.000 26.901 21.566 1.35465
0.212 28.881 22.265 1.19625
0.000 26.407 21.516 1.46961
0.000 27.757 21.282 1.70073
3.809 27.405 21.630 1.65365
1.720 27.525 21.821 1.32533
0.144 25.326 20.304 1.10486
44.610 27.641 21.370 1.21476
5.193 26.989 21.680 1.19740
5.933 25.189 21.203 1.61787
1.536 26.316 21.134 1.64411
20.995 26.995 21.099 1.66197
8.431 25.945 20.556 1.60733
28.121 24.287 20.650 1.74342
2.524 25.555 20.933 1.76099
13.177 24.429 21.851 1.54879
9.910 25.896 22.052 1.68954
14.354 27.262 21.969 1.72110
6.868 26.664 22.394 1.19393
4.284 26.249 22.381 1.17012
2.626 26.286 22.124 1.70512
5.843 26.235 22.008 1.48552
18.782 25.977 21.836 1.21588
1.866 27.305 22.155 1.10978
18.986 28.260 22.599 0.99241
2.685 27.738 21.775 1.05281
19.946 25.977 20.840 0.90270
1.828 27.438 21.758 0.98183
17.124 27.429 21.496 0.92927
0.336 28.353 21.478 0.82233
0.136 28.460 21.704 0.99412
5.079 27.127 21.452 1.25866
25.473 25.216 21.174 1.36526
33.540 26.843 20.906 1.24130
38.712 25.125 21.415 1.29975
29.940 24.745 21.495 1.02354
3.316 25.518 21.187 0.96096
18.418 26.081 21.649 0.94841
8.351 24.908 20.270 1.30755
9.796 26.244 21.220 1.81666
0.256 26.541 21.258 1.86958
4.954 27.004 20.902 2.08174
11.266 25.690 21.398 1.95633
8.903 24.165 21.167 1.66669
3.131 25.861 20.545 1.84137
3.874 25.782 21.397 1.64716
3.148 27.917 21.901 1.60882
3.087 27.478 21.981 1.52159
4.765 27.439 21.109 1.38467
0.457 27.358 21.573 1.11366
14.471 27.769 21.980 1.30837
17.073 28.178 22.354 1.25756
4.364 27.658 21.450 1.43214
9.137 26.083 21.737 1.13613
14.676 26.994 20.900 1.07745
23.870 25.372 21.247 1.10769
5.191 25.890 20.861 1.42344
7.491 27.029 21.318 1.14861
0.106 27.406 21.374 1.50213
0.000 27.820 21.372 1.43950
0.000 28.642 21.803 0.91314
10.238 27.735 21.070 0.71166
24.021 28.400 22.010 0.68488
0.255 26.424 20.772 1.06109
9.804 27.267 20.508 1.00612
0.000 28.062 21.236 0.89235
6.004 27.712 21.522 0.72401
24.901 29.679 21.992 0.51829
31.864 28.092 20.590 0.58136
64.078 31.905 21.724 0.69083
8.698 28.475 21.663 0.64288
18.338 28.051 21.681 0.64348
18.846 26.712 20.608 0.73269
8.270 27.717 21.166 0.88054
6.293 27.992 20.994 1.01309
5.041 27.373 21.418 0.76661
3.968 27.554 21.663 1.23429
34.026 26.615 21.231 1.25455
9.684 26.059 20.616 0.75321
8.774 30.102 20.866 0.58149
1.726 29.365 20.826 0.64957
19.326 29.151 21.740 0.61726
43.070 29.181 20.576 0.43585
23.393 29.131 21.556 0.44871
15.365 27.402 21.237 0.56709
0.000 28.541 20.757 0.67227
0.494 30.580 22.391 0.49467
3.735 32.249 21.228 0.39320
0.000 31.478 21.085 0.47688
0.100 31.694 21.477 0.51166
0.305 30.649 21.542 0.50694
1.394 27.674 21.086 0.71540
5.199 28.005 20.995 0.91632
2.389 27.806 20.159 0.79497
29.276 26.517 20.769 0.84735
0.150 28.254 19.236 0.91370
0.000 29.118 18.273 0.97840
0.000 28.697 17.552 0.96965
0.000 28.574 17.512 0.88920
0.000 29.230 19.251 0.78472
0.000 29.398 19.684 0.99641
0.000 28.934 20.045 1.22799
0.041 29.181 19.432 1.03357
0.000 29.572 19.986 0.71891
0.415 29.996 20.543 0.54887
2.661 29.200 20.027 0.49401
0.000 32.447 20.953 0.51191
0.000 30.151 21.375 0.41998
0.000 28.378 19.674 0.77317
5.416 27.470 20.536 0.67722
5.525 27.138 20.244 0.47356
0.000 29.720 19.671 0.42047
4.341 28.080 19.623 0.60930
0.398 27.889 20.715 0.93076
1.634 28.746 20.265 0.80567
0.355 29.269 18.732 0.85067
0.000 28.314 19.812 1.00136
0.000 29.410 20.449 1.42229
0.000 29.153 20.122 1.16747
0.000 28.341 17.642 1.32301
0.099 26.537 15.296 1.14025
0.000 26.229 15.425 1.04181
0.000 27.522 15.846 0.99452
0.000 27.487 17.824 0.93982
0.111 29.155 20.068 1.00947
0.786 28.516 18.861 0.81585
0.000 28.891 19.728 1.07556
0.010 28.963 20.461 1.33568
28.773 27.713 20.693 1.07153
3.251 27.634 20.446 0.98183
0.461 27.883 19.455 1.04184
0.000 28.349 19.586 0.98045
0.000 28.895 19.237 0.90930
0.000 28.721 18.312 0.76529
0.000 28.394 18.958 0.80052
0.967 28.732 18.609 0.79192
2.144 29.806 19.932 0.63462
1.485 29.155 19.306 0.58668
29.297 28.488 19.210 0.68736
66.135 25.629 19.587 0.95622
0.075 27.925 18.749 0.86973
0.020 28.450 16.796 0.86825
0.000 28.307 17.973 0.79648
0.018 28.069 19.690 1.12876
2.202 27.330 20.731 1.55442
5.390 25.414 20.649 1.55738
7.121 25.889 19.960 1.59209
0.909 26.301 19.168 0.79374
3.943 29.201 19.848 0.47144
0.031 28.658 19.229 0.76033
0.000 28.091 19.459 1.02786
0.000 27.927 19.093 0.90947
0.000 28.762 19.999 1.03900
0.000 28.529 19.517 1.07009
2.623 28.676 20.640 0.93971
0.000 28.433 18.459 1.01656
1.024 28.008 18.940 0.93722
0.064 28.880 20.491 1.02376
2.507 26.629 19.990 0.89213
0.439 27.904 20.465 0.94945
0.005 28.241 19.439 0.96382
0.000 28.473 20.050 0.86877
0.000 28.955 19.755 1.27127
0.000 28.271 19.255 1.61142
0.121 27.642 19.548 1.60856
0.030 27.579 20.499 1.79577
6.659 27.464 20.519 1.63273
1.187 27.369 20.190 1.78430
2.020 26.697 18.693 1.57078
0.000 26.840 18.026 1.21060
0.000 28.162 18.104 0.79083
0.000 28.896 17.726 0.64214
0.000 28.886 17.422 0.64869
0.866 27.318 18.714 1.01026
3.029 27.180 19.940 1.19645
2.631 27.052 19.407 0.96605
0.391 28.360 19.818 0.79579
2.949 28.365 20.442 0.81951
24.409 25.852 19.834 1.33890
6.770 24.659 19.363 1.41972
12.024 26.622 19.708 1.75984
0.369 26.126 18.163 1.86364
0.269 24.884 17.049 1.99759
3.904 23.117 17.157 1.83816
5.116 23.176 17.324 1.64404
0.252 26.529 19.406 1.10707
0.000 27.403 19.872 0.99605
0.000 27.751 19.565 0.98624
0.000 28.146 17.960 1.23985
0.000 27.321 18.317 1.19849
0.000 27.995 17.932 1.12317
0.000 27.852 18.592 1.19132
0.000 27.419 17.726 1.01873
0.000 27.140 18.728 1.13460
0.000 27.716 18.000 1.23235
0.000 27.432 16.568 1.18514
0.000 26.654 16.349 1.01208
0.000 27.741 18.301 1.21490
0.000 27.594 19.035 1.46790
0.000 27.148 18.316 1.70939
0.000 26.641 17.334 1.40074
0.000 27.505 17.539 1.29142
0.000 28.090 17.782 1.26003
0.000 27.170 17.923 1.34989
0.000 26.930 15.978 1.61600
0.000 25.721 13.963 1.17572
0.000 25.259 13.041 1.07038
0.000 25.633 14.069 0.97079
0.174 26.458 16.820 1.59450
0.106 25.524 13.928 1.24732
0.000 27.287 15.873 0.95474
0.000 28.407 16.495 1.03150
0.000 28.138 14.688 1.05750
0.000 27.688 15.355 1.34739
0.000 27.602 15.872 1.23982
0.000 29.094 16.881 0.80595
0.000 30.563 18.029 0.76146
0.000 30.179 17.401 0.94460
0.000 30.379 17.269 0.80762
0.000 31.409 17.224 0.68341
0.000 32.252 18.287 0.68439
0.000 32.879 17.102 0.73291
0.000 32.310 16.018 0.73051
0.000 31.282 15.953 1.04168
0.000 30.522 18.051 1.34944
0.000 29.798 16.528 1.60684
0.000 30.089 16.514 1.32327
0.000 30.404 15.807 1.13324
0.000 30.295 16.438 1.08646
0.000 31.742 17.341 0.69862
0.000 32.200 18.949 0.36574
2.859 32.767 19.334 0.46396
0.727 32.199 18.950 0.62182
0.000 32.966 18.241 0.76534
0.000 33.090 18.318 0.79387
0.000 33.092 16.570 0.82957
0.000 32.629 17.796 0.76975
0.000 32.865 17.433 0.86693
0.000 31.953 17.281 1.18742
0.000 31.382 16.906 1.27376
0.000 32.231 15.409 1.15611
0.000 32.679 17.325 0.94261
0.000 32.491 15.639 1.06996
0.000 32.649 16.640 0.74747
0.000 33.507 18.507 0.66637
0.000 34.595 19.384 0.47611
0.951 34.726 18.190 0.65520
0.000 35.477 19.678 0.60448
0.420 35.706 20.984 0.44445
0.000 34.541 20.865 0.47933
1.150 34.213 21.278 0.69993
1.538 34.557 20.425 0.66385
0.000 35.178 20.968 0.43721
0.000 34.164 21.274 0.51208
0.879 33.702 19.744 0.61792
0.000 33.729 19.530 0.66737
0.000 33.026 19.527 1.12743
0.066 33.175 19.556 1.38996
0.000 33.661 18.494 1.28018
0.000 34.089 17.333 1.18993
0.000 35.368 18.878 0.73338
0.000 35.532 20.789 0.48641
0.004 35.861 21.780 0.57314
0.706 34.332 21.769 0.51686
0.007 36.428 21.506 0.67281
0.784 34.594 20.741 1.08310
0.000 31.937 19.214 1.50943
0.000 33.852 19.076 1.46885
0.000 35.246 19.569 0.92368
0.000 35.000 21.822 0.69033
1.097 34.782 22.248 0.78846
16.442 34.268 20.984 0.65969
6.474 32.382 20.359 0.44388
0.060 34.411 19.885 0.58829
0.961 34.706 20.342 0.71308
0.030 33.881 21.366 0.57753
0.635 31.110 21.747 0.60850
0.389 34.288 20.706 0.56239
0.305 36.460 19.550 0.71241
0.001 36.852 21.826 0.57030
11.019 36.267 22.712 0.54382
0.000 36.905 21.274 0.57099
0.000 37.760 21.821 0.64530
0.000 38.201 23.030 0.62038
16.441 34.402 22.831 0.69820
1.359 30.739 22.515 0.53194
11.793 32.026 22.396 0.39085
13.174 31.838 23.180 0.43462
16.341 33.502 23.239 0.53451
0.160 30.576 23.203 0.54657
0.111 30.145 23.034 0.47627
0.161 31.535 21.370 0.62318
11.828 34.398 21.927 0.73051
3.794 35.014 22.941 0.52810
0.000 35.947 21.987 0.36650
0.000 35.657 21.507 0.69092
0.000 37.081 21.491 0.61738
0.000 36.531 22.022 0.63800
0.000 35.598 22.487 0.55942
0.294 35.201 23.012 0.44806
4.260 31.766 21.447 0.46010
0.000 34.752 23.125 0.68933
2.144 35.754 23.394 0.70116
9.428 32.779 23.126 0.66153
29.717 31.923 23.285 0.49371
1.541 30.547 22.900 0.64295
3.151 34.185 21.701 0.64347
0.420 31.914 23.645 0.83017
0.254 32.605 22.930 0.85257
1.956 33.748 23.775 0.71679
2.435 29.880 22.858 0.80866
16.733 28.058 22.038 0.70293
14.389 29.108 21.539 0.78799
17.564 31.692 22.118 0.75535
3.089 29.922 21.791 0.81187
0.328 32.151 22.278 0.91543
0.653 32.580 22.642 0.92519
10.016 32.313 22.870 0.81089
2.074 31.134 23.471 0.90928
0.000 29.697 23.324 0.88732
0.000 31.630 23.229 1.03025
0.127 31.376 22.752 0.86030
5.459 30.863 23.043 0.75112
24.907 29.769 22.274 0.72697
28.410 28.465 21.795 0.57976
7.203 31.389 22.473 0.64786
2.039 31.476 22.246 0.65951
14.275 29.024 22.498 0.87264
4.487 28.491 22.164 0.86677
0.064 29.304 22.220 0.99379
11.528 29.468 22.944 0.70734
19.980 26.630 21.575 0.49261
25.035 33.108 21.812 0.33698
9.387 34.481 22.374 0.40870
4.130 32.596 22.501 0.45615
34.499 28.490 22.610 0.57097
4.302 29.052 22.969 0.51765
22.618 30.728 22.868 0.49213
12.417 30.961 22.118 0.42894
11.843 30.278 21.326 0.57705
15.239 32.465 21.657 0.79550
23.620 30.621 22.553 0.89388
8.183 29.000 22.796 1.21665
0.000 28.783 22.853 1.25768
0.246 28.851 22.748 1.25766
3.990 29.061 23.555 0.88309
0.077 27.419 22.548 0.91961
0.034 27.030 22.592 0.88522
8.004 29.736 23.508 0.96188
22.685 28.537 22.160 1.13415
29.705 27.367 22.032 1.17432
0.676 28.150 22.201 0.84475
0.000 29.365 22.903 0.62686
9.435 27.519 22.132 0.55834
2.554 29.088 22.827 0.49856
12.898 29.833 22.243 0.58969
16.357 31.411 21.893 0.90162
5.915 28.729 22.659 1.06903
0.461 27.335 22.703 0.95795
0.501 29.436 22.216 1.37810
0.174 26.849 21.783 1.33389
4.858 27.340 21.511 1.52803
4.233 26.260 21.831 1.27954
10.684 27.066 21.468 1.37324
46.646 26.852 21.199 1.58299
49.835 23.335 19.263 1.75649
1.310 23.926 20.280 1.61836
0.000 26.703 19.347 1.27422
0.000 27.988 21.281 1.03824
0.464 28.330 21.581 1.01751
0.000 27.782 21.113 0.81169
2.030 26.057 21.692 1.05248
0.665 27.094 21.989 1.05127
1.836 28.059 21.817 1.01530
0.024 26.689 20.717 0.69925
8.404 28.755 22.001 0.91788
0.028 28.576 21.999 0.99003
0.000 27.301 21.425 0.93924
14.743 28.021 22.025 0.97480
33.822 27.380 21.891 1.28797
0.029 27.728 21.336 1.00685
3.836 27.428 21.892 0.88460
2.992 28.626 22.428 1.03215
7.956 28.471 22.600 0.97304
0.071 29.007 22.626 0.77774
5.545 27.138 21.978 0.73709
0.011 28.418 21.536 0.91340
0.205 27.950 21.629 0.72241
2.530 26.076 20.946 0.91254
0.597 26.662 21.275 0.76547
7.037 27.384 21.082 1.11142
16.829 26.207 20.638 1.18680
11.444 25.251 20.222 1.29841
27.389 26.807 21.798 1.39387
8.751 24.736 20.685 1.37745
6.870 26.827 21.465 1.99560
11.205 26.283 19.869 2.03834
2.440 26.649 21.961 1.87308
0.065 25.350 21.594 1.66234
4.544 26.584 20.741 1.57012
241.854 25.546 21.555 1.03745
68.327 24.735 22.324 1.19319
2.823 24.890 22.080 1.28036
1.178 26.023 22.076 1.72619
0.822 27.550 21.742 1.46524
0.000 28.228 21.389 1.34911
0.006 28.388 22.565 1.38241
0.020 27.735 22.958 1.07712
0.000 27.840 22.843 0.86899
0.000 28.074 22.683 1.20473
0.002 27.735 21.970 1.49495
0.000 27.018 21.259 1.43103
0.000 28.502 22.401 0.91696
0.000 28.489 22.678 0.87199
15.254 27.009 21.739 0.98552
7.036 28.171 22.299 0.90095
6.196 27.231 21.883 0.78573
1.302 27.038 22.237 0.90760
9.970 27.703 22.144 0.90380
14.326 26.863 21.786 1.08131
2.728 26.889 21.477 0.76682
0.000 29.104 22.415 0.81517
31.614 26.903 22.169 0.66546
41.785 25.460 20.857 1.88923
0.280 26.839 21.399 1.85073
1.935 27.462 21.819 1.41158
16.269 26.498 21.852 1.30623
23.470 25.014 21.260 2.24207
10.451 24.543 20.730 2.39916
10.159 25.748 21.566 2.22453
7.728 27.759 21.708 1.68907
0.526 26.868 21.737 1.32271
0.074 27.936 22.417 1.11702
2.558 26.431 22.021 1.06908
15.937 26.698 21.363 1.27843
0.124 27.781 21.534 0.92622
0.136 28.505 21.003 0.71153
37.892 27.646 21.938 0.74571
31.074 25.348 20.624 0.79231
8.331 28.411 20.585 0.47934
53.537 28.458 21.323 0.50525
17.110 30.975 21.515 0.47530
54.239 29.788 22.159 0.69982
19.925 29.307 20.632 0.83295
2.947 27.224 20.798 0.69881
28.714 27.543 21.415 0.78404
60.256 25.546 20.795 0.73609
8.450 28.108 20.625 0.59806
0.571 28.236 19.436 0.92421
0.000 28.993 19.456 1.14029
0.901 29.850 21.464 0.91341
1.999 27.682 19.834 1.09518
2.239 29.295 21.044 1.17262
1.989 28.261 19.748 1.04042
0.000 29.772 19.204 0.77534
0.457 31.331 21.388 0.53343
9.826 26.880 21.334 0.72423
16.004 30.033 21.606 0.29378
2.114 29.202 21.218 0.40102
39.804 29.644 21.143 0.57933
5.554 29.873 20.699 0.51309
7.227 25.953 19.230 0.63971
0.492 29.319 19.516 0.54744
0.000 30.123 20.003 0.58833
0.000 29.345 19.164 0.58677
0.000 30.978 20.538 0.51371
0.000 29.996 20.177 0.59538
5.849 29.844 19.990 0.63565
0.000 29.263 20.076 0.91799
0.000 29.299 19.868 1.01526
0.050 28.729 20.966 0.90212
0.224 27.852 21.314 0.97435
0.620 28.945 20.894 1.32123
0.577 28.136 21.207 1.43275
1.405 27.494 20.703 0.99227
0.000 28.460 19.833 1.18599
0.000 28.931 19.152 0.99647
0.000 30.068 19.118 0.59531
0.000 30.387 19.045 0.50722
0.000 29.677 19.716 0.76036
0.000 29.472 19.819 0.86124
0.000 28.813 20.732 1.05546
0.982 28.913 20.017 1.01566
0.620 29.323 19.922 1.07548
0.235 28.283 19.931 1.08270
68.918 28.111 20.603 1.16062
4.283 28.069 20.543 0.93714
36.715 29.349 20.690 0.43572
11.089 26.925 19.995 0.58046
12.008 25.766 20.559 0.61999
0.046 26.324 18.612 0.73666
0.122 28.355 18.401 0.66091
4.241 29.433 18.966 0.54927
1.499 27.503 17.822 0.80874
0.970 24.082 16.812 0.84655
4.490 24.743 17.919 0.80429
138.048 23.101 18.163 1.52238
3.941 24.332 18.946 1.16057
0.091 27.747 18.639 0.80857
0.009 28.535 19.276 0.83537
0.084 26.366 17.222 1.47594
0.036 26.476 17.039 1.10218
0.000 28.971 19.174 0.63796
0.000 29.317 19.246 0.62303
0.000 27.854 17.999 0.97926
0.000 25.978 16.916 1.21585
0.000 25.940 17.415 1.11585
0.000 26.892 18.036 1.08555
0.000 26.719 16.349 1.00937
0.000 27.454 17.905 1.02856
0.000 28.530 18.764 1.35094
0.000 27.834 19.525 1.09476
0.033 28.341 20.586 1.31466
0.000 28.152 20.520 1.44528
0.000 27.849 20.987 1.72872
0.000 27.934 20.333 1.59478
0.000 27.659 18.475 1.55419
0.000 26.550 18.267 1.49351
0.000 26.420 16.882 1.97417
0.000 24.039 15.265 1.72164
0.000 23.503 14.948 1.51773
0.000 23.507 13.566 1.47212
0.000 22.380 12.416 1.99747
0.000 22.917 13.413 1.96370
0.000 23.244 14.363 1.48111
0.000 24.806 14.527 1.06637
0.000 24.864 14.339 1.01570
0.026 25.142 15.760 1.02896
0.379 25.890 16.246 1.40253
0.000 25.897 17.078 1.13004
0.000 26.834 18.462 1.35530
0.011 27.446 18.684 1.18772
0.156 27.701 18.958 1.14142
0.175 26.385 18.468 1.05118
0.236 27.819 17.769 0.89520
0.000 27.518 17.550 1.00909
0.000 26.248 17.172 1.02778
0.000 27.021 16.005 0.91020
0.000 27.376 16.292 0.78776
0.000 28.453 16.291 0.72999
0.000 26.676 14.486 0.86926
0.000 27.180 14.364 0.79674
0.000 27.406 15.863 0.82538
0.087 25.471 14.696 1.23556
0.000 26.505 16.291 0.93883
0.000 27.622 17.677 0.87750
0.000 28.541 18.707 1.12325
0.000 26.308 17.672 1.39088
0.000 27.003 18.566 1.41744
0.000 27.926 18.761 1.47030
0.000 26.219 17.410 1.34677
2.067 25.153 16.301 1.47868
0.000 25.659 15.945 1.07002
0.000 27.660 17.634 0.88375
0.000 28.141 18.811 1.11877
0.000 28.054 18.116 1.34032
0.000 27.859 16.630 1.10944
0.000 27.588 16.248 0.88164
0.009 28.501 16.925 0.79148
0.000 26.521 16.660 1.05181
0.000 26.603 14.706 1.11011
0.000 26.018 14.210 1.11429
0.000 26.878 15.582 0.82361
0.000 28.864 16.500 0.76049
0.000 27.312 16.286 1.08693
0.000 26.860 15.248 1.06567
0.000 27.050 15.140 1.16684
0.000 27.600 15.920 1.09184
0.000 28.932 15.312 0.91339
0.000 29.667 15.353 0.76158
0.000 29.007 14.742 0.81403
0.000 28.286 15.047 0.88047
0.000 31.005 17.165 0.49905
0.000 30.471 17.667 0.45558
0.000 30.709 16.837 0.51033
0.000 30.070 17.606 0.51540
0.271 28.921 16.770 1.02977
0.000 25.728 15.136 1.69808
0.000 26.610 15.386 1.52874
0.000 27.026 14.202 1.39551
0.000 27.386 14.172 1.11286
0.000 27.753 15.734 1.06159
0.000 28.780 14.199 1.10038
0.000 27.728 13.981 1.19044
0.000 28.279 11.718 0.98777
0.000 29.012 14.704 1.08226
0.000 28.572 17.594 1.88135
0.866 28.193 18.013 2.14928
0.310 27.458 17.468 1.42904
0.000 30.599 17.994 0.95323
0.000 32.844 19.162 0.58649
0.000 33.590 19.392 0.43186
0.000 33.708 19.595 0.44276
0.000 33.797 19.731 0.52523
0.000 33.372 18.118 1.23141
0.000 28.720 16.986 2.09155
0.000 28.473 16.411 1.95897
0.000 29.057 16.221 1.67950
0.000 29.657 17.352 1.78748
0.000 29.119 17.107 1.99890
0.000 28.645 16.421 1.89805
0.000 28.677 15.677 1.71820
0.000 29.595 16.659 1.48132
0.000 31.836 18.309 1.17199
0.000 31.450 17.298 1.41638
0.000 31.135 16.786 1.58707
0.000 31.128 17.846 1.09462
0.000 32.862 18.685 1.01755
0.000 32.729 18.739 0.93787
0.000 33.344 18.111 1.20967
0.000 33.629 18.584 1.12553
0.000 34.171 19.279 0.83469
0.000 32.825 18.430 1.11791
0.000 34.060 20.286 0.59249
0.000 34.009 21.815 0.83474
0.024 35.228 21.738 0.76793
0.005 36.016 22.184 0.88871
10.033 36.154 22.624 0.57916
0.000 34.980 19.273 0.82755
0.000 35.974 19.570 0.70393
0.000 37.141 20.175 0.64642
0.000 35.530 18.732 1.30952
0.000 34.342 19.297 1.43098
0.000 34.304 19.438 1.42174
0.000 34.757 18.442 1.07803
0.000 34.628 18.855 0.77608
0.000 35.352 17.748 0.68054
0.000 34.884 18.970 0.59043
0.000 35.710 19.707 0.60175
0.000 35.274 20.013 0.64080
0.000 35.050 18.735 0.65156
0.000 35.443 19.434 0.72637
0.000 35.755 19.847 0.63397
2.695 36.379 20.806 0.65685
0.000 35.337 21.338 0.65402
0.000 33.388 20.693 0.75153
0.000 36.601 20.304 0.54637
0.000 36.364 21.441 0.67616
0.000 35.186 21.972 0.60708
0.000 36.628 20.004 0.85562
0.000 36.510 19.324 0.72369
0.000 37.442 20.327 0.98933
0.000 36.533 19.154 1.44095
0.000 36.815 19.458 1.29773
0.000 36.073 21.569 0.81672
0.629 33.251 21.529 0.65500
7.794 33.467 21.559 0.52847
1.147 33.002 21.451 0.64857
0.000 32.914 21.082 0.84250
8.797 33.579 21.775 0.60708
0.064 30.333 20.557 1.08054
12.390 30.887 19.861 1.41276
0.100 32.950 19.894 1.30335
0.000 33.843 20.609 0.86361
5.821 34.703 22.096 0.32142
0.176 32.031 20.973 0.71456
2.180 34.660 22.236 0.52972
5.660 36.343 22.762 0.60719
13.692 37.704 22.165 0.58082
0.000 39.441 22.528 0.54666
0.000 37.239 21.621 0.53992
1.274 37.035 23.221 1.06924
0.286 33.589 21.871 1.62297
0.000 34.387 21.891 1.81301
0.104 34.465 21.576 1.93941
0.000 31.850 21.310 1.78059
0.000 34.546 20.600 1.74993
0.000 35.762 21.394 1.59998
0.000 36.636 20.403 1.14382
0.000 38.046 20.592 0.68262
0.000 38.137 23.793 0.76457
0.000 38.481 24.514 0.80407
0.000 37.921 24.203 0.76452
0.000 38.659 24.442 0.83266
0.066 37.457 24.393 0.66103
0.924 39.009 24.828 0.69317
9.425 37.872 24.043 0.60817
2.494 36.293 25.232 0.50595
0.000 37.357 23.669 0.56722
0.545 39.839 24.726 0.75422
1.024 36.468 24.430 0.70144
0.265 37.541 22.404 0.49213
0.000 36.673 23.293 0.76998
14.367 35.430 23.999 0.59558
19.219 33.369 23.816 0.56102
2.740 30.238 22.988 0.83906
7.460 31.541 23.697 0.74291
6.215 29.764 22.912 0.65170
22.302 32.805 23.866 0.73804
0.111 30.704 23.496 0.73439
2.796 31.534 23.630 0.72775
14.364 30.642 22.580 0.94978
10.156 33.278 22.802 0.82952
9.219 30.447 22.502 0.92623
17.828 29.541 22.536 0.74510
0.703 29.383 22.433 0.60085
7.195 28.708 22.478 0.64086
45.322 30.768 21.765 0.64609
23.344 29.318 21.922 0.57360
6.761 30.903 22.336 0.62810
31.299 31.160 22.744 0.59010
4.825 27.667 21.091 0.60399
4.457 30.458 22.114 0.60993
17.936 28.822 22.090 0.79031
2.444 30.122 22.636 0.82760
11.710 29.116 21.887 0.83146
0.000 29.541 21.149 0.74894
0.166 31.557 22.107 0.66692
1.953 30.598 22.229 0.69372
23.157 30.260 22.320 0.60835
0.000 27.667 21.823 0.78011
1.851 30.850 21.651 1.14169
14.217 30.510 22.563 0.96812
33.750 28.083 21.779 0.94799
11.252 28.000 21.479 0.85881
13.446 30.886 21.938 0.55534
24.256 28.717 21.847 0.57567
0.000 28.685 22.275 0.59010
0.390 28.825 22.623 0.55833
2.125 30.242 22.746 0.83809
11.221 29.058 21.409 0.56402
10.131 32.541 22.401 0.67285
1.153 31.158 22.732 0.66749
16.783 31.156 22.671 0.62127
13.806 28.043 22.039 0.73004
5.006 30.740 21.714 0.58173
14.544 30.525 22.599 0.65111
6.075 27.898 21.355 1.12561
11.086 27.358 20.612 1.63343
3.693 25.611 19.358 1.44052
2.273 25.472 19.488 0.98706
0.150 26.111 21.342 1.10377
4.196 26.587 19.587 1.15444
2.786 27.983 21.200 0.73278
6.237 30.483 21.499 0.58237
2.823 29.158 20.974 0.72192
14.084 30.689 19.816 0.75188
9.874 31.178 21.148 0.51831
0.174 29.110 22.127 0.64216
19.034 28.065 21.803 0.83391
6.731 29.516 22.291 0.66181
15.107 31.351 21.997 0.63670
4.987 29.371 21.652 0.75756
3.625 32.547 22.484 0.45879
15.584 27.791 21.583 0.67248
6.449 30.970 21.075 0.65186
22.871 31.267 21.112 0.64363
33.742 32.774 22.024 0.44190
0.000 29.430 22.025 0.58142
0.661 31.938 21.635 0.46115
0.366 30.781 22.192 0.37944
22.061 29.251 22.187 0.53692
47.979 27.234 21.579 0.50560
5.750 30.345 21.410 0.51444
19.553 31.686 22.325 0.62086
9.327 27.823 21.805 0.72754
4.954 30.015 22.037 0.66197
9.573 30.198 22.720 0.73540
16.538 28.373 22.098 0.91325
38.118 26.775 22.453 0.93154
17.285 25.701 21.320 1.59304
12.553 25.186 21.799 2.03836
3.175 26.652 22.182 1.98677
0.205 26.984 21.570 1.58789
0.000 27.354 22.403 1.05510
26.894 26.367 22.439 0.66988
8.748 26.687 21.982 0.75885
21.785 27.903 21.916 0.91710
22.589 27.525 21.824 1.01356
1.401 26.548 21.514 1.27996
3.438 27.156 21.440 1.40959
23.437 27.416 22.254 1.00483
16.346 26.770 22.312 1.10347
31.871 27.251 21.168 0.89064
5.507 29.009 21.255 0.61300
0.126 28.325 21.093 0.56357
32.219 28.052 21.751 0.63350
2.384 29.372 21.815 0.67580
18.326 28.230 20.196 1.05436
16.549 25.710 20.301 0.85838
5.973 26.087 20.829 0.66061
0.060 28.309 20.770 0.72996
0.565 28.805 21.951 0.92916
2.656 28.062 21.951 0.84594
0.105 27.699 20.730 0.76635
4.464 29.196 21.553 0.78374
0.000 29.724 22.614 0.96849
4.477 27.774 22.440 0.93839
19.018 28.033 21.318 0.93672
0.000 28.108 21.775 0.96407
1.969 29.218 22.005 0.80825
53.951 29.166 22.169 0.70110
1.064 28.882 22.465 0.43679
26.291 29.213 21.396 0.40348
10.456 31.252 21.866 0.73258
21.154 27.275 21.541 0.64684
7.846 29.114 21.713 0.41558
2.655 26.037 21.479 0.70735
4.229 28.237 22.109 0.74990
14.331 27.112 22.275 0.43439
7.726 26.914 21.789 0.30910
2.940 27.254 20.416 0.44705
17.273 26.903 21.087 0.96790
3.426 29.177 20.286 0.90446
3.373 26.055 20.791 0.77303
23.198 27.772 21.390 0.85540
3.658 30.249 21.645 0.49820
9.850 26.613 21.401 1.18269
33.473 25.849 20.588 1.33122
23.089 26.291 19.945 1.05028
12.452 28.440 20.316 0.54055
6.135 29.434 21.321 0.58483
2.580 26.202 18.550 1.05439
24.392 29.744 19.596 0.58529
0.867 29.057 20.526 0.39454
7.839 27.867 21.562 0.49978
8.628 26.377 19.878 0.64922
2.836 29.600 20.683 0.45695
0.551 25.709 21.090 1.06338
2.193 22.816 19.563 1.73364
17.178 29.216 20.627 0.52808
7.788 28.927 19.991 0.64148
18.496 28.553 20.766 1.23256
18.600 28.167 19.458 1.25934
30.358 26.414 17.905 0.99385
27.464 26.921 19.109 0.86259
9.975 28.218 18.768 0.67605
29.695 26.995 20.115 0.52868
10.555 27.313 20.902 0.49728
32.248 28.191 18.797 1.25598
7.156 26.581 18.789 1.18426
6.307 27.561 19.190 1.25121
8.831 22.316 19.430 1.44844
0.890 28.672 20.032 0.89347
0.491 27.509 18.295 1.45909
3.165 26.997 17.501 0.92995
22.905 27.873 19.127 0.47975
29.559 29.936 20.036 0.50279
7.629 28.105 19.962 1.03153
1.171 28.844 19.505 0.90742
21.738 29.647 20.098 0.70801
3.291 28.092 19.284 0.70221
18.539 29.068 19.255 0.73962
0.362 29.258 18.929 0.81086
0.752 28.533 19.333 1.13524
0.061 27.793 18.772 1.09689
0.021 27.715 19.207 1.39066
0.374 27.924 18.453 1.24906
34.386 26.885 19.331 1.29828
16.370 26.851 19.204 1.28407
3.753 27.411 20.418 1.61765
0.175 24.191 20.200 1.58474
0.134 24.695 20.792 1.65969
0.013 26.077 19.417 1.54851
0.476 25.913 16.870 1.82701
0.100 24.571 15.251 1.78030
0.490 24.887 15.827 1.52921
0.090 25.046 16.565 1.49328
2.863 26.000 17.185 1.41332
0.000 26.516 18.552 1.52635
1.469 26.184 16.618 1.39362
42.390 24.836 17.410 1.06457
85.459 24.958 18.308 0.88615
0.405 27.867 19.717 0.76776
0.000 27.099 19.169 0.74973
0.000 29.570 20.212 0.49678
1.652 28.758 20.438 0.95599
3.758 27.409 19.901 1.49142
0.004 27.284 19.744 1.89845
0.000 25.922 18.871 1.67383
0.000 26.367 18.397 1.81136
0.000 25.876 15.622 2.04272
4.073 22.686 14.783 2.03026
0.048 22.159 14.705 1.88647
0.000 23.595 15.381 1.37699
0.000 25.036 17.952 1.02446
0.028 28.021 19.879 1.24380
0.850 25.533 18.410 1.21798
0.178 27.665 17.873 0.93901
0.000 27.445 17.014 0.96183
34.912 26.834 16.501 0.83719
46.782 27.190 16.945 0.78281
21.132 25.702 16.888 2.07464
3.096 21.750 16.160 2.03767
0.621 27.150 22.060 0.76286
0.000 27.372 21.736 0.70051
0.000 31.110 22.240 0.41213
0.000 29.080 22.003 0.71053
0.000 30.122 22.404 0.56304
7.061 27.051 22.459 0.68772
0.152 27.613 22.441 0.53476
1.872 31.771 21.997 0.51071
0.053 32.248 21.797 0.39477
0.004 30.886 22.051 0.47078
0.000 28.519 22.250 0.66484
0.000 28.575 22.307 0.60104
0.000 30.846 22.147 0.45726
0.000 32.077 21.806 0.56468
0.015 28.995 22.167 0.73570
0.000 27.372 22.268 0.79435
0.650 25.267 21.860 1.08389
0.116 26.644 20.950 1.61038
0.216 26.221 20.436 1.08469
0.599 27.166 21.093 0.63569
0.228 32.505 22.121 0.47974
1.316 32.433 22.746 0.48522
0.000 31.315 22.177 0.61698
0.015 26.906 21.868 0.62965
0.000 27.434 21.287 0.63584
0.130 27.008 21.785 0.58142
0.000 28.410 20.988 0.60551
0.000 29.073 21.534 0.86964
0.204 26.075 21.611 0.80835
0.190 27.082 21.712 0.74162
0.000 22.152 15.568 1.95400
0.106 23.823 16.394 1.63129
0.000 26.270 17.457 1.52965
0.174 27.270 19.204 1.57372
0.359 27.414 18.919 1.43130
0.021 27.132 18.445 1.52284
0.000 26.861 17.519 1.45734
0.000 26.386 15.463 1.96973
0.000 23.763 15.815 1.94155
0.000 24.339 15.817 1.68966
0.000 24.773 13.481 2.16181
0.000 20.983 10.784 2.09217
0.000 22.809 11.768 1.16070
0.000 24.644 12.917 0.94627
0.000 24.623 13.897 0.87076
0.000 25.567 15.457 1.01128
0.000 24.163 15.107 1.79994
0.000 22.542 13.152 1.66418
0.000 23.810 14.306 1.07572
0.000 26.699 15.974 0.76985
0.000 26.114 17.130 0.85390
0.000 27.107 17.767 0.82302
0.000 26.920 16.780 0.84569
0.000 27.419 15.904 0.76952
0.002 27.468 16.621 0.87937
0.000 25.612 16.723 0.95757
0.000 28.157 16.873 1.14819
0.000 26.397 16.552 1.76617
0.017 24.746 14.964 1.75687
0.330 25.613 16.084 1.31404
0.000 27.488 17.047 1.19723
0.000 26.251 15.418 1.05880
0.000 25.888 16.002 1.24411
0.000 26.781 16.016 1.37977
0.000 26.939 16.086 1.19416
0.000 27.224 15.430 1.11405
0.000 27.422 16.980 1.20575
0.000 28.876 18.478 0.99234
0.437 27.728 18.315 1.10939
0.186 30.028 18.624 0.59942
1.528 28.977 16.639 0.79989
0.000 27.079 15.457 0.82370
0.000 27.504 14.238 0.84797
0.000 27.198 13.866 0.84591
0.000 26.747 13.735 0.82672
0.000 28.260 14.096 0.74482
0.000 27.881 14.026 0.84758
0.000 26.426 15.075 1.43498
0.000 26.555 15.703 1.71333
0.000 26.748 15.305 1.73736
0.000 26.466 14.030 1.25230
0.000 26.956 12.739 0.98760
0.000 28.782 12.310 0.77763
0.000 29.052 13.400 0.78620
0.000 29.510 15.655 0.80072
0.000 30.569 17.188 0.80902
0.000 31.373 18.002 0.74953
0.000 31.750 18.204 0.46482
0.000 31.345 19.434 0.58358
5.515 31.976 19.132 0.37880
0.000 31.923 19.315 1.12801
0.000 29.311 18.554 1.17001
0.000 31.718 17.279 0.90074
0.000 32.574 15.842 0.65295
0.000 33.690 16.063 0.68799
0.000 32.049 17.862 1.07220
0.000 31.146 17.670 1.21526
0.000 31.026 18.038 1.24898
0.000 31.473 18.449 1.20590
0.000 31.504 18.228 1.37826
0.000 31.262 17.675 1.24307
0.000 31.027 17.325 1.17368
0.000 30.738 16.655 1.11885
0.000 32.264 17.903 0.77874
0.000 30.144 16.862 0.75768
0.000 33.029 16.301 0.73799
0.000 34.063 18.850 0.75252
0.014 35.534 19.753 0.62710
0.007 33.585 20.727 0.54023
0.000 34.120 20.133 1.45738
0.000 31.665 19.596 2.15841
0.000 31.704 19.359 1.96607
0.000 32.669 19.886 1.51548
0.000 33.408 19.319 1.36817
0.000 34.324 19.155 1.23419
0.034 35.480 20.569 0.80191
0.000 35.987 19.469 0.60194
0.000 36.360 20.780 0.62630
0.000 35.249 21.403 0.76385
0.000 35.963 21.506 0.83166
0.000 35.442 21.655 0.82882
8.765 33.699 21.400 0.73683
0.000 36.414 20.903 0.59568
0.101 35.000 19.537 1.30078
0.105 33.498 20.020 1.49953
0.000 33.608 19.849 1.41353
0.000 34.651 19.199 1.06561
5.396 34.506 20.869 0.70692
0.000 34.304 20.056 1.09090
0.000 33.687 20.780 1.29650
0.000 34.192 20.670 1.19728
0.000 35.179 21.480 0.74339
2.980 35.400 21.825 0.63485
0.526 33.604 21.516 0.74659
0.001 35.578 22.740 0.64908
0.145 35.129 21.484 0.53109
0.000 35.342 21.137 0.54667
0.000 33.706 21.916 0.65396
27.953 34.108 21.908 0.82434
4.899 28.019 21.323 0.47661
45.102 31.382 22.498 0.49765
16.934 28.300 21.242 0.46836
3.115 29.048 21.150 0.94799
7.516 32.340 21.073 0.75654
0.451 30.967 22.371 0.77706
0.892 30.403 22.386 0.59220
16.603 31.925 19.599 0.50130
0.096 31.194 19.885 0.63863
0.000 32.146 20.044 0.74783
0.400 32.666 22.083 0.44852
10.701 30.887 21.082 0.52111
0.000 33.431 20.908 0.46110
0.000 33.486 20.559 0.54201
0.000 33.974 19.815 0.72484
6.529 31.200 22.184 0.92164
0.579 29.615 20.096 1.00357
0.024 33.127 21.314 0.76641
1.159 31.832 21.519 0.53017
0.081 33.507 23.072 0.51468
0.000 32.294 22.581 0.50154
14.611 33.119 23.405 0.42904
0.630 31.353 23.208 0.46539
2.054 32.772 23.426 0.54679
36.928 31.053 22.447 0.36884
0.476 33.990 22.872 0.67749
5.466 34.124 23.647 0.39734
8.921 31.700 23.819 0.43888
14.055 33.532 23.231 0.49590
16.184 30.475 22.309 0.68619
12.894 30.874 22.569 0.78545
8.652 29.679 22.325 0.88426
1.038 28.604 22.334 1.05714
16.595 29.249 22.848 0.79949
17.439 26.986 22.154 0.64894
10.762 29.703 21.197 0.56990
9.409 27.716 21.510 0.77828
4.754 29.594 21.426 0.80594
0.000 30.878 22.143 0.78884
1.642 31.265 22.496 0.82710
0.102 30.957 22.455 0.68141
0.439 31.266 22.843 0.67318
0.957 29.815 22.103 0.75462
10.331 28.056 21.804 0.77419
7.845 28.807 20.943 0.50212
6.594 29.305 21.358 0.79538
8.764 27.569 20.352 0.81386
1.879 26.806 20.751 0.60283
21.566 25.376 21.597 1.32026
11.299 27.215 22.054 1.18350
19.152 27.467 22.050 1.31859
15.154 27.449 22.072 0.90035
12.497 27.429 22.270 1.04766
1.746 26.370 21.388 1.29974
0.020 26.422 19.846 1.05590
0.167 27.089 21.172 1.15220
2.169 27.523 22.026 0.77432
19.155 24.677 20.929 1.38947
22.892 26.836 21.024 0.81796
0.145 28.416 20.700 0.47958
10.511 28.280 20.948 0.55398
3.849 28.105 20.895 0.53500
0.000 28.887 20.889 0.53053
9.218 28.486 21.485 0.64592
5.109 25.554 18.494 1.08169
1.588 27.834 19.544 1.02813
1.409 27.339 19.505 0.97417
0.241 27.324 20.799 0.82316
1.425 25.238 20.640 0.69398
0.000 28.900 20.453 0.52511
0.561 28.009 20.692 0.90415
1.169 27.913 20.694 0.80267
0.198 27.330 20.194 0.77689
2.940 28.658 20.231 1.12282
0.329 28.529 20.321 1.01612
29.494 28.694 20.601 1.03315
18.354 28.530 21.184 0.75160
8.195 27.088 20.234 0.65626
28.884 30.098 20.859 0.54814
29.070 29.255 21.460 0.93715
10.754 27.652 21.796 1.19681
8.416 25.817 20.461 1.42499
1.022 26.006 20.496 1.40890
23.949 25.446 20.711 1.46733
23.200 26.170 20.611 1.25495
23.529 27.404 21.146 1.04767
14.559 27.115 20.614 0.99630
0.351 27.951 21.346 1.14074
4.323 25.709 20.289 0.95886
8.544 28.028 20.983 0.98054
8.139 26.559 20.445 0.81453
0.000 28.158 18.987 0.91340
2.509 27.796 19.906 0.91901
2.119 29.306 20.881 0.98373
13.351 27.568 20.493 1.47917
0.806 27.397 20.950 1.80580
0.014 26.553 20.040 1.50459
0.000 26.310 19.063 1.48557
0.616 26.744 18.507 1.50881
0.012 25.236 19.280 1.76706
4.775 26.079 20.596 1.22040
12.215 25.341 21.458 1.13177
11.804 23.997 18.566 1.88034
0.000 23.141 17.531 1.86281
3.674 25.706 15.875 1.74339
4.309 23.947 13.004 1.38651
0.078 22.499 14.593 1.25939
9.156 26.211 16.508 1.29359
0.430 25.808 16.414 1.58435
0.000 24.669 15.175 1.14337
0.000 26.740 17.336 1.21432
0.920 25.173 16.722 1.68210
3.180 25.090 16.272 1.32535
2.245 26.096 17.954 1.33492
4.836 26.870 18.170 1.60738
27.455 25.688 18.756 1.77952
10.061 26.877 18.714 1.32907
23.466 27.800 18.839 0.94688
11.751 28.313 18.526 0.95038
10.387 27.399 19.083 1.62620
15.437 24.819 17.593 1.74432
7.277 21.379 17.085 0.84394
9.029 28.782 17.855 0.45372
1.340 28.563 19.037 0.47095
5.086 25.596 18.600 1.14496
2.899 26.880 18.748 0.68693
19.183 26.707 18.422 0.91845
9.970 26.416 18.556 0.97427
18.295 27.229 17.778 1.02673
14.174 26.596 18.944 1.40500
16.209 26.224 19.355 1.44041
13.446 26.800 19.100 1.71146
31.702 26.316 18.048 1.98630
40.817 25.031 17.862 1.90904
22.650 30.734 23.298 0.66112
86.375 30.224 22.567 0.70437
22.756 30.582 22.395 0.87348
7.051 30.434 23.392 0.69706
2.645 27.273 22.109 0.89729
9.390 28.955 21.149 1.11242
29.480 26.942 20.538 1.45399
8.540 26.487 21.088 1.19090
20.907 27.580 21.288 1.20369
7.760 27.155 21.275 1.31721
5.891 26.035 20.506 1.46728
2.060 24.639 20.162 1.38141
0.109 27.308 21.093 1.33210
11.048 28.867 21.730 1.06795
12.828 27.984 21.922 1.03853
7.614 26.061 20.253 0.76261
1.790 28.528 21.776 0.59494
10.889 28.520 22.268 0.74222
11.242 27.933 22.246 0.85987
23.461 28.955 22.490 1.15252
11.260 28.495 21.769 1.39654
4.724 28.659 21.847 1.32597
28.638 28.427 22.206 0.99811
25.460 27.338 22.265 0.77917
48.572 27.663 22.093 0.84421
15.910 28.391 21.486 0.84861
0.000 29.922 21.637 0.81163
1.845 29.801 21.801 0.80251
0.005 28.572 22.097 0.99750
8.769 28.244 20.128 0.88332
18.656 29.873 21.548 0.84268
28.023 30.170 21.311 0.82122
2.095 30.532 22.355 0.61076
2.260 28.784 21.941 0.73318
11.088 33.572 21.187 0.69998
17.096 27.545 20.454 1.16915
3.821 27.751 21.135 1.03644
3.055 27.644 20.865 0.97129
0.199 29.631 21.047 0.70311
12.663 30.508 22.188 0.47399
11.794 30.013 21.001 0.49628
8.074 30.701 21.962 0.37737
10.769 28.776 21.569 0.67695
20.394 31.670 21.723 0.72587
30.473 28.326 21.453 0.67353
65.441 27.833 21.614 0.86075
19.754 28.828 21.941 0.93932
2.101 27.035 21.294 1.21506
6.082 25.539 21.036 1.62867
1.056 27.173 21.622 1.54882
8.301 26.907 21.482 1.66256
15.233 26.213 22.052 1.40774
2.821 25.409 21.729 1.67329
2.840 26.742 21.234 1.97915
4.014 26.775 21.754 1.88549
33.748 27.880 22.035 1.70924
45.176 28.120 21.909 1.72389
4.746 27.055 22.451 1.58875
1.360 28.389 22.507 1.55606
0.000 27.507 21.791 1.58556
5.095 27.952 21.797 1.56489
0.000 28.074 22.168 1.49797
0.000 28.014 22.198 1.69527
0.695 27.375 22.058 1.51635
1.415 27.321 22.790 1.50076
0.025 26.671 21.044 1.58016
0.000 27.727 21.070 1.48990
0.099 28.882 22.153 1.07145
0.033 28.388 23.240 0.84332
1.618 28.549 23.107 0.80876
5.053 28.295 22.300 1.29214
25.247 28.952 21.973 1.12111
2.600 28.750 21.782 0.89782
6.835 27.877 21.875 0.97055
0.403 27.238 21.254 0.82685
2.598 27.699 21.068 0.63767
9.554 31.429 21.196 0.49834
3.650 31.567 20.965 0.58354
6.179 31.383 22.427 0.47111
0.884 29.133 21.437 0.70501
0.009 31.349 21.477 0.40166
0.121 29.718 22.112 0.64043
3.845 26.160 21.711 0.88502
0.328 27.614 21.647 0.97665
1.407 28.250 21.161 0.81735
0.631 27.004 20.976 0.80606
1.283 28.102 21.262 0.71630
10.806 27.448 20.286 0.53972
17.563 28.144 21.114 0.59682
24.374 29.120 21.694 0.59793
56.378 30.634 21.785 0.43917
0.008 30.034 20.752 0.43711
0.029 31.542 22.268 0.50732
0.000 28.116 21.647 0.64480
0.446 28.088 21.425 0.71210
0.079 27.048 21.397 0.61723
0.000 25.784 20.694 0.73657
0.004 25.881 21.480 0.49530
0.000 27.646 21.369 0.67453
0.000 27.143 21.824 0.77688
0.000 26.135 20.872 1.12914
0.029 27.217 21.708 1.42298
0.000 25.317 22.010 1.74975
0.376 25.304 21.377 1.58477
0.000 28.656 20.848 1.10333
0.000 27.013 21.038 0.59749
0.000 29.064 20.635 0.73221
1.564 32.307 21.534 0.46336
0.859 30.612 21.173 0.48195
4.403 29.539 20.557 0.60817
0.000 28.641 20.781 0.99837
0.407 27.011 20.732 0.81953
5.914 30.127 21.020 0.79581
0.555 29.149 21.611 0.89947
0.994 24.534 21.384 0.96786
0.000 27.925 21.227 0.85016
0.074 30.298 21.078 0.40573
0.241 29.356 20.429 0.37875
0.000 31.486 20.107 0.50312
0.000 31.671 21.721 0.40594
0.496 30.445 21.355 0.45372
0.000 33.204 21.923 0.50138
0.000 26.630 18.162 1.66196
0.000 26.300 18.589 1.70296
0.307 26.047 18.009 1.50698
0.000 27.112 18.387 1.03614
3.756 27.055 18.705 0.94065
0.109 27.089 17.922 1.06816
0.000 26.911 16.840 1.14037
0.000 27.080 17.048 0.91487
0.000 27.131 17.380 0.86949
0.000 27.410 16.596 0.77756
0.000 25.706 15.748 1.11179
0.000 26.215 16.015 0.99627
0.000 25.077 15.310 1.23081
0.000 25.417 14.615 1.05339
0.000 25.721 13.948 0.92508
0.000 26.574 16.541 0.82358
0.000 26.987 16.680 1.13667
0.000 26.213 16.286 1.40411
0.000 25.896 15.658 1.13496
0.000 26.194 15.758 0.97019
0.000 26.841 15.484 0.76909
0.000 29.762 16.675 0.55337
0.000 28.428 18.070 0.53301
0.000 29.237 18.182 0.49602
0.000 28.297 17.196 0.75575
0.000 28.044 17.235 0.87708
0.000 27.241 16.464 0.89365
0.000 29.381 17.419 0.72472
0.000 29.642 17.608 0.64040
9.036 30.972 19.239 0.35645
0.000 28.199 17.889 0.60045
0.000 28.664 17.633 0.87962
0.229 29.324 18.564 0.78599
0.000 29.193 18.846 1.13460
0.000 28.201 18.337 1.74833
0.000 27.464 17.861 1.86912
0.000 28.089 18.889 1.20025
0.335 29.430 18.845 0.74267
0.000 29.810 18.903 0.86767
0.000 29.889 19.178 0.99204
0.000 28.615 19.117 1.00918
0.054 29.391 18.748 1.04827
2.826 29.566 19.265 1.03572
5.884 29.992 20.378 0.80271
0.165 30.090 19.434 1.42442
0.021 30.006 19.299 1.17117
5.654 29.848 20.299 0.55840
7.359 30.237 20.146 0.46253
0.000 30.625 19.346 0.62947
2.884 32.387 20.861 0.39777
3.051 31.502 16.719 0.99402
0.011 28.428 15.583 1.28921
0.000 28.247 15.638 1.58178
0.000 26.859 15.459 1.93428
0.052 26.800 17.092 1.98215
1.344 28.244 18.387 1.85536
0.000 28.566 18.304 1.52518
0.000 29.577 17.525 1.49119
0.000 30.620 17.834 1.13634
0.000 31.443 18.861 0.90645
0.354 30.204 19.149 1.18080
0.000 31.659 18.110 1.18673
0.000 32.995 18.106 0.87508
0.017 32.799 20.196 0.67605
0.000 32.686 19.524 0.79402
0.019 32.779 18.656 1.55569
0.000 31.481 16.322 1.61731
0.000 31.087 15.624 1.06604
0.000 30.715 16.532 1.10087
0.016 31.656 17.047 1.11115
1.763 31.434 18.571 1.18550
0.002 33.546 20.032 0.87003
0.000 34.795 19.894 0.62467
0.000 33.170 19.823 0.68375
0.209 34.634 20.156 0.59153
0.000 33.466 20.323 0.55535
10.421 33.885 21.134 0.62731
9.875 34.369 20.624 0.54250
4.390 33.031 21.271 0.45279
3.740 31.796 21.500 0.43013
3.310 32.744 21.170 0.37326
18.144 33.245 21.771 0.38265
12.344 32.950 22.145 0.37020
14.948 39.805 21.733 0.58720
0.000 31.236 22.173 0.56438
13.317 31.714 22.562 0.46685
0.048 33.377 20.388 0.68990
0.000 32.696 19.835 1.05892
1.670 30.634 20.177 1.32025
12.066 25.965 21.109 1.01616
21.547 29.671 20.542 0.65908
2.936 29.019 18.068 1.57008
0.000 28.419 18.326 1.77308
0.030 27.693 19.693 1.70407
0.029 29.860 19.909 1.46683
0.000 30.911 19.203 1.59421
0.110 30.063 16.575 1.54388
0.023 30.646 17.367 1.19099
0.030 31.407 17.463 0.78920
0.000 32.387 19.088 0.66665
0.000 33.262 20.961 0.57141
0.003 33.829 21.848 0.73368
3.698 33.727 22.072 0.72154
1.460 34.413 23.248 0.47755
0.686 31.660 21.073 0.73036
2.929 33.366 21.029 0.33856
0.006 34.107 19.733 0.92446
0.000 33.317 18.991 1.63307
0.000 33.455 19.309 1.47970
0.096 33.704 20.805 0.84603
10.707 34.915 20.503 0.60807
3.186 35.871 21.615 0.52240
16.403 36.253 22.117 0.51262
2.709 31.727 22.840 0.58538
12.354 33.907 22.768 0.54089
0.000 34.429 23.140 0.71230
0.001 36.243 22.638 0.52105
0.000 34.194 22.502 0.52109
16.616 30.024 21.790 0.74253
17.535 29.602 21.354 0.81624
3.685 30.665 21.984 0.91986
29.877 31.727 20.983 0.52342
0.218 25.026 21.280 0.46903
0.992 27.232 21.438 0.81355
2.255 31.626 21.173 0.64496
0.274 31.008 20.582 0.60089
0.095 32.073 21.077 0.82719
6.115 31.828 21.378 0.68201
14.614 34.140 21.722 0.39090
0.036 34.212 22.891 0.39335
18.921 30.126 22.529 0.64929
4.846 29.541 22.364 0.73037
0.343 31.230 23.331 0.79106
0.788 31.806 22.724 0.71950
40.870 30.922 23.261 0.69316
20.074 31.618 22.348 0.50332
3.148 31.546 21.495 0.42128
25.930 28.116 21.444 0.46201
30.884 30.178 21.675 0.62073
27.941 27.160 21.805 0.72209
11.565 29.141 21.259 1.12910
4.409 27.171 20.833 1.38086
1.691 27.381 20.541 1.23540
0.639 29.386 20.927 1.00504
11.716 30.239 21.670 0.73633
21.715 25.827 21.327 0.94184
10.971 25.748 21.122 1.24411
6.836 25.797 20.981 1.27676
4.719 28.633 21.692 0.92501
1.019 28.140 21.471 0.73205
5.642 30.604 22.597 0.66395
12.896 29.312 22.199 0.64950
22.742 27.487 21.563 0.76068
7.056 29.338 21.109 0.91968
14.090 29.309 20.380 0.89138
0.000 29.119 21.496 0.81240
1.571 29.789 22.021 0.77828
0.055 27.531 21.437 0.65404
0.000 27.830 21.451 0.58975
0.026 30.601 22.257 0.46327
2.286 30.110 22.199 0.57770
7.349 30.386 21.972 0.48240
25.772 31.167 21.250 0.57241
0.556 29.474 21.725 0.61654
10.978 29.728 22.866 0.66312
13.630 28.707 22.264 0.57821
17.156 31.370 22.310 0.35303
0.834 28.998 22.065 0.61146
5.337 28.503 22.013 0.67357
28.755 28.609 21.540 0.70727
3.776 29.762 22.267 0.73122
16.515 27.424 21.017 0.69176
9.740 30.076 21.917 0.56689
2.320 31.308 21.547 0.46893
43.533 28.978 21.949 0.73967
13.184 31.915 21.335 0.73715
7.259 31.900 22.384 0.64420
2.768 29.128 22.286 0.59998
6.487 28.351 22.334 0.63044
0.008 27.517 22.804 0.94777
5.120 26.461 20.909 1.49512
6.095 26.793 21.599 1.43393
6.771 26.459 21.973 1.45657
0.038 28.481 22.399 1.08729
5.492 28.308 21.942 1.31332
0.232 26.794 22.597 0.96392
6.615 27.164 22.569 1.05169
9.998 27.729 22.139 0.69723
22.047 27.483 21.457 0.92011
1.012 25.779 21.407 1.03393
1.825 26.262 21.827 1.11964
6.745 26.045 21.281 1.17331
35.153 26.650 21.574 1.20221
4.111 25.698 21.537 0.78788
4.496 28.351 21.532 0.85985
13.199 29.268 22.462 0.79917
1.616 27.899 22.470 0.86083
0.000 28.020 22.030 0.99980
0.349 27.790 22.325 0.76845
23.797 27.242 21.817 0.92474
20.014 25.541 20.751 0.92695
2.076 26.346 19.670 0.76110
0.346 31.113 21.561 0.40991
1.224 30.531 20.746 0.51271
1.111 31.844 21.769 0.39223
0.000 30.628 22.307 0.45215
11.470 29.135 21.934 0.42620
30.416 32.281 21.885 0.40966
6.660 30.675 22.130 0.54185
2.372 29.185 22.464 0.78037
21.488 27.376 22.239 0.79884
21.554 28.528 21.632 0.91939
10.106 27.449 20.677 0.84037
10.211 29.377 21.819 0.68605
22.326 26.571 21.899 0.72107
11.611 28.641 21.800 0.61180
0.009 25.684 21.416 0.88889
1.851 26.227 21.354 1.03866
36.036 25.720 21.441 0.99006
24.733 25.133 20.126 1.81534
4.920 24.178 20.759 1.45160
37.910 27.432 20.882 1.43537
1.185 26.550 20.763 1.34684
0.124 28.671 21.324 0.85291
20.466 27.827 21.009 0.63901
14.982 28.097 21.394 0.58779
27.274 27.382 21.562 0.69359
2.104 27.943 21.504 1.02930
3.024 27.589 21.090 1.13001
3.710 27.680 21.662 0.96223
40.390 25.596 21.441 0.89572
32.888 26.471 21.517 1.06827
3.202 28.493 21.503 1.09053
0.175 27.976 22.129 0.81353
61.005 26.861 21.798 0.65305
3.766 29.242 21.690 0.79015
6.365 27.608 21.241 1.43908
7.603 27.519 21.322 0.84393
0.000 31.694 22.005 0.52761
3.138 30.133 20.729 0.77771
2.646 28.315 21.648 0.49706
15.060 31.602 22.044 0.41762
0.921 30.686 22.258 0.60039
1.687 30.863 22.992 0.47724
42.525 29.942 22.711 0.54587
5.444 28.582 22.591 0.79414
1.386 27.955 22.278 1.04009
17.404 26.445 21.340 0.81336
35.150 25.291 20.926 0.77386
26.271 26.795 20.453 0.74011
6.225 27.599 21.002 0.82663
0.157 30.289 21.633 0.36482
3.239 30.559 20.305 0.50376
11.712 30.849 21.432 0.38603
29.318 30.855 21.991 0.38215
0.925 31.337 21.702 0.51676
18.361 27.852 20.932 1.13992
25.846 26.934 21.028 1.00657
29.015 27.346 21.910 1.01612
6.946 27.273 20.901 0.91512
15.066 27.389 21.457 0.86361
8.787 27.686 20.684 0.91066
5.476 26.397 21.022 0.61314
15.916 29.168 21.592 0.64535
11.276 27.801 21.166 0.85534
5.333 28.164 21.182 0.65284
15.369 27.519 21.746 0.57458
16.927 26.880 20.752 0.62755
9.561 27.187 20.112 0.82915
14.579 25.512 21.016 1.30939
6.177 25.215 20.884 1.73336
1.211 26.969 21.056 1.17042
17.443 27.096 21.427 0.82107
15.925 28.021 21.707 0.45794
21.062 28.023 21.010 0.57538
1.209 28.233 21.293 0.74332
1.799 27.337 20.111 0.86586
1.315 28.433 20.241 0.88118
4.152 27.946 19.270 0.58373
2.189 28.975 20.808 0.82692
5.793 28.291 19.321 0.78583
1.095 27.809 19.490 0.70952
6.539 26.914 20.345 0.84198
14.779 25.494 20.660 1.00498
0.000 28.688 19.223 1.17478
39.524 27.077 19.729 0.80435
16.041 22.731 18.760 0.85001
0.009 31.431 19.929 0.59928
1.366 29.972 19.972 0.45528
0.090 26.965 18.341 0.67183
0.000 29.496 19.936 0.52907
0.000 29.751 20.802 0.49851
3.311 29.348 20.207 0.55063
0.013 28.520 20.014 0.60196
0.011 29.082 20.588 0.52154
0.870 27.378 19.592 0.77205
0.000 28.442 20.384 0.66303
1.651 26.279 19.788 0.88179
5.188 27.050 20.961 0.85571
18.494 25.011 20.110 1.13230
1.525 28.123 19.027 1.31693
1.424 28.322 19.064 1.35436
0.000 27.614 17.806 0.89364
0.398 28.085 18.084 0.74343
0.075 27.840 17.344 0.56202
0.000 27.261 18.729 0.47956
0.074 27.358 19.167 0.47549
0.142 27.881 18.968 0.96419
0.000 24.654 18.232 0.80874
0.034 27.697 18.283 0.93167
0.000 28.194 18.035 0.83666
0.008 28.489 19.517 0.94459
0.016 26.272 19.900 0.82565
0.000 28.855 20.160 0.91142
0.504 27.210 20.705 1.11899
5.108 27.423 21.298 0.95802
0.522 26.004 20.883 0.82402
0.000 27.219 20.785 0.97355
0.261 28.322 19.283 0.88001
0.036 29.325 20.364 0.69413
0.108 28.997 20.433 0.81848
0.278 28.158 20.899 1.12375
20.603 25.936 20.342 1.53154
6.140 24.532 20.728 1.02242
5.566 26.368 20.829 0.67582
2.325 26.381 20.098 0.69227
6.686 30.569 20.624 0.48994
13.083 29.356 19.757 0.53454
1.696 28.880 19.805 0.56389
0.099 27.846 20.551 0.51416
12.614 30.126 20.583 0.36674
0.153 29.155 19.634 0.52599
0.000 30.092 19.052 0.56010
0.105 28.342 20.737 0.83743
1.573 27.226 20.510 1.13759
10.738 24.976 19.484 1.37306
17.149 24.965 18.968 0.96131
3.850 25.229 19.525 0.95940
1.919 26.065 19.781 1.19445
1.820 27.039 20.116 1.58203
3.491 25.800 20.340 1.18933
1.418 28.349 19.841 1.43482
0.121 27.113 18.317 1.25459
0.085 25.127 17.956 1.23009
0.000 26.109 17.037 1.13262
0.000 24.759 14.807 1.33175
0.000 23.787 13.915 1.19290
0.000 24.584 14.809 1.27863
0.048 25.454 16.336 1.03219
3.038 27.670 17.963 1.00858
4.758 27.074 16.318 2.17181
0.000 21.889 15.338 2.24808
0.000 23.974 16.004 1.61752
0.000 26.721 17.643 1.28683
0.001 26.869 17.229 1.34676
0.174 25.055 14.421 1.21011
0.000 23.636 14.106 1.28990
0.000 23.241 13.125 1.48742
0.000 22.949 14.262 1.26426
0.004 24.277 14.571 1.16341
0.000 24.130 14.614 1.05564
0.000 25.199 15.878 0.91765
0.000 25.726 17.336 1.32349
0.033 25.203 16.306 1.70822
0.093 23.454 16.257 1.61061
