0.000 0.698 -17.359 2.86265
0.000 0.442 -17.666 2.50098
0.264 2.263 -16.322 3.05162
0.001 -3.046 -17.051 2.52187
0.000 -2.059 -17.326 2.83786
0.004 -2.366 -15.972 2.73958
0.000 -2.743 -16.064 2.18077
0.000 -0.832 -16.313 2.03509
0.000 -0.220 -15.856 2.41683
0.000 3.950 -14.780 2.18008
0.000 4.137 -14.358 2.36783
0.012 3.790 -14.625 2.59310
0.000 4.018 -13.372 2.61759
0.000 2.976 -13.139 3.13377
0.077 1.746 -13.235 3.97581
0.548 1.145 -12.054 6.13616
0.249 -6.045 -17.631 4.05728
0.000 0.049 -17.967 3.74832
0.001 -0.514 -16.620 3.23435
0.000 1.382 -16.840 2.70834
0.000 2.824 -16.061 2.84891
0.000 -0.929 -14.942 2.14705
0.000 3.627 -15.110 2.26056
0.000 -1.272 -14.732 2.21604
0.000 3.625 -14.505 2.37996
0.000 3.116 -9.604 2.46905
0.000 5.556 -10.994 2.28917
0.000 6.041 -11.078 2.67257
0.039 6.998 -11.552 3.45142
0.219 1.565 -12.029 5.70654
0.161 -2.749 -14.487 4.35272
0.061 -0.889 -15.474 3.35592
0.371 -2.930 -15.425 2.72415
0.281 -1.756 -12.795 1.41467
0.009 -3.005 -15.342 2.02987
0.157 0.190 -15.005 2.40833
0.016 0.896 -12.086 2.40998
0.000 -0.032 -14.340 2.22413
0.000 2.582 -14.523 2.79224
0.221 2.240 -14.185 4.75176
0.059 -2.351 -17.068 2.80508
0.016 -1.584 -17.163 3.18562
0.004 -3.486 -16.565 4.43604
0.021 -6.037 -16.147 2.12298
0.001 -0.561 -17.067 2.36281
0.000 -1.113 -17.133 2.53020
0.000 -2.168 -16.705 1.87313
0.000 -0.088 -16.762 2.82224
0.030 2.899 -16.268 3.05933
0.000 0.469 -14.276 2.72905
0.000 5.260 -13.082 2.90316
0.000 6.887 -13.166 3.31529
0.433 3.628 -13.083 7.24733
0.231 -2.028 -13.748 3.33313
0.000 0.944 -13.672 3.04587
0.007 -2.765 -12.895 1.64308
0.000 -0.267 -13.128 2.04577
0.022 0.922 -14.088 2.95897
0.213 1.378 -14.072 4.01413
0.291 -0.943 -16.434 3.81355
0.036 -2.208 -16.196 2.58762
0.000 0.221 -15.070 2.32331
0.000 4.046 -13.679 2.26826
0.000 4.601 -11.356 2.74015
0.003 4.833 -10.275 2.96331
0.027 5.875 -9.913 4.00455
0.723 3.479 -10.012 5.61601
0.004 1.353 -12.623 2.56634
0.013 4.030 -12.358 3.60080
0.037 2.783 -12.987 2.98754
0.005 4.324 -12.300 4.29612
0.531 0.818 -13.261 3.15594
0.001 5.328 -12.574 3.40659
0.567 4.776 -8.526 3.57579
0.022 4.973 -7.411 2.29419
1.558 0.800 -8.386 1.24394
0.045 4.932 -7.609 2.73946
0.078 7.319 -6.978 2.90162
1.446 6.757 -5.400 2.71096
2.621 2.599 -6.029 2.02129
0.960 -0.549 -6.452 1.75468
0.403 0.485 -7.819 2.80350
0.142 2.654 -7.688 2.78827
1.037 5.023 -7.231 2.68151
0.367 4.467 -6.393 3.81380
2.291 1.264 -6.563 2.38984
1.409 0.155 -8.437 1.31289
0.035 3.154 -7.452 2.96624
0.000 3.855 -7.707 2.34389
0.209 6.446 -6.100 2.48375
0.507 2.036 -5.007 1.60356
2.481 3.210 -7.547 1.94612
1.704 4.157 -6.206 2.27335
0.019 5.699 -7.142 2.27040
0.000 10.900 -5.228 2.05125
0.000 11.704 -4.452 1.70374
0.000 13.630 -4.523 2.01418
0.000 15.171 -4.905 2.61329
0.105 13.105 -4.926 3.15235
0.965 10.572 -5.772 4.40648
1.526 8.490 -7.077 4.17557
0.464 7.961 -6.988 4.82393
0.247 6.786 -6.670 3.88343
0.000 8.534 -5.753 2.76162
0.113 11.759 -5.461 2.58821
0.307 10.387 -4.693 2.89320
0.740 8.905 -6.015 4.66161
0.368 5.476 -6.720 4.50647
0.070 7.413 -6.267 2.58056
0.741 7.695 -5.166 2.00135
0.144 7.991 -5.311 1.90423
0.349 6.851 -4.547 2.41888
0.075 5.355 -5.180 2.76461
0.430 8.746 -6.837 3.10776
1.653 8.025 -5.563 3.32450
1.230 5.262 -4.652 1.61271
1.130 5.800 -4.319 1.51594
0.235 6.072 -4.430 1.25053
0.003 9.789 -4.485 1.23492
0.115 13.317 -5.144 1.85388
0.021 13.509 -3.591 2.42738
0.000 15.130 -3.711 1.80000
0.000 17.520 -0.751 1.90838
0.000 18.278 -2.385 2.04748
0.410 17.934 -2.020 3.02478
12.722 13.288 -2.536 3.20637
2.324 6.619 -3.035 1.08453
1.104 6.850 -5.276 1.89450
0.302 13.443 -2.804 1.64497
0.005 15.883 -3.467 2.62505
0.004 14.800 -4.100 3.50100
0.081 16.339 -2.632 2.24843
0.000 15.356 -2.081 1.63115
0.004 16.650 -4.435 3.53321
0.182 14.865 -5.200 2.48792
1.449 13.484 -4.120 2.55768
0.446 13.673 -4.251 2.48063
1.200 12.169 -3.783 2.27282
0.016 14.350 -3.798 1.83146
0.230 15.549 -2.849 2.13380
0.343 15.336 -2.410 1.76090
0.054 14.630 0.092 2.05726
0.271 15.576 -0.525 1.26096
0.175 16.582 -0.122 1.94453
1.181 17.238 0.345 2.25554
4.455 16.386 0.975 1.98990
4.254 16.166 0.995 1.81665
1.372 14.016 0.539 1.27684
3.293 15.117 0.777 1.95281
0.715 12.202 -0.116 1.29550
3.502 10.234 -1.991 2.12068
5.193 15.548 -1.112 2.06360
5.281 16.801 -1.500 2.44871
5.679 15.922 -0.396 1.66825
0.479 16.154 0.797 2.30348
0.023 18.502 -0.149 2.51408
0.546 18.570 1.091 2.72129
2.211 14.308 -0.476 1.64268
0.216 15.789 0.863 1.30631
0.009 18.779 0.747 1.22620
0.934 19.762 2.074 2.48006
0.152 17.821 2.743 1.69645
1.691 20.257 3.481 2.10196
0.216 20.267 4.538 1.53854
0.655 20.614 3.230 1.74587
7.046 18.773 4.662 1.20860
0.747 20.012 3.623 1.23565
0.196 21.876 5.393 1.75780
2.939 18.182 4.380 2.63297
7.869 16.523 1.569 2.03657
2.077 14.091 1.351 1.17953
1.202 14.353 0.785 1.32134
0.040 19.020 2.352 1.23661
4.266 16.454 0.951 2.79024
2.370 14.100 -0.252 1.95183
0.004 16.965 -0.267 1.46814
0.003 19.884 2.790 1.86648
0.061 19.563 2.744 2.64389
0.379 14.716 0.936 2.39128
3.318 18.445 2.410 2.53801
1.941 17.029 1.524 1.20195
6.545 18.175 0.741 1.82643
0.049 15.708 -0.755 1.64751
0.006 19.036 0.359 1.74542
0.033 20.412 3.442 0.93780
3.634 14.850 1.018 1.66326
0.573 18.975 1.618 1.69600
0.254 17.934 3.194 1.33717
0.024 20.772 4.389 1.37186
3.171 17.348 1.907 1.26143
1.028 18.172 1.250 1.76253
0.020 17.560 1.390 1.62027
0.000 19.474 1.883 1.61836
0.033 21.124 3.297 1.28192
1.404 21.829 4.368 1.35460
1.001 19.544 4.641 1.29712
0.335 20.863 5.425 1.39826
0.408 20.637 4.461 1.38520
0.982 20.848 4.435 1.54734
0.256 20.592 2.434 1.49177
0.001 21.290 3.084 1.35375
0.002 22.681 3.586 1.62187
2.909 23.182 5.746 0.98983
1.129 20.646 5.451 1.34911
0.586 20.360 4.614 1.59984
0.078 22.081 4.650 1.70008
9.391 22.188 5.669 1.57691
5.847 19.865 4.884 1.04072
4.835 14.774 2.498 1.99185
1.868 15.708 2.986 1.80686
0.418 17.221 2.402 1.65531
2.070 16.030 1.822 1.30720
3.147 16.252 2.554 1.32288
2.935 19.241 3.763 0.87592
0.598 18.302 3.238 1.08099
0.379 21.047 3.523 1.49257
0.103 21.834 3.812 1.39861
2.727 20.617 3.444 1.39311
2.420 19.660 5.121 0.84421
0.002 20.556 2.907 1.44511
0.000 20.708 3.222 1.74153
0.027 22.375 3.733 1.51704
0.033 22.413 3.292 1.80102
7.660 21.362 5.150 0.80971
1.495 18.702 4.320 0.89767
0.731 16.662 3.974 0.89876
0.071 17.352 2.544 1.64296
0.000 20.066 3.404 1.79305
0.012 19.984 2.862 1.36700
0.837 20.952 3.174 1.35751
5.971 20.773 4.387 1.03486
1.476 18.435 2.079 1.00599
4.552 13.321 1.857 0.97247
1.611 17.558 2.557 1.21513
3.456 17.056 3.049 1.31445
2.182 16.748 2.383 1.02160
1.124 14.830 0.369 1.13231
3.424 17.695 2.386 1.33107
2.386 12.243 1.467 0.97836
0.002 18.238 1.995 1.37488
0.078 19.323 2.989 1.65515
0.137 19.210 2.801 1.46483
0.335 18.099 2.646 1.39272
1.445 18.862 2.956 1.08560
1.672 18.476 3.253 0.96626
4.461 18.143 0.949 1.52761
0.377 18.014 2.664 1.57975
0.223 17.849 0.967 1.48852
0.047 20.046 2.315 1.45281
0.040 21.665 2.943 1.38872
1.530 20.111 2.324 1.24973
4.429 18.954 1.718 1.48534
2.412 18.799 1.305 1.47198
1.108 18.463 2.285 0.96973
1.410 18.702 1.646 1.78602
0.039 19.426 0.791 2.09324
0.034 20.493 1.003 2.04140
1.094 19.876 -0.062 1.77712
2.744 18.682 1.426 1.40489
1.637 17.961 0.600 1.97923
0.097 17.849 1.633 1.67051
0.181 18.386 0.801 2.06326
0.534 18.153 0.145 1.92729
1.300 18.146 0.808 2.11903
0.111 18.402 -0.790 1.99080
0.381 18.945 -0.589 1.64828
0.064 19.267 0.675 1.25480
0.115 18.299 1.674 1.53906
0.039 17.838 -1.770 1.74600
0.421 18.531 -2.540 2.07849
0.024 16.922 -1.944 1.27450
0.082 17.740 -2.448 1.96312
1.027 17.290 -2.498 2.08659
0.927 14.972 -2.574 1.86713
0.199 15.095 -2.455 1.38011
11.284 11.603 -1.671 2.09373
5.992 6.323 -2.675 1.24900
0.538 5.357 -5.053 0.83661
0.065 9.439 -5.045 1.76019
0.735 11.711 -5.008 2.20474
0.663 11.898 -4.926 1.87963
3.248 12.158 -4.296 1.99892
4.943 6.615 -3.856 0.79796
0.046 13.679 -4.616 1.87242
0.037 14.824 -4.556 2.50452
0.100 15.838 -4.439 2.02554
0.000 16.687 -4.528 2.42844
0.225 14.698 -5.239 3.38348
0.244 11.741 -7.036 2.61593
0.001 10.969 -6.708 2.72714
0.000 9.565 -5.845 1.91905
0.000 8.839 -5.240 1.34505
0.002 8.761 -5.449 1.92638
0.329 9.337 -5.220 1.50451
0.862 4.077 -5.141 1.09473
1.571 5.282 -5.650 1.21174
0.000 6.505 -5.648 1.10310
0.115 8.452 -6.029 1.54500
0.000 8.857 -6.031 1.41082
0.031 8.733 -5.766 1.87430
0.000 10.458 -5.827 2.09500
0.000 9.066 -6.005 2.05135
0.000 8.897 -6.148 1.86595
0.000 9.776 -6.111 1.78496
0.415 7.487 -5.132 1.43067
0.383 7.544 -4.814 2.10119
0.760 5.526 -5.995 1.88390
0.000 7.024 -6.058 1.23660
0.000 4.006 -5.441 0.96519
0.002 5.666 -5.682 1.17842
0.007 6.566 -7.348 1.86950
0.000 5.385 -7.395 1.37061
0.000 5.176 -5.633 0.65198
0.007 4.841 -5.384 0.91848
2.149 3.661 -5.456 0.69755
0.068 2.648 -7.021 1.17924
1.016 3.291 -8.708 1.56434
0.099 1.749 -9.677 1.47063
0.000 1.623 -9.820 1.23140
0.176 2.194 -9.294 1.23341
0.000 -0.436 -10.409 1.07186
0.113 0.721 -10.732 1.34188
0.022 -0.517 -10.479 0.83426
0.000 2.138 -11.076 1.20528
0.000 3.770 -11.297 1.65427
0.000 3.195 -11.141 1.51922
0.000 3.216 -11.393 1.73172
0.053 0.639 -10.801 2.05091
0.926 1.838 -9.290 1.37393
0.050 0.993 -11.345 1.23595
0.004 0.538 -13.204 1.94646
0.008 2.645 -13.520 2.22107
0.591 -1.148 -13.145 1.14918
0.449 -1.563 -12.815 1.83091
0.124 -4.136 -14.231 1.42680
0.000 -3.288 -15.247 1.65652
0.000 0.820 -15.300 1.70547
0.000 -0.209 -14.734 1.81963
0.000 -1.429 -15.212 1.43338
0.000 -0.064 -15.012 1.45442
0.000 3.685 -14.419 1.91144
0.000 5.150 -13.144 2.25961
0.000 4.491 -12.453 2.42809
0.000 4.796 -13.648 2.17964
0.001 3.102 -13.927 2.95806
0.000 0.654 -13.641 2.25888
0.000 5.526 -13.747 2.37767
0.000 4.474 -12.583 2.21308
0.000 6.738 -13.494 3.97191
0.000 0.521 -14.114 1.99745
0.000 0.822 -16.103 2.24584
0.006 -2.454 -16.361 1.79158
0.000 -2.309 -15.011 1.36691
0.000 -2.297 -17.006 1.43432
0.000 -1.953 -17.306 1.90644
0.000 -2.001 -17.036 1.17491
0.000 -1.611 -16.463 1.59913
0.000 -0.183 -17.276 1.87821
0.000 0.644 -17.470 2.30522
0.000 1.738 -14.671 1.94458
0.000 4.513 -13.879 2.11313
0.000 5.159 -14.201 2.33390
0.000 3.139 -15.346 2.78341
0.000 0.946 -17.900 3.20014
0.001 -4.285 -18.491 3.37911
0.436 -5.684 -18.523 2.48602
0.543 -7.798 -17.775 2.11102
0.000 -6.381 -18.404 2.31384
0.000 -5.896 -19.057 1.47251
0.000 -2.579 -19.343 2.08105
0.000 -0.616 -18.701 2.47093
0.000 0.295 -17.726 2.04331
0.047 2.985 -15.406 1.97176
0.324 2.616 -13.182 3.33479
0.009 0.873 -14.157 3.58912
0.000 2.888 -15.408 3.13968
0.050 0.010 -15.625 3.84212
0.109 -1.121 -15.724 4.24955
0.273 -4.691 -17.507 3.25131
0.000 0.256 -17.764 2.57119
0.000 0.719 -16.073 3.11064
0.001 1.900 -15.331 4.30611
1.578 -2.164 -13.702 2.37255
0.000 -2.245 -17.871 2.48291
0.035 -3.780 -17.509 3.91366
0.027 -4.649 -17.778 4.17642
0.059 -3.514 -18.161 2.78844
0.006 -4.173 -18.973 2.19619
0.000 -1.565 -19.134 2.45844
0.000 -3.250 -17.759 2.06810
0.000 -1.291 -18.002 2.52174
0.000 -0.910 -16.738 2.13600
0.000 1.115 -16.528 2.33681
0.000 1.595 -16.631 2.46471
0.000 -1.014 -16.370 2.71631
0.000 -0.773 -16.809 2.99203
0.000 -0.014 -16.982 2.38221
0.000 1.374 -15.051 2.84272
0.001 -0.921 -15.622 1.64787
0.005 0.102 -15.993 2.78862
0.094 -0.109 -16.083 3.02091
1.056 -2.174 -14.977 2.08746
0.003 -3.479 -15.694 3.23683
0.000 4.006 -15.502 3.11094
0.307 1.613 -13.834 2.52760
0.382 -1.575 -14.869 2.47282
0.018 2.954 -14.845 2.66821
0.000 3.057 -13.494 2.04708
0.000 2.511 -10.229 1.57327
0.000 3.602 -11.721 2.60050
0.061 5.328 -11.828 4.33383
0.616 0.859 -14.289 5.22153
0.085 -2.082 -16.109 2.45778
0.089 -1.773 -16.151 3.20591
0.077 -4.348 -14.987 2.38870
0.257 -2.478 -16.357 3.31965
0.050 -0.496 -16.273 3.67094
0.201 1.507 -15.414 4.80491
0.021 -1.565 -15.357 4.69218
0.272 -1.007 -14.049 4.87963
0.202 -2.060 -15.935 3.22190
0.024 -1.148 -15.861 2.17267
0.163 -1.594 -16.053 2.35564
0.036 -0.722 -15.926 2.34661
0.003 0.799 -14.804 2.42714
0.004 3.338 -13.757 2.39073
0.006 4.522 -12.425 3.26913
0.038 5.427 -10.361 3.76505
0.215 4.969 -9.540 3.42154
0.005 6.506 -9.744 4.34078
0.019 6.729 -9.234 4.51110
1.406 4.414 -9.583 4.59681
0.115 3.289 -9.654 4.64301
0.755 4.782 -9.543 4.61482
0.483 4.228 -11.578 5.54899
1.764 2.198 -10.862 4.34710
0.112 2.674 -12.108 4.97166
0.140 1.707 -12.320 4.27157
0.000 3.520 -12.054 3.43001
0.342 5.325 -11.059 3.25251
4.318 4.917 -8.092 4.14122
0.807 2.937 -10.603 3.42141
0.000 5.182 -9.703 2.99699
0.438 5.566 -7.506 2.10219
0.514 5.269 -7.049 2.30517
0.007 6.357 -6.732 2.76629
0.004 11.464 -5.986 2.97857
0.770 10.216 -5.833 2.43758
0.006 10.796 -5.432 2.36935
0.029 12.119 -5.298 2.64619
0.172 10.318 -5.814 4.47339
0.393 7.025 -6.405 3.73395
0.315 7.549 -6.270 2.19977
0.102 7.780 -5.492 3.23350
0.346 6.022 -7.162 3.50780
0.428 7.450 -7.744 3.79787
0.005 6.934 -8.054 4.58022
0.084 6.090 -8.453 4.80575
0.005 5.834 -8.660 5.07062
0.047 4.814 -7.888 5.18174
0.446 0.768 -8.022 3.76324
0.810 3.130 -8.249 2.85303
1.072 1.820 -6.800 3.48149
0.827 3.665 -8.374 3.05627
0.000 8.883 -6.446 1.87071
0.037 11.517 -4.179 2.32078
2.031 8.823 -5.299 4.59632
3.405 6.339 -5.556 5.81500
0.425 4.786 -8.454 2.97269
0.379 8.738 -7.354 3.57454
2.683 7.735 -7.173 2.61996
0.056 9.052 -5.872 2.66368
0.001 11.311 -5.659 2.44986
0.025 12.217 -5.355 2.66913
0.028 11.523 -5.516 3.60416
2.200 8.080 -6.000 4.81635
0.005 11.481 -5.764 3.50196
0.002 11.576 -5.815 3.56006
1.604 10.982 -5.853 4.12195
0.002 11.480 -5.854 3.43138
0.258 12.529 -3.570 2.45544
0.063 14.514 -3.815 2.39863
2.174 13.508 -4.206 2.43798
0.346 12.358 -3.967 2.79051
0.930 12.466 -3.676 3.11805
6.116 6.843 -4.188 1.64341
0.286 10.520 -4.091 1.98337
0.853 12.632 -2.800 2.19063
4.342 9.893 -3.458 2.28987
3.016 6.686 -3.583 1.57925
1.976 4.057 -4.430 1.59776
0.011 10.320 -3.830 1.19084
0.001 12.424 -2.804 1.83025
0.001 14.521 -1.811 2.03921
0.000 15.162 -2.732 1.67454
0.004 17.290 -2.403 1.74821
0.136 19.087 -1.026 2.09572
3.567 18.629 0.799 1.88224
14.931 16.859 -1.072 3.19567
2.086 12.356 -0.101 2.02324
7.623 14.007 0.548 2.02250
0.530 15.551 -0.888 2.44955
0.251 19.320 1.084 3.50951
0.045 19.330 -2.574 4.09079
1.724 18.465 -0.855 3.62561
0.310 16.742 -2.235 3.53932
0.004 17.358 -3.449 3.94475
0.023 19.179 -1.831 2.55212
0.111 20.366 0.256 1.75369
0.190 18.913 0.973 1.64964
1.053 19.029 0.565 1.98263
0.187 19.452 1.830 1.45839
0.065 20.559 1.913 1.59212
0.483 20.951 0.302 2.23921
0.055 19.048 2.131 1.46840
0.120 19.605 2.978 1.12241
0.494 20.709 3.213 1.79514
0.180 21.435 3.583 1.53113
0.272 21.726 3.449 1.74120
0.037 23.334 3.784 1.66585
1.597 22.227 5.487 1.52245
11.359 20.953 5.318 0.97846
2.995 17.949 2.376 1.42121
1.300 18.878 3.702 0.88618
2.891 18.101 3.197 1.29406
2.783 18.278 3.775 1.31625
7.920 18.821 4.553 1.76009
4.988 15.120 2.948 2.19689
13.083 16.160 2.952 2.43378
7.159 15.244 1.915 1.69807
3.726 15.449 1.113 1.89079
0.040 16.405 0.018 2.03718
6.632 14.399 1.170 2.16272
5.266 13.504 -0.054 2.28481
4.870 17.052 0.988 2.94057
0.692 14.158 1.364 2.16544
4.305 18.227 1.692 2.61107
0.379 19.339 1.128 2.45781
0.562 19.476 2.221 1.97368
1.775 20.617 2.193 2.09417
6.074 19.718 3.639 1.73907
2.145 15.051 2.372 1.02756
3.670 12.422 1.046 1.32041
4.686 17.987 3.260 1.95413
1.947 17.440 2.976 1.20048
14.474 18.698 1.191 2.39771
6.741 13.960 2.551 1.51690
10.016 15.220 3.437 1.86326
15.726 14.409 1.629 1.92697
4.943 8.752 0.403 1.14259
7.154 10.217 1.158 1.12384
17.827 14.590 0.717 2.28741
1.198 10.000 0.703 1.22066
2.853 10.842 -0.453 1.63053
0.383 13.680 0.198 1.43183
0.036 16.477 1.659 0.99020
0.721 15.963 2.944 2.09723
0.580 15.626 2.335 2.02465
1.866 16.033 3.531 1.28562
1.666 17.176 3.812 1.27523
3.438 16.609 2.566 1.22695
10.563 16.288 2.619 1.69827
1.509 15.344 2.892 0.92156
1.923 16.634 2.582 0.79076
0.205 15.543 1.465 1.02234
0.000 16.213 2.050 1.06700
0.016 16.444 1.785 0.89532
2.238 17.422 3.409 1.03208
1.056 15.981 3.094 1.24050
0.072 17.369 1.431 1.62848
0.001 19.264 4.300 1.29012
1.993 17.974 4.831 1.39454
0.009 19.154 4.149 1.10725
0.487 19.087 5.713 1.17840
2.641 17.676 4.086 1.52710
1.704 18.298 3.497 1.68422
5.669 17.578 4.331 1.66425
2.511 16.042 2.741 1.44129
3.778 16.154 2.081 1.01406
2.240 17.062 1.988 1.48296
8.139 18.627 3.970 1.38814
1.648 12.783 0.924 1.31259
0.281 17.630 2.827 1.47346
0.001 18.498 4.260 1.33804
1.459 18.518 3.311 1.70672
4.881 18.663 3.688 1.60713
8.286 15.640 3.566 1.71925
1.007 15.680 1.711 1.53689
0.757 13.983 1.202 1.13184
5.522 14.613 1.644 1.81492
3.816 14.609 1.088 2.77169
3.937 10.464 -0.310 1.38709
0.043 13.309 0.122 0.92309
0.721 15.337 1.382 0.90690
0.263 16.216 0.155 1.10417
0.408 16.960 1.296 0.97197
10.778 16.901 1.384 1.60769
0.166 14.737 1.891 1.21435
0.049 16.991 2.328 1.36595
2.398 17.870 4.035 1.93303
5.166 16.494 4.155 1.01285
10.279 16.379 2.156 1.55386
0.736 16.719 3.143 1.02018
4.600 17.727 1.677 1.96277
5.263 15.979 2.565 1.30124
0.328 18.022 0.619 2.01503
0.020 19.166 1.997 1.65404
0.002 19.777 2.258 1.55159
0.000 19.040 2.131 1.54656
0.054 19.214 2.720 1.21485
1.278 16.726 3.002 1.22399
1.927 17.438 2.668 1.19013
0.057 17.629 1.120 1.36965
0.571 17.926 2.736 1.69258
0.327 17.341 2.684 1.61387
3.938 17.653 2.459 1.41710
8.183 17.717 1.796 1.82001
3.076 16.517 1.665 1.82020
5.476 15.664 0.081 1.80476
5.986 15.353 -0.014 1.57148
0.641 16.755 0.138 1.96343
2.014 15.768 0.139 2.12838
0.872 14.458 1.280 1.08907
1.058 16.043 -1.031 1.81564
3.027 12.708 0.693 1.55395
0.224 13.609 1.076 1.08028
6.424 12.736 -0.793 0.96862
3.691 11.920 -1.162 1.16121
7.894 11.201 -0.335 0.99572
4.111 10.538 -1.691 1.52417
0.766 8.511 -3.727 1.24670
0.051 11.503 -3.423 1.16173
2.772 10.224 -1.796 2.04062
4.625 8.700 -1.418 1.16423
1.690 9.473 -0.927 0.94757
0.534 8.288 -2.613 0.99316
0.879 12.901 -2.437 1.34928
1.985 13.752 -2.363 2.06699
0.654 12.730 -3.202 1.73096
0.393 11.293 -3.571 1.23506
1.657 12.209 -4.185 1.85307
0.006 12.973 -3.586 2.23144
0.061 12.401 -4.269 2.69932
3.592 10.899 -3.656 2.64358
0.587 11.090 -3.163 1.41164
0.027 9.255 -4.179 0.89326
0.000 10.857 -3.953 1.30421
3.962 6.858 -3.913 1.67422
0.562 7.889 -4.734 1.66982
1.789 9.888 -4.361 1.68743
0.005 8.182 -4.122 1.27571
0.034 9.918 -4.880 2.00285
0.216 12.129 -4.745 1.92914
0.037 12.427 -4.470 1.91425
0.045 11.264 -3.827 1.90038
5.985 9.719 -3.462 2.70357
0.681 9.639 -5.018 2.10451
0.014 11.185 -4.898 2.28249
0.019 12.119 -4.438 2.11701
0.053 11.972 -4.782 2.60468
0.002 11.334 -6.948 2.24878
0.066 8.970 -6.909 2.76711
0.000 7.418 -6.611 2.40414
0.000 8.704 -5.998 1.46914
0.000 10.338 -5.477 2.05570
0.000 12.342 -5.847 1.38317
0.000 12.116 -5.830 1.86720
0.000 12.095 -5.733 1.91232
0.000 10.023 -6.037 2.33850
0.047 8.798 -6.019 2.34040
0.821 9.442 -5.678 2.76218
0.563 7.455 -7.094 2.25763
0.490 5.655 -7.188 2.52964
0.000 5.546 -7.080 1.44275
0.000 6.286 -7.137 1.56545
0.000 6.563 -7.379 1.32363
0.000 8.115 -7.534 1.85568
0.035 7.686 -5.136 0.97057
1.246 5.855 -3.246 1.58625
1.221 9.824 -4.313 2.07742
0.517 6.385 -4.986 2.27434
0.000 2.706 -7.765 1.77246
0.000 4.472 -7.880 1.82615
0.000 5.185 -7.883 1.76410
0.000 6.366 -8.094 1.90222
0.005 7.217 -8.001 1.93477
0.486 6.226 -9.143 2.16070
0.878 2.836 -9.340 2.74326
0.028 0.466 -10.903 1.77712
0.000 0.905 -11.057 2.28946
0.000 3.493 -9.660 1.88280
0.002 2.892 -10.236 1.47937
0.000 3.852 -9.775 1.98654
0.445 3.472 -7.070 1.66331
0.288 3.465 -8.792 2.71880
0.000 1.410 -13.427 2.03822
0.000 3.442 -13.529 2.29195
0.000 3.603 -12.212 1.76166
0.000 3.698 -12.476 2.25400
0.000 1.760 -12.756 2.34855
0.000 0.576 -12.854 1.68031
0.000 2.703 -13.016 2.07022
0.134 1.019 -9.272 1.24154
0.109 -0.952 -13.305 1.87245
0.000 -0.094 -13.784 1.92364
0.000 -1.522 -13.336 2.42174
0.000 3.640 -14.645 2.13485
0.000 4.065 -14.860 1.75482
0.000 2.170 -13.619 1.88621
0.000 2.312 -13.253 2.37290
0.037 0.699 -13.743 2.63120
0.000 1.828 -14.444 2.47025
0.011 2.734 -14.599 3.00557
0.289 0.056 -13.748 2.72908
0.176 0.468 -13.070 3.04740
0.000 -1.873 -12.864 2.47337
0.017 3.597 -13.419 2.21394
0.140 -1.031 -14.042 2.35385
0.114 1.810 -14.174 2.32233
0.146 -0.149 -13.575 2.22586
0.017 0.828 -14.140 2.53115
0.310 -0.751 -14.298 2.82347
0.301 -3.132 -15.918 2.86931
0.010 -1.143 -16.142 1.65243
0.125 -4.713 -16.035 2.13520
0.000 -3.120 -16.943 1.59816
0.000 -4.967 -17.157 1.30781
0.000 -2.861 -16.999 1.32487
0.000 -3.946 -15.725 1.08889
0.003 -3.804 -16.118 1.21364
0.000 -5.100 -16.678 1.81129
0.000 -4.711 -17.100 1.36344
0.000 -2.305 -17.461 1.75207
0.011 -3.090 -16.363 1.70726
0.000 -3.852 -16.939 1.81742
0.000 -3.778 -17.148 1.56779
0.000 -0.760 -16.562 1.83379
0.039 -4.241 -15.737 2.33752
0.000 -2.541 -17.117 1.37985
0.000 -0.978 -17.397 2.02673
0.084 -5.098 -17.015 2.70027
0.164 -4.458 -17.017 3.65673
0.032 -0.544 -17.176 3.73543
0.019 -1.846 -15.919 2.98399
0.000 0.421 -16.749 2.41183
0.382 0.826 -16.856 4.16395
0.545 -2.213 -14.120 3.79277
0.009 -5.293 -18.176 3.07341
0.018 -2.103 -18.508 2.78376
0.098 -3.220 -16.585 2.80596
0.018 -0.674 -16.790 3.06884
0.000 -0.326 -17.321 2.25130
0.007 1.144 -17.624 3.10365
0.083 -4.265 -16.854 2.62354
0.033 -0.313 -16.877 2.67315
0.000 1.481 -16.360 2.65226
0.000 5.660 -16.479 2.58470
0.000 7.730 -13.194 2.90221
0.004 5.781 -13.879 3.76054
0.060 -0.930 -15.324 2.65462
0.008 1.512 -15.444 1.91589
0.000 0.390 -15.611 2.01518
0.518 0.404 -15.743 3.17731
0.079 -3.243 -16.628 2.79082
0.000 -2.595 -16.748 1.78696
0.000 1.117 -16.595 1.81990
0.261 -0.774 -16.575 2.28074
0.000 0.062 -14.772 2.43529
0.000 3.586 -15.944 2.59599
0.000 0.944 -16.051 2.32472
0.000 3.065 -15.410 1.73935
0.000 3.173 -14.957 2.65243
0.049 1.081 -14.110 2.21905
0.002 2.332 -13.999 1.97594
0.000 4.458 -12.827 2.21071
0.001 5.997 -12.695 4.26206
0.023 1.208 -12.780 3.58221
0.000 2.433 -13.287 2.31872
0.000 3.905 -13.327 3.37237
0.155 1.288 -11.915 4.34600
2.182 -1.568 -13.093 6.70300
0.301 -4.504 -13.054 3.00663
0.904 -2.692 -12.306 2.50241
0.010 -0.978 -15.487 3.41072
0.000 1.872 -15.465 2.84131
0.000 3.379 -12.541 2.99235
0.027 3.969 -12.424 2.27775
0.505 2.397 -10.504 3.84503
0.356 -1.688 -10.600 2.19787
0.075 -2.862 -13.323 1.35653
0.000 0.982 -13.992 2.59416
0.000 4.510 -13.875 1.84559
0.000 6.008 -10.115 1.86051
0.026 5.439 -9.756 2.36980
0.765 2.638 -8.613 1.39826
0.000 4.435 -8.140 1.38445
0.026 5.369 -7.561 1.99966
0.019 4.446 -6.855 3.81011
0.156 4.205 -8.329 3.15325
0.032 5.145 -7.606 2.84109
0.237 3.910 -8.690 2.37304
0.001 7.221 -7.988 3.94344
1.377 5.689 -7.792 4.01446
0.119 5.865 -6.431 4.66765
0.176 9.055 -5.854 4.22644
0.013 9.883 -5.958 3.83312
0.434 9.073 -5.255 3.64291
1.632 8.455 -6.486 3.86501
1.613 7.137 -7.175 5.00734
1.699 4.915 -6.410 4.63199
0.177 4.284 -8.681 4.03013
0.061 6.656 -6.868 5.07567
1.023 3.696 -5.230 4.43044
2.348 2.278 -7.671 3.61153
0.557 1.541 -9.958 2.30041
3.485 2.090 -8.606 2.49025
0.901 -3.438 -12.302 2.40260
0.023 3.130 -11.266 2.64277
0.019 7.298 -5.892 3.51270
0.103 9.584 -5.168 4.03635
4.624 6.463 -6.089 3.75899
3.283 3.770 -10.062 5.44670
0.042 2.881 -9.788 3.12215
0.000 4.137 -8.366 2.60529
0.163 4.539 -8.705 3.05708
0.000 7.430 -7.856 2.94235
0.001 8.983 -6.775 2.86839
0.005 9.773 -6.272 2.74734
0.749 9.925 -6.734 3.53008
3.516 7.855 -7.492 3.88124
0.721 6.749 -8.637 3.73395
0.155 7.189 -7.955 3.62690
0.039 9.416 -6.270 2.52834
0.121 10.130 -6.913 2.81749
0.000 7.958 -5.600 3.83524
0.000 10.699 -4.360 2.86608
0.000 14.049 -4.360 2.80628
0.024 15.278 -3.792 2.51766
0.695 9.708 -3.514 1.37784
0.019 13.157 -3.909 1.45849
0.170 14.147 -2.960 2.95186
0.240 11.849 -1.704 2.00038
1.238 11.885 -4.678 3.42967
5.090 10.178 -3.261 2.17918
0.722 7.542 -5.936 2.15333
0.058 10.283 -5.660 3.40184
0.350 11.086 -4.605 2.86815
0.000 10.268 -4.706 1.66913
0.004 12.151 -2.600 1.20266
0.179 9.772 -3.606 2.08106
0.235 13.659 -2.407 2.33084
0.093 11.091 -1.849 2.78398
2.928 11.992 -2.454 1.77776
0.708 12.850 -2.060 1.75371
0.070 16.376 -2.672 2.31386
0.104 16.938 -3.121 2.87463
2.489 16.575 -1.677 3.58895
2.499 9.766 -2.424 1.62410
1.148 13.791 -1.718 2.26914
1.613 10.668 -3.333 3.03161
2.593 8.301 -3.145 1.82881
1.518 7.592 -5.112 2.39985
0.771 8.213 -5.096 4.10128
0.859 6.853 -5.674 2.40144
2.300 7.007 -4.744 1.91376
1.739 9.768 -2.789 1.48463
0.630 9.683 -3.872 1.91348
1.164 9.322 -2.808 1.66330
2.390 12.051 -3.869 2.68877
0.670 11.069 -4.181 1.68391
0.223 15.352 -2.502 2.33292
1.405 14.120 -1.418 1.94275
0.002 15.864 -1.763 1.33440
1.054 16.721 -0.897 1.68016
1.289 17.214 0.058 1.52784
0.037 16.997 2.192 1.51075
3.740 17.741 0.664 2.01339
8.718 10.679 -0.104 1.19379
2.683 11.546 -0.948 1.86439
0.485 10.843 -1.300 2.95858
0.615 14.407 -1.132 2.14238
1.233 15.167 -1.636 1.55577
0.553 14.846 -0.152 2.19747
0.225 14.448 -2.692 2.64245
0.950 15.160 -2.139 2.84509
0.066 16.520 -2.322 2.89955
0.081 15.296 -2.896 3.23648
0.068 15.979 -3.985 3.50476
3.150 15.419 -0.527 3.10566
1.569 10.828 -0.957 1.28448
0.573 12.270 -1.565 1.31463
0.170 15.121 -2.281 1.78503
0.089 9.746 -3.029 1.38933
0.197 14.302 -1.396 1.92902
0.019 15.897 -0.747 1.65822
0.000 18.026 0.363 1.33738
0.361 18.235 0.475 1.87766
1.547 18.924 3.132 0.97966
0.452 17.707 2.583 1.58295
1.298 21.196 3.054 1.36086
0.213 21.155 4.434 1.32423
3.107 19.781 4.080 1.18342
1.599 20.562 4.346 2.84303
9.735 19.614 3.403 3.08044
6.669 17.405 1.157 2.04492
1.966 15.345 2.193 1.25795
6.486 13.639 2.063 1.67584
1.397 16.806 2.866 1.29355
7.031 18.120 3.250 2.31280
3.037 16.572 3.200 1.51094
5.254 17.693 2.284 2.14350
2.795 13.859 2.034 2.53318
3.326 17.910 3.362 2.26835
5.456 19.421 3.970 1.62377
7.738 14.469 4.269 1.15022
8.513 18.536 2.526 0.91474
0.294 17.249 2.274 1.53790
6.793 19.233 3.521 1.49887
1.913 17.998 4.720 0.87607
6.099 18.032 4.674 1.22305
1.553 17.650 3.382 1.57806
0.009 18.224 3.590 1.47838
7.006 12.642 0.889 1.53503
11.175 11.929 0.597 1.80579
10.051 13.720 -0.514 2.28807
1.473 16.782 0.708 1.54950
5.467 13.266 2.909 1.75532
2.327 17.346 3.309 1.29151
1.595 16.387 2.592 1.05535
3.791 12.195 1.121 1.41406
6.374 16.874 3.134 1.05331
13.101 13.949 3.678 1.45681
7.522 13.789 2.461 1.40004
0.814 17.662 4.813 1.10393
1.107 17.901 4.237 1.29146
0.542 17.579 3.429 1.50317
0.003 18.607 3.974 1.42177
0.153 19.390 2.795 1.20614
5.718 19.450 4.992 0.97990
10.705 17.979 5.085 1.13495
7.538 16.607 1.351 1.24927
8.052 14.796 2.054 0.82147
1.412 13.756 1.934 1.18758
0.813 15.234 2.886 1.40499
1.178 15.531 2.758 1.33381
10.303 16.332 3.183 0.94447
1.763 17.504 4.939 1.04948
3.845 15.563 4.338 0.70023
0.995 17.165 3.757 0.81229
0.646 17.818 4.708 0.89330
0.924 17.765 4.036 1.19124
5.743 17.859 5.139 1.07696
4.038 15.898 2.829 1.12215
1.141 15.363 1.818 1.83743
4.024 12.750 1.267 1.48413
6.520 14.252 1.274 1.22741
1.265 14.102 1.355 1.05195
0.354 15.419 2.137 0.86315
0.362 15.361 2.484 1.31434
0.025 17.102 3.658 1.30229
0.053 18.476 2.710 1.39894
0.021 18.405 2.906 1.43444
0.073 18.141 1.968 1.26753
0.014 17.602 2.533 1.44872
0.238 17.436 2.715 1.22626
0.025 18.653 1.030 1.52520
0.007 19.032 0.984 1.43045
0.874 18.925 1.963 1.18424
4.757 18.101 3.018 1.07131
4.709 16.838 2.091 1.34409
6.881 16.358 1.859 1.25621
3.990 11.730 1.462 0.98059
0.101 14.144 0.098 0.73963
0.001 16.697 0.890 1.17088
1.172 18.037 1.460 1.66801
7.558 15.496 1.198 1.54234
1.456 13.737 1.198 2.00667
1.638 14.481 0.602 2.09984
2.210 16.075 1.658 1.50990
9.188 15.921 1.464 1.65379
4.377 14.982 1.268 1.35101
1.213 15.671 0.412 1.48809
1.444 16.383 0.143 1.59782
1.926 16.740 0.032 1.82735
5.539 16.266 -1.014 1.28180
0.042 11.808 -0.517 1.48401
0.811 11.847 0.306 0.99114
0.164 13.493 0.375 1.13339
2.665 13.514 -1.408 1.55787
0.611 15.168 -0.644 2.19876
0.802 15.371 -1.119 1.90654
1.565 15.402 0.409 1.38559
2.762 13.003 -1.796 1.84844
0.834 14.504 -0.479 1.79570
9.318 11.188 0.321 1.02187
1.211 11.436 0.425 1.14416
0.393 12.770 -0.485 1.27616
5.419 12.707 -1.507 1.70296
0.957 11.604 -3.529 1.80328
12.422 13.708 -2.199 1.58785
2.249 12.368 -1.111 1.99508
12.310 12.061 -0.382 1.90969
2.572 10.349 -0.295 0.97591
5.697 12.430 -1.682 1.70814
0.352 7.575 -2.528 1.22683
1.258 9.094 -2.699 1.55171
0.585 12.676 -1.960 1.79350
0.299 13.665 -1.616 1.95828
0.283 13.848 -2.945 2.45448
0.775 13.520 -2.949 3.13536
1.272 13.258 -4.514 2.84880
0.591 11.773 -4.067 2.38974
3.169 9.871 -4.381 1.82607
2.708 9.216 -4.523 1.64453
0.070 9.439 -4.234 1.42812
0.649 10.297 -4.575 1.53648
0.001 10.618 -5.437 1.28556
0.000 12.290 -5.671 1.79511
0.612 10.433 -5.872 2.55072
2.035 6.793 -5.947 1.74881
0.324 5.334 -5.818 1.03855
0.000 6.102 -5.636 1.11645
0.000 8.554 -5.324 1.51735
0.000 10.370 -6.022 2.03603
0.000 10.341 -6.111 2.11857
0.000 11.924 -6.046 2.12252
0.000 11.347 -5.493 2.42996
0.405 11.552 -4.797 2.17897
1.007 9.951 -4.380 1.83856
2.524 8.391 -4.984 2.49119
0.326 5.341 -4.749 1.34801
2.993 3.292 -3.025 1.23130
5.916 4.771 -4.489 1.40519
3.948 8.110 -4.254 2.64235
0.943 6.532 -7.446 2.30283
0.000 4.405 -7.479 1.33371
0.022 6.626 -6.160 2.29375
0.001 5.242 -5.717 1.51659
0.000 7.337 -6.263 1.51699
0.000 8.771 -6.356 2.37130
0.000 7.615 -5.779 2.99416
0.018 6.706 -6.051 2.37022
0.000 5.834 -6.931 1.51193
0.000 7.109 -6.988 2.09370
0.000 9.005 -6.764 2.11282
0.000 8.731 -5.953 1.79996
0.000 8.568 -6.043 2.16621
0.000 6.750 -7.227 1.76985
0.000 7.862 -7.870 2.15510
0.000 8.135 -8.069 2.31070
0.000 6.547 -6.896 2.07802
0.075 3.905 -8.714 1.88175
0.000 4.535 -9.261 2.33941
0.000 6.488 -9.352 2.00045
0.012 6.068 -8.725 3.16963
0.006 4.760 -8.682 2.21333
0.033 2.916 -7.848 2.28380
0.149 2.221 -8.308 2.17081
1.004 1.833 -9.154 3.24013
0.436 1.019 -9.387 2.57627
0.382 0.741 -11.122 1.58313
0.015 1.544 -12.447 3.16857
0.000 1.475 -12.924 2.48987
0.000 1.161 -13.805 1.98717
0.000 0.946 -14.402 1.95201
0.000 0.979 -14.987 2.45926
0.000 3.201 -15.184 2.69695
0.000 3.862 -15.225 3.09800
0.004 4.664 -13.972 2.92108
0.000 4.390 -14.135 2.39090
0.000 3.958 -14.308 2.50018
0.000 4.449 -14.645 2.22768
0.000 4.240 -15.042 2.49680
0.000 2.611 -14.715 2.29437
0.000 3.063 -14.699 2.57926
0.000 2.474 -14.496 1.98700
0.000 0.079 -13.230 1.97849
0.000 0.920 -14.951 2.02356
0.000 1.271 -15.191 1.72381
0.000 -1.338 -12.416 1.56732
0.000 -3.869 -15.253 2.21186
0.000 0.601 -16.320 2.22910
0.000 -0.435 -16.379 2.36585
0.000 0.703 -15.026 1.85307
0.000 0.848 -14.968 1.31241
0.000 1.076 -14.568 1.58184
0.000 -0.060 -14.709 1.60696
0.000 0.062 -14.859 1.65018
0.000 -0.627 -15.221 2.27492
0.000 2.149 -14.186 1.77012
0.000 4.324 -13.950 1.75397
0.000 4.236 -12.553 1.82920
0.000 1.016 -13.385 1.57631
0.000 -0.852 -14.992 1.34123
0.000 -3.017 -17.067 2.71370
0.000 0.082 -17.147 1.89101
0.000 1.016 -15.133 1.36238
0.000 0.889 -15.229 2.00751
0.000 0.048 -13.949 2.23827
0.000 1.860 -14.298 1.85542
0.000 2.814 -16.817 2.10251
0.000 -0.752 -17.039 2.22027
0.000 -1.782 -16.310 1.86407
0.000 -2.252 -15.801 1.75213
0.000 -3.100 -16.251 1.37039
0.000 -2.999 -16.728 1.84435
0.000 -0.500 -16.971 1.96248
0.000 -1.589 -16.492 2.07861
0.006 -5.273 -16.771 1.66455
0.000 -1.352 -16.910 2.36700
0.000 -0.777 -17.033 1.89995
0.000 -2.164 -17.200 2.38870
0.058 -7.092 -18.099 1.92439
0.000 -6.010 -18.602 2.14559
0.000 -0.910 -18.802 2.13877
0.000 -0.460 -18.697 1.77804
0.001 -1.945 -17.873 3.02271
0.127 -5.247 -17.872 1.90802
0.004 -7.172 -18.395 1.88936
0.011 -4.083 -18.574 1.82494
0.082 -6.154 -16.387 1.57040
0.001 -3.103 -17.340 2.21889
0.000 -3.142 -17.344 2.56322
0.006 0.773 -17.059 2.51066
0.000 -1.854 -17.001 2.51495
0.000 -1.503 -17.231 2.11749
0.092 -3.855 -17.232 2.25252
0.011 -4.268 -17.720 2.27789
0.019 -3.591 -17.887 2.15834
0.014 -1.230 -16.836 2.37422
0.052 -3.863 -16.726 3.02307
0.101 -5.050 -18.447 2.65350
0.085 -5.399 -18.614 2.53360
0.049 -4.265 -18.472 2.56125
0.007 -1.163 -17.991 2.51072
0.003 -3.068 -16.442 1.88529
0.000 1.131 -16.815 2.41034
0.000 1.338 -17.040 2.65510
0.008 2.078 -17.111 2.99400
0.000 3.414 -15.211 2.69738
0.141 1.801 -13.575 3.35750
0.409 -1.529 -14.999 4.17991
0.554 0.248 -15.035 3.96014
0.266 0.047 -14.491 3.05591
0.000 1.479 -15.454 2.65652
0.010 1.575 -15.642 3.88764
0.036 -1.005 -15.526 3.17249
0.046 -1.680 -17.280 2.23242
0.007 -3.315 -17.252 3.54322
0.063 -3.816 -16.335 2.02194
0.000 -1.990 -16.223 2.31246
0.000 3.000 -15.739 3.90630
0.008 0.461 -15.375 3.34856
0.014 0.721 -15.209 3.43429
0.057 -2.319 -14.251 2.16339
0.000 -0.765 -14.551 2.89418
0.000 4.970 -13.771 3.03742
0.021 3.132 -12.265 2.55251
0.169 1.111 -12.792 2.98175
0.055 3.132 -12.524 2.29679
0.000 3.262 -10.646 2.21531
0.000 5.170 -9.573 2.90345
0.010 5.228 -8.199 2.01659
0.002 3.214 -7.156 2.16116
0.010 4.578 -7.666 2.28524
0.000 7.338 -7.969 2.81764
0.349 7.402 -7.399 3.74732
0.407 6.527 -6.748 4.01083
2.145 6.256 -6.350 3.50864
0.402 5.950 -6.496 2.05582
0.725 5.885 -6.397 2.30991
0.475 3.359 -6.130 3.12479
0.052 4.880 -7.304 3.53540
0.369 4.755 -7.311 3.57157
1.838 5.600 -6.464 4.48670
1.787 4.752 -6.801 4.40440
0.198 5.455 -8.850 4.24710
0.507 3.249 -9.020 4.24612
0.122 2.780 -9.520 3.53604
0.342 2.834 -8.593 1.93631
0.271 3.942 -7.687 3.22731
0.000 3.590 -7.778 2.56573
0.001 6.360 -6.901 2.90150
0.361 9.988 -6.681 2.83505
0.209 7.616 -5.933 3.31438
1.378 5.391 -7.471 2.24512
0.001 7.961 -6.454 2.02678
0.298 5.901 -5.234 2.21928
0.685 7.033 -5.153 1.78925
0.162 7.288 -5.617 1.74019
0.353 7.695 -7.070 3.76560
0.322 4.706 -8.576 4.00565
0.262 2.566 -8.433 2.84323
0.253 1.834 -8.216 2.12231
0.029 5.914 -6.603 2.56044
0.024 7.572 -7.054 2.79514
0.505 4.472 -5.880 1.70512
0.155 6.671 -5.595 1.63193
0.037 8.244 -6.376 2.13507
0.000 7.154 -5.740 1.55309
0.000 10.420 -4.802 2.50256
0.901 7.234 -4.898 1.71148
0.506 8.497 -5.967 2.15660
1.155 7.762 -6.624 2.88997
0.016 7.462 -5.839 2.15622
0.005 10.899 -5.280 2.29943
4.527 4.429 -4.940 1.96910
0.224 4.932 -5.398 1.19884
1.867 5.090 -5.089 1.46831
0.195 0.507 -6.934 2.12186
0.002 6.458 -5.696 1.87074
0.009 9.234 -5.060 1.72755
0.385 10.247 -4.219 1.88590
2.843 5.375 -6.859 2.16909
0.000 7.385 -4.227 2.05295
0.000 9.608 -3.969 0.74684
0.012 11.057 -3.829 1.13978
0.004 13.614 -2.255 1.84002
3.193 12.056 -3.006 1.45406
1.300 11.930 -1.800 1.20579
1.046 13.382 -1.816 1.27800
1.991 13.876 -3.477 1.59159
0.354 13.975 -1.434 2.07465
0.309 10.578 -5.080 2.80912
0.053 12.693 -5.638 3.06907
0.173 9.229 -4.499 2.63753
0.025 13.175 -3.578 1.93910
0.856 15.387 -3.235 2.40408
0.004 17.108 -3.387 2.82841
0.000 18.474 -2.349 2.57725
0.097 19.044 -2.273 2.46614
0.974 16.472 -4.289 3.05008
0.264 14.495 -5.069 3.78470
0.020 16.108 -1.899 3.12636
2.760 14.163 -0.042 2.00488
2.356 13.191 -3.381 2.96329
4.724 12.121 -1.321 1.90762
2.092 11.803 -1.792 1.65088
2.679 12.769 -0.772 1.40730
5.982 10.652 -1.126 1.19987
0.483 12.344 -2.980 2.06689
0.488 10.873 -2.507 2.74010
1.832 9.363 -4.068 1.68448
0.295 11.057 -2.615 1.62208
0.000 14.488 0.229 1.31017
0.683 12.657 -1.718 1.85660
6.490 14.513 0.544 1.34368
6.674 11.714 -0.539 1.39827
1.698 9.881 -0.219 0.78026
1.701 15.983 -0.004 1.11231
1.490 17.689 1.087 1.96456
4.984 15.267 0.093 1.78014
0.243 17.571 0.206 1.39025
1.659 17.764 -0.324 2.16017
4.629 16.340 0.265 2.97557
2.618 9.994 -0.418 1.41961
4.848 11.823 -1.161 1.36762
11.657 15.636 0.149 2.38574
0.927 10.592 0.485 1.32240
3.270 15.057 -0.766 2.00035
4.598 15.475 1.445 1.59488
10.681 16.990 0.169 2.49629
6.861 10.017 0.495 1.07552
1.793 6.924 -0.486 1.03270
1.254 11.684 -0.325 1.67658
0.816 16.046 0.723 2.00802
2.798 13.559 0.326 1.36159
6.029 14.581 2.138 0.85949
3.429 16.407 0.515 1.33539
0.226 16.702 2.686 1.21378
1.832 13.641 1.482 1.50424
1.500 17.553 3.222 1.60364
10.406 15.458 2.287 1.91865
1.914 15.560 2.657 1.59602
4.053 16.833 2.649 2.04265
3.317 16.564 2.582 1.85486
2.143 18.480 3.443 1.63933
2.593 19.892 4.550 1.32433
1.175 20.673 3.505 1.46115
0.838 20.829 5.976 1.21928
5.191 19.849 5.216 1.41536
2.839 17.018 3.667 1.28456
13.791 16.165 0.797 1.72929
12.208 11.328 1.940 1.38390
8.539 10.103 0.681 1.31991
2.938 13.581 0.430 1.27621
0.592 14.988 1.137 1.02095
0.219 16.408 2.762 0.77039
8.194 16.549 1.864 1.75826
7.608 14.412 1.481 1.96586
1.678 16.041 2.050 1.80015
2.683 16.272 1.848 0.96655
1.263 15.023 1.947 1.58572
5.224 12.418 -1.069 1.32110
0.396 12.598 -0.081 1.82558
0.035 14.944 0.621 1.37798
0.010 14.741 1.888 1.24145
0.000 16.674 1.569 1.48611
0.076 16.922 2.342 1.06579
0.294 16.905 2.043 1.27116
0.945 16.418 3.417 1.07367
0.228 17.515 2.820 1.03059
2.910 17.242 4.555 1.22114
5.784 17.965 3.710 1.06152
2.490 15.731 3.947 1.10077
2.820 16.097 2.922 1.03719
1.045 16.963 3.702 2.10623
2.138 15.573 3.855 1.29800
0.262 19.032 4.279 1.62910
2.640 19.260 5.974 1.36306
3.480 16.687 4.050 1.39605
0.018 21.078 4.495 1.41474
0.131 20.340 4.429 1.10210
1.112 20.625 5.036 1.05626
2.121 17.891 4.592 1.13703
2.955 19.424 4.791 1.05973
3.992 12.918 2.076 1.47412
1.166 14.077 1.956 1.38876
0.389 15.411 1.112 1.22384
1.200 17.667 1.352 1.39203
0.146 16.819 1.835 2.15176
0.348 19.014 2.592 1.71143
7.788 19.793 4.886 1.08965
10.023 17.813 3.039 1.76642
6.787 16.139 0.987 1.59098
1.812 11.104 -1.022 1.64105
7.153 12.479 0.190 1.72132
6.835 12.585 -0.930 1.32099
0.509 12.348 -1.676 1.60784
0.142 13.123 -1.267 1.51552
0.053 14.521 0.885 1.11984
0.019 15.485 1.895 1.25769
0.088 13.502 0.858 1.18490
1.169 14.733 1.585 1.24453
0.014 17.015 1.470 1.07403
0.192 18.720 0.776 1.31551
0.213 19.024 2.816 1.38576
0.564 17.553 3.001 1.26323
2.401 17.603 2.470 1.08310
5.750 18.515 3.560 1.19689
6.315 18.238 2.248 1.07597
2.520 11.236 0.645 1.28115
0.614 13.491 -0.363 1.17481
0.109 15.520 -0.255 1.16579
0.205 16.227 -0.062 1.51160
0.055 16.146 0.020 1.49888
0.000 16.338 0.001 1.11473
0.009 17.817 0.399 1.41503
0.835 17.494 0.520 1.34832
1.696 16.846 -0.367 1.76870
1.655 11.591 0.299 1.81900
4.924 15.257 1.428 1.54782
1.885 12.473 0.085 1.42187
5.356 8.638 -2.346 1.02019
0.961 12.971 -1.423 1.21674
10.895 15.762 -0.054 1.40304
9.439 11.407 -0.743 1.40794
2.597 6.937 -5.120 1.89207
0.006 11.992 -4.568 1.17880
0.389 14.017 -3.009 1.32073
1.001 13.343 -1.040 2.42074
8.904 9.517 -1.245 1.31139
9.047 8.479 -2.715 1.37170
5.443 4.417 -3.610 1.35765
0.459 4.444 -5.714 1.03762
0.822 9.387 -4.178 1.22289
0.406 9.755 -4.573 1.61042
5.912 10.480 -3.039 2.77433
1.687 7.864 -5.138 1.44394
0.083 9.476 -4.732 2.29020
1.274 8.800 -3.996 1.81960
0.301 8.262 -4.414 1.48222
0.074 9.088 -5.141 1.88808
0.000 10.264 -4.661 2.16677
0.000 10.556 -4.410 1.49496
0.000 12.256 -4.519 1.90530
0.008 12.615 -3.984 1.95645
0.019 12.341 -2.881 1.97183
2.048 10.309 -3.682 2.55541
0.230 8.710 -3.757 1.22055
0.697 8.048 -4.871 2.65331
0.149 4.807 -4.481 1.30176
0.020 8.240 -4.563 1.43392
0.366 7.866 -4.283 1.44521
7.285 5.835 -5.935 1.20082
0.286 5.071 -5.851 1.57418
1.524 6.015 -5.472 1.41555
0.111 4.007 -5.549 1.15418
0.006 2.970 -5.589 0.76820
1.173 6.558 -5.031 1.61937
0.172 7.670 -5.506 1.68300
0.000 8.738 -5.449 1.58865
0.002 6.123 -6.251 2.21213
0.238 4.639 -8.187 2.00383
2.608 4.067 -8.199 1.23624
0.000 4.570 -6.640 1.59657
0.521 5.089 -6.242 2.15593
0.068 6.543 -6.083 1.96848
0.498 6.412 -5.300 1.49849
0.134 5.199 -5.913 1.96687
0.115 3.216 -5.942 1.33460
0.186 3.603 -5.503 1.23638
0.001 3.994 -6.254 1.30057
0.162 5.408 -6.476 1.37275
0.476 3.809 -7.768 1.80688
0.000 3.880 -7.867 1.12344
0.000 4.353 -7.197 1.13549
0.046 3.530 -5.895 1.32743
0.016 4.739 -8.257 2.25569
0.045 3.061 -8.488 2.54202
3.517 1.865 -8.844 2.83818
0.723 1.273 -9.237 3.27556
0.866 -1.899 -11.901 1.74941
0.026 -0.969 -13.468 1.91107
0.000 3.375 -13.605 2.20590
0.000 2.930 -10.487 1.33319
0.000 4.741 -10.180 2.19094
0.000 4.864 -10.152 2.33914
0.048 3.889 -10.500 3.05881
0.947 1.604 -10.494 2.55334
0.000 0.506 -12.267 1.48675
0.000 2.830 -12.518 1.66987
0.136 3.808 -11.465 2.18049
0.423 1.998 -10.595 2.45586
0.003 2.445 -10.588 1.84247
0.071 3.110 -10.408 2.68006
0.661 3.435 -11.192 2.52897
0.021 0.741 -13.531 2.22346
0.000 3.403 -13.757 2.18453
0.000 4.300 -12.186 2.36804
0.115 4.174 -9.990 3.34232
0.386 -1.605 -14.642 2.35794
0.001 2.344 -14.918 2.09885
0.002 0.930 -14.445 3.13558
0.011 0.403 -14.735 2.40420
0.000 0.996 -15.041 2.16304
0.000 2.354 -13.255 1.79771
0.000 1.279 -11.974 1.99790
0.000 3.479 -12.013 1.76381
0.138 3.171 -10.131 2.90772
0.206 -0.544 -13.627 2.89394
0.000 0.465 -14.000 1.98657
0.000 1.433 -14.053 2.07613
0.658 -1.279 -13.517 2.99762
0.955 -4.775 -15.362 1.54482
0.000 -2.168 -15.860 1.63280
0.023 -2.520 -15.470 1.58509
0.002 -3.994 -15.909 1.56151
0.000 -0.535 -16.376 1.68931
0.000 -1.880 -15.492 2.20392
0.000 -2.742 -15.025 1.25617
0.000 -4.376 -16.377 1.90814
0.000 -0.593 -17.028 1.94248
0.000 -0.389 -16.464 1.75495
0.000 -1.377 -16.026 1.32916
0.000 0.818 -15.932 1.95735
0.053 -2.136 -16.769 1.74888
0.382 -2.072 -17.038 2.45502
0.000 0.040 -17.081 2.17342
0.208 0.685 -16.404 2.81393
0.000 -1.174 -16.858 2.38420
0.000 -0.592 -17.107 2.33809
0.000 1.730 -16.680 2.47044
0.000 -4.035 -16.799 2.67252
0.000 -0.121 -16.686 2.41399
0.000 2.067 -16.403 2.97823
0.000 -4.316 -17.241 2.86674
0.000 -0.283 -17.170 2.95207
0.000 3.068 -14.261 2.46347
0.000 3.380 -14.391 2.15488
0.027 0.181 -14.646 2.57450
0.000 2.706 -14.839 2.24531
0.055 -2.405 -14.772 2.22619
0.000 -7.243 -13.468 1.54484
0.000 -2.728 -16.839 3.74939
0.152 0.787 -16.750 3.15106
0.000 -3.404 -16.246 2.90067
0.000 -0.474 -16.705 2.89666
0.000 -2.622 -18.394 2.68002
0.000 -4.471 -19.094 2.90872
0.000 -3.495 -19.319 2.50900
0.003 -4.249 -18.585 2.81893
0.000 -6.165 -17.883 2.50396
0.000 -0.000 -18.327 2.64248
0.000 1.030 -18.549 2.58672
0.127 1.287 -16.691 2.27322
0.000 0.255 -16.532 2.08268
0.008 -0.923 -14.375 1.29059
0.000 0.235 -13.922 1.41665
0.000 -2.100 -15.348 1.79761
0.245 -3.317 -15.679 2.10834
0.655 0.612 -14.489 2.33284
0.355 -0.048 -13.173 2.00574
0.080 2.373 -13.029 2.53790
0.000 0.574 -14.590 3.30813
0.000 -1.491 -16.462 3.51772
0.000 -3.290 -16.489 2.86217
0.005 -5.740 -18.186 2.19219
0.027 -5.005 -18.271 1.42536
0.000 -4.421 -17.539 1.24151
0.132 -2.103 -17.598 1.70651
0.132 -1.697 -16.715 2.09510
0.945 1.708 -15.163 1.81597
2.262 2.362 -14.760 2.20724
0.135 1.023 -14.204 3.02362
0.000 3.507 -13.443 2.46161
0.750 4.692 -13.349 2.01806
0.112 2.194 -11.358 2.02426
0.335 3.991 -11.448 2.70331
0.170 1.396 -12.252 2.30474
0.360 0.679 -12.497 2.84688
0.000 -0.603 -12.017 1.47750
0.000 -1.135 -13.627 1.68444
0.005 0.227 -16.145 2.80402
0.007 -0.240 -16.107 2.64301
0.013 3.862 -13.652 2.79283
0.000 4.930 -11.329 3.47542
0.000 5.563 -9.561 3.82430
0.297 3.287 -10.584 2.97167
0.000 4.267 -10.946 3.06922
0.000 4.611 -11.543 4.00896
0.413 0.566 -12.598 3.08692
0.000 1.465 -12.344 2.38124
0.745 6.904 -11.950 2.39946
0.007 7.354 -8.870 2.88436
0.068 4.487 -7.729 3.36592
0.380 2.036 -9.972 4.66945
0.670 -1.320 -11.783 2.35784
0.182 2.861 -11.359 2.23870
0.185 2.396 -9.695 2.78057
0.627 1.068 -10.297 2.97225
0.000 4.386 -9.723 2.95314
0.132 4.777 -9.138 3.98046
0.395 3.246 -8.236 4.39446
0.460 1.541 -9.535 2.10457
0.000 4.975 -9.035 2.18842
0.000 8.574 -7.980 4.03440
0.000 6.889 -6.956 5.81774
0.717 3.627 -8.925 5.59791
0.013 5.180 -8.812 3.48899
0.138 5.861 -8.130 3.18832
0.545 3.996 -6.496 3.48144
2.830 4.937 -4.718 6.32010
0.582 4.647 -5.926 5.90241
0.110 3.118 -7.622 4.52203
1.425 -0.222 -11.218 1.83444
0.005 1.907 -10.329 2.00215
0.050 4.366 -9.246 3.46907
0.015 3.165 -8.230 3.26990
0.148 5.381 -7.051 4.15927
0.003 0.424 -9.566 2.96646
0.000 7.177 -8.010 1.80412
0.000 9.332 -6.637 2.52756
0.030 10.423 -6.006 2.31926
0.205 8.440 -6.210 2.46075
0.000 9.033 -5.211 3.25107
3.585 5.926 -6.067 2.29337
0.370 6.461 -5.515 1.72175
0.000 9.718 -5.433 1.51621
0.312 10.923 -3.753 2.59406
0.030 2.847 -4.525 1.91700
0.097 7.135 -4.570 1.99902
0.193 8.393 -4.832 3.01041
0.593 6.998 -6.636 3.05223
1.005 4.145 -7.688 2.18030
0.000 3.908 -6.553 1.55267
0.112 5.417 -5.613 1.33344
0.525 5.840 -4.397 1.65413
0.405 4.744 -5.739 0.88769
0.000 8.557 -3.953 1.51212
0.005 9.400 -3.958 1.32341
0.283 8.996 -4.964 2.06745
0.050 11.817 -3.675 1.83717
0.315 12.110 -1.562 1.31898
1.275 13.711 -3.075 1.00567
0.000 14.071 -1.779 1.50178
0.005 16.249 -2.178 1.24504
0.000 16.645 -2.348 2.07276
0.338 15.984 -2.444 1.78296
4.180 14.135 -2.491 2.72050
1.607 10.622 -2.358 1.51830
0.017 15.629 -3.325 1.27412
0.040 15.900 -2.027 1.20909
2.477 17.205 -2.048 1.63220
0.392 17.773 -2.030 2.39745
0.010 16.666 -1.363 1.98213
0.582 17.604 -1.000 2.16549
0.127 14.780 -1.995 1.79404
1.392 16.732 -1.684 2.98705
1.117 13.737 -2.513 2.86557
3.733 14.315 -2.940 3.04819
0.000 14.827 -4.741 4.18234
0.313 10.462 -4.717 2.76823
1.755 12.022 -3.305 2.10861
0.110 17.210 -3.143 2.14812
4.037 11.893 -2.986 1.81809
0.000 14.224 -2.966 1.67877
0.715 17.802 -1.307 1.65774
0.000 18.818 -1.598 2.05573
0.000 20.090 -1.026 2.44245
0.888 21.526 2.750 2.46803
0.215 21.845 3.996 1.83363
0.010 21.668 1.375 3.40734
3.502 13.508 -0.388 1.54319
1.343 7.485 -4.282 1.92628
0.000 16.973 -1.303 1.73704
2.205 13.131 1.020 1.78134
1.430 16.799 0.958 1.42991
0.910 15.394 1.602 1.35940
0.330 18.279 0.909 2.14581
0.458 17.706 0.447 3.68749
0.102 16.274 0.236 1.66967
0.270 18.540 -0.638 1.54871
0.000 19.797 3.180 1.77298
1.567 19.532 1.664 1.47491
1.078 18.868 0.768 1.83394
1.370 18.261 1.119 2.88621
7.402 15.150 0.753 2.17180
3.590 12.645 -0.191 1.29131
4.167 12.396 -0.255 1.14315
3.320 16.695 0.132 1.99701
1.933 19.031 1.431 2.42875
6.507 19.085 2.015 2.14377
3.553 20.868 3.410 2.36586
0.215 21.469 2.954 1.78868
0.000 21.769 3.433 1.98085
1.755 20.960 5.478 1.21729
0.967 17.489 4.610 1.17009
6.313 20.396 5.763 1.37884
0.128 16.120 3.602 1.61312
13.053 21.062 3.730 1.72926
16.780 20.558 5.007 1.46204
5.087 20.003 5.729 1.97102
2.573 16.907 4.290 1.57679
2.890 17.993 4.675 1.48493
4.307 17.311 4.863 1.03271
3.370 17.849 3.551 1.35035
8.525 17.555 3.005 1.58108
9.225 16.463 3.315 2.08625
17.790 16.627 4.398 1.30944
6.095 15.252 4.071 1.31704
17.250 16.379 4.115 1.68603
0.043 17.395 3.693 1.41248
0.750 17.910 4.132 1.42790
4.298 15.209 4.296 1.84059
5.610 15.931 4.361 2.07524
10.222 14.516 3.613 1.19941
10.038 17.510 4.871 1.75187
2.357 16.679 3.293 1.96977
1.863 18.682 3.627 1.94963
4.487 18.921 3.782 1.59119
3.810 15.986 3.091 1.31558
0.475 14.714 3.114 1.18866
0.000 15.871 1.133 1.09669
3.525 18.682 2.844 1.22593
0.200 18.657 3.483 1.20262
14.718 17.969 5.209 1.23660
0.267 16.471 4.345 1.40181
0.255 17.899 4.524 1.36759
0.270 19.680 3.548 1.55988
6.467 19.198 3.707 1.70187
0.200 19.384 4.270 1.85453
0.533 14.713 3.638 1.50831
2.522 16.863 5.307 0.88578
1.508 18.087 4.656 1.47433
11.000 15.314 2.985 1.19637
7.297 16.194 4.073 1.27885
9.740 17.735 4.579 1.00342
0.140 18.022 5.362 1.15518
4.690 17.986 4.832 1.04852
3.978 17.241 3.932 0.93332
0.845 17.871 6.286 0.60853
10.498 15.578 2.243 1.28365
12.655 16.839 1.879 1.59819
4.207 15.628 2.613 0.93623
3.617 13.754 3.915 1.14355
5.890 13.537 2.711 1.75331
14.840 16.002 3.251 1.25444
2.033 15.263 2.658 1.20201
5.455 15.772 3.332 1.72512
2.285 16.551 3.455 1.16757
0.717 16.267 2.931 1.50724
8.583 16.537 1.819 1.79404
8.405 11.649 2.100 1.25095
4.903 13.387 2.750 1.54310
1.443 14.845 2.528 1.97922
5.663 16.646 4.137 1.45242
1.932 15.039 3.022 1.22005
0.000 16.764 2.929 1.08596
0.762 16.787 4.199 1.14847
5.412 12.578 3.601 1.55928
11.575 12.437 2.065 1.79889
1.785 13.962 1.386 1.25777
15.725 15.236 2.031 1.43317
2.663 16.219 3.293 0.99510
9.922 16.796 3.098 1.10454
1.515 17.233 3.202 1.15080
12.110 17.361 3.621 1.27906
2.293 17.091 4.119 1.00333
18.098 17.463 4.477 1.36897
2.195 13.138 2.992 1.02519
15.082 15.787 0.736 1.53899
7.785 6.263 -0.134 1.08628
12.085 7.490 0.482 0.94510
4.375 7.990 0.203 1.34024
9.802 7.431 0.043 1.31763
11.215 9.959 0.046 1.37991
3.498 10.084 -2.732 1.73067
0.000 10.464 -1.738 1.43640
0.000 11.206 -0.626 1.13240
2.255 11.508 -1.363 1.00572
2.662 12.328 -0.336 1.10491
0.000 13.619 0.089 1.13925
0.000 14.383 0.099 1.08413
0.000 14.571 0.800 1.29310
0.188 15.415 0.173 0.99811
0.000 15.273 0.256 1.23553
0.270 14.521 1.199 1.11657
0.080 14.888 -1.831 1.66083
0.000 15.167 -0.329 1.42915
0.000 15.701 -0.224 1.23783
0.580 15.248 1.252 0.91138
1.742 13.540 0.911 1.57572
2.775 13.970 0.980 1.12739
0.343 14.893 0.751 1.83693
0.095 14.945 1.803 1.61108
2.070 15.292 -0.164 1.72904
2.945 15.429 0.884 1.67846
0.988 14.762 0.472 1.35690
0.695 8.730 -2.833 1.56167
0.000 9.774 -3.027 1.46388
0.000 11.233 -2.628 0.87177
0.000 12.250 -1.538 1.18607
0.000 13.500 -1.339 1.14726
0.290 12.335 -1.840 1.54730
0.000 9.375 -2.294 1.49203
0.272 11.537 -3.293 1.89791
0.457 11.404 -2.531 1.71134
0.487 11.793 -2.237 1.11278
0.000 12.955 -1.775 1.50010
0.000 13.067 -1.788 1.28072
0.023 12.190 -1.918 1.14220
9.278 10.342 -1.547 1.11815
0.060 9.191 -2.201 0.87769
0.000 11.892 -3.246 1.96867
0.000 11.832 -2.917 1.97131
1.187 8.387 -4.798 1.09327
0.965 9.664 -4.883 1.93542
0.822 10.622 -4.851 2.07918
0.000 13.115 -4.550 2.00405
0.862 13.762 -3.273 2.08399
0.663 12.701 -2.100 2.65298
7.598 10.398 -3.997 1.99110
11.138 6.331 -3.858 2.42941
9.075 8.350 -4.132 1.47780
2.143 8.970 -4.285 1.31572
7.527 10.049 -4.104 1.88116
0.092 10.412 -4.021 1.26970
0.000 10.238 -3.727 1.26043
4.342 9.177 -4.359 2.52862
0.000 8.759 -5.100 2.24196
2.832 9.073 -5.079 2.30464
0.000 9.307 -5.342 1.77849
0.000 8.662 -5.344 1.90781
0.133 7.584 -5.572 1.49717
0.160 3.351 -8.438 2.03630
0.000 1.206 -9.044 1.35090
0.000 2.445 -9.336 1.31772
0.000 4.568 -8.926 1.02074
0.000 4.552 -7.058 1.11802
0.045 4.624 -7.156 1.76180
0.423 0.741 -6.104 1.23794
0.997 1.990 -7.183 1.00953
0.917 3.342 -7.634 1.69064
0.627 3.200 -7.633 1.91465
2.990 -2.090 -12.109 1.67801
0.000 1.456 -12.241 1.43769
0.028 5.069 -10.326 1.27678
0.000 7.906 -8.838 1.58212
0.050 7.472 -8.897 1.66452
0.543 6.720 -6.740 1.18478
0.555 7.148 -4.376 1.51412
0.478 7.056 -4.280 1.43206
0.027 7.653 -5.455 1.71504
0.073 7.092 -5.605 1.99385
5.730 5.926 -5.293 1.60545
1.712 3.772 -4.998 1.25316
0.005 5.933 -5.302 1.95338
0.008 6.294 -6.200 2.37625
0.907 4.907 -8.541 2.26032
0.000 4.768 -9.605 1.75105
0.000 5.529 -10.511 2.00702
0.172 6.952 -10.730 2.15971
0.045 5.311 -10.084 1.78593
0.000 7.945 -9.460 1.94799
0.000 5.911 -9.323 1.87812
0.000 3.020 -10.105 1.50137
0.000 1.380 -11.341 1.53154
0.310 4.769 -11.585 2.02543
0.655 3.688 -9.768 2.17757
0.000 -2.481 -14.167 2.02741
0.000 2.602 -14.360 2.01567
0.000 2.240 -12.426 1.54146
0.000 2.091 -12.732 2.40494
0.000 -2.332 -10.825 1.98827
0.000 -4.570 -14.187 1.51972
0.000 -2.526 -14.388 1.88553
0.000 -4.544 -15.019 1.56606
0.000 -1.638 -15.243 1.27749
0.000 -2.791 -15.063 1.78372
0.000 0.257 -15.638 2.14297
0.000 -2.624 -15.123 1.66028
0.000 -1.452 -15.136 0.97292
0.000 -3.889 -16.514 1.82086
0.000 -0.953 -16.816 1.28421
0.000 1.914 -14.814 1.53653
0.000 -0.444 -15.804 1.98924
0.030 -2.744 -16.572 1.74074
0.220 -0.975 -20.850 2.12622
0.625 -5.999 -22.030 1.68693
0.007 -5.491 -22.050 1.30772
0.088 -3.456 -19.816 1.77523
0.070 -2.370 -20.507 1.77916
0.597 -3.240 -20.377 1.79020
0.000 -2.887 -18.853 2.74246
0.007 -4.255 -18.908 2.92428
0.515 -5.646 -22.491 1.99892
0.000 -9.837 -23.704 1.64465
0.110 -2.347 -23.736 1.57180
0.000 1.481 -17.338 1.72201
0.000 3.094 -16.724 1.75872
0.035 3.130 -14.391 2.11867
0.047 1.488 -17.254 3.42675
0.213 -2.683 -19.592 3.65134
0.000 -4.407 -19.815 3.54279
0.103 -7.352 -18.497 2.87901
0.000 -7.873 -20.681 2.20556
0.000 -2.601 -20.880 2.33155
0.000 -3.199 -20.804 2.86562
0.003 -6.091 -19.605 2.03348
0.000 -3.889 -19.776 2.15839
0.000 -6.112 -19.385 1.93323
0.065 -3.734 -19.823 2.58592
0.000 -1.783 -19.571 2.38787
0.000 -2.976 -16.728 1.57890
0.407 -1.657 -17.091 2.29860
0.000 1.423 -17.298 2.33014
0.000 -0.085 -16.306 1.91837
0.000 2.286 -15.706 2.15231
0.000 3.062 -14.469 1.83517
0.000 5.496 -14.421 2.16873
0.000 5.878 -14.594 2.05346
0.123 6.232 -12.937 2.49186
0.005 5.929 -13.601 2.95941
0.000 1.045 -16.397 3.54867
0.000 -1.992 -16.912 2.89450
0.000 -0.520 -16.875 3.32275
0.000 2.786 -16.288 2.97767
0.995 4.294 -15.315 2.55927
0.000 4.511 -14.567 2.74640
0.037 4.049 -14.418 2.71990
0.193 2.436 -14.469 2.75166
0.400 0.368 -13.030 1.79381
0.000 0.944 -13.333 2.56670
0.000 4.014 -13.252 1.98324
0.000 4.846 -12.887 2.39185
0.595 4.023 -9.846 1.46151
0.010 2.915 -8.813 2.30601
0.050 2.251 -10.168 1.99309
0.078 4.454 -10.479 2.16216
0.045 2.939 -10.373 2.40680
0.000 4.175 -10.854 1.96875
0.000 5.966 -10.923 2.30557
4.232 5.585 -10.641 2.20717
0.547 6.043 -7.586 2.06708
0.215 5.413 -9.103 2.48832
0.532 5.130 -9.147 3.28472
0.000 4.990 -9.140 2.91323
0.328 2.186 -10.781 3.19547
0.258 6.832 -10.761 2.59509
0.975 5.893 -10.107 3.07842
0.095 5.800 -9.544 4.12301
0.285 3.972 -9.604 4.05281
0.488 3.270 -9.451 4.74155
0.000 0.588 -13.740 3.88969
0.075 -0.318 -14.550 3.34958
0.062 -0.290 -14.599 2.15846
0.005 2.959 -14.391 2.29552
0.020 7.138 -12.140 2.38133
0.330 7.124 -10.316 2.98529
0.027 6.384 -7.154 2.71767
0.177 8.872 -6.353 3.38419
0.000 9.254 -6.146 3.83841
1.655 8.609 -6.313 4.42461
0.040 7.953 -6.304 4.95102
0.000 5.044 -7.737 3.86582
0.000 4.434 -7.786 4.19463
0.000 5.078 -9.195 4.12225
0.060 -0.444 -11.744 2.51864
0.102 5.067 -11.192 3.21525
0.182 5.426 -9.355 3.19701
0.000 7.850 -8.689 3.09671
0.000 9.713 -6.903 3.07392
0.000 14.205 -6.089 2.66107
0.000 14.804 -6.719 3.52101
0.000 9.591 -8.010 4.39740
0.337 5.945 -8.190 3.46121
0.008 6.524 -7.988 3.32445
0.005 4.413 -7.830 3.08967
0.080 5.086 -8.557 2.92723
0.228 5.174 -7.729 4.09663
0.472 2.910 -6.509 5.20091
0.342 0.360 -10.967 3.11384
0.305 3.078 -9.397 3.49327
0.402 7.314 -8.170 3.97108
0.400 8.831 -6.863 3.05110
0.800 9.626 -5.338 3.35219
0.287 10.795 -4.619 3.23151
2.372 9.269 -4.676 3.34095
2.005 4.869 -5.322 1.81452
0.038 7.500 -5.755 1.86537
3.298 7.716 -5.695 2.57173
4.115 7.333 -5.620 2.30148
0.047 8.202 -5.231 1.48210
0.178 10.817 -5.425 2.91648
0.892 3.655 -6.031 2.40729
0.010 11.331 -4.230 2.72457
0.000 14.015 -4.770 2.98102
0.000 15.535 -4.408 2.66116
0.000 14.457 -2.072 2.45213
0.000 13.669 -4.957 3.82252
0.042 12.515 -5.040 2.95992
1.520 12.830 -3.060 2.13174
0.200 9.635 -6.758 1.83772
0.043 12.405 -4.647 2.55134
0.000 11.650 -3.147 2.04280
0.918 14.934 -3.863 2.00588
0.000 18.047 -1.940 2.92503
1.885 16.618 -3.298 2.59007
0.205 12.405 -3.298 2.08813
0.253 14.807 -3.076 2.43414
0.103 15.178 -2.183 3.00809
0.000 13.701 -3.186 2.07228
0.385 13.751 -3.382 2.57838
1.870 11.646 -3.534 2.15718
0.365 14.712 -3.224 1.90352
1.445 12.153 -3.590 2.39348
0.580 11.245 -2.208 2.64665
0.998 9.325 -2.843 1.19247
3.432 14.189 -1.427 2.11654
0.437 11.308 -4.001 2.07697
1.773 16.019 -1.353 2.59814
4.302 9.494 -5.590 2.42228
0.000 10.876 -3.360 2.08201
5.912 14.037 -0.590 1.22706
1.095 9.913 -3.373 2.10193
3.280 11.597 -2.709 1.60574
0.000 14.502 -2.649 2.08504
0.077 13.525 -2.398 1.79940
1.235 15.544 -2.735 2.74309
0.618 14.529 -1.748 3.32447
0.262 9.596 -2.872 1.98461
0.025 12.757 -2.055 2.37784
0.138 14.145 -2.874 1.51938
0.252 14.475 -1.557 2.79616
6.382 8.411 -1.222 1.40941
2.337 10.778 -1.025 1.40859
6.215 10.657 -1.835 1.78533
0.742 15.608 -0.323 2.30137
2.710 16.099 0.391 2.36104
5.595 16.560 0.909 2.02154
0.073 18.288 1.157 1.96110
0.080 17.955 2.405 2.33090
0.985 17.361 3.339 2.08708
0.840 17.243 2.946 3.12188
2.795 17.832 2.882 3.85654
0.000 18.514 -2.688 3.42679
0.760 16.587 -3.684 3.96066
0.000 17.137 -2.166 3.31455
0.000 17.014 -1.766 2.96349
0.000 18.181 -0.363 2.79996
0.000 19.427 1.054 2.39244
0.370 20.318 2.624 1.92829
0.452 19.544 3.171 1.45428
7.727 20.890 4.317 1.72585
1.723 16.701 3.748 1.42203
0.758 19.383 4.402 0.98813
0.367 20.508 2.557 2.08076
1.235 20.157 3.551 1.61498
6.082 21.833 4.300 1.50090
0.135 22.175 4.019 1.52002
6.933 22.830 4.966 1.52657
0.148 20.763 4.324 1.74277
0.000 18.010 5.137 0.90756
0.000 21.943 4.637 2.10616
1.233 13.702 3.409 1.95760
8.582 19.667 4.217 1.81945
0.452 18.516 2.773 2.53359
8.592 16.361 3.430 1.56994
0.153 19.137 2.301 2.20698
3.518 20.082 3.443 2.11732
5.918 17.727 3.566 2.22144
0.600 17.514 4.144 1.63471
1.552 15.493 3.814 2.01252
2.065 17.553 1.811 2.51203
2.848 15.595 1.817 1.62582
6.932 13.162 3.021 1.30361
3.770 15.040 3.664 1.05721
0.968 16.557 3.953 1.71129
2.265 18.309 3.450 2.64096
0.555 17.785 3.079 1.80265
0.000 18.636 4.251 1.52342
2.068 19.111 5.219 0.92804
1.875 18.983 4.812 1.27959
22.095 18.225 3.660 1.50206
2.090 16.031 3.012 1.31393
0.000 17.698 3.371 1.46987
0.000 18.987 2.700 1.23979
2.645 18.331 3.724 1.88823
15.607 16.000 2.901 1.85723
1.240 16.045 3.201 1.78652
0.035 15.361 3.192 1.25594
0.483 16.177 1.804 1.44026
0.117 14.910 1.034 1.35459
0.000 15.072 1.458 1.21251
0.950 15.427 2.330 0.93403
1.928 15.320 1.115 1.24782
0.000 16.236 1.810 1.40395
0.000 19.104 4.081 0.86909
4.815 14.547 1.328 1.82703
3.932 15.629 1.987 1.06167
6.960 16.588 2.948 1.06632
8.795 15.894 2.793 0.97933
13.667 17.232 2.656 0.95967
2.885 15.890 1.743 1.75069
1.685 17.073 2.503 1.98142
0.110 16.411 3.647 1.45580
2.853 17.967 3.835 1.39219
0.102 19.353 3.533 1.95866
9.652 19.405 4.206 1.36586
0.050 18.563 4.886 1.50468
1.787 19.129 3.449 1.30026
0.505 19.510 4.025 1.31365
4.548 20.431 4.509 1.20979
11.323 18.460 3.815 1.33742
11.672 19.528 4.362 1.16617
6.427 17.332 3.518 0.97641
6.355 18.957 2.952 1.04073
9.975 16.103 1.838 1.00030
8.825 18.981 3.491 1.47747
4.685 19.384 3.746 1.63736
7.453 16.592 3.195 1.25723
3.623 15.849 3.233 1.72851
11.590 15.349 1.609 1.26843
1.348 13.692 2.141 1.29991
0.232 16.982 1.680 1.48763
10.392 16.394 3.439 1.05819
11.113 13.833 1.718 0.96725
2.692 12.836 2.115 1.02703
3.460 13.701 2.125 1.78448
7.725 13.811 0.646 1.40193
1.342 11.084 -2.224 1.08555
0.477 13.774 -0.288 1.32358
0.525 12.436 -0.558 1.34654
2.300 14.431 0.504 1.57345
1.317 11.737 0.543 1.09274
10.495 13.199 0.992 1.05178
4.278 12.245 1.348 1.28890
2.943 13.589 1.327 1.00781
20.398 9.059 1.025 0.81911
1.742 12.585 -0.027 1.25280
0.585 14.401 1.733 1.61428
21.478 14.197 2.723 0.96342
2.257 15.161 2.275 0.66348
0.000 15.388 2.426 0.87189
1.207 15.902 2.092 0.92276
0.000 16.425 1.977 1.11115
0.270 16.237 2.588 1.29248
0.350 16.242 2.064 1.28572
2.297 15.842 0.000 1.56969
0.035 16.380 0.383 1.49443
3.172 14.814 1.886 1.23168
2.732 14.510 1.770 1.01147
9.710 14.795 1.108 1.42853
0.642 12.101 0.868 1.19446
3.335 12.487 -1.243 1.83930
0.000 10.344 -2.646 1.07909
0.335 13.607 -1.221 1.23166
0.000 13.936 -0.689 0.91696
2.825 13.217 -1.424 1.88280
0.000 12.572 -1.234 1.38563
0.000 13.544 -2.245 1.04151
0.000 14.021 -1.286 1.26051
1.972 14.811 -0.631 2.31269
0.063 12.949 -1.403 1.94569
0.682 13.644 -0.452 0.83712
4.610 13.444 0.509 0.91216
3.197 12.808 -0.630 0.89907
0.000 14.950 -1.949 1.42881
0.000 14.779 -1.824 1.73922
0.000 14.368 -1.479 1.72731
0.000 13.816 -2.557 2.49963
0.048 12.765 -1.809 1.89517
0.000 10.664 -2.064 1.39179
0.445 11.855 -1.485 1.90248
0.000 12.715 -1.566 1.94213
0.000 13.527 -1.210 2.36183
0.397 12.523 -3.420 2.33570
0.177 11.655 -4.557 2.18940
0.037 9.711 -5.384 2.83994
0.000 10.295 -4.384 3.35768
0.000 10.741 -3.812 3.13924
0.000 11.217 -2.836 2.49966
0.260 10.752 -2.491 1.74054
4.950 5.975 -3.302 0.96931
13.507 4.503 -3.298 0.98782
3.680 6.368 -3.586 1.41687
1.295 10.569 -3.229 2.14907
0.583 10.671 -3.929 2.60883
0.192 10.925 -3.899 2.28672
0.000 9.482 -3.932 1.44948
1.602 9.567 -4.595 1.84454
1.297 7.044 -4.686 2.09571
0.055 6.678 -4.602 1.17258
1.040 7.496 -4.353 1.45109
1.628 7.662 -4.003 1.58213
0.400 7.806 -4.774 1.62298
0.503 8.783 -4.757 2.23349
0.148 5.760 -6.274 2.00482
0.000 4.889 -6.328 1.14296
0.605 6.456 -4.206 1.03750
0.833 7.041 -3.284 1.60636
1.062 3.256 -4.545 1.09541
0.263 5.300 -6.253 2.06893
0.000 5.440 -6.439 1.12428
0.017 6.223 -6.551 1.54356
0.000 5.659 -7.083 2.02490
0.000 6.139 -8.198 1.78274
0.013 4.838 -8.507 2.99650
0.165 3.063 -10.341 2.02231
0.000 4.166 -10.491 2.12374
0.535 5.353 -8.279 1.48315
0.762 4.924 -8.298 1.63912
0.000 5.647 -7.164 1.41052
0.332 6.519 -7.160 1.92748
1.403 4.936 -6.549 1.98336
0.270 2.072 -10.361 2.12839
0.047 1.220 -11.711 2.02916
0.617 2.380 -12.228 2.07564
0.650 3.011 -12.555 2.33367
0.238 -0.708 -12.606 2.00790
0.000 5.131 -12.332 1.73784
0.098 5.626 -10.942 1.60350
0.000 8.111 -9.029 1.83108
0.575 8.134 -6.677 2.07204
0.693 5.929 -7.153 3.20482
0.275 -0.949 -11.172 1.50854
1.515 1.193 -11.420 1.88793
0.398 -1.577 -9.840 2.35922
0.197 2.303 -12.374 1.86395
0.000 4.253 -12.732 1.73224
0.000 3.482 -13.009 2.37117
0.000 1.579 -13.063 1.67390
0.002 -0.101 -10.926 1.81416
0.000 -1.386 -11.799 1.09772
0.000 -0.277 -12.609 1.62397
0.000 -0.456 -13.178 1.43075
0.000 -1.263 -15.715 1.96374
0.000 -0.112 -15.983 2.10883
0.000 0.742 -13.645 1.53850
0.053 0.122 -13.708 2.53855
0.000 0.806 -13.505 1.39148
0.000 -1.221 -14.980 1.89435
0.000 -0.011 -14.920 1.93001
0.035 -1.640 -12.523 1.72886
0.000 -2.842 -15.179 1.86618
0.000 -2.888 -15.524 2.12999
0.000 -0.226 -15.313 2.15120
0.000 1.080 -14.792 2.63915
0.000 2.453 -13.788 2.32396
0.000 1.226 -13.853 2.28735
0.000 -1.267 -14.452 1.84437
0.000 -2.948 -15.558 1.76246
0.000 -3.001 -15.791 1.43176
0.000 -3.989 -16.708 1.61844
0.000 -0.297 -17.090 1.81351
0.072 -1.437 -16.558 2.01586
0.000 -4.869 -17.101 2.08555
0.020 -2.162 -17.483 2.09956
0.037 -4.456 -17.080 1.67764
0.000 -3.065 -15.078 1.71348
0.000 -2.189 -14.651 0.94525
0.000 -1.386 -15.273 1.75084
0.000 -0.246 -15.877 1.88052
0.000 -0.902 -16.160 1.99723
0.000 0.216 -15.944 1.82883
0.152 0.422 -14.630 1.39566
0.205 -3.490 -17.409 1.97294
0.000 -0.701 -17.593 2.13455
0.070 -0.470 -15.824 2.26651
0.000 -4.107 -14.788 2.00612
0.405 -0.818 -13.363 2.57643
0.010 -2.225 -14.260 1.79766
0.000 0.627 -14.893 2.45730
0.000 -0.929 -15.093 2.91415
0.000 0.571 -15.640 3.13562
0.000 -0.742 -15.771 2.87756
0.032 -1.962 -16.060 2.66505
0.000 -2.478 -15.531 2.74918
0.505 0.655 -16.281 2.57261
0.000 -2.847 -16.357 3.28534
0.015 -4.092 -16.659 2.29720
0.000 -3.061 -16.914 2.71722
0.000 -4.900 -16.572 1.91241
0.000 -3.279 -16.532 1.98865
0.000 -2.975 -16.523 1.83729
0.000 -0.842 -16.677 1.51715
0.005 0.243 -16.840 2.67536
0.000 -3.441 -16.239 2.47834
0.002 -5.151 -16.186 2.86902
0.000 -8.656 -20.236 1.86498
0.000 -4.374 -20.388 2.95766
0.000 -4.602 -18.618 3.04958
0.000 -4.410 -15.992 3.11342
0.120 -3.722 -15.508 2.40105
0.030 -4.262 -14.128 1.75518
0.000 -3.712 -16.069 1.99944
0.035 -1.711 -16.221 2.29658
0.042 -1.973 -15.688 2.68332
0.000 -1.280 -15.657 2.02462
0.120 -3.226 -15.723 2.01341
0.000 -2.534 -16.677 2.40781
0.000 1.618 -17.131 2.60019
0.000 2.157 -17.166 3.57444
0.000 3.685 -14.844 3.41675
0.000 1.930 -16.400 4.19478
0.107 -1.869 -16.593 2.86166
0.000 1.100 -16.411 3.00631
0.000 -0.722 -17.023 4.70379
0.010 -3.203 -19.039 4.75334
0.000 -3.836 -19.299 3.67988
0.000 -1.877 -19.311 3.53029
0.000 -2.016 -18.949 3.00926
0.000 1.338 -18.905 2.92522
0.000 2.190 -17.268 3.21448
0.000 1.432 -15.983 3.03953
0.000 -0.667 -17.741 3.57315
0.000 -2.376 -17.806 4.12778
0.000 -3.590 -17.547 2.27430
0.300 -2.471 -17.030 1.74765
0.167 -3.180 -14.672 2.52402
0.017 -1.844 -14.451 3.06121
0.000 -2.509 -13.873 2.00979
0.048 -1.348 -13.574 3.36517
0.000 0.676 -12.819 2.31678
0.013 0.745 -13.234 2.07540
0.042 2.603 -13.039 2.59268
0.000 4.700 -11.992 3.14803
1.955 1.466 -10.701 3.82124
0.305 -0.561 -13.761 4.52678
0.048 -1.049 -14.881 3.15270
0.015 -1.064 -14.373 2.63400
0.000 0.599 -12.987 2.84237
0.000 0.988 -12.525 3.39590
0.607 1.821 -9.088 3.26752
0.410 -0.943 -12.123 2.45995
0.130 0.714 -12.487 2.98309
0.045 0.983 -11.918 2.98146
0.030 2.541 -11.698 2.82249
0.007 2.797 -12.001 3.60184
0.005 3.423 -11.419 4.02189
0.607 2.961 -11.268 3.24161
0.000 4.998 -10.489 2.69891
0.000 7.275 -9.052 3.68534
0.000 5.686 -8.687 6.09536
0.037 3.245 -7.602 3.74460
0.042 1.318 -8.155 1.79926
0.000 4.685 -7.249 0.95229
0.000 7.162 -5.438 1.54335
0.000 8.053 -4.976 1.53708
0.270 6.825 -5.164 1.83309
1.485 11.370 -5.243 2.56653
0.185 10.543 -3.969 2.46375
2.250 10.341 -6.603 2.25650
3.913 7.663 -4.951 2.80797
10.175 6.690 -6.721 3.03645
5.567 3.801 -8.843 3.41400
3.913 1.827 -9.391 2.29112
3.012 5.619 -7.921 2.32522
2.680 6.514 -5.931 1.84297
0.018 5.934 -7.090 2.43844
0.953 4.661 -6.577 4.31484
0.752 0.963 -9.010 1.42824
0.000 6.551 -7.271 2.00943
1.090 5.923 -6.597 3.23887
0.000 9.092 -6.250 3.50173
0.295 8.139 -4.659 1.23660
1.628 10.028 -5.007 2.71168
1.652 8.817 -3.661 2.13206
0.662 6.597 -5.524 2.19598
0.055 11.708 -3.857 2.55886
0.000 11.728 -3.938 1.95631
0.242 11.053 -4.274 2.48518
0.555 9.360 -4.271 1.93060
1.980 7.450 -3.767 1.66334
1.475 10.499 -3.187 2.89159
1.497 8.147 -3.598 3.15426
0.670 6.830 -5.388 2.21096
0.188 10.988 -3.204 1.70768
0.095 9.521 -4.182 1.84474
0.000 11.217 -3.943 4.18353
1.517 6.810 -3.601 2.33222
0.162 6.708 -2.914 1.17550
2.097 4.016 -4.329 1.88628
0.658 4.332 -5.788 1.85045
0.000 10.368 -3.118 1.57403
0.000 13.919 -2.266 1.62679
0.545 9.507 -3.563 1.67207
0.000 14.861 -1.300 1.93120
3.330 8.220 -3.115 2.44824
0.000 11.014 -1.983 1.08542
0.140 14.365 -3.605 1.76235
1.305 11.770 -3.020 2.27406
0.015 14.721 -1.973 1.53957
0.153 17.102 -0.720 1.62879
0.360 18.848 -1.747 2.09574
0.285 17.403 1.022 1.92368
1.305 15.940 0.624 1.76937
3.345 12.043 -0.861 1.92583
1.580 6.342 -2.542 1.70568
5.627 11.126 -1.012 1.28071
0.383 16.256 -1.308 1.22736
1.780 11.201 -0.898 2.69380
2.165 11.339 -0.147 1.58645
2.535 13.828 -0.350 2.51983
0.340 16.268 0.397 1.33641
1.075 16.413 1.385 1.82025
1.032 16.389 1.230 2.48585
0.000 16.664 0.252 3.18261
0.052 11.915 0.333 1.72596
1.247 9.815 -0.979 1.32085
0.000 15.862 0.289 0.99654
0.000 17.203 -1.668 3.22183
0.000 17.744 -1.562 3.16271
0.000 17.439 1.237 2.15753
0.710 17.515 1.711 1.10801
0.000 20.124 0.857 2.01680
0.000 19.427 1.954 1.72862
0.003 20.944 1.872 1.75419
2.818 19.900 4.449 1.69971
6.745 18.916 3.006 1.91877
0.680 20.899 3.982 2.35539
0.427 20.498 3.574 2.10930
1.650 19.502 4.556 2.45609
0.410 19.800 4.460 2.44436
9.333 14.858 2.007 1.58405
0.705 13.564 0.325 1.49162
0.342 18.665 1.931 1.45415
0.048 18.329 1.695 1.40042
2.230 17.436 1.786 1.31971
0.452 18.582 2.901 1.69194
1.490 15.186 0.593 1.27363
0.825 18.000 3.536 1.53532
12.307 14.713 1.369 1.85991
5.287 17.424 2.832 2.94012
0.698 16.150 1.647 2.21697
0.210 16.034 1.867 1.89940
0.980 17.692 3.870 1.72025
2.905 18.689 2.501 1.58340
6.210 19.873 3.497 1.33063
0.960 16.998 1.964 1.19263
0.565 19.836 4.534 1.00825
6.537 19.314 4.493 1.74713
1.760 16.977 1.874 1.73293
1.640 17.834 3.262 2.00831
7.502 16.851 3.535 1.09006
1.822 16.936 3.168 1.28097
15.090 18.009 3.491 1.50779
11.555 17.213 4.594 1.45057
0.775 16.013 3.506 1.09939
17.127 16.404 2.543 1.65998
11.202 12.693 3.154 1.30658
3.078 12.419 2.081 2.29624
9.040 11.529 3.096 1.55961
10.370 14.474 2.640 1.50667
4.098 13.588 1.044 1.54623
0.577 15.773 2.422 1.40320
0.050 17.232 1.873 1.28122
0.000 18.089 2.718 1.39162
0.000 19.107 3.459 1.32050
1.482 18.421 4.014 1.37662
10.480 16.604 3.443 1.34300
4.312 17.607 4.828 1.52199
0.540 15.966 4.833 1.11633
2.180 17.231 5.556 1.34089
0.103 17.784 3.713 1.66863
0.100 17.936 4.233 1.34853
5.550 17.616 5.247 1.09606
0.005 17.918 4.538 1.56790
2.365 17.674 3.904 1.08460
1.085 17.531 3.765 1.62096
19.487 18.727 1.405 1.18655
1.257 13.803 2.243 1.18310
8.458 14.055 1.295 2.05537
3.430 13.581 0.174 1.88943
0.063 14.399 0.901 1.95685
0.160 14.095 2.300 1.82199
1.145 13.377 1.467 1.36127
5.483 18.143 3.159 0.93529
10.970 15.860 3.199 1.09791
0.147 15.158 2.925 1.50094
0.120 13.590 0.964 1.42328
4.155 16.206 2.005 1.56285
20.492 14.856 1.294 1.64262
1.027 16.154 2.868 1.18982
1.940 17.354 2.830 1.14633
11.960 16.913 3.988 1.10637
7.868 16.601 3.749 0.77537
3.015 14.249 2.927 0.93973
3.863 15.527 3.872 1.34572
8.110 14.573 3.514 0.96725
0.732 16.862 4.356 0.93072
8.323 15.724 2.707 1.01902
1.315 13.253 2.745 1.69194
10.225 16.611 3.694 1.12704
0.253 16.418 4.114 1.08769
20.312 16.312 3.242 1.41345
9.000 17.601 4.256 0.95576
6.820 17.359 2.436 1.25093
0.055 15.430 1.370 1.50718
9.100 14.870 0.814 1.39476
3.362 9.505 0.560 1.12798
0.198 11.952 0.565 1.20492
0.987 12.612 0.766 0.93765
4.988 12.196 1.493 1.17995
2.365 16.038 0.814 1.43924
3.842 17.210 2.793 1.20725
3.552 17.566 3.424 1.16137
19.632 15.137 1.949 1.08569
1.490 13.028 1.985 1.51612
3.875 11.099 1.391 1.61673
0.793 12.594 1.131 1.74085
2.512 14.456 1.421 2.09306
4.635 15.083 1.703 2.01684
0.315 14.286 0.842 2.08138
0.030 16.068 0.748 1.67283
1.203 15.522 1.610 1.42386
1.073 12.524 0.707 1.31292
1.775 10.783 0.545 1.29458
7.457 10.629 -1.108 1.67720
0.518 5.211 -2.802 1.27143
1.240 9.763 -2.723 0.83392
0.125 8.178 -3.169 1.45169
0.000 10.157 -3.265 1.25835
0.212 12.207 -2.793 1.27254
0.000 12.742 -2.463 1.45538
1.228 12.164 -0.979 1.55249
0.455 10.706 -0.706 1.58966
0.442 12.248 -2.260 1.51853
0.212 12.195 -1.267 1.46507
0.098 11.929 -2.757 1.32292
0.000 12.640 -4.414 1.49177
0.060 12.641 -4.227 2.16081
0.000 12.339 -3.803 2.33654
0.072 12.701 -2.899 1.95787
1.555 11.129 -2.372 1.08529
0.090 10.247 -2.125 0.92476
2.410 11.547 -1.733 1.32643
1.423 9.367 -3.079 1.38802
0.000 11.296 -3.592 0.81823
0.237 14.037 -3.351 1.48363
0.085 15.406 -2.805 1.31727
0.000 14.888 -3.416 1.72793
1.852 13.969 -3.839 2.20655
0.000 12.681 -3.486 1.94779
0.000 12.139 -4.015 1.59915
0.000 11.604 -3.845 2.21163
0.595 10.980 -5.454 2.23246
0.000 10.933 -5.121 2.39152
0.000 12.114 -4.140 2.44780
0.000 7.463 -4.520 1.54978
0.000 9.229 -4.603 1.17330
0.415 8.866 -4.419 1.83623
0.003 9.778 -4.640 1.51330
0.000 9.988 -4.432 1.91706
0.698 7.758 -4.929 1.75004
0.018 9.330 -4.931 2.31747
0.620 4.885 -3.944 1.63909
0.100 6.519 -5.595 2.64905
0.000 7.606 -5.864 2.03217
0.000 7.416 -6.026 2.73350
3.460 6.870 -5.937 2.05321
1.135 -0.290 -7.055 1.90613
0.000 2.816 -8.758 1.76146
0.000 4.333 -8.935 2.09042
0.082 4.850 -8.007 1.52226
0.012 4.298 -7.300 1.97338
0.000 6.846 -7.404 1.63664
0.000 5.255 -5.780 1.50612
0.000 5.816 -6.153 1.44308
0.323 7.331 -6.177 1.87815
0.250 8.393 -6.249 2.00505
0.250 5.547 -6.638 1.61907
0.000 7.490 -6.675 1.40699
0.010 8.980 -6.445 1.63510
0.482 3.163 -9.337 1.79366
0.160 6.299 -9.460 2.52165
0.012 6.861 -6.872 2.25129
0.000 5.605 -7.012 2.47184
0.000 4.979 -7.095 3.26155
0.022 0.959 -10.385 1.72231
0.000 3.265 -11.358 1.43337
0.020 5.302 -11.267 2.16863
0.005 4.491 -10.571 3.16265
1.425 -3.043 -12.538 2.80485
0.003 -5.430 -15.043 1.21476
0.000 0.616 -15.208 1.65107
0.000 1.435 -11.729 1.54510
0.065 3.995 -11.480 1.85886
0.000 1.911 -9.543 1.13808
0.320 3.617 -11.555 1.81131
0.020 5.008 -11.927 2.56980
0.782 5.263 -12.039 3.40336
0.935 2.863 -13.099 3.89765
0.895 -0.003 -14.312 2.49540
0.127 2.041 -14.577 2.88733
0.133 1.633 -14.348 2.89310
0.015 -1.557 -15.456 2.44502
0.000 -0.892 -15.472 1.62538
0.005 2.879 -14.833 2.28547
0.017 2.799 -14.421 2.50567
0.000 1.755 -14.468 1.81822
0.000 2.305 -14.765 1.95795
0.003 1.856 -14.045 1.74616
0.117 -2.038 -14.414 1.61963
0.002 -1.944 -14.856 2.44416
0.008 -3.151 -14.474 3.01298
0.000 -6.417 -18.021 2.36464
0.007 -1.218 -18.217 2.35613
0.035 1.451 -14.006 1.96591
0.147 -2.341 -14.760 1.61198
0.037 1.193 -14.757 2.51379
0.000 5.495 -12.207 2.09660
0.000 6.603 -12.170 1.97255
0.000 5.342 -12.544 2.03781
0.000 4.103 -11.715 1.50633
0.000 0.215 -12.615 1.97120
0.000 1.044 -13.058 2.07653
0.000 2.952 -12.873 2.20521
0.000 5.187 -14.282 2.29404
0.000 1.806 -14.548 1.71691
0.000 2.531 -14.110 1.79060
0.000 -0.044 -15.102 1.83446
0.000 1.336 -15.533 2.27840
0.000 1.251 -15.385 1.90159
0.000 1.100 -13.837 2.21953
0.000 5.039 -13.747 2.24068
0.023 4.770 -13.154 2.99377
1.005 1.794 -13.619 2.73787
0.023 -1.015 -14.963 2.31220
0.008 -2.676 -18.292 3.15751
0.030 -5.323 -18.335 2.79538
0.000 -1.537 -17.983 2.62293
0.055 0.848 -17.453 2.58808
0.070 -2.130 -16.462 2.29072
0.227 -5.071 -16.052 2.00509
0.000 -4.639 -16.889 2.54244
0.000 -0.641 -17.582 2.48875
0.000 -6.362 -18.029 2.27238
0.000 -0.533 -17.053 1.75054
0.000 -4.710 -16.090 1.28581
0.000 -1.802 -16.696 1.96796
0.000 1.456 -16.300 2.18915
0.000 -0.325 -15.884 2.22996
0.000 1.680 -16.123 2.31304
0.025 -0.401 -16.397 2.05567
0.000 -0.184 -16.596 3.02982
0.000 0.033 -16.273 2.38963
0.000 0.169 -17.158 3.76595
0.000 -4.268 -17.354 4.12679
0.000 -4.348 -16.476 3.64249
0.000 -2.868 -16.639 2.58088
0.000 3.572 -15.757 2.93061
0.000 3.654 -14.422 2.82511
0.000 3.537 -14.086 3.17412
0.000 7.253 -12.637 2.86915
0.000 8.293 -11.426 2.77846
0.000 9.217 -8.386 2.60924
0.000 9.025 -7.770 2.93107
0.000 7.388 -10.356 3.96513
0.000 2.957 -13.972 3.00334
0.000 1.126 -16.892 4.41719
0.000 -1.076 -16.959 3.24212
0.000 -2.698 -16.104 2.22844
0.000 0.836 -15.854 2.58631
0.383 3.224 -15.134 2.75362
0.000 -0.547 -14.793 2.11894
0.000 4.216 -14.668 3.71640
0.000 4.629 -13.089 3.03537
0.100 5.129 -13.285 3.31736
0.000 4.030 -13.291 2.68067
0.000 6.077 -11.882 2.23172
0.018 7.287 -11.264 2.90441
0.212 3.449 -11.361 3.25346
0.000 3.550 -11.044 1.74838
0.000 3.633 -10.270 1.87420
0.353 -0.465 -10.608 1.68764
0.000 1.702 -12.349 2.03502
0.000 0.277 -12.985 4.00423
0.185 -0.759 -13.551 2.46977
0.002 0.126 -13.922 1.67589
0.000 1.478 -13.927 3.02280
0.003 0.812 -13.126 2.97911
0.028 2.627 -12.502 3.90434
0.293 -0.286 -11.828 3.26036
0.013 2.972 -11.970 2.64848
0.000 4.119 -11.433 4.16711
0.425 3.168 -10.373 3.25465
0.000 3.183 -9.657 2.52415
0.018 4.707 -10.009 4.42853
0.207 1.996 -9.613 3.12983
0.020 -3.282 -14.546 1.61134
0.075 0.877 -14.509 1.68195
0.553 2.947 -13.305 3.44193
0.000 1.851 -11.632 2.26682
0.000 1.788 -11.875 2.00865
0.000 1.087 -11.549 1.50804
0.000 1.317 -11.275 1.88149
0.013 4.020 -11.008 2.22358
0.010 4.488 -10.463 2.92598
0.002 3.701 -10.016 2.93907
0.567 0.706 -9.781 2.50727
0.842 2.882 -10.092 4.21854
0.000 0.935 -10.564 3.86253
0.007 2.344 -11.516 3.09549
0.150 4.947 -11.031 2.58546
0.312 4.961 -7.790 2.63197
0.025 7.369 -7.120 3.25813
0.488 6.605 -7.528 4.40615
0.007 3.119 -6.871 3.39273
0.038 2.306 -8.809 2.39752
0.000 2.077 -8.982 2.22087
0.658 3.590 -8.171 2.82638
0.130 3.049 -7.213 2.20879
0.118 6.537 -5.729 2.50344
0.780 9.018 -5.545 2.50547
6.377 7.278 -5.678 2.59434
0.020 5.461 -6.458 3.06103
0.323 2.616 -6.296 2.62584
0.882 2.283 -6.442 1.47882
0.000 6.536 -5.235 2.15371
0.490 4.766 -5.621 1.76502
2.193 6.080 -6.566 2.33181
0.845 7.079 -7.006 3.42927
3.400 9.565 -5.140 3.50894
1.068 7.099 -6.999 3.61880
1.493 5.797 -5.724 3.02431
0.085 7.253 -6.834 2.37444
0.000 7.064 -6.015 2.70725
1.042 8.827 -3.937 2.38149
4.030 6.821 -3.456 1.81119
0.635 9.299 -4.312 2.77834
0.770 7.980 -3.844 2.69967
0.395 8.699 -5.220 2.12790
0.418 9.899 -4.002 2.25142
0.008 7.819 -5.181 2.39813
0.000 9.548 -3.925 1.80614
0.400 10.919 -4.939 2.60833
0.102 9.963 -6.169 3.47499
2.345 7.709 -6.835 2.29932
0.222 9.159 -5.711 2.47038
0.018 11.885 -4.727 3.58181
0.180 4.813 -4.403 2.09912
0.888 7.844 -4.608 2.73013
0.153 8.640 -4.789 2.47487
1.313 6.406 -5.645 2.28814
0.075 5.901 -5.236 1.21211
1.615 10.427 -5.628 1.65566
0.745 13.927 -3.375 2.05468
0.422 15.029 -4.531 2.94716
1.415 12.978 -1.838 2.33589
0.060 9.544 -4.093 1.67830
0.895 14.263 -2.610 1.86118
2.918 14.705 -3.378 2.83176
1.575 8.559 -4.485 2.07749
1.650 6.318 -3.744 1.50705
0.288 3.639 -3.771 1.52698
2.317 11.970 -1.870 1.36708
1.882 7.719 -3.543 1.68260
0.293 13.006 -1.822 1.31790
0.040 14.588 -1.046 0.93771
1.275 16.430 -2.729 2.50740
0.080 16.249 -3.570 3.27321
0.717 15.095 -0.795 3.03974
2.380 13.815 -1.112 2.29278
2.105 10.882 -2.889 2.13069
1.115 11.835 -3.031 1.29880
0.292 15.739 -1.196 1.07998
0.000 16.208 -1.397 2.66195
1.065 15.819 -0.140 1.75770
0.467 15.844 -2.215 2.04756
0.420 15.843 0.112 2.74524
1.662 16.306 0.382 2.54176
0.828 15.824 -2.015 2.83706
0.135 13.533 -3.164 2.56658
0.333 12.772 -0.811 1.13615
0.685 13.364 -0.048 1.63380
2.998 10.498 -1.303 1.94354
11.782 10.128 -1.587 1.87082
5.720 10.176 -3.859 2.13002
9.955 12.722 0.245 1.08470
3.560 13.395 -0.526 1.73748
3.730 15.860 0.404 2.23163
0.940 10.767 -0.293 1.45617
0.000 17.114 1.487 2.62182
0.822 14.728 1.768 1.91332
0.318 16.332 1.699 1.09440
0.380 18.157 1.291 1.41312
1.247 17.481 0.673 1.72243
0.000 16.468 0.773 2.08875
0.000 18.366 0.538 1.60008
0.000 20.211 -1.091 1.71193
1.898 18.382 1.680 2.25342
2.757 18.618 2.861 1.70511
1.155 17.420 3.565 1.91175
0.078 17.746 3.254 2.09769
0.210 18.944 4.098 2.23376
4.437 19.090 1.624 2.28473
4.360 13.554 0.954 1.28688
2.205 14.471 1.460 1.32709
1.133 15.916 3.014 1.80463
7.080 17.497 3.772 1.59678
6.300 19.604 4.695 1.56060
17.645 16.842 3.658 1.31899
1.363 20.229 4.704 1.82750
4.032 17.136 1.825 1.87648
0.000 14.605 1.544 1.66101
0.000 18.011 1.986 1.08646
0.060 18.782 1.299 0.92698
0.160 15.185 1.489 1.65544
0.000 17.192 1.935 1.67424
0.000 18.801 1.975 1.60915
0.000 20.281 3.391 1.25600
0.000 20.661 4.890 1.48683
1.275 22.189 6.183 1.69812
0.000 23.183 5.631 1.85914
14.650 19.446 3.796 1.57331
3.828 20.758 5.968 1.34243
4.223 18.918 5.004 1.06923
8.122 17.013 3.093 1.44134
5.468 19.150 4.932 1.66130
22.982 17.018 2.360 1.73219
0.567 18.790 2.659 1.38588
5.118 19.391 4.304 1.59028
1.593 20.187 4.201 1.56449
5.845 21.209 6.360 1.27693
10.482 19.484 5.857 0.89308
0.470 13.947 -0.198 1.98324
0.000 16.101 2.079 1.55463
0.000 18.495 2.453 1.23483
0.095 19.195 3.434 0.83958
0.155 20.171 5.189 1.14244
2.262 19.007 5.396 1.51547
8.550 18.043 5.017 1.63624
19.827 17.106 4.162 1.24742
12.765 14.709 4.562 1.40401
4.820 14.148 4.508 1.14288
1.570 16.138 4.101 1.29143
0.350 18.978 5.714 1.15629
1.363 17.074 4.175 1.16912
0.000 18.591 4.450 1.45088
0.043 17.872 2.556 1.43720
0.530 17.233 1.990 1.24137
0.000 17.263 1.095 1.45310
0.035 18.115 1.691 1.37021
5.992 19.069 3.886 1.07717
2.180 17.200 4.058 1.27741
0.113 18.588 4.287 1.18814
5.185 15.152 4.006 0.81414
5.633 17.778 3.243 0.79278
3.658 16.756 3.485 1.05792
0.000 16.222 1.822 1.74510
0.000 17.524 0.859 1.31097
0.405 19.545 4.087 0.94403
5.805 14.019 2.776 1.72495
11.560 19.269 3.169 1.99516
10.258 14.451 2.188 1.64904
1.100 15.835 2.838 1.00058
5.078 17.200 3.681 1.21476
4.745 16.190 1.867 1.76811
4.865 11.116 1.891 1.30150
4.405 15.539 1.541 1.92288
2.448 14.986 1.503 1.53212
5.035 16.135 2.295 1.42874
5.423 15.357 2.701 1.07366
4.697 15.530 3.325 1.26295
12.557 14.216 1.076 0.89914
0.478 16.043 2.757 1.59660
3.415 11.232 2.639 0.85149
9.253 16.160 3.107 1.45460
8.287 15.990 2.712 1.17233
9.665 13.114 1.295 1.47522
2.427 14.105 2.273 0.93005
8.110 13.349 1.509 1.08627
2.105 13.815 -0.128 2.04922
0.000 16.230 2.158 2.51593
7.570 14.318 3.020 0.97356
2.800 15.675 1.408 1.75330
8.527 13.051 1.778 1.45147
3.580 14.524 1.250 1.67810
0.350 15.506 2.029 1.74473
2.790 13.377 0.246 1.29292
0.135 16.066 0.706 1.69577
4.887 16.168 1.188 1.18006
2.430 16.386 1.765 1.20365
1.315 15.894 1.828 1.20268
1.052 15.887 -1.325 1.57673
0.197 15.312 -0.910 2.00429
0.460 14.877 0.471 1.48194
2.255 15.391 1.481 1.24849
0.400 15.659 1.025 1.15951
1.197 15.463 0.159 1.29454
0.000 15.464 0.869 1.49989
0.000 15.255 1.420 1.15880
0.000 14.676 0.190 1.23262
0.390 14.808 -0.325 1.23838
0.000 15.152 -0.802 1.93009
0.038 14.164 -0.733 1.72791
0.000 12.323 -0.417 1.16630
0.127 11.081 -1.579 1.68640
9.812 9.519 -2.305 1.52664
0.315 7.841 -2.553 1.18547
0.098 6.398 -2.994 1.13920
0.055 11.347 -2.880 1.99937
0.008 12.251 -2.004 2.18649
0.000 14.031 -2.167 2.18095
0.390 13.401 -2.389 1.43718
6.500 10.685 -1.925 1.13280
0.008 9.777 -2.967 1.12426
0.095 10.952 -2.677 1.51377
0.000 12.714 -3.169 2.12249
0.292 13.687 -4.183 2.07793
0.000 12.973 -4.044 2.38525
0.127 11.073 -4.590 2.05074
0.127 9.156 -4.896 3.12065
3.087 8.735 -5.590 1.91994
0.000 9.577 -6.011 2.46932
0.000 7.926 -5.864 2.78160
0.105 7.599 -5.668 2.17853
0.835 4.987 -4.498 1.26841
0.028 6.542 -5.113 0.77716
0.000 9.066 -5.852 1.69639
0.000 9.483 -6.225 2.11586
0.000 8.001 -5.926 1.85828
0.068 5.922 -5.355 0.99625
0.078 7.968 -5.333 1.37425
0.000 5.000 -5.201 1.24454
0.000 6.501 -5.238 1.12508
0.000 8.214 -5.179 1.79989
0.000 7.609 -5.045 1.90346
0.130 5.489 -5.494 2.32077
0.050 6.821 -6.500 2.31299
0.210 7.201 -6.565 1.65600
0.000 8.548 -5.929 1.96927
0.030 6.982 -5.745 2.55380
0.618 4.930 -7.561 2.98888
0.000 6.414 -8.063 2.08088
0.000 5.733 -8.103 2.20193
0.000 5.212 -7.757 2.72921
0.060 3.320 -6.954 2.02104
0.000 3.734 -8.464 1.78976
0.002 5.619 -8.552 2.04576
0.000 6.516 -6.583 1.83696
0.000 5.129 -7.137 1.83615
0.000 2.782 -8.857 2.32107
0.000 5.111 -8.994 1.91403
0.000 5.910 -7.576 1.88451
0.155 6.250 -7.795 1.60133
0.028 2.414 -10.069 1.90286
0.000 -0.279 -12.064 1.98572
0.003 2.252 -12.305 1.66326
0.013 3.742 -11.779 1.41702
0.000 4.068 -9.739 1.47871
0.025 2.473 -11.586 1.77065
0.000 -0.506 -12.494 1.68955
0.000 2.464 -12.611 1.94943
0.000 5.117 -12.746 1.92500
0.000 5.680 -13.144 2.01258
0.000 3.112 -13.328 2.26845
0.000 5.506 -12.757 2.14476
0.000 3.979 -12.946 2.52450
0.000 3.915 -13.795 2.14732
0.048 3.902 -13.917 2.55522
0.000 3.165 -12.327 2.73129
0.050 4.995 -12.096 2.89721
0.005 3.674 -11.382 2.66715
0.000 1.565 -13.294 2.14167
0.000 1.288 -13.825 2.05786
0.000 0.410 -13.862 2.88187
0.000 -0.788 -14.955 2.63612
0.000 1.844 -15.405 2.59246
0.000 2.562 -15.694 2.51170
0.000 2.868 -15.814 2.59748
0.000 1.490 -15.117 2.27439
0.000 3.286 -15.754 2.32959
0.000 2.135 -15.948 2.99633
0.000 -1.288 -15.342 2.93476
0.000 -1.058 -15.747 2.08083
0.027 1.052 -14.437 1.80643
0.000 3.483 -14.989 2.47703
0.000 0.423 -15.145 2.63552
0.000 -3.341 -17.592 2.18776
0.000 -2.965 -17.858 2.23792
0.000 0.008 -16.402 1.66557
0.000 2.709 -15.282 1.85919
0.027 2.255 -15.193 1.96460
0.000 1.481 -15.415 1.54658
0.000 -0.313 -14.834 1.49373
0.000 -2.362 -14.639 1.30766
0.000 -0.914 -15.067 2.10375
0.000 -2.744 -16.296 2.14374
0.000 -4.911 -17.141 2.01017
0.000 -3.538 -17.185 1.41920
0.000 -2.279 -15.554 1.45138
0.000 -2.564 -15.669 1.09514
0.000 -1.100 -14.598 1.83078
0.000 -2.105 -16.135 1.93466
0.000 -3.374 -16.363 0.86795
0.000 -1.745 -16.283 1.55333
0.000 -2.266 -15.288 1.54426
0.000 -4.281 -15.134 1.15589
0.000 -4.705 -16.113 1.23960
0.000 -4.025 -16.556 1.47848
0.000 -3.025 -16.568 1.68078
0.000 1.040 -16.195 1.98631
0.660 0.748 -15.056 2.54834
0.075 1.830 -14.896 2.52301
0.045 2.739 -14.587 2.55202
0.000 -1.218 -13.208 2.90636
0.000 -1.215 -11.640 3.57391
0.170 0.637 -11.300 3.46542
0.000 1.197 -13.570 2.98512
0.043 0.054 -13.369 3.11122
0.000 -0.431 -14.231 3.12683
0.165 -1.940 -13.964 2.98499
0.495 -4.048 -15.805 2.10903
0.000 -2.851 -17.859 2.34831
0.567 -0.910 -17.984 2.59378
0.000 0.778 -17.794 2.53582
0.000 -1.354 -17.674 3.46522
0.000 -2.349 -16.992 3.16757
0.837 -4.085 -17.039 2.95894
0.005 -3.469 -16.889 2.23748
0.000 -0.211 -16.963 2.38242
0.000 5.639 -15.524 2.81297
0.000 4.000 -14.057 2.58428
0.000 0.544 -14.346 2.34623
0.000 2.765 -15.749 2.61192
0.000 4.504 -15.883 2.81701
0.000 5.896 -14.340 2.50836
0.000 5.699 -12.528 2.53313
0.000 4.221 -11.109 2.63636
0.257 4.924 -11.345 2.48420
0.000 5.274 -11.416 2.12309
0.000 7.258 -10.616 3.92502
0.000 3.060 -11.982 3.67124
0.278 3.400 -12.125 2.28994
0.195 1.305 -12.369 2.21003
0.000 2.142 -12.419 1.09034
0.000 3.699 -10.693 1.79451
0.000 3.925 -9.891 1.92165
0.000 1.569 -9.835 2.58039
0.005 0.137 -14.156 2.10005
0.083 -0.070 -14.188 2.64157
0.000 2.037 -12.222 2.05135
0.000 3.815 -11.112 1.64832
0.000 4.510 -11.104 2.63508
0.000 5.047 -10.176 4.41823
0.338 0.043 -11.885 4.97182
0.210 0.613 -11.754 3.52359
0.360 -0.227 -12.582 1.99194
0.153 2.290 -12.490 3.36276
0.312 6.722 -12.026 2.76581
0.867 3.643 -9.169 3.82072
0.343 0.822 -8.317 2.84792
0.000 -0.149 -10.692 2.65784
1.130 -7.435 -14.710 1.87056
0.000 -2.208 -14.641 1.04116
0.000 1.363 -12.832 1.59343
0.105 1.804 -12.171 1.64762
0.000 3.762 -9.226 1.53335
0.452 4.153 -7.546 2.23188
0.800 5.232 -6.583 2.84721
0.000 7.087 -6.479 2.83214
0.533 6.997 -5.761 3.98569
1.780 6.223 -6.261 3.31249
0.505 -0.698 -8.496 2.39019
0.000 1.912 -7.998 1.75437
0.000 3.687 -7.612 1.89147
0.030 6.000 -7.312 2.27435
0.000 7.461 -6.491 3.34606
0.000 9.503 -6.170 3.25751
3.590 10.518 -6.586 3.92680
0.000 4.120 -7.924 3.10052
0.060 8.292 -6.725 3.52333
0.350 3.333 -5.860 2.10175
0.385 5.315 -5.623 2.82534
0.215 4.424 -5.189 2.97724
0.012 1.170 -6.315 1.41847
0.105 3.478 -6.727 1.33509
0.415 4.464 -6.258 0.98438
0.000 7.577 -5.858 2.14191
0.000 9.237 -5.958 2.01367
0.002 8.721 -6.794 3.16558
0.072 7.055 -7.365 3.53579
0.205 2.517 -7.300 3.04674
0.095 9.924 -5.264 2.68207
0.023 14.386 -3.655 2.51416
0.000 13.700 -4.644 2.33469
0.000 15.295 -4.677 3.09082
2.710 10.916 -3.405 3.83277
3.112 2.405 -6.624 1.79407
0.000 5.114 -5.875 1.75364
0.750 4.204 -6.483 0.88644
0.000 8.166 -6.155 1.80165
0.235 12.953 -5.135 2.56895
1.023 13.528 -3.771 2.90132
3.425 11.038 -3.895 2.42148
0.957 13.239 -2.475 2.60439
5.235 12.244 -2.429 3.22867
0.275 5.679 -4.431 1.72310
0.105 10.216 -4.744 1.41201
0.185 12.791 -4.149 1.98436
1.558 12.199 -1.935 1.16995
1.820 6.550 -4.711 1.57028
0.000 12.534 -3.772 1.87728
4.312 13.856 -4.101 2.59468
2.242 14.896 -5.037 2.94904
0.082 12.890 -6.412 5.17301
0.513 10.615 -5.933 2.68066
0.402 9.704 -5.733 2.87068
0.138 9.718 -6.596 4.00838
0.562 9.731 -6.230 2.48095
0.235 5.822 -4.959 1.61392
0.143 8.493 -5.636 2.31715
1.243 4.016 -5.290 1.92784
0.732 11.464 -4.668 1.87539
1.465 10.507 -4.280 2.29193
0.217 13.170 -2.802 1.20695
0.160 9.876 -3.017 1.54944
0.628 12.840 -1.750 1.47980
1.192 14.297 -0.937 1.56760
2.783 12.983 -1.760 3.17307
1.908 7.485 -4.990 2.14253
0.113 11.137 -2.899 2.07852
0.000 14.911 -0.771 1.68524
0.015 16.097 -1.771 1.51988
0.000 17.839 -2.581 1.64685
0.070 17.212 0.031 2.44093
0.865 13.597 -0.812 2.39071
0.082 17.356 -0.087 3.59028
5.225 14.215 -2.117 2.76886
0.710 14.300 -4.011 4.37793
5.390 8.970 -1.982 1.96083
0.217 12.576 -2.877 1.23082
0.145 13.973 -2.364 1.73621
0.020 11.078 -1.484 1.49632
3.513 12.988 -2.376 1.56834
0.453 14.392 -1.733 3.03975
0.838 12.953 -3.392 1.94805
0.000 16.187 -0.803 0.97962
0.950 16.955 -0.525 1.81591
0.230 18.771 0.880 2.11171
5.108 15.379 1.191 1.53441
1.175 16.678 1.994 1.64192
1.092 18.787 -1.004 2.37634
0.150 18.727 -0.617 2.21138
1.575 18.319 -0.495 1.97522
0.000 19.168 -0.269 2.28375
0.770 18.599 2.516 1.54922
1.250 19.955 1.523 1.23137
0.000 18.423 3.125 1.64069
0.000 21.329 3.522 0.96415
2.172 21.077 3.311 2.67203
2.088 15.582 2.618 1.77519
14.780 16.180 2.411 1.53035
0.983 17.765 2.322 2.34521
1.095 17.850 2.478 1.70543
0.072 18.639 1.950 2.54689
6.737 20.098 2.596 1.83736
0.180 17.606 3.098 1.98583
1.043 18.033 2.160 1.44939
6.515 20.433 1.979 2.94634
0.027 19.000 2.261 2.51092
0.000 17.057 3.112 1.99550
3.540 17.629 3.304 1.45829
0.000 20.498 3.352 1.50961
0.035 21.827 2.289 1.71725
0.223 20.967 4.270 1.49371
12.812 18.658 4.672 1.07940
20.507 15.193 4.761 1.40911
0.702 18.146 2.880 1.17068
0.132 19.971 4.655 1.91429
5.285 20.025 4.247 1.98393
9.343 19.001 4.517 1.38006
10.043 18.920 5.239 1.64275
1.760 18.854 4.474 1.27025
5.163 15.522 4.470 1.44062
5.625 18.869 5.259 1.46509
11.690 18.563 4.052 1.26734
2.340 19.592 5.172 1.36810
4.805 20.111 6.302 1.17234
3.383 20.063 5.879 0.93740
0.000 21.431 4.967 1.70632
0.000 22.148 5.252 1.22972
0.668 21.346 6.153 1.39327
0.147 20.661 5.236 1.73529
0.000 21.131 4.856 1.65148
0.033 22.063 4.791 1.42748
0.140 21.455 6.697 0.76711
6.722 19.653 2.716 1.15249
19.872 17.070 3.061 1.09182
9.677 11.871 1.444 0.90662
15.062 14.985 2.135 1.06274
5.583 9.759 1.869 1.02238
11.300 14.841 1.816 0.89089
13.187 12.070 2.173 0.91427
0.515 14.800 2.423 1.12394
0.897 16.052 1.441 1.29780
8.068 15.576 2.277 1.25622
6.145 12.392 2.177 1.66208
1.132 17.350 3.348 1.72525
1.468 17.293 3.965 1.15052
0.980 18.050 4.157 1.12872
1.945 17.307 2.949 1.69451
1.640 17.581 3.785 1.30809
1.527 17.541 3.774 1.52660
1.102 18.711 4.330 1.50464
0.000 19.370 2.693 1.60226
1.152 19.998 4.818 1.13434
5.013 19.020 4.522 1.06806
12.088 16.656 5.407 1.08169
4.920 15.810 3.385 1.11523
6.747 14.514 1.323 1.30669
0.665 14.563 1.877 1.18031
0.000 12.841 1.543 1.06383
0.147 14.165 0.610 1.21522
0.000 15.749 1.372 0.93480
0.030 17.259 3.655 0.89809
0.555 15.613 3.506 0.90925
1.485 17.364 2.510 1.13956
0.000 17.234 1.401 1.42816
0.205 16.840 2.694 1.47621
0.030 16.392 1.669 1.39506
9.173 15.543 1.176 1.39459
9.945 14.567 0.477 1.26282
0.405 15.507 0.816 1.10780
1.315 16.326 1.058 1.03897
0.000 15.899 1.946 1.42244
0.000 16.092 0.985 1.27615
0.000 17.207 0.707 1.14061
0.075 17.099 1.982 1.15905
9.687 12.053 1.678 0.89041
0.080 14.400 1.146 0.89468
0.000 16.682 0.521 1.19348
0.000 16.888 0.865 1.69851
0.000 17.299 0.490 1.34917
0.000 16.093 1.075 1.62427
1.340 17.088 0.824 1.73072
0.000 17.920 0.673 1.48421
0.000 17.697 -0.255 1.55735
0.000 17.074 -0.171 1.68952
0.157 15.869 1.057 1.57144
1.645 15.391 -1.071 1.17813
0.000 16.869 -0.355 1.44924
0.000 17.556 0.430 1.53623
3.010 18.082 0.527 1.74107
2.653 17.992 1.154 1.47750
2.882 16.003 1.980 1.12425
27.252 13.201 0.441 1.41348
0.570 14.334 -0.631 2.54641
0.147 14.289 -1.783 1.61088
0.000 15.969 -4.498 2.19862
0.000 16.561 -2.714 1.96500
0.000 16.645 -0.732 1.74009
0.335 15.322 0.296 1.42015
7.705 12.608 -0.012 1.45341
4.292 7.839 -3.658 1.33753
4.533 9.733 -3.083 1.36008
0.697 11.729 -1.666 2.10906
0.995 13.519 -1.434 1.81046
0.602 13.462 -0.657 2.12976
0.963 12.820 -0.022 1.12316
4.415 11.428 -0.413 1.06803
6.950 11.523 -1.349 1.05140
1.163 12.523 -0.957 0.96785
0.898 13.332 -1.421 1.45434
11.252 9.888 -1.501 0.94415
1.248 9.119 -4.430 1.43896
0.390 6.418 -5.897 1.75001
0.000 7.628 -5.431 1.35729
0.000 9.294 -4.533 1.10999
1.427 8.121 -3.774 1.66650
0.410 8.465 -3.159 1.03803
0.877 3.736 -4.901 1.44129
0.033 5.711 -5.447 1.27429
0.030 7.801 -5.156 1.31466
0.000 6.324 -4.795 1.10571
0.028 6.958 -4.932 0.83152
0.170 9.892 -4.755 1.69688
0.000 8.603 -4.381 1.62237
0.450 10.668 -4.375 1.40971
0.265 7.766 -4.670 1.92991
0.498 7.748 -5.035 2.74480
0.363 8.052 -5.213 2.22707
0.000 8.417 -5.503 2.41717
1.087 6.071 -9.257 2.46228
1.237 3.274 -9.119 1.18772
0.048 5.659 -5.089 1.38159
0.585 7.024 -5.397 1.41100
1.680 7.510 -5.915 1.81805
0.648 7.814 -6.531 2.38585
0.228 5.351 -7.894 2.42059
0.330 6.169 -7.954 1.75178
0.222 5.918 -7.900 2.11539
0.000 5.384 -7.443 1.73967
1.002 6.145 -7.104 2.03024
0.200 5.819 -7.526 2.42388
0.000 4.106 -7.763 2.24076
0.000 2.509 -9.364 1.56967
0.858 1.530 -9.570 1.21617
0.000 3.035 -8.668 1.15320
0.617 5.179 -7.773 1.19400
0.000 6.209 -8.179 2.17283
0.000 4.839 -8.309 1.83394
0.040 6.049 -7.940 1.70285
0.308 6.641 -7.847 1.60265
0.753 5.632 -3.315 1.17175
0.418 4.549 -4.278 3.20944
0.102 3.914 -7.161 3.01480
0.000 0.002 -10.431 2.03905
0.000 0.313 -10.865 1.07945
0.000 1.064 -11.829 1.86499
0.000 3.011 -12.856 2.15338
0.005 3.508 -13.027 2.36345
0.090 0.030 -12.455 2.32512
0.000 -1.152 -14.171 1.40852
0.000 3.245 -14.340 2.05674
0.042 2.776 -12.270 2.02945
0.000 5.010 -10.052 1.92170
0.000 3.059 -7.529 1.65989
0.000 0.207 -11.445 1.62518
0.000 2.177 -11.942 1.81046
0.007 4.866 -12.106 1.97086
0.000 6.597 -12.235 2.20370
0.000 5.593 -11.413 2.05554
0.000 5.601 -11.598 2.61785
0.325 0.518 -13.175 2.20957
0.000 5.387 -13.399 1.77562
0.025 5.597 -13.304 2.36144
0.023 4.984 -13.605 2.45087
0.035 3.504 -13.919 2.76468
0.000 3.259 -13.925 2.49533
0.000 1.600 -13.266 1.36752
0.000 1.452 -14.027 1.88944
0.000 -2.394 -15.745 3.03334
0.000 -0.180 -16.066 1.52081
0.002 -1.255 -14.144 1.60607
0.000 -0.869 -13.457 1.59096
0.000 0.491 -13.053 1.87997
0.040 2.742 -12.996 1.66280
0.062 2.728 -13.319 1.79034
0.002 -0.777 -13.489 1.86560
0.030 -0.325 -12.496 1.84226
0.022 -1.358 -12.945 1.99824
0.160 -2.179 -14.179 1.67160
0.190 -1.990 -14.123 1.98606
0.000 -2.769 -16.101 2.15425
0.000 -1.163 -16.421 2.20165
0.000 1.354 -16.654 1.81314
0.000 -5.139 -17.385 1.65317
0.000 -1.377 -17.711 1.89419
0.000 -2.697 -16.258 1.75850
0.000 -4.163 -14.353 2.26265
0.000 -6.062 -15.633 1.47918
0.000 -1.081 -17.017 2.26533
0.000 2.773 -17.173 2.43135
0.000 -1.114 -16.041 3.20988
0.000 -4.440 -16.275 2.11419
0.000 2.631 -16.637 2.05916
0.000 1.510 -16.752 2.63473
0.000 -5.160 -17.284 1.71175
0.002 -2.801 -17.176 2.06457
0.000 1.742 -17.179 2.63868
0.000 0.448 -17.403 2.76544
0.000 -2.919 -16.500 2.36628
0.000 0.826 -16.855 2.32858
0.000 -0.429 -17.046 2.35067
0.000 -0.307 -17.039 2.04970
0.000 -0.505 -17.034 2.29490
0.000 -4.898 -17.684 2.07086
0.000 -3.266 -17.857 1.94156
0.000 0.869 -16.200 1.94675
0.000 2.103 -15.156 2.17598
0.000 5.405 -11.263 1.94765
0.000 7.101 -10.979 1.98680
0.000 7.053 -12.185 1.76815
0.002 4.780 -12.464 2.14901
0.000 1.734 -12.744 1.52882
0.052 -0.552 -12.831 2.01626
0.068 -2.742 -15.105 2.57646
0.050 1.443 -15.957 2.82472
1.055 1.013 -15.779 2.91006
0.657 2.366 -14.680 2.43274
0.000 3.273 -15.070 2.63160
0.515 1.330 -14.931 3.50107
0.018 -2.842 -12.858 3.00389
0.127 -1.800 -15.677 2.32804
0.085 2.938 -15.772 2.57251
0.067 3.416 -13.638 2.16047
0.000 2.030 -13.643 2.70005
0.453 -0.311 -14.106 2.35131
0.227 -2.290 -14.217 2.03192
0.000 -2.220 -15.674 2.28975
0.000 0.155 -15.752 2.15060
0.315 -0.496 -15.113 2.61267
0.013 -0.994 -15.823 2.83523
0.000 -1.892 -16.255 2.66616
0.065 -4.157 -16.466 1.66115
0.235 -3.445 -16.638 2.63534
0.002 -2.825 -16.652 3.17130
1.218 -3.956 -16.553 3.71456
0.192 -2.900 -17.147 2.88839
0.000 0.951 -17.159 2.26852
0.000 3.342 -14.578 1.83707
0.000 4.373 -13.830 1.53577
0.000 8.115 -11.227 2.85055
0.092 1.526 -12.282 5.10108
0.532 -2.803 -13.205 3.62284
0.000 -1.337 -14.777 2.42698
0.012 1.059 -15.253 2.75669
0.002 1.715 -15.229 2.66839
0.183 -1.392 -11.840 2.34280
0.250 -0.981 -14.132 2.33612
0.025 0.642 -15.284 2.43444
0.000 2.542 -15.207 2.61795
0.000 4.649 -12.656 2.57001
0.000 7.594 -10.752 2.53017
0.000 8.298 -7.354 3.25313
0.000 7.086 -7.191 5.97536
0.000 1.909 -11.736 4.77086
0.000 2.713 -13.052 4.31741
0.000 1.814 -14.913 4.89308
0.250 -2.239 -14.926 4.55081
0.000 -1.030 -15.178 2.20130
0.085 3.316 -14.835 3.44615
0.382 0.757 -12.255 3.76253
0.030 2.521 -11.182 4.05390
0.313 1.411 -13.312 3.88604
0.172 2.327 -12.483 3.84180
0.030 5.596 -9.289 3.55015
0.192 3.902 -8.223 3.07909
0.330 3.752 -7.978 3.66946
0.000 3.166 -8.862 3.11169
0.073 2.851 -8.494 2.14861
0.215 1.832 -9.581 2.62401
0.737 1.466 -9.827 2.33208
0.000 1.837 -8.986 1.95450
0.005 2.410 -9.163 3.09843
0.077 6.985 -8.690 2.42406
0.005 7.249 -7.029 3.23782
0.203 4.168 -5.383 1.16186
1.852 4.434 -6.319 1.78489
0.000 6.467 -5.388 0.89695
0.000 6.325 -5.682 1.51060
0.050 9.107 -5.420 2.75032
0.232 4.886 -5.213 1.83192
1.025 6.530 -4.950 3.05317
0.003 7.388 -6.336 2.82326
0.160 8.008 -5.575 2.47110
0.113 8.702 -5.422 2.41049
0.000 10.575 -5.701 3.43305
0.385 8.417 -4.321 2.86213
0.165 9.511 -4.375 2.61320
0.912 8.022 -4.281 2.00069
0.003 8.883 -6.761 2.78079
3.015 9.321 -5.231 3.18317
0.490 8.463 -6.238 3.06276
0.535 5.299 -5.327 2.64112
0.267 4.153 -7.023 2.23078
0.000 9.214 -5.933 1.98421
0.450 12.061 -5.727 2.17545
0.073 11.034 -4.835 2.24523
0.820 10.792 -4.363 2.02088
0.385 7.364 -4.290 2.17003
0.045 14.747 -5.090 2.02330
0.530 14.658 -2.760 3.75222
0.037 7.063 -3.467 2.42290
1.795 4.771 -5.974 2.38310
1.732 9.832 -5.674 2.85873
0.313 10.177 -4.910 2.66030
0.562 16.248 -3.022 2.72585
0.447 17.486 -1.619 2.18320
0.050 16.263 -1.247 2.02657
0.723 11.247 -2.897 1.82093
0.567 8.745 -4.627 2.26034
0.158 10.550 -3.920 2.54662
0.822 12.577 -3.078 2.48899
1.035 9.826 -3.112 1.93064
0.237 12.131 -4.130 2.26856
0.340 14.797 -2.215 4.08879
4.493 5.091 -6.358 2.02656
0.127 10.681 -5.761 3.44401
0.000 10.127 -6.534 3.60958
0.133 8.022 -4.553 3.98486
0.745 5.030 -6.827 2.53393
1.190 8.473 -5.296 2.25214
0.055 9.983 -4.897 2.10075
0.000 12.900 -3.972 2.73858
0.150 13.751 -3.746 1.92008
0.000 16.199 -3.254 3.32626
0.005 15.791 -4.799 3.29461
0.390 15.935 -2.985 4.10037
0.908 13.665 -1.449 2.53844
1.602 14.244 -3.371 3.20513
0.050 15.804 -1.007 3.79986
0.168 14.697 -3.031 2.90070
2.047 11.727 -1.193 1.48640
1.725 13.529 -1.917 2.53584
0.225 13.844 -1.896 1.70952
0.120 16.044 -1.364 2.22463
0.080 13.318 -0.387 2.40650
0.863 18.132 1.636 1.89697
2.695 15.498 0.374 1.61483
0.183 17.279 -1.493 1.63434
0.000 18.252 -1.766 2.42335
3.057 17.120 1.653 1.10294
1.728 16.894 1.258 1.51942
0.000 17.221 0.765 1.84619
0.000 17.242 1.530 1.55272
0.810 17.396 2.298 2.91182
0.920 18.717 3.728 1.68741
8.517 10.606 0.561 1.96033
2.128 16.061 0.650 2.60142
2.517 12.163 1.169 1.24379
2.898 12.861 0.277 1.57710
1.140 15.696 0.891 1.60350
1.587 14.220 -0.388 1.51185
4.070 16.244 1.557 1.97711
0.900 15.889 1.278 1.81896
6.188 13.136 0.772 1.66149
0.560 16.119 0.432 2.45668
2.965 16.215 1.484 2.06431
1.925 14.988 0.207 1.24889
0.138 16.085 1.676 1.20337
4.830 13.772 1.049 1.38780
4.768 16.428 1.138 1.97914
0.783 16.986 1.956 2.52609
9.405 15.668 3.424 1.27933
2.568 18.761 2.998 1.66489
0.180 19.892 1.566 2.15643
1.067 20.410 3.197 2.60339
5.138 19.221 1.955 1.96849
1.132 15.561 2.526 1.07862
4.785 16.908 2.136 1.26209
2.482 18.472 1.875 3.63168
6.320 15.515 2.418 1.38827
2.745 18.038 3.022 2.06917
5.723 18.179 3.868 1.76239
3.373 18.635 4.106 1.49700
6.138 17.082 1.852 1.51934
9.123 15.667 2.417 1.16194
0.075 15.517 3.101 1.32863
2.975 12.187 0.811 1.55940
11.287 13.975 1.233 1.39800
4.505 15.014 1.254 1.60638
3.502 12.297 -0.135 1.90451
1.015 16.415 1.162 2.37717
0.000 17.224 1.903 1.62639
0.060 18.408 2.822 2.03034
0.793 16.712 1.998 1.68772
0.040 18.550 2.178 2.28402
5.737 18.272 3.836 1.52015
0.000 17.107 3.101 1.46975
0.000 18.549 3.380 1.35806
5.993 19.257 2.599 1.70939
11.940 13.805 2.872 1.61870
0.000 13.433 0.905 1.72509
0.000 15.041 1.269 1.15544
0.968 15.712 0.084 1.09922
0.247 15.456 0.715 1.05106
0.122 17.245 2.533 1.22240
0.347 17.171 3.547 1.51224
0.090 17.502 2.628 1.43108
19.415 17.886 3.784 1.22038
0.080 18.446 5.024 1.01857
0.973 19.919 4.550 0.78617
2.115 19.529 4.048 1.53378
7.480 20.094 4.918 1.39527
8.560 19.843 3.562 1.51679
7.972 18.871 6.076 0.75924
8.470 17.254 2.125 1.46154
0.253 19.674 4.452 1.25222
0.000 20.056 5.623 0.97697
23.935 20.347 5.319 1.04856
2.975 18.920 5.207 1.17306
17.653 18.401 5.358 1.32576
4.467 19.425 5.453 1.06990
6.862 18.405 4.322 1.60704
4.560 19.715 4.238 1.55827
5.342 20.579 3.864 1.47586
0.218 19.818 3.452 1.87240
1.105 19.617 3.690 1.81806
4.423 18.051 3.986 1.01453
9.560 16.462 3.655 1.18278
7.628 14.915 2.469 1.31088
1.050 12.605 2.840 1.11706
1.342 15.824 2.848 2.03098
1.048 17.922 2.905 1.64914
10.278 14.878 3.857 0.91517
0.873 16.792 3.523 1.05966
3.193 17.076 4.661 1.06478
1.385 15.277 2.214 1.58968
0.310 18.306 3.881 1.38043
2.540 17.929 5.765 0.89622
3.475 18.865 4.230 1.43350
3.113 17.177 4.824 1.34196
1.123 14.520 4.614 1.15700
0.627 18.032 3.470 1.04717
0.780 15.717 2.050 2.03812
6.917 16.197 2.538 1.10378
0.645 15.767 1.864 1.57072
3.765 14.876 1.371 1.61463
10.310 13.705 1.604 1.15784
5.625 11.637 1.618 1.46803
1.203 14.250 2.149 1.67526
1.285 13.556 1.917 1.06332
10.635 12.149 -0.578 1.55835
4.197 12.521 0.291 0.90836
0.895 13.982 1.773 1.37420
13.005 14.577 0.995 1.78030
1.862 11.646 0.818 0.89447
0.000 14.833 1.875 0.92544
11.122 14.224 1.681 1.24093
3.587 14.534 0.621 1.14920
5.838 15.316 1.663 1.50703
4.185 14.124 1.706 1.24065
0.175 16.183 2.272 1.46007
5.820 15.451 2.571 0.79301
10.955 13.193 -0.525 1.64728
0.720 11.226 -2.182 1.47888
0.000 12.920 -2.025 1.53764
0.000 14.354 -1.956 0.99810
0.263 14.196 -1.704 2.26569
0.000 14.479 -0.505 1.74993
0.000 14.258 -1.201 1.59050
0.582 14.546 -1.589 1.64081
0.497 14.613 -1.263 1.36452
0.000 14.896 -1.582 1.85343
0.000 15.255 -1.434 2.03915
0.000 15.445 -1.298 2.17551
0.175 14.790 -2.056 2.13497
0.000 13.779 -1.490 2.11488
0.630 10.556 -3.655 2.18758
3.720 10.014 -3.023 1.57610
0.402 8.863 -2.663 0.96096
0.000 11.263 -4.095 1.35389
0.165 13.642 -3.537 1.80803
0.335 12.685 -2.148 2.12575
0.000 14.657 -2.478 2.82667
0.000 13.152 -3.735 3.13966
0.000 14.109 -4.955 2.39697
0.000 15.368 -4.918 1.66519
0.000 15.151 -5.169 1.63039
0.187 14.341 -4.660 1.80413
0.000 14.571 -3.512 1.87445
0.072 13.906 -3.575 1.73061
0.120 12.228 -3.438 1.69455
0.523 10.178 -3.087 1.06501
0.555 8.997 -4.141 1.46808
0.000 9.452 -5.111 1.90038
0.043 10.084 -5.035 2.18419
0.000 7.715 -5.062 1.44650
0.128 8.457 -5.049 1.76088
1.938 5.444 -4.424 0.82620
5.857 8.939 -3.570 1.81806
7.213 9.495 -3.520 2.33273
0.580 7.604 -5.093 1.68540
0.000 5.749 -5.287 1.40999
0.000 4.589 -5.244 1.00856
0.585 4.433 -5.984 1.39245
0.000 5.049 -6.021 1.69286
0.035 7.842 -6.270 1.57425
0.148 5.154 -6.871 2.05907
0.055 6.631 -6.895 1.60124
0.000 7.987 -7.154 2.57728
0.000 6.830 -7.210 2.17449
0.008 6.675 -7.052 2.19543
0.228 6.707 -7.018 2.78910
0.170 6.019 -6.801 2.20123
0.330 6.775 -7.035 2.28531
0.108 3.728 -6.617 1.23131
0.233 3.823 -9.692 2.98698
0.045 1.834 -9.897 1.58024
0.025 6.422 -9.930 1.57537
0.003 6.980 -8.639 2.61031
0.193 4.725 -10.527 2.62839
0.023 2.404 -12.116 3.08246
0.035 4.664 -12.247 2.40365
0.025 5.349 -9.839 2.09037
0.000 6.045 -9.352 1.62970
0.060 3.113 -9.499 2.05466
0.000 6.113 -10.610 2.55728
0.000 5.627 -10.857 1.77866
0.000 8.004 -10.298 2.05638
0.080 6.283 -9.218 2.04555
0.042 1.717 -9.987 1.85329
0.025 2.074 -10.304 2.77852
0.000 -2.906 -11.260 1.25275
0.000 2.123 -12.765 1.92666
0.000 3.713 -13.001 1.93984
0.000 5.049 -12.251 2.43936
0.000 4.791 -12.236 1.97843
0.000 1.766 -12.053 2.97802
0.285 0.166 -12.070 2.52708
0.000 0.887 -11.094 1.65189
0.000 0.234 -9.609 1.32576
0.000 -2.349 -14.168 2.17441
0.000 0.401 -14.204 2.32715
0.060 -2.537 -11.733 2.02287
0.000 -3.040 -13.334 1.00331
0.000 0.120 -13.575 1.45006
0.000 0.229 -13.364 1.56250
0.000 3.944 -12.969 1.77432
0.000 5.781 -12.808 1.81208
0.000 7.293 -11.024 1.46018
0.000 6.970 -10.168 2.00298
0.000 4.159 -10.753 3.32369
0.000 3.066 -14.033 2.12598
0.015 0.179 -14.235 2.27307
0.030 0.931 -12.707 2.87270
0.000 -0.556 -15.002 2.13887
0.000 1.184 -15.538 1.82103
0.000 1.601 -15.558 2.38990
0.000 -1.279 -16.184 2.78901
0.535 -3.615 -16.777 2.06580
0.015 1.018 -17.062 2.03643
0.000 0.988 -17.202 2.80978
0.000 -1.766 -13.910 3.38977
0.100 -4.382 -16.271 2.69931
0.000 -0.184 -16.445 2.46078
0.008 0.594 -16.096 2.28023
0.195 -0.470 -16.443 2.25386
0.035 -0.122 -16.691 2.75107
0.000 -0.520 -16.752 2.28367
0.005 -0.729 -17.344 2.58600
0.000 0.487 -17.545 2.09053
0.000 0.664 -17.399 3.18035
0.000 -2.047 -16.809 2.47969
0.130 -2.827 -16.982 2.52273
0.000 -4.289 -15.200 1.78655
0.035 -1.587 -15.165 2.06968
0.237 0.584 -15.120 2.18946
0.042 -2.510 -15.385 1.85289
0.000 -0.723 -15.680 2.38534
0.075 -4.465 -15.211 2.84394
0.057 -4.149 -14.955 3.08392
0.000 0.945 -15.084 2.46029
0.000 0.964 -14.785 2.08380
0.240 0.294 -12.964 2.61090
0.000 -5.150 -17.020 2.33091
0.010 -1.351 -17.067 2.58302
0.000 0.464 -15.144 2.64549
0.000 0.425 -15.216 2.51701
0.000 2.237 -14.822 2.55077
0.030 1.278 -14.965 3.78534
0.000 -2.600 -16.314 3.51427
0.000 -4.928 -18.048 1.81192
0.000 -5.995 -18.939 2.03688
0.000 -6.605 -19.123 2.52563
0.000 -1.211 -18.386 2.86429
0.000 -2.211 -18.539 2.69081
0.000 -0.818 -17.272 3.18038
0.000 -0.861 -16.851 3.46751
0.000 -0.245 -16.325 3.31631
0.000 -3.445 -16.678 2.90390
0.005 -3.350 -17.564 2.47425
0.000 -3.247 -17.754 2.28192
0.000 -5.747 -17.392 2.63835
0.000 -6.159 -19.016 2.89152
0.000 -1.550 -18.975 2.51150
0.000 2.276 -16.917 2.08088
0.385 4.132 -14.206 2.09146
0.155 2.926 -13.535 1.51157
0.205 -4.098 -15.921 2.12722
0.000 -0.864 -16.060 1.10611
0.000 1.189 -16.261 2.64088
0.000 -1.203 -16.325 2.19886
0.020 -5.152 -16.507 1.83794
0.000 -0.416 -16.544 2.03455
0.165 2.641 -15.300 3.13774
0.228 -4.453 -16.468 2.81308
0.193 -0.094 -16.493 2.42425
0.022 0.439 -14.175 2.68565
0.145 2.720 -13.655 2.50069
0.075 1.312 -12.007 2.33417
0.000 1.679 -12.000 2.90485
0.073 3.212 -11.113 2.81345
0.000 6.610 -9.981 2.74978
0.277 5.777 -8.571 2.49410
0.365 2.580 -8.228 2.83727
0.032 2.649 -10.789 3.26259
0.310 4.076 -10.536 3.55979
0.000 4.705 -10.727 2.87942
0.007 4.827 -10.093 2.61101
0.000 2.999 -10.214 2.65460
0.115 6.155 -10.035 2.24959
0.495 5.393 -7.340 4.13106
0.002 0.869 -9.209 4.00837
0.000 0.843 -11.303 1.47059
0.000 7.760 -10.969 1.82117
0.382 8.199 -7.041 3.26047
0.003 7.579 -5.917 2.98382
0.000 7.504 -5.011 2.24833
0.510 4.526 -5.453 1.83878
0.285 6.662 -5.034 1.36552
0.890 7.193 -6.012 1.57993
0.000 8.417 -5.311 1.76414
0.245 8.953 -5.748 1.12695
0.073 11.529 -5.123 2.47071
1.155 11.547 -5.778 3.17575
0.887 9.851 -5.565 3.30511
0.730 8.340 -4.434 4.08252
1.743 9.753 -4.453 3.42391
0.762 12.292 -5.081 4.22304
0.518 12.793 -4.593 3.70859
5.005 12.121 -6.472 3.75976
4.890 9.839 -4.270 3.72151
0.757 7.129 -5.885 3.06078
1.270 5.168 -4.452 2.67433
0.320 4.445 -7.191 3.04515
0.840 3.344 -7.477 2.85394
0.215 3.359 -7.819 2.38423
0.002 5.287 -7.273 1.58521
0.010 6.835 -5.819 1.66620
0.455 6.818 -6.114 2.02994
0.277 5.248 -6.513 1.74621
0.000 7.541 -5.238 1.57969
0.575 6.542 -5.661 2.33056
0.000 7.914 -5.881 2.73020
0.005 9.816 -5.006 3.02411
0.023 12.097 -4.411 2.68550
0.125 8.774 -5.835 2.51688
0.467 10.380 -5.686 1.73028
5.335 11.932 -3.573 2.64712
1.580 5.177 -5.226 1.66180
1.413 3.234 -5.862 1.58270
1.270 1.412 -4.735 1.17814
0.335 1.819 -7.229 1.53435
0.000 5.779 -5.825 2.38870
0.000 6.310 -4.327 1.22399
0.000 10.968 -4.789 1.39056
0.020 14.194 -3.042 1.62811
0.010 16.150 -3.433 1.78708
0.000 15.437 -4.654 2.87156
0.000 12.154 -4.305 2.15959
0.153 13.911 -4.998 3.07509
0.185 12.603 -3.389 2.36075
4.603 5.262 -4.326 0.99593
1.107 9.623 -5.115 1.89403
0.842 11.818 -4.298 1.84048
0.000 14.695 -4.624 2.49862
0.000 13.800 -3.653 2.03388
0.262 13.273 -4.745 2.39115
1.012 12.099 -5.923 4.32940
0.688 11.896 -5.945 4.17748
0.873 10.544 -5.848 2.51237
1.005 9.825 -4.252 4.15458
5.380 3.849 -6.163 2.10407
0.018 9.999 -3.598 2.72394
0.358 15.296 -3.487 2.67462
0.393 15.490 -2.097 2.25403
3.987 15.194 -0.596 2.54649
2.665 6.935 -2.894 1.16970
2.193 14.656 -1.891 2.35632
4.897 12.647 -2.008 2.77727
6.405 9.342 -1.566 1.54909
7.350 11.193 -3.096 1.43548
0.775 15.926 -0.471 2.23906
13.883 17.094 -1.627 1.97588
7.697 7.867 -1.938 1.75214
0.625 10.220 -0.209 0.97387
1.200 15.757 0.859 1.31581
0.183 15.537 0.299 2.84491
4.587 12.617 0.034 1.40722
1.412 14.148 0.162 1.72976
0.137 13.589 -2.396 2.11810
0.000 16.033 -1.986 2.94041
0.762 16.347 -1.479 2.48855
0.342 15.461 -1.748 1.51252
0.000 17.334 -0.551 2.62671
0.000 17.530 0.284 1.94216
0.000 17.499 -0.593 2.26434
0.123 17.380 -0.026 2.41820
0.437 17.116 -1.952 2.37961
0.000 16.663 -0.118 2.82950
0.088 18.175 0.483 2.85962
0.523 16.561 -0.703 2.50830
0.265 15.486 -0.100 1.41324
1.552 13.568 -1.353 1.63016
2.482 13.345 0.111 1.37189
0.290 16.636 0.645 3.02039
0.263 17.681 0.540 2.05553
0.000 18.132 0.111 2.45410
0.162 18.727 0.830 2.67823
0.785 16.766 2.053 2.19551
9.507 14.553 1.421 1.93206
5.580 13.406 -0.742 1.61006
0.000 15.686 0.335 1.82703
3.898 18.378 1.822 1.96210
6.340 12.663 1.295 1.43209
6.553 7.874 -0.266 1.16813
14.318 12.048 0.616 1.10152
16.123 10.514 0.506 1.08062
5.667 8.042 0.211 0.91191
0.235 12.903 1.088 2.17431
2.965 13.691 1.346 1.57960
1.307 14.734 1.005 1.85955
0.203 17.293 1.280 1.61569
0.000 17.832 2.576 1.44992
1.617 18.063 3.985 1.16817
0.115 18.732 5.421 0.86207
4.962 18.142 4.224 1.00181
5.858 18.413 5.433 0.99231
7.285 17.681 4.312 1.35382
0.098 16.205 2.862 1.25633
5.893 16.047 3.663 1.08892
1.752 14.673 2.249 1.98450
0.015 17.245 2.719 1.31651
13.105 12.835 1.308 1.80793
2.910 13.669 1.889 1.84077
22.555 14.373 1.413 1.90441
0.395 12.681 0.433 1.39430
3.108 14.593 1.360 1.46806
1.225 10.874 1.077 1.98067
13.675 12.360 1.603 1.33124
13.335 13.916 1.030 1.44706
2.217 15.027 1.271 1.39349
2.960 13.983 1.210 2.12758
7.222 15.143 2.390 1.41865
0.617 15.382 2.192 1.58194
0.465 15.192 2.066 1.26387
0.285 15.524 3.086 0.91542
5.135 16.038 2.883 1.36765
13.655 10.494 1.670 1.81095
5.920 12.184 1.364 1.90393
6.658 15.523 1.910 1.66136
2.558 16.153 3.160 1.25807
0.453 16.823 3.895 0.93831
7.277 16.768 4.048 0.79053
7.930 14.163 3.121 1.25116
3.297 16.049 2.556 1.42058
14.975 16.198 3.393 1.28764
0.000 13.910 1.280 1.30665
3.047 15.796 3.177 0.85068
7.623 17.209 3.463 1.27931
9.695 15.078 3.317 1.22302
3.795 16.629 5.033 0.96718
0.008 16.381 3.575 1.63183
0.000 16.966 3.929 1.22731
0.135 17.423 1.287 1.54693
0.297 15.349 3.043 1.25920
2.455 16.598 2.431 1.31492
0.988 16.658 3.276 1.35083
0.700 16.868 3.357 1.50072
0.135 15.656 3.641 1.10456
0.072 16.299 2.984 1.30797
0.185 17.017 4.613 0.70630
12.110 17.453 2.753 1.02374
0.345 15.050 2.249 1.53343
6.762 15.175 2.662 1.11059
2.105 14.210 3.388 0.83921
0.528 15.465 3.369 1.10287
4.337 14.175 2.943 1.72451
1.273 14.699 2.305 1.59598
0.742 16.217 2.566 1.81592
5.292 15.735 2.148 1.49145
3.810 16.899 2.481 1.30970
2.338 18.081 4.799 1.15122
2.140 17.636 3.473 1.32295
11.700 16.175 3.462 1.18700
1.453 15.782 3.452 1.22955
10.970 18.062 4.025 1.39705
2.385 17.709 3.662 1.08201
1.523 17.953 3.526 1.23637
4.125 17.040 3.832 1.26377
6.010 17.468 2.539 1.34799
7.423 16.809 2.917 1.53104
0.225 18.376 2.976 1.29097
4.305 17.936 4.023 0.96445
5.035 18.013 3.101 1.28678
0.900 16.171 3.958 1.12681
7.215 16.929 0.536 1.68954
0.293 12.873 -0.343 1.51745
0.000 13.104 -1.035 1.00232
2.787 12.957 -0.260 0.80019
7.827 13.947 0.860 0.93560
2.270 7.672 -4.381 1.85173
0.000 10.852 -2.772 1.89591
0.000 14.133 -2.501 1.31392
0.000 15.465 -1.276 0.88511
0.000 14.924 -2.196 1.51138
0.018 16.190 -1.434 1.25623
0.068 15.354 -0.409 2.05828
0.030 15.079 -0.274 1.75518
2.285 14.009 0.913 1.20389
10.090 14.583 0.879 1.50260
0.843 13.895 -0.759 1.70375
0.900 15.960 -0.138 1.84307
0.087 14.765 -0.022 1.70708
0.490 14.017 0.184 1.37013
3.168 16.020 0.788 1.14362
0.005 15.446 0.189 1.10584
0.000 15.298 -0.518 1.72704
0.000 15.234 0.284 2.06651
6.220 14.080 0.021 1.26614
7.332 11.173 -1.432 1.03578
3.213 12.502 -3.011 1.49383
1.525 12.897 -3.047 2.07644
0.000 12.841 -3.156 2.20545
8.118 7.865 -3.677 1.44633
0.320 2.820 -6.420 1.28815
2.970 6.181 -6.030 0.94539
1.715 9.664 -2.662 1.88697
10.140 10.226 -3.284 1.82883
2.007 12.186 -3.539 1.64778
1.412 12.007 -4.088 1.79804
0.213 11.761 -3.836 1.90392
0.000 11.775 -3.701 1.90600
0.022 10.261 -4.069 1.93275
0.502 9.366 -5.084 3.23601
0.000 8.444 -5.462 2.50876
0.185 7.053 -5.434 1.21344
0.000 9.135 -5.236 1.32921
0.000 10.370 -5.690 1.42208
0.000 11.636 -5.752 1.86148
0.000 10.850 -5.965 2.22133
0.000 9.050 -6.115 2.46237
0.000 5.552 -6.311 1.62311
0.225 5.144 -6.278 1.34699
0.260 4.664 -7.408 1.13276
0.000 4.332 -8.103 2.06742
0.000 4.746 -8.171 2.01066
0.000 2.505 -8.850 2.00765
0.315 3.260 -9.566 1.99071
0.008 3.170 -9.559 1.60568
0.417 1.973 -8.577 0.96313
0.093 2.036 -8.636 1.45369
0.000 3.422 -9.213 1.46586
0.013 3.246 -9.317 1.73957
0.005 2.044 -7.735 1.20700
0.000 1.911 -9.156 0.96970
0.000 3.329 -9.337 1.36219
0.153 4.308 -8.565 1.62544
0.135 2.464 -8.816 1.43217
0.043 4.042 -8.980 1.52526
0.062 3.379 -8.893 1.89104
0.000 5.002 -10.764 2.64931
0.198 2.765 -11.235 2.65142
0.015 3.293 -11.425 1.83467
0.227 -0.044 -8.124 1.79463
0.125 -1.577 -10.638 1.31678
0.040 -0.738 -12.423 2.08683
0.000 3.394 -12.584 1.90702
0.020 5.139 -11.667 1.96883
0.138 3.747 -10.200 2.83931
0.000 -1.051 -12.209 1.57647
0.000 0.055 -12.820 1.48525
0.060 0.929 -13.088 1.61730
0.097 1.332 -13.271 1.37807
0.065 -0.720 -13.014 1.93981
0.163 -1.769 -14.476 1.86317
0.000 2.004 -14.709 2.06703
0.000 0.850 -14.799 1.87106
0.100 0.940 -14.798 1.27282
0.012 -1.299 -13.847 1.06932
0.000 -0.763 -14.052 1.62385
0.172 -0.210 -15.755 2.54176
0.003 -0.571 -15.958 1.86301
0.000 -1.533 -13.851 1.32567
0.000 2.027 -14.140 2.00742
0.000 4.097 -13.598 2.30838
0.000 2.541 -12.579 1.44313
0.000 1.006 -12.900 2.24477
0.247 1.679 -11.441 1.47929
0.027 2.341 -11.664 1.58255
0.000 2.092 -11.655 2.22530
0.000 1.637 -11.894 2.04000
0.000 4.218 -12.086 1.58103
0.057 2.350 -11.544 1.80932
0.000 2.936 -11.465 1.40455
0.000 0.194 -12.565 1.95180
0.112 0.295 -14.299 1.73707
0.000 -0.863 -14.583 2.01657
0.000 2.140 -13.282 1.86654
0.000 3.467 -15.247 2.11380
0.000 1.671 -15.541 2.64126
0.000 -2.760 -14.338 2.22159
0.000 -3.024 -16.242 2.24674
0.000 -0.743 -16.561 2.20087
0.000 -1.506 -16.758 1.98045
0.000 0.487 -17.083 2.80259
0.000 -5.016 -16.558 4.19845
0.000 -8.346 -19.549 3.00321
0.000 0.174 -19.451 3.00566
0.032 3.672 -14.290 3.09237
0.000 4.420 -10.735 2.55268
0.000 5.992 -10.741 1.72799
0.000 6.737 -10.682 1.98029
0.000 6.619 -10.224 2.07202
0.000 4.545 -11.770 1.97176
0.003 2.088 -13.081 3.11212
0.000 2.049 -14.540 2.16218
0.000 2.565 -15.083 2.64426
0.072 -2.841 -17.053 2.58381
0.000 -1.735 -17.355 2.37204
0.000 -1.251 -16.483 2.11485
0.168 -5.724 -17.826 2.12536
0.022 -6.346 -18.248 2.59993
0.000 -6.313 -18.744 2.58750
0.000 -1.910 -18.848 2.61766
0.000 0.661 -16.601 2.02697
0.000 1.982 -16.812 2.31903
0.010 2.536 -14.614 2.44583
0.010 -1.188 -16.280 2.70526
0.280 -1.240 -16.547 3.55552
0.000 -3.207 -16.180 3.61705
0.015 -5.235 -17.317 4.18774
0.000 -6.761 -17.608 3.48030
0.000 -0.535 -17.849 4.26948
0.002 -1.889 -17.962 3.63657
0.000 -0.907 -16.207 3.29847
0.000 2.647 -16.229 2.66635
0.000 0.682 -13.816 2.03667
0.000 -1.886 -16.326 2.39957
0.000 0.087 -16.513 2.62115
0.000 0.517 -14.894 3.50579
0.000 2.373 -14.716 3.44267
0.410 3.626 -14.839 3.38823
0.000 2.057 -12.380 4.35466
0.000 -0.053 -15.867 3.00505
0.000 -1.241 -17.277 2.81984
0.000 -0.844 -17.552 3.28091
0.000 -4.275 -17.513 4.09609
0.070 -4.726 -18.223 2.66823
0.142 -1.687 -18.344 2.60920
0.000 -0.404 -17.413 2.46185
0.000 -1.131 -14.246 2.93081
0.952 0.438 -15.023 2.20551
0.157 2.301 -14.548 2.61693
0.078 0.108 -12.567 2.52512
0.050 -3.913 -10.315 1.80896
0.320 -3.905 -13.465 2.87153
0.100 -0.228 -13.378 4.22504
0.122 0.149 -9.978 5.53459
0.080 1.663 -9.824 4.57961
0.000 1.676 -9.403 4.30594
0.000 2.859 -8.436 4.24544
1.130 3.399 -8.435 4.47261
1.272 1.870 -10.398 3.35013
1.527 1.951 -10.404 3.49339
1.098 -1.883 -14.569 2.50058
0.000 3.048 -14.551 2.77864
0.110 2.145 -9.698 2.53214
1.317 1.949 -9.133 2.39095
0.058 2.132 -12.062 2.86521
0.237 0.860 -12.196 2.19360
0.097 3.612 -11.868 3.03720
0.260 1.389 -9.615 2.07019
0.000 2.774 -9.867 2.95297
0.000 1.806 -9.718 2.10585
1.130 1.956 -8.407 2.01828
0.175 1.160 -8.277 1.19442
0.140 1.904 -10.084 2.35806
0.273 3.844 -9.642 2.83122
0.688 5.138 -6.249 2.48054
0.000 5.120 -6.425 2.19117
0.107 4.550 -6.696 2.96961
0.000 2.631 -7.696 2.57885
0.000 4.894 -7.239 2.07475
0.000 8.505 -6.834 2.02040
1.622 8.897 -6.919 2.68258
0.035 8.086 -5.867 2.38343
0.000 8.999 -4.747 2.42595
0.315 7.434 -6.344 1.84004
0.008 9.983 -5.190 2.71749
1.037 2.538 -5.934 2.76284
0.875 1.708 -7.088 2.29922
0.112 6.390 -6.148 3.32207
3.532 3.080 -5.256 3.47350
0.000 3.873 -6.767 3.89432
0.005 1.652 -8.384 3.77793
0.085 2.132 -8.815 2.70704
0.000 5.116 -7.835 2.90118
0.265 4.119 -6.176 2.82814
0.010 3.590 -5.828 2.52763
0.385 6.282 -4.934 3.41480
3.410 5.185 -4.806 3.13898
0.177 1.015 -6.106 1.78936
0.935 1.402 -6.986 1.82123
0.010 1.366 -9.288 2.63953
0.000 3.782 -8.509 2.64839
0.000 7.001 -6.646 2.49095
0.060 10.509 -5.490 3.19230
0.227 8.485 -5.377 2.86104
0.697 9.275 -3.680 3.13593
1.492 10.326 -3.435 4.77939
0.117 9.956 -4.555 5.83218
1.797 7.876 -4.821 5.59030
1.002 3.867 -9.180 2.94795
0.148 5.947 -7.388 2.49717
0.235 8.189 -4.919 2.53309
0.875 9.421 -3.748 2.36883
0.723 11.046 -4.358 2.27391
4.533 9.754 -6.112 3.17473
4.785 6.379 -6.323 2.86900
0.105 2.839 -5.571 1.49339
0.100 7.953 -4.382 1.77185
0.775 4.421 -5.178 2.50314
0.038 9.710 -3.522 1.39181
0.095 9.082 -3.857 1.96306
0.048 11.026 -2.945 1.91011
4.970 6.844 -3.824 1.06897
1.485 8.981 -2.925 1.54169
0.193 7.596 -4.487 2.42729
0.607 10.090 -3.942 1.89522
0.000 10.007 -4.942 2.64897
0.415 10.376 -3.410 1.73745
0.130 10.532 -3.362 1.71614
0.123 8.785 -4.301 1.64350
0.000 11.958 -4.146 1.88907
0.282 12.179 -4.143 2.03172
1.475 11.691 -1.635 1.50823
1.862 8.326 -4.062 1.74933
0.475 12.577 -4.071 2.30960
0.610 9.587 -3.692 2.05347
0.385 14.132 -0.919 1.85888
0.210 12.544 -4.699 2.80947
0.497 11.878 -6.691 4.63877
0.040 13.527 -5.863 2.96091
0.000 12.280 -5.768 2.68952
0.078 12.350 -4.360 2.03707
0.287 8.792 -3.800 3.12405
0.040 11.567 -3.130 2.43373
0.590 10.058 -4.538 1.64141
0.748 12.065 -2.346 1.89796
0.967 9.564 -2.921 1.98458
2.393 7.580 -3.669 1.93500
0.728 10.832 -4.509 2.37313
1.163 14.124 -2.615 1.77567
1.465 15.835 -1.541 1.87426
0.888 14.758 -0.034 1.79241
0.000 13.397 -0.954 1.73103
0.005 16.558 -1.333 1.60591
0.000 18.302 -0.298 2.32261
1.545 16.727 0.402 1.69060
0.600 18.342 0.561 1.84493
0.300 20.429 0.597 1.74138
1.773 18.447 2.639 1.82752
0.000 14.957 -1.125 2.88252
0.205 16.841 -2.769 3.31482
0.000 17.677 -2.562 2.28794
0.000 17.841 0.044 2.04825
0.000 14.721 -0.982 1.34246
0.000 16.470 0.841 1.59186
0.000 17.897 -0.729 2.54439
0.000 18.607 0.459 2.61982
0.000 19.794 0.331 1.80848
0.000 20.280 1.278 2.50146
0.000 19.760 2.066 1.88202
0.000 21.389 4.154 1.67003
0.205 20.101 3.450 1.14339
4.380 21.496 4.957 1.41799
3.657 21.144 5.385 1.04799
9.655 21.077 4.955 2.27867
3.710 19.042 2.563 1.68021
10.467 19.338 3.026 1.81626
0.968 17.908 4.087 1.68351
3.627 19.143 3.617 1.52455
1.543 17.919 4.196 1.24294
2.515 19.340 4.728 1.32915
10.925 17.354 3.536 1.45398
4.913 17.007 0.286 2.33792
0.385 13.060 0.314 1.43473
0.000 19.201 1.132 1.74155
1.403 20.292 3.502 1.94310
0.530 18.591 2.308 1.19335
0.188 20.186 1.107 1.85540
0.350 20.047 2.748 2.04935
0.110 21.280 2.959 2.11663
0.502 21.596 4.416 1.59647
2.212 21.466 4.058 1.73123
0.125 21.771 4.219 1.66819
1.415 22.537 3.997 1.68723
0.282 22.736 5.429 1.28465
7.112 22.347 5.281 1.21588
2.910 22.661 5.845 1.42706
19.417 18.317 2.280 1.77041
4.455 16.316 3.354 1.81148
0.235 17.069 3.773 1.41069
0.000 14.223 2.177 1.16743
1.802 15.518 2.958 1.10929
8.972 15.868 2.270 0.98630
1.440 19.115 2.744 1.24517
1.715 19.545 3.393 1.60540
8.860 17.766 2.571 1.81235
5.858 17.874 4.645 1.22061
12.510 17.393 2.859 1.01073
23.110 18.006 4.133 1.30819
1.943 15.821 4.432 1.00748
7.108 17.378 3.625 1.19503
13.073 17.511 4.354 1.18939
1.385 18.032 4.218 1.39815
0.165 18.807 3.089 1.62077
0.195 19.880 4.543 1.00649
0.915 19.285 5.982 0.86060
0.520 19.411 5.941 1.00123
3.020 18.678 4.010 1.07626
16.547 18.889 4.747 1.14859
0.563 18.557 6.287 1.08219
7.342 19.738 6.542 1.18562
4.045 16.628 5.218 0.86484
2.078 18.412 5.918 1.33727
8.275 17.835 4.153 1.49125
10.137 11.917 3.908 1.20424
1.287 17.165 3.741 1.37820
4.025 16.384 3.453 1.89596
0.125 17.601 3.937 1.58769
13.143 16.818 4.869 1.07326
13.112 18.319 5.495 0.82884
3.587 17.497 4.564 0.97952
2.675 17.765 4.791 1.03871
0.000 18.033 3.595 1.19829
0.213 18.284 4.948 1.10946
0.152 18.170 4.537 1.09638
2.460 17.978 6.107 0.85424
2.353 16.336 4.471 1.20924
0.493 13.227 3.328 1.64855
1.715 17.283 3.595 1.86473
0.345 17.060 1.908 2.19911
1.008 16.751 2.507 2.25888
7.205 15.784 2.190 1.32142
6.827 15.732 1.674 1.11714
3.390 16.206 2.628 1.56132
2.940 12.952 2.432 1.80604
2.627 16.926 3.025 1.94348
6.933 14.985 2.174 1.39035
0.735 15.821 2.943 0.97055
1.265 15.667 3.248 1.03010
8.332 16.768 4.188 0.90619
10.267 16.497 3.265 0.92240
7.495 15.869 3.489 0.81908
0.485 14.977 2.765 1.43028
14.907 15.625 2.485 1.51046
4.280 12.414 2.124 1.00062
0.015 12.388 0.689 1.23115
1.002 11.990 -2.212 0.89492
0.102 11.135 -1.047 1.78879
0.000 13.289 -1.163 1.38178
0.000 14.826 -1.270 1.03359
0.785 15.069 -0.122 1.21313
1.125 14.496 -0.514 1.10858
0.000 14.967 -1.012 1.06903
0.000 15.826 -1.995 1.42461
0.000 15.766 -2.371 1.77793
0.450 15.691 -2.116 1.63553
0.000 14.892 -1.156 1.06080
0.000 16.248 0.201 1.77350
0.000 16.457 0.932 1.65578
2.607 16.969 2.086 1.75172
0.350 15.920 2.017 1.27375
0.550 16.457 2.724 1.13949
5.475 15.792 1.405 1.64378
4.045 14.257 0.564 1.41183
0.433 14.888 0.481 1.31886
0.257 16.690 0.329 1.99648
0.607 15.433 0.056 1.76691
0.000 16.873 -1.360 2.05359
0.000 17.007 -0.947 1.68345
0.097 16.860 -1.452 1.60196
0.945 15.965 -0.628 1.80327
0.000 15.032 0.197 1.89261
1.518 15.015 1.114 1.41976
4.210 10.774 0.051 0.89674
9.390 11.087 -2.263 1.87248
0.150 13.163 -1.641 2.25948
1.320 11.319 -1.596 1.07952
2.865 10.094 -3.187 1.53708
1.043 11.826 -3.658 1.75173
1.278 10.254 -5.215 1.35325
0.000 11.357 -5.484 2.38030
0.000 11.018 -5.645 2.24712
0.000 11.717 -5.534 2.11838
0.065 11.063 -5.158 2.52572
0.018 9.727 -4.683 2.15977
0.553 11.285 -4.761 2.26953
0.592 10.707 -4.745 1.54888
0.000 12.390 -4.593 1.98058
0.585 11.676 -4.149 2.35636
0.215 10.228 -3.536 2.30454
0.398 11.093 -3.400 2.25804
1.355 10.163 -1.639 2.15190
11.570 4.794 -4.147 1.19136
1.838 3.044 -7.541 1.29530
1.417 4.128 -7.820 1.52797
0.540 8.040 -7.770 2.10147
0.393 7.709 -5.862 2.69870
0.010 4.816 -4.483 2.28864
0.000 5.243 -5.998 1.90865
0.283 5.827 -6.097 1.25335
0.392 5.337 -5.947 3.25175
0.000 4.200 -8.385 3.23112
0.000 3.808 -8.453 3.22239
0.000 4.887 -9.237 2.89216
0.000 5.813 -9.626 2.89244
0.000 5.948 -9.642 3.26984
0.043 4.663 -9.571 2.42647
0.077 6.347 -9.697 2.36221
0.000 5.915 -9.673 2.20554
0.000 5.261 -9.569 1.87668
0.000 5.278 -9.790 1.98385
0.000 2.830 -9.885 2.13879
0.000 5.576 -9.795 2.06651
0.000 6.475 -9.047 2.07882
0.068 6.707 -7.544 1.84425
0.207 7.028 -7.903 1.88835
0.708 7.105 -8.250 2.68730
0.328 6.663 -7.707 3.31554
0.038 5.065 -7.168 3.16881
0.660 2.420 -10.042 2.47951
0.000 2.837 -10.934 1.99643
0.190 3.965 -11.057 1.85202
0.000 3.411 -8.680 2.28912
0.015 2.177 -8.326 2.35682
0.013 -1.468 -10.600 1.57018
0.440 1.380 -11.307 1.90697
0.000 1.557 -12.561 1.91316
0.000 3.753 -13.573 2.01528
0.000 4.086 -13.702 2.27009
0.000 3.401 -13.615 2.15603
0.035 4.119 -13.886 2.85197
0.000 4.906 -13.777 2.69484
0.000 3.769 -13.658 2.72811
0.000 4.473 -13.411 2.59956
0.000 3.608 -13.015 1.92046
0.027 3.809 -13.332 3.19893
0.045 0.656 -12.352 1.70795
0.000 0.418 -13.041 1.78524
0.005 1.458 -15.206 1.62939
0.000 0.938 -15.740 2.32526
0.087 1.498 -15.876 2.59806
0.008 3.141 -15.592 3.00513
0.008 1.290 -15.105 2.49666
0.000 1.099 -14.147 1.82526
0.005 1.283 -13.900 1.83105
0.000 3.058 -13.612 1.76918
0.000 3.694 -13.723 2.05787
0.000 5.016 -12.116 1.73701
0.000 5.345 -13.159 2.15151
0.000 3.081 -13.874 2.30001
0.000 1.953 -14.198 2.48417
0.067 2.037 -14.236 1.95704
0.000 2.133 -14.548 2.40718
0.000 1.359 -14.754 2.17060
0.000 1.276 -13.005 2.67248
0.018 0.183 -15.222 2.23320
0.000 0.253 -15.532 2.09887
0.000 -5.332 -15.463 1.33900
0.000 -2.280 -15.861 1.81429
0.005 0.956 -15.880 2.13191
0.000 -3.180 -15.679 1.99669
0.000 1.936 -15.848 2.26808
0.000 4.584 -16.034 2.24605
0.000 5.838 -14.598 2.26775
0.000 6.405 -13.806 2.44871
0.072 5.717 -13.763 2.84497
0.007 4.307 -13.658 2.80307
0.000 5.478 -13.703 2.82601
0.000 5.919 -14.186 2.94852
0.000 5.005 -14.406 2.82941
0.003 4.066 -13.326 2.31572
0.000 2.458 -12.896 1.98194
0.095 2.660 -13.941 1.90383
0.052 2.698 -14.059 2.34384
0.000 2.374 -14.483 2.21040
0.015 -3.367 -15.356 2.25988
0.005 -2.986 -15.737 2.10529
0.000 0.119 -15.629 3.01522
0.000 3.348 -14.966 2.36498
0.002 5.222 -12.818 2.20212
0.033 1.479 -13.830 2.76539
0.000 4.248 -14.040 2.79628
0.000 5.747 -13.617 2.67759
0.000 7.377 -12.445 3.37781
0.002 2.454 -12.890 3.06424
0.000 3.666 -15.204 3.01847
0.000 1.212 -16.436 3.91078
0.000 -2.345 -16.323 2.10009
0.000 0.419 -15.989 2.18180
0.017 -2.092 -17.236 2.78275
0.000 2.933 -17.311 2.64487
0.000 5.190 -15.186 2.66602
0.000 4.793 -10.545 2.19762
0.000 5.736 -10.171 1.61988
0.000 7.495 -10.188 2.35134
0.035 9.084 -9.731 2.14776
0.000 8.253 -8.591 2.75245
0.088 2.165 -12.008 4.00013
0.000 -0.616 -12.355 2.19469
0.000 4.020 -12.050 1.86796
0.037 5.790 -11.337 2.19395
0.000 5.735 -11.328 2.40017
0.000 3.685 -11.520 2.31110
0.057 2.234 -12.270 2.58630
0.000 1.294 -12.122 1.55729
0.120 6.379 -12.084 2.61914
0.072 5.374 -10.251 2.60566
0.000 1.944 -7.186 3.42853
0.907 2.329 -8.677 3.67242
0.510 1.640 -8.632 5.05566
0.025 0.179 -12.725 3.31265
0.000 1.749 -12.758 3.32051
0.397 3.178 -10.568 3.09294
0.012 6.704 -10.442 3.35818
0.005 4.213 -8.651 1.84550
0.270 5.403 -8.663 2.88780
2.685 5.076 -8.376 2.53236
0.785 6.016 -7.436 2.31035
0.000 6.897 -7.347 2.35379
0.000 8.008 -6.856 2.82459
1.117 3.944 -5.455 2.80207
0.338 4.922 -8.388 4.48438
0.235 0.298 -9.677 2.36846
0.000 1.762 -10.426 2.29746
0.000 3.388 -10.660 2.61205
0.007 3.690 -10.359 2.53931
0.000 3.366 -10.608 2.43211
0.000 -0.174 -10.290 2.34883
0.000 1.887 -10.102 1.88051
0.000 4.649 -9.899 1.93059
0.322 8.119 -6.316 2.59112
0.028 8.890 -5.777 2.97304
0.425 8.272 -4.897 5.02634
0.965 2.484 -6.946 4.84923
0.000 1.029 -9.947 3.00233
0.008 3.308 -9.373 3.81389
0.000 6.234 -7.826 3.20525
0.000 5.124 -6.987 4.59334
0.000 4.759 -9.512 4.01932
0.065 4.103 -8.760 2.95149
0.000 2.974 -8.167 1.90905
0.085 4.849 -7.873 2.38685
0.132 5.671 -6.793 3.46832
5.342 3.830 -5.604 2.87207
0.097 0.641 -7.273 1.33800
0.768 6.005 -5.844 3.20162
1.080 5.629 -4.856 2.71088
0.887 5.433 -5.179 2.94980
0.502 1.751 -7.996 1.62655
0.175 4.900 -8.825 3.69443
0.000 5.085 -9.763 3.91203
0.000 3.317 -8.924 2.48592
0.000 5.562 -7.024 2.63416
0.165 8.863 -6.477 2.84009
0.577 7.929 -5.591 3.05198
0.690 6.224 -5.141 2.99605
0.433 6.880 -5.189 2.62784
0.288 5.085 -5.873 2.17073
0.145 3.341 -6.714 1.52525
0.263 3.751 -7.127 2.59604
0.458 6.714 -6.309 2.57248
0.000 9.359 -5.804 2.86460
0.305 12.167 -4.501 2.99616
5.547 11.169 -4.701 3.87762
0.160 10.399 -6.243 5.07156
6.443 8.744 -3.017 5.85715
0.378 6.274 -6.463 3.48100
0.832 6.458 -6.197 2.87633
0.975 7.903 -6.967 3.14017
0.533 9.935 -4.371 2.71922
1.177 6.326 -4.899 1.35450
1.747 10.268 -5.821 3.50213
0.110 8.669 -7.168 3.90077
0.000 4.944 -5.368 2.14931
0.000 7.409 -4.945 2.19138
0.022 10.175 -4.772 1.54169
0.278 9.402 -4.133 2.24012
2.350 6.127 -4.954 1.05917
0.157 9.123 -3.836 1.86565
1.587 6.999 -7.816 2.17344
0.000 7.166 -5.114 2.40297
0.000 10.200 -2.644 1.28612
0.835 12.183 -1.720 1.90791
0.000 14.083 -3.557 1.35273
0.747 15.918 -3.990 2.47447
1.008 14.481 -1.154 2.39812
0.058 12.888 -1.569 2.04406
6.968 8.033 -2.198 1.40996
1.033 9.066 -3.625 1.28238
0.148 13.561 -4.145 1.44107
0.555 15.754 -3.050 1.68595
1.020 16.721 -0.940 2.02918
2.150 14.413 -3.471 3.21943
2.648 14.687 -1.277 2.71549
0.875 15.609 -4.098 3.64254
2.620 5.678 -4.833 1.97582
1.545 5.793 -3.818 1.50473
0.078 10.631 -4.572 1.97958
0.000 10.647 -3.723 1.80684
1.137 12.126 -2.467 2.08024
0.000 14.325 -3.130 1.86366
0.232 16.708 -2.103 3.53638
5.632 11.160 -2.459 1.88428
0.013 8.070 -4.570 1.42668
1.143 14.927 -1.676 1.55037
1.265 15.151 0.132 1.81376
0.113 11.697 -2.249 1.27270
0.483 17.954 1.548 1.60438
0.000 17.118 0.540 1.34833
12.303 15.687 -0.082 2.88956
4.575 12.228 -0.341 1.23015
19.795 10.869 -1.100 1.53621
0.405 12.406 -0.018 1.30323
1.733 15.810 0.455 1.39755
1.285 16.298 1.077 1.73420
0.123 18.316 2.910 2.13532
0.757 18.716 1.368 1.85813
3.148 20.337 1.726 2.60225
1.058 20.443 3.597 2.10934
0.915 20.589 4.007 1.81316
0.465 20.220 3.438 1.91963
4.858 18.992 4.276 1.59918
1.982 18.085 1.931 1.83950
10.425 16.500 2.214 2.42786
12.367 17.431 2.721 2.22643
0.760 14.156 -0.095 2.29090
0.145 17.626 -0.026 2.02013
0.067 18.162 -0.078 2.28221
1.962 17.427 -0.107 2.53857
0.120 17.412 1.916 1.96274
0.000 17.691 1.023 1.68823
0.000 18.842 -0.099 2.35562
0.000 19.566 1.386 2.48941
0.080 18.279 1.588 1.99598
0.325 18.836 3.052 2.23242
0.905 16.792 1.433 1.58743
0.100 15.913 2.819 1.33311
0.000 18.160 1.937 1.24363
0.487 19.858 4.161 1.30832
5.523 17.437 3.406 1.35286
3.233 16.483 3.739 1.74490
17.312 12.110 1.324 1.27942
5.653 18.845 3.548 1.98948
0.433 19.574 3.873 1.42420
0.868 20.388 3.682 1.77994
0.043 19.723 3.476 1.78154
2.210 20.115 5.720 1.45627
1.067 19.251 5.902 1.73957
10.462 19.049 5.709 1.38509
0.695 18.026 3.467 1.53474
2.747 17.362 2.820 1.81278
0.000 17.529 4.541 1.44020
0.000 19.927 4.274 1.08346
1.262 19.798 4.112 1.41206
11.050 19.822 4.955 0.98318
4.910 20.234 6.190 1.36230
5.348 18.619 5.913 1.59380
3.990 20.451 7.236 1.01504
0.085 20.550 6.436 1.34482
0.093 22.455 6.563 1.11071
1.445 23.005 8.267 1.45511
0.000 22.340 5.343 1.71552
0.143 21.673 5.936 1.62606
11.318 21.663 4.035 1.45387
3.392 19.902 5.981 1.09149
18.437 19.206 5.323 1.12361
1.417 17.477 4.165 2.07835
0.000 17.870 4.289 1.55948
0.000 15.736 1.174 1.28738
0.000 18.924 2.678 1.47361
0.658 20.564 3.294 1.09424
0.365 20.437 3.748 1.49419
0.392 19.794 4.308 1.16686
5.823 18.617 4.650 1.09058
3.080 17.033 3.433 1.33318
0.092 18.796 3.280 1.73048
0.782 18.243 2.084 1.59549
2.298 15.711 2.195 1.23283
0.105 16.511 2.878 1.22034
0.457 17.485 3.687 1.31449
0.000 18.797 2.382 1.20056
0.000 19.776 3.651 1.33576
0.377 20.630 3.247 1.55718
1.508 20.720 4.265 1.47626
0.240 21.067 3.437 1.54703
0.070 20.148 4.315 0.99271
3.408 18.683 3.008 1.22971
3.965 19.977 4.857 1.08014
0.860 19.290 2.764 1.25751
0.273 18.921 3.332 1.22741
0.672 20.707 4.170 1.24658
0.118 20.649 4.336 1.04291
2.617 20.606 5.528 1.05186
0.000 20.540 4.994 1.61768
5.715 19.841 6.230 1.04145
4.290 18.398 4.222 1.00594
0.115 19.211 4.078 1.12872
13.662 18.161 2.760 1.41986
0.225 19.302 4.269 0.95649
0.000 19.716 3.203 1.26209
0.130 19.347 4.461 1.80557
0.150 19.452 2.557 1.89809
0.055 20.808 2.914 1.79133
0.405 19.506 3.965 1.46236
0.990 20.010 3.673 1.17749
0.408 21.081 3.495 1.42425
0.690 21.039 3.359 1.29101
0.272 21.414 2.581 1.19052
0.000 20.368 3.646 0.93147
0.280 20.627 3.867 0.84630
0.055 20.641 4.544 0.80895
7.725 20.018 3.437 1.45401
5.030 17.954 3.375 1.50699
11.698 16.738 3.876 1.10430
21.717 12.696 0.526 1.15787
9.870 12.091 -2.344 1.32096
4.935 15.769 -0.006 2.00520
9.332 10.550 -0.477 1.87193
2.568 10.118 -0.158 1.34984
0.310 9.990 -0.131 0.86785
5.292 12.785 0.520 1.01967
1.713 14.916 -1.011 1.59896
4.245 13.730 -1.650 1.52913
0.543 11.436 -1.533 1.45839
0.075 13.052 -2.627 1.12073
0.000 14.820 -1.782 1.03969
0.000 16.163 -1.512 1.35847
0.077 14.018 -1.105 1.95667
1.210 16.156 -0.858 2.14481
0.787 17.042 -0.153 1.63275
0.185 16.430 -1.550 2.01023
0.022 16.275 -0.470 1.97580
0.000 14.251 -2.217 1.94933
0.042 16.392 -1.950 1.89166
0.735 13.821 -1.032 0.82559
0.160 14.084 0.458 1.17067
1.168 13.360 0.026 0.97330
5.070 12.747 -0.299 1.57622
0.418 13.098 -0.440 1.30319
0.150 14.027 -1.811 2.46448
0.583 12.668 -2.960 2.46634
0.008 9.845 -3.952 1.57445
0.613 12.228 -5.373 1.88066
0.000 6.615 -5.382 0.90492
0.000 9.003 -5.069 1.29195
0.085 11.237 -3.962 1.18512
2.290 7.387 -3.130 1.08577
0.155 3.770 -2.857 0.86796
1.542 9.593 -4.208 1.25297
2.590 10.790 -4.220 1.60007
2.355 11.902 -4.019 1.73458
1.903 10.130 -3.800 1.17252
0.590 10.789 -5.203 2.31353
0.812 7.218 -5.047 1.15097
0.205 7.058 -4.541 1.44337
0.000 7.044 -3.904 1.18917
0.853 7.605 -5.052 1.41676
0.043 7.971 -6.318 2.22598
0.095 7.824 -6.484 2.32430
0.093 6.544 -6.332 1.89163
0.175 5.002 -6.004 1.01553
0.628 6.876 -6.515 1.66109
0.023 6.849 -6.808 1.74120
0.000 6.982 -7.034 1.97561
0.575 4.755 -6.882 1.37037
0.400 5.239 -6.006 1.55431
0.000 3.901 -6.367 1.42254
0.000 5.848 -6.412 1.50943
0.000 4.083 -5.998 1.32330
0.385 6.763 -5.835 1.09582
0.822 2.512 -4.235 1.11784
0.642 1.832 -7.755 1.35932
0.000 3.060 -8.128 1.13050
0.122 4.181 -8.470 1.37779
0.110 4.250 -7.856 1.41983
0.102 3.845 -5.267 1.37992
0.525 5.015 -4.261 1.00101
1.638 2.141 -6.145 1.54218
1.567 3.733 -7.667 1.72007
0.265 5.658 -8.102 1.36392
0.000 4.447 -9.315 1.97856
0.000 4.274 -10.197 2.16195
0.202 5.527 -10.472 2.25361
0.000 1.880 -12.005 2.06442
0.000 3.431 -12.157 1.44095
0.012 0.235 -9.699 1.49137
0.030 -0.448 -12.114 1.72518
0.000 0.365 -12.289 2.04484
0.292 2.786 -11.842 1.85950
0.000 2.566 -9.406 3.46702
0.960 0.603 -9.962 3.27869
0.157 -1.253 -10.228 3.15653
0.000 -3.843 -12.784 1.55349
0.000 0.119 -14.333 2.77048
0.000 1.137 -14.398 3.05429
0.000 4.748 -13.877 2.88351
0.000 3.388 -14.014 2.06627
0.000 3.519 -13.116 2.10761
0.000 3.674 -13.443 1.97782
0.000 4.635 -13.258 2.64639
0.000 7.755 -12.451 2.01327
0.000 8.500 -9.755 2.24374
0.000 5.741 -11.012 2.13270
0.000 4.648 -12.728 2.54529
0.000 3.348 -12.972 3.23007
0.120 2.217 -13.039 2.78125
0.000 1.178 -13.071 2.55043
0.000 1.922 -12.918 4.46819
0.042 -1.308 -13.213 3.29780
0.000 -3.817 -15.304 2.51785
0.002 1.192 -15.599 2.52187
0.002 -2.657 -16.367 2.96794
0.037 1.789 -16.626 2.11461
0.000 2.636 -15.483 2.25184
0.582 1.073 -12.923 1.75598
0.000 -2.188 -14.813 1.79574
0.000 -2.257 -15.462 1.62296
0.158 1.589 -15.661 1.53164
0.150 1.262 -14.152 1.76819
0.000 -2.217 -15.376 1.84191
0.000 0.354 -15.773 1.91040
0.000 1.755 -15.783 2.24092
0.030 2.086 -12.596 1.33547
0.000 -0.119 -11.879 1.15169
0.080 -2.941 -15.434 1.74225
0.000 -1.336 -15.760 1.94230
0.495 -1.055 -14.512 2.37329
0.000 1.933 -15.488 2.69051
0.000 2.624 -15.542 2.63822
0.000 2.184 -15.078 2.79485
0.000 6.240 -15.006 2.54739
0.000 8.643 -11.053 2.55386
0.000 9.465 -10.927 2.11099
0.000 8.157 -11.396 3.13712
0.000 2.612 -14.822 3.04553
0.802 -2.518 -15.936 2.13585
0.000 1.278 -16.274 2.23317
0.007 3.261 -15.089 2.58946
0.000 1.064 -16.248 2.73552
0.000 1.639 -16.696 3.57077
0.000 -2.491 -18.444 3.88529
0.000 -5.009 -19.009 3.32042
0.000 -4.793 -18.690 2.60382
0.000 -5.091 -16.799 1.95115
0.000 -5.233 -17.837 1.91672
0.000 -4.749 -18.156 2.86553
0.000 0.709 -18.091 2.53797
0.000 0.618 -16.711 2.21909
0.000 1.132 -16.855 2.91606
0.042 -3.357 -16.217 2.34213
0.000 -2.097 -16.405 2.02687
0.000 1.109 -16.399 2.50033
0.000 3.112 -15.114 2.32582
0.000 -3.318 -14.622 1.81084
0.000 -1.613 -13.663 1.50267
0.000 0.132 -13.859 1.71127
0.053 0.960 -12.522 1.97060
0.000 1.824 -12.380 1.72404
0.000 -1.694 -10.376 0.83716
0.000 0.037 -12.464 1.12999
0.000 -2.603 -15.062 1.87813
0.000 0.078 -15.277 1.97139
0.000 2.294 -14.302 2.37438
0.000 -0.394 -12.943 1.77463
0.180 -0.441 -13.415 2.07616
0.000 -1.256 -13.738 1.76132
0.000 -2.027 -13.824 1.78045
0.227 -1.406 -15.178 2.17319
0.000 1.894 -15.216 1.74341
0.000 4.352 -13.710 2.17551
0.000 2.877 -12.629 3.17627
0.002 -0.292 -13.156 2.51714
0.000 1.210 -13.191 2.81920
0.737 -2.619 -17.323 4.05964
0.032 -3.736 -17.352 2.58114
0.185 -3.552 -17.537 2.11129
0.000 -3.258 -17.562 2.40305
0.000 -4.005 -16.548 2.43295
0.000 -0.872 -16.536 2.44926
0.000 0.421 -14.746 2.69975
0.000 3.748 -13.910 3.12629
0.000 4.807 -13.726 2.14588
0.000 3.599 -11.101 2.10300
0.000 1.840 -12.273 2.31133
0.038 1.358 -12.178 3.55045
0.035 -0.357 -14.202 2.47618
0.000 4.019 -14.119 1.96872
0.000 4.057 -11.962 2.31405
0.097 1.891 -10.481 4.84911
0.000 0.522 -13.573 2.94704
0.000 4.351 -13.393 2.76367
0.000 6.057 -11.068 3.10251
0.000 4.456 -9.960 3.54233
0.000 2.171 -11.026 3.97676
0.798 4.243 -10.542 2.89687
0.000 5.625 -9.804 2.43481
0.000 6.019 -9.204 3.64942
0.020 4.160 -8.876 3.68492
0.078 5.841 -8.392 2.41363
0.000 7.286 -7.512 3.47968
0.000 7.867 -6.960 4.79580
0.315 3.622 -9.861 6.20396
0.000 -0.441 -11.838 4.81026
0.000 -3.041 -13.372 2.33636
0.215 2.568 -12.341 3.17253
0.000 6.807 -8.497 2.69282
0.000 10.762 -6.532 2.99974
0.040 8.286 -6.868 3.12844
0.000 7.875 -6.171 2.66979
0.000 7.659 -6.056 2.73473
0.000 9.025 -5.735 3.23372
0.815 11.005 -6.020 4.04122
0.247 7.032 -5.136 2.36405
0.198 4.363 -5.725 1.57028
0.000 8.939 -5.082 2.31773
0.000 12.622 -5.146 2.33454
0.675 13.496 -4.577 2.09972
0.833 14.871 -4.998 2.55508
0.008 14.999 -4.409 2.76159
5.490 14.471 -3.001 3.29224
0.660 7.741 -4.286 2.59149
0.728 10.441 -5.307 2.61763
0.075 10.834 -6.085 2.69240
0.485 8.610 -5.428 2.50930
0.172 7.767 -4.724 1.64404
2.120 6.422 -5.751 2.94605
0.812 6.632 -5.261 1.93888
1.247 4.074 -5.642 2.03698
0.408 0.744 -4.813 1.45369
0.140 5.219 -6.600 1.74833
0.060 6.090 -5.692 2.17758
1.362 8.951 -4.730 2.65019
2.025 11.133 -3.961 2.26566
2.472 13.932 -6.964 3.01408
0.000 9.435 -4.451 2.28273
0.067 12.734 -4.402 1.41936
0.000 14.429 -4.838 1.51094
0.035 15.212 -3.284 2.50456
1.550 13.239 -1.726 2.55433
4.795 5.832 -2.957 2.04649
0.680 4.736 -4.220 1.68643
1.357 6.676 -3.799 1.30883
0.045 6.552 -3.735 3.13850
1.055 5.175 -3.918 1.75430
0.053 1.651 -7.368 2.15392
0.038 5.562 -7.071 3.00778
0.152 8.051 -4.410 2.46661
0.600 11.527 -2.605 1.40235
1.717 13.093 -3.172 1.53051
0.020 14.278 -4.734 1.40766
0.290 6.795 -6.637 2.40152
0.000 10.045 -3.694 1.91995
0.057 14.842 -3.364 1.53912
0.540 17.230 -2.126 2.04655
0.000 17.015 -4.155 2.57552
0.113 15.337 -1.062 1.74743
0.000 17.574 -2.318 2.67727
1.387 16.873 -1.666 3.21825
1.293 8.382 -4.103 2.29219
6.077 10.492 -1.652 1.75895
5.130 11.424 -0.567 2.02485
9.570 11.653 -0.418 1.70741
12.653 3.883 -2.934 1.95565
7.955 4.978 -2.595 1.19630
1.528 9.462 -3.467 1.70332
0.000 12.505 -1.800 1.68296
1.355 16.903 0.918 1.29151
0.125 17.172 -0.150 2.00264
1.432 18.856 0.446 2.72964
0.022 20.009 1.813 2.81473
0.150 17.904 2.162 1.83060
0.000 19.382 -1.250 2.61298
0.000 18.210 -0.934 2.94513
0.000 17.828 -0.027 2.13782
0.000 18.809 1.146 1.53064
0.000 17.651 0.455 2.19187
0.000 16.783 0.174 1.96962
0.000 18.875 0.387 2.23272
0.100 17.939 -1.103 2.48920
1.420 15.733 0.452 1.61469
0.060 16.914 0.073 2.78796
3.385 12.527 -0.693 1.28251
0.242 16.178 0.586 1.54050
0.100 14.850 0.358 1.26578
0.000 17.811 2.415 1.81518
3.435 15.917 0.739 2.13320
2.220 14.052 0.355 1.57437
0.813 17.537 1.625 1.90850
3.790 12.452 -0.775 2.02474
0.093 15.517 -2.368 2.47287
0.000 14.689 -0.002 1.88940
0.138 17.399 1.246 1.22405
0.445 15.688 0.790 1.61416
0.560 13.611 0.711 2.75494
2.050 17.838 1.936 3.40770
0.000 19.265 0.871 2.88356
0.000 20.501 1.067 2.68117
0.255 20.480 -0.447 2.79707
0.092 19.855 1.025 2.85904
0.665 18.695 2.290 2.98125
2.455 18.312 3.144 1.29857
0.290 13.304 1.307 1.08456
1.818 10.788 -0.768 1.53836
0.078 14.928 -0.718 2.17551
0.000 17.286 1.302 1.65961
1.970 18.961 1.564 1.40265
0.168 15.622 1.161 1.38885
0.000 20.247 2.433 1.23876
0.493 22.869 4.629 1.71149
2.422 22.409 4.163 2.04965
0.000 20.066 3.948 2.06741
0.805 22.688 3.375 2.03892
0.010 22.099 4.590 2.02183
3.457 22.123 5.679 1.19878
0.037 22.787 4.176 1.60522
1.875 22.547 4.340 2.19500
22.973 20.381 5.870 1.35034
2.790 21.874 6.587 1.01848
12.648 17.547 3.307 1.34791
1.948 17.117 3.323 1.62594
0.000 18.878 2.957 1.77035
0.038 18.515 3.410 1.24328
1.768 17.636 3.644 1.81054
0.062 19.418 4.012 2.34497
0.110 19.622 3.420 2.01819
4.900 20.520 4.972 1.33954
11.865 20.987 5.168 1.49724
2.268 20.071 3.824 1.71175
0.837 17.968 3.200 1.64421
3.227 16.277 3.208 1.63541
7.898 15.211 1.337 1.18949
3.515 18.436 2.380 1.10916
3.952 13.757 3.097 0.70373
0.245 16.518 0.666 1.57429
0.318 17.709 2.822 1.29840
14.870 16.611 2.090 1.62282
2.745 16.195 2.967 1.27547
8.575 18.419 3.504 1.19938
3.130 16.250 2.086 1.71760
0.265 16.030 0.159 2.19360
0.000 15.412 0.503 1.77561
0.000 17.555 1.645 1.50684
0.155 20.125 4.481 1.19801
0.005 20.377 4.381 1.14050
4.643 19.214 4.647 1.43301
8.972 18.538 5.282 0.88430
0.982 19.800 4.458 1.52954
0.597 21.203 5.735 1.45202
0.290 20.723 6.846 0.84602
6.455 19.807 3.718 1.16448
4.005 17.286 3.419 1.61795
0.000 17.650 2.175 1.45730
0.000 19.384 3.906 0.98939
7.277 19.829 4.674 1.62088
11.378 16.827 3.640 1.57186
3.827 19.487 4.419 1.92141
4.297 19.190 3.751 1.70674
3.732 17.171 3.043 1.59035
1.437 16.763 2.773 1.15787
3.203 16.129 3.270 0.80337
4.920 16.556 3.343 1.18602
9.835 16.773 3.485 1.13750
1.070 17.223 3.073 0.77578
0.657 17.658 3.878 1.04051
0.853 14.933 3.761 1.31695
1.555 17.745 3.396 1.28846
3.440 17.530 4.022 1.18747
16.258 18.379 2.447 1.34281
6.710 17.710 2.318 1.41096
15.213 17.735 4.164 1.37843
0.613 16.241 2.634 0.84865
7.722 17.246 1.845 1.56776
12.193 14.068 0.851 1.90815
0.050 14.071 1.258 1.37812
1.432 8.866 -0.690 1.78581
8.905 11.484 -0.269 2.28006
1.025 13.572 -0.325 2.50699
4.082 16.251 1.868 2.43839
0.000 14.955 1.424 1.72661
13.830 14.840 1.673 1.02936
2.967 14.417 2.720 1.51510
1.562 15.744 2.509 1.58160
1.730 12.625 1.697 1.05811
0.577 9.304 -1.670 1.59931
0.153 13.962 -0.308 1.23043
4.840 12.905 -0.080 1.80170
0.100 13.890 -4.805 2.04743
0.000 10.512 -3.086 1.51209
0.000 12.644 -2.781 1.07413
0.000 13.608 -1.569 1.00421
2.037 12.447 -0.949 0.97900
0.525 13.101 -1.884 1.00100
0.162 13.489 -2.666 1.17889
1.245 14.420 -1.660 1.06920
0.000 15.289 -1.532 1.41154
0.000 16.198 -1.376 1.60510
0.000 16.682 -1.726 1.56943
0.000 16.333 -2.621 1.86648
0.000 16.544 -1.588 1.68448
0.000 15.994 -0.549 1.23269
0.345 16.261 0.132 1.14827
0.983 16.182 -0.151 1.42238
0.030 14.903 -0.784 1.79786
0.105 16.285 -0.791 1.58375
0.000 16.474 -0.460 1.54243
0.000 17.523 -0.976 1.66154
0.000 17.169 -1.861 1.62168
0.000 16.793 -1.629 1.97218
0.000 16.348 -0.773 2.00482
0.000 16.372 -0.736 2.32532
0.000 15.519 -1.217 1.95746
0.000 15.613 -1.762 2.00359
0.000 15.227 -4.409 2.19785
0.000 14.367 -4.061 2.34815
0.000 12.715 -3.265 1.91013
0.352 12.990 -3.055 1.70879
6.685 9.223 -3.696 1.61401
0.000 11.937 -3.444 2.48382
0.040 10.945 -3.960 2.32353
0.175 8.126 -4.613 2.77348
0.795 6.395 -4.688 2.23794
0.000 5.337 -6.654 1.62951
0.060 6.612 -6.591 1.95786
0.008 3.483 -6.719 1.21061
0.000 6.810 -6.613 1.73393
0.000 10.301 -5.694 1.94856
1.210 11.637 -5.177 1.57158
0.000 13.491 -5.106 2.12600
0.040 12.371 -4.730 2.46862
0.000 11.367 -5.199 2.01418
0.000 11.108 -5.206 2.45644
0.460 7.808 -4.662 1.20613
0.000 4.841 -4.946 1.19037
0.618 4.379 -5.371 1.42684
0.300 4.999 -6.171 1.92995
0.000 5.214 -6.244 1.86642
0.648 4.040 -5.828 1.50186
0.005 0.350 -6.427 1.52622
0.000 1.120 -8.795 0.90548
0.000 4.471 -8.877 1.34922
0.975 4.446 -7.314 2.38949
0.000 3.859 -8.239 2.65779
0.000 3.599 -9.512 2.56245
0.000 3.780 -10.765 1.82475
0.000 3.591 -12.403 1.91360
0.017 3.672 -12.657 2.46028
0.073 3.937 -9.187 1.83844
4.332 5.661 -7.136 1.79462
1.362 7.397 -7.406 1.85076
0.000 6.727 -7.699 1.70641
0.000 8.319 -7.986 1.90844
0.012 6.624 -9.301 2.41317
0.247 3.197 -9.813 1.58205
0.000 -0.477 -11.203 1.40026
0.072 0.626 -12.037 1.49635
0.000 1.375 -12.376 1.55004
0.010 1.883 -11.979 1.29111
0.000 -1.548 -10.699 1.65856
0.020 1.395 -11.289 2.02125
2.307 1.717 -11.766 2.16168
0.000 3.028 -12.831 1.85730
0.000 4.374 -13.063 2.27808
0.000 0.790 -11.735 1.94104
0.000 3.635 -11.942 2.04391
0.000 1.902 -12.247 2.65838
0.003 -4.274 -13.512 1.77767
0.000 -4.186 -17.458 2.22079
0.000 0.593 -17.686 1.89993
0.000 2.651 -14.989 2.17594
0.000 0.879 -15.339 2.70301
0.000 -2.486 -16.408 2.38508
0.000 0.197 -16.520 3.51266
0.000 -1.327 -15.862 2.77265
0.000 0.229 -15.837 2.32131
0.000 1.838 -15.582 2.36103
0.000 3.870 -14.912 2.47892
0.000 2.162 -15.306 3.30706
0.000 0.923 -15.949 2.89165
0.000 0.645 -16.219 2.78205
0.000 -0.888 -15.749 2.38004
0.000 3.021 -14.806 2.59309
0.005 2.838 -13.470 2.23120
0.400 1.484 -11.484 2.50764
0.037 -0.085 -13.700 2.05744
0.000 0.509 -13.743 1.98634
0.000 4.284 -13.735 2.53441
0.022 6.198 -13.920 2.18900
0.037 7.398 -13.898 2.30595
0.030 7.905 -12.829 2.21954
0.067 7.556 -11.632 2.19157
0.000 7.556 -11.949 1.82493
0.000 7.392 -11.955 1.89165
0.000 5.600 -13.006 2.05579
0.000 6.620 -13.945 2.23663
0.000 5.118 -14.099 2.73948
0.000 3.290 -13.669 3.10445
0.000 -0.010 -16.064 1.85821
0.842 -0.264 -16.336 2.87995
0.000 1.337 -16.693 2.52669
0.107 2.355 -16.481 2.50177
0.000 1.771 -14.361 1.96635
0.000 4.495 -14.582 2.41263
0.000 4.259 -14.501 2.74135
0.000 1.426 -15.729 3.22714
0.340 -1.876 -15.813 2.89961
0.000 0.484 -15.150 2.20799
0.055 0.905 -14.336 2.63556
0.313 1.338 -14.825 2.37979
0.000 -0.948 -13.564 2.76500
0.035 4.356 -13.934 2.93405
0.000 3.437 -13.185 3.68081
0.000 -1.111 -12.892 4.32019
0.322 -1.141 -12.416 4.83612
0.000 -0.842 -12.514 6.15035
0.000 -0.911 -16.157 5.24153
0.002 -3.189 -16.157 5.03819
0.000 -1.574 -13.216 5.86405
0.000 -1.804 -14.719 4.37987
0.000 -2.582 -14.904 4.43206
0.000 -1.426 -16.365 4.72817
0.000 -7.406 -18.110 2.66964
0.000 -4.778 -19.022 3.70401
0.000 -5.563 -19.149 4.29333
0.000 -5.783 -19.348 5.14162
0.000 -8.065 -20.249 2.70253
0.000 -5.111 -20.382 2.60380
0.000 -2.744 -19.935 2.42428
0.000 -1.028 -18.433 2.80739
0.000 0.257 -18.232 2.99375
0.000 2.721 -17.651 2.88785
0.000 3.822 -15.962 2.81867
0.030 4.092 -13.841 3.37332
0.000 2.901 -12.317 5.56872
0.053 1.444 -13.650 4.87997
0.000 3.435 -14.939 4.02209
0.000 1.699 -16.321 4.31001
0.000 -2.053 -16.555 3.52494
0.000 -4.620 -18.170 1.77588
0.000 -0.778 -18.242 2.34053
0.230 -0.615 -14.405 2.65173
0.000 -0.894 -14.010 1.95284
0.130 -1.296 -13.642 2.95590
0.265 -2.424 -15.556 3.71387
0.000 -2.833 -15.469 1.94713
0.000 -2.001 -13.976 1.94530
0.000 3.584 -14.541 1.88261
0.130 4.392 -14.021 2.63674
0.000 4.531 -11.265 2.50143
0.290 3.666 -11.773 3.78224
0.005 0.641 -14.056 4.63964
0.000 -2.775 -13.889 2.59923
0.045 -6.594 -17.324 3.21624
0.018 2.289 -17.252 2.33123
0.000 -0.583 -11.436 2.23259
0.112 2.384 -10.870 1.88404
0.002 1.977 -10.485 2.11514
0.000 1.988 -12.918 3.12196
0.485 1.569 -12.632 2.31899
0.395 2.207 -11.215 1.81514
0.007 1.358 -10.405 2.17904
0.000 -1.913 -10.890 1.51444
0.472 2.730 -10.614 1.71102
0.005 6.263 -8.306 2.04832
0.000 8.862 -7.275 3.03289
0.450 5.556 -4.937 1.94524
1.905 5.406 -4.869 1.49071
0.792 3.914 -4.422 2.23743
0.000 2.644 -8.576 3.53141
0.483 2.506 -10.033 1.89231
0.000 3.741 -9.488 1.67455
0.000 1.753 -7.952 2.48263
0.000 3.971 -7.444 3.32732
0.282 0.281 -6.099 2.18804
0.283 -0.578 -7.731 2.22501
0.000 0.648 -7.978 1.49998
1.577 -0.470 -8.453 1.75939
0.508 4.025 -7.533 2.91410
0.003 2.669 -6.736 1.57052
0.158 3.831 -4.595 2.66650
6.950 3.684 -6.688 2.92526
0.000 4.984 -8.150 3.70320
0.020 5.140 -6.935 4.40722
0.273 3.013 -6.402 4.34140
0.100 2.458 -9.842 3.00145
0.695 5.686 -8.676 3.53751
0.072 4.540 -7.403 4.40142
0.000 3.178 -6.550 3.39507
0.080 4.950 -6.824 2.44860
0.000 5.933 -7.031 2.66855
0.560 9.385 -6.701 2.58315
0.185 6.770 -6.187 3.39112
0.000 9.153 -4.683 2.19611
0.000 11.882 -4.645 2.45411
0.000 8.976 -5.654 2.17676
0.000 12.391 -5.041 2.88480
0.000 10.403 -4.002 3.48009
0.060 9.036 -4.329 3.64895
2.405 5.661 -3.637 2.68004
0.243 9.548 -4.534 1.81800
0.000 10.337 -4.915 2.26773
1.803 10.339 -3.494 2.75544
1.293 4.161 -5.674 2.00334
0.000 8.756 -4.660 2.09519
0.095 12.705 -3.607 2.68576
0.000 6.741 -5.247 1.92895
0.022 7.513 -5.041 1.90871
1.365 11.546 -3.990 2.16458
1.172 12.496 -4.498 2.19457
0.505 13.504 -4.156 2.67655
2.592 11.509 -4.079 2.68001
6.137 3.045 -5.144 1.80624
3.227 3.343 -5.886 2.25953
0.000 -4.337 -6.559 1.43415
0.010 9.831 -4.064 1.54991
2.820 13.276 -3.134 1.65436
4.542 11.267 -2.589 2.10519
1.943 7.108 -4.077 2.03528
2.182 11.183 -2.579 1.18082
1.028 13.678 -3.167 1.37048
0.218 15.698 -3.640 2.84638
0.663 15.749 -2.425 2.31045
1.200 13.274 -2.545 1.75212
0.898 10.446 -3.072 1.21379
0.983 11.284 -1.820 1.21578
1.348 12.916 -2.629 1.05748
1.405 14.232 -2.953 1.93485
0.683 15.490 -0.575 2.17955
3.760 10.924 -0.479 0.99711
1.845 14.494 0.187 1.57661
2.425 14.038 0.143 1.01294
1.973 15.399 -1.499 2.69513
3.775 7.960 -2.074 2.08221
1.183 13.486 -2.312 2.30949
0.622 14.594 -2.188 2.34246
2.270 11.524 -1.580 1.66345
4.695 12.187 -1.666 1.41203
0.000 15.607 -0.747 0.78196
0.097 16.297 0.196 1.83726
0.000 16.033 0.499 1.41180
0.042 18.152 -0.535 1.84051
1.067 18.105 1.169 1.91708
0.063 17.680 0.318 2.49411
0.000 18.196 1.097 1.80587
0.477 17.761 -1.464 2.75513
0.475 17.181 -0.818 2.26032
3.045 12.309 -0.154 1.89199
4.207 10.744 -1.129 1.80658
6.915 12.805 -0.179 1.71040
5.785 11.204 -1.306 1.12354
1.075 17.603 1.216 1.78328
0.510 17.475 2.118 2.44788
1.887 13.113 1.016 1.73833
0.053 15.469 1.152 1.56610
0.000 18.833 1.854 1.25303
3.780 18.395 1.134 2.36944
0.455 16.262 1.511 1.66662
0.275 18.127 2.090 1.88907
4.223 15.401 0.996 2.14655
0.103 15.485 1.617 1.63880
0.180 15.930 1.915 1.25014
0.752 17.074 1.261 1.65257
0.015 20.261 2.292 1.55519
0.720 19.675 1.811 3.19422
0.357 19.315 2.587 2.11457
0.345 19.605 4.169 2.00298
0.000 19.238 3.667 1.76609
4.780 17.354 2.851 1.61216
2.205 20.100 2.444 2.41777
8.045 14.342 3.083 1.37084
3.313 18.948 -0.859 2.84094
0.000 14.463 -0.752 2.26281
0.000 15.942 0.393 1.81097
0.000 19.537 1.811 1.11009
0.845 20.472 2.702 2.61255
2.305 18.433 3.065 1.91023
7.250 17.718 3.098 1.32183
5.517 20.068 1.467 2.12814
1.290 16.477 1.703 1.92440
0.185 16.343 0.650 2.12783
0.000 16.015 0.947 1.83255
0.000 16.967 0.336 1.66219
0.000 19.052 2.628 1.23546
0.025 18.950 3.990 0.94739
2.585 18.938 3.070 1.43946
4.087 17.499 3.635 1.48422
4.372 19.185 3.967 1.62903
1.035 17.265 2.918 2.12488
0.290 14.686 3.237 1.74523
0.653 17.466 3.063 2.03802
4.608 20.643 2.623 1.56020
7.785 19.333 2.586 1.51854
1.310 18.203 3.052 1.80179
0.072 19.077 4.548 1.17163
10.048 17.119 3.416 1.61808
4.630 16.366 3.798 2.09022
5.520 16.524 2.860 1.53662
0.000 19.279 3.687 1.49320
4.010 17.843 3.915 1.00051
22.690 16.338 2.132 1.59418
6.858 18.447 3.473 1.26553
0.538 19.014 3.558 1.63775
0.000 20.337 4.109 1.27810
1.690 19.605 4.283 1.43037
0.035 21.073 4.992 1.34758
1.708 20.005 4.925 1.20400
0.593 20.140 5.090 1.39861
16.900 17.339 4.021 1.11163
5.082 17.164 3.175 1.09565
8.955 16.649 4.233 0.98001
2.112 16.115 2.172 1.15471
3.227 17.075 1.333 1.30704
0.000 16.711 2.838 0.93594
1.628 17.348 3.836 1.67040
8.835 16.178 1.444 1.03358
3.390 13.948 1.604 1.60996
0.700 15.855 2.029 1.73990
21.325 11.655 1.086 1.61192
6.893 13.520 1.323 1.26147
2.625 13.966 2.091 2.10238
0.560 17.570 2.018 2.19160
4.540 13.677 2.062 1.55937
14.422 16.066 2.957 1.23197
14.860 14.730 2.367 1.22990
0.975 17.467 2.633 1.44316
0.135 18.060 2.632 1.66175
2.353 18.088 4.569 0.87312
0.788 17.311 3.593 1.00593
3.448 17.129 2.964 1.08014
9.630 18.507 3.158 1.52456
7.597 17.981 3.284 1.47072
3.945 16.042 2.811 0.99488
8.515 16.676 3.065 1.09051
5.315 16.215 1.592 1.71859
0.990 15.589 1.243 2.54217
2.670 11.314 0.874 1.25209
1.928 12.190 0.942 1.25287
0.023 14.415 1.279 1.56525
0.258 14.713 -0.471 2.22284
4.780 9.804 0.079 1.13738
2.037 10.720 -2.101 1.12270
2.860 10.976 -0.764 0.97015
11.102 11.643 -0.758 1.82243
0.083 13.111 -1.487 1.67838
0.370 14.240 -1.386 1.52477
0.000 14.522 -0.398 0.98977
0.000 15.504 1.015 1.03573
0.000 15.349 0.119 1.13293
6.730 15.540 0.895 1.29657
1.148 14.982 1.438 1.60296
6.737 13.736 1.369 0.94613
0.472 14.148 -1.306 1.34913
0.000 14.920 -0.777 1.79770
0.000 13.787 -0.963 1.52843
0.000 14.023 0.285 1.19862
0.407 15.217 1.038 1.16648
7.240 15.502 0.746 1.22252
0.000 17.681 0.465 1.13287
2.057 17.922 -0.083 1.24885
0.000 16.278 0.230 1.44926
0.000 16.322 0.392 1.67354
0.005 16.599 -0.167 1.38528
1.320 16.255 -0.241 1.23233
0.000 16.311 0.344 1.91814
0.687 16.390 0.940 2.06575
0.470 15.505 0.283 1.49893
0.370 14.963 0.741 1.65012
0.463 15.575 -0.217 1.41866
0.840 15.362 -1.119 2.08118
2.610 11.754 -0.598 1.52887
0.000 9.199 -2.860 1.56198
0.255 11.251 -3.375 1.70588
0.000 10.771 -3.861 1.67426
0.395 12.718 -4.489 1.82912
0.037 12.718 -3.649 2.33572
0.153 11.177 -3.132 2.01502
0.000 11.429 -4.783 2.90506
0.037 12.168 -4.877 2.72243
0.167 11.066 -4.451 2.17407
0.438 8.226 -5.724 1.61001
0.000 8.613 -5.465 1.30390
0.000 8.063 -4.841 1.93561
0.100 8.819 -5.431 1.37970
0.000 11.137 -5.571 1.51459
0.000 11.395 -5.401 1.29039
0.053 9.633 -5.378 2.04555
0.040 7.994 -5.232 2.21465
0.075 6.118 -6.102 1.55733
0.060 8.682 -6.024 2.33144
0.108 3.053 -6.199 1.25763
0.430 6.688 -7.332 2.64410
0.000 7.084 -7.347 2.60266
0.123 5.945 -5.384 1.45608
6.175 2.314 -4.249 1.53187
0.208 5.873 -4.554 2.58694
3.058 2.016 -9.826 1.15539
1.253 4.459 -9.861 1.17637
0.000 5.662 -9.105 1.19010
0.000 6.118 -7.355 1.55265
0.000 3.478 -7.890 1.17038
0.067 4.425 -8.365 1.47818
0.218 7.083 -8.375 2.45230
0.008 5.985 -8.284 2.79747
0.050 2.498 -9.291 2.98480
0.335 -1.605 -11.463 2.26575
0.000 3.824 -11.559 1.82171
0.000 4.986 -8.921 2.06650
0.000 7.180 -8.029 1.60057
0.000 9.242 -6.162 1.73782
0.000 9.534 -5.739 1.83358
0.000 9.390 -6.256 1.83530
0.112 8.179 -8.093 2.32136
0.000 5.574 -9.454 2.50890
0.010 5.986 -9.605 2.44079
0.000 7.627 -8.905 2.32984
0.000 8.031 -7.481 2.12114
0.000 8.050 -7.918 2.34705
0.000 7.530 -9.394 2.31993
0.073 6.413 -9.621 2.45983
0.085 4.094 -9.545 3.57683
0.230 -3.688 -13.545 2.18868
0.000 0.587 -13.493 1.90693
0.000 -1.444 -11.132 1.47507
0.000 -1.264 -13.184 2.24441
0.000 -1.696 -13.039 1.75944
0.000 0.532 -12.506 1.90152
0.000 1.686 -12.095 2.03597
0.045 1.665 -11.074 2.57909
0.060 2.642 -11.212 1.91503
0.000 3.316 -11.176 2.25301
0.000 5.165 -11.283 2.13002
0.000 3.268 -11.006 1.90477
0.000 1.792 -12.001 1.59298
0.000 3.348 -12.290 2.38979
0.042 3.051 -12.249 2.25660
0.303 -1.435 -17.438 3.53057
0.000 0.082 -17.711 1.90975
0.000 4.886 -11.492 2.26785
0.000 5.407 -10.097 1.94913
0.000 4.622 -10.740 2.48797
0.000 3.579 -12.287 2.23705
0.000 3.911 -12.718 2.23923
0.000 3.434 -12.326 1.83712
0.000 2.456 -12.599 1.94313
0.000 1.281 -12.136 1.69730
0.025 2.721 -12.413 1.73007
0.000 2.450 -11.350 1.90267
0.000 3.641 -10.907 2.20651
0.000 6.894 -10.108 2.06093
0.000 5.849 -10.012 1.96947
0.000 5.305 -10.648 2.19047
0.047 2.201 -13.078 2.10441
0.000 0.453 -15.731 1.91076
0.000 0.332 -15.969 2.59261
0.000 -1.891 -15.570 2.10200
0.003 -3.013 -15.799 1.69504
0.000 -1.904 -16.178 1.87863
0.000 -0.622 -15.188 2.03605
0.000 -2.043 -15.802 1.82399
0.000 -1.360 -16.145 2.73397
0.000 -3.383 -15.819 3.43662
0.000 -6.842 -18.998 2.43772
0.000 -4.512 -19.177 2.91538
0.013 0.450 -16.575 2.13023
0.000 -2.005 -15.222 2.12623
0.000 -6.007 -16.220 1.67390
0.000 -2.084 -16.581 2.32370
0.000 -0.725 -16.387 1.77187
0.000 -1.409 -16.350 1.96082
0.000 -0.482 -16.638 2.07004
0.000 -0.054 -15.027 1.73234
0.000 0.503 -14.602 2.10460
0.000 1.273 -14.475 1.96063
0.000 0.953 -13.252 2.39128
0.000 2.600 -12.611 2.50026
0.000 3.518 -12.924 2.72515
0.000 5.161 -12.692 2.48722
0.000 6.487 -12.473 2.51926
0.000 5.603 -12.990 2.84272
0.080 3.917 -12.711 2.47710
0.000 -0.976 -13.192 3.29811
0.015 4.336 -13.110 3.01237
0.013 6.077 -8.779 2.92061
0.000 5.843 -8.823 3.38826
0.000 6.058 -9.149 3.18444
0.492 2.010 -9.361 2.79633
0.000 3.888 -10.777 3.00579
0.000 2.548 -11.200 2.70201
0.000 3.236 -12.926 1.90966
0.000 5.251 -13.163 2.32368
0.002 4.031 -12.121 2.68869
0.088 -1.145 -14.840 2.21448
0.132 0.593 -15.017 2.27040
0.097 -0.246 -13.948 2.22888
0.000 2.923 -14.076 2.09466
0.000 3.752 -11.975 1.45051
0.000 6.660 -12.050 1.76695
0.000 6.274 -11.613 1.89989
0.000 5.173 -10.142 1.38857
0.000 4.521 -10.291 1.96233
0.000 6.117 -10.853 1.55102
0.000 7.739 -11.038 3.34790
0.000 1.198 -13.735 3.45149
0.000 5.216 -13.808 3.04777
0.000 6.780 -11.209 2.59322
0.480 5.812 -10.872 3.25989
0.000 7.000 -10.946 3.21555
0.097 6.317 -10.501 3.19222
0.000 5.258 -10.643 4.40448
0.513 1.698 -11.625 3.68343
0.690 2.454 -11.675 3.93916
0.040 1.358 -11.312 4.43940
0.095 -3.314 -10.903 3.10871
0.000 1.582 -11.853 3.79700
0.128 -3.108 -11.870 3.15935
0.000 0.123 -9.705 4.44668
0.000 -0.360 -10.359 4.18730
0.000 -0.691 -13.225 4.12391
0.000 -1.170 -14.984 5.08191
0.000 -4.780 -17.300 3.07675
0.000 -0.865 -16.892 2.63494
0.465 4.208 -14.236 2.97924
0.228 1.123 -12.786 2.05167
0.170 1.907 -12.451 2.54695
0.330 3.969 -11.318 3.70104
0.045 6.736 -10.737 3.84558
0.453 5.563 -8.269 3.17031
0.000 7.701 -7.811 3.42246
0.000 7.087 -6.474 4.39589
0.047 4.119 -9.273 6.58974
0.005 -2.101 -17.275 5.25389
0.000 0.120 -16.486 2.34252
0.000 5.520 -13.458 2.36696
0.000 6.676 -9.376 2.46931
0.032 5.842 -8.090 2.28390
0.000 5.131 -7.627 2.73712
0.000 4.700 -6.759 1.73718
0.055 3.518 -9.065 2.14586
0.000 4.733 -8.198 2.58175
0.000 5.967 -7.621 2.21676
0.025 7.299 -6.485 3.04783
1.222 6.575 -5.581 1.85176
1.255 7.154 -6.018 1.10852
0.470 7.133 -7.479 2.20910
0.002 7.089 -7.528 3.57324
0.205 5.405 -6.561 3.60671
0.303 6.849 -6.173 1.96419
1.405 3.274 -5.886 2.51833
0.522 3.909 -5.159 2.08511
0.000 2.848 -3.973 3.87231
0.085 3.376 -8.715 2.45099
0.195 8.289 -7.027 3.35407
0.395 9.556 -5.185 2.90077
0.000 5.739 -3.633 2.07258
3.200 5.236 -6.966 2.13634
0.000 8.730 -5.626 2.65548
0.013 11.148 -4.938 2.67268
1.182 7.730 -5.539 2.09422
0.000 8.591 -4.855 1.90772
0.480 6.175 -6.254 3.80344
0.027 4.320 -5.555 2.14778
0.005 6.291 -5.344 2.38869
0.000 8.773 -4.474 1.48261
0.000 9.684 -5.077 1.72367
0.000 12.701 -4.158 2.24597
0.000 15.329 -2.380 3.17848
1.758 15.991 -2.549 3.28285
1.760 7.304 -3.489 1.67106
0.053 9.991 -1.987 1.87593
1.467 5.829 -4.981 1.18846
0.035 13.115 -3.119 2.25160
0.680 13.529 -3.502 2.92188
0.000 15.438 -1.595 3.26414
0.070 18.095 -2.745 2.33414
0.000 19.293 -3.448 2.57630
0.000 18.262 -3.893 3.30712
1.162 14.285 -2.591 2.76051
0.685 12.413 -4.934 2.13135
0.277 15.686 -3.634 2.68332
0.825 16.454 -1.312 2.05108
4.290 9.058 -3.758 1.20068
0.000 14.073 -2.900 1.92613
0.000 15.635 -2.332 2.18373
0.000 14.101 -3.411 2.66680
0.045 14.425 -3.173 2.06490
0.138 17.205 -0.762 2.01215
0.000 17.571 -0.706 2.14595
0.150 18.115 -2.834 2.56302
0.000 15.748 -4.584 3.00775
0.237 15.102 -4.223 2.81182
0.000 15.062 -3.348 2.49576
0.000 13.819 -2.656 4.00571
0.008 13.505 -2.151 4.12024
0.780 8.983 -4.201 3.65749
0.655 12.670 -3.613 1.82326
0.077 14.764 -4.165 2.80192
0.770 13.804 -1.656 2.62395
2.433 6.957 -6.263 2.06102
0.050 11.421 -2.600 2.55371
0.000 15.841 -2.900 1.57791
0.603 17.959 -0.724 2.30745
2.132 12.829 -0.172 1.37338
0.000 16.954 -2.452 3.31416
0.130 18.857 0.700 2.52887
1.653 15.147 1.113 2.13914
3.280 19.097 2.412 3.75865
1.942 20.588 1.878 3.37745
0.000 19.725 0.512 2.86647
0.965 17.984 1.097 3.34323
0.810 12.846 1.198 2.81788
0.348 14.518 -1.133 2.72260
6.137 13.405 -1.561 2.75941
0.000 12.899 -1.542 1.94486
0.000 16.660 0.212 1.08885
1.095 14.360 0.483 1.61383
0.000 18.968 1.333 1.82665
0.000 20.699 2.891 2.20724
0.000 19.750 1.746 3.02372
0.000 20.605 2.228 2.69414
0.000 21.068 1.395 2.59928
0.000 20.705 0.051 2.87992
0.315 18.640 0.912 2.37892
1.325 16.275 0.918 1.60980
0.425 18.740 3.183 2.06977
0.000 19.853 2.658 1.75830
7.435 18.784 2.982 1.41836
0.205 21.713 4.153 1.32466
0.000 23.584 3.304 2.07710
0.000 24.244 3.646 1.78504
0.060 24.511 4.767 1.85805
1.215 23.623 5.042 1.91858
16.448 24.198 7.384 1.00398
8.505 19.847 5.514 1.35452
8.030 19.208 5.216 1.30823
14.247 20.541 4.726 1.80641
1.690 19.244 3.623 1.35936
9.818 20.475 4.146 1.25885
11.100 19.665 4.967 1.29079
4.495 20.748 4.722 1.57347
8.830 18.354 4.575 1.66757
1.580 17.777 3.823 1.99019
0.000 18.341 3.593 2.53242
0.602 18.424 2.476 2.30189
0.372 20.604 3.558 2.06059
2.137 19.333 4.924 1.51031
5.818 20.462 6.549 0.91890
2.255 16.965 4.882 1.53493
8.425 20.389 4.886 1.69059
9.000 15.379 4.859 1.20997
1.872 18.677 4.024 1.57873
14.318 18.664 3.472 1.33345
0.690 17.603 4.413 1.30814
0.225 20.291 3.032 1.24097
13.412 20.353 4.260 1.59685
1.445 21.073 4.018 2.16571
0.100 21.199 5.345 1.39303
12.785 21.858 7.550 1.22364
8.678 16.522 4.768 1.23359
0.175 21.427 5.237 1.96408
0.080 21.514 5.798 1.33559
0.000 21.855 6.088 1.59752
0.445 20.103 6.211 0.98835
0.288 20.724 6.255 1.12838
8.498 22.167 4.399 1.30963
3.423 21.333 6.959 1.17104
12.200 16.367 4.188 1.65398
4.885 16.716 3.292 1.47652
3.397 13.318 1.468 1.86118
3.765 16.153 2.108 1.21810
1.495 15.301 1.657 1.84187
5.748 17.916 5.373 1.53170
5.525 16.465 4.626 1.20584
5.938 18.276 5.576 1.23871
12.130 16.386 4.901 1.54049
5.462 16.731 2.836 1.12919
0.000 16.000 4.137 0.80238
0.060 16.748 3.137 1.51297
0.072 18.328 4.687 1.60309
5.438 17.382 5.495 1.19463
6.377 18.188 5.609 1.29226
5.343 17.486 4.605 1.61921
3.792 17.110 4.481 1.49275
12.210 16.744 4.756 0.99705
0.605 15.183 2.414 0.98644
0.112 15.045 1.813 1.49850
0.000 15.541 1.651 1.16256
0.128 17.342 3.751 0.93809
4.628 13.478 2.788 1.13639
2.185 16.398 3.512 1.56172
1.240 17.493 4.245 1.41557
2.497 17.922 1.735 1.67797
0.055 17.596 1.941 2.14563
6.535 18.337 4.270 1.14267
7.300 15.331 2.982 1.34018
2.823 15.866 2.171 1.80239
0.128 15.706 0.856 1.65479
9.912 15.574 2.518 1.03801
0.933 16.262 2.339 0.98954
1.372 17.180 1.302 1.38910
9.192 16.704 0.117 1.69433
0.000 14.267 -0.266 1.84427
0.000 15.127 0.277 1.14176
0.000 17.339 1.342 0.94510
0.000 18.726 1.667 1.75971
0.163 16.689 0.841 1.72069
0.000 18.462 1.881 1.40578
1.020 20.187 0.425 1.40333
0.237 19.739 0.823 1.37176
0.922 19.063 2.123 1.59653
3.253 18.143 3.099 1.26895
0.718 16.423 1.156 1.51821
0.852 16.844 1.892 1.06477
1.970 18.245 2.306 1.08589
4.385 19.073 1.570 1.50582
0.000 19.627 1.598 1.60176
0.177 19.035 0.624 1.73596
0.000 18.812 0.877 1.43073
0.102 18.538 1.569 1.60489
0.000 18.961 2.928 1.46498
0.695 17.503 2.979 1.27424
1.828 17.318 2.326 1.42025
4.685 16.134 1.546 1.44438
2.757 11.587 -0.109 1.65171
1.628 10.257 0.038 0.77600
0.340 11.958 -1.437 1.19920
2.125 13.133 -0.533 1.59978
0.315 12.508 0.359 0.71355
5.115 12.305 -0.362 1.44226
3.105 9.805 -2.829 1.32377
0.070 13.658 -2.205 1.27290
0.317 15.117 -2.568 0.93136
0.000 15.601 -2.514 1.13148
0.000 15.580 -1.954 1.07820
0.145 15.386 -2.500 1.42164
0.845 14.391 -2.971 1.05156
3.145 12.732 -2.067 1.84077
1.723 9.204 -2.001 0.84935
0.500 14.153 -2.106 1.97739
0.205 16.307 -1.701 2.00700
1.892 16.999 -0.893 2.59679
0.058 15.462 0.611 3.38408
0.000 14.457 -3.597 2.94837
0.000 13.298 -6.481 3.04068
0.000 12.724 -5.925 2.73892
0.000 12.020 -5.561 2.61191
0.000 11.736 -5.269 2.39774
0.000 12.583 -5.062 2.41902
0.000 13.217 -4.754 1.97823
0.000 12.848 -5.304 1.81119
0.000 13.515 -5.111 2.29212
1.177 13.058 -5.171 2.31907
0.125 9.703 -6.580 2.74781
0.053 8.802 -6.445 2.78981
0.000 9.681 -6.201 1.94927
0.038 9.513 -6.020 2.04975
0.000 10.408 -5.972 2.51055
0.000 10.794 -5.788 2.38935
0.000 12.055 -5.720 2.30810
0.000 10.494 -5.302 2.19356
0.000 9.593 -5.375 1.83686
0.000 10.505 -5.525 2.22142
0.000 9.915 -5.570 1.63419
0.000 10.418 -5.539 2.13763
0.822 8.201 -4.353 1.35187
0.333 7.577 -5.220 1.26082
0.000 6.520 -5.231 2.57919
0.982 4.046 -6.384 1.56175
0.000 6.506 -6.392 1.18124
0.000 6.170 -6.733 1.69907
0.885 5.389 -6.841 1.70404
0.000 5.729 -6.930 1.76530
0.000 4.715 -7.851 1.58037
0.000 6.805 -7.962 2.16127
0.000 6.983 -7.726 2.34639
0.000 7.198 -6.715 2.34331
0.000 9.415 -5.640 1.71927
0.000 10.831 -4.298 1.73749
0.000 11.634 -3.997 2.49142
0.000 10.041 -4.143 3.64340
0.845 8.894 -5.110 3.44329
2.635 6.703 -6.317 3.79511
0.000 3.325 -9.630 4.16789
0.000 0.255 -11.581 3.90718
0.750 -0.708 -14.213 2.96958
0.000 -4.619 -16.858 1.73090
0.000 1.076 -17.027 1.85442
0.000 3.179 -14.300 1.79170
0.000 3.778 -13.271 1.79477
0.000 6.513 -10.978 1.91484
0.000 5.771 -11.047 1.87381
0.257 2.791 -11.041 2.58465
0.000 5.282 -11.292 2.29281
0.000 6.543 -11.416 2.12698
0.890 5.899 -10.920 1.87183
0.053 3.223 -10.704 1.92380
0.000 3.659 -10.180 1.96760
0.000 3.191 -10.039 2.67868
0.000 4.455 -11.321 1.72350
0.000 4.833 -11.588 2.38429
0.180 3.673 -10.343 2.34333
0.000 1.127 -13.278 2.23125
0.000 2.150 -13.565 1.92680
0.000 -0.147 -13.896 2.49941
0.000 5.085 -14.142 2.35610
0.000 7.067 -12.182 2.38004
0.000 4.709 -11.056 1.99593
0.000 5.059 -11.981 3.18357
0.000 -0.093 -12.749 2.37142
0.000 0.879 -13.571 2.13227
0.547 0.540 -13.798 2.75316
0.000 0.674 -12.621 2.21085
0.000 -0.990 -11.300 1.89355
0.455 -6.512 -14.198 1.38132
0.000 -2.662 -15.159 2.23214
0.000 0.700 -15.776 2.16909
0.000 0.055 -15.751 1.85488
0.000 -0.512 -15.475 1.87361
0.000 -6.062 -14.709 1.44148
0.000 -6.142 -17.866 1.68726
0.000 -3.657 -19.255 3.14749
0.085 -3.731 -19.470 1.91812
0.000 -1.606 -17.832 1.68734
0.000 -1.706 -14.832 2.10387
0.000 3.200 -16.072 1.96746
0.000 -1.202 -16.330 2.48570
0.000 -3.753 -16.514 2.00252
0.005 -2.162 -17.351 2.53117
0.000 3.517 -17.539 2.25794
0.000 5.053 -14.785 2.45692
0.000 -1.478 -15.142 2.15712
0.000 1.275 -15.357 2.52198
0.000 -0.715 -15.416 1.94531
0.000 3.208 -15.588 2.40956
0.000 1.842 -15.653 2.49597
0.000 2.415 -15.659 2.65341
0.000 1.980 -15.912 2.82286
0.000 2.843 -14.090 2.43791
0.000 2.302 -15.674 1.96211
0.000 3.361 -15.967 2.62170
0.000 -0.523 -14.268 1.78569
0.000 1.848 -14.498 2.40662
0.000 3.962 -15.218 1.75146
0.000 3.092 -15.794 2.80634
0.005 1.535 -16.328 3.25285
0.000 -0.927 -16.423 3.06548
0.000 1.994 -16.284 2.50775
0.000 0.416 -16.398 2.96171
0.002 1.064 -15.827 2.84672
0.000 -1.959 -13.100 2.52856
0.000 0.725 -17.094 2.81262
0.000 -4.822 -17.454 2.46077
0.000 -0.959 -17.214 2.45691
0.015 2.251 -16.471 2.36461
0.000 2.534 -14.308 1.91156
0.070 0.963 -14.511 2.74547
0.000 0.601 -14.753 2.72579
0.137 0.795 -16.363 3.29791
0.000 -0.064 -16.840 3.60613
0.000 -1.415 -17.425 3.07514
0.038 -0.877 -17.593 2.67145
0.000 -1.468 -17.423 2.21374
0.000 0.758 -17.330 2.61453
0.000 3.470 -15.792 3.15496
0.000 3.594 -15.135 3.07104
0.000 5.620 -15.091 3.58805
0.022 2.976 -12.581 3.90617
0.030 2.676 -13.211 3.04428
0.000 5.327 -13.298 3.91318
0.000 1.358 -11.423 4.54601
0.000 2.792 -12.038 5.13190
0.000 1.830 -12.680 4.91622
0.002 2.052 -12.736 4.26880
0.000 1.627 -12.334 5.53374
0.000 -4.927 -15.398 2.86363
0.430 1.195 -15.416 2.67091
0.000 3.115 -12.776 2.60600
0.010 2.278 -11.747 2.33710
0.000 5.251 -11.504 2.38294
0.000 4.581 -10.559 3.50965
0.030 0.426 -9.909 2.67725
0.030 2.094 -10.725 2.55849
0.000 3.436 -10.697 2.25318
0.000 4.359 -9.268 2.58023
0.005 3.558 -9.892 2.12155
0.085 6.690 -9.684 3.44748
0.827 1.106 -6.625 3.20937
0.175 2.047 -9.958 3.44906
0.232 3.490 -9.561 4.22088
1.862 2.239 -7.539 3.85894
0.207 2.900 -7.117 3.88172
1.223 3.615 -8.193 4.43970
0.297 3.531 -8.990 3.05910
0.050 3.959 -9.027 2.98746
0.000 3.920 -8.405 2.16213
0.325 6.584 -6.725 2.11796
0.007 8.309 -6.495 2.04365
0.017 6.525 -6.574 3.02624
0.722 0.009 -8.476 1.95297
0.155 0.066 -9.288 1.89104
0.000 3.516 -9.069 1.54125
0.000 4.507 -7.847 1.16219
0.030 6.397 -5.337 0.95133
0.125 8.066 -5.477 2.44089
0.000 9.109 -4.573 1.92334
0.012 13.197 -4.999 3.67434
0.195 10.975 -5.233 3.88795
1.980 8.798 -4.329 4.31049
0.942 11.825 -4.972 3.81114
2.822 9.430 -5.352 3.20044
5.110 9.481 -4.576 3.23675
0.420 5.623 -5.251 3.49221
1.280 3.500 -6.141 2.69817
0.762 9.013 -7.297 2.25381
0.115 8.108 -5.885 3.19667
0.555 5.742 -6.239 3.19578
1.717 -0.348 -6.287 1.44557
1.425 2.738 -6.305 2.26807
6.157 1.773 -7.798 1.62247
0.052 3.243 -7.427 1.59624
0.000 6.144 -4.683 2.10053
1.732 4.708 -5.684 3.49601
0.030 3.409 -8.917 3.68049
0.595 9.399 -6.929 3.56174
0.240 10.792 -4.399 2.76001
6.590 9.413 -4.771 2.65764
0.000 10.412 -5.879 2.54171
0.750 13.521 -4.310 2.42590
1.755 11.897 -4.463 3.72862
1.822 4.394 -5.183 1.62792
0.422 10.149 -5.191 1.79196
0.360 13.056 -4.848 2.03598
1.288 11.523 -3.982 1.78898
0.003 12.010 -4.963 1.92916
1.947 8.595 -3.681 2.36430
0.553 5.909 -3.312 1.72507
2.368 10.201 -3.215 2.31292
1.193 5.217 -3.127 1.22425
6.557 4.184 -3.987 2.43895
1.250 3.550 -5.374 2.51286
12.722 -1.601 -7.002 2.08336
0.330 0.610 -9.615 1.89824
0.983 5.665 -7.427 1.34663
0.768 9.226 -5.136 1.83575
0.440 11.242 -3.110 2.16518
2.543 8.758 -3.758 1.20150
2.585 13.431 -3.066 1.45572
0.480 13.891 -1.868 2.34936
3.235 13.559 -1.156 2.10424
0.000 12.942 -1.944 1.63588
0.025 16.005 -2.743 1.75828
0.867 15.860 -1.699 1.99889
0.420 13.925 -2.327 2.80262
0.560 14.438 -1.790 2.08604
1.453 12.227 -1.800 2.39814
5.068 11.241 -1.421 1.64694
3.495 6.735 -2.795 2.09700
1.945 8.896 -2.760 2.27380
1.262 9.080 -2.072 1.62673
0.812 8.328 -3.213 2.60520
2.898 7.504 -3.893 1.87200
0.775 10.527 -5.126 1.89613
0.310 15.110 -4.073 2.33806
0.085 17.376 -2.869 3.03667
1.620 14.287 -2.396 2.63255
1.670 14.776 -0.044 3.04661
2.555 11.417 -1.497 2.51269
0.478 12.933 -1.351 2.08536
0.000 16.505 -1.307 1.41672
2.098 16.874 0.884 2.53433
0.302 15.661 0.148 2.46942
2.383 12.533 -0.869 1.81600
3.405 11.602 0.032 1.07251
1.525 12.570 -1.684 1.38099
0.100 17.130 -0.997 1.98977
0.000 17.257 -2.083 3.32708
0.143 15.488 -0.327 3.46591
0.850 12.725 0.361 1.73918
0.013 13.280 1.120 1.64682
11.150 11.985 -1.198 1.48508
0.612 14.742 0.646 1.87108
1.970 12.365 -1.610 2.35716
4.043 13.135 -0.777 3.19059
1.678 12.156 0.008 2.02602
0.433 14.785 -0.150 1.48630
0.358 19.551 2.032 2.54118
0.500 17.931 1.778 2.55055
0.280 18.280 -0.068 2.64482
1.038 18.300 1.251 2.48035
0.835 18.741 1.033 2.39058
0.425 19.188 2.330 2.49881
0.642 18.399 2.484 2.33414
1.950 17.657 2.934 1.49312
0.445 20.038 3.945 1.50632
0.012 18.937 2.959 2.61262
0.048 16.012 3.012 1.42562
4.675 16.924 2.939 1.17133
6.062 17.235 2.375 1.21178
5.082 16.832 2.908 2.11480
4.038 15.423 4.068 1.58589
1.517 14.731 2.438 1.60892
0.000 18.429 3.555 2.08452
1.300 18.017 4.027 1.96712
1.695 19.296 3.853 1.71583
0.520 19.584 4.422 1.78978
0.000 19.361 3.721 1.61806
0.042 20.205 3.743 1.54537
0.000 21.267 2.571 2.15865
0.415 21.419 4.001 1.52498
0.000 22.446 4.891 1.53928
3.217 20.742 5.956 1.01879
5.950 20.794 6.112 1.05670
2.988 20.506 6.851 0.83337
4.505 17.079 6.286 1.23317
5.085 19.420 4.345 1.53957
2.255 18.018 4.870 1.48344
3.280 19.927 4.416 1.69031
4.415 17.812 4.156 1.71193
0.140 18.724 4.972 1.69590
3.090 19.068 5.835 1.15200
21.115 19.884 5.837 1.16767
13.013 18.680 5.217 1.15973
9.022 18.678 5.601 1.04312
14.425 18.205 3.257 1.80316
0.015 13.665 0.834 2.13876
0.045 15.563 2.062 1.26612
0.415 18.313 3.618 1.01643
1.920 19.491 4.797 1.48930
4.235 18.628 4.745 0.92099
0.265 19.288 5.095 1.52039
0.767 19.916 4.321 1.40146
8.515 17.268 2.499 1.42882
1.865 14.536 2.504 1.51233
2.792 18.515 4.734 0.93929
4.080 19.195 6.242 1.49757
2.640 17.803 4.873 1.30083
1.740 18.611 4.924 1.49438
2.805 18.792 6.037 1.06203
2.157 15.995 4.883 1.50126
0.053 15.213 4.434 0.90206
5.445 18.052 3.518 1.02324
5.170 14.675 3.764 1.21012
0.415 16.297 3.922 0.99537
0.080 19.088 3.183 1.31369
4.515 18.023 4.527 1.06061
5.610 18.826 4.098 0.95145
0.000 19.474 4.666 1.18227
0.350 19.618 4.642 1.35443
0.000 20.008 5.739 1.29888
3.597 19.665 5.124 1.12958
14.610 19.652 4.277 1.08117
2.582 18.514 5.617 1.26073
0.082 20.767 4.100 1.33201
1.470 21.947 6.894 1.21644
6.050 16.552 4.538 1.50851
8.910 18.159 4.041 1.30180
2.695 18.917 3.967 1.16274
14.650 16.357 2.557 1.48616
12.158 14.410 2.527 1.24058
4.592 16.004 3.422 1.99517
4.508 12.334 1.826 2.06085
7.190 13.223 1.995 1.26406
6.948 16.388 2.134 1.20968
7.585 16.441 3.827 0.84962
0.000 17.076 3.961 1.16394
0.015 16.671 3.572 1.17741
2.765 17.681 3.078 1.64875
12.255 11.367 1.698 1.08664
7.437 16.228 2.774 0.92837
7.325 14.862 1.663 1.28038
3.140 15.141 1.917 1.10872
10.485 14.301 2.179 1.37409
2.218 13.591 1.457 1.91641
6.378 11.485 0.681 1.77191
0.545 13.062 -0.238 1.33101
0.890 15.218 1.793 1.54894
0.805 14.467 1.443 2.47440
9.022 10.572 0.716 1.22645
4.155 12.165 1.615 1.05892
2.155 12.625 2.354 1.14552
2.530 12.406 0.244 1.00373
0.000 15.556 1.086 0.70792
0.000 16.075 2.131 1.01294
0.250 15.757 1.551 1.21253
8.155 14.535 1.550 1.49361
4.052 15.187 2.058 1.47422
6.720 14.108 1.815 1.22610
0.000 12.639 0.973 1.32751
2.835 13.801 0.945 1.35836
0.000 14.839 0.402 1.51783
0.000 15.059 -0.363 1.36309
0.000 15.711 -1.532 1.74891
0.000 15.064 -2.043 2.04359
0.277 13.269 -0.709 1.62857
0.147 12.918 0.767 1.84247
0.018 12.230 -0.154 1.90054
0.288 10.176 -2.211 1.26206
0.000 12.719 -3.247 1.65495
0.048 12.494 -2.754 1.40127
1.718 11.541 -2.274 1.26067
2.040 10.439 -2.287 1.41381
1.412 9.981 -3.102 1.46197
4.055 10.459 -3.019 1.52386
8.227 8.044 -2.506 1.48674
0.000 4.315 -3.335 1.05015
0.810 9.149 -3.268 0.76628
4.000 10.171 -2.908 1.31085
0.563 10.460 -3.298 1.94496
1.672 9.257 -4.114 1.41404
1.278 11.367 -5.204 2.72784
0.500 11.367 -4.761 2.41384
3.420 11.036 -2.985 1.82602
0.785 8.412 -2.792 1.30197
0.420 7.114 -3.692 0.99421
0.028 8.726 -3.518 0.79270
1.740 5.805 -2.422 0.73056
0.080 5.449 -4.006 0.61495
0.000 8.163 -4.144 1.42238
0.012 7.812 -5.056 0.94532
0.060 8.007 -4.839 2.20711
0.490 9.692 -4.481 2.39395
0.585 10.130 -4.100 2.48267
0.000 10.010 -5.822 2.43128
0.000 9.700 -5.882 2.41487
0.000 8.456 -5.905 2.31500
0.035 8.036 -6.259 2.32456
0.113 6.115 -6.234 1.90631
0.000 7.342 -5.520 1.60312
0.273 9.691 -4.837 1.62264
0.152 10.084 -4.100 1.77455
0.477 7.307 -4.563 2.16016
4.652 6.977 -4.074 2.29683
0.147 -0.214 -8.798 1.56590
0.000 2.398 -8.919 1.83649
0.000 5.328 -8.849 1.74636
0.000 6.676 -7.807 1.75561
0.000 8.040 -6.679 2.28735
0.000 5.827 -6.803 1.63496
0.000 3.944 -7.316 1.35694
0.000 4.942 -9.205 1.95370
0.000 3.215 -9.354 1.58033
0.150 2.988 -8.282 2.03343
0.325 3.528 -8.422 2.05645
0.000 2.964 -7.185 1.46478
0.103 2.875 -7.417 1.78349
0.000 4.039 -7.592 2.19107
0.065 3.435 -7.826 2.13434
0.407 -1.751 -10.914 2.31848
1.090 2.159 -10.006 2.06245
0.602 1.582 -6.698 1.69161
0.000 -0.187 -10.085 0.99659
0.000 3.298 -10.858 2.24673
0.000 4.512 -10.852 1.82151
0.000 3.842 -7.857 1.95376
0.000 7.298 -8.021 2.09188
0.000 7.571 -7.417 1.86596
0.000 7.007 -7.911 2.18751
0.000 5.260 -8.278 2.23990
0.000 2.788 -8.386 1.99608
0.103 -0.047 -9.305 1.08798
0.000 -1.004 -13.047 1.57838
0.000 0.921 -14.023 1.47671
0.000 0.616 -14.068 1.77631
0.000 1.154 -14.264 1.79979
0.000 3.538 -13.870 1.88402
0.000 4.226 -12.912 1.82534
0.000 3.074 -10.960 1.62205
0.000 3.762 -11.251 1.71246
0.000 4.577 -10.917 1.79939
0.000 4.273 -11.953 2.39779
0.000 2.277 -12.222 2.63028
0.000 -2.810 -11.489 1.28097
0.000 -0.944 -15.404 1.72234
0.000 -0.664 -15.759 2.98669
0.000 -4.161 -19.938 3.41564
0.000 -0.787 -20.181 1.88818
0.000 2.523 -15.406 2.64517
0.000 1.470 -16.515 2.84637
0.000 -0.307 -16.726 3.56586
0.000 -5.109 -16.984 2.45690
0.000 -1.975 -17.331 1.99840
0.065 -1.811 -17.035 1.78362
0.000 -0.571 -16.845 2.52913
0.000 -3.700 -16.498 1.99787
0.000 -6.592 -17.510 1.67876
0.000 -2.922 -17.596 2.05889
0.000 0.529 -15.778 2.08913
0.000 1.446 -16.137 2.34391
0.000 1.576 -14.809 2.30329
0.000 4.683 -15.034 2.23793
0.000 3.288 -15.126 3.04085
0.000 -0.567 -14.115 4.88890
0.030 -3.753 -16.420 2.32167
0.000 -0.113 -16.632 1.98307
0.000 1.196 -15.107 2.32698
0.125 4.475 -15.476 2.54721
0.000 1.904 -15.957 3.07633
0.000 0.667 -17.105 2.84205
0.000 0.076 -17.320 3.51146
0.000 -3.674 -16.777 4.16566
0.000 -5.927 -16.049 2.21738
0.000 -5.474 -18.129 2.81397
0.000 -2.174 -17.752 2.67814
0.000 1.468 -17.987 2.68345
0.000 -0.605 -17.157 2.35579
0.155 -2.100 -16.820 2.51018
0.067 -4.607 -15.395 2.96064
0.030 -7.085 -18.871 1.86222
0.000 -4.920 -19.018 3.43755
0.000 -5.186 -16.105 2.64491
0.000 -6.428 -18.721 3.24628
0.000 -2.132 -18.237 2.22718
0.000 -1.563 -16.759 2.49558
0.000 -1.026 -16.859 2.19110
0.000 0.893 -15.009 2.62656
0.000 1.160 -15.734 3.05227
0.000 -0.439 -15.994 3.78860
0.000 -6.723 -15.844 2.15647
0.000 -2.710 -17.204 2.94209
0.005 -2.784 -17.395 2.60990
0.000 -1.197 -16.510 1.86233
0.000 -3.443 -16.369 1.91529
0.000 -2.593 -15.331 1.97280
0.147 -1.965 -15.741 2.59575
0.000 0.500 -15.863 2.29324
0.000 4.132 -14.677 2.20538
0.000 4.312 -12.561 1.99041
0.000 3.527 -12.122 2.18174
0.000 3.455 -12.086 2.68414
0.000 4.477 -11.719 2.73198
0.000 1.124 -10.105 1.55520
0.068 0.742 -12.803 2.16938
0.000 2.810 -12.923 2.48042
0.000 -1.032 -12.329 2.78679
0.013 3.350 -12.514 2.70055
0.215 4.452 -10.500 2.97937
0.000 3.760 -9.708 2.84450
0.015 1.984 -9.771 3.72182
0.602 0.503 -11.035 4.95891
0.613 -0.698 -13.263 3.14895
0.000 -0.859 -13.610 2.17026
0.000 0.555 -14.459 2.09887
0.285 1.357 -14.486 2.88005
0.060 -2.142 -13.874 1.53655
0.000 2.413 -14.306 1.83263
0.000 3.456 -14.265 2.99565
0.000 1.794 -14.335 4.37808
0.000 -0.048 -13.952 3.96356
0.000 1.519 -14.477 4.25845
0.000 1.607 -14.264 3.02127
0.000 2.929 -13.796 2.22070
0.167 4.086 -13.651 3.33463
0.000 3.765 -10.317 2.70600
0.040 3.393 -9.806 2.74336
0.443 2.880 -9.492 3.22390
0.167 3.872 -9.691 2.48784
0.000 4.204 -10.080 2.77781
0.000 3.407 -9.769 2.90026
0.000 3.718 -7.475 3.90211
0.018 1.984 -7.148 3.77612
0.000 -0.738 -8.243 2.57333
0.000 -0.023 -9.508 3.94998
0.000 1.363 -9.321 2.75674
0.180 -2.374 -14.536 2.32372
0.000 -2.452 -15.467 2.13825
0.000 1.413 -14.605 1.93579
0.000 5.314 -12.107 2.63351
0.333 3.692 -8.597 4.03977
0.273 3.022 -6.243 3.87436
0.330 6.614 -3.430 5.77914
2.398 4.221 -5.991 4.03927
6.065 3.318 -8.671 4.73249
0.095 5.502 -8.114 4.44905
7.220 3.162 -7.063 3.64644
0.175 2.444 -7.765 3.13289
0.000 2.805 -9.708 2.91416
0.000 2.825 -9.436 1.56568
0.000 5.232 -8.461 1.90656
0.003 4.962 -7.067 2.45436
0.000 5.843 -6.120 2.02249
0.000 6.836 -5.282 3.01766
0.000 8.157 -6.210 2.41378
0.302 8.554 -6.011 2.98638
0.000 9.785 -5.822 2.64685
0.135 9.587 -5.337 4.27358
0.000 6.986 -6.432 4.18025
0.000 4.359 -7.292 4.54367
0.400 5.411 -6.960 3.46689
0.842 5.788 -6.602 4.09175
0.000 3.829 -5.980 2.39991
0.003 6.411 -4.723 2.33555
0.000 6.234 -5.598 1.71973
0.073 6.903 -5.717 1.67995
0.032 10.659 -4.585 1.85663
0.025 5.909 -3.977 1.82426
1.202 6.507 -4.695 1.81560
0.763 6.222 -5.471 2.04833
0.525 8.088 -5.451 2.36227
0.122 13.112 -4.944 3.20130
2.880 9.310 -2.794 2.26625
0.635 8.508 -2.694 2.62797
0.333 5.904 -3.523 1.70762
0.000 9.662 -5.740 2.91857
0.358 9.386 -3.565 2.15798
7.695 4.310 -6.185 1.26012
0.000 5.689 -4.930 1.76999
0.000 9.941 -3.520 2.02293
0.000 11.055 -2.859 1.43022
0.390 11.193 -3.379 1.46632
0.305 12.731 -2.443 1.84100
0.073 14.527 -4.358 1.60794
5.455 14.482 -2.132 2.82116
3.845 3.681 -3.913 1.45161
11.475 2.596 -6.269 1.68841
0.000 8.994 -4.852 1.36447
0.093 12.837 -3.200 1.88615
0.585 13.584 -3.799 1.53304
0.000 16.579 -4.210 1.93668
0.795 16.094 -3.476 2.96934
0.220 14.396 -3.793 3.16856
1.158 11.989 -1.382 1.05828
1.517 13.723 -0.798 1.49826
0.242 14.302 -2.734 2.62400
1.903 15.463 -1.677 2.19301
1.313 16.402 -1.253 2.85075
2.012 13.319 -2.525 2.97080
1.455 10.125 -4.022 1.70636
0.000 12.545 -2.191 1.85697
0.000 14.014 -2.635 0.91611
0.857 14.843 -0.556 1.50231
0.630 13.723 -1.885 1.98987
0.845 13.310 -1.447 2.36281
0.380 12.953 -1.229 1.45772
0.027 13.887 -0.501 3.07682
0.273 10.910 -0.790 2.27363
0.000 15.163 -1.869 1.17604
0.000 15.726 -0.429 1.93213
0.000 18.320 -0.512 1.85385
0.220 19.137 0.352 2.24067
0.000 19.628 1.208 2.51455
2.015 14.511 -0.097 2.26882
0.488 11.076 -2.019 2.19545
0.095 17.526 0.380 3.24212
0.000 16.144 0.672 2.41185
0.242 17.772 0.112 2.20346
0.365 16.037 0.448 2.13541
3.390 16.122 0.811 2.39803
0.650 11.277 -0.418 1.31457
0.240 16.724 -2.134 1.46899
0.602 16.405 0.351 2.96305
1.155 15.070 0.104 1.45860
2.953 13.886 -0.247 1.79657
2.725 17.357 0.401 1.87545
0.000 18.074 1.440 2.55029
0.135 19.057 1.820 2.50033
0.365 18.485 1.632 1.37059
0.177 19.370 2.982 2.53916
3.533 17.911 1.933 2.42481
0.047 16.176 2.934 0.99766
0.185 20.396 2.186 1.72899
0.000 22.162 3.050 2.12856
0.000 22.713 3.288 1.92689
0.000 22.114 4.274 1.50643
2.487 19.905 3.106 1.77463
0.103 20.315 4.865 2.09769
6.002 16.798 4.087 1.69017
1.483 17.999 2.070 2.06397
0.873 15.221 1.409 1.95343
0.000 17.631 1.995 1.44415
0.525 20.613 3.180 1.49990
1.755 16.205 2.108 1.94762
0.653 17.523 2.774 1.86093
0.000 21.176 3.902 1.67190
0.538 21.887 4.991 1.42822
9.742 19.956 4.496 1.36496
12.890 18.318 4.067 1.73536
5.078 20.174 3.757 2.00365
5.145 17.384 4.096 1.78528
0.960 18.518 3.955 1.54267
1.392 18.457 3.307 1.52867
2.870 18.473 3.416 1.28149
0.823 18.430 4.494 1.61178
11.578 18.817 4.651 1.61437
3.290 17.567 4.458 1.41929
17.938 12.927 0.772 1.67631
7.075 11.665 1.709 1.27815
4.370 13.829 1.555 1.16468
0.772 15.241 1.832 1.32922
7.132 17.005 3.215 1.08380
1.228 13.878 1.626 1.66796
0.470 17.427 2.336 1.36902
2.378 18.133 3.007 1.06748
9.777 18.122 3.591 1.20542
0.455 18.648 3.847 1.13673
1.102 17.373 2.870 1.18159
0.927 19.071 4.223 0.92274
0.168 19.786 4.822 1.09914
10.995 18.892 4.112 0.90392
2.630 19.963 4.620 1.74667
0.152 19.342 4.463 1.42329
0.850 20.026 4.939 1.05205
7.355 20.953 5.584 1.82283
2.700 17.138 4.928 1.17212
0.000 18.556 5.198 1.67413
2.347 18.548 3.046 1.99545
7.112 16.617 2.558 2.53433
5.103 14.034 1.136 1.31210
0.307 13.559 1.490 1.64854
0.060 14.047 1.342 1.43379
0.000 15.417 1.344 1.57173
0.120 16.122 1.979 1.39830
0.028 18.277 3.019 1.10475
0.088 18.246 3.240 1.30880
0.187 17.701 2.768 1.28325
4.100 19.376 3.526 1.34022
2.313 18.642 3.196 1.36942
2.350 18.835 3.780 1.22976
0.165 18.631 3.752 1.08039
12.552 19.085 3.090 1.59263
0.833 19.101 2.889 1.41926
0.082 19.783 3.140 1.49810
0.220 19.621 3.285 1.54248
1.992 19.467 4.170 0.99750
6.383 18.938 3.477 0.91669
0.000 16.546 1.700 2.00261
0.540 16.710 0.625 1.26170
0.063 13.604 -0.045 1.58589
0.075 15.472 0.662 1.20586
0.000 15.774 1.280 1.57191
0.302 16.933 -0.076 1.13613
0.000 16.832 0.693 0.86739
0.748 18.681 1.779 1.06612
0.000 20.038 1.750 1.34333
0.000 20.921 3.040 1.26386
0.033 20.446 3.304 1.36927
3.020 21.458 3.608 1.17743
0.000 20.926 3.930 1.41807
0.833 19.501 2.858 1.39232
0.090 19.600 2.222 1.43492
0.060 19.399 2.650 1.78000
2.463 16.637 1.211 1.48895
0.000 17.965 0.772 1.31313
0.000 19.342 2.306 1.13520
0.615 19.189 0.898 2.53855
5.443 15.543 1.478 1.50831
1.865 16.567 0.961 2.11298
0.937 14.465 -0.621 1.60302
0.060 16.285 -0.943 1.21907
0.000 18.895 -0.561 1.50720
0.543 14.234 1.554 1.74669
0.597 18.121 1.452 2.01454
3.830 18.338 1.945 1.78920
0.000 18.562 1.538 2.35265
2.695 18.630 0.451 1.57370
0.045 18.148 0.346 2.12535
2.330 17.426 1.316 1.65890
0.038 16.363 1.180 1.80703
0.035 14.919 0.999 1.67968
0.000 15.324 0.894 1.89266
0.335 16.917 -1.738 2.51336
0.142 16.155 -0.494 2.05908
0.273 14.925 -2.715 2.08790
1.187 14.180 -2.780 1.50159
0.952 14.699 -3.767 1.74853
0.488 13.940 -2.913 1.37249
0.420 12.196 -3.384 1.54868
3.045 11.038 -3.699 2.25315
1.110 4.638 -5.303 1.25144
0.030 9.404 -4.736 0.91807
0.000 12.152 -4.203 1.06956
0.163 13.397 -4.204 1.33315
0.000 14.560 -4.281 1.39735
0.000 14.120 -4.000 1.41071
0.000 14.854 -3.584 1.26334
0.250 11.812 -3.187 1.30154
0.070 14.135 -3.589 1.89726
0.000 11.927 -4.105 2.03355
0.240 13.872 -3.704 2.12526
2.332 13.118 -2.708 2.62100
5.192 7.860 -4.079 1.34546
3.467 9.857 -4.163 2.28629
0.615 9.640 -4.077 2.11252
0.800 8.493 -4.720 2.08935
0.003 10.637 -4.755 1.76497
0.050 11.678 -4.647 2.71276
0.023 7.340 -4.229 2.14236
0.058 4.618 -5.896 1.24823
0.000 8.839 -6.313 1.61556
1.840 8.947 -6.212 2.51465
0.002 8.029 -5.096 3.00751
0.000 1.783 -5.833 1.83260
0.000 4.251 -6.509 0.95193
0.695 4.914 -7.645 1.34702
1.008 4.963 -7.689 1.69332
1.085 5.497 -7.499 1.56732
0.125 3.643 -6.659 1.81347
1.592 2.971 -6.268 1.57697
0.448 1.855 -8.928 1.48781
0.000 2.595 -8.997 1.43507
0.090 4.692 -7.418 2.21330
0.300 1.873 -9.363 1.76535
0.463 -0.915 -9.790 2.12976
0.000 -0.746 -13.131 1.89583
0.000 2.784 -13.261 1.68033
0.050 7.470 -10.090 1.71533
0.000 10.040 -5.858 2.16162
0.723 7.163 -5.593 1.83425
0.000 6.714 -6.522 1.83852
0.183 5.672 -6.650 2.14021
0.832 0.630 -7.081 2.07594
0.155 -0.201 -9.806 1.75892
0.293 0.683 -10.416 1.98349
0.232 1.202 -11.619 2.32144
0.000 3.536 -12.229 2.07843
0.000 5.657 -11.801 1.95738
0.000 4.294 -10.323 2.11404
0.000 4.019 -10.223 1.71053
0.000 5.009 -10.526 1.38604
0.000 5.760 -10.491 1.53906
0.000 6.134 -8.718 1.61303
0.000 5.910 -9.427 1.48623
0.000 6.207 -9.617 1.89683
0.000 6.992 -9.594 2.18521
0.000 6.138 -9.929 1.68543
0.000 6.106 -11.572 2.27883
0.000 -1.287 -13.427 2.39670
0.000 4.409 -13.645 2.06217
0.000 6.356 -12.727 2.32666
0.003 3.933 -11.027 3.20478
0.000 7.513 -10.593 2.77736
0.000 8.906 -9.820 2.45946
0.000 6.252 -9.714 2.32059
0.000 4.812 -10.901 2.73831
0.000 5.252 -11.286 2.22431
0.000 1.793 -13.258 3.71245
0.000 -2.022 -13.688 1.90943
0.343 -0.193 -15.244 1.68435
0.000 2.188 -15.557 2.37285
0.000 2.019 -14.291 2.10076
0.000 2.386 -14.349 2.14909
0.020 0.695 -14.379 2.98419
0.000 0.233 -14.798 2.39939
0.000 2.251 -15.625 2.12497
0.000 2.470 -15.918 2.49340
0.000 4.250 -14.576 2.23512
0.000 5.146 -14.599 2.41366
0.000 5.490 -14.671 2.48109
0.000 5.070 -14.242 2.25304
0.013 3.321 -14.616 2.83024
0.000 2.431 -14.978 2.64090
0.000 0.216 -15.317 2.80873
0.000 0.093 -16.037 2.61513
0.000 -0.436 -16.377 2.42869
0.000 2.619 -16.332 1.97109
0.043 3.608 -15.883 2.28628
0.000 6.335 -13.524 2.25735
0.050 5.336 -12.707 2.33626
0.000 3.000 -12.964 3.83588
0.000 -2.386 -16.180 2.79019
0.030 -4.787 -16.377 2.41561
0.000 -6.232 -17.978 2.12864
0.000 -3.046 -18.175 2.54753
0.022 -2.915 -18.825 2.50623
0.000 -2.693 -19.029 3.14126
0.093 -2.241 -18.652 3.05403
0.000 -2.692 -18.203 3.45262
0.000 -3.900 -18.384 3.64788
0.247 -4.991 -19.577 4.17599
0.392 -6.162 -19.690 3.45219
0.000 -7.376 -19.494 1.70040
0.000 -4.891 -19.758 2.87624
0.045 -0.749 -19.328 2.71510
0.000 -1.998 -19.541 3.20272
0.000 -2.930 -16.479 3.78428
0.040 -2.463 -18.244 4.05709
0.000 -3.676 -18.370 3.52429
0.000 -4.833 -16.140 3.07555
0.257 -2.094 -17.553 3.25318
0.000 -0.509 -17.897 2.83840
0.000 -0.175 -17.172 2.66137
0.000 3.027 -16.447 2.60931
0.635 3.702 -16.390 2.75191
0.000 -0.382 -17.471 3.13384
0.000 0.038 -17.985 2.81989
0.000 -0.511 -18.209 3.03444
0.000 -1.002 -16.227 1.88884
0.000 2.123 -16.870 2.29814
0.000 1.816 -17.079 3.00251
0.000 -2.063 -17.223 2.58561
0.000 -1.764 -17.511 2.76742
0.000 1.880 -17.552 2.81573
0.000 1.884 -13.733 3.13800
0.000 2.641 -13.880 3.17284
0.000 5.766 -13.864 3.16184
0.000 5.551 -11.061 4.79684
0.000 2.491 -10.882 6.72537
0.000 -1.481 -16.830 4.69760
0.000 -2.962 -18.619 5.14381
0.000 -2.651 -18.667 3.25374
0.000 -0.683 -17.733 3.75249
0.000 0.302 -14.097 3.95221
0.000 3.499 -12.818 4.06025
0.000 3.682 -12.718 4.71660
0.002 0.034 -12.701 3.91430
0.475 -0.174 -13.415 3.03254
0.002 -0.131 -13.569 2.85943
0.000 2.315 -13.472 2.95955
0.470 1.279 -12.952 2.58014
0.440 3.415 -12.126 2.91718
0.000 4.986 -12.087 3.10557
0.000 6.341 -11.364 2.86402
0.000 4.756 -9.088 2.97475
4.695 2.090 -10.156 3.83405
0.045 1.550 -11.296 3.81581
0.000 2.383 -10.995 3.57689
0.550 -0.286 -12.921 4.98907
0.810 -2.052 -13.732 4.01095
0.070 -1.818 -13.062 4.23722
0.040 -4.890 -16.132 1.94100
1.135 0.145 -15.773 2.98188
0.000 4.002 -14.829 3.71949
0.152 4.209 -10.880 4.00049
0.122 4.062 -8.814 5.37410
0.000 3.846 -9.044 6.04642
0.040 2.623 -11.688 4.77795
0.047 2.672 -12.407 4.71099
0.060 4.474 -11.748 3.46112
0.000 5.432 -10.664 3.04887
0.000 6.777 -9.765 4.02676
0.480 3.083 -9.656 5.30153
0.000 1.804 -10.256 5.51780
0.450 -1.471 -13.678 2.84001
0.295 3.236 -13.105 1.90672
0.000 4.784 -10.867 2.71519
0.025 6.382 -7.835 1.97219
0.000 10.046 -5.743 3.09483
0.025 10.443 -4.500 3.21319
0.225 8.659 -5.658 3.52611
0.488 8.783 -7.021 3.16708
0.145 9.188 -5.112 3.07383
1.097 8.213 -6.557 2.26359
0.272 9.751 -5.516 2.28364
1.427 7.213 -6.750 2.40344
0.000 11.151 -5.280 2.64528
0.905 7.661 -6.137 3.85480
0.260 2.363 -8.829 2.21243
0.600 3.661 -8.117 1.99982
0.043 7.193 -5.867 3.23288
0.190 11.263 -5.247 2.00871
0.037 12.089 -5.729 2.68628
0.408 11.112 -4.335 2.46274
0.515 7.159 -4.050 2.60167
0.285 4.757 -4.108 2.70284
0.295 6.841 -5.296 2.71808
1.708 5.138 -6.632 2.08595
0.440 8.381 -6.761 2.14568
1.112 10.744 -5.569 2.25770
0.520 11.771 -5.294 2.12253
0.000 9.674 -5.564 2.74083
0.715 6.840 -5.870 3.41755
0.943 8.786 -5.163 3.18494
0.900 9.652 -4.243 4.03721
1.160 7.342 -5.292 4.98365
2.137 6.788 -4.651 2.81889
4.702 4.449 -3.852 1.98903
0.382 2.099 -7.122 1.63590
0.355 6.101 -5.847 2.12812
0.087 10.311 -4.485 2.11492
1.198 9.164 -3.995 2.43359
0.600 10.369 -4.909 4.11893
0.078 9.233 -5.808 2.85015
3.507 4.133 -5.594 1.46573
2.277 9.495 -3.398 1.43143
0.877 4.198 -3.402 0.97119
2.138 4.707 -4.880 2.10491
0.000 8.230 -4.856 3.64004
0.585 9.059 -5.603 2.17888
0.335 9.778 -5.244 3.42483
1.197 8.629 -5.898 2.63854
0.000 9.710 -5.767 1.91724
0.063 12.313 -4.447 2.74302
0.202 12.163 -3.283 2.56031
0.045 8.889 -5.682 2.39363
0.283 14.399 -3.765 1.90250
0.625 14.515 -1.666 1.73557
0.000 15.775 -2.129 1.21494
0.037 16.422 0.425 1.95259
2.207 15.639 -0.195 1.30527
0.055 13.021 -2.029 1.65440
0.060 14.371 -0.752 2.75008
9.070 10.609 -1.584 2.41585
1.300 11.132 -3.328 2.25870
4.452 13.207 -3.526 3.53440
0.008 12.795 -2.379 2.17632
0.000 14.800 -0.707 1.62121
0.000 18.101 -1.053 1.97303
0.000 19.181 -0.481 2.22192
0.000 18.822 -0.172 2.04899
0.000 19.565 0.406 2.48896
0.000 19.440 -1.176 2.75233
0.078 19.342 0.501 2.60100
0.000 17.987 1.575 1.53946
0.000 19.120 0.892 1.66587
0.000 21.425 2.612 2.08800
0.630 18.645 2.046 1.93358
1.160 16.072 1.493 1.66922
0.000 16.781 2.827 2.13790
2.387 15.209 3.313 1.80405
1.993 15.220 1.723 1.58260
0.010 18.595 2.167 3.19753
0.078 14.104 0.294 2.49990
0.570 16.409 -1.439 3.85885
0.135 14.692 -0.056 1.67386
0.190 16.349 1.623 1.69130
0.000 17.744 0.555 1.59221
0.000 20.451 2.884 1.73550
0.000 20.462 3.329 2.64734
0.000 20.495 1.641 2.98880
0.000 19.906 2.604 2.32212
0.050 19.642 1.225 2.19419
2.282 20.776 3.798 2.47182
4.590 18.801 3.648 1.41756
12.770 17.804 1.941 1.66134
34.785 19.854 2.601 1.85189
0.020 18.371 3.272 1.95400
4.968 17.749 4.153 1.57995
0.225 14.396 2.572 1.46210
4.690 17.831 2.895 1.58966
0.235 18.623 3.731 1.70650
0.185 18.156 2.830 1.44756
4.373 19.148 3.510 1.74175
2.913 18.556 1.931 2.87057
0.855 17.006 2.661 1.99837
0.000 17.909 1.424 2.22087
0.000 16.964 1.222 1.55996
5.710 18.764 4.849 1.13346
20.130 17.945 5.021 1.20775
11.795 19.124 5.497 0.90909
12.733 19.731 4.763 1.48442
10.555 17.479 4.645 1.30968
10.745 16.518 3.994 1.46801
0.053 16.266 3.421 1.31911
1.610 17.881 3.879 1.65185
0.135 17.166 3.035 1.74410
0.178 19.000 2.999 2.18782
0.000 19.919 3.870 1.37932
25.837 19.563 5.050 1.30343
6.433 18.925 4.841 1.23874
12.902 17.557 5.241 1.66281
0.460 17.599 4.440 1.51861
0.712 17.736 4.230 1.62378
6.355 17.936 4.358 1.77512
0.938 17.907 3.026 2.06292
9.935 17.993 3.707 1.47829
6.120 18.500 5.069 1.23453
11.775 17.466 2.664 1.44826
7.677 17.610 3.395 1.44837
1.152 19.815 4.485 1.81580
14.243 18.049 5.166 1.49897
6.360 17.445 5.290 1.19408
1.138 17.466 3.408 1.45786
3.070 17.096 3.850 1.13970
0.040 18.872 4.773 1.33222
1.910 18.771 3.999 1.49766
7.500 18.400 3.240 1.15787
3.957 18.786 4.657 1.68482
0.000 18.897 4.840 1.35434
1.268 19.797 6.044 1.07223
5.723 15.963 2.737 1.62000
2.167 16.250 3.372 1.77759
7.015 14.462 1.637 1.92212
2.243 16.627 2.880 1.48292
1.892 17.694 2.326 1.31401
0.245 18.137 3.566 1.02220
8.680 16.738 5.067 1.10058
0.000 18.371 4.434 1.29903
0.000 18.518 4.063 1.47543
1.455 19.203 4.846 1.28837
0.075 18.537 2.998 1.66427
0.000 19.260 4.361 1.42147
0.110 20.119 5.373 1.10417
4.015 19.571 5.549 1.05441
0.043 17.444 4.160 1.52920
2.350 17.962 4.629 1.24004
6.102 19.239 5.356 1.10093
6.100 18.235 5.287 1.43393
14.535 18.176 3.353 1.03491
4.807 12.715 2.381 0.82715
6.793 15.785 3.775 1.62421
6.955 12.179 1.419 1.56809
7.072 14.393 0.612 1.43874
3.045 13.760 2.157 0.96069
0.173 13.653 1.561 1.05501
0.000 16.325 2.859 1.20783
0.000 17.342 1.571 1.28361
12.395 17.871 3.560 1.08829
1.803 18.205 3.219 1.26252
8.202 17.301 3.081 2.05538
7.905 16.296 3.892 1.74120
0.823 16.502 -0.068 1.85068
2.073 9.703 -1.152 1.92361
0.285 12.375 0.329 1.32971
2.557 7.024 -2.271 1.03320
0.162 11.483 -1.011 0.94619
0.000 13.643 -0.620 0.83512
0.212 16.060 0.311 1.14116
4.937 16.161 2.282 1.10069
2.707 16.889 1.793 1.04179
0.965 17.218 1.690 1.59458
3.855 16.075 2.739 1.52623
5.158 13.184 0.581 1.29655
1.095 10.987 -1.741 1.47937
0.083 13.025 -1.507 1.44525
4.045 12.320 -0.568 1.21738
5.395 13.906 -0.191 3.17736
0.748 11.568 0.195 1.52278
3.932 9.802 0.349 1.27158
3.923 14.589 0.571 1.65108
0.488 14.051 1.079 2.04836
0.542 13.565 0.599 2.19231
1.173 12.357 0.438 1.34283
0.295 13.322 0.443 1.87096
0.230 7.569 -1.111 1.56709
1.800 12.192 -0.590 1.57529
0.000 13.305 -0.911 1.65158
0.000 13.714 -0.378 1.13953
0.042 13.845 0.186 1.14277
0.548 13.193 -0.214 1.07372
1.937 12.109 -0.512 1.36940
0.000 13.829 -1.583 1.47722
0.688 12.471 -0.749 1.68732
0.327 12.397 -0.765 1.61807
11.305 10.699 -0.610 1.34264
1.893 8.852 -1.396 1.52338
0.000 13.091 -2.652 2.81649
0.000 11.066 -3.491 2.16537
0.000 12.282 -4.404 2.39166
0.000 12.160 -3.828 1.65067
0.380 11.825 -3.057 1.69194
0.622 10.011 -2.747 2.24010
0.000 9.336 -3.419 2.16136
1.270 10.547 -4.630 2.25497
0.045 7.812 -6.192 2.56989
0.052 8.755 -5.849 2.61600
0.033 7.352 -5.130 1.91077
0.255 5.714 -5.776 1.20377
0.000 8.009 -6.275 2.79426
0.000 7.451 -6.086 2.21111
0.000 5.803 -5.168 1.86086
0.045 7.209 -5.251 1.48306
0.000 10.037 -5.183 1.61418
0.000 10.674 -5.069 2.52083
0.555 7.908 -5.120 2.36907
0.000 5.992 -6.275 2.74988
0.150 4.149 -5.229 2.54806
0.050 5.269 -6.855 2.19558
0.000 6.436 -7.190 2.52758
0.000 5.903 -7.188 2.44864
0.000 3.455 -6.897 1.26413
0.000 4.433 -7.062 1.36450
0.020 4.106 -7.623 2.12455
0.000 5.456 -7.720 2.26413
0.000 4.786 -7.905 2.67497
0.000 3.554 -7.936 1.43347
0.000 5.881 -6.918 1.87791
0.000 5.376 -6.015 1.54646
0.000 5.931 -5.967 2.37694
0.000 5.160 -6.734 3.50169
0.000 2.411 -9.272 2.90967
0.100 2.768 -9.692 1.99181
0.000 2.717 -9.000 1.06586
0.000 3.623 -9.013 2.27835
0.000 1.182 -11.463 0.90889
0.000 2.934 -11.794 2.12594
0.000 3.236 -11.917 2.56768
0.000 1.701 -9.655 2.35691
0.000 -0.730 -13.253 1.46036
0.000 3.727 -13.430 1.70097
0.000 6.278 -11.157 2.16325
0.000 5.374 -11.298 2.82855
0.000 3.166 -11.116 2.88350
0.002 5.184 -11.252 2.42807
0.000 2.984 -10.212 2.65689
0.032 4.491 -10.512 3.01815
0.000 2.452 -10.364 6.12703
0.457 -2.440 -11.293 2.45150
0.003 1.192 -11.641 2.79853
0.063 -2.090 -11.468 2.08693
0.010 2.677 -11.409 2.43528
0.015 2.735 -11.058 3.16718
0.062 1.264 -11.201 3.28917
0.000 -0.799 -10.160 1.59650
0.000 0.792 -12.175 2.13921
0.000 3.643 -12.372 2.20321
0.000 1.386 -11.739 2.55846
0.000 3.282 -12.863 2.56067
0.000 1.050 -13.080 2.21202
0.000 3.885 -10.687 1.66783
0.025 3.007 -10.580 1.61667
0.003 -0.348 -9.250 1.57013
0.050 1.360 -11.079 1.99324
0.000 0.019 -13.616 1.90530
0.150 -0.299 -13.851 4.42680
0.447 -1.578 -12.769 2.94074
0.000 -2.123 -14.544 1.91991
0.000 -0.358 -14.818 2.43223
0.000 3.580 -14.882 2.60035
0.000 2.823 -12.160 3.19271
0.000 4.474 -12.690 2.48864
0.000 3.091 -12.879 3.13515
0.000 2.362 -13.661 3.27807
0.000 -0.141 -14.206 2.53704
0.000 -1.133 -15.145 1.95130
0.000 -3.181 -16.204 1.81069
0.000 1.846 -17.056 2.12232
0.000 -0.772 -17.132 2.53875
0.000 -6.204 -16.141 1.96862
0.000 -0.657 -15.970 2.46148
0.000 1.066 -15.406 3.19911
0.000 2.021 -13.500 2.87300
0.000 2.379 -12.992 2.40749
0.002 1.775 -13.917 2.18048
0.000 1.145 -14.591 2.24716
0.000 5.698 -14.688 3.14736
0.000 -0.306 -14.630 3.43799
0.000 0.858 -14.922 3.19826
0.000 0.371 -16.408 3.24290
0.000 -2.291 -17.967 3.77384
0.000 -3.913 -18.116 3.51375
0.000 -5.572 -18.275 2.35612
0.000 -2.498 -18.456 1.91370
0.028 -5.397 -14.393 1.08507
0.000 -5.789 -16.208 1.35726
0.000 -3.180 -16.925 2.80616
0.000 2.110 -16.684 2.34414
0.000 0.273 -16.463 2.16605
0.000 2.571 -14.973 2.54581
0.000 2.885 -14.452 2.34074
0.000 4.729 -13.666 2.09129
0.000 5.309 -13.146 2.33068
0.000 2.138 -12.690 4.37595
0.000 -3.372 -14.127 4.53470
0.000 -3.983 -14.742 3.31188
0.000 -2.750 -17.485 1.89327
0.000 -1.274 -17.670 2.08679
0.000 -0.855 -16.813 2.39650
0.000 -4.317 -16.881 2.25192
0.000 -2.075 -16.232 1.73083
0.000 -1.443 -16.346 2.62848
0.000 -0.303 -16.764 2.39527
0.000 1.640 -16.555 2.84994
0.000 -1.759 -16.626 2.67116
0.045 1.369 -15.799 2.52040
0.000 1.046 -13.817 2.01486
2.012 -1.313 -13.602 2.77844
0.000 -1.020 -13.138 1.92435
0.000 1.065 -13.454 2.76048
0.000 6.240 -13.212 2.00762
0.000 5.669 -11.414 2.75644
0.000 5.503 -10.012 4.21344
0.000 1.171 -12.538 5.19801
0.000 -1.586 -15.239 2.93801
0.000 1.977 -15.336 3.13269
0.000 1.645 -13.955 2.92959
0.170 3.136 -13.752 3.71979
0.000 1.586 -12.805 5.17989
0.458 -0.154 -12.214 3.94369
0.000 0.644 -12.633 3.32093
0.000 3.188 -12.663 4.35771
0.115 3.978 -9.644 6.81469
0.330 -0.424 -13.627 3.83060
0.000 -0.322 -15.024 2.92336
0.000 1.140 -15.046 3.78890
0.000 0.881 -11.969 2.25380
0.000 4.893 -11.832 2.68619
0.000 3.768 -11.622 2.50588
0.000 4.629 -11.422 2.84689
0.050 3.886 -9.149 2.41504
0.018 6.101 -9.042 2.13387
0.000 8.769 -7.290 2.61145
0.000 8.374 -6.690 3.84074
0.000 5.512 -6.524 2.81428
0.000 5.841 -6.269 2.42252
0.772 1.760 -6.494 2.54083
0.000 4.389 -7.228 2.00410
0.038 7.015 -6.884 2.21867
1.238 0.088 -5.795 1.42270
0.035 0.956 -6.732 1.21646
1.237 3.623 -9.156 1.55530
0.000 7.511 -8.663 2.07608
0.078 7.035 -6.571 3.02997
0.008 5.277 -7.444 3.65321
0.035 5.107 -6.733 1.85974
0.075 6.164 -6.057 2.13897
0.050 7.454 -5.214 2.11452
0.068 5.755 -4.719 3.10099
0.430 6.735 -4.470 3.17481
0.028 5.349 -7.762 2.98199
0.255 2.838 -7.512 4.37576
0.515 1.092 -7.338 2.25572
0.232 5.549 -6.749 2.22629
0.790 4.182 -5.537 2.59950
0.838 3.782 -7.109 2.21140
0.045 5.149 -6.772 2.62154
0.188 8.209 -5.741 2.46043
1.163 6.699 -4.557 1.81611
1.937 2.365 -5.639 2.66776
0.580 5.188 -5.448 2.88580
0.050 8.171 -4.777 1.94995
0.815 5.303 -4.519 2.19334
1.640 3.723 -5.554 1.39420
2.122 2.487 -6.207 1.98997
0.152 4.240 -5.794 2.59523
0.002 7.288 -5.350 2.20017
0.000 8.680 -5.796 2.44965
0.405 6.638 -5.071 2.40021
0.000 0.126 -5.584 2.40439
0.050 2.826 -7.385 3.02081
0.137 4.396 -6.319 2.59227
0.000 3.161 -6.167 1.88237
0.068 3.661 -4.475 2.01527
0.458 9.485 -3.437 2.83067
2.772 2.174 -4.181 1.58277
2.205 1.098 -6.498 1.64550
0.397 5.423 -5.229 1.86310
0.825 6.026 -4.453 3.10734
0.880 3.662 -4.537 2.01916
0.000 4.833 -5.232 1.04456
0.717 8.846 -4.143 1.84198
0.000 9.458 -4.288 2.57265
0.520 9.182 -4.299 1.86413
0.528 10.513 -4.717 1.70068
0.587 9.118 -4.553 3.21237
0.025 10.489 -4.412 3.04226
3.105 10.031 -4.521 3.20225
5.232 5.101 -4.135 1.51834
1.530 7.384 -4.283 0.98331
0.870 11.365 -4.110 1.95814
1.105 12.028 -2.121 1.47559
2.403 14.293 -1.454 2.30184
3.285 15.147 -1.211 1.81140
2.700 15.266 -0.464 1.61863
1.022 16.451 -0.059 2.09147
2.943 8.922 -1.850 1.73549
1.158 9.738 -3.300 4.29255
0.965 5.401 -5.292 2.76065
0.520 7.285 -4.203 1.73498
4.477 10.886 -2.489 1.54119
3.830 10.597 -3.539 1.34570
1.827 9.050 -3.568 1.29110
0.680 6.619 -4.222 1.36639
0.175 8.563 -3.505 0.85908
1.120 11.538 -2.749 1.67956
1.650 11.548 -3.046 1.98620
1.522 10.118 -3.255 2.61155
0.690 10.588 -2.443 2.28100
2.315 13.680 -4.595 2.49208
1.578 15.948 -0.787 3.13224
1.178 12.651 -2.891 2.14827
2.638 12.542 -1.958 2.25590
0.360 10.091 -2.065 2.17216
0.378 12.980 -1.969 1.74522
0.180 14.366 -0.206 1.61190
0.718 15.312 0.431 1.41472
2.695 11.448 -0.061 1.71554
5.587 10.578 -2.597 1.73097
1.265 14.952 -1.182 2.48428
0.035 19.721 -1.139 1.95949
0.000 20.979 0.628 2.47173
0.592 17.725 1.170 2.44606
0.717 17.278 0.589 3.16758
0.218 17.165 -0.257 3.37212
0.597 16.724 2.573 3.16983
0.000 15.431 1.715 1.63121
0.497 15.166 1.927 1.17874
1.610 14.705 2.050 1.50481
2.958 16.719 2.433 1.76183
6.060 16.564 1.745 1.33120
0.000 18.236 3.443 1.18311
0.093 18.265 3.724 2.09536
7.202 16.989 2.613 1.97873
0.017 17.413 -5.292 2.92979
0.000 13.223 -0.792 2.27866
0.000 17.167 0.537 1.87982
0.000 20.042 0.308 2.01322
1.020 20.888 1.057 2.85036
0.000 21.432 1.303 2.37325
0.000 22.308 1.941 2.01877
0.000 22.840 2.772 2.12304
0.085 21.919 2.803 1.91289
1.015 22.894 4.061 1.87740
0.925 22.818 4.290 2.04157
4.845 21.185 6.791 0.91565
20.627 17.790 2.907 1.77630
7.677 19.637 3.556 1.20203
7.962 20.143 4.739 1.53708
3.837 16.857 3.569 1.47274
1.675 18.404 3.221 2.10367
6.550 11.768 2.550 1.24404
0.000 15.465 2.001 1.10106
4.157 16.007 3.324 1.79697
2.505 14.723 4.378 2.16821
13.227 19.776 4.429 1.76706
9.298 18.363 5.059 1.20884
5.777 20.612 4.418 1.27492
1.055 21.274 6.938 1.17970
2.800 18.687 4.211 1.55337
1.992 19.074 3.917 1.99824
6.385 20.103 5.033 1.33541
1.650 19.356 4.686 1.83435
0.967 18.123 3.838 2.21205
0.633 17.842 3.780 1.69713
9.065 19.316 5.025 1.34629
13.043 18.660 4.807 1.59901
10.107 18.982 5.221 1.53538
0.327 18.539 5.261 1.28419
1.240 19.793 4.677 1.45717
2.007 20.213 6.424 1.31019
0.035 19.092 4.270 1.79306
2.663 16.780 4.401 1.41081
22.280 17.525 2.589 1.26183
3.590 17.729 3.984 1.35807
1.315 17.273 3.616 1.29894
8.530 15.169 4.609 1.77523
0.260 16.823 3.935 1.71464
0.263 18.925 3.522 1.65898
0.682 17.387 3.803 1.68127
1.010 19.140 4.312 1.39827
4.150 18.050 3.635 1.42765
2.032 18.572 3.803 1.31225
16.223 17.158 2.305 1.16267
0.020 14.971 2.335 1.81441
0.000 15.733 3.495 1.31569
1.283 16.074 4.023 1.00711
0.000 14.456 3.883 1.20111
0.687 15.639 2.801 1.34273
0.000 16.762 2.326 1.37558
0.000 18.118 3.096 1.10791
3.587 17.076 1.529 1.41321
1.757 18.307 3.640 1.28110
3.082 13.908 1.844 1.89407
0.518 15.847 2.752 1.66665
1.210 15.232 1.885 1.66004
7.242 17.351 3.316 0.99783
0.000 16.255 0.960 2.12487
0.000 17.387 2.358 1.98048
0.000 18.468 1.390 1.47685
0.280 20.446 3.328 1.41233
0.000 20.242 3.975 1.34306
0.000 19.972 3.962 1.08193
0.000 19.472 2.654 1.61354
0.000 20.023 3.393 1.56234
0.000 19.411 4.157 1.73353
2.607 16.748 1.260 1.45868
1.250 17.520 2.848 1.36966
4.435 18.485 3.877 1.18328
2.437 18.269 4.419 0.93965
0.912 16.844 3.873 0.95986
2.060 17.667 3.445 1.62166
5.975 18.660 2.040 1.56744
2.635 17.394 2.611 1.57114
7.758 19.373 5.008 1.05209
5.425 17.948 3.869 0.89479
4.010 17.519 2.928 1.46605
2.797 18.853 2.391 1.36877
7.128 15.586 2.372 1.64558
16.173 16.379 2.225 1.59962
1.562 11.995 1.591 1.67268
9.018 13.015 1.246 1.81794
4.230 10.519 0.257 1.23627
0.170 15.063 -0.592 2.61254
0.117 13.812 0.218 1.94020
0.230 10.591 -0.306 1.05486
0.000 11.029 0.066 1.07277
11.962 9.109 -0.739 1.20270
1.485 9.454 -2.624 1.10809
0.790 12.218 -2.080 1.22669
0.000 14.429 -0.790 1.02554
0.000 14.083 -1.933 1.57368
0.000 13.919 -1.832 1.65974
0.000 14.657 -1.017 1.67677
0.522 15.541 0.543 1.52768
0.070 16.005 1.846 1.16269
0.000 15.808 1.620 1.33154
2.600 15.879 2.858 1.00269
0.065 16.759 1.051 1.57263
1.903 15.374 2.196 1.14851
0.527 14.887 2.714 0.99578
9.007 12.213 -0.876 1.14984
1.032 15.208 0.110 1.70935
5.268 13.613 -3.940 2.23942
0.000 11.296 -3.140 1.45411
0.000 13.286 -2.336 1.14796
0.040 13.431 -1.992 2.04777
0.000 13.090 -1.430 1.21192
0.063 12.040 -0.541 1.03279
0.593 11.027 -0.005 1.55214
2.358 6.867 -0.787 1.24781
7.385 6.549 -3.750 0.96407
0.000 9.227 -3.230 1.07618
5.983 5.484 -2.773 1.44513
2.550 3.403 -5.345 1.90838
0.000 8.500 -4.825 1.64138
0.000 11.478 -3.824 1.27112
0.000 13.271 -2.837 1.13147
0.737 13.426 -3.980 1.45493
0.000 12.721 -4.587 1.35863
0.040 14.342 -4.261 1.26451
1.912 8.842 -1.563 1.25898
2.085 11.270 -1.547 2.05870
0.000 9.720 -2.890 1.20928
0.120 12.261 -4.045 2.27945
0.000 11.818 -4.206 2.17118
0.382 10.278 -4.860 2.71086
0.018 8.408 -4.909 2.49456
6.410 6.471 -4.593 2.59234
0.212 3.522 -6.131 1.42600
0.000 2.390 -7.947 1.68128
0.030 6.563 -7.937 1.12500
0.145 5.003 -5.030 1.73505
0.038 5.124 -4.101 1.69518
0.000 4.449 -3.937 1.31592
2.890 4.482 -4.933 2.52598
2.345 1.220 -8.784 2.00687
0.293 4.315 -8.839 1.83527
0.462 1.831 -7.260 1.51230
1.730 1.996 -7.668 1.70848
0.000 2.538 -7.058 2.05664
0.000 2.602 -6.825 2.02700
0.247 3.538 -6.509 2.28627
0.000 2.818 -6.672 1.69639
0.000 6.347 -8.575 1.71504
0.000 6.232 -8.877 2.65376
0.038 5.959 -9.206 2.87889
0.048 6.150 -11.056 2.52044
0.552 5.336 -11.261 2.93615
0.150 4.029 -11.901 2.46140
0.015 4.795 -12.387 2.50127
0.002 4.379 -12.380 2.29697
0.000 4.122 -12.075 2.28134
0.530 4.918 -12.066 2.11368
0.027 4.088 -9.668 1.40340
0.000 4.999 -8.740 1.45361
0.000 3.561 -7.114 0.90536
0.015 1.471 -9.016 1.47193
0.045 3.304 -9.466 2.03077
0.850 3.090 -9.885 2.34627
0.000 5.796 -9.843 2.36262
0.122 4.723 -14.320 3.40200
0.000 2.865 -14.530 2.22600
0.000 5.201 -10.888 2.23207
0.115 5.922 -9.648 2.45657
0.000 4.693 -9.251 2.15069
0.018 6.804 -9.179 2.06316
0.360 6.077 -8.824 2.14986
0.177 1.316 -10.891 1.87102
0.000 0.815 -11.297 0.82742
0.000 1.198 -11.049 1.37592
0.000 3.644 -12.610 1.71258
0.000 3.346 -12.810 2.29038
0.000 1.699 -10.996 1.55061
0.000 1.676 -12.016 1.72340
0.205 3.506 -12.332 2.40105
0.000 2.205 -12.198 2.07959
0.017 2.275 -12.642 2.47118
0.387 0.385 -12.548 1.83468
0.000 -0.527 -11.430 1.97321
0.015 -1.983 -11.735 1.57004
0.122 -4.725 -13.575 1.44279
0.000 -9.062 -15.971 2.67055
0.000 -10.954 -19.439 2.17876
0.000 -7.211 -19.693 1.76045
0.000 -1.625 -17.968 1.48922
0.000 -1.298 -14.059 1.42705
0.042 -3.573 -15.285 1.91570
0.000 -3.232 -15.393 2.35705
0.008 -1.769 -15.230 2.50268
0.837 1.257 -15.273 2.50989
0.000 3.225 -14.614 2.31729
0.020 4.561 -14.525 2.67934
0.093 4.857 -13.033 2.80796
0.323 4.731 -14.002 2.62485
0.000 5.239 -14.251 2.60605
0.038 3.663 -14.050 3.03573
0.035 -0.210 -14.714 2.37089
0.025 0.807 -15.044 2.10792
0.005 2.509 -15.567 2.06959
0.000 2.406 -15.877 2.35771
0.030 1.330 -15.483 2.47005
0.027 1.728 -14.439 2.59728
0.000 4.691 -13.937 2.91581
0.000 0.962 -15.261 2.70663
0.000 -1.668 -15.418 3.19540
0.000 -3.446 -17.043 2.85828
0.000 -0.046 -17.356 2.61780
0.000 1.434 -15.715 2.81185
0.000 -0.017 -16.299 2.81283
0.265 -2.417 -16.359 2.82913
0.000 -7.480 -16.759 1.81316
0.000 -2.580 -16.936 2.03181
0.000 1.020 -13.746 2.13077
0.000 2.308 -11.867 2.64153
0.295 -4.361 -13.915 1.27069
0.123 -0.185 -15.050 1.57517
0.020 3.138 -15.243 2.25207
0.000 -0.744 -14.808 2.50804
0.000 -4.738 -16.317 2.39065
0.000 1.258 -16.482 2.00469
0.000 4.422 -12.847 1.65680
0.020 5.862 -12.058 2.28010
0.382 3.555 -11.960 2.06964
0.387 3.749 -12.130 2.62417
0.000 2.748 -12.252 2.22485
0.033 1.603 -12.665 2.31670
0.220 -2.243 -14.105 2.40378
0.112 -0.052 -14.400 1.60723
0.000 2.545 -14.363 2.64645
0.000 1.759 -14.251 1.93692
0.115 2.563 -14.342 1.55000
0.040 4.262 -11.082 1.62919
0.270 5.720 -10.355 1.93643
0.880 5.579 -10.650 3.18404
0.097 2.918 -11.025 3.41834
0.000 1.498 -12.698 3.32476
0.000 2.722 -12.866 2.69398
0.000 1.088 -11.487 3.16422
0.000 2.357 -12.185 3.71755
0.055 2.764 -13.550 3.69365
0.000 1.342 -13.653 5.44764
0.000 -1.517 -14.239 3.32903
0.000 1.886 -14.315 2.70468
0.000 2.857 -14.018 4.23334
0.000 2.872 -12.123 5.66391
0.383 1.118 -11.681 5.98536
0.660 -0.846 -16.281 4.61226
0.000 -5.904 -16.772 2.79148
0.000 0.088 -16.605 2.59890
0.000 1.036 -11.593 3.40446
0.000 3.119 -11.668 2.80463
0.000 5.024 -11.692 2.67665
0.000 5.302 -9.367 3.70804
0.292 -1.216 -12.147 1.99531
0.000 4.232 -12.138 2.37790
0.230 4.925 -11.143 4.07407
0.028 3.430 -8.995 4.45467
0.180 3.935 -9.747 4.12940
0.000 3.271 -9.755 4.24754
0.000 3.171 -9.441 4.87302
0.000 1.726 -11.605 4.17503
0.000 2.526 -12.098 3.01800
0.040 2.116 -11.703 4.40086
0.220 1.403 -13.319 4.71938
0.000 1.055 -12.768 3.71513
0.000 -1.409 -11.313 2.05111
0.000 1.277 -11.791 2.29389
0.000 4.175 -11.433 2.90861
0.047 3.459 -10.450 2.68611
0.060 4.404 -8.647 2.47363
0.097 5.005 -7.210 3.05198
0.013 5.485 -7.045 2.31251
0.000 4.686 -6.974 2.66096
0.007 8.446 -6.777 1.89992
0.108 8.938 -6.289 2.37431
0.117 8.860 -5.078 2.15440
0.242 4.978 -7.058 2.68366
0.088 2.158 -7.575 2.88682
0.250 0.354 -8.083 1.82982
0.108 3.586 -7.518 1.78329
0.035 3.628 -6.047 1.41367
0.827 3.031 -6.058 1.32939
0.003 5.526 -5.632 2.31955
0.058 3.826 -5.976 1.95189
1.318 2.341 -5.545 1.59549
0.028 7.923 -4.390 2.22631
0.800 7.988 -3.479 2.52110
0.680 5.180 -4.896 1.55566
2.660 1.829 -5.109 1.89543
0.288 4.432 -7.113 2.74200
0.200 3.759 -6.456 2.08052
0.352 5.008 -5.987 2.13412
0.493 5.686 -6.445 2.18545
0.000 6.644 -3.960 2.31698
0.355 9.419 -5.018 2.06453
0.138 8.884 -3.753 1.82612
0.880 7.596 -3.295 1.57041
0.005 7.188 -5.125 1.42196
0.000 9.992 -6.797 3.94614
0.610 7.900 -5.577 3.01010
0.680 8.293 -7.357 2.35050
0.000 8.408 -7.111 3.44930
0.000 7.503 -6.662 2.60439
0.245 7.225 -4.479 2.99211
0.040 9.184 -4.713 2.65911
0.000 7.773 -4.963 3.40638
0.102 9.626 -5.110 2.98288
0.150 14.392 -5.015 3.78988
0.000 12.801 -4.524 4.38733
0.667 9.053 -4.838 2.48140
0.000 11.639 -5.442 3.01373
0.045 11.446 -5.070 3.14961
0.038 8.971 -4.064 3.15143
0.203 5.739 -5.221 2.43249
0.145 12.115 -4.352 2.48853
0.252 11.068 -3.371 2.47574
3.095 6.299 -4.800 2.65730
2.417 7.166 -5.197 2.17425
0.018 12.860 -2.775 1.80740
2.840 12.954 -2.394 1.41829
0.988 9.655 -5.105 1.88734
0.555 11.201 -3.289 2.13934
3.638 6.934 -4.185 1.23785
0.440 11.292 -3.821 2.04399
6.045 11.519 -2.128 2.17693
3.970 10.089 -2.827 1.48851
3.588 10.650 -2.263 1.74061
4.832 10.875 -1.927 1.90013
0.915 11.352 -2.811 1.51073
0.950 11.031 -2.177 2.67210
1.285 9.985 -2.890 2.58922
1.060 11.929 -1.734 2.35035
0.685 13.613 -3.132 3.63676
0.238 12.556 -2.357 4.19250
0.798 11.766 -2.882 2.47129
0.478 14.739 -1.784 2.11966
0.317 16.770 -1.500 2.24852
0.000 17.535 -1.358 2.26320
0.000 15.374 -1.604 2.44640
0.192 15.148 -2.649 2.69291
0.000 17.338 -3.328 3.49649
0.000 17.320 -2.404 2.30865
0.000 19.334 -2.186 2.55172
0.000 18.223 -0.524 3.00868
0.000 16.781 1.209 2.55401
0.005 19.305 2.123 3.70516
0.545 17.736 2.260 3.71261
0.058 17.485 -0.073 3.88129
0.000 17.127 -0.076 2.46954
0.457 18.136 1.909 1.32218
0.000 20.183 1.632 1.77439
0.000 22.104 3.333 1.93520
0.000 19.406 3.902 1.34843
0.000 19.473 2.837 1.70543
0.320 19.275 4.124 1.28354
2.785 18.906 3.738 1.32908
0.943 19.147 1.540 1.48980
1.093 17.229 2.102 1.80134
4.377 16.881 3.218 1.68867
1.405 18.763 3.345 1.72162
0.000 18.935 4.140 1.69968
0.000 19.902 -0.041 2.98558
0.000 20.443 3.426 3.07390
0.502 16.106 3.193 2.21533
1.767 17.705 0.075 2.61752
0.000 13.886 0.671 1.67770
0.000 17.892 0.868 0.91536
0.000 21.748 3.366 1.91891
3.385 17.041 2.638 2.33453
5.770 14.033 1.526 1.83154
0.547 17.035 2.506 2.37630
0.353 15.955 2.971 1.92403
0.588 18.726 4.563 2.23822
0.007 15.189 2.240 2.35064
0.000 20.504 2.802 2.54120
0.372 22.361 2.899 1.91977
0.263 20.499 3.631 1.92167
2.478 19.878 3.496 1.09540
7.363 14.580 2.767 1.69720
5.898 13.015 2.157 1.07341
0.413 14.453 2.402 1.40349
6.552 14.796 2.337 1.44241
0.000 17.227 2.916 1.51139
0.143 19.121 4.487 1.28013
1.415 19.639 4.968 1.75046
10.000 15.479 3.722 1.52972
2.743 20.060 4.452 1.21007
3.455 19.882 5.537 1.74297
1.120 21.412 5.613 1.54982
1.663 20.687 5.096 1.28299
17.037 17.455 3.328 1.24191
0.207 17.176 3.597 1.37442
10.422 14.463 2.892 1.01756
21.120 12.935 2.472 0.94729
6.975 14.802 2.036 1.09654
0.015 16.751 2.918 1.51016
6.818 16.564 2.948 1.58549
7.767 15.643 3.232 2.05363
5.992 18.691 3.767 1.53444
3.795 17.969 3.677 1.84661
0.000 19.624 5.403 1.30993
0.487 18.519 3.951 1.64491
3.533 18.361 2.550 1.49536
1.465 16.913 3.488 1.41051
4.595 16.800 2.453 1.58354
4.053 15.482 2.965 0.97808
1.805 16.669 3.559 1.18347
0.000 18.182 3.796 1.45272
7.640 17.091 3.685 1.20411
4.980 18.291 3.599 1.57209
0.747 18.868 4.632 1.31177
0.025 19.793 4.608 1.40348
0.340 19.289 4.342 1.97122
1.480 20.464 6.242 1.39241
0.867 19.651 5.186 1.15432
0.005 21.315 5.850 1.12423
7.400 20.104 6.649 0.89498
0.465 18.767 4.439 1.30919
0.255 21.243 5.582 1.44886
2.537 20.324 5.249 1.04385
8.745 20.108 5.588 1.37279
10.768 17.321 1.772 1.41200
4.855 15.315 2.375 1.48716
0.955 14.991 3.038 1.69007
18.935 11.247 0.992 1.48305
3.417 14.854 0.637 2.16788
0.857 11.694 1.440 1.52939
6.235 13.486 2.032 1.78338
1.170 16.766 3.768 1.50538
0.987 17.037 2.249 1.40720
13.387 16.021 2.989 1.97273
4.003 14.526 1.673 1.75288
2.705 14.432 1.242 2.24404
8.970 8.174 0.110 1.15856
1.432 10.136 0.155 1.29944
2.820 11.196 0.695 1.44539
3.457 12.016 1.184 0.87108
1.265 13.566 1.140 0.66677
0.797 14.412 1.409 1.12781
0.425 15.870 2.252 1.53479
6.185 14.200 1.516 1.34825
0.112 15.257 0.307 1.78915
0.123 15.598 1.987 1.30395
5.628 14.878 2.544 1.05875
1.245 14.832 2.164 1.58506
3.775 15.543 2.147 1.13802
0.943 16.563 3.845 0.96045
0.167 15.896 2.668 1.09811
2.880 16.296 3.030 1.10116
15.628 16.808 2.604 1.18972
0.990 17.041 1.418 1.56016
0.000 16.158 0.690 1.63800
0.677 15.524 1.650 1.25560
0.000 16.283 1.503 1.19849
0.000 16.567 0.550 1.76363
0.000 16.677 -0.095 2.08297
0.000 16.164 0.172 2.11300
2.602 16.161 2.094 1.80175
0.118 15.209 0.970 1.12706
0.070 14.111 1.142 1.42865
0.000 13.185 1.231 1.13229
3.342 13.290 1.773 1.41194
0.872 15.047 0.446 1.97016
0.623 14.650 0.976 2.11343
0.000 10.222 -1.589 1.63415
0.243 9.716 -0.620 1.63685
0.150 8.213 -1.079 1.21049
0.150 11.905 -0.753 2.00312
11.500 9.593 -1.966 2.01176
0.000 10.059 -2.811 0.84470
0.315 11.170 -3.138 0.94524
0.000 11.683 -4.039 1.97994
0.130 9.664 -3.378 1.30190
1.315 9.302 -3.276 0.83594
0.555 6.805 -4.567 1.30322
0.080 9.189 -4.036 1.33980
0.000 9.266 -4.146 1.28970
0.000 12.516 -3.947 1.38322
0.185 11.421 -2.919 1.23976
0.065 12.199 -3.739 1.07537
0.000 12.813 -4.306 1.39103
0.042 12.244 -4.139 1.51361
0.055 12.266 -3.536 2.03197
0.000 12.819 -3.003 2.14504
0.000 11.890 -2.308 1.49541
0.000 13.005 -2.015 1.59354
0.000 12.758 -1.892 2.22582
0.000 12.467 -5.170 2.26560
0.000 11.740 -5.882 2.08686
0.000 9.978 -5.664 2.42706
0.555 5.428 -5.633 1.88970
0.000 6.748 -5.572 1.44183
0.420 8.697 -5.678 1.87292
0.000 6.923 -5.630 1.20893
1.595 4.061 -5.634 1.04922
0.000 5.707 -5.630 1.39418
0.000 8.195 -5.486 1.25047
0.317 7.025 -4.992 1.73142
0.000 4.540 -4.923 1.35945
0.462 5.495 -4.933 0.85093
0.390 5.228 -4.770 1.67184
0.000 5.387 -6.368 1.78703
0.000 8.141 -6.389 2.34778
0.000 9.400 -5.435 2.11560
0.000 9.369 -5.165 2.28173
0.152 5.308 -3.881 1.78907
0.180 5.925 -5.439 2.03448
0.035 4.317 -6.389 2.24479
0.082 5.463 -6.529 2.06896
0.000 4.507 -6.886 2.09761
0.000 9.315 -6.719 2.58646
0.000 10.747 -5.582 2.10647
0.000 9.768 -5.078 2.06422
0.000 9.264 -4.720 2.42007
0.037 7.439 -4.255 2.01463
0.000 6.474 -5.712 2.36992
0.000 7.832 -5.770 2.65152
0.000 7.795 -5.402 1.89835
0.000 5.960 -5.023 2.41946
0.200 2.825 -5.776 1.51460
0.010 2.091 -8.559 1.66942
0.000 1.338 -9.032 1.61719
0.000 3.445 -9.129 1.76578
0.000 4.837 -8.722 2.32624
0.000 4.504 -6.063 2.37141
0.000 3.166 -7.438 3.36537
0.000 1.163 -11.358 2.35507
0.000 2.432 -12.345 1.78984
0.012 0.022 -12.562 2.11347
0.000 2.456 -12.246 2.16367
0.000 2.467 -10.892 2.64565
0.000 2.098 -10.906 2.15376
0.000 4.390 -10.369 2.07261
0.000 7.212 -10.670 2.29401
0.000 8.294 -8.675 2.34566
0.000 7.413 -7.416 2.10343
0.000 7.211 -7.766 2.26894
0.000 7.505 -7.258 1.84815
0.000 6.451 -7.018 2.37196
0.000 5.309 -9.287 2.57436
0.000 5.863 -9.476 2.69906
0.000 3.971 -9.905 2.81414
0.190 3.624 -10.740 3.94621
0.000 2.546 -12.004 3.34754
0.000 3.134 -14.123 2.17822
0.000 4.521 -14.312 2.41160
0.000 4.204 -11.584 3.00321
0.000 3.435 -11.763 2.84834
0.000 0.494 -11.935 3.67373
0.000 -3.391 -12.565 2.24572
0.000 -5.491 -16.860 2.21177
0.000 -1.277 -17.133 2.41742
0.000 0.939 -12.942 3.04579
0.000 1.979 -14.740 2.02822
0.000 0.052 -14.819 2.85271
0.000 0.323 -13.014 2.11215
0.000 -0.120 -12.781 2.47349
0.000 2.464 -13.756 2.54065
0.000 3.737 -14.002 2.22969
0.000 1.149 -12.053 2.53475
0.000 -3.478 -14.541 1.51160
0.000 0.806 -14.794 2.27604
0.000 2.770 -13.476 1.96349
0.000 4.988 -13.682 2.08856
0.000 3.708 -12.909 2.26984
0.022 4.014 -11.231 1.84488
0.000 5.994 -11.443 2.37045
0.000 4.087 -10.171 4.75553
0.005 -3.107 -14.828 3.04936
0.000 -2.689 -14.980 2.16723
0.000 -1.517 -15.760 2.80002
0.000 -3.488 -15.853 2.56105
0.005 -5.712 -15.534 1.35856
0.000 -5.166 -18.038 1.48944
0.000 -5.522 -18.259 1.94358
0.000 -3.607 -16.367 1.96159
0.197 0.923 -16.046 1.53375
0.000 0.480 -13.819 1.74589
0.000 0.271 -15.623 2.60859
0.000 -0.936 -17.180 2.61523
0.000 -4.298 -17.132 1.88947
0.000 -6.992 -16.950 1.16104
0.000 -4.691 -17.208 1.95891
0.025 -3.208 -16.658 2.30831
0.000 -0.828 -16.341 2.09301
0.010 1.832 -15.263 2.42394
0.000 3.268 -14.762 2.68882
0.000 2.154 -11.952 2.45288
0.000 4.299 -12.352 2.42882
0.067 5.140 -12.397 2.30651
0.000 4.460 -11.724 3.24140
0.127 3.018 -10.879 4.11333
0.000 0.402 -11.689 4.43433
0.000 -2.358 -12.856 4.94499
0.000 -7.050 -18.366 2.11302
0.040 -3.322 -18.518 2.56139
0.000 -0.250 -17.675 2.18651
0.080 1.461 -15.538 2.23281
0.013 1.056 -14.568 2.53988
0.812 0.076 -12.934 2.06068
0.000 2.000 -13.079 2.68204
0.000 2.815 -12.975 2.16620
0.000 0.414 -12.207 2.62233
0.050 -0.543 -11.786 1.93842
0.150 -3.038 -12.945 1.60772
0.050 -0.787 -13.298 1.44885
0.022 -1.342 -12.879 1.29032
0.043 -1.516 -14.031 2.13355
0.000 0.488 -14.107 1.86460
0.018 -2.190 -13.181 1.45719
0.065 -1.025 -13.764 1.70654
0.000 2.452 -13.945 1.87224
0.035 1.869 -13.429 2.17509
0.033 0.302 -11.996 2.56200
0.000 2.078 -11.804 2.28510
0.192 3.200 -11.092 3.09153
0.012 1.121 -10.716 2.42115
0.000 4.604 -10.660 2.68728
0.000 6.387 -8.894 3.22995
0.100 7.683 -6.940 3.07689
0.000 5.071 -4.377 3.67178
1.590 3.647 -4.760 3.71089
0.170 5.103 -6.490 3.70472
0.960 5.462 -6.144 3.53784
0.063 7.606 -4.973 3.80240
0.000 5.541 -5.973 5.78948
0.000 1.915 -8.914 6.43473
0.000 1.542 -10.114 3.95837
0.000 1.813 -11.260 3.53410
0.090 2.676 -10.816 2.99214
0.000 5.401 -8.704 2.51416
0.002 7.029 -7.626 4.02274
0.000 3.789 -6.509 4.27979
0.000 3.379 -7.252 2.45075
0.000 7.369 -6.890 2.70230
0.000 8.156 -6.029 2.94107
0.055 6.756 -5.373 3.81836
0.167 7.337 -5.991 2.71596
0.000 8.253 -5.134 3.73601
0.430 4.895 -6.091 3.62263
0.037 6.065 -8.259 5.10456
0.000 3.655 -8.358 4.57874
0.000 1.563 -8.374 2.29680
0.030 6.262 -7.619 2.58724
0.180 5.268 -6.127 3.11972
0.110 4.994 -6.079 1.88061
0.000 5.140 -5.291 1.43636
0.000 8.337 -5.275 1.16812
0.000 10.216 -4.417 1.48956
0.000 5.637 -5.325 1.80266
0.277 5.554 -4.771 2.41647
0.085 11.769 -4.956 1.55684
0.012 9.787 -3.141 1.98223
0.575 11.668 -4.067 3.91598
0.000 6.603 -4.236 1.88144
0.260 5.583 -4.257 2.47705
0.000 10.778 -5.329 2.75539
0.168 5.542 -3.849 2.84282
0.000 7.788 -4.860 5.25590
0.075 5.559 -5.505 3.35094
0.180 6.167 -4.402 2.40665
0.187 4.947 -4.747 3.02084
0.198 2.652 -5.305 2.40848
0.997 1.227 -6.154 2.27454
2.372 -0.354 -6.698 1.29783
0.000 1.695 -6.330 1.11349
0.053 7.788 -4.823 1.82658
0.450 6.904 -3.984 2.69628
0.000 11.822 -1.955 1.38558
0.000 10.649 -2.972 2.80139
0.000 11.105 -4.349 3.33514
0.060 10.633 -4.527 4.29209
0.885 2.703 -7.056 2.18962
0.047 11.095 -4.446 3.39785
0.673 9.076 -3.548 2.11875
0.733 6.996 -2.718 1.36784
0.660 4.395 -3.285 1.54388
0.120 3.230 -5.100 1.50899
4.627 5.430 -3.557 1.15664
0.508 4.343 -4.734 1.36257
0.000 7.534 -3.075 0.84977
2.105 7.430 -3.133 1.15771
0.932 13.040 -3.393 2.34833
1.960 10.579 -4.393 2.29975
0.008 11.461 -2.719 1.27562
0.570 9.417 -2.425 2.05825
0.270 9.479 -4.324 2.75630
0.815 10.054 -3.919 3.44493
0.012 9.978 -3.815 2.65847
1.073 7.998 -3.795 1.79817
0.068 9.883 -4.215 1.76151
0.000 12.348 -2.618 1.56247
1.088 9.894 -3.229 1.71385
3.022 12.772 -3.698 2.19630
0.065 13.841 -1.569 1.23618
0.070 10.150 -1.600 1.32003
0.000 16.690 -0.625 2.01870
0.913 13.393 -1.179 1.62914
0.178 13.063 -1.734 2.05716
3.262 13.179 -1.279 2.34210
19.582 10.215 -1.309 1.93622
0.883 11.284 -1.707 1.20680
0.947 15.896 0.004 1.28652
0.000 15.641 -0.151 1.69567
0.000 13.424 -1.898 2.52474
1.683 16.791 -1.375 3.24101
0.063 14.178 -2.804 3.13744
0.000 14.905 -1.209 2.85213
1.135 11.218 -0.912 1.31681
0.000 13.956 -1.507 1.40654
0.000 15.720 -0.571 2.63437
0.780 12.738 -0.157 2.11313
0.060 12.727 -1.028 1.32812
0.000 16.478 -1.117 1.74667
0.000 2.554 -0.003 2.87987
0.022 13.097 -1.556 2.54899
0.000 13.720 1.507 1.96448
0.000 18.484 3.727 1.93668
0.000 14.760 1.643 1.44197
8.690 17.255 1.755 1.97238
0.540 16.059 1.683 2.37691
1.295 17.457 1.559 1.65920
10.428 14.636 0.746 1.64729
0.500 11.055 -0.278 1.10016
0.000 15.233 0.895 1.16012
0.000 16.411 1.860 2.52759
0.960 14.460 2.009 1.92600
0.660 14.091 0.519 2.65817
0.030 14.751 0.911 2.37407
0.507 18.044 1.426 3.26199
0.000 18.458 1.156 2.58887
0.000 18.807 1.785 2.25969
3.575 18.102 3.019 1.69104
0.455 17.377 3.036 1.82381
0.283 13.845 2.946 1.39229
5.427 16.711 1.913 1.75520
0.383 17.850 2.889 2.70706
0.230 20.684 3.207 2.19935
4.027 19.697 4.442 1.30343
0.170 20.835 3.594 1.86984
0.000 22.048 4.946 1.65427
0.000 20.641 4.148 1.67120
2.717 21.845 5.460 1.73613
3.440 19.584 4.566 1.53624
23.170 20.851 4.510 1.46717
2.480 20.053 4.014 1.55091
3.140 20.481 4.360 1.85003
2.750 19.433 2.854 1.55193
0.312 13.649 1.098 1.68785
0.000 15.350 1.096 1.73985
0.000 17.806 2.004 1.56358
0.780 15.708 2.408 1.96157
3.447 15.707 1.739 2.08215
0.000 15.880 0.804 2.08131
0.287 18.154 1.834 1.33737
0.000 21.974 4.759 1.36609
15.737 19.176 5.531 1.47978
1.273 15.528 4.549 1.00789
5.130 13.184 -0.861 2.02980
0.905 12.369 -1.041 1.47125
0.120 12.707 -0.260 1.84582
0.000 14.824 1.629 1.34559
0.382 16.026 1.732 1.09979
0.240 14.894 1.735 1.26471
3.445 15.551 1.298 1.31532
0.730 15.605 2.528 1.36132
3.270 15.175 3.296 1.20176
0.000 15.079 -0.594 1.89112
0.000 13.853 0.272 1.86577
3.807 17.192 2.603 1.95936
0.085 17.600 1.732 1.93775
0.490 17.119 2.823 1.80115
0.155 17.316 1.267 1.71155
0.450 15.679 2.028 1.53953
2.040 17.210 2.993 1.52851
0.093 16.724 3.639 1.62747
0.000 20.212 4.031 1.91084
2.972 19.041 3.672 1.16575
5.907 18.784 5.403 1.00787
0.320 17.672 3.478 1.14541
0.000 18.605 3.539 1.39212
4.940 16.114 2.413 1.85170
2.995 14.386 2.818 1.06205
0.000 15.566 1.215 1.57392
0.000 16.020 2.113 1.64301
0.000 17.851 1.614 1.26482
0.000 18.121 1.803 1.13924
0.000 19.255 2.736 1.37189
0.585 20.651 4.949 1.37028
20.380 19.341 3.859 1.08099
1.570 18.945 5.637 1.59434
7.145 13.373 3.037 1.25054
7.820 17.044 3.093 1.82915
2.648 16.839 3.261 1.87384
10.472 15.506 0.620 2.31317
6.158 9.612 -0.152 1.54766
6.435 8.479 -0.437 1.31188
0.233 13.429 0.693 0.83378
5.412 14.640 1.799 1.27692
2.793 16.298 3.067 1.83561
1.533 16.017 2.483 1.13921
4.450 16.939 3.314 0.99569
2.897 15.302 3.423 1.06764
18.425 12.913 1.615 1.46939
0.255 14.810 2.491 1.40434
9.975 12.147 1.111 1.66661
2.075 12.148 0.373 1.21595
2.160 11.571 1.715 1.63826
9.940 13.967 1.161 1.61403
0.000 14.553 1.658 1.63905
2.555 15.887 2.423 0.82762
6.580 16.040 3.590 0.75569
1.723 17.120 2.859 1.15394
0.110 16.169 2.811 1.65548
0.670 16.958 2.705 1.10862
4.842 18.137 2.464 1.28188
0.422 16.866 1.702 1.24991
2.440 15.748 2.666 1.51955
0.703 15.140 0.926 1.81107
0.305 13.450 0.725 1.55935
1.665 13.750 1.310 1.23848
0.035 11.752 0.732 1.35667
5.010 10.843 0.849 1.33913
1.790 9.496 0.808 1.47106
1.140 10.488 -0.978 1.50720
1.885 12.668 -1.082 1.24455
0.000 14.404 0.315 1.93389
1.380 14.359 1.034 1.87961
1.330 14.230 -0.064 1.15559
0.000 14.490 -0.343 2.56958
0.000 14.300 -0.421 1.90938
0.000 14.958 -0.946 2.20430
0.000 16.147 -2.650 2.23072
0.000 15.670 -3.939 2.24182
0.000 15.179 -2.920 1.93338
0.000 16.146 -3.113 1.39636
0.068 15.834 -2.292 1.29272
0.060 14.428 -3.248 1.62841
0.000 15.646 -2.208 1.64305
0.000 11.669 -1.654 1.40965
0.000 12.462 -4.655 1.91130
0.000 12.806 -3.899 2.13258
0.382 13.717 -3.266 1.15158
0.015 13.762 -2.871 1.54056
0.048 9.070 -1.875 0.74698
0.193 7.221 -3.748 1.86866
0.633 4.122 -3.607 1.37040
0.558 4.470 -3.898 0.96986
0.000 8.361 -5.057 0.92318
0.050 10.129 -4.646 0.81568
0.705 8.047 -2.666 1.34359
0.175 7.181 -5.300 1.22872
0.000 8.677 -4.971 1.45527
1.700 5.527 -3.714 1.20255
0.240 6.386 -4.736 1.11811
0.000 8.325 -4.660 1.11134
0.325 10.853 -4.865 1.31873
0.000 12.687 -4.770 1.97212
0.572 10.565 -3.347 1.01404
0.000 6.583 -3.062 1.78200
0.130 4.604 -5.841 1.73554
0.000 9.669 -5.859 2.13216
0.000 10.116 -5.159 1.43941
0.000 9.815 -5.111 2.44811
0.000 9.813 -4.954 2.03920
0.000 9.145 -4.908 1.90938
0.193 3.800 -4.786 1.49581
0.000 4.984 -4.066 1.24116
0.163 4.942 -5.052 1.09132
0.000 6.225 -5.696 1.50619
0.248 7.374 -5.717 1.54350
0.062 2.618 -5.917 1.78901
0.000 4.825 -6.111 2.65195
0.000 3.763 -6.349 2.27544
0.000 0.030 -9.147 1.72654
0.000 5.250 -9.230 1.68130
0.000 6.126 -8.309 2.05875
0.000 5.588 -7.884 2.18201
0.038 1.563 -7.416 1.43567
0.000 3.712 -7.548 1.66184
0.000 6.081 -7.437 2.07320
0.000 8.510 -6.599 2.05228
0.000 7.829 -5.820 1.78162
0.000 7.190 -5.755 2.74625
0.093 2.299 -6.398 1.89889
0.235 2.590 -8.736 1.68121
0.000 4.360 -8.955 1.68788
0.000 6.524 -8.045 1.65635
0.000 9.080 -8.059 2.12623
0.000 9.423 -6.634 1.78233
0.000 9.076 -6.753 2.14041
0.000 8.639 -5.873 1.76072
0.098 5.884 -6.547 1.26807
0.000 6.921 -6.852 2.06378
0.000 4.687 -6.693 2.33296
0.032 1.667 -7.282 1.88281
0.000 4.588 -7.553 1.65779
0.000 5.789 -7.660 1.90456
0.000 4.060 -7.675 1.41692
0.150 1.697 -7.338 1.05548
0.247 -1.333 -7.474 1.42674
0.000 -1.443 -12.532 2.33544
0.235 -0.314 -12.036 1.99712
0.000 0.645 -11.398 1.43185
0.000 1.420 -10.726 1.48800
0.000 -0.377 -10.319 1.22069
0.000 0.726 -11.914 2.22281
0.000 3.885 -12.247 2.19899
0.000 3.590 -10.627 2.44796
0.000 0.674 -10.682 2.53161
0.000 -0.514 -11.737 1.79936
0.135 -1.098 -14.696 2.59151
0.000 -3.062 -14.892 2.03756
0.000 -1.287 -15.739 2.61071
0.000 0.510 -15.927 3.30514
0.000 -3.809 -15.022 3.43539
0.097 -6.289 -17.487 2.16160
0.000 -2.917 -17.745 3.14628
0.000 -4.307 -17.109 1.77512
0.000 -2.295 -17.510 2.84870
0.000 0.088 -16.828 2.67880
0.000 0.355 -15.733 2.11019
0.000 -3.685 -15.894 1.89476
0.000 -3.111 -15.186 2.03245
0.000 0.886 -11.000 1.80468
0.000 4.131 -9.317 1.63362
0.000 4.062 -9.807 2.25500
0.320 1.811 -11.769 1.46583
0.000 1.740 -12.026 3.11440
0.000 -3.989 -14.855 1.46811
0.000 -0.661 -15.828 1.55270
0.000 -4.293 -15.925 1.56264
0.000 -4.592 -15.860 2.10790
0.000 0.925 -15.861 2.10809
0.137 -1.756 -15.414 1.80525
0.000 -0.145 -12.877 1.32037
0.130 -0.597 -12.816 1.95667
0.045 -3.714 -14.120 2.95679
0.000 -4.481 -17.668 2.84261
0.000 -0.706 -17.699 2.88899
0.000 2.174 -15.209 2.12389
0.000 1.277 -15.420 1.87354
0.000 -5.359 -15.009 1.66495
0.000 -0.227 -15.270 2.44941
0.000 -6.332 -16.892 2.13862
0.000 -3.144 -17.362 1.84342
0.000 0.748 -17.793 2.04549
0.000 0.421 -17.998 2.88001
0.000 0.611 -16.054 4.60809
0.000 -3.127 -15.767 3.41721
0.000 -4.063 -17.339 2.45067
0.000 -4.307 -17.523 2.13872
0.000 -2.699 -15.993 2.21395
0.095 -4.289 -14.469 2.54343
0.000 -5.891 -14.991 2.39038
0.000 -4.591 -15.344 2.02946
0.168 -6.502 -15.368 1.72610
0.060 -2.066 -15.816 3.00424
0.000 -0.654 -15.834 2.39517
0.000 1.763 -13.231 2.63283
0.000 0.225 -12.759 1.98613
0.000 2.876 -12.808 2.76866
0.000 2.590 -12.207 2.42823
0.000 2.134 -12.051 2.67927
0.000 5.208 -11.055 2.62055
0.065 5.797 -10.412 2.30278
0.000 5.275 -10.507 2.04799
0.000 3.472 -9.317 2.61299
0.000 0.489 -11.868 2.49009
0.032 -3.247 -13.751 1.84785
0.000 1.528 -13.754 4.49142
0.000 0.080 -12.965 3.42371
0.000 3.592 -13.000 3.52863
0.000 3.082 -12.741 3.08173
0.000 3.937 -12.095 2.86341
0.000 5.889 -11.120 3.10250
0.000 5.585 -9.486 3.40163
0.000 6.640 -8.844 3.44156
0.000 5.335 -7.988 3.20519
0.000 8.568 -5.912 3.51123
4.850 5.292 -4.480 3.23003
3.337 3.692 -6.182 3.66222
0.000 0.288 -9.326 3.11663
0.420 -2.746 -11.373 3.04273
0.000 -8.913 -18.656 2.08965
0.000 -3.878 -18.606 1.87458
0.000 -1.207 -15.759 1.63189
0.000 -1.450 -15.107 1.52362
0.000 0.553 -13.748 1.72323
0.000 1.862 -11.888 1.59024
0.370 -1.840 -13.695 1.93443
0.000 4.207 -13.543 2.13779
0.000 2.235 -11.161 2.17312
0.000 2.957 -11.779 1.89566
0.000 4.260 -11.498 2.04060
0.000 3.648 -6.058 2.43972
0.162 1.907 -5.322 2.06211
0.118 0.950 -8.451 1.74691
1.382 4.469 -8.125 2.06497
0.000 4.814 -5.648 2.82172
0.105 6.573 -5.766 2.81621
0.070 7.936 -5.040 3.18719
0.225 6.779 -5.918 4.20606
0.000 4.010 -6.442 4.31813
0.115 2.859 -8.057 4.09875
0.128 1.242 -9.902 2.92734
0.000 6.354 -9.022 1.53598
0.000 6.453 -6.807 1.82232
1.290 6.056 -5.853 1.72385
0.000 1.466 -5.512 2.39609
0.315 3.837 -6.202 2.26520
0.947 0.233 -8.862 3.04089
0.000 0.847 -8.262 3.18953
0.470 7.971 -6.540 3.13817
0.835 8.987 -4.342 2.50175
0.805 11.117 -3.852 3.42696
0.258 9.690 -4.021 4.52112
0.860 6.753 -7.391 3.51431
0.000 9.614 -5.547 2.71659
0.775 5.842 -3.502 1.41579
1.120 6.523 -4.118 1.48923
0.685 10.338 -3.081 2.32885
0.267 13.870 -2.227 1.92309
0.483 13.089 -2.063 2.27057
4.275 7.245 -3.181 1.51970
0.325 12.951 -2.991 2.31052
0.450 5.467 -4.718 1.60294
4.163 3.025 -4.114 1.98870
0.202 9.377 -4.666 2.62733
0.145 10.954 -2.740 2.49162
1.543 8.338 -3.522 1.18754
1.345 7.294 -3.788 1.75196
2.115 6.208 -3.609 2.04201
0.395 5.633 -4.253 2.67916
0.255 4.011 -7.028 2.37858
1.407 8.985 -9.519 2.79530
0.030 5.895 -7.422 2.54146
0.553 9.659 -3.676 1.83280
2.845 7.340 -3.926 1.47983
1.325 13.101 -3.512 2.40245
7.347 7.762 -4.790 1.91233
0.520 10.873 -4.710 2.22682
1.785 6.837 -3.098 1.25637
0.287 5.584 -3.110 1.85824
0.133 3.565 -5.799 2.24353
0.085 9.524 -3.178 1.80489
0.913 11.476 -1.930 1.65413
2.360 4.693 -3.245 1.30257
0.080 4.831 -5.588 1.60613
1.142 4.069 -3.575 1.29677
1.405 4.940 -5.651 1.16954
0.045 11.049 -1.123 1.54658
0.190 12.512 -3.578 1.46918
0.525 14.922 -3.650 1.57905
0.147 15.139 -3.000 1.66684
0.307 13.158 -3.114 2.08157
0.460 13.015 -0.958 1.70562
4.085 11.873 -2.761 2.73853
0.365 11.610 -1.005 1.36864
0.000 14.013 -1.853 2.01516
0.000 16.575 -2.551 1.63686
0.000 18.200 -1.464 2.05005
1.737 15.624 -1.249 3.35491
7.080 10.411 -1.523 2.26076
2.843 8.519 -1.823 1.15781
2.005 7.467 -1.924 2.27725
7.733 12.514 -2.220 1.80434
0.568 9.890 -3.338 2.03029
0.000 13.678 -2.697 1.57117
0.620 15.936 -0.265 2.11671
3.732 10.770 0.192 1.32258
5.615 8.969 -1.108 2.23762
0.000 13.860 -1.735 1.29109
0.113 17.602 0.393 1.85609
0.028 15.557 -1.193 3.03133
0.000 15.619 -2.862 3.48222
0.000 15.334 -0.440 2.88658
0.000 14.821 0.081 1.40234
0.000 16.034 -1.286 3.18984
0.000 14.455 -1.461 3.17225
0.140 16.861 -1.406 2.83138
0.890 15.839 0.844 2.53535
0.162 14.095 -1.337 2.06853
0.000 16.052 0.101 1.75614
0.000 15.472 0.820 1.24143
0.000 18.050 1.466 1.56605
1.080 13.851 0.423 1.80660
0.482 16.401 1.608 1.85125
2.705 16.366 1.232 2.15291
5.447 11.515 1.475 1.19528
4.047 12.044 0.515 1.04079
3.552 15.708 2.964 1.28109
6.160 15.503 2.075 1.40562
10.730 14.890 1.990 1.24043
3.560 14.464 1.094 1.84772
2.470 15.368 2.045 1.56521
0.467 14.573 2.508 1.20892
4.985 17.626 2.820 1.67448
16.927 18.610 4.142 1.77750
1.438 16.817 3.348 1.19317
6.593 17.577 2.808 1.50331
3.080 18.661 3.099 1.28997
0.078 17.253 4.362 1.81497
0.805 18.597 3.499 1.64447
0.428 20.533 3.923 1.66392
0.152 19.923 4.898 1.83706
0.810 17.036 4.003 1.42569
8.397 19.243 3.531 1.59102
2.605 18.896 4.405 0.86084
6.628 19.865 1.882 2.23967
9.547 16.515 1.663 1.25705
2.453 14.647 2.593 1.22958
7.208 12.241 1.752 1.06815
3.725 16.744 3.181 1.08715
0.128 18.386 3.620 1.43143
0.255 18.351 4.544 1.63992
4.005 14.752 4.425 1.53835
15.453 18.502 3.743 1.54205
10.148 17.295 4.346 1.31634
7.402 18.188 5.027 1.05211
2.075 18.779 5.923 1.27410
5.285 18.991 5.100 0.99255
4.238 19.639 4.971 1.43287
6.588 18.735 4.764 1.45997
0.000 15.856 4.562 1.92843
0.000 17.237 3.293 1.07581
2.730 18.432 4.556 1.01620
0.295 18.759 3.089 1.96327
11.565 17.532 4.216 1.32029
3.037 17.051 6.725 0.71012
4.430 18.030 5.203 1.25531
67.058 17.528 3.087 1.59427
3.592 15.048 1.486 1.20215
4.168 17.728 4.101 1.89222
14.877 15.742 4.363 1.01999
8.438 15.700 1.494 1.13216
7.732 14.069 2.444 1.40684
1.580 15.721 2.066 1.62444
0.475 14.641 2.145 1.37807
5.983 13.016 2.314 0.85808
0.000 15.303 2.172 1.26560
0.260 14.999 3.036 1.65843
1.658 14.234 1.886 1.17171
0.375 16.548 2.985 1.00697
7.088 16.326 3.011 1.04839
2.323 16.414 4.004 1.14155
7.920 16.612 3.081 1.04147
0.302 15.746 1.469 1.54805
0.000 17.087 2.770 1.42864
0.000 17.180 3.511 1.33768
0.000 17.202 2.683 1.40043
0.000 16.918 1.645 1.32078
0.602 17.898 3.377 1.16173
0.065 18.804 5.612 1.43901
1.685 18.891 5.818 1.20436
0.000 17.897 4.964 1.50358
0.155 18.763 3.711 1.67935
0.000 18.672 4.933 1.64356
0.187 19.492 4.686 1.22677
0.227 21.341 4.933 1.22570
6.927 20.089 4.760 1.25169
0.000 19.681 4.636 1.47418
0.120 20.524 3.674 1.52790
0.038 21.008 4.963 1.55584
0.045 19.372 5.315 1.49545
0.000 18.474 3.156 1.54507
0.000 19.673 3.840 1.72731
0.130 20.052 4.734 0.97667
0.168 18.671 4.096 1.23073
2.780 19.366 4.972 1.32487
1.967 19.252 2.707 1.54507
0.208 18.590 3.381 1.73325
0.140 17.563 2.979 1.49365
7.303 18.331 3.005 1.60563
15.885 16.115 1.910 1.95395
6.260 17.053 3.204 1.61439
0.260 14.229 3.528 1.84516
8.912 13.354 2.297 1.38179
0.905 12.860 0.956 1.10574
0.705 12.593 2.378 1.43246
11.977 14.110 2.008 1.54714
0.092 14.389 0.511 1.64988
0.000 13.805 -1.363 1.51124
5.038 13.675 0.113 1.58592
0.035 13.248 0.278 1.09285
1.202 12.688 0.816 1.57991
1.213 13.901 1.886 0.90160
5.353 14.089 0.978 0.73294
4.113 15.425 1.297 1.19358
3.067 15.308 2.166 1.35252
0.260 14.944 1.234 1.26983
1.827 10.940 -0.082 0.86680
0.000 11.407 -0.527 1.60223
6.520 11.675 0.133 1.51113
0.698 12.827 0.294 1.76962
2.395 11.914 -0.798 2.62309
2.103 11.588 -0.614 1.66601
2.445 13.033 -0.272 2.15530
0.577 13.473 0.674 1.80292
3.037 10.347 0.926 1.06434
1.038 12.661 -0.602 1.88520
4.175 10.423 -1.081 1.15216
1.925 11.059 -1.507 1.15301
0.000 12.387 -1.827 1.44765
0.000 13.831 -2.285 1.11399
0.000 12.796 -1.961 1.66908
0.060 11.752 -1.949 0.93276
0.000 13.125 -1.173 1.73429
0.160 13.185 -0.106 1.54931
0.000 13.220 -0.050 1.05771
0.000 13.717 -0.679 2.08047
0.992 13.287 -0.514 2.23475
0.000 13.350 -1.145 2.84707
0.153 12.850 -1.394 2.58823
0.780 12.409 -1.913 2.49554
0.310 12.065 -3.009 2.61431
0.470 11.683 -3.518 2.37106
0.000 11.328 -3.516 1.07550
4.955 8.769 -3.354 1.18531
0.000 7.170 -4.674 1.10667
0.043 9.192 -4.879 1.68667
0.123 9.019 -4.961 1.54373
0.000 10.548 -5.419 1.64807
0.000 12.302 -6.017 2.33660
0.000 10.335 -5.749 1.54247
0.000 10.410 -4.864 1.89911
0.000 10.744 -6.027 1.86011
0.000 9.952 -5.874 3.05468
0.000 7.942 -5.810 4.08578
0.000 7.286 -5.783 3.46075
0.000 6.389 -4.879 2.54601
0.000 4.644 -6.077 1.88015
0.275 7.009 -5.934 2.45412
0.130 6.126 -5.462 1.03161
0.000 7.802 -6.866 1.79107
0.000 7.066 -6.931 1.80996
0.000 5.884 -5.709 1.28573
0.090 6.678 -5.767 1.78427
0.010 7.419 -5.797 1.86846
0.000 8.211 -5.337 2.34525
0.000 8.308 -5.396 2.97299
0.015 6.422 -6.294 3.02982
0.000 4.754 -7.412 2.18192
0.000 5.677 -7.705 1.62780
0.000 8.234 -7.424 2.45415
0.000 9.529 -5.331 2.28924
0.000 9.291 -4.311 2.15254
0.000 7.276 -5.258 1.69703
0.000 6.055 -6.673 2.60516
0.000 5.563 -8.420 2.34416
0.000 3.368 -9.403 2.03540
0.000 4.049 -9.557 1.69179
0.000 5.971 -8.712 1.49778
0.000 5.072 -8.554 1.88441
0.000 7.581 -8.662 1.78928
0.000 7.775 -6.683 2.33058
0.000 8.420 -7.733 2.06210
0.000 6.947 -8.156 2.38327
0.000 5.184 -8.709 2.76781
0.000 2.518 -9.233 2.19815
0.000 4.936 -9.324 1.89857
0.252 1.587 -9.796 1.59926
0.000 4.135 -10.159 1.79406
0.000 4.240 -8.977 1.98745
0.000 0.816 -6.605 1.49771
0.000 1.757 -7.418 1.93315
0.000 -2.786 -14.018 2.08744
0.000 -1.067 -14.303 1.89031
0.000 4.617 -11.320 1.16981
0.000 3.202 -9.183 1.75052
0.000 2.968 -10.101 1.93738
0.000 4.280 -10.958 1.67281
0.000 5.452 -11.058 1.56665
0.000 7.374 -10.534 2.10233
0.000 9.156 -10.574 2.00769
0.000 5.441 -9.246 1.64808
0.000 9.601 -8.910 1.96951
0.000 9.494 -8.876 2.26320
0.000 2.832 -11.028 1.89991
0.000 3.579 -12.073 2.11002
0.010 4.102 -12.314 1.90567
0.000 4.792 -8.971 2.14212
0.000 5.529 -9.865 2.04320
0.000 5.017 -10.268 2.75254
0.000 3.040 -10.018 2.00238
0.000 7.064 -11.581 1.99188
0.000 5.295 -11.910 1.99276
0.000 4.640 -10.360 3.10587
0.000 4.735 -9.989 3.20289
0.015 -1.334 -11.957 2.27958
0.000 -7.350 -14.775 1.84561
0.000 1.091 -15.135 2.18424
0.000 0.062 -14.705 2.68996
0.000 2.817 -15.450 2.43058
0.000 0.778 -15.377 2.62028
0.000 -0.604 -14.099 2.71325
0.000 -1.304 -13.956 2.71041
0.145 -0.581 -13.675 2.62020
0.078 -5.147 -13.236 0.87538
0.000 -3.696 -14.305 1.53207
0.000 -3.496 -14.790 1.84331
0.000 -1.114 -15.631 1.80320
0.000 -1.163 -16.660 2.51740
0.000 -1.124 -16.923 2.90937
0.000 -4.182 -16.965 3.38968
0.000 -3.439 -16.708 3.42008
0.000 -2.827 -18.106 3.05757
0.000 -2.219 -18.260 2.54899
0.000 -2.086 -17.982 2.68373
0.000 1.186 -16.131 2.25068
0.805 0.857 -16.213 3.21241
0.057 -0.631 -16.145 3.32591
0.000 1.269 -16.178 2.94019
0.000 2.464 -16.240 2.74209
0.000 1.582 -16.538 2.70855
0.000 1.970 -12.984 2.20873
0.035 4.793 -13.297 2.50582
0.087 2.188 -13.489 2.36576
0.000 0.745 -12.233 2.48323
0.000 5.081 -12.479 1.80404
0.000 6.128 -12.262 2.04044
0.000 6.106 -12.613 3.37940
0.023 -0.316 -12.734 3.22677
0.000 0.202 -14.111 1.81154
0.000 -0.285 -14.327 2.20940
0.010 -4.321 -12.413 1.52358
0.000 -0.405 -12.854 2.67818
0.073 -2.747 -13.076 1.68220
0.000 -1.080 -13.917 2.60926
0.000 5.525 -13.939 2.09611
0.000 7.958 -10.704 2.03667
0.000 7.620 -9.895 3.01964
0.000 1.265 -10.942 2.67117
0.000 3.519 -11.451 2.56989
0.000 5.068 -11.607 3.05814
0.000 1.224 -8.886 3.69379
0.000 -1.746 -13.356 1.53221
0.142 2.283 -13.436 1.64695
0.752 -0.004 -11.149 1.29558
0.025 -1.951 -13.913 1.68284
0.000 -0.364 -14.034 2.09296
0.090 5.449 -13.864 2.16344
0.032 5.532 -8.671 1.99018
0.145 5.767 -8.240 3.37049
0.000 9.176 -8.285 2.92633
0.332 4.044 -5.853 2.37498
0.000 2.750 -5.990 3.65884
0.000 3.393 -5.176 4.31429
0.310 1.286 -10.038 4.54420
0.000 0.535 -11.282 3.70726
0.000 -0.045 -11.158 2.73739
0.000 0.746 -10.107 2.54942
0.000 0.477 -10.152 2.39826
0.000 3.145 -10.092 2.17031
0.000 5.282 -8.805 2.78450
0.000 4.081 -6.003 3.47390
0.000 2.896 -7.389 3.54230
1.023 1.493 -7.044 3.67422
0.655 -0.235 -7.475 2.88826
0.142 -1.604 -9.412 3.65362
0.000 -0.811 -10.083 2.82994
0.000 -1.470 -10.748 2.87953
0.000 -0.021 -11.838 2.63800
2.520 0.380 -10.413 3.53470
0.000 1.722 -9.487 5.24084
0.025 0.813 -11.194 6.53397
0.115 2.149 -12.696 3.81484
0.000 3.382 -11.782 5.02186
0.000 2.413 -9.519 2.79168
0.000 1.805 -8.829 2.39036
0.000 1.614 -9.798 3.40914
0.000 0.275 -9.442 4.54786
0.000 -3.195 -12.692 1.59544
0.000 1.333 -11.696 2.88931
0.205 1.062 -10.753 2.96949
0.000 8.424 -9.834 3.31836
0.147 11.948 -5.662 3.22008
0.275 8.773 -4.040 2.96207
0.362 1.962 -7.073 2.71560
0.080 7.999 -5.386 2.44609
0.000 3.372 -6.997 2.06320
0.037 9.431 -5.794 2.12747
0.915 9.544 -4.947 2.05957
0.167 3.334 -6.392 1.62854
0.005 8.971 -4.299 2.03970
0.113 8.534 -2.769 1.77982
2.350 3.153 -3.998 2.01842
0.375 4.497 -5.766 1.96551
0.590 4.547 -6.219 1.54044
0.000 8.970 -5.857 1.87886
0.267 12.959 -4.300 2.32238
0.090 12.926 -3.625 2.59422
0.000 13.793 -2.292 3.51746
0.368 6.866 -3.618 2.79967
0.032 7.382 -5.125 3.90749
0.255 3.433 -4.853 2.35973
0.290 5.334 -5.568 2.13417
0.207 2.942 -6.881 1.52547
0.000 9.365 -6.047 1.87425
0.292 9.850 -4.146 2.88461
0.060 3.488 -7.589 2.78785
0.000 7.684 -6.009 2.22795
0.000 11.579 -3.738 1.93333
0.892 13.093 -2.392 2.52408
1.457 12.674 -2.846 2.37015
0.000 10.623 -5.005 2.22590
3.135 13.958 -2.404 2.69532
0.000 11.449 -1.627 1.45722
0.353 10.009 -2.063 1.97207
2.010 7.776 -2.568 1.69817
6.155 7.261 -3.535 1.65298
4.402 8.433 -4.032 3.34002
0.000 4.976 -4.021 1.97400
0.145 5.924 -5.570 1.78096
0.000 9.285 -3.621 1.90917
0.175 9.560 -3.611 2.75221
0.395 10.360 -5.047 3.08626
0.058 10.122 -2.474 1.93233
3.577 6.232 -2.514 1.46429
0.868 8.169 -4.130 2.77763
2.238 7.859 -5.801 2.38234
1.797 8.466 -4.260 2.38352
1.377 12.310 -2.689 1.96051
0.080 13.434 -3.130 1.55848
1.977 13.336 -2.515 2.70056
0.575 8.616 -2.123 1.43587
0.000 13.646 -3.494 1.75947
0.890 14.654 -2.589 2.75624
0.543 9.356 -3.986 1.68006
0.000 9.790 -0.976 1.51947
0.000 15.135 -2.458 1.51145
0.000 16.401 0.540 2.15160
4.205 14.282 -0.297 1.21381
0.098 13.435 -0.253 1.62092
0.000 14.238 1.235 1.48125
0.120 16.386 0.523 2.20466
0.592 14.790 1.204 1.22717
0.000 17.572 1.972 2.56225
1.130 12.381 -0.259 1.75153
0.102 10.725 -0.336 1.35296
0.000 15.242 0.769 1.26958
0.243 10.699 -0.849 1.80962
0.000 16.557 0.141 3.05154
0.000 14.821 2.730 1.25248
1.555 12.663 1.585 1.84197
0.200 15.957 0.531 2.76803
0.000 15.875 1.011 2.35766
0.100 12.871 -0.286 2.64393
9.137 10.864 -0.409 2.63359
1.040 11.508 -2.736 2.59744
2.007 11.172 -2.925 2.95509
0.000 14.375 -1.096 1.44341
0.000 18.358 -0.359 3.11863
0.055 17.278 0.847 2.42264
0.170 15.277 1.574 1.34774
0.000 18.816 2.120 2.59622
0.138 18.462 2.233 2.46443
0.385 12.981 2.503 2.05872
0.063 19.218 3.301 2.14336
0.035 18.671 3.072 2.15150
0.000 17.624 3.222 1.65433
0.027 17.861 2.938 1.79975
2.002 19.270 2.286 2.11508
10.815 17.067 2.431 1.74361
2.185 15.755 1.693 1.13774
0.467 15.422 2.361 1.25134
4.033 13.731 3.110 1.20837
4.393 17.894 2.514 1.47786
0.083 18.289 3.918 1.71446
5.220 15.532 4.284 1.88260
5.922 14.962 1.405 1.54123
0.123 16.322 1.427 1.61376
3.462 19.832 3.980 1.19177
1.000 17.160 4.381 1.50044
27.775 14.946 3.289 1.07155
8.868 12.008 2.067 1.05823
5.258 17.275 3.954 1.69539
19.372 16.968 4.831 1.72700
5.850 17.648 3.634 1.46027
1.990 14.181 2.856 2.20258
0.308 11.905 2.486 1.38809
5.032 17.624 3.581 1.33478
11.172 18.441 4.062 1.30458
8.963 11.533 1.514 1.85572
0.000 13.899 1.864 1.94913
0.198 13.736 1.262 1.73694
0.148 11.800 1.645 1.47765
3.632 14.059 1.841 1.05979
0.000 15.785 2.126 1.37792
0.000 16.600 2.864 1.54635
0.970 18.572 4.468 1.29208
1.105 16.736 4.293 1.45993
0.000 16.892 2.980 1.40825
0.545 17.655 3.761 1.12448
0.010 19.137 5.087 1.28830
0.060 17.170 4.133 1.60120
3.060 17.994 3.857 1.40269
0.702 18.095 2.999 1.54793
4.002 17.885 3.429 1.30762
3.653 16.956 2.100 1.30613
2.965 17.340 2.039 1.37654
1.693 16.594 2.922 1.80038
4.958 18.587 4.174 0.97503
7.850 15.357 3.550 1.39515
3.730 17.774 4.670 1.06920
0.270 18.106 3.942 1.42667
0.290 20.217 5.708 0.83285
5.373 20.257 5.770 0.95866
0.413 20.017 5.189 1.15920
0.000 19.632 5.652 0.86098
0.787 20.380 5.361 1.40954
0.290 21.253 6.115 1.39531
1.370 20.160 7.006 1.16299
2.445 17.069 5.037 1.17715
0.535 18.220 4.012 1.37800
25.632 14.775 1.166 1.38849
3.673 13.623 0.787 2.03237
4.957 15.154 2.254 1.24635
1.150 16.364 3.715 1.37134
6.705 12.516 2.240 1.37655
6.390 14.538 3.230 1.30924
1.617 17.941 4.095 1.31174
0.510 18.034 2.614 1.40884
2.965 17.765 4.082 1.70424
0.000 14.791 2.612 1.76785
0.010 18.288 3.681 1.13385
0.400 18.385 3.410 1.27539
0.000 19.130 2.829 1.92365
0.000 18.995 3.057 1.40321
0.000 19.376 4.492 1.69212
1.170 18.047 4.413 0.98731
0.125 17.963 2.642 1.68513
0.640 17.638 2.803 1.53064
6.335 18.061 4.458 1.22804
3.825 17.785 3.377 1.34841
4.785 18.433 4.767 1.08168
4.320 18.111 2.824 1.68369
0.747 16.671 3.431 1.52466
1.485 17.314 1.587 1.66307
0.732 17.152 2.921 1.97670
0.320 17.599 2.014 2.25538
0.143 16.695 2.895 1.99463
3.735 11.960 1.647 1.27087
0.140 15.663 1.745 1.19626
0.000 16.984 1.305 1.81617
0.273 17.906 3.632 1.61382
3.662 12.083 -1.082 1.43728
0.000 13.413 -0.016 1.32810
1.760 14.119 0.490 1.26319
3.400 16.127 1.038 1.51529
0.492 15.651 2.167 1.14891
4.580 16.637 2.409 0.91621
0.390 18.470 3.011 1.01437
1.778 18.016 2.669 1.26577
5.335 17.702 3.034 1.43527
0.200 16.446 1.026 1.81681
8.262 17.095 2.367 1.02482
3.168 14.922 3.002 1.62415
3.618 11.860 2.010 1.41946
0.717 16.218 0.931 1.67885
0.892 17.503 0.672 1.95022
0.000 18.578 1.028 1.61130
0.000 18.132 0.402 1.65285
0.000 18.739 1.284 1.55436
0.350 15.744 0.651 1.23671
0.000 16.486 0.753 1.84248
0.000 14.530 1.065 1.85624
1.565 16.331 1.142 2.27117
0.745 14.291 1.326 1.07992
2.600 15.235 -0.138 2.31094
0.868 15.081 0.315 2.43270
0.173 9.912 -3.576 1.44899
0.000 15.878 -3.082 1.54181
0.000 17.163 -2.756 1.69673
0.000 16.779 -2.156 1.69886
0.045 15.982 -2.279 2.28837
0.465 15.306 -1.332 2.20351
0.060 14.103 0.534 2.06701
0.533 13.420 -0.331 2.34939
0.000 14.337 -0.848 2.18775
0.000 13.730 -0.632 1.99996
0.218 11.614 -2.917 1.85074
0.000 13.505 -4.622 2.88965
0.000 12.982 -4.289 3.08825
0.000 12.146 -5.023 1.61563
0.000 14.223 -4.874 1.40702
0.000 14.733 -4.498 1.82789
0.000 15.224 -4.359 2.12043
7.100 7.831 -3.541 1.47334
1.230 8.058 -3.638 1.48799
0.040 11.587 -4.315 3.04892
0.668 9.183 -5.204 3.48492
0.000 7.733 -4.886 2.28439
0.000 5.845 -5.058 1.29240
0.000 9.099 -5.173 1.44798
0.000 10.369 -4.929 1.88409
0.000 9.004 -5.641 2.48034
0.223 6.428 -5.317 1.67466
1.742 4.752 -6.074 1.73625
0.317 2.584 -6.130 1.02060
0.000 1.794 -6.957 1.09790
0.000 1.232 -7.303 0.74160
0.000 2.435 -7.839 0.85772
0.197 4.071 -7.862 1.19949
1.950 3.933 -6.622 1.34198
0.138 5.241 -7.335 1.61717
1.065 6.008 -9.443 2.57881
0.000 4.921 -9.637 2.23482
0.000 5.338 -9.519 2.64265
0.000 4.532 -8.718 1.85629
0.077 5.849 -6.098 1.95117
0.000 7.238 -5.809 2.03093
0.000 8.400 -5.830 1.98377
0.020 9.942 -6.025 2.19752
0.000 9.382 -5.730 2.02889
0.000 9.210 -5.394 2.22035
0.000 9.039 -5.801 2.33155
0.000 7.831 -6.050 2.65650
0.000 6.549 -6.378 3.00529
0.000 5.919 -6.913 3.00224
0.000 5.890 -8.197 4.02884
0.115 1.772 -8.743 3.06709
0.000 -2.167 -11.566 1.65591
0.000 0.754 -12.342 1.85660
0.000 3.204 -12.604 2.81753
0.000 1.496 -9.968 1.58597
0.185 -2.048 -10.517 1.85687
0.005 0.203 -10.856 1.88199
0.000 0.224 -9.661 1.61972
0.003 0.861 -10.393 1.74189
0.000 3.109 -11.265 2.13336
0.000 4.290 -11.390 1.84050
0.000 6.962 -9.693 2.12844
0.000 8.705 -8.359 2.28424
0.000 9.511 -6.649 1.95811
0.000 10.281 -4.957 2.22265
0.000 6.393 -8.015 2.54428
0.000 4.307 -8.839 2.13378
0.000 6.894 -9.638 1.57710
0.000 7.038 -10.434 1.75833
0.000 7.994 -10.625 2.61796
0.000 4.458 -10.555 2.20464
0.000 5.932 -10.890 2.32276
0.000 5.030 -9.985 1.97830
0.000 6.082 -10.418 2.39313
0.000 5.412 -10.182 2.50573
0.000 3.471 -10.423 2.04938
0.000 2.785 -10.057 1.98786
0.000 4.960 -10.446 1.37128
0.000 5.994 -10.290 1.62243
0.000 6.130 -8.346 2.11539
0.037 2.728 -10.190 1.97937
0.200 2.965 -11.308 1.87666
0.000 3.944 -12.500 2.50710
0.000 1.464 -12.699 2.37415
0.000 -0.165 -12.876 1.79860
0.000 5.034 -13.597 2.05615
0.000 4.236 -13.683 2.18660
0.000 2.669 -13.100 2.55894
0.000 0.847 -14.531 3.05236
0.000 1.515 -14.717 3.38265
0.000 -1.459 -13.847 4.01031
0.000 -2.237 -14.456 3.80583
0.000 -1.624 -15.793 2.09324
0.000 -0.377 -16.184 3.73592
0.000 -4.062 -16.079 4.16869
0.000 -4.358 -15.710 2.66813
0.000 -3.508 -15.570 2.70548
0.000 0.766 -14.959 2.79681
0.000 3.229 -13.098 3.03721
0.000 3.209 -11.963 2.86676
0.000 8.286 -10.831 2.47323
0.000 6.281 -9.875 1.83600
0.000 4.158 -11.109 1.93884
0.000 3.672 -13.499 3.71947
0.000 1.496 -14.186 2.67862
0.000 5.612 -14.314 2.69553
0.000 6.541 -13.307 2.55599
0.000 6.055 -10.369 2.01811
0.000 4.472 -13.713 2.97466
0.000 -0.381 -13.595 2.21710
0.000 4.702 -13.711 2.25944
0.000 9.017 -11.175 2.23236
0.000 3.663 -11.316 4.97615
0.000 -0.961 -14.849 2.45980
0.000 -0.111 -16.109 4.18852
0.000 -4.133 -17.465 3.70520
0.000 -0.530 -17.624 2.54724
0.000 2.051 -16.783 2.74099
0.000 4.012 -14.570 3.35706
0.000 3.661 -13.140 3.29521
0.000 6.832 -13.239 2.83298
0.000 2.999 -9.003 2.89626
0.018 3.912 -8.124 4.35161
0.557 1.866 -11.202 3.28873
0.000 4.494 -11.025 2.94435
0.000 5.927 -9.508 3.75938
0.022 4.390 -6.612 3.75491
0.143 1.079 -8.068 3.64706
0.000 -0.527 -9.132 4.15562
0.000 -3.619 -12.193 1.95998
0.000 2.061 -12.263 2.30575
0.000 1.987 -12.358 2.22071
0.000 5.019 -12.501 4.02076
0.100 2.348 -9.481 4.06596
0.000 -0.308 -13.474 2.92382
0.000 5.071 -13.560 3.87363
0.000 2.259 -10.604 5.31146
0.000 0.238 -12.521 5.43072
0.000 1.575 -13.309 4.66926
0.000 2.782 -13.631 3.39244
0.060 1.628 -13.569 2.25244
0.052 -0.550 -10.226 1.66786
0.098 1.426 -10.361 2.87488
0.000 0.658 -11.562 2.91780
0.000 3.263 -11.572 1.87515
0.000 -0.935 -12.245 1.76273
0.000 4.069 -12.163 2.86403
0.000 8.292 -9.049 3.27278
0.000 6.295 -6.422 2.43312
0.000 5.974 -5.563 2.38300
2.040 4.650 -7.759 2.95138
0.100 5.819 -7.353 2.40849
0.660 3.838 -5.796 3.63835
0.000 0.680 -7.696 4.94276
0.415 -2.639 -13.220 2.33663
0.115 0.151 -12.858 2.06587
0.162 2.199 -10.108 2.32478
0.807 -1.405 -7.913 1.51211
0.113 0.078 -11.514 1.34354
0.010 1.321 -11.697 1.70352
0.558 3.092 -11.197 2.01090
0.000 2.902 -8.183 1.62284
0.000 6.527 -7.568 2.13951
0.360 4.624 -5.363 3.49748
0.000 2.117 -7.639 3.78778
0.500 1.889 -10.626 2.82702
0.095 3.009 -9.554 2.75090
0.457 5.896 -7.763 2.09562
0.317 3.840 -5.734 1.42257
0.315 3.282 -4.789 1.89803
1.425 2.164 -7.289 2.32269
0.000 7.314 -6.268 2.35713
0.000 8.561 -4.953 1.90853
2.438 1.289 -6.101 1.70428
0.000 0.949 -8.751 1.63629
0.172 6.344 -7.667 1.52983
0.000 8.373 -5.384 2.33317
0.095 4.346 -6.288 1.86490
1.060 6.145 -5.522 1.65066
0.235 3.324 -6.393 1.08258
0.275 7.657 -4.851 1.32191
0.000 9.655 -5.291 0.86170
0.000 9.632 -4.435 2.11019
1.150 5.356 -6.213 2.42796
0.000 3.382 -6.757 1.69233
0.000 8.509 -5.990 2.56751
0.135 10.363 -3.873 1.63561
1.200 7.688 -4.292 1.37614
0.000 12.334 -4.011 1.93160
0.000 9.233 -3.940 2.17352
0.227 10.256 -2.894 2.40612
0.000 11.366 -3.792 4.84927
2.807 3.588 -4.913 2.05101
0.000 5.466 -5.307 2.03919
0.000 8.660 -5.357 1.24081
0.565 11.180 -3.807 1.33390
0.267 12.520 -2.921 2.35924
0.130 13.015 -4.471 2.64623
0.048 12.144 -2.785 1.96141
0.720 9.298 -2.313 1.39486
0.240 11.771 -2.702 2.34111
0.000 13.506 -3.355 1.73237
0.000 14.301 -4.134 3.05092
3.042 6.221 -4.679 1.42438
0.582 5.370 -6.212 1.40639
0.310 9.616 -5.417 2.50854
1.090 11.159 -4.369 1.71102
0.213 10.962 -4.030 2.80105
0.110 11.007 -2.040 1.85031
5.083 7.851 -3.611 1.27561
0.723 7.362 -3.502 1.67554
0.675 7.728 -4.663 2.10239
1.513 13.226 -2.164 2.76757
3.982 9.827 -2.819 2.61505
0.000 11.989 -3.775 2.06226
0.177 14.886 -2.444 2.55026
0.000 12.647 -3.656 1.70568
1.235 9.347 -4.249 2.73602
0.000 12.126 -4.701 2.90152
2.185 6.065 -4.330 1.82531
0.040 5.840 -2.501 1.93391
0.000 7.174 -5.054 1.70494
0.000 14.364 -3.815 1.85325
0.000 17.152 -0.919 2.18436
0.485 14.837 -1.307 1.72285
0.785 14.207 -1.652 1.54356
0.000 17.267 0.164 1.99314
0.315 17.020 0.179 1.52358
0.490 18.178 0.390 1.83813
0.310 20.402 2.618 1.15177
0.000 18.478 1.343 1.62693
0.000 20.417 1.719 2.75786
0.000 17.970 1.377 2.83982
0.000 16.576 2.223 1.86349
0.018 12.992 0.591 1.80830
0.280 18.100 0.607 3.76376
1.375 16.051 -2.192 3.85009
1.895 15.104 -0.614 2.51319
1.595 13.423 -0.854 2.05547
0.067 17.005 0.743 2.86613
1.285 13.591 1.028 0.97340
0.012 15.297 0.394 1.88863
2.807 17.452 -0.694 2.95739
0.033 9.914 -1.217 1.62550
0.000 16.290 1.428 1.47847
0.000 18.936 0.528 1.55183
1.278 13.880 -1.579 2.60662
0.000 16.227 0.564 1.81939
0.000 17.590 1.095 1.99257
0.000 14.384 3.876 1.26874
0.288 12.907 2.224 1.59494
0.163 17.513 2.800 1.87599
1.880 17.883 3.179 1.69397
3.677 17.053 1.917 2.07209
0.155 18.035 2.233 2.36990
0.038 15.915 0.485 1.65165
0.000 17.853 3.107 2.41234
0.000 19.136 4.213 1.61471
2.197 20.879 5.374 1.34587
0.213 20.760 4.512 1.54529
0.438 21.307 5.537 1.17789
1.238 18.430 4.174 1.55589
3.775 19.487 4.052 1.31246
0.622 19.069 3.776 1.35847
2.227 22.186 4.331 1.05699
6.453 19.033 3.527 1.62654
7.055 20.749 4.598 1.81627
7.065 19.892 5.426 1.26999
9.760 17.879 4.625 1.07806
1.397 19.914 5.412 1.62470
1.372 22.276 5.206 1.84261
1.960 18.510 3.070 1.85861
0.050 17.110 3.222 1.89749
0.000 18.884 4.294 1.68331
0.005 22.327 6.432 1.08706
6.515 20.719 5.934 1.51971
8.317 19.404 6.524 1.42453
2.973 16.660 5.654 1.39633
14.790 20.089 5.957 1.43812
2.493 17.657 3.903 1.37020
18.290 18.050 2.482 1.15462
3.068 16.305 3.908 1.24872
1.198 18.030 5.364 1.37914
5.100 19.967 5.266 1.31814
0.350 17.095 4.292 1.48465
1.047 17.874 4.124 1.71285
0.245 17.303 3.074 2.16901
0.570 19.135 4.276 1.96391
7.857 18.933 5.661 1.37557
5.500 18.827 4.009 1.13892
7.927 18.522 4.715 1.62323
7.230 17.929 4.252 1.81158
0.000 17.088 2.952 2.07079
0.000 16.122 3.717 1.70328
0.977 17.653 3.564 1.45222
5.395 19.518 5.230 1.30122
0.872 19.713 3.975 1.02967
18.722 17.357 4.191 0.82616
13.105 15.168 4.148 1.20017
9.647 14.385 2.117 1.13646
10.527 13.989 2.723 1.80599
2.068 15.023 2.997 1.80582
6.442 15.777 3.304 1.39445
11.170 17.077 3.890 1.28102
8.253 17.621 3.508 1.77634
2.027 15.165 2.661 1.25558
0.043 16.902 3.590 1.33121
1.753 17.058 3.090 0.88472
0.273 17.755 3.823 1.32177
2.850 16.498 5.076 0.86315
14.907 15.311 4.414 1.01068
3.258 16.210 5.171 1.31166
1.700 14.520 3.416 1.39599
0.232 15.292 3.885 1.05542
1.457 16.098 3.567 1.37734
5.372 16.073 2.865 1.31495
0.752 16.662 4.278 1.30920
0.532 16.607 4.123 1.54166
0.177 16.676 4.571 1.05938
0.382 17.847 5.087 0.67674
5.245 16.439 3.196 1.18960
0.355 16.239 3.448 1.79955
1.332 15.369 4.138 1.37243
3.537 16.879 2.816 1.09090
6.807 17.607 4.074 1.32132
9.452 16.222 3.707 1.09767
4.078 17.919 4.071 1.44375
9.385 17.071 4.316 1.11255
16.752 17.411 4.749 1.15265
1.908 17.932 4.678 0.93725
19.632 17.116 5.443 1.22519
0.725 17.894 5.638 1.14710
2.025 18.064 5.116 1.07788
2.772 17.405 4.480 0.97192
8.032 17.875 4.429 1.53972
0.090 19.141 5.285 1.13310
0.120 18.391 5.715 0.79616
3.170 15.682 4.117 0.99947
18.490 16.584 5.299 1.04809
1.930 15.933 2.682 1.11743
4.663 16.632 1.860 1.92192
9.135 15.918 1.963 1.55486
2.290 12.112 0.224 1.55499
5.000 10.996 0.715 1.49865
6.618 9.831 0.735 1.30498
0.173 12.337 -0.750 2.21398
0.000 13.817 0.147 1.39506
0.000 14.471 -1.234 1.66209
0.000 15.881 0.160 1.48552
0.040 15.867 0.607 1.46973
0.048 15.855 1.545 1.44192
0.535 13.666 2.175 1.09729
3.465 11.025 1.201 0.95639
0.000 10.653 -0.385 0.95804
5.682 14.410 -0.109 1.45956
12.132 15.460 0.516 1.73252
0.180 14.673 -0.269 1.40444
9.362 14.652 0.721 1.09505
10.563 12.041 1.455 1.19108
0.448 12.269 0.817 0.76936
0.843 12.083 -0.050 1.31477
0.168 10.687 -0.936 1.29899
3.222 10.404 -2.571 1.65069
4.333 11.964 -2.128 1.97332
1.657 7.156 -2.800 1.00964
3.865 9.439 -3.535 1.86115
1.035 9.990 -3.295 2.32739
0.045 9.405 -4.738 2.21929
0.250 7.932 -5.319 2.76294
0.390 6.756 -4.068 2.12208
2.525 2.780 -6.912 1.01507
0.433 6.409 -6.405 1.56929
2.023 6.002 -4.268 1.62340
0.338 9.523 -3.326 2.26279
2.522 6.957 -4.020 1.63569
1.820 6.470 -4.404 2.17077
0.118 2.532 -6.958 1.57955
0.887 7.012 -6.731 1.68323
0.075 8.477 -4.872 1.80174
0.417 7.148 -3.697 2.04095
0.350 6.442 -5.080 1.71693
0.297 7.301 -4.964 2.31025
0.000 5.745 -4.045 1.55159
0.877 6.483 -6.627 2.73806
0.050 5.376 -6.574 3.07381
0.000 5.221 -6.806 2.84292
0.235 5.036 -7.053 1.71979
0.000 5.700 -7.670 2.17915
0.000 6.317 -7.713 2.14966
0.002 6.776 -6.704 1.82309
0.290 4.310 -9.382 2.15521
0.125 0.866 -9.545 1.44836
0.000 4.229 -8.875 0.77183
0.000 5.244 -6.792 0.79358
0.242 6.162 -6.778 1.89321
0.075 5.351 -6.563 1.70394
0.090 4.453 -6.284 2.47821
0.073 3.936 -7.807 2.84001
0.000 2.333 -8.801 3.95660
0.000 -3.428 -15.023 2.63497
0.000 3.225 -15.085 1.56358
0.000 4.759 -12.368 2.02778
0.000 3.890 -10.880 1.63172
0.052 -0.466 -10.826 1.61601
0.000 2.589 -10.186 1.77976
0.000 3.769 -9.162 2.75581
0.000 0.506 -8.336 1.67434
0.000 1.372 -8.410 2.70796
0.007 0.990 -8.658 3.02535
0.490 0.872 -10.674 4.05502
0.050 -0.111 -12.031 2.06465
0.000 1.448 -12.029 1.88347
0.000 2.002 -9.288 1.75646
0.000 0.589 -12.219 2.01298
0.000 0.617 -12.524 1.92501
0.000 5.314 -12.600 2.01987
0.000 -0.230 -12.772 1.98023
0.000 2.206 -13.051 1.71976
0.275 4.112 -12.932 2.47863
0.000 0.428 -12.391 2.28423
0.000 4.832 -12.509 1.62396
0.330 6.212 -11.155 1.72004
0.045 3.780 -11.820 1.67148
0.000 -1.195 -15.064 2.11294
0.000 1.237 -15.230 2.72288
0.000 -4.451 -13.482 1.51798
0.000 1.769 -13.634 2.40453
0.000 2.247 -12.525 1.45693
0.000 1.677 -12.607 3.38976
0.000 -0.223 -13.980 3.85115
0.000 -1.278 -16.085 2.32303
0.000 -0.101 -16.332 2.48427
0.000 -0.580 -16.172 1.94684
0.000 -1.481 -16.782 2.47038
0.000 -2.618 -16.981 2.34625
0.000 -0.644 -17.280 2.39440
0.000 -0.018 -16.116 2.92618
0.000 0.150 -11.437 2.15483
0.000 -0.539 -13.267 1.84076
0.010 1.833 -13.512 1.53836
1.687 -0.972 -9.453 1.55366
0.113 -2.482 -17.954 2.03089
0.000 1.428 -18.053 2.46666
0.000 -0.035 -17.652 2.64970
0.000 -1.093 -16.383 1.95469
0.000 1.633 -16.664 2.34125
0.000 2.323 -16.098 2.38372
0.000 1.337 -15.519 2.44066
0.000 1.209 -14.599 2.46374
0.143 0.287 -17.748 4.46703
0.000 -3.633 -18.008 3.84912
0.000 -7.887 -19.217 2.12201
0.000 -4.696 -19.401 2.12977
0.000 -1.968 -18.964 1.73133
0.160 -3.857 -16.045 1.70823
0.000 -0.794 -19.164 2.06189
0.000 -4.679 -19.328 2.71106
0.000 -5.930 -17.471 2.39615
0.000 0.276 -17.883 2.35519
0.000 -0.936 -18.040 3.22854
0.000 -1.141 -17.227 3.51327
0.000 -3.564 -17.361 2.98315
0.000 -4.072 -16.924 2.22345
0.000 -4.846 -16.586 2.08851
0.000 -2.369 -16.723 2.25169
0.000 -0.124 -17.375 2.41929
0.000 0.763 -17.582 3.22831
0.000 -0.901 -16.585 3.31060
0.000 -8.121 -19.147 1.96655
0.000 -3.035 -19.254 2.08304
0.000 0.551 -17.825 3.23448
0.000 -3.134 -17.993 3.34936
0.000 -2.948 -17.695 2.67956
0.000 -2.090 -17.535 2.09724
0.040 0.202 -14.703 2.36773
0.000 -0.577 -15.345 1.77624
0.000 -0.747 -15.918 1.95609
0.000 0.050 -16.056 2.32303
0.125 2.590 -15.852 2.71104
0.000 0.028 -14.255 2.93859
0.000 1.193 -14.033 3.89165
0.000 -1.372 -14.938 4.15258
0.000 -3.093 -15.164 4.65989
0.000 -5.241 -16.280 2.98235
0.000 2.664 -16.406 2.18468
0.000 2.283 -15.607 3.78155
0.000 -1.492 -14.512 4.19855
0.000 -1.635 -13.789 3.21746
0.475 -2.224 -15.341 2.87599
0.000 2.077 -15.313 3.16951
0.265 2.365 -14.367 2.65355
0.000 4.086 -12.929 2.94996
0.000 4.185 -11.923 3.74563
0.000 3.009 -10.759 6.73663
0.000 -6.056 -16.639 1.92835
0.000 1.429 -16.681 3.20039
0.000 0.010 -14.822 2.94327
0.000 1.640 -14.790 2.58327
0.000 1.690 -14.823 2.27286
0.002 1.178 -11.475 2.93284
0.000 0.997 -11.135 4.67095
3.075 -2.125 -13.566 4.03531
0.007 -0.564 -13.738 3.00358
0.000 -1.624 -13.638 2.97438
0.000 -0.505 -14.255 3.54071
0.000 3.691 -14.147 2.54335
0.000 4.565 -11.839 2.51051
0.000 1.528 -8.726 3.31225
0.987 0.533 -12.091 3.09149
0.000 0.863 -11.983 5.58929
0.000 -1.875 -11.392 4.88038
0.420 -1.300 -11.852 4.01822
0.007 0.387 -11.421 5.73142
0.000 -3.031 -15.137 3.43230
0.000 -2.255 -14.965 3.25436
0.000 3.960 -14.204 2.48758
0.000 0.002 -12.172 2.47253
0.000 -1.428 -14.093 2.55528
0.000 0.327 -13.743 3.49939
0.000 -0.170 -11.911 3.70590
0.018 -0.559 -11.129 2.70841
0.000 -0.405 -10.047 1.88652
0.000 1.423 -8.844 2.07935
0.000 4.408 -8.047 2.36950
0.000 3.971 -7.442 2.81747
1.035 5.416 -7.133 3.11812
0.000 9.659 -6.573 2.92532
0.058 8.075 -4.170 4.16781
0.005 3.687 -6.470 4.74847
0.057 2.617 -7.876 2.72777
0.000 5.103 -7.438 4.20579
1.960 1.471 -7.659 2.76934
0.000 2.402 -8.340 3.28652
0.000 1.857 -8.350 2.41809
0.080 2.746 -6.858 2.80432
0.057 1.457 -8.980 2.69121
0.000 2.099 -8.549 2.89853
0.000 5.542 -6.944 3.50697
0.060 5.699 -5.150 5.24656
0.755 3.343 -9.605 3.40661
0.000 3.567 -8.391 2.07789
0.062 7.386 -5.405 1.75130
0.278 9.942 -4.285 2.35915
2.808 5.041 -3.707 2.20845
0.525 6.235 -5.576 3.42308
0.742 2.259 -6.171 2.79201
0.110 0.579 -7.243 1.33890
0.575 1.778 -8.054 2.25227
0.000 1.187 -9.238 2.29515
0.000 6.368 -7.775 1.62630
0.138 9.346 -5.114 3.19737
1.990 6.941 -5.734 2.33210
0.413 8.598 -4.254 1.35863
0.103 6.297 -4.681 2.26337
0.238 10.802 -5.388 1.84861
0.000 10.293 -4.407 2.46738
0.000 13.550 -2.042 2.60183
0.063 11.715 -3.577 1.91002
1.925 9.811 -3.534 1.38987
0.005 11.083 -4.009 1.66280
0.000 12.367 -3.519 1.87648
0.000 12.894 -3.969 2.26274
1.230 10.451 -4.451 2.27913
0.137 12.102 -5.476 2.56997
0.545 9.076 -4.459 2.01638
0.790 8.647 -4.101 1.24575
1.135 8.527 -4.613 1.37654
0.002 11.827 -1.959 1.77270
0.000 14.138 -3.296 0.82666
0.000 16.034 -1.401 2.33661
0.000 15.413 -1.579 1.76791
0.000 12.917 -0.554 1.58707
0.495 12.186 -2.124 1.77835
0.512 12.284 -1.457 1.67227
0.817 12.483 -2.084 2.44247
0.028 11.626 -2.300 1.87014
0.000 13.316 -0.893 2.19737
0.535 16.576 -1.267 3.91476
0.000 18.162 -3.322 3.49971
0.330 15.348 -4.436 4.30214
0.000 13.663 -2.477 2.47357
2.538 14.710 -1.337 3.18431
1.910 11.732 -2.497 1.73457
0.968 13.126 -1.804 2.37843
3.787 13.473 -1.355 2.92086
0.185 9.379 -2.191 1.82997
0.120 9.678 -3.667 3.20286
0.700 9.819 -2.809 1.37848
0.063 13.906 -3.044 2.36715
0.000 15.824 -1.129 2.16298
0.000 15.038 -0.355 2.51485
0.000 15.710 -0.518 1.49908
0.000 17.405 -3.041 3.10073
0.000 15.226 -0.071 2.06531
1.022 11.796 -0.940 0.92691
0.465 13.391 0.303 1.55769
6.183 11.940 -0.679 1.78124
3.337 13.131 -1.257 1.25166
0.000 16.987 -0.494 1.56760
0.000 17.575 -1.010 2.87637
0.105 16.267 -0.389 1.85817
0.000 18.002 -0.153 2.38318
0.000 16.794 0.822 2.38870
0.268 14.334 0.086 2.30800
3.408 10.859 -1.989 2.06641
0.810 10.369 -2.173 1.56301
1.785 14.794 -1.137 1.42801
0.000 17.600 -0.401 2.10204
1.867 13.948 -0.015 2.24133
0.000 13.128 0.550 1.27268
0.110 20.041 3.849 1.50116
0.982 15.431 2.198 1.55616
2.143 17.924 2.067 2.70434
0.283 16.001 -0.445 2.26920
0.045 18.772 -0.339 3.39298
1.215 17.200 2.360 1.33540
0.000 18.007 1.006 1.46824
0.000 21.580 3.380 2.14698
0.000 17.553 3.220 1.90783
0.752 16.765 4.009 1.89233
2.000 19.826 2.598 2.17341
0.058 20.156 1.003 2.75030
0.000 20.430 0.284 3.24536
0.000 20.797 2.396 3.18666
0.000 19.378 1.157 2.57551
0.000 22.320 4.220 2.11303
0.190 21.721 4.347 1.76467
1.425 21.678 5.371 1.67361
1.748 22.032 7.429 1.26058
4.422 20.050 5.221 1.12858
2.690 20.932 3.956 2.17545
0.000 20.807 4.624 2.11536
0.358 21.619 4.320 1.81032
0.000 20.804 3.337 1.63122
2.153 20.693 5.325 1.04792
0.083 23.431 5.206 1.85443
0.000 20.634 5.295 1.37915
16.180 21.277 6.211 1.30454
8.085 17.271 5.718 1.11283
4.850 18.444 4.479 1.31238
0.000 17.867 3.930 2.65630
2.267 17.534 2.628 2.42476
0.632 16.260 2.822 1.42815
0.780 20.216 4.284 1.28150
9.317 15.919 1.441 2.53548
7.065 12.457 1.537 1.27673
6.405 14.639 1.974 1.65904
3.755 13.508 1.179 1.49743
0.205 15.933 1.722 1.83025
2.872 15.420 2.758 2.41733
0.000 19.093 3.096 2.23096
0.000 20.133 2.923 1.55101
0.000 21.014 3.614 1.51048
2.110 20.794 5.053 1.06734
0.003 21.448 3.875 1.38784
5.695 20.083 3.605 1.62467
0.470 17.514 3.828 1.36091
5.908 17.970 2.095 1.74263
3.540 15.776 2.831 1.83914
0.000 15.960 2.118 1.45335
1.810 19.196 3.520 1.14314
5.460 20.511 4.860 1.30841
3.265 20.335 5.972 1.05531
0.262 18.433 4.618 1.60808
4.123 17.754 3.829 2.19375
0.000 15.820 2.236 1.83562
1.280 18.093 3.779 1.81841
1.800 17.224 2.226 1.16546
0.230 19.098 3.194 1.57448
9.230 14.457 2.116 2.11607
11.652 14.938 1.879 1.12405
2.490 13.930 2.022 1.44081
1.540 17.055 2.813 1.49762
0.000 15.304 1.438 1.45766
0.000 16.295 1.452 1.73551
0.000 17.175 2.221 1.63360
0.000 18.937 2.561 1.34307
6.735 17.174 3.878 1.07239
0.035 17.605 1.441 1.97101
0.000 16.887 2.580 1.64663
0.000 17.933 2.127 1.36829
0.000 20.740 3.481 1.12916
0.000 20.906 4.416 1.42553
0.013 21.509 6.076 1.19005
11.847 16.555 5.957 1.16394
1.373 17.140 3.476 1.26369
1.905 19.722 4.810 1.57786
0.175 19.134 4.055 1.26334
0.000 18.802 4.746 1.63551
0.000 19.111 4.078 1.51993
0.125 19.495 4.174 1.36319
0.480 20.563 4.450 1.16325
2.720 21.066 5.973 0.92756
12.595 17.996 5.139 1.27208
4.973 16.402 2.960 1.19371
3.795 17.004 3.816 0.96736
0.000 16.688 2.925 1.55169
3.363 16.769 2.847 0.93354
4.337 16.802 2.893 1.16740
21.498 15.528 3.244 1.47377
17.958 13.775 3.199 1.00711
1.142 15.628 2.670 0.98146
3.790 17.152 2.890 1.14838
0.857 15.832 3.951 1.47782
6.635 16.762 4.994 1.11314
0.215 16.628 4.462 0.89364
6.077 17.150 4.352 0.97295
7.512 17.017 3.440 1.26837
2.393 17.405 4.191 1.51584
0.000 16.257 3.191 1.54625
1.475 15.930 3.871 1.57449
3.273 14.630 2.552 1.35456
0.350 15.446 0.941 2.02317
0.940 16.213 1.170 1.89520
0.107 15.217 -0.895 2.25357
0.000 14.792 0.674 1.72602
6.977 10.390 0.249 1.33833
0.095 7.903 -0.703 1.07442
0.630 10.076 -0.411 1.14044
7.105 8.890 -1.037 1.36528
1.155 6.215 -3.882 1.10451
2.273 8.270 -3.113 1.49625
0.000 10.510 -2.367 1.61035
0.000 11.418 -2.692 1.49077
3.332 9.456 -2.374 1.30177
0.088 10.160 -1.805 1.19198
0.060 11.401 -1.244 1.68512
0.000 13.144 -1.832 1.35363
0.455 13.738 -1.719 1.36306
0.000 14.655 -1.281 1.19392
0.720 13.099 -0.965 0.89882
0.000 14.208 -0.711 1.34037
0.035 15.031 -0.721 0.97143
0.025 11.724 -0.366 1.18328
0.322 11.600 -0.946 1.93322
0.015 11.678 -2.743 1.88841
0.000 12.030 -2.468 2.36721
0.692 8.900 -2.364 1.22348
0.232 9.769 -3.984 1.05575
0.028 7.925 -3.733 1.17158
0.748 8.093 -5.553 2.23258
0.113 5.892 -5.015 1.59986
0.517 4.211 -6.194 1.29100
0.000 5.214 -6.174 1.25349
0.975 7.119 -5.496 1.38861
0.412 5.677 -3.574 1.24806
0.043 9.167 -3.064 1.56144
6.280 6.980 -3.410 1.63017
2.767 6.253 -4.601 1.47535
0.910 6.105 -4.558 1.16162
4.782 5.842 -5.187 1.85286
1.887 6.289 -5.027 1.92391
1.015 3.759 -3.352 1.80567
1.547 3.926 -8.263 1.62446
0.000 4.069 -8.317 1.43414
0.138 6.389 -7.388 1.73015
0.838 6.116 -5.695 1.99855
1.967 3.509 -4.218 1.66081
0.315 3.993 -5.694 1.16354
0.067 4.610 -6.504 1.34600
0.007 5.474 -6.720 1.43573
0.000 4.404 -6.023 2.06154
0.285 4.595 -5.689 1.97866
0.367 4.101 -7.116 1.92772
0.450 7.482 -7.214 1.78063
0.322 8.007 -5.318 1.55032
0.925 8.085 -2.917 1.42502
0.000 7.411 -3.640 2.22697
0.015 6.915 -5.230 2.45797
0.480 7.343 -5.201 2.11830
0.183 8.343 -5.097 1.79557
0.000 9.201 -5.194 1.82574
0.000 9.005 -4.815 1.78336
0.782 7.488 -4.252 2.25595
0.628 3.807 -4.392 1.25488
1.247 4.213 -5.404 1.92504
0.660 1.899 -5.012 1.90285
0.000 2.321 -8.313 1.75689
0.000 4.614 -8.362 1.34459
0.215 6.765 -6.991 1.87028
0.007 8.689 -6.258 2.33076
0.172 6.111 -6.222 2.04134
0.060 7.111 -6.591 2.22496
0.000 3.524 -6.510 2.14662
0.085 3.775 -8.291 1.58232
0.000 3.074 -9.194 2.52707
0.080 1.895 -11.018 3.18288
0.107 0.126 -11.021 3.50378
0.000 0.215 -10.259 2.08900
0.000 0.633 -11.034 2.47336
0.000 -2.297 -11.106 2.08507
0.000 -6.029 -16.688 2.28721
0.000 -3.341 -16.929 2.02407
0.000 1.596 -14.888 1.49495
0.000 0.288 -13.102 1.76104
0.000 -1.020 -11.738 1.48815
0.000 -0.446 -13.399 3.16952
0.000 0.944 -13.733 1.95107
0.347 -2.315 -11.617 1.21838
0.000 1.491 -11.227 2.24148
0.070 2.354 -12.734 2.81936
0.020 0.355 -12.964 3.26468
0.000 -0.858 -12.684 3.35796
3.882 -0.861 -11.619 3.82414
0.000 -2.013 -11.043 2.82992
0.000 -5.459 -14.494 2.08012
0.000 -4.391 -14.383 1.82788
0.185 0.747 -12.176 2.75362
0.000 0.434 -11.240 2.36436
0.000 1.625 -11.805 2.93514
0.000 -1.603 -14.435 1.57013
0.000 0.151 -14.777 2.58315
0.000 -1.448 -13.858 2.02925
0.000 -2.986 -16.043 2.14010
0.000 -4.794 -16.379 2.91843
0.000 -7.037 -17.706 2.04592
0.000 -1.445 -17.889 1.66810
0.000 -0.512 -17.854 1.73924
0.000 -0.391 -18.634 2.62300
0.000 -1.112 -18.874 2.39762
0.647 -1.093 -15.626 2.57953
0.170 -1.206 -12.212 2.59360
0.037 -0.690 -13.466 4.19360
0.000 -4.820 -15.905 4.23233
0.000 -7.062 -16.212 2.99636
0.000 -0.099 -16.471 2.48884
0.000 -2.154 -16.386 2.38612
0.000 -2.554 -14.036 2.90825
0.287 -3.230 -17.786 2.54395
0.000 -5.578 -18.147 2.04762
0.000 -2.641 -17.542 2.97871
0.000 3.795 -14.256 2.17572
0.000 4.579 -14.028 2.36230
0.000 1.453 -14.288 2.37992
0.000 3.471 -13.743 2.13181
0.000 3.231 -13.082 2.75157
0.000 1.198 -12.817 3.06029
0.000 -1.265 -11.224 4.38902
0.000 -3.709 -13.523 4.43183
0.000 -4.458 -14.807 2.62228
0.047 -4.703 -13.769 2.35203
0.000 -5.511 -13.574 1.68829
0.000 -8.102 -19.094 1.75862
0.000 -7.691 -19.197 1.68979
0.000 -4.518 -18.005 1.97250
0.000 -5.491 -14.746 1.85280
0.000 -3.228 -15.245 2.04267
0.000 -1.110 -14.829 1.54695
0.000 -1.875 -15.125 2.32998
0.000 -3.388 -15.749 2.44510
0.000 -2.463 -16.290 2.84254
0.000 -4.385 -16.331 2.80623
0.000 -4.915 -16.182 1.81928
0.000 -1.847 -16.308 1.67567
0.000 -3.580 -14.489 2.11779
0.060 -2.876 -13.769 2.29720
0.000 -1.947 -16.585 2.66668
0.000 -1.379 -16.937 2.92451
2.010 -2.643 -16.682 3.02971
0.000 -1.825 -15.578 2.19155
0.000 -0.581 -15.639 2.25366
0.000 1.138 -11.981 2.18569
0.000 1.748 -9.609 2.34402
0.705 2.284 -8.896 2.33717
0.170 2.696 -9.862 2.35373
0.310 3.821 -10.157 2.72245
0.000 2.299 -10.100 2.24233
0.000 -2.896 -15.228 2.37032
0.000 1.091 -15.302 3.04950
0.010 1.866 -9.673 2.51673
0.000 -0.186 -10.049 1.07758
0.000 2.449 -11.140 2.70800
0.000 1.425 -11.767 3.24698
0.000 0.073 -12.126 1.66731
0.000 1.322 -12.126 2.33800
0.000 1.123 -11.549 2.80398
0.047 -0.868 -11.606 1.81030
0.000 -0.363 -12.979 1.91926
0.000 3.290 -13.094 1.72595
0.000 1.874 -12.437 2.32974
0.265 1.600 -12.233 3.53514
0.000 -2.016 -11.561 1.63349
0.000 1.310 -11.602 2.46100
0.000 1.460 -11.016 3.00138
0.000 2.006 -8.769 2.70419
0.167 3.398 -9.534 3.30703
0.000 1.539 -8.976 2.46848
0.123 3.247 -6.055 2.47039
0.000 1.753 -8.161 2.78061
0.000 2.478 -7.384 3.50839
2.225 5.526 -6.086 3.05695
0.000 7.971 -5.755 2.35668
0.000 9.307 -4.658 3.66227
0.188 6.312 -5.192 5.76958
1.722 2.801 -8.658 3.73903
0.000 4.021 -7.764 2.87470
0.037 2.552 -8.336 2.43061
0.250 2.818 -8.362 2.09603
0.460 4.300 -7.650 4.12259
0.377 2.019 -7.400 2.00636
0.737 2.182 -7.072 1.16508
0.073 3.835 -6.386 1.31310
0.505 5.586 -7.371 1.66913
1.357 8.535 -6.100 1.83451
0.000 7.904 -4.992 2.28072
0.000 11.289 -3.657 2.68288
0.505 11.925 -3.682 4.36101
1.045 9.831 -5.419 4.26260
1.595 5.924 -6.732 3.89319
0.065 8.932 -6.287 3.20240
0.200 8.198 -5.859 2.29428
0.555 5.444 -6.613 3.70518
0.198 4.325 -5.960 3.52178
0.635 1.101 -5.493 2.45013
0.803 2.865 -7.392 2.17229
0.972 4.083 -6.216 1.92503
1.773 0.337 -7.446 1.10454
0.278 6.561 -5.946 1.93294
2.452 4.784 -5.674 3.46189
0.340 4.156 -6.837 2.13444
0.000 8.585 -4.933 1.99375
1.018 5.778 -6.270 2.15847
0.720 5.202 -5.062 2.74576
0.000 11.220 -5.037 2.38451
0.000 13.388 -4.591 2.08201
1.330 12.995 -4.506 2.06957
0.335 9.638 -4.935 2.60646
0.247 13.108 -2.861 1.92952
0.427 9.677 -3.645 3.22036
0.212 9.952 -5.393 3.08863
0.360 8.046 -4.215 2.72003
0.915 7.964 -4.926 4.80206
0.320 5.226 -6.116 2.10614
0.193 1.635 -5.593 1.34410
0.198 2.440 -6.877 1.52134
2.973 5.970 -5.529 1.68571
0.000 8.355 -4.456 1.31118
1.187 7.843 -2.264 1.38184
2.010 5.313 -3.936 1.44757
0.528 6.532 -5.751 1.24401
0.558 8.242 -4.642 2.02905
0.000 11.638 -2.177 1.06174
1.158 9.693 -2.736 1.36949
0.095 14.164 -2.527 1.88164
0.168 12.839 -3.593 2.49349
0.000 13.789 -5.499 4.27100
0.862 11.378 -4.659 3.54505
0.480 9.346 -5.244 4.18211
0.000 9.895 -4.227 2.01118
0.280 14.256 -3.567 2.28253
0.000 12.848 -4.424 1.90919
0.040 11.128 -2.465 2.58080
3.720 7.396 -2.678 1.29635
0.552 12.388 -3.741 1.99253
1.842 15.593 -0.903 2.02612
6.105 8.348 -1.973 0.65576
4.308 11.247 -2.384 0.88943
0.485 12.075 -0.779 1.42233
0.427 15.981 0.184 2.57773
1.015 13.250 1.485 2.33587
6.580 13.666 -0.362 2.20652
2.945 8.570 -0.524 1.48457
0.030 10.908 -0.485 1.91669
8.425 9.754 -1.281 2.04605
8.563 5.152 -3.523 1.41876
3.975 2.209 -5.239 1.42214
5.887 -0.268 -8.817 1.56585
2.937 3.226 -8.232 1.73405
0.000 9.149 -4.512 1.44065
0.615 11.716 -2.310 1.73230
2.970 12.949 -0.934 1.23336
0.300 13.271 -0.179 2.51391
0.607 10.856 -0.772 1.56561
0.000 12.548 -0.523 1.79877
3.170 12.017 0.095 1.40282
0.320 14.450 0.858 2.01831
0.113 15.757 0.809 2.55745
0.268 16.272 1.311 2.58591
0.297 16.021 1.778 1.61631
0.000 15.810 1.045 1.49340
0.740 18.701 1.375 2.16352
0.000 17.842 1.715 2.11533
0.253 17.056 3.173 1.65698
0.000 17.788 3.962 1.02981
0.000 19.724 4.964 1.60433
0.000 19.544 3.778 2.05187
0.555 20.541 3.665 2.88180
0.315 18.694 5.490 1.93705
0.037 20.506 4.447 2.19400
0.857 19.926 5.089 2.04469
0.077 20.347 3.507 2.41210
0.020 20.974 5.035 2.51223
0.428 20.087 3.039 2.29368
15.910 16.739 3.354 1.54446
0.000 19.414 2.586 1.38624
2.025 19.000 3.060 2.69836
0.400 17.130 3.633 2.39283
1.010 17.693 3.113 1.57734
6.540 18.593 3.653 1.53257
2.242 19.804 4.360 1.20625
1.367 19.388 4.684 1.26052
3.230 16.899 4.410 1.76856
6.285 18.631 3.411 1.57995
10.610 17.568 4.268 1.64710
0.537 19.174 4.357 1.79401
0.312 19.426 4.710 1.90344
0.000 17.951 4.510 1.91866
6.338 19.200 5.385 1.41495
0.865 20.147 4.724 1.19300
10.663 19.789 4.168 1.83353
1.815 19.497 3.600 2.60453
9.843 17.504 3.455 2.28661
13.095 17.974 4.527 0.98115
0.000 19.770 4.809 1.47704
4.780 20.122 4.592 1.28850
4.363 19.512 5.745 1.56478
15.020 18.214 3.061 1.75511
13.270 16.227 3.430 1.02311
0.507 17.683 4.302 1.76673
7.020 16.640 3.007 2.29105
0.843 15.231 3.089 2.36697
0.043 13.490 2.087 1.91572
0.285 17.258 3.320 1.82917
0.575 18.566 4.536 1.56357
11.105 17.817 4.513 1.32242
0.778 16.663 3.430 1.66900
0.000 17.215 3.028 1.69941
4.885 18.733 2.707 1.24920
2.697 15.133 3.063 2.11590
3.972 15.414 2.802 1.59911
7.360 16.757 2.278 1.31375
3.690 17.187 3.061 1.14074
0.037 17.333 5.083 1.34860
0.740 18.684 3.372 1.22424
1.718 18.488 4.375 1.66465
0.000 19.246 5.423 1.45683
0.000 19.258 5.716 1.39986
0.397 20.003 5.107 1.08067
16.782 19.503 6.576 0.89285
5.605 18.241 5.749 1.64606
0.675 18.725 4.725 1.04951
7.240 18.256 4.941 1.77762
0.000 17.546 3.637 1.83775
0.000 16.425 3.465 1.43202
0.108 17.072 4.355 1.56649
4.182 17.310 4.163 1.32007
0.235 16.286 4.192 1.52289
2.325 17.035 2.999 1.54135
0.013 13.001 -0.638 2.20032
0.000 13.792 0.012 1.68998
0.135 14.054 0.144 1.28093
0.000 16.219 2.276 1.00192
0.000 17.099 2.915 1.10165
0.000 18.447 2.625 1.50675
7.910 16.462 3.124 1.42116
0.000 14.858 1.669 1.66356
0.000 16.661 0.309 1.58499
0.000 18.000 0.953 1.32929
0.000 17.249 2.060 1.27500
0.375 15.561 2.881 1.35804
2.098 16.859 3.062 1.32316
4.110 14.557 1.585 1.12417
0.000 17.353 2.558 1.62456
2.973 16.526 1.356 1.86623
0.000 15.701 1.575 2.00203
17.013 15.082 1.198 2.12378
0.143 14.494 1.213 2.08188
3.650 13.339 0.308 2.44360
12.105 13.886 0.400 1.92999
0.362 14.167 -0.952 2.12274
0.400 15.347 -1.793 1.90179
0.620 16.760 -2.790 1.96329
13.252 17.193 -3.194 1.88562
2.275 17.335 -2.783 1.75737
1.695 16.709 -2.790 2.00139
0.657 15.761 -3.147 2.06931
3.345 15.308 -3.685 2.11217
0.245 15.917 -3.471 1.92251
2.402 14.514 -2.850 2.37870
0.000 13.894 -2.338 2.35113
1.957 12.763 -3.614 1.69223
0.000 12.962 -3.175 2.71486
0.000 7.597 -5.480 2.35941
0.035 8.090 -5.427 1.88067
9.340 9.455 -3.946 2.14261
1.795 11.147 -3.667 2.35877
1.430 12.581 -3.429 2.28104
0.915 12.823 -5.335 2.39444
0.000 12.367 -5.185 2.61764
0.072 9.084 -5.867 2.87857
0.000 9.059 -5.755 1.79889
0.000 10.615 -6.615 1.95794
0.000 11.304 -6.628 2.04270
0.000 11.867 -4.569 2.31244
0.000 12.271 -3.555 2.11106
0.062 11.056 -4.162 2.62371
0.000 9.516 -4.067 2.80670
0.848 6.177 -5.490 3.82149
0.285 3.803 -5.981 2.64160
0.000 5.288 -6.558 1.92716
0.000 6.794 -6.638 2.09999
0.000 3.820 -7.455 1.62925
0.000 4.050 -7.611 0.82119
0.000 6.324 -7.114 1.18734
0.000 6.929 -6.807 0.84799
0.000 8.432 -5.552 1.52302
0.000 8.470 -5.795 1.24344
0.000 8.241 -5.734 1.40040
0.000 9.147 -6.762 1.45983
0.000 9.214 -9.269 2.83719
0.000 2.809 -9.373 2.72335
0.107 1.663 -9.225 2.21652
1.210 4.118 -9.450 2.43640
0.060 4.102 -10.180 2.74913
0.000 4.132 -10.415 4.53219
0.000 -0.639 -13.154 3.96346
0.000 0.892 -13.294 2.52955
0.000 0.860 -13.126 2.35615
0.000 4.987 -13.127 2.43688
0.000 6.597 -10.555 2.00818
0.000 3.809 -6.153 2.69931
0.000 -0.549 -13.206 2.00580
0.000 1.887 -13.393 2.01441
0.000 2.885 -12.619 2.61166
0.000 4.550 -11.733 2.24318
0.000 0.435 -9.948 1.27760
0.000 -1.990 -11.672 1.60195
0.000 -0.999 -13.058 1.92494
0.000 -1.699 -13.352 2.02648
0.000 1.443 -10.353 1.99773
0.000 -1.025 -14.126 2.12606
0.145 3.643 -14.260 2.53497
0.000 4.092 -11.831 2.31466
0.000 6.129 -10.991 2.10278
0.000 4.584 -11.570 2.26347
0.000 5.877 -11.919 2.48412
0.000 2.742 -10.821 2.73435
0.000 2.144 -11.439 2.68690
0.000 3.284 -13.513 2.41390
0.000 2.397 -13.793 2.98961
0.000 0.673 -14.485 3.34399
0.000 -1.875 -15.953 3.05294
0.000 -1.074 -16.211 2.33672
0.000 -0.779 -16.290 2.57868
0.157 3.034 -13.522 2.33325
0.075 3.966 -12.401 2.34749
0.000 3.535 -12.049 2.23889
0.000 3.440 -12.560 3.14129
0.000 -1.087 -13.051 3.22472
0.000 -2.768 -14.065 2.48038
1.452 1.669 -15.115 2.30915
0.000 2.891 -15.443 3.28432
0.000 2.271 -15.664 2.16102
0.000 2.932 -15.880 3.09120
0.000 1.494 -15.862 2.81153
0.325 18.159 2.976 1.23297
0.030 19.501 3.260 1.08801
0.055 15.247 1.862 1.25721
0.000 17.140 3.506 0.88723
0.000 14.483 3.544 1.30916
0.110 17.126 2.878 0.83038
0.000 16.279 2.358 1.48136
0.010 17.359 3.395 1.14760
0.000 14.611 4.495 1.09521
0.000 16.524 2.790 1.07665
0.000 15.205 3.967 1.17488
0.000 16.503 1.617 1.52428
0.000 16.633 1.402 1.23756
0.000 16.217 1.190 1.38466
0.000 15.573 0.824 1.62718
0.000 14.867 0.595 1.80621
0.000 14.034 1.081 1.06954
0.000 16.691 2.902 1.38444
0.000 16.576 1.959 1.59954
0.000 17.261 -0.613 2.00069
0.000 16.556 0.898 1.73342
0.000 13.125 0.834 1.28580
0.000 13.381 0.424 1.20433
0.032 15.946 1.883 2.47959
0.000 12.984 1.140 1.81849
0.000 14.829 0.957 2.37843
0.000 15.386 1.085 1.96985
0.000 16.011 0.718 1.62905
0.000 15.960 0.953 1.45941
0.000 15.011 1.318 1.39867
0.000 2.847 -15.923 2.75071
0.000 3.663 -15.067 2.79899
0.000 4.557 -13.151 2.69882
0.000 4.841 -12.524 2.41055
0.053 4.852 -10.903 2.62775
0.000 3.393 -10.855 2.98068
0.000 3.140 -12.493 2.91610
0.000 4.290 -12.801 2.52317
0.000 5.264 -12.561 2.59772
0.000 4.348 -13.035 2.81799
0.000 -1.256 -15.745 1.95305
0.000 2.620 -15.701 2.38103
0.000 -0.341 -14.409 2.79076
0.000 1.106 -14.393 2.25536
0.002 2.453 -11.353 1.82410
0.188 -0.118 -16.729 1.59835
0.000 -3.843 -17.174 2.04933
0.000 1.087 -17.066 1.98594
0.000 1.002 -12.684 2.80627
0.000 -1.292 -12.704 1.63541
0.427 -4.790 -16.297 1.91335
0.000 -0.469 -16.424 2.23884
0.005 4.420 -15.832 2.85356
0.000 4.213 -13.805 2.77252
0.000 3.190 -13.804 2.89620
0.000 2.728 -14.019 3.12514
0.000 0.888 -15.104 2.54124
0.000 3.253 -15.593 2.79289
0.000 0.993 -15.709 4.34387
0.020 -4.805 -16.983 3.35037
0.000 -6.434 -16.941 2.39387
0.000 0.116 -15.802 1.99849
0.000 0.762 -13.728 1.88360
0.000 3.203 -14.979 2.85346
0.000 1.598 -15.228 3.02277
0.000 0.777 -16.608 2.82059
0.000 -0.128 -16.649 2.99429
0.008 -1.672 -16.326 1.49975
0.000 -0.864 -14.882 1.73549
0.003 1.120 -12.653 1.28060
0.095 2.510 -11.604 1.80660
0.212 -1.381 -12.812 1.34446
0.170 4.120 -12.885 2.63025
0.000 0.373 -11.603 2.01300
0.000 3.563 -11.647 2.28329
0.000 -0.509 -11.331 1.86930
0.045 -0.143 -13.548 2.32466
0.008 -0.150 -13.374 2.14155
0.285 0.788 -9.847 2.20666
0.000 0.932 -11.503 2.51939
0.305 -3.078 -13.642 1.49623
0.000 4.185 -13.679 1.41155
0.000 5.120 -9.662 2.27027
0.000 6.877 -7.966 2.33598
0.000 6.878 -7.912 2.33077
0.000 4.909 -6.652 2.03842
0.000 7.537 -6.552 2.20957
0.023 10.286 -5.808 3.22407
0.000 9.172 -5.541 3.16905
0.000 7.647 -5.725 3.40657
0.000 4.319 -7.078 4.08462
0.000 3.740 -7.706 2.95742
0.000 4.332 -7.369 3.42814
0.155 0.544 -6.625 2.32893
0.093 0.306 -7.605 3.34215
0.005 2.421 -10.205 3.00160
0.062 4.531 -9.753 2.15319
0.000 6.098 -8.542 2.42085
0.130 4.998 -6.355 1.96521
0.017 1.814 -5.598 1.06726
0.000 6.354 -5.254 1.78809
0.000 8.909 -4.935 2.69994
0.402 4.007 -6.541 2.00809
4.010 3.724 -6.333 1.64976
0.020 5.698 -5.604 2.05249
0.018 3.692 -7.287 2.20898
0.000 7.399 -6.945 3.26528
0.003 5.694 -5.208 2.71584
1.012 5.780 -4.112 3.50643
1.743 0.558 -5.135 2.22553
0.000 2.495 -8.338 2.11199
0.000 8.763 -7.369 1.59103
0.000 9.791 -4.844 2.27837
0.000 7.788 -7.140 4.44936
0.000 6.272 -6.323 3.47723
0.000 4.861 -6.542 2.65329
0.630 8.879 -6.128 2.97239
0.182 7.060 -6.690 2.36020
0.000 8.789 -5.591 3.30765
0.000 7.804 -4.847 4.12592
0.000 7.203 -6.185 5.96457
0.000 4.481 -7.368 4.93252
0.020 5.344 -6.889 4.99547
0.000 5.392 -6.972 3.98418
0.000 6.781 -6.107 1.61260
0.187 10.116 -4.750 1.84370
0.185 9.167 -4.730 1.91160
0.000 9.468 -5.120 2.01329
0.000 8.274 -4.373 3.08080
1.252 5.749 -3.901 3.53287
0.370 3.651 -5.671 1.81723
1.280 5.456 -5.298 2.52207
0.095 4.430 -4.648 2.77399
0.000 6.885 -6.233 2.62674
0.018 9.675 -4.203 2.46845
0.003 8.878 -5.247 1.37326
0.000 9.473 -4.431 2.35033
0.610 9.710 -5.879 2.36846
0.133 8.627 -6.041 3.73819
0.110 7.996 -5.777 2.47456
0.000 13.112 -4.670 2.33159
0.000 13.348 -4.054 3.56102
0.000 10.437 -4.837 3.45651
0.147 14.237 -5.848 2.80960
0.000 8.997 -3.816 1.91281
0.617 4.702 -4.888 1.79838
0.208 10.667 -3.237 2.16643
0.050 6.386 -5.524 2.37836
0.000 8.807 -3.867 1.50415
0.000 12.201 -2.994 1.14257
0.415 11.662 -2.968 2.01383
1.245 11.794 -2.854 1.17633
0.085 12.690 -1.267 1.17145
6.075 13.086 -1.955 1.57892
3.710 12.348 -1.927 1.41938
3.732 13.749 -2.278 1.98164
12.672 9.146 -2.863 1.19327
0.635 12.133 -3.185 1.49836
1.595 10.423 -3.473 2.26936
0.865 11.627 -2.381 1.51993
1.425 10.575 -3.130 1.54261
0.100 11.592 -3.543 1.41683
0.400 12.610 -3.065 2.82322
1.242 10.680 -4.203 3.55761
0.610 12.527 -2.916 2.52992
0.000 12.854 -0.752 1.80543
0.075 13.555 -1.103 2.41638
2.320 14.215 -0.677 3.03523
0.643 13.448 -0.330 1.75262
0.185 16.428 1.380 3.77855
0.133 19.071 2.363 2.99725
0.000 17.731 0.480 2.91240
0.000 18.595 -0.391 2.65999
0.000 19.948 0.438 3.13036
0.185 18.124 1.661 3.62506
0.803 16.019 1.265 1.99847
0.560 18.779 2.107 3.56226
0.635 19.613 2.630 2.31618
1.980 16.690 1.235 2.02673
0.708 13.827 0.860 2.06684
2.193 14.189 1.073 1.74300
0.225 16.093 -0.618 1.21083
0.000 15.346 -2.016 2.13043
1.423 14.798 -1.181 1.93464
1.975 14.574 -1.716 2.23999
2.473 15.255 -1.221 2.01202
4.560 14.211 -0.604 0.94868
13.627 14.667 -0.194 1.07405
16.110 15.965 0.235 1.57100
2.727 13.954 -1.753 1.73195
1.690 14.498 -2.272 2.03962
1.128 15.555 -2.217 1.53645
0.500 16.418 -2.292 1.36061
0.000 16.918 -2.109 1.74072
0.000 15.521 -1.684 1.98300
0.070 15.425 -0.775 1.86387
0.000 13.595 0.161 1.22561
0.857 15.841 0.247 1.74468
0.412 17.303 -1.197 1.91241
1.450 15.063 -0.718 3.27139
0.645 13.520 -0.748 2.39335
2.857 7.697 -1.255 1.49833
1.012 6.386 -6.707 1.61249
4.982 9.835 -6.528 1.71109
1.738 12.369 -4.814 1.88957
0.402 9.773 -4.788 2.70861
0.060 8.380 -6.158 2.58974
2.105 8.439 -6.222 2.39865
0.000 7.187 -6.018 2.43168
5.690 6.481 -6.076 1.38744
5.875 5.752 -5.491 2.25203
2.858 5.288 -6.219 2.35502
0.465 3.043 -7.359 2.11403
0.070 5.495 -7.574 3.08901
0.142 4.908 -7.857 3.19942
1.328 3.953 -7.815 3.02393
0.242 5.246 -7.706 2.07352
66.330 5.913 -7.581 2.05026
6.617 6.138 -6.035 1.53371
2.062 6.544 -6.176 1.97803
2.798 4.672 -6.787 1.77471
0.000 6.303 -7.360 1.89957
0.000 7.056 -7.486 2.06293
0.077 6.924 -5.953 1.91545
0.905 5.967 -5.796 1.63813
4.073 4.978 -6.600 1.78584
1.158 6.510 -6.920 2.63540
2.008 4.432 -6.729 2.09388
0.000 4.611 -7.921 2.16215
0.048 8.200 -8.069 2.34806
0.000 9.373 -6.752 2.07803
0.000 8.554 -4.152 2.12325
0.000 6.378 -3.969 1.74981
0.460 4.260 -5.057 2.26889
0.047 -2.242 -8.672 1.48559
0.110 -1.019 -11.490 1.20777
0.688 -0.841 -11.647 1.52451
0.000 -1.395 -10.440 1.43914
0.000 -1.665 -11.337 1.38634
8.867 3.673 -11.396 2.03579
0.955 2.219 -10.336 1.42210
0.000 5.366 -10.329 2.09138
0.248 6.414 -9.641 1.86713
1.120 8.878 -6.379 1.74032
2.237 4.116 -4.093 1.12749
0.000 2.261 -7.058 1.30662
0.200 5.065 -7.418 1.35458
0.000 6.855 -7.345 2.53536
0.000 3.378 -7.458 2.95169
0.500 2.946 -8.984 1.64721
4.430 5.441 -11.172 3.02314
8.220 1.459 -11.446 2.93394
3.253 -4.033 -15.901 1.59170
30.810 -1.753 -16.249 1.76356
7.333 0.583 -15.012 2.06926
9.300 2.275 -14.946 2.33916
7.372 2.679 -12.806 2.56106
5.315 3.691 -13.710 2.18350
3.022 4.430 -13.926 3.18536
5.678 3.185 -14.257 3.87930
8.387 -0.131 -14.997 2.98671
4.545 -4.485 -15.914 1.32022
3.990 -2.317 -15.658 1.29599
11.895 -1.831 -15.253 2.29641
0.603 -5.532 -16.047 1.60684
4.207 -3.799 -16.452 1.26600
10.918 -3.371 -16.240 1.80988
4.557 -4.635 -16.100 2.01256
2.427 -5.193 -14.455 1.90944
9.872 -3.183 -15.517 2.07656
0.322 0.395 -15.766 3.11970
0.000 -0.590 -13.678 3.39084
5.820 -3.638 -15.550 2.10696
0.125 16.117 1.455 2.10193
0.900 18.920 1.785 2.77275
9.913 17.572 0.868 2.13904
2.805 11.147 0.620 1.20324
1.620 11.681 -0.386 1.67211
8.520 13.938 1.084 1.23513
3.760 13.255 0.479 1.75591
0.265 12.700 0.059 1.93247
1.375 10.693 -0.548 1.60309
5.545 14.994 1.514 1.37815
12.972 16.362 2.383 1.25912
0.800 18.974 2.689 2.25106
5.255 20.790 3.601 2.49129
0.000 20.117 3.816 2.06275
0.055 21.954 4.876 1.74825
0.018 22.151 3.891 1.73892
2.010 21.409 4.333 1.65771
1.148 18.373 2.994 1.72859
0.853 20.995 3.592 1.78165
0.067 20.745 3.349 1.66816
0.000 21.994 4.763 1.42708
0.000 20.457 4.585 1.78423
0.000 17.913 4.733 1.44775
0.077 20.852 4.231 1.45683
0.137 21.589 3.929 1.84211
0.000 21.852 5.136 1.40701
0.205 18.761 6.155 1.18855
0.000 18.266 6.535 1.56778
0.650 19.571 2.447 1.10295
0.000 18.574 2.806 1.40569
0.000 18.494 4.424 1.78605
0.000 10.854 3.951 1.53010
0.515 18.024 3.209 2.57909
0.140 15.332 4.153 1.35844
0.000 14.785 2.331 1.43902
0.000 18.622 4.997 1.19700
0.000 19.113 3.857 1.42771
0.000 17.209 3.010 1.30484
0.000 16.987 2.833 2.25684
0.000 15.870 2.570 1.73531
0.000 16.104 2.022 1.39386
0.000 17.566 2.628 1.23781
0.000 19.293 4.512 1.59269
0.000 18.468 4.358 1.57311
0.000 15.007 5.520 0.84696
0.050 18.769 5.590 1.49226
0.000 17.757 4.633 1.42459
0.000 16.473 3.283 1.78346
5.472 17.766 4.917 1.29460
4.075 17.903 4.969 1.25402
13.527 19.703 5.235 1.23640
0.317 20.079 5.315 1.23230
0.075 21.271 7.114 1.49006
0.000 20.355 6.110 1.67566
0.802 21.598 7.611 1.09977
0.350 13.442 3.790 1.63401
0.000 16.651 3.161 1.87185
0.328 17.291 3.253 1.41248
0.000 15.597 1.874 1.32284
0.000 14.916 2.150 0.92043
0.000 17.031 3.916 1.24257
0.000 17.621 2.093 1.46368
0.000 19.597 5.122 1.54739
0.425 17.788 4.303 1.18894
0.185 20.761 4.170 1.62230
0.000 20.117 4.249 1.41270
0.000 21.711 4.706 1.56099
0.000 21.483 5.592 1.53180
0.098 20.093 4.431 1.09904
0.000 18.188 4.258 1.48697
1.042 19.132 4.233 1.55141
0.000 17.123 4.653 1.27885
0.262 17.095 1.777 1.44286
0.087 15.635 2.632 1.11862
0.000 18.802 3.473 1.05513
0.030 14.794 3.818 1.76792
0.000 18.085 5.182 1.06354
0.000 17.527 5.736 0.86245
0.000 17.412 6.412 0.82673
0.000 14.885 2.545 0.93303
0.493 17.706 4.205 1.31224
0.120 18.156 3.160 1.64282
0.558 15.826 3.887 1.35696
0.188 16.353 6.181 1.16287
0.000 14.558 2.801 1.69768
0.000 15.269 0.882 1.42547
0.002 10.041 0.621 1.11557
0.012 15.484 1.548 2.40199
0.000 13.549 0.732 1.55188
0.000 14.980 0.605 2.06701
0.000 15.637 3.099 1.41009
0.000 14.601 2.313 0.93959
0.000 13.086 3.189 1.24392
0.133 16.087 2.877 1.19727
0.520 11.899 2.036 1.23577
0.000 13.738 2.675 1.36493
0.000 15.320 2.100 0.95214
0.000 13.119 0.525 1.23596
0.000 12.309 0.247 1.04615
0.000 12.158 0.139 1.17551
0.000 9.345 0.768 1.16461
0.000 12.197 -1.489 1.52340
0.000 14.265 0.178 1.23347
0.000 13.446 0.433 1.23286
0.000 15.585 0.798 1.52742
0.065 16.153 -1.247 1.50770
0.000 16.746 -0.444 1.45100
0.000 14.985 0.166 1.29565
0.000 15.143 0.769 1.85166
0.000 9.043 -3.411 1.49232
0.000 11.107 -2.257 1.65177
0.000 13.675 -1.879 1.04869
0.000 14.547 -2.732 1.49479
0.000 14.951 -1.403 1.45686
0.000 14.631 0.869 1.56827
0.000 15.045 1.010 1.49306
0.000 13.528 0.597 1.55249
0.000 14.211 0.276 1.29416
0.000 14.592 -2.910 2.12122
0.000 12.669 -2.271 1.24114
0.000 13.508 -1.321 1.00964
0.000 14.578 -0.909 1.06258
0.000 -2.328 -15.889 1.80726
0.000 -3.104 -17.077 1.62187
0.000 -2.745 -17.232 2.21817
0.000 -3.139 -15.519 2.23925
0.000 -0.317 -15.397 1.97537
0.000 1.833 -13.082 1.58198
0.000 1.692 -12.632 1.94632
0.000 0.856 -12.998 1.90809
0.000 0.965 -12.984 1.68658
0.000 -0.249 -11.598 1.65343
0.000 0.197 -13.882 2.64988
0.000 -2.073 -13.877 3.21329
0.000 -2.761 -13.658 3.34760
0.407 -2.110 -15.532 2.73621
0.000 -2.831 -15.657 2.21235
1.060 -7.001 -20.123 1.84808
0.085 -7.051 -20.344 1.36356
0.000 -3.677 -18.962 1.49489
0.000 -3.516 -18.991 1.93904
0.010 -3.915 -16.806 1.76963
0.000 -4.211 -17.150 1.99514
0.000 -2.477 -17.205 2.02064
0.000 -2.264 -16.718 2.18984
0.000 -2.513 -16.783 2.80441
0.000 -2.799 -16.033 3.36257
0.000 -2.276 -16.610 3.68242
0.000 -5.037 -16.943 3.93791
0.000 -6.000 -17.811 2.73598
0.000 -5.168 -18.123 2.71291
0.000 -7.622 -15.028 1.27571
0.000 -2.827 -15.218 2.22341
0.000 -4.942 -13.967 2.42996
0.000 -6.534 -17.396 2.34190
0.000 -4.185 -17.454 1.99054
0.000 -1.739 -17.336 3.20436
1.668 -4.709 -18.397 4.02309
0.000 -5.898 -18.643 2.47584
0.060 -1.090 -17.200 2.63567
0.000 -3.212 -15.018 2.23460
0.000 0.487 -15.371 2.94314
0.000 -1.399 -15.042 2.95431
0.000 -2.948 -14.031 3.99639
0.000 -9.500 -20.344 2.22059
0.000 -2.994 -20.363 2.20941
0.000 -0.017 -15.224 2.09754
0.000 0.315 -16.009 2.98380
0.000 -1.250 -16.960 3.30741
0.000 -1.133 -17.003 3.17552
0.000 1.786 -14.661 2.68408
0.000 0.437 -14.119 4.46744
0.000 -5.172 -14.879 3.31464
0.000 -5.039 -14.802 2.45489
0.170 -7.916 -18.432 2.37699
0.000 -0.314 -18.409 2.67983
0.000 -0.307 -15.301 1.92711
0.000 1.804 -14.278 2.44824
0.075 -0.753 -14.334 3.42075
0.177 0.460 -14.218 3.86801
0.217 -1.012 -14.122 3.11866
0.000 0.310 -14.257 2.08342
0.000 2.280 -13.271 2.43857
0.000 3.485 -11.596 2.24291
0.000 5.796 -10.211 2.75037
0.000 3.282 -9.854 2.93904
0.000 0.256 -11.200 2.88017
0.000 7.225 -11.118 1.98407
0.000 7.409 -8.769 1.72248
0.000 7.416 -6.925 2.07834
0.000 8.777 -6.034 1.99368
0.000 8.896 -6.134 2.94802
0.130 8.445 -5.473 2.61082
0.055 6.170 -5.552 1.35861
0.000 8.908 -4.791 1.27639
0.000 9.197 -5.734 0.90870
0.775 9.911 -6.347 2.17679
0.350 8.530 -4.643 1.91717
0.210 11.807 -4.868 2.58838
0.325 14.776 -4.091 3.15166
0.000 14.124 -3.949 3.42086
0.750 11.161 -4.922 4.16121
0.000 5.314 -4.322 2.07786
0.297 10.108 -5.454 2.52113
0.000 10.330 -4.381 4.45857
0.055 8.878 -4.973 3.63112
4.817 5.034 -7.787 2.47597
0.000 5.105 -7.247 2.43674
0.000 7.818 -5.296 2.90099
0.000 12.544 -4.986 2.69172
1.985 14.609 -2.740 3.21611
8.602 10.385 -7.613 4.09673
1.920 -1.243 -9.014 1.61512
0.000 6.579 -8.397 2.31515
7.857 9.972 -4.296 3.50965
0.075 2.035 -5.324 1.13344
6.810 2.304 -6.489 1.14938
0.000 5.184 -6.807 1.83459
0.265 5.256 -5.716 1.77136
1.983 3.884 -6.431 1.10627
0.000 8.500 -5.901 1.66514
0.707 11.102 -3.751 1.87964
0.020 5.275 -5.568 2.33572
0.000 11.104 -3.816 2.25956
0.455 8.590 -2.514 2.02023
7.785 7.879 -3.185 2.38380
2.017 7.592 -4.582 4.04673
4.520 7.738 -4.649 3.96818
0.905 1.977 -5.354 1.39321
0.527 3.819 -7.364 2.25389
0.542 4.700 -8.443 3.02729
0.000 7.986 -6.090 1.64148
0.083 12.183 -3.474 1.77370
0.058 13.070 -2.134 2.15047
0.738 7.370 -2.313 2.38448
4.512 8.339 -2.730 1.20456
4.030 8.768 -3.651 1.87695
1.405 8.514 -3.782 1.40737
0.613 7.391 -4.088 1.81939
0.000 11.711 -4.699 1.73173
1.468 12.973 -3.035 2.50085
1.402 9.042 -4.349 2.24445
0.000 10.287 -5.169 2.31836
0.245 9.361 -2.909 1.61853
0.968 4.787 -4.210 2.09047
1.165 7.419 -2.194 1.30072
0.975 8.363 -2.620 1.65326
0.048 13.518 -2.326 1.39061
1.205 15.425 -2.607 1.96832
5.815 14.895 -2.000 1.98993
1.590 9.012 -0.256 1.28788
6.013 13.040 -0.939 2.68541
3.467 8.562 -2.033 1.13196
2.825 12.058 -1.690 1.70114
16.322 13.943 -0.605 3.04749
11.685 9.648 -1.425 1.66672
0.535 11.784 -1.601 2.18353
2.697 12.345 -1.325 1.75119
2.200 14.493 -0.178 3.29404
0.560 10.903 -1.049 1.80781
0.048 13.132 -0.952 2.25052
0.588 11.953 -0.228 1.77261
5.215 8.981 -1.094 1.58329
0.043 12.695 -0.478 1.57268
0.233 14.358 -0.759 2.58345
1.587 16.753 0.050 2.12063
0.548 18.063 2.726 1.57904
0.000 14.392 -0.784 2.30555
0.000 16.847 -0.497 2.37330
0.438 16.077 0.624 1.93504
2.380 15.382 1.256 0.88819
0.505 17.560 1.459 2.21861
0.768 17.090 2.497 1.39547
0.000 17.497 2.227 1.48613
0.615 18.753 2.580 1.54821
0.000 17.973 2.737 1.64040
0.523 16.491 2.960 1.56464
0.000 18.499 4.366 1.57412
2.977 16.884 3.572 1.12455
10.823 17.876 3.236 1.44594
4.532 14.979 3.744 1.81225
1.250 13.069 3.097 1.28350
1.133 16.609 3.446 1.81130
5.173 15.044 0.818 1.95226
7.012 14.669 0.907 1.65163
3.383 14.976 1.025 1.39567
7.070 12.064 2.144 1.37684
7.303 11.159 1.099 1.58231
6.150 11.476 -0.295 1.63710
1.630 12.209 -0.107 2.27560
1.010 16.701 2.369 1.49743
3.295 16.518 1.757 1.65665
0.000 16.318 2.375 1.70699
0.250 17.858 3.777 1.33292
7.832 17.384 5.223 1.15813
4.167 17.159 3.739 1.65570
3.945 17.928 4.725 1.62644
13.213 18.417 3.699 1.71027
1.425 15.482 4.574 1.14650
8.277 12.631 1.821 1.25153
1.825 14.954 2.301 1.22881
16.577 11.738 1.405 1.45832
6.433 9.317 1.973 1.14047
0.082 14.804 1.662 0.82804
0.007 14.456 1.809 1.25229
0.000 15.847 2.904 1.24274
0.872 17.028 2.417 1.24551
0.000 16.169 2.089 1.78805
0.000 17.458 2.561 1.30783
0.000 19.311 4.310 1.31629
0.000 19.246 3.577 1.53009
0.000 19.535 4.623 1.26482
0.277 19.871 4.866 1.47522
0.250 19.446 4.708 1.48774
0.117 14.115 3.851 1.42257
3.465 15.666 3.989 1.33201
0.000 19.388 4.989 1.57447
0.000 19.231 4.268 1.40597
0.000 21.206 4.978 1.37256
1.050 21.468 4.386 1.19599
7.922 19.765 3.422 1.61747
0.000 16.544 3.126 1.63369
0.000 18.325 3.857 1.37723
8.475 15.349 0.087 2.18179
0.108 14.429 0.078 1.34703
0.000 16.893 2.208 1.13824
0.000 18.175 2.150 1.40086
1.815 17.560 2.892 0.94721
0.375 17.917 2.782 1.12771
3.315 17.000 2.911 1.42103
0.000 18.347 3.114 1.27555
4.278 16.747 4.337 1.00641
2.680 14.865 2.546 0.94190
1.268 18.911 2.456 1.54016
0.835 17.924 3.885 0.89490
0.575 19.967 5.110 1.31330
0.920 18.749 6.568 0.97480
5.577 18.748 5.583 1.24445
0.142 18.947 4.373 1.55043
0.000 18.688 5.196 1.69693
0.000 20.556 5.942 1.68769
0.000 20.817 5.130 1.46724
0.520 21.847 5.502 1.58818
0.000 20.189 5.369 2.00263
0.000 20.980 5.506 1.25940
0.945 20.635 6.273 1.13625
0.870 20.249 4.937 1.63560
0.068 20.471 6.282 1.14390
0.490 20.081 5.741 1.18580
1.395 18.648 4.113 1.68209
0.050 19.863 5.674 0.93879
7.512 19.838 6.261 1.13083
2.505 18.836 5.625 1.14692
1.405 18.905 2.972 1.83427
0.000 21.347 4.354 1.73973
0.518 21.716 5.120 1.62498
0.000 19.749 5.300 1.32821
1.365 21.378 6.118 0.97509
5.117 19.519 4.975 1.29621
1.277 21.296 5.867 1.40306
2.305 16.810 5.660 1.64649
0.150 16.545 2.739 1.66188
0.290 21.578 3.872 1.78296
1.012 15.573 3.522 1.56165
4.695 19.192 3.699 1.45346
4.600 15.929 2.284 1.53796
1.878 17.357 3.386 1.79359
2.440 7.733 0.867 1.26546
3.245 9.268 -0.275 1.45732
0.555 12.666 0.793 1.36086
2.327 13.551 0.911 1.49807
3.168 13.408 2.177 1.12606
6.812 10.234 1.029 1.13165
6.825 8.851 -1.599 1.11180
5.560 12.042 -0.685 1.07316
0.080 13.577 -0.487 1.12140
0.000 15.326 0.652 0.96192
0.355 15.450 2.259 1.31726
4.115 15.341 2.559 1.16653
0.135 16.976 3.178 1.06340
0.325 15.578 2.137 1.43473
0.000 18.190 2.068 1.51581
0.000 19.033 2.262 1.52015
0.060 17.913 1.512 1.08456
0.515 17.225 0.992 1.06817
0.655 15.017 1.925 1.28030
5.928 15.255 -0.065 1.82127
0.460 13.893 1.259 1.79524
14.485 10.409 0.357 0.99154
5.015 13.211 -0.201 1.28066
0.008 13.640 0.676 2.14368
31.940 10.562 -0.254 1.21338
0.600 10.935 0.091 1.12442
0.000 13.319 0.643 1.55802
0.000 11.916 -1.782 1.90907
0.000 14.665 -2.326 1.48658
0.427 15.314 -1.655 1.65571
0.553 15.099 -0.565 1.41745
5.895 15.428 1.661 1.79344
0.053 14.099 -0.644 1.95321
1.580 15.443 -0.178 2.56099
0.067 14.812 -0.468 2.31030
1.290 11.191 0.024 1.67622
0.292 11.651 -2.531 1.64077
0.925 12.014 -2.752 2.20834
0.000 12.791 -1.930 2.37047
0.010 12.821 -1.541 2.53741
0.000 12.747 -1.768 2.35315
0.000 11.913 -3.341 2.28531
0.000 12.004 -4.325 1.74729
0.000 10.954 -4.609 1.67088
0.000 9.170 -5.852 1.29501
0.000 8.683 -6.055 2.48828
0.000 7.232 -6.409 3.19478
0.000 7.172 -6.276 2.51098
0.000 9.658 -6.182 2.07528
0.000 9.358 -5.495 2.01285
0.447 9.269 -4.229 1.87592
0.282 6.531 -3.082 1.44061
0.137 6.344 -3.212 1.97748
1.470 7.866 -5.545 2.19190
0.000 5.113 -6.930 1.48486
0.000 8.455 -6.927 2.17084
3.992 4.295 -5.941 1.20780
0.000 5.562 -5.967 1.26443
0.000 6.221 -5.399 1.16083
0.000 8.208 -5.827 1.90133
0.000 8.817 -5.802 1.72004
0.010 7.010 -5.210 1.47592
0.000 4.353 -6.245 1.37061
0.000 4.861 -6.809 1.59568
0.007 5.997 -6.721 2.00186
0.000 2.051 -7.720 1.52477
0.000 6.076 -7.778 1.56057
0.000 7.314 -6.338 1.93188
0.000 6.168 -8.468 2.71030
0.000 5.189 -9.913 3.46512
0.000 3.314 -11.769 3.18600
0.000 3.916 -11.863 2.60679
0.000 4.911 -9.548 1.89079
0.000 3.109 -9.669 1.75680
0.000 3.659 -10.626 2.02241
0.000 2.762 -10.818 2.11326
0.000 1.993 -9.370 1.29365
0.000 5.057 -9.917 1.74401
0.000 6.700 -10.310 2.72197
0.000 5.441 -9.797 2.16713
0.000 6.031 -8.766 2.01190
0.032 3.745 -8.216 1.41637
0.318 2.224 -10.739 2.10936
0.000 2.776 -10.884 1.55521
0.000 5.265 -10.948 2.23064
0.000 6.256 -10.883 2.67393
0.000 6.193 -10.553 1.90150
0.000 5.568 -9.730 1.80544
0.000 5.906 -10.560 2.25467
0.000 2.943 -10.878 2.46933
0.000 5.223 -11.213 2.26215
0.000 6.446 -11.515 2.29038
0.000 3.022 -10.593 1.97394
0.000 4.905 -11.092 2.03655
0.000 3.709 -11.214 1.66873
0.000 3.602 -11.123 1.79200
0.000 3.840 -11.733 1.86515
0.000 4.646 -12.053 2.03473
0.000 4.891 -10.838 2.03071
0.000 4.520 -10.934 2.51988
0.000 5.858 -10.152 2.31096
0.000 6.942 -9.409 2.23403
0.000 4.664 -11.018 2.07675
0.000 3.529 -11.445 2.37635
0.000 0.693 -12.640 1.89167
0.000 -1.344 -12.593 0.85045
0.120 -0.321 -12.419 2.13509
0.000 1.564 -12.671 2.32490
0.000 -0.558 -12.926 1.73196
0.000 3.687 -13.198 1.98830
0.000 3.206 -12.441 2.13487
0.000 2.202 -12.729 1.84691
0.000 2.684 -13.401 3.78380
0.000 -0.760 -13.258 3.01693
0.290 -1.835 -11.404 2.59532
0.015 -6.102 -13.130 1.42488
0.015 -6.767 -15.018 1.76508
0.000 -2.585 -15.390 2.03633
0.000 1.028 -15.768 2.08193
0.000 -0.627 -16.036 2.18615
