0.000 -1.788 -17.438 3.13711
0.075 -4.811 -16.669 3.94921
1.863 -2.954 -14.455 2.74243
0.042 -4.630 -18.682 4.32197
0.762 -4.523 -18.878 2.51717
0.147 -6.121 -21.319 3.77952
0.000 -6.701 -21.996 3.30152
0.000 -4.221 -22.162 3.41491
0.000 -3.804 -21.317 3.75860
0.000 -0.552 -19.715 3.73702
0.000 -0.068 -14.644 4.00114
0.253 -0.398 -15.141 4.22730
0.001 -1.001 -17.096 4.42042
0.000 -1.427 -17.589 3.57374
2.491 -2.206 -14.159 4.09433
4.057 -5.053 -14.880 2.67113
0.735 -11.016 -21.800 3.50245
0.380 -4.623 -21.190 4.87494
0.047 -6.961 -21.066 4.82848
0.000 -5.271 -21.431 4.70169
0.000 -4.076 -24.722 5.54301
0.000 -5.949 -24.934 3.50791
0.000 -2.626 -22.660 3.92358
0.000 -5.850 -23.038 3.12667
0.000 -1.597 -21.439 4.00080
0.000 -3.720 -17.668 3.82564
0.000 0.897 -16.612 4.36140
0.000 1.630 -15.644 4.73636
0.086 1.128 -15.079 3.09504
3.128 -0.899 -15.744 3.20821
2.080 -7.116 -19.437 3.05389
0.180 -5.837 -19.578 3.19547
0.076 -6.154 -22.905 4.39603
0.000 -4.223 -23.077 2.37201
0.000 -5.712 -20.041 2.97555
0.284 -5.067 -20.735 3.63812
0.000 -3.848 -22.205 4.36646
0.000 -4.793 -22.582 3.68599
0.000 -1.774 -18.921 3.44525
0.347 -1.192 -16.001 4.77725
0.000 -4.900 -17.219 3.87839
0.798 -6.933 -16.252 3.63780
0.162 -7.352 -19.869 3.58646
0.085 -8.157 -22.707 4.81009
0.000 -5.859 -22.780 3.51762
1.021 -6.047 -21.911 3.01847
0.000 -5.489 -22.139 2.70491
0.164 -5.172 -21.584 4.56478
0.065 -3.400 -21.783 4.43252
0.000 -7.217 -20.388 3.78276
0.000 0.375 -20.214 5.55250
0.000 1.695 -17.570 5.44504
3.240 -3.460 -15.878 3.81628
0.017 -7.243 -20.578 4.08485
0.004 -4.421 -20.628 4.15233
0.000 -8.160 -22.133 2.81245
0.003 -4.231 -21.710 3.38892
0.667 -3.893 -15.478 3.56400
0.129 -4.369 -15.829 4.48066
0.245 -6.186 -24.543 3.44904
0.000 -5.581 -24.571 3.51883
0.000 -1.388 -17.866 2.86060
0.000 1.398 -17.869 4.08811
0.014 -1.277 -18.598 4.44432
0.000 0.423 -18.549 4.94812
0.053 1.660 -16.365 4.85357
0.162 0.466 -17.940 6.47142
0.000 -0.920 -17.789 4.64020
0.014 2.358 -15.414 5.09131
0.001 -1.616 -13.356 5.45293
0.027 -1.451 -11.600 3.39455
0.000 -1.260 -14.430 4.67159
0.000 2.463 -14.122 4.73939
0.052 1.503 -14.898 5.01715
0.212 1.450 -14.523 3.46049
0.274 1.903 -13.863 3.03820
0.000 3.162 -13.328 3.29395
0.000 5.512 -9.948 4.23758
0.235 2.047 -12.609 3.26230
0.009 1.512 -12.211 2.84471
0.007 2.521 -11.265 1.37207
0.762 1.357 -7.118 1.51018
0.326 1.925 -12.963 3.84866
0.520 1.014 -12.338 2.52191
1.107 -0.069 -11.454 2.96050
0.384 -0.335 -14.531 1.63460
0.370 0.763 -13.841 2.78621
0.000 1.301 -10.840 4.30332
0.000 4.056 -9.548 4.20663
1.390 2.946 -7.021 2.68532
1.897 5.531 -6.715 2.41933
1.075 3.131 -7.068 2.30846
0.140 3.817 -8.194 2.63966
0.000 5.391 -7.240 3.05340
0.000 8.825 -5.576 3.46797
0.004 8.593 -5.799 3.05004
0.000 11.452 -5.688 3.31113
0.266 11.518 -4.929 3.93772
0.856 10.366 -5.391 3.75861
1.194 10.491 -5.692 4.36753
1.139 5.943 -4.859 4.75817
0.772 6.524 -4.374 4.44356
0.295 4.108 -8.165 3.86384
0.000 6.781 -6.525 4.44137
0.249 8.769 -5.766 4.06226
0.001 5.710 -6.280 3.42030
1.490 5.270 -4.833 3.55746
0.795 2.631 -7.803 2.23813
0.225 6.096 -7.188 3.41749
5.685 1.198 -7.547 1.12586
0.001 6.143 -6.954 2.40405
2.217 6.120 -6.619 2.85380
0.551 3.530 -6.149 2.45935
0.498 1.047 -6.699 1.73892
1.583 3.422 -6.877 2.22263
0.083 5.645 -5.467 2.72091
0.748 1.492 -6.842 1.90478
0.000 5.599 -6.984 1.51408
0.000 8.424 -5.758 1.85297
0.485 11.339 -5.051 2.68423
0.141 12.081 -7.150 4.36657
0.000 13.431 -5.821 3.73287
0.000 13.376 -4.627 2.41206
0.000 14.762 -4.233 2.78498
2.398 15.630 -4.614 3.21129
6.884 9.737 -5.597 1.94769
2.853 6.178 -5.535 1.59045
2.460 10.373 -5.230 1.59247
0.002 13.824 -4.819 1.96624
2.188 12.678 -3.844 4.20341
0.662 11.610 -5.081 3.64510
0.323 13.770 -4.659 3.18385
0.000 13.080 -3.853 1.99644
1.832 14.552 -3.442 3.02152
7.169 8.350 -3.748 1.62639
2.794 5.347 -4.220 2.78307
2.759 8.545 -4.763 1.17197
1.910 9.833 -5.224 1.43829
0.856 12.297 -3.000 1.32851
1.497 8.071 -2.165 1.47294
0.720 13.259 -3.747 1.34054
0.493 13.697 -3.788 2.55654
0.196 12.217 -4.137 1.58381
0.282 13.672 -2.890 2.75880
10.177 12.651 -3.200 2.38158
2.022 9.316 -2.898 0.99402
2.554 13.753 -2.438 1.86691
1.773 10.819 -2.689 1.50818
0.411 12.460 -2.293 2.15879
0.525 13.539 -1.075 1.26158
3.745 11.913 -3.140 2.31271
2.535 15.316 -2.415 2.05162
5.091 14.504 -2.737 1.84434
4.051 10.973 -3.207 1.35429
0.672 12.700 -2.753 3.01408
8.947 12.607 -2.108 1.30793
2.570 13.261 -2.249 2.61718
1.057 11.810 -2.842 1.51447
0.069 13.125 -3.574 1.38103
0.409 17.625 -1.893 2.60494
10.044 13.732 -1.216 2.10600
0.692 14.430 -1.629 1.78034
1.132 16.823 0.480 2.53855
1.100 18.969 0.377 2.40056
4.063 17.458 1.701 1.99123
4.426 15.790 1.362 1.28652
0.923 19.270 1.275 1.72602
7.468 18.383 1.767 2.26796
11.884 15.178 -0.602 1.97909
2.274 12.476 -0.583 1.26847
0.295 13.344 -2.406 1.20513
0.655 12.334 -2.602 1.09258
1.321 16.550 -0.265 1.42319
5.955 13.732 -4.733 2.79613
0.047 12.705 -3.030 2.50155
0.000 15.458 -2.607 1.72510
3.669 17.622 0.155 2.39270
4.077 16.087 0.048 2.95632
6.306 15.404 0.660 2.04578
0.638 11.515 -2.136 1.39948
0.021 15.021 -2.973 2.38233
4.079 12.733 -3.796 2.04345
0.015 13.292 -3.697 1.92103
0.028 16.770 -1.900 1.49970
2.334 16.284 1.237 1.76224
3.566 11.780 -1.742 1.04885
0.717 14.532 -2.554 2.29774
0.010 14.751 -2.403 1.89406
4.536 18.224 -0.992 2.10419
0.730 14.733 -2.675 1.72787
0.365 14.181 -2.256 1.85933
0.010 15.253 -2.047 1.77891
0.000 17.510 -1.301 1.15623
0.224 18.476 1.427 1.05393
0.444 20.946 4.136 1.33546
0.169 20.264 4.500 1.14709
1.093 19.809 5.917 1.41057
2.023 17.238 0.569 1.44593
0.001 18.476 1.096 1.70927
0.000 19.221 1.958 1.34172
0.000 20.402 1.174 1.55315
0.544 20.226 2.453 1.78938
6.220 16.067 1.905 1.47120
0.802 14.904 0.364 1.75628
0.940 18.624 2.209 2.21455
4.878 15.741 2.684 1.59870
6.034 16.021 0.484 2.35179
1.610 13.777 0.287 1.87896
0.250 15.393 -1.611 1.69640
0.065 16.508 -0.231 1.33051
0.004 17.326 2.255 1.24170
0.205 14.440 1.705 1.73021
0.177 15.278 0.063 1.74904
0.442 17.898 1.360 0.98498
0.005 20.312 0.021 1.35730
0.157 21.316 1.818 1.51442
0.306 20.828 2.104 0.80315
1.173 16.961 1.572 1.68202
0.324 18.408 1.589 1.39703
0.000 20.774 1.521 1.39743
0.494 21.099 2.544 3.05122
1.972 17.848 2.860 1.86562
3.095 19.854 3.406 2.29211
3.098 17.754 1.448 1.95357
0.005 16.674 0.612 1.82917
0.001 18.290 0.398 1.71190
0.001 19.364 0.225 2.18782
5.675 19.521 1.411 2.91493
2.393 15.741 0.858 2.23572
4.058 17.808 2.142 1.65371
6.788 17.888 0.821 1.87957
1.409 14.101 0.152 1.97299
0.445 15.634 -0.161 1.27117
1.685 16.271 -0.515 1.47926
3.691 13.412 -1.079 1.79197
0.002 15.108 -1.183 1.00661
3.740 14.387 0.581 1.09597
6.573 15.252 -0.866 1.34319
0.069 14.251 -1.837 1.98082
0.000 16.880 -0.132 1.71118
2.408 17.579 0.452 1.82660
3.137 15.893 1.180 0.95404
1.383 15.074 1.687 1.38037
2.550 15.353 1.085 1.21089
5.234 16.764 1.214 1.39212
0.298 14.275 -2.461 2.58755
0.000 16.398 -1.158 1.70552
0.260 16.517 -0.272 1.74788
2.465 18.575 0.663 1.80756
2.391 15.764 0.982 1.51249
1.976 17.570 0.010 1.48990
4.213 17.151 0.944 1.30162
0.671 17.120 1.028 1.60878
4.341 16.043 -0.389 1.24874
4.140 16.517 0.237 1.80838
3.314 16.428 0.082 2.07094
3.184 17.236 0.682 2.72264
6.011 15.476 1.481 1.52542
2.066 9.441 -1.507 1.44078
1.062 10.903 -2.626 1.62321
0.566 17.250 -0.893 2.35316
2.756 15.315 0.675 2.22874
1.579 15.053 -0.160 2.05191
1.744 13.943 -0.908 1.82723
0.395 16.873 -1.575 2.73698
0.032 17.925 -3.984 2.80012
0.008 18.035 -4.108 2.46941
0.064 16.947 -5.551 2.23726
0.000 15.259 -5.132 2.04769
0.431 14.654 -6.209 1.97516
0.000 13.583 -5.603 1.37324
0.105 15.483 -4.788 2.05604
0.218 14.871 -4.346 2.38233
0.396 12.228 -5.603 1.75379
0.007 12.111 -5.408 1.38102
0.259 10.410 -3.312 2.05904
2.242 7.980 -4.106 1.22028
0.586 8.435 -6.125 1.67981
0.114 9.044 -5.695 2.32287
0.202 9.584 -5.646 2.37351
0.262 9.940 -5.454 1.85555
0.818 9.200 -5.847 2.32742
0.219 9.234 -6.787 1.54679
0.018 11.790 -6.735 2.56441
0.000 12.384 -6.009 3.67332
0.055 12.729 -5.651 3.43893
0.000 12.619 -5.186 3.21540
1.416 9.841 -5.356 3.29716
0.485 8.228 -5.940 2.32351
0.090 8.219 -6.023 3.40324
0.000 6.044 -8.110 3.05095
0.000 5.632 -7.771 1.64080
0.000 8.227 -6.235 1.90297
0.006 7.018 -5.938 2.17508
0.355 2.858 -6.461 1.06862
0.026 2.338 -6.255 0.96797
0.000 5.904 -6.682 1.74823
0.000 5.791 -7.032 2.12401
0.000 7.012 -6.928 2.18415
0.000 3.572 -7.653 2.11773
0.000 7.935 -7.674 2.92327
0.000 6.181 -7.849 2.44101
0.000 5.659 -8.053 2.49256
0.000 7.143 -8.234 2.43185
1.398 2.551 -5.483 1.65502
0.751 4.247 -4.773 1.87668
0.035 2.223 -10.612 3.02775
0.000 4.631 -10.902 2.10075
0.000 1.116 -9.781 1.04919
0.457 1.827 -9.868 1.48110
0.368 1.792 -10.783 1.83486
0.010 1.246 -11.638 1.94664
0.000 2.792 -11.817 1.00855
0.000 3.107 -11.539 1.49734
0.000 2.806 -11.264 1.29080
0.000 2.129 -10.442 1.76940
0.015 0.677 -10.586 1.60684
0.343 -0.893 -11.638 1.16604
0.019 -0.519 -12.461 2.21973
0.000 -1.314 -14.475 1.93203
0.000 -1.569 -14.744 1.30037
0.000 -1.763 -14.088 1.35833
0.359 -3.351 -16.320 1.97575
0.029 0.833 -16.467 1.67259
0.000 0.431 -12.600 2.34027
0.000 -0.694 -12.455 1.43526
0.000 -1.125 -11.906 1.76924
0.007 -2.478 -16.148 2.09388
0.000 -0.866 -16.379 1.77129
0.000 -0.492 -14.347 1.52530
0.027 -0.285 -13.229 2.69652
0.202 -0.911 -11.556 1.80247
0.404 -3.341 -13.501 1.15057
0.246 -2.225 -16.787 2.51416
0.005 -8.230 -17.569 2.35675
0.000 -5.366 -19.017 2.67349
0.000 -1.558 -19.128 1.65401
0.439 -3.477 -16.053 2.04265
0.005 -4.140 -20.298 2.69218
0.000 0.225 -20.559 2.36748
0.000 0.406 -16.073 3.60968
0.000 2.122 -15.928 5.00756
0.000 -0.566 -15.210 4.83463
0.000 -1.151 -17.449 3.79793
0.000 -2.602 -20.356 4.50034
0.000 -5.776 -20.775 3.86408
0.000 -0.414 -20.918 4.96640
0.000 -1.540 -19.056 3.91319
0.000 3.477 -18.207 3.07417
0.000 -5.793 -18.901 3.30970
0.000 -2.344 -20.000 2.94863
0.019 -7.349 -20.620 3.23767
0.000 -6.830 -20.335 1.07153
0.272 -5.910 -19.021 1.55157
0.000 -6.879 -19.460 2.25307
0.000 -4.745 -21.174 2.65115
0.000 -3.531 -21.398 2.66223
0.000 -3.213 -17.949 2.68807
0.000 -3.600 -18.199 3.77077
0.000 -2.477 -16.383 3.05547
0.000 -0.361 -17.284 3.59582
0.000 -0.122 -17.287 3.75000
0.000 -1.972 -19.156 3.94632
0.026 -3.602 -19.448 3.75540
0.067 -7.015 -16.950 3.13663
0.208 -11.483 -20.772 1.99995
0.020 -11.179 -23.405 3.73757
0.000 -11.843 -24.097 3.68554
0.000 -8.299 -24.247 1.65860
0.131 -7.820 -21.554 1.72615
0.000 -5.722 -21.937 3.23713
0.000 -4.712 -21.690 2.95746
0.000 -0.718 -21.390 3.07137
0.342 -1.877 -17.810 3.72881
0.128 -4.235 -19.567 3.55326
0.000 -3.674 -19.977 3.14187
2.302 -3.606 -15.213 2.91545
1.726 -6.859 -14.601 2.86375
0.263 -9.599 -20.608 3.10309
0.000 -4.009 -19.750 3.60735
0.001 -3.847 -18.687 4.05645
0.524 -2.748 -18.950 4.58326
0.071 -6.171 -21.717 4.16694
0.000 -5.304 -22.000 3.53228
0.076 -6.631 -17.523 4.35078
0.394 -8.335 -16.228 3.74704
0.003 -11.049 -24.510 2.99836
0.000 -9.948 -25.118 3.75526
0.000 -6.335 -25.012 3.41324
0.000 -8.536 -22.207 3.50885
0.000 -5.481 -23.906 4.61309
0.000 -4.721 -24.136 3.34423
0.000 -2.426 -21.288 3.22682
0.000 -2.777 -21.070 3.42368
0.000 -6.943 -22.795 4.07004
0.000 -8.297 -25.161 5.39279
0.000 -4.440 -25.332 3.41310
0.000 -4.043 -21.570 3.89694
0.000 -4.171 -21.326 1.97211
0.085 -2.523 -15.806 2.79349
0.265 -5.399 -17.385 1.61360
0.002 -6.713 -22.676 3.33876
0.000 -5.110 -23.116 4.30187
0.004 0.614 -17.643 3.31356
0.528 -2.872 -18.077 2.54729
0.009 -3.907 -18.408 3.92581
0.042 -1.568 -18.427 3.21150
0.136 0.394 -15.717 2.70367
0.053 1.003 -17.336 3.36984
0.000 0.241 -17.526 3.90343
2.014 1.008 -15.269 3.42063
1.531 -2.433 -17.420 4.25546
0.123 -4.882 -17.869 3.26054
0.313 -4.944 -17.207 3.85287
0.100 -6.095 -17.387 2.76875
0.385 -7.037 -16.251 3.14267
0.029 -5.660 -15.102 4.09819
0.201 -3.462 -14.825 2.29115
0.931 -4.487 -15.074 4.35458
0.037 -6.407 -19.000 3.98490
0.196 -6.686 -19.959 4.45586
0.000 -5.470 -19.224 3.13919
0.063 -5.164 -19.100 2.45728
0.011 -3.112 -20.317 3.67210
0.225 -3.682 -20.313 3.87103
0.071 -1.151 -19.698 3.84049
0.183 -0.311 -18.811 4.19699
0.282 0.949 -18.829 3.91625
0.274 -0.847 -12.180 3.92905
0.000 1.901 -14.235 5.60017
0.944 2.018 -14.106 5.42928
0.402 -2.988 -13.018 4.09430
0.064 -0.189 -13.002 5.11830
0.439 0.264 -13.251 5.43244
0.608 0.711 -13.209 4.92870
0.915 -4.117 -18.778 4.91762
0.263 -1.536 -18.396 5.14328
0.386 -3.539 -18.939 5.73840
0.000 1.623 -18.244 5.62142
0.690 1.484 -11.139 3.41598
0.416 -2.420 -12.292 2.19265
0.225 -1.445 -13.576 2.89601
0.000 4.374 -12.713 4.59585
0.029 2.983 -8.910 2.43919
0.098 4.756 -11.194 4.07849
0.000 6.018 -10.444 4.17772
0.223 8.551 -4.882 4.38255
0.026 6.866 -7.829 3.72267
0.000 8.769 -7.158 3.80458
0.000 10.557 -5.285 4.54381
2.030 8.778 -4.064 4.25739
0.482 3.182 -7.854 2.87806
0.007 6.289 -6.717 3.09542
3.382 7.435 -6.426 3.92785
0.147 2.173 -7.331 3.97940
0.166 3.931 -7.513 4.47383
0.235 4.890 -7.627 4.50922
0.032 3.153 -7.990 5.93335
1.314 2.014 -9.536 5.22288
2.876 -0.575 -8.988 3.79835
0.413 0.563 -14.115 4.66688
0.083 0.652 -13.041 4.85617
1.638 -3.102 -13.955 4.42242
0.000 0.698 -13.719 2.73856
0.099 7.713 -11.720 3.04391
1.109 8.355 -5.731 3.12769
1.229 7.323 -3.995 4.26608
1.692 3.468 -8.322 4.23736
0.832 1.001 -8.132 4.08133
0.434 5.891 -7.310 3.96017
0.119 7.401 -6.611 5.62909
0.214 5.419 -6.552 4.22914
0.000 9.229 -5.992 4.50546
0.386 8.313 -5.706 4.32585
0.135 10.036 -5.689 5.27477
4.129 5.380 -7.521 4.60594
0.298 9.156 -5.714 5.64151
0.318 9.892 -5.629 4.87742
2.304 5.005 -6.539 3.44330
0.102 9.366 -5.129 5.91392
1.176 11.334 -5.189 3.75659
1.332 13.103 -5.662 4.20037
1.234 10.662 -5.794 3.22872
0.071 9.047 -3.166 3.73200
0.302 12.030 -5.348 2.63429
0.507 8.019 -4.294 1.81753
2.056 10.794 -5.198 1.92371
0.181 12.497 -5.428 2.81814
1.393 8.526 -6.747 1.90407
0.065 6.981 -5.757 1.68160
0.011 8.156 -5.400 1.59904
0.039 8.204 -6.471 1.02922
0.000 11.994 -6.164 2.25008
0.000 12.865 -3.926 2.66710
0.000 14.769 -4.239 2.35798
0.000 16.531 -0.592 1.71314
0.257 18.434 -0.492 3.02177
5.123 11.148 -3.254 1.63740
5.129 13.569 -3.070 2.40766
0.379 15.626 -3.488 2.85400
1.225 15.718 -2.357 2.19811
0.006 19.721 -1.498 4.03910
0.388 20.240 -1.145 3.85799
0.154 19.744 -1.815 5.00763
0.724 17.932 -5.540 5.56967
1.122 14.754 -3.978 5.29749
0.028 18.497 -1.803 5.11544
0.352 19.177 -3.115 4.28002
0.397 20.293 -1.159 3.54156
0.467 20.546 -1.363 2.99176
0.489 20.183 -3.910 3.80173
0.001 19.403 -1.888 1.83111
0.021 21.013 -2.355 2.48966
0.056 21.298 -1.958 3.04072
0.021 21.078 -0.422 2.17288
0.015 21.000 0.160 1.90530
1.079 21.313 0.876 2.16646
0.090 22.637 0.310 3.17981
0.007 23.387 0.500 2.79781
0.001 23.890 1.158 3.00963
0.054 22.671 1.431 2.10535
0.376 22.478 0.439 2.43716
0.735 18.468 0.347 1.84950
0.006 18.983 0.609 1.21763
0.087 19.852 1.870 1.47899
0.619 20.245 3.407 1.17249
5.346 21.035 3.178 1.81427
9.568 19.509 2.497 2.54019
5.669 15.701 -1.649 2.38528
3.066 14.330 0.127 1.69340
0.626 15.359 -5.218 2.85670
0.000 14.041 -2.828 2.62381
5.112 16.425 -0.118 1.74924
3.198 11.378 0.019 1.65282
8.765 14.252 -1.000 2.74249
9.591 17.408 -0.449 2.04062
7.277 15.652 0.566 1.94978
1.896 16.921 0.064 3.03734
10.506 18.234 1.236 2.84150
6.370 19.234 2.093 2.76721
1.699 16.654 -0.166 1.97968
1.557 15.220 -0.001 1.02154
4.947 16.298 1.523 1.81579
0.996 17.253 1.786 1.74686
1.510 14.879 0.889 1.63423
3.254 15.628 -1.174 2.51587
7.650 15.753 0.301 1.63559
11.892 13.863 0.473 1.83415
5.725 11.903 -0.848 1.74198
3.680 12.281 -0.956 1.48765
4.167 13.649 -0.184 1.78536
7.385 11.906 -0.646 1.62610
2.467 13.502 0.053 2.07188
8.239 13.906 -3.597 2.55862
0.007 14.449 -2.147 1.62096
0.571 17.051 -0.234 2.43240
7.396 17.648 1.537 2.57365
4.953 15.734 0.443 1.92966
5.370 14.654 0.329 0.87310
1.054 15.733 1.489 0.97363
5.988 14.925 0.619 1.39372
6.320 13.943 -1.381 1.56321
0.117 13.795 -0.345 0.94889
0.003 15.992 -0.796 0.98424
0.000 16.287 -1.034 0.92328
0.000 17.743 -0.744 1.58592
1.170 17.632 2.201 1.07292
1.467 15.591 -0.702 1.65870
3.156 16.771 -1.770 1.58431
0.118 15.858 -0.866 1.55253
1.441 19.618 2.453 2.23924
0.604 18.086 1.651 2.16099
1.101 18.761 1.604 1.91972
1.503 17.684 2.391 1.54835
4.392 17.675 3.380 1.60649
10.395 16.119 1.919 1.82073
10.983 14.861 1.262 1.97031
3.668 15.437 -0.088 1.62791
3.326 12.170 0.833 1.86230
0.774 12.344 -0.335 1.44232
3.944 15.278 0.538 1.84220
0.000 15.854 0.166 1.52862
0.025 16.763 0.198 1.75512
0.731 18.293 2.582 1.94119
4.104 17.598 2.755 2.46696
3.988 14.174 1.481 2.07077
4.073 16.879 -0.180 1.92100
0.004 15.245 0.214 1.15508
0.602 14.086 -2.641 1.19742
5.877 12.867 -0.151 1.44430
10.692 12.191 -3.490 2.64196
0.124 5.590 -6.329 1.46520
0.104 12.882 -3.179 0.96684
0.071 15.085 -1.064 1.05235
0.000 15.816 -1.785 0.90284
2.609 15.081 0.560 1.07440
3.359 10.654 -2.666 1.85180
0.000 14.149 -2.398 0.96126
0.007 16.679 0.298 2.04671
1.805 15.340 -1.519 2.01331
0.405 15.930 0.116 1.51739
3.380 15.326 -0.206 1.82231
0.294 15.608 0.873 1.29638
13.174 15.856 -1.977 2.68788
4.967 14.363 -1.029 1.24152
6.017 15.329 -0.287 2.86944
3.018 17.702 0.087 2.69855
1.113 18.045 -1.686 2.24860
0.034 17.760 -1.770 2.04823
0.000 17.459 -1.306 1.85273
0.036 17.980 -1.090 1.59776
0.104 18.640 0.692 1.64472
0.595 17.749 1.688 1.72263
2.150 15.775 1.389 2.09251
10.539 15.680 2.362 1.64077
1.380 14.296 0.233 1.10381
3.899 15.218 0.297 2.03146
4.024 14.097 -0.562 2.04048
3.388 14.895 -1.680 1.93804
3.939 14.141 -1.550 1.66364
3.579 13.686 -1.783 2.08382
3.071 12.945 -2.343 1.84551
0.033 12.215 -2.084 0.97410
3.062 13.322 -2.831 1.89347
4.233 10.387 -2.905 1.05377
0.000 11.756 -3.493 1.64785
1.903 12.264 -2.670 1.38915
0.758 10.601 -2.809 1.34327
2.668 11.380 -4.968 1.94409
0.990 7.579 -4.221 1.60623
0.040 7.975 -5.371 1.00660
0.001 10.595 -4.819 1.46913
2.379 11.409 -4.127 2.84698
0.676 7.397 -3.929 0.82686
0.001 9.113 -3.550 0.82370
0.003 10.900 -2.035 0.75204
2.622 10.672 -3.403 1.98422
4.118 9.540 -3.369 1.85776
1.176 10.517 -5.560 1.41056
0.224 10.270 -5.162 1.36503
1.022 9.458 -3.486 1.29256
0.631 6.949 -4.625 1.21423
1.232 9.185 -3.961 2.56964
3.286 6.236 -6.244 1.37094
0.060 6.056 -6.609 1.74846
0.019 7.804 -6.458 1.62655
0.019 8.292 -5.451 1.85803
1.604 7.000 -5.078 1.28851
0.211 9.095 -5.154 2.58762
0.391 6.218 -6.950 2.48279
0.000 6.457 -6.895 2.17142
0.120 9.068 -6.255 2.66779
0.132 10.120 -6.266 2.67484
0.000 10.739 -5.353 2.34311
2.859 7.611 -4.124 2.04679
1.931 6.134 -6.521 3.58606
0.222 7.515 -6.543 3.20146
0.273 7.702 -5.671 3.35680
1.184 8.025 -5.607 2.77438
1.915 6.778 -4.830 3.11157
0.494 7.541 -5.418 2.17234
0.392 6.498 -5.491 2.29360
0.039 3.396 -7.188 2.45412
0.000 6.191 -7.377 2.44178
0.000 7.876 -7.607 2.87604
0.000 8.794 -7.657 1.65111
0.000 9.517 -5.401 2.31863
0.037 8.489 -4.853 2.43835
0.007 8.499 -4.798 2.68509
1.190 6.696 -5.923 2.50017
0.483 4.011 -6.880 2.54582
4.934 0.115 -7.752 1.84614
1.560 -0.243 -12.597 2.11671
0.004 1.366 -12.833 1.74703
0.000 0.630 -9.765 1.53602
0.021 2.887 -11.549 2.04624
0.000 4.853 -11.987 2.76322
0.147 4.700 -11.967 1.33863
4.814 0.649 -6.778 1.44398
1.185 4.568 -6.909 2.86486
0.320 0.145 -16.442 2.55366
0.000 -0.897 -16.647 2.50375
0.000 2.041 -15.005 3.34645
0.000 1.866 -14.983 2.52205
0.000 3.738 -12.490 2.98229
0.025 3.941 -11.446 2.86166
0.850 1.350 -11.477 2.54970
0.139 -0.785 -16.115 3.12497
0.031 -3.676 -17.298 2.92764
0.094 -3.029 -17.611 3.60115
0.000 -1.377 -17.018 2.22483
0.010 -0.110 -17.221 2.15834
0.000 0.875 -15.772 2.88501
0.000 0.834 -14.601 2.58646
0.001 -0.852 -17.695 2.29864
0.000 -1.359 -17.991 3.37342
0.000 -0.254 -16.765 3.57925
0.000 -0.408 -17.172 2.65290
0.000 -1.685 -16.438 3.67322
0.000 -1.367 -16.546 3.30825
0.000 -1.250 -16.156 3.13028
0.000 -2.118 -17.951 3.77224
0.286 -2.996 -18.300 2.28404
0.075 -6.720 -20.422 2.51446
0.003 -2.638 -20.536 3.15648
0.000 -4.135 -18.509 4.20201
0.000 0.497 -18.408 3.13296
0.000 -0.216 -15.025 3.41167
0.000 -2.273 -15.364 3.23690
0.056 -1.379 -15.869 3.75064
0.110 -4.056 -19.581 5.27375
0.003 -2.397 -19.748 5.53210
1.745 -0.998 -13.023 5.18442
0.593 -3.432 -18.224 4.95918
0.308 -4.054 -18.344 4.59982
0.024 -5.800 -17.973 3.60038
0.782 -2.056 -18.355 2.95907
0.937 -4.371 -17.248 3.86645
0.299 -2.893 -15.158 2.81856
0.390 -3.616 -13.815 2.29853
1.565 -5.717 -13.844 2.48812
1.410 -5.743 -14.699 2.59494
0.268 -7.545 -23.435 3.06348
0.030 -5.373 -23.641 2.18905
0.198 -8.557 -19.996 2.11467
0.000 -10.906 -24.905 1.95665
0.000 -9.482 -25.298 1.74597
0.000 -6.570 -23.159 2.03650
0.000 -9.202 -21.309 1.39815
0.007 -8.272 -21.479 1.51624
0.000 -9.641 -24.561 2.77786
0.000 -7.883 -24.896 2.26864
0.000 -5.903 -23.023 2.57766
0.001 -5.887 -22.560 2.92128
0.000 -7.120 -23.055 3.00163
0.000 -6.235 -19.653 2.39409
0.059 -5.644 -19.476 2.73158
0.029 -8.326 -21.869 3.39941
0.000 -4.171 -21.635 2.15970
0.223 -4.015 -19.342 2.89794
0.310 -7.353 -19.672 3.96099
0.471 -9.209 -22.817 4.12948
0.459 -4.528 -21.016 5.14320
0.141 -6.523 -17.138 5.41566
0.036 -3.384 -18.538 4.43946
3.557 -2.970 -18.588 4.67781
0.342 -8.021 -20.807 4.34017
0.000 -10.413 -24.922 4.39279
0.124 -6.757 -24.543 4.66803
0.182 -9.779 -21.998 3.64236
0.051 -7.025 -20.232 4.60787
0.001 -7.059 -21.122 3.88216
0.168 -6.778 -20.899 4.44744
0.359 -9.243 -22.850 3.94803
0.062 -7.803 -22.958 3.54098
0.000 -4.102 -21.130 4.74379
0.000 -1.741 -19.332 5.74910
0.000 0.926 -17.244 5.55612
0.000 0.500 -19.328 4.52073
0.000 -5.311 -21.822 4.17472
0.000 -3.155 -22.026 2.75117
0.000 -3.108 -20.322 2.99803
0.636 -2.635 -21.611 3.67558
0.000 -8.246 -23.735 3.46090
0.000 -4.083 -23.982 2.96079
0.130 -1.092 -20.850 2.97908
0.183 -5.614 -19.976 2.62600
0.214 -2.482 -20.310 3.84056
0.000 0.588 -19.160 2.65012
0.007 -2.737 -18.731 2.86385
0.000 -0.271 -18.827 2.66368
0.000 -0.323 -17.973 3.40781
0.022 -1.786 -18.457 1.95376
0.000 0.658 -18.593 4.63847
0.000 1.030 -16.847 3.63178
0.233 1.707 -16.627 5.03236
0.120 -4.248 -19.927 5.46508
0.000 -2.354 -20.039 4.45581
0.000 -0.371 -19.546 3.94778
1.317 -5.337 -14.095 2.21249
2.411 -8.012 -15.652 2.16507
0.102 -5.247 -19.179 4.21490
0.234 -5.911 -19.338 4.17209
0.000 -5.535 -19.152 4.80377
0.284 0.557 -14.782 5.59152
0.064 0.207 -14.502 5.05479
0.448 1.185 -14.510 4.17976
0.783 -1.993 -17.868 4.19237
0.063 -3.531 -18.529 3.74095
0.088 -2.589 -20.007 3.28181
0.000 -0.429 -20.042 3.38147
0.000 1.425 -17.523 2.09697
0.000 3.937 -14.531 3.12340
1.109 0.336 -12.126 1.83818
0.058 1.643 -13.070 1.27768
0.000 3.582 -13.010 2.21764
0.000 4.216 -12.382 3.13353
0.725 2.608 -13.358 5.41356
0.000 -0.169 -13.426 4.35091
0.225 4.179 -11.985 5.08699
0.065 0.834 -11.843 4.60661
0.001 4.772 -11.524 5.05253
0.130 2.156 -11.540 5.50369
0.001 3.880 -11.271 6.69391
0.005 7.312 -7.800 7.88061
0.001 6.671 -4.496 6.68012
0.003 7.183 -4.332 6.11808
0.194 5.567 -6.721 5.55980
0.200 6.042 -6.225 6.01994
0.009 0.732 -8.125 4.33123
0.004 4.209 -7.299 5.17592
0.843 3.336 -6.128 5.90048
0.400 1.305 -10.621 6.57651
0.151 2.462 -10.096 4.20650
0.953 0.949 -12.172 3.88416
1.043 -1.382 -13.884 3.13960
0.009 -3.006 -15.973 2.86713
0.074 3.760 -14.449 4.06901
0.284 5.844 -5.375 5.73285
0.053 6.790 -6.125 6.82847
0.629 3.981 -6.115 4.04375
1.606 2.881 -11.110 4.74167
0.063 1.192 -12.066 4.66246
0.029 2.724 -11.237 3.99862
0.033 1.938 -9.959 5.19890
0.000 5.640 -9.412 5.16704
0.007 6.356 -7.963 4.99525
0.007 7.294 -5.640 4.74220
0.045 6.504 -6.259 5.12161
0.077 6.018 -6.057 5.42070
0.007 4.934 -7.522 4.73970
0.031 5.879 -7.101 5.54260
0.000 7.831 -6.337 4.04007
0.305 8.474 -5.741 4.60969
0.000 2.526 -7.341 6.35797
0.000 7.185 -5.593 4.54725
0.000 11.922 -4.102 3.36828
0.000 14.012 -4.096 3.10154
0.117 9.885 -3.189 2.01954
1.036 12.195 -4.883 2.64310
0.022 10.975 -7.871 3.98405
0.007 9.234 -6.187 2.28161
0.530 10.004 -5.723 3.10019
0.565 6.265 -6.120 1.49417
4.116 4.364 -6.429 1.86786
2.453 8.468 -5.911 3.17370
0.748 5.358 -9.061 3.29894
0.000 9.480 -6.292 2.37357
1.189 11.047 -5.362 2.82036
0.001 9.351 -5.348 2.40009
0.514 12.197 -5.066 2.85893
0.470 10.408 -4.704 3.45774
1.375 14.280 -4.495 3.38420
0.185 11.290 -4.442 2.72294
0.145 15.832 -5.083 4.23281
0.418 15.298 -4.430 4.01269
0.359 14.549 -4.704 3.68644
0.037 13.618 -2.838 2.67953
1.250 14.177 -4.838 2.39999
0.140 14.302 -6.557 3.04975
1.102 10.669 -5.333 1.48291
1.124 6.703 -5.334 1.78179
0.455 7.094 -5.047 2.51303
0.034 10.072 -6.023 4.05645
0.943 5.868 -6.405 2.59423
0.671 9.510 -3.435 2.00201
2.061 8.147 -5.615 1.60779
3.092 10.560 -4.280 1.38804
6.514 5.435 -4.318 1.45314
1.846 8.682 -4.200 1.31722
1.959 13.477 -4.640 2.78156
0.355 13.695 -3.334 3.12863
0.000 14.287 -4.685 2.41037
0.919 12.070 -2.899 2.27479
2.398 17.547 -2.770 2.44371
1.730 12.862 -1.276 1.27055
4.363 16.818 -0.816 2.29247
6.159 11.205 -2.407 2.07481
1.275 11.710 -1.004 1.68663
2.487 12.732 -4.411 3.06459
4.370 12.251 -3.252 2.37744
5.189 12.234 -1.244 1.19026
2.857 10.770 -1.835 1.46756
9.947 10.038 -3.134 1.55214
2.191 7.431 -4.289 2.27981
0.564 10.762 -4.451 2.66448
2.063 11.510 -2.666 3.26581
3.390 12.955 -2.611 3.86177
1.890 6.265 -3.921 1.67004
0.001 10.419 -5.664 1.47145
0.017 10.819 -3.710 2.22812
0.027 11.889 -3.546 1.87891
0.037 11.182 -3.365 1.94158
0.008 12.258 -4.176 1.03406
0.051 14.998 -2.273 1.21348
0.038 17.452 0.107 2.44388
3.250 16.701 0.562 2.33916
1.387 16.383 1.181 1.65408
1.149 18.285 1.516 2.06202
1.871 20.437 1.880 1.60731
0.672 18.660 2.087 1.93794
0.717 18.181 3.073 0.98678
9.424 16.304 1.737 2.00476
13.800 17.535 -1.784 3.26424
1.038 11.103 -1.613 1.51455
2.429 16.002 -1.069 1.71547
6.050 16.076 0.956 1.57174
3.422 15.807 0.713 1.44190
2.531 15.156 -1.590 1.73722
6.937 15.286 0.230 1.39552
3.302 11.179 1.257 1.34315
10.698 16.983 0.852 2.81455
5.661 16.412 0.872 2.10234
2.542 13.699 1.434 1.54567
3.888 15.108 2.310 0.92123
5.275 14.879 2.580 1.72662
2.357 15.703 0.334 2.00080
2.808 17.197 2.571 1.66478
5.775 17.052 3.160 1.18365
1.177 16.905 -1.128 1.44232
1.145 15.200 -2.440 1.44383
0.000 15.842 1.363 1.29429
1.510 15.284 1.070 1.42756
6.225 13.817 0.440 2.09977
4.124 16.618 0.013 3.13447
3.868 13.189 1.538 1.55266
3.474 16.362 0.669 1.47282
0.064 16.709 1.928 1.47960
1.313 13.640 1.061 1.86345
2.409 13.609 1.403 1.66777
2.458 12.203 0.539 1.83736
5.940 16.562 1.674 1.00982
2.724 15.734 3.078 0.81958
0.061 18.008 4.088 1.14525
7.782 14.384 3.011 1.31834
6.014 16.649 2.356 1.51484
1.319 18.605 0.422 2.16319
1.712 19.341 1.498 1.97832
4.308 16.802 1.471 1.71801
3.735 14.403 0.419 1.98624
0.101 14.909 0.641 1.01448
0.355 13.064 1.188 1.35382
0.058 14.384 -2.048 1.43546
0.000 15.204 1.051 0.83289
5.035 14.770 -0.404 0.90988
1.155 15.976 -0.206 0.93987
0.340 17.671 1.760 1.01010
0.038 17.469 0.789 1.24217
4.717 17.822 2.493 1.40224
2.405 17.788 2.855 1.27860
7.665 18.375 3.067 1.84857
8.418 14.674 0.709 1.93415
0.715 14.962 0.472 1.82244
1.400 14.738 0.138 1.23458
1.001 14.134 -1.098 1.20241
0.134 13.722 -0.730 1.06995
1.770 12.946 1.129 1.31486
0.025 15.080 -1.495 1.42432
0.000 17.305 -0.320 1.72278
0.003 18.207 1.644 1.76611
0.258 20.080 -0.296 1.97299
0.001 19.742 -0.759 2.05765
0.148 19.521 0.133 1.71699
0.000 19.096 -0.850 1.88774
1.437 18.352 -1.116 1.69183
0.714 18.273 1.152 2.02803
1.705 17.133 0.374 1.80387
2.739 17.698 0.029 1.80316
6.310 15.176 1.332 1.53903
4.574 16.112 1.967 1.39382
1.908 11.653 -2.059 1.40961
0.977 12.613 -2.071 1.55269
0.000 16.137 -2.107 1.35649
1.607 18.630 0.361 1.72080
8.835 16.104 -1.962 2.05857
0.918 13.138 -1.528 1.38031
6.504 16.454 0.862 2.36456
5.232 13.188 -0.298 1.66172
4.782 9.994 -0.499 1.38815
5.766 11.744 -1.031 1.08614
3.981 14.422 -0.478 1.43181
10.159 12.742 -1.150 1.38175
2.802 13.659 -1.907 1.75188
10.547 14.539 -2.669 2.37332
2.435 9.739 -3.542 1.69883
0.000 9.980 -3.983 1.11129
0.000 11.137 -3.573 1.01176
0.000 12.954 -2.661 1.13014
1.455 8.045 -2.820 1.26499
6.866 10.138 -3.315 1.75947
8.711 10.372 -4.161 2.28066
8.462 5.216 -5.673 2.27511
3.041 8.368 -4.069 0.75279
1.045 10.306 -3.046 1.52772
1.689 10.131 -2.395 0.86308
0.076 9.774 -2.758 0.91281
0.000 11.088 -3.362 1.50975
1.437 10.168 -4.662 1.02132
0.000 10.774 -3.789 1.82931
3.241 11.439 -3.469 1.50116
4.279 9.514 -2.967 0.98682
4.462 9.763 -1.744 1.54969
2.917 8.665 -3.596 0.98373
1.789 6.354 -5.235 0.92793
0.008 6.961 -4.379 1.39600
0.068 9.147 -3.946 1.68526
1.161 10.980 -2.141 2.27973
7.307 11.292 -5.797 2.11527
7.253 10.679 -5.526 2.41352
1.591 9.607 -3.496 2.81735
1.050 10.095 -3.720 2.36465
1.216 8.846 -4.483 2.52072
1.437 7.678 -4.445 1.63976
0.345 7.596 -5.714 1.88885
0.285 7.824 -5.539 1.77816
1.930 6.986 -4.689 0.93828
0.630 6.352 -4.858 1.47747
0.468 9.521 -4.842 2.39583
3.238 8.338 -5.559 2.68426
0.431 1.286 -8.618 1.67370
0.000 2.693 -8.785 0.89534
0.000 4.060 -7.611 1.89372
0.000 6.396 -5.747 2.14231
0.000 7.978 -5.825 3.24285
0.000 8.488 -5.311 3.33324
0.000 8.479 -5.718 3.00835
0.244 8.628 -5.754 3.03056
2.627 5.378 -5.458 2.48216
4.317 -0.042 -6.941 2.22546
0.701 -0.012 -6.928 1.31174
0.044 3.049 -7.215 2.46732
0.297 1.720 -6.739 0.92117
3.212 1.873 -4.756 1.38665
1.909 1.689 -6.601 1.98252
0.010 0.271 -16.556 3.45097
0.000 0.810 -16.583 2.59632
0.076 2.700 -13.937 3.20573
0.000 -0.334 -12.853 2.70977
0.000 2.307 -12.799 2.16711
0.000 5.034 -12.768 3.06799
0.239 4.328 -9.749 2.77246
0.007 2.169 -14.459 3.13251
0.000 2.308 -14.697 2.66003
0.000 3.368 -13.623 2.94893
0.000 4.653 -13.432 3.13563
0.000 3.606 -13.111 3.47221
0.000 4.293 -12.985 3.19609
0.000 3.828 -13.331 2.43333
0.000 3.330 -13.658 3.70354
0.000 5.125 -15.435 3.55020
0.000 -0.371 -16.735 3.02175
0.001 -1.884 -16.903 1.70625
0.000 1.737 -14.581 3.93722
0.297 3.230 -13.025 2.99347
0.212 2.666 -12.044 3.80088
0.051 -0.813 -12.476 3.40303
0.101 -3.149 -14.566 2.46543
0.403 -1.486 -13.891 2.63458
1.176 -2.758 -13.745 2.83689
0.114 -3.857 -15.118 3.59563
0.473 -7.020 -15.033 1.50460
0.034 -1.598 -18.214 3.77339
0.000 -3.661 -18.893 2.92777
0.000 -3.765 -18.961 1.36540
0.000 -3.558 -18.794 2.90777
0.000 -2.056 -18.527 3.68751
0.000 -0.938 -18.734 4.05950
0.000 -0.922 -18.284 5.52875
0.000 0.159 -17.357 6.15913
0.000 -0.113 -17.754 3.97137
0.000 0.898 -18.566 3.23340
0.000 1.200 -18.946 3.64067
0.000 -0.364 -19.258 3.90497
0.000 -2.444 -18.635 3.50586
0.000 -0.896 -19.874 3.67999
0.000 -4.736 -22.170 3.12732
0.000 -4.883 -22.479 3.31741
0.000 -2.367 -21.587 3.18499
0.000 -4.108 -20.770 2.65540
0.000 -6.649 -18.510 2.22357
0.000 -7.047 -21.899 3.59891
0.000 -1.841 -22.028 3.30859
0.000 -6.124 -21.479 3.81922
0.000 -2.778 -21.739 2.85619
0.000 -2.992 -19.413 1.51914
0.000 -2.117 -20.445 1.96404
0.000 -5.012 -21.045 2.43997
0.000 -3.058 -21.488 2.45545
0.000 -5.133 -21.932 3.36565
0.000 -0.499 -20.873 2.73265
0.000 1.309 -15.133 3.14033
0.017 -0.511 -18.777 2.74540
0.000 -3.502 -19.599 2.31905
0.000 -4.222 -19.908 2.72340
0.000 -7.091 -20.854 4.13939
0.000 -1.991 -21.101 3.27918
0.000 -1.567 -19.923 2.57441
0.000 -1.633 -20.272 3.26006
0.000 -3.461 -20.561 3.68930
0.000 -1.168 -19.708 2.89224
0.000 -0.097 -14.931 2.76450
0.100 -3.414 -20.171 3.22129
0.000 -7.066 -20.525 3.05077
0.000 -5.998 -21.072 1.67603
0.000 -6.372 -22.209 1.99083
0.000 -6.911 -22.587 2.49166
0.000 -3.957 -19.873 2.24905
0.207 -6.404 -20.393 2.01849
0.130 -6.420 -21.062 2.73796
0.000 -4.354 -22.379 4.20122
0.000 -3.982 -22.532 2.80466
0.007 -5.268 -17.919 2.89048
0.001 -8.202 -24.148 2.90290
0.000 -7.519 -24.521 2.64756
0.000 -2.513 -22.231 3.17669
0.000 -2.708 -19.358 2.61894
0.129 -5.387 -19.251 3.03390
0.090 -8.473 -17.571 1.38763
0.012 -10.387 -20.841 2.88920
0.010 -7.595 -20.982 2.16789
0.001 -9.581 -22.207 2.18086
0.000 -10.286 -24.346 3.63318
0.000 -5.637 -24.793 2.97278
0.067 -3.096 -19.002 3.70521
0.088 -6.687 -19.501 3.70433
0.000 -4.263 -17.659 2.89953
0.704 -7.080 -17.645 1.86608
1.005 -7.925 -16.913 1.69000
0.083 -7.084 -21.222 3.10689
1.060 -6.368 -21.347 2.25078
0.285 -7.588 -17.175 2.18541
0.213 -8.665 -19.412 2.34984
0.250 -9.835 -22.085 2.46432
0.092 -8.257 -23.037 3.53778
0.014 -6.589 -23.795 3.12476
0.000 -8.362 -24.022 3.22247
0.000 -4.773 -21.046 3.27384
0.000 -3.515 -21.683 2.84840
0.000 -3.926 -22.029 4.47689
0.000 -3.286 -22.053 3.98545
0.120 -5.703 -16.341 2.56899
0.432 -7.795 -19.383 2.24863
0.165 -5.220 -19.665 3.00899
0.483 -5.337 -20.489 2.81249
0.024 -3.424 -20.669 3.03641
0.156 -1.396 -19.154 3.27861
0.074 -4.944 -21.951 4.09025
0.241 -4.444 -22.056 2.40978
1.205 -6.115 -17.168 2.74713
0.074 -6.944 -22.088 2.99358
0.000 -4.177 -22.125 4.53881
0.000 -1.272 -16.555 4.75052
0.058 -3.816 -15.079 3.14258
0.143 -5.533 -15.866 2.03650
0.070 -5.851 -20.052 4.25677
0.000 -4.552 -19.937 4.13808
0.000 2.483 -15.295 4.45484
0.000 0.795 -13.274 3.58233
0.017 0.293 -17.606 3.87222
0.000 0.157 -17.575 3.77784
0.000 0.065 -15.553 3.85566
0.204 1.820 -13.707 2.91770
0.032 3.056 -13.054 2.89829
0.000 4.013 -12.840 3.80495
0.028 2.713 -13.000 3.43675
0.033 5.056 -12.782 4.83017
1.030 2.547 -9.501 5.21984
4.259 1.690 -10.163 4.88979
0.386 1.472 -13.262 4.11830
0.007 1.738 -12.974 2.94354
0.059 1.974 -11.097 2.92419
0.565 0.723 -13.398 3.34705
0.112 2.295 -12.886 4.35494
0.804 1.350 -12.477 4.06337
1.641 2.537 -10.729 4.25095
0.870 1.284 -9.582 3.81274
1.781 3.807 -9.830 4.30553
0.220 -0.415 -11.495 2.72008
0.211 -0.096 -15.770 3.55262
0.257 0.565 -14.921 1.95487
1.448 0.327 -14.034 2.40485
0.007 2.099 -13.010 4.02761
0.003 3.716 -10.891 3.72842
0.000 6.682 -9.549 2.87840
0.316 4.492 -5.621 4.67029
0.237 1.466 -11.845 2.98009
0.513 6.149 -10.866 3.47061
0.483 1.484 -5.928 1.48326
0.240 3.651 -6.272 2.07637
2.963 4.843 -5.944 1.94574
0.204 3.730 -6.733 4.10593
0.783 1.453 -7.606 3.02277
0.523 -2.271 -9.886 2.42041
0.207 0.489 -10.705 3.45179
0.333 1.635 -10.071 3.58803
1.625 1.438 -9.014 2.86577
0.000 2.740 -11.024 2.39696
0.000 4.298 -9.038 2.44197
0.000 4.969 -8.283 3.15151
0.000 4.990 -6.816 1.93819
0.089 6.253 -5.079 2.22575
0.091 5.696 -5.182 1.29823
0.622 5.623 -5.734 1.49944
1.573 3.857 -7.414 3.05513
0.239 6.419 -5.767 3.12862
1.027 6.972 -6.948 3.19143
2.154 4.404 -6.582 2.05563
0.536 5.484 -7.839 2.24582
0.796 2.267 -7.401 3.43047
0.005 1.405 -8.593 2.66163
0.000 5.163 -6.677 1.60310
0.000 7.528 -5.087 1.69104
1.091 7.062 -5.190 2.45359
0.415 5.534 -7.942 3.04101
0.000 5.975 -5.256 1.58161
0.000 7.863 -5.315 1.28842
0.000 9.932 -4.908 1.76940
0.430 10.712 -4.914 2.19206
4.796 7.844 -4.306 1.25281
1.432 9.360 -4.085 1.45981
0.567 9.770 -3.729 1.14706
1.555 10.029 -4.071 1.90351
1.176 10.795 -2.708 1.73070
0.301 6.793 -4.416 3.37913
0.695 11.534 -3.910 2.78561
0.431 9.461 -5.066 2.46785
0.362 10.090 -4.319 3.28178
0.130 10.125 -4.143 2.59931
0.048 13.703 -4.531 4.44396
0.054 13.914 -4.001 3.76806
0.203 13.875 -3.341 3.84642
0.130 14.761 -2.501 3.20553
2.853 12.038 -3.214 3.20632
1.137 9.640 -4.580 1.95033
1.469 11.711 -1.896 1.98332
5.489 6.370 -4.417 1.60294
1.968 9.413 -5.597 2.20868
2.420 8.300 -3.555 1.29117
1.546 9.674 -4.825 2.05164
3.153 9.363 -1.776 0.97749
6.604 8.442 -3.208 2.39568
6.976 8.322 -5.329 3.01054
0.116 6.450 -4.614 1.36146
0.000 9.001 -5.056 1.27473
0.000 12.261 -1.553 1.37529
4.162 12.391 -1.903 1.67519
5.106 9.136 -3.138 1.99300
1.091 9.629 -3.132 1.12076
0.027 11.354 -2.043 1.02077
1.538 13.146 -1.413 1.35785
3.231 14.168 -3.064 2.47440
0.346 14.005 -2.730 2.16479
2.371 15.898 -1.164 1.87663
3.017 13.103 -1.354 2.04770
9.262 11.897 -4.762 2.71980
0.234 11.198 -5.951 2.21863
3.323 9.426 -3.296 1.79028
2.046 11.361 -1.780 1.91884
0.013 12.860 -1.814 1.01808
6.511 14.186 -0.878 2.41038
4.498 13.045 -1.178 1.56836
9.285 12.078 -1.856 2.35481
5.103 9.181 -1.182 1.36747
0.095 12.850 -3.501 1.74984
7.520 10.570 -2.294 3.37865
1.214 14.832 -3.632 3.06410
1.116 11.840 -2.260 0.88512
4.861 13.907 -0.116 1.25499
0.230 13.749 -1.366 1.51895
0.021 14.429 0.463 1.37556
4.133 12.693 -0.174 2.12610
2.876 13.772 1.472 1.60457
12.579 14.917 0.287 1.48175
5.247 15.114 1.824 1.10968
4.164 14.567 1.635 1.38375
7.832 16.768 2.831 2.41023
0.757 16.876 3.667 2.22336
4.601 18.398 4.113 1.98653
8.600 16.885 3.384 1.43700
3.911 17.264 5.129 1.10284
4.016 17.764 1.345 1.60879
4.441 15.841 2.588 1.83164
7.603 17.162 -2.062 2.58692
1.696 13.140 0.395 2.07852
4.902 9.407 -3.929 2.69721
1.802 12.126 -2.180 1.52963
0.034 14.523 -1.395 1.06549
0.001 16.144 0.522 1.20697
14.690 16.755 0.728 1.92051
5.113 13.646 -3.033 1.80479
0.158 14.421 -0.134 1.87802
1.786 15.728 -2.767 1.84748
0.149 12.923 -0.809 1.65464
3.246 13.434 -3.272 1.39780
0.168 11.976 -2.238 1.25380
2.366 12.775 -1.940 1.41689
0.000 13.899 -0.410 1.03949
0.000 15.640 0.201 1.27997
0.000 16.690 0.348 1.45095
0.000 16.880 1.818 1.70441
0.005 17.138 1.105 1.60138
1.218 16.686 3.261 1.45752
5.409 14.395 0.870 1.49816
5.094 14.417 1.383 1.51176
0.029 14.969 0.084 1.27362
0.356 18.160 0.088 2.04246
3.760 17.602 0.738 2.34362
0.028 16.046 1.926 1.66625
0.624 15.943 3.108 2.13359
5.012 16.441 3.960 1.51710
1.190 17.400 3.353 1.25089
0.198 18.945 1.656 1.86833
0.165 20.714 1.418 1.84781
0.799 19.777 3.028 1.25529
0.797 19.253 1.429 1.90040
0.727 16.996 0.346 2.02675
0.011 14.603 -1.453 1.62576
0.032 16.319 -1.757 1.12470
0.118 16.425 -0.853 1.14812
0.702 16.120 1.489 2.14176
5.807 17.348 1.816 2.93840
1.539 17.019 2.536 1.83397
7.001 16.839 1.316 1.16307
3.292 14.429 -0.693 2.36365
0.359 10.672 -2.904 2.50824
1.294 11.764 -1.210 1.27559
2.033 9.785 -3.251 2.10422
1.201 8.570 -2.942 2.59067
0.000 11.955 -3.458 1.07856
0.000 13.526 -2.503 1.26981
0.000 14.639 -2.135 1.24226
0.000 15.667 -0.493 1.45206
1.035 12.507 -2.497 1.26360
4.794 16.367 -0.728 1.60230
1.029 15.256 -0.572 1.01055
0.775 16.763 0.418 1.49715
1.569 16.964 1.033 1.40935
1.956 16.890 1.355 1.36307
6.431 17.438 1.151 1.10799
2.734 16.594 0.322 1.57519
0.525 15.082 0.104 2.59866
1.118 12.324 -1.315 1.61497
0.009 15.244 -1.144 1.11917
0.000 16.056 -0.518 1.24888
0.209 16.732 0.103 1.56998
0.429 14.094 -0.889 1.10000
0.046 17.403 -1.215 1.59937
2.744 15.454 -0.873 1.67208
2.312 15.865 -0.231 1.33187
4.358 16.288 -0.507 1.71402
4.649 13.709 -0.142 1.22357
11.904 10.645 -2.456 1.31619
1.537 11.174 -1.729 1.49499
0.721 9.369 -3.247 0.86361
0.006 13.370 -4.312 1.36411
0.917 14.263 -5.189 1.74698
2.113 10.831 -8.295 2.31758
0.020 8.613 -6.733 2.51878
0.000 11.695 -5.191 2.21013
2.483 10.510 -4.352 1.12570
2.152 11.060 -4.374 2.20268
1.437 10.027 -3.901 1.98607
2.801 6.585 -7.627 1.60441
0.163 4.976 -6.575 1.07792
0.000 8.148 -5.892 1.38163
0.214 10.879 -4.351 1.31980
3.959 7.733 -3.754 1.31044
4.536 4.395 -7.568 1.49486
1.583 2.210 -7.026 1.32228
4.957 5.941 -4.440 2.29659
2.455 2.915 -7.247 1.69786
0.599 2.091 -6.631 1.06107
0.654 2.049 -5.638 1.47033
0.309 5.080 -5.835 1.76113
0.129 6.135 -5.512 1.49578
0.248 8.263 -5.253 2.30061
0.105 9.869 -4.803 2.58954
0.057 8.033 -3.893 1.74700
1.064 5.792 -6.139 1.92257
0.574 5.312 -6.075 1.24536
2.238 4.646 -6.644 2.85608
0.020 2.913 -6.815 1.56230
1.815 4.041 -6.823 1.67327
0.045 4.762 -5.869 1.75943
0.766 3.531 -5.462 1.36904
0.006 2.339 -6.534 1.14311
0.250 2.378 -10.410 2.23494
0.003 0.712 -10.462 1.11477
0.000 2.395 -9.120 1.05556
0.916 3.855 -8.870 1.68818
0.265 4.716 -9.127 2.38543
0.199 5.116 -8.170 2.00379
3.987 3.031 -7.000 1.99452
0.582 2.860 -10.143 2.58474
0.223 -0.085 -11.927 1.35426
0.000 2.607 -12.101 2.51768
0.621 0.977 -7.939 2.00375
0.307 0.973 -12.176 2.01118
0.167 1.952 -12.242 1.68889
0.073 2.344 -10.860 3.28446
0.001 1.212 -10.858 1.62320
0.007 1.390 -10.600 2.41501
0.000 1.103 -11.463 1.87724
0.323 2.661 -11.500 1.63984
0.232 0.031 -14.341 2.38150
0.000 2.088 -14.465 2.48709
0.000 1.705 -13.616 1.83624
0.029 0.687 -11.979 1.82668
0.136 2.547 -12.181 2.85401
0.670 0.403 -12.246 3.70945
0.799 0.009 -14.994 3.06377
0.795 -2.103 -14.521 3.44613
0.003 -5.951 -18.646 2.70751
0.000 -2.149 -18.805 4.02951
0.000 -1.935 -16.951 4.12650
0.000 -0.192 -17.148 2.18229
0.000 1.730 -13.412 3.81931
0.029 2.233 -12.176 2.35477
1.325 0.598 -9.158 2.37250
0.085 -2.171 -16.621 2.99494
0.000 -1.411 -16.956 2.82734
0.000 -0.572 -13.236 2.29954
0.537 0.932 -12.403 3.45362
0.204 -0.697 -15.520 4.92890
0.000 -1.902 -15.806 3.60697
1.875 0.256 -11.085 5.30698
0.367 -0.960 -17.556 4.55674
0.049 -3.207 -17.948 3.93420
0.000 -1.844 -17.532 3.68641
0.000 -1.589 -17.038 3.77716
1.968 0.322 -14.830 3.03811
0.429 -5.365 -18.174 3.79831
0.709 -1.993 -18.199 3.10664
1.361 -2.032 -15.996 3.44287
0.068 -5.070 -18.911 3.74435
0.000 -4.044 -20.142 4.13702
0.000 -4.050 -19.475 2.98650
0.000 -2.915 -19.548 3.29692
0.089 -0.851 -18.485 2.66019
1.171 -0.130 -11.675 3.05000
0.633 -5.398 -20.367 4.12446
0.000 -4.555 -20.003 3.41728
0.832 -3.294 -19.169 1.93522
0.103 -5.452 -19.384 2.32988
0.009 -6.728 -20.655 2.66258
0.000 -6.799 -21.330 2.31686
0.000 -6.780 -22.115 2.10986
0.000 -7.523 -22.685 3.04739
0.000 -4.358 -22.938 2.90069
0.000 -7.323 -20.639 3.27551
0.181 -7.256 -22.640 2.14055
0.000 -7.451 -23.073 3.03058
0.000 -4.247 -21.524 3.05175
0.000 -5.109 -22.949 3.20649
0.000 -6.178 -23.257 2.61459
0.000 -5.344 -21.072 3.55226
0.116 -5.622 -21.389 2.12431
0.108 -6.615 -20.082 3.93209
0.239 -5.438 -20.663 3.33144
0.806 -5.531 -14.138 3.69872
0.058 -7.870 -22.431 3.38025
0.000 -6.201 -22.856 4.09855
0.000 -5.005 -22.775 3.62179
0.000 -9.279 -20.696 5.29223
0.000 -4.179 -20.873 4.10098
0.000 -1.172 -16.479 3.66531
0.000 -6.441 -19.527 3.37723
0.000 -2.984 -19.708 4.99485
0.000 -1.282 -16.497 5.01204
0.000 -2.250 -17.061 3.47938
0.000 -6.092 -19.292 4.41560
0.000 -2.719 -19.317 3.40074
0.000 -6.154 -19.833 2.99798
0.000 -7.655 -20.263 3.47081
0.000 -7.541 -18.129 6.74214
0.000 -3.413 -16.326 6.15031
0.016 -8.423 -21.911 5.27416
0.000 -5.457 -22.148 4.21275
0.000 -7.765 -20.680 4.32509
0.000 -9.706 -23.741 4.70783
0.000 -8.200 -23.752 3.14228
0.000 -9.561 -21.874 2.26147
0.000 -9.847 -22.892 3.74792
0.000 -5.167 -22.639 4.52937
0.000 -2.885 -22.083 4.63485
0.000 -3.112 -21.219 3.28330
0.094 -5.006 -22.088 3.40364
0.000 -5.209 -22.466 2.20609
0.000 -3.143 -20.747 2.22878
0.000 -4.023 -16.230 2.37455
0.076 -5.449 -21.723 2.64110
0.000 -3.068 -21.623 3.29389
0.038 -3.833 -19.979 3.12733
0.000 -1.691 -14.465 3.48547
0.061 -3.237 -15.181 3.17131
0.088 -5.484 -14.377 2.14708
0.000 -8.361 -21.028 3.19101
0.000 -9.295 -23.959 3.25713
0.000 -6.465 -23.995 2.56553
0.067 -5.818 -23.174 2.61782
0.210 -5.316 -22.270 3.38617
0.005 -2.060 -22.369 3.45615
0.000 0.567 -18.096 3.41943
0.009 0.367 -17.490 3.75647
0.004 -0.186 -17.738 4.10502
0.005 1.233 -15.781 3.80405
0.000 0.330 -16.975 4.02522
0.000 0.730 -17.160 2.87088
0.000 1.057 -16.680 3.96701
0.083 -0.800 -15.390 3.74661
0.005 -1.457 -14.568 2.77256
0.000 -1.916 -17.521 2.27694
0.364 -2.498 -17.639 1.93522
0.074 -3.459 -15.674 2.96058
0.000 -2.900 -16.111 4.39858
0.290 -0.571 -14.751 3.12928
0.368 1.569 -12.345 4.18581
0.216 1.013 -13.849 4.24853
2.832 0.000 -13.961 3.95768
0.000 0.727 -12.911 4.09806
0.000 0.724 -12.864 4.47871
0.012 -5.705 -17.938 1.46416
0.000 -0.110 -17.984 3.74961
0.000 3.437 -13.079 4.13973
0.000 2.497 -11.636 3.56200
0.055 1.121 -11.606 4.47381
0.000 -2.058 -17.577 4.60113
0.011 -2.545 -17.463 2.54645
0.000 -0.504 -16.655 3.20611
0.000 -1.722 -13.357 3.12746
0.089 -2.812 -17.441 4.61394
0.000 0.971 -17.187 4.50896
0.000 1.411 -11.450 5.14139
0.005 -0.627 -16.640 5.95067
0.015 0.473 -16.128 4.60026
0.113 2.838 -14.244 4.34182
0.144 5.105 -13.136 5.25955
0.109 3.635 -7.020 5.75954
2.252 0.022 -10.728 5.99420
0.000 2.468 -12.489 5.29416
0.123 3.784 -11.892 4.31355
1.484 2.034 -8.812 2.72593
0.443 1.990 -7.504 4.58493
1.031 -0.648 -9.049 3.79456
0.000 -3.762 -17.840 3.05556
0.015 -2.054 -16.951 3.64282
0.000 -0.871 -15.329 3.29762
0.000 1.974 -14.357 4.34192
0.266 2.091 -12.417 3.21908
0.344 2.637 -11.246 5.48048
0.325 0.653 -14.672 3.61066
0.005 6.644 -13.113 3.24363
0.000 8.383 -6.479 3.78850
0.000 9.266 -6.042 3.11727
0.177 9.225 -6.254 3.63867
2.762 2.414 -6.094 2.23277
2.015 1.232 -8.931 2.52547
0.242 4.500 -7.892 3.12601
0.270 8.125 -6.112 2.71135
1.374 7.840 -5.492 2.92364
2.689 7.710 -7.241 3.20445
0.000 3.158 -6.569 1.90485
0.339 6.109 -6.081 3.83115
0.305 1.975 -6.346 2.08033
0.002 1.446 -8.333 2.41617
0.000 3.560 -6.925 1.84189
0.000 4.621 -5.962 1.01724
0.001 5.880 -4.764 1.35504
0.000 7.801 -4.965 1.26881
0.000 4.699 -4.209 1.29828
0.182 8.043 -5.563 1.77337
0.021 7.241 -5.506 1.83077
0.000 10.823 -5.559 2.29382
0.317 9.397 -4.994 2.46486
0.000 12.972 -6.436 2.61498
0.000 12.477 -4.518 1.35537
0.000 15.063 -4.025 2.45943
0.000 13.003 -1.991 2.93331
0.376 13.474 -3.596 1.80999
2.144 8.496 -6.630 2.28512
0.004 11.365 -5.092 2.05741
0.115 15.362 -3.381 2.76250
1.297 15.125 -3.719 2.43563
0.818 15.268 -3.314 1.81440
0.095 16.745 -2.147 3.62493
1.691 15.758 -4.053 2.21598
0.814 16.685 -3.022 2.64094
0.719 15.110 -2.928 2.34281
3.015 13.446 -1.045 3.06960
3.085 11.899 -5.866 3.20072
1.026 12.366 -4.887 2.67575
6.842 11.727 -3.401 4.43144
1.502 11.101 -5.044 2.71477
0.149 11.710 -4.691 3.31984
0.234 16.554 -3.020 4.20132
0.231 10.616 -6.175 3.34777
0.000 13.048 -4.507 2.62881
1.017 14.910 -3.162 2.77871
0.535 17.222 -2.229 2.89488
1.716 15.623 -2.685 3.31803
1.045 18.054 -3.221 3.15807
3.166 17.223 -0.596 1.72940
0.564 18.908 -4.968 3.36000
5.848 16.415 -3.134 3.02680
0.000 12.318 -5.349 2.50485
0.981 17.256 -2.770 3.35923
2.689 13.959 -3.613 2.55175
0.291 15.741 -2.021 1.35908
0.000 13.540 -2.918 1.79471
1.236 17.562 -0.511 3.37013
1.416 14.817 -2.922 2.31348
0.125 15.343 -0.588 3.46948
0.000 17.723 -2.933 2.19958
1.899 19.117 -0.991 2.61040
0.195 16.560 -0.452 1.75624
2.176 14.416 -2.134 2.51687
0.719 16.511 -0.088 2.00082
0.657 15.321 -1.047 1.39841
0.269 12.498 -1.501 1.33292
0.766 13.316 -0.494 1.16717
0.732 16.751 -2.353 1.67923
3.460 19.094 0.773 3.25379
5.144 19.111 0.241 3.14307
0.276 22.530 1.148 3.67958
11.513 21.896 3.609 3.03432
8.329 20.214 3.667 1.85906
4.504 18.356 3.065 1.05792
5.594 21.564 4.615 1.26193
4.384 18.502 0.973 1.95588
6.098 17.877 2.991 1.31173
1.744 19.852 -0.413 1.93439
1.632 18.506 1.934 1.08841
27.794 19.875 2.144 2.12183
7.261 17.173 3.094 1.06879
8.072 17.354 2.874 0.95960
0.400 17.764 1.138 1.27212
3.777 16.840 1.370 1.43101
6.768 17.716 2.315 1.01929
0.435 18.415 1.341 1.98612
3.786 14.518 2.305 1.23648
4.531 17.380 3.331 1.02284
1.620 17.247 1.475 1.85587
0.000 17.714 4.639 1.42326
11.328 16.242 3.331 2.13876
3.634 19.475 3.915 1.71582
7.664 19.244 1.032 2.14922
2.494 17.224 2.167 1.81949
4.711 13.187 1.841 1.66058
6.761 16.011 0.808 2.44787
5.205 16.331 1.080 1.45442
0.000 14.799 0.466 2.16453
1.190 12.543 -2.447 1.20620
0.000 14.496 -0.447 2.09419
4.078 17.167 -0.170 1.27481
1.659 18.040 1.319 1.85562
11.198 17.509 2.827 1.64162
0.739 14.551 -0.727 1.75339
0.000 16.055 0.929 1.33485
0.000 18.045 2.350 1.64627
31.742 19.181 1.663 2.34982
26.106 16.011 2.791 1.25707
13.260 17.397 2.539 1.84345
16.071 16.176 2.763 1.78873
3.299 14.557 1.285 1.91721
3.573 14.767 1.072 1.67598
2.879 15.265 0.735 1.34568
13.611 15.652 1.207 1.48250
0.634 11.410 -0.077 1.55320
7.884 16.454 1.524 1.67674
8.144 16.641 3.175 1.73451
4.741 13.586 2.960 1.07181
5.703 16.626 2.586 1.27427
5.396 14.308 2.082 1.45319
5.035 15.322 -0.440 1.94325
4.641 13.291 0.489 1.42096
1.036 14.105 1.473 0.98349
6.312 15.476 -0.654 1.72212
0.047 14.331 0.595 1.19746
8.654 15.084 1.439 1.73305
6.469 15.542 0.498 1.67288
1.428 16.079 0.317 1.63755
1.351 16.203 2.279 1.04277
19.575 13.753 -0.858 1.85081
1.061 14.424 0.742 1.49230
9.194 15.178 0.907 1.87205
8.235 14.903 0.660 1.60203
5.906 10.947 0.893 1.33249
0.131 13.799 0.425 1.23170
0.000 15.539 1.684 0.86439
11.368 15.576 2.696 1.83753
22.182 12.339 0.241 2.41354
1.271 12.580 -0.081 1.60283
5.080 13.177 0.840 1.48325
1.203 14.717 -0.535 1.12640
0.030 16.443 0.642 1.28986
1.860 16.500 1.855 1.48200
3.356 15.198 2.152 1.15249
11.130 15.539 2.681 1.73901
6.211 14.727 2.757 1.45170
8.278 16.148 -0.803 2.25787
3.348 13.899 -0.781 2.07169
3.507 13.376 -1.563 2.54776
0.171 8.535 -2.688 1.82460
0.406 11.624 -2.047 1.48047
2.162 9.696 -1.110 2.15565
2.191 11.256 -2.434 1.49654
1.744 10.200 -4.440 1.54208
0.060 8.717 -3.479 1.51630
0.000 10.753 -3.793 1.37680
0.030 11.758 -3.279 1.23510
0.000 12.204 -2.615 1.12369
0.000 13.201 -1.705 1.28813
0.000 14.237 -1.561 1.35764
0.000 14.057 -0.992 1.52627
0.001 14.490 -3.028 1.96760
1.905 14.751 -1.206 1.42636
3.340 13.713 0.438 1.39723
0.026 14.163 -0.266 1.40646
0.934 15.326 -0.727 1.83339
7.860 14.151 -1.745 1.61086
1.759 15.294 -1.259 1.78453
3.494 15.407 -5.426 2.15833
0.000 12.306 -4.355 1.16173
3.798 13.182 -3.055 1.70547
7.101 14.078 -1.228 2.32665
2.179 14.106 -1.738 2.22527
16.631 14.889 -0.455 2.22542
10.812 15.492 -3.222 2.78699
0.870 12.368 -3.929 2.51147
2.549 8.952 -4.895 1.48542
0.000 9.345 -4.414 1.18948
0.000 10.417 -3.543 1.43018
0.179 12.867 -2.935 1.36660
0.040 11.717 -2.183 0.93751
17.205 11.450 -1.405 1.18898
3.505 8.705 -2.573 1.51069
6.009 7.864 -3.179 1.42190
0.546 7.682 -6.341 2.17796
0.575 9.671 -5.959 1.26794
0.000 10.970 -2.409 1.14377
2.455 10.619 -3.013 1.06850
2.005 10.414 -4.635 0.97278
0.100 8.910 -4.489 1.72415
0.000 9.264 -4.340 1.72895
0.557 10.373 -4.030 2.50991
0.141 9.098 -4.097 2.08727
0.264 4.855 -5.636 1.80021
0.026 6.155 -5.818 1.60491
0.080 10.015 -5.738 2.71489
1.106 7.292 -4.931 2.15123
6.229 10.658 -4.880 3.13047
3.801 9.571 -3.914 2.56912
2.062 6.126 -4.843 2.05329
1.081 7.717 -4.863 2.05522
0.000 3.899 -6.215 2.23164
0.073 6.813 -6.110 2.32905
0.000 8.137 -6.298 3.00227
0.000 8.150 -6.326 2.51578
0.000 8.054 -5.402 1.82600
0.533 7.036 -4.231 2.57753
0.407 6.306 -4.704 3.12866
0.316 6.291 -7.424 3.95620
0.019 7.104 -7.463 3.13437
0.013 6.080 -5.373 3.07404
1.320 2.196 -5.516 1.66281
0.011 -1.772 -14.560 2.55244
0.000 0.412 -14.669 1.55720
0.000 2.791 -13.429 1.69200
0.000 4.290 -11.353 1.63280
0.000 3.037 -7.935 0.98769
0.110 -0.159 -10.379 1.74168
0.000 -0.780 -10.287 1.64803
0.000 -0.349 -8.626 1.25202
0.052 -0.324 -8.713 1.59493
1.051 -1.581 -14.244 1.63760
0.000 -2.452 -17.347 2.43877
0.026 2.052 -17.500 2.43418
0.000 3.559 -14.658 2.48731
0.000 6.332 -12.208 2.76392
0.034 4.728 -12.172 2.77319
0.000 2.413 -12.523 2.12429
0.049 3.501 -11.173 3.06764
0.051 4.358 -8.845 2.34620
0.130 4.918 -5.703 2.08178
0.000 4.128 -8.268 3.44525
0.000 0.973 -8.524 1.35101
0.000 0.930 -9.120 1.57201
0.000 2.345 -9.581 2.11038
0.010 2.402 -11.154 3.37701
0.000 2.585 -14.382 3.06467
0.000 -0.357 -14.730 2.22483
0.000 1.997 -14.323 2.88114
0.031 2.382 -15.024 4.20560
0.007 1.358 -15.375 3.37359
0.000 4.027 -15.527 3.51859
0.000 1.005 -16.601 3.27408
0.000 -2.325 -17.174 2.88912
0.000 -1.510 -17.412 3.22023
0.114 1.635 -15.225 2.78929
0.155 -1.968 -17.357 4.00501
0.000 -5.337 -18.645 2.82150
0.000 -0.575 -18.597 3.76040
0.000 -2.468 -18.966 2.30662
0.000 -0.468 -18.344 2.85166
0.000 -7.067 -21.703 2.61674
0.000 -7.981 -22.158 2.70542
0.000 -7.069 -21.262 2.00389
0.000 -7.576 -21.776 2.75306
0.000 -8.204 -21.687 1.77504
0.000 -4.626 -22.185 2.57287
0.003 -3.474 -18.935 2.26820
0.000 -4.410 -19.326 2.27305
0.000 -6.382 -21.052 2.03310
0.000 -6.245 -21.604 2.65813
0.000 -3.258 -21.669 2.87219
0.000 -4.641 -16.493 1.52520
0.000 -6.876 -14.839 0.99549
0.005 -6.608 -16.940 2.51149
0.000 -3.489 -17.478 1.98826
0.000 -6.838 -21.760 3.47541
0.010 -4.839 -22.057 2.64473
0.000 -4.780 -18.470 3.37066
0.000 -2.977 -18.383 2.98824
0.026 -6.552 -16.258 1.78094
0.000 -4.569 -15.826 2.11404
0.000 -4.035 -19.569 3.62267
0.000 -12.908 -25.317 2.79658
0.000 -8.352 -25.614 2.69992
0.081 -0.694 -22.947 3.39341
0.006 0.216 -17.517 3.57654
0.000 0.024 -16.596 3.45862
0.000 0.910 -16.624 3.09583
0.000 0.615 -17.907 3.33103
0.000 -4.587 -19.884 4.15485
0.000 -6.323 -19.972 2.08879
0.000 -12.146 -23.171 2.36545
0.000 -9.792 -23.286 4.16775
0.000 -4.822 -23.294 3.17832
0.092 -5.530 -18.911 3.04278
0.000 -8.562 -20.102 2.22143
0.000 -7.523 -23.073 2.57877
0.000 -9.728 -23.399 3.30008
0.000 -8.276 -21.802 4.63180
0.000 -4.413 -22.025 4.04363
0.000 -6.452 -19.160 3.18751
0.000 -4.320 -19.592 4.26741
0.000 -1.863 -19.134 3.17512
0.000 -3.829 -19.270 3.62348
0.000 -1.334 -20.605 3.61385
0.000 -1.948 -20.865 2.72856
0.000 2.195 -18.832 3.52673
0.000 -0.470 -19.211 3.75590
0.000 1.320 -18.670 2.80743
0.000 2.812 -16.983 2.55127
0.000 -1.519 -17.040 3.22627
0.069 -4.622 -16.065 2.61422
0.000 -4.794 -17.039 4.65033
0.001 -2.408 -17.324 4.43396
0.000 -0.114 -15.847 4.03164
0.077 1.514 -16.299 3.68209
0.000 0.518 -18.112 3.74491
0.000 -0.621 -19.195 3.77904
0.004 -2.405 -19.664 3.20026
0.001 -1.436 -19.721 4.01081
0.000 2.014 -18.495 3.08091
0.000 2.108 -15.859 4.65207
0.000 2.109 -16.108 2.37166
0.000 0.368 -14.512 2.14098
0.000 1.367 -15.634 2.99408
0.000 2.983 -15.833 3.71148
0.173 -1.554 -16.506 3.68794
0.000 2.547 -16.534 3.94411
0.098 2.893 -15.201 5.06731
0.001 1.320 -14.617 3.30311
0.000 3.557 -14.017 3.19249
0.014 3.132 -14.223 3.88484
0.000 1.421 -16.646 5.34717
0.015 2.060 -16.749 3.37655
0.074 -1.167 -16.684 5.21272
0.002 4.986 -16.739 4.19252
0.053 3.084 -11.610 4.86710
0.183 2.268 -8.968 5.61700
0.095 -0.034 -10.550 3.61967
0.126 -1.298 -12.430 3.27492
0.000 -1.846 -12.616 2.23403
0.008 -1.623 -18.524 3.09735
0.004 -2.005 -18.586 3.19825
0.078 1.339 -16.362 3.70836
0.145 5.174 -14.523 3.88937
0.068 5.064 -12.745 5.60236
0.000 3.955 -12.762 5.35504
0.070 6.315 -10.439 7.24716
0.001 4.928 -6.510 8.71175
0.000 3.963 -8.037 8.26590
0.666 4.633 -7.952 6.26893
0.010 1.229 -8.963 6.22480
0.000 1.210 -11.496 5.83253
0.000 1.652 -11.273 6.04753
0.000 -3.216 -15.955 4.20898
0.238 3.854 -15.512 5.82906
0.041 3.696 -11.306 5.28767
0.000 4.825 -10.769 6.24274
0.000 5.820 -10.327 5.81065
0.000 9.180 -9.590 5.64691
0.000 11.058 -6.742 5.15217
0.036 5.865 -6.754 5.94858
0.003 3.365 -9.561 4.36004
0.010 4.636 -8.989 4.20560
0.347 4.309 -8.575 4.17319
0.027 4.232 -10.842 4.29886
1.200 2.114 -10.237 4.00982
0.465 -3.460 -14.407 3.03168
0.000 -2.544 -13.714 4.91096
0.063 0.729 -10.159 6.20432
0.110 4.682 -9.213 5.44125
0.000 5.507 -8.177 4.83805
0.200 6.394 -5.939 5.43094
0.800 7.070 -4.564 5.87115
0.000 6.854 -5.921 4.98619
0.000 3.702 -7.540 3.40432
0.000 6.552 -6.436 3.52672
0.370 6.845 -5.911 2.90494
0.770 4.115 -7.383 3.48125
0.000 6.473 -6.591 2.61447
0.022 8.611 -4.713 4.01144
0.000 5.945 -5.756 4.21888
0.000 10.176 -5.534 4.65845
0.040 11.994 -6.228 5.44927
0.000 12.999 -6.265 4.38688
0.000 12.946 -4.758 4.26215
0.735 12.375 -4.017 3.13966
0.028 10.730 -6.719 2.75321
0.000 6.685 -4.734 2.71211
0.000 5.864 -6.269 1.87185
0.081 9.833 -6.180 3.71741
0.000 9.730 -5.658 3.71037
0.017 14.220 -5.451 4.04114
0.458 16.506 -5.193 4.20919
0.004 14.100 -5.316 4.59130
0.000 12.744 -5.289 3.53513
0.000 13.397 -4.000 3.52576
0.000 13.633 -7.156 3.90025
0.000 12.699 -5.634 2.31025
0.002 13.737 -5.788 3.23896
0.011 14.372 -4.790 3.38775
0.178 14.047 -4.440 3.22197
1.456 13.503 -4.617 2.91471
0.300 12.414 -5.168 3.21701
3.502 12.296 -2.999 1.42496
0.241 14.085 -1.828 3.05516
0.133 12.856 -4.297 4.05731
3.961 14.873 -5.503 3.28188
0.439 5.202 -7.116 3.12784
0.217 9.812 -4.434 1.20303
0.317 12.819 -2.854 1.48794
4.001 10.881 -2.347 2.09962
0.156 8.160 -3.903 1.46161
8.808 13.248 -3.569 3.23670
0.000 9.771 -4.052 1.25269
0.288 12.500 -3.859 3.21203
2.432 11.133 -5.357 3.76787
0.690 10.298 -6.726 2.77666
0.000 9.862 -5.588 3.07684
0.160 11.888 -3.402 2.32384
0.441 5.826 -4.286 2.39072
0.751 7.870 -5.406 0.89671
0.896 12.963 -4.428 1.90988
0.836 12.378 -6.203 3.29285
0.014 13.809 -2.690 3.82938
3.984 14.350 -2.968 2.30209
5.580 16.715 -1.556 2.21096
1.319 19.580 -0.209 2.79707
2.968 20.311 -0.638 3.13024
17.532 18.836 1.532 1.75902
7.435 15.532 -2.292 2.05158
13.130 14.625 -5.047 2.43535
1.412 11.589 -3.887 1.34104
2.401 13.252 -2.676 3.31215
1.785 13.552 -2.713 2.72961
0.815 15.259 -3.784 3.01728
0.384 16.169 -2.379 2.94855
0.255 15.590 -0.079 2.03201
0.476 17.360 1.253 2.04251
7.215 15.919 1.543 1.56979
2.006 16.159 0.911 1.69715
0.291 13.147 0.991 1.04418
1.874 14.401 1.819 2.01803
12.352 18.059 1.126 2.77919
5.872 18.052 1.227 2.48220
3.773 19.371 1.816 2.46043
29.959 18.817 3.164 2.17093
17.879 15.924 0.831 1.67703
0.042 14.974 1.073 1.79719
0.000 17.172 1.529 1.28718
23.801 18.353 1.383 1.78635
2.589 16.148 0.462 1.92267
7.384 14.956 1.608 1.84713
9.094 16.668 0.677 2.16810
25.920 14.293 1.274 1.64851
6.831 14.651 1.515 1.19716
2.910 14.210 1.202 1.19369
3.622 14.716 0.854 1.43783
4.931 13.626 -0.360 1.16773
5.011 12.893 0.978 0.80213
9.139 13.734 -0.451 1.74553
0.209 12.938 -1.840 1.93011
0.586 14.710 -1.521 1.61634
1.909 13.600 1.074 1.06995
1.008 12.744 0.174 1.37819
15.090 15.644 0.428 2.57158
4.710 13.577 0.093 2.14247
0.358 14.795 1.210 1.38050
5.687 15.309 2.566 1.32612
6.654 15.373 2.705 0.82700
1.959 16.175 0.720 2.02014
1.706 14.324 -1.810 1.47639
0.580 13.913 -0.517 1.62079
0.176 16.315 -0.525 1.39168
1.009 16.256 0.379 2.25043
2.096 16.063 1.056 1.37874
1.236 15.862 0.605 2.06014
0.000 15.068 -1.991 1.89047
0.056 14.006 -2.902 2.11225
0.018 12.072 -1.916 1.52265
1.322 12.971 0.838 1.26969
2.989 11.593 -2.672 0.93863
0.000 14.777 -0.120 1.42947
0.000 15.754 0.681 1.37609
1.201 15.749 0.914 1.04725
0.000 16.003 -0.539 1.58306
2.744 15.669 0.817 1.01513
1.829 15.319 2.966 1.06000
0.352 15.577 1.468 1.19798
0.280 16.448 2.311 1.71160
4.124 14.489 0.729 2.22612
1.723 17.458 1.203 2.03800
0.220 15.936 1.328 1.80017
2.601 17.124 2.405 1.21311
0.544 18.578 3.283 1.84160
0.470 18.720 3.816 1.29519
3.122 19.006 2.271 1.51043
0.155 17.672 1.858 1.39243
5.982 17.784 2.639 1.34490
19.374 15.586 1.262 1.30850
3.611 16.443 3.189 1.25609
6.569 13.466 0.070 1.61021
3.102 12.318 0.999 2.55410
1.539 13.084 0.792 1.57993
0.590 15.193 0.314 1.48554
14.184 15.961 1.666 1.86417
25.238 17.755 2.927 2.42468
12.724 17.302 4.519 1.45864
2.136 11.887 3.036 1.18454
1.216 14.766 1.038 1.42190
4.969 14.707 1.523 1.26689
3.180 14.938 2.352 1.22949
2.335 14.895 1.318 1.48091
2.620 13.224 -0.746 1.80044
0.009 13.541 -2.355 2.04133
2.587 13.927 -2.350 2.02817
0.326 12.318 -2.336 1.94139
0.150 10.764 -5.281 1.42428
0.373 11.860 -2.906 1.61816
0.011 12.138 -1.692 1.84688
1.820 11.981 -2.999 1.46345
0.124 11.136 -2.659 1.60524
1.269 12.738 -1.513 1.17258
0.720 13.172 -2.178 1.00624
1.000 11.363 -1.023 0.87365
0.128 11.441 -2.089 1.51212
0.384 15.081 -1.231 1.40717
9.954 14.401 -0.932 1.95356
2.255 12.854 -0.406 0.99618
0.814 13.651 -0.449 1.04263
0.056 15.883 0.233 0.95627
1.060 16.248 0.033 1.04237
0.153 16.524 -0.189 1.41311
0.648 17.220 -0.147 1.69604
0.826 15.800 -0.005 1.29895
16.391 15.764 -0.840 1.67834
3.977 12.277 -0.556 1.72669
0.000 12.696 -0.803 1.32339
2.282 11.437 -2.096 1.87016
2.794 10.797 -3.317 1.72040
0.637 12.324 -2.211 1.27503
0.800 10.177 -5.937 1.85046
0.770 11.965 -5.081 1.97372
0.000 11.728 -4.686 2.51349
0.224 14.090 -3.702 1.79690
0.226 11.581 -4.664 1.78691
0.126 10.958 -3.950 2.35518
1.440 13.743 -3.950 1.64055
0.001 14.512 -2.940 1.32371
5.091 14.649 -0.484 2.93202
1.154 12.138 -4.096 1.61026
2.590 12.743 -3.229 1.18719
0.599 13.628 -2.784 1.24839
0.469 14.039 -3.150 1.42514
0.117 13.959 -2.554 1.85846
5.433 12.403 -1.774 1.88232
5.620 12.204 -3.089 2.02420
13.461 12.424 -2.515 2.49455
1.224 10.130 -2.672 1.29678
2.215 8.182 -3.287 1.20578
5.518 9.154 -3.123 1.26859
2.474 10.618 -2.965 2.14852
2.761 10.766 -3.621 3.26464
3.125 10.717 -3.883 2.32565
3.701 6.833 -4.309 1.15868
2.176 7.097 -5.619 2.26008
4.344 7.364 -5.745 2.97976
3.069 8.326 -5.741 2.80335
0.290 7.488 -5.112 2.59161
1.330 5.758 -6.629 1.95236
4.797 1.758 -6.070 1.53158
3.541 1.025 -5.261 2.09918
1.757 1.546 -4.453 1.10688
1.141 3.891 -6.045 1.28018
0.479 6.798 -6.148 2.20902
0.052 6.000 -7.352 2.74294
0.000 5.267 -7.400 1.71228
0.000 4.288 -5.338 1.71687
0.067 4.895 -7.798 2.56694
0.000 3.802 -7.881 1.61600
0.025 -0.182 -9.478 1.30915
0.001 5.005 -10.497 2.95635
0.000 5.603 -10.715 2.40645
0.319 7.225 -9.931 3.54613
0.003 0.403 -13.801 2.94301
0.000 2.006 -13.889 1.43759
0.000 3.575 -7.933 1.45277
0.000 2.982 -8.538 1.48984
0.000 3.535 -8.887 1.77700
0.000 3.568 -9.815 1.99918
0.000 4.410 -9.985 1.98830
0.000 3.887 -8.245 1.88130
0.000 2.513 -9.328 2.17461
0.000 2.847 -9.884 2.53783
0.121 1.121 -14.565 3.62672
0.000 1.040 -14.866 2.82034
0.011 0.430 -13.454 3.00364
0.015 3.098 -14.046 2.80564
0.000 1.818 -14.339 2.63707
0.092 3.164 -11.528 2.67665
0.008 3.142 -9.163 2.14530
0.000 -0.539 -9.963 2.30449
0.000 0.830 -15.517 3.37339
0.015 -0.659 -15.878 2.91677
0.080 0.472 -13.836 3.56316
0.004 0.560 -11.849 1.91643
0.015 -1.449 -16.800 3.16087
0.000 1.821 -17.162 3.07614
0.000 1.437 -15.893 3.19226
0.001 3.140 -14.160 3.47488
0.298 3.125 -10.582 3.58700
0.207 1.561 -14.545 3.69529
0.000 -3.384 -15.870 2.49982
0.003 -3.104 -16.888 3.05916
0.035 -3.435 -17.241 4.14070
0.000 0.438 -14.990 3.09022
0.000 2.021 -15.083 2.97334
0.000 1.327 -17.517 3.03429
0.006 -1.443 -17.989 2.51098
0.000 -5.215 -18.390 2.11878
0.000 -4.120 -18.767 1.96814
0.000 -3.040 -16.908 2.15895
0.000 -4.188 -17.301 1.35607
0.000 -4.774 -14.156 1.71152
0.000 -5.845 -16.508 1.40651
0.000 -3.400 -17.160 1.65866
0.000 -4.166 -18.988 3.22267
0.000 -3.111 -19.399 2.76590
0.000 -8.763 -19.378 2.16715
0.000 -4.437 -19.612 3.28760
0.000 -5.854 -21.862 2.41852
0.000 -8.152 -22.698 3.10102
0.000 -5.576 -22.165 3.80832
0.000 -3.751 -21.990 3.09944
0.000 -3.103 -20.589 3.40265
0.000 -0.959 -18.414 3.07671
0.000 -3.503 -21.397 3.13744
0.000 -6.575 -21.689 3.04635
0.000 -7.943 -20.732 2.42636
0.000 -6.515 -23.495 2.60464
0.000 -5.987 -23.869 2.40556
0.000 -2.387 -21.511 2.41272
0.000 -7.155 -20.811 1.38405
0.000 -7.647 -21.332 3.38461
0.000 -4.940 -18.882 3.15064
0.000 -6.132 -19.897 2.34516
0.000 -5.524 -20.403 3.06290
0.000 -6.415 -21.023 2.09282
0.000 -4.583 -21.294 3.22335
0.000 -3.475 -20.885 3.25886
0.000 -4.215 -20.106 3.98667
0.000 -3.588 -20.426 3.21901
0.000 -3.921 -20.502 2.11561
0.000 -3.616 -19.930 3.14344
0.000 -4.297 -20.122 2.87503
0.000 -5.356 -16.883 2.85234
0.000 -4.113 -15.719 3.89445
0.346 -4.759 -17.719 4.81860
0.000 -5.178 -18.143 4.05334
0.045 -2.548 -18.129 3.55757
0.000 -4.398 -18.515 4.05222
0.000 -3.789 -19.029 4.01299
0.000 -5.902 -20.730 4.43349
0.000 -6.329 -22.799 4.61017
0.000 -7.052 -23.014 4.55212
0.022 -2.054 -22.295 3.67474
0.000 -5.141 -19.016 4.57457
0.000 -7.396 -19.736 3.79906
0.000 -6.041 -20.419 3.05757
0.000 -7.294 -20.783 3.17889
0.000 -7.489 -20.004 1.96119
0.000 -6.455 -20.211 2.29912
0.000 -4.481 -18.986 2.16563
0.000 -4.705 -16.853 2.59713
0.000 -5.811 -16.725 2.35671
0.000 -10.465 -22.464 1.55174
0.000 -13.105 -25.899 4.03136
0.000 -5.638 -25.916 3.99651
0.000 -5.992 -19.802 3.46511
0.000 -6.814 -20.739 2.93188
0.000 -7.436 -20.738 4.34753
0.000 -7.350 -21.223 2.68200
0.000 -5.955 -20.478 2.85885
0.000 -4.523 -20.405 2.47035
0.000 -4.550 -19.622 2.66280
0.000 -5.345 -19.867 2.82856
0.000 -6.269 -21.480 2.26408
0.000 -6.370 -21.729 3.41872
0.000 -3.179 -17.601 3.67373
0.066 -3.791 -17.299 4.89732
0.000 -1.825 -17.790 4.16174
0.091 -3.293 -18.239 4.01764
0.000 -5.740 -20.870 3.81555
0.000 -0.812 -20.893 3.53462
0.025 -4.280 -16.010 3.85370
0.000 -6.415 -17.508 3.65908
0.418 -7.973 -17.748 3.25706
0.019 -6.325 -18.316 3.91285
0.000 -8.647 -19.971 3.53809
0.000 -5.398 -20.510 4.74667
0.000 -4.506 -22.278 4.71785
0.000 -5.569 -22.429 3.46376
0.000 -5.810 -20.973 1.91291
0.000 -6.330 -18.597 2.30947
0.000 -8.141 -21.894 3.27926
0.000 -5.796 -21.965 2.73544
0.000 -5.171 -16.675 4.21790
0.001 -4.484 -16.305 3.51684
0.000 -5.614 -17.137 2.12684
0.000 -5.150 -21.537 3.89165
0.000 -4.319 -21.542 3.43294
0.000 -1.975 -17.637 3.74708
0.000 -1.337 -18.021 4.06596
0.000 0.191 -17.933 4.28690
0.000 -1.509 -13.946 4.21669
0.000 -5.899 -13.475 2.02363
0.031 -5.431 -16.413 2.39957
0.000 -3.269 -16.600 3.15905
0.002 -1.128 -16.336 2.98199
0.016 -3.489 -15.582 2.84407
0.110 -2.652 -15.387 3.29545
0.000 -2.519 -15.262 2.23981
0.004 -2.006 -13.969 2.94979
0.000 -0.546 -16.546 3.61285
0.126 0.452 -16.039 3.67416
0.000 -0.303 -11.565 4.99331
0.000 -0.442 -13.186 4.48261
0.000 1.103 -12.736 3.93967
0.003 0.151 -12.620 3.76775
0.000 2.674 -11.266 4.89593
0.357 3.399 -10.661 4.89941
0.000 -2.416 -14.215 2.69133
0.000 -1.153 -14.643 1.97851
0.000 2.594 -14.033 1.36005
0.000 3.802 -9.003 1.36296
0.000 4.439 -6.133 1.67710
0.000 6.619 -5.770 2.04878
0.703 8.610 -5.871 4.53891
0.391 7.398 -6.001 4.22584
0.565 4.803 -7.503 1.71348
1.773 5.182 -6.351 3.10410
0.871 2.397 -7.470 2.58192
0.180 3.866 -7.624 2.96340
0.424 1.669 -7.784 2.27496
0.376 4.370 -7.706 3.94812
0.000 3.067 -6.667 3.01358
0.010 0.690 -6.499 2.30169
0.640 -0.187 -8.265 2.26346
0.000 1.929 -8.422 2.12724
0.101 6.039 -8.362 5.32558
0.195 2.953 -8.638 5.72226
0.115 6.144 -9.584 4.80199
0.001 5.949 -8.166 1.60833
0.890 8.049 -5.324 3.07657
1.002 7.017 -4.934 2.89713
0.329 5.940 -6.479 2.60041
0.179 5.953 -6.793 4.34450
0.607 9.221 -5.872 3.19946
0.071 5.854 -5.914 3.55507
0.349 10.352 -6.726 3.37552
0.412 10.122 -4.590 2.92835
2.951 7.795 -6.375 2.75929
4.378 3.014 -7.118 1.77630
2.174 2.211 -7.659 1.77728
0.000 7.409 -5.880 1.85346
2.661 8.949 -6.041 3.89281
2.298 5.006 -5.233 2.05503
1.249 7.996 -6.687 2.71531
0.000 6.818 -5.751 2.83031
1.181 2.806 -5.949 1.91480
0.509 7.869 -5.655 2.27615
0.000 10.437 -3.935 1.96946
0.009 12.917 -4.150 1.60446
0.574 14.268 -5.344 2.35711
2.087 13.527 -5.103 3.81792
0.496 7.892 -5.008 1.87150
0.223 11.882 -4.765 2.27732
0.404 13.732 -6.921 3.26437
0.000 10.161 -5.255 2.19553
0.431 13.205 -4.609 2.77759
0.009 15.017 -4.376 2.27443
1.364 18.709 -2.087 3.06830
1.156 11.265 -2.102 1.53286
2.125 12.295 -4.661 2.32198
7.318 8.320 -3.668 2.00438
0.435 6.457 -4.690 1.60716
0.000 10.676 -2.917 1.03246
6.173 14.264 -2.192 1.48221
9.141 11.879 -5.312 3.18458
2.139 12.237 -1.626 1.26767
0.000 9.909 -3.731 1.43782
0.308 14.854 -2.911 1.66890
0.370 12.751 -2.663 2.55812
6.488 11.073 -1.909 2.47561
3.460 10.480 -2.676 1.99982
1.923 9.803 -2.199 1.98131
0.538 10.764 -4.628 2.09729
0.391 13.646 -1.057 2.03715
4.217 12.219 -2.243 2.65805
3.682 13.689 -0.945 2.62489
4.045 12.961 -1.438 1.30589
0.000 14.683 1.003 1.15210
3.574 17.565 -1.306 2.90962
9.551 16.412 -0.554 2.15031
9.985 17.271 0.977 2.46365
7.679 15.891 1.185 1.73304
5.210 18.113 1.570 2.93124
11.603 18.795 2.339 3.08219
5.801 17.410 1.856 2.62821
10.065 18.202 1.291 2.83277
10.849 16.150 0.196 2.28333
0.364 13.199 -3.189 2.22319
0.000 13.862 -3.173 1.56237
0.000 15.916 -2.288 2.15617
0.001 16.863 -2.330 1.90704
0.000 16.724 -2.845 2.36984
0.260 16.284 0.645 1.85804
0.874 16.082 0.413 1.37080
1.050 17.564 2.724 1.82159
1.820 14.946 1.803 2.07029
2.646 17.317 0.973 2.49930
3.231 15.160 0.737 1.61659
1.629 14.188 0.779 1.52890
7.866 14.661 0.924 1.14614
7.140 15.291 0.549 1.29644
0.000 14.277 -1.206 1.47692
0.000 16.990 -0.664 1.49374
8.058 17.620 2.403 1.02379
4.394 11.572 0.355 1.64967
9.419 16.051 0.900 2.01153
5.342 15.801 1.527 1.31122
1.814 15.509 2.252 1.02272
2.204 16.346 2.106 0.77360
1.825 17.230 3.521 1.09673
1.823 16.609 -1.343 1.77431
1.985 15.970 1.902 1.72218
1.011 15.163 -0.218 2.56108
6.211 14.161 0.657 2.91235
3.782 15.086 -0.502 2.84744
1.383 13.336 0.202 1.40473
3.299 14.940 -0.568 1.28938
3.476 15.484 -0.545 1.30415
1.082 16.328 1.424 1.39996
0.000 17.353 1.436 1.79777
4.175 17.954 2.541 1.70782
0.000 19.245 3.745 1.61683
0.256 19.457 4.529 1.16502
10.259 16.272 3.417 1.41147
0.609 17.271 3.113 2.23525
0.000 16.208 2.592 1.88477
0.000 18.348 4.193 1.12175
0.000 19.095 2.632 1.84432
1.789 18.275 3.982 1.83734
0.450 18.000 4.576 1.26872
0.585 18.249 3.417 1.58431
0.716 19.640 4.224 1.21262
15.639 18.579 1.618 1.93557
0.886 15.438 1.244 2.07163
0.194 16.548 -0.101 1.37478
1.809 15.756 0.206 2.06081
8.515 6.890 -2.914 2.07266
3.419 13.276 0.154 2.02230
1.428 15.558 0.085 2.46203
1.575 15.586 1.371 1.19813
0.698 15.719 1.828 1.03624
1.722 11.605 -3.333 1.34111
0.345 13.588 -1.599 1.32507
0.000 15.188 0.238 1.10607
6.365 15.226 -0.896 1.57608
0.834 12.885 -0.297 1.15736
1.506 15.021 1.820 1.86941
11.905 15.997 -0.528 2.09077
12.334 14.650 0.773 1.58778
0.057 14.819 0.399 1.25582
4.710 15.170 0.232 2.36204
11.999 12.565 -1.330 1.88429
0.369 13.085 0.046 1.91237
0.061 13.728 1.657 1.94625
5.709 15.944 0.961 2.07973
6.541 15.199 0.088 1.29974
0.474 12.632 0.477 1.56045
6.296 13.955 1.767 1.82340
6.639 15.302 1.916 1.22221
7.659 16.710 3.084 1.15948
4.818 13.993 0.193 1.95575
0.194 14.251 -1.901 1.01552
1.711 10.499 -2.078 1.47724
0.970 9.750 -2.233 1.46703
0.337 11.998 -2.130 1.24758
0.000 13.827 -0.909 0.97557
1.594 12.521 -1.422 2.06591
9.055 14.046 0.174 2.50053
5.259 15.190 2.030 1.25985
19.189 15.131 0.234 1.26183
2.863 14.095 0.716 2.02494
9.107 11.924 -1.449 1.74563
1.204 9.408 -2.956 1.72264
3.047 13.444 -1.352 1.28143
18.669 13.053 -1.194 2.08090
3.999 11.643 -0.574 0.92958
2.461 13.614 -0.251 1.89996
2.672 12.645 -0.634 0.86637
2.201 12.594 -4.556 2.15325
0.000 10.649 -2.500 1.29553
3.117 10.334 -1.858 1.39968
0.101 10.323 -5.607 1.97065
0.766 9.010 -4.572 1.29801
0.224 9.990 -6.002 1.86455
0.109 6.353 -5.580 1.50638
0.000 9.437 -5.257 2.45305
0.000 11.515 -4.145 1.74404
0.148 12.658 -3.382 2.17480
1.794 7.427 -3.270 1.09959
5.421 8.617 -2.627 1.24013
3.385 9.710 -3.911 1.33893
2.455 9.715 -3.688 1.52885
1.374 9.179 -3.510 1.40897
0.646 10.120 -4.094 1.65854
4.076 8.306 -4.950 1.69031
0.966 9.608 -5.455 2.38035
0.648 8.485 -6.344 2.11529
0.000 7.074 -5.855 1.20848
0.000 7.996 -4.222 1.06791
0.429 8.672 -5.304 1.97467
0.000 8.082 -5.069 1.11161
0.000 10.600 -4.720 1.81013
0.000 13.039 -5.029 2.98889
0.136 13.626 -4.790 2.33954
0.185 13.471 -3.878 2.89379
0.000 11.093 -3.649 2.72467
0.999 9.341 -4.644 2.57264
1.231 7.946 -3.888 0.86117
2.759 6.560 -3.944 1.62163
0.894 5.554 -4.696 1.11658
1.705 6.627 -5.769 2.07608
0.525 5.491 -7.168 2.38131
0.096 5.211 -7.342 2.44392
1.446 7.914 -6.981 2.97270
0.136 6.155 -6.466 2.72143
1.406 5.004 -5.645 2.60756
0.668 6.360 -5.086 2.17103
0.094 5.960 -5.953 2.53537
0.233 5.690 -6.293 2.77198
0.106 5.663 -6.133 1.93444
0.140 2.873 -5.837 1.69584
0.461 3.575 -6.020 2.06277
2.932 -0.123 -8.301 1.22900
0.002 1.369 -13.880 3.46914
0.000 -1.241 -15.833 2.40213
0.000 1.081 -15.954 2.49740
0.000 0.222 -14.464 2.90580
0.051 1.867 -14.591 2.20720
0.207 1.465 -11.886 2.19236
0.312 5.467 -12.002 3.24523
0.000 1.840 -10.622 2.06115
0.000 3.060 -10.763 2.37258
0.000 2.839 -10.811 2.22063
0.340 4.077 -9.451 1.86244
0.000 2.967 -12.105 2.85171
0.000 5.349 -12.353 2.79574
0.001 5.806 -11.523 2.74716
0.046 0.771 -12.976 2.88538
0.330 0.708 -13.185 3.34934
0.225 3.793 -12.447 3.27592
0.154 2.561 -11.559 2.91624
0.062 1.186 -15.080 4.66426
0.000 -1.770 -16.217 3.34254
0.013 1.234 -16.456 2.53760
0.468 3.329 -13.705 3.71304
0.247 1.513 -13.625 4.62720
0.000 -7.852 -21.595 3.53587
0.000 -6.227 -21.900 1.97983
0.000 -1.747 -19.557 2.81998
0.148 -2.498 -13.122 2.34604
0.071 -0.928 -13.647 3.16179
0.000 -0.817 -15.488 2.62813
0.000 0.858 -15.597 3.44137
0.000 1.826 -14.550 3.59008
0.000 1.813 -10.922 2.78238
0.000 -1.297 -11.179 3.12397
0.000 -4.475 -17.326 3.26444
0.022 -1.661 -17.547 3.89108
0.039 -3.542 -16.920 3.89210
0.000 -9.358 -24.162 3.26920
0.019 -4.675 -24.223 3.32326
0.000 -2.324 -17.477 3.51031
0.000 -0.731 -18.051 3.32497
0.000 -4.564 -17.422 1.86644
0.000 -2.282 -17.830 2.98437
0.000 -2.384 -17.228 2.39820
0.000 -6.334 -17.710 2.77437
0.000 -4.521 -17.489 2.85893
0.166 -6.421 -17.440 2.75177
0.000 -10.716 -20.853 3.97349
0.087 -5.098 -21.710 3.58329
0.000 -3.795 -18.707 3.05906
0.003 -4.202 -19.432 2.80021
0.012 -2.989 -19.830 3.94624
0.000 1.669 -16.825 4.15403
0.000 1.654 -17.665 3.79196
0.000 -1.211 -18.882 3.51690
0.000 -2.452 -21.057 2.58760
0.000 -3.881 -21.509 3.61320
0.000 -2.327 -21.340 3.28656
0.000 -1.422 -19.277 2.98433
0.000 1.602 -16.873 2.64523
0.000 -1.955 -18.162 2.22603
0.000 -0.680 -19.408 2.44592
0.000 -3.959 -19.746 2.69006
0.000 -1.843 -19.035 3.05709
0.000 -2.646 -20.854 2.93399
0.000 -3.513 -21.181 3.36492
0.016 0.709 -16.689 3.22808
0.163 0.014 -16.662 4.27632
0.000 -4.670 -17.215 3.30858
0.001 -7.700 -18.533 1.95017
0.005 -6.284 -17.393 2.36084
0.000 -10.041 -23.217 4.93626
0.005 -5.291 -23.107 4.62698
0.000 -5.047 -18.531 3.94775
0.000 -10.533 -17.360 2.44202
0.000 -10.571 -20.949 2.66499
0.002 -8.873 -22.923 3.76344
0.000 -6.327 -25.310 3.83095
0.000 -10.624 -25.847 2.38843
0.000 -6.704 -20.416 1.21618
0.000 -7.514 -20.333 1.64092
0.000 -5.758 -21.003 2.93956
0.000 -3.303 -21.259 2.15792
0.004 -4.056 -20.199 3.50954
0.000 -3.468 -18.455 3.28082
0.005 -5.881 -18.480 3.37536
0.004 -4.674 -21.220 4.30683
0.000 -4.705 -21.301 3.84493
0.000 -3.881 -19.939 3.60889
0.000 -7.640 -15.636 2.86707
0.000 -9.249 -25.157 3.96743
0.000 -9.280 -25.570 3.22013
0.000 -3.077 -23.048 4.29968
0.000 -4.767 -22.854 4.55528
0.000 -1.852 -20.444 5.05873
0.000 1.654 -19.644 5.41177
0.150 3.290 -17.213 5.49783
0.000 3.706 -13.262 6.37554
0.000 2.968 -15.544 5.06465
0.000 1.937 -18.819 4.97402
0.000 -3.972 -19.039 4.46631
0.002 -1.620 -18.713 4.50683
0.226 -5.015 -20.506 4.83529
0.000 -7.613 -21.505 3.85117
0.040 -4.595 -21.728 4.01119
0.000 -2.598 -21.945 3.35183
0.000 -4.896 -22.236 2.92574
0.000 1.713 -20.642 4.68107
0.000 -0.569 -20.009 4.67536
0.000 -1.190 -20.034 4.72384
0.000 -2.554 -20.300 3.18389
0.005 1.552 -18.354 3.47473
0.000 2.848 -15.744 3.32960
0.066 0.398 -17.255 4.25025
0.053 1.913 -17.254 3.01898
0.006 1.618 -14.204 2.66428
0.000 -0.103 -16.445 2.60498
0.051 -0.887 -16.721 2.68852
0.044 -3.909 -16.255 3.18949
0.010 -4.459 -19.124 3.58815
1.142 -1.250 -19.184 3.12028
0.000 -2.495 -16.884 3.37803
0.102 -2.041 -16.675 4.64668
0.119 -2.742 -14.323 4.08632
0.074 -3.280 -19.294 4.54989
0.000 0.016 -19.343 3.60719
0.000 -0.953 -15.856 5.26264
0.000 -2.315 -19.771 4.00682
0.000 -2.653 -19.805 3.25549
0.045 -0.357 -17.223 6.15994
0.005 -4.197 -17.210 3.35045
0.177 -3.835 -20.103 2.05990
0.150 -0.178 -20.000 3.31275
0.045 -1.607 -14.960 2.76522
0.000 -1.347 -14.918 2.43533
0.384 -4.152 -13.270 1.58278
0.000 -3.805 -15.857 1.31315
0.000 0.228 -15.823 3.56927
0.000 2.264 -15.323 3.37507
0.000 2.289 -13.663 3.19486
0.000 1.527 -13.363 3.68561
0.001 -0.555 -14.128 3.53276
0.114 1.348 -13.821 3.39202
0.025 -1.396 -14.971 3.05514
0.361 -5.064 -19.104 3.77180
0.000 4.269 -18.421 3.65726
0.696 2.449 -11.685 4.37366
1.139 2.647 -9.576 3.44154
0.860 1.370 -11.866 4.65718
0.000 -4.091 -12.080 1.66955
0.000 -1.082 -15.988 3.43132
0.000 -0.689 -15.564 2.84917
0.000 0.444 -15.281 3.60086
0.000 0.037 -14.224 1.93619
3.546 4.711 -8.717 3.64627
0.235 4.802 -10.211 2.89414
2.309 6.583 -8.989 2.75358
0.000 2.910 -6.452 3.05896
2.609 0.968 -8.795 2.30781
0.376 2.109 -9.003 2.68588
0.049 3.616 -8.794 3.92770
0.000 0.322 -10.248 2.22564
0.035 2.897 -9.780 2.36494
0.809 3.944 -7.606 6.78641
0.685 8.314 -5.840 6.05294
1.692 2.784 -9.087 4.01839
0.034 1.130 -12.959 4.73921
0.047 2.565 -14.926 4.25695
0.031 4.719 -12.814 3.78980
0.000 6.837 -5.816 3.19248
0.001 8.159 -4.203 1.90910
0.000 7.039 -5.641 2.70450
0.235 6.381 -5.769 2.08829
0.000 7.833 -5.316 2.98913
0.242 7.019 -3.640 2.47607
1.986 5.644 -6.390 1.47378
0.051 7.086 -4.283 2.68453
0.119 6.073 -5.098 2.65762
5.314 3.790 -6.283 2.35791
1.744 0.903 -8.872 2.37237
0.002 7.262 -6.888 3.93125
1.784 9.788 -5.617 3.14927
3.736 8.127 -5.143 2.70301
0.391 6.762 -6.627 3.41009
0.710 7.792 -5.135 4.36996
0.350 4.855 -7.586 3.39625
1.526 6.885 -7.660 3.13104
0.089 9.508 -5.687 3.34044
0.547 9.398 -4.977 2.57522
2.339 12.474 -4.511 2.78589
0.751 8.266 -3.308 2.00262
0.398 9.831 -6.099 1.63493
0.058 11.938 -6.285 3.18832
6.690 6.110 -6.020 2.05063
0.011 4.989 -5.952 3.23414
0.000 6.648 -5.043 2.28558
0.000 9.455 -6.077 1.58657
0.111 9.522 -5.117 2.17309
0.085 9.876 -4.974 2.38542
1.616 10.894 -4.509 1.61059
0.049 11.269 -3.604 1.76267
4.688 10.054 -4.611 2.66284
4.966 7.943 -4.126 1.39196
4.390 6.211 -6.584 3.03869
2.465 5.801 -4.686 2.15583
1.362 6.158 -6.002 2.14130
0.000 9.540 -4.250 1.21359
0.544 13.741 -2.069 2.13660
1.469 14.719 -1.368 3.16032
2.596 9.699 -3.266 2.09048
4.372 9.484 -2.217 1.35915
5.400 8.777 -3.261 2.42988
0.108 8.322 -3.197 2.03712
6.320 8.585 -3.404 2.39234
0.829 6.845 -5.592 2.58298
0.023 11.084 -3.434 1.54819
10.596 9.767 -3.302 1.85760
8.836 6.692 -3.938 2.52514
3.328 6.633 -3.531 2.23193
0.741 6.700 -4.918 2.57783
0.634 9.916 -1.981 1.09196
0.384 7.692 -3.436 2.61045
2.576 12.968 -4.360 2.89609
3.203 10.067 -2.210 2.55484
1.798 13.439 -2.838 2.59896
0.291 10.907 -2.667 1.47340
2.392 11.422 -2.607 1.97852
3.449 12.068 -3.509 1.66694
1.159 11.102 -2.764 2.20867
0.000 13.974 -2.048 1.69901
0.000 16.893 -0.385 1.74570
0.348 17.936 -0.729 2.09624
10.641 12.693 -2.727 2.37829
2.234 14.905 0.142 1.46376
3.550 14.889 -0.163 1.21280
4.381 15.920 1.594 2.86851
18.179 14.919 -1.684 2.05080
1.455 12.472 -0.855 1.72945
1.006 12.792 -1.317 1.41538
0.084 13.995 0.078 1.33950
4.472 16.773 0.812 2.21905
4.324 15.905 1.888 1.86612
9.936 17.368 2.128 2.10090
11.835 15.883 0.936 1.72575
10.271 15.150 -3.228 2.13241
0.559 10.692 -2.550 2.13177
0.000 12.695 -2.426 1.24057
0.000 15.596 -2.669 1.31298
0.059 15.385 -2.032 2.40058
0.003 13.693 -2.122 1.27791
0.000 14.912 -1.009 1.39456
0.000 16.456 0.168 1.62104
0.000 18.521 1.802 1.45344
0.045 18.738 3.987 1.52607
0.001 19.299 3.204 1.57827
1.098 20.767 3.068 1.57486
1.016 17.712 3.486 1.92417
19.872 16.230 2.642 1.46109
0.695 14.120 1.652 1.24914
0.410 17.819 2.194 1.61058
4.469 16.270 0.684 2.37384
0.439 17.828 2.661 1.51864
9.536 16.762 1.294 1.77951
5.887 16.526 0.991 1.82945
3.166 17.965 4.050 2.18451
7.119 14.366 3.418 1.39640
8.483 17.513 0.436 2.07878
0.000 16.793 -0.605 1.95630
0.000 16.217 -0.182 1.21376
0.915 17.359 1.040 1.27998
2.222 17.736 1.398 1.50084
8.419 17.850 3.504 2.10542
7.126 17.325 3.027 2.33715
4.885 17.194 2.280 2.22471
3.139 15.327 1.880 1.69056
0.457 15.436 1.671 1.82643
0.409 16.068 2.323 1.78763
0.006 16.972 2.587 1.50973
0.000 18.196 4.731 1.72629
4.099 17.055 3.839 1.64944
0.337 17.081 2.797 1.91435
0.651 18.504 2.177 1.73911
3.862 17.409 1.711 1.36372
0.038 16.401 -0.398 1.75176
1.831 16.574 1.330 1.44467
1.535 15.147 -0.347 1.43381
0.000 16.129 1.841 1.66189
6.901 17.828 1.964 1.52756
2.041 12.266 1.177 1.09560
7.043 15.084 0.916 2.08313
1.661 16.051 0.213 1.55731
0.000 15.720 -1.079 1.64043
0.000 17.196 -0.389 1.14323
3.312 17.854 1.101 1.55939
2.201 13.940 -0.396 1.38848
7.082 16.883 -1.937 1.84007
0.899 10.604 -3.155 1.93970
0.368 14.233 -0.805 0.96449
0.576 12.966 0.093 1.24557
5.061 12.723 -2.644 1.75224
6.147 13.463 -0.481 1.39001
9.179 12.475 -0.296 1.28381
2.554 13.692 -1.206 1.72715
2.140 11.337 -2.244 1.57653
5.479 13.436 -1.493 1.54579
3.599 14.036 -0.764 1.67504
1.046 13.032 0.836 1.15179
3.525 14.163 -1.088 1.51281
0.615 13.327 -0.865 1.39666
1.005 13.477 0.422 1.13984
16.858 13.773 0.621 1.57823
0.051 13.028 -2.406 1.89793
0.000 12.535 -0.662 1.10671
5.126 12.017 -0.833 2.07721
6.039 15.304 0.563 2.41581
4.869 15.057 -0.524 2.53091
0.031 12.747 0.137 1.21046
0.546 12.937 -1.291 1.18635
0.001 11.975 -2.011 1.86331
1.758 10.968 -0.679 1.34520
2.611 11.952 -0.037 1.49460
0.560 13.598 -0.792 1.60921
16.600 14.882 -0.019 2.18650
3.077 15.002 0.137 1.90180
2.739 13.807 -0.735 1.66238
2.690 14.172 -2.338 1.59613
2.701 14.410 -1.712 2.06354
0.851 13.227 -0.396 2.25323
0.895 12.603 -0.353 0.98688
0.280 13.171 0.377 1.10092
0.026 14.195 -0.697 1.42956
0.209 13.675 -0.813 1.14573
1.104 14.246 -1.878 1.91751
2.739 12.990 -3.762 1.70022
1.087 13.745 -3.349 1.61091
1.308 11.347 -2.478 1.40618
0.233 11.650 -2.070 1.57472
5.477 9.581 -4.979 1.62114
0.000 9.390 -4.089 0.90486
1.751 9.581 -3.524 1.63444
0.145 11.458 -4.819 2.54107
0.005 6.788 -5.530 1.50388
0.000 8.559 -5.371 1.23981
1.349 11.101 -4.030 2.94215
1.186 11.825 -3.465 2.91827
0.762 11.553 -4.530 2.99116
0.000 9.985 -6.787 2.35098
0.000 7.846 -5.667 0.90254
0.000 9.932 -4.340 1.43464
0.759 11.738 -4.359 2.21955
1.726 9.535 -4.122 2.69899
0.051 11.253 -4.285 2.79379
1.970 9.532 -4.899 3.24167
1.637 4.516 -5.553 1.41990
0.211 5.606 -4.591 2.83540
0.710 3.556 -6.102 1.51827
2.600 5.404 -4.956 2.71945
0.772 4.612 -4.649 2.06112
0.259 4.668 -6.489 1.64110
0.021 4.731 -6.234 2.08297
1.655 5.008 -6.301 1.82539
1.352 4.659 -5.862 2.19793
0.236 5.950 -5.029 2.31655
0.142 0.833 -9.000 0.85495
0.000 2.794 -9.105 0.78579
0.055 0.159 -12.177 1.64476
0.000 1.623 -12.278 1.21127
0.000 4.404 -10.936 2.06098
0.199 3.876 -9.549 1.99262
0.057 4.122 -7.099 2.43259
0.396 -0.254 -9.581 1.39670
0.163 1.497 -11.706 2.49533
0.000 4.591 -11.427 3.04422
0.000 5.033 -10.948 2.90135
0.000 3.663 -8.801 3.29957
0.145 2.824 -12.289 3.27141
0.019 3.583 -12.447 2.67123
0.075 2.941 -11.069 2.75908
0.706 0.110 -10.425 1.91385
0.004 -0.769 -15.534 2.54161
0.000 -0.459 -15.941 2.37670
0.000 2.301 -13.530 2.99029
0.000 3.221 -13.499 2.47765
0.000 -0.038 -16.971 2.93209
0.005 -0.542 -17.229 3.08400
0.011 2.072 -16.004 2.52527
0.000 2.710 -13.926 2.31833
0.000 3.078 -14.011 2.05634
0.000 -0.652 -17.637 2.48713
0.000 -1.554 -17.984 2.67019
0.000 1.181 -17.598 2.35820
0.001 1.845 -15.886 1.69485
0.006 2.011 -15.168 1.91195
0.000 -0.894 -17.881 2.58925
0.000 -1.674 -18.297 2.85014
0.000 0.373 -17.889 3.05888
0.000 3.192 -16.618 3.33937
0.146 2.127 -15.423 3.48247
0.019 -1.237 -16.348 3.41702
0.216 0.917 -16.455 3.17916
0.121 -0.776 -18.711 4.30242
0.000 0.582 -19.041 3.79619
0.000 -4.762 -18.169 3.61275
0.408 0.122 -18.417 5.21952
0.042 -0.238 -13.127 4.63800
0.000 -2.265 -18.262 4.23823
0.000 -1.894 -18.713 4.10196
0.000 -1.845 -18.431 3.73689
0.000 -6.599 -13.661 1.69609
0.000 -4.257 -17.918 3.52147
0.000 -1.568 -18.337 3.83101
0.003 -2.595 -18.568 3.97704
0.000 -3.431 -20.607 4.21770
0.000 -3.969 -20.963 4.10306
0.000 -0.029 -19.178 3.79916
0.000 -1.633 -16.809 3.51178
0.000 -4.939 -19.520 4.35650
0.003 -5.094 -19.916 3.90263
0.000 -4.296 -18.817 3.23331
1.315 -0.065 -18.264 3.04916
0.000 -4.760 -22.839 4.10214
0.000 -9.921 -24.160 3.16796
0.000 -5.563 -24.323 3.36640
0.000 -1.570 -22.303 2.54377
0.000 -0.931 -19.825 2.89411
0.000 -1.278 -19.353 3.28664
0.000 -3.915 -19.752 2.53013
0.000 -4.479 -18.416 2.47966
0.000 -5.938 -18.635 1.84288
0.000 -5.439 -22.295 2.45852
0.000 -7.154 -22.766 2.83880
0.000 -8.843 -23.336 3.36968
0.000 -6.003 -23.558 2.37219
0.000 -5.668 -20.498 1.35194
0.000 -5.492 -20.742 2.06518
0.000 -4.754 -23.032 2.75893
0.000 -7.065 -23.353 2.68694
0.000 -6.191 -21.499 1.42055
0.000 -3.776 -20.696 1.93728
0.000 -5.575 -17.952 1.47913
0.000 -7.689 -21.171 2.19372
0.000 -6.897 -22.117 1.20589
0.000 -6.213 -22.564 1.88332
0.000 -5.348 -21.468 2.37551
0.000 -2.007 -20.837 3.78456
0.000 -1.869 -15.489 4.18671
0.195 -1.872 -14.655 3.88228
0.016 -1.162 -15.330 4.38903
0.036 -4.340 -16.363 4.16745
0.000 -6.092 -15.860 4.61119
0.101 -4.966 -20.308 4.75387
0.000 -5.013 -20.663 3.36397
0.152 -6.439 -19.431 3.18246
0.049 -3.879 -21.843 3.39506
0.000 -5.352 -21.842 2.75051
0.000 -7.145 -21.570 2.50938
0.000 -5.728 -21.303 2.52645
0.000 -6.544 -21.585 3.52050
0.000 -4.772 -21.833 3.44040
0.000 -5.544 -19.770 3.37834
0.000 -8.037 -19.651 3.62326
0.029 -7.920 -25.681 3.72239
0.000 -8.663 -25.925 3.59798
0.000 -4.102 -24.449 3.57133
0.000 -0.580 -22.169 4.08186
0.000 -3.577 -23.097 4.41422
0.000 -6.018 -23.292 3.44008
0.000 -2.122 -22.058 3.64642
0.000 -2.518 -21.198 4.67512
0.000 -0.345 -19.606 3.89877
0.000 0.216 -16.988 4.05288
0.000 -0.298 -18.018 3.98576
0.000 -0.466 -18.957 3.63066
0.000 0.230 -19.191 3.59112
0.020 3.628 -15.614 4.64838
0.000 -2.465 -20.547 5.23560
0.000 -1.177 -20.647 2.86663
0.000 -1.446 -17.748 3.74348
0.000 0.114 -17.684 2.05066
0.000 1.294 -14.823 2.94706
0.000 1.400 -15.017 2.57550
0.000 -4.287 -12.563 0.90008
0.000 -2.692 -15.434 2.59261
0.000 -2.449 -16.988 3.21176
0.000 -1.074 -17.199 3.18191
0.000 1.732 -16.793 3.58804
0.000 -0.577 -14.014 4.44738
0.433 0.211 -13.964 4.27423
0.000 -4.839 -20.017 4.21699
0.000 -3.362 -20.091 3.84548
0.141 -2.968 -18.805 3.56942
0.404 -1.911 -15.135 4.16055
0.218 1.758 -14.714 4.44319
0.809 0.484 -14.948 3.57234
0.000 -4.929 -15.153 3.31648
0.107 -3.817 -15.734 3.78690
0.000 -6.218 -19.710 2.32690
0.000 -3.888 -19.712 1.20207
0.000 0.252 -18.874 2.59965
0.000 1.441 -14.374 2.52064
0.108 1.525 -12.358 2.48336
0.241 2.152 -15.133 4.29342
0.002 3.081 -14.895 3.62841
1.858 2.489 -10.004 3.96718
0.564 1.250 -15.010 4.08622
0.182 1.650 -14.684 5.15646
0.000 -3.065 -17.606 2.64719
0.000 0.410 -17.327 3.60747
0.476 1.956 -15.431 2.77941
0.009 4.489 -10.767 4.82046
0.000 4.363 -9.352 5.64301
0.048 7.131 -7.924 3.71980
1.504 7.323 -5.196 4.64773
0.000 3.529 -6.318 4.66078
0.128 3.428 -8.992 4.22466
0.001 5.309 -8.166 3.89897
0.001 4.834 -6.067 3.84066
0.130 3.939 -7.771 4.66173
0.000 1.297 -11.834 3.08640
1.044 3.432 -11.066 2.62558
0.224 3.128 -9.583 1.74581
0.525 6.341 -6.548 3.50260
0.136 8.175 -5.893 3.46044
0.000 6.288 -6.537 4.28827
0.321 4.262 -7.530 3.95626
0.000 0.728 -8.344 4.18070
0.387 7.733 -6.935 3.76659
0.296 11.384 -5.318 3.82774
0.645 11.203 -4.895 3.66581
0.000 11.978 -5.074 4.35401
0.701 6.560 -7.377 4.91339
0.176 2.686 -7.265 3.59336
0.290 1.162 -7.324 1.59740
0.000 4.217 -7.134 1.39282
0.000 7.854 -6.245 2.98646
0.654 10.487 -6.822 3.86244
1.781 7.952 -4.167 4.42075
2.921 5.045 -6.410 2.59132
0.441 9.850 -3.576 3.47394
0.564 7.893 -6.022 3.85030
0.389 6.952 -6.199 3.88047
0.692 10.595 -5.881 2.69099
0.818 11.192 -5.927 3.35967
0.000 9.293 -4.869 1.63652
0.030 10.720 -5.629 1.24658
0.261 12.304 -5.236 3.21032
0.435 13.197 -3.529 3.89585
0.146 12.960 -4.890 3.86745
2.944 10.788 -6.425 4.61325
0.114 9.335 -6.167 3.36567
0.045 6.860 -6.102 3.41647
1.018 5.423 -8.138 3.57694
0.000 7.142 -6.496 3.83552
0.008 8.149 -4.004 2.24393
0.611 9.187 -4.183 2.39044
0.186 7.606 -5.802 3.73701
0.194 8.591 -4.099 2.64344
0.004 10.597 -5.820 3.28399
1.950 13.195 -4.449 2.72217
0.026 10.573 -4.462 2.07556
0.455 9.275 -4.840 2.64728
0.981 9.770 -3.801 1.19320
0.754 7.847 -4.945 3.40215
0.426 5.890 -6.300 2.46997
0.165 9.429 -4.897 2.76887
0.125 13.414 -4.385 2.72323
0.000 14.980 -3.245 1.80230
0.436 15.024 -2.576 2.90810
2.416 15.507 -2.830 2.99705
7.036 12.142 -1.843 2.17134
5.990 12.994 -1.688 3.28695
0.311 13.555 -1.046 2.41636
8.189 13.527 -3.645 3.06364
0.492 4.841 -6.923 2.13040
0.001 10.437 -6.198 2.26430
0.065 11.548 -3.886 2.02115
3.554 7.173 -3.940 2.25972
6.506 7.732 -2.861 2.75982
9.175 7.598 -4.910 3.41344
0.231 9.568 -5.820 2.08798
0.359 14.109 -2.286 1.42807
0.413 15.647 -1.812 2.41785
1.291 15.842 -2.877 2.78744
5.269 14.323 -2.720 2.22116
3.115 15.347 0.036 1.95690
4.656 14.124 -1.562 1.49886
8.281 11.609 -0.660 0.92548
6.991 13.010 -2.408 1.79308
2.976 15.947 -1.502 2.71063
2.909 14.173 -1.266 1.84869
0.074 15.026 -2.905 3.29862
0.000 16.213 -1.005 2.07941
0.291 19.373 0.940 1.70596
5.988 16.320 0.584 2.53646
4.275 14.810 0.335 2.11831
8.895 11.862 0.285 2.32055
2.381 15.918 -0.151 1.76172
8.515 13.979 -0.258 1.65158
5.560 17.841 1.191 2.76605
0.894 14.961 0.411 1.76255
3.501 17.436 0.557 1.96203
4.421 15.210 0.914 2.26386
5.390 16.776 0.972 2.72089
4.981 16.039 -0.999 2.35863
1.031 9.544 -0.669 1.28297
0.000 15.071 -1.891 1.92329
0.000 17.108 -0.172 0.99625
0.000 19.314 1.791 2.20295
8.958 16.091 0.890 1.96844
2.889 17.168 1.225 1.72684
3.110 16.547 1.168 1.70525
0.000 16.870 -0.372 1.92925
5.301 17.985 2.074 2.46019
7.260 14.746 0.131 1.98877
1.339 16.164 1.863 1.58292
1.514 18.257 1.398 1.99196
0.645 17.167 2.611 1.58014
10.014 16.618 2.975 2.19576
6.132 17.134 3.482 1.16328
4.523 18.322 3.030 1.16006
18.776 18.716 5.056 1.62505
7.175 18.658 4.541 1.50738
3.799 16.616 4.547 1.50018
6.998 18.473 2.794 1.86452
15.810 19.425 4.384 1.44064
12.646 18.886 4.828 1.39683
1.033 18.946 3.306 1.78691
0.000 19.422 3.173 1.84768
0.605 19.154 2.253 1.50855
1.875 18.588 4.667 0.92726
0.298 18.115 1.938 1.45324
1.014 15.972 2.323 1.84703
1.233 10.268 -0.114 2.01636
5.699 12.513 0.247 2.47904
0.266 14.800 1.124 1.66738
0.176 15.136 1.339 1.46118
0.518 15.587 2.133 1.86303
0.000 16.005 0.537 1.88688
0.000 15.643 0.219 1.95332
0.019 15.518 1.382 1.85470
3.952 15.131 1.334 2.32355
6.151 17.020 2.313 1.59739
0.270 16.825 1.605 1.52387
0.000 18.094 3.221 1.39174
0.000 18.005 1.796 2.17660
0.000 18.268 2.176 2.12819
0.000 18.268 2.873 1.96891
0.190 18.810 4.284 1.62788
0.209 18.947 2.621 1.40114
0.813 19.914 4.287 1.12417
15.405 18.875 5.608 0.76492
2.003 16.481 1.334 1.32413
0.124 14.210 1.280 2.31217
0.015 15.418 -0.929 1.06114
0.285 14.025 -2.780 1.92612
0.000 12.475 -3.055 1.39178
0.000 14.346 -2.019 1.26134
0.000 16.768 -1.128 1.47991
0.215 18.392 0.239 1.36656
0.987 17.017 -1.098 0.91485
0.000 18.810 -1.796 1.80180
0.610 17.809 1.137 1.99511
0.000 15.563 1.583 2.09225
1.420 12.446 -0.469 1.36946
7.076 10.132 0.147 1.58024
1.249 13.414 -1.398 1.20858
0.398 13.484 -1.133 1.28190
2.784 14.839 -2.597 1.03556
1.830 14.019 -2.158 1.41068
0.000 15.707 -1.920 1.13720
0.000 16.671 0.088 0.87338
4.589 14.006 0.090 0.84847
2.389 12.448 0.213 1.00790
0.196 14.628 -0.626 1.58522
0.000 17.279 -0.875 1.49392
0.132 17.216 -1.710 2.08945
1.098 16.575 1.049 1.26907
4.910 13.728 -1.188 1.40184
5.656 16.630 -1.491 1.95953
0.222 17.291 -3.042 2.14573
0.000 17.306 -1.861 2.08094
0.000 16.901 -0.408 2.14886
0.066 16.496 -1.541 2.10105
0.343 16.441 -3.878 1.75158
0.084 17.173 -2.053 1.79437
4.748 15.862 -1.149 1.37505
12.565 14.836 -0.486 1.73213
2.119 14.628 -3.695 1.36795
2.233 13.798 -2.888 1.76227
0.926 11.243 -1.964 1.96000
0.775 13.222 -3.148 2.78024
1.241 9.931 -4.004 1.90676
0.261 13.316 -4.786 2.48151
1.806 14.524 -3.493 2.38665
1.825 12.553 -2.823 2.07961
8.050 11.758 -2.845 1.51954
1.543 9.660 -6.330 1.41091
0.000 8.611 -5.135 2.28304
1.824 9.943 -4.385 1.22793
4.391 9.675 -2.632 1.88515
0.659 7.592 -3.001 1.48347
1.670 7.710 -3.244 1.23612
0.534 11.386 -2.940 1.22297
2.086 11.909 -5.193 1.15167
0.544 10.461 -4.520 1.29404
0.025 12.619 -3.924 1.69865
7.266 13.096 -6.378 2.41868
0.000 8.723 -5.966 1.19557
0.327 8.618 -6.321 2.11695
0.000 4.856 -6.981 1.84456
0.239 6.666 -6.745 1.14518
0.266 8.199 -4.459 1.81863
2.156 6.479 -3.528 1.27835
0.380 2.292 -5.951 1.55259
0.129 3.629 -8.044 1.36480
0.545 5.906 -7.950 1.59628
0.039 6.720 -5.706 2.12780
0.033 3.350 -6.367 0.86771
0.056 5.426 -6.371 1.23107
0.095 5.307 -5.777 1.80246
0.164 6.683 -5.811 2.44687
0.127 8.671 -5.693 1.95508
1.685 4.133 -4.236 1.27961
0.205 1.838 -6.654 1.70981
0.924 4.382 -6.644 2.45566
0.464 5.128 -6.723 3.80478
0.000 0.425 -16.923 4.87165
0.040 0.234 -17.056 1.68711
0.038 3.198 -11.932 1.77836
1.571 1.988 -8.713 1.33035
1.399 4.732 -8.977 2.32322
0.828 5.136 -7.970 2.60485
0.589 -0.244 -9.211 1.34548
0.564 2.220 -9.587 2.75314
0.628 3.190 -8.297 2.77704
0.306 1.890 -7.169 1.93912
0.000 0.185 -8.321 2.37089
0.000 -0.207 -9.962 2.54718
0.000 -0.691 -10.152 1.34436
0.382 -1.203 -10.890 1.39645
0.075 -0.700 -13.811 2.17475
0.000 1.287 -14.052 1.72305
0.091 1.752 -10.937 1.59631
0.000 2.695 -9.116 2.40890
0.000 2.232 -10.615 2.91833
0.131 2.613 -12.191 2.26401
0.090 3.499 -12.432 2.46573
0.000 3.906 -9.600 1.87677
0.007 2.650 -7.792 2.08364
0.240 0.000 -15.100 3.41568
0.212 -2.693 -17.479 3.30699
0.000 -1.121 -17.677 1.91309
0.086 -0.598 -15.927 3.05670
0.000 0.728 -16.566 3.20029
0.007 -2.461 -16.941 2.92847
0.000 -6.714 -19.862 1.99520
0.000 -2.605 -20.107 3.01619
0.000 -0.099 -17.812 3.51594
0.000 -1.816 -18.014 3.27191
0.002 1.001 -17.695 2.55336
0.003 -0.492 -14.474 2.50448
0.000 -1.213 -16.933 3.28945
0.000 -0.017 -16.989 3.64200
0.000 2.008 -16.196 3.65461
0.000 1.338 -16.395 3.52366
0.000 2.010 -16.675 3.42659
0.000 1.332 -15.893 4.12199
0.000 -2.596 -17.354 3.31120
0.000 2.186 -17.375 3.56216
0.368 2.276 -15.762 4.05239
0.000 0.292 -15.421 4.23050
0.000 -0.956 -14.904 5.51862
0.001 -2.385 -20.191 5.15291
0.026 -2.222 -20.409 2.66418
0.000 -1.961 -18.340 3.16251
0.200 -7.027 -21.475 3.78307
0.000 -1.768 -21.756 2.52212
0.061 -1.666 -17.502 2.69171
0.000 -1.868 -18.581 2.41411
0.000 -2.347 -19.040 2.53238
0.000 -0.326 -17.828 3.39661
0.000 -0.319 -15.201 3.03069
0.001 -3.086 -16.388 2.55888
0.025 -2.441 -18.031 3.22203
0.000 -4.630 -18.343 2.97470
0.000 -5.342 -20.046 3.87192
0.002 -4.974 -20.886 4.05730
0.000 -5.369 -21.348 4.09687
0.007 -4.271 -20.264 3.78462
0.000 -1.797 -19.400 2.02181
0.000 -7.190 -17.866 1.40604
0.000 -3.497 -19.229 3.45216
0.009 -6.454 -19.217 2.20945
0.031 -7.056 -17.500 3.28814
0.000 -6.783 -20.227 2.36086
0.000 -4.552 -20.922 3.46875
0.007 -1.498 -20.413 3.25471
0.000 -7.676 -22.112 1.80761
0.000 -6.648 -22.658 3.60198
0.000 -1.307 -21.729 3.32605
0.000 -1.645 -18.791 2.50490
0.000 -7.860 -23.009 2.64850
0.244 -5.226 -23.291 3.24197
0.000 -2.613 -20.079 4.05592
0.000 -4.708 -20.430 4.06554
0.000 -6.749 -20.739 3.27439
0.000 -3.476 -21.339 3.53872
0.000 -5.261 -21.709 2.79395
0.000 -3.808 -21.652 2.61483
0.000 -5.064 -20.329 3.61025
0.000 -8.197 -23.520 3.32768
0.000 -5.121 -23.760 3.75543
0.000 -1.947 -20.350 3.35857
0.000 -0.388 -19.157 3.57189
0.000 3.052 -16.516 3.56985
0.000 3.465 -16.105 3.44167
0.000 4.053 -17.282 3.05649
0.000 -1.076 -18.843 3.01063
0.000 -0.874 -19.153 2.23002
0.011 -1.987 -17.860 3.36982
0.000 -6.589 -18.343 3.64662
0.046 -2.589 -18.871 4.80192
0.000 -5.022 -20.772 4.16911
0.000 -2.886 -21.046 3.77085
0.000 -0.815 -18.203 3.37132
0.360 -1.623 -15.053 3.44034
0.026 -5.778 -17.400 3.65768
0.000 -4.550 -17.529 3.07321
0.000 -1.915 -16.209 3.32409
0.107 -1.104 -16.705 3.59845
0.000 -1.765 -19.294 3.75584
0.000 -2.957 -19.691 3.74495
0.000 -3.313 -18.377 2.18907
0.004 -5.998 -19.955 4.05409
0.000 -1.741 -20.327 4.31712
0.074 -2.779 -17.118 4.09482
0.134 -5.019 -17.409 3.86309
0.058 -5.004 -19.944 3.33894
0.594 -4.429 -20.159 2.37556
0.070 -5.846 -18.046 2.65572
0.319 -5.783 -18.525 3.00685
0.000 -8.824 -22.057 1.70417
0.003 -5.957 -22.307 4.61046
1.856 -1.534 -18.594 4.05975
0.636 1.180 -18.244 3.14305
0.000 2.772 -15.652 2.43542
0.000 5.590 -13.729 4.37208
0.000 -0.988 -13.267 4.61679
0.000 -5.003 -19.005 3.54752
0.031 -2.935 -19.043 3.71644
0.665 -0.854 -15.891 4.10007
0.066 -0.435 -15.447 3.81269
0.089 -1.620 -16.003 3.23486
0.384 -2.800 -18.271 4.27878
0.000 -2.815 -18.289 4.09467
0.460 0.467 -17.536 4.39025
0.000 1.989 -13.958 4.69735
0.000 3.834 -13.973 5.10614
0.120 4.617 -11.999 6.04854
2.515 4.210 -11.888 7.08829
0.000 -1.413 -17.913 5.74286
0.000 -1.123 -17.905 4.43865
0.000 -1.701 -15.014 3.35585
0.094 -7.182 -20.115 2.56196
0.365 -1.501 -19.970 4.04172
0.054 0.954 -16.310 3.74070
0.034 -2.429 -17.350 4.18143
0.000 0.708 -17.141 3.83228
0.250 -1.371 -15.280 3.97890
0.176 0.819 -14.992 5.94148
0.239 3.813 -10.793 4.94543
0.441 1.855 -9.803 4.18193
0.247 2.326 -12.561 3.22731
2.044 2.380 -12.130 3.15841
0.204 -0.252 -11.476 2.46872
0.522 0.810 -10.985 3.29364
0.495 -1.670 -17.136 3.95634
0.395 1.342 -16.950 3.70681
0.000 0.873 -16.104 3.43082
0.095 6.157 -14.400 4.49544
2.176 2.560 -9.632 3.58689
0.000 4.862 -9.575 2.56002
0.000 2.980 -8.323 2.54871
0.057 4.594 -8.237 1.55201
0.429 6.570 -6.594 2.36982
1.047 6.885 -6.210 3.56431
0.024 5.357 -4.820 2.39569
0.118 6.035 -7.254 3.45989
0.019 6.654 -7.898 4.34324
0.079 5.379 -7.234 3.18613
0.293 5.934 -6.413 3.52853
0.146 8.253 -6.394 4.48378
0.037 5.216 -6.244 4.09096
0.000 7.969 -6.276 3.12034
0.000 5.522 -6.840 3.28571
0.216 7.716 -6.622 4.84054
0.204 6.393 -6.037 5.34640
0.168 7.471 -5.677 4.38238
0.089 3.256 -7.620 3.69967
0.000 1.300 -8.255 3.98181
0.000 8.169 -6.856 3.65523
0.000 10.967 -5.404 3.43597
1.621 10.449 -5.192 3.05077
0.312 7.729 -4.572 3.07000
0.077 10.167 -5.355 2.59224
0.055 14.113 -4.343 4.01264
0.115 12.006 -4.641 4.49598
0.340 9.700 -5.542 3.64146
0.103 6.951 -6.984 2.59722
0.082 5.178 -8.111 4.88434
0.076 9.986 -4.678 3.72441
0.069 15.572 -4.830 2.92293
0.095 14.832 -5.685 2.99551
0.551 14.733 -5.901 3.17820
0.141 9.492 -5.053 3.71384
0.092 4.936 -5.708 3.51442
5.662 8.265 -4.779 2.37342
5.279 10.747 -4.600 3.33176
0.242 11.503 -3.948 1.87577
4.763 10.929 -4.193 3.56849
6.847 12.693 -4.273 4.03941
2.910 9.250 -4.177 3.69130
1.381 7.986 -4.117 2.41723
0.451 5.250 -6.377 1.89676
0.748 3.298 -7.566 2.20732
0.426 3.322 -6.413 1.34651
3.103 7.886 -5.357 2.04533
0.137 4.847 -6.712 1.61869
0.593 7.395 -5.317 3.09531
0.020 10.578 -3.227 2.32567
2.841 9.610 -3.049 2.11518
1.768 10.699 -4.108 2.48118
0.440 7.996 -4.719 1.72658
0.792 9.543 -4.110 2.33583
0.971 4.284 -5.170 3.24592
4.801 8.908 -2.840 2.25929
1.739 6.773 -3.479 1.59695
0.903 7.248 -3.390 1.66135
0.502 10.796 -4.630 2.86797
0.566 8.973 -3.354 2.07927
2.219 11.878 -1.616 2.26828
1.379 10.729 -4.399 2.08152
5.704 15.535 -1.515 2.63520
0.250 9.663 -3.229 1.69036
1.446 13.970 -2.071 2.09553
1.551 14.322 -4.525 2.35911
0.024 15.038 -1.930 2.03112
4.390 12.103 -1.265 1.68990
1.259 14.639 -1.897 2.39716
1.065 15.034 -1.048 2.24099
2.531 13.970 -2.801 2.90241
0.501 14.200 -0.486 2.11556
16.033 9.647 -1.469 2.67714
5.180 9.720 -3.460 1.96693
2.306 10.828 -0.987 1.82936
7.799 12.834 -1.320 1.67716
0.913 11.647 -3.363 1.50986
0.000 14.526 -1.074 1.97582
1.684 13.056 -1.711 2.11829
0.162 13.898 -0.940 1.42784
0.974 11.299 -1.425 2.51457
5.550 15.828 0.311 2.61300
0.670 12.694 -1.971 2.61133
2.914 12.614 -0.084 1.65504
0.543 11.083 -2.225 2.06542
1.921 13.478 -1.056 1.02202
3.770 14.869 -0.444 2.12020
4.184 13.447 -1.002 2.80700
1.584 12.958 0.432 1.59269
8.230 14.458 0.999 2.32676
6.984 16.051 1.280 2.93187
8.868 17.311 1.396 3.17471
2.991 13.679 -1.600 1.89226
0.000 14.675 0.561 1.55938
6.320 15.786 1.498 1.34835
7.425 15.979 -0.292 2.83259
0.666 15.396 1.698 1.31638
10.335 16.292 1.183 2.21913
0.913 15.494 2.749 1.08364
3.331 16.091 0.820 1.88299
2.387 12.823 -0.298 1.42862
0.217 14.304 -1.866 1.33105
0.139 14.807 0.959 1.53354
2.462 13.567 -2.066 2.27508
2.628 14.123 0.935 1.10016
4.118 13.221 1.067 0.89003
2.644 14.651 -0.019 1.43512
2.191 15.760 1.157 2.79310
9.249 15.027 2.409 2.12202
7.492 15.297 1.162 1.90902
6.107 13.077 1.390 1.81763
10.719 16.381 2.334 2.56362
2.245 14.645 -0.794 1.85654
0.000 15.771 -1.047 1.49728
1.118 17.124 1.251 1.82523
1.031 15.392 -0.928 2.81912
3.049 12.625 -1.705 1.94276
0.051 14.016 -1.047 1.86057
2.811 13.544 -1.805 1.64814
0.922 11.415 -2.432 1.90959
0.000 14.645 -1.385 1.21670
0.000 16.376 -0.012 1.31034
0.000 17.029 0.337 1.83883
2.887 17.068 3.616 1.62278
2.026 17.077 2.790 1.54453
1.342 17.562 2.947 1.40090
14.553 17.448 3.666 1.07798
20.096 17.320 1.987 2.15699
15.139 16.709 2.216 1.80434
6.315 14.732 -1.924 1.98975
0.917 13.784 0.452 1.22189
0.000 16.236 0.421 1.77264
7.414 17.641 2.768 1.50619
4.175 17.304 1.982 1.54272
13.673 17.111 4.119 1.30470
3.211 18.140 2.750 1.12111
8.820 17.652 3.837 1.40413
12.911 16.118 3.741 1.15176
2.061 16.089 2.628 1.85177
8.632 16.398 2.052 2.20511
17.965 16.566 2.135 1.81950
1.215 17.028 1.807 2.09186
3.352 16.183 -1.191 2.36075
0.489 11.477 -1.158 2.04138
0.909 12.466 -2.148 2.11024
0.107 12.399 -0.756 1.57585
1.060 12.919 0.115 1.27240
2.634 15.790 1.065 2.65537
4.138 12.811 0.765 1.84686
5.141 15.973 1.897 1.48680
8.057 15.912 4.209 1.02513
6.853 15.426 4.375 0.61812
2.676 16.104 3.037 1.41834
13.649 16.334 2.948 1.48586
0.529 14.249 1.945 1.86070
5.228 17.126 3.634 1.93898
8.804 15.305 2.888 1.64142
0.686 14.725 3.007 1.43417
12.206 15.172 2.439 1.73363
4.262 16.421 -3.120 2.32811
3.676 12.065 -3.375 2.19961
1.444 9.986 -2.384 1.45801
0.395 12.097 -1.208 1.88807
13.109 12.268 -0.569 1.23806
5.589 9.659 -0.647 1.16443
0.845 11.166 -2.751 1.83722
1.237 11.992 -3.006 1.34718
0.710 8.573 -2.138 1.40505
0.000 12.623 -2.382 1.12744
6.005 12.560 -1.029 1.85230
1.596 11.984 -1.639 2.03802
0.031 11.430 -1.902 1.22396
0.000 13.170 -0.651 1.10292
1.181 9.947 -0.520 1.14378
3.062 13.764 -0.631 1.23264
3.295 13.388 -0.133 1.87887
15.270 13.633 0.775 1.16582
9.985 14.868 -2.227 2.32039
1.336 10.180 -3.146 1.83627
1.366 10.257 -5.055 1.46202
0.000 10.634 -5.871 1.47265
0.000 11.413 -4.618 2.04219
0.000 13.602 -3.913 1.82984
3.479 9.948 -3.051 3.30171
0.995 12.678 -2.895 2.88187
0.085 12.007 -2.220 2.08810
1.456 12.229 -2.548 2.27149
0.346 12.980 -2.944 2.36144
1.390 12.240 -2.219 2.16481
3.815 12.900 -2.204 2.32485
8.576 12.987 -1.773 2.52170
2.439 12.529 -2.507 2.05232
1.861 11.483 -3.251 2.62436
0.247 6.323 -4.561 1.41435
0.000 6.232 -6.807 2.24998
0.000 7.150 -6.511 2.06520
1.612 9.173 -5.333 2.74524
0.771 10.993 -4.407 3.11207
5.546 10.833 -3.843 2.79503
3.305 10.170 -3.543 3.49672
0.000 10.946 -4.692 3.48597
0.188 10.383 -4.626 2.90323
0.000 11.917 -3.986 1.96552
0.000 12.978 -3.997 2.14945
0.131 12.360 -4.917 2.54370
0.000 11.798 -4.340 2.83819
0.341 11.043 -4.796 3.01260
0.000 9.171 -5.450 3.18777
0.044 6.251 -5.467 1.56883
0.402 4.940 -5.564 1.28865
0.000 7.546 -5.539 1.88974
0.431 5.798 -4.562 1.50690
0.000 5.104 -4.807 1.67986
0.001 5.830 -6.391 1.97257
0.116 5.151 -6.526 1.13601
0.032 5.579 -4.838 2.47031
2.369 6.057 -6.721 2.22911
0.045 3.017 -8.520 2.50106
0.000 3.183 -8.574 1.23627
0.000 2.727 -7.905 1.23115
0.024 3.138 -9.511 1.86481
0.000 3.765 -9.869 2.76580
0.058 5.723 -8.583 2.45935
0.016 1.437 -12.609 2.89569
0.003 4.338 -12.686 3.11863
0.804 6.286 -9.582 4.04446
0.120 4.515 -9.910 3.59872
0.059 3.735 -10.253 3.57325
0.084 3.308 -12.483 5.03947
0.130 1.846 -12.517 3.78718
0.091 3.553 -15.856 3.78810
0.000 -0.661 -15.910 1.48895
0.082 0.744 -12.608 2.89056
0.002 1.013 -13.694 2.50695
0.000 3.759 -13.866 2.66768
0.021 2.478 -11.026 2.98204
0.280 -1.038 -9.981 1.89369
0.518 -0.516 -12.930 3.23577
0.000 -0.305 -12.978 3.98742
0.056 0.603 -16.820 3.64268
0.000 1.307 -17.090 2.51855
0.000 -0.464 -17.055 2.81800
0.099 2.968 -16.988 4.12377
0.000 1.914 -17.235 2.90513
0.002 3.707 -14.761 3.79048
0.000 -1.347 -15.548 2.84067
0.000 -0.463 -15.760 2.16784
0.031 -3.845 -18.418 3.04907
0.000 -5.019 -18.875 2.10954
0.000 -1.935 -19.093 3.54255
0.001 0.455 -17.837 3.62936
0.000 0.237 -15.990 3.60982
0.000 -0.084 -15.724 2.64876
0.000 -2.726 -16.152 4.63211
0.002 -4.283 -16.929 2.10403
0.000 -2.799 -17.533 2.48117
0.000 -3.645 -14.782 2.16865
0.000 -6.498 -21.260 4.25023
0.091 -2.748 -21.511 3.08892
0.000 -4.235 -15.830 2.22297
0.000 -3.682 -16.992 1.41308
0.000 -2.967 -19.900 2.53703
0.000 -2.106 -20.191 2.48046
0.000 0.410 -17.631 2.98299
0.000 0.834 -17.570 3.16227
0.000 2.240 -17.487 2.87529
0.000 3.007 -16.099 2.68720
0.000 -0.245 -18.517 3.60278
0.000 -1.724 -18.747 2.25902
0.000 -1.794 -15.823 2.90100
0.000 -2.818 -18.085 2.74480
0.000 -5.715 -19.876 3.19350
0.015 -2.727 -20.081 2.61310
0.000 -1.825 -16.791 2.44319
0.000 -4.453 -17.900 3.07943
0.000 -8.006 -19.755 3.51792
0.079 -2.549 -19.719 2.60350
0.000 -3.383 -18.722 3.67309
0.000 -5.329 -18.449 2.75044
0.000 -9.675 -21.333 3.96876
0.022 -5.621 -21.370 3.71989
0.000 -4.674 -18.239 3.92724
0.017 -6.038 -16.254 2.37237
0.000 -4.884 -19.204 4.52724
0.000 -5.756 -19.950 3.37029
1.430 -4.865 -21.106 3.95839
0.000 -4.097 -21.341 3.08616
0.150 -2.295 -18.873 2.95136
0.010 -5.005 -16.758 3.11302
0.000 -7.233 -18.962 1.91036
0.000 -5.649 -20.632 3.26000
0.000 -4.837 -20.958 3.50028
0.620 -3.887 -19.042 2.85985
0.015 -6.073 -20.589 1.79346
0.026 -3.599 -20.865 3.07275
0.000 -6.217 -21.385 3.48896
0.000 -8.177 -21.677 4.93611
0.000 -3.881 -20.521 3.80951
0.000 -3.255 -18.205 3.09435
0.015 -3.020 -18.638 3.01753
0.000 -6.994 -23.311 4.60411
0.000 -5.411 -23.588 3.96389
0.000 -2.802 -20.290 3.81192
0.193 -2.640 -19.453 4.62313
0.000 -1.987 -19.788 3.65405
0.000 -2.572 -14.921 2.38541
0.029 -5.894 -20.295 3.15767
0.000 -7.588 -20.563 1.65880
0.000 -7.844 -21.480 2.63536
0.000 -9.116 -22.912 4.37999
0.000 -4.643 -22.995 4.32058
0.000 -5.219 -20.085 4.23646
0.000 -4.235 -19.944 4.41250
0.000 -5.195 -19.155 5.16383
0.000 -5.214 -21.396 4.66975
0.001 -8.850 -25.163 4.05104
0.000 -8.759 -25.430 3.72536
0.000 -6.570 -23.362 2.35750
0.000 -8.223 -17.403 2.16825
0.000 -11.418 -24.047 4.26363
0.000 -3.846 -24.345 4.42050
0.000 -0.488 -21.356 3.06178
0.241 0.221 -15.308 3.17432
0.115 -1.048 -15.727 2.70965
0.000 -6.713 -22.980 2.68458
0.000 -1.964 -23.073 2.06171
0.339 -1.721 -18.486 2.49918
0.000 -5.168 -18.682 2.62300
0.000 -6.819 -22.251 3.30586
0.000 -1.275 -22.416 2.65768
0.081 -0.783 -17.923 3.59190
0.054 -2.852 -17.638 3.19948
0.056 -4.681 -19.514 2.86391
0.084 -3.166 -19.737 3.60562
0.000 -2.422 -18.638 2.23736
0.000 -4.000 -18.863 3.69181
0.000 -3.595 -19.005 4.42905
0.301 0.166 -19.057 4.43794
0.005 2.395 -16.543 3.65489
0.011 3.316 -14.712 4.19106
0.005 0.583 -15.783 5.22677
0.000 0.735 -16.866 5.08194
0.000 -0.705 -19.039 5.33294
0.013 -2.885 -19.074 3.84157
0.000 -0.483 -19.057 3.70794
0.000 -0.097 -19.045 3.57555
0.000 1.970 -17.852 2.61722
0.000 2.167 -11.809 3.10822
0.004 -5.779 -19.455 2.49124
0.000 -0.919 -19.415 1.73601
0.000 7.354 -15.726 4.07365
0.000 8.378 -12.078 4.81668
0.037 4.495 -7.852 2.98432
0.048 4.666 -8.119 3.57609
0.050 3.537 -9.311 2.79323
0.000 5.323 -9.411 1.73825
0.075 6.326 -9.283 2.89818
1.588 6.932 -6.483 3.07977
0.005 5.877 -5.531 1.56574
0.426 9.266 -6.206 4.09940
0.132 8.862 -5.871 5.14217
0.024 3.821 -6.452 5.67889
0.004 6.699 -4.096 5.89716
0.125 7.604 -6.015 5.26794
0.034 9.806 -4.333 6.48917
0.000 8.910 -5.292 6.79720
0.036 8.940 -5.000 6.55067
0.089 7.286 -6.323 6.08334
0.000 7.363 -6.062 4.64120
0.000 5.328 -7.128 2.71854
0.000 3.032 -7.767 3.35867
0.000 0.510 -8.699 2.45434
0.000 0.261 -10.774 3.73189
0.864 4.458 -10.035 2.41608
0.004 5.490 -6.136 2.12008
0.000 5.003 -5.979 1.46871
0.394 4.916 -7.020 1.85704
0.383 6.227 -7.453 2.64825
0.000 2.698 -8.509 3.85211
0.000 6.500 -9.639 4.78646
1.496 5.452 -8.598 3.86675
0.661 10.272 -5.535 2.57892
1.974 8.922 -6.309 3.10209
0.089 7.757 -5.846 2.23832
0.000 7.507 -6.648 2.45155
0.521 4.184 -7.498 2.31450
0.883 2.667 -6.773 3.08777
0.170 3.659 -7.225 3.16679
0.153 1.261 -7.623 3.19011
0.130 4.441 -7.813 3.43991
1.654 6.381 -6.222 1.96343
0.320 10.557 -5.653 2.21220
0.499 12.807 -3.244 2.46444
0.089 15.262 -3.970 2.99519
6.137 10.373 -2.561 2.26267
0.696 10.159 -4.831 1.96038
0.476 10.959 -3.817 3.10652
2.979 7.453 -5.912 2.22675
0.000 5.908 -5.123 1.47765
0.198 5.639 -6.511 1.49058
0.772 10.669 -6.087 2.56237
0.715 12.708 -5.327 3.50146
0.108 13.275 -4.827 3.02413
0.024 13.692 -3.642 3.60740
1.649 10.379 -4.794 4.82591
0.169 10.587 -6.676 4.97407
1.211 4.861 -5.665 2.10802
4.193 5.032 -7.040 2.89439
0.087 4.355 -8.575 3.12127
0.000 9.753 -4.968 3.19883
1.322 14.965 -2.948 4.07730
2.622 14.329 -4.412 3.30096
3.829 12.461 -5.404 2.39693
1.775 9.108 -5.386 1.87906
2.775 11.383 -2.064 2.65667
5.350 14.205 -6.462 4.07595
0.000 10.697 -7.834 4.14106
1.156 11.836 -7.031 2.91250
0.000 12.751 -4.182 3.13595
0.436 15.804 -4.530 2.75092
0.000 8.920 -4.865 1.18792
0.000 13.001 -3.368 2.16190
2.026 14.651 -0.771 1.79085
1.151 14.560 -4.686 4.03131
0.054 12.410 -0.972 1.34395
3.050 10.568 -1.609 1.98201
4.072 10.541 -2.003 1.75159
0.859 13.797 -2.062 3.37281
0.196 12.223 -1.281 1.89830
0.236 13.928 -2.950 1.50482
0.246 15.362 -1.750 3.41171
5.025 14.352 -3.223 2.90417
0.646 11.981 -2.107 2.23035
0.266 12.732 -1.285 1.96658
3.045 13.041 -2.226 1.09077
7.376 14.157 -0.368 3.21905
4.285 11.405 -6.332 3.83699
1.749 5.974 -5.493 1.84211
0.876 8.778 -4.173 1.20250
1.332 5.943 -4.108 1.84438
0.085 10.006 -2.565 1.11033
3.146 12.912 -2.452 2.94899
1.654 13.388 -1.348 1.72162
1.550 14.996 -1.158 2.27929
3.546 14.343 -0.514 2.77343
1.176 14.149 -0.493 2.03611
2.097 11.238 -3.583 1.75437
0.193 11.615 -3.517 1.81734
0.000 14.201 -0.041 1.13808
3.623 15.775 -2.076 2.58114
0.601 13.344 -0.173 1.63660
2.642 11.288 -2.011 1.36354
0.400 11.458 -0.464 1.69778
0.026 13.806 0.936 0.94433
4.930 14.325 -0.226 2.45719
9.919 14.169 0.601 2.42135
8.098 12.293 0.098 1.35509
4.149 15.316 -0.569 2.00498
2.866 16.584 0.108 2.40616
7.054 16.774 0.061 1.59326
5.747 17.401 1.113 1.88116
1.128 17.545 2.352 1.48358
29.753 16.131 0.446 1.75562
0.354 14.295 1.389 1.94517
0.679 15.150 -2.028 1.40545
0.148 15.044 1.590 1.72285
7.780 15.380 0.090 2.48234
0.000 15.659 0.160 1.72602
2.575 16.343 1.289 1.19623
0.872 15.434 0.816 2.33664
3.429 14.554 1.145 1.79027
3.966 12.817 -0.446 1.81975
0.108 14.909 -1.539 1.47164
4.954 14.490 -0.370 2.48092
8.317 10.696 -1.231 2.61106
0.130 11.292 -0.356 1.99253
0.441 13.917 -0.968 1.52648
1.110 14.928 0.655 1.08186
1.054 11.479 -3.120 1.67828
0.031 14.462 0.082 1.74188
2.693 16.371 -2.662 2.02453
0.000 16.184 -0.172 1.55698
0.149 16.229 1.280 1.53162
13.595 16.309 1.230 2.48003
14.067 13.000 1.346 1.62103
7.164 14.233 1.224 1.12439
8.600 15.285 1.020 1.17390
13.606 16.029 2.492 1.54567
15.394 15.626 0.219 1.88502
1.779 12.389 -0.404 1.61506
0.423 14.253 -0.890 1.24764
2.395 15.036 -0.967 1.77464
0.284 8.965 -2.067 1.89474
0.000 14.496 -0.737 1.12893
7.185 14.623 1.082 1.89708
13.836 13.363 1.076 1.20347
0.914 14.985 2.491 1.08676
3.591 17.434 3.048 1.50147
0.354 16.524 1.980 1.66646
0.297 17.289 2.696 1.81700
6.239 17.010 4.090 1.25352
2.721 11.345 1.658 1.16359
2.225 15.686 2.015 1.56175
4.244 10.702 0.997 1.31772
0.434 16.075 1.566 1.90049
1.640 15.844 1.010 1.22766
0.176 17.081 0.652 1.67177
2.223 16.793 3.441 1.01970
1.358 15.604 -1.546 1.64123
0.892 13.449 -0.581 2.06974
3.589 13.256 1.256 1.42900
0.346 13.119 0.086 1.06588
3.689 13.614 0.590 1.49915
0.271 13.595 0.492 2.02679
2.877 12.025 -0.536 1.94050
5.806 14.025 -0.206 2.02600
9.678 14.840 0.288 1.81058
2.503 14.946 1.811 1.38135
2.412 14.456 0.487 1.42878
10.740 15.622 -0.887 2.13628
1.896 12.836 -2.456 1.31028
0.763 12.083 -1.296 1.37653
4.620 14.888 1.901 1.14001
0.223 15.611 0.668 1.37665
1.160 13.881 0.777 1.24608
2.259 14.435 -0.213 1.42005
1.846 14.404 1.131 0.86961
2.578 15.726 1.805 1.10633
7.159 14.245 1.878 1.16211
4.772 14.604 2.867 1.36100
0.800 12.965 1.770 1.16732
1.289 14.375 0.166 1.11301
0.275 12.946 -3.576 2.03924
0.000 9.657 -2.656 1.32837
0.120 11.243 -4.155 0.98816
0.006 12.382 -2.718 1.13417
0.650 10.045 -6.376 1.44354
0.044 8.520 -6.819 2.72493
0.000 10.186 -5.340 1.98018
0.000 12.814 -4.160 1.72837
0.168 13.937 -3.804 1.87296
0.084 14.370 -4.353 2.23402
11.499 12.540 -3.096 1.40986
5.631 12.567 -1.822 2.32517
2.256 9.432 -4.268 1.09709
0.023 10.476 -3.037 1.18089
0.582 11.088 -1.316 1.16868
0.804 12.147 -1.171 1.83064
1.329 12.717 -2.610 2.28596
0.334 12.248 -3.406 1.96574
0.249 11.734 -3.127 1.09193
2.810 14.591 -4.370 1.68285
0.350 12.658 -3.714 1.69206
11.347 12.841 -2.032 2.60176
4.086 11.904 -2.045 2.22817
0.000 10.379 -4.230 1.91179
0.966 9.317 -4.032 0.94727
0.804 9.509 -3.835 1.65401
3.906 11.078 -3.329 3.30259
4.554 9.010 -5.752 3.17903
0.202 3.803 -6.051 1.77875
0.000 4.801 -6.687 1.84884
0.532 7.190 -6.546 1.39100
1.629 7.884 -3.235 2.27777
1.679 8.139 -6.888 1.85238
1.888 10.116 -6.737 2.20191
0.679 10.446 -4.845 1.87077
0.030 10.643 -4.818 2.64624
0.262 9.532 -4.587 2.75487
0.034 5.460 -5.678 2.01475
1.419 7.320 -4.427 2.83095
0.266 1.858 -7.423 1.99998
0.011 3.011 -7.671 1.60969
0.000 5.377 -6.927 2.06372
0.000 6.991 -6.805 2.30543
0.271 8.206 -5.157 2.20900
0.209 7.726 -5.100 2.70810
0.259 6.439 -5.356 3.22346
0.174 2.079 -8.647 1.63460
0.000 2.989 -9.540 1.41057
0.024 2.305 -9.529 1.46792
0.203 1.989 -10.329 2.31156
0.655 1.097 -10.546 2.09633
0.214 0.409 -10.707 2.51370
0.276 0.465 -10.119 2.51724
0.003 -0.522 -11.716 2.14525
0.223 -1.391 -11.781 0.88070
0.000 -2.623 -11.677 1.15850
0.000 -0.605 -11.901 1.49635
0.791 0.541 -11.107 1.92472
0.000 -0.162 -12.627 1.03058
0.000 0.271 -14.665 1.86049
0.186 2.284 -14.898 2.41622
0.041 2.205 -12.423 2.05793
0.005 1.847 -12.701 2.50723
0.056 -0.779 -14.052 2.20168
0.548 -0.150 -14.377 3.26788
0.401 2.242 -13.682 3.01641
0.229 -2.082 -14.602 1.71336
0.000 -0.491 -14.788 2.55403
0.006 -3.475 -16.154 2.54902
0.000 -3.000 -19.472 3.03152
0.000 -3.600 -19.719 2.83229
0.000 0.259 -17.858 2.60637
0.000 1.315 -14.887 1.91647
0.034 -2.938 -19.085 2.93533
0.000 -3.957 -19.295 2.37738
0.000 -1.444 -18.754 2.78588
0.004 -1.076 -16.443 2.30247
0.015 -1.280 -16.636 2.15100
0.008 -5.854 -15.910 1.36018
0.000 -4.166 -18.758 3.21395
0.000 -1.080 -19.078 2.85825
0.000 -2.928 -16.755 1.90393
0.000 -4.663 -16.575 1.26116
0.000 -5.156 -18.661 1.95531
0.296 -2.678 -19.075 2.31464
0.000 -2.674 -15.829 2.64176
0.000 -2.733 -20.998 3.06359
0.000 -4.730 -21.335 2.21863
0.000 -2.173 -21.138 3.68236
0.000 -2.280 -19.507 3.60861
0.000 -4.182 -21.240 2.17734
0.000 -3.211 -21.619 3.10929
0.029 -1.178 -18.978 2.78240
0.000 -1.715 -19.344 2.92331
0.021 -3.561 -20.464 3.61841
0.000 -1.567 -20.645 3.19147
0.000 0.344 -18.657 2.38163
0.000 -0.898 -18.537 2.92847
0.030 -1.012 -18.740 1.40612
0.000 -2.230 -16.082 2.58498
0.000 -5.308 -19.976 2.59943
0.234 -2.490 -20.307 3.66822
0.035 -0.554 -18.582 2.92288
0.001 -0.192 -18.137 3.57459
0.000 -4.251 -17.746 2.97045
0.174 -4.742 -17.828 2.86684
0.051 -6.219 -17.310 3.71951
0.000 -4.152 -18.576 3.41071
0.000 -4.768 -20.204 3.26264
0.000 -3.914 -20.508 2.89806
0.000 -8.952 -19.154 2.76784
0.000 -12.388 -22.710 4.85151
0.014 -3.070 -22.402 6.06150
0.034 -0.376 -18.088 5.91832
0.000 -0.562 -18.449 4.20742
0.518 2.065 -16.773 2.95452
0.050 2.069 -14.194 3.18717
0.733 0.792 -15.257 3.88688
0.000 -1.268 -17.123 2.44270
0.000 -4.726 -20.089 5.29842
0.000 -2.365 -20.208 3.66499
0.000 -2.289 -13.394 3.52701
0.179 -5.213 -20.171 3.10168
0.000 -7.404 -20.512 3.56610
0.000 -4.590 -18.203 2.03738
0.165 -7.682 -16.303 1.92371
0.000 -9.678 -18.601 1.44124
0.000 -9.187 -23.885 4.61097
0.000 -6.757 -24.210 3.44839
0.000 -3.751 -22.369 2.89151
0.001 -2.554 -22.245 3.33418
0.070 -2.546 -15.706 3.71315
0.358 -3.861 -15.092 3.34800
0.200 -5.381 -16.359 3.11827
0.000 -6.831 -17.028 2.50183
0.000 -7.864 -19.482 3.57436
0.000 -9.104 -20.884 4.79424
0.026 -3.016 -18.945 4.38634
0.159 -6.756 -17.675 4.87252
0.000 -4.812 -18.337 4.94157
0.061 -2.984 -21.305 5.16518
0.000 -3.865 -21.555 3.69231
0.000 -5.398 -21.128 4.02856
0.000 -4.135 -20.845 4.55168
0.003 -5.189 -20.231 4.75175
0.000 -2.887 -20.407 5.42894
0.000 -1.874 -17.343 4.49387
0.000 -2.510 -20.050 4.42136
0.000 -6.692 -23.081 4.50617
0.000 -5.706 -23.257 3.53906
0.000 -5.883 -19.080 3.90283
0.000 -7.552 -21.948 3.76359
0.000 -8.568 -22.084 4.53867
0.000 -6.460 -20.056 4.65465
0.000 -4.842 -17.896 4.48159
0.000 -6.697 -21.597 4.35346
0.000 -3.748 -22.045 4.58587
0.000 -2.403 -22.210 3.69166
0.001 -2.982 -17.203 4.03226
0.000 -5.601 -19.527 3.09709
0.479 -7.264 -19.689 4.66471
0.031 -5.276 -15.461 4.66046
0.290 -3.990 -16.709 5.84230
0.000 -2.537 -16.827 5.22838
0.000 -2.315 -13.710 5.35708
0.041 -1.849 -18.074 5.59898
2.501 -1.777 -18.002 5.78541
0.140 -1.992 -17.156 4.98034
0.028 -0.516 -17.381 4.51398
0.666 -2.692 -18.444 3.46243
0.094 1.205 -18.500 5.30577
0.529 -0.789 -16.103 4.49948
1.370 -2.704 -18.546 3.57582
0.000 -2.464 -18.543 3.72337
0.879 0.835 -16.137 3.91608
0.116 -1.921 -16.041 3.96115
0.026 -2.926 -19.117 2.83086
0.000 -3.022 -19.325 4.19684
0.000 -0.829 -18.373 2.49821
0.485 2.598 -15.552 3.21216
0.838 2.096 -13.146 1.41466
0.081 -0.089 -14.354 4.24724
0.215 1.911 -14.235 3.92172
0.543 2.941 -14.561 4.05988
0.000 4.307 -14.410 3.54359
0.224 3.600 -9.922 3.57783
0.000 -3.227 -17.213 2.05112
0.000 3.237 -16.881 3.81931
0.690 6.200 -14.045 3.59375
0.290 7.457 -11.104 3.80303
0.061 5.123 -8.649 3.50969
1.922 6.302 -7.610 3.44708
0.009 7.654 -7.107 3.08359
0.000 5.925 -6.239 3.63447
1.186 5.338 -7.207 4.62322
0.383 2.235 -9.203 4.46271
0.378 2.791 -7.643 3.26032
0.107 0.326 -7.682 1.95034
2.500 1.934 -7.553 3.80545
0.694 0.450 -13.566 2.39170
0.000 -0.116 -14.659 3.20709
0.000 2.806 -13.791 3.52106
0.000 2.770 -12.368 3.65765
0.616 3.711 -10.422 3.02146
0.060 3.904 -7.691 3.92520
0.000 2.612 -10.308 5.25616
0.000 -1.013 -11.037 2.01046
0.000 -0.780 -12.958 1.95072
0.261 -0.142 -12.265 2.70173
0.142 1.845 -15.999 3.98741
0.110 6.101 -14.386 3.49481
0.709 8.685 -7.503 5.21159
0.146 7.848 -4.771 3.74766
0.613 5.805 -5.524 5.03291
0.618 7.674 -4.653 6.33906
1.469 6.393 -5.332 7.56242
0.379 4.991 -8.188 6.07748
0.140 1.949 -8.648 4.53314
0.261 0.398 -7.532 2.94744
0.108 6.731 -5.944 3.43911
1.038 5.753 -6.376 3.11968
0.466 5.887 -5.641 2.41792
0.344 6.603 -5.432 2.79656
0.010 1.010 -7.808 2.92185
0.551 3.220 -6.737 1.06761
0.158 6.767 -4.846 2.26653
1.469 3.079 -6.691 1.71954
1.299 4.573 -6.287 1.45605
0.011 7.533 -3.985 2.27872
0.041 8.772 -4.551 1.72334
0.911 6.991 -4.763 1.74322
6.037 7.889 -3.758 2.00183
2.461 9.043 -3.422 2.10886
3.754 8.401 -3.023 1.61173
0.449 6.044 -4.703 1.86218
3.039 7.745 -4.776 1.65506
2.224 8.505 -4.080 1.23610
2.919 7.488 -4.563 1.38384
3.358 9.365 -3.487 2.32447
1.078 9.142 -7.703 1.89941
0.016 10.017 -5.490 1.77917
0.584 9.235 -4.460 1.66661
2.304 9.888 -5.952 3.15639
1.264 6.881 -5.796 1.88950
0.392 12.439 -3.135 2.28843
6.451 9.421 -4.380 2.00188
0.384 9.553 -4.941 3.89865
5.689 8.982 -2.885 2.15517
4.177 8.795 -5.671 2.22010
1.867 10.582 -2.643 1.99925
0.864 6.657 -6.648 3.09743
0.152 8.827 -6.512 2.90377
0.421 10.784 -4.954 2.08931
0.710 11.191 -5.332 3.17354
1.611 9.163 -4.537 2.76420
0.505 8.452 -5.056 1.32509
4.311 9.857 -6.219 2.12909
2.324 11.878 -3.997 2.68663
2.322 8.170 -4.787 1.59213
1.609 9.632 -4.403 2.50120
3.790 12.364 -4.470 2.22543
2.262 14.970 -3.383 2.80488
0.632 14.971 -2.785 3.15982
0.185 16.273 -2.789 3.29164
1.364 13.947 -2.607 1.88340
0.135 18.260 -1.387 2.99964
4.184 14.365 0.214 2.46316
5.941 13.167 -0.349 1.26356
6.499 13.061 -1.218 1.63794
0.986 14.080 -4.070 2.26586
1.605 11.169 -3.849 2.44841
0.835 7.006 -3.144 2.09779
0.219 12.078 -1.764 1.26941
0.821 13.466 -1.827 2.48654
1.414 12.144 -2.620 1.51291
4.581 13.035 -1.307 1.55967
1.124 16.175 -1.296 2.52667
1.932 15.879 -0.488 1.83362
1.254 16.998 1.711 1.85971
0.056 16.692 1.669 0.83659
0.185 18.333 2.196 1.53568
6.543 18.591 2.219 1.21150
18.570 16.339 1.316 1.71330
9.535 16.033 1.051 1.23647
8.987 15.775 1.815 0.84739
6.901 16.327 0.026 1.93507
0.063 14.496 1.951 1.18796
2.921 15.280 1.080 1.66384
1.669 15.899 1.819 2.13709
5.982 15.253 -0.356 1.92072
2.900 5.462 -4.517 2.06522
0.530 13.538 -2.601 1.87499
2.501 16.301 -0.851 2.39824
0.255 16.701 -1.074 2.41032
1.380 16.337 0.195 1.75897
16.300 16.110 1.726 1.87877
14.333 16.784 1.868 2.54709
6.836 16.920 2.788 2.45176
3.739 16.310 2.177 1.59731
4.221 18.075 2.324 2.52204
7.782 17.820 1.540 2.24655
3.346 18.893 1.099 2.42920
1.181 18.228 1.462 1.77512
2.364 18.222 2.410 1.50748
2.483 17.625 1.858 1.96321
2.608 16.213 -0.269 2.54842
2.587 12.370 -1.318 1.76563
0.205 11.021 0.505 1.40268
0.099 13.006 -0.342 1.15682
1.149 14.336 2.290 0.85770
0.094 15.048 2.112 1.20273
0.293 16.332 1.233 1.38579
19.361 16.991 2.458 2.24909
1.164 16.925 2.047 1.63375
14.341 15.928 2.547 1.56751
10.059 14.325 2.768 1.51823
0.450 15.691 0.206 1.51260
0.057 14.668 1.515 1.92026
4.484 12.470 0.448 1.71500
0.000 16.861 2.933 1.35961
0.000 16.957 2.835 1.80288
0.125 17.552 2.629 1.96837
0.144 18.003 4.176 1.35529
9.854 15.328 3.457 1.04927
13.000 12.807 3.712 1.59780
4.708 16.310 1.389 1.38026
2.519 15.823 1.665 1.09502
2.259 17.217 3.716 1.43399
10.541 18.121 3.487 1.69011
0.146 17.269 3.941 1.61639
0.754 17.466 2.993 0.94108
10.466 13.893 2.449 2.45290
0.011 15.238 1.854 1.85058
6.608 14.752 1.873 2.40823
14.035 16.234 0.793 1.85017
4.414 14.607 3.347 1.51480
0.436 15.334 1.675 1.05513
21.004 17.264 2.084 1.35847
1.471 15.550 2.603 1.68858
0.811 16.507 2.089 1.29143
0.235 16.689 2.415 1.46879
8.827 16.762 3.588 1.34854
4.206 15.711 3.607 1.38180
0.000 16.123 3.610 1.31985
10.419 15.543 2.440 2.07142
3.361 14.979 1.719 1.98018
13.996 15.826 0.947 1.70761
6.759 15.185 -1.382 2.13382
1.606 11.979 0.209 1.05248
1.114 11.338 -1.574 0.84768
0.179 13.506 -0.256 1.14995
5.817 14.165 -0.110 1.52724
8.443 13.736 -0.230 1.39754
5.761 12.058 -0.201 1.99661
0.149 13.875 0.667 1.57062
1.374 13.984 1.707 1.19341
0.990 15.292 0.493 1.13170
3.993 15.042 2.823 0.69668
1.218 14.374 1.073 0.73275
0.000 14.826 -1.346 2.19026
0.271 14.686 -0.834 1.76543
10.500 13.615 -2.331 1.59005
0.264 11.068 -1.961 1.52867
0.350 10.047 -3.176 1.20443
0.085 10.907 -3.803 1.47804
0.000 11.088 -3.445 1.70119
0.000 12.999 -3.421 1.27472
0.000 14.610 -2.372 1.48815
0.221 14.526 -2.788 1.50420
2.479 13.427 -1.019 1.83392
9.636 13.206 -2.925 1.43013
6.735 14.141 -3.035 1.87417
4.346 14.058 -1.782 2.35299
3.540 13.506 -4.861 2.55521
1.354 10.861 -3.843 0.88658
0.918 12.721 -2.234 1.79800
1.036 14.050 -1.545 2.27697
1.069 14.447 -0.546 2.31987
0.077 12.613 -0.540 1.02422
1.185 12.995 -0.432 1.05473
1.774 11.746 -1.743 1.11777
0.598 12.108 -3.537 1.47965
1.861 11.724 -2.698 1.33185
5.325 12.876 -1.516 2.67515
5.719 13.705 -1.758 2.26387
0.774 13.992 -1.794 2.15187
1.114 13.964 -2.023 1.76823
0.311 13.657 -2.435 2.09833
2.116 13.099 -2.028 1.89274
4.059 12.876 -1.981 1.84097
0.345 11.101 -2.939 1.35105
0.091 9.504 -3.904 0.93732
0.296 8.434 -3.689 1.49288
0.553 7.485 -5.957 1.81493
0.000 6.854 -5.546 1.40256
4.205 7.377 -4.565 1.18432
0.882 3.955 -5.705 1.21521
0.030 5.790 -5.496 1.31901
1.293 7.736 -4.629 2.30608
1.079 5.712 -4.430 1.85229
0.499 5.626 -5.424 1.72038
1.492 6.404 -5.394 2.19604
0.746 5.582 -4.560 1.57084
0.941 7.436 -6.464 2.39316
2.196 7.443 -6.481 2.17510
0.000 9.034 -6.124 2.89719
0.000 7.741 -5.111 3.25234
0.618 7.657 -4.997 2.84949
1.074 7.074 -4.359 2.34544
1.165 5.782 -5.100 2.56932
0.031 -0.212 -6.175 2.73495
0.000 -0.293 -9.433 1.67763
0.007 3.246 -10.524 2.55195
0.319 6.694 -10.576 3.30229
0.206 3.236 -6.701 2.96204
0.411 3.038 -9.393 2.89327
0.000 0.120 -11.737 2.41074
0.376 1.210 -11.934 1.93935
0.421 0.803 -8.924 2.34384
0.024 -3.232 -10.422 2.07660
0.278 -0.679 -11.484 2.53493
0.030 -0.493 -12.584 2.87125
0.000 0.048 -14.069 3.07379
0.006 0.723 -14.264 2.77674
0.270 -1.526 -11.785 2.23741
0.007 -0.337 -13.181 2.89225
0.111 0.965 -13.064 3.06909
0.003 1.035 -12.329 2.13955
0.000 0.567 -13.001 2.53752
0.000 -0.112 -14.788 3.26283
0.000 2.022 -14.879 3.73979
0.000 2.018 -14.368 3.14023
0.000 2.489 -15.368 2.73292
0.000 0.835 -15.610 2.90541
0.037 2.868 -14.297 3.82979
0.000 2.251 -13.789 4.14622
0.000 -0.067 -14.375 3.73033
0.000 -3.934 -19.030 3.76963
0.000 -1.415 -19.215 3.43976
0.002 0.128 -18.131 2.84340
0.000 -0.624 -16.733 2.97092
0.530 -1.438 -15.856 2.83181
0.000 -1.726 -16.137 2.71482
0.000 -1.597 -15.212 3.51771
0.076 -2.668 -16.673 3.46306
0.000 0.778 -17.068 3.52152
0.000 -0.257 -14.849 3.36426
0.000 -1.156 -17.484 3.11799
0.000 -0.864 -17.744 4.34255
0.000 -0.338 -17.722 4.40801
0.000 -1.235 -16.191 4.58284
0.000 -0.633 -19.347 4.66345
0.000 -1.692 -19.668 2.69301
0.000 0.800 -19.992 4.49231
0.000 -4.170 -20.491 2.98360
0.000 -3.105 -20.439 3.44022
0.000 -2.139 -19.471 2.51429
0.000 -1.938 -17.838 3.04191
0.000 -1.385 -18.204 3.43042
0.000 -1.372 -19.415 4.16477
0.000 -5.943 -22.831 3.77441
0.000 -4.877 -23.132 2.92353
0.000 -4.034 -22.287 2.70874
0.000 -1.495 -19.962 2.38398
0.000 -1.077 -19.889 3.21406
0.000 0.836 -18.125 2.85443
0.000 0.856 -17.419 2.91345
0.000 -2.033 -17.831 3.33238
0.000 -2.303 -21.155 3.76322
0.000 -3.733 -21.500 2.73488
0.007 -1.246 -18.225 1.92844
0.000 -1.786 -17.223 2.94879
0.000 -1.948 -15.548 2.57547
0.000 -4.040 -15.764 2.05838
0.000 -6.119 -22.123 2.58520
0.000 -5.529 -22.438 2.12571
0.004 -5.317 -21.395 2.94325
0.000 -2.132 -19.358 2.32695
0.000 -4.759 -19.519 3.59198
0.000 -2.229 -19.581 3.77653
0.000 -1.001 -19.135 3.85993
0.000 1.146 -17.992 4.51411
0.000 1.364 -17.267 4.37912
0.000 1.497 -16.128 6.56235
0.000 -1.055 -16.213 5.62960
0.000 -1.750 -16.792 5.40848
0.000 1.463 -15.662 5.55035
0.000 0.320 -16.421 5.30910
0.000 -1.558 -18.701 4.20453
0.000 -2.025 -19.028 3.11055
0.000 -0.649 -19.155 3.42128
0.000 -3.261 -17.222 3.87754
0.000 -1.428 -16.888 2.97027
0.000 -4.195 -20.663 3.42203
0.056 -5.623 -20.944 2.85263
0.000 -2.703 -19.400 4.83738
0.000 -0.010 -16.739 4.92573
0.000 0.714 -15.155 4.32311
0.000 -2.727 -15.983 5.15718
0.000 -1.209 -16.044 5.73830
0.000 -0.182 -16.640 5.32850
0.000 2.039 -18.638 4.21380
0.026 -3.657 -18.389 4.62117
0.000 -0.570 -17.808 4.62872
0.000 -1.254 -18.159 3.95925
0.000 -5.881 -20.134 2.56329
0.133 -2.318 -20.233 3.12184
0.035 -4.589 -19.845 4.20898
0.115 0.390 -16.698 4.24269
0.027 0.303 -17.794 4.78936
0.001 0.914 -17.843 3.95390
0.074 3.100 -17.490 3.23867
0.186 3.601 -14.999 3.82126
0.000 3.216 -11.649 3.42510
0.310 2.155 -10.276 2.53272
0.000 -3.276 -20.070 3.35005
0.000 -2.338 -20.133 3.97109
0.000 1.478 -17.433 3.06123
0.125 2.510 -15.506 2.86493
0.000 1.214 -12.694 2.80228
0.000 -1.667 -12.607 2.27437
0.000 -3.685 -19.756 3.08767
0.000 0.568 -19.880 2.80583
0.000 2.974 -16.011 4.05541
0.494 0.857 -15.405 3.54892
0.000 -1.854 -15.183 4.28937
0.000 -3.061 -14.467 3.86110
0.000 -4.134 -16.319 3.34703
0.005 -3.385 -16.733 5.80396
0.000 -0.910 -15.966 4.84677
0.022 -0.257 -13.251 4.33050
0.000 3.941 -13.842 5.51746
0.000 -0.478 -13.910 2.94036
0.000 2.696 -15.305 3.89441
0.000 3.147 -15.357 4.49372
0.271 2.877 -14.126 3.91551
0.000 4.551 -13.645 4.74666
0.000 3.997 -13.641 5.49573
0.000 -0.060 -11.255 3.14299
0.000 1.832 -11.257 3.39059
0.000 -2.394 -18.739 3.68297
0.000 0.817 -18.777 3.37238
0.130 0.967 -13.410 3.75376
0.000 0.507 -11.252 3.83079
0.000 -0.444 -10.483 1.74032
0.171 1.465 -12.607 4.26529
0.177 -0.038 -12.823 2.87729
0.000 1.984 -13.954 3.43033
0.000 4.787 -13.711 4.90172
0.599 6.094 -10.975 4.53938
4.488 4.889 -8.332 4.30759
0.050 -4.594 -18.352 2.50459
1.978 -1.732 -17.894 4.19461
0.000 1.811 -17.135 5.28023
0.000 3.442 -13.259 4.64847
0.220 1.657 -11.885 5.08757
0.665 -0.075 -10.387 4.52405
0.277 -0.832 -11.862 1.84274
0.294 -0.276 -15.079 2.77636
0.000 2.773 -14.426 4.13619
0.000 2.610 -13.313 3.25792
0.595 2.611 -12.841 4.03063
0.000 0.904 -11.631 2.90660
0.220 3.560 -11.237 3.86306
0.000 4.076 -10.942 3.77734
1.978 1.363 -10.665 3.63097
0.194 1.769 -9.838 1.50459
0.000 3.670 -5.497 3.68572
2.953 2.493 -8.332 2.75621
0.000 1.777 -12.593 3.06005
0.000 3.076 -10.455 3.41232
0.197 5.786 -6.735 2.78945
0.155 6.910 -5.502 3.93332
0.020 4.389 -8.190 3.69393
0.000 2.933 -10.489 3.21036
0.000 -0.075 -9.668 3.12389
0.000 0.251 -7.662 2.21238
0.051 1.582 -10.437 3.52274
0.118 3.361 -9.640 4.05016
0.029 7.853 -7.450 4.63771
0.470 9.838 -4.918 5.56305
1.903 6.247 -5.355 5.82529
0.178 7.186 -4.839 6.51619
0.125 6.838 -6.503 7.14698
0.125 5.568 -4.356 4.56649
0.001 1.963 -4.466 2.62491
0.365 4.743 -6.118 3.41288
0.304 7.880 -6.096 3.73496
0.944 6.478 -5.203 2.95825
0.488 8.736 -4.704 3.86578
0.775 6.675 -5.920 3.90558
0.949 5.408 -6.341 2.68970
1.286 3.938 -6.510 2.50918
0.135 7.649 -5.192 1.56284
0.278 7.245 -7.165 2.96518
0.032 6.781 -6.619 1.78790
0.214 6.172 -7.095 3.63513
0.262 3.430 -8.133 4.34315
0.217 6.017 -6.425 2.28016
0.000 8.427 -5.205 1.11595
0.000 10.692 -3.495 1.85652
0.254 12.952 -3.925 1.73965
0.000 13.408 -4.722 3.27647
0.992 11.666 -4.326 3.06714
3.781 9.544 -5.293 3.02056
0.041 11.063 -5.011 1.84629
0.035 11.747 -5.676 2.35874
0.000 13.215 -5.142 3.01507
0.711 13.467 -5.233 2.50582
0.146 11.920 -3.243 2.68658
6.163 7.081 -4.063 1.82558
1.112 7.783 -2.599 2.70334
4.055 5.674 -7.768 3.15826
0.625 2.260 -7.121 1.51715
0.012 6.362 -6.332 2.05515
0.941 8.195 -5.384 2.70684
0.074 10.240 -5.062 2.00396
1.840 11.353 -4.451 3.12682
0.399 13.567 -4.145 1.64885
6.123 13.234 -5.360 4.58656
0.028 8.335 -8.479 3.01345
0.477 9.379 -6.292 1.29576
0.064 12.889 -4.359 2.17031
0.317 12.514 -3.728 2.19174
1.266 13.562 -3.478 2.11557
0.031 14.964 -4.541 3.37290
3.144 14.094 -1.063 1.69886
2.181 14.099 -4.072 2.65347
2.853 12.801 -2.000 1.43427
2.386 8.592 -4.249 2.38920
1.458 13.292 -2.858 1.91074
3.354 14.987 -0.656 2.09848
5.097 15.185 -1.680 1.65540
2.727 17.522 -0.470 2.80129
9.970 17.461 0.325 2.98867
2.049 18.444 1.286 3.43256
10.293 18.316 2.985 2.57522
1.199 16.077 1.528 1.71415
11.956 17.722 1.879 2.27271
2.407 16.132 -0.040 1.60118
0.147 15.955 0.648 1.40905
22.294 15.585 0.789 2.11149
17.715 16.379 -0.853 1.46206
17.764 15.096 -1.103 1.41595
8.007 12.977 -1.403 1.38477
1.701 13.244 -0.554 1.92226
0.802 13.307 -1.278 1.78326
0.326 14.261 -0.753 2.00853
0.911 15.390 -0.381 2.09756
0.000 16.507 -0.632 2.73396
1.054 16.904 0.238 2.62264
0.025 14.536 0.452 2.19542
5.136 12.910 -2.010 2.62544
0.464 10.542 -0.650 1.46815
0.000 13.671 -0.753 1.10587
0.000 15.805 -1.053 1.53807
5.231 16.978 0.306 1.99317
1.346 15.210 0.516 1.52100
3.173 12.301 1.166 1.76944
1.604 15.765 0.038 2.67730
1.709 16.306 2.061 1.96018
5.239 16.185 0.783 1.61664
4.686 16.793 1.507 1.99721
0.891 16.467 4.487 1.84501
1.542 15.479 1.974 1.42038
2.576 17.541 3.120 1.41821
4.971 16.818 0.774 1.91693
0.039 16.307 0.904 1.60373
0.106 15.227 -0.108 2.45094
0.000 15.996 0.145 1.18129
0.000 17.866 2.232 1.73198
0.484 18.095 2.095 2.00177
0.420 16.704 2.700 1.34856
8.228 17.281 2.466 1.86174
3.132 17.397 3.906 2.03232
5.790 18.977 4.377 1.27696
3.401 19.856 3.137 1.91350
0.020 20.446 4.036 1.61089
0.614 21.107 6.376 1.24951
4.375 20.948 4.475 1.47339
0.886 20.627 3.371 2.07226
0.063 20.531 5.165 1.34660
9.539 19.330 5.385 1.24038
1.250 17.706 -0.073 2.23506
0.000 16.421 -3.583 2.03955
0.000 16.029 -0.185 1.46219
0.000 16.411 0.406 1.04396
0.000 17.787 -0.329 1.56937
0.130 18.352 1.232 1.63371
0.646 17.408 0.840 1.55771
4.570 17.987 0.374 1.53025
5.596 17.484 2.867 1.05603
0.000 15.633 1.851 2.10751
0.000 17.554 1.049 1.55282
0.000 17.614 2.669 0.78194
4.081 15.304 0.939 1.29237
0.099 17.253 -0.068 1.33419
0.000 18.067 1.608 1.26486
0.000 18.877 1.282 1.29417
0.000 19.320 1.338 1.78980
0.000 20.161 1.336 1.99303
0.166 20.219 1.683 1.75419
0.000 20.017 1.439 1.80547
0.000 20.530 2.426 1.16659
1.524 17.952 2.548 0.98356
3.446 17.647 2.890 1.21739
7.729 18.368 3.076 0.83255
0.076 17.441 2.121 1.36452
1.530 18.859 2.745 1.18382
2.211 18.589 2.627 1.23244
2.655 17.876 3.588 1.26362
3.825 17.937 3.076 0.92731
0.156 17.572 3.156 0.83214
0.225 18.424 1.789 0.94090
5.998 18.508 -0.637 2.25535
0.858 15.451 0.796 1.40077
0.000 17.892 -0.784 1.75603
0.708 19.327 1.440 1.34538
14.433 16.525 -1.152 1.97775
9.201 12.766 0.041 1.11714
19.959 15.861 -0.400 2.11015
0.108 17.693 -0.228 2.54943
1.528 17.993 0.141 2.01556
2.901 17.007 0.353 1.87113
4.784 16.713 -1.585 1.59802
0.000 18.587 -2.353 1.96195
1.106 18.482 -0.137 1.74143
3.476 19.183 1.706 0.99135
0.002 18.475 1.413 0.96818
2.371 19.423 0.713 2.05002
0.597 13.487 -1.927 1.51594
0.576 15.311 -0.964 1.01332
2.625 11.227 -5.792 2.29989
1.139 13.049 -3.886 1.40418
2.249 13.273 -3.287 2.03233
4.894 12.048 -3.895 1.30200
0.243 11.157 -2.735 1.11868
0.444 10.573 -3.018 0.78900
0.236 13.991 -2.277 1.14740
4.765 12.012 -2.078 1.48669
0.000 12.131 -4.996 2.28901
0.000 10.779 -4.293 1.05814
0.000 12.253 -4.481 1.18031
0.127 14.899 -3.521 1.59126
10.025 12.187 -2.990 1.46114
9.645 12.704 -1.838 1.81958
2.413 14.314 -1.382 2.73682
0.624 13.495 -1.495 1.90914
5.423 14.260 -0.669 1.98546
0.271 11.824 -1.961 1.25705
3.540 13.239 -1.734 1.52711
3.644 12.292 -5.938 2.36935
0.057 11.897 -5.035 1.80412
3.741 10.946 -2.874 1.67021
0.338 12.110 -2.667 1.30194
0.043 13.880 -4.909 1.97530
0.940 12.705 -4.506 1.20105
3.676 11.882 -4.692 2.46322
6.729 6.387 -8.532 1.84248
0.009 5.005 -7.698 1.69422
0.185 6.304 -6.539 2.35455
1.955 4.567 -7.145 0.90167
0.001 7.307 -6.964 1.89460
2.551 7.900 -5.690 1.76000
1.055 4.988 -5.927 1.21547
0.121 6.161 -5.827 1.18342
1.039 6.591 -5.000 1.31569
1.640 8.235 -4.904 2.15672
2.090 7.968 -6.207 2.28915
0.454 8.188 -5.989 1.80452
4.194 5.978 -5.869 2.17439
0.070 0.544 -6.952 1.32311
0.000 4.161 -6.958 1.32767
0.000 5.925 -5.732 1.61349
0.068 4.742 -5.324 1.25891
0.111 4.483 -6.163 2.22219
0.325 3.511 -6.174 2.25791
0.536 0.196 -11.336 1.49647
0.000 2.976 -11.605 1.47135
0.000 3.876 -9.767 2.12376
0.350 1.656 -9.362 1.92051
0.175 2.214 -9.598 2.72080
0.220 2.686 -11.548 2.32082
0.025 2.277 -13.102 2.42841
0.180 1.105 -13.282 1.62795
0.054 3.278 -12.099 2.18124
0.000 2.632 -9.875 1.62393
0.068 2.571 -10.030 1.44141
0.254 0.346 -11.353 1.50274
0.000 1.275 -11.622 1.51290
0.000 1.360 -13.148 1.75590
0.308 2.155 -13.384 1.93452
0.393 2.966 -10.816 2.47128
0.669 3.020 -11.046 2.87243
0.027 1.759 -10.854 0.91452
0.099 2.387 -7.171 1.47815
0.011 2.554 -12.078 2.59865
0.019 3.478 -12.245 2.29077
0.686 2.186 -9.829 2.70172
0.516 1.324 -13.180 3.57825
0.317 2.020 -13.268 2.92215
0.976 -1.153 -15.203 3.79417
0.024 2.024 -15.446 2.56747
0.049 0.450 -13.697 2.13670
0.071 -3.771 -14.755 1.99671
0.000 -1.461 -16.042 3.28977
0.327 -0.435 -16.078 2.71707
0.480 -0.687 -13.300 3.87653
0.120 -1.819 -13.690 4.00328
0.089 -2.904 -18.670 3.99889
0.129 -5.243 -18.887 2.97278
0.050 -3.556 -17.967 4.58546
0.250 -3.727 -19.189 5.32304
0.000 0.503 -19.330 4.45908
0.000 -2.348 -19.049 2.86502
0.000 -1.011 -19.425 2.91300
0.392 -1.016 -19.742 3.55342
0.000 0.070 -19.007 4.24056
0.010 2.670 -16.635 3.47473
0.250 3.955 -12.680 4.13948
0.000 1.561 -14.375 4.07247
2.540 1.220 -14.934 3.38654
0.000 -1.170 -14.960 3.23358
0.214 -3.655 -16.942 4.04694
0.000 -4.451 -17.731 3.73094
0.010 -1.905 -12.700 3.88661
0.000 -7.994 -15.249 2.31318
0.000 -8.761 -19.107 3.71517
0.000 -4.235 -19.132 4.40962
0.000 -8.829 -21.862 3.97739
0.000 -1.634 -21.935 3.67393
0.000 -2.527 -17.932 2.75346
0.001 -5.928 -21.724 2.35125
0.000 -6.361 -22.731 2.66995
0.006 -3.961 -23.039 2.36630
0.000 -4.244 -20.462 2.16521
0.000 -2.716 -19.875 3.22971
0.200 -5.334 -21.157 2.36182
0.004 -2.777 -21.511 3.19469
0.004 -2.964 -20.899 3.31121
0.000 -2.812 -19.117 2.14611
0.001 -3.337 -14.960 1.30073
0.011 -5.161 -20.757 3.37123
0.000 -4.771 -21.113 2.81381
0.000 -4.923 -15.571 3.18449
0.000 -1.557 -17.917 3.85966
0.000 -1.804 -18.856 4.14464
0.075 -3.602 -20.376 4.73405
0.000 -0.684 -20.611 4.62365
0.000 2.424 -18.077 5.34956
0.056 3.534 -15.035 4.37481
0.000 4.804 -16.325 3.74709
0.000 -1.183 -20.596 3.46361
0.000 -6.982 -21.005 2.40677
0.000 -2.045 -20.673 3.60692
0.000 -1.789 -20.542 4.05866
0.003 -4.160 -19.046 4.36999
0.831 -2.268 -19.282 3.93877
0.000 -4.522 -18.416 2.81251
0.000 -6.524 -22.192 4.17884
0.000 -7.397 -22.458 3.00825
0.001 -8.564 -18.244 2.63007
0.174 -7.762 -20.878 2.98875
0.000 -7.357 -21.404 3.97364
0.026 -3.114 -20.222 3.48274
0.000 -3.401 -20.462 2.80909
0.000 -3.924 -20.897 3.67057
0.000 -8.247 -23.796 3.51245
0.000 -6.786 -24.056 3.49769
0.000 -3.411 -22.314 3.46522
0.000 -1.014 -21.289 3.52416
0.000 -6.829 -21.793 2.05365
0.000 -5.213 -19.334 1.89219
0.056 -1.594 -19.700 2.62713
0.000 -3.945 -19.722 2.18616
0.000 -1.513 -16.866 2.26965
0.000 -2.783 -19.427 1.69278
0.000 -4.217 -23.116 2.57516
0.000 -4.974 -23.349 2.00941
0.000 -2.036 -22.182 2.52274
0.000 -0.968 -16.568 2.85551
0.091 -1.882 -16.522 2.18507
0.023 -3.470 -17.344 3.02167
0.000 -2.510 -15.854 1.85507
0.000 -3.579 -16.484 2.13027
0.000 -3.793 -20.208 3.29959
0.000 -0.584 -20.242 2.95224
0.000 1.767 -17.293 3.22325
0.058 -0.984 -14.522 3.83982
0.126 -4.547 -15.949 2.72207
0.090 -1.985 -16.467 2.82510
0.710 -5.047 -16.447 3.85203
0.000 -5.598 -16.650 3.21333
0.275 -6.819 -16.357 2.09936
0.105 -7.718 -20.235 3.02657
0.000 -5.909 -20.727 3.59832
0.001 -4.977 -19.401 4.08698
0.030 -5.309 -19.969 4.06595
0.000 0.409 -19.996 5.07469
0.000 0.461 -18.507 3.75724
0.000 -0.282 -15.137 1.94584
0.345 0.383 -13.797 2.88085
0.000 -0.387 -15.579 3.44993
0.349 -1.646 -17.024 5.04624
0.000 1.336 -17.091 3.89130
0.000 0.303 -15.124 3.16623
0.077 -1.864 -15.016 3.66654
0.000 -3.664 -15.369 4.37047
0.030 0.562 -16.914 4.99257
0.000 1.439 -17.921 4.65019
0.000 -0.161 -17.872 3.66610
0.000 -1.376 -18.528 5.69184
0.000 0.275 -18.409 4.51654
0.069 2.145 -17.411 3.73053
0.011 2.142 -13.419 3.49446
0.632 0.844 -15.730 5.20578
0.002 2.997 -15.518 4.36892
0.036 5.019 -11.976 5.75779
1.120 4.279 -8.751 6.19038
0.100 -1.873 -11.928 4.96183
1.004 -6.104 -15.678 1.96734
0.244 -6.237 -19.160 3.85662
0.125 1.028 -18.658 4.74529
0.000 4.335 -14.678 3.54072
0.446 7.946 -11.426 4.54379
0.701 5.085 -9.095 3.13967
0.696 4.747 -8.539 3.92917
1.162 4.813 -8.230 4.26010
1.600 5.362 -7.584 4.57207
1.789 6.965 -6.991 5.66358
0.174 1.932 -9.223 3.71018
0.097 4.493 -10.876 3.50427
0.175 6.750 -9.862 3.82784
0.371 10.910 -5.024 4.17863
0.015 11.247 -4.300 2.72332
0.054 12.503 -6.274 3.76541
0.136 11.476 -6.411 3.67262
0.043 11.414 -6.634 4.42657
0.097 9.074 -6.827 4.38008
0.190 6.691 -6.553 3.33915
0.073 5.234 -5.408 2.99235
0.410 8.524 -6.409 2.91125
1.006 7.680 -5.245 2.32328
0.547 7.214 -8.690 4.38535
0.000 4.497 -7.441 2.45071
0.149 3.701 -5.571 2.42280
0.000 4.754 -7.735 2.65240
0.280 4.391 -7.978 2.21244
0.000 3.990 -7.481 3.23475
0.000 6.989 -6.535 4.33593
0.000 9.289 -4.770 3.31027
0.304 10.337 -8.093 5.41423
0.000 8.049 -6.405 2.52355
0.000 11.563 -5.814 2.77639
0.000 13.366 -4.630 2.69866
0.340 7.663 -4.951 1.57479
0.043 9.053 -4.983 3.62473
0.035 6.006 -5.316 1.42111
0.000 8.852 -5.963 1.93656
0.000 10.026 -3.957 1.74550
1.439 5.328 -8.304 3.74025
1.159 2.852 -6.753 1.47534
0.000 4.216 -8.894 4.44700
0.714 5.190 -8.016 4.58591
0.172 7.606 -5.127 2.69959
0.084 10.557 -5.898 1.98598
0.000 11.489 -5.181 1.89653
2.866 14.164 -4.973 3.46621
0.000 7.405 -8.347 3.02931
0.000 9.453 -5.394 1.20817
0.010 14.533 -3.624 1.98443
7.737 16.450 -2.614 2.82039
4.539 13.105 -2.080 2.74915
0.695 11.318 -3.643 1.77741
7.041 15.492 -1.610 3.37312
9.109 9.757 -6.656 3.52769
1.519 4.965 -5.951 2.20569
1.229 8.290 -4.381 2.32928
5.493 11.812 -2.705 2.39563
1.356 10.459 -3.298 2.44725
0.231 6.541 -3.031 1.60567
2.511 9.164 -3.731 1.31860
0.933 8.316 -3.297 2.29147
0.000 13.098 -3.813 1.20746
2.771 16.570 -2.040 2.07149
1.102 18.864 -0.019 2.54043
0.094 17.678 0.206 3.66198
0.000 19.789 -2.195 3.87701
0.199 18.098 -1.872 2.13539
0.171 16.230 -1.189 3.12511
7.575 15.515 -1.055 2.92522
1.535 14.569 -1.826 1.40932
1.409 17.330 -2.282 2.37215
4.472 17.807 -2.566 3.21347
0.656 16.995 -1.363 2.81764
1.084 13.532 -1.935 1.53766
0.298 12.967 -4.770 1.94684
0.435 14.194 -1.479 1.64070
1.758 12.694 -4.190 2.85903
0.000 13.602 -2.560 1.31853
9.095 16.664 -1.055 2.01800
0.811 13.556 -1.041 0.91256
2.703 15.852 -0.964 1.70066
5.773 13.647 -1.415 2.47969
4.423 12.509 -4.269 2.09582
0.327 14.848 -0.409 2.25957
4.551 9.705 -5.300 3.01945
0.509 11.497 -4.068 2.89789
0.436 13.725 -1.420 1.79439
0.133 14.720 -0.614 1.04826
1.074 16.612 -2.277 2.43110
6.234 17.310 -2.023 3.29361
18.706 16.136 0.194 3.02558
5.081 18.246 0.344 3.61400
0.829 17.628 0.785 3.32027
0.871 18.704 0.643 2.71618
3.225 15.580 -0.311 2.42748
1.934 15.376 -0.753 3.07586
1.364 13.380 -0.101 1.31288
0.250 13.881 0.286 1.19759
0.105 12.945 -4.645 1.59471
1.263 11.083 -3.066 1.94177
0.030 15.531 -1.332 1.89375
2.494 14.315 -2.532 2.16606
0.000 14.483 -1.923 1.92763
0.000 18.973 0.272 1.46498
12.914 21.296 0.798 2.68693
12.850 14.855 0.762 1.82422
3.918 15.620 0.941 1.27762
1.661 17.146 3.577 2.39847
11.568 17.182 1.593 2.18769
2.536 15.039 0.530 2.03933
6.480 15.056 1.237 1.35570
12.696 17.746 2.094 2.62281
2.515 17.009 3.359 1.43793
10.692 17.013 3.919 0.92969
13.589 16.142 -0.539 1.65132
0.000 13.291 -2.781 1.57795
0.334 14.285 -2.641 1.81344
0.141 15.389 1.434 1.61862
8.111 16.287 2.365 1.68198
4.531 15.588 0.643 2.55667
3.100 16.674 2.256 2.58091
15.217 17.656 3.288 2.02724
5.191 15.477 2.103 1.38672
0.221 13.563 -1.387 2.28453
0.015 13.530 -3.360 1.48718
0.000 13.876 -0.332 1.50029
0.000 15.289 -1.987 1.13512
0.526 17.114 2.242 1.30316
6.141 14.266 0.957 1.09405
0.096 16.393 -0.310 1.54101
2.125 15.288 0.493 1.20317
0.245 13.729 -0.916 1.49466
0.050 15.784 0.221 1.30960
5.345 16.256 1.924 1.63547
2.980 12.827 -3.043 2.74313
0.000 12.990 -1.684 2.25695
0.000 14.147 -1.812 1.62980
0.000 16.422 -0.429 1.44537
2.750 18.238 3.241 1.61246
7.777 14.569 2.579 2.19628
4.241 15.618 3.745 1.42556
0.835 17.255 4.287 1.01950
0.259 17.597 3.155 1.09038
3.634 17.446 1.756 1.08944
3.344 18.374 3.854 0.45135
0.437 17.043 -1.007 1.73163
1.050 15.684 0.444 1.24346
0.000 16.576 0.083 1.49987
1.506 18.524 2.108 1.03891
6.371 17.790 1.409 2.68906
4.011 16.280 2.527 0.87051
4.890 17.783 2.514 2.01700
13.361 14.022 1.329 1.97283
0.048 17.116 1.478 1.83808
18.164 15.343 1.236 1.60549
2.486 16.743 1.621 1.03073
0.259 15.422 0.836 1.26285
0.053 16.397 1.465 1.35473
0.071 15.944 1.701 1.48972
0.607 16.499 1.540 1.64830
0.877 17.021 1.703 1.54529
2.344 16.237 1.595 1.47858
7.554 15.952 0.958 1.72002
5.372 15.992 2.822 1.06203
2.810 15.220 2.396 1.08628
2.297 15.658 1.386 2.12383
2.995 13.863 -0.461 2.31306
3.140 13.912 0.457 2.16395
1.025 11.690 -1.746 1.98644
0.130 12.061 -0.760 1.46635
9.826 10.797 -3.512 2.11352
6.074 12.623 -1.535 1.60279
5.105 11.787 -0.825 2.10789
2.974 12.512 -0.018 1.29222
2.826 13.822 -1.702 1.46624
0.834 12.967 -1.008 1.25271
0.000 13.192 0.346 1.18671
4.715 14.344 -3.655 1.31648
0.505 12.229 -3.941 1.61748
0.000 10.921 -3.071 1.58344
0.034 13.470 -2.226 2.05703
4.819 11.215 -5.780 1.97624
0.000 9.987 -7.653 3.04362
0.000 9.329 -6.115 1.37366
0.060 12.322 -5.982 1.48139
0.000 10.752 -4.487 1.50605
0.000 11.831 -3.569 1.01676
0.000 13.269 -3.660 1.23228
0.000 13.790 -3.404 1.47512
0.206 14.998 -2.518 1.36603
4.180 14.927 -2.203 1.10061
0.046 16.150 -3.069 2.24432
0.049 15.380 -3.107 2.39239
4.249 14.691 -2.453 2.39479
1.579 14.833 -2.593 1.93163
0.595 15.197 -2.128 1.76257
0.530 15.278 -1.037 1.86978
3.224 13.625 -1.270 1.60939
1.249 13.382 -2.947 2.32189
0.154 15.045 -3.258 2.49204
0.000 15.136 -2.861 2.16611
0.057 14.928 -2.063 2.26170
0.011 15.068 -3.072 2.19464
0.000 15.452 -3.294 2.57564
0.000 15.423 -3.138 3.17477
0.821 14.536 -1.728 2.73483
0.629 13.416 -0.898 2.23223
0.628 14.216 -2.861 2.22729
1.956 12.394 -3.867 2.19267
0.252 11.887 -3.832 2.50396
2.669 6.915 -4.955 1.14558
0.322 8.589 -4.960 1.24671
5.930 8.941 -4.122 1.60483
2.289 10.373 -4.021 2.94909
0.137 7.772 -4.195 2.37784
0.209 5.617 -7.169 2.11828
0.000 2.193 -8.901 2.13421
0.000 1.840 -8.682 1.20646
0.904 1.218 -9.048 2.34459
0.000 1.887 -11.437 2.42134
0.002 4.609 -11.570 2.70366
0.000 6.735 -9.611 2.45509
0.000 8.314 -8.800 2.61672
0.000 8.512 -7.139 3.16025
0.084 5.603 -9.242 3.15361
0.000 5.425 -9.390 2.40163
0.291 7.399 -10.733 2.64141
0.000 2.505 -11.879 1.86278
0.000 2.319 -12.110 1.07574
0.000 2.840 -13.742 2.44095
0.072 0.925 -14.305 2.93850
0.000 3.199 -14.556 2.55687
0.000 3.791 -13.289 2.56033
0.000 -0.129 -13.559 1.07391
0.039 0.988 -11.128 1.16289
0.092 2.176 -10.058 1.91600
0.000 2.501 -7.519 3.38615
0.043 -0.163 -9.190 1.67803
0.000 -1.278 -13.536 1.57898
0.000 -0.350 -13.752 2.27137
0.000 -0.830 -12.680 1.74152
0.000 -0.489 -15.115 2.22225
0.004 0.750 -15.246 2.04444
0.199 4.330 -14.152 2.39074
0.000 2.775 -15.569 2.83824
0.100 2.476 -15.848 2.77859
0.000 4.990 -14.451 2.76327
0.015 3.517 -13.255 3.28406
0.000 -1.022 -13.824 1.80839
0.000 -1.590 -17.143 1.77658
0.000 -2.656 -17.548 1.99123
0.040 -0.390 -17.414 2.88604
0.048 -1.487 -16.401 2.64712
0.000 -3.978 -18.453 2.83571
0.019 -1.479 -18.730 2.39916
0.081 -3.172 -18.084 3.13767
0.000 0.103 -18.280 2.63397
0.506 1.333 -16.227 3.54059
0.000 -1.525 -16.737 2.45314
0.127 -0.957 -16.986 2.47322
0.000 -3.846 -13.456 1.95128
0.000 -4.340 -20.616 2.52623
0.000 -6.526 -21.595 2.33390
0.000 -2.789 -21.801 3.30379
0.000 -1.218 -19.460 3.01114
0.000 -3.488 -17.684 3.70787
0.055 -6.129 -19.644 3.97229
0.000 -3.023 -19.239 3.23155
0.000 -4.640 -14.822 4.01920
0.000 -5.049 -20.415 4.08375
0.000 -3.054 -20.787 3.58123
0.000 -1.922 -19.089 3.51026
0.000 -2.169 -20.574 3.64343
0.000 -4.931 -21.112 2.93569
0.021 -4.212 -22.437 3.59589
0.000 -6.094 -22.801 3.78900
0.000 -1.576 -17.456 3.85032
0.000 -2.548 -19.436 3.82870
0.000 -4.155 -19.756 3.63895
0.000 -3.509 -21.337 3.49021
0.000 -2.511 -21.611 3.38909
0.000 -1.149 -19.169 4.29857
0.000 -0.384 -18.876 3.76516
0.000 0.876 -18.663 4.10914
0.000 1.427 -18.591 4.78723
0.000 0.417 -18.381 4.15779
0.000 0.891 -18.694 3.44621
0.000 0.723 -19.322 3.58996
0.000 -0.537 -19.661 3.43024
0.000 1.248 -18.041 3.22008
0.028 1.043 -17.481 3.51604
0.014 -0.446 -17.356 3.22843
0.000 -2.810 -17.803 2.57321
0.079 -4.589 -19.373 3.99979
0.000 -2.137 -19.348 3.36325
0.000 -2.366 -19.023 4.56755
0.000 -0.977 -18.256 3.56725
0.000 0.563 -15.876 3.94656
0.000 -0.262 -16.281 4.85403
0.080 -2.410 -16.404 4.28697
0.000 -6.517 -18.959 4.24309
0.064 -3.369 -17.836 3.52796
0.000 -4.118 -19.826 4.31390
0.021 -4.944 -19.705 4.38838
0.000 -3.266 -14.782 4.42295
1.216 0.684 -14.899 4.43589
0.079 -0.427 -13.882 5.38253
0.000 -4.440 -14.601 4.26182
0.000 -6.316 -15.958 5.20207
0.000 -5.858 -19.107 5.52759
0.179 -5.989 -19.720 5.57185
0.000 -7.192 -17.595 4.82658
0.000 -7.830 -21.279 3.18576
0.000 -7.341 -21.770 3.36650
0.000 -8.887 -21.926 3.88751
0.000 -8.077 -23.408 3.94183
0.000 -10.318 -24.036 3.87356
0.000 -9.356 -17.397 2.94160
0.000 -10.608 -21.049 3.13364
0.000 -10.395 -21.515 3.37914
0.001 -14.902 -29.271 4.61778
0.000 -11.669 -29.413 3.75992
0.000 -7.764 -27.941 3.55240
0.000 -6.945 -24.266 3.96639
0.000 -7.077 -24.316 4.58095
0.000 -4.746 -23.054 4.49843
0.000 -2.948 -22.366 4.14058
0.000 -2.902 -21.575 4.70661
0.000 -4.028 -19.033 4.65853
0.000 -3.663 -21.561 4.15184
0.000 -3.288 -22.004 4.50602
0.000 -4.132 -23.268 4.57694
0.000 -8.687 -26.956 3.68897
0.000 -7.986 -27.125 3.47366
0.000 -6.243 -22.254 2.98227
0.382 -8.171 -22.773 3.96111
0.044 -4.609 -22.636 2.70450
0.000 -5.241 -15.662 2.06559
0.000 -6.825 -15.710 2.36967
0.000 -7.512 -23.715 2.26987
0.000 -3.982 -23.836 3.01798
0.070 0.519 -18.515 3.77234
0.023 -0.856 -17.708 4.26870
0.000 0.309 -17.539 3.23651
0.000 -1.014 -14.777 4.27614
0.000 -4.631 -13.860 1.95248
0.000 -6.874 -18.456 3.12041
0.000 -7.007 -20.280 3.56308
0.000 -0.769 -19.889 2.97754
0.000 -4.447 -17.501 2.67063
0.006 0.144 -17.513 1.78308
0.000 0.598 -13.518 3.18539
0.310 -1.622 -13.491 3.06575
0.000 -0.742 -14.853 3.13139
0.060 -1.533 -17.680 3.51168
0.000 -0.905 -17.612 2.30060
0.439 -1.153 -13.678 1.32211
0.000 0.356 -14.570 3.00451
0.030 4.377 -14.464 3.67009
0.150 5.037 -12.933 4.59727
0.000 0.798 -9.705 2.22115
0.000 2.191 -10.499 2.12350
0.000 3.201 -10.252 1.85179
0.127 -0.333 -10.351 1.78315
0.000 -0.584 -11.368 2.24565
0.000 2.220 -11.083 2.10702
0.000 1.898 -8.232 2.96002
0.000 -0.035 -10.356 2.48700
0.005 1.379 -12.407 2.48618
0.064 -1.835 -14.351 2.49688
0.000 1.174 -14.177 2.55602
0.495 1.021 -12.269 1.93593
0.605 1.484 -10.780 4.18414
0.058 1.551 -10.429 2.17006
0.643 5.598 -7.243 3.11169
0.596 3.852 -8.283 3.21096
1.030 3.325 -7.233 3.04044
0.116 0.487 -7.347 2.70113
0.344 0.247 -14.135 3.63813
0.144 0.274 -12.905 3.73838
0.292 0.498 -10.629 2.58708
0.519 0.838 -10.559 2.90241
0.451 3.440 -12.870 5.24936
2.548 2.888 -11.743 2.43759
1.181 4.139 -9.146 2.36524
0.000 7.587 -6.871 3.64443
0.090 5.422 -6.476 4.26399
0.614 7.425 -6.621 3.81062
0.013 8.341 -5.566 3.11244
0.000 7.926 -5.516 3.69289
0.585 9.112 -4.931 4.23705
5.748 9.680 -5.515 3.78846
0.925 9.087 -3.722 4.19383
0.057 8.672 -7.670 4.57058
0.069 7.836 -5.618 3.40417
0.370 9.456 -5.325 3.85283
1.098 9.244 -4.540 3.45260
0.041 7.219 -5.459 2.68257
0.000 7.982 -6.062 3.00582
0.001 9.356 -6.370 4.34647
0.709 4.340 -6.635 3.84403
0.294 7.823 -7.288 3.23789
0.213 9.380 -5.178 2.49743
0.017 8.221 -5.056 1.83234
0.514 13.394 -6.483 3.82676
0.306 6.928 -6.052 3.06641
0.402 6.037 -4.531 2.74432
1.839 5.144 -6.976 2.53742
0.256 -2.176 -4.607 1.89965
0.782 9.080 -6.142 1.96403
1.109 11.051 -4.245 2.91597
2.255 8.824 -6.402 2.70617
0.010 7.652 -5.168 1.66337
0.000 10.924 -3.191 1.07792
0.138 13.358 -2.355 1.82613
0.975 13.834 -2.242 3.74961
0.716 12.392 -4.634 2.47653
0.726 7.908 -5.014 2.68721
0.324 8.627 -3.683 1.68132
0.165 9.915 -4.336 1.45338
0.000 12.152 -2.528 1.33955
7.924 12.528 -4.972 2.10327
7.660 8.964 -3.918 2.41603
1.746 11.652 -2.853 1.12812
0.664 7.472 -2.106 1.61869
6.254 9.010 -3.279 1.59880
3.961 5.834 -3.713 2.55615
0.577 9.809 -3.281 2.28431
12.513 6.359 -3.679 2.28524
4.019 10.469 -3.787 2.02362
4.819 9.963 -4.891 1.62185
1.729 12.065 -3.866 1.56436
0.046 14.786 -2.808 1.63218
4.093 16.466 -1.362 2.37509
4.175 13.861 -0.351 1.65554
3.564 15.681 -2.531 2.67642
2.653 14.253 -1.758 1.88800
5.177 16.844 -0.991 3.00378
4.184 14.262 -2.771 2.01752
4.652 13.712 -2.852 1.65067
1.941 10.680 -3.041 2.39393
4.074 9.768 -2.105 2.15781
0.375 9.796 -2.428 1.99064
3.515 10.739 -3.653 1.49692
0.309 12.289 -2.358 0.82433
5.297 15.239 -1.831 2.11713
0.799 10.379 -2.876 1.13735
0.072 11.909 -2.005 2.25642
0.151 14.653 -0.665 2.17570
5.481 14.790 -0.086 1.13686
9.484 12.461 -1.542 1.85103
0.336 13.377 -1.141 1.82349
0.401 15.498 0.111 1.32007
0.947 13.144 -2.306 1.71409
0.539 12.361 -2.412 2.57992
0.746 13.229 0.154 1.40905
0.000 15.684 -1.751 2.20896
5.673 16.984 1.946 3.23109
6.558 12.874 -1.160 1.72653
4.331 16.496 -0.059 2.70036
8.822 16.703 0.993 1.98039
4.370 14.139 -1.338 1.75197
0.756 11.428 -0.157 2.16529
8.115 14.430 -3.533 2.98833
0.136 13.553 -0.403 1.48691
9.082 15.763 -4.988 3.02755
1.090 11.105 -1.529 2.27618
0.000 13.654 -2.358 1.11365
1.020 16.928 -1.027 1.70206
11.454 14.533 -0.657 3.37547
3.189 16.676 0.289 1.58462
13.833 13.859 0.560 1.75291
4.897 16.366 0.444 1.91583
3.196 15.034 -2.794 2.01513
0.000 12.656 -2.827 2.26098
0.683 13.467 -1.326 1.49086
0.000 14.401 0.241 0.93180
0.000 16.456 2.288 0.75931
8.979 15.757 0.803 1.71017
2.082 16.487 2.433 1.19797
0.696 14.201 1.150 1.83285
6.025 14.836 -1.342 2.78516
4.386 14.587 0.640 1.65128
8.134 14.098 0.678 1.46058
0.405 12.489 0.634 1.25200
11.184 14.114 1.413 2.11139
0.018 14.385 -2.857 1.68345
0.000 15.528 0.651 1.34837
0.309 16.055 2.229 0.97205
6.159 15.478 0.866 2.06475
1.024 14.431 -0.867 2.41289
0.081 15.794 0.593 1.62464
1.919 16.484 2.620 1.64030
17.214 14.258 1.809 1.75597
2.834 15.504 2.795 1.36426
7.533 16.734 2.997 1.16768
1.090 16.699 2.971 1.52624
0.236 17.636 2.715 1.60699
30.450 16.452 5.503 1.05717
5.578 15.966 3.499 1.12529
4.197 15.692 -0.271 2.08978
1.807 14.494 0.995 1.65032
0.912 12.191 -2.431 1.78565
1.131 12.490 0.025 1.39295
0.429 11.809 -1.716 1.78664
3.038 13.208 -0.524 1.08671
0.000 14.297 0.004 1.15585
0.111 15.300 -0.063 1.59547
7.622 16.018 -1.335 2.36511
0.000 13.060 -3.060 1.45103
0.000 13.416 0.105 1.27104
1.795 13.479 -2.344 1.17494
0.145 12.992 -1.112 1.63432
0.157 12.110 0.668 1.00183
6.502 15.177 0.584 2.23875
4.114 14.401 -2.049 2.21502
0.000 13.312 -0.218 1.63044
3.456 12.232 0.195 1.25673
1.841 15.310 0.476 1.22588
2.384 16.824 0.890 1.35773
15.629 16.920 1.328 2.39640
8.528 14.538 0.981 1.86313
0.258 12.205 1.118 1.87068
7.266 14.348 2.414 1.69934
6.616 15.090 1.178 1.59355
0.210 13.813 -0.021 1.97522
4.335 14.779 -1.228 1.49549
5.423 13.663 0.400 1.01035
5.000 15.260 -0.136 1.70718
4.369 13.589 -2.776 1.60522
3.436 6.853 -4.142 1.59234
1.225 9.344 -3.228 1.56976
1.772 8.342 -2.357 2.06348
1.158 12.830 -4.117 2.25412
0.913 9.787 -4.287 1.40505
0.038 8.652 -3.482 1.35525
0.682 9.659 -3.941 1.02634
7.494 10.670 -2.505 2.11163
3.761 11.487 -3.286 1.18524
4.905 12.567 -2.648 1.67605
0.191 13.636 -3.121 1.27101
1.675 13.414 -2.294 1.59532
11.276 11.615 -1.016 0.73372
4.863 9.964 -1.203 1.18126
0.045 10.331 -2.803 1.69049
1.019 7.199 -2.923 1.58403
0.935 7.869 -1.660 1.85532
5.289 8.431 -2.852 1.22191
1.675 7.225 -3.891 0.80894
0.238 10.074 -2.958 2.02664
0.193 12.965 -2.985 1.56245
8.968 13.354 -1.771 1.59378
0.501 14.586 -1.836 2.02086
0.859 15.831 -2.288 1.75167
2.540 12.895 -1.257 1.56658
0.674 13.988 -2.564 2.20018
2.551 14.374 -1.779 1.79918
3.105 13.002 -2.664 1.51136
0.384 12.767 -1.880 1.78884
5.245 12.049 -1.882 1.42001
10.046 8.836 -2.249 1.11105
2.570 9.566 -1.887 1.30754
1.549 11.138 -2.444 0.96836
0.598 10.932 -2.227 2.13219
1.084 9.368 -4.086 1.39707
0.618 8.150 -6.745 2.24893
0.000 6.947 -6.338 2.19354
0.000 8.142 -5.211 2.46244
0.528 10.263 -4.777 2.22007
2.808 5.747 -4.955 1.30049
8.309 4.098 -4.213 1.33544
4.041 4.229 -4.526 1.08950
1.575 4.389 -5.898 1.11302
0.945 3.038 -5.865 1.67944
0.114 3.811 -7.971 1.96933
0.519 4.952 -7.941 1.98355
1.015 4.989 -7.287 2.91907
0.352 3.820 -7.314 1.57053
1.311 5.384 -5.995 1.78771
0.528 6.306 -5.096 1.41230
0.131 4.498 -4.385 1.73784
2.539 3.875 -7.352 2.42407
0.349 4.432 -7.554 2.60803
0.679 3.004 -14.739 3.15357
0.044 0.593 -14.910 1.83126
0.004 0.996 -9.491 1.81069
0.023 2.492 -9.404 2.84287
0.030 2.427 -9.618 1.96984
0.426 1.515 -9.672 2.26223
7.412 0.642 -8.641 1.43137
0.000 -0.154 -17.067 1.78022
0.000 -0.041 -17.303 1.64329
0.000 0.378 -14.545 2.30192
0.000 0.387 -13.874 1.37209
0.000 -0.144 -16.028 2.29658
0.015 -0.105 -16.179 2.92697
0.000 2.542 -14.883 2.71504
0.330 2.353 -10.177 2.83232
0.000 -2.564 -16.885 3.48647
0.000 -3.987 -17.129 2.51377
0.000 1.878 -16.191 3.17230
0.000 2.020 -14.050 2.93367
0.000 3.729 -14.258 2.51193
0.000 6.325 -12.357 2.99870
0.008 5.915 -12.252 3.17429
0.000 4.859 -12.706 3.38701
0.000 2.736 -12.768 3.61515
0.313 1.367 -14.483 4.21764
0.000 0.833 -15.813 3.93893
0.000 1.597 -16.073 4.49609
0.000 2.047 -16.298 3.58407
0.000 2.873 -14.735 3.62742
0.000 4.376 -14.663 3.59687
0.000 2.445 -11.782 3.54866
0.110 0.496 -12.427 4.71071
0.000 -6.120 -18.026 4.85426
0.000 -2.825 -18.313 2.98214
0.000 -3.244 -16.419 2.25995
0.000 -6.665 -19.640 3.19337
0.000 -5.716 -19.807 1.37712
0.000 -1.959 -16.975 3.14474
0.000 -2.530 -18.239 3.00887
0.000 -3.231 -18.652 3.52468
0.000 -1.339 -18.087 2.77288
0.000 -0.640 -17.365 3.31193
0.000 0.478 -18.267 3.88338
0.000 -3.452 -19.375 3.48112
0.000 -3.610 -19.627 2.40429
0.000 -1.027 -18.565 3.23875
0.000 -2.426 -20.086 3.29886
0.000 -8.614 -23.424 3.97679
0.000 -2.387 -23.555 3.85262
0.000 0.486 -16.669 3.90746
0.000 1.121 -15.300 2.88886
0.000 0.030 -17.523 3.86860
0.000 -2.493 -18.704 4.18970
0.000 -2.974 -19.593 2.99669
0.000 -1.182 -19.909 3.14273
0.000 -2.276 -20.087 3.11212
0.000 -2.794 -20.373 2.90942
0.000 -1.355 -20.060 3.11288
0.000 -0.972 -18.477 3.31292
0.006 0.338 -18.172 3.66833
0.045 3.213 -15.725 3.51957
0.441 1.742 -12.214 3.51900
0.000 0.419 -17.303 3.48342
0.001 -3.036 -19.099 3.47757
0.000 -3.791 -19.603 2.79185
0.000 -5.258 -20.298 2.90060
0.000 -4.050 -20.527 2.47300
0.000 -6.742 -19.924 2.77999
0.005 -5.392 -19.865 2.43305
0.000 -5.376 -19.970 2.29190
0.000 -6.097 -20.237 2.29057
0.000 -4.888 -14.667 2.62861
0.000 -8.870 -18.512 2.27968
0.000 -9.699 -21.481 4.28079
0.000 -7.054 -21.750 4.09796
0.000 -2.678 -19.139 2.94470
0.000 -4.890 -19.746 3.20899
0.000 -10.082 -20.649 2.09085
0.000 -6.308 -21.781 3.02097
0.000 -5.533 -21.890 2.67602
0.070 -4.595 -22.059 2.86481
0.000 -5.229 -22.431 3.07204
0.000 -5.096 -21.260 2.34520
0.000 -4.701 -21.450 2.88483
0.000 -3.523 -21.311 2.83691
0.000 -4.025 -21.379 2.92801
0.000 -1.873 -18.051 3.74948
0.000 -0.622 -18.289 5.18397
0.000 0.350 -16.838 4.40028
0.006 1.393 -16.684 4.59779
0.000 0.109 -16.822 5.29109
0.000 -4.158 -17.686 3.30295
0.000 -3.522 -18.248 5.90658
0.178 -0.586 -16.741 4.66103
0.006 -1.725 -15.777 3.86905
0.113 1.066 -15.721 5.16655
1.600 1.917 -11.626 5.63956
0.000 -2.143 -14.665 3.99883
0.000 -0.018 -15.377 4.55433
0.000 -3.274 -18.863 4.13145
0.000 0.561 -19.060 3.55669
0.000 0.238 -17.953 3.88659
0.000 -0.339 -15.328 3.29885
0.102 -4.478 -15.174 3.34429
0.054 -2.706 -18.059 3.07934
0.000 -3.051 -18.705 2.96921
0.000 -0.924 -17.371 3.79276
0.000 1.253 -17.530 3.09954
0.000 1.415 -16.676 3.27335
0.000 0.538 -19.466 3.88669
0.000 0.798 -19.638 2.53968
0.000 -0.367 -18.153 3.19588
0.000 3.163 -18.338 3.01962
0.000 3.468 -15.379 4.66607
0.007 -2.625 -14.714 6.41875
0.000 1.252 -14.791 5.71414
0.124 1.925 -14.229 4.57382
0.000 0.796 -15.805 4.94482
0.000 2.371 -16.001 4.30941
0.213 1.466 -12.160 5.14718
0.431 -0.533 -13.280 5.43300
0.000 -3.287 -18.654 4.34108
0.000 0.633 -18.792 4.69713
0.000 -2.289 -15.175 6.03790
0.000 -5.512 -18.724 4.87607
0.000 -1.128 -18.932 4.59349
0.001 -0.856 -15.759 3.40770
0.000 -2.142 -16.251 4.46219
0.000 -1.061 -16.371 3.65392
0.450 -3.823 -12.041 2.52627
0.075 -3.431 -14.010 4.04018
0.001 -7.981 -19.078 5.13097
0.000 -1.081 -19.120 4.66058
0.011 1.121 -17.096 5.18661
0.010 0.271 -14.414 2.71421
0.000 -0.024 -16.131 4.06295
0.710 0.406 -16.058 5.43273
0.113 3.617 -11.845 5.99831
0.454 1.827 -12.289 4.58658
0.109 4.290 -12.127 5.82808
0.204 3.084 -12.119 5.87948
0.015 -1.049 -13.142 7.01840
0.000 -9.257 -21.882 6.96583
0.141 0.434 -21.539 3.50193
0.062 4.452 -15.736 3.74963
0.030 4.713 -12.431 3.41175
0.085 2.046 -11.747 2.34527
0.096 0.318 -10.598 2.14073
0.000 2.896 -10.245 2.15523
0.034 3.463 -10.423 3.14738
0.264 2.530 -11.143 4.08329
0.210 3.655 -10.289 3.85135
0.445 2.722 -11.994 4.65542
0.000 2.408 -11.495 3.39065
0.000 5.123 -11.084 1.80449
0.049 5.595 -6.547 3.31064
5.369 3.621 -6.243 3.50929
0.426 1.600 -9.208 3.52674
1.767 4.914 -8.676 2.78792
0.000 0.578 -10.881 3.41460
1.654 2.558 -10.458 2.07738
0.201 2.346 -9.996 1.98858
0.000 -0.776 -13.263 4.04230
0.083 5.171 -11.786 4.40857
0.690 6.025 -6.399 3.21599
0.816 6.792 -6.281 3.42897
0.399 3.201 -10.407 2.73818
0.608 7.078 -9.103 3.23587
0.248 7.985 -5.208 3.55571
0.193 7.150 -6.610 3.95684
0.353 7.402 -4.888 2.67875
0.529 2.942 -6.025 2.48264
0.091 3.438 -7.827 3.41280
0.354 3.735 -7.510 2.72983
0.650 6.561 -5.947 1.17322
1.431 7.688 -5.740 2.50222
0.605 10.776 -4.747 2.51474
0.854 13.161 -4.169 5.36432
0.224 10.437 -4.580 2.98448
0.000 7.119 -5.128 2.46416
0.000 7.699 -4.490 1.82958
0.342 6.793 -6.744 2.32930
0.419 10.799 -5.443 4.00357
0.456 12.016 -4.543 4.22869
0.000 13.024 -5.726 4.94365
0.000 13.867 -5.282 3.38238
0.175 15.464 -3.795 2.93737
1.066 14.680 -6.456 4.04115
0.000 10.201 -5.276 2.47060
0.107 10.363 -5.388 2.67946
2.222 14.527 -3.960 4.73862
0.481 13.166 -6.154 2.80397
0.000 7.841 -6.555 2.76066
0.000 11.251 -3.638 3.09956
0.304 13.883 -4.021 2.83520
4.601 10.500 -3.712 2.01642
0.983 11.588 -4.393 2.61273
0.000 15.337 -4.009 3.00708
2.795 15.186 -3.953 3.17149
0.836 14.058 -2.551 2.55000
0.802 9.289 -4.102 1.97891
3.539 11.146 -4.404 3.02391
0.270 8.061 -3.270 2.41359
0.203 12.203 -3.837 5.00449
1.694 10.096 -5.078 3.57537
1.459 5.928 -7.883 2.07247
0.737 8.002 -4.892 2.93816
5.684 9.713 -5.213 3.37646
0.161 8.838 -4.741 2.61859
1.371 4.795 -7.905 2.93578
0.241 11.090 -5.170 3.05718
2.570 15.219 -2.687 2.85797
8.058 14.721 -4.132 3.13108
6.902 9.840 -1.754 2.43594
5.436 14.197 -2.268 3.52771
3.104 12.506 -3.224 1.42980
3.121 15.314 0.073 2.74354
1.025 17.683 -0.013 5.52787
1.521 17.714 -5.222 5.06000
2.649 9.464 -5.101 2.60679
2.336 13.734 -4.824 3.02798
5.715 10.681 -4.200 2.09184
3.054 9.092 -3.802 2.16527
1.240 5.532 -6.531 2.03574
0.000 10.483 -4.285 2.01528
0.224 14.938 -3.313 1.99172
1.050 13.648 -1.546 1.48989
2.055 15.557 -0.770 2.32321
3.802 11.869 -1.792 2.32262
5.911 14.767 0.414 2.31968
8.234 15.514 0.378 1.62609
1.876 16.862 -0.415 2.55438
4.389 15.885 -2.725 2.79071
0.795 10.340 -2.041 2.03377
3.403 11.361 -0.889 2.30611
1.425 14.736 -0.747 2.41718
4.006 16.099 -0.031 1.95799
0.845 14.708 -0.302 1.17638
8.207 16.294 1.508 1.85705
0.526 17.096 0.777 2.23792
12.641 17.854 1.392 1.87131
6.226 17.994 1.627 1.42831
7.657 18.056 2.519 1.56583
2.416 17.026 3.564 1.13677
5.174 15.742 3.733 1.50839
6.478 14.393 3.437 1.45517
1.133 16.954 4.952 1.59928
4.740 16.702 3.132 1.40541
2.571 16.499 2.599 0.88744
0.944 17.175 2.871 1.22190
0.055 17.103 1.930 0.97690
5.556 15.588 1.693 1.59791
2.330 17.859 2.862 1.74989
3.749 14.921 1.501 2.66704
6.140 15.891 2.433 2.49677
20.217 17.527 1.401 2.28588
11.624 16.749 3.003 1.30579
7.718 16.672 3.360 1.09962
0.771 17.091 2.808 1.20489
8.812 17.236 2.609 2.04973
2.546 13.986 2.680 1.61022
3.304 14.397 1.141 1.70053
4.426 15.978 1.675 1.45560
2.176 14.920 2.302 1.77865
0.624 16.085 1.027 2.44289
16.518 15.320 3.263 2.59362
9.684 17.698 2.826 2.56692
16.280 17.918 2.678 2.25979
7.490 18.183 3.631 1.90546
0.143 16.517 4.212 1.85781
6.809 16.498 3.371 1.57350
4.127 17.829 1.530 1.54248
1.763 18.636 1.274 1.76565
1.875 17.776 2.267 1.49447
5.374 17.109 3.180 1.27282
10.629 18.338 2.599 1.92972
4.374 17.054 3.821 1.83760
3.395 15.420 -0.318 2.71304
2.385 13.551 -0.438 1.85262
0.000 12.781 -1.263 1.46237
0.099 14.021 2.212 0.85445
6.089 15.514 2.294 2.83564
2.405 15.369 1.060 1.51136
9.353 15.493 3.220 1.38078
8.469 15.204 0.719 1.62147
1.700 15.856 1.471 1.75680
5.735 13.499 -0.527 1.84903
2.120 13.970 0.806 1.34278
0.000 14.392 0.916 1.26477
12.285 16.079 2.264 1.82491
1.441 14.687 1.686 1.72245
7.428 15.446 1.880 1.11624
2.330 14.189 0.716 1.12345
4.359 13.974 0.672 0.93474
6.939 13.573 0.965 1.99176
0.038 13.541 -0.888 2.15837
0.094 12.846 0.377 0.99557
0.848 14.696 1.111 0.81250
9.076 12.600 0.984 1.34381
0.006 13.158 -1.643 1.17779
3.844 14.543 -0.324 2.88698
3.296 13.061 0.269 1.36903
14.014 14.982 1.333 2.33393
3.321 15.180 0.973 2.33371
3.524 14.404 1.036 1.42629
1.969 15.010 2.684 1.24066
0.402 15.105 1.601 1.44124
25.300 14.432 0.011 2.05235
0.000 12.068 0.384 1.27907
4.270 13.516 0.558 1.03862
7.732 14.693 0.835 1.90917
0.215 12.346 -3.554 2.19445
0.000 11.898 -2.823 1.69125
0.000 12.937 -1.375 0.91088
1.473 15.082 -0.566 1.20213
6.796 15.135 -0.573 2.12510
3.684 14.927 0.517 2.37055
0.604 13.453 -0.163 1.70896
0.225 16.385 -1.030 1.95394
0.386 16.246 -1.813 2.20066
0.211 15.110 -0.725 2.02310
0.272 16.078 -2.083 1.96557
0.031 15.489 -1.012 1.70343
2.193 15.045 0.269 1.49075
4.407 15.399 1.853 1.18076
5.233 15.659 -0.018 1.60313
8.802 14.889 1.375 1.75987
5.226 15.533 0.102 1.97795
0.554 14.101 -1.202 1.38049
0.839 13.521 -0.709 1.48320
2.314 14.485 0.303 1.23419
2.638 14.023 -0.437 1.05281
1.058 14.265 -0.103 1.01603
0.979 13.279 -3.377 1.97136
0.537 8.169 -3.841 1.13255
0.000 10.137 -4.018 1.09958
0.132 11.881 -3.342 1.34415
0.651 8.944 -3.793 1.63838
4.718 8.500 -3.272 1.35209
1.739 6.201 -5.972 1.44125
0.046 9.160 -5.191 2.05236
0.233 11.206 -4.496 1.97364
0.194 12.815 -4.964 1.99294
1.966 9.989 -4.324 1.49690
1.097 7.882 -3.544 1.29351
3.964 10.940 -3.766 1.48586
1.214 8.490 -3.973 0.91084
0.099 6.828 -5.461 1.93868
0.325 9.371 -5.267 1.01835
0.176 8.198 -3.655 1.76316
2.114 10.986 -2.506 1.85719
15.762 12.714 -1.704 3.01039
7.996 12.222 -2.596 2.90402
0.255 8.953 -3.993 2.37931
1.229 8.298 -4.519 2.19593
1.592 7.733 -4.488 1.87198
0.112 6.358 -6.309 2.55080
0.146 6.165 -5.698 1.86807
1.347 8.800 -5.021 2.62871
0.445 8.837 -4.621 1.74378
2.353 8.975 -5.528 2.49838
1.079 8.920 -7.560 3.38937
0.785 7.356 -7.541 1.84934
3.600 5.582 -5.114 2.34264
1.409 3.987 -7.028 1.78706
0.069 2.771 -6.969 1.76446
0.450 5.564 -6.943 2.36118
0.000 5.663 -7.701 3.56675
0.406 5.874 -9.309 3.56670
0.254 6.177 -9.436 2.80016
0.424 6.085 -10.063 2.90188
0.100 5.099 -10.277 2.56581
0.528 5.674 -9.627 2.77347
0.210 5.763 -9.822 2.76256
0.170 5.515 -8.194 2.51248
0.000 3.262 -8.199 1.75891
0.000 1.951 -7.794 1.29063
0.000 4.124 -7.702 2.78707
0.129 3.299 -10.698 2.80140
0.046 3.174 -11.009 2.23109
0.475 3.189 -10.707 2.01851
0.077 1.642 -11.890 2.72198
1.128 1.295 -12.031 2.38059
0.000 2.551 -11.974 2.29316
0.007 3.845 -11.042 3.29707
0.007 2.757 -11.982 3.84113
0.000 1.030 -14.954 4.18655
0.134 3.581 -15.164 3.18620
0.000 5.959 -13.727 3.14079
0.000 7.075 -6.850 5.54191
0.001 5.236 -8.235 6.65646
0.000 3.975 -8.600 4.46385
1.387 2.245 -8.748 4.33767
0.025 -0.827 -12.744 4.29714
0.000 -2.638 -14.410 3.38793
0.000 -7.368 -21.649 3.21728
0.000 -6.809 -22.024 2.28499
0.345 -1.454 -20.726 2.90804
0.000 0.690 -18.730 3.05225
0.000 -0.542 -18.610 3.08946
0.000 2.975 -16.973 3.08158
0.000 1.351 -15.956 2.94361
0.000 -2.225 -17.130 4.32867
0.000 1.727 -16.970 3.77823
0.000 0.906 -15.108 2.88024
0.000 0.652 -13.916 3.12422
0.000 -1.989 -15.262 2.92098
0.000 -0.661 -17.410 3.35136
0.000 -2.292 -17.731 3.68872
0.000 -0.113 -17.995 2.96134
0.000 0.702 -16.880 3.45032
0.000 -0.809 -17.050 3.74942
0.000 -1.875 -19.052 3.64966
0.000 -2.571 -19.413 3.32593
0.000 -3.059 -19.867 3.99227
0.000 1.406 -15.907 4.45557
0.000 0.448 -16.138 3.70037
0.000 -1.241 -16.320 3.68072
0.000 0.840 -13.197 3.44357
0.000 -4.233 -20.453 3.73120
0.000 -2.452 -20.691 2.99488
0.000 -4.669 -18.216 2.76895
0.150 -2.973 -20.096 3.52065
0.187 -5.083 -20.543 2.94055
0.000 -8.360 -20.597 1.24372
0.000 -5.778 -21.131 3.40822
0.064 -3.377 -20.911 3.54164
0.007 -4.837 -21.176 3.06944
0.004 -5.826 -20.298 2.53987
0.000 -9.169 -21.096 1.49058
0.000 -7.891 -22.557 3.52792
0.000 -12.439 -25.573 4.44426
0.241 -7.127 -25.789 3.04164
0.000 -6.837 -22.611 2.78193
0.000 -6.058 -22.809 2.75575
0.000 -1.571 -20.367 2.53086
0.000 -9.029 -22.173 1.45719
0.000 -6.054 -22.558 3.09151
0.000 -5.788 -22.344 3.58483
0.000 -0.125 -21.927 3.55795
0.000 0.999 -18.348 3.52660
0.000 -5.412 -18.415 2.94464
0.000 -4.251 -21.803 4.17835
0.000 -3.432 -22.034 3.28630
0.000 -0.803 -19.900 3.59317
0.000 -2.860 -20.055 4.19080
0.000 -2.721 -21.256 4.73311
0.000 -4.994 -21.610 3.71014
0.000 -2.754 -21.584 3.80616
0.000 -3.116 -21.283 2.59327
0.000 -1.670 -20.218 3.62676
0.000 -3.278 -20.459 2.56706
0.000 -2.691 -19.060 3.48988
0.000 0.724 -19.263 2.85588
0.000 -0.682 -18.085 3.96197
0.000 -2.491 -18.392 3.73685
0.000 -7.394 -20.636 4.56922
0.000 -3.230 -20.748 2.32220
0.000 -6.112 -18.726 2.39812
0.000 -3.310 -18.974 2.79410
0.000 -5.221 -17.461 3.94986
0.000 -4.983 -16.512 2.17327
0.007 -6.725 -20.155 3.54646
0.000 -3.936 -20.397 3.92420
0.000 -2.676 -17.841 3.78041
0.000 -1.916 -17.214 2.77738
0.000 -2.273 -19.345 4.59906
0.000 -3.292 -19.558 3.89637
0.000 -2.671 -16.801 3.88837
0.000 -4.118 -16.702 3.61934
0.000 -7.279 -20.641 3.10529
0.000 -4.796 -21.088 3.70985
0.252 -3.993 -21.314 3.68698
0.000 -0.558 -21.029 4.44014
0.101 0.401 -17.083 4.48135
0.000 1.133 -14.679 4.79380
0.090 2.570 -14.813 4.81126
0.000 -0.803 -16.544 6.11980
0.112 -0.679 -17.364 4.81708
0.105 1.193 -17.528 4.44418
0.000 -2.375 -13.179 5.78727
0.003 -1.481 -15.436 5.51707
0.016 -2.233 -15.462 6.53367
0.000 -2.773 -15.430 5.84523
0.000 -3.137 -16.066 4.74080
0.000 -8.150 -21.819 3.40417
0.000 -2.717 -21.899 3.08227
0.000 -1.209 -18.223 3.33495
0.000 -0.548 -18.433 3.02757
0.000 2.111 -16.480 3.25616
0.000 1.654 -15.022 3.82825
0.001 0.163 -13.203 2.52678
0.000 -0.709 -15.565 3.25842
0.000 0.910 -15.641 3.06141
0.089 2.328 -15.111 3.28824
0.000 2.429 -15.192 5.06532
0.001 3.901 -13.928 4.37053
0.039 0.556 -16.344 5.34886
0.000 -0.837 -16.336 5.28867
0.007 1.379 -12.410 5.03375
0.000 0.067 -13.778 5.87321
0.076 -0.013 -13.653 5.76426
0.000 1.716 -15.266 4.39921
0.000 -2.149 -15.276 4.10413
0.000 2.250 -15.174 3.45944
0.000 1.446 -15.027 2.55162
0.244 4.359 -12.305 3.03050
0.011 5.988 -10.950 3.25947
0.159 5.460 -8.809 4.59793
0.000 1.333 -10.104 3.69665
1.250 -1.011 -14.795 3.19166
1.190 2.228 -14.621 3.11414
0.011 0.628 -11.571 1.09672
0.000 4.611 -10.010 2.08938
0.012 5.424 -8.547 3.34639
0.000 7.911 -6.231 3.63203
0.096 11.935 -4.437 4.70209
0.153 7.500 -4.348 4.29384
1.813 6.036 -5.521 4.77622
0.000 6.640 -6.311 3.97540
0.000 5.233 -6.295 3.29863
0.000 5.428 -7.504 4.33336
0.070 2.101 -6.493 3.55151
0.968 5.885 -6.589 3.54508
0.126 3.458 -8.961 4.19800
0.000 5.936 -8.134 4.22927
0.001 2.107 -8.706 3.80861
0.386 3.400 -8.577 4.04434
0.244 -0.078 -9.470 2.99161
0.221 3.991 -8.423 3.80676
0.000 4.557 -7.302 3.75712
0.000 6.862 -5.639 3.91659
0.473 5.560 -8.942 4.22416
0.325 0.335 -10.387 4.98503
0.000 8.563 -8.878 4.27330
0.334 5.379 -5.364 3.55179
0.020 6.002 -6.009 3.70902
0.333 5.752 -5.794 4.61032
0.064 9.967 -4.574 3.10388
0.449 9.710 -5.926 6.48171
0.217 6.937 -6.789 4.85498
0.029 8.845 -4.700 3.70385
0.001 10.408 -5.532 3.02755
0.085 8.312 -6.825 2.52485
1.181 11.980 -4.786 4.22620
1.528 12.308 -3.349 4.94692
0.019 9.201 -5.474 3.84046
0.423 9.963 -7.329 3.49922
0.434 7.548 -6.597 1.93914
0.188 11.631 -5.938 4.33371
0.071 9.747 -8.841 4.80755
0.075 2.835 -8.968 2.96925
0.334 2.676 -7.748 2.24971
0.000 6.902 -7.225 2.28643
0.061 8.912 -4.228 1.79681
0.000 9.863 -4.317 1.85450
0.020 11.547 -3.100 1.25612
0.653 14.229 -2.824 2.51656
7.229 12.785 -2.962 3.48948
2.930 8.308 -5.149 1.75873
0.516 13.814 -5.064 3.26338
0.000 16.574 -4.614 2.98345
2.535 16.737 -2.661 2.47058
1.179 14.965 -2.188 3.33032
12.037 11.692 -2.665 2.04107
1.780 6.298 -6.207 2.17507
1.394 9.009 -3.953 1.50724
0.846 13.598 -3.787 2.30921
1.739 11.467 -4.789 2.91788
0.305 10.558 -2.846 2.58546
0.764 6.242 -6.387 2.17141
0.702 11.383 -6.187 3.44613
0.817 11.666 -5.747 3.80122
0.149 14.329 -5.369 4.40362
5.025 16.534 -3.582 4.52096
2.129 14.566 -1.167 4.58496
0.765 15.055 -2.100 4.48428
3.569 9.138 -6.838 2.71882
0.064 13.564 -4.111 2.56457
0.001 16.496 -4.381 2.73449
0.325 16.967 -2.675 3.88546
1.175 11.681 -3.334 2.71656
0.064 8.798 -4.129 1.39838
0.024 12.055 -1.099 1.23267
1.677 12.366 -4.549 1.27816
2.294 15.482 -1.969 2.92021
15.364 15.134 -1.131 2.98424
3.830 9.457 -3.710 1.88468
0.675 9.601 -4.407 1.54842
0.030 11.934 -1.790 2.11961
3.639 12.819 -3.360 1.92410
1.854 15.505 0.005 2.01354
2.120 12.970 -2.042 2.75391
2.513 12.493 -2.821 3.12379
1.029 13.844 -3.249 3.54276
5.371 13.432 -1.294 1.34381
1.402 19.528 0.518 3.45891
3.079 18.693 0.471 3.00120
0.498 17.343 -0.594 3.09829
2.477 14.494 -0.603 1.81629
0.708 14.174 -0.528 1.77992
4.299 16.778 -1.187 2.69392
0.524 16.158 -0.618 2.00757
1.447 14.934 0.473 0.97327
6.921 13.406 0.700 2.06558
10.864 18.110 -0.228 3.46207
2.044 17.703 0.945 2.11710
0.000 15.914 0.340 1.75548
5.096 15.143 0.443 1.45568
6.670 17.844 2.992 1.84129
2.344 15.260 0.504 1.07522
5.586 14.632 0.554 1.16328
5.585 17.651 1.160 2.19041
9.810 17.055 1.458 1.96190
6.528 17.125 2.495 1.92508
9.019 17.773 2.808 1.95714
10.389 16.718 3.429 1.68520
12.425 16.685 3.246 1.69163
0.551 18.617 2.139 2.83534
3.799 18.130 2.130 1.85128
16.207 18.823 3.362 2.23816
1.817 15.355 3.731 1.19098
0.939 18.470 3.501 1.27799
18.981 19.103 3.782 1.56239
6.408 17.787 5.648 1.17318
4.366 17.489 0.981 1.80050
4.735 15.852 1.449 1.59685
10.385 16.065 1.247 1.26689
5.663 16.146 1.808 2.13914
1.932 14.766 1.273 1.42867
9.920 16.411 1.268 1.84186
1.129 17.592 5.572 1.21399
7.345 15.667 4.532 1.14336
0.261 14.491 -0.219 2.05072
0.017 15.055 -0.877 2.33957
0.036 14.124 0.951 1.96266
0.000 14.549 -0.786 0.85163
1.724 17.925 2.907 1.61024
0.310 18.393 3.635 1.65056
7.905 12.743 3.443 1.21933
0.121 17.767 2.780 1.64360
0.000 18.667 1.793 1.45471
0.376 17.854 1.576 1.84767
0.131 15.444 -0.281 1.95406
0.746 17.235 3.658 1.11407
0.327 17.680 4.711 1.37457
0.371 18.666 4.429 1.33146
0.020 19.134 4.625 1.73038
0.488 19.558 5.430 1.29663
1.054 17.925 5.027 1.10440
0.180 17.215 3.969 1.05287
4.251 17.492 4.198 1.02665
4.176 16.673 4.101 1.78516
0.000 17.995 2.196 1.65024
3.598 18.347 2.741 1.13162
2.572 19.477 2.920 1.29254
0.164 18.070 4.009 0.78084
3.659 18.623 4.847 1.05252
2.948 17.630 3.980 1.27986
12.116 18.522 2.961 1.53460
5.360 18.670 4.245 1.16398
9.193 18.640 3.276 1.48141
0.000 17.941 1.151 1.80708
0.000 19.317 1.413 1.43270
0.516 18.115 1.147 2.13694
3.932 15.989 1.965 1.75057
2.697 16.835 0.061 2.23025
5.505 16.433 1.370 2.12343
0.600 15.556 -0.748 1.82264
3.984 13.559 0.654 2.30197
3.692 12.054 -1.601 1.32085
1.638 10.928 -0.319 2.04123
0.004 12.123 0.478 1.54687
5.471 15.993 2.172 0.92581
3.894 12.919 2.110 1.22046
0.000 16.224 0.910 1.50846
13.090 16.783 1.620 1.50638
3.225 15.184 -0.158 2.70267
0.055 13.257 0.408 1.67425
2.926 13.631 -1.791 1.24605
0.357 14.120 -3.545 1.66027
0.000 14.504 -1.921 1.62954
5.829 12.693 -3.653 1.98604
8.096 11.054 -1.841 1.04515
1.414 10.430 -5.237 1.43917
0.000 11.586 -5.429 1.91490
4.064 13.328 -3.508 2.38956
3.508 10.639 -2.985 1.18554
3.799 12.011 -2.462 1.13941
0.137 12.007 -0.643 1.01956
1.075 12.679 -0.972 0.94895
0.338 14.145 -0.361 1.12263
0.225 15.567 -0.953 1.19094
0.407 16.478 -0.928 1.50680
0.420 16.523 -1.487 1.83396
7.501 14.006 -0.123 1.93836
7.019 14.764 -0.551 1.76751
3.771 15.383 0.376 1.13556
4.411 15.181 0.259 1.12553
4.325 14.632 0.674 1.65801
0.380 12.682 -0.679 1.47327
0.483 13.867 -2.720 1.44443
1.112 15.596 -2.695 2.77066
5.476 13.551 -2.916 2.21525
2.898 12.402 -2.095 1.91369
4.127 12.091 -1.916 2.44972
1.043 11.250 -6.103 2.49755
0.000 10.332 -5.182 2.15651
3.038 10.799 -5.626 2.58125
1.651 12.038 -5.774 2.29247
0.157 8.011 -5.255 1.58816
13.940 7.930 -4.814 1.42896
0.779 9.986 -4.715 1.38371
3.088 7.976 -5.453 0.96782
0.954 4.694 -7.581 2.01969
0.391 5.285 -7.385 1.35852
0.000 6.423 -5.908 0.85413
0.035 8.145 -4.626 1.61617
2.123 8.027 -6.870 2.36175
1.554 4.389 -6.117 1.90285
1.268 7.730 -3.983 2.43463
1.310 5.993 -4.612 1.53336
0.000 5.370 -4.540 1.97035
0.150 6.183 -4.347 1.99008
0.344 7.353 -5.419 1.51385
0.966 9.135 -5.433 1.75674
0.051 7.748 -4.680 1.25401
0.000 6.924 -5.967 1.60200
0.000 6.212 -6.091 1.66404
0.000 6.390 -5.582 1.92313
1.401 5.904 -4.239 2.36882
1.074 6.311 -4.929 2.87173
1.726 7.206 -5.089 2.77590
0.304 6.609 -5.192 2.81864
0.081 6.983 -5.379 3.21564
0.781 5.473 -5.660 2.64739
0.135 5.291 -5.342 2.23007
0.616 3.217 -7.985 2.64750
0.000 3.092 -9.937 2.46329
0.000 7.427 -10.074 2.38660
0.000 6.817 -7.481 2.88996
0.000 1.553 -6.963 2.08525
0.000 1.898 -10.619 2.23423
0.000 -0.942 -14.565 2.11313
0.000 1.201 -14.760 3.02613
0.000 4.236 -13.104 3.41192
0.024 2.617 -8.996 2.15577
0.022 4.514 -9.436 2.85727
0.000 1.858 -13.569 2.30912
0.000 2.133 -14.034 2.24942
0.000 1.151 -14.578 2.78986
0.065 0.982 -14.923 2.43946
0.019 0.060 -14.905 2.09150
0.656 2.438 -10.696 1.85092
0.199 -0.208 -9.657 1.55006
0.134 -0.169 -12.587 2.10339
0.000 1.513 -13.032 2.95544
0.037 0.253 -16.567 3.47025
0.000 -5.146 -17.012 1.82497
0.000 -2.414 -13.937 1.84926
0.032 -0.922 -14.183 2.34418
0.070 -2.030 -15.273 2.24477
0.210 0.600 -15.430 4.17387
0.000 1.133 -14.803 3.04664
0.000 0.739 -14.976 2.66511
0.037 2.989 -15.224 3.25914
0.000 2.619 -14.618 3.78557
0.000 2.341 -15.046 3.43292
0.015 1.766 -15.293 3.52424
0.305 -0.545 -15.940 2.29311
0.000 -2.727 -18.729 1.97478
0.000 -4.503 -19.165 2.00025
0.000 -1.673 -17.442 1.75524
0.309 -2.911 -16.626 1.43556
0.000 -1.249 -17.151 2.83707
0.000 0.393 -17.117 3.27442
0.000 -0.590 -18.509 2.53066
0.000 -1.737 -18.978 2.32904
0.000 0.059 -18.884 2.77504
0.000 0.853 -18.351 2.89711
0.000 -0.092 -18.071 2.83119
0.058 -0.573 -19.093 3.61449
0.000 -4.549 -20.614 2.70551
0.000 -4.531 -21.066 2.64788
0.000 -6.229 -21.565 2.33493
0.000 -11.176 -25.723 4.96590
0.000 -4.429 -25.941 2.87850
0.000 -1.103 -19.575 3.41098
0.000 -3.120 -18.975 3.31014
0.000 -3.335 -18.930 3.77057
0.000 -7.660 -19.773 3.83340
0.000 -5.539 -19.285 2.76856
0.161 -5.639 -18.587 2.01417
0.000 -4.046 -19.967 3.69738
0.000 -6.835 -24.421 3.60164
0.000 -10.992 -24.842 1.93078
0.000 -6.161 -24.119 3.12842
0.000 -5.629 -20.549 2.59512
0.000 -3.749 -20.980 3.62714
0.000 -4.398 -21.031 3.45477
0.000 -0.145 -20.013 3.58449
0.000 -1.068 -18.573 4.71622
0.000 -5.005 -21.391 5.19079
0.000 -7.124 -21.687 4.96882
0.000 -5.607 -21.716 3.45022
0.000 -2.634 -21.968 4.38285
0.000 -1.496 -19.539 4.05679
0.000 -4.595 -20.244 4.66855
0.092 -3.984 -20.412 3.87303
0.000 -4.572 -15.457 3.33300
0.000 -6.953 -16.953 4.71899
0.000 -10.310 -23.119 3.39753
0.000 -9.068 -23.434 4.16725
0.000 -7.343 -21.724 3.82538
0.000 -3.729 -22.182 4.21679
0.000 -6.447 -22.602 3.02623
1.508 -4.824 -19.497 3.60290
1.406 -8.894 -19.367 1.82540
0.000 -9.903 -21.798 2.37194
0.000 -7.873 -21.076 3.37129
0.000 -12.570 -22.640 2.30092
0.000 -12.205 -23.550 4.81501
0.000 -7.077 -21.924 3.05600
0.000 -6.711 -18.302 3.32429
0.000 -5.880 -22.346 3.63713
0.000 -4.913 -22.578 3.98250
0.000 -4.806 -21.179 4.98885
0.431 -5.404 -21.065 4.56753
0.000 -9.659 -22.466 4.24284
0.000 -7.460 -22.385 4.09508
0.000 -6.185 -22.091 3.96942
0.000 -4.600 -22.248 2.44388
0.117 -5.660 -20.914 2.45125
0.000 -5.234 -21.835 3.33254
0.000 -5.175 -22.123 3.63265
0.000 -1.209 -21.169 4.08583
0.015 1.092 -19.314 4.20352
0.000 1.119 -18.191 3.58342
0.000 0.248 -16.965 4.23239
0.238 0.281 -16.679 4.12250
0.000 0.860 -17.460 4.57365
0.000 -3.319 -17.919 2.27228
0.000 -1.035 -15.777 4.17866
0.000 -1.884 -16.335 3.08232
0.815 -3.015 -17.294 3.75765
0.200 1.099 -17.421 3.43050
1.764 1.899 -13.164 4.80056
0.352 0.517 -12.205 4.62122
0.443 -0.030 -15.271 4.40676
0.071 -2.796 -15.502 4.50507
0.101 -5.330 -19.099 2.91319
0.000 -2.994 -19.279 3.47094
0.034 -1.469 -16.114 3.56545
0.047 -5.502 -17.968 3.03956
0.000 -3.727 -19.741 2.07775
0.000 0.423 -19.809 3.14519
0.000 -0.137 -13.888 4.23853
0.613 -1.763 -14.748 4.06906
1.969 -3.080 -14.889 4.63678
0.211 -1.873 -15.602 4.65215
0.015 -4.840 -18.790 4.53875
0.000 -0.532 -17.509 3.57536
0.000 -0.671 -17.035 4.40117
0.016 1.524 -16.574 3.64919
0.090 0.691 -13.557 4.88708
0.045 0.073 -17.043 5.53495
0.004 0.307 -16.998 3.93392
0.001 0.073 -14.310 3.77981
0.164 0.956 -13.238 4.17125
0.000 1.736 -12.293 2.24005
0.806 -0.624 -12.954 3.70378
0.000 -2.141 -12.826 2.31271
0.999 -1.906 -16.292 4.13910
0.000 -1.085 -18.964 5.15427
0.000 -7.001 -21.712 4.05781
0.000 -5.218 -21.466 3.49885
0.386 2.436 -19.158 2.44130
0.100 1.955 -12.796 4.14956
0.076 2.588 -10.971 6.43038
0.000 1.738 -10.488 6.25799
0.650 1.881 -9.687 6.80299
0.000 -2.094 -15.310 5.36823
1.694 1.445 -13.200 5.29913
0.398 -0.184 -15.053 5.03020
0.000 1.152 -14.343 3.99317
0.000 -0.156 -13.506 2.99676
0.000 -0.059 -14.149 4.30403
0.180 1.500 -13.799 1.44232
0.004 3.998 -11.207 2.62042
0.000 3.617 -10.775 2.80034
0.513 3.993 -9.723 3.00488
1.283 4.145 -8.031 2.97338
0.830 4.889 -5.744 2.56570
0.915 5.545 -6.802 3.99821
0.028 5.933 -5.469 4.21007
0.705 6.757 -5.165 5.09733
1.020 2.818 -6.262 4.32120
1.052 2.519 -8.255 4.31010
0.345 0.086 -8.111 3.26977
0.000 2.863 -10.100 3.04244
0.020 4.162 -9.327 3.48374
0.031 3.885 -7.177 2.94628
1.045 3.761 -5.843 1.57029
0.000 6.510 -6.105 1.50858
3.047 9.392 -5.968 3.05995
4.853 5.017 -6.071 2.60115
1.296 4.775 -5.506 1.78365
0.129 4.326 -8.294 2.37805
0.635 8.126 -6.344 2.72978
0.628 12.775 -4.874 3.49328
0.119 10.109 -4.010 4.32931
3.096 7.761 -5.537 2.53565
0.585 7.110 -6.510 2.62218
1.750 2.607 -5.505 2.90639
0.684 2.239 -5.849 4.47637
0.439 1.558 -8.533 3.28404
0.000 5.183 -6.822 1.98088
0.000 7.754 -5.288 1.89714
0.214 8.927 -3.553 1.11967
0.350 9.483 -5.185 1.41693
0.283 11.302 -4.734 2.31027
0.974 13.579 -4.676 3.01515
10.485 6.685 -4.985 2.77798
1.056 7.840 -5.490 1.44385
0.114 5.828 -7.135 3.08124
0.025 9.945 -5.834 2.46711
2.350 12.840 -3.287 2.93324
0.315 14.234 -5.191 2.96279
0.086 15.609 -1.951 3.65426
7.924 13.369 -3.348 3.86758
7.314 12.241 -4.945 3.10581
0.241 10.824 -3.617 1.21237
0.011 13.810 -3.030 2.80915
4.604 9.102 -4.123 2.66587
0.085 13.837 -2.404 2.71472
7.883 10.022 -4.583 2.56853
0.016 5.495 -7.826 2.84994
0.000 8.386 -5.970 1.70803
1.528 11.359 -4.966 1.67255
2.144 12.938 -4.222 1.42102
0.890 13.902 -2.711 2.43458
0.380 12.723 -3.423 1.85833
0.435 10.599 -5.595 3.38951
0.861 14.193 -1.375 2.59856
10.109 13.485 -5.214 4.17321
0.537 7.450 -6.110 2.15771
0.140 12.282 -5.281 2.95249
0.072 13.394 -3.477 2.11597
2.590 15.702 -2.989 2.79273
1.400 15.715 -1.557 2.75701
4.850 12.447 -4.518 1.89409
6.076 8.963 -3.792 2.72458
3.662 9.369 -2.866 2.51317
2.740 12.284 -3.152 2.48006
2.484 13.444 -2.434 2.81588
0.445 14.265 -2.593 2.29618
4.519 11.499 -3.227 1.29149
1.657 7.568 -1.645 1.59275
0.531 8.235 -3.990 1.49057
5.461 13.963 -2.056 2.74764
1.893 14.211 -4.692 3.50194
6.391 10.172 -2.509 1.67959
5.941 11.329 -3.191 2.83172
4.956 10.023 -2.139 2.42689
4.970 13.349 -2.524 2.71034
0.000 13.959 -1.740 2.63158
3.775 15.694 0.426 1.72463
8.667 14.635 1.093 2.69680
2.446 10.909 -0.771 1.57336
0.074 13.942 -1.450 1.14526
11.099 15.917 0.503 2.20905
3.495 17.213 2.377 2.50434
5.096 17.201 3.200 2.62230
3.216 17.100 1.841 2.23616
0.000 15.704 -0.790 2.19719
0.000 15.496 2.177 1.40710
7.347 12.676 0.352 1.89372
1.018 14.733 -1.914 2.51470
1.570 11.661 -0.420 1.79769
0.000 14.578 -1.136 1.31230
6.234 16.706 1.080 1.92459
3.614 14.962 1.520 2.24819
1.323 16.075 2.134 2.60455
2.512 17.278 2.033 2.78458
4.970 16.174 2.768 1.80589
9.880 17.265 4.268 1.33008
1.707 17.271 3.358 1.09600
17.032 17.918 2.790 2.37919
5.140 15.274 -1.135 2.56657
1.034 13.236 -0.361 1.77149
6.191 15.802 0.742 1.82366
2.386 13.821 1.777 1.52565
7.422 15.598 1.293 2.32662
10.548 15.295 1.098 1.90815
0.340 14.420 0.333 2.54908
1.200 10.550 -1.600 2.64988
0.210 10.995 -1.176 1.60220
0.000 13.080 -0.724 1.08990
0.000 14.673 -0.570 1.15740
1.991 12.215 -0.288 2.08776
0.411 14.764 1.137 2.02224
0.000 16.006 2.685 1.68169
0.141 15.215 1.616 1.20928
0.000 16.426 1.753 1.58294
6.139 15.548 1.870 2.33372
0.358 16.882 2.642 2.33463
0.000 16.760 1.684 1.97023
5.137 17.114 2.504 0.88305
8.571 16.297 2.886 1.52346
32.716 15.698 0.060 3.01258
10.001 14.540 1.831 1.52989
2.539 15.498 1.967 1.30909
12.766 17.452 0.933 1.81874
1.875 15.465 1.256 1.32398
2.988 15.194 3.104 1.69629
16.493 17.005 2.234 2.11516
10.087 14.864 -0.963 2.50045
0.870 11.621 -3.203 2.01310
0.291 11.113 -0.883 1.35950
0.519 13.700 0.334 1.32116
0.000 14.069 -0.961 1.30872
0.000 14.472 -1.194 1.19415
0.000 15.939 0.882 1.13323
0.577 15.486 0.299 1.29567
2.955 14.968 -0.936 1.70554
0.000 16.623 -1.345 2.03089
1.504 16.312 0.015 1.71158
3.317 15.616 2.652 1.28432
4.675 14.508 1.062 0.86344
3.639 16.065 0.623 2.25853
5.351 15.540 0.709 2.16002
10.368 16.180 0.237 1.69039
0.589 16.302 -0.126 1.88477
5.156 15.544 2.005 0.95437
3.604 15.282 -1.444 1.59993
0.074 13.923 -1.559 1.79388
2.388 12.322 -3.492 1.02619
0.000 11.770 -3.495 1.19071
0.045 11.976 -3.426 1.59795
0.000 13.488 -2.421 1.74907
0.000 14.579 -0.263 1.08489
0.164 13.343 -1.066 1.15633
0.000 16.150 0.108 1.21027
0.122 15.970 0.425 0.86980
0.964 18.407 0.802 1.36465
0.786 18.529 1.166 1.28110
14.590 18.748 0.767 1.44180
0.070 17.642 0.583 1.48662
0.015 17.377 -1.481 2.08493
1.741 16.548 0.433 1.89793
9.706 13.099 -1.482 1.78053
0.000 13.185 -4.109 1.86718
0.000 13.470 -3.113 2.24201
0.000 15.805 -2.566 1.78520
2.755 15.850 -5.389 2.84351
0.421 13.029 -4.005 0.99285
3.543 9.551 -4.735 1.69894
0.015 11.948 -4.472 1.64118
0.000 13.943 -3.995 1.77835
2.940 15.722 -2.030 1.94590
4.582 15.654 0.456 2.00249
5.467 13.311 0.987 2.33130
3.420 13.147 0.406 1.44764
10.552 14.367 0.556 1.97912
7.819 13.462 -0.276 1.23424
16.313 13.646 -0.757 1.65517
7.231 13.118 -0.334 1.36836
0.773 12.498 -0.463 1.04920
3.561 12.103 -1.117 1.38454
0.365 12.220 -0.584 1.43486
3.971 10.968 -1.452 1.60134
3.439 10.817 -6.049 1.66867
0.575 7.048 -5.406 1.40518
0.077 6.700 -3.926 1.14562
1.245 9.704 -3.583 1.70488
1.671 9.216 -4.147 2.29987
4.297 3.078 -4.324 3.10571
0.996 4.538 -7.681 1.80706
0.080 4.360 -7.441 1.10662
0.016 6.953 -6.449 1.89307
0.051 9.563 -5.394 1.40633
1.277 11.156 -4.887 2.21582
1.835 8.692 -4.281 1.34686
1.554 8.772 -3.759 1.91820
0.421 9.307 -3.878 1.87641
0.000 9.382 -5.571 2.28575
0.000 8.750 -6.946 3.03677
0.000 6.743 -6.902 2.59531
1.046 8.875 -5.556 2.25276
3.280 8.943 -6.286 2.45256
2.356 8.547 -6.108 1.37442
1.062 5.389 -4.848 1.64774
2.173 5.739 -5.073 2.06465
0.084 4.782 -6.540 2.05863
0.996 6.865 -6.550 2.04803
5.803 4.161 -3.631 1.95907
0.792 4.957 -7.599 2.46395
0.000 3.546 -8.235 2.25565
0.076 5.863 -8.237 2.92202
0.539 4.336 -5.653 2.60507
0.184 2.181 -11.096 2.29512
0.000 0.165 -13.066 2.80524
0.000 1.497 -13.110 1.99945
0.004 2.984 -11.546 2.36621
1.039 2.099 -10.786 1.80778
0.568 3.212 -11.046 1.99665
0.000 0.020 -9.443 2.05494
0.000 -2.376 -10.572 1.14834
0.000 -1.000 -13.109 2.02425
0.000 0.631 -13.345 1.39872
0.178 1.516 -10.779 2.38073
0.000 -2.151 -11.411 2.63715
0.000 -6.454 -17.861 2.03963
0.000 -2.443 -18.137 2.22381
0.000 2.710 -18.108 2.12073
0.000 5.272 -14.861 3.01658
0.657 6.176 -12.491 2.27760
0.000 0.841 -11.657 2.09012
0.000 3.438 -11.833 2.65791
0.000 -0.177 -12.506 2.01279
0.000 -0.445 -15.560 2.11010
0.000 -0.256 -15.747 2.49766
0.000 -3.283 -16.758 2.83459
0.000 -4.444 -16.682 3.68457
0.000 0.509 -16.922 3.70399
0.000 2.498 -14.741 3.26365
0.000 -0.054 -14.959 3.39475
0.000 0.695 -15.380 2.35285
0.000 2.812 -15.445 2.58774
0.000 2.885 -14.507 2.37461
0.000 2.894 -15.526 2.85728
0.000 2.879 -15.834 2.65650
0.000 2.465 -15.834 3.35525
0.000 2.202 -16.225 3.53058
0.000 1.432 -17.353 2.50241
0.000 -0.772 -19.151 3.61463
0.000 -3.824 -19.486 3.36371
0.000 1.496 -18.118 3.47795
0.001 0.923 -15.684 2.92897
0.000 -0.598 -17.617 4.11939
0.000 2.932 -17.858 4.68422
0.000 4.077 -12.957 3.79615
0.000 0.950 -13.834 3.89081
0.072 -0.325 -17.076 4.37696
0.000 0.441 -17.384 2.87355
0.000 -0.962 -12.435 2.24746
0.006 -5.151 -18.765 2.72896
0.000 -4.123 -19.726 2.78090
0.000 -2.692 -20.020 3.70736
0.000 -4.812 -20.305 3.08635
0.000 -3.009 -19.098 2.01330
0.000 -3.191 -20.546 4.11317
0.000 -6.047 -21.219 3.91915
0.000 -2.388 -21.525 2.86239
0.000 -2.477 -18.937 4.02503
0.000 0.461 -19.366 3.81995
0.000 -0.728 -19.965 3.95076
0.000 0.055 -20.292 4.33391
0.000 -0.986 -19.533 3.32666
0.000 -0.823 -18.262 3.85488
0.000 -2.341 -19.265 3.53292
0.000 -5.272 -18.850 2.12073
0.000 -3.804 -15.039 2.92812
0.000 -3.477 -19.780 3.71413
0.000 -1.762 -20.056 3.09459
0.000 -1.992 -19.451 3.18438
0.000 1.325 -19.169 3.70781
0.000 1.279 -16.489 4.01380
4.720 -0.597 -14.550 3.48697
0.035 -4.446 -14.654 2.65843
0.000 -8.215 -18.680 2.54267
0.000 -7.364 -19.415 3.52600
0.000 -7.159 -17.344 3.20707
0.420 -6.133 -17.521 3.07193
0.000 -7.302 -17.324 4.15864
0.020 -5.291 -16.206 3.88190
0.000 -6.364 -14.705 3.48979
0.000 -6.579 -15.317 2.89533
0.000 -8.862 -18.193 3.46173
0.000 -10.641 -25.844 4.68402
0.106 -11.572 -25.992 3.65042
0.000 -7.813 -23.628 5.16723
0.021 -5.339 -21.025 3.96686
0.000 -7.136 -18.055 4.14283
0.000 -8.480 -20.396 4.71894
0.000 -7.022 -20.931 5.38701
0.000 -8.356 -19.244 4.40213
0.065 -10.736 -21.769 4.82783
0.000 -8.468 -22.112 4.60588
0.000 -6.115 -23.521 4.84709
0.000 -6.385 -23.784 3.64896
0.000 -3.498 -22.786 4.14364
0.000 -3.328 -22.271 3.75606
0.000 -7.005 -21.598 4.66860
0.000 -5.884 -21.875 4.11813
0.000 -6.480 -24.228 4.23595
0.000 -6.481 -24.579 2.54026
0.000 -2.963 -21.834 3.16136
0.000 -2.235 -22.828 2.82950
0.000 -7.462 -23.119 3.82889
0.000 -4.611 -21.135 3.76898
0.000 -1.097 -21.354 4.07201
0.000 -2.447 -18.073 5.11355
0.000 -3.208 -19.125 5.00202
0.000 -0.505 -19.248 5.89450
0.008 2.397 -15.123 7.32276
3.065 -0.336 -15.582 5.85559
0.004 -5.318 -16.832 3.91762
0.085 -6.474 -17.767 4.53657
0.000 -5.882 -18.155 4.30688
0.000 -4.745 -17.244 4.30703
0.001 -3.789 -13.900 5.66350
0.376 -1.502 -14.396 5.44032
0.019 -0.252 -14.564 6.24594
0.000 -2.712 -19.683 4.90352
0.000 -3.326 -19.909 4.29530
0.000 -1.729 -18.464 4.29910
0.000 -2.314 -18.615 3.20579
0.001 -1.480 -14.719 4.43931
0.000 -0.382 -14.893 6.03100
0.000 1.096 -15.751 5.93901
0.000 2.256 -15.917 5.80365
0.325 0.347 -15.312 5.25157
0.123 -1.501 -17.779 4.18495
0.004 0.122 -17.886 4.74087
0.050 -1.564 -12.439 3.32489
0.001 -3.609 -14.994 3.37059
0.000 -4.351 -16.535 3.28457
0.000 -5.904 -19.171 2.96826
0.000 -5.272 -19.179 3.28436
0.006 -4.639 -18.461 4.81515
0.029 2.004 -15.614 5.58657
0.170 1.167 -10.120 4.36506
0.646 -1.194 -12.749 3.33899
0.146 -1.758 -17.313 4.99619
0.000 -1.971 -17.787 4.76195
0.000 -1.218 -17.600 4.52608
0.225 -0.972 -17.693 4.71425
0.000 -0.782 -17.510 4.65620
0.000 1.592 -14.676 3.55282
0.010 -3.255 -11.903 3.92363
0.000 -3.608 -15.831 3.27310
0.005 -5.610 -22.202 4.28668
0.091 -0.455 -21.855 3.23046
0.000 -0.550 -16.943 3.27403
0.074 2.662 -16.460 3.39139
0.000 4.988 -12.078 5.12635
0.066 4.089 -11.145 5.35917
0.004 3.226 -11.953 4.42163
0.009 3.535 -11.532 4.09589
0.313 4.993 -8.818 3.60293
0.000 4.312 -9.274 3.19878
1.192 6.331 -8.650 3.09804
0.216 2.079 -11.018 3.39610
0.980 6.856 -10.320 3.93158
1.857 0.809 -13.298 3.61915
0.000 -1.174 -17.437 3.81521
0.072 2.815 -16.417 3.02081
0.291 5.047 -10.835 4.42651
0.281 8.821 -9.591 2.86698
1.038 9.649 -4.484 3.40078
3.576 3.637 -5.656 2.31816
0.723 1.805 -6.857 2.22421
0.936 3.936 -7.040 3.29714
1.025 -0.717 -7.618 2.86962
0.836 3.407 -9.079 3.51573
0.036 2.574 -8.053 4.08385
0.649 6.562 -7.660 4.20572
2.947 8.602 -6.447 3.10456
0.368 1.819 -6.388 1.75280
0.791 5.604 -6.125 4.12748
1.205 7.449 -5.954 4.15907
5.940 4.430 -7.087 2.87122
0.866 2.158 -9.950 3.53532
1.046 2.178 -9.319 3.33240
0.111 2.234 -9.307 2.38755
0.000 2.190 -9.671 3.73160
0.095 2.737 -9.004 2.67501
0.515 8.688 -7.171 3.60067
4.537 6.399 -2.850 2.35664
0.003 6.450 -5.926 3.16418
0.343 5.058 -8.331 2.86616
0.000 5.002 -6.633 1.35798
0.000 7.408 -5.823 2.31101
2.366 7.512 -5.252 2.76268
3.899 6.448 -4.554 1.61665
0.252 7.433 -4.997 2.92843
2.463 6.844 -3.824 1.51251
1.751 5.821 -5.877 2.13524
2.021 3.652 -6.344 2.63565
0.376 4.166 -4.599 1.57324
1.271 5.995 -5.687 1.48376
2.696 8.765 -4.961 2.47434
0.858 8.468 -5.644 2.67548
0.477 9.224 -4.290 2.48363
0.734 10.631 -3.610 1.83299
0.911 13.068 -2.589 2.05596
0.369 13.238 -3.035 2.28342
0.333 11.028 -6.718 1.97255
1.114 10.081 -4.574 1.88761
6.136 8.672 -4.402 2.44712
1.004 8.148 -5.355 1.81612
2.065 7.205 -4.352 1.35340
1.884 9.672 -4.865 1.78728
1.520 9.962 -6.189 3.13507
0.411 12.421 -3.033 1.70089
1.035 16.121 -4.156 2.86775
0.514 15.266 -1.839 3.36468
1.101 13.964 -2.059 1.90857
0.785 15.262 -2.174 2.83938
3.588 16.001 -2.569 2.79269
0.005 16.234 -4.402 2.88298
0.375 13.627 -3.552 2.96945
0.024 17.387 -2.468 2.96569
1.293 17.271 -1.986 3.48889
0.497 15.926 -4.272 2.72965
0.702 14.888 -0.767 1.19334
0.084 14.551 -1.842 1.66686
0.000 14.603 -0.724 2.69231
2.477 16.456 0.452 1.72473
10.221 14.442 -0.246 1.92895
4.358 14.503 -1.126 1.26176
4.674 12.493 -4.514 2.05839
1.416 12.169 -2.398 1.59429
0.603 14.131 -2.529 1.98525
1.153 11.699 -1.325 2.18088
7.220 16.442 0.696 1.84372
9.993 14.848 1.612 1.68354
12.159 16.262 0.893 1.95095
3.056 16.972 0.184 2.53046
2.667 15.314 -0.381 1.67014
0.258 17.889 -0.790 2.95942
1.884 17.124 -0.492 2.44109
3.341 13.620 -0.325 1.56552
3.005 17.598 0.548 1.74721
1.073 16.049 1.219 1.19124
1.042 14.559 0.365 1.42584
6.046 14.410 0.900 1.07585
5.910 12.535 -1.310 1.30883
0.015 14.418 0.527 1.55735
6.780 15.559 1.198 1.00117
13.792 16.600 0.600 2.04042
11.691 16.699 0.862 2.16658
1.010 16.784 1.911 1.30676
14.821 15.519 0.238 2.16188
9.229 15.576 1.791 1.46975
0.292 17.878 3.900 1.23436
0.536 16.089 2.749 1.08846
5.464 16.748 3.708 1.38258
7.151 16.602 3.187 1.13015
2.865 16.487 3.204 1.58781
0.379 14.983 -0.949 2.44646
0.000 14.925 0.292 1.55571
6.705 16.366 1.223 2.69571
6.404 14.396 1.753 1.48701
4.998 15.482 2.253 2.33893
10.250 15.727 2.215 1.70268
9.941 12.718 3.647 1.05081
3.453 16.375 3.353 1.56721
3.339 16.924 0.366 1.97757
0.000 16.142 1.028 1.69862
20.746 15.718 1.278 2.28137
10.830 15.227 1.922 1.87198
5.483 16.880 2.451 1.96368
0.059 16.598 3.688 1.36612
9.576 16.551 3.818 1.73575
3.685 15.881 2.268 2.27514
16.586 16.440 2.656 1.90048
6.634 16.761 1.800 2.45669
7.949 16.235 3.393 1.92371
2.884 12.257 1.618 2.03857
0.186 14.753 0.838 1.34746
1.016 14.979 2.337 1.58206
8.236 16.660 3.973 1.98226
19.125 16.045 4.106 1.98428
0.467 16.399 4.926 0.97407
0.000 16.900 2.537 1.97010
1.521 17.860 5.006 1.68157
5.400 17.100 2.275 1.51028
0.000 15.187 0.605 2.22967
0.444 13.403 0.755 1.86193
0.000 13.347 0.780 1.57993
0.000 15.588 0.476 1.04805
0.058 16.633 1.726 1.83248
1.666 16.558 2.593 1.33358
6.058 15.288 4.587 1.07502
3.889 16.010 4.828 1.30974
0.560 16.453 2.498 1.63069
0.902 16.962 4.495 1.06210
14.789 16.174 2.177 1.29683
0.008 16.391 1.207 1.88242
0.100 17.251 0.014 1.79173
0.409 17.473 2.359 1.44540
0.015 17.002 2.346 1.50808
3.815 16.750 3.305 1.31311
13.279 16.173 3.516 0.99437
12.232 15.383 3.219 1.09857
0.185 15.312 2.182 1.71251
0.119 14.657 -0.389 1.47364
5.759 9.575 -1.950 2.58563
1.546 8.443 -2.803 2.12410
1.242 12.924 -1.542 1.40496
1.359 11.872 -1.704 1.25745
0.000 13.254 -1.337 0.92256
0.000 14.380 -0.700 1.15747
1.583 15.589 1.888 1.42803
0.996 14.814 1.000 1.58952
5.796 14.698 2.050 1.61456
4.136 16.126 0.741 2.48507
1.808 15.252 -1.799 2.55427
3.244 13.748 -4.068 2.43039
0.000 10.404 -4.316 2.00867
0.000 10.405 -2.785 1.06996
0.856 11.348 -2.339 0.88001
0.000 11.843 -2.186 1.22727
0.000 13.619 -3.076 1.15527
1.079 15.237 -0.575 1.72369
5.622 12.057 0.266 1.13118
4.247 14.531 0.655 1.43832
1.361 15.467 1.058 1.89468
0.935 14.393 -1.089 1.76142
7.629 11.739 -4.870 2.32133
0.131 10.563 -4.935 1.76245
0.052 11.343 -3.684 1.62301
0.191 13.280 -1.618 1.09159
4.935 10.619 -4.467 1.71366
0.233 11.813 -2.848 1.30399
0.317 12.029 -1.504 0.98852
0.688 12.460 -1.231 1.10007
0.834 14.268 -1.261 2.05893
2.035 13.792 -0.760 1.61392
1.966 13.188 -1.718 2.04456
0.064 13.040 -4.001 2.24029
3.160 11.459 -2.879 1.68406
0.583 11.748 -4.217 2.35403
0.704 9.520 -3.615 0.99554
0.673 11.176 -2.153 1.07272
1.179 11.892 -2.646 1.42288
0.364 12.784 -3.216 1.35624
0.281 13.822 -3.010 1.99609
0.781 13.462 -3.950 1.88659
2.885 14.324 -3.387 2.00446
0.534 12.955 -3.812 1.58359
0.324 11.968 -5.400 3.12573
0.480 8.984 -5.545 1.65886
12.329 9.605 -4.737 2.00567
4.325 9.359 -3.418 2.13950
2.319 9.091 -3.806 2.15636
0.478 7.555 -4.723 1.69905
3.386 9.806 -4.631 1.80592
3.245 7.451 -3.409 1.93789
1.629 8.108 -5.221 2.15202
1.244 5.865 -6.009 1.95452
0.557 5.362 -5.161 2.51116
0.410 5.698 -4.248 2.99877
0.043 3.370 -8.243 2.71468
0.135 3.556 -8.081 1.61261
0.102 4.911 -4.804 3.17276
1.051 3.831 -6.145 2.38012
0.024 4.338 -6.214 2.49332
0.000 5.165 -5.365 2.36600
0.144 6.572 -5.384 2.26410
0.309 7.773 -5.429 2.55494
2.210 5.083 -6.570 2.89809
0.835 3.474 -7.801 2.23943
0.055 0.366 -10.824 2.81952
0.000 1.442 -10.946 1.31998
0.031 2.222 -7.339 2.30017
0.000 1.711 -11.394 2.67136
0.001 1.163 -12.499 1.76661
0.021 1.392 -12.541 1.77062
0.015 1.229 -12.658 3.71290
0.000 1.633 -12.930 3.01845
0.000 0.465 -14.986 3.88068
0.000 0.716 -15.124 1.59914
0.053 4.942 -10.632 2.59893
0.020 5.085 -10.931 2.14050
0.005 4.448 -11.034 3.18552
0.000 1.588 -12.244 2.94156
0.000 1.725 -14.107 3.13224
0.000 -1.639 -16.854 3.57940
0.000 0.001 -16.997 1.64580
0.000 -2.227 -14.168 1.70698
0.074 -1.290 -14.241 1.09123
0.000 -0.124 -12.539 1.78621
0.088 0.577 -14.031 2.72239
0.000 -4.148 -19.165 3.15195
0.000 -2.490 -19.383 2.13274
0.000 1.715 -18.546 2.56961
0.000 3.068 -11.800 3.65458
0.115 1.260 -12.846 4.22150
0.000 0.376 -15.424 5.00578
0.000 1.952 -15.529 4.60512
0.000 -1.817 -11.713 4.26875
0.004 1.611 -11.247 4.34373
0.029 -1.052 -13.670 5.03150
0.000 -6.527 -17.470 3.09764
0.152 -3.083 -17.930 2.92104
0.004 -3.168 -15.860 4.18413
0.000 -1.396 -16.438 4.10485
0.000 -2.760 -13.791 2.32642
0.038 -2.266 -18.477 4.64346
0.000 -4.443 -18.949 3.30680
0.000 -4.249 -19.102 3.52185
0.000 -0.324 -17.288 4.00774
0.000 -4.442 -20.055 3.75181
0.000 -0.522 -20.361 4.33988
0.000 -3.405 -20.317 3.34335
0.000 0.074 -15.570 2.42464
0.000 -1.255 -15.849 2.26468
0.001 -1.791 -17.312 2.48469
0.023 -3.420 -17.757 3.15829
0.000 -1.733 -15.356 2.74247
0.000 -2.752 -17.630 4.12902
0.000 -2.897 -18.092 3.31953
0.000 -3.936 -16.565 3.19096
0.015 -4.034 -16.545 4.17185
0.000 -0.159 -14.909 4.93248
0.000 -3.208 -19.960 5.15629
0.007 0.834 -20.213 4.20493
0.000 -1.264 -17.152 4.93892
0.000 -3.312 -19.404 5.92703
0.000 -6.547 -22.300 4.50888
0.000 -8.898 -23.745 3.79507
0.213 -4.519 -23.899 3.17376
0.000 -1.197 -21.117 3.31454
0.154 -4.715 -20.223 2.34838
0.000 -7.586 -20.693 3.60178
0.107 -2.881 -20.372 4.27023
0.000 -1.190 -14.130 4.79228
0.000 -4.781 -17.437 2.42872
0.000 -2.875 -19.041 3.11845
0.000 -5.708 -22.867 2.90793
0.078 -1.785 -23.076 4.68196
0.000 1.704 -14.076 4.16429
0.040 -2.076 -17.565 3.67480
0.000 -4.219 -18.267 4.71153
0.000 -4.243 -18.623 3.73795
0.000 -5.417 -18.629 4.08567
0.000 -5.166 -18.136 2.35643
0.000 -9.420 -22.701 2.90802
0.000 -6.883 -23.023 3.02812
0.129 -10.034 -20.434 1.36712
0.110 -9.871 -23.810 2.42296
0.272 -5.151 -24.092 3.71070
0.072 -1.640 -16.917 3.12353
0.000 -3.029 -18.801 3.34858
0.459 -1.170 -18.969 3.79663
0.000 -2.024 -19.344 3.72268
0.000 -1.834 -19.480 3.56200
0.000 1.258 -17.338 4.01953
1.468 -0.041 -12.801 5.33044
0.000 -5.972 -16.317 3.90855
0.055 -8.223 -23.329 4.51697
0.000 -6.994 -23.650 2.88364
0.000 -5.040 -20.138 2.74451
0.089 -4.418 -20.132 1.86235
0.000 -7.623 -22.582 3.56759
0.000 -5.513 -22.827 2.28908
0.000 -4.705 -22.244 3.98518
0.000 -2.874 -22.339 3.50965
0.025 -4.334 -17.392 3.20837
0.006 -4.117 -18.374 3.65581
0.000 -1.169 -18.691 3.82707
0.000 -3.463 -14.635 1.88494
0.000 -4.052 -19.253 2.63176
0.000 -2.029 -19.419 2.88419
0.000 -1.309 -16.419 3.76686
0.000 3.122 -14.585 3.35501
0.345 2.017 -13.048 4.71548
0.000 1.500 -14.421 4.47812
0.000 -1.797 -16.141 4.92277
0.000 -4.183 -18.313 3.79287
0.000 -0.566 -18.411 4.84216
0.000 -1.779 -17.378 4.83702
0.000 0.358 -17.602 5.38563
0.391 -2.304 -15.224 5.56384
0.000 -4.269 -19.373 4.96816
0.001 -0.945 -19.471 4.70213
0.000 1.217 -12.282 6.23839
0.189 2.645 -12.528 5.84983
0.000 -4.600 -17.480 3.41508
0.000 -3.310 -17.468 3.59865
0.003 -4.057 -13.367 1.82209
0.016 -3.355 -18.614 3.16131
0.000 1.511 -18.663 2.97655
0.000 1.362 -13.706 3.44606
0.000 1.853 -13.580 3.08904
0.081 0.956 -15.719 3.19234
0.101 2.440 -15.770 4.37047
0.120 3.623 -15.288 4.68596
0.000 3.277 -15.244 5.91737
0.000 1.522 -16.066 4.97447
0.136 0.709 -16.126 2.90807
0.000 1.261 -15.781 1.68417
0.000 1.611 -15.809 2.40996
0.000 5.055 -13.133 3.58574
0.000 0.782 -9.692 1.65393
0.072 1.947 -11.420 1.03837
0.000 3.961 -11.398 2.61021
0.159 6.293 -8.261 3.40909
0.000 5.107 -8.125 3.79548
0.516 3.351 -11.691 2.45743
0.081 3.295 -11.604 2.93919
0.000 4.526 -9.176 3.29845
0.443 5.301 -8.924 2.98200
0.324 5.097 -5.851 3.72977
0.033 4.740 -8.959 3.85565
0.490 3.558 -8.577 3.51396
0.000 -2.455 -12.157 2.74290
0.000 0.645 -11.857 2.16169
0.001 2.428 -11.741 3.57236
0.529 3.647 -11.460 2.81498
0.146 0.989 -12.829 1.93776
0.245 4.277 -11.379 3.55802
0.000 5.069 -7.370 4.49867
0.050 4.252 -7.364 3.07062
0.449 0.052 -7.196 2.60562
0.661 2.892 -11.217 3.42639
0.239 4.839 -10.592 2.11276
2.298 2.162 -5.855 1.42001
0.837 1.432 -5.039 1.74954
0.529 1.706 -5.382 2.03392
1.592 1.332 -6.636 2.27688
0.724 5.693 -7.061 3.95791
0.615 6.864 -5.943 4.43280
0.138 3.652 -9.479 4.83037
0.000 1.676 -9.035 2.96744
0.000 0.596 -8.811 2.90312
0.105 -0.011 -8.753 3.86190
0.277 4.138 -7.927 3.71063
0.000 4.880 -5.989 3.25936
1.806 6.382 -7.380 4.39206
0.001 2.774 -7.305 2.40652
0.251 2.724 -6.792 2.24472
0.000 5.313 -5.645 1.99289
2.290 6.499 -5.723 2.90006
0.000 5.708 -6.520 2.71179
0.000 6.178 -5.921 1.48364
0.170 8.505 -4.784 3.60851
0.169 6.663 -5.310 2.60322
0.000 7.418 -6.454 2.30851
0.070 8.833 -5.560 2.38241
0.820 7.583 -5.313 3.40139
1.477 6.057 -5.780 2.27114
8.093 2.900 -6.661 1.48137
0.000 6.251 -6.054 1.80129
0.106 6.716 -5.621 1.44997
1.275 11.264 -4.013 2.82115
2.739 11.626 -4.908 2.34487
0.746 12.408 -4.345 3.67607
2.425 12.648 -2.514 2.90354
2.850 13.655 -4.373 2.49963
5.485 12.384 -2.494 2.50946
5.378 10.994 -3.669 2.26797
2.698 5.742 -5.130 3.36303
0.839 8.289 -5.658 3.30812
0.961 9.661 -4.443 2.02318
4.494 9.198 -5.010 1.91651
0.831 6.962 -5.814 2.08653
1.429 5.987 -5.859 2.88922
0.046 5.783 -6.445 1.82817
4.467 5.092 -5.993 1.63368
1.207 5.007 -4.898 1.43504
8.395 7.756 -3.190 1.88194
2.560 10.779 -4.241 2.35820
2.729 8.920 -4.290 2.35561
2.357 9.974 -2.335 1.65834
1.616 7.052 -5.972 2.56435
1.477 6.976 -3.947 2.27498
2.598 3.848 -6.627 1.55344
0.764 9.450 -4.382 3.35059
0.475 12.633 -1.420 1.78597
1.596 13.616 -2.220 2.50744
3.365 14.470 -3.413 2.46742
1.446 13.229 -1.533 2.35353
3.512 6.874 -5.977 2.83638
0.160 14.376 -2.728 2.71087
0.000 19.155 -1.579 4.00973
1.244 18.703 -0.009 4.73513
3.843 17.408 0.051 3.11281
8.312 14.845 -0.967 1.75631
8.556 13.096 -0.873 2.75049
8.332 11.680 -2.100 1.59894
0.653 10.837 -1.099 0.97487
0.716 15.184 0.799 1.16770
0.028 15.300 0.279 1.17137
3.753 16.324 0.963 1.82630
1.580 13.552 -0.188 1.14761
2.959 15.767 0.465 1.28064
3.970 16.326 -0.060 2.34832
0.137 14.725 -5.874 2.74357
0.000 10.057 -8.008 3.76989
0.000 11.637 -3.399 1.87051
0.000 16.117 -1.257 1.84639
1.904 19.104 2.109 1.84649
16.870 16.818 0.133 2.55135
8.781 16.792 1.243 2.36259
3.752 18.516 1.203 2.55850
0.000 19.120 0.008 2.30198
0.996 17.291 1.878 1.71689
2.257 18.241 1.160 1.89214
8.750 17.637 2.237 1.87909
2.850 18.588 5.041 1.02747
0.449 17.197 1.898 1.72920
0.346 15.271 2.861 2.08393
1.905 17.212 -0.948 2.03973
0.308 13.629 0.213 1.60839
1.212 13.929 -0.727 1.83672
0.834 12.995 0.690 1.04994
2.166 16.852 0.550 0.97949
8.419 14.981 1.476 2.82495
3.624 16.566 2.697 0.99410
1.631 17.239 2.473 1.69248
1.684 15.807 3.218 1.61886
2.061 18.156 4.479 1.47507
4.424 18.943 5.444 1.31162
3.136 16.874 2.249 2.24603
0.122 17.840 3.311 1.90569
7.462 18.055 5.461 1.80997
9.020 13.224 2.127 1.72485
11.435 16.681 2.079 2.19629
6.707 15.228 2.833 1.55158
7.586 17.207 3.572 1.28017
3.165 16.484 2.982 1.35025
4.773 17.301 5.184 0.93670
4.867 17.575 4.323 0.94601
14.355 17.211 5.361 1.30534
0.571 11.118 2.034 1.90438
21.911 16.764 2.041 2.27296
2.073 14.671 0.546 1.44264
0.893 14.007 -0.492 2.19724
0.050 15.684 2.374 1.08254
7.955 15.764 1.097 1.22560
0.174 14.854 -0.323 2.38859
0.059 15.058 1.924 2.26455
7.518 15.740 3.181 2.34981
10.297 16.211 1.503 1.68788
4.835 16.870 2.896 1.68861
4.931 16.542 2.979 1.54924
10.569 16.156 0.386 1.25151
0.627 13.159 -1.913 1.98009
0.105 12.810 0.217 1.40966
0.000 13.726 0.522 0.84000
0.045 14.992 0.430 1.06349
0.508 15.104 -1.254 0.89782
0.040 13.969 -0.994 1.40344
0.166 16.172 1.195 0.90811
1.195 15.466 0.990 0.88290
1.080 15.722 1.901 1.25952
4.320 13.963 -2.257 2.39451
0.025 11.170 -0.926 1.72018
0.000 13.578 0.487 1.20428
0.201 14.676 1.773 0.98029
1.049 13.780 -0.654 1.35250
0.000 15.209 -0.888 1.28105
0.000 15.994 -0.966 1.57439
0.000 17.002 0.910 1.63365
0.000 18.602 2.722 1.48422
0.000 18.475 3.095 1.71413
0.015 18.064 2.571 1.41179
2.160 17.158 1.966 1.75364
0.000 17.981 3.088 1.81603
0.000 17.861 3.164 1.65368
0.945 18.070 1.142 1.68566
0.000 16.051 2.247 1.60822
0.257 16.511 1.465 1.45713
1.686 15.927 2.408 1.52302
1.048 15.315 4.002 1.42426
0.038 16.926 1.206 1.69494
2.696 17.822 2.171 2.18366
11.366 15.275 1.628 1.51567
1.111 14.583 1.459 1.08223
0.920 12.025 1.808 0.99308
0.684 16.416 1.948 0.86635
17.515 16.993 1.620 1.30778
9.300 15.284 1.417 1.70877
11.324 12.972 1.458 0.89901
5.764 14.645 0.450 1.30405
9.592 12.587 -3.775 2.06083
2.945 11.942 -2.096 1.44842
8.686 12.195 -3.579 1.89572
1.385 8.953 -3.428 1.67720
0.812 8.820 -4.690 1.37378
0.415 10.776 -5.256 1.74814
0.000 10.334 -3.392 1.18951
0.122 9.606 -4.700 1.54730
0.000 10.896 -4.447 1.41754
0.000 14.104 -3.763 1.89179
1.063 13.384 -3.268 2.22590
2.644 13.096 -2.795 1.76769
3.653 12.041 -2.994 1.87424
1.160 13.052 -1.725 1.88166
1.272 12.608 -1.370 0.85799
3.984 13.192 -0.290 1.79726
3.319 11.914 -0.784 1.23717
2.547 13.756 -1.332 2.16584
0.455 13.338 -3.179 1.74800
2.026 12.478 -3.503 1.22475
0.965 11.437 -2.877 1.38923
3.207 9.400 -3.337 1.42474
2.471 7.862 -7.024 2.72471
0.126 9.745 -6.111 1.76465
0.070 12.177 -4.291 1.44189
5.715 11.822 -4.508 2.94980
0.595 8.352 -3.941 1.22414
4.027 6.845 -3.971 0.84209
3.976 8.935 -3.859 1.58144
3.184 7.120 -5.176 1.51812
3.285 7.356 -5.855 1.36426
0.674 8.701 -5.840 1.63054
2.015 5.422 -6.095 0.99630
0.000 7.488 -5.882 2.11642
0.026 8.299 -5.651 1.42230
0.000 11.858 -5.542 1.65898
0.000 12.107 -3.330 1.10899
0.000 12.476 -4.955 2.12445
0.034 11.436 -4.943 2.02205
2.250 11.676 -4.997 2.58327
4.386 5.705 -4.567 1.24720
2.016 10.558 -3.383 2.73625
0.129 8.903 -3.226 1.32677
1.346 10.645 -3.514 1.53437
3.257 7.242 -3.552 1.13922
3.105 6.088 -6.722 2.60628
0.035 -0.154 -7.526 2.48857
0.896 -1.547 -9.274 2.21264
0.000 -4.349 -12.957 1.63834
0.124 0.020 -15.231 2.08951
0.000 4.073 -15.252 2.16094
0.399 3.131 -10.809 1.57826
0.132 1.375 -10.539 2.78580
0.412 2.539 -10.487 1.88658
0.071 -0.376 -9.656 1.81957
0.000 -1.168 -13.977 2.08384
0.106 1.132 -14.354 2.55271
0.000 -1.186 -14.608 2.33185
0.000 -0.067 -12.518 1.85673
0.210 -1.189 -12.294 1.24331
0.157 -0.727 -10.053 1.89939
0.000 -2.529 -15.651 2.03963
0.000 0.572 -15.963 3.09316
0.000 3.115 -14.200 2.37568
0.001 2.571 -10.880 3.74695
0.000 2.273 -11.497 3.98463
0.000 3.184 -12.416 3.55467
0.000 1.527 -12.677 2.62259
0.000 -1.046 -14.934 2.51359
0.000 1.590 -15.065 3.80963
0.000 -0.047 -13.111 3.81608
0.000 0.909 -12.451 3.01820
0.000 1.194 -16.134 2.87354
0.000 -0.154 -16.407 2.41439
0.000 1.091 -15.417 2.28840
0.000 1.327 -13.328 1.43270
0.214 -1.292 -16.177 2.55384
0.100 -0.505 -16.331 1.79046
0.000 1.627 -14.574 3.11897
0.684 1.693 -14.759 4.24990
0.000 -6.900 -21.792 4.50912
0.085 -0.505 -21.875 3.88052
0.000 0.333 -14.784 3.57662
0.657 0.456 -13.332 3.06543
0.000 -0.191 -15.837 2.90527
0.000 3.416 -15.960 3.53052
0.204 1.545 -16.869 3.10629
0.070 -2.820 -17.456 2.87753
0.000 -2.276 -17.934 1.65829
0.000 -1.594 -18.288 2.10404
0.180 1.499 -16.329 2.61144
0.000 -0.858 -17.313 4.02015
0.000 -1.874 -18.492 2.57340
0.000 -1.221 -18.837 2.58926
0.000 -1.500 -17.317 3.10715
0.000 -2.373 -17.540 2.75586
0.000 -1.434 -17.287 2.72502
0.000 -4.445 -18.274 2.02187
0.000 -4.711 -18.610 3.37945
0.000 -5.562 -19.099 3.05448
0.000 -4.451 -18.239 2.62528
0.000 -13.116 -24.539 3.06644
0.155 -11.579 -24.867 1.90645
0.000 -7.434 -24.950 1.95176
0.000 -4.711 -22.219 2.26900
0.029 -4.544 -18.048 1.99040
0.000 -2.464 -16.484 2.46361
0.000 -7.841 -19.833 2.05430
0.000 -5.564 -20.186 3.32564
0.000 -3.899 -17.701 4.53166
0.000 -2.975 -18.094 4.54091
0.000 -1.023 -17.549 5.59010
0.000 0.428 -14.697 6.13443
0.000 -1.277 -17.913 4.83117
0.000 0.820 -18.208 4.34870
0.000 -0.800 -17.620 4.80572
0.215 -3.480 -19.317 4.62118
0.000 -3.686 -19.621 3.56346
0.000 -1.937 -19.662 3.60950
0.015 -1.817 -17.872 3.57777
0.000 -4.101 -18.883 4.22835
0.000 -5.060 -19.449 3.40065
0.169 1.473 -18.991 3.03879
0.000 -2.629 -14.892 3.79968
0.000 -4.973 -15.793 3.93699
0.000 -7.678 -19.973 4.05214
0.192 -5.600 -19.734 3.93867
0.657 -2.701 -19.457 4.11085
0.000 -3.709 -15.876 4.48676
0.000 -5.355 -17.425 4.05004
0.002 -9.463 -23.659 3.83775
0.586 -4.529 -23.734 3.32510
0.000 -2.393 -15.090 2.67028
0.000 -2.086 -17.057 3.97617
0.000 -4.712 -19.355 2.71260
0.161 -3.126 -19.544 2.39279
0.000 -0.200 -15.604 3.33889
0.011 -5.001 -20.919 3.03262
0.076 -7.027 -21.740 3.37857
0.000 -1.636 -21.977 3.22135
0.000 0.960 -19.836 2.63093
0.000 1.441 -15.828 4.39769
0.000 -1.682 -16.610 3.18943
0.000 -1.165 -20.189 3.66130
0.000 -2.099 -20.290 3.43871
0.046 -3.053 -13.008 2.79656
0.000 -5.162 -21.091 3.79564
0.000 -2.749 -21.259 3.01905
0.329 -1.954 -18.710 2.88012
0.000 -1.525 -18.909 3.22114
0.000 -0.881 -18.741 2.71675
0.000 0.596 -18.580 3.08741
0.000 2.387 -18.599 3.24340
0.000 1.356 -15.626 5.14324
0.031 -0.001 -14.781 4.08876
0.389 -4.518 -18.818 5.77672
0.000 -1.770 -18.826 4.18012
0.059 -2.836 -15.156 4.77160
0.000 -3.062 -15.989 4.46464
0.000 -1.445 -16.070 4.60203
0.000 -1.185 -16.362 4.33585
0.000 -7.433 -20.526 4.59369
0.000 -2.412 -20.742 4.42262
0.000 -2.119 -15.645 5.13467
0.425 -0.555 -10.438 6.44267
0.000 -3.691 -12.876 4.09659
0.056 -10.314 -26.140 4.40036
0.000 -10.909 -26.292 4.05906
0.000 -3.779 -24.524 3.72882
0.000 -4.478 -18.113 4.00835
0.000 -2.709 -19.789 4.01559
0.000 -1.431 -19.702 3.83273
0.000 -1.672 -17.105 3.66528
0.000 -1.525 -18.388 3.89897
0.137 -0.107 -18.424 4.16835
0.001 1.237 -12.354 4.09441
0.000 0.214 -11.718 4.89355
0.715 -0.715 -13.164 5.28628
0.000 -0.385 -12.911 4.25855
0.775 -1.687 -11.743 4.98655
0.000 -2.976 -13.528 5.54441
0.000 -0.164 -13.748 3.92336
1.164 -3.746 -16.193 3.04991
0.009 -3.090 -16.222 3.95315
0.173 -4.726 -19.193 3.76088
0.004 -2.421 -18.996 3.73301
0.014 -1.578 -16.132 3.78717
0.000 0.585 -15.873 3.64236
0.000 0.973 -15.665 3.37042
0.000 1.325 -15.415 2.54040
0.600 -0.586 -16.746 4.25511
0.234 1.878 -17.981 3.96718
0.000 3.387 -17.601 2.48926
0.029 6.524 -13.102 3.46710
0.450 6.230 -9.774 3.62253
0.043 6.880 -9.199 2.81131
0.172 3.133 -5.835 2.70975
0.186 -0.018 -7.332 2.25340
0.059 -0.012 -12.411 1.97324
0.140 1.667 -11.746 2.12701
0.090 1.895 -10.290 2.17745
0.164 1.008 -11.551 3.17439
0.089 3.655 -10.752 2.44656
0.414 4.509 -8.074 4.35842
0.931 3.648 -10.374 4.34432
0.167 5.546 -8.218 3.57372
0.305 6.266 -6.991 4.91212
0.246 5.519 -5.911 3.23844
1.216 0.027 -8.214 1.89590
0.243 3.420 -7.291 4.28009
1.164 3.744 -7.218 2.90956
0.565 4.681 -6.178 2.93250
0.414 1.848 -11.432 3.38836
0.000 3.978 -9.973 2.46159
0.202 7.719 -5.477 2.75883
0.033 8.938 -5.666 2.44404
0.123 9.682 -5.859 2.78519
0.294 8.514 -4.813 3.09543
0.089 8.167 -5.409 3.38353
0.035 2.883 -7.864 3.47405
0.203 5.377 -6.108 2.66554
0.046 4.652 -6.778 3.41586
0.073 4.669 -5.935 3.02280
1.156 4.290 -7.845 4.45623
1.374 6.766 -6.475 3.59380
0.000 5.427 -6.716 3.84866
0.122 7.003 -5.860 4.46375
0.472 10.438 -4.467 4.42747
0.344 8.758 -3.482 4.62081
0.307 8.656 -3.584 3.93793
1.190 9.329 -4.490 3.90101
0.883 8.660 -4.673 2.98603
3.673 5.014 -5.744 3.52178
0.234 5.058 -7.599 2.08090
0.465 9.487 -5.190 2.90619
0.569 9.975 -5.197 2.89799
0.566 2.984 -7.465 2.83126
0.593 5.835 -6.500 2.23783
0.312 11.902 -7.136 3.37745
0.384 10.983 -5.099 2.69432
0.064 9.910 -4.753 2.15698
2.594 5.544 -5.753 1.94245
0.427 8.548 -6.678 2.13401
0.001 10.034 -3.167 2.60061
3.988 10.292 -5.022 1.99408
0.929 5.715 -5.724 1.80386
1.871 11.032 -5.510 2.78560
0.146 7.487 -7.184 3.40507
0.103 7.529 -4.677 3.75306
0.211 10.732 -4.781 3.37135
0.641 11.107 -3.432 3.62992
1.886 14.022 -5.934 3.47736
1.938 10.708 -3.756 1.65896
4.454 12.818 -3.726 4.58752
0.810 11.128 -3.859 3.53673
0.836 13.385 -4.193 3.18264
0.057 12.614 -6.599 3.85602
0.183 15.664 -3.344 3.97805
0.613 16.548 -3.105 4.66083
1.884 16.980 -1.854 3.73472
2.277 15.113 -2.801 3.97765
0.000 15.271 -3.021 2.78302
0.109 15.226 -1.961 3.01963
0.348 15.262 -0.641 3.21877
5.457 10.643 -2.036 1.30953
6.644 12.009 -1.580 2.67502
2.624 10.420 -1.054 1.24114
2.060 13.988 -3.081 2.81587
0.491 9.894 -4.776 1.92227
0.404 15.246 -2.081 1.76853
0.000 18.414 -0.337 2.23984
0.565 18.542 -0.365 2.47907
0.000 18.256 2.116 1.50015
4.936 18.073 -0.346 2.14250
8.919 19.186 -1.307 2.53359
3.381 15.556 0.253 1.40553
15.926 16.141 0.842 1.54549
0.539 17.859 1.079 1.86060
3.370 17.540 1.391 1.50030
3.723 16.768 1.651 1.40861
7.952 17.647 -0.604 1.75836
21.689 14.826 -3.625 2.02422
16.296 11.500 -4.852 2.12332
8.220 12.354 -2.251 1.91964
2.189 7.410 -2.493 2.45151
0.341 11.834 -3.527 1.05413
0.096 14.658 -2.422 1.74585
1.859 16.567 -0.839 2.54219
10.580 14.999 -0.783 1.64671
13.306 13.633 0.938 1.49641
14.214 14.296 -0.109 2.53991
23.274 14.962 0.905 1.30044
6.113 14.856 1.072 1.60473
5.007 15.473 0.801 1.92669
3.324 15.757 2.417 2.48168
2.911 16.256 1.979 1.68694
2.848 15.839 0.792 1.60559
2.102 13.149 0.173 1.77318
6.050 12.375 -1.870 2.11460
1.476 11.388 -1.349 1.39566
0.000 13.003 -0.744 1.33483
0.834 14.592 -1.291 1.30340
0.001 15.175 0.358 1.25310
8.340 15.468 1.185 2.12883
3.761 17.310 2.184 1.54841
2.216 17.072 4.038 0.98108
1.995 16.592 4.010 1.12539
19.839 14.867 3.451 2.07054
9.006 15.732 1.646 2.17378
0.699 15.796 2.792 1.84856
0.245 16.743 -0.911 1.88555
0.149 14.022 -0.031 2.04113
1.340 14.485 1.529 1.43402
0.000 11.867 2.090 1.57947
0.119 14.695 1.028 1.65643
2.175 15.096 2.332 1.46249
9.674 14.390 1.476 2.74107
0.221 16.856 1.519 2.05308
8.089 17.127 3.693 1.38342
3.846 17.094 2.453 1.75828
0.083 18.084 3.651 1.64934
3.536 17.538 1.193 1.98772
0.309 11.954 -1.401 2.30609
0.000 14.413 1.125 1.84963
5.122 12.451 -0.198 1.76034
3.242 13.661 -0.036 2.16102
0.000 15.709 1.950 1.19507
0.665 15.482 3.110 0.99728
4.259 15.226 1.512 1.65279
1.723 16.913 1.711 1.77737
0.322 16.591 2.604 1.44586
3.700 14.374 3.397 1.53902
5.983 16.917 3.957 1.87671
18.708 15.775 2.570 0.97106
4.315 17.333 3.004 1.80505
17.769 15.419 3.307 1.09915
3.209 16.114 3.346 0.94764
24.186 15.616 2.921 0.98044
9.150 15.874 2.873 0.89256
11.259 16.324 3.268 1.42310
2.209 15.956 2.866 1.20801
0.850 13.521 -1.885 2.16792
0.210 13.156 -2.155 1.39351
0.000 13.146 -0.758 1.06842
0.001 10.642 -0.563 1.96029
0.894 10.312 0.548 1.22000
4.224 8.944 -0.602 1.55764
6.297 15.490 -0.185 2.00795
0.000 15.017 1.012 1.67900
12.930 14.931 1.813 1.66677
7.870 14.067 -1.267 1.96493
6.130 8.956 -1.106 2.10706
0.827 10.459 -3.676 1.53067
1.191 12.036 -1.300 1.24336
2.131 9.648 -2.134 1.46520
1.477 11.270 -3.826 1.63388
0.290 10.794 -1.699 1.10680
0.746 11.178 -2.049 1.47232
1.662 13.319 -0.874 1.46943
5.799 13.154 0.053 1.53969
4.321 11.641 -0.543 0.92206
5.291 12.879 -1.600 2.14961
4.052 10.542 -0.619 1.42735
1.011 9.093 -0.941 1.25371
0.448 13.366 -0.976 1.62899
0.396 12.803 -0.357 1.60847
2.754 15.317 1.189 1.37641
7.290 15.271 2.118 1.50502
4.645 14.622 0.556 1.44143
3.291 14.814 2.273 1.29736
0.607 12.012 1.876 1.44630
11.976 14.237 0.666 1.92411
5.500 12.277 -0.135 1.35290
4.750 13.657 0.000 1.29007
4.942 14.053 -0.487 1.85722
9.440 14.712 -1.191 2.50299
5.796 13.137 -0.451 2.39732
2.775 10.696 -2.334 1.36209
0.090 10.563 -3.009 1.19659
0.000 11.736 -2.193 1.13561
0.000 12.743 -0.885 0.89194
2.866 11.086 -1.318 1.58332
8.151 11.209 -0.476 1.04047
4.679 9.911 -4.962 1.54458
0.000 7.999 -5.282 1.34580
3.516 8.450 -4.301 1.26277
2.831 8.863 -3.107 0.79360
3.812 8.043 -4.307 1.42943
0.406 7.443 -6.770 2.82475
0.135 7.406 -6.069 1.37297
0.175 9.013 -4.192 1.38526
0.618 6.153 -6.712 2.10722
0.000 7.187 -6.262 1.24261
0.072 8.901 -4.909 1.48975
0.051 6.919 -5.934 1.88029
0.086 4.450 -5.552 1.72658
0.000 7.562 -4.742 1.10157
2.307 8.835 -3.129 1.61548
1.669 5.455 -4.412 1.18960
0.140 7.619 -4.069 1.76041
0.070 9.737 -3.643 1.73316
0.245 9.549 -4.054 1.78888
1.069 8.317 -3.437 2.30855
0.535 9.634 -4.126 2.67524
0.026 9.538 -3.940 1.74495
1.934 8.758 -3.143 1.44882
0.454 10.365 -4.445 3.17365
0.089 8.715 -4.469 2.28591
0.965 7.947 -4.479 2.84242
1.073 5.335 -4.483 2.21068
1.264 2.243 -7.225 2.33833
0.000 4.047 -7.178 2.07923
0.013 4.381 -5.845 1.83975
0.186 1.457 -8.621 1.40781
0.259 2.511 -11.923 1.91061
0.074 3.934 -12.043 1.49731
0.014 5.739 -7.250 1.78617
0.025 1.564 -7.638 1.77602
0.000 3.487 -9.265 2.10327
0.347 1.916 -9.481 1.71666
0.297 2.442 -9.346 1.91608
0.384 3.157 -9.670 2.74135
0.521 3.951 -8.382 3.62892
0.000 2.793 -8.722 2.27343
0.138 2.605 -11.915 2.10679
0.151 2.815 -12.267 2.08858
0.080 1.005 -9.556 2.87186
0.210 -2.353 -8.395 1.21590
0.216 -1.236 -13.472 2.20571
0.038 1.160 -13.773 3.34507
0.000 5.193 -11.520 4.53251
0.000 5.913 -11.462 3.69637
0.000 3.592 -10.719 3.86771
0.000 3.802 -11.097 3.89266
0.023 1.490 -13.637 2.89055
0.000 1.476 -14.027 3.70032
0.000 1.094 -13.990 3.18580
0.003 2.541 -14.175 2.37175
0.174 3.894 -13.896 3.65295
0.000 1.813 -15.048 2.57251
0.000 -0.907 -15.607 3.00019
0.194 1.769 -14.989 2.34849
0.001 1.364 -14.594 3.36044
0.024 1.505 -15.420 3.76578
0.000 0.074 -15.852 2.10299
0.149 0.366 -16.007 4.31486
0.000 -4.445 -17.643 3.48757
0.030 0.088 -17.920 3.02110
0.133 -3.212 -15.462 2.71115
0.000 -1.246 -15.330 2.98908
0.135 -0.449 -15.329 4.06416
0.000 -0.949 -16.685 3.14832
0.000 -0.144 -17.244 3.45437
0.000 1.861 -16.789 3.68933
0.000 2.528 -16.772 3.90481
0.000 1.055 -14.972 2.70101
0.000 2.431 -15.861 3.52409
0.000 3.360 -16.291 3.14691
0.000 0.966 -16.566 3.53868
0.000 0.813 -15.746 3.58956
0.000 2.399 -15.945 4.76859
0.000 0.636 -15.687 4.61533
0.000 -1.065 -17.789 4.58426
0.177 -2.416 -19.716 4.67129
0.000 -1.110 -19.930 3.52989
0.000 0.041 -18.293 3.78203
0.000 1.828 -12.696 3.91045
0.183 -1.603 -12.064 3.08707
0.106 -2.755 -12.773 3.39395
0.000 -7.973 -23.005 2.66719
0.000 -9.494 -23.285 3.12861
0.000 -5.439 -22.669 3.80979
0.000 -4.912 -20.809 4.12017
0.070 -1.241 -20.972 2.44291
0.000 -4.325 -21.049 4.39063
0.001 -3.730 -21.126 3.23000
0.000 -6.107 -19.799 3.20237
0.000 -2.295 -19.535 3.45128
0.000 -1.969 -18.868 3.51006
0.000 -7.524 -19.755 2.76837
0.000 -9.548 -22.368 1.86403
0.000 -4.886 -22.605 3.52150
0.000 -1.960 -18.248 3.06155
0.000 -0.004 -18.511 2.47193
0.000 -1.108 -17.632 3.11156
0.000 -0.609 -13.465 2.48341
0.000 1.728 -13.022 3.12842
1.210 -0.650 -13.214 2.86823
0.000 -8.257 -20.440 4.27666
0.000 -8.176 -21.192 2.83297
0.000 -9.044 -16.205 2.26284
0.000 -11.548 -22.533 2.35592
0.000 -9.855 -24.679 1.46619
0.000 -9.271 -25.073 2.21519
0.000 -7.868 -25.034 2.52117
0.000 -5.441 -24.178 1.96311
0.000 -3.867 -20.878 2.06715
0.000 -3.593 -16.993 2.52147
0.001 -3.851 -19.323 2.50996
0.000 -5.794 -19.803 2.59969
0.000 -9.830 -21.422 2.39296
0.000 -8.049 -23.104 1.84331
0.000 -7.543 -23.482 3.25808
0.000 -7.564 -23.803 3.81407
0.000 -3.823 -23.963 2.99769
0.000 -2.435 -19.621 3.46536
0.123 -0.875 -17.281 4.44328
0.000 -3.266 -20.156 4.21781
0.000 -1.894 -20.261 4.13223
0.000 -0.639 -18.684 4.11572
0.000 -0.626 -14.427 4.10505
0.354 -2.308 -17.103 4.68789
0.000 -4.672 -17.308 3.30549
0.000 -6.578 -21.049 4.09261
0.000 -8.904 -21.677 3.41636
0.025 -8.424 -21.418 3.83053
0.000 -3.747 -21.479 3.78306
0.260 -3.045 -15.662 3.17024
0.000 -3.649 -20.743 4.93259
0.000 -3.767 -21.113 3.58308
0.000 -2.735 -20.333 4.27984
0.000 -0.856 -20.537 3.12501
0.000 -2.391 -17.198 4.23778
0.000 -2.311 -19.493 3.47149
0.000 -4.791 -21.584 3.17980
0.000 -3.733 -21.767 2.64409
0.045 -2.640 -19.988 1.83410
0.000 -2.906 -19.850 1.88415
0.000 -3.754 -20.036 2.76595
0.000 -4.754 -20.371 3.18387
0.000 -3.153 -20.758 3.05143
0.000 -0.461 -18.371 3.18084
0.000 -1.051 -15.243 2.60880
0.034 -2.226 -19.315 3.99199
0.000 -2.204 -19.367 4.79181
0.015 -4.333 -19.251 3.45113
0.000 -1.248 -19.439 4.43077
0.000 1.455 -15.034 4.13154
0.021 3.266 -12.780 5.51145
0.261 3.906 -11.611 5.04175
0.550 4.288 -8.983 5.47690
0.559 1.434 -11.129 5.54807
0.063 1.437 -11.212 5.54956
0.301 3.580 -10.699 5.22402
0.605 5.117 -10.659 5.10306
0.150 1.117 -9.988 4.56309
0.000 -1.680 -10.704 5.01881
0.000 -2.203 -13.022 4.82051
0.551 -1.840 -12.989 2.98674
0.171 -0.903 -14.773 4.90344
0.000 1.162 -14.669 2.86206
0.660 2.878 -13.741 4.23484
0.000 -0.113 -17.398 5.13455
0.000 0.462 -17.185 3.86071
0.000 4.122 -14.950 4.88141
0.000 3.919 -12.694 3.49495
0.149 3.827 -11.590 4.84965
0.115 3.507 -11.188 4.11885
2.066 5.328 -9.090 4.34852
0.000 1.182 -10.112 3.86154
0.000 1.447 -10.078 4.51020
0.705 -2.766 -15.113 2.63783
0.001 -3.035 -17.734 3.68091
0.000 2.925 -17.039 4.43471
0.000 1.308 -12.155 3.97856
0.000 2.618 -12.621 2.49622
0.090 3.743 -12.325 2.34717
0.000 6.929 -10.607 2.47376
0.974 8.473 -6.444 3.26865
0.000 6.150 -5.599 2.03773
0.000 5.630 -5.551 3.76340
0.345 10.529 -4.999 3.70793
0.315 11.304 -5.017 3.51984
1.123 8.596 -6.000 4.32381
0.052 3.952 -6.259 1.94126
1.025 6.042 -5.477 3.95605
0.022 7.169 -3.901 5.45903
0.200 6.210 -5.527 3.70206
1.514 4.274 -5.396 4.46790
0.934 2.221 -6.947 2.23788
0.000 2.174 -8.124 2.65180
2.369 3.481 -7.822 2.45669
0.001 -0.037 -7.312 2.25426
0.090 1.759 -8.930 3.66792
0.065 -2.295 -8.044 2.21890
0.000 1.156 -7.486 1.24278
1.890 4.358 -6.982 3.53977
0.000 4.853 -6.865 3.49113
0.657 9.632 -4.544 2.29374
3.890 5.367 -5.134 2.26125
8.114 9.360 -4.281 3.96858
0.762 1.456 -6.917 2.92182
0.226 4.557 -6.538 4.58607
1.529 9.810 -5.446 4.07859
1.745 7.728 -6.126 3.14598
2.592 6.195 -6.806 2.52782
0.000 4.823 -6.790 2.70952
0.031 2.534 -6.415 1.43496
0.000 3.923 -6.102 1.83121
0.000 5.755 -5.937 1.06883
0.828 7.652 -4.836 1.58955
1.040 9.835 -5.039 1.72024
0.155 10.515 -3.856 3.22408
0.000 3.435 -7.112 2.72892
0.981 8.266 -5.747 1.76660
1.322 10.520 -5.146 3.64389
1.510 9.387 -4.519 3.03201
1.734 10.123 -5.207 4.59340
0.651 6.868 -4.420 4.40059
0.000 8.729 -6.282 3.28124
0.009 7.799 -5.951 3.74292
1.307 9.495 -6.762 2.76551
1.009 11.239 -3.621 2.52129
0.038 11.588 -6.134 3.60259
0.622 11.304 -2.876 0.91624
0.045 13.873 -4.879 1.42799
0.940 16.028 -2.304 3.04488
1.976 14.072 -2.356 1.75351
0.942 12.600 -2.480 1.63800
4.434 8.746 -2.729 2.24419
0.415 4.532 -5.535 2.30912
0.035 10.998 -3.763 1.26236
2.888 15.936 -2.529 2.44969
3.951 14.537 -2.433 2.30689
4.044 8.163 -4.008 1.68991
5.791 7.241 -2.772 0.97333
3.701 7.278 -2.780 0.87693
0.610 10.905 -4.338 2.37127
1.337 9.839 -4.431 1.90385
2.385 13.065 -3.557 1.75952
7.534 11.357 -3.383 2.60966
2.524 7.856 -5.553 2.00383
0.336 12.824 -5.311 2.16434
2.205 14.156 -3.596 2.76167
0.505 1.848 -1.535 3.10724
4.925 14.813 -2.937 2.64871
0.000 15.122 -2.754 2.89447
0.999 14.285 -4.246 2.15110
4.545 13.326 -1.373 1.19693
2.382 18.144 -1.855 2.70439
3.809 14.642 -1.492 1.88991
7.039 12.174 -2.462 2.32268
2.566 10.637 -1.008 1.54787
0.000 12.524 -2.652 1.77568
0.000 12.239 0.274 1.48180
7.964 13.276 -1.796 2.16202
7.505 10.621 -1.343 1.41912
1.865 13.322 -2.134 2.18096
6.044 11.493 -1.701 1.50887
0.865 14.529 -1.283 3.24347
5.236 14.116 0.140 1.83875
0.437 13.637 -1.108 1.08464
4.167 14.547 -0.464 1.85919
1.211 14.795 -1.749 1.95976
0.000 14.071 -0.835 1.42666
7.580 14.105 0.538 2.22645
6.174 14.504 0.108 2.85946
9.679 13.264 0.243 2.41606
0.000 15.478 1.438 1.49136
3.069 16.804 3.252 1.76137
0.954 18.701 1.715 2.34473
0.000 19.065 1.516 2.37787
0.000 18.716 2.082 2.20151
2.287 18.037 3.342 1.77148
6.398 17.213 5.100 1.05853
5.205 17.109 3.109 1.28999
9.614 17.467 2.849 1.96979
1.507 16.649 -0.200 2.29879
0.000 12.490 -3.399 2.29487
0.000 13.145 -1.622 1.38173
0.000 15.270 -0.799 1.26237
5.204 15.589 1.547 1.84707
9.727 13.032 -2.393 2.17078
0.000 13.536 -1.256 1.58121
0.000 15.563 0.157 1.47682
10.035 18.495 1.874 2.25975
3.509 16.247 2.453 2.15638
3.373 16.534 -0.920 2.23590
0.164 12.411 -2.244 1.69177
0.891 10.797 -3.750 1.61516
0.226 11.034 -1.643 1.76881
0.049 12.565 -1.590 1.19559
0.068 13.351 -0.592 1.49982
0.214 13.873 -0.761 0.84305
1.088 13.969 -0.133 0.70967
0.000 15.238 -1.521 1.92504
0.176 16.678 -2.719 1.74386
0.000 15.098 -2.554 1.87964
0.000 15.341 -0.698 1.80189
0.567 17.122 0.165 1.32347
0.000 17.896 1.790 1.87877
0.154 18.620 2.428 1.60296
0.552 19.554 2.920 1.93834
0.683 17.479 3.151 1.43995
0.991 18.348 0.662 2.09454
0.008 18.514 1.151 2.52256
0.000 20.105 2.680 2.43038
1.345 20.717 3.627 1.21118
6.255 20.225 3.171 1.03119
0.256 18.463 2.494 1.50948
8.561 18.406 3.225 0.87784
10.453 14.401 -0.617 1.78126
1.801 15.210 -1.059 1.84602
1.475 15.118 -2.574 1.72451
0.000 16.020 0.972 1.48169
0.381 15.238 0.906 0.87262
0.000 18.274 0.885 1.10619
0.000 19.700 3.715 1.55183
8.169 13.723 1.156 1.61367
0.000 15.000 1.408 1.89072
10.079 18.561 -0.518 2.24378
8.474 16.935 -0.543 2.21829
8.073 16.581 -1.846 2.44223
4.775 11.547 -2.155 2.61342
2.084 8.541 -5.048 2.38899
0.142 8.893 -3.631 1.42806
0.374 11.336 -4.095 0.94804
0.105 14.261 -1.905 0.94806
6.709 13.929 -0.637 1.45711
0.000 15.426 0.728 2.29343
0.496 14.889 0.405 0.98238
1.050 16.797 -0.037 1.58586
0.440 13.654 0.166 1.89988
0.022 15.291 0.486 1.31957
2.964 14.569 -0.319 1.18282
3.438 15.311 -1.553 1.71343
0.041 14.537 0.147 0.92390
1.749 15.189 -0.284 1.40988
3.934 14.423 -0.635 2.09952
0.095 14.320 0.290 1.67826
2.448 15.980 -1.075 1.21689
0.143 16.763 1.351 1.15163
3.325 14.718 0.727 1.48755
1.904 15.799 0.479 1.94918
1.208 16.595 0.427 1.77383
2.033 16.487 1.944 1.37856
8.258 15.205 0.651 1.35233
1.790 14.516 -0.933 1.21699
8.219 13.463 -0.618 1.18821
1.781 12.423 -1.913 1.45408
0.139 13.727 -1.745 1.79771
1.979 14.031 -0.376 1.63967
17.282 12.540 -0.995 1.53433
3.003 11.160 -1.848 1.35355
10.898 14.898 -2.799 1.89317
0.844 13.993 -2.730 1.62345
5.029 14.276 -1.927 2.83561
4.879 13.263 -4.432 2.99328
0.000 14.787 -3.763 1.89261
13.389 14.732 0.028 3.16525
1.942 14.162 -1.402 1.93996
1.825 16.445 -1.746 3.00293
0.081 15.911 -1.821 3.33608
0.000 16.710 -2.259 3.12829
0.000 15.518 -3.104 2.64135
0.000 15.887 -4.266 2.21748
0.000 13.977 -4.243 1.68812
0.031 13.902 -4.056 2.02893
1.493 13.019 -4.437 1.94674
3.645 12.397 -3.950 1.24011
2.155 7.675 -4.666 1.45494
0.255 11.151 -4.417 2.27990
0.000 10.176 -3.999 1.36153
0.373 8.584 -3.968 1.26384
1.638 7.477 -5.763 1.63909
0.450 3.405 -7.756 2.19442
0.134 3.943 -7.601 1.25095
0.096 4.873 -6.182 0.96037
0.000 7.760 -6.111 2.10706
0.092 8.385 -5.267 1.77092
0.000 7.767 -4.823 1.03236
0.000 8.113 -5.213 1.76455
1.519 6.825 -5.942 2.68889
0.000 4.053 -6.962 1.71211
0.000 4.578 -6.980 0.90871
0.000 7.820 -6.557 1.84363
0.038 8.872 -5.033 2.88474
0.000 9.220 -3.966 2.63864
0.505 8.286 -4.355 1.50620
0.148 5.010 -4.028 1.42889
0.000 5.730 -6.708 2.82538
0.329 5.387 -6.842 2.91905
0.114 6.695 -6.103 2.17289
0.000 7.990 -5.424 3.30741
0.276 6.884 -5.407 2.08980
0.059 6.408 -6.514 2.27576
0.000 3.296 -10.784 3.00454
0.000 3.375 -10.960 1.23875
0.000 4.946 -8.392 1.30817
0.000 5.716 -7.295 2.36033
1.239 6.895 -5.587 2.55487
0.000 5.185 -6.487 2.94974
0.394 3.806 -6.621 3.32189
0.148 0.483 -9.029 2.58847
0.111 1.230 -12.985 2.77649
0.000 3.238 -13.239 3.12238
0.224 2.191 -7.503 2.11587
0.064 -0.983 -7.238 1.23800
0.000 1.464 -10.089 2.42955
0.000 1.633 -11.924 3.03496
0.000 5.798 -12.537 3.28051
0.038 5.992 -8.644 3.48082
0.000 5.203 -10.715 2.99797
0.000 4.147 -12.527 4.99117
0.000 -1.079 -13.087 2.16470
0.000 0.157 -15.158 2.95833
0.000 2.667 -15.342 2.94651
0.007 4.792 -13.080 2.99718
0.000 6.287 -12.093 3.31351
0.000 6.909 -12.341 3.10289
0.000 5.628 -11.589 3.90627
0.000 2.488 -11.608 2.45360
0.000 2.596 -13.342 1.75630
0.000 3.886 -13.662 2.73953
0.000 3.340 -10.659 3.37774
0.000 -1.571 -13.965 2.95387
0.000 2.857 -14.363 2.93543
0.000 2.896 -15.563 3.48340
0.000 -0.414 -15.817 2.39328
0.000 -0.348 -14.854 1.79057
0.000 -0.995 -12.536 1.46935
0.050 -3.704 -14.697 3.71493
0.000 -3.717 -16.710 2.83756
0.000 -1.013 -16.978 1.94962
0.000 -1.267 -13.749 2.30330
0.000 -1.334 -15.692 2.28979
0.000 -0.823 -16.280 2.87838
0.000 0.404 -14.418 3.42521
0.216 1.611 -14.503 3.81008
0.000 -1.573 -17.404 4.51360
0.000 -2.812 -17.703 2.68905
0.000 -2.990 -15.998 3.46033
0.000 -6.295 -17.516 1.64042
0.000 -5.043 -19.194 3.52364
0.000 -1.405 -18.955 3.15684
0.000 -5.445 -19.960 3.68516
0.000 -8.391 -20.613 3.87901
0.000 -4.836 -18.324 4.29077
0.001 -6.454 -17.784 3.02402
0.000 -5.267 -18.152 3.30904
0.000 -5.237 -18.351 3.76151
0.000 -5.556 -18.828 2.15098
0.000 -9.879 -21.831 1.77921
0.000 -5.121 -22.406 3.35961
0.295 -2.851 -15.673 2.29346
0.000 -1.347 -15.004 2.46392
0.000 -0.824 -16.213 2.94812
0.000 -0.335 -15.939 1.79250
0.000 -1.113 -17.681 3.05325
0.000 -5.211 -20.126 2.26637
0.000 -2.167 -20.442 2.32126
0.000 -4.825 -20.534 2.96451
0.000 -5.917 -20.952 3.45695
0.000 -1.617 -19.290 2.77701
0.000 -2.488 -19.107 2.78137
0.016 -2.822 -19.427 2.35060
0.000 -4.275 -18.668 2.68197
0.000 -9.185 -19.351 2.40152
0.000 -8.644 -20.123 4.87050
0.000 -2.717 -18.722 4.81955
0.000 -1.011 -18.753 2.85051
0.000 -2.794 -14.048 1.54104
0.000 -5.744 -18.719 2.06947
0.404 -4.165 -19.050 3.34173
0.000 -9.461 -22.260 3.14969
0.000 -3.885 -22.445 3.37323
0.000 -1.430 -20.563 3.36729
0.000 -2.958 -19.038 4.47278
0.000 -9.267 -15.295 2.96050
0.005 -7.956 -22.606 4.80967
0.000 -11.699 -24.476 4.04807
0.000 -11.030 -25.722 3.78155
0.000 -8.746 -26.028 3.24908
0.006 -6.536 -22.517 2.05014
0.000 -6.914 -22.768 3.35121
0.010 -6.788 -21.508 3.28398
0.000 -6.634 -21.842 3.00890
0.000 -5.951 -18.711 4.74350
0.080 -3.185 -16.162 4.22318
0.000 -2.329 -16.199 4.15637
0.000 -4.610 -18.411 2.60626
0.000 -0.796 -19.140 4.26146
0.000 -3.473 -20.739 3.62419
0.000 -1.411 -20.970 3.97026
0.000 0.681 -18.434 3.24850
0.000 0.162 -17.384 3.01547
0.000 3.878 -17.400 2.74504
0.000 1.917 -14.318 3.13346
0.463 -1.918 -16.229 2.67782
0.000 -0.344 -15.907 3.63056
0.000 0.047 -14.667 4.81212
0.000 -3.861 -16.931 4.81367
0.000 -0.251 -17.275 5.48400
0.000 -1.601 -18.090 4.83160
0.000 0.661 -18.281 4.67904
0.000 2.341 -15.380 5.48270
0.000 1.089 -16.220 5.71282
0.000 1.677 -17.667 5.40610
0.000 -0.193 -17.798 4.25129
0.706 4.174 -12.429 5.96592
0.000 0.211 -15.647 5.20249
0.000 0.471 -15.719 3.78142
0.000 -7.464 -15.299 2.57714
0.000 -9.981 -17.236 1.99364
0.000 -7.477 -20.983 2.52746
0.000 -5.065 -21.065 2.49032
0.000 -2.880 -19.183 2.37779
0.000 -3.143 -18.309 1.46927
0.000 -0.009 -16.574 2.38078
0.006 2.124 -16.426 2.77171
0.000 -1.093 -16.210 2.36772
0.115 3.589 -16.226 3.45616
0.000 -1.255 -17.732 3.97037
0.000 1.992 -17.693 3.47520
0.000 2.536 -14.586 3.06690
0.575 3.313 -12.192 4.00868
0.039 1.957 -12.587 3.78829
0.000 1.513 -13.840 3.67582
0.000 2.063 -14.228 3.78228
0.000 2.885 -13.974 4.46564
1.051 5.403 -10.915 4.65402
0.123 5.356 -6.052 4.59060
0.306 3.257 -7.877 4.16980
0.980 0.920 -11.093 3.76394
2.231 1.008 -16.543 3.75501
0.130 1.842 -16.022 3.98761
0.003 5.687 -14.087 3.32082
0.820 3.225 -11.290 3.14692
0.066 5.204 -10.663 3.69170
0.549 3.349 -6.978 2.59670
1.547 0.640 -8.214 2.28275
0.001 -4.391 -15.651 3.98374
0.000 -0.779 -14.762 4.02670
0.000 4.706 -13.098 3.94164
0.515 7.392 -10.129 2.76407
0.230 8.169 -4.086 4.00326
2.157 8.820 -7.048 4.40810
0.406 -1.896 -10.559 3.10071
0.256 5.761 -9.352 3.53064
0.000 4.652 -6.794 1.55316
0.265 7.117 -6.192 1.83441
0.292 8.281 -4.562 3.33686
1.461 12.324 -4.540 3.24639
0.530 13.220 -4.500 3.74900
0.459 10.500 -6.673 3.66529
0.641 10.963 -4.346 3.12979
0.944 8.186 -5.746 2.05529
1.693 6.398 -6.643 1.69833
1.293 7.114 -6.198 4.19040
0.681 8.955 -5.244 3.80724
0.101 5.317 -7.073 1.63615
1.089 7.337 -6.808 2.17958
0.837 7.047 -6.044 3.76582
1.570 5.564 -7.824 3.40086
0.219 1.809 -6.781 4.57093
0.000 3.839 -9.668 5.31516
0.047 4.994 -8.397 3.24801
0.515 11.139 -5.189 3.61997
2.850 8.274 -5.233 3.77633
2.094 10.223 -5.333 3.41565
0.350 5.110 -7.554 2.13373
0.000 8.166 -6.129 3.31088
0.024 6.783 -5.753 1.48046
1.854 6.152 -5.799 2.77531
0.041 6.097 -7.849 3.08525
0.630 6.610 -5.435 2.71711
0.531 5.837 -4.832 1.95005
0.213 5.132 -4.205 0.87619
1.686 6.380 -4.535 2.13716
0.373 4.310 -5.708 1.99259
0.020 10.001 -6.780 3.30692
0.000 11.532 -4.853 2.93817
0.368 13.819 -4.702 2.31416
0.961 14.984 -2.506 2.89352
0.015 13.353 -3.894 2.11315
0.721 11.003 -4.242 1.85282
1.686 10.036 -2.330 1.46428
1.035 6.763 -4.543 2.97211
0.665 11.549 -6.068 2.70590
0.000 12.967 -4.979 1.68815
0.128 16.256 -3.179 3.24917
0.137 16.672 -3.521 2.77954
4.806 14.046 -3.555 4.12322
0.245 9.149 -3.962 2.28917
0.830 12.071 -2.645 1.29520
2.140 12.875 -7.281 4.35140
0.182 11.432 -2.920 1.31660
0.005 8.252 -4.706 2.75571
0.000 14.354 -2.955 2.34884
3.556 10.951 -2.467 2.00931
0.424 11.387 -2.916 2.08190
0.000 9.701 -5.584 4.09732
0.016 14.522 -3.811 2.29929
0.013 18.327 -0.291 3.51292
0.264 8.007 -2.988 2.03058
16.765 12.882 -2.498 3.67889
3.644 10.061 -3.295 2.19416
0.464 12.275 -1.256 1.43708
4.315 13.703 -2.547 3.85112
3.791 15.360 -2.768 3.90008
1.309 12.808 -2.857 3.30832
0.607 10.830 -6.125 3.03208
0.771 12.243 -5.454 3.06641
0.027 14.420 -2.444 2.55123
0.000 15.657 -1.887 1.84328
3.852 15.945 -0.590 1.31967
0.389 13.645 -3.290 2.58100
2.101 15.179 0.176 2.78517
4.130 14.063 -3.344 2.55362
4.471 11.706 -2.085 1.56012
0.239 12.136 -2.950 2.05087
0.000 16.348 -1.363 1.82163
1.566 15.494 0.496 1.67239
0.164 15.046 0.650 1.95847
1.354 15.168 -1.419 2.14419
0.000 16.339 -1.446 1.56423
0.000 17.754 0.501 1.61557
1.782 19.525 3.594 1.52561
7.514 19.731 3.718 1.77321
4.897 12.130 1.449 2.39301
0.153 18.485 1.879 1.55961
0.982 17.366 1.065 1.45810
12.213 19.492 2.320 2.21792
8.474 18.807 3.890 1.25842
9.611 18.527 4.508 1.52041
6.723 17.170 1.956 1.91660
2.525 16.429 2.112 1.32167
0.796 17.964 3.105 1.68849
3.315 17.536 3.419 1.46500
14.159 19.986 -0.730 2.15199
1.126 15.845 -0.384 1.70785
0.215 14.858 -0.282 1.30792
0.434 15.191 1.167 0.96159
1.483 16.830 1.320 1.73605
7.303 17.923 3.224 2.52890
16.758 18.362 2.447 2.10653
7.929 17.198 2.908 1.86803
10.676 18.501 4.239 1.52546
3.761 16.730 5.355 1.23720
1.598 18.161 4.465 1.42222
0.296 18.175 4.540 1.57397
8.090 18.613 4.756 1.17018
5.284 17.272 1.700 1.71978
1.125 12.455 -0.882 2.05218
0.000 14.809 -0.421 1.76150
0.000 16.462 -0.299 1.16051
0.050 18.132 2.098 1.88752
7.276 17.656 3.197 2.49321
2.496 15.307 4.037 1.45687
3.512 16.605 3.420 1.51223
15.972 17.967 2.974 1.78739
3.282 14.106 0.250 1.91622
0.490 15.768 2.575 2.64380
5.289 15.379 1.236 2.06542
4.998 16.379 1.860 1.54134
0.000 14.831 0.407 2.26102
0.170 15.252 -0.222 1.11558
0.000 15.022 0.787 1.21046
0.344 13.300 -0.216 1.71744
0.030 14.913 0.718 1.71984
0.005 16.136 1.020 1.71938
3.210 16.065 2.287 1.52637
0.041 15.272 0.858 1.63062
1.734 14.553 1.586 1.23002
1.012 14.087 1.396 1.40775
1.038 16.655 1.642 1.03287
0.075 16.773 2.888 1.97134
0.471 16.612 1.659 2.41609
0.000 18.150 2.067 1.67471
0.701 19.473 3.827 1.26544
0.439 18.989 2.472 1.42078
0.000 18.459 1.214 1.76180
0.000 18.715 3.007 1.51456
0.000 19.451 2.970 1.72290
0.201 19.729 5.213 1.72296
0.836 18.204 3.819 1.51560
0.057 19.938 2.913 2.13618
0.000 20.148 1.552 2.24438
0.000 20.150 2.198 1.70337
0.065 20.928 3.017 1.78265
0.000 21.957 3.609 1.68637
0.041 20.101 2.946 1.92867
0.000 21.782 3.344 1.72840
0.009 21.751 3.500 1.84202
0.000 20.317 3.543 1.82259
0.879 17.803 2.684 1.43753
0.136 19.601 1.316 1.81938
0.000 19.848 2.776 1.50044
10.931 19.327 3.680 1.09910
0.403 18.471 3.747 1.19239
1.612 18.237 1.976 1.22598
7.441 17.083 1.846 1.84819
4.120 15.773 1.434 1.55405
6.661 17.539 0.979 1.25854
0.734 17.422 1.079 1.35254
1.390 15.973 1.479 1.07072
4.066 14.877 -0.749 1.82015
2.207 14.863 -1.316 1.72108
2.224 12.606 -0.720 1.52382
9.431 15.782 -0.022 1.72370
0.510 16.956 -2.428 2.35322
0.255 13.296 -2.872 1.69555
0.006 14.197 -3.118 1.38630
2.601 11.650 -1.025 1.84797
3.187 11.638 -2.765 1.42553
1.731 13.528 -2.861 2.14598
0.393 16.394 -1.349 1.59390
2.186 13.573 -1.997 1.11894
2.153 14.772 -0.999 1.55205
1.354 11.924 -2.135 1.31088
0.752 13.713 -4.742 1.75849
0.000 11.380 -5.318 1.36921
0.000 10.689 -4.408 1.37363
0.571 13.867 -2.752 1.26414
0.269 12.158 -1.965 1.66358
8.751 12.248 -3.943 2.02969
6.183 12.516 -3.313 2.10402
8.255 7.865 -1.652 1.47298
2.962 7.584 -4.788 1.33576
0.466 8.542 -3.701 1.49419
4.952 9.417 -3.330 1.39287
0.111 11.213 -3.431 1.27114
0.539 12.435 -4.877 2.57679
0.000 12.898 -4.518 1.54524
0.000 14.769 -4.194 1.64128
1.337 13.406 -6.544 2.72563
0.204 10.461 -6.012 1.17514
2.964 10.474 -3.539 1.76448
5.559 11.568 -3.275 2.12735
1.031 10.530 -4.100 1.36282
7.821 13.407 -4.053 2.30692
7.821 10.801 -3.841 1.95205
1.363 11.919 -3.621 2.55088
14.764 8.364 -5.186 1.64647
6.536 3.742 -5.991 1.46218
5.968 5.821 -5.862 1.12931
2.431 6.748 -7.060 2.32697
1.444 8.237 -7.043 2.02039
0.000 5.145 -6.400 1.26668
0.010 5.168 -6.181 1.74725
1.916 3.085 -5.824 1.14489
0.865 6.076 -5.821 1.63547
0.027 8.818 -5.222 2.69334
0.053 9.270 -3.857 3.12670
1.204 7.811 -3.964 2.12035
0.000 8.788 -6.784 3.00134
0.000 7.950 -6.566 3.09368
1.704 8.229 -4.833 3.66016
2.680 6.636 -4.365 3.26498
1.665 3.134 -6.113 3.33457
0.000 0.127 -11.838 4.86409
0.011 0.354 -12.044 2.11964
0.005 -1.326 -13.145 1.94026
0.000 2.996 -13.293 1.98237
0.000 3.562 -9.095 1.69085
0.000 0.918 -7.888 1.27317
0.016 2.889 -8.094 1.96175
0.000 4.568 -8.984 2.67296
0.000 5.577 -9.161 2.53337
0.000 4.906 -7.359 2.37743
0.000 4.917 -5.554 2.63986
0.061 1.554 -12.760 3.16162
0.003 -0.040 -14.342 3.69929
0.000 2.780 -14.496 3.00568
0.000 4.738 -12.546 3.64483
0.005 5.128 -12.236 3.97164
0.166 5.293 -12.454 3.61179
0.042 3.590 -11.851 2.77328
0.000 3.000 -12.387 3.51955
0.005 3.014 -11.048 3.28133
0.000 0.925 -14.817 3.47194
0.070 2.585 -15.035 3.48242
0.000 0.787 -13.844 1.94063
0.126 3.128 -12.779 3.09185
0.014 4.190 -12.607 3.80999
0.011 3.422 -12.309 4.43027
0.000 5.189 -12.625 3.46775
0.000 2.463 -11.835 4.27739
0.098 -2.720 -17.126 3.62941
0.002 0.730 -17.439 3.84393
0.000 1.144 -13.648 3.09277
0.000 -0.914 -15.486 3.08386
0.086 -1.405 -15.763 2.88083
0.000 0.993 -14.455 2.63444
0.000 -0.327 -13.604 2.34207
0.000 -1.271 -18.625 3.63675
0.000 -4.339 -19.564 2.84701
0.126 -0.922 -19.999 2.87351
0.257 -0.502 -14.300 1.28101
0.000 0.733 -14.639 2.45669
0.000 -0.524 -16.610 2.62703
0.000 2.589 -16.889 3.00476
0.000 1.949 -15.804 2.61720
0.000 3.576 -14.832 3.23382
0.000 4.141 -16.175 3.56054
0.000 1.071 -16.509 2.35459
0.000 5.070 -15.179 3.77804
0.000 4.175 -16.436 3.63884
0.000 -2.466 -18.633 2.77064
0.000 0.116 -18.715 3.46305
0.029 1.206 -18.366 3.39088
0.046 0.668 -16.079 4.05298
0.000 0.782 -17.969 3.89253
0.000 -0.467 -18.937 4.40242
0.000 -1.457 -19.485 3.15480
0.000 4.437 -17.447 3.55695
0.031 2.216 -15.548 3.39792
0.215 0.107 -15.613 4.58059
0.000 1.199 -14.864 5.23498
0.000 -9.989 -18.748 2.14112
0.494 -7.090 -19.599 3.57359
0.009 -3.050 -17.689 2.88788
0.000 -3.547 -17.536 4.16688
0.000 -1.665 -17.809 2.11464
0.000 -3.083 -13.484 1.94324
0.000 -4.817 -12.473 2.09303
0.001 -4.487 -12.977 2.62694
0.175 -5.744 -18.586 2.37429
0.000 -5.790 -20.443 1.94063
0.000 -6.442 -20.653 1.86520
0.007 -6.992 -17.546 2.74473
0.791 -6.825 -17.576 1.37189
0.133 -4.956 -15.418 2.37791
0.000 -4.538 -16.089 3.35737
0.000 -7.332 -13.948 3.27680
0.000 -8.339 -14.971 2.04668
0.000 -7.073 -17.598 2.52482
0.000 -6.066 -17.174 2.72403
0.000 -7.562 -22.372 4.02018
0.000 -3.801 -22.413 3.14611
0.122 -5.136 -15.975 4.84715
0.066 -5.407 -15.681 5.61725
0.000 -4.120 -16.869 4.84360
0.000 -3.292 -17.811 3.83869
0.000 -5.202 -20.630 4.53536
0.000 -3.350 -20.857 3.69648
0.000 -0.277 -14.409 3.49899
0.002 -2.233 -17.186 3.51853
0.000 -2.403 -18.280 3.66320
0.000 2.007 -17.896 3.04143
0.000 2.216 -14.990 3.19681
0.000 2.849 -13.766 3.29057
0.000 -3.047 -20.113 4.22897
0.000 -2.674 -20.160 4.15967
0.000 -2.997 -18.278 3.05421
0.000 -3.731 -18.499 2.66236
0.000 -2.840 -18.715 2.86048
0.000 -3.748 -19.424 3.26007
0.000 -3.151 -19.857 3.56256
0.000 3.484 -17.517 4.40212
0.000 4.734 -14.917 4.06788
0.058 2.538 -13.462 4.19479
0.000 -2.313 -16.486 5.17440
0.000 0.016 -16.518 4.97918
0.000 0.875 -13.020 4.95166
0.000 -1.670 -17.948 5.18317
0.000 -3.230 -18.130 2.76779
0.000 0.248 -16.410 2.67509
0.006 -1.873 -16.367 2.09699
0.000 -2.948 -21.141 3.91424
0.000 -0.121 -21.308 3.48406
0.000 3.569 -15.061 3.30132
0.019 2.528 -14.001 2.63927
0.947 0.307 -12.257 4.26288
0.060 7.479 -10.084 4.48576
0.000 1.373 -11.685 3.69765
0.146 1.556 -10.539 3.62793
0.353 0.279 -11.618 5.02934
0.000 -1.669 -11.651 4.51563
0.061 -1.597 -18.415 4.96261
0.000 -3.312 -18.511 3.43943
0.000 -3.083 -14.251 1.74784
0.000 -0.184 -18.958 4.36727
0.000 0.864 -19.007 3.92833
0.000 0.871 -14.205 2.29525
0.180 1.127 -11.756 5.03908
0.115 -1.100 -15.033 4.84207
0.000 1.047 -14.867 4.63921
0.079 -1.620 -14.933 3.86041
0.300 -3.215 -15.597 2.16651
0.000 -3.207 -15.928 4.06609
0.008 -1.385 -16.117 2.81330
0.000 -3.075 -14.237 3.65063
0.000 -0.827 -11.941 4.79305
0.170 -1.108 -10.848 5.04441
0.407 -3.352 -11.624 3.29040
0.116 -2.650 -11.671 4.96123
0.000 -0.910 -16.903 5.60537
0.000 -3.035 -17.277 5.14498
0.000 0.761 -16.780 3.78585
0.011 0.560 -11.011 3.36217
0.200 -1.380 -15.473 3.31412
0.256 -2.726 -14.972 2.16523
0.000 -3.244 -15.783 2.41356
0.053 -1.014 -15.164 5.35133
1.572 6.399 -11.460 5.44494
1.827 7.988 -7.708 4.73128
0.545 3.497 -9.137 4.45360
0.043 1.469 -9.380 5.00563
0.182 2.639 -10.670 2.71805
0.269 4.649 -10.008 2.87127
0.666 7.226 -6.834 2.93785
1.436 3.146 -7.436 3.43859
0.000 4.166 -9.941 2.94056
0.000 5.994 -8.766 2.16148
1.645 9.600 -4.334 2.88562
0.125 7.147 -5.409 2.58045
0.006 5.073 -6.339 3.64469
0.455 4.065 -8.131 2.88350
0.076 8.653 -6.004 3.28629
0.000 10.229 -4.330 4.38619
0.018 10.727 -2.830 4.66117
0.000 8.081 -5.833 3.88408
0.072 6.616 -6.446 5.10833
0.000 5.787 -6.893 4.96992
0.047 1.295 -8.933 3.87452
0.000 2.473 -7.390 3.58534
0.186 4.201 -7.681 4.00124
1.130 9.067 -5.739 4.23156
0.146 2.138 -5.299 2.38324
0.101 -1.720 -8.794 3.01010
0.000 7.248 -7.046 2.36926
0.844 11.240 -5.431 2.23547
0.065 11.828 -5.521 3.06349
0.237 9.580 -6.330 2.48180
0.838 9.391 -5.102 3.69328
0.692 7.585 -4.183 2.46979
3.241 13.478 -2.626 2.22712
2.614 5.867 -5.684 1.90411
2.144 7.865 -4.814 1.96743
2.044 9.511 -4.766 2.43719
0.099 5.218 -5.333 2.44044
4.826 3.611 -7.661 1.23161
1.016 7.402 -7.428 3.07323
0.000 9.677 -5.328 2.54792
0.761 5.372 -3.933 2.64456
2.085 7.987 -8.687 4.00124
0.113 6.074 -6.225 3.14264
2.014 8.871 -4.516 1.88042
1.244 3.403 -6.964 1.77373
2.824 8.562 -8.801 3.34668
0.204 6.658 -6.794 3.56753
2.640 11.222 -3.880 2.48614
0.686 13.115 -3.761 1.74236
7.128 11.195 -5.836 3.08122
0.000 9.558 -5.442 1.84135
0.480 13.378 -3.558 2.15275
1.613 6.645 -6.363 2.87359
0.001 8.836 -7.749 3.15101
0.000 9.367 -4.447 2.11428
0.000 13.515 -3.324 2.20019
0.316 14.275 -4.700 2.61494
0.314 13.898 -1.249 1.52407
0.919 14.472 -2.376 2.05740
5.472 11.460 -1.706 0.99076
0.231 11.978 -5.293 2.09532
0.034 12.788 -2.132 1.13048
3.177 12.562 -2.666 2.03411
0.250 9.646 -7.592 2.36091
0.000 10.992 -3.961 1.84772
0.981 12.475 -2.291 1.51020
4.371 11.443 -2.307 3.31632
5.420 13.745 -2.256 2.87157
0.156 12.354 -2.285 1.70822
9.251 9.848 -1.202 2.26415
2.696 12.025 -0.042 1.86905
11.093 15.828 -2.035 2.44061
10.764 15.718 -2.202 3.08634
1.370 7.361 -7.138 2.51239
1.455 6.943 -6.713 4.21223
0.000 7.136 -5.231 3.57810
1.046 12.308 -2.239 1.70194
3.869 14.336 -1.710 2.91438
4.707 14.439 -3.371 3.14764
1.041 12.839 -2.179 1.53241
6.436 15.691 0.029 2.97735
10.625 14.356 -0.970 2.48082
3.389 15.767 0.631 2.28484
43.154 11.181 0.508 0.98497
1.937 13.812 1.058 0.99073
0.218 15.573 1.543 1.15287
6.221 14.331 1.115 1.83719
5.936 12.187 0.476 1.49134
0.572 9.883 -2.875 2.28874
0.515 11.546 -0.694 1.82005
0.374 12.823 0.769 0.97079
7.382 12.367 -0.719 1.67656
1.901 14.980 1.264 1.13271
2.140 14.131 2.579 1.49208
3.129 14.033 0.327 2.12202
4.610 11.949 -0.439 1.03768
0.000 15.153 -0.752 1.58745
0.123 16.666 1.827 1.62128
2.350 15.261 2.253 1.25759
0.000 14.388 1.411 2.50409
3.251 15.300 2.306 2.34770
5.047 15.831 2.215 1.82385
1.193 16.661 1.132 2.42405
14.584 14.547 2.006 2.10706
6.625 17.417 -0.508 2.77394
5.808 14.462 1.935 1.35472
10.013 16.533 2.541 1.37202
2.795 14.916 -0.548 1.79809
0.020 14.310 -2.705 3.07879
0.000 12.429 -1.560 2.11035
0.000 12.681 -0.722 1.57980
0.410 11.993 -0.255 1.46375
0.000 14.412 1.255 0.91989
0.080 14.940 0.246 1.22791
0.000 16.111 2.054 1.46865
0.601 17.764 1.468 1.37473
0.000 16.445 2.588 1.51014
0.000 16.773 2.623 1.48879
0.000 17.822 2.908 1.64975
0.197 18.714 3.319 1.65739
0.215 17.638 2.247 1.89648
0.000 17.722 3.200 1.98955
3.165 17.617 3.179 2.03104
0.542 17.424 3.719 1.62276
6.014 17.267 1.915 1.72398
2.513 16.748 0.973 1.72133
11.379 17.017 2.301 1.75818
5.104 15.085 0.767 1.44651
0.000 16.793 2.058 2.29905
0.000 16.697 1.649 1.87077
0.106 16.914 1.872 1.19307
4.169 18.681 2.855 1.84691
6.761 15.294 2.649 1.59541
0.000 16.590 2.823 1.07260
0.100 17.382 1.631 0.95980
1.062 18.085 3.008 1.60305
2.254 18.125 3.767 1.52224
17.219 19.546 1.530 2.01919
0.073 16.271 1.835 1.90218
0.965 15.447 -0.622 2.03175
0.210 15.516 0.872 1.68156
1.185 8.296 -1.563 1.84367
0.651 14.827 -0.533 1.34287
3.891 15.119 1.784 1.03392
7.115 14.382 2.096 2.00529
2.226 17.034 3.096 1.09800
0.000 16.918 3.164 1.34281
6.279 17.499 4.525 1.42260
10.403 15.070 3.102 2.01463
15.634 17.060 3.163 1.16188
14.580 14.646 1.130 1.07978
4.249 11.797 0.787 1.47853
9.247 17.314 3.391 2.15485
3.657 15.467 0.726 1.37182
0.013 17.289 0.037 1.65444
0.000 17.800 1.729 1.80401
0.119 16.065 -0.214 1.93990
0.310 16.822 0.064 2.03192
3.372 16.301 1.475 1.69488
6.223 15.879 3.054 1.65683
1.810 14.900 2.410 1.15717
1.369 14.351 0.402 1.01045
4.256 14.074 -0.116 1.82551
7.602 13.735 0.868 1.29823
10.476 14.707 -1.758 2.07845
6.636 13.012 -1.094 1.63631
1.855 12.221 -2.044 1.76886
0.000 11.473 -1.968 1.59372
0.010 13.701 -1.387 1.17120
4.477 14.754 -0.843 2.49694
9.681 14.481 -3.120 2.55979
0.033 10.132 -5.628 2.03465
1.022 10.443 -3.919 0.89335
0.000 13.685 -2.319 1.39318
2.265 12.607 -1.050 1.63116
1.956 9.945 -2.407 0.96259
0.126 13.516 -1.302 1.19261
2.761 15.377 -0.144 1.37764
5.835 14.512 -0.161 1.04725
1.804 13.647 0.132 1.20241
1.165 15.521 -0.116 2.19477
0.507 10.583 -1.791 1.29660
1.294 12.879 -2.416 1.70448
2.394 12.585 -1.594 1.08293
1.234 13.695 -0.699 1.78393
0.178 15.032 -0.210 2.41014
7.083 15.838 -1.169 2.59658
2.406 15.166 -0.772 2.41670
2.739 13.888 -2.427 2.06358
0.064 15.114 -2.117 1.40543
0.274 14.374 -1.709 2.32144
4.104 12.761 -1.100 2.04333
6.409 12.450 -4.480 2.51817
0.722 13.679 -3.846 1.30364
3.419 11.279 -1.127 1.37922
2.325 10.177 -4.681 1.51872
0.000 10.373 -5.250 2.17977
0.000 14.090 -4.860 3.04306
0.018 14.484 -3.121 3.24270
1.520 14.200 -3.249 2.87057
0.000 13.319 -2.985 3.21681
0.329 12.372 -4.436 2.94794
10.044 10.484 -4.230 1.39068
0.569 9.426 -5.693 2.23179
1.471 10.213 -5.212 2.39969
0.994 10.627 -3.136 2.60168
1.249 10.087 -3.337 1.86931
0.641 7.988 -4.868 1.44747
3.119 8.604 -5.604 2.92204
3.581 8.491 -5.599 2.23865
0.341 9.337 -5.576 1.97966
0.000 11.376 -5.574 2.56075
0.378 12.467 -5.320 2.94019
0.541 8.309 -5.243 1.28633
0.139 8.378 -6.284 2.13908
2.398 8.207 -6.279 2.50735
1.735 5.805 -5.168 2.69332
0.976 -1.155 -7.363 2.56171
0.199 1.504 -9.458 2.29910
0.145 5.000 -9.600 2.11100
0.335 1.768 -6.913 1.16724
0.000 4.754 -7.253 2.66357
0.703 3.368 -7.669 2.17552
0.000 -1.165 -9.800 1.60219
0.000 0.844 -10.816 0.94931
0.000 0.370 -11.086 1.32276
0.000 -1.152 -11.304 0.86362
0.000 1.037 -11.711 1.52357
0.181 2.707 -12.447 2.46263
0.076 0.398 -12.756 2.71471
0.089 3.114 -12.331 2.99409
1.030 0.186 -9.349 2.42782
0.340 2.460 -9.744 2.57144
0.016 -0.229 -14.066 2.11523
0.415 2.031 -14.282 3.22118
0.000 0.758 -14.413 2.86047
0.004 2.567 -13.638 2.98161
0.000 3.922 -13.733 3.12702
0.000 5.172 -12.102 3.65993
0.000 5.514 -11.387 3.57370
0.000 4.482 -9.488 3.39367
0.270 5.101 -11.634 3.52993
0.000 3.531 -12.740 3.41775
0.016 2.303 -13.569 3.95071
0.111 1.577 -13.894 3.85577
0.365 1.915 -12.690 4.19980
0.130 -2.630 -18.615 3.40514
1.599 -2.321 -19.472 3.29614
0.040 -2.862 -19.664 2.72902
1.070 -0.050 -15.989 2.49745
0.000 -0.870 -15.235 2.42322
0.391 -1.858 -13.667 2.69469
0.006 -2.854 -13.402 2.40663
0.000 -2.823 -16.440 2.87250
0.000 -2.274 -17.789 3.37187
0.197 -0.265 -18.267 3.81434
0.000 0.217 -17.446 3.06314
0.000 1.913 -16.215 3.39882
0.229 4.556 -10.749 3.25315
0.016 4.838 -11.071 3.96017
0.000 4.521 -11.711 3.80379
0.000 -0.772 -17.405 4.19845
0.000 2.075 -17.642 4.17345
0.000 3.477 -17.140 3.00363
0.000 4.589 -15.921 2.81065
0.000 4.618 -14.030 4.00987
0.000 0.660 -14.239 4.50304
0.000 0.417 -17.305 4.32542
0.000 -0.815 -17.617 3.45278
0.000 0.786 -17.030 3.39604
0.000 -0.438 -18.931 4.11733
0.000 -2.989 -19.479 3.00633
0.000 -1.729 -19.741 2.94399
0.000 0.919 -18.837 2.70592
0.000 1.136 -14.496 2.82020
0.000 0.161 -18.311 4.18269
0.000 -4.034 -18.883 3.12162
0.000 0.214 -18.698 2.50353
0.000 -0.062 -16.311 2.02589
0.000 -3.694 -19.514 2.20235
0.084 -2.039 -19.819 3.25573
0.003 0.788 -13.998 3.51675
0.000 -1.674 -13.754 3.76258
0.006 -2.139 -14.846 3.04054
0.004 -2.944 -17.814 4.29712
0.000 -2.120 -18.021 4.39989
0.000 -3.862 -14.631 3.67408
0.000 -8.187 -20.202 4.62328
1.322 -4.466 -20.696 3.77903
0.000 -3.272 -18.979 3.35148
0.416 -7.789 -21.652 4.58041
0.013 -9.206 -24.645 3.79751
0.000 -9.177 -24.895 4.09652
0.000 -6.293 -23.369 3.70043
0.000 -3.487 -22.156 3.82866
0.000 -2.800 -21.663 3.98363
0.136 3.371 -17.914 4.48446
0.000 -0.854 -17.616 2.54486
0.000 0.123 -17.861 3.93029
0.000 -1.579 -20.189 5.32085
0.000 -1.881 -20.339 5.82768
0.000 0.861 -17.856 5.09133
0.000 -0.017 -17.817 5.14276
0.000 0.322 -18.040 3.65578
0.000 -1.797 -20.645 5.49093
0.000 -2.578 -20.996 4.15858
0.000 1.325 -19.137 3.82895
0.000 5.599 -16.603 3.09691
0.000 1.657 -15.131 4.54729
0.000 -3.826 -14.025 2.65289
0.000 -3.429 -16.998 5.02845
0.000 -7.037 -20.610 3.72699
0.000 -5.451 -20.832 4.06452
0.000 -3.031 -21.139 4.86427
0.000 -2.760 -17.181 5.77152
0.000 -1.224 -16.361 5.79904
0.000 -0.955 -17.343 4.43405
0.000 -1.672 -17.691 4.13797
0.000 -0.559 -15.221 5.62702
0.000 -2.374 -19.767 4.69832
0.000 0.809 -19.979 5.84277
0.000 1.647 -12.683 6.34390
0.000 -1.683 -11.110 5.11436
0.000 -1.891 -15.104 5.50671
0.000 -3.980 -20.182 4.55863
0.000 -4.959 -20.417 3.66160
0.000 -1.377 -19.057 4.25055
0.000 -1.116 -19.338 3.28384
0.052 1.578 -13.603 4.31463
0.953 -5.356 -18.498 3.91296
0.000 -1.781 -17.923 4.40073
0.000 2.055 -13.012 4.04690
0.000 -2.233 -11.368 3.79114
0.091 -6.000 -15.038 4.50119
0.035 -4.126 -19.121 6.47432
0.000 -0.231 -19.225 5.50961
0.000 -1.194 -15.722 3.76978
0.000 -2.259 -15.731 1.47571
0.000 -3.413 -13.213 3.03909
0.000 -2.531 -15.823 4.44323
1.568 1.804 -15.835 2.65182
0.000 1.195 -16.835 4.41791
0.000 2.672 -16.861 3.81104
0.000 5.067 -13.598 4.92950
0.000 2.015 -13.704 3.41241
0.000 2.862 -12.871 2.89533
0.194 2.124 -14.407 4.19754
0.000 2.139 -14.207 3.45760
0.231 1.714 -11.591 3.70228
0.000 -3.299 -13.179 3.03738
0.000 -4.430 -19.505 2.14624
0.000 -1.460 -19.392 2.59947
0.307 -1.572 -12.795 1.94668
0.000 -2.261 -13.260 0.89917
0.381 -0.955 -14.683 2.29629
0.000 0.926 -14.695 3.07880
0.000 0.770 -13.796 2.11374
0.000 3.174 -13.341 2.08553
0.001 4.490 -10.948 3.63380
1.786 2.758 -9.861 2.27080
0.867 1.441 -11.742 1.35342
0.000 -2.014 -17.696 3.52273
0.000 2.113 -17.093 3.36921
0.000 0.390 -11.980 1.87371
0.036 1.922 -11.751 1.59207
0.000 3.878 -8.145 1.68940
0.361 1.795 -10.500 1.87706
0.009 3.985 -9.572 3.17436
0.000 6.296 -7.468 2.92727
0.471 0.014 -8.861 2.87825
0.000 1.185 -10.562 1.94539
0.211 6.481 -9.905 1.88996
0.000 6.094 -5.566 2.82708
0.775 2.966 -5.345 2.64731
0.657 0.588 -7.859 2.76620
0.000 3.484 -7.865 1.75581
0.000 5.514 -6.438 1.12561
0.000 8.504 -6.063 2.33973
0.606 10.285 -8.538 4.51984
0.000 2.676 -10.425 3.15276
0.048 2.340 -9.832 1.97734
0.134 6.408 -7.334 4.05826
0.000 8.586 -5.508 2.08121
0.352 8.349 -5.342 1.92358
0.694 11.339 -5.251 2.82897
0.009 11.295 -4.916 3.20063
0.002 8.909 -5.828 3.45145
0.876 4.445 -7.498 3.21033
0.080 3.059 -8.776 3.71305
0.000 3.713 -7.146 2.99644
0.360 7.372 -4.649 1.94999
0.000 8.896 -5.638 1.91687
0.481 10.070 -6.112 3.24443
0.346 10.279 -2.794 4.06224
0.000 11.008 -5.288 2.96167
1.393 8.765 -3.780 2.35540
0.036 12.287 -3.927 3.23514
0.019 11.034 -5.229 2.20867
0.336 3.531 -6.195 3.91042
1.633 3.387 -8.482 1.81061
2.134 4.119 -7.879 2.19571
0.000 5.845 -6.372 2.82758
0.000 9.031 -5.040 1.45270
3.375 4.189 -5.711 3.16372
2.261 2.926 -5.367 2.55471
0.741 2.297 -6.018 2.82220
14.195 5.895 -4.282 1.10491
4.986 7.837 -5.780 2.46087
2.277 11.258 -3.360 3.13628
1.189 5.876 -6.473 2.18427
0.209 9.114 -5.157 3.57465
1.640 8.657 -6.001 3.29427
0.150 12.355 -4.920 3.06068
1.919 9.403 -4.943 2.89890
5.721 6.736 -6.154 2.63712
1.785 4.159 -8.068 2.18145
0.000 8.311 -4.543 2.04814
0.000 11.323 -4.944 1.61551
0.141 12.993 -4.608 1.82922
0.164 14.519 -2.772 3.48270
1.884 13.131 -1.406 1.69936
1.120 12.809 -2.893 1.90786
1.680 12.330 -1.785 1.97945
0.505 14.255 -1.560 1.94343
0.000 17.971 -0.945 2.70279
0.000 18.937 -4.105 2.74231
0.000 19.782 -2.225 2.30393
0.199 18.553 -3.260 4.17079
0.125 19.137 -1.857 4.57731
3.200 18.566 -4.925 4.27815
2.321 9.251 -4.326 2.73254
6.564 12.405 -3.174 2.74747
2.480 7.402 -3.304 1.23853
0.445 7.938 -2.731 1.49665
1.585 9.704 -3.623 2.21927
2.167 9.502 -3.451 2.28537
0.584 12.368 -0.836 1.33196
3.119 13.451 -2.831 2.36985
0.582 7.135 -3.728 3.25058
0.165 11.904 -3.216 1.70097
0.000 15.394 -2.413 1.22280
0.639 18.196 0.167 2.24789
0.890 13.097 -4.129 3.03956
2.073 14.198 -4.362 1.70305
0.579 14.620 -2.318 2.35939
13.893 17.017 0.206 1.24158
2.864 13.164 -0.038 2.48661
5.619 15.619 0.771 1.35981
6.323 14.170 1.459 1.66794
7.569 17.971 0.531 2.65996
1.678 14.106 1.084 1.86591
8.444 13.315 -0.742 2.48113
1.804 15.963 -1.348 2.91089
0.710 17.676 1.339 1.88029
2.605 17.029 1.132 1.70284
1.895 16.303 1.654 1.65680
6.679 17.026 2.232 1.45498
1.168 16.142 3.648 1.33991
0.530 18.410 3.423 1.23088
3.833 18.516 3.010 1.18509
6.213 16.360 2.865 1.05426
12.737 18.556 5.936 1.21228
12.592 17.112 1.876 1.28898
9.461 17.254 2.373 1.29721
1.511 17.837 4.368 1.37524
3.161 18.262 3.928 1.97843
14.838 16.201 3.484 1.91060
11.160 15.874 2.339 1.76447
22.677 15.222 1.771 1.93331
6.118 17.317 1.722 1.67617
11.359 18.107 3.561 1.41602
1.601 17.604 6.390 1.13414
5.855 15.140 3.895 1.18315
2.204 17.018 3.458 1.48143
2.081 17.224 1.777 2.07698
0.381 15.078 1.435 1.97074
0.309 12.292 0.781 1.90933
0.000 14.011 1.657 1.45342
1.346 16.003 2.854 1.93790
15.076 16.965 1.372 2.14272
0.331 14.835 1.810 2.08475
0.000 16.589 1.263 1.51567
2.931 17.047 3.311 2.41499
6.574 15.982 2.172 2.02273
12.509 16.300 0.701 1.77200
0.000 16.290 2.563 1.51770
10.969 14.775 3.135 1.74710
0.102 15.915 -2.685 2.37996
0.000 15.063 0.360 1.94611
0.000 14.802 2.118 1.31050
0.000 15.768 0.954 1.43392
0.000 17.448 1.802 1.38023
0.000 18.142 4.125 1.42343
0.321 17.087 3.937 1.28184
2.499 16.060 3.813 1.80734
7.527 14.144 3.638 1.84293
1.224 15.515 1.048 2.04066
4.404 12.337 1.159 2.16412
0.510 16.022 3.342 0.82192
2.497 15.730 3.878 1.37532
2.923 16.224 4.386 1.66549
1.901 16.330 3.171 1.84158
0.000 16.067 2.635 1.97482
6.809 16.302 3.672 1.23400
7.625 15.325 3.039 1.16698
8.401 13.830 2.086 1.11665
0.924 15.966 2.028 2.50680
12.505 10.451 -1.186 2.42971
0.000 12.471 -1.484 2.93856
0.000 14.011 0.899 1.06849
0.000 16.398 1.992 1.66715
1.086 16.570 2.956 1.44840
1.246 16.235 2.696 1.68700
0.000 16.195 2.916 1.49102
1.029 16.782 3.256 1.18098
5.682 14.695 2.268 1.62940
4.589 16.926 -0.792 2.11548
0.000 14.036 -1.546 1.94161
0.224 14.622 1.101 1.03530
0.941 16.248 2.888 1.43306
6.950 15.708 1.315 1.37136
7.887 13.060 1.878 2.01126
7.061 16.688 3.331 1.80286
0.181 16.408 4.766 1.05746
5.679 17.190 2.564 1.02662
9.426 16.958 4.232 1.41858
14.611 15.070 2.218 1.29634
19.342 15.870 2.725 1.67077
23.905 14.267 3.412 1.35258
10.396 16.207 3.550 0.95154
4.374 16.736 1.936 1.81793
37.985 17.473 2.188 1.75677
0.459 16.540 1.214 1.60268
3.055 16.475 1.383 1.67212
6.590 14.715 1.493 1.46427
6.096 15.117 1.067 1.65766
3.521 13.578 0.359 1.37623
4.379 13.950 -2.881 2.12863
3.917 11.708 -5.005 2.16032
1.525 9.332 -4.818 2.12858
0.241 9.754 -3.408 1.00236
2.644 13.049 -2.224 2.70155
0.159 12.489 -1.849 1.72370
0.277 12.820 -0.997 1.85780
0.561 13.306 -1.944 1.55079
3.786 14.390 -1.355 1.83513
1.725 12.070 -2.066 1.45408
0.091 10.254 -1.273 1.19805
0.770 10.502 -1.437 1.36547
0.900 12.686 -1.128 1.18250
4.346 11.270 -2.605 2.64016
6.228 13.804 -2.284 2.85682
1.510 14.057 -2.319 2.17197
1.250 13.498 -4.149 1.88106
0.135 10.728 -3.457 1.17398
4.889 9.615 -1.883 0.86061
0.296 9.686 -3.310 1.63516
1.012 9.303 -3.998 1.93700
4.453 10.277 -3.780 1.47362
1.151 8.836 -5.799 2.23075
0.264 4.740 -5.512 1.43654
2.502 3.078 -4.486 1.16793
3.469 3.293 -5.265 1.04966
1.637 3.042 -5.293 1.32647
3.621 2.706 -6.046 1.93893
6.865 -0.766 -8.343 2.12610
0.336 -0.365 -11.826 1.50195
0.065 3.814 -11.804 1.80523
1.610 5.321 -7.188 1.86445
1.836 5.439 -6.143 3.06339
0.892 5.371 -6.424 2.42263
0.183 3.619 -7.625 2.68867
2.319 3.670 -8.916 1.51468
0.000 4.855 -9.677 3.10945
0.124 5.146 -9.715 2.15593
1.507 3.733 -5.721 1.91323
0.636 2.216 -5.116 1.69699
0.294 3.189 -8.427 2.78871
0.000 2.169 -8.508 1.77461
0.552 -0.128 -7.548 1.53806
0.025 1.625 -7.580 1.85720
0.292 0.045 -11.042 2.32161
0.000 0.522 -11.378 1.64333
0.001 0.281 -9.909 1.91832
0.000 0.514 -10.066 1.78886
0.000 0.439 -10.016 1.55430
0.000 -3.190 -17.046 3.10839
0.034 -1.359 -17.143 1.41498
0.000 1.750 -15.592 1.50166
0.391 2.529 -13.506 1.72545
0.000 2.864 -11.616 2.28576
0.000 2.827 -8.369 2.43958
0.050 1.768 -8.391 3.11792
0.036 -0.404 -10.192 3.18210
0.045 0.468 -17.724 5.45414
0.000 -5.350 -18.909 3.56878
0.000 0.688 -19.022 2.83665
0.000 0.403 -14.517 3.03361
0.000 0.307 -14.704 1.75594
0.000 -0.475 -10.612 1.92529
0.073 -2.835 -10.780 1.80235
0.000 0.442 -11.772 2.96631
0.000 -1.873 -11.913 2.26607
0.001 -5.368 -11.331 1.74304
0.332 -4.087 -11.640 3.54631
0.000 -7.376 -22.475 3.65134
0.000 -4.195 -22.601 3.43464
0.000 -2.120 -18.622 2.96764
0.000 -3.146 -18.519 2.93581
0.000 -3.405 -20.568 3.88753
0.000 -2.390 -20.904 2.86448
0.000 1.141 -16.717 3.54743
0.001 -3.274 -18.856 2.54598
0.372 0.587 -19.036 2.71051
0.069 -0.334 -17.879 3.56432
0.000 -1.310 -18.510 3.21300
0.000 2.075 -17.576 2.37433
0.042 0.500 -15.432 2.67769
0.000 -0.558 -15.196 2.03738
0.000 -3.294 -16.414 2.98766
0.000 -5.620 -15.648 2.79954
0.000 -5.717 -19.333 3.59873
0.973 -3.338 -19.579 4.61496
0.000 -3.952 -19.815 2.91687
0.000 -4.490 -13.908 1.37391
0.024 -3.948 -19.982 3.76224
0.000 -5.057 -20.174 4.20238
0.000 -3.831 -18.371 2.79712
0.000 -4.597 -18.653 2.04610
0.004 -7.236 -14.127 1.17213
0.000 -6.321 -13.825 2.87389
0.322 -6.804 -13.918 1.38443
0.000 -4.447 -12.818 2.73446
0.000 -8.030 -21.270 2.51065
0.000 -6.746 -21.601 2.73893
0.000 -3.574 -21.037 2.29538
0.439 -5.280 -14.102 1.68597
0.000 -4.154 -16.460 4.35223
0.000 -2.519 -17.631 4.54531
0.426 -5.204 -21.490 5.44343
0.000 -5.905 -21.802 3.77897
0.000 -2.814 -20.514 3.62758
2.486 -2.327 -19.953 4.43937
0.000 -3.819 -21.914 4.03733
2.561 -3.636 -22.243 2.79593
0.130 -1.204 -19.176 3.80003
0.000 -7.373 -20.635 3.43420
0.000 -12.027 -23.775 4.38825
0.000 -7.329 -24.048 3.77951
0.003 -6.186 -22.044 2.44449
0.000 -7.424 -22.519 2.76623
1.187 -4.983 -22.696 2.75593
0.006 -7.577 -17.409 2.67396
0.000 -10.251 -23.925 4.53226
0.000 -3.629 -24.024 3.48835
0.641 -5.617 -18.270 3.75373
0.076 -5.624 -17.272 3.96448
0.320 -8.830 -22.151 3.46167
0.260 -7.432 -22.313 2.89006
0.000 -10.584 -23.927 3.91570
0.000 -6.003 -24.310 3.04966
0.037 -4.888 -18.771 2.76073
0.000 -4.588 -16.150 3.38705
0.000 -6.311 -21.574 4.24503
0.000 -11.297 -25.409 3.70691
0.000 -6.878 -25.464 3.54986
0.000 -2.656 -20.231 3.57135
0.238 -7.552 -23.902 4.86957
0.000 -8.019 -25.716 4.58830
0.014 -8.110 -25.996 3.47310
0.000 -5.080 -22.596 2.88181
2.900 -4.747 -20.229 1.68830
0.000 -3.648 -20.475 3.10402
0.000 -4.182 -18.104 3.30507
0.000 -2.853 -16.044 2.45879
0.000 -2.864 -16.343 3.98448
0.000 -2.822 -16.009 4.16420
0.000 -6.331 -15.150 3.80806
0.000 -7.230 -24.390 5.31988
0.470 -8.924 -24.868 5.49429
0.000 -2.645 -17.852 2.99794
0.000 -3.216 -16.551 5.25759
0.000 -7.142 -22.815 5.26420
0.007 -6.801 -23.479 4.54649
0.040 -8.543 -23.562 4.82913
0.000 -2.248 -22.849 5.15595
0.000 -3.372 -17.667 4.30309
0.001 -1.273 -13.749 5.22175
0.000 1.146 -13.766 4.90580
2.265 -3.746 -20.282 4.31109
0.000 -7.150 -21.955 3.44497
0.000 -4.570 -18.424 2.88697
0.000 -4.466 -23.004 4.32460
0.000 -2.516 -22.779 4.92182
0.000 -2.818 -14.114 3.37925
0.000 -2.656 -17.705 3.91567
0.000 -3.272 -17.564 3.17602
0.000 -6.223 -23.044 4.37464
0.000 -5.115 -23.107 3.86778
0.003 -4.105 -15.807 3.93646
0.000 -5.947 -21.101 5.83617
0.000 -2.152 -21.177 4.39676
0.002 -1.503 -15.824 4.76631
0.160 -3.849 -17.137 4.93881
0.000 -4.311 -17.445 4.57166
0.229 -3.446 -15.252 2.84718
0.000 -6.694 -18.944 3.94093
0.000 -5.327 -18.778 3.65205
0.000 -4.566 -17.609 3.72297
0.009 -6.830 -23.739 4.37802
0.000 -5.410 -23.734 4.36096
0.000 -0.289 -20.075 3.26216
0.000 -2.605 -14.262 2.74462
0.000 -3.729 -11.719 1.40636
0.000 -4.678 -16.205 2.52584
0.000 -4.905 -15.592 3.19903
0.171 -5.365 -21.427 3.79685
0.000 -6.287 -21.354 2.91229
0.000 -4.037 -18.899 3.09764
0.000 -1.056 -18.829 3.87129
0.000 -0.866 -17.874 5.00547
0.000 -0.284 -13.147 4.57754
0.169 3.689 -11.718 4.22935
0.509 0.724 -11.108 3.44778
0.000 1.440 -17.088 5.03018
0.372 -0.184 -16.593 3.78649
0.305 1.354 -11.449 3.07216
1.295 0.210 -11.035 4.20359
0.450 -1.250 -13.987 2.49920
0.000 0.637 -14.079 4.21151
0.004 -0.594 -12.340 3.70331
0.000 -2.521 -18.030 2.56014
0.008 -0.699 -17.107 4.01295
0.260 1.057 -12.930 3.71943
0.619 2.400 -12.508 4.41643
0.000 -3.688 -19.303 2.69605
0.000 1.933 -18.317 3.13543
3.589 1.281 -11.120 1.23574
2.119 5.432 -10.281 2.71697
0.342 0.400 -6.195 1.77608
3.779 0.587 -10.606 2.00367
0.628 -1.200 -14.918 2.29868
0.000 0.906 -14.561 2.56030
0.224 -3.516 -15.177 3.85391
0.000 -1.476 -15.954 2.57776
0.000 4.099 -14.119 2.07861
0.332 5.366 -8.703 4.59814
1.626 1.847 -11.975 3.20283
0.000 5.543 -10.225 2.65648
0.000 4.974 -6.555 3.34166
0.030 9.040 -6.211 3.82518
0.211 7.695 -5.317 3.58008
1.525 11.227 -4.217 3.91295
0.273 7.436 -6.217 2.23111
3.823 7.253 -4.486 1.34146
1.589 6.308 -5.724 2.45952
0.045 11.026 -4.659 2.03876
4.797 9.540 -4.262 2.43562
0.371 6.535 -4.235 2.25448
1.048 2.822 -4.885 1.72046
2.989 3.465 -6.608 1.37181
0.565 6.940 -5.481 1.21751
0.681 9.146 -5.548 1.56666
0.000 9.802 -5.094 1.90302
0.367 13.387 -4.789 2.82328
0.760 13.034 -4.233 3.41139
3.769 12.171 -3.139 2.77401
2.164 11.533 -5.424 2.45955
0.331 10.598 -4.488 2.84979
1.579 10.821 -4.483 1.82674
1.645 12.400 -4.349 3.46415
1.679 12.197 -2.787 3.86759
1.502 14.338 -0.918 3.79783
6.061 12.268 -3.387 2.32718
3.696 13.624 -2.144 2.96668
0.000 7.773 -7.017 2.36519
0.635 7.893 -3.863 3.83117
2.095 9.120 -7.484 3.94766
0.564 7.039 -5.980 3.39082
0.976 8.949 -4.078 3.96551
1.559 10.951 -4.228 2.39536
3.776 10.468 -4.478 2.93369
0.729 9.818 -4.830 2.63216
1.150 8.744 -4.908 2.01160
1.486 10.175 -5.298 2.77191
0.623 12.164 -1.601 2.48385
4.140 10.093 -4.540 2.67633
2.661 13.263 -1.776 1.78347
3.165 12.541 -2.796 1.90154
7.274 12.159 -2.017 2.41412
2.131 10.046 -3.540 2.02175
4.362 12.784 -3.820 2.27953
0.204 8.530 -3.220 1.35116
3.130 11.181 -4.440 1.77677
0.000 13.971 -2.354 1.83915
2.015 12.019 -1.303 2.45875
1.716 14.081 -0.798 1.92470
2.200 13.228 -0.324 2.33381
6.170 11.240 -2.419 2.36726
0.682 4.647 -3.340 1.96799
0.788 7.786 -6.215 2.62579
0.819 9.223 -4.184 1.58754
0.006 12.618 -4.065 2.38405
1.656 14.403 -2.718 3.01666
0.184 11.729 -3.131 2.52931
0.553 13.258 -2.311 2.10652
1.813 17.215 -1.585 3.01826
3.490 15.879 -0.141 2.19235
5.846 14.516 -2.705 2.39080
5.910 13.711 -0.526 1.74943
2.072 13.006 -1.888 2.34509
0.000 13.831 0.241 1.66870
0.000 15.764 0.709 2.09730
0.018 15.625 0.652 2.61859
3.039 17.513 0.344 2.21550
6.858 16.417 1.060 1.46821
0.501 16.932 0.812 1.88439
0.000 12.719 -1.184 2.47941
1.034 15.384 -0.216 3.01879
0.579 15.801 0.738 2.90234
6.379 14.402 1.681 1.71030
3.340 16.606 0.988 1.95961
2.971 17.594 2.264 2.37245
6.495 17.836 2.825 1.54721
7.137 15.171 2.763 1.18783
4.729 18.150 1.742 1.19090
9.914 17.813 1.493 2.79022
17.910 17.147 1.514 2.24902
3.082 15.972 2.605 1.38914
20.064 15.849 2.815 1.17097
0.415 15.110 1.492 1.71518
11.730 16.385 1.940 1.20705
3.183 16.404 2.175 1.10947
0.149 14.821 1.683 2.47905
0.862 15.338 2.447 1.55966
10.273 15.983 3.316 1.50088
8.644 16.283 1.840 2.40514
3.575 15.213 -2.035 2.23171
0.000 14.379 -1.579 1.62340
0.173 15.571 1.364 1.10121
3.582 16.178 -2.541 2.37692
0.096 14.732 0.896 1.51474
0.318 13.465 -1.081 1.91026
5.276 14.070 0.041 1.46913
16.431 10.783 -2.546 2.10332
5.541 11.176 -0.918 1.44262
1.849 15.568 0.821 2.74317
1.807 15.430 -0.702 2.02114
5.191 15.066 -1.098 1.48210
0.090 14.663 1.518 0.98464
3.711 15.629 1.515 2.20948
0.148 14.889 -0.100 1.81070
0.000 14.789 1.392 0.89715
0.049 13.307 -1.323 1.16065
0.000 13.484 -0.328 1.57154
0.000 14.360 -0.144 1.05830
0.218 17.399 1.102 1.15444
2.353 16.939 2.232 1.49784
4.386 16.115 1.882 1.65558
0.058 14.069 0.656 2.07965
0.000 14.613 1.521 1.78340
0.000 15.025 0.956 1.83448
12.383 14.188 -1.080 2.40966
0.000 14.755 -0.420 1.60939
6.122 15.439 1.386 2.34909
7.434 15.014 -0.714 2.26526
0.000 14.114 -0.498 2.10844
11.080 14.453 1.484 2.18739
3.577 14.315 -0.832 2.34978
0.200 10.695 -1.880 1.52509
0.000 13.918 -0.377 1.23633
0.000 14.509 0.407 1.25899
0.000 14.839 1.198 1.01444
1.226 15.148 0.763 1.25392
0.000 14.017 -0.753 2.07943
0.000 15.042 -0.727 0.92434
0.000 17.142 0.432 1.18511
0.000 17.196 2.661 1.39037
4.973 17.460 2.622 1.78205
3.329 16.957 2.967 1.92449
3.062 17.331 2.656 1.54683
20.191 17.491 2.422 1.17040
0.116 16.234 2.627 1.82982
5.770 17.122 3.836 1.05237
1.820 16.294 3.321 1.17119
6.670 16.567 0.976 1.56051
0.000 17.046 -0.430 1.76204
0.085 18.034 1.829 1.42227
2.079 17.759 2.519 1.14211
0.098 16.992 3.329 0.91494
3.319 16.697 2.217 0.85060
1.890 13.002 -1.051 1.89879
0.000 15.244 0.410 1.14386
4.476 15.432 0.537 1.40195
9.753 14.250 2.256 1.58492
4.306 15.530 -0.347 1.48079
1.980 14.729 1.054 1.53592
2.708 15.951 0.089 1.15895
5.090 14.528 1.925 1.34422
1.635 14.482 0.822 1.54538
0.891 15.298 1.528 1.33376
3.496 17.226 0.308 1.39894
0.057 15.049 1.628 1.22240
17.013 17.101 0.949 1.64258
9.024 14.741 0.976 1.66219
6.558 14.857 1.213 1.21373
19.044 13.660 0.254 1.20963
1.127 14.816 -0.927 1.81936
7.731 14.729 -0.140 2.29679
0.772 13.306 -0.174 1.62537
18.513 14.352 -2.574 2.56392
1.024 10.672 -3.301 1.55452
0.184 7.953 -4.065 0.94009
0.080 8.072 -3.521 0.93348
7.111 9.263 -3.642 1.00452
1.891 6.569 -4.457 1.72520
0.142 6.063 -5.314 1.46380
0.000 9.213 -4.793 1.90766
0.000 9.943 -4.136 1.77042
0.000 10.216 -2.917 0.93822
0.501 9.537 -2.569 1.40899
1.146 8.616 -4.060 1.24104
0.017 12.261 -3.194 2.61850
0.750 10.232 -3.460 1.87848
0.000 12.669 -2.716 1.83021
5.030 11.709 -2.208 1.97813
1.870 10.475 -2.673 1.30947
1.946 12.546 -3.128 1.94807
4.359 12.234 -2.904 1.42026
0.658 10.142 -3.144 1.04730
2.435 10.366 -3.879 2.17681
4.310 8.008 -3.507 1.49601
0.723 6.253 -4.970 1.77926
0.160 6.685 -4.697 1.96015
2.538 4.164 -5.595 0.85269
0.065 5.467 -4.637 1.56936
0.247 1.545 -5.092 1.71586
0.043 4.705 -7.623 2.34162
0.000 3.985 -10.693 1.91316
0.000 2.793 -10.748 1.62020
0.565 5.212 -9.034 1.83078
0.175 5.433 -5.815 2.60643
1.364 2.930 -5.601 1.65941
1.474 3.838 -7.732 2.68865
0.893 3.818 -10.246 2.87228
0.810 5.794 -10.306 2.50639
1.559 5.825 -6.471 3.07658
0.912 5.706 -6.786 2.52056
0.224 3.265 -9.914 2.44199
0.133 0.656 -12.009 2.93930
0.048 3.115 -12.207 2.58242
0.000 4.858 -9.862 2.01000
0.385 4.888 -7.205 2.15926
0.000 1.437 -8.858 1.51527
0.000 1.389 -13.283 1.18819
0.000 2.934 -13.419 2.16512
0.609 2.552 -11.357 1.91423
0.220 1.313 -9.523 1.94759
0.273 0.500 -15.390 3.20257
0.000 -0.018 -15.697 2.74224
0.000 2.827 -13.515 2.91456
0.249 3.730 -10.065 2.97199
0.352 0.160 -7.676 1.62604
1.847 3.586 -10.539 2.33025
0.000 3.596 -10.907 3.42564
0.090 1.310 -12.719 3.25790
0.000 2.987 -13.030 2.94388
0.001 5.359 -12.318 2.63688
0.023 3.963 -8.857 3.29052
0.000 3.406 -8.937 4.82475
0.021 0.412 -12.332 2.47157
0.000 1.192 -14.725 3.07098
0.000 1.863 -15.124 3.30353
0.021 0.049 -14.975 3.41592
0.223 2.405 -13.527 2.59924
0.032 3.875 -13.479 4.11701
0.006 4.556 -10.911 3.68177
0.719 2.171 -11.623 3.76831
0.104 1.416 -12.122 3.05514
0.475 0.016 -15.578 3.44558
0.000 1.669 -15.584 2.66256
0.348 0.785 -13.187 4.02691
1.804 0.219 -13.293 3.20433
0.000 -3.724 -17.801 4.46383
0.000 -4.335 -18.067 2.81857
0.000 -3.120 -14.174 2.55644
0.000 -7.534 -14.478 1.48562
0.000 -10.013 -23.639 3.32972
0.012 -5.160 -23.913 2.42033
0.000 -1.463 -20.218 2.24757
0.000 -2.641 -19.948 2.33068
0.000 -4.885 -19.149 1.76748
0.000 -6.612 -21.384 4.19703
0.000 -3.944 -21.710 2.39390
0.019 -3.952 -16.953 1.62604
0.000 -2.560 -16.952 3.34994
0.000 -0.485 -13.260 3.24149
0.006 -3.224 -13.381 4.31286
0.000 -5.343 -13.461 4.48618
0.000 -5.881 -17.052 4.03127
0.000 -7.744 -21.374 3.66601
0.000 -8.523 -22.289 4.15920
0.000 -7.719 -21.690 3.04624
0.000 -4.846 -13.881 3.83950
0.000 -5.853 -16.470 4.03011
0.000 -4.269 -21.645 4.20706
0.000 -5.353 -21.839 2.78287
0.000 -4.349 -22.691 3.36906
0.000 -8.968 -22.963 2.70965
0.211 -11.448 -18.811 2.46504
0.000 -13.734 -25.965 2.23101
0.000 -8.285 -26.260 3.69046
0.000 -5.588 -23.563 2.75218
0.000 -4.436 -20.805 2.16848
0.000 -3.535 -19.357 3.16745
0.000 -5.111 -19.697 3.10543
0.000 -5.589 -17.597 2.59372
0.004 -6.838 -15.769 1.67677
0.000 -5.668 -14.560 2.33905
0.524 -8.455 -21.484 2.88349
0.000 -10.626 -22.403 4.32493
0.000 -5.341 -18.839 2.86748
0.011 -5.830 -18.266 3.17343
0.000 -5.543 -18.264 3.57819
0.000 -11.507 -26.443 4.43656
0.000 -9.176 -26.636 4.24549
0.013 -6.217 -23.409 4.75549
0.000 -1.299 -18.973 3.36519
0.000 -1.823 -19.561 3.97276
0.000 -5.447 -21.287 3.86714
0.000 -4.052 -21.496 3.37690
0.000 -1.311 -18.390 3.73878
0.000 -3.987 -18.274 3.45328
0.000 -5.980 -19.169 3.78062
0.041 -10.562 -23.307 4.06639
0.000 -9.508 -23.020 3.88483
0.000 -8.623 -22.025 3.85708
0.000 -10.761 -21.145 3.20499
0.000 -13.860 -27.061 2.43428
0.000 -10.040 -27.281 2.92324
0.000 -8.367 -20.507 2.98674
0.000 -8.528 -23.634 3.47156
0.000 -8.751 -23.962 3.14877
0.000 -5.785 -22.687 1.53710
0.000 -6.097 -15.861 1.91716
0.000 -7.624 -22.227 3.26757
0.000 -6.775 -21.853 2.96620
0.000 -10.024 -24.514 2.31391
0.000 -8.392 -24.804 3.46918
0.000 -5.603 -23.822 2.33505
0.000 -6.894 -20.918 2.88984
0.104 -7.996 -21.096 2.88080
0.000 -6.408 -15.240 2.53966
0.000 -6.317 -16.983 2.56583
0.000 -6.730 -23.668 3.37137
0.000 -5.585 -23.757 3.38155
0.000 -3.524 -22.323 3.15996
0.000 -1.899 -22.028 3.09146
0.631 -1.461 -16.924 3.63848
0.000 -2.500 -14.241 2.09989
0.000 -2.091 -19.490 3.36040
0.000 -1.277 -19.421 3.88772
0.000 -2.728 -13.741 3.09148
0.000 -5.815 -19.309 4.07671
0.000 -1.020 -19.032 4.45244
0.000 -5.617 -20.057 3.13231
0.000 -2.283 -20.100 2.04640
0.000 -3.340 -14.434 1.27536
0.000 -1.378 -17.155 3.17256
0.000 -3.198 -17.132 1.80885
0.000 -2.175 -14.240 1.78216
0.000 -1.640 -13.808 2.18148
0.000 -4.905 -20.959 2.21061
0.000 -2.140 -21.023 2.16908
0.000 0.930 -18.274 2.12672
0.000 -0.757 -13.248 3.32769
0.000 -1.588 -16.531 3.35643
0.000 -2.463 -16.578 2.82653
0.000 -1.668 -15.180 2.17371
0.317 -1.433 -15.556 2.75319
0.000 0.308 -15.496 2.72358
0.000 0.535 -10.796 3.79870
0.000 -2.187 -18.407 4.94245
0.000 -3.033 -18.432 3.37095
0.007 -0.320 -17.499 4.16567
0.628 -0.332 -14.381 5.44617
0.000 1.034 -15.887 4.48885
0.154 3.094 -15.560 3.26736
1.479 4.564 -10.134 3.55917
5.336 0.890 -9.032 3.21083
0.001 -0.978 -11.953 2.20479
0.000 -0.006 -17.805 3.35790
0.000 -2.303 -17.368 1.98744
0.030 -0.368 -14.583 2.05071
0.904 -1.713 -12.552 2.17169
0.576 -1.032 -15.043 2.42816
0.000 -0.044 -14.504 2.05884
0.001 2.287 -13.623 2.12195
0.000 2.103 -13.370 2.71589
0.286 6.111 -12.491 3.38063
0.871 2.570 -9.646 3.89250
0.219 6.960 -8.750 3.55060
1.998 6.773 -5.657 6.56899
0.000 5.335 -4.923 6.01653
0.531 2.970 -9.583 5.97393
0.722 5.413 -8.511 4.65413
0.000 6.902 -7.449 3.25326
1.736 3.735 -5.901 3.37263
0.274 1.813 -5.571 2.43354
0.383 -0.439 -9.253 2.52128
0.203 -0.641 -11.133 2.13072
0.472 2.357 -10.570 3.18893
1.175 0.851 -10.317 2.04069
0.499 2.968 -9.705 2.95242
7.969 3.791 -7.696 2.05646
0.722 2.915 -7.745 3.29637
0.325 5.192 -6.782 1.97193
1.330 3.389 -7.415 3.23124
0.000 4.088 -6.450 3.17336
0.078 9.557 -5.775 3.58080
0.991 10.962 -5.230 3.07972
0.119 10.711 -4.949 2.92701
3.313 8.741 -4.709 3.32122
0.899 9.720 -4.460 1.93662
0.689 4.746 -6.051 2.51322
1.106 8.844 -6.674 3.87478
0.219 7.886 -5.199 3.15279
9.542 3.617 -8.432 3.75327
1.294 0.359 -9.301 1.91439
0.091 1.502 -7.893 1.55154
2.038 2.306 -9.583 2.52483
0.879 2.273 -7.747 3.36546
1.164 4.586 -5.980 1.21428
0.064 5.061 -4.891 1.18116
5.188 5.534 -5.042 1.83291
0.507 3.606 -7.926 2.10653
0.208 7.574 -5.012 2.11662
0.000 10.355 -3.640 1.39258
0.130 12.283 -3.841 2.00055
6.009 11.584 -4.372 2.08370
1.429 12.221 -3.462 2.96136
4.379 10.083 -5.289 4.09971
4.885 7.634 -3.992 3.16874
5.114 6.315 -8.913 4.50433
0.000 6.341 -6.270 3.34985
1.692 9.879 -4.893 3.04777
1.650 8.350 -3.951 1.93357
0.967 9.929 -6.829 4.40987
0.460 8.496 -3.869 2.10871
3.120 11.262 -5.974 3.19073
0.047 12.164 -5.972 3.33004
0.474 9.514 -3.468 1.33722
5.324 11.831 -3.039 1.54976
0.290 11.121 -3.566 2.01082
3.486 13.139 -1.019 3.15970
5.604 10.823 -0.502 1.15872
8.987 8.824 -2.307 1.72383
0.709 9.723 -2.846 1.20704
10.524 9.677 -3.376 2.05174
2.641 6.480 -4.967 2.11700
0.596 8.103 -3.903 1.72136
0.000 6.263 -7.586 2.52946
0.385 2.667 -5.844 1.68898
1.330 5.065 -6.461 3.01085
0.355 9.293 -3.028 2.32180
1.300 5.103 -4.998 1.33719
0.921 13.469 -2.043 2.21053
8.931 9.512 -4.611 2.19934
3.764 7.615 -3.718 1.41583
1.844 7.683 -4.141 1.45298
0.627 9.016 -3.123 1.87098
7.704 9.678 -0.239 1.75706
9.584 12.056 -1.914 1.71226
1.283 12.217 -2.659 3.05552
1.700 10.973 -1.033 1.10102
1.491 12.577 -2.089 1.93707
5.076 14.304 -2.261 2.71714
4.914 16.007 -0.827 2.95738
0.728 16.094 -0.838 2.59606
0.708 16.532 -0.929 1.71058
0.758 15.830 1.844 1.86065
5.605 16.440 0.557 1.78450
4.685 14.493 -0.043 2.43234
13.858 16.266 -0.328 1.63684
7.823 16.476 1.466 2.69920
1.889 16.332 3.064 2.11299
31.610 15.041 2.438 1.73697
8.823 15.684 -1.068 2.65644
1.640 12.707 -2.187 1.43235
0.000 13.856 0.440 1.97211
0.000 16.127 0.556 1.35896
7.506 14.499 0.595 2.48827
2.310 15.907 0.935 2.53880
2.277 14.375 0.601 1.19564
5.586 15.410 0.875 1.08233
0.449 16.087 2.803 0.95064
3.564 16.083 0.462 1.36226
2.281 15.038 0.748 1.57458
7.986 14.987 1.016 1.89123
1.841 14.579 0.766 1.78365
8.165 14.692 2.093 1.32943
5.553 15.653 0.948 1.64768
11.338 16.418 1.472 1.86584
3.417 17.215 2.175 1.09906
1.960 17.390 4.104 1.11683
9.859 16.967 0.934 1.75069
23.129 17.221 2.364 2.18753
1.185 15.403 1.128 1.21836
3.159 15.769 2.592 1.70749
34.574 17.409 3.186 1.82108
4.335 17.003 3.015 1.18260
6.610 16.681 5.316 1.22473
0.019 16.779 1.703 2.12365
25.189 16.932 0.305 1.62706
0.552 15.782 1.348 1.64817
7.424 12.913 0.128 2.26785
1.019 14.406 0.431 1.88934
7.543 15.162 1.601 1.93914
4.733 15.414 1.282 2.10796
23.347 15.743 1.564 1.66291
4.622 16.123 2.535 1.81241
0.000 15.215 -1.233 2.06268
0.000 15.706 -0.457 1.64834
6.320 17.412 2.648 1.27372
4.501 12.355 0.459 1.86570
5.065 15.940 2.386 1.24560
2.159 15.695 2.665 1.01322
4.215 14.983 -0.123 1.03139
0.000 15.270 1.418 1.45292
9.024 16.109 3.229 1.72608
4.598 16.035 1.665 1.87318
8.821 17.309 1.835 1.89456
0.000 17.689 2.246 1.65379
14.170 17.981 3.235 1.45697
3.525 16.970 4.727 1.70046
11.206 15.566 3.565 1.50021
0.890 16.500 3.506 1.42311
11.142 16.398 1.857 1.97898
2.554 15.324 -1.163 1.87247
3.439 14.974 0.861 1.28764
6.469 15.795 1.529 1.70124
0.772 13.837 1.388 1.54857
1.810 14.470 1.042 1.25331
4.690 14.649 -2.427 1.84103
0.000 12.089 -1.982 1.80472
0.013 12.977 -2.138 0.88089
0.000 13.691 -0.807 1.34295
0.019 15.156 -0.460 1.88247
3.846 15.263 1.755 1.59174
11.297 16.047 -0.090 2.18292
0.000 13.256 -0.281 1.44163
0.048 14.373 -1.081 1.24422
0.000 15.269 -2.274 1.18251
0.175 16.561 -0.404 1.16478
1.552 16.373 1.784 1.71410
10.426 15.293 1.657 2.11578
17.580 15.786 -1.659 2.28319
0.000 14.734 -0.089 1.21091
0.000 16.017 0.880 1.13262
0.552 12.986 -1.645 2.44889
1.601 12.786 -3.379 2.49156
3.771 12.479 -3.448 2.35536
1.590 12.939 -3.182 2.44522
0.673 12.772 -3.029 2.71506
2.165 11.373 -2.994 1.95411
2.139 12.941 -4.770 2.87478
10.647 13.659 -3.870 2.54160
0.237 14.689 -3.078 3.00210
5.107 14.845 -4.906 2.99722
7.243 15.001 -4.337 2.70780
0.131 14.368 -3.633 2.96982
2.675 14.180 -5.269 2.99507
1.921 13.466 -5.271 2.89860
32.613 13.341 -6.752 2.48886
3.684 12.010 -6.670 2.38025
1.515 10.951 -5.429 1.84623
3.070 10.885 -5.684 1.59775
16.453 9.140 -6.813 3.23251
21.221 0.640 -6.868 2.28423
2.327 2.983 -6.438 1.43681
0.000 4.987 -5.788 2.05856
32.230 7.044 -4.450 2.51670
7.038 8.973 -4.233 2.75113
6.293 9.623 -3.844 2.70927
2.380 8.812 -4.108 2.76024
1.170 5.340 -6.172 3.44145
0.024 5.260 -6.661 2.24820
0.747 7.546 -6.240 2.61755
0.007 8.763 -5.975 2.78877
3.549 8.558 -5.749 2.91407
2.811 7.441 -5.255 3.08185
1.180 8.215 -5.255 2.59791
0.564 4.589 -3.802 2.24505
0.686 2.763 -6.106 3.00719
0.000 -0.339 -9.664 2.44517
0.000 -2.667 -11.428 1.33087
0.030 0.718 -12.168 1.56498
0.000 -0.575 -15.088 2.50694
0.000 1.503 -15.239 2.07467
0.000 3.376 -12.381 1.66169
0.000 4.702 -10.028 1.67718
0.000 5.509 -10.578 2.61758
0.000 4.593 -10.897 1.89365
0.214 4.348 -10.108 1.48138
0.031 6.405 -10.127 2.53707
0.000 5.905 -9.556 3.38533
0.000 0.205 -13.170 3.86731
1.333 -0.383 -13.286 2.76383
0.036 0.898 -12.807 3.38633
0.110 -0.548 -11.893 4.43413
0.884 -2.080 -11.786 3.36295
0.379 -5.902 -18.427 2.82677
0.000 -3.102 -18.445 3.43452
0.089 -1.761 -15.095 2.91676
3.823 0.825 -12.886 3.98290
0.117 2.085 -12.133 3.64180
0.000 0.679 -17.015 3.06660
0.000 -2.802 -17.653 3.15610
0.000 -0.834 -17.614 3.46189
0.000 0.571 -12.852 4.62445
0.000 1.101 -13.969 4.09731
0.695 -3.218 -15.723 2.19462
0.023 -3.615 -16.318 2.75706
0.000 -4.151 -17.236 3.27304
0.038 -3.853 -17.159 2.89319
0.061 -1.924 -17.742 3.52601
0.000 -4.171 -18.091 3.84081
0.000 -0.987 -16.005 4.24197
0.000 -0.632 -15.617 4.06494
0.000 -0.007 -16.147 4.52034
0.000 -0.349 -16.756 4.04829
0.000 0.473 -16.746 4.53919
0.000 -2.583 -18.467 4.53389
0.000 -2.656 -19.014 4.45554
0.000 -1.811 -19.153 3.90759
0.012 -2.266 -18.174 4.24032
0.814 -4.167 -17.793 4.47602
0.009 -5.842 -18.650 3.31658
0.000 -7.060 -22.449 3.71234
0.000 -5.429 -23.020 3.47309
0.000 -1.593 -19.493 3.45969
0.030 -1.285 -16.916 4.15195
0.264 -1.703 -17.690 3.18600
0.248 -1.477 -15.448 3.36416
0.000 -6.765 -20.333 3.38685
0.090 -5.406 -20.852 3.75090
0.235 -2.982 -20.590 3.54499
0.000 -2.027 -21.110 4.23282
0.000 -4.875 -21.452 2.24542
1.914 -0.184 -19.921 3.11517
0.000 -3.395 -20.960 4.08999
0.000 16.460 0.070 1.67219
0.000 16.770 2.036 1.45751
0.000 15.170 2.559 1.81817
0.001 14.722 1.622 0.93751
0.000 13.140 0.841 1.31079
0.000 13.665 0.377 1.19894
0.000 15.038 -0.129 1.81207
0.000 15.582 0.564 1.55627
0.000 14.368 2.099 1.67977
0.000 15.751 1.293 1.50669
0.000 13.794 -0.052 0.94834
0.000 14.449 -1.004 1.01098
0.000 15.526 -0.169 1.13346
0.000 14.741 -0.259 1.72920
0.815 14.256 0.189 2.16681
0.000 13.519 -2.848 1.89965
0.000 13.306 -2.155 1.27065
0.009 15.370 -0.346 1.91316
0.000 15.769 0.387 2.23559
0.006 14.266 -0.747 2.25093
0.000 7.483 -1.319 1.32321
0.000 9.304 -1.679 1.10175
0.000 10.676 -1.216 1.92720
0.038 11.948 -0.694 2.17595
0.000 10.027 -1.625 0.99902
0.000 11.493 -1.737 1.66913
0.000 13.092 -2.532 2.50213
0.000 12.779 -2.505 2.27525
0.000 13.305 -2.360 2.14206
0.000 12.880 -2.853 2.38035
0.000 -1.745 -21.063 4.65068
0.000 -1.486 -18.084 5.45231
0.000 -0.292 -14.312 6.55550
0.078 0.494 -12.364 5.94374
0.000 0.138 -13.189 5.06086
0.605 -0.189 -12.860 5.47655
0.000 -1.421 -16.258 4.99263
0.000 -0.023 -16.488 5.15532
0.000 0.208 -15.285 6.15650
0.000 -3.904 -20.607 4.16726
0.000 -7.476 -21.273 2.34493
0.000 -2.447 -22.570 2.94157
0.000 -7.332 -23.114 3.89394
0.000 -2.753 -23.243 4.04642
0.000 -2.955 -21.994 3.20803
0.000 -3.988 -22.812 3.27827
0.000 -9.165 -23.250 1.94557
0.000 -1.506 -22.128 2.95222
0.194 -1.813 -18.691 3.03198
0.000 -5.596 -19.037 2.40777
0.000 -9.460 -22.508 2.05353
0.000 -3.095 -22.768 4.23921
0.000 0.156 -16.379 5.00744
0.000 -0.244 -18.842 4.60616
0.000 -1.208 -19.158 3.09165
0.000 -3.042 -19.685 4.38997
0.000 -4.166 -20.168 3.16789
0.000 -0.935 -18.972 3.50000
0.063 -1.875 -19.059 2.62385
0.000 -8.481 -16.963 1.92549
0.001 -10.010 -21.919 3.30587
0.000 -3.825 -22.074 2.87030
0.000 -2.605 -18.638 3.19042
0.000 -0.555 -17.334 2.92313
0.000 -3.461 -16.516 3.38838
0.000 -4.862 -16.688 1.77970
0.000 -4.380 -16.426 2.58572
0.000 -5.796 -20.740 2.38422
0.000 -2.613 -20.877 2.49566
0.000 0.154 -17.786 2.30750
0.000 -1.430 -14.490 2.72378
0.017 -2.444 -16.181 1.96009
0.000 1.473 -16.506 4.54102
0.000 -2.817 -16.996 2.70206
0.000 0.826 -17.082 2.87114
0.000 -2.440 -17.153 2.82797
0.075 -2.715 -17.162 1.24141
0.000 -5.256 -16.581 2.01610
0.000 -4.690 -16.543 0.88816
0.074 -5.781 -18.223 1.42440
0.000 -2.073 -18.820 2.43223
0.000 3.915 -18.802 3.17512
0.000 1.789 -13.533 2.99283
0.000 4.419 -13.655 3.94216
0.000 2.677 -15.253 3.90126
0.000 1.424 -15.317 4.28518
0.000 3.911 -13.349 3.51581
0.000 6.515 -12.812 4.33022
0.000 3.963 -14.956 4.99435
0.054 4.572 -15.035 3.02720
0.040 2.253 -13.472 3.03370
0.000 0.305 -13.554 3.68819
0.035 1.939 -11.287 3.17547
0.000 -0.738 -11.036 2.62930
0.221 -4.013 -14.373 2.25371
0.000 -1.566 -14.294 4.02768
0.000 2.582 -11.723 3.43341
0.000 1.239 -13.113 3.20280
0.021 2.162 -13.030 3.15533
0.000 0.311 -12.494 1.82138
0.000 2.921 -12.257 2.54831
0.649 1.624 -8.305 1.65606
0.000 3.333 -8.796 2.08378
0.101 4.901 -8.489 2.25205
0.000 4.959 -8.665 3.15648
0.049 4.839 -8.303 3.31243
0.554 3.605 -9.113 4.09433
0.691 3.688 -8.633 4.52366
0.026 0.321 -10.221 3.46991
0.000 1.694 -11.993 3.36377
0.000 5.255 -11.801 3.14591
0.440 6.932 -10.983 2.57995
0.200 6.269 -5.550 2.81786
1.056 3.613 -5.220 3.24515
0.709 1.039 -11.788 3.95953
0.324 3.516 -11.461 3.21029
0.224 6.036 -8.833 3.95405
1.043 6.469 -7.391 3.08286
1.659 4.721 -6.632 4.03449
4.580 2.389 -5.092 2.52487
1.179 5.188 -5.103 5.16071
1.381 3.062 -5.568 4.88319
0.499 2.794 -6.948 4.53191
0.005 -1.110 -13.382 3.74988
0.359 5.097 -12.100 3.85358
0.140 7.046 -6.047 3.24663
0.566 6.290 -5.771 2.51858
0.898 3.853 -6.311 2.54948
2.344 6.153 -5.636 3.38357
0.000 6.601 -5.824 4.81733
0.000 5.045 -4.746 3.17582
0.656 4.571 -5.695 2.46925
0.225 5.652 -7.168 3.35549
0.350 5.056 -7.170 4.43488
0.111 5.344 -7.765 3.51721
0.049 7.529 -5.635 2.90986
2.802 4.541 -6.162 2.29572
0.501 7.734 -4.188 2.28026
0.040 2.918 -7.571 2.10066
0.323 6.700 -8.161 4.29288
1.265 9.729 -5.872 3.33226
1.016 7.454 -4.783 4.19227
0.311 5.294 -7.639 4.49736
1.111 8.534 -5.364 3.13598
0.035 4.434 -7.381 2.99750
0.043 5.942 -7.158 2.88683
0.824 5.071 -7.367 3.69138
0.000 4.132 -7.054 2.90505
0.000 5.877 -5.620 1.29644
0.000 8.878 -4.388 1.41896
1.304 11.130 -4.882 2.64281
0.250 7.717 -5.027 1.22531
0.000 11.324 -3.917 2.35082
0.000 12.527 -3.808 2.82293
0.024 12.343 -5.610 2.45317
13.389 9.334 -4.737 2.41037
0.249 9.307 -4.034 1.71994
0.190 10.252 -4.679 2.41623
0.000 9.206 -3.408 2.78851
0.554 8.685 -4.169 1.69045
3.270 5.909 -5.424 1.33517
0.023 10.503 -4.363 1.14261
2.241 10.009 -4.890 3.52447
2.400 9.731 -3.467 3.58780
0.881 9.768 -5.090 3.58629
0.484 11.693 -2.625 3.32974
5.104 10.175 -1.448 2.65759
2.638 11.799 -3.502 4.18835
0.836 11.447 -1.715 2.37955
8.066 14.265 -1.456 3.91509
1.114 18.376 -1.618 4.12114
0.224 18.152 -5.048 4.59821
0.216 16.805 -2.803 2.31488
13.476 16.942 -0.454 2.81577
10.646 15.010 -2.981 3.59244
17.906 9.988 -1.334 1.60733
12.271 8.359 -1.282 1.36135
7.429 12.664 -2.774 2.15614
4.830 8.024 -2.061 1.82160
3.532 10.440 -1.485 1.47769
3.580 9.915 -3.091 1.74967
2.548 14.840 -3.124 2.42052
18.706 13.698 -2.713 3.21807
5.914 11.790 -2.240 2.30629
3.525 9.858 -2.121 1.60621
10.295 12.289 -2.590 2.17929
1.911 11.294 -2.394 1.19255
1.182 13.277 -4.578 1.76204
3.970 13.806 -4.033 2.05990
0.652 11.542 -3.350 1.39519
0.120 11.483 -3.470 1.97353
1.499 11.380 -3.162 2.29814
14.940 13.264 -3.119 2.21711
16.770 15.168 -2.645 2.34978
0.092 13.797 -2.363 2.31722
0.179 12.959 -3.407 2.17009
2.214 13.246 -3.279 1.69486
1.651 12.800 -3.153 2.71403
2.356 12.871 -2.533 2.62687
3.365 11.470 -1.378 4.07528
10.509 9.648 -2.833 2.32193
4.930 8.796 -6.169 2.34521
7.221 7.643 -6.312 2.42566
4.195 8.845 -5.963 2.31332
4.730 9.749 -4.101 2.40503
1.334 6.653 -5.487 3.24955
4.070 4.964 -4.010 2.29088
1.174 3.590 -4.164 1.77028
5.082 3.404 -9.305 2.76852
1.369 3.755 -9.393 1.90500
0.089 3.381 -8.592 2.01961
7.315 2.581 -8.848 1.95946
5.629 0.055 -7.332 2.45205
0.386 2.461 -6.411 3.35477
4.313 0.415 -7.039 2.70480
0.571 1.167 -12.759 4.05638
0.681 2.398 -12.700 3.23402
10.390 0.328 -14.606 3.40637
4.379 1.720 -14.812 1.92079
7.360 3.247 -13.507 3.12448
0.023 0.733 -13.843 2.47079
0.000 3.381 -12.958 2.93390
0.255 3.218 -13.286 2.52002
16.123 3.856 -13.433 2.75049
3.580 2.735 -14.982 2.59919
3.138 0.613 -15.360 2.67109
1.284 3.922 -12.874 3.31225
1.618 0.763 -13.198 2.38190
0.000 0.768 -13.675 2.84490
0.905 4.967 -13.637 4.11971
0.446 5.222 -12.767 4.67159
0.116 2.746 -13.111 3.10980
0.000 2.312 -11.200 2.34416
0.000 0.273 -12.236 2.83776
0.394 -2.464 -16.144 2.15722
3.755 -2.763 -16.427 1.88509
0.000 -2.694 -14.202 1.25396
0.000 -3.562 -15.248 1.86361
0.000 -1.321 -15.559 2.32856
0.143 -0.504 -16.575 3.12877
0.881 -2.018 -16.789 1.89306
0.000 1.182 -16.093 3.60516
0.000 2.421 -16.028 3.15367
17.246 2.754 -10.430 2.40368
3.109 -0.180 -8.700 1.53159
11.319 0.565 -12.659 1.26797
6.019 3.183 -13.096 2.38179
3.863 4.604 -11.783 2.57888
4.436 0.021 -16.654 3.91272
0.985 -2.242 -16.997 2.39770
18.952 1.662 -15.823 2.71531
9.247 -2.530 -14.449 4.26390
20.528 -6.925 -21.555 3.03327
1.140 -5.332 -21.881 3.20888
2.329 -2.623 -18.583 3.02682
5.317 -1.477 -17.167 4.57470
6.684 -1.824 -18.029 4.19970
0.212 -0.939 -18.363 3.47314
1.615 1.793 -16.612 3.59259
6.836 1.574 -14.604 3.13494
0.000 -2.921 -18.988 3.71988
0.590 -7.530 -20.450 2.22104
17.119 -5.212 -20.625 1.80706
4.036 -7.832 -18.638 2.43096
0.224 -7.878 -20.625 2.47987
1.599 -5.876 -20.737 1.82126
1.012 -7.299 -17.746 1.95638
4.466 -8.509 -19.307 2.76489
3.226 -7.289 -19.668 2.29719
1.725 -7.625 -19.979 2.97120
2.669 -4.067 -16.164 3.40038
1.853 -3.797 -16.196 2.94033
4.830 -8.700 -23.091 3.88810
0.004 9.513 -1.807 1.72619
2.199 13.119 -3.298 2.11592
3.248 9.121 -2.609 1.74946
2.235 8.958 -1.802 1.02716
0.229 10.830 -3.038 1.39798
0.000 12.219 -1.626 2.13654
0.228 8.514 -2.967 1.78685
0.000 8.891 -2.077 2.28299
0.010 10.293 -2.291 1.65544
0.060 12.605 -2.135 1.53515
0.029 12.962 -0.286 1.41156
7.147 14.083 1.205 1.85172
4.755 16.995 0.865 2.90873
5.333 17.922 1.532 2.29776
9.539 17.654 1.925 2.62796
10.344 17.668 1.595 2.20246
5.434 18.506 1.719 2.41360
1.965 18.760 1.723 2.07131
0.000 18.229 1.039 2.53273
0.000 17.738 2.221 2.19755
0.022 17.547 4.049 1.50484
4.375 15.700 2.038 1.77671
1.789 17.181 2.431 1.59678
2.136 15.640 1.128 1.61858
4.900 17.662 2.049 2.49897
1.244 17.066 2.497 2.18336
0.000 17.339 3.301 1.46271
0.000 16.419 3.900 1.79515
0.000 15.974 1.287 2.00904
0.000 16.070 0.783 1.97319
0.082 14.869 -0.559 1.71912
13.564 13.813 0.992 1.76838
3.036 15.203 1.251 1.83311
2.288 16.181 1.804 1.43662
0.629 16.202 2.172 1.79248
3.144 15.669 2.043 1.15281
0.000 16.086 2.303 1.48790
3.180 13.186 2.007 1.72748
3.478 15.890 0.168 2.53424
4.433 13.984 -0.041 1.65922
0.323 15.714 0.036 1.77238
0.061 17.523 0.690 1.18353
0.000 15.374 3.318 3.02159
0.000 15.659 2.565 1.53485
0.000 17.629 2.753 2.10588
0.278 16.409 4.070 1.63341
0.102 15.863 2.133 1.98998
0.236 15.050 1.423 1.84205
1.092 15.199 1.382 1.58461
2.640 17.214 3.648 1.46806
0.480 17.311 3.407 2.06838
1.280 18.418 5.090 1.66705
0.054 17.829 5.741 0.97200
0.633 18.026 6.668 1.17932
0.000 17.390 1.436 1.58073
2.669 16.243 -0.672 2.34992
1.331 13.847 -1.479 1.49041
0.485 14.641 0.557 1.36291
0.879 11.629 0.744 1.43611
0.016 14.262 -0.467 0.94105
0.737 15.842 1.885 1.06430
0.000 17.348 0.964 1.73035
0.235 16.732 1.283 1.85418
0.029 16.497 0.856 1.31997
0.015 15.696 2.758 1.55264
0.230 15.108 1.424 1.83857
0.004 16.896 2.225 1.64978
0.000 16.798 1.662 1.98189
0.000 15.334 2.159 1.17707
0.000 17.485 4.387 1.71645
0.000 16.214 2.307 1.66853
0.000 14.631 1.127 2.10420
0.000 14.885 0.998 1.76482
0.000 15.285 0.648 0.88957
0.006 15.941 1.721 1.21212
0.051 18.074 3.517 1.77921
0.000 17.473 4.779 1.21454
0.000 14.648 3.549 0.84328
0.044 14.087 2.778 1.27009
0.060 16.224 3.380 1.79971
0.000 17.482 2.903 1.67585
0.000 16.433 1.430 2.53453
0.000 14.398 1.243 1.58990
0.000 15.972 -0.338 1.60151
0.000 14.990 -1.472 1.69871
0.015 8.562 -1.303 1.45144
0.000 12.591 -0.704 1.04130
0.000 14.094 -2.357 1.55765
0.000 12.081 -1.077 1.43226
0.000 14.529 0.545 2.33935
0.000 12.993 0.505 1.61870
0.000 12.951 1.955 0.67577
0.010 15.134 0.949 1.03267
0.027 15.513 0.787 1.56876
0.000 15.542 1.804 1.20050
0.000 14.573 -0.736 1.61616
0.001 11.436 -2.900 2.29227
0.000 9.654 -2.768 1.57496
0.000 11.058 -2.880 1.09015
0.000 11.963 -3.289 1.38567
0.049 8.241 -2.198 1.55733
0.000 12.144 -1.981 1.17620
0.201 15.077 -0.399 1.05264
0.000 15.082 0.124 1.59408
1.114 14.160 -0.566 1.86132
0.236 15.418 -0.031 2.13504
0.000 13.080 -1.752 1.57855
0.250 11.999 -1.086 1.87650
0.498 8.342 -5.085 1.55389
0.000 8.978 -6.704 2.28703
0.000 10.234 -5.201 2.31315
2.026 13.630 -3.322 1.37500
0.000 14.210 -3.284 1.97113
0.000 11.771 -1.400 1.36600
0.000 13.161 -0.329 1.63130
0.486 10.630 -0.993 1.63335
0.000 12.414 -1.717 1.25980
0.130 7.971 -2.124 1.61998
0.000 9.941 -5.406 2.61451
0.000 11.841 -4.991 1.27047
0.369 13.152 -3.425 2.08462
0.000 13.993 -3.798 1.94204
0.000 -7.409 -23.364 3.50898
0.000 -5.323 -22.586 2.67504
0.000 -6.906 -21.550 2.27328
0.000 -5.698 -22.063 3.66108
0.219 -5.065 -19.534 3.17315
0.000 -3.264 -18.019 1.41858
0.000 -1.814 -18.615 3.16883
0.000 -3.147 -18.966 2.78800
0.000 -3.353 -17.673 2.47637
0.000 -2.908 -17.205 2.12514
0.089 -4.053 -13.829 3.08491
0.000 -5.510 -14.741 2.02305
0.000 -8.296 -19.072 3.04925
0.000 -5.776 -17.972 3.64108
0.000 -9.061 -21.884 1.94633
0.000 -9.684 -23.816 2.44402
0.000 -7.131 -23.972 2.10641
0.000 -6.308 -20.659 2.01647
0.000 -5.354 -20.599 2.81271
0.000 -6.527 -19.481 2.03231
0.000 -6.462 -18.432 2.34049
0.000 -6.329 -17.489 2.66730
0.000 -7.784 -15.106 1.40306
0.000 -6.843 -15.012 1.91131
0.000 -6.955 -14.260 2.44398
0.140 -7.220 -14.118 2.01227
0.000 -8.230 -16.697 2.40214
0.000 -10.080 -23.925 4.63165
0.000 -8.458 -24.130 3.81330
0.000 -8.018 -20.295 2.46450
0.000 -7.041 -20.643 2.33295
0.000 -10.382 -17.682 2.20556
0.000 -10.820 -22.424 2.98623
0.000 -8.572 -22.246 1.83333
0.000 -4.850 -16.868 3.28291
0.000 -5.351 -20.720 4.74734
0.000 -8.678 -21.331 6.45480
0.001 -5.375 -18.174 4.45270
0.000 -5.253 -19.185 3.35087
0.000 -2.498 -19.471 3.84208
0.000 -6.170 -20.291 3.94234
0.000 -6.379 -20.015 5.04690
0.000 -11.626 -22.190 4.04393
0.000 -7.512 -22.386 2.73684
0.000 -4.997 -20.103 2.59825
0.000 -2.975 -17.085 3.10612
0.000 -4.408 -15.074 3.43100
0.000 -6.237 -20.352 4.39931
0.000 -2.776 -20.475 3.74012
0.000 -8.029 -15.675 0.94390
0.000 -9.294 -17.639 2.17162
0.000 -11.275 -21.988 2.32283
0.000 -9.425 -22.529 4.44002
0.000 -3.844 -18.252 3.48566
0.000 -2.695 -18.198 3.15454
0.000 -3.156 -18.225 2.60385
0.000 -3.589 -19.271 4.04571
0.000 -3.436 -18.948 3.95183
0.000 -5.328 -22.068 5.16701
0.000 -2.213 -22.108 3.96779
0.000 -1.467 -18.014 3.18856
0.019 -0.568 -18.020 3.50975
0.000 0.387 -12.196 2.59980
0.050 -0.613 -20.164 5.02933
0.000 -1.424 -20.100 2.27328
0.000 5.076 -15.403 3.15846
0.096 4.583 -11.505 2.87739
0.000 3.597 -10.401 2.78710
0.000 4.379 -6.725 2.40530
0.833 4.940 -6.483 3.88209
0.384 1.282 -12.314 2.17974
0.000 4.750 -12.135 1.93651
0.000 6.021 -8.865 2.17115
0.290 7.805 -7.200 2.76078
0.110 5.354 -6.812 2.61694
0.634 7.521 -6.042 3.64752
0.000 8.519 -5.237 4.01621
0.000 12.517 -5.138 5.34840
0.010 11.317 -4.120 4.90483
0.111 8.895 -7.395 5.67126
0.000 4.958 -6.553 2.71710
0.101 8.414 -5.498 3.43364
0.020 8.269 -5.093 4.94628
0.253 4.876 -5.430 2.57739
0.028 0.602 -9.198 4.44574
0.000 2.686 -7.535 3.06270
0.000 7.015 -6.210 3.70869
0.000 10.500 -5.211 3.54269
0.000 11.061 -7.512 5.31636
3.704 2.271 -8.904 3.22615
0.790 3.469 -8.358 2.29516
0.270 7.324 -7.031 3.49751
0.918 10.407 -7.566 5.33480
0.054 3.755 -6.714 2.19023
0.370 2.513 -6.918 2.15302
0.200 4.589 -6.043 2.23595
0.329 6.654 -5.928 1.68293
0.000 6.926 -6.005 2.07347
0.000 8.146 -5.136 2.42936
1.014 9.725 -4.241 2.43596
0.000 6.189 -6.733 3.28430
0.004 8.041 -5.542 3.76465
0.304 8.863 -5.552 2.90948
2.159 10.118 -5.711 3.00386
2.694 4.909 -6.549 2.44833
0.392 2.507 -5.752 2.10585
0.320 4.100 -6.923 2.53946
0.573 4.019 -8.584 5.09898
0.209 2.492 -7.908 4.39286
0.115 8.969 -6.122 3.27764
0.625 12.327 -4.356 3.22992
0.129 10.985 -2.668 2.25030
0.925 8.215 -6.038 3.20267
0.047 8.816 -4.743 2.90178
1.263 6.660 -5.306 1.35235
0.089 10.392 -4.041 2.07189
0.296 6.250 -7.612 2.75609
1.138 11.430 -5.475 3.75008
0.000 8.080 -8.173 3.87810
0.000 5.128 -8.724 4.77321
0.000 5.830 -8.188 4.05137
0.000 4.777 -6.313 1.71738
0.164 5.355 -3.848 1.97415
0.000 10.432 -1.901 1.10860
0.000 12.258 -2.740 1.79866
0.000 14.113 -3.404 1.93987
4.338 15.200 -1.760 2.73165
0.290 6.444 -2.816 2.60518
0.425 10.739 -1.311 1.82355
4.246 13.082 -3.001 3.30173
0.143 9.870 -2.594 1.05914
0.123 13.321 -2.515 2.16426
5.501 14.530 -4.311 3.33100
1.045 12.224 -6.053 2.31258
0.000 11.290 -3.525 3.20182
9.024 13.308 -3.357 2.71604
4.505 13.551 -3.725 2.95358
3.305 7.608 -5.353 2.22726
3.686 6.386 -3.531 3.43153
12.265 7.072 -5.378 1.45273
3.539 8.859 -4.537 1.80332
1.150 12.329 -2.181 2.71868
0.606 13.171 -2.149 2.46140
0.035 14.927 -1.224 1.97949
0.263 16.990 1.024 2.40268
9.579 16.655 -1.935 2.82175
5.816 10.041 -0.986 1.67092
6.067 11.577 -2.034 1.58326
0.918 12.999 -0.988 1.17985
11.980 14.989 -1.822 2.40180
3.730 15.118 -1.418 1.97659
2.325 17.759 -0.979 2.18664
3.300 18.006 0.942 2.18090
3.536 16.481 1.021 1.78034
11.969 17.207 2.535 2.00687
3.779 16.748 0.367 1.56780
1.759 16.809 2.295 1.25105
5.820 16.731 1.138 1.55638
5.400 15.323 -1.376 2.05283
0.925 14.840 0.681 1.30401
0.945 13.510 0.294 1.68272
2.486 15.348 -0.614 2.44241
2.770 12.733 -0.034 1.42841
1.515 15.089 -0.699 1.35122
7.450 12.363 -0.506 2.29523
1.394 12.953 -0.056 1.50840
1.716 13.029 0.084 1.30611
3.951 13.931 -0.914 1.75563
9.871 15.582 -0.151 1.92290
14.580 16.265 1.264 1.94328
2.246 16.285 0.503 2.31315
7.225 17.326 3.519 1.72445
8.136 16.978 4.514 1.03038
3.301 17.430 4.989 1.63660
4.544 15.852 4.209 1.66710
3.351 16.646 1.312 1.62979
0.020 16.427 0.118 2.12384
0.596 15.371 0.496 1.96278
1.255 13.781 0.643 1.46926
0.008 13.720 -0.558 1.72801
0.204 13.178 -0.220 1.51713
0.056 15.321 -0.567 1.92953
0.000 15.682 1.238 1.19992
0.000 17.510 1.123 0.88331
0.000 18.476 0.547 2.48495
0.000 17.569 1.706 1.13559
0.000 19.132 2.463 1.28583
0.224 21.700 3.709 1.03889
0.305 20.925 4.371 1.51852
8.410 20.750 2.889 1.83563
1.991 21.783 3.874 1.52181
10.015 19.632 5.373 1.99493
1.982 19.047 3.858 1.62627
2.076 18.677 3.766 1.50138
0.060 19.791 2.116 2.13764
0.000 20.410 0.972 2.02769
0.000 20.458 2.757 1.63237
6.879 19.630 2.154 1.89221
0.145 17.875 -1.548 2.73891
0.000 15.725 -1.572 2.00706
8.003 18.795 2.353 1.62480
7.328 11.206 -3.772 1.98628
0.000 15.430 -0.799 1.25239
0.000 17.154 0.258 0.97513
2.284 18.638 2.728 0.61019
0.138 18.093 0.718 0.96593
2.754 19.460 1.800 1.04762
0.000 17.762 1.940 1.24693
4.035 17.345 1.414 1.08707
1.726 14.151 0.119 1.59558
0.000 16.490 1.712 1.19397
4.916 15.761 3.187 1.24738
0.858 18.790 3.100 1.44253
21.811 18.434 3.681 1.54655
8.352 18.138 3.181 0.99582
9.163 19.216 4.977 1.06822
0.000 19.231 4.703 1.82854
0.000 19.370 3.372 2.05590
0.000 20.051 4.812 1.83884
0.000 21.667 4.758 1.81147
1.078 22.180 6.574 1.33430
1.556 21.596 5.133 1.96051
0.740 19.796 5.270 1.18648
2.104 18.703 4.165 1.15934
0.015 19.541 4.791 1.53687
0.274 21.113 5.089 1.49559
2.056 21.035 4.749 0.89784
3.463 19.609 3.022 1.47458
0.740 20.121 4.050 0.97267
0.924 18.030 4.146 0.99582
0.293 18.972 5.047 0.96658
0.118 19.247 2.122 1.72816
0.233 19.699 1.823 1.68455
0.000 20.427 1.686 2.06490
0.171 21.308 3.454 1.82932
0.000 21.572 4.046 1.26098
7.424 21.071 4.025 0.83272
4.146 18.966 4.690 0.77409
4.004 17.770 3.412 1.18063
7.005 19.037 3.618 2.02246
4.960 17.360 2.079 1.79277
5.045 18.009 3.394 1.53657
0.050 16.288 1.085 1.65583
3.575 17.738 2.094 1.71020
7.174 15.610 -1.974 1.76418
9.551 10.537 -2.267 1.70096
1.048 9.423 -1.909 1.69377
0.351 9.992 -2.493 1.60477
0.497 12.352 -2.502 1.46238
0.639 13.095 -2.033 1.76122
0.000 10.935 -2.224 1.28279
0.000 11.709 -3.039 1.21924
0.000 12.957 -1.554 1.23058
0.019 12.503 -1.682 1.10554
0.124 16.014 -0.745 1.43217
3.095 14.872 -1.101 2.22760
0.299 14.981 -0.317 0.96486
6.040 15.842 0.405 1.64447
4.918 16.069 1.189 1.79908
10.156 15.644 0.305 2.02045
10.863 17.363 -0.324 1.93237
1.755 16.353 0.299 1.36822
0.964 14.227 0.195 1.32428
5.444 14.168 -1.094 1.64829
4.829 13.511 -0.965 1.59996
1.646 9.263 -3.592 1.14688
2.060 11.054 -3.042 1.23134
6.667 12.375 -2.915 1.54264
6.625 13.670 -3.019 2.79664
0.381 8.272 -4.175 1.55769
2.327 9.986 -3.519 1.10283
4.755 10.792 -3.552 1.42966
10.584 9.942 -2.990 2.36115
1.785 11.375 -3.277 2.26254
0.000 11.893 -2.745 2.07858
5.139 11.991 -0.750 1.29463
1.505 13.830 -1.736 1.97634
8.362 10.038 -1.373 1.85332
12.006 11.097 -2.661 1.74282
5.757 12.453 -2.369 2.68684
2.397 10.851 -5.195 1.60243
10.618 9.813 -5.001 1.47972
1.037 8.939 -2.961 1.27323
3.658 11.417 -2.165 2.71785
5.900 9.396 -2.341 2.41208
5.725 9.207 -4.138 1.38885
3.616 7.539 -4.898 2.51995
0.972 4.911 -4.709 1.72919
1.416 2.168 -6.417 2.12233
0.597 3.033 -6.414 2.31705
3.445 4.273 -5.501 2.19501
2.859 4.601 -5.315 2.84705
1.400 0.985 -6.841 0.94254
0.170 5.184 -6.829 1.87608
0.000 6.401 -6.955 2.22126
0.000 5.855 -6.945 2.14721
1.465 5.704 -4.403 1.80009
1.512 0.607 -8.031 1.30746
0.110 2.881 -10.446 1.98091
0.000 2.255 -10.714 2.29725
0.149 3.088 -12.260 2.93010
0.000 0.733 -14.628 1.65302
0.000 1.183 -14.714 2.33795
0.000 3.010 -12.795 2.00390
0.000 5.234 -9.050 2.59160
0.000 4.630 -6.936 2.09578
0.000 0.697 -13.878 2.02952
0.000 2.779 -14.021 2.37566
0.000 3.466 -12.896 2.29652
0.238 1.802 -11.027 2.41713
0.000 0.112 -11.242 2.54946
0.000 1.737 -10.817 2.39846
0.109 3.887 -10.673 2.04257
0.074 3.381 -7.926 3.70614
0.112 0.782 -7.648 2.61425
0.017 -3.414 -9.461 1.70660
0.023 -3.808 -13.482 2.82021
0.000 2.029 -12.890 2.97190
0.000 1.087 -10.508 3.38889
0.000 -2.946 -10.409 1.39604
0.000 -0.098 -14.538 3.47075
0.000 -2.552 -16.402 2.54234
0.000 2.140 -16.490 3.10439
0.005 2.540 -11.297 3.79808
0.009 -0.331 -9.930 3.38139
0.026 1.449 -9.729 3.48820
0.120 -1.659 -10.941 2.10280
0.000 -3.238 -16.423 3.81663
0.000 0.185 -16.643 3.17246
0.000 1.342 -15.433 4.14519
0.000 2.156 -14.298 3.87273
0.372 0.423 -15.333 3.13784
0.000 1.480 -15.671 3.59929
0.000 1.385 -15.026 4.02158
0.000 -1.374 -15.478 4.12849
0.000 1.600 -15.362 4.13934
0.000 2.109 -12.002 3.61203
0.000 -0.539 -15.182 3.14566
0.095 1.530 -16.226 3.05209
0.000 0.639 -16.517 3.13389
0.000 0.144 -17.061 3.31402
0.006 -0.074 -17.290 3.19870
0.000 0.713 -16.373 3.37297
0.000 0.293 -16.619 3.91839
0.000 -0.727 -17.838 4.80414
0.000 1.058 -17.971 4.17911
0.000 0.860 -17.727 3.72622
0.000 0.063 -18.016 3.66907
0.000 -2.874 -19.115 3.63930
0.000 -5.910 -19.429 3.30931
0.000 -4.517 -18.529 1.88476
0.000 -4.100 -18.733 3.05219
0.000 -3.266 -19.689 3.15101
0.000 -5.367 -19.797 1.98599
0.000 -0.054 -19.226 3.05739
0.000 -1.800 -18.869 2.98999
0.077 -1.793 -19.329 2.91719
0.000 0.572 -17.623 3.65292
0.030 -7.964 -17.308 2.53909
0.019 -3.523 -17.543 3.03556
0.000 -7.612 -17.222 1.99887
0.000 -10.116 -21.563 2.86947
0.001 -6.608 -21.567 2.92784
0.926 -4.956 -17.652 2.00904
0.129 -2.795 -13.950 2.89651
