0.000 26.344 10.951 0.61372
0.000 27.687 11.565 0.67765
0.000 28.267 11.769 0.85138
0.000 29.326 12.385 0.67832
0.072 29.508 13.840 0.68243
0.356 30.073 14.981 0.63171
0.182 28.821 15.790 0.68288
0.000 28.615 15.173 0.77297
0.000 29.382 14.468 0.77320
0.000 29.133 13.844 0.65123
0.000 29.584 12.657 0.78872
0.000 29.632 11.153 0.92486
0.000 29.986 11.205 0.82708
0.000 29.915 12.937 0.50343
0.000 29.237 14.194 0.83764
0.000 30.312 15.343 0.68087
0.000 30.917 16.205 0.71838
0.000 31.536 15.654 0.61509
0.000 30.181 15.090 0.89645
0.000 29.624 13.843 0.68589
0.000 28.206 12.179 0.79258
0.000 27.970 11.246 0.78936
0.000 26.012 10.003 0.82260
0.000 26.729 10.243 0.74409
0.000 27.040 12.042 0.80840
0.000 28.673 12.534 0.67142
0.000 28.759 12.714 0.77089
0.000 29.194 13.131 0.96655
0.000 29.901 13.580 0.78961
0.000 29.869 13.788 1.09020
0.000 30.643 14.304 1.03495
0.020 31.424 15.621 0.73306
0.010 25.064 15.445 0.86991
0.028 26.565 14.958 0.82874
0.000 30.538 15.221 0.83791
0.000 31.994 16.602 0.72396
0.000 33.032 16.640 0.77213
0.000 33.392 16.361 0.88572
0.018 34.438 16.435 0.71025
0.467 33.833 17.245 0.88310
0.002 34.027 16.186 1.20458
0.001 32.291 16.183 0.72581
0.023 33.162 16.409 0.82277
0.004 34.154 17.395 0.80647
0.123 33.823 17.723 0.68962
0.281 34.256 19.010 0.60579
0.113 34.847 18.651 0.80858
0.003 34.844 16.260 0.93494
0.000 33.438 14.055 1.09909
0.000 32.190 12.695 1.31455
0.000 32.626 13.366 0.90441
0.000 33.317 15.127 0.76478
0.000 33.141 14.973 0.84520
0.000 33.489 15.186 0.87729
0.000 33.714 16.694 0.73991
0.000 34.675 16.023 1.01004
0.000 33.844 16.298 1.22248
0.000 32.875 17.364 1.14118
0.035 27.344 16.767 1.31348
0.439 27.066 16.213 1.44921
0.000 31.449 15.668 0.96777
0.048 29.243 16.908 1.18844
0.000 31.241 15.836 1.13051
0.000 33.905 15.854 0.95278
0.000 33.608 16.361 0.80049
0.000 35.442 17.604 0.77302
0.000 35.888 18.129 0.81253
0.001 36.786 19.124 0.79764
0.211 36.940 20.449 0.77502
0.150 35.521 19.904 1.33160
0.002 36.394 17.873 0.95914
0.008 35.633 18.649 0.68534
0.085 34.558 19.759 1.80543
0.000 33.652 19.597 1.04388
0.156 36.009 21.105 1.02094
0.357 35.574 21.010 1.26326
0.005 34.223 20.205 1.80362
0.093 36.096 21.283 1.29622
0.002 36.673 23.120 1.74215
0.053 34.847 21.852 1.96127
4.340 35.457 22.089 1.40574
29.078 22.691 15.776 1.21311
3.305 22.643 15.024 1.04478
8.482 25.002 15.616 0.77271
37.772 27.486 17.766 0.99101
40.109 23.331 18.353 0.89410
7.008 25.619 17.746 1.05626
1.124 28.807 18.778 0.62275
0.876 29.976 19.230 0.90393
0.005 31.031 19.084 0.91882
0.034 32.202 19.379 0.70341
1.331 31.620 20.131 0.95258
0.610 31.445 21.212 0.84230
0.044 31.434 19.854 0.59452
0.000 34.451 18.946 0.96317
0.000 35.003 19.112 0.97762
0.000 35.720 19.438 0.92334
0.000 36.114 20.414 0.93477
0.000 36.503 21.283 0.74624
0.000 37.330 22.207 1.00501
0.220 37.448 23.428 0.94665
2.049 36.308 22.981 0.83414
10.249 35.927 21.949 1.10167
2.407 32.797 21.382 1.10248
0.046 33.429 20.731 0.96404
0.090 34.354 21.181 0.91819
1.004 34.640 21.757 1.21618
1.210 35.694 22.503 0.94092
18.780 34.304 21.010 0.93928
5.105 33.495 21.799 0.77034
0.140 34.624 22.579 0.66871
1.471 34.995 23.208 0.91225
6.989 33.922 22.322 1.15708
0.014 34.189 23.467 1.01684
0.659 36.075 22.871 0.91268
0.909 36.517 22.815 1.00314
6.436 34.521 22.667 0.92124
0.046 35.384 23.111 0.68545
0.578 34.694 22.578 0.71348
0.007 33.395 22.406 0.91151
0.000 35.170 23.139 0.97622
0.098 37.077 22.390 1.21723
0.297 36.187 21.769 1.34127
1.602 36.415 23.446 0.91725
3.216 34.987 22.544 0.83410
0.322 30.175 22.552 0.91169
1.496 31.636 22.541 0.82001
15.815 28.911 21.802 0.61847
12.145 26.841 21.903 0.68665
15.472 29.018 21.606 0.71359
31.570 28.588 21.442 0.56877
0.867 31.850 22.341 0.71289
0.038 31.946 21.582 0.72898
0.279 32.006 22.571 0.83154
2.667 30.384 22.081 0.75114
4.627 30.124 22.359 0.77638
9.890 29.477 22.094 0.53161
3.861 29.665 21.894 0.56263
6.734 30.328 22.025 0.62623
19.279 31.551 22.087 0.56598
28.633 29.097 22.176 0.83237
2.511 29.106 21.508 0.88758
3.178 29.373 21.959 0.88571
0.101 31.221 22.812 0.91999
0.053 29.186 22.357 0.59136
1.666 32.214 23.340 0.67353
17.360 29.341 22.930 0.74769
17.078 26.435 22.140 0.77914
3.657 29.133 21.795 0.64027
30.592 30.478 22.512 0.85830
7.351 28.026 21.883 0.90546
1.049 31.541 22.873 0.65227
5.860 29.162 22.220 0.86608
11.637 28.164 21.628 0.56975
13.067 31.026 22.557 0.82943
16.883 28.069 22.038 0.81513
12.115 29.207 22.526 1.24399
13.156 30.197 22.921 1.28987
2.769 30.031 23.021 1.52745
6.109 28.550 22.370 1.16090
3.575 27.579 21.821 1.23387
11.519 30.600 22.459 1.22133
10.583 29.688 22.109 1.22727
0.329 29.463 22.748 1.09190
0.392 28.126 22.161 1.07477
0.965 30.228 22.263 1.44133
0.519 30.234 21.570 1.32088
2.979 27.963 21.965 1.00799
3.028 29.411 21.764 1.12971
0.366 30.695 22.012 0.89392
1.295 30.213 21.793 1.03349
5.090 31.402 22.463 1.01484
8.371 28.899 22.205 0.67618
19.917 27.148 21.694 0.58534
4.232 30.326 22.250 0.81173
5.763 28.012 21.768 1.15626
3.024 28.367 21.853 1.16048
4.478 29.042 21.814 1.20457
14.322 27.723 20.961 0.70254
15.235 30.958 21.642 0.34340
19.851 30.207 21.450 1.01758
3.464 29.854 21.854 1.30084
0.031 29.721 21.253 0.84320
0.626 31.829 22.156 0.65688
6.514 30.951 22.724 0.88291
6.723 30.191 22.658 1.03646
18.288 28.834 22.258 1.06500
6.326 28.491 22.051 1.04740
7.059 27.923 22.399 1.09538
6.937 27.720 22.335 0.91470
13.876 27.905 21.422 1.02502
0.409 28.914 21.591 1.40643
1.703 29.822 21.511 1.37518
5.188 29.165 22.042 1.07008
2.882 28.971 21.902 1.00293
11.728 27.958 21.941 1.13922
16.636 26.835 21.619 0.82794
34.470 28.419 21.646 1.07212
2.891 28.177 21.222 0.86162
3.499 29.148 21.415 0.95812
1.432 30.179 21.662 1.10322
0.988 29.943 22.602 1.05639
0.913 27.933 21.751 1.14227
8.262 27.843 22.043 0.96200
2.421 27.852 22.103 0.95019
2.020 28.383 21.657 1.16021
4.529 29.989 22.199 1.15267
16.003 26.542 21.867 0.83160
6.513 28.594 21.792 0.89851
6.062 28.461 21.699 0.90248
52.532 29.189 22.431 0.88956
29.586 26.166 22.306 1.26581
5.251 27.902 22.058 1.21979
6.096 27.470 21.506 0.80726
12.790 29.344 22.351 0.63674
2.006 29.379 22.259 0.89464
3.587 27.463 21.717 0.96619
9.801 29.312 21.625 0.97775
14.354 27.916 21.805 0.97661
10.925 26.310 21.256 1.16009
1.813 26.884 21.215 1.05956
1.129 28.275 21.521 0.99242
0.002 28.095 21.382 0.97653
3.670 30.707 21.458 0.96274
14.103 29.336 22.030 0.99204
44.111 25.637 22.006 1.36852
35.464 28.175 21.495 0.61686
17.954 28.144 21.434 0.90029
17.236 25.075 21.350 1.12405
15.581 25.550 21.429 1.11487
27.828 26.175 21.474 0.70369
6.822 26.171 20.426 0.71618
1.702 29.593 21.108 0.67341
5.546 29.379 21.817 0.62617
11.588 27.691 20.860 0.60545
22.563 30.054 21.342 0.63923
19.703 28.305 21.290 0.76549
13.774 27.956 21.196 0.80334
2.018 29.282 21.079 0.78343
6.846 29.361 21.193 0.58616
39.873 29.619 22.211 0.97144
22.292 25.275 20.954 0.95948
17.574 27.972 21.270 0.72412
4.144 28.808 20.384 0.87653
4.670 29.928 21.437 0.65359
1.669 28.548 21.203 0.54768
0.450 30.794 21.377 0.49134
2.665 31.104 22.595 0.70992
3.456 27.671 22.019 0.65717
1.108 28.823 21.901 0.77473
1.199 28.584 22.042 0.85384
6.470 28.558 22.012 0.80058
41.869 27.063 21.617 0.70036
19.198 25.833 20.553 0.73420
2.136 28.816 21.110 0.64693
10.770 28.418 20.481 0.75212
26.398 26.570 20.806 0.64102
17.874 28.618 20.913 0.66319
9.740 28.593 21.560 0.43716
13.215 28.218 21.417 0.43080
5.382 28.849 21.280 0.58852
0.226 26.790 20.831 0.68379
0.055 27.586 21.169 0.65967
0.083 27.947 20.950 0.72691
0.366 28.973 21.779 0.69545
0.566 28.437 21.479 0.47909
2.928 28.495 21.365 0.68563
0.408 26.761 20.111 0.79570
0.319 29.241 20.554 0.72627
1.587 29.548 21.583 0.57924
6.039 27.108 20.352 0.61169
4.164 26.099 19.480 0.64739
2.762 28.984 20.282 0.55961
1.968 28.384 19.455 0.63071
0.537 29.127 19.841 0.63287
2.143 29.081 20.270 0.69988
11.643 28.563 19.816 0.73370
10.162 29.536 20.304 0.55458
0.807 29.656 20.308 0.57344
0.034 28.204 18.315 0.78785
0.509 28.643 18.910 0.78989
0.121 29.009 19.784 0.59386
1.294 28.646 20.605 0.74931
6.563 27.170 20.812 0.68008
7.946 26.783 20.488 0.70800
0.173 28.813 20.674 0.64782
0.724 28.684 20.354 0.82735
2.553 28.147 20.447 0.75096
0.859 28.337 20.464 0.57035
6.829 28.046 19.894 0.51451
0.008 28.513 18.522 0.48492
4.003 28.967 17.619 0.80675
11.296 21.150 12.990 1.21273
0.000 22.376 10.929 1.12559
0.000 22.603 11.125 0.99514
0.000 22.802 11.412 0.96839
0.000 22.883 11.432 0.89107
0.000 24.121 11.447 0.90060
0.000 24.801 11.993 0.78842
0.000 25.774 12.920 0.46781
0.001 26.780 14.687 0.50259
0.056 27.075 16.027 0.60534
0.181 26.572 15.903 0.70068
0.000 25.701 14.875 0.64853
0.000 25.418 14.173 0.67118
0.000 24.646 13.116 0.77779
0.000 24.334 12.384 0.85154
0.000 24.998 12.303 0.74335
0.000 24.774 11.916 0.77072
0.000 25.100 12.478 0.79598
0.000 24.460 12.624 0.85876
0.000 24.691 12.780 0.91421
0.000 25.167 12.317 0.67599
0.000 24.550 12.208 0.75251
0.000 25.207 12.789 0.58104
0.000 25.967 12.854 0.59833
0.000 26.464 13.023 0.65142
0.000 26.503 14.087 0.59195
0.001 26.085 14.608 0.59518
0.002 25.959 14.999 0.65122
0.077 26.959 16.499 0.46639
0.375 25.645 16.636 0.43651
0.618 25.826 16.171 0.69736
0.005 26.528 14.971 0.61525
0.000 26.509 15.200 0.70139
0.000 25.602 15.810 0.67454
0.000 25.143 15.698 0.65987
0.000 25.642 15.797 0.46842
0.318 25.018 15.005 0.69299
9.896 25.769 15.132 0.60046
3.270 23.788 16.627 0.78397
2.418 24.876 16.734 0.89870
6.650 26.250 17.672 0.63622
1.774 26.685 17.949 0.60966
5.507 26.830 18.542 0.67441
2.593 26.623 15.113 0.73520
1.034 24.935 14.792 0.81286
1.434 24.716 14.979 0.45218
1.636 24.310 16.558 0.33828
9.133 23.103 15.646 0.65433
0.002 26.247 12.818 0.55048
0.000 24.078 11.903 0.55283
0.005 24.312 11.504 0.62764
0.003 24.298 11.715 0.63546
0.001 24.147 10.302 0.72436
0.000 24.535 10.048 0.76619
0.000 25.794 10.189 0.49029
0.003 24.883 14.659 0.66523
0.109 25.780 15.307 0.59821
0.541 23.964 15.291 0.84065
0.113 24.728 15.301 0.72622
0.219 25.177 14.663 0.87613
0.454 24.088 13.534 0.93662
0.826 24.101 13.447 0.83748
0.242 21.835 12.401 0.66629
0.074 23.829 12.424 0.54641
0.000 23.992 11.764 0.43747
0.000 24.424 11.143 0.65414
0.000 24.092 11.150 0.59749
0.000 24.189 11.608 0.54212
0.000 24.662 11.830 0.54071
0.000 22.972 11.768 0.62045
0.000 23.776 12.088 0.69602
0.000 24.559 12.267 0.52272
0.000 25.023 12.306 0.61121
0.043 24.907 12.529 0.73167
0.083 23.919 14.918 0.95403
0.000 24.798 13.857 0.77856
0.000 24.965 12.852 0.52767
0.000 21.566 9.547 0.75782
0.000 21.089 9.584 0.45261
0.005 22.931 10.465 0.50987
0.008 24.506 10.774 0.57052
0.008 24.989 12.106 0.57990
0.003 25.294 12.847 0.52977
0.000 25.521 11.978 0.61476
0.000 26.418 12.027 0.41934
0.001 25.247 13.420 0.81697
0.000 24.610 13.368 0.87122
0.000 25.604 13.585 0.53661
0.000 24.237 13.400 0.61534
0.000 24.734 12.818 0.52991
0.000 25.400 12.958 0.60604
0.000 26.525 13.586 0.67132
0.000 26.288 14.070 0.91202
0.000 26.305 14.441 1.01945
0.000 26.276 13.643 0.68928
0.081 26.640 13.609 0.64168
0.969 25.320 13.902 0.86627
0.295 22.692 14.464 0.93873
0.334 25.071 14.698 0.88618
0.400 26.468 16.079 0.83301
0.000 25.693 13.344 1.11714
0.000 23.922 12.711 0.93217
0.008 24.581 12.983 1.00319
0.054 20.998 12.312 0.93344
0.014 20.244 11.010 0.68654
0.000 22.105 9.261 0.65031
0.002 23.497 9.727 0.77698
0.026 23.692 10.352 0.73187
0.092 22.182 10.426 0.53564
0.097 22.066 9.498 0.78389
0.202 23.641 9.977 0.89289
0.000 25.556 11.087 0.65533
0.001 26.255 12.230 0.80189
0.053 25.805 12.446 0.86277
0.003 25.594 14.187 0.90937
0.000 27.767 15.004 0.80366
0.000 28.454 15.486 0.76073
0.000 28.789 15.108 0.73213
0.000 28.546 14.658 0.78567
0.000 28.629 12.924 0.97348
0.000 27.289 13.118 0.95629
0.000 27.986 13.684 0.69434
0.000 27.886 13.944 0.68784
0.000 29.212 14.611 0.68092
0.000 29.477 14.916 0.78360
0.000 29.747 13.444 0.70898
0.001 29.742 13.678 0.88177
0.006 30.292 14.708 0.79278
0.004 29.691 15.131 0.69900
0.010 29.637 14.104 0.83827
0.000 30.315 13.210 0.72854
0.000 29.945 13.334 0.86401
0.000 29.964 13.485 0.76540
0.000 29.560 13.278 0.96223
0.000 30.218 13.777 0.70229
0.000 28.663 14.078 1.09782
0.000 28.338 14.865 1.08022
0.000 30.238 15.760 1.12286
0.000 31.880 16.297 0.70388
0.000 32.326 16.930 0.70704
0.000 34.071 18.076 0.58898
0.002 33.990 18.354 0.69886
0.000 33.556 18.952 0.75314
0.000 33.644 18.549 0.76191
0.000 33.725 18.374 0.66605
0.000 33.782 19.276 0.95925
0.000 33.980 17.699 0.88496
0.000 33.783 18.022 0.88742
0.009 34.546 18.374 0.66268
0.630 32.143 16.541 1.56822
0.000 29.228 16.451 1.22715
0.000 32.310 17.566 0.81435
0.078 31.158 20.818 0.89864
0.020 32.522 19.491 0.89756
0.003 34.806 20.444 0.70636
0.589 35.431 20.996 0.79246
4.538 35.092 17.124 0.76650
0.548 25.456 15.390 1.18397
0.435 30.460 16.453 0.93586
4.522 29.046 20.318 0.84619
0.006 33.557 17.549 1.02341
0.000 33.869 18.459 0.59072
0.000 35.229 20.257 0.69653
0.000 36.333 21.172 0.85541
0.531 36.469 21.514 0.60828
12.915 33.417 21.417 1.23476
22.067 30.844 20.290 1.03608
6.837 31.919 20.323 0.77478
4.627 32.507 20.718 0.67919
7.634 32.353 19.898 0.94125
0.356 32.356 19.567 0.92008
0.000 32.555 19.874 0.97009
0.000 34.160 21.316 0.75770
0.007 35.359 21.275 0.80268
0.234 35.653 21.644 0.93785
0.001 35.691 20.813 0.81580
0.107 34.959 21.650 0.79168
0.000 36.572 22.653 0.75916
0.000 36.595 23.127 0.64100
0.001 36.597 23.047 0.63970
0.005 37.532 22.436 0.77808
0.211 37.562 23.599 1.08928
6.559 35.716 22.134 1.01813
0.000 37.388 22.039 1.00710
0.000 38.043 22.373 0.82857
0.017 38.196 23.000 0.67840
0.850 38.441 24.252 1.06664
3.938 33.880 22.149 1.20336
0.241 34.659 22.390 0.81402
0.880 35.996 21.497 0.76963
2.813 36.071 22.199 0.86091
0.028 37.283 23.383 0.69357
1.317 37.436 23.096 0.70070
6.852 35.670 21.981 1.05239
12.662 34.157 22.186 0.89700
4.496 33.162 22.627 0.78758
2.479 34.777 22.139 0.60014
9.417 29.442 20.763 0.64981
2.253 31.960 21.633 0.71422
13.389 31.473 22.384 0.38732
7.398 30.789 21.858 0.66374
6.310 31.124 22.316 0.50158
18.981 30.071 20.641 0.77460
14.616 26.100 20.873 0.63484
5.349 29.541 21.830 0.82175
13.287 29.009 21.550 1.00491
7.688 26.344 20.955 0.90313
1.803 30.047 20.223 1.10186
2.684 29.962 20.508 1.23297
6.691 31.327 21.754 1.46145
0.467 30.955 21.484 1.29236
0.260 32.665 21.219 0.90557
0.013 33.589 21.262 0.85731
0.020 34.385 21.719 0.85651
0.017 35.180 22.031 0.73630
0.118 35.086 23.272 0.91430
0.403 33.667 23.062 1.02214
3.615 31.472 22.443 0.95932
1.414 34.614 23.173 0.75771
1.966 32.593 23.477 1.08175
0.763 28.942 21.164 1.13646
0.227 31.419 21.268 0.93798
0.970 33.007 22.146 0.91940
0.167 32.091 22.668 0.87150
6.990 32.122 22.976 1.02989
11.451 30.105 22.741 0.97040
8.080 28.643 22.675 0.98767
6.480 27.887 22.169 0.80638
5.303 30.074 22.652 0.91134
1.769 29.577 22.426 0.80056
4.492 31.165 22.737 1.07273
4.699 28.911 22.845 1.08037
11.875 28.992 22.294 1.02487
12.334 30.187 22.715 1.55628
4.235 28.301 22.357 1.06716
9.638 30.191 22.097 1.08529
4.013 31.407 22.456 1.08442
1.362 31.822 23.436 1.13238
0.862 31.293 22.715 0.92550
0.841 30.101 23.138 0.93535
0.862 29.920 22.538 1.01490
3.249 29.243 22.715 0.94535
3.532 28.071 22.629 1.12647
4.837 27.157 21.294 1.06642
4.300 29.719 21.953 1.18537
10.798 29.602 22.541 0.93728
0.538 29.784 22.010 0.85140
0.042 31.223 22.376 0.74028
0.112 30.361 22.085 0.60007
0.180 30.651 22.492 0.71999
3.148 30.537 22.617 0.70499
8.496 28.403 22.224 0.74631
3.780 28.575 22.143 0.83831
3.938 30.219 22.377 0.72879
5.378 29.623 22.359 0.87901
6.147 30.101 22.547 1.26550
12.321 30.396 22.084 1.20042
36.746 28.932 21.891 1.17002
15.742 27.320 21.984 1.14545
9.649 26.404 21.078 0.88078
19.266 27.383 21.657 0.87773
40.861 26.888 21.467 1.13962
2.055 29.048 20.472 1.21792
2.827 29.813 21.433 1.32446
1.923 29.919 21.908 1.07172
0.535 28.834 21.774 0.85702
1.116 27.874 21.775 0.76868
8.514 28.616 22.107 0.94352
27.786 26.207 21.667 0.91457
13.177 26.737 21.531 0.97523
6.680 28.542 21.235 0.58431
4.696 28.435 21.194 0.67499
7.467 29.824 21.119 0.65761
3.494 29.491 21.365 1.00517
0.893 29.997 21.199 0.92319
0.926 30.663 21.804 0.72172
9.009 30.652 22.642 0.57608
27.157 29.054 22.366 0.79683
5.828 26.296 21.263 0.99722
7.569 27.824 21.132 1.47171
1.548 29.537 21.920 0.88098
10.896 28.882 22.303 0.73666
24.306 26.078 21.933 0.94973
30.102 29.091 21.935 0.71540
42.352 25.778 21.612 0.87285
9.004 27.646 21.280 1.12779
2.110 27.749 21.848 0.95354
1.174 29.909 22.083 0.79367
12.684 29.747 22.469 0.67806
62.995 26.325 22.300 1.24518
16.494 25.262 21.193 1.20784
19.678 27.060 21.277 1.16697
19.695 27.959 20.925 1.12926
6.020 28.350 21.170 0.76382
4.087 29.651 21.569 0.79831
19.977 29.116 22.326 0.78405
19.936 26.750 21.597 0.88976
13.701 27.246 21.586 0.94122
16.640 27.335 20.867 0.98879
11.260 28.457 21.563 1.09281
10.761 28.045 21.083 0.87946
20.362 26.682 21.544 0.99668
4.007 26.530 21.116 0.81656
7.570 28.831 21.257 0.78033
13.302 29.056 22.237 0.55902
34.451 28.998 22.123 0.53291
15.997 28.498 21.562 0.78980
7.852 28.049 21.937 0.77622
19.753 27.400 21.187 0.62457
7.942 31.377 21.866 0.39910
4.853 30.364 21.986 0.52924
0.450 30.460 21.953 0.55347
0.328 31.586 21.986 0.50961
11.791 31.054 22.206 0.40678
39.500 27.590 21.854 0.70200
20.371 26.273 21.604 0.66095
24.372 28.054 22.061 1.00227
19.143 27.062 22.405 0.77543
22.278 25.512 21.187 0.84105
5.492 27.793 21.502 0.85115
1.132 28.546 21.563 0.73906
0.122 29.180 21.593 0.77746
6.389 28.602 22.129 0.72452
20.817 27.660 21.313 0.81227
3.703 28.596 20.712 0.55665
1.169 31.154 20.889 0.55353
1.915 30.359 21.601 0.54800
5.717 29.857 22.088 0.73932
13.212 29.511 21.715 0.64358
23.119 30.028 21.769 0.62596
3.271 29.355 21.528 0.82291
1.995 29.849 21.375 0.60561
0.039 27.820 21.271 0.47257
0.577 30.916 21.284 0.47155
5.894 29.446 21.750 0.69689
9.280 25.674 20.481 1.12278
6.517 26.536 20.161 0.83810
1.745 27.863 20.140 0.88121
7.646 28.292 20.482 0.68174
0.364 28.970 20.408 0.76497
0.009 27.029 17.133 0.73697
0.001 29.435 18.713 0.56341
0.000 30.098 20.414 0.52267
0.146 31.090 21.169 0.39159
0.468 30.501 21.700 0.53051
5.526 28.280 21.832 0.52197
11.396 27.386 20.662 0.60074
0.563 30.251 21.228 0.50506
17.520 29.601 21.382 0.62584
18.350 28.778 21.156 0.60868
9.719 28.049 21.095 0.63128
8.650 26.361 19.791 0.75515
4.743 28.338 19.387 0.71392
1.308 28.562 19.552 0.72858
1.246 28.037 19.629 0.77733
0.716 27.978 19.253 0.80719
0.009 28.183 18.487 0.80913
0.000 29.027 19.120 0.75125
0.000 29.594 19.808 0.54275
0.055 30.091 20.659 0.46577
0.990 29.782 21.045 0.37611
4.923 29.202 20.280 0.59617
2.765 28.927 20.123 0.55378
1.234 28.468 20.227 0.64022
0.311 28.455 19.681 0.58349
0.730 28.307 19.967 0.59418
0.828 29.268 20.348 0.45306
0.082 29.298 20.963 0.43471
0.228 27.982 20.242 0.49759
0.002 28.547 17.683 0.91159
0.000 26.169 15.947 0.94532
0.000 25.667 15.396 0.99465
0.000 26.998 16.138 0.95946
0.012 26.674 18.444 0.64636
0.015 28.561 19.624 0.68443
1.206 29.213 20.181 0.40140
1.939 28.328 18.341 0.60377
0.006 27.185 16.980 0.60438
0.286 26.707 17.479 0.69188
0.089 25.825 18.322 0.68250
0.227 24.915 17.507 0.40431
0.001 26.600 17.510 0.62009
0.000 26.122 16.176 0.82733
0.135 27.488 16.648 0.91548
0.001 24.551 15.523 0.87083
0.000 26.062 15.921 0.56316
0.001 27.767 18.704 0.45673
0.019 26.846 17.630 0.76336
3.191 27.567 17.973 0.74263
56.230 26.947 19.642 0.83824
40.190 21.674 14.078 1.48396
0.930 20.775 13.237 0.82794
0.000 24.444 13.553 0.66045
0.000 25.998 15.445 0.42615
0.089 26.681 16.710 0.44794
0.397 26.036 16.922 0.73424
0.027 25.290 17.081 0.90105
0.016 25.476 15.972 0.84310
0.007 26.091 16.090 0.64290
0.125 26.049 13.338 0.86741
0.031 21.397 11.296 0.69614
0.070 22.264 11.402 0.79881
0.400 22.135 12.648 0.83383
0.000 23.428 14.975 0.59059
0.000 25.236 13.656 0.46676
0.000 24.733 12.216 0.59390
0.000 24.682 12.260 0.72048
0.000 25.595 12.678 0.63308
0.000 25.739 14.290 0.56394
0.001 25.122 16.081 0.61991
0.312 24.041 14.914 0.88846
0.293 22.796 13.770 0.86563
0.021 19.861 10.092 0.69085
0.000 20.108 8.203 0.91840
0.000 20.137 7.921 0.96587
0.000 20.999 7.913 0.53078
0.000 21.803 8.370 0.49447
0.000 22.847 9.529 0.57504
0.000 23.318 10.288 0.58164
0.000 23.682 10.681 0.56817
0.000 23.782 10.137 0.65995
0.000 23.893 9.914 0.72666
0.000 24.599 9.936 0.67193
0.000 25.205 11.606 0.78698
0.000 26.227 11.681 0.60945
0.000 24.818 13.978 0.73274
0.000 24.640 14.124 0.86287
0.000 23.977 13.717 0.84732
0.000 23.550 12.521 0.74805
0.000 24.090 11.819 0.55184
0.000 22.711 9.828 0.74096
0.000 21.173 9.127 0.92907
0.000 21.143 9.309 0.66824
0.000 21.372 11.022 0.77167
0.000 20.060 7.077 0.90068
0.000 19.218 5.586 0.98132
0.000 18.720 4.578 0.93416
0.000 19.199 4.584 0.87276
0.000 19.641 5.092 0.67574
0.000 20.502 6.972 0.67759
0.000 21.700 6.990 0.69673
0.000 22.448 9.081 0.56159
0.000 23.171 11.017 0.48459
0.000 23.674 11.106 0.55174
0.000 24.184 10.507 0.61644
0.000 24.430 10.527 0.50346
0.000 23.783 11.238 0.70083
0.026 23.670 11.480 0.76123
0.156 23.525 12.300 0.87615
0.000 24.952 12.390 0.57356
0.010 25.070 12.411 0.56043
0.013 25.463 12.711 0.84545
0.000 25.676 10.754 0.62030
0.000 25.598 10.850 0.57179
0.000 25.389 12.007 0.66707
0.000 26.009 11.607 0.62642
0.000 25.729 11.657 0.80285
0.000 25.484 12.509 0.65939
0.000 25.469 12.721 0.62692
0.000 26.120 11.076 0.69280
0.000 26.293 11.225 0.61031
0.000 26.727 12.592 0.59938
0.000 26.648 12.161 0.71701
0.000 26.474 12.187 0.68866
0.000 25.974 12.794 0.75864
0.000 25.095 12.364 0.87120
0.000 25.106 12.062 0.79932
0.000 24.898 11.728 0.84163
0.000 25.358 11.437 0.77956
0.000 24.560 11.125 0.61834
0.001 24.226 10.317 0.68716
0.048 24.102 10.491 0.64267
1.254 24.288 11.159 0.71648
0.000 23.967 11.855 0.69772
0.013 23.998 11.705 0.60737
0.110 24.683 12.122 0.76909
0.000 25.607 11.545 0.65398
0.000 24.737 10.710 0.79568
0.000 24.125 10.470 0.66488
0.000 24.751 10.686 0.58528
0.000 26.431 12.074 0.76056
0.000 27.915 15.257 0.64442
0.000 28.623 15.181 0.57535
0.000 28.729 14.188 0.73805
0.000 30.026 14.125 0.69302
0.003 29.634 13.451 0.83764
6.049 29.913 13.807 0.87400
13.120 23.467 12.190 1.53597
8.160 19.857 10.517 1.12991
7.550 18.684 9.679 0.87809
5.295 18.725 10.286 0.78136
4.607 20.470 11.448 0.58702
0.236 24.291 13.973 0.89851
0.000 27.138 14.021 0.66926
0.000 28.455 14.661 0.62227
0.000 28.621 14.733 0.60826
0.000 28.720 15.375 0.89285
0.000 29.333 14.764 0.60660
0.019 29.229 15.286 0.78784
0.437 27.062 16.227 0.90908
0.009 29.075 15.848 0.64070
0.000 29.294 16.791 0.79726
0.164 28.409 17.697 0.92495
2.044 29.244 18.923 0.95527
0.513 30.344 17.519 0.69705
0.000 30.691 16.606 0.87837
0.000 30.318 16.150 0.82607
0.002 31.052 15.713 0.70118
0.048 31.869 15.455 1.01986
0.020 31.278 15.809 0.96423
0.043 31.543 16.149 1.06265
0.000 31.593 16.907 0.89210
0.000 32.854 16.155 0.95048
0.000 33.225 16.569 1.14406
0.000 33.970 17.151 0.77380
0.000 34.212 18.046 0.79284
0.000 34.607 18.845 1.04516
0.000 34.390 19.837 0.77331
0.000 33.949 20.292 0.63576
0.017 35.203 19.920 0.75100
0.201 35.216 19.632 1.22469
0.155 34.522 18.867 1.02775
0.708 34.436 18.688 1.10382
4.228 33.712 19.933 0.82564
9.237 32.236 19.078 1.10678
3.285 32.017 19.206 1.07814
0.036 33.502 19.279 0.93090
0.039 34.289 19.231 0.96226
0.019 34.796 20.489 0.88414
0.018 35.349 20.994 0.61251
0.328 34.706 20.541 0.66673
1.651 33.722 18.804 1.20866
2.348 30.824 18.478 1.29305
0.000 32.402 18.519 0.84268
0.000 33.756 19.781 0.88721
0.000 34.948 19.784 0.79603
0.000 36.579 19.108 0.82803
0.000 36.477 19.661 0.81459
0.000 37.065 20.993 0.72965
0.038 36.895 21.128 0.67352
1.420 32.650 21.571 1.45285
0.019 30.844 19.833 1.07470
1.193 32.713 21.117 0.83677
0.063 31.513 20.984 0.86393
0.236 34.831 20.324 1.22831
0.000 36.075 22.023 0.96939
0.303 36.798 22.362 1.05009
10.337 36.202 22.989 0.71783
3.305 31.086 18.688 1.60503
11.489 25.621 17.954 1.26980
3.020 24.886 17.285 0.75359
0.280 30.706 18.571 0.85540
3.000 31.947 21.219 0.91250
13.902 30.004 21.122 0.89700
19.970 27.367 20.410 0.86076
8.766 27.927 20.278 0.71761
0.914 29.507 19.253 0.86506
1.215 31.542 19.560 0.71942
0.144 31.758 20.036 0.94547
2.024 32.088 21.482 1.06062
5.697 31.253 21.819 0.93382
12.368 27.303 21.380 0.68674
5.961 30.241 21.334 0.96935
5.205 31.513 21.952 1.10698
2.846 31.812 22.077 1.07165
5.296 32.304 21.303 1.02732
0.567 31.569 22.185 1.68070
1.936 31.541 20.110 1.13762
0.013 33.529 21.167 0.78450
0.674 33.929 21.754 0.54963
2.100 31.835 22.064 1.02291
2.913 29.146 20.717 1.06678
17.675 32.672 21.730 0.63981
0.496 34.284 22.736 0.54750
0.071 34.688 22.835 0.53428
0.831 31.432 22.744 0.92879
2.580 29.049 22.374 1.07740
2.538 29.840 22.339 0.79469
5.103 28.960 21.533 0.80951
0.101 32.894 22.048 0.81812
0.506 33.244 21.928 0.79840
2.922 32.943 21.600 0.93148
8.192 27.192 21.752 0.87587
1.617 28.800 22.235 0.82195
2.902 28.760 21.088 0.72734
0.445 32.189 20.551 1.09831
1.295 31.870 21.663 1.03946
4.523 29.900 22.025 0.63287
9.106 30.924 22.340 0.80736
3.930 27.751 21.993 0.56895
1.791 27.636 21.673 1.12597
2.318 30.058 22.230 0.87015
3.807 27.731 22.021 0.94808
7.242 28.050 21.977 0.90748
2.476 28.346 21.132 0.96278
15.877 29.546 21.558 0.62157
1.777 30.459 21.877 0.71432
7.939 28.933 21.142 0.69657
1.617 30.971 21.569 0.67134
3.699 31.997 21.949 0.67503
10.192 32.182 21.860 0.61704
14.039 31.353 22.151 0.51061
3.347 29.949 21.054 0.60750
24.077 27.496 20.613 0.47281
13.608 28.945 20.270 0.57731
5.893 29.306 21.044 0.64065
0.469 26.757 21.742 0.91659
0.311 31.025 22.333 1.00089
0.467 31.323 22.596 1.14448
0.891 30.412 21.966 1.11832
5.448 30.761 21.766 1.19459
7.638 30.686 21.680 1.17406
2.228 31.239 22.195 1.11145
2.398 29.987 21.993 1.12210
9.710 30.386 22.198 1.10356
10.604 28.575 22.050 0.96764
2.503 28.222 21.910 1.01458
0.113 29.267 22.024 1.14534
0.338 28.499 21.865 1.27103
0.022 29.824 21.494 1.21530
0.982 31.163 21.727 1.23403
4.819 30.720 21.892 1.10414
3.115 29.753 21.471 0.99707
12.421 27.559 21.384 0.90434
6.048 28.061 20.121 0.88094
1.237 30.816 21.718 0.80024
3.172 29.689 21.695 0.85269
0.461 30.967 21.543 0.89025
0.611 31.831 22.111 0.95419
4.019 31.462 22.317 0.99665
1.078 29.755 21.765 1.11814
5.549 31.678 22.006 1.17686
4.346 30.931 21.875 1.10896
4.373 30.019 21.917 1.08132
2.621 29.690 21.689 1.01942
3.543 28.813 21.895 1.03401
15.605 29.358 22.324 1.15365
15.042 28.401 22.467 1.08606
9.088 27.918 22.146 1.03528
11.678 27.846 21.529 0.75742
7.244 27.412 21.320 0.79080
6.551 29.579 21.955 0.71547
7.646 29.373 22.055 0.93160
17.830 29.145 22.533 1.19434
9.726 25.506 21.148 1.26160
15.182 25.632 21.129 1.17268
17.755 25.811 21.338 1.12466
9.169 27.127 21.628 1.03555
1.310 30.115 22.116 1.01295
0.542 28.079 21.487 1.38875
2.209 29.738 21.098 1.21688
8.420 29.117 21.852 1.01311
5.649 27.869 21.720 0.76810
5.281 29.712 21.299 0.69824
11.089 32.125 22.423 0.77262
3.289 27.790 21.687 0.83997
0.861 28.310 21.060 1.10452
1.686 29.522 21.563 0.98549
0.069 30.746 21.933 0.83025
0.884 29.963 21.910 0.70258
12.285 29.782 22.436 0.58254
42.860 26.427 21.706 0.82325
22.636 25.041 21.503 1.11122
8.677 27.702 21.363 0.57581
1.595 27.318 21.050 0.57586
9.733 30.094 22.327 0.78713
5.295 26.973 22.057 1.08134
14.470 25.845 21.408 1.01210
22.635 24.331 20.894 1.20206
7.668 25.194 19.875 1.09135
13.205 26.725 20.042 0.85759
2.404 29.181 19.602 0.67555
2.673 30.965 21.181 0.54401
35.500 25.906 21.028 1.08240
5.222 26.758 19.900 0.98311
5.462 28.903 20.061 0.77435
6.337 29.023 21.013 0.90023
5.977 27.748 21.013 0.61793
0.963 29.586 21.144 0.54492
2.080 29.869 22.267 0.59602
15.783 28.436 21.533 0.61993
22.311 27.241 21.533 0.82991
13.084 27.314 20.682 0.76318
8.511 28.924 20.534 0.81624
13.362 28.903 20.638 0.68666
1.828 29.172 20.493 0.81968
0.476 30.031 21.104 0.63878
0.249 29.871 21.070 0.50878
1.054 27.614 20.297 0.59463
0.362 30.887 21.184 0.49225
1.705 30.802 22.369 0.58822
3.087 29.359 21.198 0.82246
2.855 31.112 21.519 0.45242
2.206 30.996 21.470 0.70226
3.463 30.999 21.960 0.71190
9.763 30.544 22.275 0.75436
18.763 26.754 21.968 0.73494
11.362 29.844 22.143 0.39065
2.118 29.520 22.347 1.01488
10.168 28.722 22.476 0.88543
10.082 28.301 21.694 0.87044
3.453 26.643 21.423 0.61546
1.711 28.789 21.532 0.58636
0.876 30.561 22.098 0.49574
3.198 29.032 21.188 0.79234
17.714 27.609 20.535 0.82786
10.116 28.629 20.522 0.61491
2.570 28.902 21.024 0.57095
1.106 27.404 20.949 0.66572
0.482 30.252 20.847 0.57996
0.471 28.971 20.019 0.69408
0.000 30.254 19.726 0.59644
0.004 29.727 18.096 0.74779
0.228 28.988 18.246 0.68858
0.218 28.364 19.295 0.60907
2.950 28.971 20.504 0.77036
8.322 27.112 21.104 0.83255
11.393 27.788 21.422 0.97229
10.948 26.733 20.619 0.74040
27.675 27.130 19.894 0.62734
18.582 27.220 19.867 0.78445
5.124 27.250 19.175 0.88483
7.038 28.475 19.708 0.65074
4.503 28.868 19.423 0.58909
0.107 28.737 18.024 0.69242
0.000 29.674 18.389 0.61943
0.000 29.217 19.075 0.50867
0.000 29.125 18.586 0.52915
0.025 29.154 18.843 0.56944
0.823 29.001 19.795 0.43709
2.946 28.543 19.512 0.64098
6.311 27.959 18.926 0.73063
0.618 27.855 18.055 0.73600
0.001 27.753 17.642 0.80103
0.000 28.252 18.371 0.72779
0.035 27.577 18.929 0.76705
0.361 27.557 18.881 0.66057
0.068 26.948 16.621 0.92050
0.000 26.260 15.528 0.66325
0.000 27.977 15.951 0.55689
0.000 28.256 16.629 0.64748
0.484 29.217 18.486 0.33425
6.200 28.403 20.175 0.57255
13.622 29.350 20.361 0.64407
12.496 27.507 18.398 0.74840
1.229 26.823 18.286 0.97033
7.888 24.788 18.473 0.85464
6.627 26.877 19.712 0.56574
1.269 25.320 19.273 0.52035
0.047 28.140 19.074 0.57501
0.043 27.890 19.365 0.72583
0.151 28.474 19.135 0.59099
0.291 28.799 17.566 0.58458
0.708 28.464 17.348 0.52654
0.089 28.124 15.203 0.50241
0.069 27.499 15.445 0.58812
0.000 26.152 16.805 0.62300
0.000 26.266 16.522 0.69118
0.001 26.311 15.137 0.64129
0.006 26.061 14.474 0.97572
0.000 22.548 13.088 0.98358
0.000 22.824 13.255 0.74122
0.000 24.298 14.586 0.66723
0.000 25.296 16.038 0.52848
0.000 26.473 15.889 0.47538
0.000 26.869 15.718 0.44152
0.000 26.537 15.883 0.48323
0.000 26.263 16.276 0.60266
0.000 26.990 15.198 0.52830
0.000 26.872 15.342 0.42427
0.000 26.607 15.203 0.41474
0.003 26.702 15.290 0.53251
0.467 25.127 15.918 0.59967
0.771 20.649 15.216 0.74645
0.000 23.367 15.248 0.41426
0.000 26.485 15.723 0.62720
0.006 27.245 16.805 0.51094
1.992 28.197 16.091 0.62937
2.728 19.299 12.164 1.24774
0.952 20.775 12.138 0.66468
0.025 23.608 12.298 0.60963
0.007 24.647 13.515 0.73077
0.000 24.852 14.314 0.68591
0.000 24.530 13.809 0.63062
0.002 25.275 13.956 0.79313
0.000 24.500 13.957 0.74804
0.000 25.115 13.928 0.74524
0.000 24.836 13.793 0.82988
0.000 25.015 13.074 0.65799
0.000 25.263 13.077 0.56943
0.000 23.731 13.555 0.53027
0.000 24.694 12.452 0.83634
0.000 22.506 11.508 0.88171
0.000 22.712 9.202 0.89161
0.000 23.089 9.386 0.74145
0.000 23.453 9.800 0.64388
0.001 23.725 9.987 0.64943
0.000 24.482 10.623 0.70161
0.000 23.934 10.477 0.62471
0.000 24.211 10.368 0.48391
0.000 23.876 10.646 0.51463
0.000 23.850 11.071 0.53702
0.000 24.316 11.072 0.57169
0.000 24.754 10.174 0.68866
0.000 24.583 10.048 0.77460
0.000 24.350 10.122 0.41880
0.000 24.831 12.280 0.57079
0.000 24.529 11.949 0.62365
0.000 24.583 11.730 0.50608
0.000 24.064 11.305 0.79499
0.000 24.457 11.224 0.66464
0.000 24.189 11.133 0.61732
0.000 23.808 10.499 0.71847
0.000 23.484 10.451 0.72688
0.009 24.122 10.570 0.67656
0.006 23.352 11.319 0.85619
0.000 25.156 11.582 0.73852
0.000 25.976 12.316 0.54077
0.000 25.832 12.348 0.67589
0.000 26.226 13.024 0.80816
0.000 26.843 13.407 0.86453
0.000 26.377 12.208 0.86478
0.000 27.108 12.290 0.70661
0.000 27.428 12.831 0.87871
0.024 27.493 12.641 0.98404
0.034 27.550 11.658 1.22523
0.003 25.415 10.951 0.95057
0.000 25.729 9.701 0.70250
0.000 25.436 10.004 0.80502
0.000 25.982 10.823 1.10106
0.000 26.046 13.465 0.88387
0.000 25.508 12.530 0.91010
0.000 27.481 12.803 0.96002
0.000 27.892 13.553 0.69138
0.001 28.306 12.432 0.99028
0.001 27.824 12.590 1.11593
0.000 28.512 12.539 1.06065
0.000 27.955 12.763 0.80639
0.000 29.294 13.544 0.89641
0.004 29.754 12.077 0.93421
0.010 29.988 12.378 1.07172
0.000 28.625 12.485 0.82192
0.000 28.178 11.484 1.03835
0.000 27.878 11.034 0.82891
0.000 28.339 9.653 0.76525
0.000 29.164 9.964 0.78605
0.000 29.799 12.057 0.92646
0.001 30.074 14.476 0.97317
0.005 30.754 15.181 1.06080
0.002 31.390 14.926 0.93074
0.000 31.452 12.873 0.99480
0.000 31.395 12.667 1.01594
0.000 30.298 12.997 0.82918
0.000 29.207 12.597 1.12598
0.000 29.724 13.497 1.04926
0.000 29.141 13.731 1.16169
0.002 29.323 13.663 1.31738
0.023 29.922 14.754 1.39256
0.537 29.589 15.731 1.03168
0.006 29.688 15.650 0.86270
0.124 31.107 16.112 0.86811
0.000 31.919 16.836 0.84817
0.003 32.771 16.575 0.71611
0.040 32.205 15.722 0.79664
0.000 33.397 15.057 0.70791
0.000 30.444 15.615 1.35900
0.000 31.676 16.066 1.16762
0.000 32.583 17.159 0.82751
0.000 33.503 17.310 0.68357
0.000 34.119 17.570 0.47337
0.000 33.418 16.913 1.03690
0.000 32.991 17.736 1.03812
0.000 33.865 18.496 1.00741
0.000 34.514 17.007 1.00434
0.000 34.790 17.031 0.98569
0.003 34.915 17.906 1.06228
0.569 35.600 17.651 0.97503
1.165 34.749 17.761 1.00716
0.010 34.360 18.541 0.71970
0.159 35.408 20.724 1.17162
0.271 34.219 20.501 1.13224
0.123 34.420 20.439 1.15350
0.004 35.248 19.251 1.18970
0.865 35.392 20.402 1.05808
9.001 34.588 20.576 0.62072
0.242 33.680 19.544 0.65479
0.301 32.062 20.264 0.86023
1.405 32.003 20.243 1.17657
4.821 30.582 19.316 1.40229
9.863 28.079 18.310 0.89533
0.374 30.115 17.596 0.98158
0.384 33.703 19.248 0.72769
9.373 32.204 20.089 1.35309
5.775 29.765 17.911 1.21025
0.000 31.853 17.936 0.97538
0.000 33.546 18.028 0.80791
0.000 34.552 19.553 0.80473
0.002 35.244 21.219 0.71161
0.045 35.889 21.406 1.25363
1.216 36.517 21.238 0.99871
5.287 28.470 18.354 0.71382
4.093 31.299 17.934 1.06682
7.258 31.400 19.632 1.04319
0.007 33.481 19.984 0.99500
1.671 32.654 19.247 1.14038
1.181 33.293 19.821 0.91407
1.091 33.744 19.157 1.11009
0.537 33.999 20.535 0.75371
3.438 33.290 19.408 0.71960
0.758 32.263 19.849 1.01396
0.462 33.110 20.919 0.83233
0.480 34.027 20.529 0.88623
7.476 33.937 20.566 1.12521
1.864 33.247 22.212 0.83515
0.376 34.381 21.861 0.60976
7.685 34.814 20.676 0.95093
5.947 29.149 19.092 0.91267
26.580 29.734 19.172 0.85832
7.636 26.779 17.212 0.71896
0.770 28.834 17.491 0.55576
4.520 29.413 19.040 0.77006
4.767 30.854 19.022 0.86444
0.357 32.492 20.499 0.78309
0.338 33.167 21.544 0.57141
2.376 29.697 20.903 0.79872
0.099 31.104 20.303 0.65672
0.019 35.557 21.936 0.89478
0.247 36.182 23.437 0.83214
0.124 37.251 23.714 0.81068
1.301 36.866 22.992 0.82039
6.372 37.155 23.616 0.89203
15.425 34.404 23.327 0.57881
28.417 31.614 22.497 0.69729
10.634 31.470 21.083 1.30506
4.810 32.908 22.063 0.99926
0.000 35.020 22.595 1.02875
0.000 35.478 23.067 0.85205
0.012 34.844 22.587 1.20135
0.124 34.318 22.730 0.81553
0.920 33.831 23.082 0.91297
1.785 32.146 21.727 1.19850
1.187 31.886 22.069 1.22715
0.970 31.149 21.778 1.40002
5.768 30.692 21.365 1.14696
6.738 32.857 21.558 0.86478
0.017 35.091 22.858 0.83425
3.462 34.391 21.254 1.02785
11.082 28.948 21.623 0.89059
7.164 29.005 21.075 0.92336
1.349 29.925 21.817 0.88772
4.921 33.540 20.650 1.09104
8.517 33.955 22.225 0.93785
7.784 31.307 22.563 0.68419
7.901 27.314 21.124 0.97709
5.501 30.129 21.602 0.64786
5.451 30.295 21.986 0.64699
0.363 33.905 22.142 0.84209
0.066 34.714 22.606 0.73434
0.576 35.387 22.951 0.92550
1.227 30.750 22.894 0.98148
0.783 29.176 22.609 0.82511
4.422 28.534 22.115 0.76789
3.021 27.893 21.497 0.97059
2.099 29.618 21.048 0.97482
1.117 32.077 22.034 0.94118
2.883 31.025 22.222 0.86995
0.556 32.852 22.150 1.07304
0.554 32.761 23.157 0.69300
3.698 34.161 22.918 0.99445
10.664 29.860 22.349 0.84059
14.415 28.765 21.523 1.20072
11.582 28.822 20.947 0.98834
2.360 31.371 21.499 0.93965
0.808 32.353 21.825 0.90430
4.949 33.173 22.422 0.97938
1.788 32.082 22.761 0.95441
3.439 31.414 22.725 0.84787
0.285 32.922 21.387 1.10611
1.776 33.517 22.188 1.04942
2.109 34.041 22.812 0.92479
4.159 33.520 23.152 0.82793
2.274 32.861 22.558 0.97189
1.632 33.342 22.369 0.95473
0.615 34.754 23.303 1.29862
3.651 30.873 22.934 1.11739
9.656 30.739 22.271 1.30150
2.625 30.130 21.725 1.26078
1.148 30.089 22.034 0.87183
3.981 31.968 21.989 1.04489
4.552 31.182 22.390 0.96027
0.820 30.449 21.783 1.14414
1.564 30.911 22.486 1.04864
1.252 28.220 21.584 0.90633
2.202 33.472 22.583 1.01091
5.391 32.433 22.075 1.06419
2.232 31.823 22.377 0.75194
4.426 30.873 22.529 0.62185
3.493 30.188 22.430 0.63673
0.493 32.910 22.466 0.80782
2.339 32.976 23.027 1.18137
15.028 30.481 22.334 1.24754
5.295 29.812 22.123 1.07174
12.939 30.537 22.056 0.96777
18.682 28.585 22.397 0.68994
24.046 28.579 22.158 1.17923
36.733 26.624 22.370 1.11593
28.285 28.624 22.283 0.95088
7.801 26.154 21.728 1.13845
8.818 28.879 22.031 1.15311
14.572 29.581 22.145 1.04183
13.557 28.058 22.416 0.98672
5.927 28.337 22.259 1.00082
10.207 26.519 22.529 1.09663
1.287 27.022 22.048 0.99069
3.230 27.881 21.909 0.92114
9.556 28.290 21.690 0.77591
13.903 29.847 22.916 0.76548
7.052 27.692 22.639 0.91954
1.419 28.131 21.791 1.42874
2.080 29.397 21.429 1.34292
4.429 29.727 21.494 1.24977
0.257 30.698 22.094 1.00844
0.633 29.646 22.075 1.13376
6.074 29.258 22.746 0.93994
16.273 26.774 21.973 1.05802
12.560 27.637 21.790 1.13435
1.910 28.112 21.769 1.10521
2.036 27.899 21.916 0.94928
4.993 28.576 21.933 0.99383
10.903 29.542 21.781 0.84641
15.210 27.155 22.055 0.69964
14.096 28.527 21.826 0.66882
13.153 30.827 21.519 0.68354
0.174 29.466 21.242 0.82366
3.200 30.771 21.967 0.89907
15.728 31.917 22.655 0.51909
0.853 32.036 22.846 0.53225
8.701 31.958 21.299 0.92643
14.396 33.035 22.649 0.64704
24.756 30.799 22.036 0.72041
4.227 28.745 21.926 0.92595
13.671 28.200 21.709 0.72841
3.206 27.685 21.417 1.04395
2.518 26.771 21.800 0.78014
35.420 27.903 21.758 0.79243
8.438 27.126 21.226 0.99458
29.959 29.660 21.912 0.75559
13.490 28.676 21.924 0.62438
9.645 27.455 21.928 0.99206
3.116 27.565 21.139 1.02141
4.874 28.895 21.444 0.96110
6.671 28.755 21.698 0.76808
2.293 26.359 21.125 0.77423
2.451 29.352 17.563 0.99789
0.008 30.478 18.206 0.79651
0.115 30.142 19.287 0.52786
2.329 30.861 19.819 0.51536
1.488 29.401 20.658 0.55581
1.973 28.346 21.141 0.78049
0.305 29.655 20.457 0.63786
0.017 30.324 21.543 0.45560
0.368 31.132 21.672 0.47045
1.207 29.401 20.365 0.88301
0.815 29.772 21.305 0.58847
2.241 29.140 20.848 0.60084
6.717 29.998 21.529 0.62299
34.894 28.898 19.053 0.86475
11.822 24.720 16.656 0.97384
0.767 27.515 17.276 0.72399
10.760 25.449 19.428 0.58356
17.323 28.502 20.275 0.87521
13.786 27.721 20.333 0.71953
23.189 26.315 17.821 1.13775
18.967 23.010 17.550 0.98178
10.157 23.313 17.965 0.95975
11.760 26.566 18.897 0.99607
0.376 28.649 20.554 0.74742
1.802 27.160 20.699 0.46047
1.200 28.665 21.173 0.43566
0.950 31.186 20.738 0.38312
4.995 27.380 20.768 0.64508
11.220 29.355 20.846 0.70414
16.463 26.961 20.389 0.96189
2.017 26.326 19.898 0.90277
0.104 29.178 19.920 0.66752
0.001 29.601 20.599 0.54325
0.005 28.811 21.217 0.51792
0.294 27.580 20.317 0.57729
3.797 30.315 19.934 0.34600
2.671 28.389 19.699 0.62323
0.000 28.579 20.060 0.43368
0.002 29.551 18.903 0.51423
0.001 29.842 19.016 0.50801
0.014 30.142 19.510 0.48731
0.085 30.070 19.891 0.51769
0.000 30.238 20.158 0.34579
0.000 30.027 19.207 0.48120
0.000 30.395 19.913 0.38406
0.000 30.100 20.736 0.46772
0.001 28.283 20.170 0.37752
0.044 29.766 20.692 0.44094
1.138 28.729 20.615 0.49748
5.125 27.991 20.617 0.56466
14.360 24.299 16.279 0.81611
0.000 26.136 15.939 0.71058
0.002 27.231 16.672 0.54016
0.001 26.373 16.097 0.74330
0.000 25.864 14.672 0.71554
0.000 25.135 13.702 0.85022
0.000 24.369 13.184 0.83269
0.124 25.924 13.781 0.92073
0.736 25.109 16.255 0.82000
0.148 24.085 15.766 0.68369
0.428 21.753 15.153 0.63537
0.587 23.466 15.158 0.72272
0.246 22.686 13.751 0.50446
0.000 26.092 14.117 0.49315
0.002 26.926 16.553 0.63227
0.012 27.580 17.149 0.61467
0.017 27.963 18.228 0.68540
0.196 28.119 18.552 0.63839
0.246 27.877 19.077 0.57587
0.000 28.391 18.946 0.63171
0.001 29.019 18.078 0.52304
1.683 25.274 16.847 0.63159
7.112 23.901 15.886 0.95365
3.105 25.199 16.083 0.73704
0.041 26.161 17.646 0.51999
0.000 27.698 17.365 0.61853
0.000 28.197 17.212 0.51313
0.000 28.694 17.285 0.58750
0.000 28.846 17.808 0.71855
0.000 27.608 15.865 0.63609
0.000 27.434 15.183 0.66545
0.000 27.488 15.255 0.55562
0.000 28.094 15.479 0.58859
0.000 28.365 15.924 0.64256
0.000 29.527 16.873 0.46403
0.001 28.971 17.636 0.44341
0.000 23.658 15.546 0.55877
0.000 24.014 15.065 0.49074
0.000 26.088 15.056 0.62971
0.000 26.512 14.491 0.63336
0.000 27.167 14.486 0.54173
0.000 27.452 14.504 0.66798
0.000 24.048 13.836 0.74838
0.010 22.536 13.467 0.59545
0.016 23.955 12.671 0.60489
0.000 21.035 12.760 0.75009
0.000 23.762 13.461 0.56936
0.043 25.045 13.927 0.65689
0.110 25.992 14.077 0.77722
0.062 26.917 14.317 0.78177
0.001 27.603 15.060 0.58137
0.011 28.361 15.295 0.46897
0.018 28.280 16.005 0.56184
0.000 28.601 15.999 0.62924
0.000 28.651 15.949 0.57888
0.000 28.602 15.560 0.58160
0.000 28.666 15.375 0.59103
0.000 27.265 14.915 0.70771
0.000 26.831 13.150 0.74759
0.000 26.903 13.104 0.58849
0.000 26.760 13.726 0.65554
0.001 26.927 15.074 0.65609
0.002 27.034 15.516 0.82939
0.000 26.993 13.414 0.67407
0.000 27.096 13.326 0.71609
0.000 27.522 12.483 0.66875
0.000 27.585 12.489 0.72918
0.000 28.262 13.128 0.66051
0.000 28.420 13.707 0.68598
0.000 29.353 13.735 0.60291
0.000 27.977 14.722 0.88415
0.000 26.919 14.537 0.89396
0.000 28.382 14.773 0.66594
0.000 28.963 14.846 0.61966
0.000 28.416 13.291 0.68730
0.000 28.724 12.259 0.67108
0.000 29.662 12.261 0.61310
0.000 29.249 12.566 0.79142
0.000 28.945 11.659 0.86372
0.000 26.193 11.053 0.94410
0.000 26.916 11.146 0.72389
0.000 27.563 11.643 0.78691
0.000 27.718 10.864 0.92765
0.000 27.827 10.945 0.86269
0.000 29.244 12.328 0.70724
0.000 28.849 12.725 0.77614
0.000 29.562 13.829 0.91617
0.000 30.076 15.596 0.93238
0.000 29.426 14.627 0.66166
0.000 29.805 13.917 0.71066
0.000 27.083 14.038 1.09257
0.000 28.387 14.325 0.84539
0.000 29.875 16.468 0.77707
7.340 27.984 15.561 0.66772
0.000 23.174 13.078 0.80957
0.000 27.434 13.353 0.85037
15.105 28.346 15.459 0.62958
0.000 28.888 16.689 0.71143
0.000 30.681 16.771 0.69222
0.000 31.104 16.845 0.66387
0.000 31.141 16.507 0.72482
0.000 27.634 13.096 1.20569
0.000 26.684 11.941 1.03304
0.000 28.073 12.414 0.85354
0.000 29.025 13.319 1.00498
1.425 29.044 14.385 0.59930
0.000 29.380 12.114 0.79513
0.000 30.417 12.495 0.75079
0.000 31.072 13.476 0.94652
0.000 30.319 12.743 0.88271
0.000 31.000 13.151 0.65627
0.000 31.390 13.197 0.99720
0.000 30.766 12.928 0.91573
0.000 30.601 13.453 0.86439
0.000 31.223 14.565 0.70212
0.000 31.760 14.766 0.92539
0.000 31.959 15.227 0.70921
0.000 32.450 14.850 0.74024
0.000 33.167 14.789 1.00415
0.000 33.492 16.731 0.81202
0.000 33.412 17.479 0.66977
0.000 34.637 17.018 0.67382
0.000 34.454 16.721 0.85725
0.000 34.306 16.971 0.72946
0.000 33.849 17.496 0.87538
0.000 34.062 17.900 1.24406
0.000 33.120 18.174 1.24466
0.000 34.710 17.374 0.92687
0.000 34.763 17.047 0.80856
0.000 35.426 17.490 1.03226
0.000 35.060 16.641 0.96970
0.000 34.443 15.754 1.21570
0.000 34.376 16.521 1.28241
0.000 33.363 16.949 1.16998
0.000 33.764 15.888 0.87967
0.000 33.539 15.233 0.87890
0.000 34.086 15.754 0.92184
0.000 34.806 17.977 0.73245
0.000 35.652 19.028 0.72125
0.000 36.475 20.650 0.81906
0.000 36.575 20.035 0.62986
0.000 36.499 20.375 0.69666
0.000 37.245 20.637 0.65127
0.000 37.237 20.993 0.81443
0.015 35.785 19.288 0.96229
0.000 34.224 16.928 0.94657
0.000 37.150 17.863 1.31754
0.000 37.107 19.919 1.41009
0.000 36.524 21.601 1.22756
0.000 37.246 22.475 1.16788
0.000 36.670 21.510 1.27617
0.000 33.796 21.304 1.44306
14.135 33.491 20.946 1.34290
5.890 34.126 20.545 0.76357
0.170 33.975 21.391 0.92665
6.090 32.208 20.627 0.84708
0.040 35.660 21.139 0.84172
0.100 34.655 21.688 1.29034
6.715 31.954 20.979 1.20067
0.000 32.620 21.106 1.14604
29.405 33.161 21.588 0.84790
7.005 31.965 21.387 0.63288
7.040 31.184 20.444 0.90015
0.000 35.113 19.275 0.83038
0.000 35.612 20.221 0.87143
0.000 36.580 21.088 1.17110
0.000 36.795 21.763 0.85100
0.000 38.053 20.700 0.70296
0.000 38.542 22.811 1.00798
0.000 38.935 24.014 0.83277
0.000 36.962 23.209 0.74466
9.260 36.489 22.317 0.62876
34.250 29.877 19.629 1.30988
1.395 29.109 19.852 0.62059
2.455 29.533 20.035 0.54340
0.630 31.555 20.512 0.85347
0.060 33.055 19.607 1.54163
0.000 34.459 19.913 0.96520
0.000 35.129 21.693 0.66859
0.110 36.422 23.286 0.63892
0.000 35.550 24.236 0.75207
0.000 35.514 22.798 0.65216
0.000 37.389 23.956 0.57770
0.100 36.936 24.784 1.05429
0.000 36.862 24.201 0.67781
0.000 37.938 24.421 0.90919
21.685 33.745 24.263 0.75039
3.235 35.488 24.217 0.49274
14.070 36.076 24.035 0.80965
4.125 34.350 23.748 0.76328
0.785 36.257 21.842 1.31017
1.255 36.631 23.484 0.85017
0.355 36.904 23.253 0.66667
0.000 37.164 23.709 0.64307
0.000 37.901 24.088 1.14973
26.200 37.596 24.299 1.21527
2.105 37.718 24.643 1.04136
11.725 34.651 23.876 1.00846
6.995 34.022 22.616 0.63850
0.020 35.390 23.670 0.80559
1.125 34.923 22.916 0.83416
0.000 36.119 23.896 0.96728
8.755 32.185 21.439 0.95022
9.855 28.785 21.729 0.60173
9.380 30.314 22.917 1.11069
3.970 29.002 23.172 1.61850
2.675 32.277 23.171 1.28610
0.080 30.315 23.280 0.87620
0.000 31.047 23.237 0.98595
0.415 32.921 20.256 0.98991
0.020 27.339 20.871 1.01154
3.445 31.590 21.391 1.03342
0.635 32.345 22.493 1.52753
0.290 29.652 22.885 1.41906
0.650 32.760 23.204 1.12797
0.405 28.747 22.298 1.07301
6.335 29.912 22.978 1.02744
15.925 30.694 23.341 1.07877
21.010 30.850 23.112 0.87582
7.175 31.320 23.090 0.81481
0.120 30.685 22.672 0.80316
51.875 30.852 23.147 0.90122
3.585 28.019 22.932 0.81463
0.545 29.791 22.119 1.01997
0.000 30.701 22.919 0.88784
7.110 29.555 23.005 0.79511
4.205 30.875 22.280 0.97709
6.415 32.017 21.991 1.07287
0.730 32.804 22.834 1.01974
0.000 32.995 23.310 0.81867
0.595 33.875 23.077 1.09087
0.020 34.307 24.307 0.99307
5.170 32.950 23.693 1.03872
0.910 32.604 23.667 0.99467
9.595 32.310 23.212 1.09090
0.065 32.860 22.890 0.97527
10.295 30.605 22.959 0.86359
1.200 30.516 22.837 1.10416
7.330 30.075 22.703 0.89093
2.230 31.039 22.968 0.97490
0.180 32.249 22.908 0.85831
0.525 28.982 22.767 0.66242
6.615 31.713 23.006 0.85264
6.845 28.792 22.672 0.85275
0.795 29.992 22.621 0.80129
1.075 30.603 22.563 0.96751
5.955 30.348 22.076 0.96163
2.015 32.780 22.719 0.79652
9.485 30.974 22.897 1.10987
45.105 25.852 22.162 1.08812
11.765 28.114 21.810 1.31224
28.280 28.382 21.885 1.15880
19.695 28.891 22.067 1.10713
1.460 28.421 21.650 0.92570
1.290 30.296 22.312 1.14915
26.185 29.012 21.844 1.17271
8.805 26.790 22.015 0.80264
4.595 27.360 21.211 0.91670
6.530 30.719 21.946 0.95089
3.445 29.553 22.556 1.00054
2.315 27.394 22.618 1.06005
8.205 27.477 21.910 0.71899
7.295 27.546 21.414 0.54421
3.245 28.679 22.283 0.73489
2.795 28.764 21.626 0.78879
0.000 32.229 22.160 0.83228
0.000 32.377 22.978 0.85627
0.385 31.981 23.352 0.83346
4.270 28.744 22.979 0.91510
2.020 30.407 22.644 0.87404
10.465 28.583 22.519 0.90980
24.195 29.768 22.705 1.19644
6.880 28.562 22.068 0.97051
0.000 30.547 21.642 1.00598
0.000 31.640 22.241 0.81743
4.355 32.336 22.616 0.59664
2.465 31.039 22.319 0.78318
0.340 29.971 22.808 0.70934
4.170 28.730 22.352 1.09149
16.080 27.815 22.018 0.79686
16.180 30.006 22.587 0.84663
8.990 27.922 22.083 0.58689
1.035 30.229 21.743 0.59316
14.430 32.175 22.582 0.59633
28.180 28.854 22.444 0.72009
5.960 27.734 21.531 0.79267
12.015 30.613 22.098 0.83376
2.320 28.844 22.356 0.83818
0.055 29.179 21.773 0.88348
14.335 30.418 22.560 0.71610
0.835 28.116 22.014 0.48072
0.000 31.264 21.789 0.57612
2.870 30.310 22.199 0.72289
0.755 29.453 21.894 0.58143
2.295 29.353 21.398 0.70190
5.925 30.502 22.668 0.57376
22.510 30.685 22.305 0.42122
15.370 28.709 21.912 0.44482
2.450 29.082 21.848 1.00084
3.605 29.245 21.370 0.71554
8.570 29.638 21.339 0.62561
8.545 27.844 20.848 0.67855
9.050 29.215 21.337 0.90472
1.475 30.006 21.343 0.81786
16.150 29.562 22.397 0.85773
2.035 30.079 22.962 0.68079
7.660 29.820 22.720 0.60495
39.140 29.628 22.121 0.54994
0.035 31.332 22.663 0.66173
0.110 30.344 21.793 0.60690
4.935 30.326 21.874 0.89447
2.820 29.174 21.020 0.93511
14.260 29.995 22.325 0.76554
62.330 28.792 22.405 0.75406
0.570 24.808 21.453 0.72883
18.930 27.143 21.608 0.48028
92.490 26.578 21.197 0.76768
8.610 27.779 21.464 0.76848
0.000 30.367 20.048 0.57823
0.000 29.983 20.328 0.73991
0.345 31.053 19.041 0.58941
0.000 30.909 20.035 0.76660
8.900 31.269 21.663 0.64568
11.220 26.332 21.899 0.65401
6.565 29.808 22.249 0.66655
0.660 30.434 22.460 0.29134
0.090 30.766 21.098 0.60581
19.145 31.505 22.362 0.44414
0.000 30.125 20.109 0.65612
0.000 29.771 20.261 0.58665
0.000 30.243 20.495 0.67134
0.000 30.670 21.564 0.52539
8.430 30.943 22.033 0.61447
0.455 31.095 19.964 0.66190
0.375 31.032 20.360 0.70284
0.000 29.847 19.129 0.96926
0.000 29.275 17.167 0.98295
0.000 28.993 16.971 0.91616
0.000 29.223 16.237 0.79390
0.000 29.160 16.578 0.78686
0.000 28.462 15.610 0.83430
0.000 28.567 16.372 0.85873
0.000 29.657 17.463 0.84394
0.000 29.254 18.738 0.93526
0.000 27.200 19.887 0.81172
0.000 29.280 20.992 0.69123
4.610 29.034 21.378 0.54161
0.410 30.282 20.971 0.67695
0.000 30.042 20.725 0.60797
1.445 30.765 20.316 0.54411
5.060 31.094 21.346 0.48041
7.725 26.810 20.544 0.64728
0.060 30.454 21.315 0.50030
0.060 29.950 21.064 0.58077
0.000 30.797 21.648 0.61112
0.110 31.719 20.495 0.53723
9.070 24.980 19.117 0.91824
0.000 26.401 19.069 0.80701
0.000 27.958 16.868 0.84407
0.000 27.426 16.607 0.78453
0.000 28.120 17.177 0.82291
0.000 28.210 16.392 0.77808
0.000 28.689 16.768 0.57515
0.000 29.730 17.347 0.57642
0.000 29.449 18.919 0.64322
0.000 28.886 18.316 0.71497
0.000 28.751 18.781 0.54195
0.000 30.421 19.327 0.39377
0.000 29.221 19.831 0.85728
0.000 30.184 19.929 0.46315
0.000 29.848 19.667 0.71051
5.000 28.650 17.175 0.90732
3.655 24.113 15.904 1.29090
1.175 25.166 15.614 0.87362
0.000 26.788 15.284 0.98335
0.000 26.454 14.173 0.98441
0.000 26.904 13.868 0.79900
0.000 27.323 14.039 0.60167
0.000 27.393 14.103 0.71197
0.000 27.339 13.893 0.73637
0.000 26.413 12.834 0.79204
3.030 25.527 13.079 0.77877
0.045 26.052 12.076 0.84536
0.000 26.992 12.478 0.79348
0.000 27.459 13.867 0.78966
0.000 29.628 17.109 0.60730
0.000 30.097 18.235 0.50306
1.130 29.654 19.951 0.51967
0.000 28.815 19.529 0.53067
3.660 28.659 16.694 0.75506
11.530 27.418 16.339 0.96939
0.000 24.340 14.868 0.91950
0.000 25.526 15.032 0.69463
0.000 26.916 14.375 0.70940
0.000 27.415 14.494 0.74993
2.195 27.858 14.968 0.81426
1.175 28.802 15.823 0.66329
0.000 25.889 18.219 0.50931
0.000 27.647 18.283 0.71772
0.000 28.714 19.277 0.54100
0.000 29.045 19.353 0.68825
0.000 29.742 18.690 0.48210
0.000 29.502 18.604 0.58578
0.000 27.512 17.023 0.62649
0.000 28.199 17.125 0.82145
0.045 27.498 16.740 0.79988
0.000 26.351 15.958 0.92810
0.015 24.795 14.460 0.54683
0.000 24.052 10.773 0.91604
0.000 22.917 8.652 0.98787
0.000 22.119 8.582 0.97132
0.000 23.016 8.381 0.91169
0.000 23.114 8.431 1.06247
0.000 23.680 9.647 1.33235
0.000 19.285 11.317 1.05292
0.000 21.964 11.357 0.80873
0.000 24.045 13.483 0.65022
0.000 25.983 13.004 0.65115
0.000 27.088 13.021 0.75913
0.000 26.627 13.826 0.68811
0.000 27.719 13.830 0.74704
0.000 28.391 13.379 0.75714
0.000 29.417 13.388 0.59719
0.000 29.046 14.694 0.53763
0.000 28.165 14.690 0.51875
0.000 27.367 15.697 0.50090
0.600 27.717 15.637 0.79966
0.000 28.106 15.898 0.73000
0.000 27.927 14.131 0.60812
0.000 27.876 13.240 0.60918
0.000 28.543 13.135 0.53178
0.000 27.912 13.186 0.62479
0.195 27.139 13.763 0.56457
0.515 23.223 12.099 0.63565
0.000 26.845 11.946 0.65155
0.000 26.906 11.572 0.63983
0.000 27.895 11.551 0.55220
0.000 26.370 11.411 0.56767
0.000 26.562 11.753 0.59047
0.000 26.871 11.911 0.73006
0.000 26.321 12.494 0.88587
0.000 26.518 13.472 0.82060
0.000 22.714 13.537 0.75663
0.000 22.250 13.292 0.51014
0.000 27.974 13.463 0.52378
9.510 24.025 12.316 0.71976
1.050 20.930 12.278 0.66036
0.000 23.219 13.579 0.65540
0.205 25.554 13.843 0.49177
0.000 27.384 14.740 0.55672
0.000 28.812 14.868 0.63537
0.000 29.187 14.236 0.58258
0.000 29.381 14.462 0.77468
0.000 29.664 11.933 0.81218
0.000 30.127 12.047 0.82868
0.000 31.109 13.367 0.63049
0.090 30.001 14.992 0.84015
0.000 29.913 16.713 0.75685
0.000 31.123 16.900 0.56275
1.685 28.060 18.573 0.79336
12.455 28.623 18.706 1.01527
0.000 30.631 19.156 0.76915
0.000 31.322 16.885 0.76821
0.000 32.674 15.704 0.85731
0.000 28.681 13.507 0.74211
0.000 27.746 13.379 0.69185
0.000 27.142 13.659 0.67980
0.000 28.460 14.085 0.60032
0.000 29.061 14.662 0.61416
0.000 30.627 14.699 0.63188
0.000 30.962 15.171 0.62692
0.000 31.893 15.987 0.64945
0.000 32.664 16.265 0.79604
0.000 31.026 16.438 0.70523
0.065 29.463 17.230 0.76931
0.040 30.340 17.259 1.00295
0.000 31.197 17.465 0.81503
0.000 31.537 16.622 0.95647
0.000 32.644 17.028 0.89790
0.000 34.019 16.914 0.48121
0.000 31.913 17.247 1.38438
0.000 27.498 14.860 1.29109
0.000 28.820 15.435 1.05856
0.000 27.129 16.350 0.70276
0.000 31.953 17.590 0.76667
0.000 33.050 17.993 0.98464
0.000 34.546 18.984 0.80621
0.000 35.352 19.681 0.63967
0.000 36.222 19.154 0.63581
10.465 29.188 16.685 1.06575
6.590 30.780 17.392 0.84073
0.000 30.366 18.535 0.56011
0.000 32.646 16.869 0.65682
0.000 33.010 17.276 0.73797
0.000 34.073 17.478 1.11020
0.000 34.355 18.288 0.90032
0.000 34.154 16.896 0.76609
0.000 34.468 17.012 1.07314
0.000 34.568 17.079 0.79010
0.000 34.715 17.540 0.86221
0.000 35.604 18.167 1.10940
0.000 35.505 17.285 1.09467
0.000 36.013 17.839 1.14841
0.000 36.555 18.438 0.99589
0.000 36.805 19.985 0.84477
0.000 36.502 17.565 0.92182
0.000 35.768 16.947 1.16845
0.000 34.809 17.783 0.88195
0.000 36.183 18.434 1.08872
0.000 35.777 18.893 0.82835
0.000 36.254 19.772 0.86831
2.670 35.580 20.059 1.77755
31.825 25.550 19.848 1.15970
0.030 30.750 19.542 1.16346
0.000 33.341 18.944 0.98885
0.000 33.325 17.475 0.68945
0.000 34.668 19.111 1.13246
0.000 35.049 19.792 1.04478
0.000 34.419 20.097 0.80757
0.000 32.888 21.258 1.56285
0.000 32.322 21.259 1.45020
0.000 35.105 21.219 1.17671
0.000 36.465 22.609 0.99169
0.000 35.966 23.063 1.13892
0.000 32.812 21.458 1.50644
18.550 30.053 20.821 1.09035
0.025 27.910 19.420 0.99321
13.140 29.380 20.178 0.58288
2.770 27.449 20.313 0.58104
6.220 28.617 19.907 0.76318
3.090 30.286 20.047 0.82352
0.615 33.370 20.100 0.96430
0.000 35.755 21.184 0.97836
1.910 35.579 21.741 1.40100
14.160 29.343 21.849 1.13258
17.910 26.648 20.858 1.33729
27.470 28.480 21.747 1.22179
2.710 29.141 22.118 0.79207
2.930 28.791 21.783 0.50995
15.140 30.064 22.179 0.87910
0.355 30.154 21.265 0.97987
0.030 31.443 20.956 0.67862
0.000 33.224 22.017 0.94534
0.000 33.169 22.094 1.31386
0.000 34.655 21.545 1.08033
0.000 35.928 22.850 0.77570
0.165 36.054 24.059 0.75664
10.470 27.698 18.289 1.46854
0.035 29.505 18.863 0.85919
0.000 28.997 19.345 0.77681
0.000 30.699 20.563 0.72105
0.000 31.954 21.457 0.83817
0.000 32.894 22.484 1.01163
1.895 30.991 21.693 0.69764
22.270 32.174 22.330 0.96115
4.955 27.228 20.739 0.86163
9.405 28.980 20.890 0.57479
10.370 27.671 20.790 0.82346
4.585 30.059 21.716 0.81848
1.570 25.954 18.116 1.24916
6.140 27.161 18.515 0.77650
2.075 26.311 18.144 0.91917
2.930 26.454 18.603 0.42504
0.035 26.606 19.767 0.64141
0.350 29.615 20.815 1.11240
4.370 30.286 21.605 1.00435
14.460 30.746 21.837 0.98113
69.310 31.320 21.722 0.79547
6.185 32.437 21.107 0.63716
0.940 30.183 20.625 1.06736
11.435 28.500 21.031 0.99903
1.975 28.142 21.356 0.79434
0.595 28.403 21.724 1.25747
17.100 26.932 21.366 0.75764
0.235 29.205 21.781 1.12767
0.000 30.264 21.213 1.20438
0.105 30.117 22.219 1.20067
5.240 28.808 22.114 0.88553
0.000 28.433 22.278 1.22781
0.715 30.513 21.451 1.11201
0.570 30.385 22.367 1.14152
0.000 29.972 22.077 0.93870
2.655 29.695 22.293 0.78084
26.215 29.021 22.276 0.66744
15.120 30.345 22.462 0.83258
10.110 29.270 21.914 0.62926
4.935 31.000 22.018 0.85409
1.355 30.195 21.759 0.73846
0.575 31.683 22.428 0.68778
0.495 29.400 22.337 0.93061
3.570 27.251 21.499 1.22957
4.445 28.701 21.534 1.17505
0.000 27.363 20.654 0.88025
0.515 30.772 21.985 0.87519
10.380 28.779 22.022 0.79307
20.440 28.579 21.616 0.89851
0.730 28.756 22.423 0.82802
0.000 29.044 21.494 0.82364
6.905 30.011 22.171 0.92780
2.810 28.535 21.898 0.58630
40.390 29.051 22.011 0.96018
1.075 29.044 22.154 1.16181
3.235 29.632 21.810 1.42873
1.305 28.483 21.974 1.29488
19.300 29.398 21.941 1.32303
1.275 27.290 21.689 1.22123
0.570 27.879 21.311 1.13908
0.680 29.038 21.353 1.04446
0.075 28.557 21.757 0.78621
1.495 28.769 21.358 0.80938
0.945 30.706 21.792 0.78085
4.845 30.983 23.051 0.74877
14.650 29.495 22.449 0.65185
4.760 29.899 22.754 0.68676
1.005 27.552 21.524 0.79159
21.835 29.583 21.662 0.96493
6.250 29.647 22.214 1.01344
41.445 28.256 21.607 0.95118
0.000 29.060 22.304 0.87925
3.695 29.841 22.075 0.89400
2.965 29.044 21.906 0.73367
6.165 29.151 22.288 0.86764
0.070 27.922 22.161 0.89062
5.425 27.956 21.879 0.84337
0.380 29.118 21.939 0.93259
0.000 30.581 22.495 1.14270
0.300 31.135 22.921 1.06224
1.005 29.594 22.002 1.03522
0.220 30.421 22.603 1.09136
0.635 28.694 21.924 0.99589
0.320 27.600 21.383 0.73072
0.045 30.649 22.375 0.86942
0.075 29.515 21.923 1.05738
0.605 31.284 22.959 1.01556
0.000 28.398 22.021 0.68769
12.145 30.360 22.842 0.46963
6.630 29.894 22.250 0.60328
1.255 28.743 21.664 0.99346
6.055 29.386 21.999 0.83468
0.045 29.275 22.244 0.75598
6.755 29.704 22.540 0.86168
11.935 30.944 23.101 0.41727
4.500 30.337 22.537 0.54948
20.550 26.135 21.927 0.70595
10.425 28.624 21.407 0.93794
0.320 29.933 22.138 0.93129
12.635 27.428 21.546 1.15344
2.025 26.235 21.444 1.19709
0.000 27.932 20.820 1.10445
6.405 29.550 21.777 1.01730
2.440 28.218 22.162 0.92197
55.585 27.496 21.560 1.09777
22.535 26.391 21.959 0.93692
10.300 27.029 21.642 0.87939
12.150 26.547 20.698 1.38273
4.030 26.558 20.369 1.19823
0.845 28.875 20.917 1.04261
27.945 28.392 21.598 0.82586
9.990 26.840 20.900 0.99441
14.890 27.598 21.149 0.68828
5.615 30.058 21.468 0.39529
2.380 30.436 21.821 0.51409
10.970 31.624 21.686 0.58847
4.765 31.426 22.097 0.75298
8.580 31.173 22.457 0.70948
5.625 27.984 21.641 0.97382
1.850 29.612 21.355 1.01497
16.740 27.600 21.581 1.19926
23.285 28.235 22.100 0.81273
11.865 27.591 21.035 0.88748
11.080 27.148 21.279 0.85029
5.810 28.115 21.240 0.77556
15.980 28.035 21.302 0.76643
4.375 28.135 21.488 0.65429
7.200 27.555 20.545 0.80285
0.940 29.707 21.103 0.85308
0.000 30.533 21.540 0.80567
1.540 29.765 22.260 0.65319
25.220 30.205 21.872 0.37829
33.125 29.923 21.379 0.54486
20.055 28.930 21.542 0.65309
5.600 28.163 21.016 0.35751
0.515 29.217 21.417 0.60147
12.165 28.622 21.429 0.68157
19.880 29.513 21.638 0.44165
19.670 28.956 21.178 0.53287
0.000 29.538 21.607 0.54246
0.040 30.520 22.435 0.48796
16.275 31.068 22.051 0.45142
2.175 27.625 21.533 0.70798
2.375 27.582 20.553 0.89011
0.010 28.663 20.952 0.83374
30.330 30.156 21.859 0.41886
33.295 25.891 20.294 0.69446
1.950 29.127 20.657 0.62432
16.740 29.757 21.632 0.57039
20.260 25.395 19.933 0.80826
1.980 28.517 18.861 0.80497
2.540 28.451 19.570 0.69025
0.250 28.302 20.076 0.73364
0.040 30.202 20.210 0.47391
3.540 30.520 20.408 0.51737
0.060 30.116 19.951 0.62291
3.520 27.870 19.750 0.57726
33.520 29.878 19.485 0.56592
7.425 29.660 19.768 0.60780
1.685 28.720 19.986 0.63126
0.405 29.005 20.241 0.60630
0.000 28.694 20.358 0.47319
0.000 29.730 20.410 0.43280
0.310 30.010 21.190 0.56750
4.495 29.064 21.339 0.59865
0.000 28.415 21.540 0.68133
3.875 30.237 21.855 0.44765
4.135 26.964 20.412 0.64179
1.275 28.865 20.434 0.69725
0.000 29.979 20.453 0.47071
0.180 30.084 20.265 0.65606
0.105 28.554 20.194 0.55058
0.000 27.276 18.829 0.96043
0.000 27.392 15.911 1.13073
0.000 26.490 14.746 0.87438
5.990 26.005 15.241 0.85899
4.880 25.179 16.110 0.71716
0.000 26.291 17.901 0.66932
0.000 28.291 18.911 0.47559
0.000 28.946 19.997 0.45839
22.405 28.895 19.261 0.54923
0.985 27.713 19.985 0.77611
9.365 24.399 19.761 0.82218
0.990 25.987 19.782 0.88036
11.800 26.479 19.594 0.84910
0.020 27.735 18.851 0.83917
0.315 27.576 19.297 0.63034
2.740 26.222 19.811 0.63071
3.870 25.569 16.144 1.05302
0.685 24.347 15.073 0.95611
0.000 23.293 15.469 0.74178
0.585 26.689 16.488 0.77766
1.010 25.644 17.114 0.76181
0.000 27.635 17.740 0.87960
0.000 24.005 17.933 0.65275
0.000 27.968 18.349 0.36303
0.010 27.801 19.969 0.67946
22.675 24.663 19.190 0.74024
6.795 28.146 19.212 0.54177
0.000 28.704 17.649 0.48957
0.000 29.291 17.784 0.53894
0.000 28.067 16.938 0.45468
0.000 27.829 16.207 0.64184
0.000 26.780 14.398 0.64930
0.000 26.096 14.658 0.63237
0.000 25.339 13.520 0.61572
0.000 26.009 13.516 0.57593
0.000 25.571 12.875 0.57597
0.000 25.700 12.535 0.55900
1.390 25.601 11.947 0.66349
0.000 25.841 12.118 0.64975
0.000 26.966 13.130 0.70037
0.000 27.402 15.185 0.56130
0.000 27.537 16.023 0.50341
0.000 27.928 16.149 0.49017
0.000 27.418 15.810 0.79293
0.050 22.959 12.843 0.69973
0.000 24.213 11.517 0.78523
0.000 23.871 10.724 0.82623
0.000 23.341 9.701 0.83068
0.000 24.126 9.825 0.77543
0.000 22.716 13.656 0.94039
1.935 18.718 12.375 1.09149
6.150 18.488 11.637 0.92757
0.345 20.487 11.533 0.83803
0.000 21.842 10.698 0.88534
0.000 22.058 10.036 0.98344
0.305 23.264 10.176 0.84764
0.550 24.728 11.050 0.70752
0.000 25.050 13.025 0.64677
0.000 26.272 13.113 0.64197
0.000 24.401 13.681 0.73506
0.000 23.814 12.917 0.66475
0.000 25.017 11.737 0.73577
0.000 25.298 11.370 0.87742
0.000 23.691 9.087 0.89585
0.000 21.876 7.599 0.95048
0.000 20.615 5.914 0.84266
0.000 19.627 4.125 0.92541
0.000 16.914 1.689 1.17546
0.000 16.076 1.226 1.16690
0.000 16.428 1.032 1.07613
0.000 17.984 1.044 1.01162
0.000 18.829 2.253 0.85859
0.000 19.861 3.441 0.72545
0.000 21.181 3.962 0.78539
0.000 22.322 5.243 0.74146
0.000 23.883 6.909 0.72233
0.000 25.864 9.706 0.56051
0.000 27.320 12.817 0.71869
0.000 26.895 13.116 0.50034
0.000 26.862 14.567 0.78443
0.000 27.544 14.767 0.67953
0.000 27.987 15.583 0.66946
0.000 28.762 15.574 0.61000
0.295 27.902 15.595 0.61772
0.000 27.487 16.863 0.61644
0.000 28.006 16.909 0.66948
0.000 28.865 15.604 0.63068
0.000 28.847 15.214 0.62009
0.000 28.697 14.062 0.68970
0.000 28.350 13.526 0.75056
0.000 28.398 12.499 0.75772
0.000 28.614 11.215 0.71153
0.000 28.155 10.833 0.82380
0.000 28.461 10.704 0.79599
0.000 27.359 11.406 0.79731
0.170 24.428 12.183 1.23090
0.000 23.671 10.565 1.27576
0.075 24.045 10.775 0.99461
0.000 25.463 13.197 1.00194
0.000 25.407 13.403 0.86314
0.000 27.578 13.403 0.69692
0.000 28.404 13.350 0.81749
0.000 27.288 12.741 0.89670
0.000 23.194 10.625 0.86617
0.000 23.430 10.700 1.13407
0.000 24.574 9.148 1.23119
0.075 23.089 9.567 1.27454
0.075 20.433 7.873 0.84320
0.000 23.826 7.829 0.83763
0.000 24.173 8.427 0.77149
0.000 26.017 9.554 0.87255
0.000 27.715 11.957 0.78565
0.000 28.588 11.883 0.86975
0.000 28.290 12.472 0.88754
0.000 29.074 12.858 0.83697
0.000 26.995 11.868 1.11224
0.000 27.695 12.335 0.92810
0.000 27.936 13.143 0.72343
0.000 29.439 13.963 0.66382
0.000 30.416 14.641 0.74651
0.000 31.636 15.116 0.70806
0.000 33.012 14.982 0.66556
0.000 31.131 15.456 1.20100
22.370 29.688 17.187 1.19565
0.575 28.731 18.006 1.24252
2.260 28.869 18.549 1.16785
0.550 28.951 18.648 0.85684
0.000 31.926 18.034 0.74659
0.000 32.633 17.735 0.81399
0.000 32.592 18.074 0.70612
0.000 33.427 18.581 0.69680
0.000 33.931 18.831 0.78086
0.000 33.430 15.387 1.67984
13.015 24.494 12.564 1.51401
5.705 20.615 12.837 0.85617
4.690 23.088 15.282 0.80917
3.025 21.786 13.550 0.98598
0.000 24.293 12.405 1.38994
0.000 27.618 13.525 1.07976
0.000 29.363 15.210 0.97657
0.000 30.326 16.004 0.68665
0.000 31.472 16.019 0.59010
0.000 31.841 16.205 0.79972
0.000 32.220 16.263 0.71906
0.000 32.547 15.260 0.83894
0.000 31.803 13.904 1.35918
0.000 31.831 15.019 1.11283
0.000 32.598 16.124 0.89448
0.000 32.828 17.476 0.88545
0.000 32.994 17.149 0.77486
0.000 33.698 16.990 0.75989
0.000 33.933 17.780 0.82559
0.000 33.874 17.350 0.80852
0.000 33.873 17.845 1.03398
0.000 34.355 18.298 0.90115
0.000 34.661 18.466 0.78111
0.965 35.104 18.734 0.67807
0.000 35.653 18.678 0.76743
0.000 36.000 19.083 0.71588
0.000 35.854 20.586 0.67007
0.460 28.671 19.198 1.22322
1.535 30.228 19.443 0.73977
0.030 30.418 18.185 0.63525
1.160 29.354 17.527 0.65698
1.820 33.301 19.019 0.59093
2.980 32.871 19.320 0.87736
28.090 30.453 19.817 0.79426
0.070 33.256 18.567 0.87629
0.000 34.784 19.613 0.88830
0.000 35.671 20.000 0.87403
0.000 36.585 20.054 0.80644
0.000 36.877 19.441 0.98961
0.000 36.958 21.116 1.19918
0.000 35.836 21.732 1.29966
0.000 36.319 22.409 1.21263
0.000 37.377 22.600 0.86778
0.300 36.339 21.722 1.16545
9.530 34.712 22.335 1.01938
1.225 28.238 21.151 0.98966
3.615 27.559 19.257 0.75602
0.000 30.174 18.344 0.95272
0.000 31.938 20.197 0.77174
1.350 33.145 19.353 0.82465
2.270 31.050 19.602 0.62228
0.000 31.211 20.164 0.73371
0.000 32.258 21.466 0.65269
0.560 33.486 22.039 0.71362
1.125 33.837 21.823 0.60608
6.710 30.793 21.889 0.72964
42.755 30.342 21.645 1.07614
1.425 28.974 21.307 0.85175
0.135 30.673 21.824 0.81832
4.275 32.277 21.886 0.82762
21.815 29.479 21.208 0.58138
0.860 30.331 21.065 0.88010
0.955 28.957 21.045 1.15603
2.800 29.956 21.170 1.02972
10.270 30.974 21.252 0.81969
0.000 31.578 21.384 1.10324
0.000 30.737 21.850 0.56830
13.635 31.835 21.473 0.77144
13.920 28.765 21.410 0.87755
13.105 28.434 21.274 0.74268
0.000 28.438 21.369 0.69912
10.160 29.024 21.186 0.88286
5.285 30.599 21.632 0.71194
0.000 33.626 22.836 0.70348
5.510 33.303 23.387 0.49120
26.575 29.654 21.116 1.02656
13.900 26.285 19.941 1.12212
8.230 28.098 20.233 1.25318
1.135 29.174 20.947 0.67876
24.615 28.166 21.369 1.02086
26.215 26.780 21.987 0.97066
0.130 27.415 22.112 1.13094
0.390 29.768 21.462 1.14371
1.610 28.366 18.447 1.23861
5.650 22.656 17.263 1.55929
0.000 26.121 17.882 0.76524
0.245 28.551 19.917 0.57018
13.765 29.271 21.462 0.87709
0.870 30.808 21.168 1.14116
10.500 30.988 22.423 1.22210
1.635 29.750 21.735 1.05229
0.135 31.236 21.798 0.70087
1.135 31.155 23.095 0.48397
17.190 28.438 22.433 0.54375
7.525 27.412 21.685 0.72875
19.090 30.707 22.310 0.92037
11.260 30.995 22.200 0.65514
46.245 28.304 22.065 0.71662
12.190 29.605 22.232 1.01555
3.780 31.236 21.794 1.36276
0.215 30.700 21.181 0.87369
1.435 30.790 22.154 0.96826
1.965 30.703 22.504 0.65731
8.340 28.214 22.554 0.90085
0.810 28.021 22.741 0.89706
3.415 28.508 22.323 1.06268
0.135 29.591 21.683 1.19417
2.490 30.290 22.496 1.18201
0.285 29.086 22.767 0.95956
1.910 29.355 22.212 1.06961
5.110 30.687 22.946 1.13103
4.510 28.256 22.582 0.84878
2.070 27.480 21.980 0.68777
8.760 27.461 21.181 0.58704
14.505 30.439 22.054 0.87423
14.225 29.177 22.100 0.84520
7.685 28.382 22.190 0.98157
9.555 27.998 22.334 0.99289
4.785 27.837 22.151 1.01111
0.005 28.622 22.195 1.15109
3.545 28.780 22.065 1.21945
4.815 28.047 21.955 1.08956
5.730 27.723 20.814 1.13554
0.000 30.289 21.038 0.67685
20.820 30.612 22.223 0.68491
2.390 29.069 22.144 0.64309
0.160 31.069 21.665 0.76618
1.290 34.403 21.990 0.48708
0.065 31.384 21.748 0.68574
16.455 31.005 22.679 0.82072
2.680 27.914 22.051 0.75479
0.865 28.757 21.218 0.93293
2.820 29.567 22.272 1.20267
17.460 27.643 21.875 0.98185
26.385 28.575 22.205 0.85916
25.070 29.223 22.125 0.76405
11.675 30.074 21.986 0.83806
2.065 26.650 21.930 0.83870
0.010 26.887 21.613 0.95708
0.455 29.456 22.140 0.67556
8.505 29.489 22.577 0.68124
21.415 27.700 21.884 0.70280
16.925 28.447 21.352 1.21230
2.410 27.086 21.162 1.17381
0.190 29.008 21.691 1.08510
24.975 29.762 22.192 0.87975
16.305 26.418 21.709 0.93504
5.815 26.498 21.371 0.94005
0.005 28.589 21.162 0.93218
3.475 29.470 22.286 0.93451
17.860 25.831 21.192 0.70107
0.520 26.870 21.025 0.70001
0.130 29.731 21.770 0.82607
2.440 29.977 22.034 0.58840
17.250 28.453 21.989 0.58535
0.000 29.046 21.916 0.68510
23.205 27.535 21.938 0.95619
2.480 26.898 21.270 0.97580
3.170 27.492 21.462 0.75834
10.155 29.610 21.694 0.87157
20.845 28.106 21.878 0.76270
40.555 26.687 21.683 0.81585
8.090 26.498 21.636 1.28463
5.820 27.999 21.459 1.03081
1.175 28.274 20.938 1.13675
0.110 29.018 20.709 0.96181
0.000 28.728 20.191 0.90046
1.025 29.378 21.435 0.74602
1.010 29.461 21.514 0.67321
0.700 29.474 22.369 0.70050
7.545 27.433 21.778 0.80878
1.625 27.541 21.505 0.80832
7.380 27.679 21.441 0.77835
5.070 28.492 21.906 0.73326
0.145 26.764 21.535 0.73985
8.300 28.700 21.989 0.78333
0.025 30.405 22.662 0.55158
16.650 30.658 22.070 0.42646
2.510 31.935 22.251 0.51015
5.270 32.087 21.770 0.71861
11.220 32.386 22.574 0.48340
14.695 30.472 22.982 0.63774
12.600 29.043 22.827 0.66734
6.625 26.673 21.655 0.96502
2.575 29.269 21.812 0.79197
6.800 28.638 22.129 0.70178
6.030 27.950 21.913 0.89118
2.660 27.221 21.600 0.70483
2.680 28.853 21.446 1.10683
6.565 28.384 21.435 1.02005
30.455 27.771 21.589 0.82199
5.780 26.735 21.474 1.06727
3.520 26.007 20.440 0.98510
8.260 29.034 21.078 0.66559
0.000 28.437 21.643 0.42863
3.090 27.934 20.603 0.83530
0.000 29.549 20.187 0.60329
6.890 30.655 20.821 0.70178
2.015 26.311 21.416 1.16939
9.645 25.723 21.322 0.98736
2.750 27.578 20.834 0.69818
0.075 28.572 18.314 0.73696
0.000 29.198 16.474 0.83780
0.000 30.344 16.949 0.73010
0.000 30.471 17.885 0.41727
0.000 29.578 18.729 0.51449
4.560 25.328 19.283 0.38121
0.435 29.387 19.958 0.57071
3.995 28.949 20.445 0.55746
8.620 29.732 20.320 0.45567
0.155 29.640 20.642 0.55231
15.245 29.504 20.632 0.56509
41.235 28.989 21.344 0.66991
0.000 28.418 20.720 0.43848
3.105 29.382 21.390 0.46519
1.420 29.278 20.378 0.65675
2.635 28.198 20.329 0.89047
11.965 27.835 20.639 0.97364
5.825 28.043 20.207 0.96614
0.145 29.674 20.593 0.53199
15.620 29.042 20.809 0.61807
28.045 28.582 20.164 0.64060
0.055 29.465 20.639 0.49305
4.725 28.796 20.313 0.61888
0.000 29.334 19.677 0.42673
0.000 29.630 20.778 0.45212
3.535 27.544 20.722 0.43686
0.450 31.316 20.402 0.45320
0.060 29.742 19.674 0.72797
0.260 30.109 20.566 0.74653
0.000 28.483 18.667 0.84604
0.050 28.172 19.090 0.96600
0.000 26.574 17.568 0.93077
0.000 25.161 17.699 0.89483
0.000 26.101 18.332 0.76248
0.000 28.101 18.216 0.75376
0.000 28.449 19.024 0.66639
0.000 29.798 19.930 0.36617
0.000 30.191 20.713 0.57081
0.060 29.377 21.070 0.68668
7.985 28.946 20.499 0.63682
8.995 27.987 19.245 0.84115
0.000 29.094 19.395 0.69876
0.000 29.059 19.063 0.75884
0.000 28.989 19.653 0.61723
7.185 29.896 20.370 0.51491
4.450 28.440 17.043 0.92715
0.380 23.359 16.539 0.68568
0.000 24.973 13.057 1.00996
0.000 23.916 10.449 1.14007
0.000 23.040 9.593 0.98765
0.000 23.806 9.559 0.91794
0.000 24.759 10.162 0.89392
0.000 26.186 11.638 0.61577
0.000 27.122 13.403 0.53968
0.000 27.011 13.740 0.55991
0.000 26.870 14.139 0.68095
0.000 26.862 14.768 0.57404
0.000 26.936 15.109 0.62194
0.000 27.671 15.276 0.46225
0.000 27.189 14.998 0.52661
0.000 26.337 14.994 0.56064
0.000 27.353 15.373 0.43047
0.000 27.845 15.825 0.65031
0.000 26.515 14.238 0.91170
0.000 24.782 14.551 0.74080
0.015 24.830 16.450 0.46298
0.000 27.617 16.972 0.65577
0.000 23.874 12.969 1.21384
0.000 21.116 11.716 0.88674
0.000 24.420 11.888 0.74646
0.435 24.908 11.882 0.75967
0.000 26.050 12.062 0.70189
0.000 27.173 13.182 0.51612
0.000 27.689 15.533 0.52492
0.000 26.974 18.532 0.60675
0.105 27.169 17.869 0.75898
0.000 26.895 17.995 0.80900
0.000 26.528 17.926 0.82400
0.000 27.827 17.981 0.58977
0.000 27.944 18.338 0.70385
0.215 25.375 15.001 1.23058
0.000 22.021 13.659 0.55225
0.000 26.230 13.745 0.55118
0.000 26.131 14.516 0.79368
0.000 26.288 14.338 0.55635
0.000 26.554 14.390 0.56841
0.000 26.218 14.840 0.50219
0.000 27.060 14.919 0.58401
0.000 27.751 15.733 0.60557
0.000 27.377 15.828 0.71839
0.000 25.858 14.941 0.76736
0.000 25.550 13.082 0.71911
0.000 25.757 13.098 0.66206
0.000 27.162 13.463 0.62475
0.000 26.883 13.670 0.51392
0.000 26.472 13.613 0.56138
0.000 26.570 13.352 0.57147
0.000 27.667 13.329 0.55254
0.000 26.911 13.503 0.57242
0.000 26.442 13.663 0.53220
0.000 25.241 10.229 0.86737
0.000 24.313 9.445 0.96020
0.000 23.551 8.423 0.70774
0.000 23.594 8.433 0.67881
0.000 24.820 9.554 0.64268
0.000 25.389 10.733 0.71631
0.000 25.758 11.245 0.66521
0.000 26.417 11.426 0.60301
0.000 25.749 12.215 0.66856
0.000 24.407 12.925 0.61345
0.000 25.851 12.937 0.65131
0.000 26.296 13.088 0.56882
0.000 25.702 13.946 0.76026
0.000 25.371 14.182 0.89218
0.000 26.292 13.861 0.70752
0.000 26.068 13.953 0.74988
0.000 26.421 13.950 0.61872
0.000 27.078 14.272 0.60153
0.000 25.912 12.006 0.73019
0.000 25.430 12.284 0.56128
0.000 25.875 11.822 0.64799
0.000 26.536 11.891 0.63821
0.015 26.379 15.214 0.89390
0.015 23.473 13.550 0.98227
0.000 22.016 13.578 0.61151
0.430 24.490 14.677 0.73510
0.000 25.886 14.284 0.51678
0.000 27.109 14.179 0.65719
0.000 27.128 14.342 0.75977
0.060 27.313 17.041 0.78044
0.000 28.667 16.921 0.62173
0.000 29.253 17.170 0.84830
0.000 29.053 16.959 1.06985
0.000 28.825 13.138 1.14194
0.000 27.524 11.933 0.71426
0.000 27.913 12.353 0.78465
0.220 27.644 13.298 0.77369
0.000 25.136 11.796 0.86990
0.000 26.704 12.188 0.75931
0.000 28.254 13.244 0.63108
0.000 28.584 13.475 0.69351
0.000 29.129 13.520 0.76617
0.000 29.569 14.072 0.83090
0.000 29.341 14.448 0.88658
0.000 29.880 16.399 0.70994
0.000 29.683 14.348 0.65975
0.000 30.178 14.659 0.62924
0.000 27.757 14.983 1.25760
0.000 25.733 15.430 1.22084
0.000 23.418 13.783 1.09730
0.000 27.440 14.103 1.02218
0.000 28.960 14.973 0.78339
0.000 30.458 15.472 0.77400
0.000 28.039 13.679 0.74509
0.000 26.812 14.281 0.80990
0.000 26.938 14.657 0.89336
0.000 25.747 14.979 0.71543
0.000 27.618 15.761 0.82284
0.000 29.927 16.547 0.79711
0.000 30.665 15.827 0.71279
0.000 30.616 15.316 0.74992
0.000 31.359 15.593 0.97027
0.000 31.593 16.122 0.79162
0.000 31.216 16.724 0.65409
0.000 31.517 14.983 0.70680
0.000 30.516 15.258 0.96753
0.000 32.385 16.310 1.00207
0.000 32.825 16.822 0.54396
0.000 31.697 17.263 0.82341
0.000 32.435 17.987 0.92655
0.000 33.559 17.578 0.54957
1.305 30.866 16.610 1.27859
0.000 32.099 17.722 1.01932
0.000 33.007 19.179 0.83592
0.000 34.044 18.809 0.66314
21.325 31.445 18.610 1.32943
8.915 24.722 16.729 0.97358
13.495 26.125 17.296 0.89829
4.945 25.002 18.224 0.57864
7.540 25.415 15.952 0.89166
6.210 23.879 16.048 0.63647
1.720 27.555 17.191 0.76974
3.970 26.569 19.275 0.64594
0.000 29.911 20.140 0.70723
0.000 31.353 20.214 0.78587
9.900 32.217 20.696 0.67466
0.010 31.176 19.570 0.87531
8.970 31.648 20.230 0.87229
4.860 30.967 20.673 0.87541
0.200 27.249 20.036 1.00901
10.130 30.270 21.095 0.95614
2.875 31.029 19.410 0.97620
0.115 33.049 20.229 0.86092
2.430 32.662 20.310 0.78919
0.000 32.664 21.078 0.66111
0.000 33.008 19.588 0.56051
0.030 32.337 19.236 0.85868
0.000 32.631 20.240 1.26311
0.000 33.202 20.489 0.99576
0.000 32.834 21.004 1.35014
0.055 33.936 20.063 1.14628
0.000 35.664 20.337 0.83916
0.000 36.325 20.724 0.75036
0.000 37.158 21.516 1.20141
0.000 37.040 22.261 1.01852
0.000 37.099 21.450 1.11479
0.000 37.150 20.928 0.88679
0.000 37.591 21.706 0.79694
0.000 38.515 22.199 0.77188
0.035 37.723 19.969 0.97788
50.855 33.507 20.597 1.29837
0.000 30.625 20.647 1.00721
0.030 33.137 21.609 0.67405
0.000 34.957 21.831 1.07550
0.000 36.142 21.522 0.93128
0.000 36.781 21.762 0.79267
0.000 37.219 22.497 0.71012
0.000 38.035 21.615 0.95703
0.000 38.226 21.747 0.98777
0.000 38.206 23.043 0.77850
0.000 37.317 23.585 1.24093
0.000 38.396 23.008 1.35266
0.000 37.705 23.246 1.39498
0.000 36.503 22.476 1.53909
0.000 35.822 22.678 1.69850
0.000 36.938 23.238 1.36899
0.000 38.445 23.751 1.34153
6.645 38.643 23.907 1.19463
15.125 36.249 23.185 1.15686
36.435 32.290 22.172 1.33127
36.730 28.122 21.269 1.11921
16.280 27.978 21.387 1.03349
0.555 27.845 21.791 0.89570
3.105 31.695 22.181 1.22715
13.870 29.622 21.021 1.07803
1.440 31.680 21.197 0.69785
0.000 31.459 22.068 0.96543
0.895 29.378 21.774 0.71214
20.600 29.666 19.800 1.16155
0.805 28.856 19.706 0.85590
1.215 30.558 20.844 0.74825
12.815 28.652 21.379 1.21175
0.120 29.364 21.507 0.51733
4.725 27.700 21.434 1.05460
3.305 28.233 21.278 0.61407
0.605 29.251 21.492 0.91400
7.145 28.728 21.879 0.93187
16.370 29.606 21.587 1.04033
47.265 29.759 22.133 1.08174
3.680 27.203 21.752 0.60210
4.675 30.466 22.459 0.83408
54.850 30.100 22.048 0.86764
1.410 30.915 22.187 0.80400
0.315 30.275 22.373 1.00193
4.565 29.518 22.398 1.11255
6.865 29.566 22.362 1.19288
0.000 27.926 22.142 1.09041
0.300 29.618 22.271 1.06869
11.700 29.801 22.801 1.33632
1.925 28.308 22.385 1.30989
2.295 29.180 22.087 1.21489
9.205 29.371 22.133 1.01803
15.735 29.087 21.942 0.85352
15.060 27.098 21.839 0.69615
30.410 28.893 21.901 0.78489
0.985 27.453 21.955 0.67886
4.395 28.212 22.103 0.82600
1.140 27.645 22.325 1.12784
1.925 29.324 22.528 1.01093
0.165 28.073 21.581 1.05186
0.060 28.703 21.775 1.08270
9.645 29.262 21.957 0.83808
1.150 27.919 21.219 0.69740
0.000 31.417 20.773 0.73645
0.120 31.393 21.454 0.59634
0.485 29.472 21.080 0.78288
0.000 30.394 20.906 1.02092
0.065 31.474 21.984 0.79244
0.545 30.754 21.797 1.00201
2.805 30.954 22.534 0.85585
0.725 29.117 22.735 0.55700
7.865 30.045 22.391 0.38593
8.000 30.924 22.718 0.66201
0.320 28.450 22.091 0.75480
0.975 30.157 22.076 0.75661
0.570 30.330 22.471 0.98322
3.065 26.912 21.721 0.93068
0.970 28.560 21.729 0.84483
17.585 28.575 21.828 0.95367
2.175 27.977 21.570 0.79178
0.000 29.193 21.236 0.92751
0.060 31.591 22.662 0.91352
4.915 29.106 22.547 0.68490
7.260 29.756 22.772 1.21972
1.810 28.480 22.004 0.95298
4.975 28.625 22.254 0.83360
4.495 31.051 22.542 0.74909
19.860 28.829 22.206 0.85410
1.470 27.205 21.669 0.91594
1.080 26.047 20.832 0.92128
0.000 29.344 21.616 0.76591
8.360 29.706 22.193 0.80194
9.715 27.735 22.013 0.77935
4.970 28.027 21.945 0.83414
12.580 28.252 21.946 1.12936
8.150 27.276 22.022 0.98182
20.605 27.241 21.408 0.83825
0.150 27.394 20.887 1.04532
19.240 29.342 21.925 0.94485
12.645 27.155 21.926 0.75787
20.435 28.862 22.294 0.87653
80.570 29.240 21.799 1.10624
7.995 27.864 21.865 0.72947
22.630 28.386 22.364 0.77382
2.435 26.343 21.725 0.80874
15.695 27.060 22.211 1.04383
7.885 25.808 21.135 0.98984
10.500 26.521 21.148 0.80921
46.060 28.748 21.841 0.91599
5.085 27.854 21.758 0.85584
18.320 28.026 22.346 0.79297
6.765 26.954 21.620 0.99119
24.960 26.584 21.671 0.71052
34.270 28.488 21.053 0.44262
4.810 28.389 21.672 0.51155
1.555 31.673 22.569 0.58885
12.960 29.947 21.531 0.64507
1.200 29.787 21.820 0.72097
3.345 28.702 22.322 0.42650
2.865 30.124 22.416 0.45412
17.535 31.970 22.535 0.71258
12.295 27.061 22.261 1.18991
1.410 27.493 21.915 1.37876
19.330 26.885 20.821 0.97656
63.060 28.118 21.433 0.74455
29.350 27.176 21.273 0.84450
2.815 27.712 21.542 0.70511
34.475 28.260 21.876 0.68194
3.155 30.343 22.334 0.94847
0.865 30.104 22.120 0.76751
5.135 30.491 21.798 0.64840
1.970 31.115 22.693 0.56047
0.000 30.918 22.312 0.75636
0.000 30.970 22.806 0.82518
2.360 29.972 23.181 0.73871
4.055 27.449 22.467 0.77285
13.200 28.571 22.045 0.49776
18.350 29.420 22.574 0.45664
2.545 27.183 21.133 0.95006
0.000 30.026 21.815 0.65458
3.280 30.109 22.633 0.78881
2.575 28.431 21.971 0.79743
26.020 29.230 22.634 0.58589
21.530 27.173 22.280 0.70482
30.830 26.116 22.340 0.70502
2.840 27.723 22.068 0.63674
6.155 29.351 22.091 0.47729
0.345 27.872 21.486 0.61972
0.000 28.618 22.218 0.94262
55.525 29.159 22.498 0.65905
9.515 30.837 22.426 0.38534
13.460 29.319 21.406 1.01842
0.000 28.552 20.323 0.69604
2.425 30.071 20.586 0.61415
1.355 29.978 21.502 0.43458
0.000 29.911 21.835 0.64282
0.060 28.998 21.911 0.60674
0.000 30.185 22.324 0.55951
8.645 30.161 20.780 0.34683
17.180 30.029 21.061 0.47811
12.860 29.936 21.277 0.53773
12.600 30.333 21.853 0.41832
17.460 29.838 21.011 0.45609
6.135 28.844 20.942 0.61024
11.750 27.749 20.463 0.71511
7.370 29.466 21.189 0.63302
27.705 26.936 20.316 0.71828
0.160 29.444 21.232 0.50439
0.175 30.143 21.282 0.50991
0.000 29.231 20.855 0.74119
0.000 30.295 19.865 0.48516
0.000 29.365 20.156 0.73597
0.000 29.952 20.322 0.49310
3.535 29.640 20.617 0.71822
0.005 30.061 21.472 0.49893
5.525 28.069 20.191 0.54049
0.630 28.439 20.309 0.72078
0.000 29.774 20.960 0.52468
0.000 29.908 21.363 0.50403
12.025 28.256 20.928 0.61426
35.035 29.975 19.806 0.54334
0.000 28.671 20.228 0.59918
6.595 29.124 20.414 0.67772
0.000 29.863 20.445 0.49093
0.150 29.770 21.319 0.49972
0.000 30.076 21.453 0.41134
15.610 30.127 22.097 0.53261
1.230 27.030 20.349 0.55163
0.000 29.373 19.426 0.48636
0.145 28.147 18.959 0.74950
0.225 28.461 19.123 0.57942
0.010 28.843 18.808 0.51597
0.000 28.336 18.876 0.85975
0.625 27.734 19.656 1.06520
2.715 26.089 18.859 1.09033
3.215 25.379 19.197 0.73123
8.360 25.218 20.030 0.85861
13.680 26.717 19.514 0.51511
9.335 29.930 20.171 0.58096
22.655 26.799 18.558 0.91370
7.605 25.670 18.140 0.75984
0.000 27.041 18.207 0.64195
0.000 27.946 18.625 0.56874
1.410 28.307 19.726 0.70224
1.165 28.120 20.857 0.49360
0.000 27.855 20.280 0.47608
2.065 28.091 20.205 0.48513
6.785 28.772 19.811 0.56032
0.000 26.301 17.497 0.87409
0.000 27.468 17.890 0.38590
0.000 27.597 18.698 0.59473
0.000 26.825 18.064 0.64336
0.000 25.035 15.530 0.62054
0.005 24.651 14.173 0.82376
0.000 24.476 13.955 0.89333
0.000 26.003 14.248 0.96752
0.000 21.829 11.705 1.23888
0.000 21.153 8.708 1.07059
0.000 21.281 8.934 0.93521
0.000 22.635 9.551 0.84174
0.000 22.321 9.160 0.86141
0.000 20.952 7.912 0.96297
0.000 20.856 8.267 0.96140
0.000 21.162 8.627 0.87040
0.000 21.461 7.366 0.89057
0.000 22.244 7.492 0.75708
0.000 22.718 8.342 0.82235
0.000 23.300 10.487 0.78386
0.000 22.379 9.267 0.92012
0.000 21.574 8.332 0.79867
0.000 22.408 8.460 0.53711
0.000 23.138 9.694 0.59642
0.000 24.107 9.935 0.64252
0.000 24.827 10.883 0.66505
0.000 25.104 11.946 0.51768
0.000 25.737 12.862 0.63769
0.000 26.187 12.957 0.60764
0.000 26.094 14.852 0.56669
0.000 26.199 15.128 0.57353
0.000 22.049 15.548 0.61143
0.000 25.220 15.149 0.68878
0.000 26.262 14.346 0.56146
0.000 24.960 13.519 0.85694
0.000 25.240 13.673 0.74869
0.000 26.501 15.466 0.59633
0.000 27.078 14.620 0.81066
0.000 19.905 13.261 0.71376
0.135 22.386 12.910 0.76011
0.540 26.342 13.712 0.45861
0.000 26.574 16.304 0.53446
0.000 27.330 16.346 0.44521
0.000 27.020 16.239 0.55648
0.000 26.227 16.147 0.57960
5.335 21.149 11.721 1.13213
0.000 15.914 7.915 0.98103
0.000 19.145 7.231 0.84537
0.070 20.500 7.236 0.76385
0.045 20.967 7.690 0.66052
0.000 21.473 9.505 0.61505
0.000 22.706 10.939 0.69798
0.015 23.701 11.736 0.57347
0.000 22.207 11.198 0.47647
0.020 22.627 11.214 0.53262
1.060 21.939 11.860 0.49413
0.000 22.850 13.610 0.57112
10.460 20.424 11.956 0.60555
0.000 21.649 9.230 0.78136
0.000 21.749 9.063 0.69060
0.000 22.110 9.156 0.63602
0.000 23.071 10.166 0.61790
0.000 22.259 8.948 0.83743
0.000 22.604 9.083 0.57630
0.155 22.842 10.074 0.79629
0.000 22.908 11.311 0.66470
0.000 23.517 13.895 0.67982
1.595 23.337 13.814 0.71048
0.000 23.720 12.733 0.54288
0.000 24.166 12.815 0.64613
0.000 24.918 11.961 0.67158
0.000 25.329 10.881 0.69418
0.000 26.177 10.951 0.60188
0.000 26.260 10.393 0.65890
0.000 26.621 10.392 0.70253
0.000 27.724 10.706 0.62204
0.000 25.147 12.203 0.66640
0.000 23.800 12.573 0.82901
0.000 22.029 14.174 0.90306
2.150 24.195 14.615 1.06907
0.000 26.924 14.884 0.84194
0.000 27.390 15.425 0.86742
0.000 26.360 14.088 0.80179
1.330 26.189 14.101 0.83029
0.030 24.420 13.672 0.76741
0.000 23.071 13.627 0.76940
1.480 23.497 13.852 0.73087
0.000 24.544 15.282 0.68450
0.000 21.464 13.754 0.88861
0.000 25.956 14.059 0.85290
0.000 26.926 14.830 0.70890
0.000 25.769 14.256 0.72104
0.000 27.428 13.054 0.74499
0.000 27.117 12.352 0.67295
0.000 28.227 12.400 0.73052
0.000 28.487 12.619 0.72630
0.000 30.002 13.323 0.57396
0.000 27.544 14.522 0.68432
2.765 27.144 15.312 0.70590
0.000 28.566 16.058 0.78115
0.315 29.406 16.673 0.46711
6.960 26.017 17.140 0.85990
0.000 25.240 16.020 0.60984
0.000 27.627 16.545 0.60710
0.000 28.047 16.016 0.82755
0.010 27.982 15.905 0.87212
0.090 27.045 15.373 1.07176
0.000 27.984 15.989 0.90312
0.000 29.133 15.510 0.78677
0.000 29.475 13.374 0.78036
0.000 29.988 13.807 0.68605
0.000 30.546 15.066 0.60822
1.945 29.746 17.052 0.56836
0.000 30.513 15.646 0.68693
0.000 31.332 16.234 0.75161
0.000 31.261 16.110 0.60425
0.000 31.420 16.544 0.83515
0.000 31.694 17.430 0.75843
0.000 31.610 16.357 0.82889
0.000 31.734 16.433 0.82491
0.000 28.017 14.520 1.33542
0.055 25.472 13.704 0.76426
0.000 26.599 13.091 0.76240
0.000 27.637 14.304 0.62937
0.000 29.282 16.034 0.66324
0.000 30.813 17.346 0.68992
0.000 31.217 18.737 0.92869
0.000 32.836 18.277 0.80356
0.000 32.862 18.199 0.72896
0.000 33.390 18.901 0.65457
0.000 34.102 19.211 0.86057
0.000 33.979 19.094 0.62819
0.000 29.668 17.641 1.36233
0.000 29.252 18.268 0.86651
1.790 32.070 19.616 0.64713
0.000 33.410 18.886 0.68380
0.000 31.443 19.288 0.62318
7.060 29.620 15.696 0.98711
0.000 30.985 16.260 0.76267
0.000 32.295 17.546 0.89901
0.000 32.811 18.388 0.65574
0.000 34.067 18.849 0.79806
0.000 34.979 19.792 0.86546
0.000 35.028 20.185 0.72815
0.000 34.422 21.076 0.96026
3.035 32.696 20.174 1.00764
0.000 32.904 20.300 1.22522
0.000 34.244 19.974 0.77855
0.000 34.385 18.427 0.86716
0.000 34.163 17.638 0.93453
0.000 34.164 19.039 0.82284
0.000 35.475 18.089 0.79296
0.000 34.582 18.276 0.73750
0.000 35.862 18.960 0.88032
0.000 36.022 19.394 1.04063
0.000 35.449 19.531 0.84548
0.190 33.773 19.391 1.11604
26.265 26.257 18.284 0.58270
11.505 25.950 18.737 0.53927
9.325 28.941 19.378 0.64929
0.000 33.108 19.125 0.77734
0.000 34.255 19.264 0.93967
0.000 35.358 19.960 0.94351
0.000 36.276 21.496 1.14227
0.000 35.498 22.016 1.27889
0.000 35.384 21.371 1.08369
0.080 36.259 22.157 1.09190
20.305 36.071 23.003 0.89755
0.380 31.273 22.063 0.55189
0.000 31.153 20.566 0.81476
0.000 33.014 20.903 0.84312
0.000 33.142 21.221 1.20597
0.990 33.298 21.487 0.97905
1.270 32.735 21.813 1.08214
0.000 34.482 22.067 0.76735
4.705 32.651 21.269 1.05820
0.000 33.876 21.091 0.91173
0.010 34.269 21.812 0.84790
26.820 34.140 22.467 0.61530
7.700 31.785 21.625 0.85181
0.595 29.046 20.403 0.55313
0.000 33.382 21.344 0.59162
0.000 33.547 22.770 1.04880
0.000 33.544 22.704 0.98316
13.270 33.289 22.216 0.93410
0.005 33.107 22.004 0.78264
9.195 31.969 22.939 1.27294
16.165 29.099 22.447 1.89771
19.950 26.946 21.815 1.39958
3.970 28.896 21.650 0.82052
23.995 29.328 21.141 0.93590
30.380 26.587 21.419 1.12916
25.485 26.573 20.863 0.88507
21.010 26.776 21.346 1.87750
20.570 27.296 21.488 1.56425
0.105 29.354 21.708 1.34778
0.045 31.067 22.341 0.98198
0.000 31.733 22.026 0.74959
0.530 31.580 22.768 0.72410
7.600 31.243 21.008 0.69306
21.890 28.755 20.631 0.94213
62.620 27.367 21.179 0.87038
0.000 29.166 21.152 0.57552
1.855 29.101 21.096 0.90947
1.990 27.467 21.258 0.80698
16.735 27.930 21.731 0.40202
17.535 30.950 21.571 0.90235
0.015 31.579 22.001 0.95684
0.070 30.114 21.653 0.85716
0.195 31.745 22.372 0.55462
3.190 30.012 22.984 0.53705
18.775 27.910 22.000 0.46063
15.815 29.762 22.022 0.96842
0.250 29.422 22.622 0.55243
0.000 30.654 22.731 0.75328
6.560 30.179 22.898 0.95679
25.625 28.156 22.451 0.94018
0.035 29.636 21.863 0.97823
0.020 30.901 22.438 1.01788
26.635 28.960 21.926 1.40623
9.620 27.652 21.974 0.91998
0.065 30.387 22.415 0.86706
3.095 30.510 22.451 0.85226
18.120 27.349 22.329 0.98130
1.200 28.751 22.271 0.77213
4.065 28.970 21.598 0.86750
0.780 30.925 22.256 1.04272
1.655 29.977 22.877 1.19554
0.000 29.991 22.223 1.09614
0.490 29.115 21.555 0.88467
0.000 30.329 22.578 0.94414
0.390 27.650 21.571 0.83221
5.260 30.612 22.642 0.60613
9.910 27.232 21.842 0.78289
0.150 30.363 22.455 1.01265
0.635 27.728 22.402 0.89876
18.480 29.865 22.668 0.62574
8.530 29.590 22.644 0.87972
8.010 29.916 23.007 1.30958
0.760 28.968 21.650 1.36176
1.675 29.822 22.338 0.92742
1.505 29.630 22.753 0.92117
55.585 28.293 21.751 0.90235
36.985 30.573 21.502 1.20656
9.650 27.938 21.989 1.17135
8.870 26.966 22.539 1.25624
0.105 26.760 21.196 0.94271
1.865 30.377 21.821 1.11057
0.510 29.228 21.665 1.11564
0.710 30.208 22.241 1.16465
0.950 29.918 22.542 0.90330
0.740 29.382 22.257 1.04543
18.495 29.501 22.152 1.37781
6.815 28.782 21.300 1.30419
2.765 29.240 22.007 1.07149
20.375 26.470 20.626 1.14364
41.780 25.450 19.899 1.16469
22.010 26.059 20.417 1.31999
3.530 28.570 20.852 1.19136
0.200 29.672 21.709 1.29006
0.290 29.712 22.004 1.14596
1.195 27.599 21.429 0.94459
6.775 30.208 22.121 1.03053
1.980 30.162 22.427 0.99749
6.465 27.785 22.640 0.68317
3.790 28.834 21.504 0.85701
4.070 28.550 21.008 0.99996
7.950 29.587 21.661 0.85221
35.150 26.861 21.619 0.71770
19.685 25.585 21.166 1.12487
0.970 28.942 21.281 0.79262
2.595 30.075 22.367 0.82256
18.385 28.623 22.180 1.00312
2.130 27.778 21.929 0.94254
1.375 27.723 21.834 1.00949
10.030 28.643 21.430 1.00662
2.315 28.114 21.716 0.93054
8.695 28.892 21.902 0.87854
0.600 26.285 21.335 0.87806
2.645 28.504 21.684 0.98141
5.700 28.119 20.855 0.80870
3.165 29.168 20.712 0.88119
6.500 28.375 20.963 1.00087
9.110 27.037 21.482 0.78552
17.350 29.628 22.399 0.89080
23.755 30.031 21.403 0.47762
5.645 30.283 20.021 0.78703
3.285 31.934 20.873 0.49893
13.055 29.652 21.569 0.64678
31.660 28.856 21.802 0.72186
18.720 28.919 21.014 0.64879
12.700 31.074 21.677 0.44411
6.555 30.057 20.799 1.04039
0.665 29.284 20.924 0.82670
19.920 29.208 21.343 0.72990
36.965 26.602 21.255 0.67466
7.175 26.423 21.415 0.67342
0.000 30.957 19.443 0.68740
0.000 31.495 20.610 0.71017
0.085 30.475 21.352 0.67425
5.200 28.301 20.913 0.81071
13.275 29.997 21.466 0.53893
4.900 28.457 21.176 0.57269
0.035 29.674 21.062 0.77111
4.920 29.241 20.996 0.78949
12.660 29.059 21.305 0.93452
39.820 28.704 21.702 0.55769
27.600 25.232 19.920 0.73358
0.000 27.883 20.120 0.88337
0.455 30.392 20.609 0.52067
2.250 30.988 21.107 0.52526
2.570 28.073 21.455 0.82779
16.420 28.739 21.258 0.59828
15.425 29.584 21.684 0.86934
9.710 27.540 20.463 0.55746
4.500 28.493 20.412 0.89478
19.760 29.866 20.379 0.76891
6.115 28.683 20.459 0.65086
1.000 29.255 21.034 0.75448
1.015 28.537 19.484 0.78565
0.055 30.654 20.022 0.81553
0.000 29.744 19.817 0.69047
0.430 29.740 19.781 0.52717
0.035 28.926 20.132 0.71383
0.000 29.769 20.367 0.54785
0.000 30.069 21.144 0.70089
19.340 29.945 22.000 0.69137
1.145 28.686 21.777 0.57656
1.935 28.613 21.435 0.58652
9.350 28.405 19.710 0.53668
0.230 29.896 20.935 0.62021
5.515 29.382 20.769 0.60880
0.000 29.095 20.179 0.56106
5.120 29.388 20.469 0.53245
2.025 26.891 15.638 1.21631
0.000 27.765 13.200 0.96224
0.000 27.345 11.582 0.95793
0.000 27.429 11.658 0.84641
0.000 27.060 12.684 0.81624
0.000 27.586 13.468 0.68243
0.000 26.949 15.149 0.60651
0.000 28.779 15.666 0.69883
0.000 28.593 16.354 0.66489
0.000 29.801 17.569 0.53585
0.000 29.022 20.152 0.58441
0.000 30.014 20.180 0.61621
0.000 29.622 20.647 0.77874
3.130 29.014 21.198 0.85355
0.000 27.693 20.541 0.73784
3.320 29.899 20.970 0.63913
11.320 26.846 20.849 0.68397
15.930 28.768 19.119 0.53025
0.940 26.850 18.948 0.51187
0.015 29.121 19.625 0.50395
2.845 29.231 20.241 0.63102
12.390 27.155 20.283 0.72276
11.770 26.560 20.441 0.84379
0.000 26.447 19.961 0.85086
0.000 30.254 19.119 0.41014
0.000 30.196 19.460 0.45707
9.870 29.345 20.104 0.55530
27.965 23.362 18.703 0.65904
16.090 22.404 13.794 1.28756
0.000 22.826 13.253 0.96941
0.000 23.158 11.798 0.93363
0.000 24.818 12.068 0.85665
0.000 25.881 12.697 0.87893
0.000 26.638 13.018 0.84830
0.000 26.400 13.456 0.73996
0.000 26.853 14.024 0.61448
0.000 27.640 15.086 0.60807
0.000 27.936 15.869 0.64347
0.000 28.485 17.762 0.53538
0.465 28.410 18.901 0.76273
0.045 29.107 19.246 0.57022
0.000 30.051 19.105 0.60025
14.310 24.052 17.861 0.64940
0.000 24.682 17.132 0.61146
0.015 26.840 17.292 0.83264
0.000 28.149 16.654 0.60200
0.000 28.125 16.802 0.39087
0.015 26.437 17.519 0.61909
0.000 27.216 17.459 0.67489
0.000 26.924 17.591 0.80935
2.125 20.864 16.440 0.87577
3.925 19.614 15.376 0.64782
10.465 22.059 15.473 0.68120
0.000 26.576 16.552 0.39619
0.165 26.932 17.033 0.52987
0.000 27.370 18.333 0.65926
0.000 28.114 18.518 0.67648
0.235 27.798 17.423 0.49434
0.000 27.696 15.952 0.50228
0.000 27.528 15.984 0.49793
0.000 28.118 16.909 0.48833
1.405 27.860 17.039 0.55062
0.000 28.388 16.866 0.57333
0.150 28.785 15.000 0.67082
0.210 23.286 12.416 0.72530
0.000 22.776 12.623 0.65699
3.545 23.326 15.870 0.42923
0.995 23.013 14.431 0.71937
0.000 25.114 14.195 0.53044
0.000 25.415 14.462 0.79779
0.000 25.951 14.716 0.71772
0.000 25.970 14.740 0.79403
0.000 26.009 15.077 0.92895
0.000 26.071 14.803 0.73730
0.000 26.518 13.050 0.65528
0.010 25.624 11.374 0.67785
0.000 24.781 9.438 0.82463
0.000 24.289 9.530 0.75915
0.000 24.506 10.419 0.62432
0.345 24.368 13.174 0.63909
29.640 24.964 14.860 0.72981
4.075 22.803 9.276 0.84650
0.000 21.429 9.309 0.66207
0.000 22.444 9.672 0.70971
0.000 23.472 11.742 0.77649
0.000 24.340 13.451 0.79177
0.000 25.118 14.572 0.69945
0.000 23.801 15.536 0.94386
0.000 24.018 15.694 0.81666
0.000 19.401 12.558 0.91711
0.000 22.500 12.594 0.64496
2.645 23.422 14.272 1.10479
0.000 24.191 13.245 0.61030
0.000 22.647 12.908 0.51528
0.000 23.186 13.061 0.81798
0.000 25.350 13.214 0.53941
0.000 23.303 13.027 0.65342
0.000 24.146 12.478 0.55174
0.000 24.052 11.424 0.58879
0.000 24.666 11.415 0.54382
0.000 25.403 11.920 0.60068
0.000 25.324 12.884 0.59321
0.505 24.918 13.035 0.50721
0.000 25.167 12.750 0.47496
0.000 25.332 12.308 0.67667
0.000 25.641 12.154 0.57878
0.000 25.670 11.470 0.61688
0.000 24.984 11.600 0.78877
0.000 25.608 12.810 0.61194
0.000 25.445 12.629 0.82928
0.000 25.170 12.815 0.92103
0.000 25.715 12.747 0.83799
0.000 26.107 10.667 0.61678
0.000 27.199 10.719 0.60882
0.000 24.944 10.890 0.57514
0.000 25.498 11.567 0.75447
0.000 25.738 12.836 0.91813
0.000 26.542 14.001 0.70046
0.000 28.133 12.873 0.70425
0.000 28.521 13.038 0.65166
0.000 28.007 13.584 0.68623
0.000 25.233 13.959 0.64912
0.840 22.016 12.902 0.52831
0.045 22.910 10.150 0.85272
0.000 22.107 10.754 0.72801
0.000 25.498 11.497 0.67182
0.000 27.077 12.622 0.55203
0.000 28.561 12.783 0.64337
0.000 29.513 15.213 0.62336
0.045 29.791 16.902 0.82061
0.990 28.875 16.794 1.00951
0.695 28.419 16.219 0.98795
0.000 28.724 15.409 0.76027
0.000 29.853 15.166 0.63155
0.000 29.866 14.244 0.69203
0.000 29.884 14.561 0.52901
0.000 30.397 15.019 0.52063
0.000 30.263 15.392 0.84191
0.000 30.798 16.297 0.96455
0.000 30.341 15.740 0.66314
0.000 30.166 13.693 0.61504
0.000 30.249 14.093 0.75135
0.000 30.521 15.252 1.00289
0.000 30.684 15.799 0.97931
0.000 30.837 15.930 0.80130
0.000 31.126 16.176 0.66298
0.000 31.614 14.272 0.74325
0.000 31.075 14.387 0.97118
0.000 31.274 15.099 0.98837
0.000 31.659 15.179 0.91985
0.000 31.825 15.871 0.93519
0.000 32.557 16.136 0.72205
0.000 31.889 16.114 1.16003
0.000 30.722 14.646 1.79178
0.000 29.490 15.364 1.19310
13.915 27.996 15.939 1.11700
3.365 29.791 17.201 1.06157
0.040 30.178 18.753 0.94233
15.700 27.169 18.074 0.93929
13.135 23.920 17.124 0.85466
1.150 28.543 16.293 1.01371
0.000 30.568 17.368 0.89330
0.000 31.773 17.986 0.96374
0.000 31.838 18.235 0.96788
0.000 32.632 18.904 0.89418
0.000 32.427 19.566 1.00302
1.435 30.637 18.933 1.44898
12.610 28.780 17.709 1.11094
0.000 29.413 18.267 1.03035
0.000 30.325 17.328 0.77080
0.825 30.412 18.071 0.81835
0.000 30.495 19.610 0.93855
4.605 30.976 19.945 0.63920
2.285 28.627 19.658 0.81490
5.345 27.646 19.473 0.88160
3.750 27.879 19.345 0.59651
0.000 31.277 19.098 1.05360
0.000 33.106 18.329 0.94339
0.000 33.729 19.589 0.97290
0.000 34.289 19.390 0.74058
0.000 35.162 20.588 0.59035
0.000 35.324 20.783 0.89015
0.010 35.100 22.216 1.09739
0.000 35.802 21.335 0.91481
0.000 36.442 21.369 0.68043
0.000 37.312 21.776 1.02436
0.055 36.761 22.077 1.13979
6.810 35.866 20.825 0.91450
0.000 35.613 19.930 0.92149
0.000 36.022 21.478 0.81159
0.000 36.337 22.599 0.58748
1.120 36.051 22.035 1.05672
12.200 34.175 21.689 1.17592
4.190 34.346 21.584 0.95899
11.745 34.729 20.369 0.89308
0.015 34.494 21.779 0.74086
0.000 36.095 21.688 0.62673
0.190 35.763 22.369 1.09344
0.000 35.310 22.111 0.61052
0.140 35.931 22.522 0.91493
0.000 36.669 20.627 0.83043
5.970 35.895 21.391 0.82985
0.000 35.568 21.939 0.94024
7.795 35.432 22.879 0.92300
0.600 35.577 22.611 0.78262
1.285 35.024 21.571 0.82223
0.450 32.456 19.901 1.14386
15.635 28.461 19.849 0.50485
7.615 28.750 19.043 0.85619
0.140 32.667 20.825 1.06560
0.000 34.633 21.371 1.14360
0.280 37.155 21.064 1.14628
0.000 37.483 22.555 1.12498
0.000 39.275 23.795 0.93850
0.000 39.846 23.219 0.74008
0.000 34.484 22.785 1.01303
0.000 35.575 22.555 0.85317
1.455 34.877 22.847 0.84031
4.140 33.173 23.339 0.68317
0.380 32.038 22.586 0.82330
3.790 33.727 23.316 0.92363
0.000 33.988 22.792 1.17381
0.130 34.696 23.943 1.21021
0.250 32.607 22.861 1.27467
0.000 34.351 22.188 1.21179
9.630 34.376 22.623 1.52101
0.100 33.978 22.442 1.38488
0.000 34.873 23.268 0.79890
0.595 30.889 22.729 0.81470
3.085 33.861 22.867 1.03087
11.460 30.812 23.123 0.75198
8.915 30.244 22.070 0.82625
0.160 36.516 22.795 1.14901
0.000 37.815 23.710 1.24439
0.000 38.566 24.060 1.33203
2.865 39.267 24.850 1.01730
4.175 30.831 22.844 0.60171
17.835 30.868 22.643 0.82679
1.470 29.673 21.832 0.90835
2.205 32.578 22.285 0.90358
6.530 31.694 22.573 0.94907
2.665 30.133 22.103 1.29256
0.615 31.955 21.251 1.33171
4.265 32.841 22.504 1.35181
1.515 32.283 22.879 1.13729
5.655 31.985 22.858 1.01955
0.955 33.325 22.631 1.06757
1.420 33.393 22.504 1.13954
3.620 32.644 22.350 1.08660
0.060 33.441 22.088 1.26127
0.200 32.266 21.439 1.08276
0.595 34.932 23.258 0.77228
16.185 33.048 23.106 0.58779
10.675 31.027 22.954 0.44371
6.690 27.889 21.360 0.69115
5.560 32.620 22.106 0.68373
0.090 30.977 21.686 1.15404
0.365 31.545 22.060 1.34728
5.535 31.917 22.400 1.08365
2.515 31.527 23.153 1.03511
2.835 29.144 22.050 0.98604
1.110 30.530 22.555 0.98088
0.320 30.219 22.279 1.05586
1.945 31.287 22.219 1.12161
25.715 31.234 22.424 0.94051
44.655 26.840 21.435 0.98209
8.430 29.309 21.847 1.27845
0.005 28.064 21.461 1.48397
7.345 27.877 20.330 0.91859
0.090 31.376 21.012 0.97368
1.350 30.429 21.349 1.02325
0.000 31.627 21.630 1.01320
2.770 33.452 22.009 0.87824
4.300 32.082 22.387 0.81531
4.080 29.830 22.077 0.94649
2.650 30.058 21.947 0.87321
0.515 30.982 22.276 1.14960
65.560 29.942 21.994 0.77913
21.715 28.118 22.300 0.78650
6.890 27.316 22.131 1.11275
2.920 29.544 21.654 1.11704
1.495 30.194 21.907 0.88333
0.205 29.412 20.681 0.80408
0.670 32.016 21.587 0.78238
0.000 33.166 21.737 0.78999
0.000 34.400 22.499 0.78391
0.965 34.285 22.926 0.80699
0.975 33.082 23.434 0.82510
17.800 29.369 22.277 0.80538
34.375 30.212 22.847 0.85294
15.830 26.069 22.027 1.29639
1.020 29.799 22.055 1.04876
1.030 31.157 22.382 1.41511
0.000 30.525 22.026 0.84614
0.780 29.364 22.501 0.58262
5.190 30.783 22.201 0.61183
21.175 28.377 21.941 0.82649
3.110 29.295 21.759 0.76354
2.815 29.216 21.922 0.83184
12.695 30.384 21.412 0.88542
48.395 31.257 22.498 0.69781
5.225 28.976 22.178 0.36373
0.610 30.548 21.896 0.68720
0.000 32.141 22.388 0.64649
0.000 32.210 22.307 0.73420
0.495 28.609 22.252 0.73903
20.450 29.409 22.879 0.74300
4.355 28.914 22.751 1.02313
8.030 28.811 21.776 0.96239
31.330 28.099 22.133 0.86934
3.430 29.598 22.370 0.64385
0.000 29.841 21.704 0.75025
0.000 29.470 22.448 0.84424
1.230 30.462 23.015 0.61047
3.735 28.998 22.811 0.41869
7.675 27.130 21.927 0.79406
16.945 27.877 22.153 0.76972
5.385 29.400 21.882 0.92907
3.435 28.048 21.555 0.84993
0.685 29.421 21.579 0.90918
9.755 29.437 21.998 0.79518
31.840 25.818 20.960 1.00952
0.805 27.862 20.912 0.50736
0.260 31.639 21.803 0.57499
9.825 30.172 21.953 1.37323
3.505 28.230 21.104 0.89230
1.060 28.474 21.875 0.76832
9.725 29.226 21.687 0.79242
9.155 30.569 21.894 0.47263
7.085 28.201 21.507 0.73036
5.580 28.845 21.621 0.68623
5.030 28.598 21.341 0.63094
22.170 29.395 21.637 0.62406
9.855 30.189 21.601 0.40282
18.410 27.608 21.632 0.65130
8.095 26.918 21.418 0.62235
4.605 29.261 22.104 0.83570
11.665 31.866 21.980 0.52654
59.775 29.105 22.464 0.82865
19.735 27.585 21.212 0.71025
4.360 29.641 21.375 0.65925
3.105 30.812 22.140 0.52976
20.565 28.770 21.423 0.64788
0.690 29.169 21.035 0.56167
5.930 30.895 21.406 0.60468
0.000 30.686 21.653 0.60711
0.665 30.351 21.688 0.60588
35.215 28.091 21.198 0.64843
0.415 30.761 21.924 0.53127
20.465 29.007 21.674 0.56087
1.470 29.436 20.797 0.74217
3.830 30.217 21.242 0.73882
1.815 30.345 21.723 0.62279
5.115 29.318 20.254 0.56237
0.915 30.819 20.641 0.55146
0.000 29.174 21.177 0.65459
0.000 31.122 20.351 0.47800
0.000 31.130 20.532 0.54856
7.830 30.809 21.802 0.57990
9.815 29.570 21.533 0.56289
4.475 30.308 20.911 0.67940
0.215 30.464 20.852 0.68319
0.355 31.048 17.852 0.70726
0.115 30.247 19.287 0.68952
0.000 29.577 19.706 0.50543
0.630 30.476 20.702 0.54742
0.045 29.759 19.850 0.70457
0.000 30.540 20.860 0.62746
0.000 31.170 21.791 0.81092
0.085 30.869 22.093 0.89984
0.000 29.439 22.029 0.70953
0.175 31.145 22.509 0.61346
27.860 30.504 20.968 0.52036
1.995 26.499 17.696 1.14544
5.840 27.757 17.427 0.66904
0.000 29.314 18.439 0.58889
0.000 30.179 19.247 0.47407
0.000 29.821 19.467 0.59589
0.000 28.684 18.808 0.65327
0.000 29.024 19.578 0.49618
0.000 27.695 18.785 0.69806
0.000 28.774 19.220 0.62906
0.000 28.606 18.546 0.59485
0.000 28.644 18.806 0.64621
0.000 29.127 19.280 0.54219
0.000 26.388 17.926 0.76033
0.000 29.080 18.409 0.67387
0.000 29.482 18.698 0.54123
2.335 29.261 19.093 0.52260
0.345 28.960 19.724 0.49404
0.000 28.025 18.003 0.55991
0.000 28.379 18.015 0.49202
0.000 29.144 18.140 0.42380
0.000 30.512 18.545 0.46611
0.000 29.022 18.604 0.67746
0.000 29.595 17.785 0.46237
0.000 29.128 17.475 0.59395
0.000 29.042 16.611 0.65660
0.000 29.232 16.450 0.54320
0.000 29.036 14.624 0.52830
0.000 29.944 14.911 0.60530
0.000 29.286 16.331 0.50844
0.000 28.749 13.956 0.69612
0.000 27.316 14.143 0.58787
0.000 29.462 15.021 0.73881
0.000 29.732 15.326 0.64040
0.000 30.237 15.936 0.51374
0.000 30.116 16.387 0.47657
0.000 29.694 15.894 0.61359
0.000 29.702 15.629 0.62709
0.000 29.306 13.914 0.63695
0.000 29.581 13.593 0.55369
0.000 28.289 13.885 0.62956
0.000 28.475 14.946 0.75805
0.000 29.018 13.666 0.44911
0.000 29.107 13.726 0.62416
0.000 29.053 14.331 0.50291
0.000 28.625 14.699 0.76353
0.000 28.192 14.837 0.74954
0.000 26.253 13.873 0.65338
0.000 27.260 13.564 0.50403
0.000 27.796 13.558 0.56252
0.000 26.875 13.741 0.68395
0.000 26.296 13.448 0.70201
0.000 27.285 13.414 0.51013
0.000 27.667 12.812 0.47931
0.000 27.437 12.865 0.62691
0.000 27.135 15.561 0.83008
0.000 28.193 15.928 0.80974
0.000 28.234 15.755 0.75057
0.000 27.636 15.280 0.82998
0.000 28.873 14.942 0.62462
0.000 28.120 13.808 0.54452
0.000 27.217 11.713 0.70944
0.000 26.119 10.620 0.66691
0.000 25.802 10.403 0.60790
0.000 25.248 10.360 0.56342
0.050 25.099 10.559 0.47137
0.000 27.154 11.528 0.60192
0.000 24.093 10.311 1.01703
0.000 23.881 10.211 0.74696
0.000 24.136 10.439 0.56395
0.050 26.173 10.652 0.60485
0.000 27.580 12.817 0.47338
0.000 29.046 13.224 0.59958
0.000 29.216 13.418 0.61348
0.000 28.289 13.418 0.86195
0.000 26.278 11.444 0.87974
0.000 25.785 11.399 0.62936
0.000 26.848 11.837 0.75160
0.000 27.853 12.411 0.52145
0.000 27.891 12.392 0.68873
0.000 27.793 12.854 0.62019
0.000 28.313 12.886 0.64253
0.000 28.439 13.295 0.68468
0.000 28.722 12.427 0.57491
0.000 29.016 12.409 0.53792
0.000 29.527 12.723 0.56431
0.000 29.259 12.874 0.53003
0.000 29.647 13.360 0.67863
0.000 27.979 14.931 0.98846
0.000 27.291 13.941 0.57416
0.000 29.970 13.933 0.57187
19.465 28.280 14.903 0.99280
0.015 25.252 14.895 1.07740
0.000 26.875 14.990 1.12218
0.000 28.882 14.133 0.75695
0.000 29.411 14.110 0.61059
0.000 28.558 14.365 0.89830
0.000 29.210 14.091 0.81162
0.000 29.824 13.894 0.77080
0.000 28.575 13.259 0.78359
1.000 26.852 11.572 1.07590
0.000 26.641 11.727 0.91421
0.000 27.843 11.960 0.64942
0.000 25.747 10.081 0.90970
0.000 25.109 10.343 1.02330
0.000 27.304 12.587 0.98760
0.000 28.587 13.761 0.94959
0.000 26.038 14.280 0.84424
0.000 29.515 13.910 0.79254
0.000 30.374 14.430 0.87365
0.000 31.822 15.109 0.84689
0.000 31.990 15.441 0.84465
0.000 32.336 16.946 0.76335
0.000 31.922 17.774 0.76569
0.000 31.855 15.663 1.03599
0.000 29.720 13.193 1.81106
0.000 23.179 12.675 1.76660
0.000 25.618 11.934 1.01337
0.000 26.471 11.623 0.52737
0.000 26.912 11.271 0.56137
0.000 28.271 11.782 0.69027
0.000 29.275 12.470 0.82859
0.000 30.311 14.005 0.77368
0.000 26.180 12.810 0.81939
0.000 28.929 13.082 0.56325
0.000 29.086 14.975 0.85869
0.000 30.451 16.821 0.68897
0.020 29.511 15.904 0.86188
0.000 29.768 15.103 0.85973
0.000 30.210 15.555 0.97712
0.000 30.251 18.133 0.81019
0.000 32.057 17.552 0.69295
0.000 32.313 16.957 1.01277
0.000 32.599 17.108 1.09496
0.000 33.083 16.633 0.87312
0.000 33.306 15.949 0.82946
0.000 33.667 15.379 0.95688
0.000 32.702 15.055 1.30684
0.000 32.197 15.415 1.09509
0.000 33.036 15.674 0.96235
0.000 33.942 16.510 0.95681
0.000 34.964 17.381 0.99004
0.000 35.695 14.529 0.75171
0.000 32.248 14.961 1.17503
0.000 33.497 16.123 1.34495
0.000 32.717 17.997 1.48304
0.000 30.362 16.678 1.30181
0.000 29.663 14.360 0.92350
0.000 32.191 15.566 0.80368
0.000 33.077 17.184 0.88599
0.000 36.023 18.578 0.90698
0.000 36.157 21.043 0.74900
0.000 37.151 21.864 0.89017
0.165 37.551 22.746 0.92581
10.555 35.094 20.870 1.77508
0.185 34.291 21.883 1.34357
0.040 35.831 21.490 1.19846
0.000 36.188 21.107 1.01835
0.000 36.703 21.194 1.08817
0.000 36.071 20.145 1.26255
0.000 36.466 20.007 0.82117
0.000 36.839 19.874 1.06182
0.000 36.971 19.207 0.92996
0.000 36.888 19.811 0.91126
0.000 36.965 20.250 0.77916
0.000 37.733 21.254 0.89130
0.000 37.476 21.660 1.24765
0.000 38.122 21.854 1.20703
0.000 38.242 21.268 0.98702
0.000 38.079 21.314 1.10029
0.000 38.253 23.177 1.03085
1.320 35.880 22.182 0.80897
5.255 34.186 21.918 0.91269
1.955 33.173 20.046 0.79876
7.020 32.210 20.944 1.10339
21.820 33.523 21.466 1.16228
12.185 34.347 22.108 0.86188
1.285 32.924 21.212 0.79273
40.015 30.940 18.589 1.23443
12.740 25.520 18.284 0.73506
5.610 32.293 19.358 1.08638
0.020 35.510 21.324 0.76696
0.520 37.008 22.727 0.80100
0.000 38.245 22.538 0.83147
0.000 38.437 23.182 0.93447
0.000 38.943 22.508 1.08553
0.745 38.342 23.013 1.03961
0.150 37.899 23.544 1.03118
0.160 35.817 22.927 0.85259
0.000 34.619 22.596 0.55425
5.865 34.314 23.039 0.72004
0.000 33.523 22.978 0.77506
0.750 35.252 21.563 1.22095
2.615 37.637 23.194 0.82133
0.205 38.115 22.939 0.67510
0.000 38.160 23.333 0.68626
0.000 39.307 23.553 0.86295
3.715 36.808 23.375 0.96115
13.300 30.324 19.896 0.88788
0.050 33.924 21.189 0.75529
5.915 35.428 23.655 0.63239
14.735 35.002 23.451 0.68008
0.905 33.460 22.453 0.89327
3.145 35.292 23.262 0.77962
0.705 32.441 22.234 0.73567
5.230 31.249 20.837 1.34491
2.750 26.037 20.878 0.89831
12.210 27.696 20.082 0.51571
0.000 32.750 20.464 0.74329
0.000 34.033 21.652 0.95150
6.045 33.352 23.090 1.10023
0.030 34.126 22.979 1.10365
2.830 32.840 22.691 0.99046
1.070 35.271 22.553 1.13860
15.860 34.826 23.208 1.21560
3.355 32.393 22.585 1.16396
0.000 31.559 22.916 0.96455
37.375 27.602 21.402 1.02698
0.095 29.056 21.725 0.96805
3.875 30.119 22.197 1.75629
17.370 29.560 21.449 1.56718
26.755 28.696 21.443 1.34012
0.710 30.940 21.379 0.96049
17.480 32.370 20.943 0.85329
0.090 32.243 21.232 0.62513
1.010 32.676 21.743 0.81011
2.720 31.813 21.820 1.05611
2.680 29.153 21.802 1.29550
15.210 30.080 22.298 1.15612
50.235 28.779 21.492 1.02811
4.515 29.779 21.614 0.75979
12.460 26.971 21.426 0.86640
24.835 27.543 20.863 0.97054
2.235 30.701 21.189 1.07000
0.225 31.381 20.935 0.82992
0.000 31.906 22.256 0.71623
4.910 33.116 22.779 0.68428
12.695 31.549 22.672 0.69792
5.905 31.600 22.848 0.54376
10.745 28.585 22.577 0.26228
12.260 29.098 21.702 0.51460
0.150 32.593 21.928 0.90923
6.110 31.893 22.824 1.15026
0.000 31.966 21.543 0.93541
3.920 34.227 22.960 0.46857
1.445 34.441 23.550 0.59808
21.140 33.619 23.789 0.58061
26.175 32.269 22.554 1.00237
0.015 27.976 21.517 1.68400
0.155 30.039 21.626 1.52311
0.145 31.198 22.100 1.51671
0.845 31.326 21.631 1.59358
0.500 30.523 21.125 1.65318
4.705 32.268 21.550 1.51232
0.300 31.162 21.331 1.44913
0.005 32.783 22.028 1.42152
2.505 32.620 23.023 0.89722
12.290 28.524 22.239 0.72802
10.990 28.670 21.874 0.57337
13.470 28.623 21.701 0.85276
6.690 28.197 21.514 1.00447
0.385 31.830 22.757 0.80630
11.985 31.809 22.454 0.82166
0.025 31.491 22.083 0.96625
1.905 31.276 21.663 0.87569
1.385 32.319 22.297 0.99277
34.430 30.785 22.358 1.04767
8.535 28.060 20.551 1.14978
0.055 28.747 21.135 1.02458
22.665 27.712 20.659 1.17022
25.380 25.341 20.468 0.92799
13.725 26.656 20.607 0.88843
2.790 28.011 20.906 1.08798
8.925 27.765 20.927 0.93869
4.200 27.553 20.842 1.17010
0.285 29.074 21.058 1.10950
0.420 29.107 20.546 1.15149
0.260 31.165 20.993 0.65961
1.345 29.046 21.589 0.84746
1.120 29.482 21.673 0.97251
0.080 28.270 21.672 0.96858
12.605 30.902 22.160 1.02812
13.830 27.282 20.913 0.70968
47.235 30.228 21.467 0.52507
6.800 28.129 20.843 0.49553
18.515 28.878 21.034 0.70708
5.695 28.051 21.223 0.63038
12.700 29.611 21.945 0.47974
18.200 28.220 21.545 0.55128
0.910 29.408 21.127 0.80478
1.365 29.912 21.354 0.55820
15.730 27.655 21.531 0.54186
4.635 27.889 20.238 0.76359
4.255 30.589 21.661 0.89725
5.380 28.760 20.686 0.91297
3.625 30.167 21.443 0.87855
17.245 28.118 21.087 0.92151
3.210 27.949 21.017 0.87431
30.190 29.200 21.510 0.93264
9.280 27.530 21.771 0.93875
38.425 28.397 21.755 0.91428
7.110 26.481 21.410 0.76328
14.870 28.530 21.305 0.75916
0.825 29.136 21.408 0.68361
1.085 29.562 21.460 0.88931
0.045 31.736 21.719 1.08230
19.510 29.152 22.021 0.84350
23.905 28.753 21.918 0.73100
3.185 27.846 21.965 0.63461
1.835 28.288 21.713 0.82644
5.205 29.326 22.363 0.72950
4.285 28.917 21.790 0.85287
0.755 30.736 22.363 0.69060
7.575 30.033 22.022 0.44819
0.660 30.068 22.448 0.69473
2.830 28.257 22.164 0.61785
7.175 28.508 22.118 0.72634
14.205 29.357 22.454 0.78813
5.370 29.482 22.087 0.95985
8.715 30.475 21.918 0.93870
11.460 28.400 22.618 0.75746
15.875 27.900 22.371 0.92635
4.270 28.051 21.789 1.07371
3.275 28.457 22.038 0.74858
5.855 28.884 21.930 0.66814
13.130 29.738 21.841 0.79017
21.735 29.680 21.291 0.79384
1.850 28.369 21.900 0.73256
0.000 29.298 21.767 0.94062
1.065 28.149 21.761 0.83172
13.510 26.758 21.723 0.68167
17.735 27.545 21.686 0.74351
23.180 26.423 19.970 1.12663
22.435 27.498 20.660 0.86954
1.080 27.671 20.349 0.60546
0.705 29.035 20.914 0.53293
19.450 28.237 20.803 0.67453
25.135 27.709 21.055 0.44442
37.645 28.687 20.805 0.34323
45.560 28.513 20.854 0.73727
0.885 28.241 19.813 0.53560
7.480 29.421 20.672 0.48023
11.660 29.427 20.067 0.50072
15.850 29.361 21.066 0.71365
0.545 25.742 19.778 0.82867
1.910 30.026 20.702 0.55293
6.450 30.147 20.584 0.53192
0.000 29.706 20.327 0.63247
2.480 30.305 21.268 0.42289
25.060 28.150 20.806 0.48203
2.410 29.732 21.324 0.41957
5.825 30.950 21.023 0.39564
0.000 30.535 18.973 0.63346
0.075 31.047 19.161 0.52399
0.135 30.670 20.544 0.70601
0.105 28.177 17.770 0.84922
0.000 28.668 18.564 0.57738
0.000 28.242 18.603 0.70377
0.225 28.851 19.465 0.76154
0.000 28.356 19.300 0.77621
0.000 28.434 19.888 0.76001
0.740 32.153 19.987 0.50261
5.955 29.694 20.910 0.65403
7.280 29.380 19.927 0.93511
18.850 27.649 18.952 0.85959
0.000 27.859 18.907 0.54451
0.000 28.619 19.469 0.70536
0.165 28.889 19.231 0.66956
0.000 28.502 19.065 0.80977
0.000 28.223 19.363 0.71048
0.000 27.726 19.229 0.49371
0.000 29.109 18.883 0.70122
0.000 29.356 19.310 0.47986
0.000 29.408 19.194 0.52355
3.645 29.916 19.471 0.51365
0.370 28.039 17.610 0.51802
0.000 28.230 16.316 0.60763
0.000 28.455 16.812 0.56016
0.000 29.156 16.862 0.51458
0.000 27.796 14.121 0.96029
0.000 27.522 14.503 0.65884
0.000 27.696 15.411 0.54412
0.000 28.223 16.485 0.57498
0.000 28.937 16.899 0.55651
0.385 29.044 17.370 0.44352
0.000 28.177 16.135 0.65283
0.000 28.011 15.233 0.54863
0.000 27.807 15.538 0.59527
0.000 28.282 15.791 0.54718
0.000 29.221 16.199 0.58278
0.000 28.790 16.709 0.49112
0.000 28.368 17.265 0.60647
0.000 29.130 17.613 0.81087
0.000 29.085 17.835 0.77835
0.000 29.582 18.302 0.58294
0.000 30.117 17.629 0.50974
0.000 30.650 17.553 0.60580
0.000 29.755 17.602 0.66149
0.000 30.131 16.716 0.60184
0.000 29.808 16.366 0.65244
0.000 27.458 16.291 0.61431
0.275 24.129 15.409 0.64779
0.290 21.326 13.417 0.73612
0.000 26.404 13.558 0.61399
0.000 27.401 14.759 0.42532
0.000 25.729 14.451 0.51469
0.000 24.880 12.816 0.49712
0.000 25.803 11.593 0.69215
0.000 26.819 11.697 0.78219
5.760 24.490 12.711 0.71208
16.595 23.668 14.351 0.78756
5.455 24.414 13.716 0.67457
2.265 26.387 14.055 0.66312
15.800 25.544 15.834 0.62451
0.000 25.131 14.587 0.60930
0.340 25.888 12.907 0.77106
0.000 25.783 11.362 0.82695
0.000 26.262 11.420 0.83184
0.000 25.798 10.864 0.92604
0.000 24.408 10.933 0.53737
0.000 24.668 10.482 0.60229
0.000 23.426 8.090 1.01479
0.000 22.490 8.069 0.87175
0.000 23.388 8.206 0.69943
0.000 23.740 8.245 0.83364
0.000 24.834 8.245 0.87980
0.000 24.750 8.951 0.77563
0.000 23.880 9.064 0.65706
0.000 24.048 9.298 0.64797
0.000 24.553 9.331 0.73422
0.000 25.105 9.728 0.71341
0.000 25.875 10.583 0.68049
0.000 25.853 8.638 0.91039
0.000 25.929 8.612 0.73397
0.000 25.381 10.311 0.68741
0.000 25.439 10.522 0.65309
0.000 25.702 10.484 0.66552
0.000 26.276 10.479 0.72329
0.000 27.422 10.959 0.58245
0.000 27.388 12.416 0.56287
0.000 27.305 12.117 0.76515
0.000 27.283 11.682 0.70562
0.000 26.767 11.649 0.46994
0.000 25.976 12.279 0.83130
0.000 27.305 11.508 0.63451
0.000 24.155 8.051 0.70291
0.000 21.928 7.781 0.56661
0.000 23.749 8.055 0.71062
0.000 26.665 10.423 0.57777
0.000 27.500 10.721 0.59321
0.000 27.472 10.940 0.52659
0.000 26.941 11.480 0.68486
0.000 27.556 12.076 0.61355
0.000 27.412 12.255 0.83804
0.000 26.712 12.495 1.05414
0.000 25.986 13.496 1.12410
0.065 26.765 14.030 1.04174
0.000 27.412 14.247 0.92083
0.000 27.731 13.140 0.62763
0.000 24.852 11.774 0.97235
0.250 25.045 10.327 0.79317
0.000 25.728 10.415 0.77309
0.000 26.809 11.024 0.88636
0.000 27.931 12.677 0.84374
0.000 28.698 16.212 0.96100
2.880 27.556 16.928 1.06601
0.000 25.789 16.410 0.94998
0.000 28.725 16.472 0.83506
0.000 28.931 17.342 0.87421
0.000 28.995 14.513 1.01218
0.000 29.751 14.249 0.75001
0.000 29.633 14.421 0.78033
0.000 30.522 15.285 0.63680
0.000 31.261 15.543 0.68550
0.000 31.634 15.220 0.65642
0.000 33.046 15.320 0.74391
0.000 33.729 15.537 0.61248
0.000 33.356 16.630 0.87379
0.000 32.758 16.709 0.96178
0.000 32.678 17.413 0.84745
0.000 32.493 18.448 0.81492
0.980 32.468 17.771 0.95462
0.000 32.721 17.077 0.91399
0.000 32.425 15.560 0.82383
0.000 32.982 15.671 0.71270
0.000 33.321 16.254 0.67299
0.000 33.425 15.967 0.67628
0.000 31.926 16.628 0.87211
0.000 30.876 17.339 1.18014
0.000 32.399 14.922 1.16909
0.000 32.848 15.267 1.27466
0.000 32.468 14.907 1.11231
0.000 32.635 15.253 1.00648
0.000 33.864 15.889 0.99391
0.000 34.892 16.287 0.67535
0.000 34.325 14.043 0.68596
0.000 31.701 14.713 1.10647
0.000 31.202 15.332 1.03834
0.000 33.036 16.000 0.94174
0.000 34.568 15.579 1.11570
0.000 33.477 15.989 0.87708
0.000 33.681 16.821 0.89448
0.000 33.905 17.073 0.67468
0.000 33.956 16.392 0.83410
0.000 34.240 16.445 0.88460
0.910 34.028 17.549 1.16410
0.000 34.297 17.072 1.10381
0.000 33.275 14.573 1.04607
0.995 30.246 11.414 1.46583
0.000 24.329 10.728 1.00255
0.000 28.340 11.836 0.58739
0.000 31.495 14.876 0.79708
0.000 32.933 16.688 0.94841
0.000 34.291 18.575 0.81051
0.000 35.394 19.171 0.81671
0.000 35.772 20.031 0.89381
0.000 36.720 20.948 0.66690
0.025 32.917 18.054 0.93393
20.550 23.771 16.525 1.04209
14.085 26.004 17.559 0.73572
0.000 32.226 18.928 0.83846
0.000 34.192 19.980 0.74946
0.000 34.017 20.160 0.86945
10.840 30.713 18.966 0.98909
9.905 31.567 19.269 1.00345
0.000 34.249 19.703 1.04823
0.000 35.694 19.593 1.02514
0.000 36.435 19.180 0.92531
0.005 32.944 17.244 1.35292
0.000 29.268 17.460 1.68590
0.520 31.482 18.009 1.21423
0.000 34.130 19.701 0.88516
0.000 35.264 19.062 0.85831
0.000 35.882 19.967 0.97690
0.000 36.747 20.846 0.60337
0.000 37.725 20.605 0.72497
0.000 37.705 21.380 0.72033
0.000 37.478 21.968 1.24082
40.535 28.534 20.210 0.95447
18.375 26.365 18.874 0.81272
2.235 25.419 16.580 0.77827
0.000 31.676 16.739 0.80708
0.000 34.228 17.769 1.02900
0.000 35.700 19.099 0.98380
0.000 36.326 20.549 0.88963
0.000 37.308 22.385 0.91951
0.330 37.222 24.005 0.86577
0.305 35.920 23.144 0.69008
2.325 29.899 18.116 1.42156
0.000 31.741 18.555 1.20890
0.000 34.020 20.961 1.19803
0.000 35.344 21.660 0.91011
0.000 37.044 21.564 0.98640
0.000 36.642 22.048 1.23778
0.025 35.249 22.538 0.92075
1.175 32.623 22.571 0.87646
0.000 32.409 22.688 0.78310
0.000 36.761 22.999 0.78614
0.460 35.252 22.126 0.74120
0.005 38.257 23.717 0.99889
0.000 39.405 23.870 1.01340
0.595 36.907 23.488 0.73989
0.070 36.771 22.617 1.05563
0.005 35.549 23.652 0.73206
0.000 35.854 22.697 0.89443
0.000 37.346 23.252 1.04044
0.925 36.115 23.004 1.14551
14.700 31.809 21.446 0.73488
0.070 30.731 21.426 0.67176
0.020 34.819 20.811 1.22975
2.445 34.971 22.047 1.23276
18.725 34.147 21.182 0.73307
13.225 30.433 20.799 0.80884
7.890 29.329 21.844 0.83799
0.040 33.888 21.582 0.90850
0.000 35.548 22.834 0.95047
1.590 36.239 23.224 0.87726
0.000 33.991 22.568 0.86485
1.425 34.027 22.074 1.00267
0.080 36.425 22.336 1.03827
0.065 38.010 23.701 0.96131
8.220 37.409 24.058 0.97534
0.110 35.882 24.248 1.13179
0.080 36.956 23.625 0.98716
36.245 35.336 23.177 1.08344
3.420 33.779 22.936 0.88071
0.610 31.017 21.977 0.92503
9.150 31.533 21.659 0.79036
0.000 34.013 22.287 1.31875
0.030 34.341 22.214 1.31579
1.680 33.698 22.479 0.98343
1.680 34.876 23.586 0.80775
3.650 34.014 23.158 1.01207
7.150 33.874 22.144 1.18881
11.950 32.935 22.784 0.59278
1.470 32.605 23.304 0.48764
0.105 28.901 22.696 0.84250
7.630 28.669 22.635 0.83663
0.045 28.906 22.550 0.89468
5.820 31.617 22.506 0.77547
0.270 31.107 23.142 0.92140
0.870 28.540 22.187 1.03683
27.660 31.072 22.970 0.65908
4.940 28.836 22.444 0.46171
1.880 31.492 22.880 0.83908
3.520 30.708 22.595 1.19315
1.775 29.217 22.616 1.22299
0.000 31.031 22.759 1.08433
0.105 29.834 22.396 1.12030
6.785 32.048 23.125 1.13617
0.485 31.092 22.749 1.08979
2.570 31.131 23.257 0.99502
11.265 29.751 22.664 1.23466
3.975 29.510 21.854 1.30861
0.010 30.285 22.397 1.27634
0.125 31.377 22.595 1.15916
6.405 29.316 22.652 1.18053
50.145 28.934 22.665 1.06027
6.245 30.328 22.260 0.84636
5.910 30.181 22.652 1.18044
4.360 27.324 22.514 0.99760
1.420 29.799 20.950 1.54357
0.475 30.051 21.672 1.28259
1.920 30.709 21.813 1.25388
18.565 30.114 20.931 1.04989
0.000 32.412 22.492 0.99705
5.605 29.752 22.140 0.79149
0.000 31.189 21.809 1.03209
0.195 30.393 22.156 1.02540
2.280 29.163 21.901 0.91242
31.160 29.275 22.210 0.67660
23.845 31.319 21.816 0.84208
0.000 31.923 22.449 0.56649
0.000 32.980 22.054 0.94757
0.790 32.676 22.695 1.12019
5.310 32.380 22.307 1.05467
0.430 31.258 22.207 0.68330
2.205 33.529 23.160 0.47577
41.765 30.264 22.486 0.88612
19.960 28.856 21.483 1.13709
2.445 30.152 21.651 0.93132
0.310 30.543 21.897 0.52033
0.025 31.227 22.034 0.45886
0.000 32.040 23.109 0.58035
5.145 30.472 23.034 0.49923
11.440 27.209 22.577 0.81716
17.125 29.432 22.365 0.92842
4.845 28.237 22.198 0.95927
28.135 26.229 22.388 0.89770
41.335 28.718 21.751 0.92212
25.305 29.017 22.411 0.94920
9.745 26.860 21.900 0.66896
1.095 28.680 21.729 0.76460
0.135 30.526 21.019 0.92632
0.130 31.653 21.872 0.82370
0.000 31.708 22.511 0.71789
3.100 32.526 22.751 0.91352
37.550 27.718 22.149 1.21323
34.195 27.177 21.514 1.25004
0.000 29.843 21.134 0.93084
3.055 30.925 22.403 0.87840
2.835 29.861 22.270 0.87469
0.815 30.838 22.206 0.98913
3.980 31.120 22.438 0.94146
4.320 29.557 22.076 1.03498
7.865 29.404 21.809 1.05234
4.140 27.443 21.741 1.26005
4.320 29.148 21.928 1.06966
1.910 30.037 22.379 0.90015
70.775 27.734 22.294 0.98932
0.560 29.094 22.334 1.32467
1.595 26.151 21.854 0.93512
9.555 28.581 21.690 0.89223
14.815 28.463 21.984 0.95977
25.620 26.739 21.659 1.10817
15.665 27.585 21.521 1.03543
1.585 26.911 21.135 1.04451
1.025 29.598 21.109 0.97334
3.775 29.375 21.834 0.85736
8.865 27.739 21.905 0.72959
1.065 28.344 21.643 0.72759
3.285 28.363 21.470 0.77238
8.750 26.812 21.534 0.67961
11.415 28.041 21.554 0.61666
4.545 28.451 21.448 0.64072
0.595 29.078 21.727 0.66130
3.190 27.845 21.580 0.54497
9.775 30.229 21.955 0.48223
15.315 31.575 21.897 0.76559
4.180 30.438 22.314 0.67214
23.155 31.273 23.093 0.46790
18.410 32.590 21.003 0.79407
6.510 31.062 21.751 0.42813
3.145 30.239 21.434 0.74531
0.010 30.132 21.928 0.55570
6.640 28.752 21.467 0.65838
26.740 28.466 21.378 0.73937
25.415 30.593 21.420 0.51739
18.965 28.639 21.230 0.68202
11.170 25.244 19.108 0.78578
1.875 30.578 19.899 0.67111
5.780 31.504 20.721 0.88651
10.035 28.884 21.425 1.08687
2.285 29.594 21.604 0.97745
0.650 29.023 21.624 0.73218
0.930 29.573 22.138 0.43619
50.115 31.908 20.450 1.15457
20.050 26.176 20.570 1.07736
26.965 28.307 20.290 0.75242
4.150 29.082 20.243 0.44071
0.275 29.726 20.143 0.45626
22.765 29.800 20.834 0.73126
0.000 30.811 20.795 0.51334
2.105 31.264 21.740 0.55378
2.920 31.857 21.401 0.44396
47.930 31.852 22.198 0.68313
27.445 26.080 21.276 1.60462
14.455 25.057 20.964 0.86186
6.015 27.286 19.734 0.53649
0.000 29.704 20.342 0.50386
0.080 30.638 21.270 0.49241
3.095 30.823 20.219 0.46421
0.015 30.700 19.965 0.63448
0.050 29.919 20.226 0.63040
0.880 29.890 20.621 0.45586
15.800 30.299 20.598 0.57260
0.730 29.154 18.690 0.93411
0.680 26.561 17.442 0.65110
0.065 30.097 17.386 0.67913
0.000 29.873 18.262 0.53167
4.970 29.921 19.484 0.47673
8.215 29.171 21.405 0.51937
5.845 27.443 20.388 0.52798
4.335 30.134 19.227 0.51980
0.000 29.364 18.081 0.63992
0.000 29.178 18.515 0.55952
8.210 29.130 19.379 0.57122
0.090 29.683 18.760 0.62853
0.000 29.893 18.065 0.70505
0.000 30.423 17.456 0.68699
0.000 28.773 18.135 0.64272
0.000 27.584 18.554 0.70293
1.205 26.130 18.563 0.65985
0.000 27.653 18.941 0.67587
0.000 27.950 18.747 0.72301
0.080 28.871 19.279 0.78442
0.000 29.385 20.477 0.44045
23.105 28.167 18.962 0.74526
26.295 22.487 17.272 0.74846
8.225 23.667 16.961 0.76638
0.235 25.854 16.856 0.45616
0.110 29.726 17.453 0.81481
0.000 29.325 19.320 0.52779
0.075 29.162 19.896 0.54805
7.380 28.802 20.296 0.48054
0.000 29.572 20.875 0.46516
20.560 29.393 20.995 0.52745
0.400 26.850 19.738 0.54299
1.235 27.979 19.706 0.59307
2.065 28.028 19.801 0.63739
0.000 29.123 18.874 0.49251
0.000 28.985 18.371 0.64669
0.000 28.822 15.650 0.51907
0.000 28.562 15.210 0.60015
0.000 29.381 15.592 0.46970
0.050 25.944 18.172 0.67409
0.030 25.991 17.917 0.93689
0.050 27.415 17.097 0.81745
0.020 25.939 14.590 0.62906
0.000 24.288 14.632 0.49004
0.070 24.812 12.305 0.59660
0.000 24.469 11.504 0.65111
0.000 25.374 11.580 0.63756
0.000 25.887 11.588 0.67479
0.000 26.426 11.651 0.61854
0.000 26.445 11.875 0.64489
0.000 26.373 12.768 0.65008
0.000 27.668 13.292 0.65897
0.000 26.892 13.772 0.54790
0.000 26.676 14.441 0.58035
0.000 27.304 15.196 0.64989
0.000 27.524 15.634 0.56624
0.000 28.348 16.166 0.54194
0.000 28.139 16.485 0.62813
0.000 25.992 16.543 0.79847
6.405 20.602 12.609 0.91901
0.230 17.678 12.565 0.77563
0.000 22.926 13.338 0.57135
0.000 25.261 14.270 0.75235
0.000 26.924 15.336 0.43999
0.000 27.720 16.276 0.58320
0.000 26.480 13.223 0.64020
0.000 24.556 12.452 0.65605
0.000 24.679 10.362 0.80447
0.000 22.805 9.156 0.90044
0.000 23.108 9.163 0.77970
0.000 23.636 8.267 0.91372
0.000 22.290 8.025 0.76981
0.000 22.472 7.986 0.73265
0.000 23.824 7.870 0.81028
0.655 22.412 6.888 1.00789
0.030 18.889 6.909 0.82917
0.000 21.985 9.769 0.49331
0.000 24.399 10.816 0.62343
2.310 25.316 13.577 0.76091
1.095 23.941 15.906 0.90163
0.000 25.674 14.576 0.55041
0.000 25.912 13.022 0.53048
0.000 25.815 12.129 0.63489
0.000 26.265 11.363 0.79502
0.000 26.669 11.358 0.72131
0.000 27.226 11.536 0.69816
0.000 27.319 11.553 0.64700
0.000 26.505 10.714 0.70067
0.000 26.641 10.155 0.76653
0.000 28.045 10.165 0.73826
0.000 27.140 11.441 0.67089
0.000 24.527 11.068 0.65731
0.000 23.850 11.078 0.63859
0.000 25.078 11.147 0.57087
0.000 26.303 11.468 0.57646
0.000 26.610 12.075 0.82925
0.000 27.832 13.332 0.73597
0.000 28.143 13.323 0.74690
0.000 28.389 13.398 0.84883
0.000 28.092 12.751 0.73880
0.000 27.467 12.762 0.87228
0.000 27.652 12.603 0.86499
0.000 27.667 12.243 0.78466
0.000 27.365 12.378 0.83225
0.000 28.441 12.988 0.82752
0.000 28.405 10.901 0.84389
0.000 27.943 11.063 0.76865
0.000 26.500 10.748 0.91971
0.000 25.096 11.102 0.80375
0.000 26.277 12.240 0.69404
0.000 26.571 11.189 0.53412
0.000 26.683 11.546 0.59036
0.000 27.859 12.468 0.64242
0.000 28.597 12.767 0.64328
0.000 29.060 13.145 0.72352
0.000 29.902 13.202 0.67181
0.000 29.992 13.445 0.69275
0.000 30.109 14.240 0.78654
0.000 31.028 14.441 0.56787
0.000 29.975 15.489 1.22656
0.000 27.510 15.597 0.97863
0.000 27.123 14.464 0.61811
0.000 28.836 14.906 0.56870
0.000 28.486 14.948 0.72573
0.000 28.840 14.870 0.71961
0.020 28.728 15.188 0.76944
1.265 27.671 15.795 0.63904
0.000 27.181 15.230 0.64585
0.000 28.641 15.057 0.87245
0.000 30.095 15.564 0.98616
0.000 31.311 16.355 0.88828
0.000 31.896 16.644 0.92205
0.000 32.304 17.168 0.73935
0.000 29.872 16.731 1.01561
0.000 31.651 17.591 1.08207
0.000 32.198 17.127 0.90477
0.000 32.197 17.882 0.88898
0.000 33.209 19.025 0.70161
0.000 31.741 17.879 1.07866
0.000 32.052 18.740 1.04950
0.000 32.348 18.595 1.13624
0.000 33.634 17.329 1.03086
0.000 33.853 17.781 1.01025
0.000 34.194 16.072 0.92893
0.000 30.811 13.946 1.28131
7.385 29.851 14.820 1.00954
0.000 31.295 16.336 1.09307
0.000 32.040 17.550 1.03573
0.000 32.660 19.309 0.85763
0.000 34.504 20.043 0.66833
0.000 34.568 20.600 0.80679
0.000 35.689 20.940 0.72929
0.000 36.168 19.753 0.76869
0.000 35.127 19.352 0.97373
0.000 35.529 19.065 0.91549
0.000 36.493 19.531 0.90442
0.350 35.053 17.074 1.29520
0.000 31.549 15.983 1.28040
0.000 33.182 17.293 1.02479
0.000 35.122 19.457 1.11258
0.000 35.918 19.874 0.95356
0.000 35.462 20.520 0.65308
0.000 35.769 22.006 0.95614
0.160 35.038 20.829 1.18554
0.000 35.600 21.047 1.38919
0.000 35.602 20.350 1.02114
0.000 35.990 19.766 0.85406
0.000 36.489 19.693 0.93288
0.000 36.758 19.956 1.02406
0.000 37.269 20.623 1.14092
0.000 37.222 21.626 0.92366
0.000 37.964 22.070 0.81053
37.090 31.933 20.734 1.44569
9.770 28.588 19.073 0.53390
0.330 29.141 18.815 0.62921
0.000 31.903 18.145 0.89858
0.000 34.104 17.700 0.97621
0.000 34.029 19.366 1.25812
0.000 34.898 20.337 1.03300
0.000 36.618 20.124 1.04404
0.000 37.297 21.431 0.98809
0.000 36.304 21.133 1.30343
0.690 34.059 20.740 1.22527
0.000 35.250 21.958 1.10337
0.000 36.839 20.788 0.97476
0.000 37.958 20.970 1.05356
0.000 38.128 22.201 0.95759
0.000 38.276 23.394 1.14575
56.471 34.340 22.297 1.47709
2.580 28.632 20.114 1.24801
3.240 28.651 19.674 1.13661
0.115 31.038 20.704 0.81478
7.320 29.469 20.361 0.90497
5.175 30.303 20.760 0.74146
0.000 29.534 20.840 0.89719
1.155 33.125 21.781 0.97466
0.000 32.125 20.739 0.85866
0.000 35.510 21.084 0.78235
0.610 33.380 21.359 1.05783
8.950 32.003 21.798 1.02764
0.370 30.442 21.144 0.88299
3.060 29.488 21.433 0.51042
28.305 28.688 20.316 0.64457
10.530 27.753 20.434 1.17002
0.865 29.839 20.506 1.56227
0.000 31.788 20.611 0.76708
0.000 33.086 20.919 0.74857
0.210 34.079 21.369 0.92580
0.000 33.746 22.485 1.02105
0.900 33.122 22.034 1.00685
0.000 33.787 22.237 0.95639
1.010 33.067 22.055 1.11085
0.000 32.193 22.123 0.91320
0.425 33.739 21.681 0.97134
2.105 33.237 21.519 0.86680
1.745 32.258 21.988 0.96927
0.000 33.611 22.530 0.79119
5.990 34.908 18.425 1.04654
12.105 23.360 17.658 1.23986
2.095 27.150 16.996 0.99259
8.175 29.396 18.141 0.59931
1.140 31.259 19.904 0.58952
2.180 32.082 20.420 0.48566
0.000 30.700 19.486 0.60183
0.030 32.247 20.614 0.65277
1.020 31.409 21.128 1.04031
15.365 26.503 21.209 1.06240
2.845 27.875 21.692 0.68847
8.395 26.841 21.542 1.32118
11.510 29.124 21.474 1.24857
1.490 30.801 21.151 0.85978
8.670 31.520 22.307 0.92510
15.315 29.625 22.424 0.88539
69.500 27.543 21.590 0.88985
6.390 30.307 21.878 1.15849
3.125 30.666 22.249 1.11193
8.155 29.884 22.047 1.06406
2.800 29.732 21.612 1.01678
0.385 31.329 21.939 1.39108
0.080 31.543 22.060 1.31259
0.150 30.713 21.520 1.51745
0.025 31.695 21.985 1.28856
1.365 32.239 22.244 1.05883
0.000 33.475 22.780 1.25752
0.000 30.310 22.166 1.12321
0.975 31.144 21.763 1.20385
0.180 32.296 22.420 1.33994
0.000 33.485 22.867 1.19985
12.130 33.905 23.307 1.04396
2.015 30.468 22.531 0.62640
4.920 31.991 22.918 1.01708
6.240 30.423 22.749 0.67542
16.475 32.543 22.468 0.71503
4.525 31.019 22.438 0.60767
0.895 31.291 21.700 0.86453
1.710 28.592 21.423 0.61094
10.375 30.459 22.423 0.67995
0.215 29.857 21.479 0.87104
13.820 32.060 22.096 0.54048
8.550 31.839 21.485 0.66811
1.780 31.830 21.910 0.85413
3.635 31.580 22.263 0.85996
0.005 31.442 21.557 0.93980
0.000 32.680 23.048 1.09060
1.250 32.260 22.466 1.32553
1.140 30.551 22.203 1.24324
0.265 30.442 22.718 1.06058
3.115 29.390 22.291 0.82326
0.165 31.942 22.464 1.00701
41.695 32.929 23.422 1.16573
23.190 29.995 23.254 1.25773
12.470 28.506 22.430 1.01543
1.925 30.143 23.146 1.15032
0.855 29.584 22.165 1.62493
0.715 28.589 22.397 1.22635
2.045 29.846 22.572 1.34990
1.435 30.409 23.052 1.00709
2.690 29.404 22.147 0.95759
2.035 29.376 22.156 1.07462
0.000 30.704 22.470 1.33420
11.465 28.187 22.292 0.82840
0.775 29.192 22.112 1.02222
17.605 27.585 21.978 1.06902
14.175 26.609 21.432 1.12370
14.735 26.856 20.528 0.98488
0.450 29.397 21.448 0.74092
8.195 30.365 21.553 0.76989
15.325 29.580 21.456 0.76168
0.000 32.304 22.294 0.75405
1.850 31.703 22.675 0.86186
21.955 29.220 22.315 0.90624
31.405 29.614 21.715 0.87637
2.215 27.416 20.744 1.07190
0.705 29.727 20.799 0.97823
2.815 30.309 22.080 0.69572
22.655 26.179 21.873 0.75682
4.045 27.197 20.936 1.02005
4.875 27.676 21.501 0.43375
32.220 26.605 21.221 0.82174
4.425 25.956 20.946 0.99876
41.915 31.478 20.936 1.08308
20.410 31.197 21.682 0.99520
3.280 32.632 22.872 0.97594
94.940 29.885 22.485 0.97955
11.440 26.966 21.852 0.93623
1.460 29.564 21.521 1.05933
0.000 30.321 22.042 1.05529
0.400 28.762 21.354 0.84708
3.210 29.650 21.850 0.64034
17.115 28.316 21.464 0.54232
13.810 31.055 21.879 0.50861
4.965 30.873 22.372 0.68548
12.225 31.549 22.844 0.49317
1.500 27.547 22.181 0.72024
37.235 27.647 22.450 0.89574
15.255 26.067 21.988 1.33670
56.915 25.395 20.872 1.13951
15.450 26.514 20.424 0.73367
2.660 29.094 21.219 0.84536
3.710 29.085 21.808 0.80904
0.245 28.145 21.370 0.75691
6.285 32.036 22.076 0.54268
31.849 28.127 21.624 0.82704
9.570 27.978 21.559 0.96409
7.900 28.205 21.530 0.73864
8.975 28.601 21.438 0.42311
48.410 30.274 21.646 0.47928
16.345 26.891 20.372 1.09344
2.490 28.430 20.693 0.93311
0.000 28.736 20.719 0.71403
0.000 30.385 21.279 0.68751
0.000 30.843 21.745 0.71246
9.290 28.647 22.249 0.54807
20.900 29.465 20.850 0.62349
0.000 30.305 22.023 0.76762
7.910 29.928 21.871 0.83704
7.400 28.995 19.958 0.82514
20.625 24.478 19.025 0.89697
1.640 25.192 19.736 0.69823
0.000 27.768 19.829 0.71719
0.065 29.777 19.963 0.63310
0.000 30.175 20.886 0.47979
0.085 30.747 21.079 0.67160
0.730 29.425 21.575 0.84346
1.900 28.560 20.385 0.81565
21.090 29.401 21.200 0.75629
37.765 28.039 20.737 0.80229
53.490 25.113 19.988 0.71656
16.135 26.824 19.912 0.38418
0.095 28.608 19.779 0.58439
0.000 28.613 19.199 0.60846
0.275 30.213 17.346 0.75244
3.675 31.479 18.725 0.66787
4.415 30.698 21.080 0.61433
0.775 30.145 21.919 0.60852
3.385 29.582 20.833 0.61369
0.000 31.401 20.717 0.62960
0.020 32.423 20.732 0.56763
4.895 32.385 20.258 0.65190
7.970 31.226 20.485 0.77517
3.470 29.032 20.971 0.63904
19.255 29.029 21.333 0.65101
1.195 28.548 21.032 0.98001
1.470 29.355 20.628 1.11152
3.810 28.960 21.195 0.95896
25.960 27.678 21.363 0.61241
21.235 25.004 19.374 0.76205
0.020 26.667 19.798 0.86771
5.850 24.900 19.267 0.59359
0.815 28.503 18.975 0.66689
0.000 29.160 19.342 0.59711
0.000 29.555 19.996 0.44841
0.000 29.745 19.989 0.59354
0.000 29.650 20.089 0.62656
0.000 30.183 20.458 0.47651
0.120 29.269 20.220 0.48031
0.000 29.390 19.691 0.55580
1.595 29.330 19.881 0.56120
0.525 29.205 19.542 0.73150
0.000 29.506 18.901 0.43535
0.120 29.132 17.941 0.54073
1.730 29.075 18.516 0.52023
0.185 29.860 18.263 0.64856
0.040 29.748 18.555 0.52486
0.000 28.863 18.263 0.52996
0.000 29.246 18.449 0.46838
0.000 29.191 17.896 0.44620
0.000 29.253 17.898 0.44291
0.000 29.410 18.095 0.50896
0.000 29.722 16.705 0.62074
0.000 28.993 15.194 0.63596
0.000 28.041 14.986 0.56744
0.000 27.790 15.270 0.51456
0.000 28.361 16.327 0.48061
0.005 29.942 17.104 0.48777
0.000 28.557 15.316 0.66231
0.000 27.602 15.478 0.56413
0.000 28.749 16.024 0.58431
0.000 30.004 16.964 0.63006
0.550 29.502 17.514 0.47077
0.000 27.200 17.703 0.56236
0.000 28.034 17.895 0.56155
0.000 28.711 18.512 0.47028
0.000 28.135 18.229 0.70201
0.000 28.353 18.188 0.48260
0.465 29.116 17.128 0.50157
0.000 29.313 17.266 0.52635
0.000 29.129 17.370 0.69056
0.000 28.829 17.678 0.91281
0.000 28.426 16.056 0.79764
0.000 27.752 15.797 0.78566
0.000 27.377 14.512 0.77368
0.000 27.587 14.342 0.70752
0.000 27.466 14.509 0.76536
0.000 27.679 13.865 0.65583
0.000 27.130 12.254 0.75818
0.000 27.060 12.349 0.66523
0.000 28.597 13.761 0.66573
0.000 27.893 13.955 0.71576
0.000 28.251 14.175 0.68438
0.000 28.000 14.353 0.71520
0.000 27.197 16.905 0.78808
0.000 25.461 15.209 0.82132
0.000 27.158 14.857 0.69143
0.000 27.354 14.522 0.66537
0.000 28.007 14.812 0.59104
0.000 27.858 16.502 0.55116
0.000 28.660 17.322 0.65345
0.000 28.408 16.315 0.85375
0.000 27.796 15.872 0.83155
0.000 27.681 15.419 0.89401
0.000 28.299 14.822 0.64070
0.000 27.149 14.635 0.72910
0.000 26.945 14.344 0.80253
0.000 26.329 11.023 0.73062
0.000 24.348 10.533 0.64324
0.000 23.629 10.619 0.57299
0.000 23.926 8.451 0.76203
0.000 23.615 6.792 0.98051
0.000 23.698 6.763 0.91656
0.000 22.704 6.847 0.69175
0.000 22.406 7.369 0.69112
0.000 23.656 7.672 0.80864
0.000 23.798 7.704 0.65445
0.000 24.098 9.016 0.63811
0.000 25.227 9.134 0.73652
0.000 25.823 9.575 0.60166
0.000 24.676 11.708 0.83428
0.000 24.790 11.502 0.62530
0.000 25.457 11.573 0.79375
0.000 26.215 12.239 0.66404
0.000 26.115 12.609 0.81677
0.000 26.361 11.355 0.71480
0.000 27.015 11.311 0.74220
0.000 27.316 11.618 0.67032
0.000 26.443 11.326 0.69113
0.000 25.291 11.202 0.66941
0.000 25.194 9.863 0.67570
0.000 25.030 9.892 0.63509
0.000 25.966 10.151 0.63013
0.000 26.819 11.063 0.64577
0.000 27.693 11.092 0.68139
0.000 27.682 11.199 0.83206
0.000 27.676 13.143 1.00118
0.000 28.183 13.186 0.98078
0.000 28.298 13.284 1.00642
0.000 28.965 12.659 0.87014
0.000 28.646 12.811 0.72601
0.000 27.582 13.752 0.91418
0.000 28.702 12.329 0.92290
0.000 28.929 12.345 0.71732
0.000 28.958 12.399 0.69358
0.000 28.830 12.738 0.76703
0.000 27.338 13.944 0.86072
0.000 28.478 14.916 0.88028
0.000 28.137 15.759 0.95815
0.000 21.329 13.848 0.65757
0.000 22.166 10.712 0.80450
0.000 24.758 10.974 0.78287
0.000 26.549 11.131 0.80430
0.000 25.950 11.581 0.87382
0.000 25.519 9.169 1.11176
0.000 23.128 9.324 0.65470
0.000 23.847 9.700 0.62899
0.000 25.656 10.645 0.84028
0.000 27.109 12.118 1.06994
0.000 27.616 12.609 0.93612
0.000 28.146 13.399 0.67221
0.000 29.077 13.956 0.81452
0.000 29.570 13.735 0.60108
0.000 30.644 13.740 0.73208
0.000 31.535 14.062 0.90031
0.000 31.448 16.506 0.84899
0.000 30.893 16.024 0.84168
0.000 32.397 16.079 1.02656
0.000 31.423 15.948 1.42974
0.000 30.669 16.206 1.00151
0.000 31.139 16.308 0.88066
0.000 30.969 16.217 0.73943
0.000 31.896 16.150 0.88108
0.000 32.687 15.775 0.95370
0.000 32.666 15.743 0.95953
0.000 32.873 16.102 0.85270
0.000 33.805 17.520 0.82308
0.000 33.927 18.163 0.68332
0.000 34.583 19.982 0.77880
0.000 33.547 20.299 0.80290
0.000 34.468 18.274 0.84435
0.000 33.386 18.073 0.84853
0.000 33.343 17.022 0.85825
0.000 33.777 15.896 1.05634
0.000 33.730 15.452 1.00537
0.000 33.707 15.960 1.04219
0.000 34.582 17.394 0.85563
0.000 34.340 15.332 0.97658
0.000 33.670 14.314 1.25795
0.000 32.235 15.107 1.24560
0.000 32.656 15.783 1.30164
0.000 33.355 16.978 1.00994
0.000 33.809 16.886 0.83203
0.000 34.431 17.479 0.88007
0.000 33.403 17.519 0.81487
0.000 35.052 18.243 0.96745
0.000 35.650 18.711 0.91048
0.560 35.439 18.964 0.82030
0.150 35.434 17.963 0.99418
0.000 34.720 17.390 0.71777
0.000 34.181 18.496 1.07227
0.270 30.585 16.418 1.12695
0.000 32.178 17.508 0.75274
0.985 32.574 19.241 0.70953
0.000 34.289 18.378 0.93268
0.000 34.851 18.219 0.91495
0.000 35.749 18.814 0.90447
0.000 35.897 19.894 0.96155
0.000 36.557 20.549 0.88902
0.000 37.306 20.941 0.95494
0.000 36.249 22.205 1.15309
0.545 35.630 21.781 1.03242
0.000 37.226 19.542 0.95625
0.000 37.984 19.465 1.20433
0.000 37.668 19.392 0.95856
0.000 37.325 19.560 0.98475
0.000 33.287 20.074 1.64550
0.000 34.882 20.941 1.43952
0.000 34.619 21.511 1.09597
2.955 32.577 21.518 1.03441
0.000 32.803 21.193 1.70493
0.000 34.145 20.725 1.42671
0.530 34.554 20.772 1.06407
0.105 31.247 20.138 1.16007
5.305 29.645 20.392 1.02761
3.930 30.609 20.574 0.69803
0.845 30.091 20.144 0.59436
7.155 32.020 20.823 0.94703
0.055 34.382 21.459 0.73358
12.025 31.570 20.803 0.60233
2.665 32.633 20.230 0.75476
61.665 29.240 20.018 0.84913
0.000 32.685 21.632 0.91325
0.000 35.920 21.436 1.00900
0.000 36.622 22.368 0.97044
0.000 37.574 23.946 0.79024
0.000 36.519 24.579 0.54834
6.430 35.188 21.946 0.93279
28.870 30.520 21.467 0.80855
12.565 32.200 21.260 0.66606
11.070 29.178 19.421 0.89156
4.065 31.168 19.783 0.46936
0.225 32.647 20.445 0.63365
7.400 34.555 20.560 0.72003
0.000 33.127 20.948 0.89577
9.155 29.606 20.815 0.70688
39.655 27.352 20.137 0.53676
5.760 27.707 20.012 0.61408
0.030 29.677 20.484 0.69534
2.100 29.845 20.788 0.70597
4.510 30.770 20.863 0.78910
0.030 31.133 21.406 0.95392
0.000 33.057 20.584 0.92359
0.000 33.815 21.650 0.89587
60.880 30.319 21.819 0.95258
7.980 28.278 20.645 0.78807
10.230 29.828 21.586 1.14677
3.455 30.642 21.714 1.28684
13.855 31.264 22.179 0.82312
3.850 30.205 21.848 1.10009
6.045 27.489 21.343 0.94181
2.330 28.190 21.571 1.22980
2.315 28.407 21.261 1.06105
0.065 29.098 21.497 1.32755
0.000 28.118 21.644 1.35080
5.090 31.765 21.416 1.20290
6.325 33.344 21.698 1.05674
0.605 33.485 21.963 0.87077
1.255 32.697 21.594 0.89030
0.000 34.575 22.253 0.87442
0.180 34.268 22.783 0.89236
24.170 31.577 23.028 0.67229
0.980 28.974 21.794 0.66586
10.570 31.030 22.016 0.98290
0.385 31.348 22.647 0.88133
0.705 31.626 22.422 1.05248
6.985 31.411 22.168 0.88587
21.490 31.086 21.555 0.80847
9.125 31.750 21.985 0.87585
0.000 31.854 22.090 1.06140
0.250 32.894 22.407 1.08896
0.190 33.647 22.768 1.05372
0.340 33.124 22.644 0.99473
0.055 33.613 22.628 0.93238
0.595 34.311 22.596 1.05006
4.515 31.760 22.938 1.09238
10.995 30.341 22.728 0.99033
7.895 30.138 22.249 0.87820
0.000 33.448 22.524 1.04244
4.320 32.713 23.172 0.99706
9.425 28.702 22.683 0.93378
7.855 28.572 22.557 0.62611
4.270 28.522 21.235 0.67593
0.820 31.461 21.861 0.89392
6.630 32.677 22.085 0.75674
0.010 33.641 22.782 0.69926
4.110 34.784 22.664 0.59227
7.890 33.553 22.518 0.82442
15.655 32.031 22.600 0.82399
10.435 29.788 22.624 1.05498
24.555 29.377 22.222 1.33959
3.255 28.147 21.185 1.20109
5.280 30.408 22.339 1.26382
0.440 31.491 22.671 1.15485
4.550 30.557 22.357 1.23415
0.050 28.796 22.541 0.93173
0.605 30.405 22.319 1.08731
0.645 30.111 22.378 1.05963
0.000 30.654 22.394 1.12684
0.275 27.604 21.898 1.02739
1.015 30.620 21.505 1.03398
0.000 29.742 21.580 0.76134
0.000 32.095 21.699 0.95870
0.725 32.458 22.491 0.93557
1.195 32.133 22.849 0.89186
0.065 30.893 22.566 1.05982
0.675 30.587 22.705 0.88412
0.025 27.907 21.969 0.95557
0.000 31.352 22.473 1.13670
0.085 29.324 22.373 1.01667
0.005 30.388 22.626 1.05478
0.865 29.073 22.295 0.92649
16.070 28.804 22.239 0.79882
16.925 27.086 21.217 0.65674
10.525 28.073 20.617 0.76350
3.795 28.848 21.000 0.78210
16.630 29.347 21.119 1.01864
15.505 25.922 20.475 0.94312
4.205 29.047 20.720 0.85619
25.780 29.957 21.691 0.66747
25.710 27.390 20.743 0.83410
17.190 30.729 21.248 0.81137
7.630 30.055 21.637 0.70375
8.035 27.039 21.209 0.67150
21.335 28.168 21.576 0.76829
3.115 27.838 21.479 0.92225
7.045 27.451 20.670 0.94170
0.565 29.036 21.238 0.96207
0.000 30.610 21.898 0.59284
9.175 29.143 22.107 0.55597
2.760 30.984 21.617 0.57770
53.205 32.392 22.726 0.68861
8.415 30.329 22.933 0.61467
4.990 32.194 22.379 0.65238
3.330 29.672 22.247 1.29209
2.540 29.650 21.821 1.11782
13.830 29.290 21.507 0.97820
0.145 30.707 20.860 1.03818
1.910 31.732 22.467 0.85787
40.706 30.097 22.300 0.89993
1.410 28.956 21.773 0.70219
1.425 30.940 22.286 0.67436
0.000 31.678 22.075 0.47212
3.340 31.564 22.410 0.51123
1.235 31.646 23.016 0.70042
0.490 27.811 22.636 0.59046
20.655 26.696 21.829 0.89396
1.205 28.034 20.794 0.81296
19.050 28.454 21.575 0.66218
11.870 28.455 21.233 0.90062
0.000 30.478 21.788 0.76091
5.155 28.113 20.623 0.64773
8.030 29.363 21.849 0.58457
3.060 28.310 20.798 0.54638
4.125 30.236 21.349 0.83238
0.000 30.467 21.051 0.94558
0.025 30.246 20.830 0.89671
0.160 30.446 21.966 0.82967
14.480 27.938 22.099 0.95238
15.015 26.578 21.847 0.93415
0.850 27.892 21.408 0.87783
14.040 28.477 20.884 0.82746
0.225 30.120 21.193 0.84559
2.990 31.197 21.945 0.84512
3.865 29.330 22.041 0.78531
39.905 30.018 21.469 0.48259
10.230 30.138 21.873 0.72640
0.000 28.851 21.376 0.71752
19.840 30.209 21.862 0.68463
35.790 30.123 22.119 0.54527
1.505 29.729 21.985 0.66347
0.055 30.412 22.112 0.55178
19.350 30.847 22.626 0.50338
6.865 27.400 19.994 0.92520
7.845 30.687 19.494 0.76945
0.000 32.230 18.403 0.67910
0.000 30.216 17.099 0.62548
0.000 30.339 18.624 0.61991
0.000 30.500 18.148 0.52722
0.000 31.913 18.005 0.77637
0.430 32.819 19.437 0.60479
41.300 30.341 21.183 0.43973
35.415 28.724 20.474 0.70485
2.170 29.734 20.626 0.75931
0.335 30.095 20.381 0.67420
0.000 30.344 20.440 0.53513
0.020 30.980 21.402 0.39547
1.395 31.155 21.045 0.75797
6.240 33.281 21.569 0.82907
23.410 30.329 21.917 1.76337
37.755 28.445 22.010 1.52615
37.930 25.157 20.730 0.91001
11.780 27.566 20.383 0.66569
2.845 27.619 20.369 0.58356
0.825 28.454 20.637 0.51708
4.600 29.893 20.804 0.36261
31.935 28.557 19.783 0.45637
0.705 28.676 20.413 0.62967
16.820 28.291 19.792 0.67138
1.485 28.571 19.216 0.52945
0.030 29.148 18.386 0.66398
0.000 27.594 18.097 0.63953
0.000 27.903 17.611 0.54279
0.000 29.000 17.924 0.46555
2.210 28.838 17.515 0.65970
0.000 27.683 17.421 0.54199
0.000 27.384 17.201 0.61197
0.000 28.958 16.884 0.50763
0.000 29.308 17.527 0.49540
0.000 29.918 16.030 0.58282
0.240 29.660 15.286 0.69123
0.000 29.093 15.725 0.69417
0.000 29.275 16.315 0.59899
0.000 30.227 17.563 0.50883
0.035 30.275 19.328 0.50952
0.000 29.746 16.761 0.57984
11.135 28.979 17.182 0.64321
2.315 22.558 15.862 1.20666
0.875 22.263 14.728 0.73072
9.380 24.950 15.084 0.71795
0.230 24.131 14.326 0.91352
0.000 26.895 14.689 0.75029
0.000 27.982 14.781 0.64957
0.000 27.911 12.968 0.68808
0.000 28.095 11.455 0.74769
0.000 27.526 11.309 0.81856
0.000 27.721 11.694 0.70295
0.000 28.521 14.436 0.60240
0.000 28.867 16.281 0.52367
0.000 28.452 18.508 0.55181
0.000 28.369 18.103 0.82808
0.000 29.373 17.621 0.64191
0.000 29.681 16.184 0.50108
0.000 30.547 15.719 0.65098
0.000 30.151 16.018 0.47580
0.000 25.841 16.783 0.73765
0.000 28.522 16.179 0.53617
0.000 27.214 15.262 0.58685
0.000 27.192 14.469 0.60275
0.000 26.711 13.384 0.85383
0.000 25.670 12.740 0.68385
0.000 25.815 11.707 0.75108
0.000 26.878 11.716 0.90046
0.000 25.741 9.910 0.87683
0.000 24.619 9.942 0.67923
0.000 24.932 9.551 0.60365
0.000 23.386 8.961 0.76752
0.000 23.175 8.992 0.67786
0.000 25.170 9.648 0.66440
0.000 24.271 11.006 0.54547
0.000 25.377 12.984 0.59449
0.000 26.423 12.328 0.61649
0.000 26.962 12.345 0.72449
0.000 26.988 13.164 0.53757
0.000 27.023 13.488 0.67533
0.000 27.131 13.029 0.55860
0.000 27.552 12.865 0.51933
0.000 27.276 12.592 0.70445
0.000 28.215 11.682 0.80481
0.000 28.753 11.694 0.81501
0.000 28.668 12.716 0.64608
0.000 28.993 13.868 0.55072
0.000 29.084 16.828 0.55268
0.000 29.278 17.551 0.50503
0.000 30.195 17.295 0.56230
0.000 30.477 17.294 0.51147
0.000 30.095 17.174 0.81512
0.000 30.395 16.241 0.89588
0.000 29.784 14.569 0.91625
0.000 28.142 13.557 0.73477
0.000 28.034 13.459 0.68347
0.000 27.540 13.657 0.86143
0.000 27.734 15.365 0.55737
0.000 27.910 14.495 0.66705
0.000 27.727 14.385 0.57076
0.000 27.384 14.250 0.55465
0.000 28.454 13.221 0.52675
0.000 27.031 12.058 0.74095
0.000 24.911 9.080 0.65197
0.000 24.168 8.941 0.69968
0.000 25.082 8.945 0.64141
0.000 25.584 9.432 0.58712
0.000 27.838 11.126 0.59353
0.000 28.024 11.784 0.66224
0.000 29.012 12.108 0.75539
0.000 28.905 12.265 0.80664
0.000 29.762 12.293 0.61853
0.000 29.164 13.057 0.84303
0.000 29.019 13.058 0.72698
0.000 29.271 11.888 0.72834
0.000 29.727 11.205 0.71367
0.000 28.827 11.373 0.79223
0.000 29.035 12.298 0.92277
0.000 27.885 12.078 0.73090
0.000 28.043 12.203 0.81730
0.000 28.599 12.659 0.95765
0.000 29.258 12.841 0.82563
0.000 30.105 14.946 0.79265
0.000 30.297 14.970 0.76776
0.000 30.546 13.721 0.71973
0.000 29.957 12.736 0.92027
0.000 29.884 12.884 0.76931
0.000 28.273 13.529 1.06011
0.000 29.015 13.916 0.80743
2.720 29.266 15.300 1.23923
9.590 26.580 16.356 1.17820
0.000 28.547 16.276 0.91391
1.440 30.404 16.557 0.95593
14.355 26.314 16.247 0.87766
30.385 21.918 15.150 0.58833
0.735 25.908 12.962 0.95724
0.780 25.631 12.168 1.10051
0.000 25.910 12.491 0.91096
0.000 27.826 13.353 0.74946
0.000 28.270 13.525 0.69310
0.705 29.270 13.742 0.76316
0.000 29.390 12.692 0.68826
0.000 27.709 13.180 1.03349
0.000 29.937 14.329 1.06546
0.000 30.891 14.970 0.84923
0.000 28.739 14.616 1.38348
0.000 27.836 14.494 1.35554
0.980 25.480 14.145 1.27155
0.230 25.345 13.279 1.03942
0.000 28.364 13.763 1.12067
0.000 28.676 15.246 1.33733
0.000 29.112 15.259 1.56849
0.815 27.959 14.516 1.30734
0.000 26.998 13.195 0.93894
0.340 27.836 13.923 0.88598
0.000 28.986 13.634 0.67268
0.000 30.253 14.707 0.66066
0.000 31.682 15.823 0.80919
0.000 32.087 16.092 0.94236
0.000 32.349 16.824 1.03433
0.105 28.621 14.240 0.93160
3.335 30.409 15.039 1.30229
1.705 28.763 15.259 0.74878
0.000 28.315 14.829 0.73593
0.000 29.862 15.818 0.80420
0.000 30.173 16.400 0.60250
0.000 29.738 15.619 0.82333
0.000 30.282 15.978 0.93200
0.000 30.027 16.178 0.79475
0.000 31.416 15.909 0.67268
0.245 31.700 16.793 0.99609
0.000 31.434 18.167 1.12262
0.000 30.794 18.123 0.99267
0.000 31.652 18.343 1.08639
0.000 33.148 17.866 1.08648
0.000 34.782 18.849 0.98291
0.000 35.873 19.224 0.88969
5.035 35.037 20.485 1.06901
0.030 34.958 21.283 0.84624
0.000 35.195 21.509 0.75180
0.000 35.388 19.989 0.85192
0.000 35.459 19.954 0.70335
0.000 35.593 20.095 1.20232
0.000 36.394 19.576 1.18761
0.150 35.874 18.400 0.66461
0.000 34.701 19.568 0.85385
22.805 31.424 20.064 1.26672
0.565 33.635 20.758 1.03982
0.000 35.426 21.707 0.80283
0.010 35.493 21.972 0.97071
0.000 36.697 21.830 1.15731
0.000 36.279 23.425 0.80697
5.360 30.564 20.377 0.62910
1.905 32.639 20.143 1.03916
8.595 31.416 20.780 0.99338
0.175 31.358 20.427 1.17871
0.460 33.581 21.551 1.32541
0.125 33.832 21.546 0.89017
2.150 33.091 21.588 0.83645
0.045 31.379 20.604 0.65279
0.100 32.212 20.984 1.10947
2.090 36.005 21.460 1.02911
0.040 37.724 21.858 0.94839
14.060 36.924 21.910 1.15542
6.000 36.466 22.647 1.17068
0.000 37.410 22.665 1.21994
8.455 36.744 22.992 1.15838
0.000 35.036 21.858 1.24971
0.940 35.408 22.513 0.82345
0.000 35.836 22.816 0.61588
0.000 36.970 22.349 0.73274
4.180 36.613 24.092 1.20994
3.290 35.088 22.226 1.36208
0.000 37.825 23.226 0.71880
0.055 38.034 23.989 0.76253
21.025 35.918 22.998 1.15203
7.205 29.454 21.514 0.84253
1.890 28.124 19.847 0.73792
7.420 33.528 19.948 1.01197
13.760 34.712 21.361 0.99263
1.880 34.467 21.529 1.18365
10.295 34.188 21.546 0.87883
9.785 21.387 20.788 1.17715
16.365 29.749 20.508 0.84545
0.025 32.249 21.388 0.93791
0.255 31.752 21.790 1.03234
8.700 30.812 21.965 1.45456
0.000 29.023 20.409 2.24850
9.505 31.574 21.002 0.90967
0.435 32.373 21.439 0.80070
0.000 32.754 22.378 0.75774
0.800 33.252 22.710 0.84224
0.345 35.408 23.351 0.70314
14.345 26.288 19.818 1.08882
0.035 30.159 19.745 0.99140
0.530 33.445 20.228 0.92534
0.000 33.800 21.139 0.96078
0.000 30.976 20.152 0.96605
0.060 33.144 21.743 1.12061
0.005 31.620 21.736 1.46382
1.620 30.547 21.825 1.35742
1.760 30.331 22.023 0.93458
19.425 28.099 18.702 0.93376
0.000 31.820 20.128 0.61702
0.020 31.981 21.277 0.65484
0.025 34.056 21.515 0.72132
0.000 33.903 21.819 0.85870
2.280 34.001 22.100 0.99908
7.720 33.923 22.472 1.16435
0.000 31.354 22.593 1.12737
7.410 29.676 21.424 0.88744
0.005 33.756 21.770 0.98224
1.245 34.767 22.616 1.11893
10.310 29.817 21.936 0.76535
37.910 29.539 22.159 1.05692
0.110 27.780 21.653 0.66360
11.615 29.125 21.884 0.85490
2.220 28.304 21.855 0.68200
24.005 26.721 21.354 1.28447
12.530 28.616 21.735 0.94226
9.980 27.462 21.399 1.00189
4.610 30.043 21.788 1.10391
1.680 29.470 21.468 0.87233
0.350 30.717 21.633 0.80082
12.770 30.515 21.697 0.98875
23.410 28.505 22.007 0.91690
38.920 28.858 22.084 0.93310
2.900 30.042 21.719 1.12675
0.140 30.386 21.683 1.24816
0.635 30.749 21.574 1.60526
1.540 30.144 21.783 1.34835
0.175 30.991 22.030 1.16127
1.395 30.112 21.022 0.97949
2.230 31.732 21.868 1.23457
6.085 30.789 22.534 1.04557
0.095 28.053 21.809 0.74987
0.075 31.437 21.804 0.72473
1.065 33.593 22.587 0.97891
4.540 34.102 23.217 1.10050
0.545 30.555 22.632 0.77582
0.065 32.523 22.370 1.02295
5.030 31.247 21.971 0.85478
14.310 30.677 22.478 0.71120
9.275 28.724 21.244 1.00018
0.025 31.935 21.559 1.29323
1.105 32.796 22.176 1.05280
15.685 27.186 21.311 1.13644
7.940 26.760 20.389 1.11033
10.325 31.349 21.499 1.00068
2.580 29.754 21.376 0.86334
12.140 30.222 22.101 0.82216
29.765 28.211 21.885 0.85221
31.470 29.678 21.698 0.86522
1.485 28.796 21.783 0.84590
5.470 30.288 21.096 1.07304
2.510 30.600 22.048 0.87249
10.345 28.336 21.889 0.71043
22.485 29.571 21.790 0.98209
2.025 31.140 21.297 1.01220
7.930 31.773 21.463 0.95466
2.975 30.475 22.009 0.77996
36.760 29.436 22.082 0.98385
39.680 27.890 21.882 1.04983
29.425 28.885 21.467 0.98223
11.025 28.909 21.230 1.09547
8.915 28.623 21.592 0.81832
14.090 27.597 21.331 0.93378
17.280 25.950 20.784 1.09341
0.555 29.719 21.354 1.01615
3.770 29.261 21.330 0.87756
7.290 30.292 21.165 0.93832
0.640 29.350 21.882 0.75212
22.565 26.832 21.271 0.72555
4.725 27.842 20.830 0.72475
23.695 30.270 22.073 0.71635
1.005 27.823 21.927 0.71659
0.525 27.445 21.568 0.80265
3.425 28.783 21.312 0.76489
6.825 29.950 20.731 0.80223
39.350 29.247 21.810 0.59947
17.140 29.350 21.926 0.75883
6.215 28.635 22.210 0.96615
11.460 28.880 22.191 0.96564
26.350 26.270 21.306 1.22464
13.175 27.054 21.268 1.32863
29.345 26.703 20.981 0.83828
43.415 29.087 21.776 0.92608
2.620 28.063 21.063 0.92212
0.615 27.994 20.816 0.83504
0.000 29.113 20.788 1.07296
0.580 29.383 21.462 0.89075
5.635 29.432 21.714 0.81346
23.110 27.566 21.508 0.80973
8.555 27.579 19.989 0.56478
7.200 28.888 21.219 0.78800
7.255 30.098 21.636 0.53868
0.765 29.761 21.582 0.68993
0.020 30.231 21.144 0.77959
1.805 29.303 21.440 0.82964
37.825 26.505 21.339 0.78545
14.020 27.376 21.172 0.73771
9.495 27.611 21.296 0.62870
20.270 28.124 20.746 0.88318
0.050 29.552 21.391 0.94306
0.050 29.368 21.477 1.01881
2.075 29.593 21.872 0.74861
7.400 28.953 22.181 0.46921
8.745 27.706 21.033 0.53220
0.000 29.176 21.046 0.70348
13.645 28.805 21.416 0.80145
14.630 29.366 21.504 0.77788
6.335 28.690 20.979 0.65249
7.540 28.059 21.529 0.79897
26.360 29.152 21.470 0.94708
7.070 26.631 20.403 0.41045
14.625 30.249 21.104 0.30780
12.110 30.460 21.421 0.48186
0.135 31.376 21.322 0.53029
0.000 32.307 21.854 0.54373
0.000 30.882 22.166 0.41914
0.000 28.808 21.554 0.74127
0.000 30.594 21.601 0.63581
1.245 30.792 21.358 0.44249
3.215 31.882 21.858 0.41937
20.610 27.907 21.070 0.60323
2.495 27.954 20.947 0.60723
0.035 28.936 20.570 0.57496
0.280 29.276 21.063 0.66214
2.485 29.374 21.853 0.54735
0.000 31.330 21.357 0.52280
10.850 31.639 22.068 0.86047
0.110 30.466 21.368 1.24092
8.310 27.305 21.274 1.13000
0.310 28.467 21.719 0.70239
3.100 29.459 21.497 0.37149
6.190 28.863 20.409 0.46375
10.525 27.763 20.052 1.02704
6.825 28.620 20.742 0.61218
5.660 28.944 21.129 0.56979
0.100 29.948 21.604 0.52099
0.000 29.356 21.716 0.60447
34.975 28.810 21.070 0.53883
0.125 26.580 20.335 0.59646
13.935 28.231 20.374 0.44385
0.045 27.562 20.336 0.72360
1.670 29.594 20.686 0.48969
23.534 29.368 20.453 0.48745
0.000 30.758 21.006 0.51490
0.060 26.951 20.032 0.41977
0.000 31.179 18.574 0.73591
0.000 29.714 17.927 0.80091
0.000 29.219 18.974 0.76878
0.000 30.435 19.344 0.69168
0.000 31.263 19.274 0.65830
0.645 30.683 19.604 0.70383
0.910 29.884 20.227 0.51472
2.815 28.876 20.251 0.66940
0.000 28.216 19.899 0.55277
21.685 29.086 19.629 0.60596
1.370 29.928 20.290 0.51233
2.555 27.124 20.575 0.74122
0.215 28.513 19.579 0.82787
0.000 28.767 19.927 0.87667
0.000 28.904 19.499 1.00241
0.000 28.502 19.496 0.74474
4.975 29.060 19.962 0.60219
7.475 28.017 19.290 0.56182
6.455 28.437 19.898 0.66514
5.785 27.805 20.772 0.56831
5.975 26.318 20.838 0.60983
0.000 25.428 19.094 0.68917
0.000 27.643 19.564 0.76356
0.090 27.428 19.467 0.74002
0.000 28.278 19.829 0.66282
0.000 28.894 19.141 0.60184
0.000 28.352 14.765 1.05689
0.000 26.354 10.386 1.06671
0.000 25.732 9.854 0.85581
0.000 24.773 10.150 0.65656
0.000 24.445 10.491 0.60695
0.000 25.910 11.244 0.72131
0.000 25.091 10.574 0.72355
0.000 25.934 10.747 0.75051
0.000 27.682 12.928 0.66421
0.000 28.282 15.467 0.71761
0.120 28.684 16.169 0.47418
0.000 24.725 16.476 0.70625
0.000 25.413 16.176 0.54054
0.000 26.756 16.296 0.44040
0.000 27.935 16.988 0.48873
0.000 29.361 17.116 0.55336
0.000 28.057 16.901 0.60414
0.000 28.357 14.518 0.64937
0.000 27.215 12.934 0.78205
0.000 25.564 10.655 1.10149
0.000 24.782 8.600 0.88462
0.000 24.387 6.874 0.97976
0.000 23.521 6.411 0.90593
0.000 23.487 6.460 0.75219
0.000 22.550 7.248 0.53671
0.000 23.403 9.523 0.62417
0.000 26.949 11.022 0.70846
0.000 25.754 10.923 0.75474
0.000 24.560 10.953 0.65970
0.000 24.472 12.064 0.60930
0.000 24.617 10.354 0.83365
0.000 24.330 10.362 0.63344
0.000 24.739 11.141 0.49347
0.000 25.523 11.466 0.57983
0.000 25.174 12.276 0.58034
0.000 27.360 12.186 0.69019
0.000 26.654 12.283 0.54133
0.000 25.558 13.175 0.53222
0.000 25.984 12.895 0.49843
0.000 25.889 11.704 0.60456
0.000 24.814 10.806 0.72208
0.000 24.113 9.407 0.67472
0.000 24.495 9.007 0.71250
0.000 24.841 9.142 0.71883
0.000 25.310 11.285 0.54472
0.000 25.739 12.504 0.64079
0.000 25.935 12.334 0.49765
1.890 26.730 12.340 0.53477
3.405 23.339 13.898 0.54210
0.000 24.883 13.551 0.53139
0.000 25.528 12.457 0.60621
0.000 25.885 12.469 0.59606
0.000 26.753 12.197 0.54094
0.000 26.788 12.020 0.64079
0.000 25.578 12.067 0.66342
0.015 21.168 11.513 0.63154
0.000 25.099 11.508 0.49773
0.000 25.370 11.580 0.60563
0.000 26.134 11.962 0.67577
0.000 26.014 12.471 0.58222
0.000 26.049 12.059 0.56765
0.000 26.273 11.623 0.52289
0.000 23.624 9.849 0.66051
0.000 23.008 7.750 0.80237
0.000 23.725 7.867 0.54626
0.000 24.831 8.491 0.62425
0.000 23.127 7.386 0.71893
0.000 22.638 7.440 0.64625
0.000 23.062 7.579 0.78524
0.000 23.754 7.730 0.68645
0.000 24.432 8.958 0.61143
0.000 25.542 9.630 0.56704
0.000 25.825 11.018 0.60142
0.000 26.928 11.788 0.69450
0.000 28.137 11.843 0.52348
0.000 27.316 12.195 0.80236
0.000 28.933 12.656 0.55803
0.000 27.602 12.751 0.90772
0.000 26.987 12.608 0.95604
0.000 28.618 12.815 0.85881
0.000 28.750 14.144 0.73600
0.000 28.705 14.330 0.97739
0.000 29.629 12.721 0.73590
0.000 29.568 12.870 0.66523
0.000 29.597 15.338 0.86697
0.000 29.658 15.669 0.79726
0.000 29.279 16.307 0.86848
0.060 28.207 16.711 0.86525
0.000 28.971 15.917 0.55505
0.000 28.865 15.915 0.57182
0.000 29.133 14.405 0.71399
0.000 28.948 14.897 0.69403
0.000 29.931 16.353 0.60549
0.000 30.328 14.863 0.48318
0.000 30.673 14.879 0.50494
0.000 29.988 15.178 0.88329
0.000 30.875 12.297 1.26320
0.000 30.391 12.514 1.21552
0.000 31.247 13.132 0.91522
0.000 32.124 14.783 0.68003
0.000 32.657 16.888 0.59400
0.000 33.782 17.277 0.54216
0.000 33.021 17.624 0.74757
0.915 33.447 19.247 0.81221
0.005 34.127 21.080 0.70948
0.000 35.346 19.722 0.86000
0.000 35.068 18.043 1.07484
0.000 34.736 18.487 0.82925
0.000 34.563 19.174 0.87800
0.000 34.931 18.342 0.86410
0.000 34.767 18.532 0.77893
0.000 34.704 18.025 0.86186
0.000 34.656 17.589 0.71983
0.000 34.538 19.001 1.23911
0.000 32.512 19.471 1.33607
0.000 34.194 18.237 0.94750
0.000 34.205 16.880 1.17687
0.000 33.794 17.142 0.92154
0.000 34.168 17.590 0.77195
0.000 34.602 16.921 0.77521
0.000 34.415 17.594 1.08203
0.000 34.430 17.008 0.84738
0.000 34.528 17.291 1.01839
0.000 34.664 18.608 0.88953
0.000 35.147 19.391 0.95261
0.000 34.932 19.510 1.34042
0.170 27.812 16.635 1.12390
0.000 30.608 17.385 0.53291
0.365 31.064 18.074 0.67749
7.385 33.056 19.556 0.87586
6.945 31.829 19.343 0.77366
0.000 32.889 19.586 0.76679
0.000 34.977 19.680 0.89834
0.000 34.917 19.492 0.89595
0.000 34.594 20.300 0.72695
4.715 35.177 21.487 0.96578
0.000 35.211 20.761 0.80381
0.165 34.024 21.734 0.96641
1.760 30.509 19.706 1.27530
0.000 34.292 19.983 1.05457
0.000 33.708 20.901 0.85530
0.000 35.099 21.723 0.58870
0.000 34.969 20.603 1.07544
5.485 31.171 19.642 1.28407
4.345 30.733 19.543 1.06553
0.000 31.502 19.981 0.93097
2.930 32.156 20.435 0.93192
0.000 34.374 20.504 0.90988
0.000 34.463 20.966 0.84880
0.000 33.915 21.186 1.04512
0.000 32.090 21.324 1.11865
1.250 33.152 21.195 0.96862
0.045 34.021 22.080 1.10679
7.420 33.672 22.704 1.29073
11.095 33.044 21.600 1.25877
4.460 34.360 20.816 0.97260
0.060 36.184 22.097 0.98577
7.635 32.353 21.846 0.65742
0.235 33.576 22.139 0.96271
0.000 36.432 23.668 1.16703
0.255 35.849 23.431 1.24121
0.055 35.681 22.677 1.40669
0.610 36.766 20.152 1.35346
0.705 37.162 21.855 1.11131
7.595 36.847 22.146 1.14266
0.000 37.459 23.240 0.91100
0.025 38.407 24.167 1.06108
0.000 39.585 25.595 0.91992
4.175 34.594 23.452 1.13864
16.645 28.805 20.767 0.84570
2.490 32.484 21.749 1.06733
0.850 29.198 21.902 0.76882
0.080 34.100 21.535 0.94633
0.040 35.664 22.595 1.00254
18.670 33.896 22.154 1.00210
1.605 34.160 22.655 0.73226
5.330 32.481 21.394 0.72439
0.380 34.143 21.314 0.95201
0.205 34.173 22.245 0.98653
0.000 34.596 22.406 0.91838
1.655 37.414 23.437 0.97803
0.000 38.794 23.809 0.90891
7.120 37.950 23.927 0.88727
0.180 32.971 23.573 1.04845
0.285 34.236 22.939 1.02343
20.395 32.480 22.360 0.69304
4.665 31.138 21.333 0.55890
20.875 28.666 21.240 1.08879
20.100 29.130 21.850 1.09157
0.095 26.808 21.966 0.90038
3.540 30.723 21.786 0.83490
8.270 31.331 22.002 0.86222
27.885 30.569 22.262 0.79666
0.000 29.221 20.949 0.59615
0.000 32.864 20.483 0.58314
0.000 33.610 21.642 0.58123
0.000 33.862 22.353 0.78332
0.000 35.334 23.453 0.72415
8.555 34.910 22.335 1.07695
0.010 35.084 23.056 1.04694
3.240 34.338 23.237 0.91683
25.515 31.216 23.227 0.53397
12.765 29.550 21.743 1.34769
16.305 29.069 22.052 1.42531
0.000 29.086 21.554 1.27153
0.475 30.689 22.203 1.33622
0.000 31.284 21.966 1.11652
0.000 32.896 22.127 0.95633
16.225 31.575 22.072 1.19642
8.670 28.555 22.063 1.16268
8.215 29.502 21.072 1.61106
1.005 30.848 21.654 1.73432
0.255 30.866 21.518 1.52953
4.920 32.143 21.829 1.09687
0.215 32.010 21.692 0.86304
13.685 31.813 20.783 1.16759
0.290 32.525 21.559 1.33932
0.265 33.055 21.580 1.15648
0.310 33.015 22.032 0.81361
2.560 32.887 22.421 0.75165
15.290 30.413 22.556 0.41851
4.905 27.935 21.586 1.06609
0.000 29.761 22.079 1.13703
0.000 30.747 22.210 1.17314
0.000 31.920 23.070 1.28758
0.000 28.809 22.079 1.16179
1.995 30.497 22.574 1.07242
2.035 29.466 21.901 1.02873
1.975 30.242 22.283 0.97471
3.065 32.021 22.667 1.20093
4.075 30.824 22.743 1.19340
37.905 30.554 22.527 1.13447
31.755 29.999 22.045 1.18585
18.340 30.043 21.983 1.35957
24.385 29.271 22.110 0.94710
12.290 26.158 21.343 0.91415
3.735 28.694 21.049 1.08348
0.130 30.452 21.308 1.25886
8.425 29.487 21.753 1.11117
65.240 26.461 20.821 1.38850
33.415 26.989 20.823 1.28170
0.000 28.970 20.741 0.94502
0.220 29.111 21.568 0.94454
0.000 30.898 21.462 0.91253
0.005 32.366 22.419 1.01582
0.000 32.908 23.472 0.89515
14.600 29.053 23.089 0.86051
9.055 30.813 21.989 1.23568
0.000 29.576 21.614 1.03745
0.120 31.343 22.536 0.92497
1.260 28.758 22.034 0.77665
40.585 29.732 22.424 0.74405
15.255 29.093 22.130 0.78934
0.000 30.726 21.685 1.05299
9.855 30.478 22.421 0.87256
2.545 29.198 21.985 0.87227
0.000 30.800 23.080 0.74718
0.240 30.527 22.257 0.95367
0.240 29.067 22.147 0.85753
8.045 31.309 22.423 1.23179
0.000 31.179 21.990 1.23974
0.615 31.224 21.804 1.15800
2.180 28.776 22.525 0.98938
3.960 27.414 21.545 1.16448
1.900 31.849 22.285 1.12909
0.345 28.267 21.988 0.81059
21.225 28.992 22.664 0.68094
0.220 29.702 22.277 0.87332
6.940 31.415 23.139 1.05889
4.625 32.184 22.751 1.09066
1.755 29.386 22.153 0.87409
14.505 27.895 22.532 0.77699
0.160 30.213 21.989 1.03656
9.210 27.915 21.743 0.92185
0.010 30.966 22.611 0.78672
16.420 32.307 22.869 0.72468
2.585 29.111 22.219 0.72966
3.770 29.550 22.405 0.90388
10.955 27.224 21.885 0.78058
47.590 28.923 22.218 0.91867
7.550 28.715 22.037 0.92396
10.470 26.994 21.160 0.78900
6.515 27.301 20.350 0.96645
0.145 30.044 20.940 0.69492
0.000 30.936 20.670 0.96911
0.000 30.889 21.253 0.77088
15.715 29.719 21.012 0.82608
2.710 28.868 20.788 0.47947
14.695 29.391 21.380 0.72745
8.675 29.643 21.899 0.63677
0.000 30.126 21.618 0.68363
0.535 31.970 22.023 0.48377
15.740 31.063 22.098 0.50356
5.395 29.652 21.432 0.53781
10.440 29.519 22.103 0.59540
11.640 28.125 21.413 0.52251
16.975 30.559 21.520 0.49596
5.365 31.323 21.811 0.66934
0.000 30.880 21.668 0.80475
1.330 31.464 21.711 0.53004
0.000 32.048 22.744 0.55267
2.095 29.076 21.566 0.54816
3.535 30.998 22.274 0.78418
1.255 29.980 22.176 0.61502
0.000 31.958 22.613 0.42411
0.000 33.749 22.289 0.50707
1.615 33.479 22.258 0.56200
0.000 33.879 23.198 0.34273
10.555 30.960 22.823 0.34956
1.405 30.540 22.546 0.53536
3.840 31.019 22.190 0.72863
1.670 31.546 22.767 0.72272
80.285 26.889 21.480 0.90670
10.830 27.412 20.950 0.91236
0.000 28.866 20.873 0.86119
0.950 29.822 21.126 0.88342
0.000 31.540 21.224 0.73173
13.545 31.097 22.210 0.63628
5.565 29.207 20.581 0.52483
0.750 30.289 21.144 0.44289
1.145 30.836 21.830 0.50256
9.865 31.068 20.818 0.91698
5.660 31.708 20.847 0.76190
0.120 31.150 21.494 0.60968
0.000 31.326 18.847 0.70703
2.910 32.134 20.384 1.04277
13.790 31.409 21.085 0.99382
0.480 32.009 21.402 1.12016
0.000 32.224 21.566 0.90573
0.000 29.500 21.155 0.80972
27.250 30.728 21.875 0.83182
0.620 31.304 21.534 0.62161
0.000 31.612 21.941 0.58147
0.000 31.224 21.479 0.63479
0.000 31.465 21.690 0.75800
0.000 32.000 21.396 0.74914
5.885 31.687 21.248 0.57967
2.865 30.209 20.702 0.63050
0.000 31.331 21.659 0.51007
0.325 31.083 21.828 0.57660
2.045 30.988 20.249 0.57573
0.000 31.369 20.555 0.60264
0.000 30.918 20.748 0.46078
4.430 31.724 21.308 0.48976
0.865 30.980 22.035 0.41255
0.260 28.795 20.835 0.54697
27.220 30.915 21.345 0.57253
0.935 27.687 20.252 0.58424
0.000 31.446 20.544 0.50882
0.000 28.883 20.965 0.71932
7.395 28.933 20.945 0.72843
0.000 31.110 18.880 0.53134
0.000 30.615 18.831 0.50615
0.000 30.316 19.109 0.44709
0.000 30.403 18.605 0.49117
0.000 30.130 18.411 0.54452
0.000 30.563 18.311 0.47207
0.000 30.969 17.979 0.48361
0.000 30.407 17.961 0.79505
0.000 28.755 13.905 1.35916
2.365 25.295 13.724 0.92191
0.755 28.110 14.272 0.71277
0.000 29.291 13.957 0.78803
0.000 30.110 14.256 0.61759
0.000 30.850 16.295 0.52609
0.000 31.354 17.537 0.54071
0.000 31.808 18.297 0.71590
0.000 31.692 18.796 0.78984
0.000 31.840 19.205 0.67451
0.000 32.785 18.930 0.59915
0.000 33.097 18.811 0.66057
0.000 32.914 19.087 0.67490
0.000 32.498 19.404 0.67291
0.000 32.642 20.199 0.54891
0.000 29.221 15.040 1.19906
0.000 27.619 14.481 0.86969
0.000 27.994 14.529 0.94070
0.000 28.333 14.020 0.69547
0.000 26.505 11.374 0.84303
0.000 25.343 10.574 0.90355
0.000 27.894 10.801 0.70047
0.000 28.593 14.013 0.60939
0.000 28.912 15.464 0.50819
0.000 28.396 15.693 0.56043
0.000 28.950 13.934 0.59479
0.000 29.463 13.991 0.66438
0.000 29.412 14.073 0.54511
0.000 29.495 14.747 0.51241
0.000 28.331 14.787 0.59026
0.000 28.830 14.302 0.52875
0.000 27.118 13.628 0.66734
0.000 27.273 13.343 0.50786
0.000 26.150 13.255 0.82802
0.000 26.717 13.298 0.74953
0.000 27.400 15.053 0.56169
0.000 28.433 15.542 0.51864
0.075 27.111 12.974 0.56163
0.000 28.059 12.992 0.59745
0.000 28.090 13.721 0.55097
0.060 28.295 13.757 0.60815
0.000 29.110 14.339 0.48356
0.000 28.863 14.735 0.63657
0.000 29.330 15.286 0.59411
0.000 30.181 14.639 0.64027
0.000 29.839 14.760 0.71301
0.000 28.987 15.245 0.78097
0.000 27.356 15.115 0.88688
0.000 27.141 14.890 0.65940
0.000 26.542 14.040 0.58615
0.000 25.993 14.045 0.76081
0.000 27.487 14.633 0.60926
0.000 28.248 15.601 0.62232
0.000 29.581 15.093 0.84877
0.000 29.026 13.802 0.71249
0.000 29.652 13.812 0.71997
0.000 29.221 14.958 0.86096
0.000 29.314 14.482 0.77744
0.000 29.108 14.457 0.66861
0.000 29.692 14.551 0.67968
0.000 30.625 14.971 0.82390
0.000 30.290 12.917 0.88306
0.000 30.069 12.935 0.71979
0.000 30.065 14.398 1.01336
0.000 29.363 14.217 0.87694
4.810 31.073 15.036 0.69732
5.780 25.334 16.635 0.68879
0.000 29.499 15.439 0.65188
0.000 29.816 15.309 0.78620
0.000 29.982 15.453 0.67043
0.000 30.531 15.935 0.68302
0.000 29.728 15.579 1.05870
0.000 26.902 15.213 1.05889
0.000 27.463 14.419 0.91192
0.000 29.261 14.575 0.51666
0.000 28.476 14.411 0.75583
0.000 28.257 13.209 0.64721
0.000 27.746 12.993 0.57618
0.000 29.073 13.188 0.62318
0.000 29.822 15.349 0.55755
0.000 29.480 15.681 0.54274
0.000 29.068 17.532 0.52142
0.000 31.575 16.648 0.71787
0.160 30.104 16.197 0.76867
19.765 30.343 16.526 0.51153
11.965 27.872 17.224 0.77120
0.000 29.131 17.372 0.62535
0.000 30.155 16.253 0.78868
0.005 30.956 15.473 0.74224
0.000 30.934 15.397 0.94584
0.000 30.505 15.715 0.73917
0.000 31.279 15.606 0.87078
0.000 31.624 16.032 0.85657
0.000 32.612 15.778 0.93291
0.000 32.596 15.949 0.97766
5.735 31.303 16.207 0.87602
0.000 31.973 13.415 1.05133
0.000 32.056 13.621 0.85679
0.000 32.301 15.017 0.92913
0.000 32.367 15.106 0.91092
0.000 32.891 14.930 0.98588
0.000 32.522 15.182 0.87794
0.000 33.274 15.976 0.84803
0.000 33.677 15.581 1.02166
0.000 33.582 16.354 0.91594
0.000 33.781 17.020 0.75407
0.000 33.700 17.268 0.72274
0.000 33.583 16.520 1.09836
0.000 32.587 16.936 1.35858
0.000 30.364 17.564 1.00906
0.000 31.274 16.773 0.82316
0.000 31.928 16.165 0.89462
0.000 33.028 16.169 0.75282
0.000 32.831 14.886 1.22235
0.000 32.537 15.239 1.02598
0.000 32.987 15.729 0.85506
0.000 34.024 17.819 0.90285
0.000 34.282 17.137 0.92125
0.000 34.321 17.311 1.11362
0.000 34.763 16.622 0.88733
0.000 35.114 16.969 1.04607
0.000 35.129 17.488 0.87222
0.000 34.996 16.750 0.99181
0.000 35.159 17.485 0.84073
0.000 35.857 18.717 0.82057
0.000 36.549 19.873 0.89695
0.000 36.845 19.863 0.80663
0.000 35.737 18.284 1.49487
0.000 29.746 15.449 1.35953
0.000 32.431 16.495 1.05735
0.000 34.517 18.051 1.08473
0.000 35.628 18.040 0.97040
0.000 35.386 18.707 0.85739
0.010 35.277 18.951 0.75409
0.000 36.471 19.819 0.56719
0.000 34.384 21.007 0.82900
16.940 33.110 20.736 0.77545
1.240 32.596 21.330 0.74574
0.000 34.347 21.279 0.68369
0.000 35.088 20.216 0.82145
0.000 35.906 18.369 1.08350
0.000 36.603 18.671 1.13497
0.000 36.746 19.520 1.06886
0.000 37.492 18.495 0.65135
0.000 33.149 18.266 1.24398
0.000 34.096 18.633 1.03153
6.910 34.044 20.035 1.19077
0.770 30.771 19.141 1.06757
0.000 34.144 20.683 0.99238
0.410 34.961 21.530 0.98582
0.000 35.691 22.828 0.64475
0.000 37.187 23.169 0.76817
0.000 37.677 22.512 0.78617
0.000 38.066 22.967 0.75133
0.000 38.824 22.634 0.90177
0.000 38.876 22.295 0.76682
0.000 39.397 23.193 0.73123
0.000 39.204 24.033 0.76233
0.000 39.137 22.369 1.14744
0.000 38.914 21.161 1.16248
0.000 37.543 21.937 1.11835
0.000 39.420 22.927 0.84802
0.000 39.680 24.706 0.79223
0.000 38.078 26.502 1.28755
0.000 38.891 26.011 1.15204
0.220 38.056 22.045 2.04131
10.175 35.738 22.688 1.49424
0.000 36.954 23.718 0.93798
0.225 37.319 22.443 1.13509
0.000 35.592 23.453 1.12667
0.000 39.359 24.466 1.07554
0.000 40.632 26.170 0.88755
8.360 38.901 23.614 1.31455
1.040 34.054 23.348 1.39726
4.415 35.553 24.029 1.18332
0.280 33.040 22.955 0.68290
9.820 33.553 22.833 0.92624
1.225 31.755 21.065 1.15569
10.790 35.809 22.442 0.73148
14.425 33.161 21.491 1.04204
0.120 33.505 21.881 0.84643
0.910 35.573 23.114 0.96046
0.000 33.983 23.285 1.02152
0.000 36.976 23.376 0.90382
0.000 38.361 23.697 0.96364
0.000 38.876 24.569 0.86626
4.430 39.718 25.147 1.08513
0.000 38.317 25.930 0.92762
0.000 39.161 24.878 0.90950
23.875 35.950 24.015 0.64717
0.000 34.568 24.766 1.26481
22.055 33.948 23.432 1.37515
1.775 33.091 23.903 0.89258
0.000 37.856 24.508 1.10084
29.425 37.450 25.584 1.13923
8.185 31.329 23.721 1.11606
0.190 34.099 23.523 0.80521
3.550 30.968 21.552 0.89248
0.665 36.480 22.928 1.12728
18.525 34.182 22.953 0.99043
6.035 35.693 23.472 1.08507
14.250 34.823 22.417 1.15030
11.995 34.588 22.713 1.14642
0.110 34.814 23.598 0.87521
0.105 33.808 22.940 1.45993
0.335 35.118 22.875 1.04871
1.015 34.280 23.573 0.94052
0.035 34.821 23.803 0.80826
0.000 34.116 23.629 1.00606
0.000 35.902 23.800 1.11023
0.000 35.857 24.461 0.97811
0.000 32.996 23.786 1.00253
0.070 38.990 25.170 0.94857
5.430 36.862 23.574 1.24138
0.000 29.959 21.928 1.33787
36.490 29.190 22.582 1.05306
18.945 32.103 22.947 0.89310
0.425 35.058 23.259 1.26859
0.320 32.212 22.664 1.04173
0.930 34.654 22.796 1.10249
0.135 34.977 23.801 1.54085
5.900 33.814 22.929 1.37675
9.890 31.813 23.245 1.17632
0.405 32.091 22.587 1.05152
3.930 34.659 22.498 0.93319
0.435 35.505 22.877 1.11456
0.000 35.283 23.607 1.10906
0.110 34.533 23.678 1.12744
0.000 36.569 23.877 1.27155
0.000 36.860 25.157 1.17295
2.210 34.269 24.147 0.99141
7.975 31.758 23.743 0.65225
13.105 30.285 22.352 0.76410
0.595 31.111 22.813 1.13744
0.000 31.980 22.460 1.15097
0.000 34.545 23.532 1.20178
14.210 33.947 23.198 1.09159
4.975 33.713 23.554 0.98213
1.000 35.123 24.142 1.13142
10.895 28.798 22.720 0.95560
0.845 29.727 22.316 0.90432
1.615 29.234 22.005 1.07403
3.720 32.868 22.215 1.13270
0.155 32.085 21.809 1.06286
0.870 33.494 21.762 1.11162
1.185 34.786 23.139 1.04253
3.740 32.446 22.944 1.08331
4.545 34.459 23.165 0.93115
5.420 33.641 22.910 0.93194
0.555 32.385 22.982 0.67122
12.710 32.366 22.962 0.77386
8.895 32.115 23.746 0.87880
2.715 33.352 23.397 0.76167
1.020 30.047 22.700 0.75660
2.555 28.067 22.503 0.58425
0.200 32.420 22.594 0.55233
9.495 32.872 22.606 0.66977
27.340 31.667 22.990 1.26284
19.490 26.747 21.923 1.25645
7.730 29.610 22.078 1.17522
0.865 29.711 22.131 0.98250
58.310 29.723 22.300 0.84804
15.760 28.473 22.252 0.93796
7.885 29.085 21.918 1.18001
12.880 28.646 21.777 1.12472
0.495 30.737 21.828 0.76751
4.225 31.542 22.775 0.35313
21.320 31.481 22.616 0.57664
0.320 30.135 22.271 1.00070
26.095 29.318 22.435 1.09092
17.075 29.498 22.272 0.87360
5.975 28.054 22.466 0.72444
3.055 28.606 22.357 0.63013
55.610 26.998 21.798 0.60222
7.325 29.826 21.690 0.67382
2.625 28.135 21.496 0.78425
39.695 28.127 21.835 0.90407
16.580 26.180 22.075 0.66719
0.155 30.991 22.464 0.56621
2.025 30.787 22.585 0.59501
3.745 28.398 22.400 0.72857
5.615 28.590 22.111 0.91421
19.545 29.947 22.469 0.60853
0.070 27.758 21.909 0.97382
25.005 28.989 22.057 0.80909
3.370 27.929 21.446 0.68259
1.795 29.398 21.798 0.83798
12.220 27.479 21.501 0.79979
26.395 27.738 21.104 1.11621
11.115 28.498 20.990 0.93026
0.000 29.420 21.391 0.55939
0.000 30.976 22.428 0.44605
29.695 30.050 21.784 0.41603
2.955 29.839 21.060 0.80251
0.505 31.368 21.816 0.63088
26.835 30.063 22.200 0.70012
65.505 25.285 20.977 1.26965
4.555 25.728 21.214 0.87419
12.380 26.494 21.103 0.95725
20.405 28.160 20.916 0.89046
1.890 27.187 21.119 0.65257
11.340 28.764 21.855 0.59212
13.220 27.678 22.256 0.65290
4.395 30.286 22.465 0.44594
2.655 29.453 21.823 0.55384
0.395 30.016 21.750 0.75255
0.000 30.582 21.775 0.69600
0.500 28.275 22.026 0.67308
0.000 28.165 22.039 0.68240
3.115 30.043 22.017 0.55153
7.135 29.233 22.772 0.58000
46.170 26.389 21.083 0.77308
81.154 28.171 21.628 1.08845
8.765 28.926 21.748 0.90051
6.865 26.563 21.014 0.82009
8.435 25.502 20.826 0.94504
36.865 26.712 20.845 0.99837
21.235 24.874 20.774 0.78010
4.060 26.630 20.532 0.62651
2.685 29.947 20.975 0.51157
0.055 29.889 21.390 0.58364
0.070 30.158 21.338 0.54719
0.000 29.941 21.501 0.55854
0.000 31.025 21.779 0.64506
16.730 30.531 22.053 0.39184
4.390 27.432 21.280 0.82662
0.150 28.182 21.264 0.98079
5.925 27.216 21.181 0.85590
8.945 28.690 21.017 0.69707
11.115 29.266 20.962 0.52183
3.720 28.247 21.050 0.71172
7.645 28.438 20.999 0.60692
0.375 30.317 21.709 0.58565
1.005 30.689 21.402 0.41409
0.245 31.282 21.130 0.67728
0.225 30.179 20.050 1.02825
3.225 29.173 18.774 0.99378
0.000 29.814 18.406 0.76305
0.000 29.942 19.657 0.55856
0.000 29.265 20.838 0.57237
0.040 29.069 21.815 0.69844
7.415 28.212 21.194 0.97314
1.230 29.622 21.615 0.70992
1.055 30.353 21.946 0.48066
1.805 28.266 21.530 0.73153
4.270 29.364 21.516 0.70340
3.220 29.050 21.716 0.73994
10.495 29.760 19.694 0.62565
1.285 29.446 18.711 1.06389
0.605 27.764 19.492 0.90840
0.350 27.280 20.079 0.90503
5.845 27.477 20.635 0.79358
11.400 27.190 19.212 0.50631
3.130 26.887 19.431 0.50668
0.000 27.134 18.749 0.71729
0.735 28.266 19.354 0.74400
0.010 29.184 20.146 0.58331
0.000 30.028 20.732 0.48094
30.205 24.459 19.930 0.78166
0.000 24.690 18.185 0.48571
1.165 26.797 17.273 0.48881
0.090 26.891 14.354 0.60073
0.000 25.758 11.836 0.98323
0.000 25.397 12.219 0.78934
0.000 26.307 11.040 0.73715
0.000 26.869 11.215 0.91012
0.000 26.475 10.945 0.92737
0.000 25.695 11.382 0.88940
0.000 26.752 12.005 0.80800
0.000 26.975 13.008 0.75302
0.000 28.199 13.618 0.69980
0.000 29.167 14.562 0.78158
0.000 27.930 14.398 0.78355
0.000 26.920 14.851 0.56100
0.000 26.449 14.886 0.51356
0.000 26.675 14.996 0.55397
0.000 27.525 15.312 0.55476
0.000 28.371 16.345 0.54968
0.000 28.720 17.606 0.52244
0.000 27.501 17.049 0.61472
0.000 27.723 16.998 0.69524
0.000 28.440 17.152 0.44329
0.000 27.832 17.470 0.65967
0.000 26.799 17.644 0.84949
0.000 27.734 16.582 0.63740
0.000 28.473 16.722 0.53346
0.000 27.849 16.948 0.70316
0.000 28.204 16.761 0.45596
0.000 27.899 16.969 0.47743
0.000 25.946 16.695 0.80804
0.000 26.899 16.791 0.73344
0.000 27.385 16.311 0.55135
0.000 27.089 15.984 0.63601
0.000 27.432 16.057 0.44461
0.000 26.657 15.742 0.58109
0.000 27.611 15.795 0.54544
0.000 27.050 15.406 0.58146
0.000 26.821 15.422 0.50132
0.000 27.290 15.370 0.59015
0.000 28.561 15.433 0.54125
0.000 27.856 16.982 0.47065
0.000 25.956 14.813 0.53082
0.000 25.828 14.856 0.91089
1.510 26.141 16.320 0.89139
0.410 25.730 18.301 1.01199
1.590 27.015 18.823 0.99234
0.000 27.650 19.006 0.58467
0.000 27.596 18.607 0.66543
0.000 26.960 15.433 0.75284
0.000 23.511 12.183 0.96068
0.000 21.732 11.671 0.52741
0.000 24.305 11.904 0.44464
0.000 25.862 13.912 0.57172
0.475 26.797 15.356 0.57351
0.000 27.525 16.633 0.61800
0.000 26.807 16.608 0.65001
0.000 26.671 15.193 0.80590
0.000 26.235 12.281 0.78951
0.000 25.838 11.128 0.64120
0.000 24.413 10.887 0.70627
0.000 23.842 11.395 0.65325
0.000 24.873 10.523 0.64042
0.000 24.908 10.096 0.70579
0.000 26.330 10.279 0.60857
0.000 24.486 12.208 0.66627
0.000 25.428 12.624 0.68308
0.000 25.531 13.141 0.74937
0.000 26.446 14.465 0.59179
0.000 26.843 14.336 0.56330
0.000 27.157 14.667 0.52498
0.000 28.321 13.377 0.71294
0.105 26.021 13.194 0.87389
4.485 24.549 13.261 0.56975
0.000 25.142 13.910 0.86484
3.275 22.569 13.047 1.29182
0.000 20.885 11.936 0.99396
0.000 22.599 11.349 0.61052
0.000 23.292 11.573 0.84499
0.000 25.206 11.886 0.66212
0.000 25.874 11.683 0.75225
0.000 21.231 10.775 1.02106
0.000 22.361 10.857 1.05086
0.000 22.124 12.521 1.09850
0.000 24.872 13.229 1.02999
0.000 25.482 11.847 0.61270
0.000 26.139 11.940 0.81131
0.000 26.186 12.871 0.97760
0.000 27.104 13.169 0.77843
0.000 27.325 12.494 0.73644
0.000 26.924 12.393 0.74665
0.000 28.057 12.198 0.66134
0.000 27.858 12.409 0.65668
0.000 28.455 12.844 0.76909
0.000 26.721 11.304 0.89366
0.375 25.603 11.641 0.76997
0.100 20.481 12.921 0.55148
0.005 21.578 11.613 0.79444
0.000 26.022 12.096 0.61387
0.000 26.829 13.634 0.50689
0.000 27.589 14.095 0.56638
0.000 28.208 14.957 0.56892
0.000 28.572 14.557 0.63279
0.000 28.263 12.917 0.92962
0.000 28.087 13.175 0.99341
0.000 29.355 13.644 0.81852
0.000 29.712 13.939 0.78077
0.000 30.200 14.587 0.58580
0.000 30.055 14.804 0.87887
0.000 30.597 15.119 0.83758
0.035 28.554 16.011 1.18814
0.000 29.687 15.068 0.95114
0.000 30.516 15.517 0.82630
0.000 31.751 16.274 0.79555
3.435 31.034 16.720 1.01808
0.000 31.179 17.078 0.87867
0.000 32.149 15.868 0.90070
0.000 31.961 16.380 0.75654
0.000 30.976 18.055 1.00507
0.000 32.854 17.134 0.83866
0.000 31.644 17.638 0.75692
0.000 32.404 18.141 0.53421
4.585 31.279 19.280 0.67640
0.005 31.076 19.912 0.68566
0.000 32.985 17.883 0.70548
0.020 34.287 18.489 0.72016
0.000 29.163 17.822 0.96354
0.000 32.776 18.755 0.67555
2.600 32.212 19.573 1.24310
0.000 33.136 19.046 0.99079
0.000 34.807 19.506 0.77957
0.000 35.046 19.853 0.67340
0.000 33.104 18.298 1.71837
0.055 32.240 17.618 1.19012
0.000 31.794 18.846 1.08839
0.015 32.125 19.948 0.94723
4.740 29.865 20.345 0.79412
0.070 31.594 20.375 0.55522
9.610 31.099 19.283 0.63220
14.100 29.439 11.923 1.01161
27.465 18.126 9.805 1.65749
28.560 16.634 9.916 0.98307
0.000 24.616 10.905 0.69454
0.000 27.379 13.776 0.93544
0.000 30.237 15.150 0.93186
0.000 31.711 16.792 0.98756
0.000 33.509 16.720 0.62863
0.000 30.011 17.921 1.20460
0.000 30.885 17.087 1.14512
0.245 28.573 16.311 1.31930
0.005 25.327 15.648 0.93935
0.890 25.236 14.365 0.81290
0.000 26.060 13.024 0.96732
0.460 25.585 13.063 1.02021
0.000 27.343 12.985 0.68960
0.000 30.603 14.785 0.63241
0.025 30.561 18.434 0.81027
0.000 32.111 20.170 0.61885
0.000 34.506 20.380 0.70656
0.000 34.884 21.080 0.58793
0.780 32.482 20.285 1.16642
1.625 30.964 21.088 0.98710
14.925 30.810 20.753 0.89933
35.005 31.080 20.729 0.88564
1.365 29.662 21.056 0.85618
0.475 28.073 21.634 0.47653
0.350 30.171 21.340 0.53372
0.740 30.145 21.580 0.64617
0.020 26.776 19.787 0.58745
0.000 31.046 20.122 0.69530
0.000 33.363 20.763 0.82648
0.000 34.009 21.902 0.80255
13.050 34.736 21.775 0.83442
0.000 36.477 21.860 0.91564
4.455 28.677 20.094 1.25785
0.000 30.578 20.682 1.09000
0.770 32.680 22.433 0.83898
0.100 33.934 21.867 0.53907
1.355 27.110 19.556 1.30783
5.260 28.280 20.151 0.79068
3.630 27.131 18.962 0.74767
11.285 30.681 20.185 0.80224
2.515 29.412 20.836 0.70681
3.355 29.725 20.142 0.51611
2.620 30.101 20.833 0.69394
26.295 27.027 21.058 0.34015
1.040 28.456 21.255 0.63676
18.265 29.819 21.766 0.79834
11.055 31.187 21.891 0.57435
13.000 29.369 21.668 0.49320
37.805 29.977 20.926 0.60055
0.020 30.440 20.043 0.89742
0.025 32.030 20.812 0.86124
0.325 31.869 21.201 0.97890
40.825 29.080 22.170 1.21009
21.850 28.908 21.395 0.80068
0.000 32.316 21.478 0.93678
0.085 31.709 22.140 0.67316
0.185 30.941 22.807 0.72585
7.675 27.804 21.407 0.57164
0.000 29.634 20.841 0.99448
2.675 30.560 20.654 0.79057
6.605 26.403 19.889 0.64589
44.205 31.037 20.532 0.67526
3.440 29.349 21.346 0.48798
4.010 29.124 21.447 1.03222
1.565 31.181 21.848 0.88884
1.960 31.917 21.347 0.85232
0.000 33.673 22.014 0.82641
3.640 31.678 22.868 0.75924
1.350 29.270 22.251 0.64721
0.765 27.515 20.900 0.84902
15.340 29.506 21.767 0.44031
9.835 29.357 21.782 0.74599
13.135 30.688 22.533 0.74362
8.225 27.766 20.963 0.84272
0.000 30.617 20.946 0.99387
2.745 31.091 22.625 0.89602
5.115 29.815 21.960 0.91511
5.455 29.492 22.309 0.85174
9.665 30.046 22.205 0.96408
34.645 28.767 22.097 1.06644
16.075 27.081 20.999 1.07513
3.225 30.380 21.793 1.03415
1.120 30.827 22.405 1.11463
2.170 28.671 21.983 1.10282
0.420 30.600 22.218 1.41442
0.325 30.965 22.032 1.10162
1.890 28.452 22.072 0.92558
0.045 30.262 22.306 1.21547
0.340 29.790 21.734 1.28942
11.925 30.604 22.231 1.52572
0.000 31.181 22.037 1.26249
3.695 30.358 22.357 1.12266
1.740 28.739 22.218 0.83587
3.610 27.952 22.200 0.86730
1.510 29.634 21.735 0.92200
0.535 30.423 22.064 0.79909
0.065 29.476 22.532 0.98449
10.355 32.172 23.741 1.22935
22.970 27.631 22.631 1.07500
119.100 26.651 22.019 0.90422
19.395 25.645 20.477 1.94759
7.540 25.181 20.711 1.42114
7.780 28.765 21.049 0.98021
4.150 29.734 20.814 1.07720
15.865 30.169 21.283 1.11099
12.505 28.077 21.453 1.11522
15.365 26.112 21.185 1.18140
4.600 26.320 20.642 0.73516
0.145 29.926 20.801 0.79475
0.000 30.632 20.874 0.91152
0.115 31.298 20.925 1.11217
0.000 32.263 22.489 1.18900
5.720 31.175 22.628 0.97017
1.580 30.165 22.748 0.80391
6.915 28.119 22.069 0.66480
1.555 28.965 21.552 0.89716
27.440 29.600 22.025 0.94099
21.395 26.448 21.913 0.62677
25.430 28.163 22.147 0.69997
25.600 28.323 21.759 0.82684
3.050 27.268 21.702 1.04973
1.290 29.661 21.622 0.95290
7.050 30.273 21.875 1.15270
14.580 28.457 22.263 1.01548
11.530 26.242 21.283 0.99521
4.795 25.631 20.753 0.99019
0.000 28.828 21.847 0.92532
17.045 25.454 20.581 0.78093
5.640 29.383 21.251 0.82232
27.479 30.803 21.727 0.84357
0.465 29.797 22.037 0.70661
5.405 31.354 22.316 0.49577
3.175 30.316 21.610 0.63854
0.770 31.163 22.125 0.67048
61.270 28.354 22.962 1.18072
0.765 29.176 20.901 1.20367
7.425 28.442 21.217 1.20069
3.005 26.042 20.973 1.08091
0.515 27.808 21.265 1.06637
0.175 30.098 21.819 1.13106
20.085 30.166 22.223 1.03890
29.210 27.989 22.357 0.87242
2.745 28.490 22.240 0.85413
2.805 26.636 21.860 0.91289
15.635 28.446 22.262 0.95243
30.890 29.077 21.552 1.10033
17.835 27.830 21.494 0.88282
8.040 29.142 21.417 1.12653
5.675 29.896 21.849 0.61629
8.460 29.999 22.355 0.62512
1.590 27.303 21.446 0.68636
5.770 29.660 21.781 0.43165
6.760 27.736 20.980 0.45050
0.830 29.176 21.065 0.69128
8.685 29.118 21.516 0.81123
28.800 26.371 20.918 1.11734
46.930 27.747 20.840 0.59479
9.330 28.059 21.156 0.75373
2.635 30.332 22.289 0.64468
3.725 26.727 22.037 0.59789
21.870 26.789 21.346 0.61932
10.275 30.329 21.174 0.50341
16.290 29.012 21.141 0.45654
3.565 30.510 20.829 0.66747
0.060 31.774 22.336 0.50267
9.490 30.804 21.601 0.55696
8.715 29.966 21.198 0.69362
0.955 30.584 21.739 0.76385
0.000 30.477 21.226 0.54044
13.040 30.885 22.319 0.42703
15.350 27.972 21.610 0.48003
11.675 28.257 21.709 0.77799
10.165 28.345 21.663 0.88675
11.305 25.175 21.070 0.78886
3.740 27.215 21.260 0.70551
23.125 29.754 21.412 0.45067
3.985 29.283 21.050 0.76332
3.175 29.463 21.847 0.95112
17.220 27.658 21.491 1.01576
21.010 27.843 21.357 0.87713
25.365 27.589 21.625 0.61936
10.240 28.552 21.729 0.82596
11.055 28.932 21.495 0.82259
9.095 29.926 22.329 0.67822
17.505 30.057 21.957 0.49436
24.380 29.164 21.441 0.57679
9.870 27.788 21.946 0.74684
9.885 27.460 21.022 0.57171
0.000 29.224 21.592 0.67150
3.140 26.136 20.752 0.69987
2.815 28.468 21.092 0.89697
2.035 29.573 21.881 0.54765
4.090 30.147 21.654 0.42846
1.515 30.597 21.833 0.66789
1.405 26.937 21.551 0.61382
0.000 30.076 21.599 0.65561
45.305 30.502 20.302 0.47245
32.064 28.267 20.106 0.56050
0.590 26.267 19.829 0.68818
0.000 25.337 18.530 0.81935
0.000 26.373 17.673 0.63762
0.000 28.127 17.875 0.80871
0.000 26.686 18.898 0.79137
0.000 27.873 19.567 0.66668
0.015 28.969 20.116 0.53069
7.785 30.090 21.062 0.53038
0.495 29.774 19.629 0.52062
0.000 30.202 19.756 0.60530
0.000 31.105 20.315 0.63422
0.000 30.671 21.196 0.50646
0.025 30.372 21.656 0.46812
2.870 27.506 21.235 0.53487
1.055 27.490 19.379 0.67203
0.000 27.148 18.903 0.77003
0.000 26.307 18.205 0.60820
0.000 27.914 18.325 0.47531
0.555 28.145 18.824 0.61578
0.000 28.506 19.541 0.53122
0.000 28.656 18.564 0.67186
0.000 29.429 17.988 0.44106
1.385 29.721 18.561 0.51850
0.865 29.226 19.009 0.66191
0.000 28.133 19.274 0.70427
0.000 27.577 19.360 0.66485
0.000 27.221 19.081 0.49213
22.360 27.381 17.998 0.63756
0.000 26.440 17.813 0.63031
0.455 27.164 17.518 0.52853
0.000 27.759 17.115 0.58413
0.000 27.495 17.127 0.55219
0.000 27.104 16.798 0.58523
0.000 27.410 15.682 0.57438
0.000 27.624 16.109 0.72173
0.000 27.505 16.584 0.64385
0.000 27.880 16.829 0.67129
4.940 28.308 16.442 0.76396
8.985 25.464 15.281 1.07246
0.000 25.006 12.396 0.92098
0.000 25.233 12.598 0.54134
0.000 25.760 13.214 0.42055
0.000 25.529 13.493 0.65119
0.000 26.227 13.744 0.55843
0.000 26.576 13.524 0.71938
0.000 26.596 13.703 0.73885
0.000 26.620 14.282 0.60837
0.000 27.261 14.927 0.72951
0.000 26.794 15.138 0.69108
0.000 26.844 14.669 0.53051
0.000 25.710 14.249 0.74675
0.000 26.880 14.406 0.60113
0.000 27.115 16.110 0.71960
0.000 26.127 14.687 0.73651
0.000 26.434 13.787 0.62406
0.000 26.081 13.313 0.69972
0.000 25.761 13.300 0.61565
0.000 25.544 13.792 0.60776
0.000 25.756 15.037 0.72478
0.000 26.442 15.454 0.50798
0.000 23.045 14.390 0.66133
0.000 23.554 13.417 0.70709
0.060 22.983 13.504 0.66667
0.000 24.402 14.134 0.72623
0.000 24.988 14.336 0.68446
0.000 26.832 15.132 0.54908
0.000 27.423 15.249 0.55924
0.000 26.419 16.222 0.54560
0.000 21.103 13.831 0.80566
0.000 23.171 12.418 0.66296
0.000 21.817 10.956 0.49059
0.000 22.937 11.091 0.46192
0.000 24.721 11.684 0.54330
0.000 24.648 11.455 0.55716
0.000 25.316 11.568 0.54777
0.000 24.467 12.661 0.58194
0.000 23.593 13.686 0.48016
0.000 24.422 12.876 0.55309
0.000 23.864 11.763 0.56078
0.000 24.664 11.586 0.64421
0.000 25.134 11.083 0.69860
0.000 25.358 11.172 0.49173
0.000 25.546 14.414 0.54482
0.005 22.871 10.851 0.65071
0.000 20.474 8.989 0.59552
0.000 21.022 9.009 0.53076
0.000 23.079 10.420 0.50850
0.015 24.919 12.415 0.61632
0.000 25.150 14.421 0.62191
0.000 26.671 14.448 0.53237
0.000 26.054 14.924 0.68437
0.000 25.750 14.500 0.78819
0.000 25.894 14.546 0.79287
0.000 26.784 15.728 0.76288
0.000 25.026 14.266 1.40605
0.000 23.408 13.699 0.85939
0.000 25.293 13.756 0.66085
0.000 26.207 14.941 0.61467
0.000 25.179 14.119 0.71967
0.000 24.366 13.059 0.65064
0.000 24.951 12.550 0.62442
0.000 25.460 12.662 0.64495
0.000 23.664 13.483 0.67873
0.000 23.012 14.362 0.75204
5.660 23.515 13.786 1.06575
0.000 23.538 8.964 0.93550
0.000 24.012 8.938 0.71389
0.000 25.115 10.647 0.72960
0.000 25.919 12.050 0.67319
0.000 26.672 12.235 0.75961
0.000 27.111 12.995 0.65668
0.000 26.991 13.063 0.86425
0.000 26.577 11.939 0.84696
0.000 27.204 11.964 0.74105
0.000 26.396 13.079 0.82667
0.000 26.701 12.543 0.75665
0.000 25.868 12.231 0.85062
0.000 26.056 12.314 0.73064
0.000 26.795 12.359 0.73061
0.000 27.134 12.453 0.61847
0.000 27.371 13.939 0.51941
0.135 21.981 15.407 0.63676
0.025 22.797 15.719 0.65746
0.000 27.183 17.021 0.53792
0.000 26.187 15.525 0.77272
0.000 27.779 15.609 0.60821
0.000 28.585 14.789 0.84083
0.000 28.337 13.281 0.89226
0.000 28.448 12.488 0.89548
0.000 29.250 12.630 0.73077
0.000 28.185 13.586 0.94688
0.000 28.976 15.727 0.89953
0.000 28.374 16.041 0.97008
0.000 28.538 16.703 0.91802
0.000 29.814 15.607 0.74830
0.000 30.159 15.380 0.66408
0.000 30.334 15.586 0.72070
0.000 31.390 15.048 0.67779
0.810 30.579 15.853 0.68765
0.000 27.948 15.269 1.20308
0.000 26.255 13.434 1.21815
0.000 26.943 14.018 1.04948
0.000 28.263 14.752 1.14434
0.000 29.945 14.849 0.96225
0.000 30.714 14.733 0.94272
0.000 31.048 15.152 0.83315
0.000 31.634 16.133 0.79657
0.000 32.602 15.395 0.84360
0.000 30.822 14.712 0.89592
0.000 30.566 14.458 0.98984
0.000 30.646 14.752 0.94664
0.000 30.318 16.187 0.84464
0.000 30.587 14.826 0.92209
0.000 30.826 14.917 1.10104
0.000 31.004 14.673 1.12244
0.000 29.748 15.772 1.05943
0.000 31.211 16.958 0.76733
0.000 31.547 18.015 0.70209
0.000 32.220 18.066 0.63062
0.000 32.281 18.201 0.49003
9.550 29.063 17.880 1.17400
0.000 28.265 18.162 1.04128
2.500 29.368 18.454 1.05880
0.895 29.169 18.770 0.86011
6.695 30.397 19.403 0.89217
0.000 32.458 19.204 0.82655
0.000 32.501 16.966 0.90850
0.000 32.300 17.761 0.67005
0.000 31.273 17.998 0.60250
0.000 31.956 17.972 0.83587
0.000 32.017 18.104 0.83223
0.000 32.397 17.990 0.84934
0.000 32.972 18.805 0.98099
0.000 33.381 18.370 0.84766
0.045 31.458 17.683 1.14011
0.000 31.805 18.945 1.05966
0.000 31.288 18.548 1.08123
0.000 32.653 19.513 1.07071
0.000 32.691 20.166 1.10119
0.000 33.021 19.580 0.94077
0.000 33.264 19.982 0.70858
26.170 30.479 17.492 0.93740
0.000 29.520 17.880 0.60397
0.000 30.463 19.411 0.64403
0.000 30.025 20.784 0.47147
39.584 29.147 20.914 0.84968
3.415 28.140 19.878 0.57163
11.220 27.638 20.118 0.62866
0.890 26.133 18.981 0.86068
1.245 28.549 18.681 0.87652
5.385 29.955 19.826 0.83108
0.240 30.713 20.956 0.77306
0.000 31.635 20.340 0.72585
0.000 33.090 21.273 0.83017
0.000 33.950 21.549 0.72178
0.000 33.651 22.150 0.68575
0.000 33.502 21.664 0.61747
0.000 35.612 21.897 0.77419
0.000 35.710 22.416 0.94025
0.000 35.579 22.729 0.77373
0.000 36.361 22.399 0.75016
0.000 36.891 22.762 0.57311
3.920 36.669 21.808 1.05908
0.000 34.253 22.363 1.28892
0.000 35.571 22.085 1.05251
5.295 36.938 23.099 0.90168
0.015 38.114 24.416 0.77401
0.000 36.774 23.447 0.57598
14.870 36.569 23.071 0.97696
22.205 32.716 22.445 0.92752
29.330 31.998 20.747 0.79382
2.830 33.398 21.671 1.00814
0.000 34.645 21.986 1.01823
0.035 35.315 22.119 0.94930
2.340 35.043 22.280 0.73693
0.355 33.126 22.623 0.77724
43.840 32.195 22.720 0.60289
38.295 27.206 21.494 0.83822
20.200 27.360 21.555 1.02241
7.410 26.588 22.021 0.84989
6.820 27.779 21.580 0.68723
0.550 29.592 21.848 0.71343
0.435 31.481 22.070 0.79116
0.000 32.534 22.538 0.93183
0.090 32.570 23.071 0.84628
1.610 32.190 22.657 0.68927
6.495 33.089 23.271 0.52291
1.590 29.455 21.996 0.74077
8.480 31.863 22.635 0.63467
0.105 31.552 22.741 0.68933
6.955 29.689 22.779 0.51232
0.785 31.606 22.890 0.87175
11.480 30.481 22.991 0.83940
7.105 29.854 22.981 0.82471
20.325 29.605 22.708 0.81580
2.710 31.809 23.073 0.98149
38.130 28.967 22.398 0.66021
5.310 28.830 21.791 0.87321
1.420 29.603 22.347 0.92857
4.100 27.700 22.392 0.92003
7.815 29.174 22.056 0.99391
0.740 29.037 22.398 0.78388
0.150 29.040 21.724 0.96036
2.435 30.108 22.204 0.83347
16.905 30.552 22.434 0.93075
0.295 29.915 22.257 1.18107
5.540 31.149 22.629 0.79179
3.225 30.432 23.265 0.73578
5.955 30.170 23.020 0.61468
6.855 29.768 23.090 0.41882
15.125 29.644 22.095 0.87784
0.330 29.033 22.462 1.39969
0.015 29.376 22.141 1.39279
0.400 29.608 22.148 1.09775
0.000 30.508 22.354 1.35783
0.325 29.688 22.436 1.09818
0.995 29.414 21.953 1.14932
1.445 28.254 21.732 1.00433
2.665 30.376 22.457 0.65133
1.670 30.254 22.158 1.05255
0.710 29.627 21.937 1.51624
0.870 30.593 21.516 1.29857
0.145 30.082 22.040 1.58735
0.045 29.511 21.695 1.29370
3.710 30.620 22.099 1.16209
6.450 29.826 21.600 1.15105
0.385 29.342 20.888 1.02852
0.435 30.696 21.257 1.39650
0.690 30.047 21.505 1.31630
0.230 28.568 21.647 1.21706
9.955 28.543 21.272 1.20735
0.080 30.449 21.484 1.12713
0.160 30.513 22.058 0.95998
2.620 27.026 21.496 0.94751
9.020 29.940 21.364 0.85179
10.445 30.129 21.711 0.85982
49.285 29.343 21.677 0.66286
4.925 29.295 21.646 0.82871
9.690 30.168 22.343 1.07855
0.305 28.671 22.048 0.95533
0.920 26.351 21.297 0.82463
0.020 28.644 21.840 0.64845
0.065 29.647 21.958 0.87344
6.725 29.239 22.469 0.78611
0.380 30.282 22.319 0.84045
2.500 29.879 22.095 1.10590
13.040 27.648 21.842 1.06731
7.015 29.351 21.347 0.98724
10.490 30.503 21.985 0.92216
20.510 28.438 21.705 1.20738
13.385 28.166 21.524 1.14469
0.895 28.638 21.610 0.97326
0.045 30.239 20.976 0.96752
0.000 31.021 21.647 0.93296
5.615 30.072 21.960 0.96690
31.720 25.308 21.070 1.10327
2.090 26.401 21.051 1.14865
13.380 27.815 21.053 1.55882
9.060 25.556 20.708 1.08106
21.570 28.304 20.513 1.10783
15.950 26.663 21.195 0.85500
3.050 27.970 20.425 1.13679
2.145 27.172 20.928 1.10369
7.645 28.265 20.442 1.16561
0.070 30.370 21.626 0.94315
56.545 27.928 21.065 0.84788
11.375 29.280 21.399 1.14421
0.050 26.742 21.001 1.03951
0.705 28.793 20.823 0.99655
3.555 30.537 22.006 1.04136
6.430 25.249 21.585 0.97896
34.490 28.186 21.785 0.91665
12.530 28.077 22.276 0.70120
10.800 25.719 21.204 1.02917
5.550 27.294 21.318 0.87074
0.000 30.082 21.327 1.06550
0.845 30.508 22.509 0.78773
1.985 27.675 21.313 0.78415
1.755 28.337 21.570 0.78770
3.620 28.909 21.677 0.75360
4.445 26.986 21.613 0.83315
18.060 27.079 21.617 0.99419
8.580 27.225 20.969 0.73932
36.690 26.398 20.940 0.61634
0.555 28.008 21.398 0.57337
0.480 30.040 21.723 0.39516
1.065 29.518 21.912 0.60706
1.435 29.224 21.815 0.72639
12.855 26.932 21.281 0.76267
2.615 29.641 21.568 0.57324
0.025 31.526 22.143 0.42772
1.690 29.525 22.412 0.60468
4.510 31.285 22.303 0.64249
0.105 29.584 22.077 0.93033
9.090 28.884 22.041 0.78123
5.960 27.957 21.131 0.61480
26.410 29.178 21.653 0.37770
7.360 29.816 21.296 1.05374
7.575 29.217 21.394 0.62918
4.650 30.431 21.621 0.51853
3.080 29.594 21.675 0.95610
3.035 29.585 21.123 1.15395
14.900 28.363 21.330 1.02975
22.960 29.278 21.135 0.58760
5.605 29.363 20.702 0.67467
0.355 29.908 21.016 0.51119
0.000 29.938 21.966 0.81812
25.655 28.723 20.543 0.77966
7.650 26.329 18.799 1.01720
0.000 28.041 19.293 0.66137
0.000 29.432 20.034 0.71919
0.000 30.452 21.203 0.63427
0.660 30.618 21.400 0.66741
0.050 30.223 22.254 0.76378
29.090 29.052 21.998 0.74353
2.625 29.855 21.486 0.51345
0.705 30.871 22.031 0.68285
1.725 29.101 22.476 0.69511
19.645 29.496 22.083 0.66460
10.175 29.926 22.690 0.40229
2.235 29.953 22.167 0.44122
4.225 30.695 21.816 0.52636
0.000 30.341 21.624 0.65826
0.000 29.359 20.516 0.51192
0.000 30.824 19.759 0.42704
0.000 28.875 19.797 0.67112
0.000 29.232 20.788 0.79231
11.060 29.088 21.431 0.64862
19.905 28.486 21.190 0.55082
13.330 30.031 21.002 0.52473
2.945 27.702 20.151 0.57219
0.000 30.501 18.525 0.63903
0.000 28.754 19.582 0.58704
0.000 29.044 19.081 0.84443
5.365 29.324 18.793 0.65174
0.000 29.220 19.702 0.63450
0.395 29.216 20.503 0.67404
0.015 29.716 20.981 0.59049
0.000 29.262 20.531 0.73025
0.000 29.392 20.772 0.68186
0.000 29.123 19.634 0.57047
10.520 30.290 20.383 0.55601
1.665 27.788 19.661 0.45230
0.000 29.287 19.503 0.50241
0.000 29.732 19.994 0.36159
0.000 29.822 20.089 0.35273
0.000 30.449 19.417 0.60301
0.000 27.587 18.640 0.44762
0.000 29.578 18.566 0.51401
0.000 29.244 19.028 0.51958
0.000 29.571 19.272 0.40667
0.185 30.418 17.630 0.71156
0.000 30.118 18.347 0.75410
0.000 30.256 18.998 0.67256
0.000 31.885 19.592 0.69141
0.580 28.207 17.643 0.67036
1.250 27.477 18.032 0.40958
0.000 28.394 18.421 0.48768
9.195 28.676 18.966 0.42304
0.000 28.074 19.248 0.50831
0.000 28.765 19.459 0.59702
29.440 29.442 19.339 0.51536
0.000 28.781 19.583 0.62671
0.000 29.495 20.110 0.70612
0.000 29.505 19.960 0.65102
0.000 29.191 18.059 0.56893
0.000 30.301 18.371 0.47258
0.340 24.063 18.508 0.69373
11.940 26.527 18.821 0.70667
0.000 27.386 18.870 0.70498
0.000 28.790 19.061 0.40344
0.000 28.553 18.941 0.60920
0.000 28.049 18.047 0.52463
0.000 28.341 18.254 0.50543
1.270 28.289 18.815 0.52472
0.805 28.870 19.839 0.57275
1.340 28.557 20.737 0.55421
0.000 29.301 20.304 0.55478
0.000 30.083 19.141 0.55323
8.895 27.785 19.275 0.62334
0.035 27.595 19.955 0.85678
0.045 27.092 20.351 0.73224
9.355 25.747 18.208 0.86822
2.260 26.959 18.300 0.72560
2.090 27.446 19.493 0.91285
0.015 27.410 19.714 0.89912
0.010 25.973 19.812 0.59105
17.265 28.730 19.748 0.53254
0.015 28.772 19.390 0.51588
0.000 28.940 19.184 0.70033
0.000 28.343 15.218 0.54405
0.000 26.213 15.319 0.63188
0.000 26.515 16.555 0.65366
0.000 27.192 16.097 0.53859
0.000 26.700 16.107 0.60155
0.000 26.379 12.757 0.73717
0.000 26.527 12.772 0.61636
0.000 26.341 14.169 0.62256
0.000 26.842 15.633 0.52889
0.000 26.979 12.980 0.65050
0.000 26.204 11.298 0.91225
0.000 26.598 10.845 0.84999
0.000 26.405 10.715 0.79584
0.000 27.180 10.732 0.72168
0.000 26.513 13.350 0.70519
0.000 27.360 14.470 0.60460
0.000 27.443 12.403 0.66664
0.000 27.910 12.402 0.61807
0.000 25.837 11.494 0.68881
0.000 23.755 11.514 0.43179
0.000 25.252 12.000 0.55875
0.000 26.492 13.958 0.76629
0.000 27.331 13.592 0.64193
0.000 27.538 13.600 0.61343
0.000 28.060 14.016 0.64173
0.000 28.006 13.358 0.80129
0.000 24.559 12.795 0.80901
0.000 25.509 12.862 0.84607
0.000 26.242 13.906 0.75329
0.000 27.641 15.764 0.91561
0.000 27.271 15.785 0.71710
0.000 26.942 15.477 0.82499
0.000 27.736 15.322 0.73814
0.000 27.207 14.831 0.90672
0.000 27.577 13.193 0.81174
0.000 27.409 12.342 0.52704
0.000 25.937 12.332 0.91906
0.000 25.756 13.064 1.02325
0.000 25.769 12.233 0.89396
0.000 25.364 12.426 0.89511
0.000 26.229 13.444 0.85118
0.000 27.423 13.441 0.60817
0.000 27.779 13.584 0.62189
0.000 27.931 13.408 0.60133
0.000 26.610 12.852 0.56898
0.000 26.626 12.551 0.63185
0.000 27.361 12.699 0.52900
0.000 28.276 13.769 0.56825
0.000 28.973 13.800 0.64423
0.000 29.453 15.112 0.55343
0.000 29.770 14.903 0.76277
0.000 29.668 14.936 0.56880
0.000 28.748 14.714 0.67574
0.000 29.256 14.896 0.76313
0.000 28.047 15.899 0.74656
7.695 27.075 16.084 0.78669
35.985 25.148 16.477 0.99738
0.040 26.728 14.440 0.59975
0.000 27.185 14.613 0.53713
1.370 25.080 15.287 0.56565
0.000 26.401 15.633 0.66829
0.000 28.228 15.880 0.68028
0.000 29.780 15.165 0.78688
0.000 29.920 14.653 0.87527
0.000 30.634 14.850 0.87101
0.000 31.709 14.244 0.58365
0.000 31.208 15.212 0.92935
0.000 29.836 17.818 0.88204
0.000 31.705 18.574 0.68403
0.000 31.633 17.770 0.66874
0.000 30.120 18.058 1.11711
0.000 31.279 18.738 0.88787
0.045 33.091 18.565 0.46102
0.000 32.762 18.112 0.88110
4.855 32.062 18.504 0.86800
0.000 32.172 18.839 0.87690
0.000 33.214 18.357 0.59876
3.285 32.207 18.606 0.74485
2.290 30.603 19.644 0.84573
0.000 28.132 17.159 0.73463
0.000 30.567 15.967 0.62780
0.000 31.745 16.729 0.59831
0.000 32.780 17.860 0.66947
0.000 33.937 20.011 0.73194
0.000 34.829 18.038 0.87148
0.000 34.885 18.362 0.81299
0.000 34.845 18.993 0.55813
0.000 35.253 20.104 0.69121
15.770 27.655 18.084 1.15934
1.280 23.282 16.955 0.69701
0.000 28.896 15.949 0.70661
0.000 30.899 16.908 0.63087
0.000 30.572 18.141 0.78068
6.520 31.522 19.248 0.90744
0.000 32.302 17.300 0.83072
0.000 32.637 17.616 0.71177
0.000 32.912 15.233 1.18134
0.000 32.088 16.186 0.70444
0.000 33.219 18.083 0.74043
0.000 34.050 18.524 0.71237
0.000 34.036 18.996 0.87932
0.000 34.426 18.932 1.03835
0.000 35.181 18.798 0.95878
0.000 35.506 17.745 1.14248
0.000 34.621 15.853 1.10497
0.000 34.201 16.923 0.86895
0.000 34.625 18.725 0.80421
0.000 35.339 18.924 0.78209
0.000 35.274 18.801 1.03794
0.000 34.971 19.232 0.95989
0.000 35.111 19.803 0.93578
0.000 35.521 20.191 0.71723
0.000 36.288 21.020 0.90245
0.000 37.105 21.081 0.75590
0.000 37.248 21.399 0.81756
10.720 37.186 21.882 0.89445
1.715 36.353 22.925 0.77649
0.000 36.019 23.182 0.69489
0.000 37.542 22.855 0.68595
0.000 37.604 21.999 0.90414
0.025 37.635 20.451 1.20617
0.000 37.502 21.822 1.41520
0.000 36.840 19.351 1.14656
0.000 36.346 20.830 0.90961
0.000 36.978 22.431 0.83746
0.000 36.834 24.688 0.74270
0.000 36.805 23.041 0.91778
0.000 36.824 22.859 1.47334
0.295 34.368 23.101 1.60210
4.635 36.039 23.413 1.41473
0.585 36.256 23.481 0.86829
0.190 35.477 22.258 1.52108
0.060 35.979 22.589 1.24899
0.390 35.886 22.363 1.00616
0.000 36.830 23.804 0.63171
0.000 36.972 25.117 0.52088
0.000 37.913 25.529 0.79810
7.985 36.154 24.332 1.01406
7.850 31.300 22.288 1.00951
0.015 34.175 23.290 1.12243
1.625 33.269 22.878 1.07194
0.065 34.152 23.403 1.01359
0.000 36.767 23.372 1.24894
0.000 38.015 22.751 1.25511
0.000 37.682 22.955 1.28118
0.015 37.782 24.220 1.46764
0.000 38.181 24.848 1.24853
51.475 35.552 22.542 1.14351
12.225 34.915 21.760 0.85015
12.565 33.463 22.454 0.74524
10.535 31.233 21.871 0.54756
4.575 32.431 20.951 0.91775
22.240 32.577 22.086 0.88604
0.000 33.120 21.736 0.72189
7.485 34.171 22.227 0.89237
2.040 34.435 22.886 0.69698
0.000 35.843 22.450 0.84721
3.595 35.582 23.612 1.01110
1.605 32.636 23.743 0.72463
0.000 32.977 23.049 0.95146
1.480 34.398 23.720 0.94713
0.610 37.494 24.341 1.02943
0.000 37.606 24.307 0.94888
0.455 35.856 24.596 1.14014
2.970 30.054 23.266 0.74565
0.015 31.813 22.831 1.28022
10.205 34.224 22.430 0.91488
0.040 36.018 22.306 1.12261
0.055 36.241 23.110 1.08452
18.260 31.708 22.358 0.80987
0.015 32.491 22.074 1.39989
0.650 33.810 22.322 1.65705
0.350 31.320 21.880 0.91891
0.220 34.899 23.014 1.08132
0.000 34.475 22.615 1.09084
1.195 34.190 22.712 1.13875
0.470 30.355 22.213 0.87480
3.875 32.688 21.890 0.70544
1.320 32.044 23.155 0.68243
5.050 31.837 22.786 0.64734
21.215 30.914 21.959 0.89139
6.665 31.619 22.259 0.94637
0.485 30.204 21.649 1.29725
0.490 31.447 21.915 0.99875
5.795 31.033 22.310 0.87663
12.785 32.314 22.250 0.88704
0.335 33.446 22.566 0.93284
42.705 32.510 20.645 0.97167
0.330 28.514 20.309 0.79966
0.000 29.463 19.867 0.74105
0.000 32.211 21.005 0.52492
0.000 33.738 21.308 0.54415
0.000 34.277 21.889 0.57075
0.000 34.910 22.589 0.74723
0.000 34.979 22.921 0.76837
0.120 34.287 22.850 0.97877
12.305 33.647 22.436 1.25279
2.510 31.227 22.299 0.94469
0.005 33.255 22.800 1.00866
1.430 31.153 22.936 1.11596
16.570 29.528 21.419 1.13992
23.695 27.816 21.759 1.26420
6.640 27.969 21.811 1.21643
4.160 29.582 21.781 1.26306
0.615 28.819 21.954 0.99222
1.455 29.875 21.660 1.19725
2.700 32.111 21.669 1.25334
2.470 34.141 22.528 0.89077
0.395 34.511 23.297 0.88529
1.175 34.980 22.936 1.31957
16.200 28.945 22.395 1.09055
9.630 28.061 21.298 1.06047
0.395 31.662 21.587 0.88176
0.055 32.770 22.382 0.74816
0.715 32.052 22.772 0.95931
12.305 27.046 21.827 1.02443
1.545 28.998 21.881 1.05502
18.205 27.625 21.395 1.07491
9.975 28.573 21.000 0.78618
5.445 30.592 20.915 0.80749
0.000 32.119 22.500 0.93696
10.400 29.507 22.513 0.69776
4.095 25.999 21.319 0.87365
17.885 28.181 21.863 0.88850
6.820 27.721 21.448 0.81920
6.190 28.026 21.588 0.73394
5.515 29.752 21.864 0.64309
6.655 29.714 22.057 0.83866
5.070 29.195 22.240 0.67653
19.985 29.943 22.040 0.81820
35.995 29.592 21.786 0.77662
2.875 27.528 21.751 0.77676
5.115 28.715 21.293 0.94826
12.210 29.910 22.072 1.00231
13.185 28.392 22.151 1.19762
71.965 26.987 22.480 1.16390
28.450 26.003 21.009 1.38839
0.415 26.544 21.096 0.98617
44.500 28.506 21.178 0.94427
0.270 29.605 22.014 0.58436
7.710 29.688 22.205 0.72660
9.665 28.528 22.086 1.16159
0.050 27.034 20.535 1.13915
1.415 30.310 21.221 1.03189
4.760 30.722 22.279 0.63117
21.100 27.590 21.984 0.85535
40.830 26.537 21.331 1.53933
19.945 25.757 21.076 1.17465
27.350 27.143 21.069 0.86923
10.795 28.035 21.143 0.55584
4.580 27.023 20.963 0.53536
4.995 32.757 22.089 0.55795
3.475 30.285 22.188 0.87323
37.985 27.015 21.584 0.84885
0.170 29.253 21.524 0.92519
0.150 29.831 22.085 1.10967
1.225 29.682 21.492 0.98095
1.255 30.105 21.522 1.04981
6.035 29.769 22.072 1.19075
24.825 26.628 21.459 1.07114
1.915 28.278 22.040 0.90628
2.950 30.481 22.019 0.76732
7.460 26.143 21.399 0.96036
11.940 25.152 20.778 0.86217
5.195 29.285 21.247 0.81374
2.430 26.891 21.316 0.64412
2.460 28.004 20.919 0.81454
1.505 29.134 21.988 0.73812
33.535 29.745 22.113 0.46092
7.540 28.664 21.267 0.77516
0.445 28.963 21.410 1.00422
0.405 26.854 21.438 0.81921
0.405 28.851 21.745 0.77513
6.035 28.165 21.230 0.87772
44.135 26.797 21.496 1.06161
2.405 28.220 21.199 1.11874
6.135 28.363 21.455 0.75388
6.070 29.268 20.575 0.52341
0.290 29.150 21.126 0.68621
0.000 30.800 21.535 0.57547
5.005 30.763 21.510 0.50667
34.275 29.388 21.930 0.55258
0.000 26.870 20.778 0.74130
29.810 29.408 21.278 0.60010
18.690 29.328 20.846 0.69954
1.670 29.179 21.097 0.94669
0.000 29.439 21.528 0.57511
0.000 28.572 21.053 0.50541
0.655 31.204 20.740 0.94348
0.170 29.323 20.772 0.93975
0.075 30.341 20.749 0.85708
0.000 32.682 21.051 0.72135
0.000 31.443 21.937 0.50805
9.375 30.122 21.776 0.39016
2.410 29.032 20.727 0.71302
46.970 27.918 20.743 0.49671
10.020 26.167 20.873 0.60384
0.110 27.910 20.557 0.61662
0.000 29.837 15.411 0.83209
17.725 28.699 16.866 0.87423
4.115 25.641 19.843 1.14200
2.925 29.005 20.423 0.68665
0.280 29.626 20.111 0.65950
2.750 29.794 20.809 0.41687
27.845 29.971 21.598 0.39792
2.000 28.068 19.771 0.53611
0.000 30.435 16.837 0.81318
0.000 30.055 15.570 0.75832
0.000 29.445 16.472 0.63879
0.000 30.105 16.957 0.57437
0.000 30.066 16.546 0.74626
0.000 29.450 17.505 0.64123
0.000 29.637 18.012 0.66240
0.000 30.828 18.958 0.73483
0.000 31.753 19.722 0.85381
6.860 29.277 19.197 0.96965
16.810 26.132 19.449 0.94425
0.730 22.723 19.121 0.72949
12.340 25.755 18.776 0.61889
0.000 28.347 18.968 0.50736
5.035 27.435 19.497 0.66173
14.105 27.659 19.504 0.61619
7.415 27.356 19.558 0.48993
4.175 25.472 16.751 0.85173
0.000 25.612 16.582 0.84797
0.160 25.473 17.031 0.37349
4.385 23.008 17.357 0.46717
4.630 24.348 17.737 0.92887
0.000 26.634 18.744 0.89393
3.730 26.815 18.652 0.75251
0.000 29.268 17.257 0.53478
0.000 29.317 16.745 0.64689
0.000 29.328 16.613 0.61039
0.000 29.328 16.115 0.65999
0.000 28.368 15.202 0.73064
0.000 26.967 13.410 0.92582
0.000 27.232 13.971 0.95615
0.000 29.058 16.223 0.77130
0.000 28.287 18.537 0.71769
5.425 28.636 17.753 0.68831
0.000 28.704 18.186 0.87403
0.000 29.717 18.952 0.67573
0.000 30.795 19.204 0.56664
0.000 29.054 20.532 0.40150
9.830 26.702 19.534 0.64599
0.000 25.601 17.119 0.64251
0.155 28.524 17.398 0.52766
0.000 27.774 18.471 0.57633
10.825 28.507 18.421 0.64367
8.080 24.206 16.639 0.91596
0.000 24.786 16.295 0.69610
0.000 26.423 15.884 0.59303
0.000 27.599 16.021 0.54875
0.000 27.665 17.870 0.53666
1.365 27.162 18.033 0.51616
0.660 27.053 18.849 0.54999
2.165 26.845 18.753 0.89170
3.785 27.515 18.658 0.72960
0.060 21.507 13.718 1.28065
0.000 22.414 13.389 0.68612
0.000 25.066 13.890 0.57966
0.000 23.449 13.439 0.78362
0.000 24.627 12.717 0.78370
0.000 25.049 12.094 0.89934
0.000 25.327 12.116 0.77583
0.000 24.975 12.515 0.65090
0.000 24.823 12.473 0.56506
0.000 24.630 12.518 0.58294
0.000 24.608 13.042 0.52404
0.005 26.082 14.579 0.62889
2.005 25.634 15.786 0.53171
0.305 25.696 15.970 0.49712
0.300 26.072 16.024 0.76902
13.560 25.534 16.115 0.83085
2.115 25.390 16.146 1.13979
32.545 22.444 8.904 1.42324
0.000 19.376 6.071 1.18507
0.000 18.131 4.675 1.08102
0.000 18.857 4.863 0.78802
0.000 19.168 5.164 0.77951
0.000 20.291 5.708 0.79185
0.000 20.380 6.000 0.85717
0.000 20.056 5.943 0.92213
0.000 21.385 6.146 0.62666
0.000 22.431 7.761 0.60501
0.000 22.112 8.712 0.55717
0.000 23.072 9.481 0.52452
0.000 22.107 9.146 0.51360
0.000 22.125 8.603 0.53497
7.845 22.357 8.661 0.59818
0.000 23.527 9.352 0.57283
0.000 23.671 9.696 0.67783
0.000 24.026 9.827 0.54417
0.000 24.997 11.197 0.63230
0.000 26.160 11.167 0.88704
0.000 26.345 11.178 0.58994
0.000 25.242 13.165 0.86465
0.000 26.477 13.857 0.65652
0.000 26.324 11.047 0.76967
0.000 26.686 10.661 0.79457
0.000 26.934 10.819 0.54607
0.000 25.371 12.268 0.85352
0.000 26.186 11.635 0.50327
0.000 25.756 11.418 0.71810
0.000 24.478 11.623 0.71491
0.000 22.494 9.499 0.67357
0.000 23.824 8.812 0.57732
0.000 23.234 9.031 0.70172
0.000 24.846 10.623 0.60855
0.000 23.258 8.764 0.91630
0.000 21.619 8.518 0.65442
0.000 23.352 7.934 0.69850
0.000 21.644 6.602 0.98714
0.000 21.433 6.334 0.79301
0.000 22.018 6.425 0.56665
0.000 23.916 8.304 0.62908
0.000 26.811 10.583 0.57431
0.000 26.479 11.175 0.60014
0.000 26.467 11.773 0.62659
0.000 26.543 12.496 0.47229
0.000 27.119 12.730 0.51601
0.000 27.307 13.185 0.48156
0.000 27.363 13.584 0.44786
0.000 28.339 13.093 0.85953
0.000 28.664 12.603 0.97423
0.000 28.718 12.095 0.97656
0.000 28.858 12.271 0.73998
0.000 29.229 13.936 0.66398
0.000 29.280 14.148 0.58855
0.000 29.152 14.351 0.60604
0.000 28.443 12.777 0.90515
0.000 28.179 13.057 0.82194
0.000 29.690 14.851 0.62092
0.000 28.134 13.774 1.03178
0.000 28.177 14.259 0.92753
0.000 28.707 14.168 0.71498
0.000 28.233 13.449 0.92991
0.000 28.725 14.159 1.01587
0.000 29.055 16.201 1.01398
0.000 30.653 16.120 1.06163
0.000 30.463 15.713 1.00561
0.000 29.687 13.561 0.96146
0.000 25.575 11.295 0.97627
0.000 28.004 12.145 0.94543
0.000 29.680 14.371 0.67888
0.000 30.996 16.211 0.63753
0.000 31.602 15.566 0.78193
0.000 31.285 15.723 0.85686
0.000 32.271 15.934 0.57108
0.000 32.189 16.473 0.67447
0.000 32.255 17.368 0.71089
0.000 33.303 17.807 0.70917
0.000 33.234 17.879 0.64609
0.000 33.078 18.123 0.67483
0.000 33.352 18.156 0.68949
0.000 33.241 17.793 1.01328
0.000 32.909 16.853 0.73576
0.000 33.306 16.848 0.93414
0.000 33.096 17.484 0.76699
0.000 32.527 16.976 0.77559
0.000 33.466 17.522 0.88741
0.000 33.283 18.293 0.95436
0.000 34.001 18.398 0.68832
0.000 34.175 18.086 0.76943
0.000 34.391 18.411 0.93492
0.000 32.652 20.140 1.05732
0.000 34.233 21.137 0.69024
0.000 34.112 19.903 0.90513
0.000 35.941 19.691 0.83013
0.000 36.571 19.293 0.73714
0.000 35.014 18.037 0.86618
3.560 33.220 17.784 1.19868
16.470 30.085 17.240 1.37317
2.160 29.334 17.666 0.88939
0.040 30.000 18.306 0.93897
0.000 32.245 19.335 0.67589
0.000 33.493 19.411 0.76821
0.000 34.963 19.281 0.77413
0.000 35.347 20.404 0.85599
0.000 35.883 19.478 0.76336
0.000 36.423 19.246 1.02141
0.000 36.336 18.714 1.02072
0.000 36.365 19.637 0.81260
0.020 35.950 20.720 0.72227
0.000 35.819 22.096 0.48802
5.780 32.481 21.793 1.02970
4.635 32.384 19.871 0.88303
0.025 32.140 20.678 0.54729
0.270 32.241 19.977 0.64262
0.000 34.033 21.256 0.83181
0.085 35.510 21.906 0.67354
12.385 35.554 23.031 0.68904
5.600 31.006 20.843 0.64280
1.705 33.503 21.141 0.76257
0.000 33.743 21.539 0.70680
2.370 33.111 22.085 0.96924
0.010 31.822 21.506 0.77270
0.165 31.915 21.568 0.78676
0.000 32.715 22.729 0.74786
0.000 35.727 22.399 0.68701
1.165 36.450 23.509 0.79565
9.965 34.527 23.025 1.03673
0.370 34.168 23.466 0.89669
0.000 34.781 23.608 0.91296
0.915 35.173 24.315 1.14578
1.695 36.287 23.821 1.18849
1.840 31.412 22.535 0.88572
22.420 35.349 23.267 1.00633
0.000 36.310 22.971 0.94034
3.925 31.383 22.336 1.41981
2.170 30.991 22.548 1.11096
8.695 33.794 21.378 0.60600
0.040 34.215 21.408 0.62110
17.495 30.868 21.119 0.90149
21.435 30.181 21.084 0.77410
0.000 29.871 22.415 0.66116
6.785 29.090 21.410 0.70503
5.980 29.418 21.389 0.71127
6.395 27.743 20.284 0.46889
1.110 31.657 21.667 1.17661
2.000 32.803 21.818 1.19326
0.085 32.541 22.326 1.06853
14.610 32.940 22.470 0.80636
0.005 35.140 23.543 0.78893
3.610 34.879 23.211 1.00567
0.000 34.053 22.975 0.77849
18.265 33.141 22.954 0.61230
5.215 34.736 23.450 0.67258
6.545 33.111 24.010 0.80348
10.330 29.251 22.372 0.87947
0.660 33.237 22.774 0.84989
0.000 31.990 22.810 1.04643
0.000 30.380 23.161 1.04012
0.000 33.380 23.336 1.06119
0.000 34.543 23.497 1.11802
0.000 33.885 23.006 0.97915
0.170 34.621 23.778 0.71911
0.000 34.251 24.126 0.57283
7.145 34.081 23.724 0.89641
0.000 31.311 22.921 0.80202
1.515 30.547 22.940 0.76513
0.000 32.995 22.909 0.71621
0.000 33.810 23.363 0.75572
0.000 30.752 22.373 0.87182
0.000 34.627 23.908 0.94493
0.265 33.810 24.277 0.91407
10.660 33.008 24.022 0.91562
5.750 31.519 23.389 0.83474
21.095 29.978 22.621 1.20921
3.135 30.518 22.599 1.08102
14.100 30.846 22.245 1.34442
7.075 32.981 22.792 1.06949
0.580 31.580 22.684 0.95557
0.900 33.581 23.407 1.18811
2.895 30.489 22.351 0.88670
0.860 28.335 22.168 0.97699
18.250 28.385 22.381 0.88108
1.800 30.853 22.292 1.02078
1.480 31.692 22.627 1.19154
1.060 31.984 22.777 1.57085
1.245 30.176 21.773 1.67560
1.255 30.980 21.535 1.38853
2.245 31.986 21.285 1.27865
0.180 32.884 22.187 1.14131
8.660 33.434 22.385 1.24671
4.590 30.836 22.704 1.14915
2.750 29.446 22.346 1.27642
1.415 30.634 21.885 1.46555
0.000 31.376 22.264 1.24812
3.320 33.202 22.615 0.94784
9.610 32.078 23.176 1.07492
19.475 29.291 22.480 0.93951
2.615 31.227 22.020 0.80408
0.065 30.596 22.062 1.11369
3.215 32.459 22.127 0.96621
0.385 32.537 22.533 1.01270
0.170 32.874 23.525 0.81696
0.170 29.367 22.767 0.88371
62.960 30.420 23.093 0.67641
103.950 27.580 22.351 1.01543
1.385 25.276 21.905 1.00017
0.005 28.667 22.255 0.74043
0.000 29.955 22.443 0.96365
0.920 29.142 22.339 1.07203
0.345 29.942 22.860 0.77332
18.205 27.706 22.559 0.49141
8.230 29.926 21.974 1.03793
0.000 30.190 22.112 1.02563
0.000 29.893 22.365 0.80585
1.230 29.046 22.273 0.76942
43.675 28.907 22.633 0.93093
4.985 27.778 21.408 1.39012
0.230 25.694 21.204 1.33233
4.550 28.113 20.952 0.92523
0.680 29.075 20.883 0.77637
1.050 30.417 22.120 0.60795
0.000 28.531 21.958 0.67479
7.145 28.714 21.979 0.83539
17.485 29.773 22.031 0.71557
18.620 27.329 21.726 0.77419
10.975 26.809 21.761 0.83525
0.555 28.747 21.754 0.90442
21.345 29.593 21.457 0.83690
0.115 30.103 22.030 0.92339
5.855 29.823 22.441 0.90757
4.930 28.190 21.597 1.04740
20.085 27.433 21.274 1.04134
19.545 28.568 21.973 0.92204
17.905 26.391 22.176 0.93758
1.505 25.328 21.819 0.96999
0.000 28.408 21.577 1.03417
0.000 30.203 22.219 1.07949
5.650 27.286 21.822 1.09548
0.000 29.488 21.601 0.85896
0.000 29.796 22.491 1.06957
9.295 29.825 22.229 0.99517
33.535 27.244 21.646 0.89195
56.730 27.790 21.369 1.08495
1.560 28.799 21.218 0.91907
0.000 27.331 21.206 0.94531
3.050 28.983 21.474 0.81337
10.010 29.888 22.147 0.77979
12.875 25.362 21.382 0.81170
0.970 28.932 21.961 0.70765
0.110 29.286 20.773 0.99936
0.000 30.055 20.741 0.85600
0.120 30.349 22.252 0.80125
0.655 29.593 21.551 0.67620
12.525 30.477 22.112 0.56857
13.660 30.272 21.707 0.69195
7.710 30.275 21.009 0.61129
26.630 30.036 22.095 0.50492
58.325 26.563 21.482 0.70994
32.980 28.479 20.847 0.82502
4.320 28.808 21.619 1.04834
8.050 31.377 21.930 0.36923
24.530 28.332 21.484 0.95023
17.990 28.149 21.086 1.18928
1.370 27.957 21.147 0.77717
17.310 28.536 21.351 0.71107
3.185 28.938 22.001 0.57015
0.815 29.785 20.846 0.97772
0.000 29.751 21.900 0.67913
0.920 28.691 22.192 0.73816
0.000 29.766 21.854 0.71201
0.565 28.698 21.494 0.65580
0.155 29.728 22.465 0.71598
10.320 28.089 22.058 0.64192
6.535 30.162 22.262 0.64398
19.240 30.607 22.204 0.40774
1.150 26.743 22.806 0.88013
8.540 26.600 21.725 1.14963
8.565 27.621 21.529 1.12261
4.040 28.813 22.105 0.53703
26.755 29.400 21.856 0.64628
1.610 27.101 22.139 0.78649
17.550 26.289 21.528 0.79000
20.805 29.724 21.286 0.51635
14.990 28.470 21.440 0.61967
0.085 24.229 19.542 0.75075
0.000 28.819 20.404 0.70717
0.000 30.811 21.328 0.50342
3.240 30.939 22.035 0.49157
4.385 30.014 21.336 0.45954
19.525 29.020 20.600 0.52163
0.000 29.818 21.594 0.45037
0.000 29.708 20.658 0.50234
0.000 30.158 20.876 0.49308
0.415 30.461 20.240 0.45073
17.180 28.779 18.575 1.07564
0.095 27.702 17.664 0.82171
0.000 28.357 16.184 0.80363
0.000 28.821 17.258 0.49680
0.000 28.910 18.524 0.45050
0.000 29.331 19.393 0.45289
7.215 29.899 20.076 0.48859
2.470 26.053 19.295 0.73903
0.365 28.788 17.475 0.62441
0.000 28.612 18.171 0.43807
0.000 28.335 18.584 0.56839
0.245 28.540 18.466 0.53628
0.000 29.120 19.028 0.42730
0.130 30.455 19.602 0.47041
0.000 28.429 19.660 0.62934
0.000 28.651 20.016 0.60413
10.480 30.638 20.238 0.44848
23.685 27.236 19.607 0.54065
0.460 27.775 18.968 0.53234
2.670 27.663 19.211 0.61114
0.000 29.160 18.845 0.46472
0.000 29.447 18.877 0.60754
0.000 30.471 19.463 0.51015
0.000 28.952 19.819 0.67914
0.000 29.585 20.217 0.35808
0.000 28.389 20.771 0.50474
0.000 29.801 21.065 0.42164
0.000 29.822 20.617 0.46219
34.760 30.383 19.090 0.59299
8.495 25.735 18.504 0.60945
1.310 27.437 18.228 0.80174
11.790 27.409 18.648 0.48286
19.920 26.722 19.217 0.59096
0.000 28.020 18.618 0.62223
0.000 29.904 19.060 0.53243
0.000 28.334 18.688 0.67716
0.000 29.234 18.911 0.60962
0.000 28.616 18.383 0.59800
0.000 29.413 17.754 0.43950
0.000 29.048 18.003 0.44643
0.000 27.504 17.702 0.75575
0.000 27.594 17.932 0.68078
0.000 27.252 17.913 0.70008
0.345 27.798 17.438 0.66467
0.000 27.007 16.710 0.68155
0.000 27.027 16.028 0.55223
0.340 25.943 15.960 0.74591
0.000 26.952 15.953 0.56518
0.000 27.092 16.064 0.53123
0.000 27.131 14.309 0.48106
0.000 26.714 13.214 0.71598
0.000 26.859 13.133 0.67954
0.000 26.823 13.179 0.54554
0.000 27.368 14.320 0.64178
0.000 27.716 14.491 0.67225
0.000 27.658 12.480 0.83679
0.000 26.787 11.015 0.89990
0.000 26.784 11.110 0.77340
0.000 26.242 13.607 0.48765
0.000 27.208 16.672 0.53549
0.000 29.178 16.742 0.47361
0.000 26.410 17.160 0.66979
0.000 26.497 17.212 0.76159
0.000 28.554 18.139 0.40596
0.000 24.002 15.925 0.83118
0.000 25.979 15.994 0.82578
0.000 26.976 15.729 0.42479
0.000 26.905 14.861 0.51141
0.000 26.923 14.158 0.51892
0.000 24.598 12.121 0.77731
0.000 25.725 12.130 0.51857
0.000 26.213 13.557 0.50977
0.000 25.227 10.841 0.94709
0.000 21.680 10.074 0.85193
0.000 22.661 10.059 0.57098
0.000 23.646 9.146 1.03818
0.000 24.591 9.166 0.72093
0.115 25.780 9.421 0.95789
0.845 22.850 9.314 0.81986
0.000 23.899 9.368 0.77502
0.000 25.483 9.843 0.73303
0.000 26.174 10.649 0.67009
0.000 27.464 11.621 0.65770
0.000 28.516 14.409 0.65619
0.000 28.229 15.320 0.72261
0.000 26.228 14.966 0.57894
0.000 26.594 14.384 0.49052
0.000 28.393 13.401 0.51733
0.000 25.552 10.930 0.66923
0.000 24.748 10.919 0.61157
0.000 25.780 11.393 0.52070
0.000 27.680 14.098 0.66315
0.000 28.487 15.748 0.70585
0.000 29.451 17.050 0.60895
0.000 29.538 16.336 0.77221
17.820 26.147 14.783 1.10762
53.395 18.090 13.042 0.90366
3.100 16.633 9.496 0.89306
0.000 21.243 8.850 0.84614
0.000 21.406 6.685 1.03944
0.000 21.525 6.414 0.95702
0.000 22.495 6.557 0.83539
3.015 24.176 8.483 0.67856
1.480 26.015 11.659 0.47986
2.195 24.948 10.761 0.72330
0.000 24.502 10.880 0.73427
0.000 24.112 11.586 1.01733
0.000 24.343 11.707 0.72962
0.000 24.812 10.840 0.73633
0.000 25.880 11.041 0.67701
0.000 26.264 12.701 0.59074
0.000 26.378 12.222 0.65500
0.000 26.719 12.121 0.70146
0.000 27.064 12.027 0.66955
0.000 27.359 12.094 0.70324
0.000 27.841 12.438 0.68428
0.000 28.498 12.612 0.73663
0.000 29.509 12.943 0.76262
0.000 28.039 13.791 1.13739
0.000 27.302 14.497 1.19894
0.000 27.039 14.234 0.63594
0.000 28.602 14.345 0.53012
0.000 28.507 14.459 0.54037
0.000 28.361 14.420 0.75889
0.085 25.506 12.244 1.10370
0.000 27.566 12.571 0.68377
0.000 27.388 13.983 0.86592
0.000 27.271 14.531 0.79482
0.000 27.252 15.769 0.65440
0.170 27.262 16.208 0.47135
0.210 26.183 16.358 0.83536
0.000 29.733 12.967 1.13757
0.000 28.416 12.590 0.65965
0.000 29.579 13.001 0.87117
0.000 29.759 14.071 0.90110
0.000 30.128 14.421 0.85057
0.000 30.216 14.955 0.75258
0.000 30.438 15.656 0.75855
0.115 30.467 15.546 0.75534
0.000 30.498 15.007 0.69342
0.035 30.398 15.052 0.70307
0.000 31.025 15.523 0.77025
0.000 31.643 15.877 0.68772
0.000 32.284 15.812 0.95510
0.000 32.674 16.271 1.05840
0.000 33.522 16.748 1.03793
0.000 33.392 16.992 0.72811
0.000 34.854 17.317 0.64023
0.000 34.254 17.550 0.79126
0.000 34.789 17.838 0.86434
0.000 35.025 18.261 0.98617
0.000 34.819 19.109 0.74861
0.000 34.990 18.207 0.84029
0.000 35.065 17.853 0.98889
0.000 35.005 18.682 0.83574
0.000 35.153 20.086 0.66129
0.000 35.654 20.656 0.84125
0.000 33.457 20.490 0.95923
0.000 35.401 19.781 0.89812
0.000 35.109 18.520 0.91647
0.000 35.239 18.060 0.93935
0.000 34.544 18.480 0.85401
0.000 34.949 19.101 0.89694
0.000 35.435 19.004 0.84287
0.000 35.852 19.164 0.86677
0.000 36.835 20.079 0.67718
0.000 36.441 20.661 0.67056
0.000 36.677 20.596 0.98189
0.000 35.191 21.121 1.16659
12.460 33.785 20.272 0.92644
19.480 24.584 18.907 1.17090
4.680 26.316 17.918 0.57924
0.065 26.462 18.461 0.64373
0.000 28.223 17.210 0.64821
0.000 31.754 18.794 0.68340
2.485 31.232 19.503 0.70966
0.000 33.950 20.414 0.89591
0.000 35.210 19.020 1.19189
0.000 35.025 18.863 1.15023
0.000 34.775 19.068 0.96261
0.000 34.742 20.238 1.00396
0.000 36.109 21.008 0.69502
0.000 36.689 21.976 0.78317
0.735 36.992 23.130 1.01845
0.000 36.051 22.134 0.54177
8.260 32.970 20.502 1.45035
47.345 31.170 19.489 1.14744
4.190 32.043 20.356 0.68488
8.465 31.561 20.366 0.97335
5.205 28.524 16.980 0.87700
0.000 31.383 17.534 0.65791
0.000 31.992 18.786 0.83990
0.000 33.276 19.840 0.66755
0.805 34.837 21.584 0.79293
0.000 36.560 21.425 1.03230
0.035 36.731 21.976 1.03260
0.000 36.868 22.719 0.75728
0.000 37.284 23.665 0.90347
0.365 38.215 24.000 0.58994
47.500 33.695 21.947 0.89150
7.560 30.346 19.002 1.11360
0.060 31.946 20.594 0.58460
11.615 30.833 20.177 0.89050
0.385 29.892 20.888 0.96461
1.965 30.978 21.505 0.60388
4.310 32.384 21.470 0.59724
0.995 32.800 22.036 0.64937
0.000 33.978 22.077 0.89303
0.000 35.263 22.985 0.71675
0.000 36.733 22.978 0.76889
0.000 36.286 24.164 0.75838
0.150 34.280 23.236 1.01792
3.670 36.745 23.028 1.03609
6.535 36.818 23.277 0.76892
0.000 38.455 24.060 0.95793
26.825 36.490 23.496 0.98331
12.900 34.424 22.248 0.69613
1.645 35.789 22.869 0.83940
3.790 37.695 23.748 0.81733
0.000 36.995 23.546 1.08712
0.030 36.011 24.139 1.35229
1.605 38.029 24.695 1.45717
0.465 37.155 23.906 1.35615
0.095 32.751 22.940 1.30727
4.685 31.446 23.268 0.91634
11.740 30.970 22.768 0.85888
0.090 34.646 22.649 1.14486
0.590 35.028 22.988 1.32004
0.000 33.874 22.855 1.20656
0.390 33.253 22.198 1.36570
6.695 32.496 22.815 1.17401
0.000 32.131 22.756 0.72361
3.585 32.261 23.202 0.96704
0.015 31.007 22.676 0.85440
0.000 34.137 22.679 1.29910
9.520 33.547 23.172 1.04273
0.000 34.154 23.679 0.83034
3.810 35.766 23.503 0.78832
2.870 24.854 23.824 0.84436
2.775 32.294 22.523 0.94516
0.745 33.882 23.357 0.91282
0.080 33.452 23.033 1.01826
0.330 32.678 23.579 0.81751
1.545 33.516 23.348 0.85611
0.060 35.674 24.717 0.79665
0.000 32.439 23.243 0.95940
24.450 30.032 23.022 0.92971
2.385 29.397 22.020 0.91787
0.045 31.449 22.142 1.10112
19.370 31.680 22.002 0.73205
5.310 33.284 22.415 0.98758
1.055 34.199 22.883 0.89235
5.955 33.389 23.041 0.82695
0.305 29.792 22.343 0.67698
0.000 29.875 22.110 0.92361
0.000 32.302 22.449 0.99379
3.465 33.228 22.372 1.02992
0.170 34.683 23.198 0.92136
0.635 33.364 23.199 0.81251
2.265 34.887 24.025 1.13322
1.705 35.014 23.901 1.39223
1.390 34.049 23.812 1.59015
0.515 33.370 23.437 1.67189
1.085 33.578 22.432 1.58422
4.780 31.971 22.320 1.99776
0.515 33.486 21.754 1.53416
0.300 34.479 22.767 1.24371
1.125 34.715 22.040 1.22553
0.000 36.391 22.444 1.15795
0.000 36.539 23.645 1.23380
1.250 37.257 24.133 1.29940
0.165 35.962 25.068 1.41525
0.585 34.645 25.063 1.54316
0.070 31.265 22.535 1.01163
13.180 31.694 23.151 0.70236
13.030 30.049 22.792 0.66780
5.090 28.217 21.710 0.70454
0.475 33.710 21.646 0.73356
0.000 33.739 22.667 0.88998
7.785 34.081 23.347 0.71145
0.000 31.370 23.731 0.75163
2.080 30.569 23.463 0.79288
7.035 30.937 23.053 0.90529
5.480 31.893 23.105 1.21167
5.390 30.154 22.828 1.09981
1.085 28.757 22.238 1.16462
4.800 30.699 22.572 1.26489
67.705 29.831 22.425 0.84318
14.675 27.915 22.336 0.83379
13.095 29.002 22.171 1.16294
6.405 28.179 21.980 1.02604
18.865 26.520 21.739 1.29489
3.235 28.211 21.143 1.24027
11.510 29.176 21.357 1.12004
5.695 27.630 20.649 0.97476
3.115 27.777 20.532 1.13905
4.030 27.624 20.531 1.22805
0.000 28.801 21.024 1.30176
4.645 28.684 21.310 1.09031
0.600 28.867 21.462 1.11440
19.565 27.511 21.852 0.78899
33.185 25.542 21.220 1.43494
30.485 25.444 21.215 1.02129
9.565 25.320 20.610 0.91359
0.145 29.729 21.194 0.97945
5.905 30.159 21.403 0.79144
4.470 31.366 22.420 0.64993
0.000 31.324 22.687 0.73997
0.000 31.315 21.779 0.67681
3.090 32.177 22.880 0.71238
6.085 29.630 22.291 0.57854
1.970 29.303 22.309 0.78859
5.980 27.259 21.767 0.94093
19.985 29.418 22.216 0.84957
24.110 28.476 21.834 0.97244
7.280 29.982 21.878 0.78095
7.960 28.695 22.139 0.84404
2.370 28.184 21.784 0.83057
0.960 29.084 22.421 0.82969
29.920 27.993 22.305 0.61041
5.935 30.007 22.133 0.87002
0.060 29.870 21.764 0.84385
0.000 29.588 22.014 0.79752
0.000 31.036 21.784 0.79369
0.000 30.370 22.039 0.76456
0.065 29.625 21.324 0.92704
0.010 27.648 20.966 0.92140
1.145 28.545 21.161 0.71414
1.610 28.745 21.471 0.85965
19.860 29.987 21.886 0.72422
17.005 29.608 21.733 0.91582
24.930 27.891 21.690 0.63562
1.820 29.367 21.888 0.56768
7.410 27.303 21.758 0.63099
38.320 27.031 21.545 0.70052
1.110 27.193 21.026 0.79203
0.130 29.638 21.754 0.86223
1.220 30.056 22.173 0.77169
0.870 28.730 22.232 0.60095
9.500 29.978 22.355 0.52962
1.245 29.429 20.386 0.99749
9.500 30.919 21.722 0.53310
14.610 31.760 22.429 0.58555
11.740 31.430 22.027 0.66680
0.290 29.786 21.168 0.67882
2.950 32.714 21.183 0.73248
1.740 31.699 22.230 0.81009
5.220 29.068 22.448 1.16540
23.625 28.668 21.868 1.13984
2.750 28.433 20.689 0.84084
0.430 30.942 21.534 0.72225
0.150 31.673 22.023 0.79374
1.985 31.190 22.867 0.76681
16.200 30.237 22.348 0.54102
0.000 29.871 21.852 0.69892
0.000 31.932 22.650 0.64447
0.420 29.095 22.715 0.55216
2.005 30.094 22.179 0.46739
0.000 30.172 22.547 0.51595
0.000 30.067 22.306 0.45791
2.795 28.283 21.463 0.52121
11.975 30.833 22.052 0.54574
0.085 29.372 21.023 0.44750
1.085 31.970 21.549 0.42266
7.420 28.757 21.351 0.53794
0.000 31.086 21.728 0.42878
0.000 29.168 21.641 0.73783
8.840 31.122 22.050 0.50683
37.120 28.715 21.291 0.59711
7.570 28.912 21.465 0.81797
9.460 27.974 17.548 0.88676
2.555 21.531 16.458 0.94126
1.520 21.842 15.783 1.03290
0.000 25.762 16.099 0.92852
0.000 28.480 17.145 0.79467
0.000 28.814 18.249 0.65338
0.000 29.999 19.553 0.59761
0.000 30.805 20.814 0.42236
0.385 29.237 20.998 0.60598
0.000 30.542 20.556 0.44878
0.000 30.694 18.803 0.61241
0.000 30.802 18.304 0.62106
0.000 30.543 18.606 0.51856
0.000 30.566 19.134 0.45488
0.000 30.021 19.146 0.60491
0.000 29.622 19.400 0.46585
0.000 30.876 18.419 0.52318
0.000 31.159 18.813 0.52445
1.335 31.581 19.607 0.46153
0.205 31.372 20.261 0.39857
0.000 30.647 20.179 0.42832
0.845 30.547 20.546 0.51459
0.380 30.756 18.666 0.75173
5.400 28.309 18.335 0.80388
2.145 27.736 17.771 0.51479
0.000 29.915 18.252 0.57429
0.000 30.978 18.670 0.56029
0.000 31.954 19.114 0.55431
0.850 31.488 19.561 0.50033
0.000 30.440 19.633 0.52875
0.000 31.540 19.950 0.51075
24.380 30.831 20.452 0.50256
0.000 30.109 20.414 0.76523
11.675 29.266 19.998 0.54197
0.000 29.994 19.576 0.61497
0.000 29.777 19.249 0.59747
0.000 29.767 19.282 0.71708
0.000 29.815 18.948 0.73660
0.000 30.125 16.613 0.69129
0.000 30.781 16.734 0.67892
0.210 31.418 18.206 0.70687
0.000 30.682 17.284 0.81394
0.000 30.803 16.443 0.85356
0.000 30.837 15.054 0.67699
0.000 30.546 15.246 0.77025
0.000 30.786 17.078 0.65293
0.000 31.011 18.123 0.50818
0.000 30.596 16.588 0.65864
0.470 28.734 16.096 0.86989
0.000 29.575 16.240 0.67039
0.000 30.873 17.669 0.51399
0.000 30.465 17.735 0.39706
0.000 29.930 17.703 0.48733
1.190 30.961 17.712 0.65122
9.310 30.806 18.493 0.67897
49.895 25.894 17.267 0.83055
0.000 26.995 13.552 0.73460
0.000 26.223 13.624 0.57302
0.380 25.464 14.900 0.59354
0.210 25.975 14.316 0.79853
0.000 26.621 14.306 0.66206
0.000 27.151 14.177 0.61328
0.000 27.526 14.176 0.54000
0.000 28.294 15.180 0.71007
0.000 29.226 14.521 0.70383
0.000 29.835 14.522 0.64157
0.000 29.897 15.672 0.74275
0.000 26.847 11.658 1.01856
0.000 21.251 11.112 0.70135
0.000 25.286 11.374 0.72028
0.495 25.739 11.537 0.78615
0.000 26.718 12.764 0.57509
0.000 27.602 12.679 0.64851
0.000 28.780 13.107 0.65771
0.000 30.051 15.754 0.61939
0.000 29.780 16.846 0.51529
0.000 29.490 17.590 0.84197
0.000 23.720 16.269 0.82746
0.000 28.546 16.289 0.89555
0.350 28.979 16.732 1.08125
0.140 27.428 16.801 0.97936
0.000 27.960 15.575 1.01132
0.000 27.817 15.062 0.92086
0.000 26.607 13.735 0.89654
0.000 27.860 13.762 0.65347
0.000 28.025 14.490 0.74972
0.000 28.497 13.616 0.70197
0.000 28.733 11.526 0.77555
0.000 28.983 11.563 0.65289
0.000 29.505 12.818 0.72676
0.000 28.929 13.842 0.86076
0.060 26.956 11.617 0.84190
0.000 27.534 9.530 0.97756
0.000 26.372 9.499 0.86187
0.000 27.633 9.744 0.70870
0.070 27.570 11.561 0.77587
0.335 28.840 14.999 0.97024
0.000 29.186 13.036 0.84079
0.000 28.675 10.340 0.99911
0.000 28.354 9.958 0.88533
0.000 28.339 10.038 0.82905
0.000 29.885 10.513 0.78779
0.605 30.258 13.715 0.79661
0.000 31.810 16.232 0.93867
0.000 32.052 16.474 0.74332
0.320 32.251 12.138 1.32809
9.875 15.611 4.978 1.87015
12.325 11.822 4.987 1.05738
21.410 14.669 6.553 0.55494
0.000 18.995 9.792 0.48616
0.000 23.774 11.845 0.70847
0.000 25.997 11.440 0.68455
0.000 27.516 11.637 0.88086
0.000 28.029 11.371 0.79959
0.000 29.610 11.495 0.63125
0.000 28.776 11.389 0.73458
0.000 27.887 11.806 0.97099
0.000 28.995 13.989 0.74457
0.000 28.941 14.198 0.98245
0.000 25.492 9.450 1.11767
0.000 24.615 7.722 1.06127
0.000 25.600 8.009 0.74717
0.000 26.638 9.246 0.76285
0.000 28.267 11.259 0.92451
0.000 29.363 12.897 0.89974
0.000 29.807 13.051 1.04315
0.000 30.788 14.082 0.66731
0.000 32.328 15.702 0.68659
0.000 33.030 13.551 0.72174
0.000 31.496 13.739 0.85955
0.000 31.384 14.377 0.88593
0.000 32.133 15.399 1.03124
0.000 33.004 16.608 0.69809
0.000 31.685 16.055 1.33110
0.000 30.525 16.494 1.39831
0.000 32.862 18.452 0.87278
0.000 32.504 19.118 1.02380
2.040 29.747 14.359 1.40033
1.190 27.044 14.576 0.99221
1.185 27.651 12.488 1.21909
0.975 28.592 12.894 0.59412
0.000 26.227 14.629 0.96178
0.000 28.143 15.272 0.57190
0.000 30.177 14.225 0.66637
0.025 31.182 15.184 0.61249
0.080 29.583 17.840 0.64908
0.690 32.734 19.078 0.99223
0.000 32.906 19.272 0.65676
0.000 33.721 18.998 0.85414
0.000 35.118 19.149 1.00258
0.000 35.663 18.603 1.09332
0.000 35.891 19.618 1.04175
0.000 34.611 20.483 0.76631
0.000 34.740 19.083 1.18755
0.000 34.772 20.078 1.32315
0.000 36.736 21.520 0.90565
0.000 37.060 21.416 0.85985
0.000 37.627 21.811 1.03087
0.000 36.919 20.672 1.17413
0.000 37.021 19.521 1.17806
0.000 36.558 20.006 1.02166
0.000 37.221 19.808 1.05383
0.000 37.230 20.593 1.00600
0.000 37.501 20.865 1.11592
0.000 37.293 21.459 1.15183
0.000 37.146 22.332 0.90622
0.020 37.099 21.820 1.13426
0.000 30.454 18.630 1.56395
0.000 33.270 19.027 1.19471
0.000 31.132 18.250 1.27246
0.000 34.030 19.304 1.20776
0.000 32.659 20.025 1.51518
0.000 36.071 21.209 0.64056
0.065 36.816 22.549 1.18104
0.125 34.115 22.377 1.09547
0.090 34.874 21.242 1.47867
0.000 36.678 22.074 1.00805
0.000 38.018 23.484 1.16895
0.000 38.633 21.834 1.27068
0.130 38.550 22.902 1.03802
0.000 39.149 23.877 0.95431
5.575 40.000 25.892 0.92893
10.230 39.046 24.730 0.90312
0.000 39.484 23.562 1.16410
0.000 40.622 23.990 0.91235
0.000 40.881 25.215 1.16865
0.000 40.527 24.416 1.47659
0.000 40.725 24.943 0.98873
0.000 40.127 23.176 1.23163
0.000 40.445 24.727 1.02350
0.000 39.663 27.026 0.84329
0.000 39.820 25.384 0.89845
19.490 37.387 23.830 1.46484
0.085 38.065 23.663 1.11643
0.000 38.830 24.341 1.48082
0.000 37.736 23.801 1.44036
0.000 39.392 24.163 1.36293
0.000 39.368 26.258 1.06546
0.000 37.935 25.616 0.87389
0.000 39.879 25.184 0.77516
0.000 41.451 25.725 0.73553
2.190 41.184 27.484 0.86503
5.870 35.843 24.086 1.21642
5.215 32.642 23.061 1.31276
1.740 35.259 23.978 0.84699
0.000 35.217 23.685 0.91573
1.860 34.501 22.954 0.87885
0.000 34.957 23.359 1.17316
0.000 37.729 24.477 0.84561
0.000 38.709 23.843 0.86466
0.000 39.735 25.666 0.81047
0.000 40.181 25.510 1.02550
0.000 40.685 24.276 1.02678
0.000 40.913 26.253 0.81074
2.700 41.425 26.768 0.61506
0.000 39.048 25.896 1.03323
20.460 38.365 24.068 1.20416
19.105 33.439 23.413 1.00237
3.060 32.461 23.425 0.81220
20.570 29.045 21.855 1.03908
58.980 31.789 22.605 1.25754
21.030 31.166 23.012 0.89420
3.805 31.298 22.829 0.78116
1.080 30.637 22.899 0.91728
0.465 31.244 22.133 0.93421
0.410 29.733 21.836 1.16941
0.610 30.386 22.482 1.00301
0.000 32.468 22.963 0.85255
4.270 33.017 22.926 0.90841
0.000 31.816 22.261 0.81785
0.110 33.537 23.382 0.90470
24.555 33.155 22.367 0.79057
11.200 33.419 23.083 0.78347
10.380 29.919 22.254 1.08695
9.115 27.882 22.123 1.18982
24.800 29.737 21.844 1.09830
21.085 29.740 22.164 0.71489
44.970 28.949 22.098 0.69658
8.200 29.882 22.564 0.73432
0.555 29.877 22.272 0.66078
7.415 30.622 22.469 0.75118
8.010 30.089 22.200 0.88277
9.305 30.625 21.330 1.09565
2.515 30.651 21.194 0.97844
2.860 32.318 22.471 1.23254
0.120 30.723 22.025 1.24822
0.000 30.994 21.499 1.05731
0.000 31.958 22.245 1.01687
0.000 31.630 22.701 1.31013
0.000 32.829 22.795 1.28676
0.505 29.017 21.907 0.98944
2.140 28.194 22.193 1.05474
0.280 28.388 21.180 1.05926
41.625 31.398 21.965 0.87604
0.170 30.538 22.428 0.54502
6.130 29.807 22.186 0.63193
5.355 29.834 22.357 0.62089
3.455 31.835 22.223 0.71864
2.325 28.642 21.960 0.89469
0.420 30.953 22.385 0.80441
0.740 30.569 22.686 0.80452
7.440 31.271 22.583 0.57016
6.175 31.854 23.199 0.81510
5.345 31.016 23.287 0.95569
3.195 29.652 22.741 0.68338
19.795 28.880 22.416 0.94714
17.480 28.154 21.747 0.98077
1.505 29.672 21.430 0.91744
72.955 31.175 21.593 1.10976
23.390 30.056 21.667 1.17735
17.955 28.458 22.255 0.88417
0.925 27.230 21.897 0.82498
0.000 29.552 22.485 0.95926
0.000 30.380 22.505 0.78106
0.345 31.204 23.126 0.98552
0.290 29.824 22.594 0.98864
2.395 28.762 22.564 0.96045
3.025 29.133 22.906 0.96816
4.130 28.197 22.086 1.01451
1.405 30.193 22.174 0.90526
3.460 29.148 22.019 0.93767
2.690 30.253 22.106 0.73857
2.190 31.403 21.999 0.86111
26.470 30.909 22.672 0.99501
8.105 26.251 21.448 0.98807
11.850 26.719 21.168 1.01244
4.710 28.065 21.707 0.70485
2.130 28.951 21.514 0.58571
4.610 27.667 21.331 0.56291
0.330 30.412 21.922 0.55527
4.095 29.392 22.202 0.53746
0.935 32.260 22.059 0.38979
8.785 29.526 22.631 0.69678
7.405 25.603 20.753 0.84773
12.315 27.643 21.309 0.83935
0.145 27.669 21.027 0.83938
0.000 30.278 21.702 0.73178
2.445 31.073 22.579 0.73797
2.535 28.311 21.992 0.76539
8.115 28.272 21.862 0.92247
14.990 27.894 21.680 0.87484
3.040 27.907 21.155 0.67334
0.330 30.465 22.335 0.78766
0.235 28.637 21.370 0.87064
0.115 29.908 22.012 0.98025
3.235 30.114 22.503 0.81629
28.115 28.083 22.009 0.88353
21.980 27.158 22.471 1.00125
16.330 26.504 22.087 1.26230
62.325 25.178 21.601 1.09496
17.735 25.131 21.427 1.00055
0.000 28.059 21.051 1.15516
2.880 29.355 21.551 0.89827
8.005 30.057 22.203 1.11643
97.320 28.377 22.729 1.52018
10.570 25.488 20.251 1.36471
0.000 30.669 21.495 0.70379
3.620 30.173 22.331 0.77191
15.665 28.942 21.882 0.60019
0.160 30.257 23.080 0.49286
7.300 30.184 22.215 0.61987
19.220 31.295 23.068 0.47266
14.330 29.901 22.341 0.46071
0.000 30.786 22.498 0.41012
4.255 27.225 22.045 0.63085
0.000 27.385 21.700 0.85267
2.260 29.129 22.326 1.15361
0.275 29.524 22.598 0.99556
0.270 28.225 22.220 0.79481
0.000 27.830 21.566 0.96394
0.490 28.207 22.014 0.71798
8.710 29.806 22.460 0.80322
31.455 25.487 21.850 0.78680
12.890 28.598 21.378 0.60367
4.045 29.547 21.915 0.83598
1.980 27.873 21.654 0.71560
79.955 28.585 22.139 0.58909
4.430 28.577 21.723 0.73216
7.400 29.294 21.670 0.70648
4.090 30.235 21.999 0.68237
6.555 28.518 21.604 0.96212
0.555 30.366 22.351 0.61505
0.000 30.408 22.866 0.44012
7.410 29.304 21.013 0.50903
5.515 32.355 21.763 0.46726
15.865 30.237 21.914 0.43487
7.950 29.040 21.715 0.77358
0.510 29.147 20.012 0.81238
0.455 29.242 20.950 0.77352
0.350 29.834 21.767 0.53178
4.745 30.520 21.977 0.48985
7.285 30.318 21.560 0.47784
2.650 29.447 22.075 0.69899
0.000 30.002 21.295 0.53136
1.640 31.309 22.237 0.36025
0.000 29.604 22.163 0.46791
0.470 29.041 20.938 0.71861
7.180 29.172 21.520 0.64760
5.795 28.157 21.058 0.57050
0.760 29.529 21.073 0.69304
0.000 27.353 20.698 0.65032
26.190 29.294 21.159 0.47484
2.635 27.707 20.470 0.62528
0.000 30.115 20.245 0.48061
0.335 30.288 20.778 0.41069
0.000 30.344 21.251 0.43174
0.090 28.692 21.045 0.43965
11.230 30.196 21.994 0.46447
0.000 28.030 20.499 0.68422
0.000 29.108 20.031 0.67900
0.000 28.020 20.338 0.80953
2.175 28.515 20.845 0.84063
0.340 28.672 20.327 0.80000
0.000 29.208 19.693 0.71640
0.000 29.310 20.005 0.81866
0.000 30.555 20.009 0.69768
0.000 30.219 20.761 0.48495
0.000 29.955 21.474 0.55477
0.000 29.968 21.590 0.51093
2.020 28.709 20.554 0.54933
0.320 27.995 20.796 0.70229
17.030 27.865 20.835 0.56486
17.730 27.717 20.136 0.64472
0.000 29.357 20.515 0.67225
4.750 29.529 20.644 0.54533
5.745 28.545 20.255 0.52633
13.215 27.707 19.487 0.68112
1.970 27.965 19.961 0.68844
13.375 26.586 18.760 0.80073
0.000 27.130 17.825 0.75990
0.360 26.252 16.993 0.76298
0.000 26.909 17.337 0.57317
0.000 27.878 17.635 0.40312
0.000 29.779 18.548 0.51242
10.960 27.985 19.065 0.51936
14.590 26.827 17.921 0.92966
1.405 23.084 17.701 0.61963
32.215 22.454 17.110 0.54814
1.620 24.109 17.238 0.51905
0.000 26.970 18.127 0.64098
0.000 29.280 19.069 0.50913
0.000 29.394 19.836 0.37650
0.000 29.005 19.791 0.40138
0.000 28.298 18.903 0.57443
0.000 28.058 17.920 0.49898
0.000 28.504 17.823 0.43837
0.000 27.770 15.717 0.67468
0.000 26.802 13.765 0.86374
0.000 25.967 12.348 0.92796
0.000 25.210 12.550 0.86521
0.000 26.206 13.779 0.71234
0.000 25.933 16.866 0.61861
0.215 26.890 16.947 0.64361
0.000 28.061 16.806 0.58991
0.000 22.388 16.008 0.53571
0.000 25.567 15.722 0.78158
0.000 23.788 15.792 0.57333
0.000 25.810 15.236 0.52444
0.000 25.060 14.760 0.67821
0.000 25.541 14.854 0.66782
0.000 25.900 15.535 0.63668
0.920 25.428 15.807 0.53434
0.000 25.408 16.167 0.83893
0.000 25.038 14.076 0.73042
0.000 23.896 13.644 0.77426
0.930 23.549 12.326 0.89056
0.000 24.277 12.260 0.82188
0.000 24.638 12.242 0.74121
0.000 24.908 12.501 0.51092
0.000 25.664 14.395 0.45869
0.000 25.496 15.866 0.55766
0.000 26.710 14.754 0.69183
0.000 24.838 14.222 0.88715
0.000 16.397 11.449 0.94032
0.000 21.711 11.467 0.53692
0.000 24.609 13.647 0.42140
0.000 25.599 14.528 0.59232
0.000 26.276 15.111 0.67555
0.000 26.370 13.391 0.69228
0.000 26.861 13.478 0.68830
0.000 26.028 13.724 0.59920
0.000 26.119 14.373 0.64548
0.000 26.512 15.382 0.49216
0.000 26.547 15.273 0.63016
0.185 26.234 14.312 0.67544
0.000 23.733 13.590 0.61345
0.000 23.061 10.550 0.92427
0.000 22.541 10.098 0.86204
0.305 23.751 10.691 0.66395
0.195 20.883 15.196 0.77148
0.655 25.175 15.270 0.57175
3.725 26.102 17.476 0.63319
37.245 22.448 14.209 0.95806
13.240 22.163 14.236 0.51050
0.000 25.000 14.326 0.59856
0.000 25.281 13.835 0.71515
0.000 25.609 13.841 0.75709
0.000 26.542 14.079 0.46684
5.555 23.902 17.980 0.59901
5.175 23.683 17.882 0.82946
0.365 25.957 17.772 0.87444
0.000 27.661 16.747 0.63476
0.000 26.211 15.001 0.74522
0.000 26.558 13.250 0.52404
0.000 26.197 13.328 0.57172
0.000 26.695 14.148 0.57014
0.000 26.884 14.493 0.57331
0.000 26.890 14.415 0.71642
0.000 26.982 14.625 0.49324
0.000 26.731 15.017 0.54319
0.000 25.402 13.327 0.61258
4.020 24.746 13.548 0.49230
0.000 24.881 13.814 0.58900
0.000 25.156 12.486 0.94261
0.000 25.339 12.029 0.70210
0.000 25.175 12.284 0.52412
0.000 25.649 13.420 0.72572
0.000 26.346 13.446 0.69538
0.000 27.680 13.634 0.58435
0.000 26.332 13.903 0.85986
0.000 27.207 14.282 0.55889
0.000 27.194 14.423 0.58622
0.000 26.618 13.770 0.74099
0.000 26.605 11.367 0.97233
0.000 28.035 11.693 0.56730
0.000 27.821 13.916 0.75676
0.000 28.105 13.365 0.66844
0.000 27.470 12.167 0.73526
0.000 27.468 12.420 0.65080
0.000 26.686 13.178 0.83250
0.000 26.089 12.087 0.91938
0.000 24.982 12.417 0.72825
0.000 25.951 12.942 0.61265
0.000 26.291 12.714 0.64539
0.000 26.275 13.313 0.65628
0.000 26.697 13.612 0.57298
0.000 27.967 13.856 0.54913
0.000 28.278 14.360 0.61263
0.000 28.981 14.929 0.82119
0.000 29.570 15.379 0.88621
0.000 29.748 15.333 0.91516
0.000 30.322 16.045 0.79996
0.000 31.733 15.368 0.75874
0.000 31.656 15.604 0.79308
0.000 31.418 15.890 0.99217
0.000 29.162 14.951 1.37925
0.000 28.137 15.602 0.99892
0.000 29.708 15.759 0.83289
0.000 29.244 16.740 0.95299
0.000 25.721 14.748 0.89390
0.000 29.789 15.669 0.84589
0.000 30.908 16.447 0.80148
0.000 31.535 17.424 0.70521
0.000 32.381 16.734 0.68607
0.000 31.928 16.927 0.63484
0.000 31.915 18.028 0.96344
0.000 31.357 18.540 1.22162
0.000 31.076 19.422 0.76663
0.000 32.267 20.029 0.68343
0.000 33.721 17.831 0.98897
0.000 32.195 18.064 1.03932
0.000 33.117 18.293 0.65275
0.000 33.337 17.772 0.65802
0.000 33.733 18.301 0.92420
0.000 32.812 19.462 1.21447
6.790 31.964 18.094 1.06604
0.000 33.525 17.340 0.84698
0.000 32.977 16.809 0.73600
0.000 33.006 16.341 1.02790
0.000 32.227 16.566 0.93141
0.000 34.362 17.144 0.95817
5.180 34.701 19.529 0.78503
0.000 34.016 21.083 0.83998
2.095 32.469 17.668 1.59804
0.000 28.469 17.399 1.30814
0.230 31.202 18.255 1.03506
6.905 31.828 19.508 1.09797
0.000 33.846 20.062 1.19996
0.000 34.094 20.114 0.91095
2.930 26.432 17.982 0.93099
0.180 25.182 16.358 0.79655
3.515 29.901 17.819 0.73436
3.055 30.268 19.298 0.70701
0.000 31.018 20.201 0.66014
0.000 32.357 21.007 0.61678
0.000 33.714 20.463 1.00045
0.000 34.612 20.930 1.08853
0.000 33.764 22.054 0.96529
0.000 34.961 22.602 0.96150
0.000 34.944 22.517 1.01373
0.370 34.915 22.899 0.85624
47.045 27.651 20.004 1.25105
30.180 28.498 20.299 0.81158
2.405 30.404 20.542 0.60287
7.970 28.242 20.761 0.62468
2.860 28.982 19.946 1.42269
0.000 30.770 19.786 0.89603
0.000 32.485 21.495 0.85188
0.315 32.824 21.541 0.79510
3.030 33.150 20.901 0.75770
0.815 31.712 22.006 0.67131
3.545 31.739 20.794 0.69428
0.380 32.934 20.908 0.89569
0.000 32.563 21.113 0.73299
0.000 33.838 21.988 0.54715
2.645 34.491 22.463 0.69743
18.580 28.622 20.408 1.18595
0.405 28.793 20.633 0.82151
0.000 31.185 21.762 0.76076
0.510 33.178 21.832 0.94636
0.000 34.561 22.097 0.75393
0.000 35.176 22.862 0.76929
2.440 35.016 23.373 0.57373
0.000 31.207 22.174 0.92287
0.300 32.133 22.191 0.46363
5.475 30.769 21.471 0.90312
0.055 33.222 22.156 0.68273
7.865 34.552 22.836 0.68996
3.165 31.449 21.972 0.88276
0.000 31.203 22.347 0.80148
5.110 30.209 22.186 0.95819
1.035 31.402 22.370 0.76331
8.445 31.091 22.969 0.96037
21.350 32.223 22.871 1.16738
47.935 26.972 18.986 1.03147
6.735 25.101 19.517 1.27275
2.155 28.636 20.384 0.68197
0.000 31.814 21.683 0.64925
4.960 31.011 23.130 0.74748
0.000 33.437 23.241 0.86732
0.000 31.923 23.782 0.82324
1.650 30.987 23.819 0.64834
55.870 29.913 23.165 0.72540
14.410 29.698 22.688 0.84315
7.425 25.596 20.868 0.75673
3.325 30.738 21.058 0.57107
0.130 31.299 20.838 0.88933
1.095 30.398 21.664 0.98800
1.885 28.110 21.817 1.06588
2.585 30.703 23.207 1.02329
0.940 29.363 22.473 0.85608
6.500 31.628 22.932 1.04070
0.120 31.946 22.879 1.08618
10.620 30.930 22.803 1.18351
0.000 31.256 22.392 0.86266
6.345 31.420 22.741 0.74766
19.930 29.459 22.773 0.51128
14.660 30.036 23.026 0.74680
1.720 28.144 22.141 1.07928
0.000 30.542 22.043 1.20674
3.665 29.829 22.503 1.14921
26.470 29.603 22.267 0.91026
22.080 30.300 22.186 0.95802
9.875 30.579 22.346 0.96267
2.850 28.924 21.642 1.06620
0.090 29.034 21.315 1.00006
0.000 30.660 23.037 1.04187
7.205 27.552 22.744 1.05397
0.000 30.061 21.917 1.18820
1.955 30.405 20.429 1.14669
0.085 29.904 21.934 1.04363
0.375 31.443 21.915 0.97190
0.600 31.210 22.453 1.08936
0.750 28.959 21.787 0.74715
6.150 30.332 22.310 0.72270
5.050 29.108 22.032 0.66537
0.485 29.023 22.051 0.73795
10.545 27.860 21.984 0.47914
15.330 27.541 21.365 0.92736
5.960 28.534 22.112 1.11412
0.065 28.614 21.264 1.13234
4.780 30.146 21.258 1.14742
17.570 28.409 21.859 0.92620
8.640 27.663 21.484 1.13270
0.660 26.089 20.876 0.86282
0.585 29.563 21.757 0.86917
4.490 28.665 21.993 0.86140
22.630 28.203 21.913 0.91178
18.775 27.577 21.669 0.84890
17.445 27.321 22.041 1.04208
0.000 26.890 21.404 1.09445
13.555 29.556 21.588 0.89135
29.475 29.350 21.932 0.87056
20.910 27.756 21.804 0.76760
7.245 28.815 22.258 0.73803
8.005 29.040 22.472 0.55839
36.160 28.371 21.191 1.76821
1.010 29.076 21.125 1.09241
31.080 28.899 21.989 0.77885
8.075 28.148 21.708 0.75066
19.925 29.542 22.038 0.54800
12.980 26.894 21.372 0.70761
31.234 29.318 22.002 0.61227
18.085 30.816 22.229 0.75625
0.395 29.128 21.755 0.75988
8.175 30.423 22.705 0.72240
28.500 30.124 22.120 0.45320
3.355 30.670 22.651 0.53609
4.010 31.076 22.432 0.64954
1.545 30.244 23.096 0.84094
5.355 27.384 22.400 0.83124
0.780 29.383 22.503 0.87502
0.000 29.161 22.524 0.92906
0.000 28.528 21.826 0.95284
9.300 28.377 22.459 0.74405
12.225 27.158 22.269 0.83516
17.115 28.408 21.931 0.95847
1.530 27.820 21.822 0.94983
0.970 28.141 22.266 0.89389
5.065 28.281 21.826 0.80686
5.110 29.443 21.725 0.87045
1.140 29.445 22.145 0.87228
4.575 29.206 21.837 0.85971
2.050 29.915 22.974 0.74509
46.055 27.939 22.236 0.60506
67.735 27.118 21.937 0.85721
4.250 26.881 21.480 0.98882
0.035 25.591 20.840 0.82286
1.110 26.730 20.578 0.70565
27.055 29.475 21.824 0.78099
9.175 27.888 21.128 0.49958
11.255 29.440 21.745 0.75278
0.000 30.172 22.066 0.66074
49.590 31.085 22.688 0.77416
21.710 26.468 22.099 1.05561
12.890 27.216 21.497 0.87249
12.475 26.056 21.130 0.36073
1.675 30.639 22.066 0.50901
0.785 29.809 21.903 0.54815
6.480 30.277 22.369 0.46138
7.095 28.454 21.911 0.47476
3.500 29.530 21.726 0.81147
7.755 27.255 22.054 0.68429
2.605 29.078 22.016 0.82698
0.000 29.652 22.553 0.63330
0.060 28.542 22.815 0.73070
26.770 27.745 22.334 0.79422
10.915 29.125 21.925 0.57475
27.315 27.826 21.302 0.74408
12.020 28.977 22.070 0.80968
1.695 27.385 21.694 0.65146
3.495 26.623 21.156 0.76452
2.155 27.159 21.355 0.64964
0.000 29.152 21.707 0.93454
0.000 30.512 21.902 0.53508
5.530 31.210 21.752 0.48091
7.745 29.983 22.145 1.05443
12.840 27.896 21.521 0.96738
6.925 28.023 21.851 1.20289
0.000 28.213 21.313 0.80951
0.000 30.269 21.779 0.51890
1.830 31.533 22.535 0.39209
5.710 30.924 21.308 0.37725
3.695 30.667 22.145 0.64179
5.910 29.479 21.553 0.55912
0.005 31.691 22.546 0.57736
8.570 28.604 21.417 0.68767
0.000 29.127 21.222 0.84583
4.985 29.785 21.885 0.75114
6.395 29.179 22.146 0.41220
38.540 28.734 21.661 0.52265
0.360 30.472 22.254 0.44446
10.425 28.259 20.604 0.53046
0.000 30.345 21.634 0.44656
7.430 28.891 21.923 0.63089
11.460 28.290 20.318 0.93162
3.475 26.446 19.877 0.86847
4.425 28.596 20.359 0.68202
4.390 29.138 21.234 0.72758
8.945 26.227 21.138 0.61788
2.920 29.979 21.810 0.70753
47.440 28.050 22.264 1.41557
4.510 25.494 21.107 0.92112
10.780 27.381 21.289 0.79693
10.100 28.292 20.963 0.77375
0.000 29.412 21.024 0.60752
4.490 29.175 21.891 0.63603
3.175 27.995 19.270 0.89953
0.000 26.666 18.552 0.75835
0.000 26.220 19.068 0.60283
0.000 28.557 19.799 0.47631
0.000 29.125 20.700 0.51624
0.000 30.062 21.343 0.53414
28.910 29.618 21.313 0.58614
0.000 28.554 19.592 0.87528
0.000 26.351 18.696 0.89532
0.000 27.861 19.296 0.74861
0.000 27.811 19.763 0.48072
0.000 28.290 19.727 0.54042
0.000 27.447 20.011 0.45657
1.100 27.719 17.097 0.88425
0.000 24.213 13.144 1.06921
0.000 24.369 13.640 0.73800
0.000 26.463 15.025 0.68786
0.000 25.814 16.578 0.67367
0.000 25.086 15.720 1.00605
0.000 24.221 12.695 1.22041
1.285 24.233 13.132 0.98026
7.700 23.594 15.786 0.87543
5.170 24.634 17.199 0.97773
0.660 26.114 17.677 0.81829
1.905 25.205 18.512 0.65456
0.000 28.181 19.153 0.62789
0.000 28.377 19.218 0.36783
0.330 28.460 19.427 0.45826
0.000 28.244 19.585 0.43132
0.000 28.791 19.894 0.53338
0.675 28.994 19.085 0.59968
1.305 27.827 19.298 0.63228
0.000 28.928 20.356 0.55021
0.000 29.552 20.226 0.70508
0.000 26.875 20.134 0.82998
1.050 26.718 18.919 0.57180
0.000 27.495 18.773 0.63200
0.375 27.413 18.487 0.92444
0.045 23.198 15.987 0.78849
0.040 17.789 13.987 0.79103
0.000 22.314 13.671 0.76650
0.000 23.835 13.851 0.74825
0.000 24.945 15.158 0.50190
0.000 26.139 15.941 0.53638
0.000 26.591 15.768 0.60089
0.000 26.298 15.899 0.76723
0.000 26.818 16.655 0.58897
0.000 25.754 15.745 0.78729
0.000 25.680 13.696 0.72136
0.000 25.360 13.837 0.74189
0.000 24.426 15.070 0.78077
0.000 24.756 15.172 0.58774
0.000 26.165 16.282 0.56644
0.000 26.904 16.424 0.80019
8.165 22.019 15.020 0.59508
0.230 24.782 15.282 0.48350
0.580 23.436 17.899 0.69721
0.445 27.284 17.842 0.63114
0.000 26.949 14.392 0.74645
0.000 25.830 12.364 0.76791
0.000 25.182 12.392 0.72018
0.290 25.120 13.164 0.86150
0.000 21.095 11.604 0.82495
0.000 20.381 6.793 0.94971
0.000 18.545 5.040 1.13019
0.000 16.772 2.756 1.21659
0.000 18.558 2.781 0.91249
0.000 21.698 6.433 0.71908
0.000 23.438 9.751 0.67019
0.000 24.078 10.290 0.94382
2.130 21.692 10.133 0.93568
20.635 18.646 10.736 0.59413
22.850 17.964 13.313 0.76244
0.000 22.290 13.518 0.73991
0.395 24.337 14.860 0.68520
5.615 26.194 16.200 0.63816
0.600 23.865 13.672 0.68989
1.955 22.490 13.409 0.68798
1.085 24.418 14.021 0.59367
7.890 22.627 15.424 0.62032
0.220 24.783 16.397 0.65634
2.100 25.716 16.703 0.54996
0.000 26.139 17.787 0.81662
3.470 26.486 17.635 0.92983
0.000 27.290 17.634 0.72769
0.025 27.663 15.957 0.85188
0.000 22.552 12.435 0.87983
0.000 20.417 10.798 0.82127
0.000 17.550 10.299 0.81800
0.000 20.992 10.498 0.59573
0.000 22.666 12.364 0.66119
0.000 23.732 12.574 0.69465
0.000 24.993 13.411 0.56392
0.000 25.595 13.515 0.63609
0.000 26.035 12.199 0.56200
0.000 26.593 12.121 0.61240
0.000 25.633 11.363 0.49295
0.000 25.276 10.410 0.75557
0.000 25.933 10.547 0.56234
0.000 25.784 11.781 0.58472
0.000 25.832 12.028 0.67911
0.000 26.946 12.547 0.60024
0.000 27.304 16.993 0.65089
0.000 27.155 16.999 0.81636
0.000 26.991 15.192 0.78170
0.000 27.333 13.639 0.68862
0.000 25.559 12.443 0.77382
0.000 25.696 12.691 0.95418
0.000 22.443 11.777 0.88691
0.000 24.362 11.734 0.95539
0.000 21.214 10.991 0.66658
0.000 23.450 11.125 0.89062
0.000 23.503 11.472 0.78064
0.315 21.576 10.787 0.75788
0.000 23.507 11.134 0.82749
0.000 24.650 13.095 0.80543
0.075 25.398 14.018 0.84867
0.000 27.103 13.747 0.45556
0.000 28.241 14.228 0.53377
0.000 26.396 13.770 0.76410
0.000 25.898 13.974 0.74103
0.000 27.723 14.593 0.78987
0.000 29.382 14.155 0.86843
0.000 29.072 11.997 0.81800
0.000 29.516 12.704 0.64961
0.000 28.773 16.462 0.69103
0.000 29.380 16.829 0.67852
0.000 29.667 16.279 0.68038
0.000 29.538 16.562 0.55453
4.230 29.613 18.159 0.70346
4.920 25.405 16.362 1.05687
0.000 28.208 17.073 0.64548
0.000 29.598 16.768 0.50863
0.000 28.139 16.965 0.84163
0.000 28.767 16.157 1.02524
0.000 28.609 16.870 0.49039
0.000 29.775 17.859 0.70108
0.460 30.304 16.764 0.82798
0.000 30.534 16.106 0.84407
0.000 30.228 16.204 0.71669
0.000 31.746 16.717 0.46878
0.000 32.198 17.136 0.64183
0.000 30.965 16.921 0.64393
9.025 30.983 17.085 0.65940
0.575 22.376 14.532 1.00399
0.000 26.708 14.639 0.64260
0.000 27.635 15.893 0.84144
0.750 27.766 16.808 0.99459
0.000 28.865 16.430 0.67499
0.000 29.710 16.853 0.64805
0.000 29.605 16.806 0.64081
0.000 30.145 16.835 0.92161
0.795 30.315 17.985 1.09359
3.415 30.904 19.623 0.70217
0.000 31.054 17.623 0.72233
0.000 31.797 18.452 0.64086
0.000 30.452 18.239 1.14279
0.000 28.713 17.159 1.01703
0.000 29.474 18.272 0.87041
0.000 30.279 18.309 0.88927
7.865 30.339 18.798 0.80590
0.330 30.635 19.777 0.93400
1.280 29.492 18.211 1.26805
0.000 30.293 19.258 0.99813
0.000 31.385 19.063 0.66621
0.000 30.877 19.786 0.81242
4.475 28.422 19.629 0.71742
1.220 29.574 20.132 0.59805
1.435 27.860 19.942 0.66712
0.045 31.320 20.104 0.57255
20.055 28.513 18.775 0.85449
0.035 29.932 19.700 0.56419
0.020 30.544 15.623 0.93511
6.505 19.592 12.787 1.37513
0.000 25.797 13.177 0.69579
0.000 28.400 16.902 0.67426
0.000 31.080 19.448 0.76343
0.000 31.475 20.836 0.79239
0.000 33.522 21.047 0.67269
0.000 33.470 22.094 0.55975
0.000 33.514 22.835 0.57240
5.270 33.812 21.842 0.66326
18.135 30.603 20.739 0.86736
26.205 29.803 19.162 0.72391
0.845 28.486 18.957 0.90018
2.475 29.690 19.746 0.89577
0.000 30.812 19.414 0.82099
0.000 32.337 20.558 0.83273
0.000 33.080 21.549 0.89656
0.000 33.531 21.680 0.66521
9.305 33.530 22.682 0.77408
29.960 32.870 22.194 0.49983
0.205 30.649 21.770 0.47820
25.420 26.784 20.587 0.71793
19.715 28.696 19.679 0.81233
1.130 29.480 20.288 0.67400
0.000 30.481 20.831 0.55447
53.275 28.539 21.359 0.92615
6.380 26.815 20.581 0.65785
1.825 29.924 21.447 0.88142
12.550 27.598 21.839 0.89487
0.290 30.421 20.909 1.02183
0.000 32.094 21.993 0.86411
1.225 32.863 21.613 0.95467
0.430 33.291 22.374 0.82644
10.815 29.141 23.274 0.51630
40.550 30.196 22.511 0.77610
0.000 28.787 20.870 0.89271
38.505 29.464 20.969 0.79528
0.520 29.290 20.365 0.63039
0.000 31.293 19.613 0.70711
6.515 31.068 20.436 0.79579
18.435 31.291 21.100 0.74223
13.380 30.407 21.031 0.88665
9.575 29.309 21.120 0.90662
1.615 30.116 21.296 0.79830
0.000 30.761 21.732 0.75203
0.635 29.616 21.790 0.70807
0.360 28.825 21.425 0.89339
10.640 29.239 21.130 0.74703
15.460 29.208 21.292 0.93738
0.670 29.654 21.965 0.92289
3.575 29.882 22.317 0.85023
17.445 28.202 22.107 1.01350
2.515 28.068 21.356 1.39636
14.975 28.815 22.151 1.14633
3.360 27.911 21.968 1.15685
0.435 30.091 22.371 0.96441
2.560 28.381 22.335 0.75279
0.000 29.350 21.657 0.73785
9.550 30.527 22.603 0.76760
1.390 30.928 22.532 0.61077
0.390 30.674 22.432 0.64870
17.505 28.801 22.364 0.90283
9.070 29.954 22.329 1.10414
0.820 27.688 21.614 0.88476
0.065 29.952 21.949 1.21750
3.465 29.748 21.710 1.35170
10.230 29.305 20.997 1.75246
4.980 27.948 20.594 1.57050
0.040 29.199 20.668 1.64807
2.145 29.127 21.585 1.08009
4.025 29.336 22.314 1.13360
0.425 28.120 21.587 0.65569
11.680 29.282 22.524 0.59146
4.095 29.125 22.330 0.61443
14.710 27.642 22.075 0.65662
1.380 29.491 22.567 1.00019
45.250 28.961 22.335 1.00617
2.280 27.745 21.446 0.94244
3.350 29.120 22.285 1.17454
6.285 27.742 21.774 0.96839
52.545 27.091 21.367 0.84840
27.305 26.503 20.886 1.01470
1.010 26.557 20.817 0.84491
0.980 26.283 20.509 0.95661
0.000 29.665 21.413 0.99259
3.025 29.669 21.978 0.95158
0.035 28.475 21.918 0.80834
0.000 29.714 21.812 1.07036
1.125 30.028 21.940 1.18781
0.000 30.115 21.831 1.17244
0.000 30.765 22.788 0.87617
1.240 28.853 22.647 0.81960
11.645 28.305 23.006 0.78488
12.145 26.804 21.974 0.81738
0.040 27.554 21.931 0.84713
0.320 27.424 22.011 0.76638
7.840 29.164 22.064 0.72544
9.780 27.467 21.702 0.67393
0.000 31.306 22.256 0.73157
0.065 29.909 21.955 0.77371
1.125 29.425 22.071 0.84608
28.825 28.672 22.280 0.83456
16.520 29.902 22.836 0.80244
1.670 31.847 23.661 0.73271
38.960 30.013 22.462 0.97628
58.270 25.614 21.716 1.10360
14.000 29.413 21.831 1.04378
0.000 29.631 22.365 0.98233
9.985 30.211 22.295 0.93825
21.145 28.582 22.264 1.01042
4.875 27.194 22.199 1.15419
24.595 27.273 21.613 1.13178
12.360 27.402 21.890 0.99747
6.435 25.812 21.587 0.85541
11.705 27.181 21.834 1.10047
6.555 26.156 20.975 0.99701
2.845 27.998 20.980 1.09847
0.000 28.272 21.688 0.89805
0.200 27.693 21.380 0.84947
5.795 28.632 21.895 0.97955
0.175 27.504 21.970 0.92249
0.000 27.442 21.367 0.90484
0.080 28.883 21.676 0.89388
0.000 28.769 21.997 0.69605
1.095 28.846 22.229 0.76771
11.370 29.694 21.627 0.45549
0.000 30.493 22.316 0.72745
0.495 27.645 21.809 0.97969
9.045 28.698 22.308 0.91838
30.860 27.114 22.002 1.07853
7.010 28.565 21.724 1.00047
0.500 29.445 22.072 0.86651
29.630 28.216 22.479 0.84416
65.555 26.369 22.688 1.21214
1.725 27.845 21.590 0.94859
0.565 28.195 21.846 0.91576
27.130 27.681 21.969 0.79565
18.000 28.072 22.343 0.74063
41.185 28.917 22.624 0.87261
1.110 26.941 21.670 0.82308
10.035 27.033 21.941 0.91407
0.000 28.581 21.684 1.01283
0.220 28.701 21.396 0.87254
1.305 28.671 21.314 0.86428
3.155 28.005 21.729 1.05051
19.345 24.859 21.718 0.98112
9.630 26.404 21.520 0.89988
11.175 27.862 20.893 1.24473
0.120 29.010 21.779 0.88602
25.330 27.737 21.718 0.80793
27.075 26.342 20.999 0.85592
6.005 27.253 20.874 1.10900
0.080 28.039 20.100 0.83423
0.000 30.241 21.332 0.63940
3.635 29.830 22.655 0.60933
6.810 26.535 21.225 0.65457
9.945 29.716 21.800 0.47932
3.745 28.416 20.824 0.71262
0.610 30.505 21.510 0.51975
11.615 30.028 22.104 0.72972
8.470 28.400 21.442 0.58661
0.000 29.225 22.084 0.67539
0.105 30.957 21.640 0.75678
0.000 31.683 22.190 0.65447
50.845 28.922 22.659 0.57904
11.565 26.333 21.745 0.64263
0.070 27.342 20.686 1.04183
1.145 28.878 21.393 0.65210
3.415 30.749 22.146 0.47505
0.965 30.486 21.449 0.46649
0.000 30.620 21.609 0.47922
0.095 29.341 20.741 0.70370
0.000 29.704 21.295 0.80995
0.000 30.271 22.100 0.64274
11.785 28.850 22.891 0.54793
27.480 30.139 21.653 0.34893
7.260 27.791 21.939 0.66144
2.405 27.968 21.688 0.54712
5.210 28.895 21.178 0.67375
23.960 23.376 18.825 0.69100
0.440 27.988 19.404 0.46876
0.000 28.505 19.997 0.50394
0.000 28.938 20.497 0.39734
0.000 28.912 20.456 0.58869
0.000 28.916 19.912 0.76457
0.020 28.582 19.802 0.78700
0.405 28.530 20.077 0.63326
15.345 28.824 19.870 0.60052
0.810 24.628 19.764 0.66600
2.730 26.287 19.606 0.57466
2.270 26.158 20.277 0.56783
0.000 29.294 20.681 0.55201
0.000 30.104 21.131 0.64989
0.025 29.242 21.299 0.77816
12.060 29.597 21.889 0.56753
0.000 27.814 21.533 0.44559
0.000 28.167 20.872 0.57366
4.565 28.318 20.994 0.67528
35.625 27.736 20.684 0.44581
0.140 26.820 20.580 0.57293
25.840 26.715 20.167 0.38462
3.570 28.197 20.133 0.51214
1.190 28.917 20.481 0.43930
0.000 28.624 20.904 0.45652
0.175 27.891 19.513 0.71599
0.000 28.891 19.773 0.51429
0.000 28.682 19.515 0.41320
0.000 27.609 17.957 0.78323
0.000 25.636 15.836 0.99868
0.000 24.416 13.608 0.83329
0.000 25.468 13.648 0.59593
0.000 25.910 14.099 0.49928
0.000 26.495 14.816 0.70571
0.000 27.901 15.037 0.58890
0.000 27.883 15.518 0.61027
0.000 28.553 16.226 0.47399
0.000 27.806 16.780 0.59643
0.220 26.199 18.523 0.70139
5.035 26.417 18.842 0.86012
0.985 27.239 19.281 0.59034
6.600 27.541 19.372 0.54675
0.545 28.311 19.583 0.44274
4.640 29.086 20.018 0.41779
0.485 28.753 19.648 0.45736
0.000 29.363 19.843 0.55706
0.000 29.599 20.395 0.62700
7.180 30.434 20.086 0.49719
0.000 28.853 19.502 0.61215
0.000 28.651 18.464 0.56147
0.000 28.345 17.871 0.68678
0.000 24.017 16.240 0.70526
0.000 26.699 16.295 0.50520
0.000 26.393 15.868 0.49880
0.000 26.037 15.359 0.65413
0.000 25.352 14.711 0.74322
0.000 24.455 11.641 0.80405
0.000 23.435 11.891 0.82330
0.000 24.946 13.358 0.59529
0.000 26.819 16.137 0.49844
0.000 27.292 16.392 0.46638
0.000 27.628 17.949 0.53159
0.000 28.062 17.852 0.45996
0.000 27.960 17.631 0.45715
0.000 27.720 17.494 0.59892
0.045 27.813 17.953 0.62386
4.995 25.817 18.587 0.54391
2.820 23.521 17.903 0.71399
0.030 25.690 16.729 0.86844
0.000 22.486 15.829 0.81269
5.145 26.745 15.842 0.61800
7.365 23.063 14.618 0.68777
0.000 20.111 14.597 0.79622
0.125 21.055 14.685 0.71447
0.000 23.943 14.671 0.64753
0.000 25.848 14.695 0.69909
0.000 25.056 15.010 0.73463
0.000 25.585 15.072 0.43937
0.000 25.431 16.129 0.65587
0.045 26.177 16.690 0.42687
0.000 26.595 13.858 0.83318
0.000 25.947 13.539 0.78017
0.000 25.113 13.044 0.89032
0.000 25.243 12.715 0.62170
0.000 24.904 12.113 0.59259
0.000 24.897 11.317 0.63213
0.000 25.195 11.318 0.75557
0.000 25.735 12.322 0.59539
1.000 20.635 14.104 0.55695
0.565 20.702 11.325 0.72532
0.000 19.010 10.907 0.77579
0.000 21.929 10.954 0.60106
0.000 23.332 12.541 0.74275
0.210 24.344 13.023 0.57395
0.035 25.038 13.248 0.62716
0.040 25.015 15.603 0.66289
0.305 24.722 17.466 0.57952
12.780 25.813 17.535 0.56018
31.995 22.205 17.742 1.03381
2.655 24.001 17.245 1.01938
0.000 25.852 16.503 0.77142
0.015 26.435 15.952 0.56937
0.000 26.772 16.046 0.50764
0.000 26.990 15.714 0.48783
0.060 27.211 15.776 0.51745
0.000 25.768 16.581 0.69072
0.000 25.626 15.312 0.52926
0.000 24.734 14.908 0.69880
0.095 25.096 13.760 0.66350
0.000 25.566 13.859 0.54349
0.000 26.513 14.322 0.51395
0.000 27.192 14.522 0.66677
0.000 25.210 14.654 0.72402
0.000 25.385 13.761 0.52132
0.000 26.285 12.349 0.62888
0.000 25.641 11.223 0.75185
0.000 25.406 11.487 0.57011
0.000 24.912 13.166 0.55553
0.000 25.204 13.544 0.55624
0.000 25.843 13.800 0.60095
0.000 26.617 13.338 0.71024
0.000 26.045 12.273 0.92508
0.000 26.885 12.677 0.44988
0.000 27.412 14.338 0.60318
0.000 27.223 12.698 0.73402
0.000 28.412 12.675 0.71195
0.000 27.647 12.135 0.71079
0.000 27.520 12.366 0.65351
0.000 28.244 12.816 0.73862
0.000 27.835 13.178 0.79946
0.000 29.061 13.692 0.73968
0.000 29.769 13.954 0.68768
0.000 28.244 14.177 0.72946
0.000 25.626 18.140 0.81416
0.000 29.322 15.909 0.54545
0.000 30.126 16.208 0.61376
0.000 29.750 16.785 0.60963
4.415 29.487 17.162 0.70372
0.000 29.169 14.947 1.01219
0.000 27.834 15.065 0.83235
0.000 28.619 15.776 0.70741
0.000 29.365 14.901 0.74199
0.000 28.942 15.025 0.69476
0.000 30.031 15.383 0.69703
0.000 30.191 15.716 0.71422
0.000 31.108 15.201 0.58633
0.000 31.113 15.544 0.70304
0.000 31.005 17.205 0.62135
0.000 29.269 16.190 0.66364
0.170 29.097 16.789 0.63354
0.000 31.496 17.214 0.69472
0.000 30.367 16.496 0.73358
0.000 30.719 16.864 0.60434
0.000 31.642 16.498 0.72573
0.000 32.067 16.756 0.71219
0.000 31.333 17.465 0.61675
0.000 30.787 18.599 0.75685
0.000 31.832 17.717 0.95011
0.000 30.311 13.249 1.16101
0.000 29.088 13.671 0.87280
0.000 29.674 14.493 0.78390
0.000 30.194 15.759 0.76761
0.000 30.893 15.704 0.74219
0.000 31.497 15.809 0.68845
0.000 32.069 16.483 0.55098
0.000 31.580 17.959 0.80216
0.000 32.860 18.887 0.81986
9.080 32.361 19.624 0.68500
0.000 32.299 19.622 0.74322
0.000 33.515 18.065 0.78847
0.000 32.028 17.404 0.82369
0.000 31.621 16.280 0.94570
0.000 32.820 17.379 0.84583
0.000 32.988 19.234 0.95699
0.000 33.681 20.668 0.76738
0.000 31.961 21.492 0.77206
0.300 27.682 18.359 0.97279
0.000 31.762 16.985 0.71625
0.000 31.777 18.198 1.00060
0.000 33.262 17.690 0.59573
0.000 34.381 18.409 0.77620
0.000 34.145 19.427 0.92404
0.000 33.378 20.136 0.86737
0.000 33.849 21.154 0.83957
0.000 32.865 21.687 0.54986
0.000 31.775 20.818 0.64903
0.165 32.798 20.962 0.81636
0.000 34.428 19.349 1.11510
0.000 34.623 20.424 0.66268
0.000 34.353 21.612 0.69037
0.000 35.076 20.838 0.68957
0.000 34.892 21.291 0.71436
0.000 34.780 22.093 0.67973
0.000 35.886 21.295 0.56455
0.000 36.865 20.544 0.79191
0.000 37.151 22.178 0.87954
0.000 37.259 23.536 0.66293
13.585 35.942 22.326 0.82126
4.150 36.542 22.956 0.80880
0.000 37.782 23.789 0.69484
0.000 37.137 23.640 0.75195
17.860 36.243 23.404 0.56848
0.000 35.778 22.420 0.89714
0.000 35.709 23.098 0.86857
0.965 36.237 24.341 0.56594
2.195 36.230 23.074 0.60295
0.000 36.251 23.237 0.68043
0.000 37.145 23.141 1.03801
0.000 37.267 22.594 1.03023
0.000 37.099 21.731 0.88934
0.000 37.612 23.389 0.80088
0.000 37.512 24.275 0.66720
0.000 38.223 25.246 0.61409
8.155 35.981 24.027 0.66330
0.000 35.476 24.129 1.07600
0.000 35.609 23.975 0.83670
0.000 36.068 23.774 0.88581
0.015 36.385 23.303 0.72651
0.000 35.565 24.098 1.09216
0.000 35.101 24.277 1.04134
0.880 37.102 25.058 1.21077
16.560 32.795 24.435 1.12634
2.075 35.546 24.526 0.84246
26.665 30.830 22.804 0.72516
0.000 30.866 22.157 0.67718
0.000 32.558 22.885 0.84250
5.705 31.992 22.625 0.93646
0.000 34.581 23.552 0.81416
0.000 37.170 23.039 0.92198
0.000 38.346 23.888 0.86215
0.165 37.401 24.533 0.91107
11.605 33.437 23.449 0.85148
2.305 30.412 22.310 0.67822
0.000 32.127 22.961 0.66261
1.335 32.969 23.085 0.94018
22.375 32.102 22.794 1.01042
0.770 34.028 23.508 0.81041
0.000 31.789 22.980 0.78354
0.495 31.616 23.057 1.05646
0.715 28.805 22.336 0.99983
7.850 29.088 22.355 1.20438
16.740 29.634 22.475 0.99596
9.955 28.003 22.318 0.71109
5.485 29.613 22.224 0.78125
1.225 28.438 22.362 0.86096
0.000 32.221 22.572 0.86374
0.005 31.906 22.767 1.03585
0.000 29.493 22.231 0.85634
3.135 30.362 22.610 1.01749
1.205 31.232 23.223 0.81347
2.960 31.263 23.017 0.97468
0.000 29.640 23.429 0.83791
0.830 30.878 23.397 1.22712
1.770 32.187 23.057 1.32782
0.640 31.059 23.049 1.24742
0.000 31.340 22.549 1.05685
0.935 32.042 23.194 1.17501
3.200 32.532 23.156 1.43599
0.015 31.471 22.456 1.18598
0.170 31.382 22.606 1.25542
0.000 30.523 22.704 1.18346
0.000 32.698 22.985 1.10431
0.000 35.129 23.388 1.02845
0.000 36.139 24.068 0.78267
0.470 36.349 24.035 0.79738
31.870 31.353 22.970 1.14376
6.390 31.916 23.639 0.94761
0.330 29.293 22.612 0.97168
0.000 33.519 23.159 1.41578
0.000 32.733 22.912 1.16246
0.005 33.183 20.960 1.44462
1.390 32.131 22.500 1.11033
33.380 29.670 22.131 0.84848
0.040 28.409 22.450 1.01069
1.585 27.488 22.016 1.04032
15.245 27.693 21.522 1.08368
1.540 30.266 21.764 1.32298
0.000 32.013 21.977 1.14424
0.000 33.556 22.838 1.01705
4.815 32.185 22.499 0.99572
4.435 32.708 22.699 1.05065
2.225 29.318 22.470 0.92457
0.035 33.440 21.989 1.34556
0.040 33.325 22.450 0.92318
0.000 32.076 22.631 1.15207
1.000 32.877 22.569 0.97525
0.000 32.838 23.000 0.87824
2.630 31.735 23.073 0.64287
0.210 33.058 24.055 0.89865
0.000 33.857 23.397 0.90351
0.600 33.139 23.915 0.94159
7.710 30.308 22.963 0.85367
1.245 30.932 22.877 1.06839
7.925 28.537 21.723 0.92316
20.340 30.732 21.828 0.86416
6.940 28.575 21.892 1.05778
7.010 29.027 21.394 1.17254
44.240 26.919 21.240 0.92019
1.535 28.501 20.133 0.99203
0.000 30.645 21.952 0.78657
2.665 25.849 21.623 0.93612
14.855 27.826 22.132 0.70916
31.315 28.307 22.108 0.80112
0.385 30.772 22.157 1.09210
0.035 29.777 21.660 1.32809
15.140 28.594 22.220 1.08513
36.965 25.964 21.831 1.55367
1.035 29.172 22.139 1.39738
0.000 28.759 22.173 1.19397
0.000 30.017 22.030 0.90667
1.750 31.438 23.220 0.88683
3.015 30.346 23.246 0.86313
17.375 27.734 22.571 0.72420
3.465 29.640 22.650 1.02580
16.115 28.327 22.368 0.88400
7.505 27.998 22.332 0.90874
27.110 29.393 22.464 0.90449
38.430 30.840 22.814 0.88615
3.610 27.687 22.641 1.15484
0.140 27.105 21.778 1.31603
6.835 28.948 21.386 0.96035
0.000 30.361 22.436 1.08930
34.205 27.877 21.955 0.79135
5.560 28.503 21.659 0.85837
22.610 27.922 21.615 0.94788
36.570 27.271 21.845 0.54528
11.085 27.437 21.390 0.68875
28.515 31.458 22.624 0.57152
0.000 28.290 22.022 0.68604
50.800 29.511 21.770 0.61483
1.570 28.749 22.277 0.71023
8.910 31.467 23.278 0.49390
23.470 30.063 22.575 1.20240
15.305 28.600 21.527 1.21334
0.105 29.950 22.144 0.78404
6.555 28.970 22.221 0.64101
8.430 30.968 21.985 0.58016
0.025 31.693 22.048 0.56313
0.000 29.591 22.184 0.94405
0.325 30.379 22.107 0.85230
0.000 30.051 21.889 0.84789
0.655 28.960 21.650 0.87702
1.455 29.936 22.529 0.84912
29.535 27.104 21.583 0.98111
10.685 26.345 21.012 0.74455
0.000 28.899 21.193 0.73046
6.410 31.266 21.524 0.58603
0.000 31.707 22.081 0.68830
0.000 32.191 21.204 0.43220
0.000 31.723 22.063 0.43536
28.615 32.605 22.729 0.44664
0.535 31.084 22.336 0.59162
7.185 29.960 21.063 0.57126
1.410 30.607 21.678 0.65601
0.000 28.078 20.008 0.69926
0.000 29.147 19.066 1.04919
0.000 28.667 18.233 0.85184
0.000 28.578 18.807 0.81850
0.440 28.691 19.036 0.61716
1.225 28.480 19.785 0.52998
0.995 24.853 18.429 0.70401
0.000 29.086 17.536 0.59615
0.000 29.531 17.969 0.59870
0.000 31.209 18.985 0.54157
0.000 30.168 20.306 0.70167
0.000 29.362 21.813 0.64465
0.530 29.299 21.930 0.65823
19.575 29.164 20.009 0.57600
2.745 29.170 20.159 0.44246
6.050 29.673 20.255 0.52837
0.000 29.372 18.268 0.54408
1.170 29.725 19.438 0.57006
0.000 29.421 20.569 0.60270
0.000 29.482 20.550 0.53330
0.285 29.433 21.005 0.60528
0.000 30.232 21.007 0.48359
31.140 28.737 20.678 0.68908
0.860 26.367 18.630 0.91070
1.105 28.371 19.202 0.53591
0.295 28.901 19.923 0.64185
1.050 29.919 20.200 0.63746
1.075 29.340 20.224 0.46729
0.000 28.713 19.534 0.58959
0.000 29.585 19.465 0.45707
0.000 29.299 19.941 0.56185
0.000 30.337 20.691 0.58197
0.045 31.673 20.777 0.45294
0.000 31.747 20.398 0.44267
0.860 30.609 20.992 0.57098
0.000 30.012 21.293 0.41224
0.000 29.923 21.124 0.48420
0.000 29.738 20.091 0.51049
0.000 25.479 17.003 0.90080
0.000 26.630 13.681 0.81414
0.000 23.333 14.333 0.81658
0.000 27.579 15.516 0.75787
6.415 28.635 18.427 0.63488
0.000 28.705 19.714 0.59249
0.000 28.878 18.921 0.61561
0.315 27.385 18.286 0.74905
10.535 25.406 18.753 0.62887
0.000 26.511 19.305 0.68636
0.000 26.340 17.112 0.70930
0.000 26.740 17.446 0.55568
0.000 27.412 17.906 0.51390
0.000 28.151 16.545 0.54022
0.000 29.026 16.772 0.50794
0.000 28.643 17.465 0.78382
0.000 27.221 17.433 0.80492
0.000 28.125 17.371 0.51207
0.000 28.254 17.534 0.62892
0.000 28.551 17.249 0.63574
0.000 29.171 17.335 0.52108
0.000 26.894 16.063 0.61159
0.000 26.964 15.973 0.66401
0.000 27.266 16.054 0.59005
0.000 26.359 15.859 0.56721
0.000 27.465 15.945 0.51185
0.000 27.541 15.572 0.49132
0.000 27.603 15.627 0.63831
0.000 27.546 14.881 0.55622
0.000 28.309 14.976 0.58495
0.000 28.133 16.360 0.59413
0.000 27.553 15.601 0.68796
0.000 27.465 15.741 0.67093
3.010 28.471 16.397 0.54435
0.000 26.798 14.742 0.88431
0.000 24.542 12.262 0.62748
0.000 23.903 9.863 0.82907
0.000 22.867 8.436 0.95114
0.000 20.567 5.075 1.17464
0.000 19.996 3.959 1.00185
0.000 20.469 4.019 0.87852
0.000 21.663 5.266 0.71810
0.000 22.709 6.573 0.64506
0.000 23.560 7.372 0.58698
0.000 23.718 8.525 0.64062
0.000 24.684 9.142 0.68248
0.000 25.499 10.688 0.53929
0.000 25.966 11.000 0.65236
0.000 27.115 10.990 0.64443
0.000 27.850 12.656 0.66206
0.000 28.450 14.310 0.54190
0.000 28.545 16.667 0.66231
0.000 27.902 16.535 0.95943
0.000 27.430 16.189 0.77664
0.000 28.102 14.800 0.49425
0.000 27.379 12.813 0.69639
0.000 27.805 12.805 0.71043
0.000 28.093 13.732 0.73871
0.000 28.694 13.686 0.54145
0.070 25.605 14.404 1.06705
3.275 24.873 14.108 0.83779
2.355 24.930 14.002 0.54996
0.000 26.541 14.539 0.63723
0.000 27.368 14.650 0.74949
0.000 27.453 15.224 0.70838
0.000 28.119 15.646 0.58279
0.000 27.831 15.669 0.62905
0.000 27.863 16.190 0.76514
0.000 27.655 16.435 1.03650
0.000 28.530 16.657 0.80639
0.000 28.910 15.930 0.80265
0.000 29.049 15.988 0.63406
0.000 29.461 15.914 0.43306
0.000 29.526 14.848 0.64762
0.000 29.220 12.895 0.81717
0.000 29.201 12.869 0.63229
0.000 28.177 14.669 0.88464
0.000 28.400 14.888 0.82190
0.000 29.198 14.230 0.65157
0.000 29.408 13.636 0.59350
0.000 29.762 13.641 0.50980
0.000 29.557 14.809 0.59598
0.000 29.437 15.113 0.70033
0.000 28.834 15.772 0.92833
0.000 28.827 15.935 0.94688
0.000 30.799 15.365 0.82783
0.000 31.658 14.104 1.05743
0.000 30.915 13.807 0.97802
0.000 29.549 10.964 1.17573
0.000 28.824 10.554 0.84093
0.000 26.582 10.322 1.02047
0.000 27.615 10.479 0.64249
0.000 27.756 11.036 0.65398
0.335 27.262 11.364 0.75021
0.000 26.895 12.829 1.05493
0.000 28.033 13.163 0.83648
0.000 30.097 14.432 0.97141
0.000 30.691 14.232 0.85455
0.000 30.361 14.346 0.81233
0.000 29.334 15.643 1.18446
0.000 30.386 15.624 0.73077
0.000 31.276 16.191 0.67573
0.000 30.385 17.863 0.98876
0.000 30.070 15.771 1.23062
0.000 29.574 15.847 1.09639
0.000 31.242 15.548 0.94161
0.000 31.703 14.935 1.02770
0.000 31.587 14.232 1.09883
0.000 31.159 14.127 1.25652
0.000 31.702 15.004 0.94144
0.000 32.588 13.913 0.75869
0.000 30.147 13.448 1.13997
0.000 28.589 13.941 1.18217
0.000 29.599 15.908 0.83022
0.000 30.093 16.592 1.00548
0.000 30.334 15.728 0.95992
0.000 30.208 14.754 0.81299
0.000 30.314 15.247 0.73355
0.000 30.429 16.274 0.82170
0.000 31.886 17.325 0.79087
0.000 32.898 18.044 0.97267
0.230 26.621 18.134 0.76616
0.000 30.574 18.820 0.87031
0.000 30.517 18.756 0.99538
0.000 33.432 19.149 0.67610
0.000 34.280 19.304 0.79464
5.525 34.445 19.592 0.83941
0.685 32.435 19.284 0.85302
0.000 29.228 16.614 1.65817
0.000 33.174 17.534 0.95632
0.000 34.298 18.005 0.93486
0.000 35.063 17.233 1.02773
0.000 35.066 18.111 0.89477
0.000 35.949 18.543 0.77504
0.000 35.293 18.201 1.09930
0.000 36.556 19.187 0.86651
0.000 36.605 20.485 0.68978
0.000 37.382 21.464 0.84949
0.000 34.022 21.328 1.43415
0.000 34.540 20.450 1.08438
0.000 36.372 21.110 0.97432
0.000 37.388 19.259 1.04702
0.000 34.109 20.131 0.67599
0.000 33.157 19.119 1.22712
0.000 35.815 18.587 1.07357
0.000 35.490 19.444 0.69838
0.000 35.388 20.594 0.80097
0.000 35.003 20.148 1.04267
0.000 35.888 19.086 1.10161
0.000 36.081 19.915 1.02032
0.000 36.563 20.712 0.94750
0.000 37.281 20.119 0.80625
0.000 37.430 20.515 1.16517
0.000 38.024 20.788 1.06094
0.000 37.959 20.736 0.95751
0.000 38.184 21.145 1.35490
0.000 38.091 21.079 1.11944
0.000 37.999 20.918 0.94740
0.000 37.537 21.568 0.92511
0.000 36.444 22.428 1.33977
0.000 37.105 23.731 1.04901
0.000 37.596 23.041 1.16672
0.000 36.626 23.390 1.16644
0.000 35.283 22.227 1.54949
0.030 35.327 21.750 1.45335
0.005 36.621 22.693 0.53242
0.000 36.635 19.043 1.44210
4.430 31.273 17.413 1.36144
0.000 32.048 18.006 0.60275
11.275 34.046 21.135 1.12254
0.000 35.035 22.751 1.20969
0.000 33.263 22.642 1.20774
1.560 32.281 22.018 1.12188
0.660 37.776 23.251 0.91683
0.000 36.889 22.973 0.88173
0.000 38.032 24.147 0.94790
0.135 37.343 24.052 0.97584
0.820 34.630 23.472 1.63096
10.310 33.939 18.794 1.42650
29.250 28.012 18.986 0.89920
27.680 27.339 19.382 0.89574
7.515 27.398 17.611 1.09030
2.240 29.450 18.177 0.62858
15.815 29.525 20.633 0.90082
0.845 28.458 21.289 0.75112
9.050 30.934 21.931 0.75582
7.695 29.900 22.433 0.84148
0.000 32.253 22.896 0.64773
0.000 33.864 22.433 0.80425
0.000 33.727 23.249 0.85454
1.125 35.220 22.636 1.08096
3.205 36.638 23.981 0.82657
0.345 37.224 23.138 1.23660
26.780 32.491 23.222 0.99830
16.825 33.747 23.732 0.68974
5.330 33.589 23.306 0.76782
0.000 34.105 23.245 0.65808
2.980 33.741 22.507 0.92594
0.000 35.156 22.550 0.77502
0.000 36.363 23.294 0.90858
0.000 37.831 23.977 0.97611
0.720 37.130 24.322 0.83250
0.000 36.941 24.001 0.91304
0.570 33.476 23.640 1.24243
0.000 36.337 22.494 1.59103
0.000 35.555 23.578 0.91675
0.000 37.664 23.835 1.07802
0.000 38.918 24.115 0.76307
1.995 36.555 23.073 1.51070
0.000 38.427 23.824 1.28246
0.000 38.507 25.266 1.24882
0.000 38.228 24.581 1.20504
15.850 32.788 22.513 0.93390
4.605 32.385 22.814 0.76360
10.545 31.261 23.018 0.80975
2.960 29.129 22.260 0.94735
0.245 31.490 22.872 0.77855
5.655 32.319 23.052 0.95278
0.000 30.574 23.334 0.79175
11.160 31.779 23.187 0.79024
2.065 31.696 23.138 0.90665
4.865 30.446 22.233 1.05654
0.410 30.924 22.670 1.21317
2.965 29.325 22.458 1.06345
0.000 30.022 23.156 0.92849
0.315 28.944 22.440 1.02718
0.005 32.355 23.149 1.10364
0.110 33.365 23.803 0.86625
10.995 30.500 22.915 0.88817
12.190 31.174 23.207 0.82881
7.870 31.426 22.131 1.09985
2.615 31.110 22.488 1.37451
11.255 26.812 22.627 1.17008
1.765 28.708 22.276 0.97616
6.395 29.791 22.375 0.82648
0.000 31.180 22.452 0.90748
0.000 31.653 23.347 0.89572
0.000 30.155 23.118 0.68408
15.870 31.312 23.150 0.87783
18.365 29.617 22.779 0.82366
14.630 29.984 22.684 0.93235
23.415 28.785 22.891 0.81541
0.085 27.433 22.105 0.75444
0.005 30.754 22.023 0.91225
0.000 30.409 23.193 0.89433
0.470 28.689 22.618 0.87800
8.565 29.119 22.597 0.82794
0.105 28.949 22.344 0.76071
8.325 28.873 22.423 0.77205
0.620 28.804 21.731 0.90474
0.000 30.288 22.061 0.91371
4.300 30.836 22.993 0.67985
4.480 29.516 23.276 0.69726
0.100 28.199 22.129 1.14178
1.645 29.036 22.387 0.87295
4.660 29.083 22.368 0.87027
3.405 27.850 22.098 0.83618
39.470 27.656 21.725 0.89409
6.960 28.110 21.881 0.58810
0.000 30.012 21.607 0.77572
0.945 30.533 22.190 0.81782
0.430 30.866 22.842 0.91222
1.070 28.189 22.613 1.11337
0.135 29.599 22.205 0.86253
11.045 30.809 22.417 0.77601
7.320 28.669 22.034 0.67642
11.645 28.244 22.305 0.64662
1.045 29.655 21.059 0.72358
0.000 30.888 22.014 0.96437
0.230 31.504 22.704 0.57382
0.000 32.150 23.172 0.69451
0.530 30.213 22.588 0.79178
18.870 29.677 22.374 0.71090
0.740 28.699 22.220 0.71697
0.000 30.568 22.045 0.69680
0.000 31.205 23.159 0.71562
9.680 27.854 23.634 0.55551
16.630 28.443 22.183 0.86566
86.310 29.754 23.047 0.56078
15.940 27.352 22.006 1.04904
12.335 28.073 22.450 1.07115
1.655 27.747 22.385 0.78292
25.730 28.436 22.709 0.66163
14.800 27.622 21.777 0.64473
0.000 29.975 22.288 0.85850
4.230 30.857 22.707 1.06549
6.020 28.178 22.650 0.82256
21.495 28.391 22.116 0.90346
0.000 28.162 21.614 0.83334
0.105 29.270 21.915 1.10887
9.245 26.892 21.405 1.06048
7.555 26.310 21.102 0.93460
20.420 27.861 21.116 0.97265
7.965 27.016 21.113 0.77814
18.510 25.999 20.702 0.75247
8.225 29.167 21.043 0.74116
51.030 30.047 22.030 0.81145
12.885 25.678 22.208 0.84455
5.430 28.400 22.230 0.97755
12.575 26.613 21.535 0.99818
0.960 29.303 21.547 0.86707
11.125 28.955 22.210 0.62686
2.500 28.841 21.149 0.88054
0.000 31.986 21.383 0.97154
0.000 31.348 22.649 0.75843
0.000 30.804 22.396 0.53718
0.000 29.734 22.871 0.58492
2.370 27.671 21.121 0.48032
2.240 30.326 22.245 0.62498
0.000 29.278 22.142 0.74998
0.000 28.948 22.179 0.62732
3.070 29.887 22.178 0.62794
0.000 27.697 21.141 0.45526
4.645 30.147 21.428 0.56573
41.590 29.413 20.344 0.74183
23.840 27.973 19.360 0.98837
0.240 27.429 18.163 0.99070
0.535 27.934 17.990 0.78634
1.755 28.313 18.581 0.78687
0.340 28.133 18.567 0.89132
0.055 28.411 19.388 0.87040
1.175 29.404 20.840 0.84771
0.155 26.734 20.303 1.03341
0.185 28.518 18.506 1.03954
5.380 25.150 17.565 1.17787
3.550 26.409 18.351 1.02043
4.885 23.558 17.812 0.91531
8.640 24.341 17.874 0.71101
0.050 25.329 18.230 0.63675
0.000 27.129 18.179 0.80330
44.480 26.240 15.955 0.81405
0.110 25.064 16.676 0.57605
0.090 25.798 17.334 0.75600
0.210 28.651 18.332 0.60126
8.575 28.534 20.093 0.68826
0.120 28.704 20.288 0.87151
6.995 24.519 17.912 1.44158
0.000 25.270 18.046 1.00460
0.330 28.027 19.070 0.82713
0.125 29.614 20.471 0.51873
0.695 30.084 21.000 0.49641
0.000 26.482 18.783 0.88428
19.830 26.823 19.000 0.92391
0.000 25.066 19.011 0.67846
0.085 28.927 19.331 0.44185
6.295 27.957 18.283 0.78235
0.000 27.035 16.756 0.92182
0.055 25.686 13.925 0.94987
0.035 24.361 12.326 1.05142
0.000 24.808 12.638 0.88437
0.000 25.512 15.868 0.75601
0.095 26.126 14.962 0.87034
0.000 25.095 12.228 0.89223
0.915 25.811 12.611 0.88300
0.425 25.715 16.703 0.66828
1.515 28.552 18.231 0.50044
0.580 28.169 17.204 0.51415
0.000 27.061 14.866 0.70016
0.000 27.703 14.404 0.66942
0.000 27.347 13.586 0.81840
0.000 28.116 13.862 0.68012
0.000 28.401 16.801 0.52695
0.005 27.369 17.298 0.66333
0.000 27.413 17.343 0.57972
0.115 27.428 17.456 0.61570
2.440 26.446 17.307 0.68352
3.595 25.963 16.674 0.58685
0.375 25.689 14.008 0.78671
0.405 24.210 12.787 0.93962
0.155 24.412 12.847 0.80935
1.390 26.005 13.202 0.54341
0.140 25.906 15.353 0.54628
15.900 23.362 13.241 0.67880
0.925 23.062 12.675 0.50857
0.000 24.508 12.688 0.57403
0.000 25.751 13.189 0.54706
0.000 25.169 13.225 0.54798
0.000 24.861 13.004 0.51678
0.000 25.488 12.995 0.55709
0.000 25.385 12.916 0.54630
0.000 25.356 12.966 0.58838
0.000 25.772 12.859 0.47887
0.000 26.686 12.861 0.62293
0.000 27.385 14.054 0.44111
0.000 27.681 15.517 0.60997
0.000 25.759 15.459 0.67116
0.000 24.629 14.047 0.81947
0.000 25.014 12.365 0.60289
0.000 22.645 8.689 0.92595
0.000 21.032 7.288 0.95668
0.000 21.653 7.504 0.92225
0.000 23.163 8.397 0.88570
0.000 24.250 9.597 0.79978
0.000 25.284 10.810 0.63282
0.000 26.261 13.085 0.65014
0.000 27.462 15.698 0.61137
0.000 27.988 14.732 0.63095
0.000 26.924 12.515 0.80828
0.000 24.467 11.499 0.76624
0.000 23.236 9.182 0.63151
0.000 30.790 21.479 0.45909
0.000 31.503 22.617 0.51374
0.000 30.158 23.532 0.36039
0.000 29.755 22.638 0.65934
0.000 30.623 22.492 0.66024
0.000 29.952 22.610 0.76527
0.000 29.610 22.462 0.62537
0.000 27.412 22.139 0.87719
0.000 29.088 22.367 0.64924
0.000 28.098 21.728 0.86436
0.000 27.717 21.611 0.69900
0.000 28.160 21.800 0.69677
0.000 29.431 22.498 0.69330
0.000 29.785 21.648 0.73186
0.000 29.717 21.880 0.73220
0.000 29.926 22.721 0.72234
0.000 28.202 22.643 0.52783
0.000 29.710 21.489 1.20832
0.000 28.733 21.697 1.43115
0.000 26.930 22.029 0.86692
0.000 28.157 21.904 0.76747
0.000 27.908 22.040 0.59603
0.000 28.702 22.212 0.56378
0.000 28.064 21.657 0.56239
0.000 28.200 22.159 0.85636
0.000 29.065 22.165 0.57993
0.000 27.434 22.394 0.45335
0.000 30.005 21.501 0.50135
0.000 29.657 21.712 0.60416
0.000 29.655 22.064 0.82662
0.000 21.674 8.202 0.85010
0.000 22.511 8.220 0.73074
0.000 24.638 9.622 0.64142
0.000 24.772 11.156 0.76962
0.000 26.447 11.582 0.60170
0.000 27.451 12.792 0.48582
0.000 27.552 14.786 0.54745
0.000 25.311 12.817 0.95090
0.000 23.419 10.996 0.57226
0.000 23.928 11.090 0.66750
0.000 20.847 8.176 1.31022
0.000 17.357 6.490 1.00805
0.000 21.458 6.606 0.70066
0.000 23.585 9.604 0.81091
0.000 25.323 10.288 0.64514
0.000 25.915 12.322 0.65773
0.000 26.370 12.402 0.90586
0.000 22.654 9.867 0.87647
0.000 24.225 9.981 0.57502
0.000 25.054 10.637 0.86460
0.000 26.135 12.446 0.56521
0.000 26.602 14.555 0.57147
0.000 27.649 13.294 0.92299
0.000 27.611 13.278 0.67380
0.000 28.280 13.702 0.70061
0.000 28.996 13.884 0.56092
0.000 29.427 15.430 0.59492
0.000 30.244 16.262 0.55580
0.000 26.642 15.126 1.00706
7.635 26.303 15.385 1.04009
0.000 26.424 16.330 0.88744
0.000 27.701 15.709 0.54797
0.000 28.533 15.388 0.60570
0.000 28.792 15.700 0.73759
0.000 28.525 15.506 0.73925
0.000 28.823 15.460 0.61759
0.000 28.317 15.994 0.84849
0.000 27.954 17.016 0.81675
39.100 24.742 12.491 1.09761
0.000 23.391 9.770 0.98624
0.000 24.188 10.564 0.89379
0.000 26.217 11.180 0.61347
0.000 27.315 13.768 0.62810
0.000 27.558 14.762 0.94703
0.000 27.789 14.878 0.99894
0.000 28.138 15.329 0.97316
0.000 28.597 15.265 0.76666
0.000 29.141 15.706 0.86893
0.000 26.445 15.357 0.66641
7.665 26.429 15.124 0.69746
0.005 27.196 15.868 0.49068
0.000 29.085 16.331 0.66982
0.000 30.264 17.602 0.53643
0.000 30.498 19.115 0.67055
0.000 31.578 17.907 0.92411
0.000 32.143 16.463 0.84931
0.000 31.554 15.589 0.77775
0.000 31.202 15.956 0.84537
0.000 31.544 16.598 0.70261
0.000 31.846 16.827 0.55498
0.000 33.351 18.533 0.80493
0.000 28.399 18.259 1.02115
0.000 32.058 18.502 1.11750
0.000 33.047 16.676 0.90936
0.000 32.508 15.333 0.77104
0.000 33.097 15.754 0.62674
0.000 32.559 16.691 0.64451
0.000 32.772 17.269 0.67846
0.000 32.875 18.257 0.92741
0.000 32.987 19.214 0.57379
0.000 33.208 19.421 0.63069
0.000 33.095 18.866 0.57853
0.000 33.223 19.885 1.01207
0.000 33.721 19.875 0.79223
0.000 34.383 20.139 0.75562
0.000 34.947 21.045 0.62358
0.000 35.610 20.756 0.55525
0.000 36.169 21.885 0.77575
0.000 36.512 22.092 0.89609
0.000 37.366 19.922 1.10788
0.735 28.197 17.273 1.02166
0.065 31.585 18.232 0.69053
1.875 33.592 19.726 0.78097
9.185 34.481 21.488 0.84228
8.165 34.111 22.219 0.86015
0.000 34.226 21.259 0.69263
0.000 35.353 21.931 0.78253
0.000 35.985 22.095 0.88717
0.000 35.264 20.412 0.91156
0.000 36.035 19.624 0.91953
0.000 35.998 20.230 0.75296
0.000 35.940 21.145 0.76825
12.005 36.242 22.239 0.65625
10.135 23.392 19.505 1.21416
23.770 23.098 19.010 0.90639
0.015 26.034 17.771 0.66957
0.000 29.258 18.454 0.64477
0.000 31.699 21.075 0.59046
0.000 32.609 20.878 0.52724
0.060 31.932 20.886 0.81555
0.655 30.155 21.459 0.94865
1.525 29.252 21.560 0.69057
0.065 29.294 21.496 0.68611
3.300 29.075 21.637 0.66244
0.055 31.444 21.056 0.76081
24.345 32.424 21.323 0.64479
28.650 27.872 20.758 0.60985
0.000 29.565 19.170 0.60711
0.000 31.443 20.365 0.81198
0.320 32.218 21.119 0.78664
0.000 34.008 21.229 0.75035
0.000 35.547 22.099 0.74495
0.000 35.476 23.697 0.85435
20.140 34.046 23.954 0.88095
25.960 30.980 22.872 0.87433
0.055 29.524 21.769 0.67440
5.020 28.770 20.313 0.85751
0.550 30.756 21.504 0.65638
14.450 26.634 20.137 0.76058
0.735 29.819 20.738 0.45227
13.675 29.027 20.945 0.61880
0.030 29.657 21.451 0.60368
4.725 31.469 21.374 0.96643
4.805 30.675 22.275 0.59617
3.295 29.796 21.021 0.57859
6.945 28.834 20.557 0.81367
0.000 31.154 21.800 0.41924
2.810 32.086 21.306 0.76398
0.420 32.244 20.958 0.93572
0.300 32.954 22.826 0.77732
30.665 32.712 23.345 0.61004
4.085 29.999 23.237 0.70913
5.820 32.286 22.808 0.92057
1.050 34.574 23.095 0.76910
5.220 35.144 23.267 0.64478
0.000 34.869 23.733 0.70640
1.345 33.507 23.988 1.04786
0.000 32.259 23.972 0.92774
1.435 28.831 22.864 0.66919
0.715 31.417 22.942 0.84950
2.955 32.266 23.078 0.98678
4.540 32.412 23.824 0.94320
3.430 31.776 24.417 0.56031
8.535 30.272 23.331 0.55207
2.305 29.289 22.070 0.91681
0.000 28.917 22.613 0.65411
7.305 28.278 22.618 0.63577
2.490 28.268 22.671 0.54131
4.000 30.241 22.339 1.00382
0.925 31.161 22.985 1.01900
0.000 30.227 23.323 0.94064
0.000 29.650 22.505 0.45292
0.000 29.446 21.982 0.47084
2.965 29.187 21.728 0.56955
5.465 29.389 21.132 0.41112
0.685 29.887 20.630 0.69625
0.000 28.743 21.134 0.81261
2.130 30.411 21.358 0.57157
6.855 30.447 21.853 0.47760
23.160 30.953 22.455 0.30416
0.175 31.707 21.068 0.74306
1.975 26.142 18.926 1.30109
6.820 27.299 19.133 0.74594
99.080 28.252 19.550 0.87590
39.200 26.014 19.483 0.88011
0.515 24.857 19.517 1.05732
0.000 22.946 17.220 1.10656
0.175 25.047 16.883 1.14496
0.000 25.569 17.098 0.85372
0.055 28.596 19.282 0.71231
0.000 29.233 21.348 0.78775
0.000 28.709 21.719 0.62198
0.055 25.236 18.165 0.75702
0.225 23.365 18.073 0.62356
0.510 26.377 18.362 0.60916
1.955 26.447 18.768 0.61561
3.175 28.664 19.223 0.29671
16.195 28.459 19.223 0.66670
4.880 29.485 19.195 0.62148
3.060 28.281 19.700 0.67746
8.855 27.988 20.107 0.62599
2.595 27.554 20.089 0.80956
2.135 28.361 20.316 0.69503
5.075 28.536 20.641 0.56775
0.560 30.035 20.586 0.47256
4.070 27.167 20.573 0.72139
21.270 28.805 20.537 0.54545
0.425 29.293 19.500 0.51526
31.530 29.712 19.368 0.72265
2.020 23.709 15.893 1.03524
1.540 25.281 16.269 0.52131
0.000 24.600 16.113 0.74211
0.715 26.631 16.375 0.48597
0.000 27.553 17.989 0.48254
3.660 25.604 17.655 0.65668
24.450 25.901 17.936 0.63959
1.185 27.341 18.368 0.54860
0.275 27.821 18.935 0.73142
27.930 28.911 19.305 0.55948
34.030 27.733 18.905 0.64240
10.345 28.366 18.045 0.55950
0.000 28.121 16.802 0.59429
4.235 28.922 16.562 0.54884
11.410 28.856 16.777 0.61693
3.805 25.908 16.173 0.72891
20.180 25.079 15.486 0.53336
0.190 23.886 15.561 0.71244
0.000 25.124 16.877 0.53276
2.360 25.374 15.361 0.63316
3.190 25.160 14.422 0.81198
0.030 25.964 14.594 0.83996
15.070 25.150 13.158 1.04488
2.005 23.722 11.523 0.85377
28.955 22.517 9.269 0.85493
36.745 21.721 8.587 0.88990
0.000 21.930 8.490 0.81726
0.000 22.240 8.657 0.81154
0.105 22.720 10.862 0.79589
0.000 23.669 11.134 0.67588
0.805 23.586 10.909 0.71145
22.050 25.576 11.053 0.66343
11.735 25.746 14.560 0.44396
24.480 26.045 14.758 0.52749
16.640 25.691 14.876 0.64902
13.630 23.857 13.011 0.65805
24.120 24.196 12.495 0.56490
4.940 24.633 11.728 0.52930
1.265 24.911 11.521 0.84518
0.865 25.700 11.828 0.73841
1.975 23.920 10.841 0.82250
5.675 22.069 8.740 0.89102
0.035 21.820 8.927 0.84542
0.000 23.517 9.742 0.73116
0.000 24.202 10.756 0.50452
43.370 24.428 12.610 0.87325
4.815 24.241 13.727 0.59891
0.000 25.008 13.845 0.82866
0.675 24.735 15.116 0.87535
0.340 25.092 13.013 0.84839
0.325 24.714 13.011 0.53453
0.275 26.295 13.681 0.46652
23.665 23.608 16.042 0.55625
2.750 25.461 14.577 0.62970
0.705 29.653 23.048 0.65470
7.210 29.767 22.779 0.73468
3.890 33.217 23.300 0.81541
8.400 30.708 23.119 0.61623
15.250 29.466 22.858 0.84699
6.860 31.075 23.317 1.00479
0.935 28.160 22.869 0.82306
2.520 27.263 22.491 0.82334
3.530 27.090 21.698 1.05861
0.000 29.481 22.446 1.09720
0.000 27.662 21.817 0.76732
0.000 30.140 21.854 0.60639
42.770 28.232 21.634 1.44983
18.305 24.739 20.918 1.17537
9.695 29.110 20.667 1.23745
3.060 28.966 21.186 1.13559
2.325 29.837 21.478 1.05882
1.265 30.747 21.230 1.03682
1.730 31.593 21.382 1.06875
10.370 32.177 21.392 1.10116
10.800 32.732 23.168 0.92709
16.580 27.657 22.056 0.78894
8.045 28.317 22.214 0.83019
0.065 28.926 22.379 0.89041
4.690 28.812 21.790 0.92248
2.160 28.419 22.209 1.13718
19.110 28.217 21.915 1.04918
0.385 29.534 21.877 1.00171
1.910 28.846 21.743 0.85312
0.000 29.626 21.780 0.91732
93.439 30.434 21.828 1.07662
0.000 29.940 22.216 1.09792
9.645 29.669 22.122 0.87244
3.015 31.589 23.133 0.69860
0.000 30.247 23.097 0.50029
0.000 29.051 21.909 0.44524
0.000 30.507 22.110 0.55667
0.000 27.991 21.773 0.70473
0.000 29.808 21.896 1.12268
16.790 30.037 21.684 0.96785
4.440 30.881 22.115 1.05624
0.000 30.569 22.420 0.91170
2.125 31.167 22.140 0.77667
5.785 30.990 22.836 0.72176
3.455 26.957 22.102 0.64589
1.005 29.382 22.285 0.63605
0.360 29.982 22.164 0.76823
0.395 29.014 22.404 0.87355
0.000 27.356 22.124 0.97150
0.000 27.182 21.982 1.18109
14.600 29.419 21.676 1.38101
30.975 27.592 21.714 1.12858
1.955 28.903 22.266 1.19893
0.000 29.411 22.623 1.14356
0.000 29.210 21.554 0.86836
0.000 28.170 21.535 1.24086
0.240 29.515 22.004 1.03975
0.000 28.392 21.874 1.06573
0.000 29.395 21.756 0.97751
2.945 30.851 22.761 0.84350
6.310 29.006 23.203 0.94842
11.190 28.590 22.023 1.01964
12.215 28.918 22.550 0.82223
0.080 28.868 21.805 0.86443
0.360 29.835 21.342 1.04666
0.000 30.472 21.642 1.20432
0.000 30.012 22.184 1.10653
0.000 29.995 22.241 0.86134
2.545 29.870 22.441 0.96796
0.000 29.465 22.780 0.64543
0.000 29.340 22.602 0.54411
0.000 28.038 21.907 0.77883
3.780 29.956 22.409 1.07201
0.000 29.492 22.728 1.03856
0.000 26.800 22.208 1.15758
0.000 28.349 21.536 1.12443
0.000 28.014 21.479 1.19031
0.000 28.251 21.372 0.81237
0.000 28.624 21.828 0.80054
0.000 29.235 21.756 0.73679
0.000 30.243 21.726 0.67384
0.000 30.568 22.217 0.76629
0.000 30.487 22.828 0.83803
0.000 26.450 21.792 0.70615
1.930 29.631 22.140 0.60838
1.350 30.257 22.003 0.92078
0.000 30.568 22.513 0.81206
2.025 30.877 21.943 0.74618
0.000 29.435 21.020 0.85792
0.000 29.440 21.600 0.87416
0.000 30.324 22.480 0.48453
0.000 29.152 21.787 0.32329
0.000 30.082 22.619 0.47452
0.000 30.232 22.481 0.47659
0.000 27.046 22.099 0.64500
0.000 28.290 21.214 0.71950
0.460 28.115 21.075 0.55199
0.000 30.235 21.888 0.54436
0.000 29.440 21.787 0.43278
0.000 29.491 22.130 0.84113
0.000 28.618 21.912 0.98245
0.000 29.948 22.176 0.83175
0.000 30.065 21.381 0.76717
0.425 30.669 22.050 0.65710
0.000 29.273 22.272 0.58102
0.000 28.047 22.282 1.07620
0.000 28.530 22.388 0.81782
0.000 27.817 22.057 0.70500
0.000 25.857 21.024 0.90962
0.000 28.631 21.624 0.68728
0.000 31.534 22.189 0.29143
0.000 29.446 21.317 0.46015
0.000 31.011 21.196 0.66355
0.000 30.140 21.275 0.73598
0.000 28.847 21.389 0.81100
0.465 29.139 21.480 0.70360
0.000 28.224 21.417 1.18581
0.000 27.576 20.598 1.10240
0.000 28.041 20.920 0.78560
0.000 29.028 19.029 0.55375
0.255 31.017 20.319 0.45714
0.050 31.083 22.089 0.48709
0.000 24.406 14.529 0.55338
0.000 25.021 13.470 0.74865
0.000 25.160 13.197 0.66521
0.000 25.664 13.184 0.55623
0.000 26.085 13.366 0.53595
0.000 26.339 13.236 0.64707
0.000 25.651 13.375 0.53611
0.000 26.108 14.459 0.69873
0.000 26.830 14.529 0.47301
0.000 27.070 13.651 0.63156
0.000 27.900 13.699 0.45142
9.955 25.445 15.093 0.62095
0.565 25.903 15.766 0.68504
0.085 25.638 15.327 0.81155
0.550 26.323 15.459 0.54043
5.715 24.943 16.988 0.62617
0.000 25.578 13.857 0.61256
2.045 22.092 13.939 0.81697
9.200 22.831 14.455 0.75671
12.245 21.467 14.180 0.91868
8.535 24.430 14.539 0.94956
0.400 24.409 13.086 0.63812
0.000 24.429 11.649 0.70356
0.000 25.518 11.724 0.61868
0.000 25.938 13.786 0.51616
0.000 26.481 14.742 0.51800
0.000 27.148 14.327 0.82734
0.000 27.216 14.030 0.90399
0.000 26.304 12.765 0.93494
0.000 25.645 11.008 0.93582
0.000 26.048 11.200 0.68342
0.000 26.211 12.260 1.04386
0.000 26.191 12.703 0.85216
0.000 26.681 12.890 0.58174
0.000 27.053 14.395 0.72072
0.500 22.094 13.160 1.30663
0.000 24.340 13.423 1.33134
0.000 26.674 13.455 0.71657
0.000 27.738 13.580 0.60739
0.000 28.715 13.339 0.81603
0.000 28.678 13.545 0.71704
0.000 29.121 13.888 0.63528
0.000 28.223 14.585 0.82713
0.000 27.298 10.122 0.99155
0.000 28.519 10.822 0.62754
0.000 28.400 14.384 0.64258
0.000 27.944 16.885 0.88568
0.635 28.411 18.300 0.82254
29.270 29.154 19.191 0.80290
11.815 26.535 19.465 0.45989
0.875 21.796 12.101 1.10532
0.000 22.358 12.278 1.21960
0.000 24.447 12.861 0.87018
0.000 24.059 12.434 0.72543
0.000 25.703 11.964 0.64935
0.000 26.791 12.854 0.60264
0.000 28.480 13.704 0.58250
0.000 28.709 14.487 0.72651
0.210 28.851 15.822 0.54101
0.000 30.591 16.362 0.66512
0.000 30.373 16.915 0.63781
0.000 30.974 18.316 0.73819
0.000 31.986 18.782 0.59289
0.000 32.716 19.260 0.76937
1.350 33.509 19.649 0.54918
16.675 31.743 19.171 0.55789
0.000 28.631 17.925 0.66714
0.000 31.282 18.837 0.56200
0.140 32.031 20.339 0.68679
6.570 32.107 20.872 0.62776
0.285 31.280 21.123 0.84526
0.000 33.676 21.942 0.74721
0.000 33.339 22.201 0.67051
15.570 32.924 21.964 0.71184
0.000 31.641 20.925 0.86738
10.150 32.125 20.554 0.63902
0.000 31.759 19.311 0.59958
0.000 30.972 18.956 0.88269
0.000 31.572 20.262 0.96005
2.385 30.662 20.670 1.01314
7.925 29.591 21.098 1.01642
9.510 29.427 21.264 0.90519
0.000 31.118 20.298 1.10518
0.000 32.775 17.579 0.83417
0.000 32.998 18.967 0.73551
22.770 33.512 20.752 0.56052
12.555 31.271 20.806 0.74214
0.960 28.774 19.786 1.18242
0.295 30.017 20.110 0.77723
0.000 31.869 20.691 0.59029
21.160 30.239 15.626 1.45620
7.990 23.070 12.225 1.58142
0.000 26.850 13.574 0.99223
0.000 28.449 16.281 0.84807
0.000 31.318 18.274 0.67821
5.300 31.257 19.450 0.56247
0.000 30.199 18.853 0.80905
0.000 30.624 19.317 0.62486
13.975 30.547 19.480 0.91926
0.800 32.209 20.555 0.84778
0.000 33.260 21.542 0.70805
0.000 32.850 21.354 0.83357
0.000 34.627 19.939 0.78381
0.000 34.976 21.980 0.72184
0.000 35.143 21.644 0.68085
0.000 35.458 21.926 0.67601
27.275 32.133 22.542 0.73220
6.585 27.528 19.346 0.84647
0.000 28.808 19.163 0.69694
10.270 29.015 18.819 0.56373
6.230 29.251 20.130 0.86892
0.185 30.698 20.914 0.81629
0.475 32.795 22.041 0.72238
9.775 33.252 22.311 0.75805
3.870 33.591 23.282 0.72914
1.025 33.880 23.783 0.77487
0.000 32.237 23.014 0.84573
0.840 34.752 23.079 0.53760
0.000 32.426 22.313 0.71275
10.715 31.182 22.050 0.76705
2.155 31.537 18.607 0.81078
9.710 25.525 17.035 1.04257
0.000 28.423 17.736 0.84177
0.000 29.694 19.106 0.65851
0.000 29.507 19.643 0.62344
4.050 31.005 20.924 0.79712
0.840 28.783 20.759 0.87230
5.410 28.130 20.773 0.91196
14.280 29.513 22.014 0.91626
25.910 28.483 21.161 0.70503
13.555 31.097 22.459 0.83304
42.215 30.316 22.230 0.91034
6.035 30.234 21.746 0.97428
0.000 31.977 22.165 0.93421
2.545 32.165 23.406 0.88821
4.845 30.791 19.880 1.28484
1.565 25.852 19.946 1.01688
1.335 28.406 20.878 0.75701
0.000 29.772 22.149 0.63736
6.670 28.719 22.465 1.15888
51.825 26.903 22.259 1.72203
3.110 27.415 22.003 1.07792
0.000 31.332 21.809 0.97880
0.030 28.435 21.671 0.97906
0.000 29.860 21.392 1.00306
0.000 31.290 20.893 0.91232
0.000 30.873 21.210 1.08500
0.045 31.717 21.970 0.97936
2.385 29.018 21.666 0.88437
12.175 28.547 22.131 0.72737
14.890 27.559 21.961 0.76865
0.000 28.959 21.762 0.87445
23.760 28.600 21.488 0.90408
0.050 30.521 22.418 0.94836
1.320 27.496 21.947 1.11048
0.140 28.149 21.621 1.02499
0.415 30.098 22.426 0.84771
1.280 28.689 22.290 0.84928
0.535 28.919 22.266 1.14616
0.175 30.084 22.350 1.24748
0.110 30.498 22.361 1.25103
0.220 29.104 22.057 0.94244
3.600 29.938 21.899 1.15816
0.070 28.390 22.292 0.95694
33.800 28.213 22.060 0.97709
38.075 27.430 21.516 0.87160
6.590 28.896 21.521 0.98393
5.350 30.188 21.672 1.03853
3.495 29.985 21.304 0.92789
0.955 29.512 20.658 1.00097
0.000 30.655 21.537 1.10808
1.190 30.097 21.714 0.92571
0.000 30.028 22.465 0.77904
6.180 26.930 22.058 0.63090
1.445 28.931 21.658 0.67961
2.710 29.909 22.323 0.72980
6.885 29.109 21.501 1.04871
2.340 29.408 21.438 1.05636
1.620 30.926 22.421 0.95214
10.475 29.494 22.574 0.76763
10.205 29.594 22.876 0.78519
5.185 27.732 22.394 0.42252
32.875 28.764 22.224 0.69341
0.220 29.418 21.849 1.22093
0.280 28.239 22.156 0.72822
0.550 28.712 22.046 0.97669
14.940 27.590 22.460 0.72887
0.000 29.106 21.641 0.93250
0.000 30.816 22.422 0.79466
7.585 27.535 21.167 0.64149
25.280 29.956 22.276 0.57947
11.525 30.933 23.141 0.52405
19.035 30.312 22.815 0.61962
37.070 29.244 22.624 0.58255
37.980 31.027 23.375 0.62913
9.265 30.905 22.918 0.49069
1.245 30.059 22.374 0.60013
0.130 30.440 22.995 0.76808
30.730 30.295 22.617 0.83013
11.635 30.330 23.040 0.71887
21.450 30.771 22.914 0.45998
14.990 29.590 21.873 0.67025
20.315 28.592 22.144 1.09606
2.175 27.335 21.853 0.74884
4.845 29.282 21.877 0.54860
0.000 31.597 22.409 0.51312
3.300 31.942 23.446 0.41668
0.000 31.496 23.403 0.61758
0.530 30.924 22.956 0.55029
1.565 29.880 22.717 0.73019
7.110 29.470 22.525 0.68247
0.220 27.829 21.995 0.82547
1.195 29.267 22.128 0.71382
2.785 27.708 21.843 0.68802
0.205 29.644 22.099 0.88286
4.255 28.922 22.289 0.79653
1.565 28.479 22.014 0.94876
2.240 27.516 21.728 1.05551
41.070 29.108 21.933 0.60939
8.005 26.279 20.870 0.58823
10.420 30.278 21.782 0.56500
6.390 30.576 22.106 0.76240
76.090 25.885 22.286 1.39680
21.155 27.865 21.165 1.14760
0.935 28.759 20.724 0.84206
3.165 29.703 21.971 0.67986
14.350 29.669 22.668 0.86001
0.000 30.072 22.056 0.55754
3.645 30.614 22.641 0.81045
0.000 27.549 21.340 0.67303
0.000 30.528 22.496 0.66335
55.715 28.196 22.809 0.83495
37.945 27.877 22.181 0.50977
0.840 28.505 21.918 0.65320
0.000 31.087 22.868 0.32851
23.770 31.398 23.106 0.57764
4.935 28.815 22.948 0.82631
12.415 26.363 21.286 1.27466
1.480 28.085 20.978 0.93767
0.000 29.795 21.802 0.59108
0.155 32.180 23.037 0.47270
0.000 31.142 22.736 0.57089
4.875 30.498 22.753 0.50760
0.170 30.784 22.578 0.56158
1.420 31.055 22.905 0.54030
0.015 30.413 22.954 0.89064
7.505 29.608 22.488 0.74777
38.200 29.961 22.333 0.66372
0.000 29.520 21.975 0.75869
0.360 30.503 21.782 0.74167
6.610 29.605 22.406 0.71487
32.015 29.655 21.909 0.66159
9.945 26.347 21.888 0.74940
8.940 26.720 21.411 0.33942
13.860 27.111 20.884 0.52110
32.425 29.064 20.988 0.53447
0.595 29.699 21.118 0.58746
2.295 29.692 21.666 0.93972
0.245 27.266 21.367 0.56294
26.085 26.799 20.944 0.80399
3.565 30.311 21.562 0.69696
0.000 29.993 22.467 0.58264
32.440 29.099 21.753 0.63749
8.835 31.153 21.383 0.48111
14.935 29.808 21.593 0.52452
16.200 29.337 21.614 0.60530
0.170 29.427 20.618 0.60251
12.590 28.963 21.238 0.73946
0.000 29.405 21.038 0.73896
0.000 30.266 20.479 0.44331
15.170 28.502 21.455 1.02408
5.805 29.957 21.740 1.14505
13.580 28.243 21.689 1.14479
11.645 27.115 21.665 0.65430
4.130 25.483 20.776 0.78539
10.370 28.425 20.473 0.78237
3.605 29.403 21.253 0.78153
19.395 29.851 19.781 0.49602
16.930 30.368 21.016 0.40115
2.565 29.840 20.761 0.61126
13.905 29.969 19.900 0.50198
14.660 29.664 20.549 0.55055
3.780 26.175 17.659 0.90008
0.000 28.049 18.301 0.53422
0.000 28.168 19.734 0.59618
2.065 28.939 19.885 0.46326
0.170 27.974 18.709 0.85663
1.410 26.642 18.134 0.75099
2.040 26.698 17.744 0.79069
0.000 27.025 16.580 0.98214
0.000 26.222 14.310 0.95312
0.000 25.693 13.800 0.93339
0.000 26.449 14.489 0.77195
0.000 27.672 18.119 0.81818
1.265 28.562 19.113 0.79815
1.605 29.008 17.938 0.67836
0.000 28.716 17.967 0.76974
0.000 29.331 18.337 0.42172
0.000 28.865 19.916 0.49986
4.345 25.616 20.706 0.40606
1.065 28.861 18.409 0.56138
0.000 28.058 18.563 0.41374
0.000 27.913 18.582 0.78119
0.000 28.189 17.912 0.80117
0.000 26.573 14.744 0.90761
0.000 27.359 14.451 0.68531
0.000 28.155 14.809 0.52695
0.000 27.313 15.268 0.70525
0.000 26.629 15.149 0.63855
0.000 26.833 15.182 0.55255
0.000 27.343 14.832 0.51300
0.000 27.419 14.579 0.60723
0.000 27.321 14.477 0.59112
0.000 27.075 13.820 0.70088
0.000 27.317 14.089 0.82136
0.000 26.986 14.387 0.81884
0.000 27.927 15.195 0.60350
2.260 27.759 18.353 0.50589
13.875 29.078 19.412 0.52383
0.000 29.077 18.816 0.37120
0.000 29.847 18.959 0.43489
1.925 29.179 18.980 0.63237
4.950 28.191 19.178 0.61143
0.000 28.474 19.174 0.50995
0.000 28.895 19.110 0.40755
0.000 28.430 17.164 0.76326
0.000 27.537 17.411 0.75998
4.290 27.404 19.933 0.44595
9.575 26.919 20.624 0.50844
0.320 27.776 20.153 0.40751
0.000 28.048 20.041 0.73834
0.340 27.846 19.961 0.59147
0.000 27.910 19.075 0.59351
0.680 27.271 19.143 0.62134
7.365 24.308 19.006 0.54260
0.430 24.551 17.150 0.54875
0.000 26.724 16.964 0.50880
0.000 27.838 17.214 0.51163
0.000 26.100 16.962 0.56965
0.000 25.434 15.559 0.61246
0.000 25.405 15.634 0.64670
0.000 26.900 16.645 0.44651
0.000 25.676 17.513 0.61239
0.000 26.641 16.133 0.57119
0.000 27.076 16.162 0.49092
0.000 25.219 15.135 0.95255
0.000 22.661 14.313 0.64417
1.075 23.384 13.534 0.59118
0.000 23.824 13.062 0.50050
0.000 25.465 13.442 0.50591
0.195 24.616 11.433 1.02529
0.000 19.342 11.208 0.95207
0.000 21.164 11.331 0.58302
0.000 23.069 12.789 0.39855
0.000 24.774 14.741 0.61088
0.000 25.733 14.866 0.54892
0.000 25.012 15.774 0.72450
0.000 22.088 14.706 0.87452
0.000 21.735 13.502 0.84877
0.000 24.706 13.493 0.56014
0.000 24.436 14.002 0.68945
0.000 23.960 14.682 0.70733
0.320 22.488 14.113 0.72716
0.000 19.014 12.188 0.55927
0.000 23.014 11.989 0.60691
