0.008 30.243 15.345 1.70833
0.000 33.168 16.868 0.99567
0.010 33.434 18.118 1.36828
0.030 34.518 19.308 0.83251
0.000 34.125 17.871 1.44298
0.006 33.001 15.913 1.89319
0.036 31.754 15.973 1.81200
0.019 33.047 17.238 1.54982
0.000 34.080 18.309 1.05010
0.000 34.821 18.428 1.32866
0.000 34.799 18.398 1.11693
0.000 35.193 18.416 0.95974
0.022 35.326 17.544 1.91164
0.012 33.313 17.972 1.68208
0.000 34.167 18.665 0.84251
0.000 35.701 19.296 1.07469
0.030 36.052 18.889 1.00683
0.006 35.595 16.665 2.03449
0.197 33.503 17.947 2.31989
2.739 32.080 14.288 3.12442
1.926 25.516 12.000 2.83368
0.395 27.656 12.176 3.02672
0.024 25.163 11.161 2.95078
0.004 28.802 12.286 2.29588
0.034 28.863 13.109 2.07035
0.025 32.118 14.642 1.80824
0.147 30.878 13.863 2.29951
0.001 31.782 14.593 1.71578
0.119 33.194 15.907 1.61239
0.145 33.943 17.148 1.43912
0.016 34.848 17.995 1.25418
0.107 33.488 17.053 2.53230
2.083 33.409 17.914 2.60539
1.460 32.977 18.766 1.52226
0.155 34.994 20.162 1.16062
0.065 36.111 22.042 0.81618
0.000 37.214 22.249 1.13655
0.048 38.172 23.709 0.88053
7.890 36.128 23.420 0.90622
1.891 33.823 23.145 1.06640
9.552 32.613 21.860 1.62310
0.011 35.641 23.286 1.12015
4.226 35.576 24.401 1.03769
47.573 30.953 20.836 1.22478
0.068 34.184 21.693 0.79860
0.041 35.571 22.215 0.93979
1.201 34.862 21.978 1.02559
0.527 35.975 22.492 0.82669
0.002 36.496 23.420 1.22124
0.005 36.701 24.584 1.37160
0.018 37.084 17.673 1.42196
0.000 34.093 18.675 1.56382
0.000 35.958 20.420 1.85563
0.000 36.471 19.497 1.49368
0.001 36.580 20.241 1.17271
0.046 36.227 19.537 1.95789
0.138 33.237 20.196 1.51351
0.162 34.673 17.227 2.63158
0.405 33.143 16.965 2.73256
0.315 32.779 16.577 3.03894
0.128 33.465 17.494 2.55849
0.186 32.343 15.730 2.88218
0.001 34.658 17.496 1.13114
0.000 36.751 19.975 1.10412
0.000 36.830 21.550 1.53060
0.000 37.302 23.668 1.41080
0.000 37.740 24.860 1.30086
0.013 39.100 25.944 1.17196
0.257 34.800 24.416 1.18063
0.762 34.015 23.550 1.14653
0.245 35.146 24.887 1.03137
2.552 35.920 23.601 1.23259
1.425 30.910 18.085 2.60156
0.018 35.044 19.401 2.23173
0.071 36.249 22.079 1.80591
3.978 33.854 19.313 2.62766
0.072 35.582 20.596 1.31361
0.212 35.663 20.465 2.19082
0.223 33.379 20.967 1.71235
6.244 35.361 22.955 0.95675
8.830 30.216 18.754 1.98026
5.756 27.475 16.332 3.41538
2.026 29.973 16.951 2.26182
0.178 34.260 18.817 1.56879
1.117 35.028 20.018 2.71625
3.244 35.107 21.444 2.29746
0.301 35.292 21.528 1.71829
0.237 36.517 22.530 1.24013
9.466 34.451 22.632 0.70945
0.961 35.965 24.102 1.00878
0.121 37.351 24.582 0.92483
0.323 34.149 24.194 1.33347
0.008 33.706 24.525 0.86911
0.168 37.111 25.111 0.92231
0.004 37.946 25.767 0.82031
0.049 38.442 25.806 1.55932
0.043 38.823 26.908 1.56079
0.003 39.684 26.641 1.66431
0.006 40.392 24.861 1.49775
0.000 40.575 25.732 1.64029
0.034 41.180 26.169 1.53368
16.389 38.578 24.598 1.29287
13.474 33.857 22.041 1.49671
0.018 36.948 22.365 2.07324
0.029 37.322 22.715 1.53697
0.035 37.935 25.006 0.81929
0.642 37.481 25.856 1.12378
0.266 33.378 24.754 1.04424
4.931 33.349 24.545 1.24752
7.121 34.587 24.144 1.14696
2.542 35.068 24.963 0.96646
1.102 35.699 25.191 0.95158
0.080 35.235 25.616 0.73589
0.259 36.777 26.610 1.12067
0.380 35.091 25.894 1.32759
2.187 37.042 26.192 0.96516
10.466 33.645 25.237 0.75510
0.010 37.820 25.988 0.75256
0.160 34.381 25.375 0.66685
0.831 38.232 26.140 1.27437
0.336 36.090 26.265 1.42912
0.002 39.220 26.840 1.89819
0.046 40.754 27.361 2.14761
0.833 39.474 25.335 1.83501
1.228 36.854 23.029 1.82939
32.329 31.685 21.390 1.82510
17.213 33.646 23.121 0.97361
3.122 31.239 24.071 1.10062
3.779 30.851 24.307 1.39206
6.767 32.438 24.281 1.31286
1.585 31.220 24.415 1.39711
0.204 33.353 25.239 1.27857
0.489 34.397 25.558 0.96325
0.224 32.129 24.418 0.96043
0.909 33.421 24.932 1.07296
13.773 32.091 24.413 1.27634
13.401 31.191 23.700 0.80154
14.023 33.692 23.926 0.87654
7.043 29.474 23.598 0.89286
3.528 33.005 24.281 1.08092
15.837 31.111 24.344 1.06587
0.004 30.650 24.427 0.86336
0.871 31.654 24.551 0.93306
6.762 31.463 24.300 1.06766
2.692 31.301 24.502 0.90380
6.535 32.058 25.263 0.69539
16.666 29.186 24.375 0.75228
2.650 29.770 23.064 0.75406
14.527 32.305 24.464 1.12843
66.390 28.906 24.593 1.37773
5.089 28.952 24.276 1.66642
34.314 28.904 24.543 1.51527
5.718 28.610 23.962 1.66067
10.768 29.222 24.122 1.80235
1.200 30.097 24.429 1.88697
0.225 29.150 24.132 1.35247
4.798 29.884 23.865 1.15294
22.901 29.576 24.524 1.47721
8.163 28.611 24.503 1.66919
1.713 29.020 23.847 1.43773
2.178 28.521 23.350 1.27334
3.844 29.873 23.796 1.28315
9.320 29.724 24.019 1.37506
4.848 28.840 23.280 1.49918
7.478 28.859 23.907 1.65860
20.180 28.425 23.542 1.84323
0.257 29.066 23.714 1.73972
1.394 28.855 23.619 1.99883
5.754 28.841 23.636 2.02474
23.731 27.763 23.335 1.73875
27.730 28.606 23.490 1.71303
28.478 28.722 23.579 1.43257
21.554 28.810 23.245 1.20053
16.030 30.444 23.934 0.97036
8.566 27.057 23.447 1.55894
3.042 27.612 23.523 1.53639
0.706 28.276 23.557 1.52648
1.357 29.079 23.550 0.99892
4.441 29.927 22.753 1.04057
15.974 29.833 22.793 1.79899
0.725 29.823 23.473 1.65698
0.363 29.749 23.634 0.87351
4.100 32.538 22.707 0.49459
13.385 31.169 24.296 1.31460
3.118 28.205 23.520 1.48771
1.386 29.520 24.108 2.12658
1.100 29.286 23.802 2.13701
1.692 28.702 23.909 1.79328
1.668 28.305 23.545 1.70387
4.419 29.624 23.907 1.78854
8.852 27.594 23.267 1.75709
0.679 29.248 23.200 2.50844
1.344 28.303 23.000 2.21137
2.249 30.507 24.057 2.10381
6.049 28.826 23.914 1.57129
12.131 28.157 23.328 1.70696
13.851 27.979 23.521 1.61462
14.601 28.725 23.738 1.91554
17.238 27.994 23.294 2.32188
7.601 28.781 23.294 2.39857
1.611 29.246 23.353 2.31608
0.011 30.470 23.683 1.98444
0.200 28.432 23.546 1.88299
1.388 29.386 23.610 2.07872
1.639 29.458 23.593 2.13146
3.631 29.131 24.145 2.07762
3.260 29.439 23.877 2.36905
3.256 29.845 23.839 2.60985
7.184 27.536 23.471 2.38541
7.301 27.111 23.419 2.82576
16.563 29.004 23.591 3.09623
15.366 29.185 23.533 2.52587
5.856 29.916 23.740 1.88245
11.307 28.693 23.687 1.25905
25.508 27.072 23.603 1.94762
9.491 27.021 23.659 1.95711
3.833 29.763 23.835 2.07393
6.796 29.195 23.422 1.91571
1.682 29.841 23.462 2.02609
2.358 28.476 23.452 1.95832
0.247 29.625 23.385 1.96596
0.302 28.105 23.003 1.62859
0.001 29.485 22.923 1.37920
0.246 30.624 24.105 1.58313
1.137 29.026 23.682 1.97490
6.986 29.967 23.803 2.02963
13.583 28.305 23.369 1.99835
9.471 29.038 23.491 1.85765
7.749 28.145 22.945 1.42619
23.829 28.697 23.036 1.53761
29.718 27.391 22.873 1.33620
1.134 29.839 22.316 1.22301
16.077 29.782 23.084 0.90795
58.399 28.089 23.388 1.26423
81.815 28.866 23.551 1.21967
11.520 28.414 23.038 1.48272
16.909 29.959 23.502 1.29255
4.178 27.638 22.632 1.32643
6.042 29.914 23.610 1.53638
10.683 28.226 23.745 1.60610
10.616 27.104 22.920 1.55527
15.009 28.776 23.095 0.94526
2.017 30.740 22.236 0.74378
8.105 30.378 22.886 0.50181
5.141 32.348 22.935 0.56115
4.819 32.019 22.466 0.94173
20.598 30.873 23.773 1.01583
37.197 28.559 24.229 1.73360
4.392 27.597 24.166 1.64350
1.274 28.724 24.048 1.40383
2.400 28.731 23.770 1.22598
2.081 28.057 23.832 1.29049
9.669 28.428 23.362 1.11969
3.807 28.261 23.334 0.86548
8.351 27.741 22.331 0.89145
11.749 30.249 22.594 0.83673
33.811 31.523 22.974 0.81790
29.171 30.654 23.323 0.87568
11.095 29.070 23.383 1.05736
10.226 28.711 22.745 1.26246
10.582 28.971 22.322 1.78510
2.119 27.006 22.758 1.68621
0.322 27.150 22.902 1.34987
0.677 28.130 22.699 1.07525
3.490 29.625 23.756 0.84736
9.628 29.434 23.867 0.64354
10.103 29.664 23.019 0.73266
14.782 29.321 22.825 0.61087
10.688 33.127 22.616 0.45277
12.143 31.530 21.479 1.26231
0.415 30.360 20.570 1.66312
1.420 29.027 20.975 1.53812
1.551 29.687 21.378 1.22096
0.560 31.099 21.047 1.07233
4.762 31.132 22.278 1.06681
2.626 31.824 22.747 0.74046
11.587 31.928 22.758 0.72674
0.624 31.610 21.268 0.82655
0.066 30.737 20.103 1.08245
0.397 32.375 21.743 0.92786
0.083 31.967 22.097 0.76748
0.266 31.547 22.597 0.78977
4.145 31.720 23.772 0.72196
9.156 28.643 22.394 0.73585
4.979 30.590 22.279 0.71079
0.003 29.801 21.303 0.82769
0.513 30.242 22.556 0.83242
0.142 28.567 21.284 0.61791
2.166 32.069 22.426 0.52021
0.936 29.983 21.765 0.94224
1.539 30.571 21.490 1.26959
3.779 29.859 22.575 1.59796
10.436 26.087 18.215 2.94193
0.179 25.173 15.433 2.62667
0.000 24.774 13.836 2.30008
0.000 24.513 13.255 2.04645
0.016 25.111 14.919 1.96129
0.256 26.294 15.695 1.97091
0.047 27.724 17.124 1.83041
0.098 27.564 18.371 1.42138
0.069 29.268 19.994 1.50992
0.892 28.431 17.522 1.79782
0.750 28.566 18.000 1.94037
0.978 27.594 16.640 2.12146
0.516 26.873 16.424 2.08592
0.298 27.077 16.454 2.22519
0.013 27.062 13.657 1.96081
0.078 27.552 15.670 1.57900
0.394 28.492 16.840 1.92831
0.059 28.048 16.442 1.94127
0.030 27.384 15.305 1.82824
0.086 27.429 16.876 1.75751
0.339 27.807 17.317 1.89981
0.614 27.512 16.107 1.82158
0.039 28.634 17.592 1.26081
0.137 29.199 17.325 1.32343
0.157 28.630 17.638 1.54446
0.590 28.997 18.179 1.52543
1.256 29.051 18.945 1.55997
2.000 29.586 19.268 1.59538
3.992 29.454 19.191 1.68959
0.639 29.315 19.376 1.68385
0.525 29.462 18.903 1.68180
1.001 29.829 19.090 1.81910
1.263 29.637 19.743 2.25264
0.748 29.475 18.745 2.42061
1.319 28.753 17.813 2.32323
0.471 28.714 16.852 2.06549
0.001 29.482 17.181 1.28384
0.000 30.000 18.274 1.18778
0.000 31.525 19.763 0.60708
0.000 32.559 21.470 0.60568
0.454 31.493 21.585 0.64483
3.887 31.775 21.441 0.57129
0.055 30.997 20.736 0.64373
0.096 31.988 21.020 0.83788
0.696 30.190 19.491 1.99822
7.628 29.569 19.344 2.63530
1.483 28.699 18.651 2.36514
2.768 28.266 19.258 1.63121
1.902 28.192 19.181 0.98959
0.013 30.909 19.638 1.14280
0.021 31.787 20.550 1.21682
0.000 32.029 20.474 1.22716
0.010 31.364 20.214 0.85697
0.274 32.345 21.518 0.87105
0.623 28.371 17.509 2.11722
0.495 31.233 18.103 1.55929
0.179 30.702 17.844 1.73589
0.577 31.036 18.833 1.94961
0.891 30.120 19.122 2.35314
1.369 29.673 18.121 2.57348
0.970 29.593 17.990 2.34250
3.064 29.565 17.402 2.93216
3.117 25.605 14.977 2.89437
0.754 27.218 14.947 2.25183
0.104 28.422 15.249 1.86747
0.005 30.044 15.825 1.68615
0.000 30.284 15.743 1.52991
0.000 30.595 15.383 1.37235
0.000 29.925 15.037 1.83183
0.008 29.362 14.854 1.83359
0.040 29.922 16.399 1.15233
0.085 31.455 17.880 0.98355
0.027 30.970 17.307 1.42652
0.341 31.110 18.327 1.76275
0.057 31.653 18.096 1.45352
0.055 32.288 16.605 2.07165
0.104 27.237 14.595 3.49031
0.017 24.862 11.193 3.06928
0.000 24.382 9.218 2.38964
0.000 26.860 10.253 1.66387
0.000 28.358 11.971 1.44046
0.000 30.027 13.862 1.27666
0.000 32.128 15.377 0.87133
0.002 33.461 16.382 1.02322
0.031 32.338 16.541 1.92258
0.091 31.455 16.875 1.99999
0.020 31.304 15.299 1.78752
0.037 30.607 15.198 2.01805
0.067 30.542 15.345 2.24971
0.007 31.170 15.058 1.74235
0.000 31.930 15.488 1.22029
0.000 31.872 15.826 1.41757
0.000 32.320 15.919 0.84652
0.000 34.357 17.548 0.74052
0.008 35.031 18.735 0.89840
0.392 35.516 18.874 1.44777
0.279 32.361 19.228 2.57512
0.050 33.775 19.535 1.76549
0.036 33.730 18.783 2.06074
0.352 32.045 16.934 2.58994
0.453 29.384 15.919 3.23736
0.023 29.039 16.020 2.21246
0.113 30.845 17.203 2.70345
0.665 29.313 14.182 3.49947
0.513 27.109 13.381 3.33433
0.498 27.068 13.022 2.66368
0.068 30.133 14.605 2.49221
1.024 26.271 12.438 3.55859
1.090 24.780 10.990 2.87362
0.019 27.393 11.491 2.36869
0.000 29.750 13.093 1.33492
0.000 32.758 14.900 1.12077
0.000 32.110 15.965 1.76295
0.002 33.388 16.870 1.68797
0.000 34.245 17.419 1.53424
0.000 35.811 19.109 0.88043
0.083 36.429 21.558 1.23596
0.108 34.991 21.802 0.80098
0.024 36.273 22.396 0.95979
0.169 32.720 22.544 1.34221
0.241 35.598 24.221 1.65524
0.001 35.833 23.909 1.72072
0.019 37.424 24.116 1.26413
0.010 37.692 24.109 1.43013
0.154 35.739 24.041 1.12462
0.410 34.983 21.592 1.52081
0.714 34.674 20.949 1.57980
1.401 35.625 19.845 1.53064
1.538 36.118 18.338 2.24374
0.046 35.033 19.313 1.59053
2.148 35.422 20.281 1.98266
0.494 32.434 21.076 1.29950
0.067 30.479 21.764 1.14979
0.027 37.624 23.148 1.27297
0.165 36.186 18.899 2.98612
0.284 32.309 16.701 3.54865
0.080 33.679 17.585 1.55450
0.000 35.574 19.182 1.23798
0.000 37.331 21.649 0.96518
0.000 37.838 23.833 1.31560
0.000 39.177 24.070 1.15531
0.014 39.754 24.564 1.33288
0.003 39.711 25.157 1.44183
0.062 40.296 23.251 1.42619
0.019 39.998 22.447 1.31497
0.001 39.962 21.697 1.10385
0.000 39.941 22.091 1.30266
0.000 40.271 25.557 1.62333
0.516 39.869 20.281 2.38086
1.118 32.627 17.359 3.67035
0.095 33.796 17.641 2.84613
0.001 37.310 19.425 1.79917
0.000 38.607 22.075 1.80831
0.041 35.234 23.955 0.96424
0.617 37.833 25.642 0.99317
22.679 35.572 24.995 1.01987
2.953 34.049 17.082 2.97432
0.562 31.204 17.507 2.21342
0.000 36.113 19.344 0.84026
1.067 36.415 25.106 1.24709
2.480 33.659 24.563 1.29071
0.962 37.003 25.620 1.31353
6.722 35.749 24.856 1.01647
0.401 37.300 25.454 1.21857
3.769 29.078 23.138 1.38365
0.291 36.047 22.640 1.83186
0.398 35.455 24.470 0.87981
0.121 36.749 24.316 1.01808
1.661 37.214 23.989 1.28844
7.027 34.506 23.536 1.25778
0.830 33.498 23.984 1.41315
0.001 36.561 23.987 0.75207
0.000 38.564 23.208 0.75111
0.020 38.876 25.743 0.92582
0.100 38.087 26.799 1.73064
0.150 37.184 25.255 2.21270
0.000 37.197 25.771 1.64923
0.013 39.610 26.222 1.70910
0.491 39.092 27.547 1.00732
2.540 36.213 27.015 1.46319
1.049 34.339 25.560 1.08537
10.318 37.701 26.027 1.12307
0.010 35.684 24.845 1.11838
0.000 39.551 27.273 1.33798
0.003 38.943 28.375 1.33154
0.040 37.350 27.215 1.29279
0.058 36.651 26.937 0.94294
0.194 39.512 25.389 1.41045
0.000 37.965 24.385 0.93405
0.004 40.758 26.006 1.58964
0.005 39.532 26.616 0.94152
0.302 40.388 27.001 1.13158
2.668 38.449 26.817 0.91853
0.456 37.441 26.645 0.99112
0.001 37.977 26.458 0.78827
1.413 39.589 26.886 0.78706
27.703 35.563 24.236 1.45899
2.595 33.236 22.682 2.21203
0.038 37.128 24.396 1.67939
0.041 38.013 24.651 1.65471
1.289 37.046 24.936 1.08691
8.167 34.130 25.293 0.83795
20.272 30.609 23.007 1.02856
2.266 34.605 24.320 0.95163
16.897 31.892 24.018 1.12883
21.676 32.544 24.146 1.12333
13.014 29.856 23.408 1.85343
13.764 31.331 23.200 1.42196
7.942 31.767 23.188 1.65167
29.449 31.077 23.652 1.58224
10.987 31.554 23.323 1.66401
0.009 31.961 23.477 1.61405
0.000 32.373 23.479 1.44261
0.003 33.204 24.245 1.43528
0.007 33.241 24.812 1.15337
0.013 31.617 24.944 1.24554
0.007 32.104 24.301 1.19863
0.119 32.634 24.402 1.21815
6.369 33.045 24.645 1.14084
19.784 31.832 23.870 0.88115
8.522 28.568 23.474 0.79912
0.320 28.924 23.246 0.92517
0.044 31.706 23.976 0.92901
4.903 28.967 23.618 0.82239
24.038 30.641 24.136 1.16188
7.471 29.272 23.160 1.02538
6.419 31.108 23.475 1.44014
0.375 31.119 24.218 1.27741
0.204 29.786 24.075 1.69029
0.864 31.332 24.571 1.64065
1.885 28.654 24.527 1.65624
7.987 29.339 24.421 1.70094
4.184 28.693 24.374 1.56545
13.736 30.497 24.474 1.76096
24.778 28.863 24.065 1.42803
10.264 30.027 24.265 0.88909
4.353 29.250 23.808 1.03652
3.848 30.089 23.852 1.07759
0.478 30.590 24.277 1.14035
3.438 31.026 24.879 1.43192
1.937 29.224 24.519 1.18841
1.986 30.372 24.163 1.02997
5.815 29.311 23.841 1.16828
6.929 29.589 24.418 1.06306
1.191 30.024 23.055 1.35743
0.563 31.030 23.807 1.24618
1.552 31.232 23.589 1.18772
7.229 30.332 24.131 1.27618
1.766 29.703 23.818 1.33098
0.288 30.551 23.337 1.37375
0.247 30.189 23.715 1.27889
4.856 31.116 23.915 1.14910
22.440 29.101 23.771 1.06191
7.767 28.291 24.083 1.53175
11.176 28.498 23.825 1.99756
7.211 29.208 23.570 1.51900
33.459 29.889 23.611 1.47280
19.895 27.623 22.604 1.11011
2.894 29.770 22.924 0.90703
2.411 29.278 22.575 1.13618
5.206 30.442 23.467 0.87226
0.551 29.500 22.650 0.69564
5.814 31.704 23.536 0.84570
13.657 28.647 23.371 1.17052
1.814 29.964 23.572 1.66854
0.105 29.370 23.603 1.70727
1.123 29.431 23.507 1.28316
6.989 29.992 23.760 1.25763
27.871 29.416 23.316 1.32966
7.226 29.682 23.371 1.30146
8.954 28.730 23.056 0.98236
26.265 26.749 22.431 0.93994
8.881 28.141 22.984 0.94486
2.971 29.480 23.093 1.02107
0.477 30.309 23.464 1.15740
4.982 29.605 23.459 0.98777
7.814 29.573 23.375 0.95509
3.246 30.108 23.426 1.12298
7.375 29.955 23.190 1.66834
0.505 30.442 23.632 1.39342
2.797 29.442 23.658 1.23296
14.149 28.138 23.536 1.50411
46.165 27.221 23.974 2.21306
32.205 26.872 23.734 2.46009
12.928 29.220 23.526 2.15863
1.611 30.275 23.966 1.81518
0.847 29.757 23.958 1.40561
6.062 28.931 23.858 1.08718
17.843 28.597 23.748 1.25435
13.108 29.555 23.353 1.52769
1.383 29.854 23.877 1.41547
4.984 27.648 23.354 1.17150
7.830 28.206 22.783 0.74260
7.421 30.164 23.698 1.03690
0.393 31.593 23.380 0.71371
1.332 30.516 23.936 1.27097
3.094 28.490 23.412 1.35496
4.387 28.914 23.633 1.26996
0.328 28.656 22.802 1.07856
0.780 29.765 22.821 0.87881
1.657 32.263 23.544 0.52752
3.319 29.282 22.588 0.52384
1.657 34.392 23.667 0.62681
13.073 31.318 24.067 0.78618
11.712 29.128 23.779 0.87182
0.727 28.586 23.330 0.87708
1.774 29.813 23.481 0.79324
0.942 30.534 23.689 0.92607
1.369 29.123 23.334 1.13772
6.370 30.382 23.743 0.95422
7.771 31.081 23.478 0.67720
6.961 30.215 23.630 0.83790
32.430 27.925 23.664 1.77705
15.349 27.944 23.541 3.26887
2.000 29.679 23.478 2.62027
2.842 29.602 23.900 2.14501
8.596 29.165 23.602 1.30083
4.726 28.968 23.316 0.80532
3.101 30.935 23.252 0.93377
6.997 31.293 23.634 0.70202
1.450 27.766 23.317 1.12528
0.255 28.652 23.558 1.26802
0.530 29.780 23.669 1.34214
3.239 28.711 23.239 0.74001
5.001 31.815 22.718 0.50293
7.211 32.099 22.540 1.19376
20.536 29.864 23.391 1.53992
13.036 29.224 23.220 1.15592
6.021 29.963 23.260 0.82313
23.262 30.277 23.100 0.99331
6.591 31.177 22.843 1.09040
8.126 32.157 22.475 1.03699
2.684 31.368 22.498 1.33616
2.009 30.718 21.499 1.53796
1.065 30.837 20.981 1.61035
0.906 30.801 21.665 1.50753
3.663 31.421 21.883 1.09713
11.754 32.777 20.940 1.02410
6.306 30.931 20.640 1.50499
4.122 31.033 21.113 1.23661
0.250 30.934 21.930 1.12158
0.150 29.830 21.688 0.84212
0.054 32.627 21.629 1.17406
0.167 32.358 22.038 1.23571
11.048 31.928 23.088 1.26912
11.044 32.137 23.468 0.97389
10.082 32.261 22.397 0.72145
0.487 32.134 22.357 0.78475
0.696 32.809 23.810 0.71652
2.615 29.986 23.506 0.76072
7.131 28.024 21.475 0.99868
5.027 28.962 21.861 1.62001
4.769 29.374 21.988 2.11981
12.511 30.050 23.015 2.05969
12.828 27.910 21.972 1.91397
0.798 29.927 20.718 2.03594
7.175 30.781 22.030 1.54046
2.657 31.098 23.440 0.83708
0.761 32.007 23.650 0.58473
5.731 29.935 23.480 0.54622
18.424 31.900 22.324 0.56210
0.386 31.310 21.572 1.09200
0.203 31.148 21.431 0.84390
0.160 31.665 21.513 0.97222
1.271 31.857 21.144 0.95068
0.040 31.427 19.280 0.94778
0.207 30.484 19.030 1.13456
0.080 29.845 18.287 1.60287
0.233 29.556 19.855 1.67061
1.437 29.732 21.159 2.33205
1.149 28.863 19.540 2.78287
5.766 27.436 20.332 2.92911
11.159 27.314 21.734 1.91435
21.017 29.488 21.939 1.76235
0.221 30.456 20.604 1.98617
0.006 30.271 19.064 1.76060
2.212 29.371 19.608 1.98154
19.074 26.715 19.969 2.52260
2.317 30.393 21.317 1.66884
6.682 29.236 19.374 2.09005
0.020 27.161 16.621 2.14816
0.003 27.468 16.207 1.71576
0.343 27.982 17.521 1.37915
1.420 29.089 18.271 1.70377
10.673 27.635 17.159 2.08510
3.503 28.524 17.884 2.35782
0.392 27.880 18.736 2.11923
0.000 29.608 19.359 1.10347
0.000 31.248 19.955 0.73331
0.328 31.702 20.385 0.77949
3.011 28.066 17.169 2.52570
1.049 26.542 16.984 2.20339
0.378 27.801 17.956 1.88968
0.025 29.130 17.621 1.76085
0.574 28.151 17.825 1.93275
2.752 28.928 18.435 2.06942
0.684 29.303 18.528 1.77216
0.723 28.818 18.029 1.79025
0.186 29.350 18.731 1.92677
1.661 27.492 15.958 3.03908
0.358 24.243 12.850 2.54700
0.000 26.790 14.010 1.16709
0.001 27.906 16.224 1.04044
0.031 27.599 17.961 1.28263
0.251 29.904 19.343 1.67463
0.280 29.915 19.121 1.77907
0.717 30.554 19.583 1.95742
0.433 29.539 17.759 2.12983
0.123 29.088 15.390 2.02064
0.017 28.209 14.416 2.04208
0.504 27.575 15.329 2.11297
0.638 26.434 14.686 2.61263
0.361 24.814 13.054 2.76932
0.090 24.011 12.305 2.59622
0.030 24.791 13.146 2.48751
0.022 26.555 13.298 1.99447
0.004 28.322 14.480 1.60309
0.026 29.229 16.790 1.80300
0.136 29.380 17.502 1.73815
0.009 29.263 17.892 1.64669
0.029 30.391 18.819 1.11073
0.005 32.104 20.475 1.16422
0.011 33.111 21.054 0.80853
0.018 33.025 20.184 1.66534
0.497 30.730 17.603 2.64199
0.627 29.423 17.082 2.42560
0.135 29.365 16.359 2.51334
0.073 28.530 14.567 2.56816
0.149 27.806 14.921 2.57710
0.049 28.283 15.225 2.47870
0.120 26.618 14.812 2.94487
0.536 26.549 14.629 2.88437
0.276 25.935 13.638 2.99482
0.108 26.083 13.467 2.88495
0.016 24.185 10.343 2.87835
0.000 24.372 9.966 2.24938
0.000 25.124 10.362 2.08098
0.000 24.804 9.349 1.81605
0.000 26.018 10.449 1.47477
0.000 27.398 11.968 1.42440
0.000 27.395 11.359 1.96117
0.000 28.654 12.869 0.96229
0.000 29.503 14.150 0.98915
0.144 30.266 15.221 1.23603
0.101 30.399 16.187 1.73656
0.146 30.216 16.752 2.41890
0.650 30.502 17.549 2.19383
0.311 29.011 17.018 1.35931
0.002 31.896 18.488 0.67659
0.044 32.365 20.268 0.63224
0.137 31.064 19.734 0.67841
0.004 32.823 20.505 0.83671
0.000 33.371 18.856 0.78191
0.000 32.959 16.688 1.58276
0.000 33.375 17.359 0.97021
0.005 33.753 16.257 1.56086
0.047 33.620 17.360 1.82196
0.350 33.605 18.557 0.95301
0.055 33.364 19.561 0.91661
0.012 35.079 18.616 1.65508
0.029 33.411 18.195 2.13368
0.001 33.508 18.633 1.35202
0.023 34.736 18.160 1.76068
0.038 33.420 17.621 2.29539
0.137 30.977 15.475 2.94494
0.052 31.096 15.258 2.63442
0.125 30.822 15.374 2.63059
0.171 29.998 16.335 2.89903
0.309 29.646 15.311 3.19211
0.832 27.502 15.113 3.23312
0.455 27.470 14.402 3.26707
0.258 29.422 14.998 2.49365
0.291 31.213 16.222 2.33653
0.240 31.465 15.246 2.68814
0.092 31.157 15.517 2.52783
0.012 31.702 14.697 2.07467
0.069 31.294 14.836 2.64361
2.186 30.998 15.705 3.04072
1.688 28.931 13.344 2.83134
0.005 31.385 14.746 1.27561
0.000 34.291 16.509 0.91042
0.000 36.774 20.855 1.13211
0.000 37.977 21.833 1.23530
0.000 38.905 23.264 0.98823
0.001 38.907 24.330 1.07269
0.472 38.102 24.678 1.28202
1.495 31.763 16.099 3.55398
1.009 28.972 15.272 3.79252
1.331 23.730 12.919 3.93340
0.229 27.280 13.670 3.26574
0.279 29.455 14.516 2.91589
0.188 31.864 14.770 2.69143
0.133 32.898 15.258 2.33733
0.064 34.469 16.772 1.61416
0.013 33.925 16.265 2.30625
0.002 33.229 16.413 2.18939
0.023 34.850 18.007 1.33566
0.017 36.348 17.836 2.14676
0.114 32.946 16.740 3.33892
0.000 33.636 15.085 2.54824
0.000 33.850 14.088 2.37259
0.000 33.284 12.927 2.41998
0.000 33.861 14.467 1.43562
0.000 36.036 16.437 1.08588
0.013 37.461 19.300 0.97201
0.085 38.749 21.369 1.14960
0.631 38.507 22.482 1.01848
1.632 35.704 20.314 2.20028
0.800 26.291 20.558 1.51048
0.870 31.088 20.414 1.17912
0.004 34.373 21.720 0.98051
0.000 38.182 24.879 1.62044
0.000 38.781 25.651 1.83438
0.000 40.011 24.291 1.86816
0.000 40.724 23.829 1.61798
0.000 41.491 23.967 1.30835
0.000 41.359 27.241 1.65017
0.001 41.408 28.222 1.71106
1.430 40.144 26.596 1.28045
16.267 38.214 24.159 1.08550
0.414 38.965 24.876 1.28753
1.045 37.321 24.168 0.95974
1.281 38.625 23.998 1.22060
1.558 37.269 24.601 1.30244
2.932 38.119 22.917 1.32282
1.364 36.246 24.531 1.70230
0.000 37.677 25.566 0.93250
0.000 38.609 26.694 1.86179
0.000 40.446 25.744 1.52028
1.833 40.855 22.933 1.88689
9.414 37.473 20.404 1.85886
2.835 29.233 18.940 1.72142
5.275 34.335 19.584 1.76954
12.562 30.678 21.455 1.08231
0.000 36.591 23.259 0.80695
0.006 37.354 25.106 0.74127
0.829 38.008 25.389 1.08649
0.000 39.694 25.796 1.41169
1.256 38.292 23.967 1.16433
4.977 31.491 23.585 1.41953
0.362 30.796 23.040 0.95317
0.016 35.670 24.273 1.32410
0.596 36.687 24.132 1.16001
0.168 32.254 24.552 0.75295
3.097 33.722 24.991 0.67128
2.709 33.410 24.537 1.36745
0.924 36.469 25.618 1.84464
10.789 36.066 23.077 1.68939
4.171 27.361 19.153 3.03995
1.052 34.755 19.305 2.63346
1.043 32.174 17.991 2.82280
0.000 35.092 20.080 1.41842
0.002 37.849 22.296 1.18622
0.510 38.091 23.832 1.23009
1.598 35.365 23.520 1.11592
9.136 36.954 24.431 1.03195
13.877 32.595 24.483 0.78848
22.278 31.549 24.168 0.65480
0.544 31.770 23.759 0.73198
4.885 34.199 24.442 0.70294
5.197 30.835 24.248 0.84999
1.089 33.402 24.251 1.12063
1.849 32.395 24.287 0.89279
3.626 33.232 24.773 1.12648
3.309 32.718 24.732 1.34097
2.169 33.824 23.953 1.85929
8.032 33.877 23.407 1.36958
21.429 31.584 23.184 1.65277
13.947 32.592 23.698 1.41890
11.873 30.585 21.888 0.89186
6.177 32.662 23.323 0.84087
4.846 29.652 23.390 0.65036
8.244 33.001 23.262 0.47431
1.654 34.091 23.773 0.53604
6.816 34.312 23.103 0.88372
2.723 33.176 22.208 1.55648
0.780 33.797 21.893 1.04150
4.382 34.232 22.370 0.71204
0.216 35.172 23.215 1.01190
0.045 34.338 23.964 1.16654
1.573 32.526 23.988 1.22867
9.452 31.894 23.945 1.20864
0.692 31.604 23.661 1.43379
5.490 32.376 24.532 1.40737
20.448 29.920 24.328 1.27857
6.455 28.903 23.904 1.35825
2.675 30.372 24.095 1.53009
4.556 30.652 23.556 1.35214
1.513 31.563 24.041 0.88500
2.659 31.778 24.400 0.73620
2.647 31.850 24.307 0.84197
8.355 29.812 23.605 0.81639
0.649 29.699 22.950 0.94925
0.157 31.034 23.471 1.05834
0.282 33.686 24.376 0.98006
2.567 31.652 24.334 0.55215
2.979 29.575 24.052 0.79087
13.299 31.299 23.462 0.62753
5.242 33.873 23.177 0.62469
0.885 33.513 22.108 0.71843
0.499 34.761 23.930 0.64095
4.063 33.497 24.418 0.92548
26.291 31.264 24.499 0.82747
18.113 30.519 23.623 0.82969
4.391 31.479 24.218 1.15331
10.596 30.559 24.446 1.34002
1.729 29.982 23.870 1.03156
5.797 29.734 24.106 1.06505
8.610 28.293 23.712 1.51124
2.861 29.217 23.763 1.46185
0.619 29.556 23.693 1.66845
0.469 30.110 24.160 1.63365
0.833 29.124 23.782 1.69288
6.500 30.496 23.306 1.73553
29.544 28.148 22.511 1.84489
1.423 29.246 22.323 1.26394
0.302 31.459 23.939 1.25836
0.410 29.250 24.007 1.19833
1.592 28.632 23.571 1.16102
4.740 29.198 23.567 1.06425
0.518 29.393 23.454 1.14581
4.500 29.597 23.015 0.97907
8.320 29.748 22.925 0.83131
3.321 29.150 22.617 0.95684
1.900 31.710 23.944 0.70267
2.207 28.553 23.093 0.78516
0.329 30.596 23.515 0.79412
1.001 30.535 23.383 0.74389
0.128 31.664 23.647 0.97934
1.285 30.284 23.816 1.24636
0.035 30.887 23.243 1.31568
0.173 31.728 23.150 1.20969
0.010 31.314 23.921 0.96598
1.819 30.886 23.704 0.81516
18.881 30.009 23.399 1.20395
5.662 29.120 23.092 1.43389
4.875 30.836 23.133 1.59332
3.488 31.178 23.499 1.83800
8.210 30.607 23.521 2.07304
17.903 29.589 23.869 1.74879
18.744 27.575 23.421 2.45693
26.807 27.073 22.891 2.96755
11.565 26.220 23.300 3.02619
3.125 29.812 23.408 3.03540
4.341 29.913 22.944 2.37548
1.096 29.886 23.208 2.46225
1.367 30.362 23.320 2.67510
4.257 30.596 23.493 2.43222
3.863 30.476 23.914 2.56039
0.219 29.854 23.615 2.32972
0.473 30.194 23.868 1.91863
0.711 30.460 24.124 1.84577
2.509 30.891 24.634 2.17109
12.914 28.481 24.072 2.08958
26.201 27.751 22.915 2.45223
15.539 28.671 22.790 2.24538
1.228 28.961 23.325 1.95379
0.537 30.244 23.269 1.97400
1.013 30.971 23.820 1.38333
0.444 29.794 24.267 1.17031
0.916 28.803 23.582 1.12115
11.811 29.796 23.456 1.28283
35.875 28.620 23.270 1.51945
20.482 29.239 23.398 2.04494
10.868 29.217 23.421 1.93259
2.163 29.048 23.659 1.47782
0.886 30.654 22.702 1.08922
0.895 30.363 22.973 1.12698
5.338 29.438 23.347 0.82159
3.297 32.469 22.489 0.39490
0.149 29.982 21.816 0.73984
3.266 32.901 23.077 0.90266
16.738 27.870 23.665 1.49591
4.581 27.941 22.496 1.31140
24.598 27.832 22.280 0.84453
9.174 28.826 22.604 0.84989
0.904 30.685 23.113 1.23807
0.226 31.654 24.240 0.64414
0.237 31.972 23.803 0.58498
1.333 29.196 23.642 0.96054
4.703 28.981 23.578 0.80748
7.129 30.509 23.123 0.59958
1.856 29.412 21.918 0.49803
16.375 34.205 23.003 0.52231
3.444 31.103 22.433 0.88267
3.389 32.428 22.775 0.62188
10.801 30.979 22.467 0.68992
1.426 33.549 22.767 0.57244
2.363 32.635 22.277 0.79442
0.177 32.893 22.207 0.64435
0.094 34.628 22.607 0.70505
1.866 31.063 23.188 0.53690
22.217 31.638 23.076 1.03864
99.055 26.674 23.182 2.70330
61.134 25.813 23.379 2.89165
27.062 26.272 23.461 2.05322
8.962 29.781 24.077 1.97837
9.796 28.290 24.352 1.42892
13.136 26.887 24.208 1.58319
21.880 27.206 23.665 1.89320
25.798 27.004 23.207 1.70323
21.554 29.332 23.999 1.53685
16.569 26.117 22.889 1.50917
5.869 28.827 23.512 1.54701
19.121 29.418 23.017 1.16991
6.110 29.962 22.689 0.62908
8.720 30.655 22.240 1.15966
4.575 29.970 23.098 1.26826
4.971 31.476 22.306 1.22544
10.321 30.365 22.585 1.64838
18.059 30.305 21.405 1.78884
10.251 29.710 20.232 1.65370
16.447 30.066 21.271 1.76192
0.238 30.059 21.616 0.99663
2.073 31.067 22.906 0.60299
10.046 25.934 22.078 0.92701
12.130 29.362 22.271 0.87747
7.835 29.218 22.700 0.76035
0.917 31.656 22.736 0.47322
5.151 30.018 21.831 0.87753
4.289 30.103 20.736 1.38555
6.246 29.860 21.074 1.31305
2.961 29.708 21.836 1.33854
0.472 28.367 21.148 1.64583
0.671 29.986 19.794 1.70498
0.000 30.077 19.422 1.43574
0.049 30.407 20.956 1.36004
2.766 31.196 22.196 1.38237
0.300 31.118 22.278 1.40582
2.067 31.045 22.063 1.31273
1.206 29.480 20.240 1.56213
4.807 29.455 19.487 1.57342
0.476 29.097 20.814 1.57146
11.083 29.615 21.685 1.84369
8.816 27.182 21.861 1.90588
5.386 28.493 22.507 1.88155
2.620 28.727 19.984 2.31678
1.290 27.471 18.604 2.30255
1.235 28.121 19.634 2.10141
0.941 30.228 21.301 1.87778
0.892 29.238 22.010 1.66902
5.525 26.942 22.290 0.96542
1.788 30.516 22.987 0.59421
3.357 29.750 22.575 0.86512
9.011 29.594 20.784 1.88024
39.208 27.456 21.271 2.02894
6.506 28.956 22.188 1.39836
3.653 30.715 22.030 0.71953
0.989 30.422 20.686 1.18769
0.150 29.157 20.205 1.52641
0.242 29.814 19.566 1.29624
0.000 29.923 19.354 0.89762
1.081 30.797 20.919 0.74353
5.759 32.008 21.333 0.55521
1.496 28.494 20.191 1.31493
0.185 28.549 17.978 1.62819
2.280 27.359 19.415 1.73959
1.181 27.171 18.147 1.94307
5.563 27.621 19.165 2.07121
11.487 26.151 18.957 2.68478
2.691 24.216 16.458 2.58645
0.653 26.034 17.141 2.02840
0.863 27.292 17.335 2.35847
0.189 26.740 17.857 1.93239
0.362 28.135 18.887 1.87213
1.329 27.853 18.721 2.13593
0.188 27.725 18.161 1.77243
0.548 28.352 18.716 1.43437
0.313 28.690 19.236 1.54133
0.297 28.638 19.039 1.74137
0.753 29.264 20.083 1.22604
2.027 29.220 20.905 1.65978
1.905 27.126 18.972 2.48563
1.050 26.210 16.755 2.47332
0.257 27.301 17.403 1.73603
0.008 29.119 19.215 1.16950
0.035 30.432 20.546 0.83955
1.202 29.481 17.363 2.42837
2.087 23.821 14.952 3.12017
0.913 23.436 13.892 2.43790
0.053 26.302 14.854 1.66284
0.213 27.997 16.701 2.10965
0.473 25.571 14.697 2.35461
0.273 25.724 14.504 2.03283
0.094 27.242 15.667 1.87005
0.134 26.827 14.806 1.98790
0.050 27.287 15.464 1.35837
0.005 28.145 15.339 1.18051
0.030 28.381 16.558 1.51121
0.538 28.114 17.646 2.23289
1.198 27.573 17.458 2.27030
2.496 26.225 16.940 2.88701
0.970 24.372 15.571 2.74709
0.152 24.043 14.625 2.39626
0.048 26.283 13.872 2.11166
0.014 26.107 12.351 2.11090
0.000 26.333 12.122 1.58243
0.000 26.564 11.707 1.52802
0.000 25.556 11.477 1.72529
0.000 25.460 12.855 1.40889
0.021 27.493 14.422 1.21597
0.033 28.348 16.854 0.96891
0.000 28.893 15.601 1.06760
0.000 29.245 14.488 0.98969
0.013 29.143 14.004 1.27430
0.022 28.692 14.934 0.87479
0.000 28.569 14.707 0.74998
0.034 29.617 15.626 1.16860
0.242 28.384 14.636 1.76488
2.524 28.424 15.954 1.74368
0.816 28.882 16.287 1.74802
3.120 28.429 14.692 2.31178
0.426 26.138 12.721 2.75064
0.496 24.466 11.328 2.40466
0.112 24.877 11.004 2.23622
0.033 26.295 11.730 1.63254
0.000 27.696 13.061 1.33284
0.000 29.269 14.351 1.65653
0.000 30.291 15.494 1.01018
0.000 31.568 16.922 0.73991
0.000 32.569 17.596 0.75115
0.000 33.095 18.963 0.79222
0.001 33.607 18.593 1.14520
0.008 32.943 19.693 0.82437
0.059 33.512 19.869 0.89879
1.328 32.579 20.525 1.58534
0.610 31.884 19.752 1.66051
0.206 30.515 14.831 2.25432
0.188 28.340 15.992 2.50730
0.103 26.257 15.957 2.31193
0.038 29.527 14.546 2.42692
0.000 28.552 13.781 1.95563
0.000 30.785 14.750 1.19319
0.000 32.352 16.439 1.09816
0.380 33.659 18.402 0.98255
0.879 35.052 19.819 1.00547
0.153 33.237 22.265 1.26848
0.353 31.716 21.232 1.03639
0.123 34.521 20.466 1.41902
1.272 28.744 18.941 1.89225
13.150 24.484 18.677 1.27598
3.262 27.153 19.045 0.95289
0.101 30.220 19.851 0.98923
0.092 33.828 21.133 1.07925
0.162 27.931 19.171 1.79865
0.137 28.010 18.475 2.37937
0.172 29.152 19.019 2.22584
0.046 32.710 19.360 2.19799
0.095 34.249 20.254 1.76102
0.338 28.578 17.558 2.08285
0.764 25.477 17.435 2.42833
0.102 30.867 18.164 2.27934
0.207 29.908 14.911 3.22464
0.091 29.350 14.596 2.71296
0.000 31.222 14.579 2.26094
0.018 31.216 15.672 2.38102
0.036 32.113 15.823 2.30733
0.116 32.370 17.251 2.00330
0.220 32.473 18.671 1.64095
1.981 31.743 18.337 2.03678
0.000 33.086 17.309 2.15984
0.000 34.117 16.801 1.91336
0.000 33.922 16.866 2.02124
0.016 34.654 16.798 1.64807
0.323 33.633 15.839 2.93428
0.326 32.583 15.566 2.64732
0.006 32.645 14.699 2.00526
0.000 34.667 16.403 1.37154
0.000 36.583 18.228 1.37726
0.000 37.312 17.119 1.61458
0.000 36.191 17.492 1.57052
0.000 36.633 19.108 1.28658
0.000 36.947 20.046 1.21443
0.000 37.630 21.430 1.04291
0.552 38.159 23.450 1.30326
2.358 37.542 25.172 1.32499
0.445 38.481 25.046 1.33209
1.726 37.252 24.442 1.22265
3.223 35.305 22.406 1.26301
0.733 36.608 22.002 1.35489
0.020 37.308 23.953 1.64453
0.053 38.445 24.776 2.07254
0.000 38.148 25.927 2.01492
0.058 39.345 25.685 1.98007
1.235 39.558 25.879 1.40033
6.751 37.926 22.706 1.78977
1.019 35.464 22.965 1.37477
0.604 35.913 22.765 1.28721
0.479 36.293 22.845 1.43156
3.574 33.649 22.044 1.20163
2.940 33.409 22.709 0.73116
2.096 37.527 22.692 1.23266
19.588 33.809 22.004 1.19908
0.898 35.396 22.550 1.07230
5.945 34.664 23.311 0.91802
0.126 36.831 24.096 1.14028
0.123 37.922 24.424 1.14928
0.092 37.924 24.885 0.98786
0.201 37.137 25.366 1.00404
2.100 34.247 24.376 1.08000
6.366 33.521 24.714 1.02625
3.261 31.398 22.314 1.36197
0.845 32.198 21.757 0.88442
3.402 34.734 22.719 0.77731
3.076 35.625 24.325 0.93316
21.496 28.780 22.097 1.25329
5.383 33.171 21.820 1.44927
2.035 34.573 22.813 1.47335
0.945 35.709 22.724 1.26970
14.716 34.046 22.164 1.08385
1.133 35.115 23.494 1.31930
0.011 36.867 23.699 1.20071
0.019 37.217 24.190 1.21442
0.069 38.066 25.502 1.10154
0.521 37.677 25.419 1.05430
5.005 36.388 24.480 1.12779
4.699 35.167 23.167 0.78129
4.895 34.009 21.455 1.78425
4.344 35.223 21.946 1.88215
1.089 32.360 19.939 1.83331
0.038 35.166 21.045 1.73530
0.000 37.287 22.905 0.98717
0.197 37.683 23.986 0.75785
1.215 38.062 24.697 0.83750
0.194 37.454 25.459 1.11497
2.930 35.853 23.929 1.27177
0.064 38.299 25.008 1.25954
0.131 38.645 25.963 1.71714
0.388 38.903 26.702 1.96039
0.012 38.682 26.975 1.92950
0.927 38.727 26.681 1.68542
11.601 37.304 25.683 1.41407
25.450 28.879 23.668 1.12678
0.081 32.238 24.082 0.91791
1.061 34.473 23.977 1.30598
0.511 35.204 24.763 1.29150
0.022 35.699 24.951 1.34073
2.582 33.886 24.929 1.16623
0.007 35.672 24.777 1.11085
0.792 37.030 25.184 1.68966
2.085 34.079 24.410 1.35584
7.764 32.457 23.386 1.45503
10.298 31.855 23.368 1.57242
8.171 31.909 23.841 1.60275
4.693 31.622 23.371 1.49045
8.447 32.485 24.389 0.90301
14.521 28.212 22.356 1.23892
5.447 31.209 21.421 1.08777
16.494 34.047 22.886 0.88581
7.624 31.093 23.859 1.49024
5.006 31.300 24.028 1.56523
8.077 33.637 24.576 1.31797
9.935 29.785 22.406 1.00275
10.622 31.241 23.271 1.07774
2.428 28.839 23.644 1.46480
2.174 31.351 23.962 1.77725
0.726 30.519 24.193 1.69156
0.000 31.626 24.535 1.77084
0.189 31.031 24.521 1.67693
1.298 30.981 24.525 1.75991
0.027 31.911 24.711 1.88047
2.200 30.882 23.800 1.86474
7.329 31.383 23.159 1.53621
0.026 32.639 23.657 1.63726
0.373 31.042 23.437 1.19818
0.512 31.035 23.576 0.93861
0.002 32.370 23.990 1.04190
1.507 32.580 24.040 1.26640
36.250 30.224 23.878 1.46344
29.522 28.258 22.871 0.81447
8.544 30.753 23.358 1.03724
6.685 29.759 23.291 1.09765
0.071 29.993 22.965 1.02327
0.464 32.518 23.984 1.27550
6.330 29.899 23.930 1.42500
9.889 29.285 24.240 1.65987
29.938 28.247 23.716 1.43945
5.006 29.807 23.818 1.52936
20.175 29.023 23.807 1.59085
30.902 29.905 24.243 1.51141
34.652 28.309 24.123 1.76432
11.726 27.445 23.791 2.02763
2.471 29.669 24.079 1.87249
5.860 28.789 23.975 1.69271
6.537 29.458 23.995 1.89616
1.268 28.813 23.952 1.87006
2.619 29.666 23.757 1.68587
0.259 29.690 23.669 1.55092
0.197 30.187 24.045 1.38120
0.364 29.377 23.885 1.51975
7.830 29.673 23.833 1.51499
17.960 27.418 23.838 1.62235
1.623 29.420 23.530 1.77861
11.104 28.403 23.546 1.71356
37.546 29.299 23.842 1.53423
4.252 27.940 23.237 1.30199
4.667 29.806 23.566 0.84105
13.370 28.745 24.268 1.16343
18.032 27.658 23.843 1.39472
16.695 28.319 23.703 1.59898
16.377 26.994 23.764 1.71018
7.950 27.686 23.594 1.62699
7.057 28.246 23.606 1.21423
6.291 29.233 23.766 1.31322
14.803 27.857 23.489 1.09839
6.691 28.707 23.369 1.20029
12.295 27.089 23.386 1.28352
15.637 27.503 23.550 1.73806
5.238 27.620 23.868 1.36830
4.225 28.856 23.555 1.73423
15.331 29.225 24.165 1.69560
3.972 28.973 24.072 1.40635
14.905 28.035 23.920 1.46808
16.315 27.886 23.335 1.75623
8.835 28.706 23.682 1.61525
4.290 29.128 23.991 1.99467
8.885 28.372 24.253 2.05192
20.868 26.645 23.962 2.11324
13.993 28.184 23.735 2.05754
3.030 29.597 23.771 1.91719
3.282 28.220 23.278 1.59619
1.099 28.822 23.643 1.67136
1.269 29.314 23.437 1.99386
0.099 28.638 23.580 1.90566
0.542 27.766 23.199 1.78564
3.691 28.502 23.254 1.92993
6.235 28.948 23.483 1.68859
2.328 29.594 23.724 1.66714
7.699 28.419 23.689 1.32952
8.648 27.515 23.061 1.89265
7.587 28.115 23.897 1.72235
18.397 27.319 23.778 1.80795
58.334 26.834 23.482 2.07519
6.481 26.461 22.761 1.29330
4.711 31.486 23.783 1.24883
6.937 32.012 23.406 1.16448
1.775 31.669 23.315 0.99921
4.461 29.033 23.534 1.19452
5.316 29.640 23.181 1.62881
5.105 30.934 23.375 1.49592
8.622 30.104 23.900 1.29427
6.779 28.961 23.800 1.60108
1.314 28.704 23.980 1.21984
9.508 28.535 23.431 1.25049
11.348 29.214 23.555 1.68894
2.538 27.654 23.476 1.58668
0.476 29.778 23.152 1.50107
3.984 29.509 23.988 1.50535
1.936 27.811 23.363 1.27895
0.552 29.319 23.465 0.92715
0.551 29.463 23.441 1.01324
2.258 29.341 23.035 0.98438
11.945 28.591 23.106 1.00336
14.067 28.360 22.558 1.09225
1.503 29.283 22.133 0.89004
7.730 30.098 22.762 0.83360
6.087 31.131 23.330 0.53785
0.785 30.372 22.883 0.65898
1.481 33.997 22.423 0.55602
0.006 33.575 20.995 0.67343
0.863 33.218 21.936 0.82547
0.019 33.294 21.942 1.04424
2.906 30.959 22.232 1.09940
2.687 32.085 22.294 0.94428
2.646 32.299 21.808 0.79774
5.024 32.092 22.752 0.75274
6.438 31.206 22.237 1.29700
2.635 30.681 20.897 2.15102
3.235 29.427 20.172 1.70396
0.481 31.794 21.767 1.10192
5.367 31.561 22.926 1.07565
20.070 28.516 22.653 1.98110
6.635 25.635 20.330 2.00470
0.517 25.621 19.169 1.35075
0.000 26.621 19.071 0.95728
0.012 30.114 20.402 0.69729
2.614 31.594 22.943 0.53341
2.512 29.819 23.451 0.65006
3.554 29.913 22.351 0.61290
3.426 32.128 22.436 0.85115
18.238 29.636 22.545 0.89748
1.192 29.201 22.473 1.18162
0.375 31.252 22.642 0.81961
0.129 31.642 21.444 0.98725
2.100 32.018 21.886 1.22171
7.506 31.868 22.183 0.69427
1.021 33.156 22.424 0.50896
3.564 31.477 23.303 0.53915
16.172 30.434 22.926 0.53735
6.992 32.981 22.462 0.38760
0.518 31.010 22.588 0.50338
0.982 31.611 22.385 0.53079
0.962 30.215 22.369 0.83010
0.629 32.591 23.101 0.75571
0.311 30.560 21.835 0.72765
0.599 32.092 21.794 1.03760
0.093 31.942 21.819 0.85636
0.000 33.717 22.126 0.64638
0.000 32.478 23.247 0.60929
0.003 33.651 22.729 0.54064
0.047 32.272 21.234 0.65304
1.115 31.237 20.762 0.84157
0.125 30.008 20.722 1.29915
2.795 28.605 20.578 1.66639
2.307 28.542 20.525 2.04499
3.270 29.143 19.875 2.50786
0.475 28.412 18.178 2.60659
0.396 27.549 17.306 2.44140
0.673 27.411 16.962 2.62605
0.854 27.408 18.389 2.69344
3.317 29.102 19.580 2.55140
0.433 27.957 18.450 2.29502
0.119 27.485 16.170 2.21423
0.027 29.192 17.359 1.76440
0.001 28.493 17.043 1.74762
0.040 29.079 18.163 1.35361
0.373 29.163 19.253 1.28409
0.177 30.840 19.542 1.23338
0.000 31.622 19.551 1.08920
0.000 32.016 19.888 0.96452
0.003 33.145 21.213 0.71004
0.011 32.193 21.046 0.66868
0.000 33.207 21.327 0.67649
0.588 33.625 20.336 1.40063
1.015 28.196 16.797 2.63373
0.077 29.641 17.827 1.95390
0.049 31.462 19.178 1.24759
0.003 31.685 18.598 1.27553
0.001 32.825 19.991 1.03436
0.030 33.902 21.432 0.87074
0.015 33.789 22.378 0.54537
0.000 33.137 21.787 0.83116
0.000 33.406 21.702 0.99791
0.000 33.881 21.954 0.73139
0.000 34.353 21.663 0.73238
0.000 34.985 21.372 0.78593
0.013 35.073 20.904 1.25732
0.006 33.701 19.755 1.36821
0.375 33.492 19.467 2.03355
1.707 28.392 17.828 3.03194
1.388 29.350 18.484 2.71864
0.548 30.847 18.936 2.29494
0.475 32.602 20.157 1.85831
0.024 33.419 20.785 1.27292
0.219 33.670 19.098 2.01841
0.626 26.324 15.405 3.07676
0.049 27.620 15.513 2.67189
0.038 28.141 14.966 2.46324
0.015 30.276 15.950 1.93191
0.045 31.300 17.670 2.09538
0.025 30.083 16.850 2.34189
0.029 32.355 17.701 1.44562
0.009 33.723 19.035 1.43336
0.000 34.692 20.171 1.05214
0.000 35.060 19.796 1.20681
0.000 35.318 20.170 1.09101
0.000 35.170 19.586 0.93453
0.000 35.441 19.591 0.93629
0.001 36.003 20.041 0.85068
0.071 35.330 19.029 1.93135
0.069 31.890 18.070 1.83696
0.001 32.550 18.408 1.28985
0.000 33.896 18.469 1.27389
0.000 33.848 18.533 1.38583
0.002 33.301 18.311 1.55733
0.036 33.961 18.917 1.33078
0.000 33.566 17.590 1.22968
0.000 34.443 17.599 1.12549
0.000 34.092 17.680 1.13901
0.000 34.329 17.821 1.49338
0.000 34.089 17.425 1.22147
0.000 35.434 18.764 1.04710
0.000 34.677 18.730 1.87423
0.000 32.668 17.144 2.07381
0.000 33.325 18.360 1.50882
0.000 34.931 18.643 0.81956
0.000 36.440 19.106 0.74182
0.000 37.437 19.612 0.77489
0.000 37.300 21.197 0.94210
0.000 37.578 20.990 1.26495
0.000 36.795 22.041 0.94937
0.000 35.176 24.115 1.38547
0.000 35.428 24.393 1.70929
0.000 36.460 23.933 1.75563
0.000 36.471 19.374 1.71757
0.000 37.768 16.960 1.32638
0.000 36.159 17.538 1.62938
0.000 33.611 18.312 1.95769
0.000 35.382 19.236 1.55101
0.000 36.055 20.672 1.04933
0.000 36.881 20.144 0.79622
0.000 35.969 17.793 1.87450
0.000 31.104 15.377 2.96218
0.000 32.000 16.329 2.50703
0.000 33.758 17.465 1.57056
0.000 35.220 19.322 1.71095
0.000 32.771 16.139 3.31479
0.000 30.817 15.882 2.63574
0.000 34.162 16.967 1.35232
0.000 35.592 19.805 1.25900
0.000 36.956 20.691 1.09379
0.000 37.689 21.578 1.01191
0.000 37.816 23.040 0.94687
0.000 37.587 17.076 2.52397
0.000 31.291 15.728 2.71336
0.000 29.539 16.084 2.14871
0.000 30.369 15.636 2.35075
0.000 34.306 16.626 1.70667
0.000 35.329 19.243 1.27693
0.255 33.490 22.103 1.28010
6.505 33.575 21.642 0.89847
0.000 35.252 22.609 0.60066
0.000 35.563 23.767 1.07059
0.000 37.371 22.932 0.85655
0.000 38.484 24.368 1.68328
0.000 38.301 25.082 1.98350
0.000 39.543 24.888 1.82573
0.000 39.285 24.069 1.65671
0.000 39.934 24.674 1.61299
0.000 39.883 26.644 1.32141
13.115 39.166 21.484 1.79667
23.370 33.752 21.494 1.47305
0.000 34.400 22.013 0.94950
0.000 36.078 20.961 1.77802
0.000 36.478 21.794 1.40949
1.300 35.329 22.711 1.14277
0.000 36.489 22.369 1.23211
0.000 36.567 21.797 1.89023
0.000 34.267 22.486 1.46451
0.000 35.302 23.290 0.89819
0.000 37.134 24.655 0.96148
0.000 37.682 25.266 1.09425
0.000 34.180 24.484 1.20251
0.000 34.469 24.455 0.98024
0.000 36.666 25.043 1.47576
0.000 37.628 24.680 1.85939
0.000 39.130 20.607 1.96166
0.000 39.295 20.898 1.64513
0.000 38.950 19.988 1.28138
0.000 38.316 20.254 1.42754
0.000 37.645 21.725 1.08737
0.000 39.543 26.637 1.51476
0.000 40.010 25.444 1.21682
0.000 40.966 25.552 1.12674
0.000 41.005 26.613 1.19060
0.000 39.247 26.676 1.53959
0.000 40.641 26.202 1.74804
0.000 41.867 26.013 1.65512
0.000 41.062 22.795 1.75072
0.000 39.245 23.610 1.77857
0.000 39.887 24.868 2.09521
0.000 38.660 25.534 1.57299
0.000 38.745 26.074 1.30889
0.000 39.809 25.773 1.35521
0.000 39.442 24.787 1.39441
0.000 40.093 23.917 1.99550
0.000 40.009 23.638 2.02825
0.000 39.710 24.412 1.85193
5.855 39.912 26.475 1.06603
0.055 34.980 26.320 1.32705
0.240 34.769 25.294 1.79180
1.060 33.038 24.384 1.74641
0.100 38.314 26.163 1.19616
0.000 39.772 26.458 1.41158
0.000 40.370 25.606 1.32933
0.000 40.505 26.187 1.13709
4.200 37.693 26.315 1.19789
0.000 40.487 28.578 0.95450
0.315 39.387 29.224 1.36476
0.000 41.123 29.394 1.73326
0.000 42.953 26.045 1.43433
0.000 43.272 26.788 1.24289
0.000 43.638 25.789 1.31403
12.870 42.844 27.141 1.47450
1.040 39.360 24.296 1.98521
45.710 36.044 22.274 1.66770
0.000 36.095 23.671 1.32056
0.000 37.692 24.056 0.87680
0.065 37.210 24.884 1.28912
2.335 35.820 25.050 1.01328
0.000 37.872 25.194 1.44764
0.000 40.044 25.841 1.61460
0.000 41.109 26.242 1.36597
0.000 40.493 27.018 1.41988
0.000 41.358 27.875 1.67756
0.000 39.824 27.542 1.71311
0.000 37.373 25.947 1.47887
0.000 39.951 25.552 1.56694
0.000 40.276 26.541 1.61571
0.000 40.786 27.146 1.70849
0.690 39.849 28.241 1.56288
5.520 37.730 26.672 1.09613
5.001 36.514 24.995 1.45225
0.285 38.207 25.368 0.84193
0.000 38.696 25.623 1.03871
0.000 39.685 25.717 1.17634
0.000 41.470 27.211 0.83481
0.020 39.366 27.778 1.03506
11.085 35.322 25.620 1.42941
11.790 38.876 26.935 0.76042
13.990 37.990 26.420 0.80539
0.005 37.438 26.656 0.86197
0.000 38.565 27.424 0.84042
0.000 38.925 27.303 1.34481
4.910 36.018 26.408 1.03845
13.920 33.119 25.842 0.72234
6.295 32.103 25.010 1.10797
3.265 36.141 26.119 1.16536
3.495 34.994 26.195 1.04577
1.070 35.134 27.051 1.41482
0.000 33.883 26.891 1.40855
14.745 35.819 26.659 1.42389
52.375 32.332 22.781 1.46866
19.130 29.407 22.035 1.29682
8.085 32.139 23.628 0.91576
3.405 31.567 25.599 1.43107
0.315 30.906 25.070 1.52699
20.080 30.893 25.181 1.56882
3.415 30.751 24.571 1.59036
37.900 29.905 24.453 1.57681
0.000 31.499 25.215 1.80630
0.000 31.575 25.233 1.51848
0.045 31.415 25.348 1.50454
7.180 32.061 25.319 1.39673
30.275 31.111 25.217 1.22741
12.565 29.790 24.168 1.24965
0.030 31.042 23.985 1.31008
11.750 31.187 24.783 1.71710
0.000 31.138 24.777 1.56076
0.450 31.645 24.404 1.37261
0.585 31.658 24.216 1.24957
0.095 32.747 24.267 1.06499
0.480 32.938 25.362 1.11330
1.015 30.739 24.600 0.89994
0.000 30.698 24.524 1.07705
0.000 32.400 25.175 1.56532
0.860 30.583 25.029 1.52210
0.010 31.006 24.451 1.32995
0.000 30.472 24.183 1.28113
1.510 31.418 24.906 1.23781
1.095 29.841 24.436 1.07050
0.000 30.877 24.448 1.26996
1.005 30.072 24.465 1.27289
38.080 30.365 24.477 1.13802
43.040 29.765 24.236 1.03924
3.795 29.728 24.296 1.11129
1.200 30.299 23.987 1.01048
0.945 30.330 23.932 0.71958
4.705 32.412 24.372 1.07479
2.575 30.032 24.216 1.23017
6.045 30.237 24.030 1.40259
7.835 29.801 23.680 1.62052
13.895 28.252 23.333 1.14661
4.595 29.039 23.282 1.32497
0.260 29.942 23.376 1.09433
15.050 30.146 24.104 1.48354
0.000 30.753 23.949 1.30610
0.770 29.777 24.470 1.41587
0.340 29.709 23.800 1.28657
0.030 30.736 24.252 1.35485
0.005 30.727 24.275 1.27659
66.175 30.770 23.957 1.42351
21.335 30.090 23.945 1.14765
0.090 30.068 23.440 1.12989
0.000 30.544 23.694 1.08008
0.030 30.775 23.894 0.99157
6.035 31.125 24.110 1.05970
0.000 31.616 23.981 1.05401
0.020 31.957 24.463 1.07077
0.000 31.876 24.309 1.23298
0.210 30.915 24.755 1.39350
0.000 31.134 24.095 1.39747
0.100 31.608 23.952 1.36930
0.240 30.706 24.444 1.47403
0.055 30.314 24.523 1.36199
0.000 30.676 24.392 1.12551
4.805 31.348 24.365 0.69085
3.435 32.251 24.598 0.84575
13.705 31.796 24.167 0.50450
4.405 32.438 24.358 0.82429
0.000 30.977 24.922 1.24320
0.000 29.105 23.682 1.24227
0.000 30.226 23.542 1.12805
13.950 30.546 23.776 1.04465
21.615 31.061 24.058 1.10820
0.000 30.688 23.883 1.08771
6.120 30.595 24.059 1.00279
4.110 31.208 23.960 1.11231
36.680 28.739 23.147 1.17294
3.485 30.428 24.298 1.55114
4.955 28.113 24.064 1.55337
6.495 28.496 23.696 1.72428
0.000 27.556 23.800 1.28395
0.000 29.888 23.690 0.84331
5.750 31.194 24.284 0.71212
0.565 30.349 24.719 0.62235
7.020 32.543 24.084 0.52689
14.480 34.376 23.387 0.34868
3.010 32.513 23.359 0.65138
52.791 31.959 23.808 0.72653
1.870 29.832 23.779 0.84141
8.290 30.395 23.075 0.50919
20.725 29.836 23.076 0.83127
0.865 31.370 23.468 0.83771
0.000 31.451 23.514 0.89781
0.000 32.248 23.458 0.85900
0.000 31.038 24.071 1.04289
0.160 31.378 23.806 1.12355
0.000 31.003 24.223 1.16889
0.000 30.681 24.117 1.00120
38.875 32.407 24.120 0.68127
11.065 32.433 24.034 0.54103
19.575 29.338 23.846 0.62583
0.000 30.914 23.506 0.72269
0.000 31.020 23.477 0.64745
0.000 30.606 24.018 0.92139
6.885 28.581 23.678 1.07679
4.290 29.254 23.832 1.00001
35.725 30.430 24.148 0.98879
15.965 30.219 23.663 1.04695
92.130 29.813 24.288 1.17897
26.675 27.379 23.047 0.91360
0.555 30.398 22.206 0.80521
0.000 31.904 23.584 0.78506
3.635 32.605 23.637 0.79110
0.010 30.475 24.217 1.26059
0.025 30.646 24.081 0.97863
0.340 31.065 23.509 0.62075
9.760 30.846 23.161 0.64454
8.085 30.171 23.470 0.71936
2.020 31.079 23.739 0.79749
66.215 27.605 22.522 1.60568
3.360 27.967 22.405 1.12497
0.475 31.386 23.412 0.50315
6.125 30.492 23.494 0.54769
0.000 31.955 22.279 1.39889
0.000 31.408 23.368 1.43114
11.160 29.890 22.491 1.40252
0.245 30.556 22.551 1.76482
0.000 28.136 21.612 2.03719
0.540 28.951 21.638 1.92041
0.055 26.908 20.985 1.32852
0.500 29.724 19.408 1.45299
2.125 29.611 20.970 1.54019
19.365 29.344 20.721 1.59853
13.815 29.577 21.256 1.22988
0.000 27.963 21.319 0.85803
2.890 31.563 22.828 0.80162
2.290 29.803 22.691 1.05883
1.715 31.378 23.744 0.87655
6.195 30.526 23.374 0.69490
0.035 31.961 23.086 0.75785
6.255 31.431 22.776 0.93821
2.225 31.096 23.359 0.79952
0.000 32.081 22.990 1.09156
0.000 31.472 21.882 1.18530
0.000 33.398 23.036 0.84841
0.000 32.990 24.402 0.68412
3.370 31.666 21.452 1.16811
0.035 31.729 20.578 1.66597
0.000 30.214 20.652 1.64153
1.835 29.123 20.940 2.48429
5.650 28.187 20.395 2.19722
3.850 29.784 18.737 2.02521
0.000 29.180 18.087 1.86599
0.000 29.130 16.785 1.40473
0.000 29.351 16.076 1.16041
0.000 29.997 18.240 1.39003
0.000 29.911 19.158 1.51553
0.000 31.712 20.421 0.62769
0.000 33.382 22.700 0.52745
0.000 32.144 21.264 0.77777
0.000 31.198 20.537 1.21596
0.000 30.946 21.327 1.57907
0.000 30.194 21.012 1.93185
0.000 29.488 20.352 1.94991
0.000 29.519 19.286 1.90211
0.000 29.139 19.867 2.18459
0.000 28.278 19.385 2.27586
0.000 28.784 18.956 1.96964
0.000 29.689 19.575 1.65550
0.000 30.190 18.500 1.77346
0.000 29.709 16.996 1.92411
0.785 28.576 16.406 1.99508
2.295 28.751 16.039 1.88729
1.715 29.080 17.474 1.99738
2.600 26.217 19.298 1.92182
0.140 31.175 21.271 1.65991
0.355 31.884 21.686 0.90481
0.000 32.623 21.014 1.23406
0.000 32.157 21.268 1.58643
1.670 31.211 21.267 2.33944
12.390 25.229 20.485 3.06860
0.055 26.349 20.712 3.01925
0.055 26.118 17.928 2.50303
0.000 27.183 17.105 2.27862
1.785 27.118 16.781 1.92584
5.455 27.857 17.694 1.97867
18.925 26.156 18.682 2.07927
0.000 29.652 21.152 1.28043
0.020 26.649 21.521 1.06337
0.000 27.316 21.240 0.63311
0.120 31.595 22.379 0.45758
0.000 31.787 22.420 0.45409
0.000 31.553 22.295 0.64284
0.000 31.149 18.650 2.01739
0.000 29.140 19.322 2.17829
0.000 29.760 19.540 2.15752
0.000 29.385 18.831 2.05727
0.000 27.897 16.614 2.83674
0.000 26.330 15.490 2.48358
2.925 25.915 15.504 2.86904
0.000 24.465 15.640 3.30194
0.000 24.207 14.907 3.34978
0.000 24.106 15.172 3.21512
1.220 22.143 15.879 3.27118
2.970 22.701 15.693 3.63294
0.000 22.243 15.287 3.28380
0.000 24.547 15.079 2.18664
0.000 27.394 15.786 1.73651
0.000 28.913 16.869 1.65374
0.000 28.911 16.562 1.87922
0.000 29.234 16.767 1.75800
0.000 30.506 17.995 1.50304
0.000 31.006 18.775 1.45284
0.000 30.717 17.572 1.76471
0.000 29.866 17.370 1.98094
0.000 30.155 17.877 1.96212
0.000 30.348 17.838 1.94662
0.000 29.473 17.462 2.06528
0.000 29.820 17.286 2.26171
0.000 29.645 17.341 2.35726
0.000 29.950 17.779 1.95930
0.000 30.255 18.610 2.15057
0.000 30.057 18.238 2.27050
0.000 28.123 16.528 2.73691
0.000 27.131 13.106 2.34367
0.000 27.289 12.006 2.16959
0.000 27.607 13.148 1.78032
0.945 28.271 14.813 2.20652
0.075 27.468 13.597 2.12424
0.065 28.518 14.493 1.71219
0.000 29.317 16.927 1.76190
0.000 29.560 16.458 2.43636
0.000 26.986 15.504 2.71947
0.000 25.011 13.663 3.00471
0.000 28.458 14.708 2.37323
0.000 28.115 14.907 2.51097
0.000 22.485 14.239 3.12504
0.000 26.234 13.945 2.79010
0.000 26.222 14.294 2.37215
0.000 29.622 15.274 1.81783
0.000 31.527 17.040 1.97613
0.000 30.269 16.600 2.72496
0.000 29.373 16.639 2.36254
0.000 31.841 17.639 1.52047
0.000 33.692 20.056 1.19963
0.000 34.658 21.252 1.25386
0.000 33.161 20.293 1.83145
0.630 34.483 21.213 0.78812
0.000 35.188 20.150 1.32548
0.040 34.912 20.732 1.54462
0.000 33.091 19.734 0.94933
0.000 33.849 20.775 0.86537
0.000 34.442 21.012 0.99272
0.000 36.241 22.470 0.77342
2.110 32.210 17.363 2.79908
0.000 27.569 13.446 3.25355
0.000 25.768 12.137 2.78513
0.000 28.110 13.554 2.14061
0.565 29.621 15.825 2.14056
0.255 30.028 16.501 2.51154
0.000 30.290 14.860 2.50208
0.000 31.001 16.339 1.83000
0.000 33.837 18.043 1.32716
0.000 32.440 18.760 2.68028
0.000 32.410 18.426 2.64791
0.000 31.640 19.717 2.31236
0.000 32.799 18.559 2.04490
0.000 32.817 16.618 2.25452
0.000 32.300 16.325 2.05994
0.000 34.089 18.160 0.90046
0.000 35.970 18.692 1.73179
0.000 32.813 17.171 2.57963
0.000 31.231 15.120 3.04344
0.000 30.096 15.645 2.84457
0.000 32.275 16.749 1.59788
0.000 34.735 18.440 0.95327
0.000 35.649 19.635 1.10400
0.000 37.389 21.649 1.01357
0.000 38.090 22.790 1.04662
0.000 38.171 19.474 2.65127
0.000 34.773 19.786 2.84847
0.000 34.275 19.910 2.10202
0.000 36.556 21.065 1.50629
0.000 36.172 20.133 1.94442
0.000 35.935 21.041 1.24232
0.000 37.328 22.758 0.89128
0.000 38.147 25.773 1.53654
0.000 38.841 26.587 1.28700
0.000 38.932 25.834 1.69111
0.000 39.951 25.615 1.60412
0.000 40.498 23.225 1.18365
0.000 35.226 22.008 2.07833
0.000 33.546 23.010 1.69885
0.005 37.896 24.845 1.44410
9.510 39.279 23.585 1.21377
0.085 32.947 21.920 1.83273
0.000 31.387 23.006 1.07643
0.000 36.893 25.566 1.98560
0.000 38.930 26.115 2.17468
0.000 40.405 27.308 2.04627
0.000 40.648 27.255 1.82037
24.690 33.634 21.104 1.86701
3.560 28.922 19.547 2.23730
0.000 35.770 21.187 1.10184
0.000 36.042 23.307 0.88990
0.000 35.351 23.820 1.10985
0.000 35.537 25.373 1.25033
23.880 34.338 24.725 0.95924
0.105 32.480 23.424 0.91047
2.685 31.086 19.762 1.50758
0.000 31.619 20.760 2.17027
0.000 31.144 21.164 1.39712
0.000 37.365 22.724 0.60532
0.000 38.382 21.418 1.77017
0.000 36.916 21.042 2.06686
0.000 36.660 21.199 2.36957
0.965 34.710 20.444 2.43469
0.000 33.432 21.648 1.42699
0.000 35.660 23.405 1.25543
0.640 36.301 23.732 0.75312
0.090 37.421 25.021 0.60958
23.610 34.149 24.943 0.88231
12.250 33.889 24.874 0.90597
12.530 34.038 24.462 1.10993
9.265 32.976 24.459 0.72039
6.245 31.930 23.695 0.88170
1.145 32.119 24.333 0.66459
0.065 33.037 23.841 1.08863
0.200 33.073 24.630 1.15232
15.135 31.855 25.245 1.07879
4.500 34.169 25.247 0.51948
5.290 34.262 24.169 0.76128
0.905 32.160 24.523 0.81112
32.005 32.588 24.004 0.83314
2.685 30.396 23.154 1.06845
0.000 32.980 23.411 1.34875
0.000 34.748 24.651 1.02374
6.120 32.589 23.676 0.86147
1.905 31.916 21.377 1.65044
1.565 30.208 18.760 2.32587
0.000 28.633 19.161 1.81037
0.000 33.727 20.642 1.32293
0.000 35.257 22.725 0.84110
0.000 34.145 23.791 0.94606
1.870 31.602 23.451 0.98225
1.115 31.914 24.315 0.67891
0.260 29.859 22.593 0.87082
10.080 30.088 23.350 0.90311
39.460 28.929 22.938 1.19290
20.275 29.728 23.622 1.10049
24.530 30.637 21.291 1.09238
10.215 28.227 21.241 1.55223
5.725 27.622 21.207 1.29851
0.335 30.880 22.159 0.93367
4.505 30.739 23.045 0.74747
2.495 31.354 23.211 0.72875
2.565 28.870 22.588 0.99824
1.170 30.345 24.081 1.22051
0.025 29.543 23.420 1.00357
1.795 29.780 23.818 0.82762
59.425 30.445 23.109 0.61409
28.920 31.219 23.454 0.80821
18.065 30.458 23.317 1.08965
2.705 31.115 24.242 0.95365
1.070 27.998 23.306 0.87991
4.590 30.316 23.769 1.18622
0.095 29.932 23.928 1.25611
15.345 29.638 23.928 0.92020
30.070 30.642 23.808 0.67041
26.535 30.580 23.643 1.00777
29.305 29.165 23.990 1.22630
7.785 29.232 23.792 1.44663
4.715 29.241 24.212 1.35687
3.895 30.433 23.855 1.25531
0.020 29.577 23.379 1.52300
0.000 30.087 23.839 1.43559
5.555 27.516 23.142 1.31681
3.485 29.176 23.626 0.98176
0.000 30.004 23.336 1.67065
0.150 30.648 24.125 1.79591
6.515 29.044 23.406 1.55297
7.945 28.513 23.197 1.10296
13.370 27.980 22.839 1.01222
0.000 29.860 23.170 1.30354
0.000 29.919 23.973 1.30622
0.000 29.152 23.852 1.07246
8.210 28.454 22.878 1.04120
0.355 29.419 23.474 0.97709
21.205 29.046 23.368 1.12778
4.405 29.700 23.574 1.10212
74.875 28.592 23.535 0.95290
62.900 27.732 23.342 1.25485
5.410 27.680 23.096 1.54477
0.000 28.996 23.424 1.52052
0.000 28.970 22.552 1.53130
1.220 29.734 23.646 1.53938
0.205 28.464 23.189 1.29934
0.000 28.896 22.658 1.10930
43.155 30.443 23.623 1.01856
25.550 29.279 22.948 0.85194
0.095 30.312 23.256 0.69976
0.000 30.720 24.115 0.99066
0.000 30.559 24.255 1.20907
0.025 29.474 24.006 1.20217
0.010 29.359 23.703 0.90753
45.525 28.934 23.601 0.94405
7.900 29.177 23.519 1.04869
13.160 28.394 23.330 1.36377
0.000 28.486 23.046 1.22352
0.000 30.033 23.232 1.20864
0.000 29.188 23.169 1.40678
0.000 28.787 23.754 1.58799
2.955 29.996 24.111 1.65351
0.000 29.479 24.033 1.80100
0.000 29.935 24.367 1.70473
0.000 28.748 24.011 1.64077
0.000 28.014 23.512 1.16368
1.005 28.030 23.794 1.44304
0.730 27.418 23.710 1.39555
0.705 30.085 24.142 1.26883
9.020 29.596 23.617 0.97925
2.855 28.868 23.519 1.24543
0.000 29.683 23.993 1.27009
0.060 29.055 23.676 1.58333
0.000 29.413 23.695 1.54915
14.395 28.534 24.076 1.60550
46.335 27.309 23.323 1.95483
54.400 26.526 23.259 2.37827
5.910 28.098 23.142 2.09360
12.205 29.713 23.574 1.70911
14.210 28.793 24.156 1.73086
9.270 29.610 24.605 1.73077
55.180 29.778 24.337 1.45718
11.855 26.718 23.259 1.69810
12.370 27.680 23.502 2.18934
1.025 27.723 23.268 1.97047
0.600 28.346 23.189 2.15290
1.050 26.431 23.001 2.08349
3.585 27.858 22.814 2.02612
12.945 27.583 22.934 2.32706
5.265 27.899 23.180 1.84372
5.030 29.666 23.774 1.83002
31.190 28.684 23.697 1.66026
12.000 27.764 23.055 1.50583
39.345 29.401 23.359 1.83357
1.190 28.397 22.767 1.74706
0.055 29.284 23.130 1.65340
6.815 27.924 22.826 1.28568
6.935 28.635 22.860 1.09890
2.310 28.397 22.632 0.70818
7.985 29.165 22.735 0.76878
1.555 31.180 23.663 0.72503
73.124 30.779 23.638 0.56677
0.000 32.035 23.653 0.60180
0.010 32.892 24.663 0.81131
2.650 30.170 23.840 1.12064
0.520 28.240 23.476 0.98199
0.045 28.489 22.726 1.13741
0.060 28.825 22.987 0.73756
0.580 29.356 23.609 0.77980
4.685 28.650 23.238 0.61470
2.270 27.851 22.687 0.81885
1.840 29.161 22.641 0.78918
1.590 29.017 22.387 0.89776
6.115 29.992 22.975 0.78267
25.150 29.039 22.639 0.77989
0.150 32.216 23.489 0.48009
0.835 33.199 23.778 0.52927
7.990 31.677 24.236 0.77841
0.430 32.823 23.339 0.40901
0.070 28.931 22.664 0.80321
3.215 29.007 22.315 0.89629
1.550 28.904 22.129 1.15667
0.590 29.709 23.082 0.93491
17.640 28.441 23.110 1.12650
20.775 28.448 22.879 0.97239
3.180 28.650 22.771 1.06152
4.460 29.710 22.648 1.22759
0.000 28.574 23.546 1.31854
2.185 29.101 23.581 1.34797
28.185 27.772 23.182 1.15931
6.800 28.481 23.589 1.22025
4.235 28.228 23.816 1.09125
54.200 28.510 23.573 0.91648
26.105 30.146 23.123 0.81002
1.455 28.980 22.856 0.98123
12.110 30.224 23.036 0.69626
0.000 30.999 21.584 1.17627
0.000 30.732 21.701 1.07141
0.000 28.735 22.078 0.95524
1.495 30.642 22.790 0.79353
5.355 28.078 22.285 1.04193
0.000 30.798 19.956 1.19163
0.000 31.713 21.522 1.04046
0.010 29.589 21.690 1.47216
0.495 31.063 21.801 0.89242
1.520 30.380 21.085 1.09652
21.315 31.424 21.570 0.76678
3.570 29.364 21.865 1.05279
5.940 30.353 22.101 1.20234
0.000 30.011 21.257 1.27334
0.000 32.666 21.748 0.71111
0.000 33.535 22.023 0.50791
10.175 32.888 23.583 0.63457
6.895 27.815 22.149 0.74326
0.000 32.232 22.851 0.49638
0.045 31.191 21.351 1.02812
0.010 31.011 22.673 1.25356
0.640 29.199 21.238 1.01449
0.000 30.937 22.401 0.63645
0.000 27.698 21.912 1.40108
0.740 28.353 20.655 2.64108
11.365 28.022 17.694 2.25420
24.190 25.875 17.840 1.89948
0.080 26.400 18.083 0.81040
0.000 30.575 20.882 0.67459
4.540 29.823 21.587 1.48351
3.995 29.660 21.703 2.41255
0.255 27.414 22.276 1.68873
2.075 30.388 22.248 0.98710
0.635 30.839 22.279 0.87399
0.000 30.883 21.085 1.14220
0.000 30.136 21.688 1.26369
0.030 30.041 21.987 1.06268
3.790 29.396 22.715 0.89611
2.245 31.935 22.874 0.81314
6.075 28.737 19.989 2.59609
8.185 26.124 19.135 2.80168
3.065 26.726 20.192 2.60162
5.775 25.888 20.379 2.54218
5.710 26.838 21.616 2.59121
0.015 28.117 20.934 1.41557
0.000 30.173 21.654 0.51529
0.000 31.050 22.910 0.62499
0.235 28.475 22.527 0.59219
0.020 28.974 22.183 0.49606
0.000 31.646 22.452 0.50897
0.000 31.133 23.023 0.58138
17.720 29.865 21.429 0.67129
0.000 30.070 20.011 1.35145
0.000 29.218 19.750 1.85510
0.000 27.884 17.108 1.81757
0.000 27.064 17.658 2.15172
0.000 25.897 16.114 1.95389
0.000 26.510 15.443 1.79805
0.010 26.088 15.516 1.87389
4.975 27.473 16.842 1.67446
1.770 28.491 19.067 1.60014
0.000 29.255 20.534 1.31413
0.000 29.586 18.406 1.54680
0.000 28.943 18.305 1.26027
0.000 29.405 18.616 1.18480
0.000 29.294 19.669 1.36674
0.000 28.049 17.817 2.73476
0.000 25.273 16.166 2.70387
0.000 24.588 15.149 2.33972
0.000 25.257 14.842 2.38310
2.095 25.275 15.746 2.44176
0.030 26.953 18.624 2.38015
0.315 27.618 18.504 2.37302
0.000 24.618 16.943 2.73202
0.000 24.642 15.851 2.54599
0.000 24.839 15.130 2.46139
0.105 24.513 14.593 2.54983
0.000 23.703 13.286 2.22866
0.925 24.988 14.278 1.93134
0.010 26.291 16.740 1.94822
0.000 24.757 17.451 1.76813
0.000 27.385 18.113 2.18761
0.500 26.015 15.959 2.59211
0.315 25.701 15.546 2.19114
0.245 25.168 16.241 1.84534
0.000 22.648 17.113 2.45130
0.000 23.121 14.936 2.72113
0.000 23.139 14.026 2.70490
0.000 23.220 11.698 2.73495
0.000 22.419 11.275 3.28223
0.000 18.852 8.739 3.18022
0.000 19.141 7.130 2.59464
0.000 19.199 6.550 2.26207
0.000 20.810 7.234 1.96769
0.000 22.650 8.337 1.84000
0.000 24.530 9.819 1.60760
0.000 27.574 13.645 1.75470
0.000 27.934 16.551 1.46130
0.000 29.877 16.621 1.60432
0.000 30.045 16.605 1.54705
0.000 30.552 16.813 1.82616
0.000 29.559 17.532 1.97128
0.000 30.714 17.553 1.29321
0.000 31.455 18.127 0.91209
0.000 32.274 16.853 1.09723
0.000 33.060 18.143 0.94212
1.365 32.781 19.283 1.05179
0.000 33.067 20.285 0.62753
0.000 33.901 20.529 0.68626
0.000 34.587 20.262 0.80675
0.000 33.742 21.103 0.77904
0.000 33.856 21.884 0.67613
0.000 33.715 22.420 0.52548
0.000 34.903 21.112 0.65154
0.000 34.477 20.188 0.60528
0.000 34.164 20.728 0.93414
0.000 32.694 19.447 1.91722
0.000 26.575 15.270 2.74181
0.000 21.548 13.835 2.82973
0.000 26.519 14.964 2.26372
0.000 29.962 15.729 1.88803
0.000 30.655 16.838 1.76778
0.000 32.183 18.033 1.58878
0.000 30.622 19.168 2.08791
0.000 27.308 14.803 3.21409
0.000 25.905 12.873 3.64180
0.000 23.277 11.172 3.20854
0.000 26.605 12.362 2.62197
3.510 28.069 14.716 3.07103
0.000 27.371 14.722 3.12633
0.000 26.748 12.179 3.44926
0.000 24.514 11.386 2.95562
0.000 27.743 12.323 2.20517
0.000 29.097 13.201 1.73799
0.000 31.145 14.836 1.84417
0.000 31.366 16.323 2.57476
0.000 29.847 13.922 2.63094
0.000 29.069 13.746 2.77045
0.000 30.027 13.848 2.19342
0.000 31.224 14.927 1.58374
0.000 33.295 15.209 1.06655
0.000 33.890 17.066 1.30891
0.000 35.453 18.157 0.80260
0.000 36.387 19.229 0.82898
0.025 36.712 19.378 1.88945
0.000 33.946 18.710 2.41987
0.000 34.545 18.845 1.96060
0.000 34.979 19.954 1.57634
0.000 36.401 21.528 1.29479
0.000 29.142 22.698 1.02100
0.315 30.327 22.816 0.93571
1.680 33.915 23.189 0.98151
0.910 35.744 24.108 0.95455
14.660 35.440 22.930 0.71669
4.265 33.778 18.865 1.80426
0.010 29.091 15.349 3.39353
0.000 24.342 13.398 3.37942
0.000 31.138 14.779 2.31745
0.400 33.318 15.742 2.70453
0.000 30.023 15.551 3.37107
0.000 30.500 16.430 2.88597
0.000 32.758 17.194 2.13787
0.000 35.315 18.909 1.41377
0.000 36.448 21.519 1.17446
0.000 37.741 22.536 1.41675
0.000 36.900 21.698 1.20971
0.000 37.783 22.921 1.07472
0.000 37.862 23.724 1.23164
0.700 33.697 22.998 1.36349
0.000 37.541 24.244 1.23606
0.000 37.140 24.471 1.47265
0.000 38.054 22.818 1.30060
0.000 38.831 23.854 0.95363
0.285 37.297 25.425 1.14630
0.000 33.417 24.664 1.28828
0.000 36.978 25.055 1.03718
0.000 37.146 24.853 1.46763
0.000 38.534 25.902 1.28761
0.890 36.108 25.667 1.14118
0.000 37.490 23.897 1.27051
11.260 38.643 25.856 1.40406
1.690 38.143 24.444 1.12005
0.000 38.861 22.529 2.44674
0.000 35.368 20.101 3.36106
0.000 34.801 20.175 3.55773
0.000 34.201 18.335 3.65519
0.000 34.639 20.198 2.40137
0.000 37.420 20.331 2.34547
0.000 38.861 20.017 2.01122
0.000 38.857 21.889 0.89415
0.040 37.159 26.664 1.80387
0.000 37.226 27.123 1.68973
0.000 39.076 27.817 1.97241
0.005 37.783 26.479 1.43192
0.000 36.415 24.435 1.12965
8.675 33.458 22.286 1.46497
0.000 32.248 22.401 1.16422
0.000 38.843 23.312 1.14850
0.065 38.835 23.517 1.63978
2.875 38.572 24.381 1.41447
61.340 32.868 23.402 1.05549
2.770 31.185 23.300 0.91400
3.340 28.976 22.902 0.70400
10.080 29.247 22.268 0.89228
4.540 30.310 23.490 0.85212
1.920 31.131 20.074 1.79053
0.360 27.684 19.438 2.31963
0.000 32.535 21.048 0.95807
3.710 31.843 23.334 0.75497
0.355 32.626 23.458 1.16753
0.000 31.550 23.970 1.07206
9.020 31.618 24.252 0.52648
22.850 28.741 24.372 0.65932
3.975 31.034 23.373 0.84828
1.680 31.084 23.949 1.19953
9.565 31.821 24.062 1.29254
2.730 30.943 24.204 0.94759
0.030 30.769 24.549 0.77907
2.340 29.385 23.622 0.87441
0.005 30.939 23.643 0.83106
1.685 31.111 23.719 0.76821
6.175 30.721 23.596 0.77914
2.485 30.775 23.543 0.77650
11.360 33.694 23.444 0.69966
0.000 30.807 22.977 1.07669
0.000 33.013 22.900 0.47575
2.725 30.532 23.079 0.53130
0.175 32.094 23.511 0.82431
9.910 31.834 23.968 1.09050
19.295 30.641 23.875 1.18918
33.020 29.384 24.123 0.98458
2.205 29.966 24.031 1.15807
6.925 27.909 22.388 0.79488
15.180 30.028 23.963 1.06322
7.560 29.616 23.383 1.24907
6.195 29.669 23.494 1.14085
3.010 29.906 24.049 1.33767
7.725 30.591 24.310 1.41639
12.405 28.896 24.218 1.02861
0.830 29.020 20.623 1.23571
62.965 31.206 22.062 1.00018
34.210 29.379 23.356 1.01188
10.785 30.118 23.852 0.65810
0.645 29.441 23.569 0.96832
28.140 29.573 23.970 1.26004
0.040 29.974 24.379 1.40349
0.410 29.387 23.963 1.43020
0.035 29.976 23.827 1.04453
0.000 30.816 24.168 0.93823
8.325 31.093 24.350 0.85713
11.800 29.680 24.043 0.73605
45.810 31.338 24.177 0.73607
14.340 29.421 24.227 0.70188
0.755 29.160 23.114 1.07774
0.000 30.945 22.968 1.41977
3.505 31.173 23.715 1.07487
0.705 28.731 22.549 0.91639
16.150 31.139 23.910 1.04127
0.090 30.177 24.158 1.27800
14.770 28.743 23.612 1.50802
1.675 29.099 23.874 1.68309
0.000 28.999 23.689 1.51248
0.050 30.651 23.767 1.76070
7.130 30.517 24.085 1.90422
10.400 27.671 23.757 1.45640
36.095 29.139 23.733 0.99898
61.690 29.754 24.058 1.42999
1.825 28.927 23.928 1.50678
17.580 27.402 23.442 1.79855
8.505 28.233 23.995 1.48320
5.450 29.222 24.112 1.02386
2.670 28.988 23.516 0.96336
3.210 29.283 24.189 1.31053
0.400 28.337 23.661 1.22786
22.405 28.121 23.588 1.46850
23.780 27.554 23.080 1.58277
7.570 27.694 23.570 1.37910
2.545 28.849 22.810 1.21578
0.865 29.140 23.234 0.89970
0.675 29.623 23.505 0.79615
1.335 29.347 23.958 0.57393
20.245 32.919 23.196 0.62677
1.615 32.577 23.301 0.92025
22.410 31.992 23.894 0.70419
11.065 31.933 24.080 0.48371
9.190 32.486 23.664 0.76397
74.539 29.815 23.967 0.98781
26.225 28.872 23.172 1.43145
0.000 29.869 23.648 1.83890
53.505 28.345 23.552 2.01082
24.155 27.455 23.339 1.72508
22.610 28.088 22.719 1.72051
38.485 26.811 22.857 2.51811
1.860 25.302 21.825 2.01177
0.000 28.167 22.933 1.60600
1.240 29.545 23.706 1.58893
23.925 29.132 23.980 1.70711
56.640 26.971 23.131 1.83465
27.430 26.407 22.543 2.12961
4.130 26.054 22.613 1.59325
1.310 29.055 23.497 1.62488
1.025 27.863 23.297 1.51527
10.260 28.072 23.218 1.20644
33.935 28.876 23.425 0.97681
5.855 28.935 23.680 1.13739
6.190 28.563 23.269 1.20347
22.530 27.797 23.105 1.25881
8.955 28.226 23.349 1.36252
0.975 28.752 23.284 1.51037
5.055 29.027 23.835 1.40579
0.000 28.637 23.495 1.14244
0.000 29.526 23.906 1.20899
0.705 28.912 23.681 1.10328
0.250 28.570 23.049 1.27181
2.435 29.795 23.961 1.44187
7.995 28.691 23.545 1.57701
0.085 28.958 23.511 1.36291
1.455 29.078 23.522 1.17481
4.580 27.856 23.113 0.83492
4.740 27.620 22.333 0.75877
2.930 29.774 23.294 0.84693
0.080 28.827 23.045 0.63039
2.755 30.414 22.582 0.72316
4.750 30.766 23.574 1.18364
23.755 30.790 23.813 1.31378
1.530 28.292 23.554 1.36727
0.000 28.746 23.082 1.47283
0.025 30.365 23.371 1.45038
0.000 29.412 23.252 1.17854
23.645 29.280 23.458 0.99727
114.640 29.346 23.300 0.53132
0.265 32.999 23.124 0.66417
1.575 31.635 23.074 0.62585
31.560 31.994 24.024 1.22771
33.910 27.264 23.983 2.63608
5.375 28.947 23.083 2.28747
1.095 26.319 23.416 2.69613
0.205 28.923 24.066 1.65867
1.200 27.823 24.156 1.42326
4.295 28.053 23.784 1.15233
10.070 28.597 23.908 1.54471
11.670 28.429 23.705 1.69368
5.030 27.491 23.418 1.92042
33.460 29.177 23.902 1.69319
17.600 27.407 22.850 1.63094
12.135 27.999 23.607 1.58258
20.015 28.361 23.296 1.37897
16.910 26.527 22.596 1.31108
6.300 27.173 22.761 1.70363
13.390 28.430 22.975 1.48630
3.640 29.515 23.411 1.23747
3.090 30.580 22.482 0.78162
24.920 31.040 23.236 0.99007
58.925 26.660 22.932 1.98725
2.845 27.190 23.262 1.41138
3.645 28.225 23.256 0.83648
0.455 30.695 21.057 0.81475
0.000 29.869 17.953 1.54119
0.000 29.328 17.109 1.42651
1.070 29.897 19.284 1.13935
0.000 30.214 21.277 0.94329
0.760 30.211 21.941 0.73222
24.290 27.949 22.201 0.84327
3.535 29.417 21.543 1.19991
0.000 31.163 20.385 1.35900
0.525 32.150 21.927 0.81341
0.000 31.642 23.368 0.46661
0.025 31.369 23.238 0.70115
0.000 29.708 22.827 0.77302
8.855 29.966 23.400 0.71377
9.140 31.855 22.548 0.46242
2.580 30.360 22.843 0.42206
5.565 30.649 22.602 0.61068
35.600 31.497 22.615 0.64237
0.285 31.842 21.862 0.84117
0.000 32.849 22.385 0.60938
0.000 31.308 22.745 0.56811
3.475 30.553 22.911 0.62042
0.000 30.807 21.961 0.66417
0.000 31.850 21.890 0.88608
0.115 31.204 22.212 1.13558
0.000 31.397 21.520 1.25556
2.575 29.379 22.781 1.33260
12.555 28.356 22.581 1.71816
25.260 27.775 23.080 1.56620
3.765 28.406 23.083 1.63470
0.545 25.304 20.346 1.62936
0.520 25.954 17.375 1.79982
0.010 25.558 17.784 1.35796
0.670 26.521 18.516 1.40420
10.180 29.464 20.547 2.09262
2.145 29.014 20.516 1.76936
1.285 28.077 21.040 1.12842
0.195 28.146 22.156 0.62100
2.735 31.391 21.767 0.89960
14.485 28.106 22.612 0.68142
0.000 31.780 22.350 0.64489
0.000 30.594 21.302 0.99459
0.000 31.090 21.053 1.42964
0.000 30.749 21.363 1.40675
0.040 30.647 22.301 1.39180
2.980 29.549 22.244 1.58231
0.000 29.691 18.828 2.17319
0.000 27.911 17.315 1.75137
0.000 27.025 15.836 1.96265
0.000 24.731 12.911 2.20025
0.000 25.222 11.999 1.87984
0.000 25.711 13.328 1.47079
0.000 25.849 12.066 1.60126
0.000 26.257 12.888 1.06247
0.000 28.325 12.880 0.86290
0.000 27.378 12.948 1.05208
0.000 27.314 14.995 1.28062
0.000 28.284 16.856 1.07437
0.000 28.999 18.990 1.68672
0.095 28.749 19.212 2.08408
0.000 26.460 17.629 2.60795
0.000 26.273 17.732 2.11667
0.000 28.483 18.733 1.93709
0.000 28.841 19.116 2.11377
3.305 27.137 19.310 2.53681
0.215 27.119 18.072 2.51588
0.000 28.173 19.096 1.81313
0.000 29.360 20.473 1.56276
0.000 23.927 15.547 3.18132
0.000 22.980 14.335 2.47315
0.000 25.818 15.185 2.02203
1.585 27.473 16.580 1.55576
0.275 29.134 18.923 1.52120
0.000 30.427 20.836 1.16148
0.000 30.429 20.291 1.31180
0.000 30.450 20.545 1.73595
0.000 30.041 18.993 1.74772
0.000 30.452 19.503 1.27652
0.000 31.056 20.460 1.02053
0.000 30.780 20.037 1.32059
0.000 29.783 17.858 1.64131
0.000 28.026 15.832 2.72006
0.000 25.760 14.526 2.04950
0.000 28.033 15.600 1.80382
1.875 28.522 17.966 1.77027
0.045 27.021 19.729 2.10094
0.000 29.084 18.883 1.77229
0.000 30.015 19.436 1.33711
0.000 30.249 19.338 1.88232
0.405 30.096 18.923 2.09285
0.000 26.883 18.123 2.68755
0.000 24.651 16.134 2.55840
0.000 27.507 15.930 2.24074
0.000 29.157 16.751 1.73617
0.000 30.036 18.642 2.07923
0.000 30.110 17.996 1.84168
0.000 31.310 18.498 1.42943
0.000 31.965 19.704 1.18174
0.000 31.102 18.085 2.46487
0.000 26.717 14.715 2.73827
0.000 27.740 14.186 2.26698
0.000 26.350 12.765 2.38771
0.000 26.741 12.227 2.08363
0.000 28.058 13.432 1.93599
0.000 29.368 16.936 1.96483
0.000 30.069 18.184 2.18340
0.000 29.681 18.100 2.27947
0.000 30.751 18.281 1.66901
0.000 31.014 16.847 1.96776
0.000 27.434 13.504 2.41404
0.000 28.005 14.134 1.43494
0.000 29.728 15.636 1.08460
0.000 30.843 16.711 1.42546
0.000 30.815 17.930 1.67695
0.000 30.051 19.095 1.06518
0.000 30.484 19.523 0.74827
0.000 32.636 19.447 0.86117
0.000 33.548 19.825 0.90044
0.000 34.280 18.652 1.43613
0.000 30.122 19.009 1.40007
0.345 31.273 20.106 1.20389
0.000 31.627 20.215 1.42879
0.000 31.321 17.760 2.53663
0.000 30.792 18.556 1.91987
0.000 27.831 16.599 2.72509
0.000 28.795 16.834 2.79630
0.000 30.682 17.150 2.06620
0.000 32.469 18.347 1.45877
0.000 33.167 19.681 1.75839
0.000 32.949 19.549 1.91204
0.000 35.297 20.711 0.92710
0.000 35.498 22.747 0.72024
0.000 36.966 22.631 1.04721
0.000 37.240 23.686 1.40381
0.000 35.828 24.333 1.47020
0.000 35.015 18.702 1.95744
0.260 32.770 18.606 2.20944
0.000 22.778 15.776 3.11955
0.000 28.156 15.094 2.63699
0.000 32.363 16.198 1.63357
0.000 33.940 18.322 1.23978
0.000 34.236 18.406 1.59273
0.000 32.935 18.037 1.76989
0.000 34.822 19.049 1.47105
0.000 34.346 16.882 2.31303
0.000 35.275 18.029 1.28860
0.000 36.321 19.576 1.03397
0.000 34.062 18.484 2.50461
0.000 33.368 18.103 2.62428
0.785 33.235 16.798 2.95337
0.000 29.902 14.682 3.01629
0.000 32.755 16.038 1.92529
0.000 32.841 18.087 2.39811
0.000 33.283 17.318 3.62226
0.000 25.708 13.418 3.37127
0.000 29.340 14.516 3.10501
0.000 29.459 13.840 2.88132
0.000 31.867 15.253 1.87047
0.000 34.045 17.232 1.39503
0.000 35.432 17.423 1.62687
0.000 35.299 17.424 1.51515
0.000 36.149 17.505 1.60270
0.000 36.797 19.214 1.15246
0.000 36.676 22.935 1.06529
1.875 34.715 22.469 1.07416
0.000 34.877 18.708 2.35221
0.000 32.554 19.837 2.02676
0.000 35.235 19.321 1.86506
0.000 35.675 17.766 2.72802
0.000 33.514 15.995 2.71709
0.000 36.290 17.587 1.40781
0.000 37.660 19.879 2.74359
0.000 33.497 18.231 2.95505
0.000 36.440 19.980 1.07241
0.000 38.100 22.518 1.18311
0.000 39.120 24.369 1.52014
2.555 31.948 21.414 2.19116
1.180 34.301 20.852 2.46417
0.520 29.385 20.859 1.63511
0.000 33.098 20.375 2.19623
0.000 32.281 19.406 2.95611
0.000 32.828 20.281 1.77687
0.040 35.706 22.063 0.81127
0.130 35.025 23.298 0.65560
0.000 36.846 24.974 0.72189
2.840 36.434 24.269 1.21123
15.825 36.218 23.968 0.89918
1.690 34.024 23.310 0.87715
2.030 32.255 23.224 0.99663
0.005 29.501 22.600 0.84968
0.000 34.577 23.709 0.83311
0.000 34.679 24.280 1.14616
1.225 33.054 24.379 1.14978
14.930 34.886 24.124 1.11495
17.005 33.348 24.453 0.80444
6.855 33.289 23.789 1.33152
20.690 33.787 22.457 0.91929
0.205 31.011 19.390 2.41821
0.000 34.931 21.418 1.12714
0.000 36.734 23.570 1.04164
0.010 36.830 23.906 0.82225
0.000 37.622 24.538 0.79123
0.000 36.994 24.983 0.81673
0.000 38.056 25.607 0.81741
0.000 35.325 25.834 1.11757
0.000 35.080 26.497 0.72661
0.000 34.124 25.947 1.05165
0.000 36.260 24.543 1.52270
0.000 39.002 25.327 1.40437
0.000 41.154 25.969 1.22216
20.475 33.066 19.138 3.63447
0.000 31.367 19.870 2.10206
0.000 37.877 21.909 1.08814
0.000 37.593 23.033 1.51736
0.000 38.623 24.637 0.93145
0.000 38.271 25.855 0.54775
0.650 36.286 25.670 1.31459
0.000 35.082 25.278 1.30589
0.000 37.021 25.798 1.38015
0.000 39.702 26.457 1.85308
0.000 40.295 27.196 1.67918
0.000 39.119 26.254 1.46591
0.430 34.719 25.536 1.01314
0.000 36.541 25.241 1.06103
5.490 31.463 23.632 1.49132
0.175 33.515 24.106 0.91345
0.000 36.488 25.704 1.04579
2.950 37.634 25.792 1.35632
7.230 32.418 24.638 1.27763
0.255 35.578 25.573 0.97355
6.225 35.245 23.469 1.05128
2.100 30.290 24.063 0.77528
0.135 32.099 24.585 0.76299
0.040 32.279 24.151 0.64752
0.485 35.212 24.976 0.87259
3.555 34.918 25.305 1.00427
0.000 38.557 25.613 1.36358
0.145 37.885 25.199 1.68331
0.000 36.859 25.435 1.39731
11.455 35.292 21.195 1.66167
0.425 30.271 22.040 1.71114
0.000 32.993 22.030 1.37703
0.485 35.525 23.201 1.13666
3.535 36.067 24.379 0.80365
17.905 32.593 23.207 1.86928
0.950 32.140 24.148 1.03800
55.445 29.324 23.565 1.61245
11.040 31.851 23.436 1.62352
3.465 33.407 23.928 1.53056
6.740 32.201 24.254 1.82506
1.230 32.470 24.517 2.08451
0.000 32.807 24.963 1.74391
2.885 31.150 24.578 1.71455
2.070 31.003 24.168 1.63455
10.910 32.265 24.593 1.38856
4.345 30.291 24.165 0.96891
3.535 30.268 23.862 1.12304
6.320 29.032 23.787 1.44172
28.175 30.696 23.957 1.64081
2.485 31.381 23.954 1.18837
1.245 31.486 24.230 0.95560
1.345 32.048 24.779 0.62084
33.100 31.129 24.233 0.84437
0.015 31.196 23.222 0.77569
9.455 31.253 23.516 1.00054
16.680 30.440 23.891 1.07615
59.355 29.306 23.747 0.99134
3.680 28.964 23.658 1.09843
18.685 30.035 23.878 1.25042
4.425 30.240 24.157 1.19551
19.280 28.073 23.126 1.07551
2.350 28.924 23.174 1.24395
2.965 29.177 23.899 1.56170
13.450 29.714 23.754 1.52145
15.615 27.354 23.256 1.82327
0.000 31.377 23.297 1.75292
0.435 31.435 23.188 1.46303
0.130 31.670 23.843 1.23102
0.000 31.467 23.852 1.58474
0.235 30.760 23.461 1.73392
0.000 30.896 24.254 1.67605
5.525 27.321 23.934 1.34968
11.495 28.259 23.743 1.02469
15.965 27.859 23.958 1.46333
9.970 28.776 23.805 1.48115
35.000 27.632 23.868 1.47588
10.165 28.467 23.555 1.54379
36.645 27.866 23.425 1.65298
21.985 28.889 24.007 1.74933
10.875 26.890 22.816 1.34318
21.630 28.970 23.468 1.64183
4.825 28.539 24.139 1.80895
29.130 28.447 24.031 2.15448
20.175 30.195 23.824 2.03097
0.705 29.587 23.798 1.99967
11.675 29.170 23.963 2.12343
1.865 29.582 24.324 2.02896
60.840 28.605 23.402 2.15000
12.755 26.003 23.122 1.63849
2.445 28.824 22.475 1.04849
0.000 30.182 22.690 0.88105
0.000 31.469 24.099 1.33550
2.580 28.567 23.351 1.49714
10.895 29.738 23.996 1.63533
2.610 29.073 23.797 1.49951
3.630 29.887 23.996 1.66503
24.845 29.282 23.652 1.64009
1.510 28.918 23.834 1.69631
0.000 29.161 23.717 1.53893
36.670 29.681 23.850 1.52346
33.335 28.793 23.700 1.42918
9.545 28.122 23.446 1.74840
7.440 28.518 23.390 1.52300
0.000 29.937 23.265 1.13396
0.000 30.508 24.151 1.24442
9.385 29.079 23.696 1.45884
13.755 28.104 23.848 1.47333
12.785 29.502 23.798 1.41566
20.550 29.746 23.834 1.37511
0.000 29.234 23.909 1.49112
0.000 30.063 23.782 1.38755
1.185 30.206 24.041 1.59578
9.610 28.953 23.632 1.40999
14.495 29.151 23.549 1.47436
5.440 28.916 23.272 0.81736
32.895 31.843 23.265 0.92413
3.935 28.550 23.285 1.19790
16.300 30.448 23.442 0.99439
2.875 29.467 24.320 1.29309
33.300 29.091 24.083 1.25103
21.105 28.659 23.819 1.99556
47.760 27.456 23.521 2.60565
5.360 28.847 23.201 2.15440
0.030 28.843 23.119 1.43035
2.910 28.883 23.317 1.11455
1.170 28.643 23.081 1.28851
9.740 27.716 23.400 1.26426
25.985 29.111 24.021 1.29875
3.465 27.852 23.829 1.14877
2.390 29.865 24.141 1.68115
3.200 29.841 24.409 1.27608
18.100 31.373 23.796 1.02261
6.380 34.372 24.095 0.70601
40.315 31.990 24.374 0.97717
12.540 29.962 24.309 1.28277
0.990 29.417 24.325 1.38248
52.935 28.477 24.281 1.12944
27.985 28.249 24.033 1.13522
7.070 28.802 24.024 1.53555
31.360 26.295 23.597 1.71718
20.925 27.802 23.703 1.24148
18.810 28.898 24.203 1.64649
5.870 28.687 23.654 1.43709
3.170 28.671 23.710 1.35871
5.070 28.160 23.712 1.05368
31.270 28.514 23.859 1.17926
9.585 27.579 23.394 1.28846
2.390 28.287 23.392 1.14357
0.315 28.753 23.256 1.14100
0.520 29.381 23.958 1.15949
49.095 27.244 23.519 1.29037
13.645 26.921 23.185 1.23520
10.130 26.307 22.365 0.92277
3.445 30.502 22.317 0.84805
19.555 28.206 22.888 1.36554
0.455 28.030 22.923 0.91151
0.000 30.524 22.161 0.68246
1.840 32.669 23.794 0.40828
106.824 32.931 24.063 0.73166
0.000 30.018 23.750 0.62156
9.000 31.618 23.564 0.65978
2.805 29.500 22.380 0.89044
18.495 31.743 23.553 0.62965
1.410 31.908 23.209 0.77079
24.560 29.700 22.882 0.76997
7.370 31.491 23.205 0.83125
19.990 30.628 22.656 0.82794
1.520 30.712 21.798 1.06315
0.000 31.477 21.017 0.98088
0.000 31.482 21.604 1.06747
0.000 31.250 22.192 1.17345
0.000 31.843 22.391 1.02192
0.535 31.636 22.611 1.16185
1.215 31.533 22.347 1.13721
0.000 32.407 22.760 0.87464
8.645 30.909 22.715 0.82881
0.010 31.139 22.366 1.05884
9.355 27.782 22.443 0.77547
15.365 31.147 23.548 0.43629
36.155 31.568 23.467 0.57476
2.660 31.854 23.319 0.56389
6.220 31.199 22.380 1.25916
0.960 29.818 22.071 0.89482
0.000 31.787 22.410 0.91075
0.000 31.958 22.597 1.09074
0.005 31.426 22.354 0.95787
0.000 31.935 21.855 1.11167
0.000 30.510 20.455 1.47835
0.000 30.719 19.422 1.42253
0.000 30.356 20.717 1.17740
0.000 30.580 20.044 1.45377
0.835 30.351 21.460 1.66788
2.605 27.039 22.067 1.74140
31.675 29.382 22.584 2.11592
18.915 27.719 22.017 2.25337
9.560 29.362 21.920 1.20861
1.660 29.666 22.023 1.03315
0.040 31.914 22.810 0.80360
0.000 32.101 21.769 0.81483
2.665 31.913 22.818 0.87341
0.000 30.667 21.114 1.62911
0.000 29.831 21.493 1.58655
0.000 30.146 21.976 1.19976
1.605 31.253 22.642 0.84606
2.670 31.833 21.782 0.75932
0.025 32.412 22.046 0.42689
0.000 32.022 21.762 0.48988
0.000 31.062 20.665 0.95901
0.000 30.014 20.898 1.62261
0.000 30.061 20.746 2.19696
0.000 29.008 20.135 1.98663
0.030 28.994 18.818 1.79776
0.000 28.191 18.092 2.07317
0.000 26.870 16.898 2.04682
7.525 26.201 16.490 2.27008
27.360 25.869 17.645 2.37583
1.415 27.430 20.215 1.78253
0.420 24.284 17.178 3.01981
0.125 22.960 16.529 2.35396
0.000 24.026 14.844 1.98968
0.000 26.290 14.864 2.06481
1.040 25.418 13.745 2.14446
0.000 24.770 14.326 2.17817
0.000 23.885 13.584 2.04757
0.000 23.762 13.204 1.77258
0.000 25.583 14.479 1.59653
0.000 26.459 16.147 1.43995
0.000 27.088 15.691 1.52578
0.000 25.599 12.694 1.58766
0.000 24.735 13.996 1.65076
0.000 26.497 15.684 1.26635
0.000 28.210 16.305 0.60457
0.000 28.863 16.432 0.63169
0.125 29.225 18.243 0.74851
0.000 30.013 18.153 0.75842
0.000 29.170 17.717 0.89639
0.000 28.698 17.986 1.04265
0.000 28.916 18.641 0.86504
0.000 30.209 20.047 0.75565
0.000 29.785 17.620 1.64429
0.000 28.159 17.779 1.54788
7.285 27.668 17.967 1.79718
0.015 26.822 17.931 2.01038
0.930 25.423 16.807 2.31479
0.000 28.085 17.708 1.60040
0.000 27.395 19.006 1.25678
0.000 29.090 17.424 2.75397
0.000 24.702 15.110 2.64432
0.000 26.614 16.010 1.90249
0.000 27.013 18.451 1.23543
0.000 29.127 20.410 1.36440
0.025 29.436 18.088 1.74772
0.000 27.952 17.948 2.30269
0.000 27.971 17.274 2.47681
0.000 23.091 13.628 3.30469
0.000 19.695 10.202 2.61604
0.320 22.266 10.709 2.03489
0.000 23.981 11.799 1.88076
0.260 24.943 13.415 1.93081
0.000 26.106 15.670 1.74625
0.000 27.638 17.044 1.98375
0.000 27.005 14.617 2.43893
0.000 24.233 11.550 2.17107
0.000 25.269 11.458 1.34999
0.000 26.917 13.106 0.91782
0.000 27.034 13.896 1.65878
0.000 25.645 13.192 2.29939
0.000 25.884 13.719 1.98682
0.000 26.638 13.925 1.92335
0.000 26.615 12.836 1.70834
0.000 27.597 14.510 1.58466
0.000 27.365 14.158 2.02418
0.000 27.129 13.646 1.91423
0.000 27.986 14.204 1.60501
0.000 29.546 15.655 1.13590
0.000 30.357 15.802 0.82302
0.000 31.054 16.694 1.04835
0.000 30.143 17.718 1.57957
0.000 30.268 16.976 0.92716
0.000 31.650 16.850 0.82583
0.000 32.571 17.341 0.95941
0.000 33.233 18.212 0.74383
0.000 34.260 19.374 0.99642
0.000 33.679 19.738 1.53088
0.000 31.960 17.042 2.57623
0.000 26.644 14.796 2.86815
0.000 28.706 15.039 2.63243
0.000 30.641 15.681 1.66223
0.000 32.241 16.580 0.80803
0.000 34.018 17.624 0.94477
0.000 32.872 16.456 1.98453
0.000 32.276 16.297 2.04133
0.000 30.240 15.064 2.74348
2.895 28.270 14.601 2.83752
0.000 29.578 15.389 2.20041
0.000 30.640 15.606 1.53124
0.000 30.843 14.824 2.31722
0.000 28.696 14.455 2.28574
0.000 32.454 15.627 1.13348
0.000 33.420 18.028 1.12198
0.000 32.673 16.827 1.64069
0.000 32.917 18.164 0.76846
0.000 33.766 19.425 0.83761
0.000 35.084 19.748 1.03658
0.000 34.389 19.913 0.73692
0.000 33.933 17.724 2.51826
0.000 32.619 17.224 2.16037
0.000 32.862 16.628 1.81706
0.000 34.022 17.052 1.37957
0.000 34.722 16.444 2.07093
0.000 32.467 17.519 2.39186
0.000 33.586 16.798 1.98181
0.000 32.714 15.627 2.38012
0.000 33.094 15.973 1.99389
0.000 33.172 16.826 2.46984
0.000 33.054 18.409 2.27274
0.000 34.440 20.107 1.56591
0.000 35.739 19.802 1.45310
0.000 36.801 20.861 1.41421
0.000 36.280 21.509 1.84653
0.000 36.885 21.417 1.30056
2.890 36.493 21.999 1.16892
0.000 36.665 23.343 0.86960
0.000 36.097 24.191 1.01491
0.010 36.494 23.786 1.35413
0.000 34.647 21.211 1.45646
0.000 36.671 19.695 1.76232
0.000 36.400 20.311 1.46897
0.000 37.220 18.823 2.66446
0.000 32.038 15.861 3.61681
0.000 30.840 16.312 3.24284
0.000 31.673 17.206 2.43838
0.000 34.206 19.251 1.89067
0.000 36.161 21.372 1.67932
0.000 36.330 21.416 1.52339
0.000 37.960 22.342 1.18964
0.000 38.598 24.216 1.23294
0.000 38.036 25.693 1.36461
0.000 40.511 26.078 0.99187
0.000 40.863 26.110 1.00854
17.400 39.383 22.618 2.42057
0.000 36.748 20.081 2.83930
0.000 36.489 20.394 2.20639
0.000 39.208 22.321 1.11555
0.000 40.117 25.081 1.04221
0.275 37.938 26.243 1.52826
0.000 39.405 25.099 2.02427
0.000 35.478 22.991 2.14663
0.000 33.884 24.222 1.16698
0.000 35.316 23.522 0.71469
0.000 39.675 25.385 1.02462
0.000 37.255 26.445 0.90166
23.925 34.153 23.922 1.53903
10.555 33.529 23.911 1.01314
0.000 37.145 22.644 1.57792
0.000 38.748 24.581 1.15262
0.000 38.372 24.877 0.90522
0.000 38.425 25.881 1.02470
0.000 38.974 25.540 1.25813
0.000 38.662 26.383 1.36446
0.000 39.254 25.704 1.12526
0.000 40.383 27.776 0.90120
0.000 38.867 26.588 1.63542
0.000 37.947 25.919 1.42415
1.020 36.455 24.810 1.36971
0.975 30.044 18.493 3.27410
0.000 32.485 19.511 2.70258
0.000 35.879 21.474 1.41530
0.270 36.958 23.547 0.79620
2.295 36.492 24.993 1.18564
0.185 35.599 24.886 0.73502
7.410 37.929 25.827 0.66239
2.375 36.870 24.887 1.03234
0.070 36.837 25.383 0.74863
0.100 38.413 26.108 0.76194
0.280 37.088 26.565 0.90421
5.270 35.318 25.311 1.35167
0.580 37.613 25.181 0.92119
0.250 38.896 24.554 1.14701
3.155 34.065 24.359 1.12633
0.000 37.075 23.823 1.02983
0.050 38.897 25.974 0.90109
1.695 35.405 25.573 1.00851
16.815 33.945 25.564 0.78585
31.995 34.999 25.636 0.70545
19.520 34.551 25.216 0.76678
0.380 36.636 25.794 1.05910
0.000 37.029 24.651 0.97690
3.315 36.879 24.152 1.09094
0.000 38.594 25.265 0.73815
0.000 37.450 26.121 0.70978
1.850 34.475 25.201 1.02740
0.000 34.380 25.831 0.99891
6.855 33.499 24.777 0.96152
19.005 33.221 24.580 0.90807
1.630 31.542 24.194 1.20770
3.040 33.139 24.488 1.38674
22.295 33.346 24.208 1.59631
11.365 33.405 25.061 1.43698
9.290 31.725 24.118 1.17071
14.540 34.191 23.565 1.45981
6.730 32.823 23.805 1.96610
2.085 31.552 23.805 1.90499
6.170 33.109 24.676 2.43458
17.990 32.666 24.224 2.41981
0.880 35.669 24.669 2.04939
0.000 34.011 25.081 1.47211
23.420 34.664 25.070 1.22084
3.225 31.038 24.170 0.85183
34.080 30.449 22.230 0.85887
25.440 32.143 23.701 0.64245
7.880 32.576 23.871 1.04883
4.240 31.851 23.251 1.43808
0.000 32.762 23.895 1.52733
0.470 33.031 24.188 1.73863
7.535 32.564 24.681 1.76898
1.100 30.216 24.231 1.80609
3.290 32.506 24.567 1.80393
16.525 32.397 24.361 1.67752
78.665 31.425 24.387 1.60763
8.990 31.939 24.585 1.71049
0.885 30.494 24.482 1.42358
0.050 31.129 24.544 1.51609
7.785 32.469 24.593 1.59042
72.755 30.986 24.479 1.72224
31.660 29.454 23.860 1.33449
10.560 30.760 23.627 1.33559
1.180 31.887 24.210 1.67696
0.525 30.884 23.397 1.29132
0.000 34.003 23.951 1.27208
0.000 31.633 24.226 1.25186
0.000 32.363 24.104 1.27509
0.180 32.591 24.909 1.37930
0.065 30.119 23.976 1.40499
16.125 31.469 24.893 1.75505
26.060 29.691 23.643 1.90153
8.330 30.554 24.179 1.44698
8.790 30.712 24.206 1.61608
6.795 30.375 23.995 1.81736
4.935 29.641 23.702 1.28589
0.660 28.587 23.208 1.32696
3.000 30.538 24.179 1.09874
3.405 31.367 24.584 0.99439
2.955 30.791 24.216 1.24518
0.200 30.777 24.629 1.24790
4.430 31.560 24.865 1.51368
36.900 30.171 24.433 1.77421
40.715 31.404 24.508 1.97039
13.605 28.059 24.273 1.78678
108.880 30.868 24.350 2.10280
10.585 30.466 24.674 2.02629
29.170 28.916 24.199 2.01670
15.880 27.866 24.108 1.89881
38.720 30.027 24.334 1.92348
20.915 29.407 24.697 1.96832
59.275 31.328 24.769 1.97121
0.810 31.907 24.430 1.85607
0.355 31.531 24.677 1.94877
0.280 32.367 24.349 1.93267
2.225 31.045 24.496 1.77415
4.795 29.371 24.203 1.68873
3.815 28.615 23.239 1.88453
1.145 30.395 23.754 1.66663
0.220 29.791 23.475 1.82888
9.875 30.371 22.838 1.71877
14.300 31.018 23.344 1.82381
0.000 31.703 22.480 1.56843
0.340 32.351 23.779 1.82157
2.455 32.190 24.246 2.02783
11.470 31.134 24.272 1.83913
0.000 31.088 24.463 1.96264
4.460 31.124 24.020 1.73620
26.900 28.868 24.136 1.39831
15.100 29.611 23.582 1.56316
57.230 27.638 23.355 1.84888
8.405 29.259 23.151 1.95733
0.005 31.238 23.204 1.43253
17.995 32.080 24.163 1.13460
3.545 29.731 24.141 1.11346
2.155 30.467 23.633 1.37271
22.260 30.073 24.047 1.79495
12.030 29.178 23.783 2.33986
1.495 28.659 23.685 2.21795
0.010 31.342 23.919 2.02872
0.040 30.601 24.029 1.76771
0.180 29.190 23.594 1.74709
2.895 30.531 23.866 1.54339
1.680 29.834 23.955 1.27782
11.740 29.356 23.667 1.08678
27.665 28.209 23.262 1.11335
7.325 28.044 23.543 1.52415
27.935 28.434 22.992 1.85014
12.520 28.378 22.771 2.02410
20.360 30.616 23.224 1.85882
20.330 27.536 23.481 1.65141
35.005 29.164 23.047 1.53866
60.810 28.824 22.642 1.52377
26.810 29.119 23.018 0.86842
4.465 28.752 23.274 0.67714
10.295 31.276 24.000 0.49901
5.465 30.206 23.037 0.74945
44.020 30.498 23.528 0.90260
1.010 30.928 22.326 0.82357
44.490 30.851 23.317 0.68809
9.425 30.712 23.260 0.78119
15.330 30.713 23.551 0.76929
11.765 28.306 23.210 1.03470
1.225 31.563 23.050 0.88143
8.845 28.636 23.150 0.96986
15.570 29.069 22.742 0.61208
40.725 29.493 23.352 0.85836
7.320 29.006 23.036 0.88460
9.050 31.140 23.413 0.81580
10.290 27.431 22.718 0.86368
30.655 28.329 23.195 0.89490
12.005 29.573 23.437 0.87893
41.975 30.649 22.799 0.82319
9.400 33.290 23.023 0.55844
0.000 32.750 22.996 0.79291
1.790 29.015 23.715 1.12701
1.385 29.142 23.733 1.19150
13.150 28.087 23.582 1.41285
21.815 27.932 23.183 1.42368
15.660 27.448 22.446 1.18191
2.235 30.942 22.051 0.88703
0.135 31.656 23.332 0.91320
4.890 28.999 23.264 0.78939
15.675 31.374 23.673 0.85693
0.790 30.228 21.773 1.50187
0.000 31.465 21.868 1.76509
0.845 31.278 21.378 1.76064
4.120 31.273 21.458 1.29545
0.145 30.754 22.286 0.84489
2.455 32.915 23.197 0.57415
12.870 28.887 23.064 0.72266
0.895 30.872 22.512 0.69566
10.655 29.364 22.656 0.94495
0.330 31.722 22.180 0.82461
0.005 31.996 21.718 1.21203
0.000 32.238 21.908 1.32189
0.000 31.878 21.742 1.19796
0.000 30.781 22.557 1.00293
0.000 30.994 23.226 0.59715
16.310 28.147 20.837 1.65700
0.000 27.246 18.638 2.13165
0.000 28.718 17.387 1.96559
0.000 27.746 15.115 1.84426
0.000 28.400 16.532 1.57368
0.000 29.567 17.818 1.12833
0.000 29.624 16.327 1.21301
0.000 30.318 18.132 1.10398
0.000 31.378 21.300 1.34580
3.235 30.606 22.648 1.19374
0.075 32.635 23.666 0.63516
0.000 29.420 22.897 0.65003
4.350 30.603 23.448 0.55189
1.930 31.158 23.570 0.74636
8.900 31.654 23.714 0.75118
37.555 31.728 23.414 0.72804
2.835 32.393 23.574 0.75374
0.000 30.275 19.995 1.66958
0.000 31.092 20.911 1.88550
9.980 29.472 21.755 1.79436
0.025 28.929 21.407 1.03941
0.000 32.535 22.107 0.71351
0.000 33.051 22.589 0.57107
2.220 31.888 22.830 0.64624
0.000 32.911 22.651 0.64756
0.000 31.482 22.655 1.02717
3.195 30.352 22.264 1.72590
0.000 29.144 19.740 2.36807
0.000 28.843 18.698 2.98319
0.000 26.811 16.385 2.48579
0.000 27.776 16.130 1.97883
0.000 30.027 17.356 1.88857
0.220 30.110 18.967 2.21997
0.000 29.946 17.985 2.08009
0.000 30.142 18.384 1.90664
0.000 31.705 19.415 1.43148
0.335 32.012 21.994 1.19801
0.000 32.812 22.716 0.82904
0.000 33.786 22.298 0.67163
0.000 33.265 23.188 0.80715
0.000 33.498 24.111 0.65041
0.000 31.951 20.708 1.92024
0.000 31.319 20.931 1.93804
0.000 32.114 20.871 1.81676
0.000 32.568 21.821 1.53541
0.000 32.811 21.332 1.64901
8.200 33.218 20.396 2.35485
0.000 32.430 19.669 1.86753
0.000 32.712 20.517 1.39913
0.000 33.219 20.636 1.87402
0.000 30.698 18.861 2.55489
0.000 30.306 18.061 2.24230
0.000 31.692 18.822 1.66788
0.000 33.133 19.718 1.46694
0.000 33.632 20.684 1.39194
0.000 33.645 22.045 1.38662
0.295 31.962 22.142 0.80294
0.000 34.358 23.297 0.75111
0.000 34.636 21.794 0.92710
0.000 35.486 22.179 0.71617
0.000 35.778 23.436 0.79661
0.000 34.588 22.695 0.61995
4.785 36.320 23.737 0.74410
0.015 30.867 17.431 2.94069
0.040 26.981 16.142 2.89655
0.000 30.654 16.962 1.96928
0.000 32.701 18.126 2.16891
0.000 30.740 17.976 2.67932
0.000 31.645 18.851 2.08484
0.000 32.739 20.273 1.69299
0.000 32.953 20.662 1.41078
0.000 33.838 21.637 1.25380
0.000 34.736 22.450 0.72813
0.000 35.051 22.257 0.84890
0.000 35.707 23.193 0.78305
12.110 34.513 22.305 0.97299
0.000 33.842 21.104 1.33074
0.000 33.074 20.557 2.15359
0.000 32.521 20.152 2.27876
0.040 33.565 20.886 1.84266
0.000 33.819 21.631 1.70294
0.000 32.761 15.247 2.77900
0.000 23.721 16.630 2.82136
0.000 26.126 16.556 2.29457
0.000 31.624 17.539 2.16662
0.000 32.606 19.284 1.91984
0.000 31.473 19.198 2.18811
0.000 32.809 19.289 1.52434
0.000 33.977 18.723 1.88245
0.000 28.701 16.288 2.87068
0.000 31.595 17.028 2.09662
0.000 32.621 18.857 1.54201
0.000 29.223 14.262 2.80346
0.000 27.100 13.828 2.96320
0.000 28.737 13.422 2.16837
0.000 29.712 14.522 2.23241
0.200 27.248 12.548 2.59029
0.000 27.363 13.167 2.45334
0.000 27.473 13.341 2.10585
0.030 29.481 13.854 1.39633
0.000 31.896 15.299 1.15639
0.000 32.601 16.558 2.07949
0.000 31.473 15.907 2.26304
0.000 32.800 17.043 1.68979
0.000 32.863 16.441 2.13571
0.000 30.855 15.388 1.99719
0.000 31.548 15.204 1.47685
0.000 32.430 15.398 1.09588
0.000 33.961 16.784 1.11111
0.000 34.431 18.202 0.89677
0.000 32.746 21.625 1.46124
0.000 33.571 20.763 1.23261
0.000 35.301 20.045 1.04817
0.000 31.657 15.626 3.30930
0.000 30.717 15.147 2.58809
0.000 32.277 16.306 1.97368
0.000 33.691 17.473 1.08980
0.000 35.376 18.417 1.15205
0.000 35.974 19.280 1.96017
0.000 34.481 16.937 2.33956
0.000 33.608 17.454 2.75024
0.000 29.011 14.490 3.43790
0.000 27.502 13.686 3.11110
0.000 30.165 14.340 2.08165
0.000 32.088 15.551 0.98889
0.000 34.546 17.047 0.94786
0.000 35.954 19.063 0.92106
0.000 37.503 21.094 1.13876
0.000 38.393 22.607 1.44986
0.000 37.249 22.569 1.64100
0.915 37.472 23.550 1.55099
0.000 36.965 23.807 1.30673
0.000 37.042 24.457 1.18467
0.030 36.020 24.740 0.84623
28.395 33.877 23.335 0.79091
0.935 35.624 22.827 1.11442
0.000 36.047 23.456 1.09760
5.575 35.791 23.698 0.96716
0.630 36.156 23.803 0.84705
0.000 36.099 24.401 1.02390
0.000 35.904 24.032 0.97103
0.000 36.401 24.922 0.89907
5.970 32.285 22.867 1.41839
1.700 35.806 23.815 1.13496
0.000 36.774 22.992 1.34380
0.000 37.143 23.866 1.03664
0.000 38.225 25.442 0.65416
1.545 33.927 24.855 1.48765
0.000 36.911 25.083 1.78063
0.000 37.936 25.342 1.77044
0.000 38.736 25.504 1.63242
0.000 39.635 21.223 2.04470
0.605 34.153 18.864 3.03075
0.055 26.006 19.193 2.61194
0.000 32.501 18.527 2.87514
0.000 33.884 19.800 2.85356
0.000 35.317 21.629 1.62506
0.010 37.145 21.297 1.70335
0.000 36.698 20.443 2.37152
1.695 32.721 21.455 1.22523
0.000 36.797 22.435 0.79683
0.000 37.377 23.568 0.89615
0.000 38.668 25.606 0.97809
2.710 39.396 26.583 0.99748
0.995 37.090 25.275 1.24858
6.910 33.002 22.925 2.04965
0.030 29.388 21.080 1.91286
0.000 36.244 22.531 1.90868
0.000 32.677 22.129 1.88210
0.015 34.981 22.627 2.37963
0.000 35.506 23.506 1.44204
2.860 35.218 24.115 0.99760
0.335 34.104 23.642 0.99544
2.485 34.367 23.032 1.07651
2.215 34.086 24.392 0.76353
25.580 33.583 24.244 1.09280
0.000 35.854 24.572 1.04155
9.500 36.363 25.753 1.61645
0.530 35.947 26.121 1.48188
0.005 37.686 26.146 1.42222
0.000 39.218 27.358 1.23907
0.000 37.485 25.505 1.74813
0.000 36.591 25.165 1.63447
0.000 36.702 25.523 1.20236
0.000 37.813 26.216 1.11992
0.000 37.752 27.651 1.09949
0.495 32.035 25.532 0.99320
0.000 36.319 25.431 1.13931
0.000 39.815 25.256 1.65641
0.000 40.607 26.227 1.50406
0.000 39.774 23.330 1.64227
3.645 36.458 24.028 1.50378
0.000 38.174 24.610 1.16951
0.000 39.511 26.393 1.29758
0.000 39.289 26.588 1.12682
5.085 38.689 26.523 1.41631
0.000 38.028 26.063 1.33301
14.445 39.656 27.410 1.01740
1.390 37.268 25.694 1.20085
3.750 40.856 27.427 0.87168
0.000 34.747 25.635 1.26858
0.000 35.276 25.708 0.63098
0.160 37.303 24.836 1.07702
0.025 36.361 24.546 0.92754
0.000 37.470 25.022 0.86436
25.545 37.087 24.684 1.58809
0.000 35.166 22.816 2.89442
1.655 36.826 24.594 1.23680
1.170 36.866 25.657 1.35444
64.575 33.224 25.067 1.62154
0.000 37.208 25.778 2.15135
0.000 38.980 26.438 1.86620
0.000 40.439 26.305 1.71725
0.000 41.500 28.260 1.63669
3.240 35.498 26.195 1.12495
1.235 35.869 25.039 0.76710
0.000 37.996 25.880 0.81848
1.225 39.009 25.380 0.99245
0.635 33.558 24.660 0.58160
1.660 35.102 25.308 1.20861
6.095 36.303 25.651 1.12297
5.580 34.497 26.368 1.14075
0.000 35.131 25.955 1.56603
0.000 35.518 25.666 2.08878
1.985 37.644 25.901 1.96306
11.145 35.768 25.520 1.38029
34.940 31.944 25.289 0.86224
0.755 31.935 24.578 0.99985
2.045 33.764 25.049 1.16543
0.000 33.530 24.692 1.33410
21.550 32.699 24.544 1.87350
6.130 30.554 24.441 2.06517
13.850 33.775 24.685 1.93189
70.700 31.756 24.869 2.01441
4.760 32.360 24.928 2.03216
0.000 30.043 24.516 1.19940
20.440 29.078 23.840 1.30431
38.085 30.888 24.241 0.67230
6.300 30.990 24.043 0.87097
10.995 29.013 23.132 1.33890
3.230 32.415 23.719 1.58254
0.845 32.526 24.374 1.43188
2.065 31.440 24.832 1.26622
0.000 30.251 24.871 1.38690
0.150 32.391 23.922 1.45400
0.000 33.292 25.177 1.86975
0.000 32.183 24.370 1.79868
3.000 32.441 24.762 1.96978
28.405 30.860 23.817 1.70520
5.255 33.315 24.283 1.52484
0.440 32.060 24.923 1.76905
5.105 31.790 24.468 1.34323
10.335 31.248 24.210 1.25646
15.455 29.058 23.900 1.06894
5.410 30.229 23.795 1.01023
23.845 30.570 23.804 1.42331
1.780 29.645 24.297 1.71666
0.790 29.884 23.889 1.61187
1.865 30.696 23.923 1.47744
0.425 29.956 23.147 1.34054
0.000 31.641 24.237 1.38127
0.845 31.174 24.410 1.19071
0.985 31.178 24.503 1.77485
6.245 30.803 24.171 1.57998
11.670 31.091 24.380 1.45598
5.445 28.817 23.664 1.14747
6.645 28.873 23.008 0.92177
17.070 29.854 23.196 0.69336
12.590 32.779 23.378 0.63721
4.535 30.896 23.413 0.75178
0.430 31.471 23.760 0.94090
5.715 31.598 23.869 0.82102
0.005 32.031 23.788 0.72720
0.040 31.160 23.518 1.20801
0.000 30.883 24.087 1.36047
0.000 31.770 23.892 1.16250
0.000 31.461 24.197 1.28189
7.515 30.295 24.202 1.19286
34.580 29.922 23.933 1.24536
0.000 29.718 23.106 0.95753
2.170 31.465 23.763 0.90068
16.955 30.636 23.695 0.68723
0.000 31.230 23.693 0.76762
0.000 33.720 24.642 0.77667
0.000 33.073 24.800 0.79130
0.395 34.133 25.142 1.04550
0.045 32.378 24.880 1.34059
0.185 31.845 25.189 1.52585
29.660 29.358 24.722 1.41303
29.870 28.959 24.148 1.73617
0.530 30.145 23.717 1.77033
18.225 28.304 23.453 2.24174
12.025 29.336 23.478 1.71225
1.080 31.603 23.759 1.11476
15.120 31.263 23.974 0.99649
8.520 32.600 23.865 1.05204
0.205 30.591 23.052 1.30282
14.665 31.507 23.326 1.65836
0.265 31.208 23.491 1.53165
0.050 32.433 24.129 1.60428
26.761 32.804 24.757 1.35322
1.320 31.938 24.653 0.87693
8.000 33.170 24.183 1.37129
4.265 31.798 24.559 1.29523
4.165 29.243 24.202 1.76099
4.330 31.055 24.535 1.82957
3.470 30.572 24.606 1.74086
54.455 31.513 24.820 1.81110
23.095 31.297 24.785 1.75148
32.615 29.432 24.424 1.78090
12.375 30.494 24.557 1.62512
13.490 30.692 24.268 1.22331
0.030 31.718 24.513 1.03982
0.360 32.617 24.979 0.91524
34.070 29.805 24.169 0.81415
2.800 31.074 23.882 0.88087
2.925 30.127 23.538 1.03903
5.390 29.974 23.844 1.27605
9.745 27.954 23.481 1.50643
16.575 28.792 23.263 1.63475
7.570 28.034 22.918 1.43012
20.140 28.174 23.351 1.65882
17.045 26.906 23.037 1.24525
12.230 28.501 23.489 2.28228
0.010 30.099 23.165 1.75229
0.000 30.762 23.314 1.18377
11.425 30.964 24.119 0.87637
78.265 33.591 24.212 0.54193
4.340 28.136 23.038 0.82912
12.330 30.515 23.278 0.81109
10.065 28.711 23.001 0.93843
41.880 28.723 23.305 1.32861
29.780 26.957 23.222 1.29884
29.800 29.181 22.617 1.34225
28.460 29.094 23.269 1.00040
49.670 27.377 23.587 1.39751
46.685 27.831 23.696 1.38146
4.485 29.201 24.229 1.30012
16.835 27.648 23.386 1.14610
9.410 28.115 23.674 1.26012
11.495 28.507 22.993 1.09952
14.740 29.058 23.468 0.89719
27.005 29.565 23.089 1.01262
9.835 27.293 21.857 1.02015
4.205 29.457 22.517 0.49909
19.210 29.974 22.463 1.02630
7.770 29.856 23.051 0.92337
35.130 32.866 23.732 0.54848
1.820 30.668 22.294 1.04862
0.880 31.884 23.876 0.71178
4.905 29.763 22.734 0.76462
2.965 31.088 22.527 0.98359
0.000 32.938 22.483 0.82531
0.000 31.444 23.269 1.46797
2.490 27.766 23.019 1.54077
1.095 30.347 22.768 1.20576
5.780 31.022 23.395 0.71661
4.945 33.569 23.288 0.62741
15.205 34.355 23.334 0.72463
1.500 32.426 22.708 0.76515
0.000 31.914 23.375 1.31966
1.120 30.535 21.807 1.84209
4.055 28.664 22.389 1.71771
0.610 30.116 21.637 1.77591
0.520 32.136 23.066 1.68657
0.000 30.619 21.175 1.48771
0.000 32.522 21.376 1.08075
0.000 34.510 22.363 0.53548
0.120 33.391 23.354 0.46699
1.600 34.181 24.013 0.58215
7.030 32.008 24.172 0.89731
26.150 29.765 23.185 0.73937
0.370 32.134 23.265 0.75289
0.675 28.406 21.354 2.13810
5.820 29.539 20.232 2.09768
4.080 29.455 20.858 1.75072
0.570 29.712 20.778 1.88074
0.000 30.347 20.078 2.01478
0.000 30.195 20.572 1.85141
0.000 30.605 19.395 1.75037
0.000 30.547 19.300 1.40563
0.000 30.445 20.059 1.34001
0.000 30.449 19.241 1.38626
0.000 30.974 20.059 0.93182
0.000 31.113 17.945 1.14284
0.000 30.679 18.315 1.17583
0.000 30.195 19.336 1.46884
0.000 30.832 19.393 1.95307
0.000 30.551 19.298 1.88888
0.000 31.177 18.891 1.77950
0.000 30.603 17.358 1.48106
0.000 31.167 17.448 1.13224
0.000 32.575 16.567 0.77004
0.000 32.304 16.794 1.22870
0.000 32.903 17.505 0.76412
0.000 33.459 17.900 0.68165
0.000 32.856 18.116 0.70747
0.000 32.964 18.301 0.69448
0.000 33.601 17.365 0.98596
0.000 33.911 19.090 1.18114
0.000 33.420 20.974 1.95652
0.000 30.895 19.993 3.04877
0.550 28.386 18.446 2.93628
0.915 29.597 19.541 2.22947
0.000 32.861 20.744 1.69764
0.000 33.314 19.996 1.61317
0.500 32.325 19.085 1.73655
0.000 32.378 20.147 1.48070
0.000 33.477 20.606 0.74564
0.000 34.219 21.040 0.70879
0.000 34.959 19.787 0.71083
0.000 35.145 20.261 1.72311
0.000 32.445 19.332 2.57407
0.000 32.876 20.282 2.04558
0.000 33.109 21.709 1.97483
0.000 31.873 20.224 2.19690
0.000 32.561 19.918 2.17061
0.000 30.750 17.109 2.54513
0.000 30.700 18.141 2.49546
0.000 29.187 15.327 2.55300
0.000 30.321 15.757 1.60429
0.000 31.395 16.737 1.32797
0.000 31.091 16.266 1.82861
0.000 30.838 16.133 1.57050
0.000 32.374 17.536 1.22359
0.000 32.413 18.797 1.62154
0.000 32.417 19.556 1.95983
0.000 32.445 19.499 2.26213
0.000 32.895 20.735 2.25342
0.000 30.735 20.508 2.32744
0.000 32.270 20.882 2.30078
0.000 30.370 18.400 2.80493
0.000 29.201 17.510 3.15140
0.000 28.331 14.913 2.85472
0.000 28.413 14.422 2.51781
0.000 28.084 14.872 2.46725
0.030 29.305 15.793 2.45184
9.105 30.559 16.848 1.72635
0.000 31.486 17.855 2.50953
0.000 23.836 14.113 3.36120
0.000 24.861 12.719 2.70362
0.000 26.937 13.570 2.34310
0.000 29.697 15.158 2.03046
0.000 31.023 15.860 1.44604
0.000 32.511 16.588 0.93460
0.000 32.337 17.396 1.85260
0.000 30.747 16.484 2.69723
0.000 28.437 15.562 2.66829
0.000 30.080 16.053 2.01722
0.000 31.619 16.912 1.45709
0.000 32.725 17.673 1.52748
0.000 32.577 16.455 1.68553
0.000 33.901 17.388 1.28560
0.000 33.107 17.476 1.67753
0.000 33.711 18.031 1.15139
0.000 34.020 17.315 1.52118
0.000 34.109 17.841 1.50941
0.000 33.564 17.482 1.86586
0.000 33.677 17.610 1.80176
0.000 34.089 18.626 1.64129
0.000 33.575 20.607 1.40915
0.415 33.025 22.140 1.28407
0.325 30.255 20.091 1.60426
4.995 28.530 19.057 1.66597
0.000 31.084 18.650 1.64646
0.000 33.599 19.753 0.93399
0.140 34.360 20.411 0.88982
0.000 34.323 21.563 0.95779
0.000 33.202 20.449 0.97060
1.800 33.933 21.130 1.51059
1.205 32.410 17.206 1.85630
0.000 32.992 15.412 2.39939
0.370 26.888 13.980 3.35332
0.000 28.495 13.755 2.25122
0.000 31.461 14.525 2.80965
0.000 25.059 11.728 3.17271
0.000 29.462 12.986 2.08091
0.000 31.489 14.935 1.54589
0.000 32.741 16.536 2.07509
0.000 33.601 17.673 1.30627
0.000 35.306 18.642 1.26608
0.000 35.944 19.983 1.09722
0.000 36.983 22.727 0.87825
0.000 36.636 23.262 0.85140
0.000 36.984 24.200 1.01475
17.760 35.039 18.447 1.42133
3.045 31.728 16.386 2.02304
0.000 25.881 15.052 2.80105
0.000 28.540 15.936 2.14494
0.000 30.045 14.860 2.31024
0.000 25.546 14.022 3.00883
0.000 26.744 13.063 2.95257
0.000 30.269 13.925 2.13407
0.000 32.430 15.257 1.63489
0.000 31.220 15.163 3.08397
0.000 28.713 13.057 2.76314
0.000 30.419 13.348 1.95223
0.000 31.141 13.980 1.43295
0.000 32.369 15.159 2.02390
0.000 32.088 16.074 1.71760
0.000 33.429 16.769 1.39640
0.000 34.494 17.749 1.09488
0.000 35.174 18.020 1.07680
0.000 35.967 19.272 0.89689
0.000 36.628 20.383 1.15871
0.000 34.798 21.304 1.23885
0.000 33.273 22.734 1.22028
0.170 35.085 22.126 1.22804
1.250 35.339 22.816 1.34757
0.000 32.213 22.509 0.96737
0.135 34.200 23.076 1.36569
0.000 37.576 22.964 1.21697
0.000 38.649 21.157 1.46212
0.000 39.787 18.702 1.45839
0.000 34.899 16.559 3.48358
0.000 33.138 18.376 1.74130
0.000 36.354 20.114 1.89708
0.000 34.826 19.101 3.21174
0.000 33.004 18.958 3.85155
0.140 31.713 16.171 3.84646
0.000 34.245 16.274 1.75417
0.010 36.879 18.334 0.90413
0.000 40.105 23.401 1.09967
0.000 39.357 24.167 1.02418
0.000 39.419 25.376 1.01738
0.000 39.495 20.974 2.09753
0.000 38.485 22.114 1.11614
0.000 38.664 22.632 1.19442
0.000 39.682 24.629 1.12901
3.250 40.267 24.843 1.20742
6.630 37.277 24.953 1.10790
0.000 37.293 25.912 0.77169
0.740 37.543 23.845 1.01291
0.000 33.605 23.616 0.92235
18.225 36.700 25.132 0.87318
9.165 35.810 25.963 1.63052
0.000 38.248 23.851 1.27624
0.000 39.388 23.080 1.17984
0.000 36.713 24.750 1.15207
13.615 37.241 24.840 1.37008
1.940 38.035 26.367 1.35311
0.975 34.984 25.096 1.05302
7.045 37.789 25.031 1.33799
7.450 36.919 24.164 1.36915
0.000 37.247 23.820 1.29923
4.315 34.368 21.764 1.62347
0.000 35.509 22.413 1.36283
0.000 36.390 24.285 1.09102
0.000 36.912 24.906 1.33103
19.540 37.357 24.613 1.24679
0.330 33.629 19.667 3.19760
0.140 34.766 21.211 1.37528
0.000 35.691 24.017 1.14516
10.835 38.006 25.815 1.44930
0.000 39.595 25.654 1.36995
0.140 40.918 27.109 1.34622
0.000 39.344 27.814 1.47874
1.130 38.865 27.196 1.36411
0.000 39.606 28.189 1.52375
0.000 40.373 27.898 1.88972
0.850 41.027 26.921 1.25505
0.905 39.913 26.734 1.41474
0.000 39.050 26.475 1.00474
0.000 40.167 28.475 0.98370
4.455 37.238 25.545 1.14421
5.620 36.879 25.988 0.85235
2.745 39.507 26.380 1.26710
0.605 35.283 25.250 0.97757
0.000 40.024 27.025 0.67428
0.180 39.306 25.550 1.41505
4.710 36.429 25.011 1.61646
0.000 40.017 27.287 0.71149
0.550 39.799 27.080 0.96467
1.770 39.668 26.011 1.65120
0.200 38.384 26.452 1.44245
35.210 34.117 25.758 0.73915
9.050 34.817 22.363 1.52946
0.000 34.072 22.176 2.04736
0.000 34.649 23.689 1.08877
19.585 36.998 24.998 1.16828
23.670 33.399 24.815 0.97946
1.745 33.415 24.479 1.05336
0.000 36.641 25.716 1.42296
0.240 36.678 25.784 1.85351
0.000 34.424 25.624 1.80681
1.110 35.935 25.013 1.56031
2.585 32.982 25.121 0.83876
1.410 34.706 25.644 0.94196
6.300 31.341 25.222 0.59498
1.200 31.535 23.740 0.64828
0.970 35.333 24.936 1.23699
1.095 35.881 24.132 1.86879
19.275 34.411 25.186 2.33668
5.820 30.112 24.271 1.78348
8.220 31.659 23.448 2.11311
14.525 34.757 23.895 1.23285
9.200 33.701 23.881 1.03165
8.480 32.546 23.922 1.31707
7.400 31.965 23.929 1.27763
0.530 33.048 24.899 1.02721
5.705 30.799 24.484 0.77947
25.125 33.107 24.523 0.96244
15.100 33.570 24.460 0.87056
3.955 30.260 22.835 1.04105
0.195 35.369 23.470 0.81862
0.000 35.513 23.083 0.81944
1.990 36.201 24.575 0.67088
1.215 35.271 24.815 0.82544
0.005 36.777 25.174 0.76106
77.865 34.407 24.713 0.71185
0.775 32.479 24.586 0.62763
7.680 34.261 23.995 0.75680
1.700 33.319 24.408 0.68610
30.015 30.803 24.060 0.58025
7.785 31.068 23.228 0.89728
27.845 32.895 24.516 2.00527
33.895 30.391 24.339 2.31462
19.155 27.850 23.891 2.25212
12.290 29.102 23.747 2.11214
7.000 30.172 23.527 2.17803
1.175 29.937 23.236 1.98843
0.000 30.944 23.657 1.83895
4.185 30.729 24.044 1.93328
3.065 29.658 24.043 1.95598
0.780 31.317 24.206 2.05543
0.260 31.193 24.195 2.15830
0.780 29.021 23.371 2.05321
0.000 29.189 23.245 2.05454
0.000 31.808 23.945 2.06638
0.000 31.916 24.319 2.11364
17.750 27.298 23.832 1.61458
2.755 29.279 23.834 1.38277
0.320 31.121 23.728 1.67554
0.000 32.598 24.160 1.83834
0.630 32.314 24.619 1.59921
27.545 28.472 23.270 1.58714
2.555 29.792 24.107 1.53094
14.505 29.790 23.848 1.29453
35.675 30.659 24.019 1.31398
3.185 30.279 23.640 1.21467
0.000 30.894 23.715 0.96372
0.995 29.961 22.454 0.96777
33.790 30.328 23.268 1.22423
6.515 28.678 22.766 1.19401
7.045 28.171 22.292 1.04192
0.205 30.149 22.996 1.16732
8.875 30.036 23.296 0.96474
7.885 29.940 23.892 0.72180
0.000 30.760 22.830 0.75953
0.300 32.256 23.362 0.91306
0.485 32.100 23.934 1.25457
4.750 30.229 23.377 1.56871
16.525 30.485 24.206 1.47711
1.010 28.345 23.721 1.14116
33.895 27.866 23.123 1.03892
16.630 28.431 22.823 1.03462
14.830 28.526 23.292 1.15284
41.460 28.922 23.134 1.40499
25.250 28.794 23.383 1.43511
57.880 27.505 23.624 1.47581
27.195 26.343 22.889 2.26808
5.850 28.865 23.300 1.57740
6.190 28.227 23.369 1.07077
9.180 28.240 22.980 1.07997
25.375 29.290 22.848 0.65991
13.245 30.206 23.074 0.90174
24.395 29.848 23.476 1.14392
1.765 28.486 23.035 1.31539
0.385 29.586 23.331 1.86160
2.370 29.714 23.336 1.64191
0.695 29.470 23.713 1.54262
4.215 28.957 23.786 1.23778
7.215 28.282 23.000 1.44486
7.040 29.565 23.764 1.24755
6.620 28.764 23.754 1.55991
10.995 27.384 23.526 1.98767
0.000 29.818 23.570 1.76631
0.000 31.354 23.678 2.07339
4.345 29.288 23.666 1.75862
3.320 28.570 23.050 1.60480
0.000 30.141 23.963 1.27368
21.960 29.810 23.914 1.44880
2.995 29.050 23.866 1.32667
21.495 28.707 23.468 1.13700
25.105 28.885 23.206 1.04870
19.135 30.950 23.872 0.88775
42.985 27.391 23.367 1.23900
10.710 30.154 23.704 1.08195
10.235 29.063 24.469 1.05863
2.390 29.820 24.414 1.53863
28.475 29.608 24.199 2.05424
4.290 29.166 24.117 2.01579
47.950 28.244 24.437 1.87554
2.910 27.334 23.899 1.96246
3.395 28.448 24.022 1.72995
25.200 29.690 24.335 1.45855
1.475 29.208 23.912 1.00030
36.970 27.078 23.024 1.63595
39.300 27.552 23.208 1.22912
2.210 29.519 22.844 1.47076
0.000 29.790 23.136 1.34990
6.210 28.248 23.401 1.47100
21.575 27.948 23.123 1.77908
9.445 27.735 22.920 1.36823
28.745 28.793 22.672 1.29553
6.080 29.101 22.695 0.91597
13.955 29.841 22.092 0.94999
4.865 31.913 21.598 0.86308
4.955 33.276 21.168 0.87915
0.000 31.948 21.726 0.89374
2.005 33.471 21.836 0.71584
27.050 31.321 23.269 0.83901
6.145 31.610 23.396 0.75549
17.545 32.451 22.588 1.02354
10.105 27.826 22.777 0.83658
3.950 29.536 22.611 0.93671
0.000 30.983 20.657 0.94610
0.000 31.254 20.510 1.22525
0.000 32.583 21.771 0.79785
0.000 33.366 21.891 0.87366
1.165 32.498 22.531 1.26808
0.000 32.262 20.789 1.51749
0.000 31.428 18.990 1.68635
0.000 32.632 20.915 1.04965
4.250 33.733 22.361 0.71552
2.945 30.928 21.178 0.97642
0.000 32.439 22.125 1.47364
0.000 27.410 19.242 2.21265
0.730 29.924 19.400 2.11860
0.000 30.835 20.197 1.58401
0.000 31.503 20.343 1.16703
0.000 31.868 19.910 1.40071
0.000 31.619 19.376 1.22214
0.000 31.823 19.613 1.22516
0.000 32.429 19.801 1.06025
0.000 32.666 21.015 0.82242
0.000 31.911 18.795 1.54095
0.000 31.929 18.376 1.51510
0.000 32.494 19.097 1.06962
0.000 32.233 18.756 1.51884
0.000 31.628 18.664 1.55073
0.000 31.214 16.291 1.49222
0.000 31.945 17.850 1.49021
0.000 31.586 17.855 1.44914
0.000 33.021 18.793 1.18639
0.000 33.489 19.543 1.25228
0.000 33.446 20.131 1.79754
0.000 32.582 19.156 1.90512
0.000 32.573 20.747 1.95516
0.000 32.147 19.469 1.82409
0.000 31.812 17.866 1.95908
0.000 30.744 18.706 2.00367
0.000 31.442 20.331 1.89653
0.000 32.704 20.585 1.70227
0.000 33.088 19.707 1.65814
0.000 33.430 18.768 1.83387
0.000 33.768 19.688 1.64666
0.000 33.155 18.697 2.12954
0.000 33.119 19.092 1.80636
0.000 33.470 19.416 1.52343
0.000 34.258 20.117 1.29084
0.000 35.109 20.595 1.56076
0.000 34.604 19.887 1.58968
0.000 34.681 20.687 1.29829
0.000 35.195 20.810 1.00987
0.000 36.048 20.881 0.85908
0.000 36.595 21.476 0.82836
0.000 37.425 22.180 0.99165
0.000 36.638 20.060 1.46958
0.000 36.458 21.402 1.16793
0.000 37.140 23.457 1.31409
0.000 35.557 21.389 2.33603
0.000 32.551 19.680 2.61360
0.000 31.366 18.567 2.70385
0.000 31.762 17.988 2.28148
0.000 32.656 16.632 1.99961
0.000 31.908 16.479 2.21539
0.000 30.507 16.488 2.54879
0.000 30.993 17.716 2.40882
0.000 31.631 19.555 2.45642
0.215 32.531 20.833 2.68841
0.430 31.459 21.225 2.34316
0.000 32.786 19.708 2.91998
0.000 30.406 18.656 2.89150
0.000 32.338 19.252 2.45999
0.000 32.230 18.025 2.48821
0.000 31.901 17.930 2.13242
0.000 31.847 18.686 2.41113
0.000 31.682 18.065 2.36038
0.000 32.550 16.980 1.86701
0.000 31.137 16.495 2.32688
0.000 30.466 16.543 2.24190
0.000 31.102 17.549 2.34426
0.000 29.185 15.757 3.04170
0.290 28.315 14.689 2.30176
0.000 30.197 15.598 1.94057
0.000 31.228 16.966 2.32863
0.000 31.924 17.869 2.14243
0.000 31.603 16.609 2.66190
0.000 30.294 14.911 2.03169
0.000 31.424 15.921 1.21955
0.000 32.589 17.583 1.23035
0.000 33.763 17.786 1.07729
0.000 33.373 17.813 1.40404
0.000 33.361 17.210 1.35045
0.000 32.484 16.522 1.52399
0.000 33.323 16.800 0.84000
0.000 33.945 16.694 0.81700
0.000 33.550 15.526 0.85157
0.000 33.806 14.142 1.13099
0.000 33.186 14.993 1.29182
0.000 33.304 15.451 1.44414
0.000 34.244 16.650 1.14637
0.000 33.478 16.380 1.66788
0.000 31.457 15.359 2.62984
0.000 32.633 16.247 1.45418
0.000 33.101 14.936 2.94727
0.000 24.277 12.376 3.62557
0.000 23.196 10.526 2.69316
0.000 28.447 11.353 1.60949
0.000 31.226 13.258 1.21643
0.000 31.652 14.936 1.99612
0.000 32.444 15.933 1.99883
0.000 31.336 15.291 1.96222
0.000 33.111 16.531 1.55168
0.000 32.430 16.751 2.12193
0.000 32.542 17.347 2.26421
0.000 32.359 17.017 1.61709
0.000 33.716 18.404 1.67094
0.000 33.335 19.087 2.05723
0.000 31.243 15.141 2.86962
0.000 25.259 13.234 2.98361
0.000 25.798 13.599 2.10999
0.000 28.959 14.747 2.08585
0.000 31.980 16.551 1.33114
0.000 33.874 16.694 1.25434
0.000 33.922 17.212 1.47810
0.000 34.131 17.057 1.52544
0.000 33.911 17.461 1.10946
0.000 34.204 17.607 1.39625
0.000 35.254 18.088 0.66490
0.000 35.520 19.970 0.95935
0.000 35.043 21.709 1.14753
0.000 36.424 20.720 1.07971
0.000 36.354 21.650 1.13927
0.000 37.092 21.349 1.07722
0.000 37.625 21.394 0.94261
0.000 38.543 21.177 1.17916
0.000 37.408 20.012 1.67314
0.000 36.742 20.225 1.03257
0.000 36.130 21.104 0.92359
0.000 36.304 20.430 1.18555
0.000 37.225 20.187 1.07069
0.000 37.367 21.413 1.05534
0.000 37.362 21.875 1.04961
0.000 37.188 21.776 1.01170
0.000 38.500 20.803 1.13386
0.000 37.548 20.466 1.14968
0.000 37.105 20.302 2.25202
0.000 36.030 19.733 2.20326
0.000 35.512 20.832 1.76888
0.000 36.795 22.574 0.79162
0.000 36.709 24.175 1.56546
0.000 37.893 25.616 1.63566
0.000 38.684 23.619 1.51175
0.000 39.161 22.773 1.40371
0.000 38.535 17.604 2.46971
0.000 33.313 15.140 3.43760
0.000 29.879 15.337 2.94525
0.000 33.959 16.546 1.97958
0.000 35.524 18.112 1.26360
0.000 38.197 20.836 1.37891
0.000 38.301 24.145 1.61112
0.000 39.112 23.660 1.48487
0.000 39.857 23.192 1.08732
0.000 38.935 21.213 1.55780
0.000 36.266 19.919 2.18134
0.000 36.904 21.090 1.44790
0.260 29.104 17.958 2.16607
0.000 25.507 14.698 3.56496
0.000 29.805 14.053 4.01150
0.000 25.758 12.763 3.55630
0.000 30.833 13.866 2.16372
0.040 33.673 15.584 1.49359
0.000 36.172 17.731 0.82491
0.000 37.175 21.790 1.41820
0.000 37.858 23.552 1.64987
0.000 38.918 24.597 1.46456
0.000 39.648 19.979 2.27949
0.005 30.998 16.731 3.61965
0.000 34.222 18.333 1.86610
0.000 37.214 21.272 1.05545
0.000 38.656 23.169 1.46047
0.000 39.671 22.648 1.90300
0.000 37.911 21.138 2.81413
0.000 38.157 21.400 2.59762
0.000 38.799 23.414 1.55963
0.000 33.818 24.745 1.14506
0.000 37.060 25.398 1.05016
25.645 38.549 22.645 2.07958
0.055 31.691 17.575 2.95958
0.000 34.127 19.309 1.86379
0.000 37.271 23.363 1.11135
0.010 37.401 26.338 0.83877
0.000 38.233 27.280 0.85217
11.675 37.270 25.849 1.12529
0.025 36.256 26.061 1.02998
0.000 39.455 26.857 1.05831
3.035 34.317 24.662 1.38407
5.445 38.014 23.778 2.02146
0.325 33.058 21.665 3.14157
0.000 32.482 20.994 2.65311
0.000 35.378 22.594 1.17960
0.000 37.376 25.118 1.06022
0.000 38.825 26.354 1.15014
0.180 37.415 25.457 1.61549
0.000 38.290 26.416 1.59380
0.000 39.773 27.709 1.46115
0.000 38.744 27.819 1.51283
0.045 39.909 22.720 2.45638
0.580 34.486 20.470 2.72261
0.000 36.589 22.008 1.12217
0.000 38.075 25.560 0.79549
11.115 37.649 25.978 1.15219
3.490 35.395 25.685 1.30522
0.025 36.502 25.576 1.08294
0.020 36.298 23.143 1.34000
0.000 38.610 23.600 1.91954
0.000 39.700 26.230 1.00038
0.000 35.875 25.872 1.12395
0.495 38.930 27.958 0.91815
0.520 36.343 26.083 1.21112
0.000 34.721 25.303 0.77234
3.910 35.570 25.364 0.98266
0.070 35.032 25.952 0.96157
12.810 36.329 26.664 1.63812
0.450 35.121 25.732 1.66022
0.375 36.055 25.891 1.49782
0.000 38.551 26.969 1.17882
0.350 38.559 26.873 1.08083
0.910 40.065 27.800 0.87633
0.000 39.602 28.134 1.78580
0.000 37.627 26.988 1.61195
0.000 40.905 26.499 1.13231
1.945 37.439 26.083 1.23109
7.200 29.976 24.896 1.41645
2.055 35.920 25.654 1.99120
15.805 35.487 26.015 1.78276
3.040 33.457 25.501 1.94438
0.980 36.280 25.290 1.61175
0.000 33.025 25.545 1.44330
1.470 33.328 25.143 1.27908
1.035 33.444 25.091 1.09224
16.925 34.430 25.377 1.27220
34.910 33.318 24.765 1.22412
18.455 33.879 24.181 1.51165
14.355 32.983 24.894 0.99817
10.050 34.184 24.966 0.85484
1.375 31.770 24.178 0.77955
10.270 31.837 23.808 1.10099
10.630 33.151 24.194 1.22395
21.395 33.030 24.652 1.17895
0.125 31.977 24.390 0.89344
0.000 35.964 25.326 1.32894
0.000 35.917 24.522 1.63039
20.200 33.056 25.125 1.13680
4.890 30.287 24.385 0.76399
5.500 31.011 24.477 1.06475
0.105 31.725 25.072 1.52582
0.125 32.942 24.651 1.60343
0.650 33.482 25.023 1.69362
0.300 33.134 25.561 1.68450
0.000 33.015 24.877 1.41513
0.000 33.015 24.954 1.61276
0.205 33.773 24.809 1.46165
14.050 31.517 25.036 1.15123
17.660 30.454 24.598 1.29723
3.065 29.617 24.607 1.81177
0.000 29.487 23.992 1.84459
0.055 32.350 24.855 1.77672
0.390 31.329 24.549 1.47730
11.720 31.620 24.675 1.46054
24.780 30.068 24.380 1.46780
25.745 30.174 24.626 1.35942
1.765 30.362 24.478 1.45227
0.790 29.968 24.673 1.25903
0.000 29.713 23.868 1.21862
1.080 30.695 24.348 1.03963
0.410 30.520 25.006 1.29425
9.885 29.605 24.577 1.24308
0.040 30.122 24.015 1.14919
6.270 29.532 24.119 1.36000
29.585 29.984 23.395 1.38883
1.575 30.239 23.612 1.91521
17.040 30.059 23.401 1.58557
22.780 29.588 24.047 1.58626
11.080 28.336 23.760 1.58969
1.895 29.831 23.125 1.79771
1.690 28.903 23.323 1.54716
19.360 30.025 24.085 1.54061
19.495 28.366 23.316 1.19833
6.390 29.179 23.786 1.14491
14.655 27.369 23.208 0.98716
0.570 31.191 23.820 0.83942
4.780 31.424 24.398 1.04019
1.765 30.513 23.954 1.25672
0.000 29.640 23.959 1.35949
4.135 29.806 23.606 1.45234
0.000 30.643 23.380 1.09468
15.510 33.820 24.606 0.58749
15.955 28.430 23.151 0.94461
0.000 29.948 23.252 0.91510
0.000 32.307 23.688 0.56525
0.835 33.428 23.028 0.54883
0.320 34.465 23.565 0.70037
0.450 33.129 24.291 0.90349
8.140 31.103 23.715 1.41596
0.000 32.417 24.512 1.48049
2.860 30.161 24.161 1.65228
16.695 29.745 23.902 1.74738
31.595 29.444 23.856 1.76452
50.650 28.113 23.617 2.02278
18.470 27.916 23.521 1.97983
20.300 28.053 23.748 1.79841
45.535 26.597 23.841 2.42807
82.235 28.164 23.921 1.69456
12.620 28.834 23.961 1.40042
18.555 28.914 23.578 1.71273
29.915 27.288 23.651 2.19840
11.000 29.131 23.830 2.08356
2.915 28.273 23.342 1.49292
7.415 29.091 23.130 1.29693
0.535 30.938 23.800 1.63408
4.800 30.767 23.989 2.06350
0.840 29.463 23.828 1.87962
15.945 28.873 23.996 2.19056
18.820 28.763 24.017 1.77365
54.355 29.625 23.562 1.70647
0.730 28.212 23.580 1.71041
61.825 27.861 23.354 1.67522
16.895 28.205 23.637 1.76240
0.495 29.753 23.159 2.03535
24.700 28.618 23.308 1.94277
0.965 28.999 23.223 1.96363
3.795 29.552 23.431 1.48782
8.335 28.797 23.736 1.64629
75.845 28.784 23.763 1.58679
16.260 28.615 23.625 1.47199
2.860 28.053 23.067 1.23279
11.135 28.514 22.971 1.31192
5.785 29.671 23.381 1.32775
0.000 28.836 22.752 1.03488
1.360 30.438 22.794 0.98800
1.245 31.358 23.955 0.80832
0.730 30.242 24.214 0.64994
1.950 33.583 23.046 0.47878
0.035 33.133 23.659 0.63415
5.945 28.885 23.861 1.14915
39.895 26.629 23.269 1.44208
20.280 28.839 23.889 1.35426
0.000 28.643 23.666 1.28502
0.665 30.487 24.072 0.96945
2.365 28.443 23.833 1.07162
2.860 32.271 23.682 0.79356
8.185 31.953 24.280 0.65200
16.150 27.490 23.470 0.66927
4.715 30.978 23.731 0.53653
41.040 31.420 23.927 0.75693
24.450 28.967 23.254 0.97231
26.495 30.237 23.479 0.84130
33.600 29.788 23.219 0.78781
12.650 31.329 23.296 0.77735
13.580 31.768 23.113 1.38325
33.285 29.651 22.683 3.20361
1.965 30.508 23.764 1.07104
0.000 28.756 23.450 0.59149
0.635 31.120 22.425 1.02692
9.920 31.938 22.194 1.55965
63.520 26.414 23.007 2.03440
2.895 28.574 23.147 1.16500
4.575 28.751 22.743 0.50330
0.195 31.481 23.324 0.69336
0.000 30.303 23.022 0.82065
0.860 31.801 22.826 0.78483
0.000 33.435 23.350 0.55132
1.665 33.944 24.049 0.76866
33.995 29.869 23.637 1.48109
7.020 28.424 23.468 1.74057
1.615 28.684 23.087 0.90464
0.775 30.988 22.805 0.56866
3.255 32.613 21.481 0.94146
0.000 32.489 21.537 0.63579
0.000 33.179 21.580 0.68433
0.000 33.279 20.988 0.78669
0.435 32.688 22.465 0.88622
0.000 30.792 22.974 0.95399
0.000 31.602 21.597 0.98704
21.265 29.899 22.687 1.39342
3.250 28.152 21.643 1.78755
0.000 29.986 20.922 2.17582
0.305 30.414 21.714 2.03396
2.135 27.478 22.416 1.61564
19.845 30.094 23.196 0.88659
8.215 30.547 21.197 1.18117
0.000 31.405 20.857 1.43939
0.090 31.111 19.595 1.53984
0.000 30.563 20.850 1.30825
0.000 31.476 21.681 1.23860
0.000 31.118 20.361 1.69509
0.000 31.015 21.128 1.82349
0.000 30.849 20.009 1.89765
0.000 30.393 19.509 2.01987
0.000 29.710 20.933 2.15818
0.855 28.915 21.516 1.84223
0.120 30.239 21.599 1.88546
0.280 29.264 21.426 1.46474
0.000 30.382 21.870 1.25126
0.000 31.525 20.295 1.67709
0.000 31.404 20.964 1.65913
0.080 31.444 19.887 2.09194
0.000 29.533 19.745 2.18764
0.000 28.902 19.641 1.96369
1.345 29.244 19.791 1.85487
0.000 30.048 20.244 0.66950
0.625 31.215 22.854 0.61725
9.015 30.753 22.859 1.15673
0.000 31.710 23.024 0.71230
22.405 32.175 23.973 0.42271
7.420 31.574 23.589 0.79549
0.000 31.378 21.934 0.71442
0.000 32.954 22.654 0.46805
0.000 32.272 22.180 0.49655
0.000 32.984 23.600 0.47348
0.000 33.029 23.699 0.49299
0.000 32.561 23.235 0.55484
0.000 32.770 21.574 0.94735
0.000 32.589 21.478 1.66515
0.000 31.908 21.609 1.89485
0.000 31.783 22.048 2.20891
0.000 29.962 20.678 2.26212
0.000 28.723 17.869 2.86908
0.000 28.021 15.764 2.79012
0.000 26.828 14.628 2.60436
0.000 28.047 15.756 2.21092
0.000 28.697 16.393 2.25480
0.000 28.692 17.244 2.21642
0.220 30.470 18.686 1.95626
0.000 30.852 19.755 1.88022
0.000 32.240 20.176 1.49770
0.000 32.136 19.846 1.78805
0.000 32.007 19.049 2.12442
0.000 32.672 19.191 1.57182
0.245 33.242 20.392 1.34829
0.000 33.555 21.526 1.56370
0.000 33.405 22.379 1.50660
0.000 31.521 19.765 2.54312
0.000 31.538 18.339 2.83030
0.000 27.551 15.920 3.33489
0.000 26.768 16.410 2.93760
0.000 28.736 16.728 2.25531
0.000 31.030 17.619 1.95296
0.000 32.133 19.436 2.11486
0.000 31.503 18.483 2.94939
0.000 27.318 16.649 3.23663
0.000 27.825 16.366 2.98286
0.000 27.988 16.086 3.48666
0.000 23.877 15.116 3.18784
0.000 26.715 14.935 2.86998
0.000 25.816 13.505 3.07663
0.000 25.282 12.156 2.83077
0.000 27.595 13.049 2.56213
0.000 28.441 15.476 2.78734
4.405 22.556 14.548 3.75184
0.000 22.692 12.150 2.83257
0.000 28.299 12.932 1.50412
0.000 31.595 15.854 1.26907
1.125 32.174 19.001 1.49701
0.000 32.889 19.959 1.32335
0.000 32.121 19.939 1.90353
0.000 31.918 18.761 2.45075
0.000 31.560 17.296 2.20170
0.000 32.137 18.150 2.09040
0.000 32.798 19.160 2.01886
0.000 33.616 19.283 2.03532
0.000 33.331 18.895 1.91598
0.000 34.155 19.771 0.94494
0.295 35.620 21.651 0.64723
0.000 34.372 17.118 2.55906
0.010 28.691 14.455 3.48828
0.000 26.326 13.211 2.91732
0.000 29.476 14.340 2.77745
0.000 26.961 12.191 2.66657
0.000 29.325 13.243 1.96986
0.000 31.641 14.712 1.08307
0.000 33.575 15.552 0.96536
0.000 34.059 16.796 1.12588
0.000 36.067 17.946 0.88333
0.000 36.119 17.685 0.88791
0.000 36.292 19.599 0.67919
0.000 36.436 20.211 1.11168
0.000 36.666 18.945 1.20071
0.000 36.213 17.971 1.32973
0.000 36.786 17.172 1.49802
0.000 32.582 14.566 2.63971
0.000 33.036 15.609 2.37977
0.000 28.301 13.604 3.16549
0.000 27.942 13.070 2.78530
0.000 28.799 14.111 2.88211
0.000 27.485 15.063 3.16156
0.000 29.511 15.371 1.98768
0.000 33.538 16.441 1.54161
0.000 34.731 19.106 1.37912
0.000 35.711 20.661 1.50898
0.000 35.225 20.210 1.78325
0.000 36.287 19.914 1.63821
0.000 36.134 19.093 1.40457
0.000 36.188 19.745 2.39204
0.000 33.365 17.334 2.82559
0.000 33.786 17.587 2.06980
0.000 34.727 17.761 1.89306
0.000 34.254 18.185 2.46014
0.000 33.422 18.897 2.67521
0.000 33.627 19.894 2.97410
0.000 33.636 19.164 2.44052
0.030 34.818 20.226 1.85715
0.170 33.013 19.731 1.85639
0.000 34.505 20.500 1.01101
0.000 36.505 21.899 0.78763
0.000 37.576 24.420 0.80612
0.000 37.652 24.594 1.01951
13.075 33.093 20.096 1.97766
0.000 28.952 17.492 2.36161
0.000 34.391 18.456 2.81321
0.000 34.936 19.242 2.37425
0.000 35.634 20.071 1.63792
0.000 36.610 20.118 2.94029
0.000 34.934 19.495 3.00035
0.000 36.017 20.436 2.32739
0.000 37.140 19.995 1.79885
0.000 38.028 21.140 1.19903
0.000 36.896 23.590 1.06259
0.165 29.939 17.300 2.53793
0.000 27.247 14.429 3.67929
0.000 31.694 14.281 3.08670
0.000 33.014 15.545 1.94270
0.000 36.392 18.039 1.19267
0.000 37.463 20.994 0.89640
0.000 38.008 23.895 0.84792
0.905 37.461 24.262 0.83756
0.000 39.234 24.843 0.94739
0.000 38.707 23.767 0.93853
0.000 38.270 25.316 0.94310
0.000 39.025 25.607 1.41533
0.000 39.974 26.539 1.10791
1.960 33.212 17.377 3.51669
1.260 29.688 17.706 3.16693
0.000 35.883 18.866 1.29163
0.000 38.028 22.531 1.36604
0.000 39.395 27.662 0.96193
0.230 37.836 24.514 1.40962
0.075 40.819 24.490 1.21973
0.000 39.688 25.519 1.20231
0.000 39.554 25.832 1.81879
0.000 37.848 26.900 1.38287
0.000 38.976 27.815 1.22777
0.000 39.824 25.040 1.21468
0.000 37.937 25.985 0.92963
0.000 37.028 26.926 1.23084
0.000 38.993 26.503 1.41955
0.765 36.814 23.615 1.79211
0.045 38.017 24.534 1.26413
18.280 30.432 22.464 1.04627
0.000 34.747 23.984 0.72127
3.640 34.391 23.678 0.90865
0.000 35.177 23.925 0.93390
4.950 34.928 24.386 1.13131
0.385 35.730 24.626 0.99850
0.000 38.626 26.364 0.84799
14.135 39.333 24.903 1.29770
22.565 35.933 24.826 1.23706
6.075 32.488 24.126 1.02165
0.810 35.508 25.176 0.97051
0.000 34.546 25.052 1.24311
0.000 38.290 26.246 1.84521
0.000 36.761 25.688 1.33572
19.180 36.781 21.997 1.71644
2.390 33.973 22.237 1.69802
0.105 33.738 19.588 2.67395
0.000 35.521 20.256 2.46828
0.000 37.554 22.502 1.04901
0.000 38.573 25.388 0.94658
0.000 36.411 23.936 1.23740
0.000 38.735 25.884 0.96353
0.000 37.873 24.730 1.29741
0.000 38.997 26.386 1.37117
21.315 38.571 25.994 0.83055
20.090 31.252 24.022 1.01446
0.000 35.842 25.197 0.71674
0.745 36.099 25.002 1.34530
0.850 35.401 25.569 1.05906
17.380 34.161 22.275 1.44596
7.910 34.385 22.907 1.11647
0.000 33.005 24.524 1.28332
0.000 34.169 25.533 1.15884
0.000 37.003 25.937 1.05954
3.845 35.857 25.925 1.32367
8.060 32.994 25.306 0.95906
3.670 33.399 24.441 1.10874
0.000 35.196 25.507 1.24464
14.655 34.315 25.287 1.15708
0.000 34.981 25.322 1.05511
3.140 32.011 25.517 0.92747
0.000 34.147 25.502 0.75204
3.930 35.535 24.883 0.90425
0.025 38.190 22.992 0.86087
0.000 39.843 22.095 2.96158
2.025 33.707 19.387 3.21180
0.015 35.489 20.004 2.24007
0.000 35.554 22.231 1.78686
1.160 37.502 24.281 0.93234
32.555 37.393 24.233 0.67714
5.035 30.594 22.190 0.72886
12.155 31.745 23.085 0.83688
3.435 33.715 24.167 1.09312
3.135 32.005 24.010 1.37730
0.000 33.288 24.185 1.04368
0.145 32.190 23.820 1.25797
5.690 33.037 24.294 1.21807
0.360 33.858 24.216 1.10515
9.280 34.171 24.666 1.33564
3.600 31.558 23.212 1.02164
23.200 33.106 24.322 1.19828
37.235 32.106 24.447 1.34997
2.305 30.131 23.541 1.16524
0.065 32.044 24.211 1.45098
1.290 30.423 23.517 1.13616
2.585 33.276 23.812 1.59191
0.025 32.070 23.754 1.62108
0.000 32.788 24.146 1.67929
0.000 33.664 23.880 1.81222
0.000 33.052 24.337 1.57882
0.375 32.548 24.532 1.53705
0.000 34.699 24.728 1.89119
0.850 31.779 24.902 1.65497
0.005 30.519 23.576 1.35016
3.590 32.919 24.789 1.50988
0.000 33.093 24.156 1.47514
0.000 35.433 24.599 1.51471
2.595 34.306 24.781 1.29425
0.000 35.297 24.946 1.15442
0.505 32.334 24.945 0.75772
17.755 32.559 25.026 0.79383
0.805 33.955 25.083 0.92943
35.820 34.234 24.938 0.73512
14.825 33.361 24.585 0.70771
4.155 33.013 24.184 1.03481
34.925 32.779 24.667 0.64295
4.925 32.310 24.671 0.55610
9.755 31.006 24.118 0.69876
0.810 32.380 24.061 0.88923
0.000 34.727 24.376 1.25600
2.770 33.191 24.615 1.66762
17.345 28.866 24.108 1.88642
13.030 29.186 23.657 1.73884
37.845 28.685 23.649 1.11455
98.435 30.396 24.118 1.81851
62.355 29.338 24.093 2.04683
12.845 28.928 24.201 1.91958
1.355 29.892 24.415 1.88930
0.000 30.835 24.151 2.06626
0.170 30.043 24.667 1.99277
0.570 30.283 24.400 1.90371
20.975 31.457 24.536 2.05981
23.850 30.917 24.283 1.91694
20.005 30.960 24.539 1.93958
1.905 30.687 24.437 2.19192
7.535 29.186 24.004 1.97270
3.000 30.236 24.113 2.02622
2.280 30.224 24.005 2.03648
0.245 30.380 23.996 2.21672
11.385 29.050 23.677 2.32598
20.225 29.529 23.515 1.75979
36.565 29.215 23.111 0.96219
0.000 32.318 23.215 0.98335
30.530 30.726 23.825 1.45090
18.125 30.124 23.757 1.92490
2.385 31.168 24.332 1.64863
0.465 28.440 23.576 1.70043
11.450 29.732 23.625 1.70570
24.205 28.004 22.914 1.97262
13.225 27.569 22.752 2.16502
4.320 30.161 23.024 2.15338
24.195 28.781 23.776 1.58854
32.590 28.264 23.469 1.31538
6.910 28.229 23.112 1.09246
36.525 28.239 23.081 1.04499
1.460 28.371 22.878 1.76469
45.770 28.305 23.138 2.15804
1.545 27.097 23.409 2.41137
0.000 29.326 23.572 2.31251
0.230 30.321 24.313 1.80910
0.010 30.421 24.540 1.56813
0.445 28.265 24.000 1.20511
1.025 30.265 23.915 1.66083
0.000 30.524 24.008 1.75513
65.305 29.352 23.476 1.55929
27.325 29.529 23.644 1.16302
1.515 29.943 23.571 1.41091
25.725 28.445 23.296 1.80870
46.525 27.517 23.690 2.04981
1.650 28.339 23.414 1.79034
0.210 30.595 24.299 1.56399
34.230 29.943 24.383 1.51481
9.445 27.906 23.433 1.53714
1.135 29.037 23.449 1.11028
90.865 28.361 22.943 1.45485
20.240 30.237 22.968 1.89922
1.320 30.527 23.385 1.54505
2.260 30.322 23.808 1.03273
3.800 29.203 23.464 0.99736
11.705 29.141 23.378 1.08256
0.000 29.379 22.755 0.93088
16.520 29.600 23.697 0.69162
3.455 28.904 23.055 1.47024
4.720 28.047 21.642 1.87282
0.765 29.829 22.052 1.04302
0.000 30.977 22.562 0.95725
0.000 30.651 23.002 0.94012
0.000 32.163 22.883 1.12307
0.000 32.796 24.032 1.01483
2.650 31.168 24.339 1.35281
0.000 31.692 23.485 0.95715
1.030 32.519 23.694 0.79472
6.085 31.546 24.314 1.00963
12.670 29.845 23.290 1.23804
7.435 27.150 20.214 1.67711
0.000 30.660 20.020 1.57359
0.000 31.956 20.173 1.39179
0.000 32.784 21.692 1.02838
0.000 32.064 22.153 0.61973
11.545 33.253 22.859 0.48763
4.750 32.144 23.468 0.71279
11.860 32.842 22.924 0.55991
22.035 32.223 22.643 0.73537
0.000 30.926 21.645 1.04088
0.170 31.983 22.625 1.05636
0.000 32.508 21.618 1.31288
0.000 32.116 21.247 1.42527
1.300 31.755 21.802 1.44415
51.115 26.924 22.419 1.91599
9.835 24.993 21.928 2.31191
0.000 29.506 21.958 1.12259
67.044 33.693 23.015 0.48716
6.125 32.861 23.271 0.65685
2.200 32.628 20.134 1.10476
8.725 31.466 21.859 1.74575
99.215 28.303 23.205 3.05162
0.720 30.153 23.110 1.86290
0.000 29.560 23.233 0.80331
3.905 30.409 23.108 0.41903
52.115 29.683 23.689 0.85196
27.455 30.255 23.727 1.29650
6.105 27.566 22.454 1.30837
10.455 29.373 23.119 0.69285
0.550 30.759 20.900 1.01863
0.000 31.366 21.296 1.14302
1.005 30.744 21.268 1.10154
0.225 31.883 21.187 1.12274
0.000 31.659 19.738 1.08889
0.000 32.299 21.122 0.78804
0.000 32.696 20.600 0.68176
0.000 33.721 21.389 0.65495
0.000 33.461 21.059 0.87919
0.000 32.961 21.660 0.82030
0.000 32.735 20.877 1.14874
0.000 32.384 19.955 1.42336
0.000 32.063 20.179 1.46120
0.000 31.738 20.307 1.33331
0.000 32.289 21.433 1.45005
0.000 32.340 19.719 1.59058
0.000 32.517 21.081 1.67880
0.000 31.860 21.032 2.08927
0.000 31.543 21.042 1.96394
0.000 31.371 19.727 1.82664
0.000 31.871 18.481 1.89640
0.000 31.587 19.036 1.81650
0.000 31.621 19.767 1.65530
0.000 30.564 18.204 2.07230
0.000 30.326 15.322 1.79704
0.000 30.534 16.289 1.63646
0.000 31.242 17.612 1.05566
0.000 32.088 18.807 1.07550
0.000 32.221 19.263 2.00903
0.000 30.462 19.029 2.20421
0.000 32.135 20.065 1.60977
0.000 32.513 21.125 1.49258
0.000 33.364 19.443 1.42951
0.000 32.797 19.140 1.86683
0.000 32.641 18.496 1.63714
0.000 32.848 19.611 1.18263
0.000 33.825 20.210 1.37194
0.000 34.542 21.068 1.18363
0.000 35.201 22.051 1.09776
0.000 34.790 22.278 0.94295
0.000 33.960 22.218 0.89793
0.000 34.199 22.038 0.79176
3.110 34.316 23.233 0.86797
1.345 32.739 23.564 0.75532
3.730 34.338 22.052 0.73770
0.000 35.211 22.607 0.77396
5.450 34.570 22.486 0.72486
0.000 35.034 22.519 0.69571
0.000 34.895 22.519 0.72748
0.000 35.676 23.255 0.96852
0.000 35.711 22.580 1.14536
0.000 35.849 21.173 0.97059
0.000 35.587 21.227 1.12610
0.005 35.477 20.884 2.02329
0.000 32.610 21.338 2.09281
0.000 31.856 19.115 2.64154
0.000 31.248 19.954 2.79192
0.215 32.622 21.201 2.44643
0.000 34.507 22.679 1.75286
0.000 35.263 21.473 1.42590
0.000 35.846 20.255 1.73959
0.000 34.474 21.167 2.56129
0.000 32.911 20.435 2.56728
0.000 33.270 19.669 2.37501
0.000 33.205 18.116 1.96690
0.000 32.386 18.539 2.56163
0.000 30.834 16.820 2.45933
0.000 32.050 17.717 2.56395
0.000 29.040 17.272 3.41204
0.000 27.743 15.556 2.83555
0.000 28.608 16.687 2.86023
0.000 28.371 15.698 3.40709
0.000 27.788 14.738 3.22226
0.000 27.354 13.571 2.80725
0.000 26.979 12.393 2.58153
0.000 29.479 13.568 1.79149
0.000 30.770 15.690 2.25709
0.000 32.259 17.229 1.50011
0.000 33.181 17.378 1.05482
0.000 33.113 17.149 1.25727
0.065 31.899 17.884 2.20038
0.000 30.901 16.994 2.37968
0.000 30.746 17.826 2.20916
0.000 31.644 18.385 1.70794
0.000 33.537 19.388 0.99249
0.000 34.212 20.171 1.04950
0.465 34.994 20.744 1.49230
0.000 33.724 18.173 2.74152
0.030 30.236 17.573 3.48038
1.090 27.743 15.716 3.68021
0.000 26.224 16.584 3.31042
0.000 25.862 15.448 3.26406
0.000 27.203 14.955 2.96865
0.000 30.930 15.282 2.11877
0.000 32.770 16.259 2.02159
0.000 33.292 17.454 2.39393
0.145 34.272 17.559 2.23066
0.000 33.711 17.626 1.92745
0.000 34.977 18.776 1.41171
0.000 35.049 20.359 1.58221
0.000 35.221 19.076 2.36649
0.000 32.035 17.888 2.95579
0.000 31.765 18.391 2.40464
0.000 33.756 19.267 1.65603
0.000 34.253 17.730 2.72764
0.000 33.199 18.429 2.18416
0.000 33.737 17.153 3.05655
0.000 31.681 15.765 3.04039
0.000 31.823 16.169 2.73156
0.000 31.698 16.824 2.92954
0.000 28.198 14.642 3.45782
0.000 26.072 11.772 3.11904
0.000 29.157 12.168 2.03256
0.000 29.846 12.602 2.44026
0.000 29.567 12.968 2.33213
0.000 27.832 14.273 3.09025
0.000 27.989 12.174 2.73684
0.000 29.293 13.388 1.80159
0.000 31.787 14.974 1.18694
0.000 32.562 16.752 1.10451
0.000 32.925 17.893 1.06650
0.000 34.546 17.987 1.38392
0.000 34.999 17.187 1.57682
0.000 35.551 17.071 1.52043
0.000 37.214 17.761 1.45892
0.000 36.712 18.662 1.49698
0.000 37.121 20.322 0.88998
0.000 37.105 22.528 1.38466
0.000 38.629 22.552 1.27594
0.000 37.709 24.109 1.90989
0.000 37.307 23.176 1.80594
0.000 37.785 22.754 1.46761
0.000 38.802 23.404 0.93331
0.000 39.471 23.542 0.91190
0.000 38.315 26.020 1.10595
0.000 36.112 25.371 1.22484
0.095 36.120 24.457 1.04742
0.000 36.535 24.569 1.20626
0.000 38.001 24.811 1.19597
0.640 38.800 24.020 1.62583
7.725 37.147 23.548 1.16207
0.000 35.606 24.300 0.90567
1.015 35.963 24.575 0.80156
0.015 34.222 24.160 0.74098
0.000 36.438 24.751 0.81337
0.000 36.599 25.728 1.17210
0.000 38.087 24.952 1.12932
0.000 38.887 24.024 1.36049
0.000 36.861 21.120 1.92754
0.000 33.061 19.392 2.30036
0.000 34.950 20.255 2.06564
0.000 34.730 21.765 1.37411
0.000 36.808 23.043 1.10116
0.000 38.344 23.024 1.20378
0.000 38.702 23.942 1.06718
0.000 38.861 25.599 1.07254
0.000 38.411 26.615 1.47690
0.000 38.739 26.746 1.17934
1.655 39.648 27.371 1.27661
26.511 37.765 25.091 1.00403
8.085 30.682 22.423 1.79560
0.000 31.708 20.106 2.65727
0.000 26.638 18.595 3.14535
0.000 34.585 20.173 1.57279
0.000 36.406 22.497 1.23232
1.635 35.985 23.325 0.76734
6.740 35.468 22.614 1.19046
0.225 36.967 23.939 1.08679
0.000 37.821 25.328 1.21758
0.000 37.441 26.179 0.81672
31.125 34.366 25.784 0.82808
0.000 33.315 25.648 0.82560
0.000 36.987 24.293 1.09249
0.000 40.469 25.048 1.53776
0.000 40.890 24.877 1.74884
0.000 40.690 24.187 1.70199
0.000 37.195 20.730 3.57372
0.000 34.968 21.035 2.69253
0.000 36.534 21.143 2.52485
0.000 37.652 21.534 2.61984
0.000 37.369 22.363 2.35749
0.000 37.515 22.415 2.44591
0.000 37.020 23.156 1.30502
0.000 38.659 23.273 1.98230
0.000 37.282 23.251 1.76144
0.320 36.293 24.882 1.09060
0.120 32.661 24.345 0.87214
19.730 35.462 24.999 0.97988
0.000 39.527 26.166 1.33146
0.230 40.585 26.611 1.67505
0.485 39.073 26.426 1.84387
2.775 33.219 22.321 2.81381
0.010 37.995 24.750 1.25556
0.080 40.458 27.716 1.37035
0.000 38.152 27.559 1.68069
0.000 36.860 27.073 1.79640
0.000 40.260 27.085 1.69823
1.290 42.182 27.646 1.25266
19.585 36.346 24.494 2.03607
0.000 40.711 25.433 1.86296
0.000 39.791 25.339 1.82665
1.430 36.554 24.719 1.20071
10.790 34.551 23.197 1.65312
0.000 34.721 22.951 2.32684
0.570 34.061 23.537 1.43425
3.425 34.281 24.348 1.14347
0.000 36.828 25.800 1.00174
5.005 36.761 23.611 1.51081
27.895 34.782 23.299 1.13765
8.600 28.872 22.047 1.47953
0.285 33.695 22.737 1.25728
0.000 34.895 23.137 1.18741
0.000 36.806 23.397 1.27486
4.500 35.458 24.225 0.96657
4.735 32.458 23.419 1.11880
16.940 32.934 23.017 1.52743
10.245 34.763 24.249 1.58614
0.715 36.009 24.998 1.10290
0.000 36.003 25.374 1.66040
0.000 35.469 25.502 1.27816
0.005 35.128 25.385 1.40976
0.000 33.156 24.762 1.40343
1.130 32.981 23.720 1.49011
0.725 36.292 25.024 1.88432
0.895 35.415 24.154 2.15621
0.000 35.738 24.737 2.26972
0.000 35.317 25.156 2.44985
0.000 36.562 25.495 2.37093
0.000 37.080 24.785 1.70510
29.775 33.818 25.070 1.30869
60.365 30.778 24.640 1.21351
69.709 30.283 24.152 1.23443
19.580 31.658 24.145 1.23531
0.000 32.611 23.979 1.27571
4.895 32.312 24.658 1.40927
3.655 32.441 25.003 1.37812
0.395 31.408 24.223 1.24380
0.840 33.106 24.775 1.20909
32.465 32.344 24.357 1.07643
10.425 31.252 24.152 1.11599
0.000 32.574 24.552 1.12586
0.000 32.362 23.997 1.19723
0.000 34.592 24.889 1.35216
0.000 34.100 25.159 1.27744
0.500 34.538 24.902 1.39158
0.085 32.864 24.918 1.12935
10.125 33.140 25.144 1.41020
1.680 32.877 24.511 1.22811
0.270 33.468 24.462 1.11282
8.370 31.946 24.556 0.97535
10.130 31.296 23.949 1.20308
1.100 32.689 24.341 0.93593
3.180 31.691 24.560 0.95573
1.450 34.901 25.038 0.68276
13.740 35.813 24.484 0.71397
0.940 35.854 25.675 0.70597
4.200 33.518 25.643 0.65934
3.925 34.819 25.527 0.91046
24.930 31.788 25.190 0.86641
2.120 33.229 25.327 1.41522
10.295 31.133 24.510 1.56054
15.525 31.183 24.049 1.97169
12.260 31.967 23.736 1.90802
11.495 31.169 23.506 2.37391
11.005 31.328 24.317 2.13474
9.395 30.429 24.168 1.70281
5.235 30.915 24.123 1.65286
55.595 28.526 23.926 1.75924
2.230 30.410 24.359 2.15609
10.535 29.455 24.174 2.11777
12.450 30.941 23.684 1.62350
0.000 30.492 24.064 1.26025
0.000 30.025 23.499 1.26324
0.000 32.887 24.163 1.46957
0.000 31.983 23.970 1.53859
1.595 32.324 24.692 1.77499
0.000 32.110 24.749 2.10777
0.855 32.882 24.598 2.06904
0.000 32.631 24.684 2.00990
0.075 31.126 24.636 1.63354
15.125 31.504 24.810 1.54924
12.555 28.269 23.781 1.39170
0.000 31.963 24.589 1.40519
0.000 31.269 24.014 1.32448
0.195 31.707 23.638 1.12601
2.300 30.815 22.860 0.95393
0.165 31.661 23.772 0.74758
16.595 32.341 23.881 0.53361
11.270 32.523 23.196 0.97871
42.620 35.537 23.741 0.72101
2.015 33.579 23.574 0.78075
1.316 32.289 24.457 0.74769
57.295 32.340 24.151 0.72112
39.910 33.439 23.031 1.18605
0.355 29.512 23.149 1.15162
27.410 30.770 23.739 1.42010
0.000 30.302 23.619 1.29294
9.185 29.193 23.711 1.84210
1.435 30.744 23.370 1.48884
14.595 30.568 23.986 1.57844
31.110 28.162 24.155 2.15449
70.655 28.916 23.755 2.53957
21.255 27.798 23.315 2.46513
3.270 27.555 23.818 1.65721
11.585 29.138 23.660 1.97442
9.555 30.149 23.523 2.29551
3.855 29.091 23.931 1.87798
0.500 30.734 24.598 1.88475
1.855 30.456 24.353 1.64846
1.395 30.266 24.000 1.56273
43.065 28.635 23.965 1.52434
32.305 28.743 23.595 2.01274
36.875 29.795 23.453 1.67455
0.855 28.179 23.875 1.43436
0.005 28.550 23.764 1.33510
12.995 28.757 24.032 1.20699
0.900 29.488 23.589 1.39030
0.880 29.389 23.568 1.25724
1.710 29.780 23.283 0.93477
1.090 29.646 23.922 0.81303
10.635 33.708 23.359 0.52732
0.000 33.756 23.702 0.53292
0.745 33.922 23.292 0.63891
9.650 32.190 24.172 0.77975
5.155 29.179 23.894 1.26716
5.135 27.668 23.194 0.80502
0.910 30.233 23.859 1.00762
4.125 29.857 23.643 0.97128
18.415 29.629 23.683 1.09129
0.495 29.436 23.688 1.25408
3.605 28.219 22.543 0.96562
0.030 31.042 23.587 0.79503
1.780 29.824 23.878 0.77395
1.080 29.960 23.685 0.82459
13.550 29.972 24.103 1.11177
48.330 28.988 23.736 1.15939
6.235 30.016 24.006 1.05583
2.250 29.969 23.451 0.74783
26.145 30.775 23.270 0.64633
3.735 31.362 23.263 0.49596
0.125 31.588 23.901 0.65256
67.639 31.766 23.851 0.45649
2.500 31.316 23.983 0.68308
3.810 31.355 24.104 0.78383
14.705 30.543 23.200 1.19447
0.615 30.723 21.452 0.85092
0.000 32.079 18.715 1.63592
0.000 31.508 19.287 1.37616
0.445 31.472 20.859 1.25913
0.030 31.587 20.167 1.09708
1.815 32.330 21.279 0.69091
4.345 32.493 23.028 0.73121
0.540 31.565 23.321 0.79130
42.265 30.795 22.924 0.62062
3.540 31.711 22.199 0.86577
0.815 31.952 22.441 1.23255
0.380 32.029 22.816 0.77566
12.445 30.519 23.133 0.90736
65.115 27.062 23.247 1.62547
97.780 25.814 23.482 3.10088
23.045 27.678 23.356 1.74552
16.455 28.679 23.104 1.22389
10.870 28.084 23.405 1.18083
5.350 26.804 22.437 0.90937
0.050 30.489 23.536 0.71935
11.695 28.794 22.368 0.74724
3.505 29.604 23.031 0.83425
5.155 29.540 22.114 0.96567
0.000 30.915 21.022 1.23840
0.370 30.898 22.367 1.08763
8.795 29.054 22.400 1.39994
10.315 27.790 21.744 2.08368
16.360 27.611 20.541 2.29537
0.035 28.528 20.007 2.06968
0.000 29.965 20.116 1.87870
0.000 29.499 19.325 2.25128
0.000 28.280 18.444 2.03488
0.000 29.541 19.876 1.69533
0.000 30.187 20.583 1.80972
0.000 29.674 19.396 1.87134
0.050 29.669 20.088 1.99058
0.945 29.609 21.247 2.13332
1.555 30.674 20.280 1.88919
0.000 30.815 20.291 1.44738
0.015 31.802 20.966 1.34174
0.165 29.871 18.938 1.86579
18.635 26.314 20.559 1.89267
0.000 28.628 22.337 0.90734
4.845 28.988 19.578 2.25074
3.520 26.845 17.352 2.38898
0.010 27.686 17.918 2.20278
0.000 26.297 16.663 2.30808
0.000 27.406 16.019 2.12142
0.000 27.219 15.666 1.95854
0.000 27.215 13.974 1.85078
0.000 26.987 15.512 1.92051
0.000 27.578 16.960 1.97168
1.355 28.953 18.165 2.11157
2.605 28.605 20.134 1.89860
0.055 28.436 20.929 1.67561
0.000 29.953 20.863 1.52549
0.000 30.724 19.513 1.73243
0.000 29.806 18.754 1.88555
0.055 29.637 19.474 1.82627
3.540 28.072 19.927 1.64932
0.200 28.222 20.853 1.96504
0.000 28.889 18.404 2.50415
0.000 28.375 17.102 2.32649
0.000 27.938 16.609 2.21716
0.575 26.661 17.728 2.38161
0.005 25.138 17.279 2.23636
0.000 26.550 15.851 1.99277
0.000 28.480 16.983 1.85141
0.000 26.241 13.906 1.85834
0.000 25.349 11.166 1.94067
0.000 25.753 10.476 1.75913
0.000 26.285 11.895 1.47188
0.000 26.701 12.480 1.28525
0.000 27.989 14.358 0.86110
0.000 28.999 16.009 1.43305
0.000 29.287 16.709 1.84133
0.000 29.395 17.605 2.04394
0.000 29.671 18.728 2.40109
0.000 30.695 18.178 2.32964
0.000 30.494 17.934 2.23959
0.000 30.735 17.488 1.61483
0.000 32.098 18.149 1.07636
0.000 32.787 19.016 1.13053
0.000 32.878 18.992 0.96479
0.000 33.672 19.826 1.03572
0.000 33.501 20.410 1.34495
0.000 33.434 20.119 1.33458
0.000 33.143 20.397 1.41934
0.000 34.184 20.921 1.54338
0.000 34.842 21.858 1.55267
0.000 34.418 20.513 1.70267
0.010 33.950 19.847 1.69208
0.000 34.711 20.286 0.73664
0.000 35.104 20.572 0.70733
0.000 35.536 20.184 0.87767
0.000 35.373 20.467 1.21684
0.000 32.908 17.937 1.99818
0.000 33.238 18.841 1.61365
0.000 33.104 18.045 1.57381
0.000 32.327 16.640 1.48585
0.000 31.329 17.930 1.87465
0.000 31.131 17.416 2.61760
0.000 30.003 16.254 2.85081
0.000 27.494 14.941 3.45210
0.000 24.272 13.115 3.30206
0.000 25.264 12.587 2.62401
0.000 28.540 13.435 2.12623
0.500 30.756 15.423 1.55219
0.000 28.792 15.475 1.65303
0.000 31.811 15.180 1.10404
0.000 32.111 15.981 1.19908
0.000 32.988 17.179 0.99875
0.000 33.737 17.393 0.85527
0.000 34.794 18.289 0.87770
0.000 35.173 19.512 1.08228
0.000 35.889 16.776 0.92473
0.000 35.749 17.813 1.88859
0.000 33.451 17.894 2.20385
0.000 31.767 16.322 3.10604
0.005 26.577 15.923 3.33024
0.000 29.556 14.111 2.84661
0.000 32.072 15.188 1.82808
0.000 34.239 16.803 1.08847
0.000 34.497 16.785 1.10008
0.000 35.340 16.352 1.53969
0.000 34.114 16.851 2.30749
0.000 33.170 17.470 2.94941
0.000 26.201 15.999 3.06676
0.000 30.539 17.077 2.36916
0.000 33.215 17.618 2.17649
0.000 32.349 17.501 2.10853
0.000 35.863 18.434 0.96794
0.000 35.750 21.696 1.12672
0.000 35.882 18.077 1.96993
0.000 33.756 17.076 2.65805
0.000 34.996 17.340 1.90429
0.000 27.962 15.923 2.54246
0.000 24.735 15.771 2.20234
0.000 30.182 16.586 1.69957
0.000 32.238 16.244 2.01413
0.000 32.292 14.553 2.60877
0.000 32.582 14.748 2.33264
0.000 30.594 14.003 3.05804
0.000 29.226 14.376 2.86840
0.000 30.630 15.723 2.15623
0.000 32.339 15.874 2.85357
0.000 26.932 13.213 3.54535
0.000 25.238 13.613 2.94450
0.000 28.320 13.160 3.36084
0.000 28.596 14.357 2.75657
0.000 31.693 16.003 2.10236
0.010 30.096 17.472 2.29528
0.000 32.717 16.595 3.15228
0.000 31.078 15.007 3.32319
0.000 29.546 13.889 2.90623
0.000 31.252 15.340 2.31994
0.000 31.797 16.839 2.40080
0.000 30.277 18.683 1.95794
0.000 34.590 19.748 1.64221
0.000 36.628 21.907 1.35759
0.000 36.355 18.093 3.05097
0.000 28.501 15.107 3.85397
0.000 31.594 16.392 3.17554
0.000 28.918 13.641 3.02257
0.000 32.165 14.283 2.50052
0.000 32.000 13.335 2.90691
0.000 31.337 14.878 2.84034
0.005 32.316 16.282 2.54106
0.000 34.274 17.668 2.31751
0.000 34.854 19.680 1.96221
0.015 33.890 20.130 2.68539
0.000 33.582 19.319 2.58848
0.000 35.322 18.842 2.29901
0.000 36.790 19.217 2.04822
0.000 36.837 19.268 2.21252
0.000 37.261 20.734 1.38184
0.000 38.723 21.173 1.45997
0.000 38.469 21.343 1.59050
0.000 39.392 21.802 1.17738
0.000 39.758 23.250 0.91424
0.000 39.773 25.255 1.20255
0.000 39.034 24.979 1.29800
0.000 38.996 25.533 1.36970
0.000 37.700 25.964 0.91323
0.005 33.367 23.368 1.45734
0.000 37.889 22.962 1.07221
2.570 35.080 20.922 2.18188
0.000 36.279 21.847 1.69965
0.000 37.891 23.658 1.09579
0.000 37.895 23.999 1.32917
0.000 36.044 23.385 1.87384
0.000 37.537 25.255 1.30711
0.115 35.822 25.530 1.29958
16.330 34.698 25.153 1.09128
26.540 30.594 22.958 0.93005
0.865 36.314 24.250 0.73020
0.830 32.107 22.522 0.90467
0.000 35.262 23.517 0.73277
12.330 36.366 24.904 0.89195
0.260 37.287 24.461 0.75230
10.590 36.179 23.867 1.13273
0.015 33.862 23.772 1.01680
0.000 37.821 25.060 1.40784
0.000 38.139 25.287 1.33016
0.000 39.081 26.988 1.55822
0.000 37.498 27.725 1.37777
0.000 36.709 26.614 1.26511
0.140 34.149 24.771 1.05343
0.230 37.353 24.145 1.06852
0.010 39.710 24.635 1.00271
0.000 40.958 23.824 1.69612
0.000 39.626 22.831 2.24395
0.000 40.360 25.833 1.28896
0.000 38.988 26.798 1.78363
0.000 39.606 28.562 1.30511
6.740 33.229 25.290 1.39158
14.695 39.695 26.084 1.43655
0.000 38.369 23.513 2.74738
0.000 36.956 23.282 2.95287
0.000 36.576 23.756 2.50054
0.000 36.838 24.504 1.61019
0.000 39.723 26.486 0.98732
10.480 31.402 22.959 1.75287
1.330 26.517 23.728 1.19051
9.810 35.469 25.208 1.15983
9.375 35.008 24.573 1.43272
12.045 33.410 24.057 1.66570
0.000 35.971 24.671 1.47349
0.860 31.866 24.279 1.40911
0.365 33.755 24.464 1.39133
32.770 32.862 24.381 0.85486
8.755 33.604 23.895 1.41557
2.405 34.514 24.287 1.24981
6.770 36.115 25.137 1.36584
35.715 29.962 20.924 1.67468
0.920 33.426 22.104 1.41193
0.000 34.241 22.247 1.66040
0.000 33.467 21.477 1.60161
0.000 35.040 21.965 1.58848
0.000 32.846 22.013 1.38789
0.000 35.187 23.700 1.03008
2.255 34.220 24.384 1.80857
21.560 31.834 24.472 2.09577
33.860 30.510 24.024 1.88863
24.565 30.098 23.668 1.36891
23.595 30.637 23.340 1.56819
8.740 30.515 24.204 1.24343
11.040 29.760 23.818 1.31682
1.645 30.047 23.186 1.23807
0.000 32.668 23.988 1.31508
0.000 31.333 24.288 1.18608
0.010 31.373 24.363 1.56305
21.620 30.684 24.030 1.69431
23.050 30.752 24.088 1.49230
1.695 30.396 23.523 1.16557
0.980 30.891 23.819 1.19750
1.895 31.026 24.042 1.25602
28.895 29.640 23.710 1.18720
0.195 30.965 23.414 1.02143
48.360 30.956 23.003 1.21509
1.310 32.036 23.668 1.29686
9.310 29.721 23.448 1.26418
1.820 32.263 24.659 0.81624
17.150 29.430 23.795 0.62675
0.000 32.637 23.935 0.56593
2.270 32.826 24.062 0.93215
20.585 30.283 23.996 0.95884
4.460 30.340 23.553 1.41575
16.715 29.158 23.340 2.01832
9.275 30.505 23.759 2.34925
1.975 29.745 23.491 2.01963
36.830 28.842 23.804 1.64293
7.805 28.782 23.487 1.60761
6.085 28.206 22.732 1.46442
1.230 29.393 22.611 1.22907
0.000 31.352 23.150 1.07837
0.010 32.068 24.103 1.29521
0.000 29.528 23.692 0.98572
0.000 32.263 24.534 1.66147
0.000 31.632 24.136 1.69350
0.000 30.077 23.949 1.47336
0.335 29.055 23.842 1.31545
0.205 30.513 23.970 1.52922
1.030 29.591 24.296 1.42793
3.400 29.346 22.989 1.16808
7.385 31.363 23.513 1.21501
0.120 28.911 23.159 1.05834
8.400 29.322 23.016 1.38714
0.000 31.773 22.993 1.45412
0.000 31.593 23.326 1.17342
0.000 30.445 23.844 1.31800
1.345 29.892 23.684 1.46112
74.295 28.124 23.715 1.47123
2.970 28.970 23.398 1.47368
1.235 29.767 23.321 1.63422
0.260 30.106 23.304 1.60147
1.170 29.528 23.778 1.31869
2.240 30.791 23.815 1.31769
10.645 30.694 24.318 1.31407
0.175 31.644 24.511 1.40090
0.015 31.167 24.294 1.54862
4.670 30.317 23.696 1.48063
3.845 30.510 23.900 1.55146
0.675 31.668 23.699 1.29052
1.650 30.032 23.183 1.12616
0.000 29.928 22.950 0.95109
0.000 31.832 23.641 1.03839
4.755 30.344 23.351 1.37285
0.665 31.057 23.613 1.19214
1.605 30.912 23.176 1.13038
0.000 31.970 23.179 1.05288
44.615 32.433 23.710 1.19693
13.580 30.293 23.579 1.35885
5.220 28.708 23.459 1.65842
0.550 28.815 23.201 1.57573
6.105 29.832 23.453 1.83571
3.300 30.582 23.466 1.48842
7.770 29.526 23.371 0.95110
6.775 31.158 23.271 1.22912
22.430 32.082 23.583 1.14213
18.355 29.072 22.862 1.30969
14.240 29.728 23.406 1.34912
1.645 29.284 22.637 2.15486
4.610 27.659 22.613 2.68947
0.000 28.013 22.922 2.39696
4.150 30.605 23.021 1.81785
68.660 28.933 23.394 1.49154
80.420 28.871 22.847 1.68663
0.000 29.681 22.996 1.18535
0.625 30.350 22.774 1.11032
0.970 30.612 23.525 1.19069
0.200 30.735 23.344 1.43203
0.000 30.813 23.557 1.48792
2.130 31.455 24.180 1.08507
6.550 29.989 23.480 0.65954
0.000 28.697 22.967 0.99823
0.000 30.088 22.919 1.06831
1.180 30.983 23.757 1.30837
5.710 30.145 23.784 1.39944
1.910 28.961 23.294 0.90306
21.105 29.202 22.984 0.85425
0.000 31.403 23.836 0.63800
9.785 33.110 23.304 0.58460
35.335 31.179 23.958 0.84193
3.925 29.032 23.174 1.09083
0.000 30.008 23.260 1.06806
18.425 30.155 23.309 0.88791
0.000 32.251 24.054 0.78620
8.270 31.383 23.729 0.70930
0.490 30.849 23.934 0.53194
0.400 33.275 23.870 0.55947
0.035 31.489 23.765 0.67518
3.580 29.228 23.406 0.66055
2.040 32.328 23.643 0.66478
2.300 31.759 23.191 0.81274
1.725 33.510 22.953 0.91124
5.060 34.439 23.195 0.87751
3.845 31.620 23.645 1.46261
12.170 30.067 24.017 1.26718
9.810 29.023 22.887 1.39713
82.390 29.817 23.123 1.71986
8.960 29.863 23.616 1.52359
24.500 29.391 22.717 1.00630
13.500 29.206 22.318 0.53078
2.740 28.576 22.936 1.09131
2.665 29.885 22.859 1.20486
27.405 29.219 22.947 1.29730
3.505 29.627 23.479 1.22925
24.880 26.949 22.807 1.44704
21.880 29.788 23.069 1.05824
0.000 31.796 23.852 1.24029
2.035 29.540 24.410 1.71024
8.275 29.499 23.601 1.48431
18.985 29.626 23.442 0.91544
12.630 29.743 23.255 0.57952
19.240 32.438 22.919 0.82219
13.280 31.085 22.925 0.87778
11.980 26.818 21.907 0.99557
11.075 29.971 23.146 0.62690
2.090 31.331 22.887 0.82141
0.580 30.898 22.848 0.68470
0.005 29.925 22.870 0.69909
0.540 28.699 23.076 0.57420
3.530 31.520 22.305 0.56675
0.000 31.822 22.486 0.81080
0.000 32.826 22.228 0.76607
0.000 32.872 22.597 0.92631
0.000 32.225 22.057 1.42554
1.750 30.317 21.975 1.53335
2.405 30.369 22.113 1.55021
0.320 29.919 21.416 1.63735
0.000 31.913 20.311 1.29153
0.000 32.658 21.600 1.10745
12.535 30.903 22.614 1.90621
3.635 27.681 22.414 1.68208
0.000 31.212 22.740 1.27952
0.395 30.624 22.823 1.09204
26.415 31.896 22.815 1.18287
1.660 31.878 22.921 1.02632
1.255 33.651 23.279 0.72460
16.865 30.471 23.110 0.91389
1.380 32.033 23.143 1.32196
1.365 30.179 22.409 1.12478
4.440 32.398 22.677 1.06196
3.555 31.545 22.219 1.72802
13.705 30.289 21.572 1.42315
1.635 30.885 22.644 1.29494
0.520 28.462 23.292 0.77571
8.565 30.677 23.218 1.06912
17.060 32.203 23.832 0.86882
16.970 31.867 22.707 0.76405
11.055 30.949 23.165 1.20108
10.450 28.629 22.776 0.75623
0.185 32.003 21.766 0.82831
0.000 33.121 22.272 0.80506
0.000 32.555 23.003 1.19126
0.070 30.371 20.228 2.27579
0.000 28.326 17.775 2.20883
0.000 28.549 15.943 2.44933
0.000 27.718 14.193 2.03384
0.000 28.249 14.172 1.75288
0.000 28.693 15.556 1.89712
0.285 30.053 17.563 1.85764
0.000 29.708 20.459 1.27705
0.055 32.504 19.578 1.34405
3.980 32.192 20.698 1.96514
0.140 28.659 21.270 2.47499
0.000 28.263 18.895 3.20330
0.495 27.154 18.052 2.41949
0.640 31.270 18.848 1.86311
0.000 32.839 20.745 1.75237
0.000 32.784 21.621 2.09032
0.000 30.675 20.264 2.70346
0.000 29.956 19.835 2.57494
0.005 30.479 19.967 2.80669
0.000 27.888 16.961 2.95290
0.000 28.073 15.877 2.53388
0.000 28.335 14.609 2.61025
0.000 27.704 13.835 2.37073
0.000 28.878 13.921 2.12887
0.000 29.792 15.088 1.45573
0.000 31.753 16.631 0.98025
0.000 33.012 18.351 1.91317
0.000 29.498 17.590 3.04339
0.000 27.054 16.298 2.88713
0.000 30.120 16.522 2.11293
0.000 28.857 14.435 2.65473
0.000 28.463 15.439 1.69359
0.000 30.058 16.183 1.11565
0.000 30.360 16.039 1.77812
0.000 31.727 17.008 1.05284
0.000 32.656 17.799 1.60440
0.000 31.258 17.833 2.59135
0.000 29.800 16.840 2.19662
0.000 30.338 17.575 2.05278
0.000 29.664 14.531 2.19994
0.000 28.795 15.479 2.21548
0.000 30.003 16.976 1.71406
0.000 31.558 17.652 1.35243
0.000 32.533 18.308 1.33232
0.000 32.251 18.812 2.69133
0.000 30.364 16.557 2.79923
2.295 30.709 17.375 2.31609
0.000 30.551 17.979 2.64035
1.140 27.407 17.722 2.27648
0.825 26.907 17.925 1.80420
0.000 29.874 18.976 1.71190
0.000 32.203 20.378 2.16453
0.000 29.752 18.465 2.70105
0.000 28.071 17.407 3.42952
0.000 26.133 16.494 3.23634
0.000 25.882 15.863 2.93901
0.015 28.103 15.858 2.07044
0.000 31.682 16.999 1.84842
0.000 32.166 18.009 1.31346
0.000 32.647 18.903 2.00777
0.000 32.008 17.825 2.51027
0.000 29.791 15.503 3.08178
0.000 24.058 13.205 3.57757
0.000 23.620 9.681 2.74952
0.000 26.146 10.853 2.14600
0.000 27.313 12.741 2.90203
0.000 25.873 10.996 2.73267
0.000 25.988 11.706 2.63657
0.000 26.643 12.254 2.56799
0.000 28.733 13.368 1.81663
0.000 30.965 15.027 1.27871
0.000 32.015 15.017 1.05651
0.000 31.942 15.341 0.87670
0.000 33.124 15.921 1.04278
0.000 33.883 16.272 1.60585
0.000 33.195 15.788 1.15808
0.000 35.194 18.084 1.88424
0.000 30.368 15.051 3.39573
0.000 30.910 15.663 1.73282
0.000 33.255 15.744 2.25446
0.000 30.594 13.910 2.42549
0.000 32.876 14.929 1.31198
0.000 33.852 16.639 2.12700
0.000 32.633 15.007 2.16619
0.065 32.216 15.942 1.43836
0.000 33.760 16.489 1.80944
0.015 33.520 16.704 1.91006
0.000 33.911 17.246 1.39567
0.000 34.412 17.015 1.66571
0.000 33.853 16.147 2.20224
0.000 33.107 16.028 2.43985
0.000 33.666 16.236 1.89508
0.000 33.734 15.960 1.96793
0.000 33.602 17.415 2.37826
0.000 34.729 19.284 1.92841
0.060 34.473 21.552 0.68904
0.000 33.694 22.129 1.55097
0.000 36.702 20.651 1.40917
0.000 37.489 21.261 1.14657
0.000 38.111 22.119 0.88010
0.065 37.326 24.896 1.07819
0.000 35.790 20.747 1.43251
0.000 37.399 21.940 1.52646
0.000 38.371 23.920 0.91844
4.560 38.647 23.635 1.70722
0.000 36.742 24.216 0.87577
0.000 38.461 25.361 1.18958
0.000 39.271 27.509 1.32857
0.000 36.549 25.906 1.38730
0.000 37.611 25.425 0.97501
0.000 39.455 25.547 0.81920
0.640 39.332 26.576 1.32915
0.085 37.344 25.124 1.31962
5.500 36.367 24.331 1.50023
0.000 35.189 23.387 1.95227
0.000 36.233 23.809 1.09564
0.005 37.485 25.607 1.61251
0.000 37.941 25.694 1.56596
0.000 39.439 20.476 1.56426
0.000 37.057 21.232 1.81282
0.000 36.685 23.130 1.45963
0.000 37.480 22.310 1.88447
0.000 38.271 24.318 1.23042
0.000 39.036 27.336 1.39572
0.000 39.853 27.554 1.14112
6.520 38.894 17.693 3.08933
0.190 23.899 15.583 3.19442
0.000 33.730 16.805 1.91659
0.000 36.536 19.923 1.22945
0.000 38.088 22.503 0.83159
6.885 33.139 24.725 1.19822
0.000 35.973 25.195 0.78310
0.015 33.578 24.075 1.19666
0.000 38.227 25.189 1.12542
0.000 38.547 26.487 1.45444
0.030 38.721 26.664 1.35165
20.060 34.327 24.979 0.77626
2.555 31.398 23.209 0.66500
0.320 37.519 24.373 1.11212
0.000 33.778 24.505 0.89170
0.225 36.626 25.228 0.77744
1.605 36.763 25.619 0.99871
0.195 35.470 23.382 1.53766
17.010 34.029 23.197 1.60879
0.005 33.002 22.608 2.05745
2.355 33.485 22.545 1.65095
0.000 34.082 23.592 1.06386
0.280 38.232 24.701 0.74669
0.000 38.424 23.994 1.67546
0.000 36.165 21.140 2.33397
0.000 36.043 22.776 1.73231
0.000 37.132 24.040 1.19662
0.000 38.661 25.314 0.77721
25.955 37.401 26.179 0.98318
14.825 31.302 24.039 0.76195
0.000 36.457 25.625 0.74130
10.265 37.308 25.516 1.01827
6.750 33.540 25.308 0.85204
0.255 33.909 24.827 1.11780
0.035 36.981 26.238 2.25373
0.660 36.415 25.841 1.94100
1.950 38.632 25.912 2.00403
0.000 36.631 25.777 2.03010
8.765 39.281 23.653 1.46269
1.005 36.300 24.793 0.82289
0.000 38.081 25.616 1.44348
0.000 37.725 25.680 1.62049
1.295 39.078 27.299 1.54607
24.075 34.406 23.090 2.00497
0.000 33.291 22.878 2.11464
17.520 32.775 23.664 0.96865
4.425 33.983 23.767 0.72415
10.395 32.456 23.739 0.84337
2.175 30.135 23.158 1.18021
0.000 34.632 22.262 1.61561
0.000 34.851 20.880 1.98109
0.000 34.760 19.906 2.45960
0.665 35.110 20.716 2.20761
0.000 36.441 21.747 1.24645
0.000 37.396 23.906 0.72157
5.565 37.821 25.616 1.00776
0.000 35.896 24.692 1.24731
0.740 34.537 24.563 1.09596
8.015 33.732 24.589 1.03934
18.150 32.321 24.125 0.81324
23.285 32.512 23.664 1.08081
7.155 34.869 24.656 0.88107
1.165 32.368 22.788 1.28025
4.110 35.506 24.803 0.95388
1.685 33.585 25.225 0.99880
22.040 31.475 24.779 0.63774
0.965 32.658 25.256 0.64494
14.825 32.791 24.503 0.79369
17.040 30.502 23.522 1.18815
5.515 34.192 23.825 0.97154
51.205 32.575 24.416 1.20707
7.260 35.087 23.891 1.11498
0.000 36.632 24.941 0.91135
12.200 36.268 24.901 0.91965
0.000 32.890 24.623 1.54458
8.920 31.357 24.141 1.71562
0.915 34.071 24.504 1.54537
7.055 32.839 23.438 1.16958
7.905 31.154 23.269 0.88524
2.750 32.418 24.241 0.73692
13.970 31.055 24.281 1.45889
12.365 32.702 24.450 2.20530
0.210 33.471 23.315 2.49979
10.735 29.984 23.613 2.12082
0.000 30.902 24.160 2.18878
0.600 32.546 24.383 1.89533
0.240 33.094 25.081 1.99405
0.000 34.338 25.327 1.96984
4.400 32.384 24.849 1.62791
1.760 30.199 24.290 1.69647
2.270 31.799 23.563 1.76353
0.010 33.362 23.699 1.61251
0.000 34.548 25.074 1.74557
0.000 33.436 24.555 1.57149
30.270 30.927 24.434 1.37255
9.050 29.010 24.025 1.68958
0.000 28.635 23.351 1.48774
5.030 31.325 23.636 1.72897
1.295 31.140 24.256 1.72779
3.160 31.023 24.025 1.67828
3.640 31.121 24.373 1.71004
4.065 29.065 24.065 1.67766
0.000 30.136 23.434 1.19172
0.130 31.309 24.213 0.93450
1.470 30.421 23.916 1.34238
7.620 29.537 23.782 1.38309
51.340 29.287 23.647 1.16882
9.240 30.306 23.372 1.34843
0.660 29.581 23.487 1.32319
0.000 31.120 23.565 1.03743
4.150 30.954 23.110 0.96760
0.000 31.589 23.520 1.15819
3.820 30.618 23.535 1.57786
49.255 30.629 23.584 1.59320
24.650 28.483 22.618 1.44753
50.835 29.584 23.295 1.20958
2.970 28.761 22.237 0.69040
3.015 31.363 22.781 1.13195
0.110 32.885 23.198 1.07327
1.240 33.292 24.586 1.16288
45.455 33.688 24.851 1.15906
7.565 29.777 24.301 1.63467
38.090 29.218 23.640 1.46270
1.185 30.955 23.483 1.84345
11.205 29.170 23.719 1.58403
53.530 27.488 23.650 1.81628
2.125 29.015 23.774 1.86039
0.390 30.062 23.678 1.91674
0.000 30.447 23.856 1.90583
67.230 30.179 23.661 1.48471
7.695 29.180 23.949 1.27793
4.680 28.950 23.710 1.37677
0.000 30.051 23.326 1.70761
0.000 31.152 23.466 1.76808
0.055 31.028 23.918 1.82024
0.000 30.200 24.174 1.85965
0.000 31.054 24.172 1.71367
8.505 30.606 24.296 2.18101
25.220 27.550 23.164 1.70971
35.285 28.178 23.272 2.18274
2.545 26.205 22.957 2.16246
1.055 27.309 23.440 1.62499
5.780 28.540 24.004 1.51201
3.330 29.278 23.846 1.67487
6.195 29.668 24.078 1.57211
2.505 29.909 24.015 1.81958
6.885 31.505 24.301 2.05180
14.075 28.906 23.797 2.05132
33.460 27.026 23.333 1.82017
24.245 27.221 23.800 1.65880
4.230 28.829 24.082 1.51668
3.240 30.368 24.119 1.21989
8.450 30.089 24.126 0.99463
33.875 30.113 24.144 0.93393
0.355 28.821 23.985 0.84881
12.565 31.363 24.357 0.72216
16.520 32.050 23.580 0.53787
5.490 33.657 24.386 0.43491
1.685 31.644 23.505 0.72494
1.770 33.180 23.986 0.56766
9.270 31.250 23.893 0.85101
1.330 31.302 23.827 0.69187
11.385 33.914 24.229 0.64544
7.500 32.386 24.109 0.45746
1.460 32.544 23.466 0.59713
1.090 34.887 22.530 0.69680
0.000 35.046 23.643 0.64492
10.050 30.953 24.094 0.87501
3.370 31.324 24.030 0.61945
2.675 29.736 23.873 0.84437
6.435 30.852 23.636 0.61415
0.745 33.073 23.576 0.64819
0.955 33.289 23.442 0.71249
17.090 32.767 23.355 1.02765
19.720 29.900 23.642 0.95950
12.065 27.959 23.108 1.26830
2.915 30.569 23.605 0.86687
26.035 33.086 23.895 0.73937
7.790 33.104 24.083 0.88605
55.130 31.457 23.305 0.84139
1.315 33.459 21.460 0.75901
0.010 34.385 23.220 0.70937
0.025 32.167 23.673 0.85166
0.000 31.491 23.925 1.03219
6.650 32.016 24.395 0.84382
14.270 28.770 24.142 0.96896
0.915 28.571 23.679 1.42872
8.180 28.299 22.850 1.17112
0.085 31.127 23.056 0.56543
12.800 31.880 23.369 0.70911
0.000 31.835 23.676 0.79185
0.000 32.442 23.577 0.90019
20.005 32.631 24.427 0.76574
0.640 32.173 21.295 0.70687
12.620 29.545 22.197 0.99237
11.365 28.002 22.888 1.64438
13.360 29.452 22.275 1.24905
17.055 29.372 22.975 0.52322
1.085 32.266 23.267 0.74861
11.670 28.698 22.600 1.76114
99.130 25.447 22.000 3.32149
6.475 26.828 22.371 2.86020
0.000 31.127 23.120 1.24027
9.905 31.329 22.892 0.84832
0.000 28.473 22.784 0.76675
0.010 33.850 22.380 0.88248
0.000 32.309 20.767 1.22072
0.000 32.004 20.264 1.04404
0.000 33.322 20.238 0.73430
0.000 33.532 21.824 0.66256
3.970 31.691 23.085 0.85797
4.480 32.474 22.738 0.89582
3.795 32.331 21.810 0.99024
0.000 32.915 22.504 0.57514
6.380 33.814 22.618 0.54327
0.000 32.514 21.810 1.30778
0.000 30.034 21.750 1.00478
2.895 32.071 21.297 1.35777
6.040 31.572 21.563 1.31335
0.250 31.430 22.827 0.77018
6.260 28.230 23.080 0.62781
0.000 31.625 22.974 0.93867
0.000 28.549 22.549 1.03390
0.000 28.336 22.792 1.25799
0.000 29.776 21.807 1.58197
0.000 32.666 21.225 1.00732
0.000 33.539 22.836 0.86359
0.000 27.895 21.103 0.88106
0.000 32.307 17.819 1.25742
0.000 31.778 19.618 1.47654
0.000 32.333 18.045 1.44002
0.000 32.121 16.476 1.08485
0.000 32.012 18.422 1.48619
0.000 30.772 20.299 2.05841
7.380 29.194 21.429 3.88345
3.190 26.630 19.501 2.89868
0.000 29.868 19.013 2.31190
0.000 30.711 18.694 2.31862
0.000 32.693 19.705 1.70521
0.000 32.822 21.935 0.81363
0.000 34.884 22.565 0.56975
0.000 34.721 22.638 0.67041
0.000 33.557 22.639 0.85433
0.000 34.747 23.037 0.76952
0.000 35.834 23.413 0.58532
0.000 33.809 19.979 2.03422
0.000 33.561 20.798 1.17805
0.010 34.109 22.101 0.64728
1.080 34.341 20.465 1.92346
0.005 25.644 16.430 3.37609
0.000 27.439 16.507 2.81182
0.000 28.770 16.428 2.73858
0.000 28.304 16.164 3.28016
0.010 25.189 14.424 2.95664
0.000 27.617 14.525 2.52981
0.000 30.536 15.043 1.66219
0.000 31.865 15.928 1.25679
0.000 32.682 17.845 1.07313
0.000 33.297 19.122 0.77928
0.000 33.837 19.970 1.23625
0.000 33.964 19.191 1.56498
0.000 32.548 17.288 2.02820
0.000 31.719 16.979 2.19013
0.000 31.166 17.940 1.86149
0.000 31.825 17.963 1.75045
0.000 29.620 15.575 2.31346
0.000 30.481 15.920 1.66882
0.000 30.405 16.186 1.65510
0.000 31.710 17.003 0.71159
0.000 32.736 17.582 0.71560
0.000 33.625 18.785 0.77956
0.000 33.251 17.616 0.94663
0.000 33.591 18.346 0.98360
0.020 33.956 18.705 0.75297
0.000 34.204 19.922 1.36911
0.000 34.759 20.688 1.28232
0.000 35.480 21.665 0.82775
0.000 35.212 21.583 1.06136
0.000 34.305 19.959 2.12328
0.000 31.125 17.926 2.58267
0.000 30.400 18.236 2.49282
0.000 28.518 17.450 2.81126
0.000 27.543 15.626 2.55797
0.000 29.061 15.002 2.36093
0.000 30.955 15.948 1.40428
0.000 32.679 17.580 0.81129
0.000 33.824 18.028 0.90408
0.000 34.699 19.100 0.92361
0.000 35.398 20.343 0.82089
0.000 36.124 18.972 1.59725
0.000 30.489 19.079 1.49166
0.000 33.345 20.354 0.92136
0.000 35.063 21.507 0.78225
0.000 35.347 20.872 1.05587
0.000 35.671 20.507 0.78204
0.000 36.107 21.546 1.07442
0.000 35.348 20.436 1.37649
0.000 35.730 21.347 0.78488
0.000 35.319 21.131 0.93680
0.000 36.576 21.549 1.51615
1.270 34.029 21.074 1.55741
4.765 31.453 17.626 1.98205
0.000 33.085 17.564 0.86101
0.000 35.100 17.754 0.80377
0.000 35.441 18.036 1.64917
0.000 29.785 15.561 3.09772
0.000 29.855 15.551 2.75646
0.000 30.604 15.953 2.00197
0.000 30.926 16.903 1.75371
0.000 30.475 17.045 2.76774
0.000 29.139 15.590 2.56376
0.000 31.263 16.233 2.16849
13.155 31.724 17.099 1.80090
4.480 28.263 20.221 1.78396
0.000 34.860 21.759 0.96782
0.000 35.229 22.989 1.06159
0.230 31.721 18.921 2.01452
0.000 32.512 19.649 1.53999
0.000 34.113 18.864 2.50033
0.000 33.497 18.562 2.34583
0.000 35.188 19.578 1.07778
0.000 35.912 20.468 1.17042
0.000 36.227 20.717 1.08584
0.000 36.934 22.023 0.70385
0.000 37.277 23.046 0.78982
0.000 36.757 22.732 0.97183
0.000 37.742 23.867 0.99916
0.000 37.580 25.029 1.15809
0.000 36.843 23.701 1.09839
0.000 36.898 23.947 1.34000
0.000 36.340 24.202 1.35185
0.000 36.189 24.124 1.32871
0.000 33.386 22.971 1.03696
0.000 37.501 23.890 1.24107
0.000 38.375 23.637 1.38838
0.000 39.427 22.858 0.98009
0.000 39.492 20.745 2.00293
0.000 37.330 21.897 1.01480
0.000 37.303 23.372 0.94197
0.000 37.903 21.847 1.60560
0.000 34.827 18.506 2.65778
0.000 33.215 16.977 3.14835
0.000 33.411 16.955 3.14692
0.000 31.629 16.743 2.96791
0.000 31.345 17.829 1.41869
4.925 31.900 21.054 0.77337
0.000 33.899 21.290 1.27801
0.900 36.344 22.521 1.28906
0.000 37.429 24.241 2.18387
6.045 37.901 25.472 1.79038
0.910 38.619 22.824 1.42922
0.000 39.762 25.748 1.37356
0.000 35.097 24.481 1.27223
0.000 38.098 26.663 1.59261
0.000 39.763 26.937 1.57575
0.000 40.270 23.967 1.77173
0.000 39.948 23.905 1.72105
0.000 40.442 24.234 1.81291
0.000 39.989 24.045 1.54154
0.000 40.647 23.944 1.01378
0.000 40.344 24.244 1.48785
0.000 30.260 16.564 4.65245
0.000 27.431 15.336 3.79708
0.000 33.751 16.672 1.75931
0.000 37.967 20.112 0.83321
0.000 38.472 24.179 1.52175
0.000 39.629 24.472 1.55680
0.000 40.980 26.082 1.05534
0.000 38.935 21.041 3.13061
0.000 37.766 21.261 2.87514
0.000 37.011 19.152 2.79023
0.000 37.617 21.153 0.97491
0.000 39.385 23.527 0.83309
0.000 37.146 25.389 1.10733
0.000 37.273 25.445 1.52697
0.000 38.130 26.074 1.51122
0.000 39.609 27.224 1.25899
0.000 30.369 18.824 4.56055
0.450 29.577 17.728 3.14656
0.000 35.774 19.392 2.61483
0.000 36.122 21.383 2.80772
0.000 37.358 22.852 1.52621
0.000 38.242 24.854 0.76156
0.085 37.757 25.880 1.18472
0.000 38.119 26.714 1.01162
0.000 38.664 26.742 1.08753
0.000 36.949 26.873 0.82411
0.000 36.320 26.456 1.20165
0.000 38.092 27.795 0.99980
0.000 40.450 28.822 1.19180
0.715 36.817 25.844 1.56279
17.130 33.586 24.858 1.29460
11.030 31.550 24.585 1.24429
0.000 34.615 25.542 1.27759
0.000 39.527 25.067 1.69871
0.000 40.374 26.380 1.61304
0.000 41.651 28.457 1.27469
0.000 40.764 27.881 1.29003
13.080 36.572 22.908 2.16570
0.160 37.432 22.957 2.09734
5.405 34.157 24.822 0.91077
1.120 35.586 25.989 0.67307
8.380 36.965 26.738 1.33688
0.000 37.036 26.209 1.59741
0.000 37.763 26.506 1.47138
0.635 40.783 26.502 1.78335
0.115 35.588 20.801 3.34219
0.000 36.936 22.667 1.24109
0.070 37.084 25.675 0.71751
11.310 36.435 25.530 1.02051
11.965 34.011 24.077 1.06370
11.530 33.442 24.052 0.78523
1.645 36.558 25.569 0.61633
0.215 37.538 25.620 1.24742
0.135 38.319 26.220 0.80344
3.200 37.327 26.395 0.95532
1.245 38.359 27.488 1.22681
0.000 36.357 27.223 1.65281
0.000 36.841 27.299 1.54126
0.000 36.958 28.213 1.40773
1.065 37.761 27.736 1.02215
0.155 38.021 26.550 1.60268
42.925 34.049 25.464 1.57732
6.860 35.196 25.544 1.25232
0.000 34.158 25.780 0.63399
0.190 35.195 26.418 1.05663
3.735 35.275 26.040 1.04738
0.000 37.748 26.929 1.03963
17.375 35.219 26.172 1.29727
0.000 33.917 25.459 0.83089
3.585 38.435 27.027 0.90312
7.125 32.552 26.091 1.29745
0.785 35.918 25.537 1.27470
0.000 37.246 26.080 1.64129
4.350 36.599 25.719 1.59442
0.020 34.568 25.614 2.25022
13.900 32.266 24.678 1.84482
4.015 32.472 25.203 1.34036
10.750 31.812 24.720 1.80792
0.190 31.913 24.437 2.12103
0.000 32.642 24.260 1.89524
27.025 32.728 24.630 1.88248
2.220 33.903 24.707 1.40671
0.000 35.864 25.348 1.76432
0.200 36.752 26.159 1.58317
0.040 33.650 25.326 1.58557
27.840 30.089 24.628 1.48807
0.245 29.774 23.920 1.17464
0.715 32.572 23.828 0.84383
14.745 32.284 24.287 1.18785
1.855 33.425 24.030 1.53101
2.790 33.787 24.433 1.24633
0.285 33.138 25.176 1.31553
11.920 30.020 23.868 1.25236
3.235 33.855 23.970 1.26276
0.885 32.489 24.881 0.73605
20.350 31.176 24.638 0.99338
2.535 31.948 24.814 1.20323
0.445 32.717 25.014 1.24427
15.835 31.539 24.771 1.14333
2.030 32.286 25.656 0.94772
1.885 33.201 25.551 1.37101
1.035 31.383 24.916 1.03592
0.900 30.984 24.434 1.16461
1.560 34.111 25.195 0.94399
17.605 31.616 23.962 1.16602
0.095 33.860 24.567 1.51308
19.635 32.611 24.638 1.71062
0.000 32.287 24.794 1.54921
0.015 32.605 24.894 1.47216
3.360 31.357 24.923 1.53813
0.965 30.944 24.650 1.47822
0.000 32.056 24.416 1.46087
0.000 32.500 24.097 1.34895
0.085 33.528 25.099 1.22666
33.120 29.059 24.340 1.04360
8.550 28.959 22.791 1.31282
1.195 32.723 23.368 1.09447
0.000 33.367 23.447 1.08995
0.000 34.071 23.721 1.20320
0.000 32.821 23.708 1.29446
0.000 33.065 24.603 1.16961
0.000 33.154 24.608 1.14161
1.275 33.208 24.596 1.53171
0.000 32.821 24.549 1.30669
1.630 33.363 23.998 1.35317
0.230 32.316 24.585 1.20639
0.185 31.263 23.982 1.02692
0.015 33.386 25.116 0.75945
6.260 31.027 24.476 0.96583
27.700 28.799 23.798 1.43983
26.045 28.391 23.021 1.87740
0.920 30.346 23.146 1.15217
0.370 32.516 23.657 0.93127
0.005 34.067 24.402 0.90562
43.510 31.252 24.118 1.11437
26.330 29.863 24.027 1.42232
4.130 30.850 23.490 1.60887
0.000 31.733 23.925 1.34225
21.330 29.898 23.903 0.99525
15.260 31.272 23.743 1.14244
1.735 30.145 24.002 0.86234
0.000 30.543 24.294 1.64510
0.325 30.888 24.276 1.36846
0.860 30.375 23.992 1.31382
0.460 29.923 24.404 1.14660
25.505 27.820 23.600 1.44773
5.215 27.784 22.721 1.08891
0.650 30.200 23.596 1.20368
31.320 29.073 22.962 1.09859
10.475 29.257 22.996 1.03517
0.000 31.464 24.013 1.28870
1.780 29.301 23.938 1.12295
4.620 29.737 23.856 1.07426
17.960 30.082 24.037 1.37182
1.860 29.640 24.345 1.28846
4.855 28.344 23.583 0.84454
8.360 30.603 23.586 0.98768
10.440 29.067 23.330 0.93463
8.075 30.224 23.540 0.90244
3.915 30.051 23.320 0.69553
10.535 29.655 23.139 0.81310
4.205 30.236 23.349 0.61145
0.000 31.564 22.880 0.69851
7.535 33.827 22.623 1.05272
43.820 29.485 23.303 1.04832
1.200 29.230 23.242 0.95615
10.330 27.959 22.790 0.59807
70.625 28.217 23.560 1.16476
28.605 26.521 22.395 1.77601
0.030 29.978 23.318 1.61835
0.075 28.994 23.396 1.09899
76.955 27.611 23.336 1.46882
4.850 28.371 23.011 1.44316
3.560 27.968 22.810 1.44878
15.460 28.495 23.611 1.28750
7.465 27.969 23.602 1.16281
1.635 29.799 23.571 0.84018
20.040 30.568 24.068 0.92904
2.040 28.176 22.708 1.01440
0.475 30.030 23.376 1.59129
0.000 30.562 23.830 1.16250
0.175 29.689 24.500 0.78227
0.795 30.596 24.250 1.01574
0.760 30.851 23.912 1.07189
23.805 29.411 23.650 0.71592
34.660 28.683 23.340 0.86851
2.750 29.198 23.500 0.67786
16.250 31.262 23.128 0.73047
29.305 28.143 22.034 0.74220
3.200 31.137 23.318 0.45213
35.315 30.559 23.330 0.54921
6.225 31.512 22.928 0.53266
17.695 31.724 23.296 0.67690
1.260 28.241 22.967 0.76817
6.950 30.464 23.556 0.74041
9.845 29.408 23.906 0.96958
4.895 28.131 23.518 0.93966
2.505 29.548 23.406 0.86516
0.475 30.736 23.339 0.72705
0.700 32.392 24.288 0.40034
18.420 29.828 22.774 0.76802
2.895 31.785 23.655 0.59804
0.805 30.426 23.117 0.74631
0.000 30.070 22.964 0.78460
0.390 31.435 22.869 1.24144
0.000 30.077 23.139 1.15250
0.535 29.323 23.196 1.63156
6.085 30.141 24.057 1.59254
16.105 28.679 23.520 1.68310
42.385 26.935 20.371 1.44190
3.995 24.095 18.993 1.12204
0.000 27.955 20.029 0.50633
0.000 31.458 22.009 0.59349
0.000 32.085 22.084 0.75338
0.420 32.707 23.394 0.68042
11.940 29.731 23.807 0.75938
5.240 30.338 22.950 0.82800
19.135 29.515 23.559 0.77785
20.340 31.056 22.733 0.80654
5.625 30.468 22.732 1.20657
38.835 27.474 23.168 1.98997
9.345 26.818 23.058 1.31853
0.090 28.191 22.391 1.03353
4.940 30.877 22.440 0.77288
0.000 27.186 20.804 1.46602
0.020 29.338 18.630 1.39401
0.000 29.619 18.778 1.25244
0.000 30.503 19.918 0.93519
0.000 30.902 19.498 0.81339
0.000 32.750 21.136 0.63064
0.000 31.485 21.065 1.30881
0.000 30.335 20.747 1.79877
0.000 28.375 19.824 2.67694
0.000 26.877 17.341 2.49798
0.000 25.644 16.691 2.90664
0.000 24.047 15.078 2.68807
0.000 25.035 15.077 2.43770
0.000 27.386 16.372 2.36012
0.000 27.822 18.700 2.76443
0.000 26.160 17.267 2.66668
2.185 25.382 16.787 2.28189
5.520 24.126 17.332 1.90441
0.000 24.763 18.020 1.81573
0.000 28.531 18.466 1.89131
0.135 27.121 18.594 2.14283
0.035 26.527 18.361 2.32124
0.000 27.278 18.343 1.91849
0.005 25.825 17.859 1.74589
0.000 27.522 17.712 1.88499
0.000 29.049 18.753 1.75990
0.320 30.066 20.539 2.23504
0.005 27.573 21.442 1.73302
0.000 28.581 20.013 2.34087
0.000 29.128 20.185 2.00982
0.000 30.054 19.940 1.88773
0.000 29.346 17.096 2.01666
0.000 29.309 18.391 1.01725
0.000 31.492 19.921 0.75721
0.000 31.149 19.279 1.48531
0.000 30.546 19.148 1.29723
0.000 30.559 18.935 1.31669
0.000 29.958 17.857 1.97441
0.000 28.982 17.873 2.05361
0.000 29.760 18.878 1.76590
0.000 30.944 19.847 1.93311
0.000 30.937 19.747 2.14788
0.000 29.583 19.974 2.16500
0.000 29.951 18.941 2.27999
0.000 29.756 17.989 2.49634
0.000 29.106 17.623 2.37474
0.000 30.398 18.593 1.97445
0.000 31.739 19.697 1.74989
0.000 32.133 20.830 2.26982
0.000 29.771 17.407 3.18305
0.000 28.058 15.127 2.48764
0.000 29.509 15.936 1.13586
0.000 31.362 18.140 0.89324
0.000 32.737 19.185 0.81802
0.000 33.446 20.545 0.90231
0.000 34.460 22.250 0.66884
0.000 31.103 23.213 0.75352
0.000 34.699 17.238 1.53542
0.000 21.640 13.793 3.99606
0.000 22.928 13.105 2.35389
0.100 27.215 13.833 1.32723
0.000 31.712 16.629 1.54897
0.000 33.244 18.154 1.29643
0.000 33.015 19.137 1.55347
0.000 32.657 19.437 1.47672
0.000 32.867 19.246 1.00623
0.000 33.538 18.260 1.24305
0.000 32.498 16.118 2.55080
0.000 25.301 13.426 3.06106
0.000 28.788 13.735 1.89992
0.000 30.510 14.687 1.72570
0.000 31.556 15.818 1.51235
0.000 30.235 14.519 2.41624
0.000 29.567 14.265 1.98747
0.000 30.885 15.589 1.51062
0.000 32.496 17.479 1.28264
0.000 32.734 17.806 2.05767
0.000 31.581 16.934 2.66799
0.000 31.823 17.664 2.13391
0.000 30.676 15.638 3.52987
0.000 26.549 14.545 3.20485
0.000 29.122 15.337 2.33987
0.000 28.889 14.705 3.31143
0.000 27.421 14.595 2.71765
0.010 28.766 14.724 3.09975
0.005 25.325 13.615 2.71604
0.000 29.437 14.004 1.98072
0.000 30.361 15.207 1.85309
0.000 27.106 13.368 3.38151
0.000 25.459 11.898 2.78723
0.000 27.656 13.593 1.96719
0.000 30.125 15.255 1.71006
0.000 31.526 16.538 1.77182
0.000 32.682 15.947 2.41543
0.000 30.047 15.068 2.96213
0.000 30.761 16.106 2.20558
0.000 31.441 16.246 2.92368
0.000 29.177 14.966 3.13243
0.000 30.578 15.787 2.77732
0.000 31.149 16.869 2.97567
0.000 31.181 17.088 2.78612
0.000 30.662 15.421 3.59858
0.000 25.872 14.051 3.62199
0.000 27.770 14.418 3.35590
0.000 28.241 14.469 3.07280
0.000 29.718 14.218 2.97312
0.000 29.473 14.286 2.55800
0.000 31.783 14.353 1.97909
0.000 32.487 15.106 1.78381
0.000 32.407 14.423 1.72729
0.000 32.856 16.012 1.45431
0.000 34.027 17.668 0.96665
0.000 35.214 20.518 1.26422
0.000 36.458 21.033 1.10275
0.000 36.162 21.110 0.74199
0.000 36.684 21.533 1.42793
0.000 32.668 21.389 1.26172
0.000 29.045 17.070 2.10977
0.000 26.272 16.296 2.75453
0.000 32.976 17.472 1.56173
0.000 33.012 20.241 0.95412
0.000 36.552 21.243 1.40490
6.130 34.869 22.759 1.11529
0.000 35.657 20.437 1.95041
0.000 34.056 19.493 2.40915
0.000 35.232 20.209 1.95154
0.000 34.385 20.672 1.36631
0.000 36.252 21.303 1.28524
0.000 35.752 22.063 1.04915
0.000 36.548 21.550 1.37834
0.000 37.056 18.687 2.06288
0.000 36.613 18.420 1.81759
0.000 37.089 18.091 1.44206
0.000 38.173 19.762 2.42843
0.000 35.617 20.588 2.21734
0.000 35.311 20.301 2.74081
0.000 35.598 19.381 2.62703
0.000 37.049 20.721 1.41288
0.000 38.842 22.763 1.33856
0.000 38.469 18.822 2.88704
0.000 33.968 19.996 2.51959
0.000 33.601 20.054 2.81634
0.000 35.287 18.938 3.16080
0.000 36.192 19.919 2.47730
0.000 36.618 21.264 2.03849
0.000 35.756 21.802 1.07244
0.000 39.302 22.038 1.92232
0.000 35.616 16.936 3.80666
0.000 27.034 14.777 4.33595
6.480 28.578 15.229 3.46870
0.025 29.816 16.553 1.72543
0.000 34.820 18.880 1.22433
0.000 37.969 23.496 0.94729
0.025 38.440 25.782 1.20904
1.185 36.592 19.552 3.03933
0.005 29.505 18.135 3.47053
0.130 33.077 17.111 3.75788
0.000 30.991 16.316 4.06026
0.000 31.122 16.901 3.86469
0.000 26.380 16.020 3.97997
3.560 25.899 14.890 3.98316
0.155 24.994 15.216 3.78615
0.035 25.402 15.837 3.02921
0.000 32.356 17.086 2.38678
0.000 35.481 20.467 1.98846
0.000 38.007 21.743 1.97569
0.000 38.644 22.323 1.57734
0.000 38.673 22.106 1.65426
0.000 37.595 22.633 1.45280
0.000 37.028 24.479 1.10780
8.350 36.738 23.827 1.05251
0.000 36.166 21.765 1.87211
0.000 36.505 20.092 2.54859
0.000 36.804 19.533 2.12971
0.000 37.707 20.323 2.21681
0.000 38.011 21.654 1.71099
0.000 37.412 22.070 1.07445
0.000 38.341 24.088 0.84074
0.000 39.150 27.089 1.35343
0.000 40.245 26.385 1.39505
3.270 30.383 24.660 1.05673
22.540 30.563 20.681 1.50638
0.005 32.946 21.937 2.12826
0.000 33.658 22.306 1.31267
0.000 36.389 24.503 1.16511
9.575 33.656 24.598 1.12769
0.000 33.482 20.919 2.51762
0.015 36.406 22.525 2.02033
0.000 36.974 24.084 0.95734
0.080 36.348 25.704 1.13448
40.360 34.351 24.933 0.64901
3.970 32.851 24.127 0.59652
6.960 31.632 23.975 0.81390
0.065 34.102 24.617 0.93775
14.000 35.330 24.905 0.80776
0.000 37.608 25.581 0.98904
1.560 34.173 25.736 0.97562
7.010 31.650 24.923 0.94762
15.390 32.649 24.736 0.73658
0.070 33.348 25.115 1.02962
0.240 33.576 24.639 1.27680
0.000 36.016 24.591 1.71563
0.000 34.389 24.650 2.02613
0.560 35.823 25.579 2.21402
0.000 35.120 25.033 2.09162
33.405 35.413 24.947 1.55650
23.590 31.351 24.404 0.86551
11.220 32.746 23.870 1.16181
1.875 35.079 25.181 0.98311
6.730 29.506 23.621 1.08512
0.000 33.092 22.463 0.84415
12.495 32.418 23.927 0.92305
0.630 31.106 23.733 1.05564
0.000 32.673 23.960 1.52356
0.000 31.864 23.885 1.54868
0.070 33.610 24.330 1.55313
0.000 33.902 23.996 1.25456
13.360 33.385 22.703 1.03979
2.145 30.765 20.960 1.45669
1.210 34.220 21.528 1.23009
0.000 36.242 21.810 0.95477
0.000 36.687 22.373 0.76405
0.000 36.848 23.310 0.55746
0.000 34.853 24.149 0.99694
57.150 33.935 24.521 0.80350
12.610 33.802 24.675 1.13269
3.800 34.502 25.219 1.00275
35.045 29.944 24.630 0.99733
15.105 31.131 24.742 0.95995
9.435 30.001 24.492 0.84499
21.450 31.181 23.842 1.23112
0.000 31.892 23.747 1.38800
0.000 33.407 24.616 1.40102
6.590 31.724 24.267 1.33241
5.010 28.299 23.873 1.46796
0.010 31.156 24.184 1.37104
3.260 31.388 23.945 1.47509
1.650 30.734 23.994 1.44625
0.355 30.207 23.989 1.62064
0.000 31.290 23.637 1.67032
2.450 32.017 23.636 1.68225
7.025 32.489 24.209 1.79016
0.000 28.786 23.899 1.63882
0.605 31.144 23.922 1.82719
50.805 30.389 23.235 1.74763
3.955 30.604 23.614 1.73258
1.635 29.938 23.055 2.27730
1.505 29.012 23.277 1.95116
7.755 28.466 24.069 2.73226
3.690 31.337 23.925 2.78826
0.430 32.258 23.870 1.93900
2.540 31.094 24.054 1.79459
5.120 31.150 24.254 1.60994
24.155 29.268 23.974 1.72958
20.560 28.052 22.531 2.15628
1.100 26.807 22.204 1.57753
1.580 31.355 23.006 1.47795
0.000 31.870 22.525 1.22154
0.020 32.766 23.669 0.91583
5.955 33.046 23.835 1.27323
0.000 32.798 24.238 1.72236
2.980 33.483 24.807 1.77001
0.055 33.208 24.554 1.60541
1.755 28.728 23.987 1.37206
1.080 30.908 23.800 1.30391
0.195 31.150 23.915 1.08219
7.805 31.228 23.464 1.35082
8.490 28.952 23.703 1.33612
5.110 28.052 23.318 1.49693
29.255 28.845 23.125 1.88741
1.055 29.694 23.810 1.77106
0.025 30.830 23.705 1.80163
5.515 29.062 23.761 1.79997
5.610 28.134 23.566 1.95269
32.930 28.065 23.758 1.72209
19.360 29.111 23.180 1.78374
0.000 28.558 22.801 1.62192
13.780 30.193 23.857 1.23215
7.740 31.400 23.144 1.01395
7.890 32.987 23.787 0.65894
25.800 31.930 24.030 1.30475
41.440 32.682 24.407 1.08935
10.190 30.456 23.829 1.20450
56.780 29.448 23.689 2.25567
30.170 26.476 23.014 2.75415
4.750 27.147 22.640 2.10709
6.210 29.058 23.025 1.68363
6.755 28.293 22.806 1.73594
5.025 28.734 23.632 1.39864
0.610 29.571 23.436 1.51451
15.890 29.840 24.534 1.66940
38.400 27.260 24.381 1.74225
45.030 28.371 23.862 1.66132
62.785 27.309 23.491 1.82418
31.750 28.106 24.093 1.76972
6.415 26.890 23.518 2.16894
0.685 28.034 23.215 1.52723
0.000 30.607 23.159 1.08332
9.775 29.039 23.718 0.77313
74.785 33.936 23.960 0.70972
25.140 31.036 23.325 1.05053
31.766 28.844 22.847 1.05137
12.375 26.830 22.844 1.27265
10.605 28.692 23.320 1.31516
26.280 26.570 22.101 1.29959
0.595 29.411 22.683 0.92328
0.000 30.466 23.869 0.72833
0.000 30.376 23.544 0.84656
0.000 31.231 23.989 0.97565
28.365 30.353 24.735 0.74575
6.640 31.077 23.693 0.88095
3.565 33.335 23.640 0.80247
6.545 31.518 23.923 1.08291
12.485 31.328 23.847 1.00134
3.120 29.445 23.624 1.24342
7.895 29.606 23.647 1.67665
41.155 28.495 23.975 1.55547
6.100 29.012 23.366 1.31420
28.260 29.715 23.545 1.56756
13.735 29.762 23.555 1.31017
9.740 28.596 24.030 1.10908
12.450 27.179 23.465 1.06654
14.445 27.794 23.171 1.21399
8.040 27.632 23.602 1.42533
30.825 28.069 23.722 1.38630
19.285 29.415 23.372 0.69930
11.240 28.189 23.588 1.38834
19.615 29.180 23.067 1.28005
5.845 28.307 23.250 1.50688
12.355 28.140 23.904 1.14089
24.375 26.591 22.911 1.13106
25.965 28.373 23.264 1.35344
1.340 28.526 23.437 1.38391
19.870 29.632 23.792 1.30605
3.810 29.269 23.683 0.91653
73.275 30.550 24.105 0.49520
1.355 30.599 23.237 0.58254
3.260 28.783 22.923 0.75230
7.365 26.871 22.358 1.30527
1.320 26.633 21.989 1.02465
2.205 26.995 20.935 0.95629
2.265 26.604 21.587 0.82226
29.755 25.274 21.980 1.29374
32.605 25.803 22.242 1.94248
0.050 29.045 23.436 1.14477
4.365 28.088 23.556 1.50738
1.830 27.444 23.532 1.67269
55.730 27.846 22.689 1.01990
23.570 31.783 22.478 0.92614
0.075 28.688 20.048 1.73485
1.880 24.084 18.654 1.38278
4.240 22.598 17.978 1.00018
0.000 29.434 19.406 0.76033
0.000 29.418 21.744 1.07084
0.000 31.446 22.009 0.81915
3.695 29.689 21.612 1.46542
0.100 30.404 21.240 1.08790
0.000 29.305 22.352 0.87071
10.700 28.699 23.316 0.88448
26.405 27.230 22.820 1.20203
14.530 27.822 22.886 0.89252
10.405 27.280 23.008 1.40341
2.125 27.180 22.688 1.36427
0.000 27.112 21.040 1.71154
0.000 29.965 20.082 1.76964
0.000 29.536 20.236 1.61740
0.000 30.063 19.726 1.35641
0.000 30.873 20.095 1.18862
0.000 30.237 19.570 1.14590
0.000 31.397 21.005 0.97213
0.000 31.480 21.100 1.42306
0.000 30.699 20.263 1.74189
0.000 30.490 20.458 1.70758
0.000 30.670 21.217 1.67532
0.000 30.617 20.351 1.65258
0.000 29.486 19.436 1.79379
0.000 28.621 20.186 1.72516
0.000 29.247 19.911 1.54417
0.000 30.043 20.414 1.76330
0.000 29.575 18.366 1.75492
0.000 29.642 19.697 1.51297
0.000 30.442 21.116 1.47243
0.765 30.654 21.894 1.55293
1.950 30.115 21.956 1.64831
23.090 28.177 21.622 1.33499
0.000 27.883 19.646 1.29901
0.000 26.548 17.595 1.87665
0.000 27.415 15.818 1.57893
0.000 27.634 16.599 1.12393
0.000 28.563 18.011 1.06538
0.000 29.484 19.008 1.36647
0.000 28.958 18.256 1.55311
0.000 29.642 19.452 1.62107
0.000 29.720 19.351 1.55930
0.000 30.088 18.221 1.33641
0.000 30.259 19.530 1.00247
0.040 30.702 18.517 1.46813
0.000 29.435 19.831 1.81523
0.000 30.085 20.768 1.98396
0.000 30.213 20.746 2.11019
0.000 28.466 18.879 2.71189
0.030 27.558 18.481 2.19141
0.000 27.767 19.012 1.79154
0.000 29.784 19.350 1.47677
0.000 30.086 19.663 1.31865
0.000 30.570 19.644 0.78769
0.000 31.346 19.581 0.77234
0.000 30.821 18.817 1.33007
0.000 29.982 16.335 2.29864
0.000 25.583 13.933 2.36629
0.000 27.330 14.883 1.95225
0.010 27.868 15.808 1.72447
0.000 29.292 16.976 1.59546
0.010 26.259 19.964 1.63344
0.000 30.992 21.107 1.74733
0.000 28.945 17.119 3.22907
0.000 24.292 15.242 3.07473
0.000 23.441 13.702 3.58936
0.000 22.920 11.679 2.77246
0.005 25.074 12.807 2.48207
0.000 26.483 13.878 2.19230
0.000 27.248 16.425 2.00530
0.000 28.162 17.581 2.83136
0.000 25.418 16.577 3.17743
0.000 26.617 16.155 2.88743
0.000 27.405 15.864 2.78557
0.000 27.704 15.323 2.48279
0.000 28.338 16.177 2.22865
0.000 27.429 17.633 2.09657
0.000 29.691 17.929 2.74996
1.220 27.959 17.518 3.14114
0.000 22.015 14.547 3.55458
0.000 23.668 12.214 3.05768
0.000 26.511 13.133 2.39599
0.000 29.847 15.491 2.17691
0.000 31.424 17.099 1.99723
0.000 31.446 17.594 1.96337
0.000 30.758 16.591 2.56313
0.000 30.597 16.837 2.51127
0.000 31.105 17.573 2.19714
0.000 32.044 18.358 1.50948
0.000 32.743 19.039 1.55915
0.000 29.180 16.265 2.91849
0.000 29.932 16.120 2.13153
0.000 31.193 16.642 2.15234
0.000 30.055 16.482 2.56437
0.000 28.454 16.025 2.61349
0.000 29.069 16.688 2.75381
0.000 28.755 16.809 2.77353
0.000 29.272 17.380 2.99528
0.045 27.274 17.513 2.45053
0.000 28.687 17.981 1.88798
0.060 33.775 20.268 0.73892
0.000 31.784 20.538 1.15894
0.000 33.547 19.779 1.69722
0.000 32.634 20.509 0.76078
0.000 34.194 21.552 0.79455
0.000 34.070 22.285 0.89288
0.575 28.704 21.668 0.90840
37.720 32.884 22.116 1.02433
0.000 33.239 17.040 1.85368
0.000 29.221 15.706 2.54858
0.000 32.503 15.737 2.15994
0.000 28.990 14.624 2.87810
0.000 31.013 15.762 1.45284
0.000 33.152 17.818 1.27087
0.000 34.638 19.780 1.69811
0.000 32.676 19.347 2.38734
0.000 31.139 18.141 2.85606
0.000 28.035 17.330 2.58759
0.000 30.080 18.334 1.44499
9.265 33.829 20.190 1.55013
0.000 32.946 19.472 2.06806
0.000 34.283 20.070 1.23367
0.000 35.022 21.142 0.73856
0.000 36.921 20.700 1.19334
0.000 38.078 17.479 2.03471
0.000 34.110 17.189 2.48787
0.000 34.515 18.227 1.64503
0.000 35.921 19.245 1.86812
0.000 33.779 17.607 2.42927
0.000 34.924 17.707 1.58177
0.000 34.517 17.547 1.72860
0.000 35.811 17.461 1.43152
0.000 36.966 18.328 1.44041
0.000 36.575 18.033 2.97376
0.000 32.715 17.529 3.36315
0.000 29.663 16.208 3.30819
0.000 29.519 14.778 3.43291
0.000 32.820 15.564 2.11521
0.000 35.460 17.142 1.29999
0.000 37.909 20.813 0.91234
0.000 38.107 24.424 1.22131
0.000 39.061 24.978 0.92975
0.000 40.569 24.620 1.18258
0.000 36.667 19.798 2.09171
0.260 31.135 19.854 2.13013
0.000 30.421 20.401 1.12917
0.000 36.077 21.672 1.03623
0.000 36.469 23.414 1.21655
0.000 39.265 24.984 1.06784
0.000 36.646 24.970 1.40850
0.000 35.952 24.149 1.19496
0.000 37.654 26.086 1.24125
0.000 37.469 25.202 1.66948
0.000 36.505 25.533 1.01527
0.035 31.186 24.831 1.03021
4.610 29.138 20.825 1.42514
0.000 31.232 18.041 2.84611
0.000 34.202 18.442 2.80875
0.000 34.673 19.261 2.32057
0.000 35.335 19.538 2.31180
0.000 37.191 21.070 1.15138
0.000 37.221 23.848 1.07613
1.695 36.007 24.999 1.09504
2.315 36.265 24.635 1.15250
0.000 35.356 24.011 0.78807
29.250 35.966 24.546 0.91557
0.035 36.495 24.253 1.00153
0.000 38.692 25.301 1.02157
0.000 38.377 26.183 1.00773
0.025 38.187 19.679 2.44331
0.000 30.522 17.536 3.38809
0.000 34.145 18.032 2.93598
0.015 34.215 19.545 2.85749
0.000 35.034 20.881 2.51350
0.000 37.404 20.968 1.74704
0.000 37.804 21.756 1.47640
0.000 36.068 21.928 2.12860
1.140 33.887 18.946 3.75339
0.790 32.621 20.121 2.53468
0.000 37.671 22.105 0.90437
0.000 35.928 24.203 1.01879
1.600 32.595 23.358 1.21928
4.520 30.734 23.341 0.74138
2.760 34.867 24.425 0.64085
0.305 30.673 21.568 1.41753
0.000 32.736 21.616 1.13156
0.005 36.838 23.946 0.84417
3.910 34.938 24.331 0.76195
2.830 36.317 24.715 0.99907
0.160 35.869 25.109 1.54845
6.170 36.443 25.376 1.21224
20.970 34.953 24.511 1.22859
2.555 35.579 26.072 1.15650
1.525 35.682 25.322 1.13032
9.480 34.559 25.609 1.13472
0.000 32.987 25.087 1.07297
0.000 36.017 25.397 1.38945
0.000 37.487 25.770 1.42100
0.000 39.228 22.805 1.83815
0.000 37.814 25.293 1.36081
0.000 38.637 26.492 1.85328
0.000 39.396 27.338 1.85616
0.000 40.226 28.052 1.52919
3.100 38.567 26.700 0.95950
40.640 29.005 24.357 1.02816
0.000 32.183 24.886 1.20632
0.000 35.350 25.801 1.23927
0.000 32.735 25.275 1.32068
0.000 33.616 25.173 1.40530
0.000 37.789 26.364 1.51614
0.520 35.206 26.033 1.33002
21.185 36.323 25.213 1.16373
6.905 32.865 24.982 0.92882
18.085 35.919 24.767 1.08056
8.340 33.738 24.810 1.38606
1.785 33.401 24.743 1.39466
0.110 33.967 25.032 0.83472
0.030 36.234 26.138 0.87068
0.075 35.167 25.946 1.01399
31.720 32.686 24.578 1.28265
0.390 34.084 24.495 1.41037
7.820 33.300 24.663 1.24811
40.315 33.717 24.384 0.90167
5.215 36.514 24.742 0.97251
9.890 33.605 24.814 0.71765
8.345 32.261 24.906 1.30977
2.460 32.702 24.416 1.47582
0.000 33.953 24.841 1.36221
1.000 33.833 25.038 1.32746
14.135 31.384 24.842 1.15191
34.040 30.242 24.418 1.56346
32.735 28.983 24.141 1.46088
5.950 30.275 23.884 1.32259
0.680 31.474 24.105 1.27799
1.270 28.972 24.014 1.38567
1.135 31.092 24.329 1.49017
0.250 31.197 24.128 1.16528
14.325 30.200 24.054 0.88071
10.650 32.975 24.879 0.65108
7.480 30.242 24.232 1.06901
11.325 32.162 24.099 1.01213
8.350 30.780 24.099 1.15952
0.200 30.264 24.808 1.47341
0.225 31.114 24.476 1.25570
0.320 31.328 24.771 0.94040
7.710 31.683 24.653 1.37618
0.515 30.869 24.722 1.83936
0.000 30.906 24.374 1.88462
0.000 32.560 24.582 2.19729
0.000 31.337 24.294 1.71542
0.000 31.139 24.355 2.00689
3.245 28.369 23.624 1.90546
0.075 31.448 24.221 1.88470
7.365 30.735 23.489 2.11093
27.145 27.523 23.746 1.84041
32.000 27.593 22.941 2.37505
17.085 28.364 23.711 2.16753
4.435 28.425 23.562 2.00317
2.230 29.169 23.536 1.75820
1.910 31.862 23.984 1.75410
3.135 29.219 23.268 1.36628
40.655 29.230 23.252 1.36284
10.455 28.634 23.007 1.48035
0.170 29.651 23.457 1.73016
0.195 29.409 23.685 1.87155
0.375 28.264 22.976 1.69580
6.145 32.073 23.596 1.68974
2.950 31.505 24.283 1.64366
19.390 28.015 23.721 1.48635
48.650 27.756 22.965 1.13633
5.795 29.373 23.212 1.16882
16.390 29.683 23.248 1.21404
0.520 29.571 23.586 0.96672
6.400 29.493 24.084 1.25190
37.975 29.084 23.596 1.38185
16.430 30.179 23.866 1.28825
0.465 29.062 23.227 1.07866
1.320 30.425 23.348 1.13465
0.000 31.015 23.637 0.95945
9.400 30.163 24.151 1.11652
1.230 30.139 23.715 1.36560
0.000 30.315 23.645 1.42289
0.000 30.651 23.873 1.46165
0.080 30.570 23.568 1.15141
11.905 31.030 24.069 1.31786
0.940 29.891 23.621 1.26269
5.635 29.399 23.388 1.17861
0.005 30.526 22.898 1.37125
0.000 31.772 23.448 1.40857
0.000 31.228 24.164 1.77815
2.235 29.658 23.164 1.96749
4.595 27.433 23.222 1.74213
11.395 28.555 23.106 2.31654
8.550 30.250 22.807 2.46218
18.110 30.467 23.508 1.86821
1.510 31.864 24.001 1.78045
23.925 29.075 23.611 1.78501
8.590 28.174 22.704 1.71705
28.720 26.845 22.610 1.90007
4.680 28.137 22.435 2.11854
1.280 28.721 22.576 2.04077
7.685 28.083 22.860 1.83178
4.865 29.199 22.705 1.76898
0.780 27.727 22.895 1.72308
0.570 30.953 23.412 1.65295
14.000 31.646 23.284 2.15437
7.340 28.785 23.029 2.01640
9.440 31.128 22.854 2.27687
2.485 31.398 23.515 2.27714
0.575 30.667 22.755 2.08466
0.205 32.077 23.985 1.92395
1.535 33.029 24.508 1.73586
0.000 31.344 23.992 1.67702
0.770 31.674 23.573 1.47881
15.830 31.085 23.649 1.26357
4.340 31.414 23.691 1.46306
52.590 28.695 23.564 1.93779
4.905 30.929 23.575 1.85735
0.460 31.452 23.570 1.10158
7.850 31.348 23.873 1.22493
0.000 31.797 23.758 0.97796
16.025 31.545 24.231 0.78359
0.480 29.735 23.692 0.57430
3.000 32.322 22.904 0.71167
19.190 30.812 23.551 1.09094
2.915 29.786 23.737 1.29965
7.650 28.711 23.398 1.25532
31.545 30.897 23.734 1.34170
36.335 29.223 23.065 1.03406
4.005 30.231 23.735 1.15133
1.740 29.420 23.567 1.41341
11.150 27.437 22.175 1.07210
14.130 31.130 23.297 0.62791
14.405 29.341 23.392 1.26202
5.250 30.925 23.739 1.31153
11.265 29.658 23.801 1.47728
24.450 30.436 23.309 1.34375
8.250 30.966 23.793 1.26319
2.485 30.586 23.930 0.67000
19.380 31.906 23.174 0.65104
10.810 33.642 23.271 0.66885
17.090 30.850 23.782 0.92089
2.900 31.596 23.760 0.78062
33.520 31.684 23.527 0.60409
3.275 29.912 21.883 1.68000
2.095 31.599 21.650 1.29374
0.000 32.454 23.155 0.87351
2.735 32.051 22.846 1.10762
5.070 33.673 23.247 1.09628
1.365 33.124 23.958 0.85197
45.660 31.201 23.249 1.00979
3.210 32.236 23.519 1.02029
36.085 32.806 23.345 0.82183
2.640 35.011 23.763 1.00356
0.685 33.678 23.769 0.73392
1.725 33.802 23.198 1.08025
16.075 31.218 23.968 0.98856
0.755 33.459 22.580 1.19397
0.000 32.865 21.774 1.55067
0.000 32.672 21.343 1.57530
0.000 32.903 21.700 1.29988
0.000 32.395 22.540 1.02899
0.000 34.307 23.136 0.65088
0.000 34.034 22.749 0.69385
0.000 33.505 24.066 0.65166
0.260 34.581 21.321 0.96293
17.655 32.024 22.556 1.88673
14.005 30.493 22.606 2.07557
5.335 32.764 22.083 1.28783
0.000 33.852 21.400 1.46672
0.000 33.076 20.925 1.36795
0.000 34.001 21.000 1.07475
0.000 35.226 21.336 1.05111
0.000 35.331 21.934 0.89628
0.000 34.339 20.846 0.79953
0.000 34.184 21.555 0.63406
0.000 35.705 18.964 1.13993
0.000 34.796 19.629 1.49935
0.000 34.440 21.163 1.20026
0.000 35.185 22.093 1.04011
0.000 35.530 20.829 1.05969
0.000 35.562 21.420 1.22367
0.000 35.307 22.165 1.77205
0.000 35.231 22.693 1.68212
0.000 35.602 21.510 1.30421
0.000 36.073 21.254 1.28292
0.000 35.453 20.699 1.46102
0.000 34.798 22.514 1.47271
0.000 32.190 23.639 0.78909
0.000 33.997 24.335 0.59094
0.000 32.780 21.910 1.61067
0.000 32.263 20.804 2.61647
0.000 32.098 19.918 1.78527
0.000 34.223 21.003 1.34676
0.000 35.712 22.053 0.95940
0.000 36.285 21.732 1.39320
0.000 35.669 21.942 1.47460
0.000 35.641 22.939 1.29350
0.000 35.536 23.599 0.66763
2.385 35.184 24.765 0.75141
0.000 36.189 25.263 0.62995
0.000 35.727 23.977 0.61906
0.075 34.528 23.063 1.89837
0.000 33.385 22.499 2.01764
1.365 34.550 21.667 1.96126
0.090 35.283 21.498 1.63377
0.975 34.918 22.257 1.72938
0.810 33.784 22.648 1.60157
0.000 29.262 20.066 1.95869
0.000 33.797 21.066 1.42864
0.000 35.084 22.281 1.25795
0.000 36.193 23.323 0.63227
0.000 32.786 23.232 0.90634
0.000 35.473 24.159 0.70100
26.990 33.143 23.065 0.66110
3.050 28.470 23.162 0.79323
0.000 29.346 22.121 0.85806
10.145 35.224 20.893 1.52579
0.000 31.620 21.074 1.62380
0.120 30.664 21.694 0.94681
0.000 32.182 21.788 0.54951
0.000 35.309 23.062 0.72073
0.000 36.098 23.060 0.58734
0.000 36.154 22.120 1.35875
0.000 35.011 21.135 1.67766
0.000 34.442 21.745 1.13502
0.000 34.795 19.621 2.45283
0.000 32.188 20.068 1.72090
0.000 31.156 19.563 1.34306
0.000 33.707 19.737 1.56536
0.000 34.054 19.148 1.19291
0.000 34.282 19.424 1.01347
0.000 34.735 19.150 1.69510
0.000 33.834 19.767 1.61057
0.000 34.293 20.755 1.00759
0.000 35.408 21.994 1.07952
0.000 36.430 22.277 0.83652
0.000 36.715 22.582 0.81264
0.000 37.752 22.608 0.98087
0.000 36.601 19.930 2.65016
0.000 33.681 20.292 1.81926
0.000 35.779 21.338 1.01337
0.000 36.498 22.001 1.45402
0.000 35.407 19.929 2.93348
0.185 27.668 15.875 3.64545
0.000 28.087 15.307 2.48537
0.000 32.754 16.376 1.69984
0.000 33.219 20.251 1.81081
0.000 34.108 21.585 1.75497
0.000 33.864 20.800 1.49172
0.000 36.335 17.837 2.33457
0.000 25.707 14.326 3.87946
0.000 24.020 15.558 2.86476
0.000 27.773 15.900 1.91260
0.000 33.733 16.743 1.38840
0.000 34.064 17.654 2.74945
0.000 32.703 17.521 2.51235
0.000 33.209 18.183 2.37266
0.000 32.228 17.219 2.72523
0.000 32.907 17.991 2.19859
0.000 33.840 19.162 1.76529
0.000 32.498 16.760 2.93925
0.000 30.741 16.483 2.81879
0.000 31.934 17.673 2.66217
0.000 31.173 15.295 2.36700
0.000 31.711 15.983 1.84515
0.000 32.512 17.330 1.57640
0.000 33.056 16.872 1.78980
0.000 32.778 15.878 2.06797
0.000 31.366 16.524 2.90594
0.000 30.367 14.942 2.87947
0.000 31.305 16.101 1.70087
0.000 33.565 17.778 1.02474
0.000 35.410 18.939 1.27266
0.000 35.504 18.680 1.83477
0.000 34.902 18.610 1.84241
0.000 35.849 19.763 1.93962
0.000 34.954 20.676 1.72172
0.000 35.286 21.405 1.58051
0.000 33.024 19.863 2.65147
0.000 30.475 19.318 1.51855
0.000 34.150 19.102 1.85685
0.000 35.142 20.186 1.40621
0.000 35.210 20.504 1.29468
0.000 36.423 20.608 1.50389
0.355 35.677 20.884 2.13239
0.015 32.097 21.362 1.58329
0.000 37.119 21.854 1.12694
0.000 37.560 21.664 1.19664
0.000 38.426 22.422 0.92727
0.000 38.567 23.324 1.00478
0.000 39.279 23.936 1.82472
0.000 35.990 20.202 2.73260
0.000 36.179 19.762 2.33798
0.000 36.687 19.805 1.56670
0.000 35.894 17.909 2.77409
0.000 36.014 18.649 2.11946
0.000 36.944 19.964 1.48956
0.000 37.989 21.449 2.61890
0.000 37.171 21.424 2.18541
0.000 38.538 22.511 0.84686
0.000 38.100 22.278 1.02861
0.000 39.221 21.748 1.40841
0.000 37.449 19.930 2.51664
0.000 36.200 20.809 3.20497
0.000 34.455 18.528 3.92239
0.000 32.576 18.228 3.54932
0.000 35.040 19.507 2.70418
0.000 38.117 22.220 1.71345
0.000 38.972 24.343 1.07384
0.000 39.710 25.716 1.03157
0.000 39.486 25.542 1.51885
0.000 39.493 26.132 1.19857
10.260 40.669 22.548 2.25291
0.000 33.303 18.633 3.45846
0.000 30.437 17.710 3.34888
0.000 32.745 18.465 2.95136
0.000 35.507 19.702 2.14311
0.000 36.013 18.079 2.34812
0.000 36.028 18.239 1.60792
0.000 37.362 20.170 0.98116
0.000 37.375 24.916 0.91063
0.000 36.079 24.222 0.96777
27.785 36.070 25.689 0.77398
0.000 37.944 24.686 1.35498
0.000 37.928 24.276 1.67355
0.000 37.368 23.273 1.38440
0.000 38.924 24.902 0.74001
0.000 38.878 27.160 1.27853
0.335 37.730 27.123 1.71695
0.000 33.530 26.178 1.32053
2.760 38.668 27.190 1.36986
0.000 35.707 26.753 1.35893
8.100 33.879 24.683 1.38321
0.000 36.400 24.800 0.95050
0.000 39.493 25.640 1.28137
0.000 39.318 27.312 1.55277
0.230 38.037 26.220 1.50125
0.000 37.968 26.294 1.02964
0.000 39.171 27.463 1.54628
0.000 39.812 28.282 1.31025
0.000 39.317 27.818 1.32026
0.000 39.081 25.876 1.29185
8.215 39.016 26.719 1.14865
0.000 38.120 27.392 0.73547
0.000 40.082 28.105 1.69376
0.000 40.206 28.327 2.42080
0.000 41.080 29.279 2.22785
0.000 41.014 21.440 3.22520
0.005 36.401 22.521 1.78441
0.190 38.024 25.672 1.34911
0.000 40.166 26.719 1.06808
0.005 39.079 24.774 1.97760
0.110 39.592 24.266 3.00282
0.125 37.956 22.758 3.33128
0.000 39.145 24.523 2.17756
0.015 40.157 26.030 1.76919
0.050 35.961 26.241 1.99249
5.670 36.277 25.243 1.29671
9.405 31.371 24.013 1.34405
0.025 34.962 24.936 0.92145
0.000 38.681 26.650 1.46932
0.000 36.973 26.416 1.58434
4.100 34.220 25.677 1.01983
3.225 33.511 25.131 0.87662
5.655 33.368 23.855 1.16811
1.910 36.040 24.911 1.00239
36.940 35.849 25.235 1.25126
10.860 33.865 24.602 0.81196
0.665 36.240 25.406 1.21636
0.300 37.053 26.612 1.24518
0.000 34.302 25.974 1.37992
1.175 37.562 25.240 1.65429
1.325 35.585 24.994 1.28548
9.655 34.991 24.752 1.26219
81.784 36.144 25.379 0.96855
1.500 34.933 24.235 0.73594
0.000 34.422 24.684 0.85388
0.000 35.449 25.724 0.82590
19.810 31.442 24.231 1.12118
0.050 34.063 24.642 1.01236
6.810 37.410 25.532 1.17210
32.215 36.103 25.749 1.09147
28.060 32.793 24.674 1.07796
0.475 33.012 24.500 1.09517
0.005 34.182 25.141 1.12703
0.015 35.268 25.971 1.30094
0.020 36.069 26.049 1.66991
0.000 34.127 25.782 1.44820
65.910 32.259 25.437 1.25919
1.945 31.985 24.761 1.05609
0.535 30.990 24.549 1.26857
1.065 32.484 24.506 1.64261
8.010 32.357 24.852 1.58017
19.700 30.232 24.675 1.31105
2.955 31.664 24.554 1.22331
0.900 32.332 24.441 1.18551
0.000 30.894 24.093 1.49615
0.000 33.180 24.100 1.40685
0.000 33.645 24.841 1.39904
0.000 33.886 25.329 1.01589
5.215 32.903 25.020 0.70014
1.585 31.856 24.389 0.82132
0.000 32.112 24.641 0.67867
20.775 33.775 24.556 0.75420
1.820 30.808 24.023 0.58308
11.405 31.584 24.026 1.08566
2.635 30.471 23.688 0.96306
0.205 31.225 23.789 1.06971
0.000 31.151 23.376 1.09472
0.000 34.810 24.636 1.10808
0.000 33.642 25.297 1.48279
0.000 33.092 25.229 1.27257
23.345 32.519 22.510 1.42436
1.760 31.695 22.695 1.10667
0.635 29.758 22.914 1.13781
0.000 32.706 23.493 0.82283
0.000 35.298 21.877 0.77895
0.040 36.059 22.782 1.04300
0.250 34.376 23.866 0.97994
1.290 33.666 24.576 1.24411
0.005 33.592 24.711 1.63023
0.915 33.009 25.185 1.56563
14.560 31.208 24.475 1.78200
53.470 32.857 24.376 2.01503
41.955 28.138 23.840 2.55644
14.150 27.578 22.720 2.36320
3.480 30.661 23.547 1.97511
11.495 31.978 23.820 1.48086
8.255 29.935 23.361 1.42805
0.220 31.944 23.688 1.58646
0.000 32.513 23.608 1.66164
0.000 33.728 24.033 1.45035
0.000 33.510 24.575 1.27442
4.530 31.400 24.715 1.35566
0.250 30.717 23.790 1.50239
0.440 31.914 24.518 1.04334
0.170 32.291 24.318 0.75663
12.015 30.404 23.903 0.69993
0.000 30.920 23.918 0.96827
0.000 29.317 23.704 0.95353
8.330 30.198 23.350 1.45242
0.520 28.163 22.761 1.56925
6.785 30.329 22.004 1.57352
0.300 32.362 23.128 1.17788
0.000 32.179 23.375 1.44118
37.225 32.480 24.005 1.22964
3.320 30.929 24.259 1.10882
2.325 29.426 23.904 1.06273
0.000 29.400 23.212 0.91224
14.435 31.010 23.241 1.25636
1.915 31.614 23.686 1.11108
16.420 30.678 24.011 1.89246
43.950 27.670 23.307 1.78256
4.475 27.508 22.861 1.30030
14.985 30.330 23.589 0.97522
25.500 29.989 23.602 1.56373
33.190 27.957 23.054 2.72606
2.020 29.057 23.451 1.59479
42.800 28.463 23.970 1.66499
30.670 27.729 23.714 1.78565
29.105 28.039 22.190 1.95701
43.450 28.976 22.631 1.90712
2.485 29.752 23.518 1.23073
34.430 27.868 22.883 1.29716
9.405 30.341 23.761 1.41291
12.320 28.197 23.302 1.51263
9.670 27.730 22.979 1.74028
0.430 29.520 22.622 1.18723
0.000 31.580 24.045 0.84886
22.820 29.711 23.702 0.84930
7.910 28.262 23.489 1.26578
16.780 29.219 23.167 1.27760
8.610 29.625 23.338 0.82313
49.280 33.025 23.581 0.41309
0.800 32.827 22.563 0.85782
1.285 33.536 23.999 0.64176
1.915 32.694 22.723 0.94452
0.000 30.128 22.565 1.82822
0.830 31.082 23.961 1.81350
0.555 29.978 23.971 1.98166
0.125 30.276 23.931 1.95261
0.000 29.380 23.763 1.97285
0.000 29.451 23.795 2.02097
2.850 28.094 23.925 1.81880
8.440 28.638 23.307 1.88838
3.160 28.446 23.115 2.26910
0.130 28.668 23.399 1.87314
2.815 30.591 23.417 1.93711
17.750 30.259 23.262 1.55207
12.545 29.494 23.337 1.10110
0.000 29.857 23.335 0.97626
7.575 29.464 23.741 0.88783
1.635 28.724 23.671 1.41599
0.045 29.686 23.753 1.14035
2.035 29.282 23.600 0.74995
2.275 29.566 23.563 0.75641
0.470 30.104 23.695 0.58581
4.790 31.056 23.073 0.74679
4.735 29.387 23.348 0.92371
14.250 27.707 22.001 0.84252
14.985 33.147 23.051 0.48763
26.185 29.917 21.737 0.72256
14.710 31.407 22.856 0.82547
4.100 31.255 22.316 0.81080
0.190 29.740 23.039 1.23315
3.445 32.144 24.005 0.91876
4.285 30.671 23.548 0.74324
8.455 31.290 23.142 0.67416
58.260 28.718 23.279 1.21682
29.560 29.107 23.471 1.33356
45.970 28.694 23.964 1.58038
29.450 28.017 23.211 1.20423
165.305 26.719 23.760 2.61117
1.430 27.724 23.321 2.54786
0.270 28.297 23.535 1.41387
40.795 28.824 23.354 1.54715
44.635 27.640 23.339 1.32853
16.645 28.011 22.725 1.19090
0.000 29.361 23.691 1.24647
8.845 28.509 24.076 1.08945
9.400 28.913 21.600 0.97809
6.130 31.437 21.648 0.99038
2.335 31.221 20.708 1.00273
2.005 30.412 21.486 1.30187
9.645 26.013 21.793 1.40485
3.740 31.017 22.010 1.06866
14.330 29.922 22.708 1.64039
0.295 30.223 21.731 1.78016
0.000 30.200 21.221 1.54426
0.000 30.776 20.491 1.33660
0.000 31.091 20.054 1.55625
0.000 30.117 17.629 1.41316
0.000 29.789 18.184 1.16689
0.000 30.798 19.442 1.04488
0.000 31.063 20.317 1.13393
1.230 31.169 21.052 1.36779
0.000 31.826 20.984 1.22834
0.255 31.659 20.926 1.05723
6.910 30.766 22.381 1.66477
51.635 28.662 22.961 3.34673
15.335 27.722 22.547 1.74679
0.000 29.430 22.463 1.12206
0.000 29.969 20.828 1.35686
0.000 30.125 21.138 1.53430
0.000 30.039 20.429 1.86907
0.000 29.903 20.287 1.69227
0.000 30.184 20.550 1.74332
0.000 29.920 19.379 1.70903
0.000 29.268 18.189 1.54282
0.000 28.266 17.699 1.58715
0.000 28.020 17.486 1.44988
0.000 28.532 17.868 1.12888
0.000 30.408 19.250 0.76193
0.000 29.808 19.983 0.86692
0.000 32.387 20.860 0.82149
0.000 30.513 18.939 1.11436
0.000 29.848 18.333 1.31876
0.000 29.399 17.733 1.46078
0.000 29.410 17.099 1.69737
0.000 29.452 18.780 1.75667
0.000 30.219 20.493 1.97366
2.315 30.589 22.066 2.06272
11.060 28.322 21.258 1.74457
0.000 31.159 20.176 1.52455
0.000 29.484 20.640 1.58354
1.895 28.821 21.582 0.97366
0.000 32.717 23.070 0.54271
0.000 30.885 21.462 1.04292
0.000 29.861 19.299 1.74731
0.450 30.364 20.135 2.09566
9.685 26.698 20.047 2.43512
0.000 28.630 20.717 1.96241
0.635 28.586 19.482 2.10704
0.000 29.030 18.646 2.00130
0.045 28.663 18.307 2.09310
0.200 29.032 19.074 1.83541
0.000 29.462 19.495 1.60689
0.000 30.692 20.761 1.38077
0.000 31.296 21.866 0.79508
0.000 30.614 21.934 1.05773
0.000 29.803 19.908 1.92100
0.000 30.850 20.521 1.30901
0.000 31.606 20.830 1.54859
0.000 27.558 17.214 3.09558
0.000 25.855 15.516 2.63665
0.000 27.895 16.443 2.32061
0.000 26.917 14.378 2.57864
0.000 26.597 13.488 2.09050
0.000 27.738 14.607 1.75145
0.000 29.031 16.927 1.80790
0.000 29.084 16.148 1.60665
0.000 28.061 14.202 2.09841
0.000 27.753 14.020 1.67511
0.000 29.127 15.258 0.77174
0.000 30.009 15.516 1.48442
0.000 29.775 16.090 1.21378
0.000 29.869 16.679 1.50308
0.000 31.487 18.009 1.26867
0.000 31.743 19.096 1.66902
0.015 31.935 20.084 1.64323
54.965 25.022 15.424 1.80916
2.750 21.025 12.136 2.60420
0.000 21.213 11.353 2.13590
0.000 23.553 11.006 2.32305
0.000 23.185 10.380 2.16204
0.000 23.247 10.297 2.08713
0.000 23.525 11.358 2.22203
0.000 24.269 12.050 2.06331
0.000 25.408 12.624 1.82763
0.000 25.523 12.103 2.16474
0.000 24.602 11.164 2.02502
0.000 24.729 11.344 2.14200
0.000 23.268 10.297 2.29702
0.000 24.751 11.044 2.27304
0.000 24.436 11.649 2.12689
0.000 25.487 12.643 2.08196
0.000 24.691 11.727 2.00365
0.000 26.716 11.482 1.37742
0.000 30.172 13.267 0.85372
0.000 31.687 15.440 1.22625
0.000 29.329 14.263 1.98944
0.000 30.261 15.258 0.87631
0.000 32.185 16.620 0.66934
0.000 32.871 17.423 0.78655
0.000 33.402 16.800 1.92532
0.000 30.496 16.435 2.42924
0.000 30.545 16.654 1.97060
0.000 31.050 17.495 1.88082
0.000 30.091 15.589 2.63713
0.000 28.114 13.057 3.22682
0.000 25.039 9.805 2.68017
0.000 25.504 10.692 2.19655
0.000 27.381 12.400 1.47772
0.000 27.928 13.714 2.73316
0.000 24.926 12.818 2.81823
0.000 26.150 12.745 1.92746
0.000 27.326 12.480 2.80147
0.000 24.743 10.351 2.53590
0.000 24.108 8.909 2.48293
0.000 25.994 10.217 1.19287
0.000 28.492 12.043 0.89413
0.000 30.894 14.206 1.22119
0.000 30.426 14.653 1.56867
0.000 30.714 14.531 1.71729
0.000 31.674 15.280 1.46784
0.000 31.482 13.955 1.49218
0.000 29.981 13.053 1.82397
0.000 31.540 14.334 0.94063
0.000 33.086 15.898 0.69474
0.000 35.029 17.753 0.66544
0.000 35.434 18.664 0.80524
0.000 33.801 20.016 1.08458
0.000 31.344 20.726 1.01694
0.000 34.163 21.483 1.16136
0.000 34.227 21.744 1.11524
0.000 35.896 23.217 1.22713
0.000 35.914 20.960 1.43897
0.000 29.953 16.386 3.48024
0.000 26.625 15.681 2.60084
0.000 31.815 16.967 1.57058
0.000 32.357 14.807 3.11765
0.000 29.661 15.046 2.83744
0.000 32.085 16.136 1.41160
0.000 34.568 18.198 0.84364
0.000 35.966 20.885 1.08728
0.000 36.719 18.809 1.82784
0.000 20.701 13.745 4.00952
0.000 27.184 15.038 2.84119
0.000 30.592 16.053 1.31080
0.000 34.448 18.200 1.53181
0.000 34.826 17.761 1.41304
0.000 36.223 19.251 0.97535
0.000 36.275 20.105 0.97035
0.000 36.600 19.672 1.50128
0.000 36.555 21.149 0.91773
0.000 36.038 22.004 1.26341
0.000 37.438 22.641 1.13521
0.000 39.151 23.877 0.89873
0.000 38.788 25.112 1.39006
0.000 38.304 22.585 1.46880
0.000 37.926 23.424 1.19902
0.000 36.286 24.278 1.35123
0.000 36.964 25.222 1.11156
0.000 36.206 25.067 1.06609
0.000 35.838 22.597 1.83950
0.000 34.742 22.129 1.58965
0.000 36.868 23.605 0.82201
0.000 38.429 23.693 1.28506
0.000 39.179 23.029 1.30274
0.000 38.982 21.590 2.50955
1.110 37.405 22.451 2.06712
0.015 36.452 23.033 1.88014
0.030 36.297 23.840 1.12343
0.000 37.187 24.950 0.75427
0.010 39.283 26.391 1.17888
0.185 35.562 23.233 1.60817
1.725 35.981 19.938 3.33230
0.000 35.207 21.386 2.84953
0.000 35.474 21.558 2.35463
0.000 36.654 21.576 1.57926
0.000 38.211 23.155 1.18609
0.000 39.180 24.856 1.06401
0.000 39.208 25.759 1.11916
4.160 38.378 26.825 1.53115
0.000 39.509 27.221 1.35707
0.000 39.322 27.408 1.56558
0.000 40.927 27.784 1.54489
0.000 40.514 27.750 1.59756
0.000 40.225 27.479 1.04357
17.110 37.950 25.551 1.22404
5.155 34.899 23.745 1.42899
0.020 33.247 23.580 1.09113
0.000 35.174 23.620 0.77828
0.000 37.669 23.784 0.81836
2.970 37.356 25.085 1.31910
0.135 37.675 25.378 1.07229
8.110 38.952 25.710 1.22223
0.190 31.078 22.515 1.61658
0.000 38.238 24.937 0.95983
20.550 36.724 25.320 0.92103
0.105 34.690 24.293 1.29887
0.025 38.245 26.038 0.78402
0.120 38.404 26.940 1.07902
0.000 38.475 27.481 1.09392
0.000 36.770 26.551 1.56998
0.000 38.918 27.743 1.16967
0.000 38.672 28.591 0.83370
12.865 35.053 26.711 1.36561
0.000 34.112 26.454 0.94186
0.000 35.224 26.695 1.27428
0.000 36.162 27.276 1.10524
0.000 34.456 26.684 0.89944
0.000 37.182 26.440 0.94159
2.235 39.114 26.066 1.28063
43.370 35.449 24.616 1.24317
0.000 29.650 23.581 0.76927
0.000 36.087 24.680 0.96644
6.830 36.443 24.584 0.97533
0.000 36.356 24.044 0.89472
11.750 33.491 24.327 0.96576
1.645 34.743 25.243 0.64710
0.000 35.914 22.778 1.65208
1.785 32.323 23.632 1.19245
1.905 34.543 24.783 0.68859
6.745 35.295 25.079 0.93786
2.525 35.442 25.115 1.36213
0.000 38.433 25.741 1.68848
0.000 38.761 26.917 1.49976
0.295 33.777 25.733 1.00857
3.755 34.329 25.405 1.52087
0.225 36.853 25.984 1.38957
0.000 37.009 26.071 1.23964
31.430 31.991 25.863 0.91688
13.585 35.423 26.047 1.13052
0.000 33.167 25.374 0.90573
2.560 34.169 25.407 0.95167
0.740 34.145 25.061 1.21825
0.985 36.856 25.954 1.66618
0.160 36.892 25.378 1.80675
5.645 38.227 26.371 1.77098
1.945 37.403 26.599 0.99920
1.775 35.172 26.266 0.90414
17.600 35.385 26.345 0.85387
0.000 36.733 26.211 1.11986
0.000 34.254 26.485 0.82969
0.230 34.362 26.260 0.99861
0.065 37.080 26.456 1.24259
0.000 32.052 25.512 0.95460
15.775 36.627 26.396 1.12378
0.075 34.296 26.066 1.08119
0.515 35.774 25.861 1.30065
2.275 34.922 25.569 1.31448
0.385 33.237 24.895 1.73418
6.150 35.914 25.862 1.71072
4.930 33.557 25.615 1.11355
0.345 34.447 25.218 1.32377
10.290 31.748 25.154 1.57612
55.290 29.878 24.982 1.89478
35.725 29.555 24.765 1.71425
19.050 29.781 24.008 1.89215
13.890 31.002 24.426 1.98372
18.160 31.052 24.424 1.69059
27.375 31.656 24.533 1.69400
4.680 31.634 23.975 1.90337
1.495 30.486 23.808 1.85148
5.225 29.294 24.273 1.51368
3.450 30.891 23.442 1.57110
45.830 31.860 24.412 1.74942
46.940 29.549 24.368 1.75852
23.455 29.390 23.775 1.52276
11.970 28.490 23.640 1.94281
0.260 28.079 24.008 1.69267
2.220 29.468 23.885 1.88280
0.000 29.878 23.508 1.51377
0.000 32.380 24.425 1.64332
38.050 29.583 24.127 1.43986
45.815 27.891 24.182 1.76067
10.870 28.140 23.680 1.63111
8.065 30.238 23.259 1.55749
0.000 30.995 24.239 1.38954
5.860 29.380 24.445 1.33441
0.000 29.802 23.901 1.06104
0.000 30.871 24.845 1.48484
0.000 29.149 24.564 1.44295
33.895 29.362 24.326 1.67635
2.610 29.680 24.329 1.67571
24.160 30.033 24.158 1.81733
0.425 29.966 23.913 1.80025
0.155 27.753 24.092 1.47669
35.110 28.531 23.648 1.14884
2.470 30.892 24.017 0.90362
23.065 30.905 24.422 1.18625
3.190 28.217 23.854 1.36083
0.000 29.315 23.767 1.10316
12.625 30.365 23.875 1.38770
54.850 28.328 24.010 2.15244
30.945 28.423 22.253 2.35545
20.945 30.117 23.307 1.55555
25.060 29.774 23.518 1.48168
3.360 28.379 23.663 1.77513
8.645 26.836 22.909 2.15262
4.970 28.088 23.651 1.51458
0.000 28.654 23.746 1.45390
18.185 29.367 23.820 1.26185
39.945 28.169 23.514 1.02404
56.654 27.514 23.892 1.63317
73.190 27.370 23.465 1.46509
43.805 29.792 24.300 1.52298
8.615 27.279 24.023 1.71342
19.015 29.354 23.825 1.79217
21.150 27.699 23.435 1.52264
8.185 29.407 23.967 1.76527
70.320 26.946 23.962 1.63084
6.165 27.193 23.269 2.11210
23.055 27.623 23.254 2.10021
4.290 28.271 23.506 1.82245
0.000 28.949 23.593 1.61569
1.645 27.565 23.147 1.63071
0.000 28.149 23.111 1.41871
0.000 30.271 24.428 1.62596
0.120 28.994 23.546 1.33617
1.115 28.498 23.865 1.31799
0.945 29.187 23.713 0.85170
0.000 31.041 23.945 0.70925
2.210 30.582 23.404 0.80790
0.000 31.124 23.691 0.94342
14.525 29.544 23.870 0.90686
10.980 29.368 23.855 0.90065
0.040 31.425 22.882 0.44339
3.165 29.769 23.213 0.66838
12.995 30.215 23.539 0.57538
0.000 30.443 23.495 0.76560
0.000 31.746 24.168 0.80627
14.585 32.249 23.541 0.61715
29.765 32.284 23.273 0.59428
9.055 29.952 23.197 0.64772
1.385 28.123 22.843 0.79940
46.080 28.276 23.038 1.09210
1.515 29.406 22.467 0.86237
1.250 32.474 23.473 0.59801
31.620 29.347 22.884 1.00936
6.305 28.924 22.915 1.22383
0.000 31.139 23.710 0.55286
15.600 30.157 23.199 0.78870
0.895 28.820 22.885 1.06423
0.000 31.794 22.790 0.64669
0.000 32.387 23.505 0.87013
0.000 30.263 23.514 0.87416
2.480 31.486 24.264 0.86394
20.185 28.685 23.846 1.22055
6.405 29.452 23.039 1.01991
6.435 29.415 23.781 0.99358
0.160 29.537 23.174 1.00755
25.635 30.660 23.554 0.95067
1.615 29.049 23.442 1.26356
10.205 27.318 23.757 2.19081
1.920 29.023 23.174 2.03923
0.000 31.387 23.614 0.85296
0.000 29.046 23.401 0.57534
0.920 30.492 23.870 0.97446
17.960 28.480 23.833 1.14022
10.005 28.948 23.376 1.47680
15.845 29.234 22.609 0.79911
1.950 30.441 22.029 1.01119
21.685 30.809 22.524 0.67362
0.000 29.501 22.887 0.83960
0.165 31.176 23.597 0.59824
7.115 33.657 23.582 0.52812
12.285 34.865 23.354 0.68590
8.020 31.138 22.983 0.88082
0.000 31.023 21.185 0.83181
0.000 35.111 21.382 0.59737
0.000 35.380 22.523 0.60337
0.000 34.972 22.352 0.78446
4.365 32.364 23.134 1.32565
7.750 29.425 21.501 1.52274
0.000 30.747 21.773 1.49821
0.000 30.408 18.916 1.49835
0.000 31.589 19.415 0.84136
0.000 31.778 20.121 1.10106
0.000 30.938 18.709 1.41903
0.000 31.812 20.278 1.54166
0.000 30.720 19.973 1.93884
0.000 30.671 18.817 1.97296
0.000 31.337 20.110 1.36583
0.000 31.799 20.247 1.20368
0.000 31.339 19.722 1.51607
0.000 32.077 21.238 1.40023
0.000 32.511 22.243 0.98821
0.000 32.536 21.969 0.65662
0.000 33.596 22.127 0.82539
0.000 32.883 21.886 1.13827
0.440 29.570 22.624 0.78277
0.000 28.768 22.017 1.10816
63.175 31.377 22.660 0.65588
2.790 30.537 22.457 0.57235
0.175 32.527 21.705 0.94709
0.495 33.565 22.574 0.72360
0.000 33.106 22.438 0.66040
0.000 33.437 22.512 0.71872
0.000 33.532 22.474 0.91781
0.000 33.801 21.488 1.03429
0.000 33.304 21.288 1.59586
0.000 32.368 20.666 1.84233
0.000 31.611 21.721 0.99646
0.000 33.662 21.895 0.71365
0.000 33.272 22.868 0.68252
0.000 32.685 22.295 0.72103
0.000 33.559 21.539 1.24008
0.000 33.092 21.207 0.90821
0.000 33.981 21.279 1.10854
0.000 33.739 20.990 1.20240
0.000 33.350 21.749 1.69049
1.650 31.522 20.702 2.53930
0.000 31.419 19.617 1.98538
0.000 32.861 20.315 1.95490
0.000 32.236 19.829 2.03546
0.000 32.018 19.129 2.39011
0.000 29.894 17.677 2.61560
0.000 30.577 18.437 2.25488
0.000 31.352 19.236 1.48987
0.010 32.063 20.052 1.25963
0.000 33.632 20.991 1.30795
0.000 34.369 21.448 1.41951
0.000 34.516 21.779 1.48747
0.000 35.287 22.550 1.28445
0.000 35.196 23.084 0.94095
0.505 34.488 22.656 0.94843
0.000 36.265 22.612 1.04000
0.000 35.615 21.990 1.19967
0.000 34.453 22.777 2.12248
0.595 32.728 21.607 2.34894
0.000 31.940 21.597 2.48140
0.000 33.411 22.014 1.40771
0.000 27.104 19.214 2.58435
0.000 29.865 18.789 2.03070
0.000 32.731 19.551 1.35882
0.000 33.603 19.333 2.28021
0.000 30.563 17.370 2.34714
0.000 32.359 17.780 1.76472
0.000 31.678 17.853 1.95025
0.000 31.917 17.714 2.54909
0.000 29.344 16.878 3.36111
0.000 27.422 16.167 2.91033
0.000 30.818 16.295 2.01287
0.000 33.012 17.270 2.09169
0.000 28.041 16.530 3.88145
0.000 25.000 15.063 3.36942
0.000 26.880 15.809 2.71593
0.025 27.098 14.990 2.53532
0.000 30.179 15.814 2.20546
0.000 29.931 15.841 3.26653
0.000 26.680 12.977 2.78953
0.000 30.162 13.759 2.14401
0.000 32.629 17.803 2.43053
0.000 33.385 18.976 2.18123
0.000 34.334 20.144 1.90873
0.000 33.299 18.967 2.69452
0.000 29.006 15.767 3.40571
0.000 28.707 12.810 2.26641
0.000 29.440 13.726 1.87169
0.000 29.807 14.174 2.50368
0.000 28.901 12.349 2.50690
0.085 29.700 13.428 2.09598
0.000 29.864 15.022 1.53936
0.000 33.150 16.704 0.83312
0.000 35.313 20.088 0.89363
0.000 36.054 21.942 0.76287
0.000 34.533 20.875 2.52236
0.000 31.797 18.977 3.07458
0.000 31.722 17.948 2.63735
0.000 30.669 16.207 2.81736
0.000 29.267 15.418 2.86236
0.000 25.792 14.794 3.06151
0.000 28.329 11.775 2.62351
0.000 28.847 11.412 2.39087
0.000 28.908 11.012 2.01347
0.000 28.089 12.444 2.46589
0.000 29.182 13.710 2.43490
0.000 28.998 14.748 2.43440
0.000 29.228 13.537 2.29655
0.000 30.471 13.476 1.44210
0.000 30.890 13.961 2.01083
0.000 31.366 13.894 1.64099
0.000 32.671 15.489 0.98361
0.000 33.785 17.305 0.85529
0.000 34.931 16.333 0.74745
0.000 35.014 16.387 0.85006
0.000 35.332 16.935 0.86703
0.000 35.289 17.534 0.85605
0.000 35.870 17.109 1.34760
0.000 34.869 15.982 1.84088
0.000 33.069 16.775 2.60329
0.000 32.574 17.546 2.63834
0.000 32.730 17.783 2.40084
0.000 33.105 16.199 2.25764
0.000 32.438 15.456 2.43335
0.000 31.766 14.058 3.18642
0.000 29.831 14.162 2.56313
0.000 32.342 15.512 1.69260
0.000 30.562 13.605 2.90514
0.000 31.233 14.313 2.12006
0.000 31.859 15.623 1.42169
0.000 33.764 16.890 1.41261
0.000 33.698 16.888 1.58420
0.000 34.945 18.537 0.93726
0.090 33.627 20.682 1.46310
0.000 31.085 21.811 0.94967
0.000 34.376 19.629 1.51180
0.575 34.870 20.467 1.30015
5.560 34.806 20.609 1.46788
3.710 32.791 20.898 0.91975
0.000 35.322 21.524 0.97071
16.375 33.286 21.943 0.89877
2.295 34.148 21.781 0.89266
0.000 36.487 21.696 0.88435
0.000 37.116 23.987 0.93225
0.000 38.240 24.178 0.97898
0.000 36.888 24.736 1.14234
0.000 37.853 25.295 0.88917
0.000 38.924 25.846 0.79804
0.000 36.432 21.323 1.86157
0.000 37.485 22.998 1.10880
0.000 38.059 24.217 1.30967
0.000 38.788 24.449 0.89047
0.000 39.047 25.695 1.52458
0.000 38.894 25.604 1.15940
0.000 37.510 23.977 1.15115
0.000 38.356 24.771 1.01349
0.000 39.367 24.089 0.96140
0.000 38.814 22.703 1.25755
0.000 37.068 23.649 1.45524
0.000 36.968 23.086 1.65772
0.000 37.446 24.810 1.08237
0.500 35.860 24.599 1.18862
0.000 37.019 24.829 1.16665
0.760 38.344 25.290 1.23803
0.435 39.275 25.876 1.69450
0.000 39.820 25.704 1.50010
0.000 40.767 25.864 1.02554
16.710 39.646 25.582 1.13481
0.000 37.596 22.581 1.69977
0.000 37.413 23.579 1.24965
0.000 36.721 22.193 1.78637
0.000 34.693 23.315 2.58527
0.000 37.012 23.268 2.79291
0.160 35.103 23.159 2.49687
0.135 34.114 22.926 2.30307
0.000 36.684 23.481 1.54888
0.625 35.518 24.606 1.07785
0.160 33.673 23.458 1.01232
0.000 38.491 25.581 1.00216
0.000 39.336 26.266 1.61368
0.000 39.782 27.260 1.78809
0.000 41.018 25.757 1.62564
0.005 41.032 27.452 1.58542
0.000 40.425 26.962 1.73643
0.890 36.075 25.442 1.47278
0.375 40.760 22.486 1.41170
0.000 39.358 23.004 1.96843
0.000 39.360 24.274 1.45607
0.000 38.009 22.336 2.19857
0.000 37.337 21.649 2.28771
0.000 35.364 18.279 3.13548
0.000 35.150 18.508 3.18371
0.000 35.127 19.096 2.15700
0.000 38.216 20.849 0.76829
0.000 39.990 23.045 0.93775
0.000 40.264 26.870 1.75146
0.000 40.012 27.722 1.69012
0.060 41.868 28.293 1.64199
0.000 42.525 27.728 1.63039
49.495 42.590 26.163 1.58141
0.805 31.897 24.156 1.16348
0.665 34.009 23.483 1.19350
5.365 36.844 22.710 2.00075
2.975 35.553 23.766 1.84655
0.000 37.484 23.513 1.79590
0.000 38.116 25.630 0.89260
10.735 37.500 26.261 0.83214
0.000 36.964 26.176 0.90137
5.005 36.767 26.137 1.08800
2.045 34.165 25.430 1.35870
22.155 32.204 24.819 1.48819
0.000 35.975 25.847 1.21959
0.275 36.203 25.743 1.16457
24.245 37.183 25.551 1.14697
0.000 36.832 26.273 1.23503
2.075 36.462 27.075 1.18456
0.000 36.663 26.108 1.40490
0.915 33.592 25.113 1.38785
0.000 33.800 25.592 1.14116
0.000 38.624 27.473 1.02588
9.900 35.559 24.003 1.63609
0.920 32.571 24.719 1.22750
2.715 35.412 25.322 1.33113
0.000 34.955 25.886 1.01761
0.000 35.170 25.117 1.09863
28.555 36.106 25.376 1.46904
13.630 35.498 25.375 1.33421
0.505 31.483 24.562 1.36851
2.665 33.826 25.577 1.40075
0.000 32.370 25.420 1.16111
0.000 35.514 25.061 1.75946
2.795 32.388 25.069 1.69370
0.000 34.229 25.321 1.52469
10.290 34.653 25.798 1.63753
0.000 34.990 25.858 1.68043
0.000 35.110 25.299 1.64528
0.000 37.656 26.238 1.73382
0.000 37.474 26.655 1.61142
0.000 36.851 26.779 1.40139
0.010 28.200 27.067 1.39892
3.420 35.096 25.389 1.27025
0.435 32.685 25.557 1.17199
0.925 35.199 25.573 1.05928
0.170 38.054 26.027 1.06856
1.285 38.322 26.623 0.96007
0.615 36.453 26.931 1.14370
5.475 32.518 25.317 1.28555
0.000 33.857 24.161 1.20185
0.000 38.535 25.533 1.44485
0.000 39.434 26.415 1.49997
0.260 37.276 26.699 1.34334
22.470 33.840 25.284 0.89590
5.085 34.470 25.275 1.11021
2.670 35.514 25.159 1.27684
2.185 33.312 25.065 1.14930
12.450 31.367 24.400 1.03353
0.170 33.071 24.396 0.99061
12.110 34.404 24.871 1.29097
0.250 35.803 25.841 1.29722
10.685 31.527 24.562 1.42684
61.350 31.990 24.624 1.64033
14.730 28.537 24.340 2.36144
25.890 28.099 23.559 2.63693
1.595 26.949 23.602 2.29368
0.000 30.848 23.335 2.26421
0.155 30.963 23.378 2.28794
0.000 33.256 22.991 1.82547
0.000 34.845 24.104 1.85466
0.000 34.543 24.313 1.83806
0.000 36.062 25.571 2.00359
0.000 37.515 25.770 2.23221
0.000 38.353 25.986 2.18843
0.000 37.827 26.819 2.22061
0.000 35.273 26.274 1.97723
0.150 35.040 24.106 2.17552
29.550 32.954 24.613 1.75380
23.870 30.709 24.827 1.23762
4.145 30.073 24.080 1.58226
1.380 32.440 22.391 1.94366
0.000 31.056 21.907 1.32197
51.120 31.628 23.895 0.96842
19.360 30.200 24.164 1.49253
8.255 30.233 24.552 1.19953
2.610 30.899 24.494 1.43059
3.170 29.682 24.599 1.55464
4.175 29.177 24.339 1.67917
12.870 29.096 24.235 1.61106
25.835 28.070 23.611 1.86986
37.940 26.865 23.027 2.02186
3.745 26.354 23.209 1.57030
6.415 29.997 23.367 1.34533
1.435 29.971 23.643 1.34651
0.400 28.235 22.511 1.19544
0.870 31.543 23.169 1.29391
34.715 30.920 23.346 1.56415
27.360 28.172 22.815 1.45046
36.020 28.814 22.056 1.45985
16.875 27.080 22.143 1.55236
28.305 26.725 21.548 1.03050
1.785 26.713 21.674 1.32763
17.500 26.895 22.146 1.18474
4.060 27.127 21.885 1.23068
0.750 29.266 22.210 0.99992
11.240 28.889 23.083 1.10583
16.770 28.173 23.117 1.10737
0.035 30.163 23.409 1.11671
2.885 28.936 23.401 0.92152
8.860 28.582 23.208 0.69800
1.190 29.549 23.302 0.97534
42.390 30.027 23.016 1.19132
67.370 30.988 24.081 0.81637
21.700 31.410 24.061 0.74626
10.565 30.288 24.308 1.04705
15.915 30.525 24.053 1.04676
0.000 30.653 24.225 1.07524
0.000 29.607 23.714 1.15215
0.000 30.740 23.705 1.06289
0.480 31.234 23.974 1.19333
0.000 30.666 24.239 1.09394
0.065 32.160 24.743 0.97449
20.515 30.196 24.067 1.25697
1.735 31.602 24.534 1.11474
0.000 29.759 23.986 1.52371
1.235 31.519 24.186 1.85067
0.000 31.652 24.396 1.42362
0.395 30.177 24.014 1.64002
9.880 28.434 23.372 1.69781
0.225 26.810 23.488 1.57382
0.900 28.268 23.408 1.49373
0.135 30.072 23.844 1.31853
32.615 29.047 24.194 1.57005
24.540 28.065 23.885 1.58991
23.760 27.532 23.178 1.62368
2.410 30.067 22.434 1.25643
22.195 30.816 23.398 0.91274
0.405 30.207 23.120 0.79507
0.000 29.433 23.301 0.84428
0.000 30.728 23.428 0.99537
0.000 31.159 24.424 1.10661
0.120 27.294 23.379 0.89181
11.390 30.911 23.576 0.88216
29.880 32.407 23.898 0.67138
7.610 30.145 23.643 0.78790
0.000 33.459 23.045 0.61962
6.925 31.325 22.840 1.58089
87.170 28.575 22.760 2.08606
11.115 30.572 23.323 2.65840
3.410 29.171 23.314 0.90406
0.215 30.125 23.093 1.82872
0.370 30.151 23.559 0.75423
0.000 30.895 22.885 0.86747
0.000 32.707 24.209 0.78892
43.005 29.613 22.943 0.86295
0.000 30.023 22.836 0.94518
0.175 31.905 23.488 0.97323
0.000 30.641 23.911 1.29147
0.000 31.270 24.188 1.17346
0.000 30.183 24.145 0.83368
2.795 33.203 24.587 0.59398
0.830 33.906 23.673 0.66351
0.190 33.261 23.558 0.75296
5.810 32.427 23.451 0.51709
14.380 33.976 24.228 0.50964
4.670 33.045 23.166 0.51255
3.830 33.523 23.495 0.64678
17.805 32.128 22.734 0.89290
7.470 28.356 22.982 1.54512
6.890 29.309 23.007 0.72842
15.940 32.703 23.637 0.39337
17.975 30.982 23.493 0.63892
0.000 31.016 22.997 0.83898
33.865 29.954 20.531 1.20945
6.745 24.977 19.685 1.60556
3.320 30.017 19.778 1.59171
0.000 30.523 20.878 1.62054
2.040 30.073 21.902 1.80467
0.540 30.051 20.318 1.48139
0.000 32.253 20.785 1.12873
0.000 32.479 20.743 1.17670
0.005 32.450 19.466 1.01788
0.000 33.063 18.584 0.89932
0.000 33.907 20.451 0.72487
0.000 34.348 20.160 0.55960
0.000 33.598 20.315 0.94739
0.000 33.222 19.115 1.15611
0.000 32.117 20.688 0.90053
0.000 33.456 21.363 0.89048
0.240 34.012 22.123 0.70554
0.000 34.325 22.101 0.99012
0.000 33.999 22.061 0.58695
0.000 33.984 20.793 0.72411
0.000 35.019 20.798 1.05162
0.000 33.776 21.953 1.78793
0.000 33.098 21.950 2.32343
0.000 31.860 20.106 2.03385
0.000 31.775 21.189 1.47919
0.955 32.439 22.226 1.58275
0.250 32.167 21.937 1.43902
24.495 31.679 22.476 0.82623
0.000 33.003 23.438 0.78716
0.000 33.701 23.568 0.75765
0.000 34.750 21.786 1.15202
0.000 34.771 22.260 1.13999
0.000 34.613 23.569 0.93788
0.885 30.261 23.793 0.75662
1.765 32.372 23.221 0.86375
1.785 33.868 23.100 0.57537
0.000 34.168 24.166 0.56700
0.000 33.892 23.895 0.57650
0.000 34.503 23.402 0.55397
0.000 36.074 23.173 0.73325
0.000 35.663 21.151 1.22524
0.000 35.027 21.588 1.16282
0.000 33.910 22.120 1.51098
0.000 34.715 21.012 1.67021
0.000 34.225 21.073 1.61137
0.000 34.656 21.890 1.71743
0.000 34.984 21.681 2.28982
0.000 32.388 19.728 2.92500
0.000 32.411 20.486 2.42691
3.155 33.769 21.735 2.19948
0.000 34.043 20.893 2.16362
0.000 34.792 20.777 1.46049
0.000 35.795 21.989 0.79851
0.000 36.393 22.326 1.08502
0.000 36.494 21.851 1.72465
0.000 35.658 21.432 1.35296
0.010 35.175 20.276 1.87527
0.000 30.296 18.108 3.11717
0.000 29.291 18.772 2.85613
0.000 32.481 19.367 2.32520
0.000 33.686 19.863 1.33190
0.000 34.723 19.652 1.44517
0.000 34.827 20.082 0.89644
0.000 35.687 20.745 0.69990
0.000 36.663 21.882 0.92544
0.000 36.053 20.625 1.76512
0.000 34.713 19.549 2.65456
0.000 28.970 15.868 3.81703
0.000 24.615 14.607 3.18215
0.000 28.909 15.273 2.75460
0.000 30.386 16.537 2.17899
0.445 31.975 18.502 2.42711
0.000 32.194 19.625 2.28781
0.000 33.502 20.788 1.67118
0.000 36.344 21.814 0.70697
0.000 37.285 21.957 0.96707
0.000 36.147 19.603 2.29059
0.000 35.248 19.697 1.63989
0.000 34.894 19.758 2.44674
0.000 33.552 19.224 2.30694
0.000 34.042 20.166 2.00340
0.000 32.656 19.462 3.02442
0.000 31.339 17.932 3.25182
0.000 31.709 17.008 2.61871
0.000 33.465 17.996 1.59356
0.000 34.647 19.362 1.19522
0.000 35.367 19.989 0.97111
0.000 35.680 20.204 1.04536
0.000 35.440 20.776 1.45093
0.000 35.188 21.061 1.30590
0.000 34.247 21.686 1.10856
0.000 31.345 22.206 1.03745
0.000 33.695 21.495 1.26227
0.260 34.434 19.708 1.59996
0.325 34.255 20.369 1.90334
0.000 31.757 20.843 1.61821
0.000 34.819 21.595 0.80934
21.220 36.202 22.839 0.95707
7.245 33.753 23.363 0.91400
0.020 33.179 20.527 1.15240
0.000 31.667 19.338 1.71546
0.175 33.902 20.031 1.59524
0.000 32.124 20.580 1.33259
0.000 35.960 21.712 0.79441
0.000 35.935 21.301 1.29564
0.000 30.316 13.930 4.18161
0.095 20.710 11.282 4.27594
0.000 20.104 12.118 3.44065
0.000 26.993 13.062 2.57442
0.000 32.611 14.048 1.56121
0.000 34.263 16.869 1.38363
0.000 34.531 19.690 1.21930
0.000 34.982 19.895 1.45831
0.000 35.358 20.885 1.47383
0.000 33.146 16.259 3.55761
0.000 27.850 14.844 3.64504
0.000 31.393 16.273 2.50278
0.000 33.396 17.155 3.07925
0.000 31.213 15.438 3.85598
0.000 25.658 13.220 4.30787
0.000 24.480 9.842 3.30118
0.000 27.362 11.329 2.50409
0.000 31.278 12.985 1.47088
0.000 33.317 16.331 1.01178
0.000 35.176 18.532 1.02731
0.000 36.146 19.583 1.35206
0.000 37.286 21.496 1.33407
0.000 39.077 19.717 1.80769
0.000 32.385 15.525 3.79708
0.000 32.462 16.088 3.08471
0.000 33.324 16.130 2.64052
0.000 34.695 17.113 1.99882
0.000 36.415 18.883 2.05132
0.000 31.595 15.933 3.58024
0.000 34.848 17.027 1.19279
0.000 37.250 20.859 1.29137
0.000 37.004 19.708 3.26030
0.000 30.727 15.592 4.15861
0.000 30.664 15.521 4.09217
0.000 30.547 14.829 3.93094
0.000 31.593 14.954 3.29949
0.000 33.391 16.145 2.87610
0.000 31.865 15.690 3.37100
0.000 33.265 16.136 2.47263
0.000 35.015 17.852 2.20578
0.000 36.222 18.811 1.28642
0.000 37.610 20.180 0.98136
0.000 38.407 21.573 1.08547
0.000 38.617 22.474 1.19557
0.000 37.770 23.922 1.26528
0.000 38.180 26.496 1.47790
0.000 39.265 25.936 1.44941
0.000 41.982 19.594 2.93686
0.000 31.161 19.178 3.10501
0.000 35.154 20.268 0.93269
0.000 38.355 22.012 1.72102
0.000 38.065 20.215 2.21181
0.000 40.106 22.063 1.44575
0.000 40.133 26.036 1.52869
0.000 41.381 27.350 1.29709
0.000 41.411 28.481 1.62763
0.000 41.210 28.041 1.56453
0.000 41.556 29.220 1.77988
0.000 41.426 25.275 1.76245
0.000 41.355 25.634 1.58867
0.000 40.830 26.677 1.45091
0.000 38.726 20.530 3.09883
0.000 27.185 17.023 3.60730
0.000 35.409 18.701 2.80642
0.000 33.030 17.639 3.43603
0.000 35.812 19.179 2.41242
0.000 37.401 21.173 1.60990
0.000 38.280 23.376 1.11180
0.155 38.075 25.920 1.10542
0.000 38.234 25.753 1.70015
0.000 37.564 26.865 1.03863
0.000 32.585 26.147 1.18332
0.000 33.991 25.070 1.26261
0.000 40.031 26.495 1.76845
0.000 41.642 26.376 1.39249
0.000 42.017 27.951 1.27482
0.000 42.192 30.341 1.40636
0.000 40.440 29.232 1.63177
0.000 42.213 29.225 1.93067
0.000 43.583 29.347 1.69823
0.000 42.594 29.291 1.99853
0.000 42.014 28.728 1.97899
0.000 42.518 28.356 1.76070
0.000 43.091 27.084 1.60003
0.000 42.615 28.655 1.54113
0.000 42.468 30.502 1.56925
2.600 39.330 26.222 1.57247
0.000 37.924 27.427 0.95930
28.280 39.330 28.293 1.24227
0.000 39.376 27.841 1.11427
0.370 38.594 28.436 1.77147
0.000 39.298 27.603 1.94370
0.000 41.023 28.293 1.57036
0.000 41.593 29.201 1.47836
0.000 42.973 30.948 1.42408
0.000 39.649 28.942 1.05555
5.215 37.360 25.827 1.74940
0.080 35.907 26.762 0.73687
0.000 32.617 24.400 0.91963
0.000 37.614 26.606 1.19967
0.000 39.434 26.978 1.27105
17.830 39.598 26.362 1.33406
19.720 37.479 26.537 1.22109
0.000 38.536 27.575 1.00635
0.000 38.463 27.192 1.48814
0.000 38.574 28.124 1.17898
11.400 37.339 27.214 1.40142
0.165 36.569 27.036 1.37193
27.345 36.165 26.455 1.19063
0.750 37.877 27.312 0.92989
8.560 35.328 27.172 1.52648
27.145 31.621 25.578 0.62643
0.000 31.505 25.432 1.03422
17.365 37.488 25.535 1.04917
0.000 34.673 23.339 1.42911
4.225 35.239 25.226 0.97227
0.000 34.741 25.872 1.42624
3.925 32.374 25.040 1.00628
5.035 30.553 24.993 1.28628
8.355 32.668 25.151 1.03734
12.370 34.735 24.875 1.26886
0.570 33.761 25.467 1.11071
1.150 31.082 25.013 1.09745
7.935 31.157 24.355 1.63245
13.655 31.746 25.159 1.50151
3.600 30.351 24.669 1.55311
0.910 32.641 23.960 1.43834
0.190 32.077 24.732 1.03548
2.355 30.423 24.210 1.32495
0.000 31.502 25.075 1.01940
0.000 32.840 24.581 1.17070
0.000 33.943 24.618 1.19776
0.915 34.617 24.455 1.07989
0.065 34.084 25.014 1.19571
31.595 31.742 24.665 0.79231
0.070 31.697 24.252 1.00704
35.125 28.672 24.859 1.26504
16.435 29.452 23.517 1.46468
0.000 32.616 24.048 1.56327
1.350 30.637 23.522 1.45295
0.000 34.033 24.104 1.53147
33.605 32.765 24.120 1.73147
0.085 31.817 24.345 1.54255
1.160 32.128 24.353 1.54632
0.535 32.498 24.851 1.28940
26.335 31.511 24.205 1.24663
1.140 30.750 24.171 0.85861
0.000 31.608 24.604 0.83571
6.865 34.901 24.414 0.78196
23.305 36.152 24.448 0.72378
0.200 31.685 24.204 0.91996
20.385 32.016 24.444 0.85773
17.615 29.701 23.640 1.13841
9.940 30.578 23.778 1.05433
3.645 30.386 24.404 0.94458
39.025 29.025 24.220 1.67096
45.420 30.325 24.361 2.09667
25.345 31.232 24.664 1.23908
2.710 30.094 23.589 1.75944
0.790 29.771 24.065 1.45954
7.610 29.443 23.610 1.59876
20.680 29.339 23.542 1.53548
2.250 29.736 23.703 1.26461
32.345 30.893 23.967 1.75625
62.815 27.855 22.569 2.61125
35.390 25.243 21.441 1.84901
0.000 31.033 23.067 1.33810
0.000 30.836 24.019 1.74753
2.035 30.507 24.288 1.88845
0.240 28.884 23.818 1.85514
0.075 29.785 23.877 2.13123
7.020 28.196 23.740 1.71876
5.860 29.185 23.899 1.51946
32.044 29.726 23.743 1.18041
0.000 30.230 24.109 0.99101
1.850 30.461 23.994 1.11321
0.000 29.915 24.358 1.15220
0.015 29.651 23.677 0.98056
0.000 29.285 23.262 0.94146
0.090 30.514 24.182 0.85653
0.350 29.405 23.466 0.86195
16.060 29.952 23.838 0.88114
5.280 29.893 23.459 0.64083
0.260 30.900 23.625 0.67540
31.850 30.973 24.197 0.83100
0.000 31.219 24.297 0.91447
0.455 27.247 22.363 1.19883
0.000 30.270 23.632 1.36567
1.940 29.919 23.500 1.24162
0.475 29.553 23.620 1.21649
0.225 29.774 23.569 1.37674
0.230 31.143 23.804 1.32524
2.350 29.746 23.826 1.53996
1.865 29.052 24.151 1.21136
4.605 29.210 23.523 1.30034
0.080 28.030 22.808 1.22076
1.520 30.236 23.363 1.13261
0.000 30.972 23.827 1.55977
0.365 30.602 24.008 1.72409
0.000 30.045 23.846 1.71293
48.110 30.212 24.025 1.59592
119.485 29.726 23.963 1.93327
11.765 28.007 23.743 1.86955
0.000 28.512 23.950 2.02387
0.000 28.846 24.138 2.23111
0.350 29.146 23.521 2.26515
3.725 29.952 23.368 2.10176
1.540 30.000 24.053 1.93063
4.595 27.850 24.429 2.37310
5.260 28.775 23.768 2.51632
0.000 31.072 23.218 1.57888
0.000 32.039 23.763 1.15059
9.590 30.630 24.361 1.03007
1.905 29.934 24.077 1.02236
5.635 30.649 24.026 0.62095
2.780 31.278 23.693 0.64591
19.535 30.755 24.278 1.11134
15.830 29.331 24.017 0.95381
1.035 30.035 24.191 0.79402
10.705 28.770 23.840 0.75942
0.075 28.962 23.795 0.96795
15.400 28.746 23.615 1.54545
0.365 29.750 23.754 1.37446
6.805 29.902 24.206 1.63097
0.000 29.891 23.925 1.52878
22.610 30.072 24.054 1.40693
29.430 27.257 23.624 1.53414
26.150 27.747 23.130 1.27008
7.055 29.567 22.571 1.12618
0.540 30.073 23.820 1.18776
4.110 29.771 23.457 1.02900
31.660 29.415 24.223 0.95940
9.365 29.845 23.674 0.53781
29.960 29.354 24.216 1.05290
58.100 27.185 22.954 2.92690
0.000 29.408 22.913 1.12736
0.000 30.904 23.608 0.88334
1.890 29.932 23.312 0.73131
0.000 33.203 23.761 0.59760
15.485 33.037 24.432 0.40344
53.710 30.575 24.029 0.76927
21.380 27.893 23.545 1.15286
4.180 27.881 23.657 1.17093
6.350 29.749 23.320 1.06321
8.565 29.927 23.709 0.79426
9.790 29.119 23.923 0.68400
0.460 30.204 23.688 0.58929
6.755 33.157 24.340 0.52311
0.000 30.969 24.249 0.66045
2.375 29.829 22.931 0.73340
28.885 31.877 23.697 0.54179
14.205 30.713 23.141 0.58085
0.000 28.841 21.732 1.18604
0.000 31.645 22.567 1.01676
0.000 32.856 23.310 0.68333
1.540 31.670 24.166 0.42670
26.295 30.546 23.635 0.66059
4.785 30.613 23.665 0.64991
0.295 30.074 22.779 0.45884
0.000 31.847 22.445 0.58531
0.000 31.739 22.227 0.90259
0.000 31.639 22.568 1.12072
0.000 31.445 22.086 1.48085
0.000 30.481 22.195 1.46499
8.225 28.722 22.708 1.70861
21.810 29.751 23.194 1.04302
0.015 31.169 23.283 0.98863
0.000 30.460 21.224 1.74700
0.100 30.843 21.896 1.33799
0.060 30.836 22.783 0.87120
0.000 31.808 22.897 0.62396
0.000 31.471 23.644 0.90626
0.000 30.151 23.416 0.96865
20.945 29.776 23.696 0.72994
27.175 32.408 23.233 0.45674
3.710 30.760 22.761 0.68065
20.605 31.965 23.371 0.65525
0.000 30.766 22.536 0.98539
0.000 31.658 22.168 0.98992
0.000 30.704 22.572 1.04983
0.000 30.674 22.570 1.62338
0.000 30.456 22.823 1.28856
0.000 29.319 23.649 1.40666
5.650 27.188 21.314 2.12373
0.000 29.343 20.747 2.63267
0.000 27.587 19.355 2.29869
0.360 28.858 19.696 1.60797
0.000 31.498 20.785 0.89372
6.450 31.310 23.253 0.91134
9.215 30.881 23.835 0.86281
2.225 28.320 23.511 0.95647
4.150 29.219 20.345 1.88518
0.000 27.513 17.355 1.97307
0.000 29.110 18.405 1.44950
0.000 31.826 21.140 0.88875
0.000 32.208 21.364 0.74403
0.000 31.540 20.743 1.04331
0.000 30.228 18.708 1.26338
0.000 29.771 19.338 1.38181
0.000 30.078 20.635 1.44080
0.000 30.035 21.677 1.15079
0.085 31.002 22.012 0.66299
0.000 29.206 22.388 0.87565
0.070 31.402 22.781 0.80849
1.370 29.953 22.859 0.91463
6.195 29.974 21.431 1.37767
0.000 25.480 19.101 1.76802
0.000 28.624 19.322 1.54565
0.000 27.563 16.690 2.39050
0.000 25.657 15.258 2.01356
0.000 27.042 16.249 1.86027
0.000 28.344 18.379 2.02119
0.000 27.189 18.038 2.64841
0.000 25.681 17.593 2.37587
0.000 24.578 18.005 1.90473
0.025 28.898 18.920 1.91682
0.000 27.195 18.669 1.86771
8.090 27.792 19.309 1.86867
0.000 27.478 17.932 2.32720
0.000 26.949 17.845 2.08705
0.000 26.124 15.700 1.98974
0.000 26.754 16.317 1.71532
0.000 26.352 16.874 1.72027
0.000 28.362 17.777 1.51032
0.645 29.318 20.636 1.13496
1.705 29.877 21.712 1.69356
1.420 26.917 20.128 2.39774
0.600 26.811 17.657 3.06083
0.890 22.478 15.228 2.65069
0.000 25.930 15.941 1.76311
0.000 26.860 18.080 1.56154
0.000 30.297 19.586 1.17665
0.000 30.891 20.375 0.99048
0.000 30.895 20.136 1.38802
0.000 29.982 17.689 2.31489
0.000 28.750 18.348 1.86112
0.000 30.415 19.380 1.57519
0.000 30.846 19.252 1.30895
0.000 30.493 19.120 1.83701
0.000 26.138 14.396 3.10237
0.945 24.977 14.552 2.63770
0.000 24.394 14.510 2.86677
0.000 26.081 15.372 2.43525
2.930 27.526 16.797 2.26634
0.000 30.220 18.022 2.11352
0.000 30.440 19.702 2.25832
0.000 29.503 18.013 2.13736
0.000 28.988 19.163 1.87482
0.000 30.681 19.668 1.95035
0.000 31.021 19.376 1.65565
0.000 31.565 19.997 1.30058
0.000 31.710 20.336 1.39390
0.000 31.306 20.066 1.54063
0.000 32.810 20.396 1.14944
0.895 33.666 21.517 0.75686
0.000 34.038 17.974 1.71439
0.000 30.720 16.882 2.27401
0.000 30.865 17.606 2.31052
0.060 30.352 18.154 2.47132
0.185 30.889 18.737 2.10007
0.000 29.497 19.269 1.64747
0.000 30.087 17.547 1.79606
0.000 31.775 17.591 1.95585
0.000 31.265 17.332 2.66602
0.000 30.515 17.494 2.92497
0.000 29.208 15.974 3.14350
0.000 29.187 16.052 2.63013
0.000 30.692 17.050 2.49565
0.000 30.685 17.681 2.82488
0.000 30.278 15.654 2.44158
0.000 29.280 14.281 2.17515
0.000 29.646 15.286 1.01446
0.000 31.467 16.796 1.04796
0.000 30.741 15.349 2.37417
0.000 30.765 16.551 1.89293
0.000 31.674 17.977 2.73273
0.535 29.787 19.141 2.31687
0.000 30.018 19.424 1.74401
0.000 32.936 18.697 1.49583
0.000 32.324 15.428 1.75068
0.000 32.955 15.017 1.25700
0.000 34.463 16.121 1.15020
0.000 34.952 18.059 1.48299
0.000 29.997 14.916 3.21371
0.000 29.238 15.350 3.08333
0.000 28.281 13.765 3.39697
0.000 27.601 12.791 3.03080
0.000 28.852 14.176 2.50031
0.000 30.371 15.645 2.48400
0.000 31.047 14.993 2.37472
0.000 31.135 15.064 1.97272
0.000 32.322 15.873 2.02031
0.000 32.033 16.316 2.16651
0.000 34.197 17.813 1.09383
0.000 36.594 20.112 0.90099
0.000 37.453 22.242 1.03164
0.000 37.243 24.646 0.89441
0.000 33.572 21.281 1.53277
0.000 26.842 18.141 2.51452
0.000 29.919 16.508 2.65860
0.000 30.668 16.204 3.15933
0.000 31.763 16.755 2.92186
0.000 33.531 17.704 2.57982
0.000 33.171 16.804 3.14461
0.000 31.730 16.047 2.52968
0.000 35.440 17.691 1.30231
0.000 36.915 19.726 0.90919
0.000 37.865 20.411 0.96695
0.000 38.417 22.297 1.45182
0.000 37.452 21.622 1.27317
0.000 28.760 20.425 1.66884
0.000 33.773 21.529 1.11673
0.000 37.128 23.432 1.19928
0.000 38.669 25.286 0.93965
0.000 38.067 26.502 1.59506
0.000 37.816 26.317 1.53847
4.015 39.332 25.477 1.66210
5.785 35.596 24.675 1.43323
1.940 35.998 24.542 1.16899
2.735 28.484 22.706 1.09666
1.755 36.128 24.047 0.92676
5.305 31.754 22.892 1.01943
23.560 33.769 23.408 1.02364
11.580 27.694 21.718 1.25165
3.975 33.473 22.885 1.06569
0.125 36.695 24.099 1.08232
1.435 29.085 22.316 1.26133
0.095 33.123 21.073 1.29906
0.135 28.141 18.539 2.98862
2.395 31.139 19.211 2.56737
0.000 32.856 20.592 1.63364
2.155 33.514 23.035 1.03990
0.000 32.869 22.760 0.86746
12.705 29.202 19.141 1.62207
0.000 30.829 17.356 2.96628
0.000 30.999 18.947 2.20111
0.000 34.796 20.440 1.58618
0.000 34.804 22.195 1.15033
16.715 35.706 23.848 1.00315
2.165 34.254 22.796 0.72405
0.100 37.876 24.540 0.99191
0.000 37.550 26.028 1.00597
0.000 37.662 26.239 1.38612
0.000 37.647 26.147 1.53723
0.000 35.828 26.628 1.08247
0.230 35.514 21.674 1.86365
1.535 33.207 20.789 1.84522
0.420 35.180 22.546 0.94840
0.000 34.856 24.009 0.88257
0.000 37.151 24.364 1.18734
0.000 38.027 25.484 0.88833
0.000 37.945 25.789 1.17767
0.000 39.167 25.255 1.60698
0.000 38.368 25.304 1.47663
0.000 39.022 25.739 1.67284
0.000 37.901 21.282 1.47584
0.465 36.984 23.266 1.12018
37.455 32.220 23.327 1.71207
0.130 33.468 23.490 1.20922
0.000 34.547 23.979 0.96120
13.400 37.079 21.789 1.38242
1.615 31.469 21.448 1.57615
6.095 32.869 22.191 0.64952
0.000 34.215 24.046 0.89467
0.000 35.505 24.527 0.92518
0.025 35.992 24.585 0.97896
0.000 36.282 25.447 1.29667
5.165 32.647 25.341 0.78251
1.315 32.546 25.091 0.60347
65.500 31.306 24.698 0.63793
1.020 28.780 22.917 0.75313
0.000 33.742 24.197 0.81682
0.390 31.960 24.174 1.14761
15.725 33.062 24.196 0.73897
16.765 35.236 24.038 0.61125
0.155 35.095 25.389 0.59484
3.640 32.381 24.020 0.54646
9.220 34.112 24.928 0.54786
18.020 32.325 23.889 0.97054
23.595 31.264 21.994 1.00714
18.305 32.401 22.905 0.98957
1.395 31.185 24.334 1.46681
6.620 30.794 24.668 1.23520
0.000 31.615 24.656 1.17869
0.000 31.868 25.335 0.96136
0.000 30.955 25.265 1.01188
34.810 30.480 24.715 0.86152
1.030 31.685 25.153 0.72979
2.475 27.994 22.334 1.61228
0.385 28.521 21.419 1.50024
0.000 30.008 22.099 1.78499
2.635 28.688 23.435 1.53863
13.395 30.706 24.441 1.23807
34.755 30.815 24.552 0.99728
0.380 30.733 24.392 1.11046
0.000 30.318 25.306 1.15862
0.000 29.355 25.538 1.48804
0.000 30.721 25.127 1.94971
0.000 30.846 24.304 1.76757
2.505 30.252 23.505 1.46509
10.420 31.150 24.261 1.37870
0.950 28.284 23.296 1.27623
44.665 28.504 23.576 1.24724
12.720 28.162 23.946 1.60385
25.120 28.817 23.523 1.33283
0.020 29.997 24.020 1.58650
7.440 28.469 23.935 1.44026
9.740 27.788 23.812 1.62204
15.170 28.467 23.820 1.17465
0.480 28.165 23.422 1.36399
0.000 30.344 24.077 1.14756
54.465 28.262 23.993 1.01821
29.805 28.737 23.518 1.21158
3.320 28.772 24.003 1.11482
0.060 28.739 23.648 1.54823
8.615 29.157 24.345 1.42871
2.630 28.050 23.822 1.46319
1.340 26.779 23.362 1.31986
13.980 29.353 23.849 1.25380
0.000 28.633 23.288 1.23041
0.000 30.503 23.399 1.51088
3.030 30.452 24.502 1.06700
6.560 29.445 24.664 0.99699
8.530 29.436 23.618 0.84178
4.960 28.339 23.550 1.00689
2.540 29.186 23.808 1.37858
13.205 28.935 23.829 1.36108
5.360 28.123 23.753 1.29820
6.005 27.321 23.316 1.28462
0.710 28.789 23.437 1.33183
0.000 27.628 23.435 1.37651
11.640 27.670 23.233 1.45905
4.055 28.852 23.697 1.20857
0.875 28.237 23.748 0.97401
45.485 28.811 23.376 1.22082
0.580 28.517 23.862 0.87812
9.460 27.934 23.531 1.04848
60.700 28.385 23.584 1.27048
35.310 27.587 23.528 1.12587
34.615 28.389 23.779 1.55320
47.180 25.470 23.025 2.51829
3.275 27.996 23.042 1.88347
0.070 27.551 23.888 1.11022
7.680 27.162 23.015 1.35227
7.065 28.711 23.366 1.50763
14.215 29.452 23.313 1.13207
21.750 29.114 23.178 1.27524
9.615 28.451 23.653 1.48091
53.509 27.405 24.114 1.51385
108.010 27.361 23.440 2.07691
20.420 26.157 22.925 2.14956
57.425 27.521 23.411 2.79840
29.735 27.589 23.931 2.25873
0.000 28.698 23.897 1.75993
0.000 29.314 24.055 1.66910
1.855 29.419 24.690 1.60685
1.040 29.556 24.410 1.76905
1.165 29.927 24.440 1.82135
0.190 29.310 24.253 1.76222
25.825 28.897 23.988 1.78338
14.980 28.760 23.873 1.51049
63.030 27.978 23.534 1.11919
13.685 29.800 23.573 0.94302
0.000 29.808 23.963 1.12266
1.720 30.158 24.207 1.13864
0.000 30.060 24.221 1.20517
0.000 28.614 24.092 1.08711
0.000 30.024 24.828 0.92700
2.330 30.105 24.720 0.85148
0.000 29.784 24.908 0.79822
23.500 28.000 23.742 1.06449
9.210 28.636 23.346 0.52962
19.450 30.030 23.514 0.48777
18.115 30.596 23.758 0.59348
14.580 31.927 23.035 1.17669
0.330 30.777 23.694 0.98850
0.075 30.678 24.374 0.96839
0.000 30.267 24.098 1.20861
0.000 29.007 23.928 1.39483
1.650 29.020 23.867 1.38957
29.735 28.786 23.104 0.78953
2.010 29.516 23.407 0.65877
13.990 28.545 22.899 1.46780
14.430 29.221 23.402 1.63788
8.380 28.299 23.325 1.17077
0.000 30.826 23.943 0.84111
0.000 29.768 23.688 0.76879
1.410 29.711 24.433 1.20696
5.000 28.159 23.983 1.19490
0.975 30.754 24.799 1.13424
16.350 30.522 24.340 1.03470
8.090 30.106 22.913 1.11839
5.065 29.153 23.819 0.69807
5.815 33.042 24.246 0.65004
0.160 32.625 24.267 0.51600
6.990 32.424 24.728 0.71126
0.085 29.561 24.815 0.60404
0.000 32.824 24.772 0.55969
0.000 32.490 24.042 0.63851
0.100 31.704 23.965 0.80240
25.750 29.734 23.579 1.18514
78.875 25.955 23.570 2.46225
0.135 31.349 24.193 1.28615
0.000 28.694 23.175 0.87036
0.000 31.131 24.167 0.88041
12.030 31.177 24.692 0.65146
4.985 33.341 23.657 0.65818
0.275 33.726 23.567 0.63579
20.445 29.794 23.034 0.98554
14.160 31.168 24.003 0.55709
4.900 32.453 24.321 0.44800
4.375 29.205 22.064 0.85345
0.000 32.802 23.345 0.53443
6.830 32.576 24.300 0.60839
0.565 30.938 24.022 0.63319
0.185 30.055 24.547 0.50676
4.675 28.632 23.821 0.67947
4.910 31.775 23.740 0.60436
2.170 29.087 23.493 1.08467
19.460 30.259 22.619 1.11402
4.105 27.663 22.602 1.07765
0.000 30.460 22.975 0.53131
4.650 33.798 23.701 0.61434
14.950 28.816 23.278 0.93322
0.000 29.520 23.340 1.18758
0.580 29.404 23.203 1.05471
4.050 30.613 24.219 0.92086
31.800 28.998 23.533 0.76767
0.010 30.796 22.700 1.07960
0.000 32.034 22.580 1.26618
0.010 31.027 20.794 1.23225
0.115 30.216 21.132 1.22865
0.670 29.579 18.971 1.63085
0.000 27.377 19.600 1.33814
0.000 28.948 20.478 1.34022
0.000 30.232 20.411 1.58231
0.000 30.397 21.052 1.23738
0.000 30.283 20.513 1.43520
0.000 30.496 20.015 1.53331
0.000 30.245 20.536 1.69307
0.000 30.042 20.267 1.63746
0.000 30.343 19.891 1.65437
0.000 29.620 19.202 1.74055
0.000 29.655 18.809 1.68478
0.000 29.472 18.644 1.74304
0.000 29.164 19.033 2.05517
0.000 27.463 18.866 2.50263
4.090 26.500 19.448 2.47442
1.980 26.520 19.195 1.92827
0.000 28.832 17.722 1.93556
1.840 27.377 18.787 2.45301
9.350 25.382 19.993 3.72976
1.675 25.530 20.004 2.72585
0.410 28.158 18.873 2.05418
0.095 28.300 19.659 2.02490
0.000 28.820 21.028 1.90364
0.000 29.957 21.466 1.62713
0.005 29.232 20.999 1.66350
0.000 30.217 20.896 1.56632
0.000 30.537 20.583 0.99452
0.000 30.242 21.023 1.15842
3.345 31.382 22.162 1.03961
4.940 30.633 22.532 0.82415
0.000 32.285 23.320 0.60553
0.000 33.223 23.349 0.61060
0.015 30.711 22.473 1.17369
2.160 30.197 21.935 1.96919
0.000 29.633 19.691 2.33247
0.000 28.038 19.725 2.25766
0.345 28.198 19.014 2.64558
0.000 26.751 17.448 3.11283
0.000 25.534 17.082 2.89547
0.000 26.631 17.546 2.51635
0.000 26.411 17.686 2.42419
0.025 28.681 18.579 1.89226
1.080 28.813 20.136 1.88318
0.000 30.002 20.693 1.82548
0.000 30.119 19.886 1.90503
0.000 29.634 19.640 2.42667
0.010 28.399 19.382 2.58604
0.000 29.665 20.061 2.21952
0.000 28.710 19.266 2.73189
0.000 27.353 16.474 2.57870
0.000 29.226 17.241 1.37174
0.000 31.230 20.138 1.52542
0.000 28.494 16.937 2.66238
0.000 26.825 17.058 2.03915
0.000 29.210 17.908 1.59188
0.000 29.707 18.925 1.50062
0.000 30.265 19.026 1.03760
0.000 32.023 19.867 0.82333
0.000 31.230 18.974 1.18977
0.000 30.774 19.052 2.05695
0.000 26.133 15.245 3.78034
0.000 22.700 12.507 3.31491
0.000 21.928 11.495 3.01764
0.000 21.521 10.797 3.15381
0.000 22.080 11.763 3.02140
0.000 24.166 13.392 2.53388
0.000 28.696 14.697 1.93010
0.000 31.619 17.595 1.79138
1.585 29.342 15.556 3.14450
3.915 26.421 15.919 2.68523
4.470 24.596 16.384 2.37091
0.000 30.470 17.182 2.39742
0.000 30.276 17.679 2.36096
0.000 31.594 18.602 2.29079
0.000 30.558 18.529 2.95112
0.000 28.791 16.134 2.75740
0.000 29.405 16.407 1.91398
0.000 30.648 17.473 1.90552
0.180 31.809 19.058 1.87781
0.000 33.591 19.563 1.57973
0.000 33.376 20.588 1.37586
0.000 32.874 21.714 0.74869
0.000 27.700 20.885 0.92725
0.000 35.162 16.675 2.01941
0.000 26.622 15.525 3.56642
0.000 21.472 14.081 3.50316
0.000 22.155 14.585 3.42812
0.000 22.244 13.220 3.22774
0.000 26.415 13.959 2.51204
0.000 28.713 15.120 2.20072
0.590 30.191 16.430 1.52245
0.000 30.371 16.901 1.38934
0.000 31.643 17.056 1.58034
0.000 32.699 17.591 1.71472
0.000 32.199 17.811 2.11371
0.000 33.755 18.809 1.45618
0.000 34.438 20.140 1.59706
0.000 33.162 19.319 1.78069
0.000 33.577 19.522 1.76734
0.000 33.537 20.245 1.35234
0.000 35.283 20.997 1.18932
0.000 34.722 21.628 1.77764
0.000 35.741 22.410 0.85351
0.000 36.359 21.373 1.37793
0.000 29.187 15.678 3.10251
0.000 28.064 16.536 2.17501
0.000 23.884 13.671 3.37784
0.000 22.857 14.436 2.37005
0.000 27.230 13.270 3.48629
0.000 24.786 11.380 3.28942
0.000 26.324 12.446 2.93432
0.000 24.643 10.020 3.39495
0.000 25.186 10.777 2.43090
0.000 28.258 12.020 2.22028
0.000 28.631 12.985 1.63439
0.000 32.896 15.032 0.85093
0.000 34.515 18.062 1.41485
0.000 32.163 16.067 2.97861
0.000 29.888 14.651 3.29735
0.000 30.340 14.505 2.09138
0.000 33.705 16.061 1.01390
0.000 36.857 19.482 0.95670
0.000 37.390 19.732 1.48720
0.000 36.838 20.018 1.24797
0.000 36.618 20.989 1.41135
0.365 37.056 22.603 1.26792
0.000 36.407 22.769 1.00525
5.965 35.836 22.960 1.16713
1.255 36.203 21.232 1.98571
0.000 30.685 18.756 2.12812
0.000 34.359 19.869 1.36668
0.000 34.834 20.214 2.50096
0.015 35.074 20.679 2.18900
0.000 34.899 21.295 1.13908
0.000 36.027 21.764 1.16012
2.590 36.585 23.219 0.97373
0.375 34.939 24.551 0.92339
0.175 36.323 25.886 1.23761
0.000 36.281 25.366 1.18716
9.585 38.584 26.161 0.71317
44.945 32.558 23.129 0.91116
1.015 37.555 24.313 0.94483
0.060 30.389 16.524 3.45032
0.000 29.309 14.674 3.51483
0.000 31.602 16.109 2.48565
0.000 33.899 17.995 2.06017
0.000 35.129 18.508 1.74059
0.000 36.133 19.724 1.09967
17.535 34.737 21.851 1.24984
0.000 32.870 21.261 0.93125
0.000 34.078 22.336 0.98021
0.000 33.542 23.195 1.04618
0.000 33.982 23.075 1.14395
0.080 34.702 24.396 1.11710
8.740 32.644 16.940 2.29304
0.000 28.390 17.729 2.50272
0.000 31.765 17.526 2.54114
0.000 33.095 18.515 2.20192
0.000 35.372 19.646 1.53235
0.000 35.878 19.721 1.67035
0.000 34.738 19.232 2.20033
0.000 34.778 20.449 1.82207
0.000 35.279 21.700 0.60661
0.000 32.896 22.545 1.12767
2.145 33.336 21.471 1.29829
0.000 32.776 20.868 1.58054
0.000 35.535 18.841 1.63111
0.075 35.956 20.410 1.31750
0.000 36.432 21.206 0.91663
0.005 37.183 21.495 0.87761
0.000 35.539 23.359 0.86250
1.940 35.059 19.196 2.77592
0.215 25.301 16.711 3.51356
0.000 31.522 16.973 2.51592
0.000 35.151 19.059 1.19800
0.000 37.658 21.768 0.60505
0.000 39.485 24.382 0.74511
0.000 38.799 25.205 1.22430
0.000 39.786 25.977 0.97632
0.000 39.013 25.740 0.95849
7.170 35.489 21.749 1.70522
0.000 33.762 21.539 1.92641
0.970 32.737 19.919 1.49265
0.000 36.362 21.637 1.15848
0.000 38.157 24.258 0.72676
0.080 37.355 25.193 1.02450
0.300 35.954 25.342 1.00084
0.000 37.498 25.128 1.49028
0.000 38.635 26.484 1.27663
10.030 38.449 26.782 1.28921
5.955 32.437 24.908 0.69224
8.070 32.644 24.348 0.63124
7.140 35.288 24.304 1.29577
18.270 33.774 24.336 0.94918
4.565 30.437 23.186 0.60611
5.860 32.477 24.136 0.71088
22.545 34.233 24.834 0.62912
5.610 33.188 24.247 1.07743
5.605 36.662 24.198 0.93217
0.015 36.061 25.097 0.92634
5.105 35.376 24.799 0.98932
3.410 33.283 24.560 1.50148
0.210 32.455 25.422 1.40973
0.000 32.040 24.694 1.18617
0.010 34.992 25.014 1.03118
12.750 32.469 24.112 0.66608
3.165 31.775 24.447 0.74274
0.000 30.271 23.695 0.72679
12.500 35.305 25.285 0.68519
0.000 33.279 24.641 0.70855
0.000 35.105 24.726 0.78220
31.165 35.467 24.931 1.10366
8.375 32.676 25.257 0.74498
0.385 33.617 24.912 0.63865
0.000 34.458 24.659 0.61876
0.585 31.825 24.416 0.67650
7.875 32.338 24.151 0.64915
15.085 32.940 24.107 0.52793
0.305 33.915 23.904 0.66650
1.735 31.327 24.154 1.01450
0.030 29.091 23.686 0.88236
27.685 29.666 23.537 0.89572
0.635 30.279 23.612 0.52653
1.300 33.446 24.416 0.56629
4.010 31.141 24.578 0.57256
3.550 35.909 24.666 0.56090
0.015 32.092 24.611 0.58275
4.355 32.585 24.663 0.57696
4.110 34.672 24.325 0.42394
31.305 34.781 24.464 0.79152
12.075 32.689 24.606 1.02090
7.540 28.511 23.782 1.17671
6.060 30.500 24.030 1.29360
40.125 30.393 24.605 1.80682
14.255 28.411 23.539 2.22682
0.465 28.676 23.766 1.94752
4.880 30.129 24.093 2.03846
18.245 29.489 24.126 1.96629
1.235 29.745 23.511 2.28446
2.600 30.581 24.021 1.86269
18.790 28.910 23.776 1.61265
31.565 29.130 23.472 2.15327
11.025 28.357 24.003 1.93471
0.010 29.666 23.743 1.77506
0.635 30.333 24.314 1.79712
0.870 30.018 23.847 1.74866
0.000 30.396 24.719 1.47101
0.000 27.899 24.017 1.47985
1.910 27.850 23.027 1.31052
0.190 29.328 24.245 1.49626
18.775 27.617 23.372 1.23070
70.170 28.318 23.658 1.34427
14.780 27.909 23.154 0.68684
5.080 29.471 23.113 0.61773
6.485 30.417 23.155 0.67564
0.000 29.972 23.309 1.12592
9.610 30.013 24.213 1.56104
43.755 30.605 24.476 1.53278
0.000 29.009 23.918 1.65270
0.000 30.574 24.028 1.88784
0.000 29.418 23.976 1.87051
0.000 30.353 24.016 1.90859
0.110 27.505 23.841 1.58495
9.815 27.477 23.518 2.03851
22.305 25.599 22.490 1.99654
14.200 28.758 23.306 1.22936
42.030 28.567 22.960 1.45827
2.960 27.446 23.426 1.84918
10.840 28.190 23.444 1.39314
37.095 28.256 24.052 1.66350
23.945 27.042 23.741 2.12209
5.100 27.681 23.046 2.20347
21.040 27.071 22.274 2.65627
10.595 26.594 22.455 2.71771
31.460 27.103 23.670 1.90456
3.185 28.460 24.206 2.27613
12.890 27.989 24.418 1.71999
7.310 27.780 24.649 2.24195
13.525 27.739 24.248 2.35145
1.605 28.286 24.459 2.10268
34.660 28.084 23.568 2.09018
9.695 27.058 23.661 1.67724
16.125 28.470 23.417 1.62680
58.150 28.704 22.793 1.47523
76.650 28.534 23.769 1.85102
77.865 26.530 23.552 1.64597
4.130 27.743 23.722 1.67052
0.060 27.375 22.632 1.44624
0.000 29.456 23.791 1.61211
0.000 28.661 23.378 1.84635
0.025 26.488 22.869 1.61024
0.005 28.858 23.816 1.38962
0.795 28.230 23.923 1.16500
17.355 26.487 23.369 0.98249
49.145 30.337 23.323 0.97889
66.975 28.165 23.253 1.29190
12.870 26.408 22.190 1.45089
9.120 29.257 22.900 1.72974
1.955 26.920 23.162 2.00986
5.055 27.588 23.476 2.07871
65.050 26.195 23.431 1.95998
15.050 27.224 23.479 2.10892
0.810 27.770 23.608 2.21607
1.765 29.323 23.274 2.39116
0.850 28.717 23.776 2.07640
53.335 29.525 23.500 1.91617
0.000 29.466 23.890 1.77613
13.355 28.023 24.015 1.62435
6.770 28.396 24.086 1.52988
23.030 27.182 23.936 1.61776
53.305 26.934 23.776 1.64496
0.995 27.584 23.957 1.55545
19.600 27.783 23.320 1.61051
7.185 27.738 23.175 1.90910
0.160 26.926 22.623 1.79211
2.430 26.736 23.044 1.64450
1.725 27.450 22.494 2.24923
0.205 28.265 23.104 2.01100
0.000 29.310 23.655 1.54567
0.000 29.677 23.747 1.21299
7.785 27.900 23.753 0.98157
12.500 27.660 23.094 1.24822
0.000 28.878 23.095 1.37504
0.000 29.975 22.839 1.20383
0.000 31.272 23.784 0.95526
15.555 32.779 24.114 0.56796
0.240 30.596 23.886 0.56161
0.995 29.122 22.957 0.73603
2.620 31.008 23.341 0.43739
19.295 31.644 24.039 0.43328
73.345 30.353 23.676 0.83546
1.485 30.873 23.609 0.77241
0.000 32.019 23.720 0.90500
0.210 31.647 23.492 0.76585
6.345 33.603 24.272 0.70059
2.440 28.608 23.704 1.40941
12.200 28.735 23.168 0.86796
43.254 30.996 23.542 0.57384
0.000 32.298 21.951 1.03147
0.825 32.464 22.247 0.84146
22.045 32.516 23.273 0.68576
19.420 32.235 23.416 0.46821
0.885 31.928 23.050 0.67452
0.000 30.424 22.458 0.92722
0.000 32.572 23.921 0.69825
12.290 33.276 24.660 0.60997
1.000 33.386 23.417 0.72877
0.000 31.793 22.353 1.43301
0.000 31.996 22.847 1.28885
0.000 31.414 21.736 1.56883
0.000 30.407 20.823 1.66028
0.400 30.674 21.607 1.85842
0.000 29.656 20.073 1.93545
0.000 30.529 19.989 1.43188
0.000 31.250 20.519 1.08958
0.000 31.648 20.741 1.01563
0.000 31.990 20.258 0.94362
0.000 32.108 21.275 0.95189
0.000 32.265 22.072 1.63718
0.000 30.958 21.527 2.06171
0.000 30.770 21.820 1.84198
0.000 31.442 22.658 1.22770
2.840 33.115 23.382 0.78882
0.000 31.835 24.050 0.60755
2.150 30.715 23.975 0.68770
2.980 29.277 23.153 0.52714
29.825 32.611 23.541 0.50539
0.000 31.932 23.108 0.88137
13.505 32.829 23.548 0.79440
0.710 30.904 23.551 0.56509
0.000 31.273 23.969 0.46926
2.970 32.008 22.136 0.92192
0.000 32.451 23.101 0.63977
0.000 32.306 21.736 0.65378
0.000 31.649 20.585 1.41439
0.000 30.622 21.655 1.80343
0.000 30.778 21.059 1.90912
0.000 30.162 18.568 1.86938
0.000 28.544 17.323 1.81290
0.000 27.703 15.220 1.82462
0.000 27.644 14.855 1.75637
0.000 28.057 16.236 1.33314
0.000 29.942 18.111 0.95270
0.000 31.512 19.960 0.90491
0.000 30.470 20.410 1.53843
0.000 31.466 20.502 1.58731
3.585 31.435 21.434 1.81853
4.300 30.454 22.242 1.61872
1.760 29.961 21.090 1.26069
0.000 31.103 20.722 1.27994
0.000 31.452 20.814 1.06100
0.000 32.066 21.187 0.79882
0.000 32.095 21.533 0.91980
0.000 31.724 22.284 0.67523
0.000 32.395 22.405 0.53652
0.000 32.721 22.586 0.51236
0.000 32.608 23.888 0.61562
0.000 32.733 22.214 0.75953
0.000 32.557 22.529 1.03865
0.000 34.080 21.665 0.68746
0.000 33.292 20.877 1.12684
0.000 31.066 20.243 2.71242
0.000 30.009 18.860 2.21726
0.000 30.723 19.813 2.12669
0.000 28.530 20.284 2.38303
4.250 25.546 19.161 2.19697
0.000 26.770 19.700 1.81269
0.000 29.990 19.697 1.94036
0.000 31.368 20.381 1.99982
0.000 32.793 21.586 1.37525
0.000 33.540 20.771 1.32585
0.000 34.278 21.462 1.05434
0.000 34.368 20.951 1.25734
0.000 34.071 21.647 1.38229
0.000 33.928 20.451 1.23975
0.000 34.558 21.412 1.22849
3.095 31.999 22.478 1.33119
4.280 30.656 22.205 1.51070
0.000 29.289 20.945 1.81392
0.010 31.666 21.427 2.01115
0.000 31.959 18.610 2.58429
0.000 28.499 17.610 3.09519
0.000 28.801 16.699 2.72227
0.000 29.623 17.658 2.63494
0.000 29.878 19.399 2.63960
0.000 30.789 17.764 2.90639
0.000 28.883 16.259 2.57599
0.000 29.994 16.929 1.77995
0.000 33.119 18.335 0.82657
0.000 33.798 20.352 0.84120
0.000 34.437 21.416 1.11542
0.000 34.476 19.312 1.64489
0.000 32.730 19.187 2.12481
0.000 31.813 19.114 1.99211
0.000 32.963 19.944 1.25254
0.000 32.719 21.354 1.22273
0.000 32.639 21.312 1.51943
2.860 32.243 20.482 2.35120
0.000 27.583 18.327 2.97117
0.000 28.528 15.825 3.28106
0.000 25.876 14.828 3.02024
0.550 27.646 15.357 2.93873
0.000 26.722 16.322 2.98247
0.090 29.056 17.182 2.56599
3.455 29.865 17.879 2.07170
0.320 32.616 19.966 1.94354
0.000 33.558 20.523 1.69601
0.000 34.542 18.805 1.43458
0.000 34.128 19.829 1.29806
0.105 33.910 21.102 1.44275
0.000 33.515 21.368 1.32420
0.025 33.773 20.198 1.45114
0.000 34.332 19.945 1.57290
0.000 33.688 18.658 1.64857
0.000 33.298 18.038 1.51840
0.000 32.358 19.185 1.87362
0.000 32.215 17.048 2.80581
0.000 28.829 16.898 3.08664
0.000 31.021 17.370 2.28975
0.000 33.221 18.485 1.66566
0.000 34.209 19.496 1.93875
0.000 32.306 15.840 3.11306
0.000 29.620 14.926 2.71546
0.000 30.905 15.644 1.86842
0.000 31.623 14.783 1.56489
0.000 31.986 15.084 1.98708
0.000 30.395 14.995 2.54396
0.000 30.394 14.590 2.05013
0.000 31.672 15.948 1.76739
0.000 33.314 18.248 1.25639
0.000 34.760 18.694 1.34387
0.000 33.881 17.109 2.08283
0.000 32.732 17.360 2.11753
0.000 34.879 18.557 1.03588
0.000 36.720 20.638 1.14946
0.000 37.034 20.840 1.30157
0.000 37.384 22.187 1.02423
0.000 36.796 23.273 1.19795
0.000 38.011 23.673 0.90133
0.000 39.027 24.267 0.72736
0.000 38.953 25.155 0.86321
0.000 37.593 24.081 1.28859
0.000 36.429 19.471 1.89291
0.000 36.113 19.794 1.70253
0.000 36.223 18.373 1.45894
0.000 36.418 19.691 1.02517
0.000 37.024 21.208 1.02305
0.000 37.220 22.283 0.92489
0.565 35.404 22.829 1.19211
0.000 32.868 22.836 1.28293
0.000 36.065 23.279 1.09620
0.000 37.200 24.396 1.01839
0.000 37.469 24.629 0.87002
0.000 37.155 24.734 0.90477
6.135 36.953 23.688 1.38530
0.000 36.705 22.494 1.22907
0.000 36.460 22.581 1.47916
0.000 35.072 22.687 1.01167
0.000 36.863 23.205 0.90263
0.000 36.917 23.311 0.92068
0.000 37.981 23.686 1.05519
0.000 37.646 24.312 1.55927
0.000 37.630 25.098 1.01344
0.000 36.143 24.709 1.54179
0.000 36.715 24.950 1.35742
0.000 38.423 24.011 1.23631
0.000 39.148 23.651 1.15774
0.000 38.893 24.986 1.51121
0.000 38.872 23.873 1.69687
0.000 39.102 22.784 1.34422
0.000 39.269 21.245 1.30405
0.000 38.784 22.736 0.90348
0.000 39.075 24.818 1.23592
0.000 38.358 24.610 1.37816
0.000 37.072 23.017 2.27563
0.000 37.685 23.495 1.49568
0.000 38.727 23.653 1.42386
0.000 39.355 24.901 1.31467
0.000 38.611 25.475 1.47261
0.000 39.222 26.490 1.40743
0.000 40.028 28.219 1.49748
0.000 40.753 28.109 1.45402
8.375 37.913 24.387 1.79432
1.325 32.225 22.780 1.70157
0.000 35.243 23.423 1.07823
0.000 36.877 23.632 1.28241
0.000 38.363 25.550 0.79394
1.040 35.893 26.531 1.00301
1.450 32.764 24.898 1.18463
14.280 36.170 25.489 0.96498
4.305 29.604 22.766 1.60728
2.445 35.069 23.992 1.12814
0.000 33.310 23.556 1.04767
6.025 35.811 23.250 1.03781
6.835 35.824 23.988 0.69517
0.000 36.721 24.310 1.06355
0.000 34.068 24.592 0.77192
0.005 37.250 25.838 0.86832
0.000 35.618 25.684 1.07143
0.210 37.142 26.730 1.23058
0.000 38.195 25.703 1.47888
0.000 39.878 27.397 1.05173
7.775 37.224 26.896 1.05256
0.125 37.051 26.869 1.29496
11.025 30.979 24.293 1.40867
0.000 35.388 25.150 0.75414
0.425 34.174 25.026 0.76121
0.100 36.684 25.907 1.25666
2.365 36.019 25.531 1.33970
0.000 37.707 25.917 1.68767
0.005 39.022 27.083 1.57169
0.000 37.615 26.647 1.36067
7.655 34.379 25.867 1.05262
0.000 37.390 25.718 0.78202
0.000 41.448 27.223 0.64143
7.525 38.532 27.090 1.04438
9.280 36.590 26.207 0.53671
6.870 33.577 25.201 1.25110
0.395 35.163 25.369 1.04758
0.000 38.125 25.986 0.96119
0.000 38.285 26.521 1.20746
0.000 37.608 25.644 0.88644
0.800 39.009 26.294 1.20962
0.825 37.593 26.036 1.08456
15.250 36.667 26.467 0.97245
0.225 31.366 24.476 1.46597
38.500 31.784 25.674 1.14413
0.380 33.762 25.854 0.81939
54.900 32.869 25.230 1.01854
20.795 31.224 24.791 1.13281
1.025 30.509 24.714 0.88063
15.680 30.511 24.757 0.76806
1.460 32.730 24.379 0.94293
3.840 30.340 24.629 1.10281
1.250 32.495 24.385 1.45279
0.625 32.115 24.653 1.26536
0.600 32.466 24.466 1.41508
0.000 30.989 24.364 1.36074
0.010 33.741 24.544 1.33840
0.000 34.666 25.650 1.30630
0.000 34.656 26.097 1.17804
6.095 32.701 24.651 1.07808
4.720 32.401 24.739 0.62983
0.045 32.397 24.856 0.83239
3.695 32.909 24.499 0.90254
11.845 32.293 24.879 1.44003
5.350 30.270 24.894 1.37577
2.380 31.164 24.712 1.26986
2.220 30.817 24.680 0.99678
13.020 30.797 23.035 0.93532
5.860 31.210 23.923 0.96284
8.540 30.631 24.424 1.04345
19.150 32.051 23.856 1.00932
0.000 32.744 23.845 0.89826
0.000 33.277 25.002 0.89439
0.350 31.722 24.685 0.82845
30.690 31.635 24.800 0.80910
0.005 30.486 24.121 1.10192
0.190 31.280 24.167 0.96662
0.000 32.276 24.096 1.13948
0.000 32.346 24.761 1.36294
0.000 31.841 25.003 1.61584
0.000 32.290 25.045 1.60481
0.000 29.534 24.704 1.52543
0.370 31.903 24.845 1.50572
18.770 31.169 25.417 1.42142
14.355 30.573 24.964 1.44368
1.490 29.989 24.551 1.40395
4.465 30.439 24.739 1.54344
0.065 29.789 24.621 1.33605
0.000 31.823 24.690 1.18277
0.000 32.814 24.689 1.06448
0.335 33.967 24.912 1.08907
4.415 33.697 25.642 1.15480
0.005 30.641 24.958 1.26223
0.175 31.165 25.143 1.37416
0.000 30.022 24.878 1.47294
0.000 30.668 24.780 1.67998
0.090 30.613 24.231 1.86061
0.000 31.760 24.116 2.25609
0.000 31.493 24.335 2.12686
2.395 30.625 24.331 1.97056
29.020 28.342 22.561 1.76687
37.925 25.943 22.972 2.03791
18.410 25.622 22.194 2.65130
0.000 28.075 23.137 2.21447
6.170 30.737 23.591 1.86594
0.000 31.665 24.002 1.82828
0.125 30.501 22.834 1.84713
0.000 30.226 24.112 1.85619
1.735 30.969 22.553 1.78952
14.755 31.174 23.318 1.62120
0.480 30.442 23.999 1.28985
0.000 30.718 24.670 1.46839
0.070 29.902 24.650 1.63959
0.000 30.431 23.117 1.54263
0.000 31.022 23.760 1.36111
0.000 31.671 24.618 1.04622
0.775 31.844 23.761 1.38771
1.555 31.397 24.826 1.18673
0.155 30.396 24.777 1.41152
0.000 30.951 24.253 1.28298
18.995 31.251 24.402 1.24976
22.780 29.104 23.482 1.06154
48.870 28.820 24.059 1.53123
5.205 29.082 23.941 1.42048
89.850 28.134 23.218 1.53082
1.595 28.736 23.314 1.23692
6.185 28.636 23.293 1.19129
0.110 28.148 23.232 1.64451
12.510 29.183 23.699 1.56548
27.510 28.073 23.180 1.64943
20.715 26.376 21.972 2.24845
3.715 26.370 22.232 2.42495
0.775 27.176 22.471 2.18433
2.330 28.291 22.232 2.32037
2.380 27.190 22.904 1.67490
0.700 30.414 22.918 1.51465
0.385 28.743 23.773 1.36026
0.125 30.472 24.105 1.61269
0.000 30.423 24.231 1.44926
1.895 29.649 24.628 1.31830
3.510 29.684 23.836 1.50926
1.020 29.731 24.088 1.68711
0.030 30.480 24.514 1.89185
2.960 28.916 24.320 1.38067
36.580 28.132 24.446 1.28468
2.345 29.432 24.598 1.43158
3.230 29.448 24.548 1.77320
12.395 28.846 24.346 1.84915
0.310 29.588 24.088 1.42833
46.035 28.414 24.182 1.23774
4.760 28.009 23.837 1.39760
1.035 29.932 24.083 1.62413
43.195 28.405 23.910 1.41628
41.710 28.258 24.085 1.35606
49.795 27.166 23.713 1.22048
8.215 28.824 23.919 1.73512
18.430 28.639 23.655 1.52084
0.000 29.895 24.064 1.29056
3.175 30.649 23.982 0.62236
133.750 27.694 23.508 2.70193
42.730 25.642 22.847 2.92741
4.145 29.827 23.883 1.53434
38.755 28.575 24.274 1.00759
97.715 26.849 23.500 2.60372
180.560 26.717 23.726 3.35419
60.015 26.721 23.872 2.60341
3.160 27.655 23.539 1.46146
0.590 28.166 24.090 1.37317
16.060 28.866 24.306 1.38124
1.655 28.133 23.792 1.39418
4.950 29.492 23.960 1.67348
16.750 25.830 22.959 1.52352
0.225 27.207 22.352 0.95162
8.885 29.850 23.631 1.09763
1.080 32.112 23.023 0.68768
0.005 31.503 22.811 0.96792
0.000 32.922 22.753 0.62309
0.000 33.695 22.197 0.65919
0.000 32.743 22.649 1.03744
2.510 30.591 22.891 1.24792
32.865 31.848 23.691 0.82859
4.285 30.304 23.126 0.59139
0.000 30.604 22.317 1.53122
0.000 30.110 21.982 1.56137
0.000 30.161 21.190 1.71671
0.000 30.263 19.784 1.59000
0.000 31.363 21.460 1.49181
0.000 31.151 20.917 1.69537
0.020 30.707 20.600 1.46574
0.000 31.506 21.153 1.28254
0.000 31.748 20.682 1.01801
0.000 33.167 19.887 0.83671
0.000 34.767 21.914 0.63855
0.000 32.781 23.165 0.68363
7.235 31.319 23.684 0.79531
14.875 27.789 23.050 0.59512
1.745 31.931 22.197 0.44151
0.000 31.160 21.486 0.73002
0.000 31.458 22.237 0.85389
0.230 32.003 22.996 0.62642
1.995 31.180 23.459 0.50327
0.000 32.092 22.680 0.53024
0.220 32.505 22.686 0.65409
4.760 32.707 21.734 0.71436
0.000 31.308 20.683 1.37538
0.395 31.181 21.784 1.69818
0.835 30.699 22.149 1.79972
0.000 31.191 21.525 1.91595
0.000 30.698 20.617 1.91230
0.000 30.339 20.661 1.95383
0.000 30.465 19.668 1.66831
0.000 30.719 20.325 1.42567
0.000 31.656 20.735 0.85787
0.000 33.729 21.909 0.48002
0.000 32.566 23.110 0.69850
0.000 32.936 22.523 0.88590
0.250 31.564 22.240 1.33146
0.000 31.589 21.752 1.41795
0.000 31.861 22.003 1.39067
0.000 31.663 21.303 1.66367
0.000 29.044 18.011 2.13994
0.050 28.664 19.144 2.31590
24.985 25.163 21.639 2.14317
0.070 28.539 21.551 1.11940
2.910 30.489 22.006 0.90831
0.000 30.017 20.176 1.61301
0.000 29.952 19.515 1.75385
0.000 29.302 19.032 1.64424
0.000 29.985 19.856 1.15155
0.015 29.025 18.845 1.90668
1.300 28.143 16.618 1.92912
1.015 27.712 16.112 1.73793
6.115 27.725 17.557 2.04836
6.955 27.645 18.658 2.00203
0.290 30.369 20.599 1.24484
0.000 30.191 20.116 1.69060
0.000 29.661 19.430 2.33931
0.000 29.696 20.096 1.38516
0.000 32.439 21.582 0.58595
0.000 32.289 21.150 0.64806
0.000 32.473 19.764 1.60522
0.000 30.490 18.707 2.19515
0.000 29.643 18.343 2.26547
0.000 30.039 17.861 2.05814
0.000 30.488 17.536 1.48938
0.000 30.843 17.231 1.18631
0.000 31.833 18.514 1.57811
0.000 30.184 19.103 2.23673
0.000 31.970 20.316 2.17840
0.000 32.524 21.508 2.45333
0.000 31.103 19.798 3.00399
0.000 30.770 19.755 2.48282
0.000 32.187 20.259 1.93312
0.000 31.660 19.666 2.38618
0.000 26.312 16.355 3.39096
0.000 24.800 14.538 2.86730
0.000 25.074 13.531 2.79884
0.000 25.783 14.508 2.90040
0.000 24.487 12.554 3.02910
0.000 24.592 11.070 2.63421
0.000 24.920 11.254 2.37863
0.000 26.328 11.985 2.00750
0.000 27.558 12.777 1.65355
0.000 28.828 13.854 1.58275
0.395 30.443 16.555 1.66900
3.935 30.545 16.676 1.83423
0.000 32.274 17.829 1.46803
0.000 32.690 18.804 1.41397
0.000 34.201 20.057 1.11614
0.000 33.910 20.203 1.05753
0.000 33.783 21.280 1.12607
0.000 32.998 21.297 1.53006
0.000 32.291 20.173 1.54379
0.000 33.347 19.404 1.35891
0.000 33.701 18.836 1.20623
0.000 33.798 19.192 1.11500
0.000 34.165 18.933 1.14927
0.000 34.072 18.752 1.00725
0.000 34.326 18.434 1.91277
0.000 30.170 16.015 2.75354
0.000 31.167 16.848 1.69467
0.000 32.330 17.824 1.76914
0.000 32.764 18.972 2.16405
0.000 32.648 19.531 2.56881
0.000 32.932 18.594 2.37624
0.000 32.640 19.592 2.14486
0.000 33.363 18.662 1.79130
0.000 32.389 17.331 1.77775
0.000 32.828 17.213 1.50797
0.000 33.704 18.118 0.98671
0.000 34.483 19.477 1.46339
0.000 34.082 19.950 1.60392
0.000 34.606 18.705 1.70793
0.000 34.469 17.920 1.47018
0.000 33.234 19.086 1.55404
0.000 33.465 18.609 2.15126
0.000 33.756 18.683 1.28754
0.000 34.452 17.725 1.08630
0.000 34.169 18.291 0.97091
0.000 35.146 18.303 1.50661
0.000 33.436 17.023 2.06507
0.000 33.492 17.081 1.70258
2.390 33.416 18.303 1.84183
0.000 32.938 17.822 1.70994
0.000 34.998 18.843 1.22975
0.000 36.310 19.907 1.14464
0.000 37.346 21.177 0.99442
1.375 37.632 20.932 1.35652
0.000 36.380 20.394 1.82198
0.000 25.095 17.237 2.63882
0.000 30.901 17.234 2.00229
0.000 29.871 17.200 2.37539
0.150 26.416 14.272 3.03347
0.000 28.516 15.107 3.05056
0.000 30.694 15.539 1.90701
0.000 33.360 16.412 1.31619
0.000 34.225 16.839 1.27213
0.000 35.101 18.458 1.34137
0.000 35.082 19.652 1.76336
0.000 34.589 17.568 1.24339
0.000 35.856 18.870 0.81682
0.000 36.141 17.852 1.78297
0.000 34.442 19.169 2.61848
0.000 33.315 18.789 3.14211
0.000 32.031 19.448 1.64848
0.000 35.554 20.427 0.89504
0.000 37.135 22.765 0.84688
0.000 36.897 25.402 1.55331
0.000 36.846 24.261 1.73202
0.000 38.256 22.938 1.54416
0.000 35.127 17.261 3.08087
0.000 30.296 15.779 3.55117
0.000 31.168 15.744 2.67992
0.000 33.251 16.857 2.13448
0.000 33.955 17.139 2.40500
0.000 33.233 16.921 2.91410
0.000 33.029 16.851 3.01737
0.000 33.538 15.456 2.36097
0.000 34.846 16.534 1.74636
0.000 35.870 17.824 1.54839
0.000 36.452 19.442 1.53138
0.000 34.995 19.758 1.97541
0.000 35.746 20.256 1.45778
0.000 37.104 20.323 1.16912
0.000 38.637 22.118 1.20138
0.000 38.539 24.204 1.18162
0.000 37.505 23.875 1.23963
0.000 37.736 22.100 2.51590
15.250 29.897 21.442 2.11211
0.000 32.125 21.715 1.08582
0.000 36.333 22.607 1.05760
0.000 38.849 24.261 1.24033
0.000 39.432 24.084 1.45608
0.000 40.708 22.017 1.99995
0.000 37.877 23.038 0.99308
0.000 39.584 25.878 1.01166
0.000 40.321 26.258 0.94196
0.000 36.360 22.783 2.50046
0.085 33.309 23.540 1.27284
0.000 36.747 24.567 1.17273
0.000 34.806 25.374 1.03686
0.090 37.249 25.711 1.24006
0.000 35.181 24.482 1.37867
0.000 36.011 23.975 1.08454
0.000 37.680 23.787 1.14325
0.000 38.095 25.048 1.10043
0.000 37.770 24.794 1.18817
17.500 37.225 24.839 1.01564
0.000 37.004 25.815 1.16079
0.000 37.983 26.238 1.15386
0.000 39.579 27.733 1.00380
0.000 40.636 28.178 1.00721
0.000 39.137 28.857 1.55114
0.000 39.686 28.110 1.58518
0.000 41.043 27.283 1.04661
2.085 38.518 26.998 1.17150
6.670 36.661 25.219 1.40565
0.000 37.950 25.781 1.02353
0.000 38.608 25.328 1.63698
0.000 37.137 23.226 1.94974
0.015 37.341 22.315 1.59010
4.460 36.566 22.044 1.54078
0.000 36.275 22.649 1.44592
0.625 37.090 24.210 1.65379
0.000 34.032 25.123 1.10647
11.230 35.915 25.644 0.86181
2.035 33.965 18.974 2.46259
4.300 28.501 19.493 2.68890
0.035 34.095 21.341 1.68116
0.000 37.257 23.910 0.81251
0.105 32.881 23.824 1.35338
0.265 33.815 23.572 1.19193
0.240 34.561 23.956 0.79045
0.000 38.427 25.988 0.92850
0.000 38.654 26.987 1.16359
0.000 39.759 27.572 1.11547
23.090 33.969 25.677 1.36811
0.435 35.364 24.436 1.45868
0.560 31.344 21.059 2.85446
0.000 35.498 22.331 2.80156
0.000 34.577 21.496 3.00436
0.000 32.500 21.345 2.48485
0.000 37.134 21.378 2.30695
0.000 37.568 22.480 1.63967
0.000 39.115 24.972 1.21867
0.000 38.588 26.502 1.11424
0.000 37.840 26.905 1.25635
2.125 33.972 25.975 1.10914
8.290 34.302 25.772 0.95134
0.000 38.949 27.474 0.97211
0.015 37.735 27.436 1.41626
0.000 34.506 26.962 1.22277
0.000 33.309 26.346 1.22382
0.000 35.385 27.278 1.38597
0.170 33.605 27.728 1.06328
19.425 33.653 24.466 0.71250
0.000 39.104 26.024 0.92072
0.045 40.083 27.007 1.24852
0.205 35.409 26.481 0.92953
0.000 37.562 26.202 0.86946
0.145 37.105 26.446 0.85922
40.710 37.111 25.165 1.36830
0.000 35.789 25.284 1.40160
4.100 35.861 25.903 1.66895
0.145 32.196 25.478 1.36868
0.165 36.750 26.598 1.62920
0.085 34.477 26.713 1.32340
23.880 34.622 25.392 1.56155
0.000 33.010 25.017 0.90980
18.770 29.896 24.924 1.04043
4.550 32.273 24.804 1.23067
0.190 34.599 24.945 1.07541
7.030 31.335 23.867 0.96149
3.715 31.926 24.287 1.05871
1.280 32.046 24.280 1.17919
8.630 31.485 24.318 1.05459
0.115 30.969 24.298 0.85801
7.280 30.744 23.788 1.06774
0.000 31.239 24.046 1.13719
0.000 31.890 24.397 1.35690
0.475 30.024 24.203 1.37582
0.385 31.830 23.733 1.55725
0.000 32.955 24.177 1.28062
0.000 32.933 24.667 1.31322
0.000 33.752 25.173 1.24081
1.125 32.307 24.181 1.24957
1.480 33.146 24.701 0.97304
0.010 34.147 25.194 1.12346
68.605 34.041 25.018 1.33768
1.385 30.897 24.212 1.13675
4.645 29.670 23.469 1.49395
3.370 29.203 24.143 1.61255
2.305 27.426 23.634 1.41978
0.000 29.806 22.558 1.33371
0.000 32.607 24.516 1.04790
24.930 33.270 24.294 1.04654
7.655 31.850 24.690 0.98871
1.810 32.703 24.854 1.13819
0.135 31.584 24.314 1.03244
0.000 32.915 25.740 1.06255
8.435 30.540 23.701 1.21123
3.340 31.689 23.726 1.20527
0.890 32.345 24.402 1.08361
0.065 32.365 24.227 1.45319
1.265 31.481 24.200 1.42762
0.310 29.465 23.626 1.82123
7.565 29.521 22.895 2.13027
16.985 28.676 23.620 1.45692
0.485 29.747 23.675 1.51560
0.000 29.956 22.940 1.37589
0.000 30.636 23.670 1.02101
7.015 31.725 24.588 1.06123
0.000 30.904 23.215 1.34363
0.000 32.420 24.331 1.24592
0.000 31.257 23.774 1.12786
0.000 31.015 24.283 1.20924
4.505 31.089 23.981 0.83346
16.215 30.341 24.093 0.86745
4.275 30.883 24.437 0.72345
2.795 28.179 23.363 0.68656
4.440 32.018 24.297 0.84744
4.050 30.689 23.297 1.09363
0.000 31.898 24.477 1.07003
53.070 31.516 24.779 1.00416
1.640 30.853 24.348 0.80036
17.980 31.631 24.122 0.78325
7.530 31.842 23.952 0.79499
1.615 32.468 23.966 0.69318
0.000 33.668 24.693 0.50797
0.000 32.540 24.084 0.66429
2.575 31.791 23.837 0.82554
0.060 32.128 24.576 0.86777
30.315 30.722 24.327 0.91266
25.980 29.742 24.175 0.76247
1.060 30.820 24.024 0.89084
37.095 31.038 24.139 0.89260
9.930 30.933 24.747 1.24696
80.185 27.699 24.466 2.71240
7.505 28.829 23.906 2.56666
1.415 29.857 24.570 2.15020
0.335 29.817 24.161 1.67029
0.975 29.202 24.518 1.09998
6.480 30.688 24.358 0.86151
8.520 29.300 23.969 0.90738
2.245 30.262 23.416 1.40692
0.000 28.973 24.281 1.29421
5.590 29.363 24.467 1.64386
1.140 28.680 24.682 1.42236
5.450 27.786 23.441 1.58399
10.490 29.086 23.273 1.38850
13.510 27.570 23.507 1.05427
2.925 27.322 23.293 1.18913
17.525 27.692 22.709 1.11107
7.430 29.454 22.712 1.04864
41.900 30.144 24.092 0.97784
1.995 27.089 23.353 1.07817
16.485 27.266 22.724 1.09739
4.830 27.841 23.481 0.75505
0.045 29.506 23.620 0.92435
0.290 29.735 24.015 1.42051
0.730 29.108 23.648 1.23010
0.000 30.308 24.030 1.10797
29.395 30.555 24.934 1.38499
10.520 29.085 24.408 1.33982
0.000 30.360 24.354 1.07450
1.075 31.275 24.091 0.75840
3.095 30.810 24.041 0.64476
0.715 30.704 23.887 0.52930
0.000 31.484 24.016 0.50951
2.340 29.151 24.013 0.55273
6.135 29.828 24.014 0.62098
11.190 31.042 23.800 0.58996
0.725 31.143 21.748 1.23934
4.700 31.129 23.162 1.40485
0.275 27.495 24.181 2.62456
0.045 28.148 23.725 1.48937
6.290 27.699 22.666 1.33779
0.245 28.286 21.361 1.67383
5.725 25.884 21.316 2.28111
0.000 26.648 22.130 1.79224
0.590 27.813 21.955 1.40010
1.605 30.759 22.662 0.89116
0.000 30.132 23.253 1.03400
0.045 28.406 24.057 1.56949
38.815 27.964 22.600 1.61194
62.300 27.454 22.042 0.68013
49.005 30.966 22.758 0.96745
5.385 26.771 21.946 2.06831
0.100 28.459 18.240 2.29934
59.005 26.936 16.919 1.86942
3.375 25.338 17.986 1.43159
0.060 27.305 18.375 1.51258
0.125 25.846 19.001 1.26113
0.760 27.844 19.490 0.90455
2.465 27.879 20.590 1.62713
4.730 24.845 20.720 3.22236
2.195 28.660 22.115 1.71913
22.180 30.202 22.055 1.25628
0.330 30.258 21.598 1.85254
3.425 29.115 20.313 1.89855
5.075 27.893 20.057 1.62691
6.925 28.548 19.265 1.88981
3.790 28.220 19.127 1.72625
10.875 28.689 20.287 1.72584
63.310 28.378 21.085 2.33680
16.245 27.985 19.275 2.13948
6.535 27.909 18.899 2.17639
14.385 27.020 17.882 2.42355
39.465 23.991 18.842 2.84555
6.610 27.037 19.771 2.72117
0.450 27.189 16.755 2.24062
0.360 26.446 17.288 1.95592
4.280 26.705 17.414 1.82220
36.350 24.220 18.271 0.97520
32.295 30.651 19.697 0.68055
44.560 31.565 20.510 0.80751
1.685 30.932 20.749 0.88938
1.055 31.022 21.481 0.88798
0.175 31.812 22.139 0.71449
0.000 32.056 22.382 0.84922
0.000 30.818 20.216 1.19871
0.055 29.375 19.504 1.67770
7.165 29.587 19.863 1.66588
0.010 29.368 19.527 1.74749
4.265 29.059 19.284 1.77666
41.350 28.652 18.952 2.04277
0.045 27.595 18.683 2.45400
0.000 25.440 17.915 2.76174
0.050 25.310 17.727 2.51556
0.000 24.981 18.299 2.21347
0.005 27.168 17.422 2.14973
0.000 26.031 15.436 2.35237
0.025 24.046 14.516 2.34967
1.360 24.289 14.579 2.16245
1.665 25.826 15.408 1.75377
0.000 26.983 16.469 2.08802
0.000 26.094 14.948 2.05667
0.075 26.460 15.868 1.57323
5.990 27.451 17.260 1.60113
2.670 28.762 19.029 1.27960
0.000 29.610 20.204 1.00640
0.000 30.932 21.193 0.78074
1.555 30.797 21.031 1.51614
1.745 28.516 18.211 2.30015
0.000 27.247 16.198 2.50551
0.000 26.753 16.259 2.36592
0.000 26.381 15.697 2.68631
0.000 24.337 14.596 2.93322
0.000 21.651 12.961 2.89536
0.000 21.823 11.693 2.53201
0.000 25.105 12.915 2.14413
0.000 27.800 15.578 1.79382
0.000 27.134 16.687 2.02667
0.000 28.175 17.257 1.78193
0.000 30.205 18.787 1.07789
0.000 31.573 19.405 1.13402
0.000 31.509 18.252 1.13847
0.000 31.344 18.193 1.55698
0.000 25.283 13.907 3.50333
1.740 22.397 12.281 3.19754
0.000 34.875 24.856 0.50799
0.000 32.695 24.297 0.57268
0.000 34.072 24.711 0.82653
0.000 30.376 24.898 0.71123
0.000 30.923 24.327 0.76380
0.000 29.180 23.715 1.01522
0.000 29.471 23.907 0.86659
0.000 30.493 24.552 0.67001
0.000 30.413 24.243 0.52204
0.000 31.779 23.423 0.57365
0.000 31.238 23.768 0.68186
0.000 32.371 23.087 0.53697
0.000 32.155 24.278 0.66037
0.000 31.277 24.032 1.12168
0.000 31.193 23.575 0.59782
0.000 32.253 24.079 0.68548
0.000 31.155 24.609 0.87980
0.025 27.708 23.338 2.21107
0.000 28.414 23.734 1.82728
0.290 27.585 23.755 0.96746
0.180 29.623 23.680 0.57258
0.005 30.239 23.772 0.66771
0.000 31.355 23.996 0.57065
0.000 31.031 23.778 1.51155
0.000 29.005 23.012 1.05707
0.000 31.566 23.745 0.69587
0.000 33.527 23.559 0.71281
0.000 30.795 23.910 1.15109
0.030 29.586 23.631 0.97738
0.000 28.719 23.675 0.84848
0.000 22.448 12.138 2.79509
0.000 24.315 12.691 2.08127
0.000 26.998 13.740 2.30507
0.000 27.917 15.831 2.35139
0.000 29.539 16.623 1.96252
0.000 29.810 17.184 2.03684
0.000 29.345 15.575 2.65419
0.000 25.159 12.525 3.40511
0.000 23.053 12.529 2.91336
0.000 23.598 12.203 2.92444
0.000 20.778 10.979 3.73280
0.000 21.071 8.063 2.54981
0.000 25.676 9.132 1.42327
0.000 28.988 12.956 1.11064
0.000 30.295 14.847 1.03407
0.000 30.171 16.371 1.46256
0.000 27.878 13.284 3.46341
0.000 23.104 10.247 2.73780
0.000 26.702 11.198 1.24641
0.000 29.829 14.066 0.90509
0.000 31.078 16.740 1.26959
0.000 31.101 16.259 1.52090
0.000 31.343 16.444 1.43618
0.000 32.742 17.775 0.95596
0.000 33.943 16.730 1.51312
0.000 31.479 17.502 1.93792
0.000 32.758 18.614 1.67534
0.000 30.255 17.650 2.92246
0.000 29.454 16.644 2.42694
0.000 30.650 16.824 2.01678
0.000 32.041 17.391 1.71884
0.000 32.198 16.352 1.79233
0.000 32.548 16.492 1.93276
0.000 31.394 15.482 2.32778
0.000 31.180 16.768 2.13834
0.000 31.744 16.402 1.97884
0.000 32.438 17.560 1.62793
0.000 32.184 18.889 1.02854
1.825 32.820 19.780 1.85385
15.595 32.686 16.346 2.37525
0.000 29.001 12.910 1.76529
0.000 29.369 12.966 1.99315
0.000 30.084 13.116 2.00634
0.000 32.128 14.702 1.35983
0.000 32.520 16.039 1.36296
0.000 33.945 17.658 1.04666
0.000 34.589 17.580 1.49651
0.000 31.609 16.317 2.72281
0.000 30.352 15.524 2.99073
0.000 29.931 13.899 2.72269
0.000 31.298 14.373 1.83733
0.000 33.707 15.876 0.95538
0.000 35.496 17.618 1.04361
0.000 35.560 17.813 1.33284
0.000 36.433 19.611 0.91893
0.000 36.728 22.019 1.34296
0.000 38.448 21.636 1.07870
0.000 37.501 22.601 1.68102
0.000 36.167 22.977 1.23842
0.000 37.199 24.807 1.10096
0.000 35.792 20.655 2.30703
0.000 30.500 20.589 1.58247
0.000 36.964 22.382 0.83908
3.360 38.098 24.072 0.92009
0.000 38.119 23.596 1.22533
4.310 37.507 23.177 1.89399
8.060 31.580 21.640 1.33159
0.000 35.753 21.695 1.28131
0.000 35.727 22.030 1.31097
0.000 37.087 19.657 1.93076
0.000 36.988 19.493 1.96762
0.000 36.655 19.524 1.94028
0.000 36.598 20.589 1.41350
0.000 37.772 22.336 1.04980
0.000 38.277 24.171 1.08442
0.000 38.199 24.877 1.04328
0.000 39.279 24.520 0.92686
0.000 39.668 25.760 1.07596
0.000 39.634 26.415 1.08393
0.490 35.001 19.770 2.85888
0.000 31.304 17.852 3.70465
0.000 33.535 19.129 2.80426
0.000 36.174 20.834 1.78194
0.000 37.933 22.867 1.42830
0.000 38.427 24.871 0.98651
0.000 39.278 26.445 0.96159
0.000 32.457 25.725 1.18157
0.000 39.881 26.990 0.98461
0.000 39.781 28.653 1.58120
0.000 40.291 27.845 1.38093
0.000 39.474 28.293 1.30138
20.555 37.613 26.201 1.12619
0.195 35.154 25.739 0.70384
11.220 34.993 23.716 1.56467
0.000 36.258 22.849 1.62294
0.000 37.937 23.550 1.67730
0.000 38.285 24.842 1.07261
2.445 37.709 24.939 1.11680
1.315 37.067 22.759 1.84874
0.000 38.120 24.018 1.98270
0.000 36.863 25.249 1.07883
0.000 36.361 25.600 0.88469
0.020 38.888 26.571 0.85774
2.225 32.720 24.534 1.30686
0.565 33.414 25.596 0.77268
6.050 34.770 24.397 0.67882
0.000 31.078 23.059 0.96624
20.940 37.773 24.651 0.94214
8.835 32.712 24.110 1.01128
1.890 33.613 24.112 0.95090
0.000 36.298 25.901 1.01033
0.060 36.282 26.105 1.09706
0.000 32.997 25.978 1.03473
0.000 36.266 26.628 0.94215
6.055 33.958 25.606 1.04149
34.640 33.981 24.973 0.78666
7.230 27.988 23.466 0.77578
1.180 32.296 24.028 0.96234
3.800 27.898 21.615 1.47230
4.395 30.866 22.729 0.76959
3.180 31.922 23.320 0.70591
81.729 32.714 24.246 0.54204
0.000 32.627 24.704 0.71534
0.000 34.778 24.631 0.65532
7.965 32.880 24.571 0.66595
1.820 32.780 23.961 0.70958
3.160 32.662 23.783 0.56876
0.000 34.878 25.038 0.68175
0.000 32.232 24.231 0.83859
0.000 33.027 25.137 0.87407
4.460 30.248 24.992 0.82762
0.000 32.015 25.231 0.95082
0.000 33.167 25.277 0.77758
3.450 31.862 25.521 0.99433
7.875 31.208 24.870 1.20716
0.000 32.153 24.345 0.74890
6.385 35.332 25.943 0.73714
0.000 31.279 25.438 1.08820
13.070 32.618 25.658 1.15137
0.000 30.274 25.096 1.11086
0.000 32.109 24.938 1.09193
0.000 32.237 25.049 1.32891
4.740 32.400 24.955 1.06690
16.735 31.275 24.176 1.18114
6.825 28.456 22.905 1.63031
6.030 33.337 24.370 0.57448
0.800 32.219 24.221 1.10424
0.000 31.762 24.924 1.19410
0.325 31.730 25.297 1.18169
0.000 30.273 23.320 1.20904
0.000 33.138 25.340 1.23483
0.000 33.365 24.026 0.58034
0.000 33.129 23.359 0.65257
0.005 31.531 23.352 0.63772
1.455 32.206 23.726 1.03984
9.030 30.725 23.283 1.34670
99.640 28.538 23.658 1.27547
2.855 27.275 23.318 1.08031
1.535 30.575 24.052 1.07889
2.325 30.718 24.246 1.05859
37.110 29.978 24.787 1.19878
9.120 28.920 23.628 0.63170
43.920 29.601 19.240 1.37384
0.970 26.645 20.336 1.02669
1.220 28.442 21.116 0.72976
0.000 29.383 23.070 0.79063
0.000 27.412 20.625 1.77262
0.000 24.999 20.836 2.30367
0.000 27.869 22.442 1.06315
0.000 31.276 23.147 0.82429
0.000 32.783 24.241 0.44306
0.000 31.150 22.819 0.68386
0.000 28.216 20.311 1.89548
8.920 25.067 20.145 1.70827
0.635 26.742 18.565 1.74316
2.535 28.266 18.959 1.75944
0.565 28.920 20.024 1.76450
10.500 29.543 21.005 2.28293
6.010 28.865 22.617 1.48004
7.355 30.321 22.021 1.13047
0.930 31.249 23.004 1.00972
1.830 30.825 22.585 0.79934
0.000 30.113 21.824 1.03421
1.860 30.910 21.226 1.27880
0.000 30.737 21.590 1.28813
7.885 32.160 22.484 0.67660
0.590 33.510 23.323 0.54722
0.385 31.866 22.955 0.65168
19.695 32.041 21.444 1.60730
12.820 26.495 17.574 3.10924
0.705 26.171 17.636 2.48828
3.485 25.660 17.014 2.28507
13.925 25.853 17.823 1.83573
11.700 28.188 19.017 2.23019
37.345 26.951 18.396 2.30593
5.305 27.858 18.741 1.76265
18.600 29.530 19.808 1.61060
9.100 29.162 21.635 1.53026
51.280 29.433 21.749 1.99880
12.085 28.963 19.845 1.85337
2.265 31.122 20.583 0.71622
3.700 32.312 21.587 0.69816
19.740 31.414 21.199 1.11577
51.435 30.311 18.836 2.42381
83.915 25.887 17.596 2.97414
35.770 26.628 17.226 2.55629
0.000 25.421 17.065 2.12033
0.000 26.966 16.488 2.20634
0.000 26.965 17.327 2.40756
0.000 26.941 18.380 2.54329
15.135 25.722 19.174 2.56908
2.880 24.908 17.766 2.84179
6.540 24.183 14.277 2.49065
2.290 25.076 12.661 2.29136
1.550 24.130 11.419 2.04336
1.330 23.471 11.586 1.97569
0.000 25.232 12.839 2.06637
0.000 24.894 12.758 2.04907
0.000 25.241 13.309 1.92971
0.000 26.634 14.635 1.79483
2.170 28.235 16.777 1.92854
4.260 26.990 14.914 1.90579
6.175 27.248 16.267 1.79364
6.040 27.937 17.824 2.50515
3.185 26.341 15.900 2.55419
51.470 27.389 16.565 1.77374
0.380 29.622 17.822 1.16826
0.000 30.918 19.598 1.46450
0.000 29.452 18.127 2.86633
4.715 27.288 16.719 3.23347
5.720 23.462 14.438 2.69331
4.025 26.258 14.618 1.58316
0.760 27.966 15.492 1.45170
0.000 27.962 17.869 1.52448
0.000 27.872 18.752 0.96235
23.460 29.487 20.005 1.20279
0.635 25.961 19.521 1.79516
16.960 30.135 18.421 2.38834
8.000 25.458 15.819 3.11127
10.785 26.615 16.855 2.46031
27.610 29.331 17.853 2.59712
5.145 26.931 16.597 2.84542
24.995 28.491 16.150 2.43555
14.080 32.803 25.488 0.96540
10.595 33.553 25.996 1.26110
27.800 31.628 25.284 1.16660
13.285 31.364 24.301 1.06677
1.245 28.878 24.444 1.04453
2.540 29.407 24.566 1.52849
11.250 27.741 23.927 1.98419
24.460 28.282 24.115 1.68900
44.430 28.799 23.945 1.63324
8.740 28.497 23.467 1.58625
24.305 28.883 23.833 1.48116
40.725 26.202 23.053 2.49976
9.415 28.957 22.584 2.11511
4.010 30.204 23.698 1.74232
11.150 29.089 23.780 1.85210
7.840 29.261 23.641 1.58724
3.030 29.955 23.675 1.32551
0.565 30.701 23.740 1.25456
3.670 31.800 23.863 1.52048
25.825 31.669 24.321 1.56009
7.230 31.112 24.534 1.57029
36.710 28.090 24.254 1.31647
39.850 29.742 24.076 1.33945
14.760 29.184 24.026 1.33445
13.595 29.478 24.318 1.31166
11.975 29.006 24.153 1.24130
0.000 30.854 24.270 1.35898
0.000 30.201 23.853 1.40504
0.000 30.594 23.916 1.39939
0.000 30.368 24.141 1.64502
0.000 30.743 23.765 1.56720
0.535 30.376 24.455 1.14891
0.000 30.048 23.838 1.10579
0.010 32.793 24.863 1.04114
0.170 30.956 24.966 0.96172
36.495 28.762 23.652 1.40850
43.685 29.691 24.262 0.88443
4.175 27.908 23.526 0.92632
0.000 29.601 23.341 1.12185
0.690 31.655 24.004 1.10883
2.175 31.473 24.338 0.88584
2.740 32.845 24.652 0.80800
31.200 32.538 24.066 0.84349
1.980 29.994 23.946 0.86892
31.520 27.613 23.484 0.92743
22.380 29.653 23.439 0.75793
31.000 30.686 24.206 1.12043
3.285 29.832 24.092 1.39147
1.200 29.016 23.347 2.09790
0.000 28.246 23.691 1.83860
0.000 28.910 23.903 1.99766
0.000 28.072 23.960 1.91759
0.240 27.764 23.225 2.21038
0.000 26.417 22.072 3.29527
0.000 24.215 22.119 2.61641
0.000 29.266 23.656 1.63953
15.215 29.794 24.283 1.81954
0.000 29.484 24.574 1.83577
0.000 30.018 25.072 1.68867
0.000 29.170 23.881 1.93854
8.265 28.865 23.906 2.23492
0.000 29.457 23.857 1.87575
0.000 30.051 24.100 1.89578
0.000 28.766 24.185 1.89509
0.000 28.504 24.358 1.77864
0.000 29.419 24.329 1.93566
0.000 29.604 24.383 1.61660
0.000 30.127 24.487 1.66355
0.000 29.756 24.442 1.55974
0.000 30.410 25.028 1.43990
0.000 30.671 25.245 1.14113
1.055 28.472 24.508 1.30821
0.320 29.103 24.266 1.08097
0.940 28.533 24.397 1.52152
0.000 28.246 23.569 1.55936
0.000 28.177 22.547 1.32947
0.000 30.294 24.107 0.76258
0.000 31.655 24.657 0.65830
0.000 31.827 23.651 0.63387
0.000 30.760 24.678 0.68319
0.000 31.791 23.982 0.55728
0.000 31.222 23.899 0.77562
0.000 30.816 24.393 0.86487
0.000 28.730 23.505 1.06524
0.000 30.803 24.187 1.15913
0.000 28.435 23.663 0.88849
0.045 29.703 23.132 0.89930
0.000 29.344 23.125 0.87526
0.000 30.293 23.166 0.57838
0.050 31.157 23.706 0.69525
0.000 30.917 24.142 0.77865
0.000 30.785 23.777 0.62415
0.000 31.308 23.844 0.47418
0.000 30.184 23.919 0.86388
0.000 29.474 22.938 1.16037
0.000 27.489 23.220 1.18388
0.000 28.925 22.838 0.99626
0.000 29.669 23.200 0.72612
0.000 29.385 23.315 0.96571
0.000 27.649 23.537 1.14875
0.000 28.634 23.510 1.00439
0.000 31.752 23.416 0.67756
0.000 28.113 23.809 1.38012
0.000 28.940 23.541 1.38532
0.000 30.071 24.089 1.36166
0.000 29.777 24.051 1.22432
0.000 32.078 23.915 0.85350
0.175 30.471 24.135 0.79915
0.000 29.625 22.757 0.58472
0.000 33.395 23.849 0.59322
0.000 32.518 23.583 1.00207
0.000 28.856 23.252 0.91131
0.000 30.855 23.583 0.60374
0.000 28.365 23.301 0.80460
0.000 31.355 23.783 0.88605
6.810 26.149 23.298 1.97084
0.000 29.181 23.067 1.33742
0.000 30.620 23.043 0.65467
0.000 31.771 22.794 0.54171
0.000 32.857 23.714 0.70845
0.000 32.858 23.640 0.54101
0.000 34.233 23.637 0.41581
0.000 28.969 17.154 2.42818
0.000 29.121 17.599 2.39363
2.985 29.700 17.518 2.08998
0.000 30.908 17.150 1.53156
0.000 30.916 17.137 1.22303
0.000 31.802 18.605 1.42168
0.000 30.952 16.648 1.88152
0.000 31.295 17.576 1.50195
0.000 32.193 17.721 1.17761
0.000 33.283 17.869 0.81248
0.000 30.276 15.134 2.50261
0.000 31.053 16.181 1.33048
0.000 31.392 16.545 1.78532
0.000 31.486 16.807 1.05811
0.000 32.516 17.098 0.88303
0.000 32.637 18.104 1.13582
0.000 32.238 16.294 2.33758
0.000 29.269 15.191 2.72237
0.000 29.989 16.034 2.22840
0.000 32.206 17.295 1.10639
3.275 30.847 19.002 0.95085
0.000 32.057 20.196 1.02860
0.000 31.469 19.840 1.17044
0.000 32.743 19.421 0.89599
0.000 33.780 19.134 1.21975
0.000 34.134 18.608 1.21545
0.000 33.803 16.831 1.72187
0.000 34.287 18.320 1.14727
0.000 35.035 20.311 0.78884
0.000 30.449 19.540 1.65661
0.000 30.774 17.557 1.95744
0.000 30.625 17.384 1.87957
0.000 29.058 17.580 1.61832
0.000 27.111 16.780 2.52338
0.000 28.534 15.701 3.24315
0.000 30.424 16.744 2.80879
0.000 32.778 18.442 1.29097
0.000 34.506 20.449 0.87448
0.000 35.642 21.390 1.00799
0.000 35.172 20.394 1.76107
0.000 35.324 21.072 1.49221
0.000 35.536 22.245 1.29903
0.025 33.284 21.267 1.27916
0.000 35.472 19.185 1.64595
0.000 30.093 18.683 2.88673
1.090 32.326 19.712 2.04591
0.000 32.599 21.344 1.07196
15.220 32.936 22.142 1.12083
0.000 37.122 23.923 0.88253
4.775 34.541 16.416 2.50408
10.860 24.193 14.481 3.19549
1.245 22.967 14.806 3.04692
0.000 30.192 15.963 3.57939
0.000 25.114 15.112 4.01514
0.000 27.190 13.687 3.64682
0.000 29.644 15.346 3.05101
0.000 32.293 17.356 2.77913
0.000 32.695 17.814 2.16016
0.000 35.709 19.171 1.10913
0.000 36.456 20.524 1.77162
0.000 35.181 19.579 2.18654
0.000 36.445 19.760 1.59871
0.000 37.794 21.547 1.22095
0.000 38.473 23.357 1.10654
0.000 34.901 24.616 0.97814
0.000 31.834 18.590 2.36919
0.000 33.100 18.295 2.11024
0.000 35.447 19.285 1.59559
0.000 36.480 19.391 1.91684
0.000 36.555 20.857 1.67086
0.000 37.386 20.746 1.51978
0.000 38.310 21.785 1.69042
0.000 39.653 23.768 1.21681
0.000 36.968 24.192 1.33907
22.010 34.072 23.694 0.93425
0.705 32.646 23.615 0.75841
22.225 33.445 22.881 0.67132
0.665 36.269 23.747 0.70236
0.000 33.364 23.639 1.27977
0.295 34.366 24.288 0.88140
2.190 33.911 24.125 1.17925
11.480 33.519 21.141 1.62815
2.650 32.692 22.651 0.99925
7.505 30.546 24.390 1.07099
0.000 32.126 24.223 0.96316
9.770 34.842 19.977 1.53905
1.220 33.572 19.553 2.05599
0.000 33.982 21.043 1.26270
0.000 34.196 21.552 1.56442
1.725 34.078 21.653 3.04230
37.525 27.746 18.269 3.98661
20.760 20.922 16.205 3.88777
0.060 25.060 15.418 3.30713
0.000 28.045 17.245 2.57875
0.000 31.648 18.460 2.52031
0.000 31.970 17.135 2.53051
0.000 31.254 17.031 2.47842
0.000 32.203 17.132 2.00475
0.000 33.237 17.464 1.27674
0.000 35.073 19.729 0.83599
0.000 35.573 22.277 0.79848
0.000 34.367 23.949 1.04316
5.215 36.475 24.772 0.83524
0.300 36.120 24.569 0.88712
0.365 36.326 24.903 0.94165
3.450 31.755 23.575 1.24333
0.040 32.751 22.364 1.40508
0.150 34.100 19.931 2.35991
0.000 33.558 19.392 2.45650
0.035 34.723 21.176 1.70047
0.040 35.521 23.859 0.77354
0.295 32.898 24.169 1.15221
0.135 35.204 24.448 0.99237
0.000 36.563 25.823 1.20600
0.000 34.614 25.781 1.22717
0.690 33.440 25.892 1.22609
0.315 32.773 25.473 0.98519
17.320 33.985 25.437 0.99180
10.785 32.545 24.549 0.73428
16.675 33.560 23.864 1.28339
22.800 30.011 20.555 2.61505
21.590 27.577 19.052 3.41170
0.640 26.738 18.723 2.37903
0.000 29.620 19.391 1.77560
0.000 33.734 21.598 1.20667
2.375 31.410 23.389 1.18420
9.565 30.168 23.206 1.01604
5.040 31.832 23.482 0.86217
5.105 30.665 24.328 0.95932
6.165 30.648 24.562 0.76370
1.000 30.625 24.537 1.10486
24.395 29.701 24.649 1.50257
12.370 29.291 24.178 1.25037
23.550 31.612 24.586 1.07415
37.425 29.332 24.021 0.93921
0.295 30.541 20.969 1.75204
0.105 31.413 21.457 1.42049
0.000 29.922 22.563 0.84922
2.995 28.318 23.146 1.24185
0.790 30.541 23.918 1.06639
12.200 29.271 23.926 1.59073
0.000 29.443 24.043 1.76039
5.610 28.864 24.001 1.83641
14.505 28.100 23.618 1.42402
2.195 29.153 23.686 1.29536
1.010 30.447 23.922 1.45310
34.470 28.335 23.643 1.76360
0.030 28.526 23.487 1.61406
0.000 30.646 23.450 1.60585
0.155 30.862 23.667 1.07550
0.050 30.363 24.132 0.90638
6.240 30.353 24.317 0.93745
29.505 30.187 24.266 1.33568
1.065 29.322 23.498 1.60135
0.025 29.302 23.376 1.56182
0.000 29.527 23.569 1.29580
0.000 29.464 23.924 1.55617
6.760 29.514 23.702 1.35853
0.000 29.476 24.064 1.28541
0.025 28.742 24.276 1.02851
2.225 28.083 24.467 1.74202
0.135 27.629 23.335 1.09635
0.020 31.059 23.904 1.08184
0.000 30.001 23.790 0.92183
0.080 30.110 24.028 0.92928
4.535 28.681 23.483 0.82315
3.530 29.580 23.123 1.02558
10.960 29.997 23.896 1.11390
0.000 29.763 23.219 1.36953
0.000 31.319 24.272 1.49145
0.000 31.179 24.099 1.42899
0.000 30.717 24.073 1.64043
2.465 29.384 23.686 1.25254
0.555 30.160 23.258 0.84158
20.490 30.650 23.487 1.05689
1.120 30.393 23.805 0.84987
10.735 29.270 23.730 0.90161
7.655 31.688 23.751 0.90976
0.000 31.083 24.357 1.24438
0.000 30.639 24.527 1.42564
11.750 30.288 24.621 1.77319
21.175 28.440 24.537 1.49921
5.425 26.057 23.311 1.86255
6.480 30.760 24.447 1.83624
0.235 29.556 24.269 1.66103
0.215 30.918 24.690 1.64435
34.360 30.768 24.597 1.46245
75.520 28.957 24.596 1.25108
51.875 29.636 24.117 1.04610
18.125 28.043 23.570 1.15339
24.040 30.047 24.054 1.19604
2.080 28.261 24.477 1.09629
7.705 27.595 23.855 1.34868
27.195 28.468 23.754 1.12064
26.525 29.329 24.197 1.34396
4.070 29.188 24.036 1.21406
3.340 31.001 24.520 1.05807
4.350 29.661 24.800 1.06294
0.000 29.015 24.659 1.26260
7.220 29.307 24.583 1.22774
16.500 28.737 24.066 1.38510
5.520 29.285 22.367 1.63393
0.000 30.870 23.938 1.04359
19.555 29.753 23.711 0.75348
0.795 31.681 23.592 0.49836
0.320 35.054 24.517 0.41468
1.755 40.760 24.036 0.66713
11.480 33.569 24.418 0.66306
1.675 30.923 24.273 0.81051
8.400 29.962 24.602 0.84677
4.965 29.284 23.721 1.02970
5.650 29.159 24.184 0.83856
1.015 30.435 23.661 1.01121
0.020 30.035 23.899 1.03997
11.685 28.221 23.690 1.12534
7.985 29.401 24.209 1.35566
6.300 27.914 23.576 1.60048
26.090 28.906 23.541 1.40900
10.895 28.197 23.758 0.99357
65.770 28.521 23.427 1.57554
54.880 27.503 23.014 1.35382
3.140 28.711 23.383 1.57378
19.910 27.211 23.398 2.05979
6.015 29.175 23.449 1.54659
0.000 30.483 23.555 0.86039
8.430 30.157 23.740 0.86832
17.645 29.527 23.995 1.25477
0.985 29.315 23.599 1.27310
4.245 28.719 23.652 1.51909
29.405 29.395 24.032 1.34395
47.695 28.466 23.896 1.53066
34.220 27.376 23.711 1.95366
0.925 28.636 23.520 1.57661
0.000 29.940 24.074 1.06670
43.725 29.945 23.251 0.64313
0.130 30.500 24.343 0.85736
7.500 28.586 23.656 1.95641
6.875 28.389 22.508 1.87914
0.450 31.870 23.787 0.81823
0.970 33.951 24.138 0.39457
9.015 34.704 24.456 0.66064
19.930 33.737 25.366 0.53029
9.195 30.587 24.590 0.74679
0.730 34.579 24.724 0.56033
1.440 34.615 25.266 0.62689
13.005 31.033 24.768 0.81293
13.830 29.470 23.928 0.84416
56.135 31.369 24.380 1.22165
0.215 30.373 23.773 0.82481
3.825 30.110 24.132 1.06468
2.735 29.415 23.925 0.97710
16.065 29.371 24.207 0.93556
2.570 31.627 24.156 0.61742
4.355 30.150 22.556 0.92996
7.010 33.066 22.964 0.74679
6.980 33.278 23.900 0.38787
6.065 29.557 23.839 0.85334
69.765 28.857 23.485 1.13466
4.290 30.332 23.795 1.20771
21.295 29.459 22.994 1.08678
23.270 30.706 23.657 1.24329
3.605 30.311 24.067 1.04777
32.455 28.851 23.034 0.76496
7.170 27.083 23.369 0.81948
14.915 28.174 23.470 1.05552
38.270 28.868 23.537 0.71162
10.650 28.851 23.584 0.73779
22.615 27.158 22.366 0.85043
4.550 30.948 22.026 0.72510
67.425 29.034 22.945 1.59176
48.165 26.572 23.115 3.10942
0.000 29.329 23.097 1.57892
7.745 29.959 23.330 0.85370
3.110 29.238 23.309 0.75751
6.400 30.722 23.231 0.69037
2.675 30.427 23.084 0.92242
2.125 28.920 22.682 0.93707
1.935 32.053 23.035 0.74461
0.000 30.764 23.023 0.80605
0.820 31.108 22.361 1.22362
0.320 32.365 22.923 0.87284
0.130 28.581 23.700 1.45926
1.685 26.687 19.853 2.06936
0.000 29.152 18.427 1.83741
0.000 29.361 18.556 1.62917
1.620 28.143 18.726 1.73913
93.850 25.303 19.460 1.89504
10.490 24.793 20.900 2.31510
0.000 27.803 17.963 1.79887
0.000 28.471 18.134 1.59017
0.000 28.060 18.075 1.89307
0.000 27.058 16.523 2.03308
0.000 28.700 17.619 1.43661
0.000 30.271 19.153 1.32031
0.245 29.381 20.794 1.79971
0.000 29.721 19.619 1.28600
0.000 30.053 20.642 1.37607
0.700 29.673 21.915 1.43203
0.300 28.702 21.519 1.34847
0.140 30.245 20.201 1.66406
0.005 28.850 19.748 1.96456
0.000 28.812 19.628 2.03187
0.000 29.154 18.560 1.93516
0.000 28.061 17.120 1.95891
0.000 27.113 14.954 1.61069
0.000 27.417 13.826 1.30351
0.000 27.394 15.296 1.18823
0.000 27.785 17.313 1.50701
0.000 27.323 19.296 1.36100
0.000 28.966 18.410 1.60625
0.000 28.575 17.067 1.65036
0.000 28.726 18.591 1.61423
0.000 30.110 20.605 1.52711
0.000 30.837 20.654 1.49140
0.000 30.998 20.658 1.47470
0.000 29.155 21.664 1.43687
3.050 30.036 22.401 1.27456
0.000 30.827 22.198 1.17030
0.000 31.165 21.972 1.00207
0.000 31.449 21.589 0.73123
0.000 32.006 22.278 0.89248
0.000 31.577 21.463 1.17508
0.000 30.418 22.119 1.75816
11.010 28.978 21.960 1.60278
1.760 29.674 21.903 1.51636
5.395 30.030 22.563 0.78996
2.285 30.588 23.454 0.82383
0.000 31.207 22.924 0.92869
2.055 32.135 23.753 0.49456
18.565 31.309 21.960 0.60549
0.000 31.590 22.129 0.62138
0.000 29.950 22.727 0.79068
0.000 31.727 22.354 0.47377
0.000 31.939 23.194 1.06708
1.210 30.386 18.697 2.22711
0.000 27.487 18.244 2.39845
0.000 28.013 18.908 1.78250
0.000 29.631 19.795 2.10129
0.000 27.907 18.347 2.89732
0.000 27.821 18.099 2.28383
0.000 28.650 18.813 1.97280
0.000 27.773 19.443 2.14094
0.000 29.930 18.678 1.88331
0.000 28.748 18.294 1.70700
0.000 27.846 16.990 1.99369
0.000 25.520 13.374 2.36020
0.000 24.360 12.958 2.09260
0.000 24.577 12.560 2.29457
0.000 26.276 13.486 1.53765
0.000 28.551 15.901 2.06934
0.000 24.194 14.696 4.32908
0.000 20.111 11.942 3.04509
0.000 23.305 12.403 2.23970
0.000 27.614 13.610 1.65953
0.000 26.554 13.787 2.53325
0.000 26.486 14.084 2.02449
0.000 26.898 14.851 1.87936
0.000 26.451 13.907 2.23729
0.000 25.233 13.998 1.68205
0.000 27.253 14.455 1.79716
0.000 27.647 15.676 1.60484
0.000 28.701 16.634 2.15104
0.000 26.860 15.736 2.97250
0.000 26.388 13.880 2.65811
0.000 25.988 14.660 2.62008
