0.000 32.944 17.041 1.77412
0.000 34.795 19.077 1.09512
0.000 35.587 21.182 1.44707
0.000 36.090 21.330 1.37767
0.000 34.946 21.391 1.24735
0.000 36.249 19.320 1.66713
0.000 34.743 17.951 1.91171
0.000 35.449 18.959 1.50768
0.000 35.831 20.186 0.96355
0.000 36.207 22.508 1.19078
0.002 36.309 22.236 1.00889
0.000 36.618 21.397 0.97905
0.000 37.783 21.111 1.21050
0.000 36.463 20.970 1.19930
0.000 35.437 20.638 1.17083
0.000 36.558 20.702 1.17889
0.000 36.589 20.545 1.21398
0.000 37.598 19.538 1.72827
0.000 35.837 20.544 1.92735
0.000 35.630 16.972 3.57898
0.001 31.568 14.775 3.45591
0.000 32.307 14.013 3.63528
0.000 30.435 13.448 3.71391
0.000 31.053 14.071 2.53712
0.000 31.518 15.623 2.29834
0.000 34.146 16.723 1.85268
0.000 34.291 16.895 2.40376
0.000 34.678 17.052 1.64617
0.000 35.592 18.319 1.36607
0.000 35.889 19.726 1.36391
0.000 35.826 20.281 1.37505
0.000 36.646 19.372 2.56583
0.001 35.717 20.406 2.79330
0.021 36.028 22.318 1.31782
0.000 36.063 23.678 1.20540
0.000 36.761 24.848 1.06992
0.006 35.541 25.050 0.82868
0.082 37.254 25.768 1.13565
10.988 36.131 24.440 0.82370
0.517 34.192 24.357 1.27922
0.684 31.244 23.068 1.31675
0.040 36.637 24.239 1.20532
6.159 35.460 24.839 0.94998
20.269 30.416 21.933 1.33494
0.866 35.943 22.650 1.24427
0.000 35.370 24.481 1.17308
0.013 33.464 22.887 1.34480
0.000 37.127 24.027 1.09308
0.000 37.444 24.114 1.41529
0.000 37.522 24.981 1.66865
0.000 38.024 24.808 1.12067
0.000 37.075 22.057 1.35879
0.000 37.556 21.179 2.35624
0.000 37.696 20.378 1.96756
0.000 38.090 22.326 1.16730
0.000 38.877 22.566 1.33614
0.000 35.985 23.097 2.09153
0.000 36.776 22.041 1.88580
0.000 36.585 20.540 2.60915
0.000 36.291 20.203 3.12497
0.000 35.755 19.727 2.73006
0.000 35.782 19.803 3.30116
0.000 36.134 21.097 1.66684
0.000 37.652 22.592 1.50939
0.000 38.550 24.673 1.55905
0.000 38.491 25.315 1.62573
0.000 39.160 25.706 1.70400
0.045 39.013 27.496 1.31269
0.431 32.922 25.657 1.06546
0.039 32.902 25.046 1.09136
3.106 36.566 25.797 0.85228
2.713 33.531 25.506 0.83446
0.727 31.383 21.856 2.19701
0.049 36.985 22.808 2.26931
0.506 36.485 24.764 1.41843
10.068 36.603 22.726 1.82304
0.250 35.425 23.321 1.25730
0.115 36.774 24.515 1.74221
2.559 33.558 23.979 1.35380
6.249 31.956 23.645 1.80893
11.335 31.947 22.018 1.62351
5.895 26.491 17.239 3.38022
3.224 29.802 17.926 1.96424
0.000 34.072 19.565 1.60885
0.000 34.979 22.859 2.24980
0.003 36.961 23.885 2.03291
0.000 36.046 23.744 1.73513
0.231 36.694 25.205 1.23627
5.594 32.207 23.718 1.11793
0.203 35.920 24.142 1.26070
0.103 37.422 25.871 1.05342
1.007 31.364 24.557 1.08778
0.000 34.308 25.129 1.02458
0.035 34.666 24.457 1.00041
1.016 36.943 25.294 1.20135
0.068 38.315 25.551 2.02839
0.000 38.660 25.412 1.95297
0.000 39.911 24.521 2.06352
0.000 40.482 24.276 1.87451
0.000 40.619 24.312 1.98007
0.014 41.207 25.671 1.98255
8.270 39.905 26.254 1.32104
18.999 30.860 24.698 1.16711
0.334 35.765 23.684 1.89832
0.015 37.124 24.581 1.25621
0.038 38.310 25.977 1.39527
0.479 37.252 26.165 1.35982
1.113 34.804 25.482 0.93398
1.878 33.107 24.699 1.48820
3.994 35.540 25.076 1.17219
1.673 34.054 25.106 0.96687
1.040 35.788 25.195 1.23366
0.647 36.617 25.152 1.06210
0.621 36.704 26.231 1.38910
0.046 35.256 25.844 1.56155
1.274 36.767 26.434 1.20893
6.581 35.878 25.939 0.82378
0.219 37.745 25.901 1.25207
0.151 37.252 26.558 0.92601
0.761 38.506 27.022 1.23192
0.335 36.872 26.225 1.43461
0.746 39.579 26.331 2.45007
0.552 40.638 26.289 2.98784
0.037 39.760 26.887 2.63198
1.446 36.515 26.621 1.42964
17.276 34.642 24.459 1.76568
12.221 34.248 24.975 1.63596
1.260 32.992 24.549 1.26645
5.715 34.239 24.623 1.85892
16.884 30.915 24.642 2.07742
6.805 32.318 24.053 2.08971
2.281 34.319 25.109 1.57325
0.773 33.609 25.336 1.28746
4.682 30.931 24.369 1.62949
0.074 35.692 25.658 1.53772
2.246 32.342 25.122 1.45088
9.810 33.172 25.666 0.87660
31.646 29.929 24.178 0.72761
9.981 29.846 22.643 1.24212
3.919 31.822 24.038 1.57946
11.097 32.659 23.998 1.25676
0.212 32.544 24.562 1.05028
0.869 32.302 24.713 1.07402
3.601 31.690 24.993 1.33251
2.013 32.382 24.479 1.01840
0.360 34.068 25.496 0.80317
3.176 31.574 24.678 0.91020
5.411 31.774 24.550 1.04217
5.520 31.076 24.311 1.19878
42.883 31.072 24.527 1.86961
2.899 29.896 24.184 2.01372
54.838 29.422 24.452 1.97376
0.247 29.493 24.153 2.22312
3.090 29.933 23.929 2.47276
1.083 31.176 24.116 2.59581
1.664 29.426 24.077 1.58486
0.675 29.833 24.097 1.52112
11.957 30.751 24.324 1.94550
5.734 29.242 24.361 1.92553
1.126 29.558 23.964 1.88427
0.833 28.930 23.512 1.57561
2.180 30.544 23.927 1.51537
6.204 30.320 23.654 1.89295
3.656 28.815 23.589 2.01137
4.810 29.469 23.646 2.16698
15.580 29.214 23.678 2.33279
0.140 30.073 23.864 2.13111
0.984 29.625 23.689 2.50631
3.847 28.796 23.490 2.57705
7.276 28.190 23.067 2.37774
10.687 29.825 23.877 2.40103
21.602 27.633 23.768 2.27652
27.414 28.146 23.494 2.01652
7.172 28.662 23.858 1.83781
1.841 27.776 23.374 2.02432
3.781 29.086 23.852 2.37149
6.002 29.778 23.409 2.09925
2.709 29.911 23.506 1.35652
7.993 28.789 23.309 1.53130
24.289 29.248 23.634 1.75281
1.948 29.284 23.173 2.23435
0.798 30.291 23.102 1.23439
2.604 30.040 23.127 0.93297
12.988 30.813 23.993 1.87738
1.858 28.779 23.605 2.00697
7.128 29.288 24.041 2.62681
7.506 29.339 23.627 2.74241
2.051 29.817 23.444 2.57437
1.043 29.588 23.587 2.60747
3.582 28.842 23.836 2.29234
10.026 27.566 23.139 2.74643
1.824 28.600 23.163 3.20555
0.350 28.573 22.851 2.82646
1.473 30.805 23.621 2.88576
1.463 29.593 23.868 2.36164
4.588 27.714 23.193 2.15398
3.812 29.463 23.422 2.16507
7.510 28.851 23.918 2.25264
18.707 28.162 23.429 2.96378
9.742 28.634 23.204 2.96297
7.943 29.183 23.010 2.92022
0.200 30.952 23.327 2.48853
2.843 28.815 23.316 2.30294
0.901 29.063 23.564 2.56628
0.368 29.769 23.761 2.71739
2.287 29.830 23.996 2.80298
4.660 29.287 23.650 3.13149
0.256 29.583 23.582 3.19208
4.443 29.415 23.449 3.34340
1.392 27.456 23.513 3.33100
8.409 29.076 23.767 3.71981
19.316 28.578 23.341 3.08958
13.322 28.347 23.369 2.35583
3.878 29.983 23.965 2.09047
11.926 28.371 23.561 2.75465
14.198 28.964 23.512 2.61297
2.264 29.725 23.815 2.64137
1.269 29.723 23.204 2.73199
2.931 29.846 23.338 2.63034
2.513 29.510 23.162 2.47918
0.742 29.733 23.051 2.42563
4.935 28.498 22.770 1.95211
0.053 29.955 23.003 1.70570
0.019 31.169 23.906 2.04676
0.010 30.106 23.732 2.48898
0.043 30.695 23.928 2.61952
1.386 29.366 23.354 2.62299
17.378 30.216 23.408 2.34766
2.579 29.137 23.091 1.82130
6.967 28.661 23.147 1.91936
53.249 26.951 22.897 1.94977
5.318 29.029 22.202 1.70889
1.477 30.538 23.730 1.46247
18.593 28.376 23.441 1.71152
46.783 27.811 23.497 1.88421
5.616 29.757 23.515 1.65789
5.421 27.843 22.804 2.17890
17.587 28.673 22.126 2.21153
12.379 29.712 23.217 2.11303
9.316 28.716 23.369 2.32417
14.321 27.812 22.813 2.06272
17.094 28.134 23.228 1.80753
4.892 29.222 22.060 1.50044
19.634 28.390 22.809 1.04213
2.621 30.657 24.028 0.80232
3.834 28.163 23.509 1.59741
3.562 28.042 23.768 1.40739
14.800 27.665 23.787 2.32062
7.051 28.742 23.883 2.26502
3.639 28.962 23.661 1.91715
2.056 29.697 23.639 1.91782
10.602 27.211 23.656 1.58621
41.385 28.354 23.106 1.61995
3.065 28.733 22.856 1.43752
10.581 28.689 23.235 1.12336
1.418 29.864 22.852 0.93286
9.063 29.557 23.304 1.35774
32.044 29.091 22.791 1.40430
26.432 28.250 23.244 1.51430
3.713 27.662 22.551 1.92723
21.467 26.498 22.331 2.47976
0.838 27.251 22.749 2.04040
0.339 28.393 22.796 1.86855
0.134 28.502 22.145 1.63880
0.727 30.090 23.691 1.11303
4.011 28.806 23.613 0.94568
9.673 27.615 22.417 0.99645
17.600 29.343 22.480 0.69858
7.455 29.412 23.260 0.87277
9.339 28.360 22.949 1.04352
0.444 30.250 21.752 2.23217
1.394 29.802 22.583 1.93899
1.777 29.519 22.497 1.07635
0.299 28.179 22.352 0.94119
0.135 28.897 23.419 0.79177
2.458 28.373 22.875 0.70012
9.729 27.222 22.800 0.68140
7.681 29.729 21.809 1.27576
0.228 30.350 21.861 0.95463
0.006 30.848 22.070 1.08678
0.033 31.179 23.438 0.64968
0.168 29.830 22.965 0.71098
2.952 30.920 23.159 0.91800
21.296 28.842 22.531 0.61274
11.286 29.299 22.474 0.97791
0.350 28.828 21.501 0.95688
7.676 29.670 22.185 1.03485
0.293 30.259 22.299 0.52164
3.327 30.309 22.616 0.73658
14.152 29.242 22.549 0.86988
1.298 29.323 22.330 1.28901
1.341 29.419 22.421 1.58854
0.005 28.415 17.567 4.04733
0.000 26.264 15.017 3.67542
0.000 24.775 13.292 3.11312
0.000 24.454 13.798 2.79565
0.000 25.051 15.007 2.63562
0.002 26.501 15.609 2.51297
0.021 26.848 16.783 2.12968
0.000 26.121 18.687 1.66413
0.000 28.370 20.723 1.80637
0.002 28.237 18.797 2.20053
0.000 27.973 18.763 2.20937
0.000 27.628 18.264 2.94521
0.000 27.016 17.234 2.77529
0.000 27.164 18.158 2.78685
0.000 27.104 15.051 2.46868
0.000 26.702 16.400 1.75475
0.000 28.301 17.917 2.32272
0.000 27.886 17.144 2.42675
0.000 27.211 15.700 2.34402
0.000 27.457 17.341 2.05228
0.000 28.186 17.834 2.36190
0.000 27.964 17.113 2.31696
0.000 28.891 18.069 1.47237
0.000 29.635 18.978 1.52255
0.000 29.565 18.458 1.66533
0.000 29.125 19.637 1.88706
0.000 29.477 19.183 1.94604
0.000 29.867 19.911 1.85642
0.034 30.430 21.354 1.83184
0.000 29.826 20.325 1.76481
0.000 30.289 19.949 1.88407
0.000 31.098 21.186 2.23781
0.000 30.972 20.270 2.70713
0.000 31.406 19.281 3.09412
0.124 30.872 18.731 2.88082
0.703 30.747 18.951 2.43681
0.000 30.970 19.272 1.36091
0.000 31.861 19.582 1.11218
0.000 32.681 20.639 0.77325
0.003 33.214 21.970 0.93729
0.136 32.804 21.944 1.49384
1.931 31.654 21.633 1.35494
0.127 32.403 19.654 1.17866
0.034 33.508 20.486 1.04423
0.012 32.185 20.001 1.99091
0.001 32.537 19.979 3.13180
0.232 31.565 19.529 2.89166
0.799 30.887 20.046 1.70283
0.001 30.378 19.953 1.13137
0.000 32.680 20.934 1.20868
0.000 33.618 21.835 1.47999
0.000 33.613 21.986 1.39023
0.000 33.997 21.249 1.20409
0.017 33.638 22.175 1.10838
0.132 33.300 20.475 2.30213
0.000 33.662 19.896 1.46468
0.000 33.690 19.304 1.68929
0.000 33.833 20.482 1.94487
0.000 33.253 20.398 2.87215
0.000 32.986 19.000 2.96379
0.000 32.733 18.944 2.81614
0.000 32.906 18.367 3.31488
0.002 30.785 15.855 4.07470
0.000 31.388 16.267 2.95417
0.000 31.318 16.567 2.28520
0.000 32.411 17.467 1.86121
0.000 32.498 17.371 1.73444
0.000 33.254 16.504 1.67827
0.000 33.242 16.004 2.26424
0.000 32.198 16.198 2.01634
0.000 31.725 16.410 1.11972
0.000 32.684 18.233 1.17164
0.000 32.875 19.211 1.23316
0.000 33.131 19.594 1.70465
0.000 33.747 18.566 1.54476
0.000 34.357 18.484 1.76249
0.000 33.043 15.495 4.18482
0.000 29.338 12.581 4.17388
0.000 28.422 11.126 3.10997
0.000 28.669 11.899 1.97684
0.000 30.615 13.349 1.65688
0.000 32.014 15.159 1.39955
0.000 33.683 17.251 1.02514
0.000 35.398 17.872 1.01103
0.000 35.313 18.778 1.84817
0.000 32.884 18.636 1.66789
0.000 33.530 17.972 1.69532
0.000 33.258 17.025 2.25148
0.000 33.455 16.836 2.47305
0.000 33.329 17.106 1.76709
0.000 33.927 17.182 1.29157
0.000 34.547 18.619 1.44586
0.000 34.474 18.260 0.88844
0.000 35.658 18.760 0.90585
0.000 36.091 20.453 0.89021
0.001 36.297 21.907 0.91263
0.000 35.023 22.486 1.93897
0.004 34.968 22.603 1.32127
0.179 35.251 22.184 1.75754
2.685 35.101 20.684 1.82997
0.107 32.724 17.907 3.54516
0.000 32.324 18.290 2.20338
0.000 33.436 18.961 2.69668
0.000 33.675 16.288 4.29487
0.000 31.493 15.230 4.19075
0.000 30.879 14.861 3.23318
0.000 32.452 15.912 2.85032
0.000 31.371 13.779 4.75947
0.001 29.133 12.707 3.90813
0.000 30.305 13.520 2.71409
0.000 31.668 14.818 1.44680
0.000 34.129 16.244 0.99777
0.000 34.632 17.975 1.31511
0.001 34.529 19.367 1.43480
0.005 35.646 20.996 1.14303
0.000 37.063 21.757 1.15484
0.000 37.501 23.212 1.46417
0.000 37.524 24.835 0.99928
0.006 37.165 24.267 1.43601
0.506 36.316 23.635 1.51496
0.000 37.070 24.302 1.79377
0.000 36.825 23.495 2.03008
0.000 38.578 24.614 1.32953
0.001 37.825 25.318 1.54403
0.041 37.042 24.400 1.45389
0.083 37.077 24.442 1.33351
0.278 37.787 22.769 1.77440
0.902 37.719 21.059 1.66565
0.091 37.782 22.225 1.59035
0.000 37.069 23.501 1.51827
0.457 37.612 24.601 1.75848
0.160 36.230 24.998 1.38568
0.000 35.788 24.860 1.33286
0.000 38.471 25.924 1.34856
0.033 39.384 23.467 3.12700
0.106 35.531 20.321 3.38263
0.009 30.822 20.504 1.46367
0.018 36.668 22.876 1.07156
0.000 37.776 24.960 1.31870
0.000 37.823 25.898 1.18879
0.000 39.561 26.211 1.22949
0.000 39.260 26.131 1.31711
0.000 39.727 26.304 1.54713
0.000 40.788 24.367 1.67763
0.000 39.933 23.417 2.00274
0.000 39.634 22.897 2.47763
0.000 39.891 24.088 1.77977
0.000 40.431 26.430 1.83862
0.275 39.410 26.916 1.48718
12.551 33.728 20.555 3.01264
0.000 35.037 20.638 2.46909
0.000 37.592 22.287 1.20553
0.127 38.270 24.357 1.54317
0.053 34.095 25.974 1.28814
0.212 33.640 24.810 1.45095
2.289 36.885 25.393 1.56579
16.531 34.734 17.701 2.84150
0.001 32.051 18.686 2.08878
0.000 35.982 21.995 0.94351
0.096 36.378 25.662 1.64530
0.764 36.301 24.739 1.84360
0.059 37.859 26.085 1.90238
5.176 36.662 25.554 1.17943
0.128 37.090 25.962 1.73867
2.687 33.363 24.686 1.13246
7.089 35.499 24.640 1.13068
2.396 35.724 24.434 1.20027
0.000 38.544 24.423 1.02800
0.025 39.188 24.582 1.29512
3.657 37.258 25.525 1.22319
1.230 32.366 25.000 1.26195
0.000 35.156 24.807 0.82320
0.000 38.809 26.378 1.21204
0.001 37.499 25.998 1.38105
0.005 37.879 26.179 1.89770
0.002 36.469 25.077 2.41518
0.006 36.780 25.236 1.93463
0.019 37.072 25.171 2.43527
0.156 40.054 27.173 1.60995
3.622 36.552 26.563 1.39295
0.009 38.901 27.297 1.02178
0.402 39.321 27.662 0.86639
0.341 37.514 26.423 1.38249
0.003 39.849 28.309 1.54424
0.034 37.985 28.083 1.92124
0.090 37.672 27.455 1.72035
0.169 35.823 26.703 1.66880
1.175 39.606 26.973 1.08105
0.066 34.137 26.485 1.17527
0.025 40.285 27.702 1.66439
0.188 39.128 28.006 1.31338
0.146 39.479 28.280 1.34891
0.947 37.095 27.650 1.79934
1.631 34.847 26.559 1.24686
0.102 38.767 27.851 0.81900
17.977 36.918 25.852 0.92629
23.365 35.148 25.883 0.65841
0.181 31.278 24.122 2.22567
0.012 36.843 25.688 1.83769
2.799 37.608 26.492 1.29883
12.937 35.044 25.642 0.88115
1.304 33.792 24.612 1.26301
3.115 33.640 24.584 1.09871
0.904 36.320 25.302 1.70888
2.830 34.569 24.645 1.69569
23.728 32.834 23.989 2.19422
14.736 31.728 23.327 2.32595
8.006 34.704 24.262 2.11743
1.863 32.447 23.864 2.12084
18.156 32.195 23.429 1.90441
7.851 33.675 23.671 2.18094
0.028 33.727 23.573 2.08196
0.020 34.870 24.111 1.94274
0.008 35.168 24.773 1.84840
0.008 34.582 25.003 1.46174
0.222 34.554 25.317 1.59801
1.664 36.095 24.951 1.57441
0.062 34.470 24.990 1.60139
2.110 35.282 25.458 1.49833
20.473 31.589 24.455 1.19616
5.630 31.195 23.580 1.13195
0.363 32.260 23.523 1.44279
3.368 32.850 24.332 1.42484
1.170 31.720 24.655 1.34106
18.785 32.280 24.160 1.85359
6.240 29.646 24.079 1.28795
0.661 32.868 23.875 1.96560
6.868 32.269 24.616 1.92962
0.024 30.262 23.977 2.07608
1.268 32.957 24.660 2.30132
0.799 31.899 24.871 2.45327
6.405 30.963 24.600 2.28931
5.409 29.801 24.478 2.03148
6.951 31.431 24.459 2.33853
24.735 29.869 24.266 1.85646
12.478 31.691 24.775 1.24644
1.168 29.893 24.140 0.97700
7.481 31.536 23.793 1.46796
0.805 32.736 24.674 1.70085
9.876 31.620 24.652 1.93124
0.187 30.309 24.710 1.57687
0.531 30.833 24.064 1.32527
7.173 29.957 23.930 1.20573
5.345 29.566 24.170 1.30537
0.326 31.876 23.574 1.88290
6.529 32.202 24.119 1.72286
0.585 31.140 24.374 1.67975
2.336 29.348 23.803 1.90283
4.773 31.604 23.945 2.09662
0.490 31.011 24.124 1.90559
0.073 32.122 24.472 2.08537
1.754 31.445 24.273 1.91316
13.666 29.271 24.468 1.90957
17.419 29.645 24.477 2.15354
14.716 29.240 23.665 2.58886
29.435 29.824 23.510 1.91410
26.058 29.536 23.682 1.66238
9.120 28.994 23.232 1.33716
1.738 30.658 23.910 1.10455
2.195 30.112 23.431 0.92264
10.810 29.678 23.349 1.28267
2.330 28.116 23.211 0.92167
4.828 30.983 23.014 1.44290
9.837 29.513 23.082 1.62577
1.495 29.159 23.202 2.11103
0.989 29.497 23.322 2.12644
0.035 29.860 23.157 1.84393
1.529 30.712 23.548 1.80140
19.376 30.159 24.144 1.56659
7.323 29.067 23.313 1.87803
4.093 28.169 22.840 1.56131
8.507 27.814 23.229 1.44769
3.657 28.995 22.935 1.50165
0.002 30.265 23.500 1.28308
0.053 29.867 23.793 1.44441
2.189 29.999 23.965 1.32416
10.125 29.416 23.498 1.24266
6.718 29.569 23.291 1.55208
6.440 30.377 23.192 2.12427
0.271 30.262 23.606 1.92171
2.097 30.721 23.751 1.72092
6.584 28.700 23.698 2.07539
28.446 29.156 24.146 2.62447
27.039 28.784 23.741 3.17124
3.877 29.008 23.563 2.76856
1.088 30.792 23.561 2.30497
0.265 30.169 23.860 1.86334
0.186 29.070 23.897 1.50064
11.368 29.816 23.740 1.99927
12.332 29.464 23.432 2.06572
2.154 29.595 23.952 1.79742
17.596 27.377 23.444 1.66942
4.497 28.499 23.220 0.96377
8.887 29.223 22.925 1.04673
1.062 30.281 23.679 1.10491
3.362 30.221 23.497 1.53624
5.146 29.294 23.324 1.69605
15.500 29.845 23.407 1.55439
2.832 29.063 23.106 1.36996
5.811 29.891 23.078 1.15459
0.566 30.635 23.702 0.58201
0.476 29.200 23.563 0.80115
0.500 30.542 23.828 0.89882
4.812 31.163 24.193 0.96452
13.317 29.103 23.828 1.36808
2.939 29.330 23.326 1.41544
14.170 29.826 23.663 1.43849
2.034 30.354 24.436 1.16422
3.032 28.369 23.563 1.34861
6.125 30.056 24.046 1.78115
10.309 29.507 24.012 1.93740
3.800 29.975 24.199 1.57058
5.040 28.952 23.773 2.62662
0.947 28.653 23.558 4.04249
0.222 28.653 23.515 3.08683
4.528 29.820 23.903 2.63390
33.613 29.376 24.234 1.76990
6.134 29.024 23.944 1.30322
10.017 27.657 22.927 1.28708
4.770 30.151 23.836 1.55330
1.241 27.467 23.405 1.68804
1.039 29.243 23.942 1.94126
2.935 29.290 23.359 1.93846
2.266 28.253 23.096 1.15519
9.616 28.544 22.888 0.81737
13.145 30.473 23.089 1.12114
11.197 28.887 23.357 1.63207
11.355 30.448 23.704 1.09193
13.764 29.022 23.795 0.82620
13.003 28.578 24.179 1.42364
10.314 29.032 23.599 1.47032
14.837 30.091 23.223 1.39623
3.323 30.490 23.321 0.78447
1.497 30.113 22.247 1.56520
0.274 31.082 21.575 2.01777
1.768 30.681 22.669 1.30576
5.575 29.641 23.126 0.70706
28.193 29.279 23.457 0.74555
3.335 29.203 21.881 1.92879
11.011 29.464 22.473 1.49283
5.392 30.272 23.210 1.24911
0.205 30.865 22.559 0.96418
0.172 30.945 23.099 0.92960
1.014 30.985 22.814 1.33598
6.234 31.287 23.913 1.17170
8.715 30.095 23.376 1.32821
7.774 31.048 23.560 0.82776
0.166 29.615 23.857 1.12548
0.947 28.679 23.478 1.19065
5.341 29.312 23.180 1.04429
22.851 28.985 22.883 0.66387
3.690 27.765 22.471 1.91667
1.928 29.993 22.930 2.47849
3.545 29.677 23.451 1.92627
3.941 28.534 22.376 2.55793
0.253 29.583 21.758 2.69797
0.052 29.884 22.336 2.17245
1.281 29.427 23.577 1.19366
16.159 29.054 23.610 0.82364
13.426 29.665 23.990 0.65908
23.463 29.565 23.061 0.65364
1.050 29.134 22.496 0.79924
5.042 29.953 22.317 1.04636
0.235 29.907 22.356 0.99840
0.852 30.960 22.221 0.82913
1.118 30.793 21.764 0.79216
0.000 30.703 20.546 1.21038
0.000 30.197 19.753 1.66792
0.000 29.346 21.054 1.92503
0.000 29.550 21.482 2.94440
0.104 28.979 19.093 3.67691
7.147 28.124 19.771 4.03552
14.775 28.581 21.447 2.35363
13.996 29.102 22.797 1.84232
0.194 29.866 21.331 2.51687
0.004 29.856 20.094 2.09081
0.175 29.137 19.828 2.53661
15.994 27.603 19.869 2.67024
3.260 28.081 20.356 1.47212
3.931 28.592 20.390 2.00422
0.008 27.635 17.402 2.75572
0.000 27.429 16.940 2.26175
0.000 27.683 18.110 1.65464
0.208 29.156 20.080 2.04800
1.924 27.589 18.084 2.64261
0.292 28.530 18.404 2.98621
0.628 28.391 19.986 2.78720
0.078 29.631 20.498 1.45029
0.007 30.537 21.609 0.99907
0.000 31.263 20.793 0.97281
0.000 29.680 17.465 2.92058
0.000 27.613 17.833 2.85856
0.000 28.236 18.494 2.31973
0.000 29.830 19.727 1.97775
0.000 29.447 18.654 2.13708
0.001 29.680 19.251 2.45460
0.000 30.227 20.346 2.00237
0.000 30.259 19.821 1.83818
0.000 30.697 19.759 1.93596
0.000 29.648 16.829 3.87978
0.000 27.392 14.217 3.41322
0.000 27.904 15.058 1.29841
0.000 29.242 16.596 1.16341
0.000 28.921 18.423 1.24795
0.000 30.495 20.745 1.66499
0.000 31.541 20.267 2.01349
0.000 32.072 20.998 2.34829
0.000 32.164 20.330 2.45186
0.000 31.717 17.722 2.32132
0.000 30.909 16.416 2.25098
0.000 30.149 16.711 2.21945
0.000 29.521 16.774 3.23063
0.000 27.926 14.322 3.84959
0.000 27.294 13.113 3.52048
0.000 28.012 13.944 3.08579
0.000 29.226 14.686 2.12057
0.000 29.753 16.337 1.81905
0.000 30.780 17.927 2.01671
0.000 30.765 19.205 1.74398
0.000 31.566 19.696 1.74835
0.371 31.591 20.631 1.21654
0.024 32.753 21.769 1.01337
0.041 33.302 22.490 0.98752
0.000 34.093 22.371 1.24622
0.000 33.302 18.926 2.57125
0.000 32.157 18.941 2.51895
0.000 32.408 18.317 3.03961
0.000 32.130 15.889 3.15913
0.000 30.878 16.522 3.19603
0.000 31.151 16.902 3.27358
0.000 30.311 15.811 3.93732
0.000 30.485 15.494 3.97686
0.000 30.737 14.864 4.01254
0.000 30.155 14.542 3.75803
0.000 28.895 12.188 3.92253
0.000 27.598 11.676 3.03491
0.000 27.042 12.285 2.38593
0.000 27.472 11.441 2.20635
0.000 27.953 12.046 1.47600
0.000 29.164 13.366 1.57374
0.000 29.701 13.947 1.80195
0.000 29.988 14.399 1.08453
0.000 30.963 15.249 1.08378
0.000 32.024 16.566 1.05200
0.000 32.568 17.898 1.59369
0.000 33.008 18.799 2.41013
0.008 32.778 19.587 2.06737
0.000 30.991 20.230 1.34748
0.032 32.779 21.197 0.73400
1.007 33.872 21.706 0.81746
0.155 32.972 21.762 0.78295
0.019 32.372 20.726 0.92927
0.000 34.453 20.059 0.86224
0.000 35.562 20.158 1.06841
0.000 34.876 20.069 0.81908
0.000 35.802 19.821 0.98789
0.000 36.142 21.387 0.82215
0.072 35.269 23.016 1.16121
0.000 34.493 21.703 0.96439
0.000 36.973 22.287 1.37680
0.000 35.812 22.597 1.45261
0.000 35.105 22.413 1.15004
0.032 36.531 22.890 0.91328
0.004 35.800 20.489 1.93197
0.000 34.975 18.267 3.23712
0.000 34.162 18.179 2.71469
0.000 34.305 17.301 2.64227
0.000 33.622 18.146 2.95368
0.000 32.710 17.298 3.83978
0.000 32.379 16.567 4.13813
0.000 32.017 16.300 4.25007
0.000 32.692 16.940 2.82500
0.000 33.748 18.099 2.34124
0.000 34.340 18.550 2.98975
0.000 33.858 18.053 2.79361
0.000 33.893 16.723 2.57016
0.000 33.479 16.597 3.31169
0.000 33.388 17.559 3.65750
0.001 32.386 16.184 3.21228
0.000 33.121 17.361 1.27930
0.000 36.136 20.221 0.76226
0.000 38.417 23.259 1.12117
0.000 38.930 24.313 1.20658
0.000 39.449 25.661 1.05923
0.001 37.311 26.728 1.23269
0.403 38.343 26.561 1.30922
6.195 35.581 19.206 3.55910
0.086 32.574 18.230 3.85297
0.000 31.134 13.798 4.97759
0.000 31.843 14.848 3.55913
0.000 33.023 16.023 2.77621
0.015 34.460 17.306 2.60888
0.027 35.496 18.714 1.90547
0.005 35.771 20.916 0.96079
0.000 35.478 23.134 1.08498
0.022 33.703 22.011 1.40482
0.005 36.060 23.521 0.74014
0.019 37.676 23.157 1.68615
0.000 36.908 19.692 3.42077
0.000 35.594 18.695 2.71190
0.000 36.312 18.100 2.44569
0.000 35.813 16.139 2.60724
0.000 35.708 16.880 1.55991
0.000 36.970 18.924 1.32540
0.000 37.835 21.412 1.27620
0.000 38.813 23.242 1.32489
0.024 39.419 25.202 1.18461
0.693 38.776 25.625 1.03493
4.611 31.002 23.235 1.85474
0.463 28.512 21.993 1.65370
0.118 36.117 23.379 1.50900
0.000 37.830 24.623 1.78474
0.000 38.744 24.518 1.98656
0.000 40.489 24.338 2.19869
0.000 41.084 24.115 1.93361
0.000 41.512 24.476 1.77569
0.000 41.734 26.296 2.05146
0.000 40.874 27.523 1.79937
0.246 38.117 27.724 1.46306
17.431 38.031 25.311 0.83378
0.409 39.282 24.928 1.75495
0.028 38.861 24.909 1.69026
0.379 39.346 26.036 1.82300
0.756 37.385 24.720 1.61850
1.085 38.093 24.753 1.77972
0.506 35.944 25.949 1.27268
0.000 37.985 26.895 1.16502
0.059 38.888 25.576 2.38501
0.000 40.690 26.610 2.07769
0.000 41.210 27.722 1.55959
2.472 39.188 26.189 1.63669
4.147 29.452 21.988 1.92039
4.899 35.076 23.275 1.79365
5.068 28.937 23.131 1.04010
0.000 36.744 24.546 0.84745
0.149 37.762 25.732 1.27706
0.543 37.041 25.677 1.62744
0.000 38.279 26.573 1.65765
0.215 36.768 26.162 1.49447
3.989 35.043 25.752 1.29824
13.104 31.786 24.179 1.14814
0.303 36.063 25.489 1.09514
4.479 36.087 24.839 1.70268
0.053 30.784 24.712 0.82177
0.534 34.875 24.844 1.24235
0.157 35.292 25.132 1.72504
0.147 36.745 25.363 2.27242
0.814 36.925 25.501 2.20044
6.804 34.241 20.442 2.69100
1.513 35.009 21.239 2.23036
0.000 33.966 20.624 2.73963
0.000 36.444 22.083 1.57303
0.260 38.852 25.230 0.94579
8.393 36.347 25.292 0.97313
1.128 34.429 25.571 0.94790
4.377 33.960 24.618 1.19664
8.947 32.822 24.546 0.89142
55.155 32.124 24.647 1.06446
3.085 31.673 24.457 0.97509
1.537 33.199 24.771 0.77576
1.975 33.158 24.966 0.83263
11.224 32.422 24.794 1.23317
1.296 32.884 24.335 1.09651
6.465 32.538 24.392 1.08132
0.843 32.420 25.077 1.56261
2.769 31.620 23.920 1.91742
8.450 33.350 23.533 1.66021
12.765 32.598 23.170 2.09055
2.643 32.567 23.430 1.93491
16.887 30.738 23.762 0.93654
8.473 31.710 23.548 0.79296
5.782 30.207 23.496 1.04280
1.512 32.173 23.828 1.17197
0.352 31.896 24.692 0.88151
2.058 30.459 24.390 1.12798
2.569 30.737 23.678 1.02505
5.612 30.327 23.682 0.94722
21.525 31.356 24.279 0.72277
3.446 30.104 24.001 0.75554
1.127 30.033 23.417 1.41363
1.757 30.066 23.128 1.59808
7.984 32.152 23.738 1.76630
0.057 31.215 23.374 1.81719
0.554 31.944 24.377 1.77273
3.211 30.681 23.979 1.58127
3.835 31.251 23.820 1.70707
0.820 31.420 24.189 2.07131
9.735 30.136 23.486 1.60559
15.680 31.297 24.031 0.96596
0.432 31.517 25.154 0.57945
12.199 31.256 24.310 0.88611
40.279 31.405 24.004 0.92292
0.422 29.390 23.801 1.01764
0.115 30.516 23.367 1.36205
1.106 31.946 24.267 1.04882
1.528 31.347 24.690 0.62563
28.433 29.089 23.435 0.90162
14.068 29.745 23.151 1.19496
18.492 31.198 23.900 0.96079
1.467 31.579 23.485 1.10184
0.772 31.555 23.993 0.59121
7.463 31.071 24.283 0.79653
20.870 30.825 24.110 1.00461
22.127 28.262 23.375 1.51639
6.091 30.575 24.436 1.42977
15.202 30.084 24.055 1.62907
5.288 30.056 23.331 1.50106
10.492 30.125 23.801 1.73406
3.980 27.800 23.726 1.85714
18.458 28.217 23.458 2.03240
0.161 28.363 23.617 1.91904
0.118 29.532 23.837 1.84973
0.233 28.989 23.504 1.91561
3.320 28.944 23.496 2.06699
15.349 27.938 23.134 2.40079
0.308 29.152 22.295 1.55096
0.097 31.448 23.812 1.57750
0.004 29.851 23.885 1.53149
0.145 29.083 23.606 1.31289
0.177 29.630 23.201 1.40401
0.345 29.913 23.663 1.35296
9.409 29.619 23.257 0.97858
5.778 29.714 23.490 0.83562
7.568 29.397 23.287 0.95230
1.113 30.983 23.834 0.63802
0.700 28.873 23.258 0.73711
2.130 30.296 23.504 0.78574
1.777 30.764 23.244 0.92796
0.171 31.386 23.102 1.09415
5.005 31.224 23.774 1.36064
0.712 30.032 23.255 1.41247
0.692 31.130 23.516 1.56756
0.118 30.177 23.458 1.03969
0.994 29.878 24.015 0.96345
1.610 28.381 23.727 1.43137
2.419 29.189 23.119 1.97543
5.144 30.151 23.054 2.23355
17.620 29.579 23.682 2.47191
9.700 29.483 23.318 2.57317
15.835 28.965 23.183 2.64304
6.616 27.778 23.360 3.00235
4.660 26.551 23.486 3.22318
3.418 27.377 23.423 3.44027
1.797 30.073 22.981 3.63685
3.647 29.943 23.115 3.13702
1.925 29.176 23.040 3.14011
1.045 30.310 23.053 3.35845
3.345 29.657 23.163 3.37905
5.401 30.525 23.523 3.33006
0.356 30.258 23.206 3.17210
1.459 30.582 23.705 2.47714
0.088 30.992 24.014 2.45410
0.316 31.131 24.507 2.71690
3.667 29.301 24.160 2.85197
13.990 27.802 23.029 3.02097
12.490 28.944 23.239 2.61066
1.678 29.899 23.659 2.35673
4.939 29.618 23.256 2.37507
0.456 30.768 23.776 1.92616
1.683 30.446 23.920 1.60776
0.172 29.321 24.154 1.38256
1.224 29.322 23.375 1.79398
15.915 29.474 23.157 2.12032
14.572 29.111 23.606 2.60058
14.222 29.419 23.543 2.35484
2.392 29.825 23.492 1.74222
10.122 30.813 23.135 1.24568
1.515 30.393 23.058 1.35875
9.403 29.550 23.067 1.17435
10.137 29.542 22.485 0.72174
0.415 29.032 22.270 1.09850
0.596 31.208 23.537 1.30029
0.473 29.285 22.863 1.86443
5.838 29.247 23.060 1.78087
36.847 26.895 22.659 1.44137
23.890 29.435 22.438 1.11873
2.108 30.547 22.989 1.69276
0.002 30.889 24.115 0.84122
0.424 30.960 23.809 0.73311
4.701 29.698 23.629 1.23413
1.051 28.891 23.525 0.90868
16.229 29.724 23.006 0.72148
0.275 29.751 22.863 0.56035
11.277 31.152 23.189 0.74187
10.804 27.298 23.153 1.27892
11.178 28.382 22.695 0.79974
21.357 30.214 22.579 0.96513
3.238 29.993 23.277 0.72167
6.206 29.999 23.725 0.43161
1.567 30.434 22.304 0.80400
0.856 31.132 23.606 0.89101
4.170 29.313 23.378 0.57338
10.731 29.540 23.389 1.39986
54.499 28.559 23.940 2.73841
44.188 26.818 23.789 3.58163
34.932 27.382 23.895 2.47121
1.719 28.258 24.047 2.19934
6.060 29.366 24.200 2.20567
2.371 28.510 24.475 2.32948
4.978 26.674 23.501 2.30548
7.040 27.003 23.437 2.07985
27.453 28.672 23.470 2.34017
4.069 26.761 22.699 1.62279
0.939 29.505 23.510 1.78400
6.191 29.422 23.362 1.79458
9.889 28.064 23.517 0.95011
13.332 29.480 23.100 0.70804
1.922 29.622 23.670 1.21990
11.528 29.457 23.521 1.01430
33.350 28.678 23.751 1.54217
19.544 27.163 23.191 1.63844
15.140 29.759 22.007 2.32558
22.141 27.802 22.513 2.42400
3.559 28.344 22.763 1.34241
4.779 30.418 23.335 0.75756
7.961 29.029 22.820 1.01494
4.257 29.272 22.925 1.23517
8.352 28.651 22.717 1.08677
0.276 30.273 22.790 0.53876
5.450 27.113 22.172 1.06197
2.186 30.266 22.339 1.26771
0.174 29.735 22.504 1.44707
0.729 29.448 21.792 1.57512
1.463 29.696 22.526 2.11542
1.540 29.773 21.144 1.99679
0.001 28.867 20.893 1.95207
0.043 29.238 21.257 1.74151
0.052 30.444 22.601 1.64610
0.430 29.438 23.090 1.49303
0.504 29.953 23.311 1.14572
0.833 29.630 21.426 1.43065
2.277 29.400 20.376 1.90391
0.058 28.825 20.919 2.02361
1.638 29.695 21.807 2.21217
6.134 26.357 21.841 2.54235
3.142 28.861 22.124 2.13143
2.117 28.631 20.610 2.83530
0.001 27.775 18.811 3.02680
0.000 28.507 19.631 2.83137
0.533 29.556 21.374 2.21557
2.625 29.858 22.972 1.96743
20.098 29.537 23.030 1.42701
3.020 29.499 22.002 0.99660
7.697 29.847 22.941 0.92939
13.278 28.858 21.321 1.81929
65.653 26.951 20.954 2.60005
5.260 28.489 22.047 1.78599
0.169 28.416 22.340 0.85620
0.906 29.037 21.779 1.13126
0.261 29.746 20.887 1.79947
0.012 29.666 21.086 1.39989
0.265 29.222 20.396 1.17798
1.849 29.954 21.736 0.84249
6.867 30.570 22.182 0.59852
1.257 29.174 22.178 1.49566
0.174 28.185 19.847 1.87157
0.402 28.429 20.348 2.12480
0.000 27.920 18.594 2.64057
0.390 27.788 19.214 2.86205
3.268 28.524 19.636 3.10361
0.079 25.124 15.597 3.57363
0.000 25.425 15.944 2.51931
0.000 27.437 17.846 3.07354
0.000 26.900 18.271 2.62013
0.000 27.800 19.275 2.54652
0.042 28.442 19.666 2.67998
0.061 28.394 19.630 2.17504
0.000 28.496 19.763 1.61979
0.000 28.954 20.034 1.80399
0.000 28.793 19.934 2.10503
0.000 29.425 20.793 1.39367
0.017 29.773 21.696 1.75004
0.029 28.637 19.057 2.86852
0.036 27.170 17.077 3.16389
0.039 28.124 17.455 1.94295
0.000 29.254 19.875 1.27975
0.000 30.576 21.069 1.10004
0.000 30.819 18.661 2.60039
0.000 26.595 15.348 3.91737
0.000 25.808 14.629 3.04415
0.000 27.433 15.303 2.00586
0.000 29.280 17.838 2.48488
0.000 27.971 15.482 2.98687
0.000 27.792 15.965 2.51316
0.000 28.760 16.681 2.17705
0.000 28.699 15.864 2.34639
0.000 29.207 16.782 1.52376
0.000 29.746 17.168 1.35280
0.000 29.926 17.654 1.85604
0.000 29.688 18.395 2.78426
0.000 30.233 18.777 2.71589
0.001 28.278 17.137 3.63711
0.001 27.369 15.997 3.66223
0.000 26.989 15.684 3.31141
0.000 28.718 15.711 2.95729
0.000 29.367 14.331 2.70054
0.000 28.757 13.693 1.91253
0.000 29.186 12.908 1.87206
0.000 28.469 12.943 2.15145
0.000 27.578 13.837 1.58619
0.000 28.989 15.239 1.24622
0.000 30.017 18.208 0.73750
0.000 30.272 19.146 0.82838
0.000 29.549 17.074 0.79449
0.000 30.850 16.186 1.26020
0.000 30.192 16.058 0.92100
0.000 30.542 16.820 0.59386
0.000 31.119 17.333 0.80583
0.000 30.443 16.633 1.50875
0.001 30.179 17.054 1.41510
0.000 31.073 18.219 1.83870
0.001 31.143 16.728 2.58293
0.000 30.041 14.251 3.32645
0.000 28.901 13.047 2.90055
0.000 28.438 12.817 2.76619
0.000 28.837 13.403 1.81772
0.000 30.442 14.722 1.63270
0.000 32.009 15.763 2.11550
0.000 32.273 16.761 1.05155
0.000 32.814 17.916 0.92505
0.000 33.269 19.209 0.93133
0.000 33.896 19.962 0.90024
0.098 34.709 21.021 0.86820
0.355 33.904 20.561 1.33858
0.088 34.378 20.989 1.26938
0.480 33.129 20.903 1.96233
0.104 33.553 19.752 2.22062
0.000 33.603 18.044 1.94491
0.259 32.456 18.471 2.18308
0.392 29.615 18.550 1.78955
0.000 30.984 17.063 2.42540
0.000 31.504 16.941 1.98745
0.000 32.906 17.275 1.25071
0.000 33.989 18.802 0.90989
0.001 34.767 20.872 1.20375
0.076 35.751 22.107 1.40900
0.003 34.319 24.034 1.68610
0.031 33.675 23.936 1.13872
0.194 34.955 23.995 1.13245
4.591 34.840 23.310 0.92199
1.812 32.818 23.378 0.84067
5.565 28.627 21.619 1.03632
0.007 34.335 21.779 1.52488
0.000 35.429 22.922 1.14727
0.000 33.825 22.578 1.57577
0.000 32.464 21.327 2.27158
0.011 31.140 21.615 2.31456
0.129 35.303 22.091 1.48649
0.009 34.860 22.924 1.13542
0.198 35.836 23.219 1.59392
5.121 30.845 19.348 1.88638
0.112 33.948 19.955 1.69877
0.011 32.296 17.280 3.25250
0.000 32.491 17.679 3.09686
0.000 33.977 17.313 2.31794
0.000 34.019 17.557 2.12019
0.000 34.866 18.903 2.21728
0.000 35.172 19.987 1.91231
0.000 34.751 21.217 1.27353
0.165 34.748 21.471 1.96790
0.000 35.934 21.164 1.99835
0.022 37.187 20.528 2.09215
0.029 37.547 20.515 2.06230
0.156 37.214 21.709 1.35334
0.501 37.308 19.163 3.06498
0.039 35.724 19.104 2.22995
0.000 35.739 18.359 1.88077
0.000 36.751 19.946 1.31403
0.001 37.815 22.328 1.17930
0.083 38.250 22.847 1.43384
0.000 37.733 20.730 1.47529
0.000 36.914 21.442 1.37197
0.000 37.334 22.096 1.27227
0.000 38.407 23.543 1.37433
1.320 39.142 24.831 1.72180
0.040 38.579 25.369 1.87548
0.014 39.438 25.166 1.73225
1.590 38.634 26.429 1.00069
0.021 39.091 26.975 1.50844
0.030 34.515 25.065 1.62147
0.036 37.856 23.901 1.93673
0.000 39.118 23.789 2.43219
0.000 39.087 24.229 2.27032
0.000 39.948 24.108 2.40841
0.013 40.182 25.774 2.00925
3.673 39.769 26.934 1.27609
3.688 37.053 24.611 1.60815
0.486 35.818 23.743 1.66603
1.888 37.701 24.065 1.91481
4.659 35.001 23.437 1.51316
0.003 33.672 24.225 0.73808
0.757 36.088 23.946 1.20292
16.604 35.540 22.990 1.70932
3.256 35.961 23.066 1.62485
0.636 37.130 24.359 1.16663
2.400 35.980 24.441 1.26630
0.102 37.401 24.628 1.51708
2.676 36.528 24.845 1.14055
0.092 36.276 25.208 1.70417
2.588 34.817 24.348 1.64854
4.863 34.368 24.549 1.60681
10.006 31.449 23.821 1.27834
2.063 31.351 22.677 1.18810
36.829 32.023 22.778 0.97272
0.463 33.695 23.577 1.50545
10.995 29.526 21.888 1.75391
2.697 33.261 21.793 1.80168
2.901 35.222 22.278 1.75897
0.231 35.898 22.631 1.36593
8.596 35.448 22.081 1.28547
0.212 36.420 23.677 1.40561
0.000 37.636 23.905 1.40625
0.000 37.202 24.493 1.25168
0.004 37.706 25.334 1.38663
0.000 37.749 25.379 1.19102
0.398 36.602 25.040 1.47635
9.925 33.739 23.732 1.05853
0.233 35.132 23.756 1.87835
3.761 33.735 23.344 1.90501
0.000 33.191 22.002 1.85048
0.000 35.510 23.590 1.27401
0.010 37.586 24.541 0.78074
1.301 37.270 25.015 0.80273
3.738 36.911 25.479 0.82588
0.270 36.885 25.751 1.01845
15.982 33.448 24.006 1.41385
1.205 36.624 24.660 1.58939
0.000 37.981 25.070 1.97496
0.000 38.931 25.209 2.35834
0.000 39.208 25.493 2.35986
0.015 39.783 25.864 2.21886
1.887 37.936 26.153 1.64807
36.176 31.991 24.245 1.39554
0.831 32.997 24.246 0.91620
0.296 34.465 24.199 1.62640
2.081 35.154 24.349 1.55067
0.061 36.552 25.356 1.36018
3.758 32.699 24.690 1.46719
0.107 35.842 24.781 1.43132
2.475 34.966 24.244 2.29049
0.765 32.099 24.502 1.86199
5.776 32.733 23.518 2.08912
5.954 31.902 23.590 1.92308
5.500 33.059 23.496 2.39437
8.524 32.090 24.137 2.34065
20.183 32.341 24.421 2.15392
15.558 29.722 23.725 1.19060
19.622 30.750 24.001 0.72031
17.518 27.110 23.580 1.71660
0.739 30.515 23.570 2.32056
0.300 32.371 24.216 2.38533
5.008 33.107 24.914 2.23121
26.067 30.358 24.658 1.76286
3.239 29.435 24.204 2.01583
0.402 30.286 24.045 1.87006
0.795 30.433 23.796 2.26015
0.006 30.352 23.996 2.21776
0.040 31.548 24.847 2.39250
0.043 31.138 24.495 2.07436
0.033 31.661 24.360 2.29227
0.048 31.264 24.325 2.26669
1.553 30.885 23.350 2.37236
2.377 31.221 23.018 1.76482
0.094 34.509 23.711 2.04124
2.412 31.519 23.398 1.84117
0.000 32.137 23.714 1.37536
0.000 32.951 23.842 1.17259
0.000 33.241 24.192 1.39748
0.698 32.419 24.106 1.69139
7.113 31.625 23.041 1.19909
8.408 34.534 23.727 1.49617
19.751 32.699 23.173 1.61024
0.380 33.505 22.830 1.62205
0.060 34.736 24.308 1.57705
7.075 33.467 24.293 1.68537
9.711 31.409 24.388 2.18899
30.008 28.767 23.464 1.81037
8.166 29.202 23.713 2.02919
19.848 30.194 23.956 2.26777
25.156 30.461 24.187 2.28948
40.605 28.760 24.008 2.47698
9.381 27.694 24.149 2.60503
4.539 29.967 24.354 2.65383
6.369 29.915 24.083 2.45126
9.893 29.137 23.909 2.59258
0.146 29.846 23.973 2.58355
0.404 29.849 23.559 2.14659
0.068 29.485 23.662 1.85233
0.840 30.044 24.034 1.80138
0.145 29.538 23.603 1.85245
3.234 29.684 23.548 1.94588
12.807 28.395 23.652 2.19299
1.093 29.742 23.534 2.49381
9.261 29.214 23.512 2.38220
63.388 29.536 24.082 2.16463
2.451 27.426 23.770 1.69206
2.584 28.838 24.072 1.73601
38.688 28.257 24.192 2.01572
19.389 28.161 23.453 2.18023
12.266 28.694 24.104 2.58336
9.174 28.656 23.928 2.29890
3.423 28.619 23.651 2.29365
14.853 29.249 23.375 1.70407
11.925 29.354 23.625 1.79699
9.695 29.531 23.762 1.82032
26.887 27.891 23.513 1.74109
17.551 28.394 23.576 1.92990
15.077 27.612 23.367 2.47172
7.254 27.817 23.665 2.23134
1.599 28.833 23.392 2.49383
10.805 29.432 24.237 2.44654
0.685 29.672 24.066 2.27745
10.627 27.875 23.645 2.18657
7.776 28.594 23.313 2.50661
7.687 27.603 23.664 1.99752
7.064 29.345 24.083 2.75125
7.966 29.013 23.892 2.90423
11.887 27.743 23.792 2.94051
6.001 28.997 23.797 2.90842
2.613 28.156 23.746 2.42606
11.422 28.123 23.526 2.01040
16.824 28.516 23.101 2.17215
22.834 28.918 23.299 2.65136
0.601 28.845 23.395 2.41650
0.034 28.167 23.144 2.16562
0.059 28.916 23.194 2.34731
1.649 28.361 23.232 2.17813
0.911 29.246 23.498 2.14172
2.312 28.914 23.728 1.73007
4.487 27.659 23.067 2.17756
16.012 27.992 23.560 2.02739
7.740 29.112 23.860 2.62974
18.740 28.976 23.628 2.84243
3.620 27.079 23.508 2.05780
2.359 29.103 23.826 2.13011
8.250 29.669 23.186 2.17362
7.945 30.833 23.359 1.52578
1.861 30.118 23.407 1.73203
4.458 28.614 23.079 1.96894
18.734 30.144 23.503 2.15596
5.635 29.573 23.581 2.19685
2.172 27.818 23.487 2.11580
2.066 29.395 23.537 1.89421
51.156 28.997 23.638 1.56562
9.000 27.757 23.618 2.14543
4.770 27.980 23.499 1.90560
1.134 29.382 22.992 1.71391
3.023 29.407 23.557 1.97924
0.742 28.492 22.995 1.62499
9.200 29.916 23.292 1.33459
0.351 30.074 23.546 1.29628
6.277 29.435 23.029 1.20774
22.177 29.467 23.356 1.35445
5.046 29.831 22.863 1.45544
0.006 30.081 22.524 0.97760
0.383 29.833 22.777 1.10960
4.096 30.600 23.630 0.62617
2.336 28.427 21.918 1.01119
1.268 31.802 23.250 0.66476
0.047 31.753 23.192 0.81070
2.134 31.355 23.592 1.06178
0.218 31.385 22.539 1.02725
2.838 31.770 23.353 0.72742
8.306 30.672 23.944 1.08101
1.068 30.771 23.401 0.73749
5.308 30.776 24.140 0.71787
6.435 30.237 23.619 0.99054
11.456 30.196 21.228 2.22604
0.612 30.395 21.912 2.12020
0.638 30.295 23.054 0.85584
1.000 29.747 23.887 1.03162
28.692 29.645 23.426 1.95693
29.896 24.295 18.966 3.01959
3.881 23.566 19.043 1.83696
0.076 25.223 19.764 1.06791
0.079 30.066 21.413 0.82922
0.784 29.594 22.861 1.02055
1.140 29.274 23.204 1.09822
2.147 27.955 23.085 0.99859
5.755 29.896 23.043 0.80025
30.261 28.714 22.979 0.96976
4.821 27.792 22.590 1.84384
0.130 29.893 21.865 1.08705
0.019 30.815 22.428 1.12138
0.249 31.201 22.746 1.34299
7.693 30.497 23.574 0.56735
5.378 29.795 22.843 0.86055
4.880 30.085 23.619 0.43543
13.216 29.366 23.035 0.53033
5.170 29.855 23.535 0.50937
1.121 30.043 22.969 0.58990
1.434 29.883 23.430 0.47673
4.040 29.213 23.153 0.99919
1.581 30.351 22.194 1.06103
0.073 30.688 22.196 0.89202
0.087 30.767 22.602 1.04580
0.796 30.921 23.137 0.97862
0.158 31.120 24.068 0.66051
0.001 31.652 23.548 0.60377
0.011 32.383 23.583 0.62053
0.431 30.558 21.884 1.18279
5.528 30.593 21.718 1.14032
0.921 29.389 21.993 1.22697
16.602 28.536 21.200 1.84565
0.010 28.386 20.343 2.31251
0.098 29.270 20.111 3.29619
0.000 28.329 18.090 3.25424
0.000 27.497 17.568 3.04016
0.000 27.989 17.184 3.37057
0.071 27.622 17.644 3.65327
0.417 27.486 19.430 2.75105
0.030 28.031 19.036 2.85386
0.000 27.905 17.342 2.68032
0.000 28.285 18.254 1.85174
0.000 28.031 18.141 1.84953
0.000 28.152 18.569 1.29298
0.000 28.987 19.710 1.29513
0.000 30.176 20.369 1.11523
0.000 30.944 20.379 0.99951
0.062 31.508 20.951 0.92857
0.039 31.826 21.762 0.71299
0.178 31.827 22.971 0.65796
0.000 32.720 22.536 0.48818
0.000 32.893 22.491 0.82267
0.080 30.140 17.812 2.81435
0.007 30.104 18.435 1.83817
0.000 31.126 19.855 1.11956
0.000 31.745 20.189 1.14060
0.000 32.198 20.401 0.97421
0.043 33.203 21.399 0.98835
0.039 32.980 22.633 0.62787
0.045 32.747 21.996 0.87082
0.033 33.073 22.058 0.90023
0.012 33.985 22.135 0.72076
0.257 34.298 22.084 0.60198
0.002 34.571 22.301 0.59984
0.000 34.911 22.088 1.02582
0.000 34.596 20.939 1.27867
0.000 34.561 20.575 2.01203
0.000 31.986 19.199 3.49890
0.000 32.150 19.490 3.24835
0.000 33.095 19.483 2.51524
0.000 33.657 20.463 1.94427
0.002 33.947 21.961 1.27765
0.000 34.807 21.080 2.10536
0.000 31.748 16.777 3.79050
0.000 30.235 16.259 3.04791
0.000 30.720 15.978 2.78286
0.000 31.801 16.629 1.95085
0.000 32.583 18.229 2.05659
0.000 32.445 17.763 2.34916
0.000 33.522 18.560 1.55147
0.000 34.892 20.296 1.50744
0.000 35.122 20.637 1.19246
0.000 35.676 20.972 0.76308
0.000 35.982 21.089 1.11248
0.000 35.259 20.873 0.79404
0.000 35.801 20.451 0.93070
0.000 35.739 20.793 0.91762
0.000 36.293 21.053 1.04660
0.101 34.626 20.332 1.12630
0.151 33.862 20.990 0.57501
0.000 34.185 20.324 1.02236
0.000 34.037 20.004 1.50088
0.000 34.271 20.126 1.39638
0.000 34.449 21.249 1.19236
0.000 34.618 19.026 1.56457
0.000 34.939 19.143 1.04983
0.000 34.974 19.026 0.98722
0.000 35.564 19.304 0.96790
0.000 35.143 19.408 1.00545
0.000 35.771 20.104 0.86414
0.000 35.867 20.698 1.67100
0.000 34.350 19.075 1.70688
0.000 34.503 20.223 1.45428
0.000 35.501 20.472 0.95038
0.000 36.881 21.985 0.77300
0.000 37.677 22.540 0.56673
0.000 37.646 23.346 0.86747
0.000 37.634 23.993 0.63516
0.000 37.120 23.705 1.46789
0.000 35.103 23.014 1.72425
0.000 35.936 23.493 2.20696
0.211 36.934 22.168 2.22810
0.000 37.118 19.957 2.24189
0.000 38.060 20.138 1.43156
0.000 37.731 19.831 1.15065
0.000 36.336 21.758 1.59688
0.000 36.151 23.084 1.46285
0.000 36.734 21.586 1.44032
0.000 36.902 20.469 1.46853
0.000 37.757 21.397 0.89683
0.000 36.339 18.787 2.71421
0.000 34.914 19.281 2.48120
0.000 35.249 19.987 1.57049
0.000 36.587 21.638 1.92137
0.000 36.851 18.154 3.87501
0.000 34.433 18.504 2.93099
0.000 35.422 19.291 1.44026
0.000 36.917 22.097 1.42889
0.000 37.467 22.711 1.60085
0.000 37.887 22.801 1.69785
0.000 37.808 22.207 1.35735
0.000 37.930 22.558 1.70096
0.000 36.236 18.858 2.21923
0.000 34.715 19.289 1.97421
0.000 34.156 19.524 2.30648
0.000 36.447 20.363 0.92481
0.000 36.070 23.277 1.22815
1.341 36.101 23.867 1.09252
3.405 34.080 24.665 0.88840
0.000 34.887 23.682 1.12944
0.000 36.464 22.524 1.59966
0.000 37.991 23.043 1.54350
0.000 38.746 24.138 2.06286
0.000 38.573 24.255 2.48448
0.000 39.801 24.318 2.24342
0.000 39.726 24.468 2.12109
0.000 40.007 24.413 2.07516
0.000 40.279 25.239 1.87354
0.000 40.848 26.631 1.55399
0.151 35.684 23.658 1.69391
0.000 37.909 24.197 1.52038
0.084 38.433 24.918 1.17842
0.000 38.561 25.806 1.26944
0.990 37.003 24.934 1.68272
0.000 37.245 25.536 1.20812
0.000 37.944 25.419 1.51134
0.000 36.176 25.110 1.66373
0.000 37.629 25.164 1.68841
0.000 37.808 25.356 1.40135
0.000 37.317 26.110 1.27632
1.091 35.856 26.157 0.97275
0.000 37.798 25.735 1.71354
0.000 38.043 24.898 1.87256
0.000 39.258 23.971 2.52693
0.000 40.156 21.465 2.68432
0.000 39.825 22.340 2.47116
0.000 40.340 22.659 2.13928
0.000 40.458 23.818 1.24728
0.000 38.615 24.903 1.32400
1.236 39.983 25.686 1.91025
0.000 39.810 26.272 1.43359
0.000 40.717 26.319 1.27702
0.000 40.834 27.181 1.66553
0.000 39.810 26.752 1.81787
0.000 40.717 25.697 2.16486
0.000 42.186 25.602 2.12336
0.000 41.443 25.234 1.48199
0.000 40.638 25.823 1.06297
0.000 41.249 27.335 2.11777
0.000 40.640 28.177 1.89866
0.000 39.058 26.327 2.27166
0.000 39.893 26.707 1.67714
0.000 39.254 27.969 1.48412
2.647 38.527 26.490 1.78221
0.000 40.175 26.058 1.68158
0.011 40.300 26.703 1.76732
0.809 39.929 27.575 1.79307
4.465 35.983 27.548 1.22560
9.572 37.676 26.984 1.96551
0.023 38.957 25.939 1.81842
0.013 38.237 26.505 1.27799
0.000 38.552 26.233 1.46107
1.087 39.799 26.425 1.31536
0.023 39.556 27.193 1.61328
0.000 37.844 27.579 1.24056
0.000 40.345 28.836 1.31016
0.073 40.017 28.242 1.59211
0.000 41.359 28.070 2.16941
0.000 42.522 26.522 2.02432
0.000 42.948 26.470 2.03847
0.000 43.334 28.235 1.37203
0.000 42.945 30.117 1.59573
5.036 41.183 29.526 1.20029
12.919 36.971 24.882 1.80681
0.031 36.105 26.346 1.21841
1.596 34.616 25.526 0.93057
11.116 35.513 25.186 1.69520
24.489 33.398 25.155 1.50195
0.000 37.721 25.111 1.37759
0.000 39.585 25.742 1.83810
0.000 40.136 26.821 1.58936
3.670 39.247 26.353 1.74146
0.000 39.909 26.863 1.71382
0.614 38.627 26.413 1.91135
1.855 37.337 25.670 1.76275
0.000 40.245 24.654 2.00824
0.000 40.168 25.168 2.02718
0.000 40.353 26.221 1.93300
5.170 40.244 27.563 1.68680
0.000 38.068 26.971 1.42753
42.491 36.841 26.292 1.33783
2.085 38.649 27.108 1.16560
0.000 35.244 26.068 1.10799
0.211 39.369 27.448 1.01298
0.001 39.677 27.695 1.41197
0.001 37.384 26.696 1.78064
1.594 35.082 26.575 1.35202
3.514 36.346 26.172 0.80968
7.639 37.344 26.538 0.77214
0.040 36.885 26.350 1.02173
0.005 38.443 27.279 1.24684
0.530 38.320 26.676 1.95278
0.489 38.261 26.676 1.82416
6.421 35.640 26.272 1.40865
0.444 32.696 25.527 1.16420
2.445 37.475 26.050 1.69795
3.359 38.181 26.057 1.75546
0.446 38.682 27.374 1.86861
0.020 35.997 27.240 1.81410
0.000 37.560 26.907 2.31025
13.780 34.509 26.121 1.48693
50.320 31.998 25.679 1.08339
31.654 32.221 25.356 1.37108
4.018 33.866 25.242 1.79350
0.921 32.648 25.336 2.21816
10.518 30.841 25.177 2.40691
2.006 31.696 24.458 2.20695
3.086 31.794 24.612 2.29881
0.269 32.948 25.314 2.39111
0.781 32.760 25.271 2.25146
6.374 32.994 25.263 2.09708
0.000 34.116 25.589 1.86932
19.646 32.891 25.388 1.60455
33.417 31.226 24.112 1.66956
0.076 33.770 24.874 1.52682
5.355 31.951 24.940 2.12292
0.059 31.561 24.619 1.89847
0.340 32.765 24.649 1.92980
12.799 33.141 24.667 1.74262
0.009 34.606 25.041 1.40481
2.301 33.436 25.443 1.45569
0.094 33.017 25.447 1.09666
0.000 34.083 25.274 1.43684
0.030 35.089 25.579 2.33596
0.000 31.977 25.321 2.13889
7.907 32.905 24.612 1.86756
0.000 33.053 24.806 1.82792
0.106 33.261 25.170 1.64548
0.094 32.511 24.910 1.74050
0.146 33.048 25.112 1.67758
2.629 32.322 24.739 1.99455
42.707 32.621 24.767 1.52813
23.129 32.533 25.004 1.63373
5.422 31.253 24.625 1.48199
1.327 32.535 23.289 1.41886
2.531 31.016 24.620 0.93655
3.714 28.944 24.205 1.53036
4.005 30.214 24.399 1.64120
4.600 29.800 24.117 1.81854
2.943 29.040 23.517 1.78919
15.645 29.374 23.692 1.22259
12.569 28.396 22.911 1.43292
0.550 31.146 24.031 1.21530
7.164 29.893 24.119 1.55362
5.821 30.690 24.449 1.72926
9.962 29.730 23.989 1.66355
0.610 29.964 23.642 1.87048
0.000 30.528 24.186 1.71278
4.496 30.678 24.039 1.60477
16.413 31.216 23.226 1.73973
23.197 31.674 24.050 1.62618
0.123 29.951 23.546 1.54846
0.000 30.488 23.670 1.22261
0.240 31.503 23.851 1.19621
0.275 30.886 24.252 1.27818
0.406 31.857 23.984 1.35414
0.029 33.689 24.752 1.48202
0.156 32.249 24.671 1.42214
0.305 31.633 24.885 1.59439
0.431 30.692 24.166 1.52931
3.850 31.749 23.757 2.06365
0.389 31.830 24.406 2.10823
0.501 30.251 24.326 1.90089
2.979 30.609 24.283 1.64537
3.588 31.688 24.321 1.22282
10.170 31.296 24.240 1.24475
12.709 31.302 24.242 0.70805
3.197 31.480 24.494 1.36105
11.857 32.235 24.674 1.66808
18.836 30.116 23.451 1.48971
0.109 32.138 23.891 1.79805
27.386 32.449 24.015 1.64904
7.986 30.720 23.794 1.70063
1.668 31.020 23.703 1.48817
2.219 31.853 24.850 1.16812
26.344 29.514 23.537 2.00030
18.914 29.498 23.507 1.82824
10.821 30.748 23.915 2.00876
10.274 29.389 23.696 1.99470
0.810 29.557 23.688 2.14101
19.888 29.242 23.415 1.72688
0.000 31.620 24.003 1.18714
3.347 31.565 24.565 0.88939
3.404 30.771 24.334 0.93837
11.969 30.776 24.363 0.66704
20.884 31.645 24.126 0.68498
6.444 30.805 24.054 0.50694
20.839 31.937 24.259 0.83731
0.366 30.202 23.816 1.47308
1.089 30.290 23.555 0.92314
5.998 29.697 23.400 1.09623
1.384 30.959 23.674 0.89974
0.004 30.744 23.739 1.09239
0.833 31.347 23.649 1.17095
5.786 30.681 24.398 1.50921
0.028 31.823 24.047 1.66196
0.405 31.556 24.938 1.61053
9.737 30.532 24.680 1.39260
0.181 32.058 24.639 1.06083
2.559 29.080 23.892 1.25813
5.561 29.435 23.888 0.83974
0.001 30.043 23.696 0.89478
8.476 30.765 23.553 0.68561
3.820 30.540 23.792 1.36173
3.544 29.457 23.592 1.70000
7.529 30.152 23.635 1.59067
0.221 30.269 23.717 1.22666
3.538 30.774 23.552 1.38324
7.336 31.172 24.388 1.55164
17.210 28.194 24.094 1.82856
22.720 27.345 21.832 1.25704
1.041 31.819 23.231 0.78092
1.468 30.618 23.797 1.40765
0.029 31.528 24.530 1.85102
0.355 30.498 24.259 1.77773
20.851 30.467 23.810 0.79931
21.399 31.048 23.735 0.69074
18.350 28.872 23.359 1.01464
1.063 30.404 23.524 1.11948
1.761 29.174 22.526 1.48374
0.242 28.841 22.504 1.77772
8.330 30.321 23.330 1.28468
9.430 29.121 24.097 1.15280
3.644 27.921 23.963 0.98737
1.923 30.808 24.476 1.22278
22.230 29.000 23.198 1.33726
0.160 30.492 22.671 2.12417
0.523 29.775 22.305 2.98508
41.346 29.902 22.673 2.63500
6.414 26.707 21.580 1.53213
0.164 28.798 20.332 1.68484
0.004 29.219 21.700 2.06421
0.114 29.813 21.072 2.06929
3.572 30.027 20.637 1.68049
0.299 29.831 21.831 1.33292
21.780 31.085 22.860 0.90741
15.752 29.742 23.323 1.35517
28.928 30.357 23.859 1.21809
1.606 29.573 22.916 1.38274
7.460 30.982 23.797 0.87329
6.595 30.891 23.489 1.09758
8.949 29.771 23.138 0.92652
0.236 31.254 23.581 1.15114
0.306 29.798 22.973 1.02358
0.000 31.489 23.544 1.00712
0.045 31.429 24.595 1.50272
17.055 28.240 23.492 1.26530
1.207 28.078 22.371 1.29828
0.076 28.585 21.620 1.67647
0.275 29.947 21.036 3.30021
5.540 27.887 21.148 3.13935
0.611 28.688 19.977 2.39128
0.000 29.285 19.841 2.35282
0.000 29.246 18.841 1.76504
0.000 29.272 17.911 1.43417
0.000 29.583 19.080 1.68457
0.000 29.758 19.723 1.66797
0.000 31.646 21.094 0.57780
0.025 31.495 23.601 0.95563
1.088 31.347 22.101 0.93703
1.088 32.222 21.538 1.10747
0.215 31.864 22.792 1.33209
2.044 30.337 23.313 1.67285
0.000 28.711 21.327 2.02841
0.064 30.200 20.345 2.36103
0.034 30.379 20.551 2.69507
0.030 29.860 20.639 3.42301
0.159 30.480 19.838 2.60803
0.206 31.286 20.618 1.89757
0.034 31.386 20.228 2.17721
0.000 31.592 19.013 2.40364
0.000 30.771 17.909 2.67222
0.014 30.928 16.530 2.34736
4.763 31.465 17.566 2.28537
8.476 27.896 20.458 2.57465
0.584 32.843 21.750 2.16578
0.000 32.722 22.110 1.53457
0.000 34.025 22.281 1.32359
0.991 33.447 22.432 1.24074
7.058 33.015 21.991 2.79274
50.771 27.820 20.164 4.25705
0.939 26.038 20.523 2.94318
1.945 26.175 18.504 3.24560
0.105 28.934 18.225 2.82643
0.564 28.407 18.195 2.40650
15.642 28.907 18.538 2.28820
15.233 27.903 19.524 2.46882
0.000 29.059 20.381 1.28801
0.001 27.771 22.179 1.17143
2.028 29.989 22.986 0.59794
0.000 30.850 22.936 0.53427
0.000 31.059 23.557 0.55425
2.629 31.089 22.253 0.90198
3.569 32.643 20.442 2.13968
0.000 31.518 20.565 2.52139
0.000 31.540 20.449 2.58951
0.000 31.217 20.079 2.46412
0.000 30.515 17.261 3.60608
0.350 29.017 15.906 3.24404
0.942 28.307 15.795 3.86546
0.041 27.091 16.096 4.47590
0.000 27.252 15.091 4.53998
0.212 27.230 14.789 4.07182
0.019 25.704 15.355 4.19135
1.361 25.898 15.912 4.74647
0.048 24.932 14.947 4.06565
0.000 27.143 15.436 2.53018
0.000 29.622 16.513 1.97664
0.000 30.965 18.071 1.73370
0.000 31.440 17.899 2.26416
0.000 31.701 18.327 1.96208
0.000 32.514 19.325 1.41973
0.000 32.949 20.664 1.25608
0.000 33.373 20.195 1.48144
0.000 32.718 19.009 1.75110
0.000 32.602 19.153 1.67228
0.000 32.658 19.900 1.81761
0.000 32.236 18.624 2.06660
0.000 32.932 19.166 2.63110
0.000 32.484 19.319 2.65644
0.000 31.906 19.285 2.16593
0.000 33.143 20.042 2.43730
0.000 32.504 20.526 2.45176
0.000 31.975 18.155 3.10502
0.000 30.262 15.026 2.90691
0.000 30.198 14.003 2.74817
0.000 29.603 15.008 2.11968
0.770 30.287 16.057 2.21143
0.000 30.297 16.285 2.44930
0.231 29.909 16.968 1.25294
0.000 30.655 19.321 1.68346
0.069 31.927 18.710 2.61555
0.070 28.974 17.074 3.02309
0.358 30.136 14.995 3.92457
0.000 31.370 15.571 2.38479
0.000 31.586 16.988 3.22292
0.000 29.278 15.075 4.17900
0.004 31.019 15.427 3.38894
0.008 31.455 16.011 2.85797
0.000 33.228 16.841 2.04859
0.075 34.647 19.507 2.18429
0.000 34.421 19.415 3.25042
0.026 33.283 19.853 2.95435
0.000 35.315 20.645 1.73579
0.000 36.251 22.448 1.35576
0.000 36.740 24.420 1.11988
0.000 35.146 24.390 1.34597
0.000 36.453 23.448 1.06156
0.074 36.428 23.188 1.18700
0.783 36.753 23.348 1.36072
0.087 35.306 21.895 1.74079
0.000 36.067 21.748 1.64307
0.000 36.629 22.021 1.15016
0.000 37.967 23.602 0.74946
6.295 36.423 19.094 3.07181
0.000 32.317 16.012 4.39338
0.000 30.505 14.541 3.60655
0.000 30.580 15.397 2.03300
0.000 32.871 17.281 2.22937
0.987 32.054 18.924 2.55035
0.000 33.786 17.605 2.80283
0.000 34.067 18.598 1.64298
0.005 35.658 20.620 1.13198
0.022 33.152 22.005 2.39095
0.000 36.046 21.575 2.80586
0.000 34.906 22.358 2.00720
0.000 34.918 22.305 1.69154
0.000 36.078 20.051 2.46483
0.000 35.603 20.174 2.13356
0.000 36.528 20.418 1.29720
0.000 37.986 22.093 1.57054
0.000 36.085 20.492 2.38836
0.000 35.259 20.077 3.28859
0.000 34.601 20.502 3.11772
0.000 35.478 20.166 1.68914
0.000 36.832 20.707 1.33654
0.000 38.061 22.472 1.17819
0.000 38.190 24.261 1.54424
0.001 38.954 25.441 1.32105
0.000 39.460 22.556 2.39122
0.000 38.549 23.099 2.12609
0.006 36.605 24.063 1.62107
0.000 38.017 24.821 1.23711
0.000 38.380 25.523 1.05658
3.171 37.039 25.877 1.24124
1.590 37.129 25.375 1.15570
0.000 38.708 25.666 1.62177
0.696 39.409 26.098 1.61792
0.000 40.137 24.565 1.84728
0.000 40.474 25.811 1.70229
0.000 41.160 27.511 1.61291
0.000 40.364 26.568 1.89747
0.000 32.973 23.851 2.01330
0.000 37.283 24.828 1.74376
18.705 37.227 25.606 1.27941
13.519 34.632 24.278 1.31615
0.000 37.071 25.181 1.30405
0.000 37.582 24.933 2.13877
0.000 37.864 25.424 2.39943
0.000 39.381 25.309 2.35600
1.074 40.125 26.764 2.08410
4.419 32.746 25.645 1.34452
26.888 28.348 21.885 1.71245
0.795 36.669 22.826 1.55074
0.062 35.137 23.180 1.36789
2.847 35.521 24.068 0.99125
0.389 35.383 25.112 1.19230
20.773 34.318 24.971 1.00898
0.340 30.781 24.239 0.85236
2.174 28.789 20.189 1.44586
0.000 33.621 21.271 1.64422
0.000 32.704 23.603 0.80029
0.135 36.061 24.592 0.83048
0.016 38.144 24.534 0.98800
0.035 36.246 24.295 0.90119
2.166 37.658 24.478 1.30449
4.513 34.367 23.816 1.60447
0.325 33.683 24.178 0.79339
0.145 35.349 25.146 0.88795
0.210 36.541 25.084 0.84873
4.195 36.162 25.847 0.95560
14.474 33.826 24.832 1.21005
3.490 32.143 24.586 0.86725
15.881 32.050 24.464 1.39504
23.710 31.130 23.916 1.13168
2.036 31.910 23.972 1.07450
13.861 32.725 24.558 0.62399
0.015 30.064 23.358 1.07214
0.800 32.341 24.680 1.19772
10.773 30.496 24.784 1.32444
0.461 32.853 24.927 0.56169
1.035 33.860 25.143 0.67181
0.532 30.086 24.396 0.90659
2.429 29.198 23.531 1.31704
1.296 29.479 23.062 1.18163
0.074 32.029 23.810 1.81926
0.000 33.078 24.074 1.54302
36.525 32.347 24.312 0.91209
19.313 29.397 23.587 0.93102
1.049 28.810 19.745 2.29373
1.405 31.007 20.810 2.01387
0.145 30.160 22.066 0.98967
11.717 32.014 23.961 0.72533
3.978 30.839 24.009 0.79068
1.149 28.310 22.358 0.97172
0.001 31.605 23.864 1.06846
7.256 30.755 23.776 1.31473
1.382 30.047 23.698 1.27040
5.284 29.976 23.218 1.43775
3.100 31.368 23.347 1.65571
1.361 31.744 24.188 1.26481
32.755 28.539 22.249 1.47839
10.104 30.110 22.908 1.05121
17.880 30.611 23.338 1.13877
18.641 31.036 24.039 0.96089
2.581 29.543 23.410 0.86426
3.444 29.517 23.268 1.23223
3.068 30.672 23.738 1.31725
8.036 30.087 23.443 1.14269
14.769 30.269 23.776 1.05535
23.109 29.822 23.309 1.03340
3.819 30.326 23.474 1.41677
2.015 29.974 22.985 1.76359
0.940 30.643 24.015 1.28630
0.195 29.860 23.456 1.32510
0.091 30.486 23.827 1.65793
1.551 29.089 23.751 1.66891
13.805 29.413 23.371 1.56384
8.022 28.665 23.419 1.03365
9.473 29.121 23.759 1.23919
8.630 29.417 23.540 1.88719
1.010 29.127 23.908 1.96656
10.389 29.518 23.688 2.11755
0.780 30.331 23.791 2.10724
10.269 30.437 23.694 2.12409
8.634 30.550 23.663 2.27618
3.907 26.489 23.344 1.93111
12.003 28.769 23.715 1.93342
2.566 30.018 22.753 2.52283
0.319 30.406 23.539 2.48898
6.017 28.155 23.438 2.03887
8.681 28.271 23.286 1.45627
18.504 27.889 23.288 1.50139
0.101 28.548 22.918 1.76390
0.001 29.530 23.545 1.53552
0.430 29.986 24.163 1.57303
21.545 29.330 23.290 1.26158
3.890 29.349 23.546 1.44700
61.818 29.208 23.312 1.30604
0.136 28.302 23.217 1.46398
16.816 29.175 23.752 1.70295
33.815 28.083 23.259 1.82043
3.466 29.439 22.766 1.96828
0.000 29.915 23.123 2.06073
0.776 29.173 22.310 2.05044
3.194 29.581 23.071 1.96855
5.600 28.387 23.208 1.65775
0.565 28.418 23.178 1.45207
19.028 27.681 23.104 1.34906
0.505 29.203 23.223 1.21640
12.441 30.538 23.037 0.87468
0.409 31.197 24.409 1.28956
0.139 30.116 23.991 1.80023
0.816 29.105 23.731 1.75487
15.301 28.488 23.538 1.47962
8.916 28.301 23.506 1.46818
6.642 28.424 23.862 1.32775
9.885 27.999 23.312 1.53080
1.783 28.647 22.838 1.60437
0.000 30.567 23.156 1.37616
0.000 30.042 23.550 1.75649
5.929 29.471 23.454 2.02430
7.060 29.373 23.551 2.17523
9.164 29.527 23.558 2.17446
0.640 29.590 23.986 2.41368
0.234 28.713 23.802 2.18829
2.672 28.467 24.062 1.58497
2.131 27.525 23.968 1.72656
5.735 27.919 23.616 1.95986
0.000 29.635 23.662 1.74574
1.223 29.439 23.899 1.48547
12.645 29.179 23.534 1.69941
1.217 29.717 23.622 1.83814
0.825 28.615 23.068 2.11414
3.340 28.912 23.542 2.34677
37.175 28.990 23.925 2.17471
20.352 26.954 23.612 2.68252
11.299 27.571 23.123 3.17886
0.491 27.244 23.284 2.69953
13.176 29.651 23.561 2.49959
6.945 29.046 23.920 2.36246
50.934 29.000 24.209 2.73208
32.427 28.245 23.426 2.28216
20.960 27.349 23.343 2.59921
0.236 28.267 23.034 2.60780
1.937 27.827 23.264 2.72280
0.475 28.585 23.325 3.36997
0.711 26.954 22.791 2.79549
0.547 28.502 22.851 2.72298
3.867 28.604 23.017 2.84837
0.000 28.299 23.637 2.50657
0.279 29.915 23.560 2.56314
1.030 27.816 23.542 2.12305
8.707 28.141 23.300 1.92535
4.320 29.092 23.201 2.40505
0.237 29.145 22.839 2.23697
0.020 29.162 22.941 2.17515
4.148 28.198 22.453 1.61123
2.580 29.408 22.659 1.50379
2.371 29.009 22.821 1.17425
14.864 28.766 22.855 1.17660
0.319 28.739 23.133 1.07256
10.764 29.422 23.403 0.74921
0.000 30.872 23.158 0.67073
0.006 31.666 24.147 1.24640
0.068 30.371 24.167 1.16481
26.976 29.570 24.248 1.15787
23.900 28.109 23.569 1.38336
0.551 29.982 23.489 0.79270
3.251 28.968 23.107 1.05250
1.446 29.817 23.251 0.81531
1.712 28.224 23.242 1.20263
5.579 28.717 22.781 1.19766
0.934 28.169 22.775 1.10939
2.215 30.115 23.005 1.28108
4.390 28.518 22.525 0.98001
2.285 30.403 22.596 0.74406
0.221 31.283 23.692 0.97460
0.966 30.604 23.512 1.10353
35.690 30.760 23.937 0.76953
22.429 27.802 22.035 1.36157
5.885 28.632 22.917 1.12748
3.096 28.713 22.331 1.61911
5.429 30.072 23.263 1.39291
6.151 28.887 22.959 1.63295
0.661 29.257 23.102 1.33617
7.600 28.641 22.625 1.52176
0.957 27.535 22.565 1.97255
0.434 29.742 23.340 2.04024
5.179 27.730 23.622 2.14094
0.581 28.860 23.318 1.75737
0.739 29.243 23.499 1.98774
0.021 28.832 23.260 1.75935
0.573 29.716 23.375 1.51196
46.074 28.352 23.571 0.97997
3.055 27.409 22.393 0.98459
10.080 29.955 23.440 1.08017
2.757 28.807 23.565 0.89337
1.109 28.887 23.232 0.75789
0.393 29.867 22.866 0.90796
21.895 28.955 23.230 0.54051
5.525 30.063 23.064 0.66286
19.571 27.096 22.342 1.32858
9.619 30.164 23.106 1.20097
17.265 29.777 22.350 1.07115
1.416 29.187 23.078 0.94508
11.239 27.054 22.687 1.07478
35.819 28.735 22.168 0.87558
2.764 28.788 22.145 0.84781
0.326 30.114 22.312 1.28236
4.012 30.261 22.916 1.25539
0.008 28.384 22.156 0.95818
0.000 31.105 23.193 0.60496
2.883 30.509 23.644 0.86830
1.861 27.474 22.189 0.77406
24.418 31.011 22.881 0.59483
0.194 30.395 22.950 1.16711
1.345 29.934 22.792 1.51327
7.593 29.444 22.295 0.92114
4.154 30.391 22.365 0.81476
7.092 28.702 22.297 1.58941
0.000 29.067 20.388 3.05927
7.399 28.367 17.710 2.90477
8.622 26.626 18.502 2.33899
0.000 25.182 18.582 1.47974
0.000 29.152 19.417 1.04056
1.787 29.562 22.602 1.80292
3.852 29.772 21.564 2.97190
2.406 27.489 22.052 2.41803
6.821 27.970 23.094 1.87714
0.821 29.172 22.588 1.29638
0.000 29.693 22.879 0.98538
5.924 29.244 22.209 0.88442
5.370 29.278 22.732 0.80595
22.484 27.733 22.825 0.85834
0.469 29.724 23.471 1.08458
20.090 29.517 20.143 2.57216
11.551 26.986 18.739 3.60832
1.409 27.163 18.986 3.08894
1.021 26.561 19.881 3.21594
13.434 26.187 20.399 2.97156
0.086 25.886 20.108 1.64970
0.000 29.990 21.146 0.72051
1.645 30.000 23.218 0.62081
0.820 28.578 22.112 0.89194
0.041 29.643 21.902 0.99493
0.049 30.339 22.938 0.79503
0.638 29.947 23.689 0.70434
3.349 29.543 22.622 0.66194
0.000 29.820 21.650 1.53476
0.088 29.151 20.259 1.74967
0.000 26.814 19.240 1.97893
0.000 27.185 18.202 2.65091
0.351 26.596 17.216 2.44077
0.011 26.559 16.757 2.21455
0.000 26.938 16.473 2.24416
0.214 27.330 17.460 2.02053
0.466 28.305 19.713 1.75692
1.254 28.834 21.359 1.38532
0.464 29.704 19.943 1.52978
0.281 29.809 19.808 1.16605
0.000 30.105 20.322 1.28020
0.005 30.322 21.162 1.65545
0.141 28.833 18.996 2.83687
0.003 26.292 16.153 3.24494
0.000 26.237 15.336 3.08992
0.000 26.472 15.377 3.16408
0.678 26.488 15.971 3.43202
0.631 27.406 17.537 2.86806
1.112 27.768 19.263 2.57342
0.075 26.184 17.209 3.33036
0.049 26.677 15.958 3.11030
0.027 27.198 15.283 3.12548
0.000 26.867 14.560 3.46652
0.006 25.677 13.855 3.05385
3.920 26.890 14.505 2.33825
2.569 27.106 17.221 2.37296
0.084 27.191 17.869 2.50400
0.179 29.400 18.607 2.67184
0.000 29.201 16.239 3.50185
0.429 28.314 16.264 2.94805
0.016 29.390 16.810 2.51973
0.000 26.577 17.503 3.37909
0.000 26.636 15.459 3.64136
0.000 26.076 15.343 3.69815
0.000 26.535 12.678 3.81603
0.000 26.589 11.725 4.38200
0.000 23.051 8.616 4.34768
0.000 22.701 7.773 3.47207
0.000 22.156 7.408 3.14248
0.000 23.270 7.912 2.39573
0.000 24.609 9.068 1.96467
0.000 26.691 10.695 1.86035
0.160 29.265 14.012 2.05754
0.000 30.320 17.107 1.55296
0.000 32.760 18.974 1.71400
0.000 33.229 18.757 1.48372
0.000 33.531 19.208 1.83255
0.000 33.107 19.998 2.13374
0.000 32.340 20.206 1.27032
0.000 33.210 21.271 0.89117
0.000 34.925 20.115 1.33223
2.625 35.177 20.550 0.78468
0.096 33.928 21.370 0.92013
0.000 33.336 21.367 0.77068
0.000 35.008 21.225 0.74194
0.000 35.752 20.550 1.08515
0.000 35.545 21.976 1.03671
5.637 34.480 23.024 1.02181
0.000 34.340 23.686 0.54271
0.000 34.739 22.274 0.78256
0.000 34.840 21.881 0.72324
0.291 35.168 22.828 0.69999
0.000 33.970 22.484 1.13907
1.999 27.692 16.432 2.61946
3.831 24.763 15.221 3.10667
0.095 29.651 15.453 2.19391
0.000 31.591 17.365 1.81465
0.014 32.412 17.975 1.66197
0.000 33.308 19.289 1.50866
0.000 32.604 21.309 2.01828
0.092 33.344 17.244 3.69553
0.000 30.696 13.979 4.48437
0.000 28.899 12.444 4.12311
0.000 30.232 13.230 2.80401
6.909 31.509 15.342 3.01824
0.000 31.382 15.408 3.36710
0.000 31.179 12.778 4.30297
0.000 29.295 12.802 3.56204
0.000 30.297 13.712 2.40202
0.000 30.978 14.468 1.97565
0.000 33.165 15.989 1.99264
0.000 33.996 18.092 2.54947
0.865 33.765 16.288 2.75885
0.000 32.481 16.037 2.65550
0.000 33.093 16.670 1.98324
0.000 33.570 17.701 1.28566
0.000 34.775 18.446 1.00411
0.000 36.010 20.005 0.90127
0.000 36.670 20.176 0.86900
0.000 37.267 21.989 0.90912
0.004 37.765 23.596 1.07833
0.000 36.616 22.791 1.26218
0.004 36.720 22.124 1.24125
0.000 37.229 23.535 1.41685
0.000 36.975 24.827 1.77201
8.719 33.881 24.182 1.62072
0.000 33.980 24.492 1.05393
1.186 32.003 24.290 0.84295
0.300 33.662 24.041 1.33640
0.078 34.116 24.721 0.93893
7.197 34.126 24.102 1.01896
3.161 32.130 16.797 2.80032
0.000 28.138 14.408 3.65053
0.000 32.834 15.465 1.94472
0.628 34.793 18.999 1.92187
0.000 33.053 19.399 2.59897
0.000 33.357 18.515 2.58349
0.000 33.815 19.320 1.73681
0.015 35.512 21.419 1.19407
0.000 34.083 23.396 0.98863
0.000 37.799 24.510 1.09229
0.000 37.593 25.014 1.13547
0.000 36.677 25.159 1.13989
2.713 37.266 24.569 1.70503
0.467 31.642 23.269 1.84142
0.049 37.246 23.884 1.83021
0.000 37.308 23.574 2.01765
0.005 38.121 22.524 1.62365
0.399 38.585 23.180 1.25324
0.421 37.923 25.231 1.86489
1.034 31.734 24.473 1.56226
0.049 36.939 24.871 1.26266
0.000 37.734 25.798 1.82100
0.000 37.449 25.772 1.52604
0.084 34.974 25.642 1.24234
3.076 37.910 24.599 1.35591
0.006 39.058 26.236 1.36215
0.000 38.595 26.068 1.78230
0.115 38.682 25.067 1.65092
0.000 38.499 23.392 2.71247
0.000 37.846 22.823 3.27280
0.000 37.573 22.337 3.47372
0.000 35.704 23.572 2.11209
0.000 39.103 24.811 1.61804
0.000 38.971 24.868 1.31395
0.000 39.102 25.626 1.97307
2.766 36.318 25.773 2.16239
0.000 36.320 25.695 2.19661
0.000 40.085 26.502 2.79722
0.200 37.065 26.717 1.61935
0.000 33.407 25.744 1.51220
1.839 34.301 24.725 1.43401
0.046 33.199 24.771 1.00728
0.373 39.052 26.117 1.37398
0.016 38.622 26.608 1.02434
2.077 38.802 24.693 2.08699
42.528 28.381 23.871 1.72102
1.176 33.181 23.833 1.56389
20.556 30.403 23.513 1.26036
17.334 29.542 23.391 1.31389
3.466 32.994 23.688 1.21012
0.166 31.632 20.973 1.75353
42.634 31.531 21.162 2.61895
18.419 31.514 22.031 1.17337
0.952 34.444 24.385 0.58811
0.281 31.873 24.078 1.21151
13.707 30.203 23.965 0.99827
25.964 31.648 24.565 0.70662
11.419 28.980 23.848 0.70977
0.610 32.559 23.614 1.24775
0.591 31.009 23.695 1.38121
0.505 32.051 24.091 1.39249
0.327 31.366 23.864 1.29239
13.416 32.108 24.319 1.15212
0.771 30.522 24.190 0.93223
0.000 30.912 23.724 1.07326
1.045 31.042 23.877 0.69862
7.273 31.696 24.693 0.95194
4.831 30.411 23.670 0.79945
14.364 32.646 23.178 0.73728
6.125 31.238 23.767 0.81452
0.000 31.876 23.150 0.69090
0.493 32.353 23.209 0.68451
1.661 31.765 23.708 1.13384
0.394 31.762 24.015 1.34097
0.294 30.885 24.178 1.57053
1.701 29.794 24.142 1.43881
32.702 30.013 24.102 1.67461
10.739 29.831 24.326 1.33560
17.510 28.723 23.655 1.77616
4.459 29.568 23.517 1.77003
12.668 28.132 23.927 1.54019
2.033 30.140 24.157 2.06954
10.519 30.157 24.310 1.91525
2.691 29.415 24.429 1.79888
4.330 28.689 24.017 1.31644
10.875 29.645 24.317 1.91305
32.411 28.656 23.798 1.51086
4.222 28.115 23.514 1.53164
47.825 29.161 23.797 1.22854
7.630 29.781 23.920 1.80238
0.096 30.683 24.074 1.87191
1.185 28.753 23.787 1.86867
0.531 29.871 23.773 1.47134
4.085 30.705 24.351 1.16904
8.828 31.179 24.736 1.07687
28.263 29.164 23.944 1.17391
26.841 30.679 23.997 1.40688
9.946 28.842 24.070 1.34124
2.325 27.958 23.322 1.40528
4.684 30.688 23.384 1.53785
1.034 30.301 23.371 1.29948
0.214 29.663 22.756 1.04268
6.851 30.117 23.899 1.25162
0.286 29.534 23.416 1.64115
4.131 29.955 23.814 1.88656
15.134 28.989 23.470 1.98206
0.089 29.113 23.619 1.86566
0.045 30.025 23.266 2.25091
0.360 29.490 23.556 2.42300
3.784 28.131 23.592 1.88666
108.829 28.280 23.592 1.90854
42.189 29.191 23.918 1.98308
13.940 28.323 23.760 2.09704
26.776 27.288 23.329 1.80709
3.121 29.660 23.910 1.47430
4.926 29.331 23.916 1.53679
1.330 29.188 23.441 1.37803
0.938 29.600 23.930 1.57868
1.366 28.328 23.652 1.40419
7.420 27.974 22.877 1.93531
10.909 28.295 22.899 1.91718
2.726 28.528 23.271 1.76017
11.591 27.992 22.531 1.62452
3.884 29.326 23.003 1.62312
2.401 29.686 23.089 1.18186
2.838 29.360 23.524 0.72323
5.694 30.215 23.563 0.67891
42.141 28.512 23.561 0.97245
1.328 28.000 23.916 0.88227
9.268 29.461 23.727 0.87039
8.266 30.173 23.776 1.17869
30.941 29.566 23.757 1.93698
4.181 26.541 22.754 1.95419
2.944 28.483 23.488 2.35047
2.026 28.498 23.381 2.60977
1.804 28.360 23.317 2.55523
21.171 27.267 23.186 2.56690
23.536 27.818 22.258 3.07093
0.762 25.316 21.656 2.58294
0.038 29.109 22.906 2.54128
1.489 28.858 23.192 2.43539
3.098 27.986 23.676 2.13228
28.728 26.832 23.214 2.55582
4.031 27.193 22.033 2.52852
2.429 27.357 22.662 2.05555
24.245 28.858 23.281 2.16180
4.283 28.306 22.888 1.85647
0.915 28.502 22.982 1.67883
1.379 29.272 23.204 1.54780
2.181 29.150 23.713 1.57706
2.589 28.123 23.465 1.55409
26.868 28.063 22.858 1.56460
9.796 27.943 23.175 1.89395
20.361 29.415 22.982 2.13783
44.506 28.144 23.574 1.82042
2.110 29.349 23.453 1.74374
0.380 29.697 23.749 1.54368
0.530 29.546 23.805 1.51769
0.465 29.052 23.429 1.80135
0.973 29.723 23.593 1.98906
1.179 28.312 23.095 2.07319
0.244 28.846 23.282 2.04237
3.608 28.662 23.039 1.61921
4.568 28.515 23.155 1.40992
13.757 28.044 23.344 0.84905
18.816 27.951 23.036 1.18134
15.373 29.704 23.339 0.71133
2.609 29.432 23.000 0.97777
1.445 29.864 23.490 1.44904
5.299 29.976 23.214 1.78914
4.437 29.633 22.854 1.91025
7.179 29.434 22.919 2.02244
0.000 30.185 23.390 2.08644
2.069 29.365 23.572 1.82370
11.674 28.539 23.555 1.62782
15.833 28.942 23.307 1.10979
0.000 28.558 22.719 1.48207
14.197 30.182 23.688 1.24240
42.390 30.485 24.349 1.60165
113.610 27.509 22.129 3.69974
28.930 26.795 23.149 4.14302
1.051 27.196 23.504 2.92055
5.644 29.204 24.049 2.41835
13.109 28.697 23.974 2.08991
24.951 28.942 23.913 1.87396
1.726 28.461 23.919 2.21152
0.269 27.756 23.831 2.38680
2.315 27.125 23.743 2.58446
12.699 28.609 23.773 2.29210
1.589 26.448 22.643 2.20190
9.144 27.496 22.880 2.20083
15.199 28.867 23.189 1.96117
8.687 27.894 22.901 1.72083
1.632 26.168 22.912 2.15838
44.258 27.736 22.987 1.84182
9.529 28.146 23.595 1.70280
26.727 27.568 22.771 1.14248
9.214 28.026 23.706 1.30610
9.864 26.666 22.949 2.71900
5.131 27.722 23.056 2.12763
7.495 26.963 23.310 1.28003
8.644 28.408 22.899 1.13909
0.147 29.673 19.633 1.75366
0.000 28.661 18.722 1.84746
0.049 29.734 20.224 1.22617
0.084 30.200 21.878 1.05964
1.151 30.200 22.887 0.78622
3.244 27.877 22.322 1.02538
1.403 29.852 22.410 1.03122
2.585 30.005 22.313 1.18549
18.455 30.468 22.666 0.96673
0.505 29.843 23.357 0.71599
4.667 29.590 22.955 1.16806
1.573 29.854 22.974 1.03420
2.477 30.002 23.493 0.93334
14.732 28.788 23.183 0.81472
3.684 29.146 22.113 0.96406
1.961 30.195 23.018 0.98398
11.160 28.913 22.628 0.90873
6.788 29.364 22.889 1.20187
4.126 30.369 21.919 1.05266
0.057 29.243 22.198 0.84797
8.116 29.444 23.471 0.68699
0.651 29.048 22.215 0.75211
1.504 29.977 22.223 0.95196
0.000 29.770 22.842 1.29500
0.436 30.471 22.589 1.46407
6.205 30.111 23.253 1.28870
16.381 28.332 23.517 1.59187
23.910 28.444 23.829 2.00512
37.207 27.801 23.682 1.93362
4.190 26.744 20.382 1.90432
1.335 28.256 17.612 2.08675
0.000 27.024 18.541 1.73816
0.099 27.001 19.490 1.88824
0.326 29.234 20.386 2.49748
1.045 27.573 20.984 1.95444
0.270 28.591 21.188 1.42260
0.000 29.182 22.523 1.15680
3.979 30.570 23.643 0.76308
17.762 28.327 23.301 1.00190
0.178 29.599 23.540 0.82292
0.000 30.831 22.645 0.82990
3.641 30.541 22.528 1.20163
4.933 30.550 22.588 1.48539
0.106 30.423 23.573 1.42480
4.270 30.156 23.106 1.48478
0.000 29.309 19.322 2.74817
0.008 28.103 18.837 2.01275
0.000 27.583 17.184 2.75864
0.041 25.378 14.136 3.15822
0.323 25.433 14.312 2.45130
0.000 25.257 14.383 1.78425
0.000 26.353 13.644 1.89315
0.000 25.594 13.483 1.47045
0.000 27.617 14.535 0.89847
0.000 27.785 14.537 1.26658
0.000 27.822 15.770 1.48607
0.000 28.521 17.529 1.27785
0.373 29.101 19.357 1.79406
0.797 29.373 19.774 2.47048
0.000 28.373 17.994 3.36766
0.209 27.407 18.156 2.91559
0.000 29.228 18.992 2.66438
0.017 30.014 19.337 2.89601
0.945 27.480 20.023 3.44518
0.079 29.113 18.388 3.32446
0.046 28.861 18.966 2.02314
0.000 30.634 21.470 1.72924
0.095 27.280 15.753 4.06884
0.007 25.854 14.593 3.30935
0.000 27.105 15.264 2.53491
1.107 29.017 17.423 2.06566
0.216 30.226 20.161 1.59781
0.000 31.079 21.679 1.18664
0.000 31.494 21.351 1.31733
0.142 32.173 22.271 1.82896
0.000 32.619 21.245 2.12398
0.000 32.689 21.149 1.29782
0.000 33.204 21.914 1.03666
0.000 32.658 22.169 0.90533
0.127 32.798 19.011 1.64963
0.000 31.816 16.975 3.30940
0.000 29.150 15.978 2.54179
0.000 30.513 16.694 2.03038
0.352 31.469 19.395 2.16016
0.954 30.748 21.030 2.67641
0.000 31.612 21.128 2.04408
0.351 30.418 20.928 1.18197
0.000 32.914 20.946 2.03517
0.000 33.352 20.706 2.47384
0.148 33.026 20.168 3.28694
0.000 28.544 17.794 3.26626
0.000 30.239 17.830 2.23321
0.000 32.440 18.431 1.81115
0.000 33.560 20.272 2.44383
0.000 33.404 20.046 2.19082
0.000 34.322 20.343 1.55320
0.000 33.994 21.604 1.17487
0.000 33.555 20.497 2.56179
0.000 30.980 16.897 3.40609
0.000 31.568 15.989 2.66596
0.000 30.406 14.601 3.08412
0.000 30.018 14.018 2.37628
0.000 30.872 14.991 2.23792
0.023 32.377 17.634 2.28396
0.000 33.071 18.985 2.41062
0.175 32.860 20.424 2.58788
0.000 33.083 20.608 1.60767
0.000 33.588 19.577 2.39160
0.000 32.081 15.846 3.23774
0.000 31.326 15.763 1.73601
0.000 31.343 17.075 1.16707
0.000 32.600 18.578 1.23993
0.000 32.725 19.968 1.33357
0.000 30.685 21.273 1.16188
0.006 30.500 21.770 0.76043
0.000 33.589 22.489 0.84969
0.000 34.261 22.481 0.90876
0.000 34.300 23.249 0.66800
0.000 34.095 22.082 1.27092
0.004 33.618 22.740 1.22645
0.018 34.258 22.713 1.33144
0.001 35.361 21.678 1.84757
7.220 29.437 21.354 1.22164
0.000 32.888 19.729 2.77128
0.000 32.859 19.550 3.24139
0.175 33.890 19.921 2.30443
0.000 33.352 20.594 1.44241
0.082 34.470 22.789 1.54897
0.125 36.145 23.137 1.71581
0.001 36.426 23.996 0.81633
0.000 36.671 24.228 0.97557
0.000 37.961 24.135 1.31418
0.000 37.436 24.118 1.75202
0.000 36.854 23.758 1.87577
0.000 38.260 24.476 1.32639
0.000 37.393 24.021 1.12316
0.000 27.554 17.956 3.13654
0.000 31.570 18.217 2.70427
0.000 34.761 19.001 1.66167
0.000 36.244 21.244 0.80003
0.000 36.702 22.193 0.64920
0.000 36.101 23.067 0.72361
0.000 36.497 23.223 0.74779
0.000 37.683 21.820 1.48026
0.000 37.304 21.724 0.95048
0.000 37.508 22.278 0.84288
0.000 37.568 22.650 2.19349
0.000 36.656 22.068 2.14772
0.001 36.514 20.669 2.98032
0.000 34.787 18.451 3.24849
0.077 36.106 19.013 2.03546
0.000 35.453 20.515 2.39194
0.000 37.151 19.916 4.11778
0.000 30.554 16.196 4.45252
0.000 33.673 16.437 3.55621
0.000 32.977 16.091 3.44165
0.000 33.972 17.200 1.99765
0.000 35.902 18.941 1.36923
0.000 37.103 20.959 1.29869
0.000 36.254 23.412 0.72927
0.000 37.255 23.395 0.83619
0.000 36.495 24.456 1.19302
0.000 36.693 24.465 1.50527
0.000 37.557 23.397 1.62661
0.000 37.842 23.409 1.61405
5.640 36.728 24.645 1.53160
0.000 32.578 23.780 1.18419
0.000 38.280 22.346 2.58353
0.000 37.516 20.623 2.47103
0.000 38.242 21.852 1.36857
0.000 39.328 22.314 2.65146
0.000 37.153 21.690 2.99323
0.015 37.439 22.921 1.22555
0.000 38.868 24.667 1.23272
0.081 38.932 26.751 1.79239
2.118 36.187 24.547 2.25002
5.528 34.850 23.509 2.16621
0.417 31.716 22.166 1.76678
0.643 33.662 22.594 2.00263
1.850 30.112 21.012 2.23129
0.009 33.073 21.899 1.48988
0.158 33.252 24.017 0.98635
0.061 37.317 25.241 1.27535
2.577 36.358 25.161 1.48004
10.456 36.414 25.529 1.08853
2.231 29.521 23.702 1.11963
1.746 30.961 23.444 1.32487
28.275 31.873 24.072 1.21646
20.385 28.879 22.968 1.08229
0.000 33.212 23.611 1.30744
1.142 32.947 24.110 1.42342
0.031 33.610 24.556 1.58136
20.691 34.697 23.969 1.84709
0.435 33.646 23.864 1.79964
19.180 34.285 24.239 2.34736
0.002 37.111 24.425 1.50884
1.874 35.992 21.776 2.46401
1.406 36.077 23.429 1.00110
11.696 34.234 23.959 1.08858
1.712 35.208 24.539 1.32854
0.000 34.711 23.358 1.45817
0.000 37.135 24.866 1.35331
0.000 36.950 25.524 1.26530
0.000 32.522 24.805 1.37948
0.000 35.796 25.964 1.19397
0.000 36.526 25.898 1.38966
0.000 36.683 24.694 1.92882
0.000 39.173 24.682 1.89902
0.000 41.100 25.160 1.17542
11.649 36.892 21.558 2.88196
0.099 34.032 22.449 1.06967
0.000 38.409 25.456 0.87234
0.255 35.533 25.057 0.79184
0.001 36.586 25.536 0.83961
0.000 36.075 25.435 0.82468
0.216 36.811 25.712 1.43066
2.535 36.799 25.632 2.08346
0.000 39.151 25.563 2.02136
0.000 39.490 25.760 2.50278
0.000 39.679 25.699 2.37400
0.000 39.048 27.754 1.48180
1.784 32.451 25.167 1.31016
0.862 37.402 26.484 0.68673
3.282 34.547 24.073 1.21227
1.197 35.038 24.784 0.77014
0.653 37.333 25.500 1.03645
0.059 35.965 25.512 2.04168
1.526 33.821 25.314 1.70236
0.350 36.470 25.186 1.52219
3.918 36.056 25.327 1.46452
0.131 35.919 25.218 1.30957
1.438 34.606 25.277 0.94942
11.964 32.553 24.748 1.02248
0.871 34.152 25.114 0.81777
3.030 35.919 25.134 1.13368
0.000 38.896 25.828 1.90014
1.668 38.513 25.499 2.18324
0.000 38.968 25.377 2.09330
1.271 35.365 24.856 2.23398
22.219 30.859 23.088 1.66324
0.985 31.998 23.889 1.34727
7.789 34.923 24.772 0.80956
34.769 34.893 25.394 0.98891
38.810 29.645 24.256 1.91098
2.021 28.205 24.379 1.76288
9.042 29.598 23.520 2.14245
0.713 31.433 23.769 2.11404
5.661 31.993 24.277 2.09972
0.294 31.146 23.989 2.55280
10.534 31.914 24.419 2.61577
0.043 31.009 24.746 2.05626
0.569 30.386 24.413 2.18469
0.619 30.732 24.276 2.19123
0.116 32.531 24.282 2.11218
5.991 30.736 24.055 1.70751
16.905 30.419 23.999 1.43305
0.216 30.203 23.903 2.10672
0.564 30.763 23.732 2.25900
0.856 31.785 23.471 1.80109
2.331 31.652 24.242 1.53259
2.561 32.112 24.854 0.88960
4.905 29.357 23.944 0.95507
0.856 30.657 23.540 0.83228
1.242 30.711 23.508 1.13841
7.069 29.969 24.216 1.14194
10.370 28.819 23.767 1.07955
26.040 29.657 23.747 1.14877
5.008 30.397 23.670 1.83726
6.851 30.800 24.018 1.71592
8.112 28.858 23.604 1.39227
6.150 29.900 23.794 1.57187
1.121 30.838 23.554 1.96305
1.045 30.952 23.513 2.10181
13.934 28.759 23.407 2.46583
4.056 30.966 23.311 2.37169
0.038 31.212 23.236 1.83448
0.001 31.519 23.915 1.86516
0.001 31.093 23.756 2.13301
0.724 30.838 23.453 2.36096
0.161 30.343 24.222 2.45258
26.456 28.867 23.630 2.14202
4.641 29.211 24.082 2.16110
46.125 28.054 24.072 2.23702
9.952 28.846 23.694 2.35063
6.971 29.033 23.661 2.26365
13.978 28.125 23.539 1.98890
12.136 28.653 23.584 2.38240
13.483 29.539 23.826 2.33911
17.988 27.995 23.597 1.60223
30.946 27.602 23.581 2.20118
4.154 29.791 23.873 2.46051
2.575 28.600 23.924 2.69491
2.210 29.992 23.851 2.81526
1.028 28.859 23.759 2.65460
0.700 28.884 23.703 2.61922
0.598 29.846 24.220 2.63658
7.923 27.295 23.422 2.80647
18.234 27.421 23.457 1.78862
6.799 28.369 22.556 1.05936
0.769 30.713 23.261 1.18235
3.520 31.396 23.912 1.62385
5.310 28.465 23.288 1.97789
0.879 29.943 23.673 2.01634
1.401 30.263 23.465 2.01298
2.321 30.015 23.749 2.14067
8.696 29.358 23.565 2.09619
0.334 29.651 23.763 2.30072
2.023 29.804 23.398 2.11023
9.168 30.692 23.513 2.11407
65.136 29.708 23.992 1.97546
23.194 28.138 23.351 2.52429
3.553 28.776 23.124 1.80643
0.396 30.310 23.398 1.65841
1.070 30.647 23.829 1.79924
18.520 29.012 23.303 1.92409
26.753 29.196 23.635 2.13540
4.004 29.629 23.683 1.95838
1.255 30.020 23.708 1.81644
2.966 29.650 23.749 1.98911
0.346 30.070 23.338 1.86058
4.816 30.206 23.923 2.16140
0.998 29.254 23.586 1.96967
7.223 28.629 23.271 1.96059
1.734 29.253 23.780 1.18716
6.927 27.980 23.416 1.24486
3.726 30.274 23.592 1.38029
11.005 28.159 23.441 1.57879
0.640 30.102 23.974 1.78908
11.216 28.134 24.066 1.76172
40.249 27.942 23.918 2.13023
21.079 26.656 23.647 3.09338
3.299 28.918 23.186 2.68843
2.136 28.925 22.648 2.06881
3.430 29.760 23.071 2.13094
3.629 28.959 23.614 1.88883
0.860 28.235 23.546 2.01783
4.461 29.399 23.933 2.20094
10.734 28.204 23.642 2.46683
6.467 28.687 23.791 2.32231
4.145 29.531 24.223 1.83432
6.870 30.046 23.688 1.99385
1.206 29.025 24.319 1.76482
2.711 29.184 23.396 1.60615
1.919 29.668 23.718 1.86015
1.634 30.210 24.250 2.13194
10.298 28.795 24.079 1.72343
39.419 29.058 23.880 1.91577
26.370 28.114 23.922 2.42184
5.340 28.213 23.730 2.19288
14.308 28.621 23.835 2.06642
33.636 28.767 23.630 2.21504
6.530 28.305 23.572 1.81796
1.824 29.365 23.434 1.93200
8.619 29.657 23.863 1.48106
27.388 28.674 23.893 1.60662
34.700 27.184 23.533 1.45487
11.953 29.280 23.705 1.77560
0.395 29.616 23.159 1.42037
0.091 30.283 24.013 1.68048
14.361 28.553 23.515 2.14356
25.934 28.092 23.179 2.14604
16.639 28.471 23.230 1.98015
3.254 28.222 23.177 1.63225
8.483 27.039 22.582 1.56014
2.570 29.579 23.099 1.38346
3.031 30.140 22.916 0.91360
0.110 30.339 23.562 1.01884
7.711 29.831 24.071 1.31994
0.532 28.705 23.334 1.08967
12.012 30.210 23.360 1.06790
8.041 29.592 22.399 1.01881
3.605 30.749 23.634 0.79920
8.195 28.475 22.878 1.00896
0.828 28.990 23.198 0.80566
8.569 30.002 23.135 0.71728
16.205 29.639 23.637 0.54133
20.882 28.914 23.113 1.09510
0.000 30.358 22.660 0.60283
0.062 30.847 22.465 1.14783
6.006 31.079 23.273 1.06775
2.142 30.160 23.069 1.00145
12.257 30.212 23.759 1.20761
5.326 30.431 23.467 0.52177
2.196 29.804 22.495 1.03944
32.622 30.799 23.348 0.68372
7.128 29.217 22.803 0.89687
7.800 30.378 23.059 0.81190
3.101 30.338 23.851 1.07147
8.325 29.255 23.089 0.75472
26.529 29.307 22.980 0.60890
2.435 28.719 22.678 0.86571
6.609 28.903 22.512 1.08799
7.140 30.594 22.321 1.02408
5.708 30.943 23.177 1.07232
17.699 30.454 23.494 0.77748
3.065 28.787 22.797 0.53947
0.192 31.224 21.207 1.60018
0.000 30.712 21.438 1.38173
5.954 30.690 21.138 1.13994
0.000 30.584 21.457 1.42050
8.611 30.124 22.158 1.62733
2.251 27.598 22.135 2.10952
9.540 28.509 22.310 2.45697
25.507 27.202 22.441 3.42392
7.379 27.550 22.916 1.78687
0.791 28.976 22.435 1.09519
0.192 30.648 22.381 1.11331
0.560 30.755 22.747 1.07750
20.015 30.591 22.869 0.95773
2.348 29.327 22.208 1.56385
0.000 29.800 21.880 1.63662
5.312 29.993 22.270 1.36491
19.323 30.621 22.926 0.83433
0.242 30.214 22.335 0.83937
0.764 30.695 22.945 0.57371
0.116 30.503 23.121 0.70756
0.000 30.474 21.092 1.01913
0.000 30.348 21.325 1.69406
0.000 29.426 21.019 2.71286
0.021 28.976 20.475 2.41615
0.125 29.233 19.247 2.33662
0.000 28.557 18.463 2.72450
1.099 27.022 16.940 2.71739
3.124 26.062 16.200 2.87942
57.639 25.016 16.583 3.03492
0.122 25.853 18.979 1.65049
0.000 23.891 16.963 3.59777
0.000 23.564 16.489 3.04952
0.374 24.623 15.716 2.56687
0.000 25.986 15.972 2.56143
3.726 25.752 14.272 2.71965
0.000 25.444 14.803 2.96330
0.000 24.457 14.298 2.47057
0.000 24.532 13.821 2.30384
0.000 25.247 14.912 1.89607
0.075 26.480 16.856 1.64055
0.000 26.696 17.847 1.94459
0.000 26.476 14.007 2.08191
0.011 25.143 14.353 1.81498
0.906 26.412 15.762 1.49187
0.000 27.557 16.521 0.94422
0.000 27.905 17.503 1.03530
0.000 29.014 18.934 0.95025
0.000 29.977 20.276 0.90691
0.000 29.805 18.985 0.93143
0.006 29.546 18.773 1.34010
0.010 29.458 18.794 1.23109
0.000 30.360 19.997 0.99019
0.000 30.343 19.047 1.72311
0.000 29.509 19.264 1.76004
0.000 28.609 17.643 2.26828
0.000 28.108 17.788 2.76643
0.326 24.156 17.055 2.81186
0.000 27.940 17.195 1.41030
0.000 29.233 19.852 1.53639
4.130 30.378 18.133 2.77011
0.013 27.206 15.193 3.78964
0.201 28.090 15.692 2.63090
0.109 29.746 19.151 1.66481
0.000 29.946 21.166 1.67459
2.425 30.518 19.707 1.78365
0.000 30.477 18.554 2.71964
0.000 30.345 18.262 2.98778
0.000 27.261 14.084 4.50802
0.025 24.262 11.324 3.85666
3.780 24.908 11.849 2.57588
0.000 26.100 13.048 2.10597
0.619 27.115 14.700 2.22583
0.000 28.393 15.710 2.18995
0.000 30.023 17.813 2.34381
0.045 29.638 16.223 2.92838
0.019 27.550 13.449 2.73216
0.000 27.820 12.834 1.61080
0.000 29.222 13.990 1.11360
0.000 29.997 14.502 1.98532
0.000 28.519 13.934 2.89448
0.000 28.284 14.384 2.42207
0.000 28.999 14.985 2.25102
0.007 29.677 14.531 1.96395
0.001 29.984 15.693 1.75955
0.000 29.588 15.219 2.31432
0.000 29.704 14.717 2.15841
0.000 29.914 15.388 1.64459
0.000 31.448 16.700 1.36801
0.000 31.995 17.621 0.68104
0.000 32.163 17.733 1.09665
0.700 32.045 19.056 1.42609
0.250 32.529 18.880 0.80719
0.000 33.081 19.316 0.66322
0.004 33.983 19.707 0.78414
0.005 34.791 20.719 0.55214
0.000 35.571 20.746 0.89520
0.004 35.705 22.092 1.15018
0.000 35.212 20.167 2.29641
0.000 31.794 16.935 3.24550
0.000 32.204 17.102 2.86200
0.000 32.592 17.634 1.85515
0.000 33.727 17.957 1.15053
0.000 35.112 18.140 1.12537
0.000 35.078 18.728 1.26140
0.000 34.181 19.065 1.89652
0.000 34.261 17.540 2.66547
0.389 32.958 15.881 3.13361
0.000 32.558 16.741 2.38972
0.000 32.745 17.826 1.59668
0.000 33.592 17.326 2.28079
0.000 32.629 17.051 1.88360
0.000 34.163 17.820 0.92415
0.000 34.403 20.189 1.24981
0.000 34.818 20.595 0.73356
0.000 34.185 20.973 1.19935
0.000 35.322 22.138 0.93443
0.000 36.157 23.262 0.87740
0.000 35.424 21.689 1.09952
0.004 36.932 20.990 2.34751
0.000 35.527 19.975 2.16221
0.008 35.804 19.970 1.90972
0.000 36.115 20.017 1.49081
0.000 37.252 19.653 2.09584
0.000 35.719 19.635 2.37120
0.000 35.760 20.736 1.86593
0.000 36.090 19.183 2.39760
0.000 35.913 18.708 1.90506
0.000 36.611 19.232 2.37694
0.000 35.910 20.493 1.82211
0.000 35.842 22.563 1.12425
0.000 36.373 23.767 0.79582
0.000 37.752 24.871 0.70083
0.000 36.758 22.955 1.15982
0.000 35.595 22.270 1.27517
0.000 35.956 23.071 0.85982
0.000 35.957 23.873 1.20449
0.306 36.152 24.402 0.92655
0.000 36.243 25.108 1.05191
0.092 33.939 24.294 1.01716
0.000 36.363 24.436 1.19685
0.000 36.183 24.590 1.29909
0.000 36.785 22.404 1.73006
0.000 36.171 18.875 3.57545
0.000 34.371 19.032 3.06322
0.000 34.283 19.861 2.48137
0.000 35.724 21.248 1.48830
0.000 37.170 24.381 0.94246
0.000 36.421 25.475 1.03871
0.000 37.824 24.877 1.55862
0.000 38.486 25.049 1.76283
0.000 38.403 25.647 1.84171
0.000 40.191 26.263 1.60093
0.050 40.896 26.289 1.77964
1.517 39.642 25.738 1.86004
0.000 38.907 23.063 2.40208
0.000 38.628 24.006 1.81683
0.000 39.891 25.228 0.83859
0.000 39.725 25.877 2.00538
0.063 37.390 25.315 2.29579
0.015 38.739 26.399 2.67306
0.028 37.220 27.268 1.15119
11.239 35.822 26.517 0.64661
0.000 34.747 26.360 1.34529
0.006 38.258 26.885 1.75704
0.000 38.241 26.862 1.70241
0.029 35.122 25.455 1.46324
27.855 36.098 25.632 0.99140
0.000 36.565 24.505 1.52586
0.060 38.886 26.220 1.05906
0.000 38.927 26.171 0.88027
0.000 38.069 24.664 1.74607
0.000 39.350 24.998 1.89925
0.000 39.384 26.142 1.81513
0.000 39.272 26.375 1.67690
0.000 40.418 27.971 1.55277
4.224 38.217 27.070 1.92908
0.714 38.333 26.798 1.85688
4.755 36.361 25.095 1.46355
22.144 33.640 20.593 2.19993
0.865 35.697 21.558 2.55336
0.000 34.605 23.536 1.10607
0.000 37.396 25.215 1.09750
8.604 33.034 25.011 1.06880
0.109 33.878 24.826 0.85051
9.443 36.197 25.380 1.12745
0.000 31.745 25.191 1.04621
1.629 33.519 24.879 0.90689
2.597 36.339 25.956 0.87801
0.167 37.079 25.373 1.13563
2.935 36.665 25.938 1.52307
0.153 34.837 25.691 1.14864
0.831 36.355 24.384 1.47304
6.184 34.264 24.111 1.58222
0.052 31.446 23.591 1.14236
0.016 38.009 24.865 1.44300
0.175 35.505 25.245 1.22819
1.299 33.918 25.361 1.03448
1.997 35.078 25.439 0.87913
1.660 34.934 25.300 0.85109
3.083 35.550 25.807 0.99730
0.720 33.590 24.699 1.15937
1.378 34.939 25.583 0.90881
2.916 35.605 25.325 1.05141
1.080 33.663 25.293 0.72843
30.718 33.734 25.183 0.94907
0.308 32.639 23.754 1.48865
0.002 34.188 25.078 1.26718
0.883 32.682 25.215 1.45700
3.925 33.955 24.911 1.83868
6.318 33.888 24.070 2.07262
0.036 33.412 24.318 2.14949
1.731 33.442 24.525 2.03757
0.573 33.021 24.198 1.77449
0.089 35.451 23.695 2.32727
6.217 31.754 23.851 2.57577
0.621 32.131 23.687 2.60335
4.015 31.729 24.316 2.99343
6.269 32.205 24.273 2.95230
0.004 35.375 24.361 2.56930
0.000 34.469 25.097 2.12533
0.315 33.549 24.952 1.56107
16.625 32.528 24.284 1.33444
41.614 31.781 23.667 1.06381
9.235 32.202 23.975 0.92120
10.820 32.380 23.718 1.81858
0.951 30.588 23.328 1.99201
0.099 32.528 23.381 2.16782
0.039 33.542 24.044 2.44924
0.201 32.172 24.153 2.39001
1.784 31.761 24.448 2.38010
48.030 31.901 24.439 2.20800
1.094 31.464 24.228 2.20158
0.645 31.075 23.905 2.17182
0.536 31.694 24.380 2.22114
2.615 31.375 24.468 2.09320
0.040 31.391 24.391 2.03895
0.333 32.233 24.741 2.19612
7.443 30.778 24.693 1.99475
23.151 29.563 24.066 1.49938
5.375 30.726 23.912 1.62306
9.953 30.769 23.631 1.93016
11.793 29.436 22.504 1.57643
0.052 31.923 23.964 1.58572
3.139 30.656 23.899 1.62021
0.564 30.433 23.863 1.69799
5.052 31.616 24.340 1.81320
0.899 30.292 23.926 2.03681
7.343 30.739 24.394 2.24652
1.895 29.160 23.100 2.46271
40.012 29.890 23.795 2.03691
48.052 28.244 24.133 1.75644
6.559 29.249 23.812 2.08999
8.020 28.508 23.792 1.83604
5.804 27.209 23.103 1.51544
1.369 30.812 24.353 1.55900
20.452 31.061 24.368 1.46929
2.874 29.678 23.966 1.59010
0.264 30.567 24.065 1.63837
0.010 30.319 24.680 2.06130
19.105 28.754 24.464 2.11780
17.278 29.819 24.152 2.35796
6.446 28.917 24.241 2.18979
7.844 30.350 24.418 2.58755
3.446 29.128 24.339 2.54222
27.289 28.872 24.450 2.84069
0.999 29.709 24.248 2.67798
5.256 30.834 24.712 2.54635
20.919 28.847 24.733 2.47099
2.533 30.165 24.464 2.48765
0.241 31.649 23.760 2.33973
0.111 31.588 24.283 2.54479
0.649 31.170 23.799 2.40741
0.608 30.558 24.633 2.31175
26.693 28.803 24.196 2.10436
9.429 28.198 22.640 2.21761
11.106 29.554 23.296 1.89637
1.515 29.768 23.521 2.12948
2.004 29.351 22.890 1.96180
3.345 30.741 23.290 2.15705
0.906 30.355 22.794 1.70811
7.836 31.118 23.413 2.11891
7.562 31.052 24.109 2.41588
5.125 30.395 23.796 2.45141
0.164 29.461 24.063 2.36974
1.577 29.740 23.619 2.30494
15.204 29.549 23.905 2.04133
42.463 28.279 24.060 2.38304
7.369 28.357 22.835 2.29585
3.125 28.421 23.351 2.34402
0.000 29.806 22.794 1.81623
35.691 31.120 23.869 1.59163
38.699 28.661 23.572 1.46923
3.661 29.744 23.307 1.84556
10.493 29.345 24.129 2.24637
1.775 28.198 23.338 2.90254
2.531 28.331 23.500 2.70123
0.701 29.012 23.775 2.39182
1.778 29.491 23.681 2.21861
4.640 28.117 22.948 2.20099
12.640 29.708 23.501 2.06975
4.074 29.874 23.742 1.90178
16.215 28.157 23.528 2.04922
25.825 27.804 23.348 1.82893
2.909 27.879 23.509 1.96726
2.478 26.330 22.762 2.16416
4.221 26.903 22.566 2.37448
12.495 28.026 22.770 2.77379
12.288 28.346 23.289 3.01512
20.459 26.218 22.797 2.46296
73.327 26.875 22.673 2.49444
2.515 27.017 22.628 1.83861
6.022 29.799 23.441 0.89170
3.910 28.350 23.574 1.26228
5.999 29.960 23.169 0.82438
41.917 30.866 23.427 1.10652
0.391 30.912 22.846 1.04246
5.705 30.463 23.528 1.05894
31.987 28.885 23.064 1.01949
2.451 29.488 23.693 1.29240
5.640 28.196 23.484 1.27151
8.906 27.906 23.803 1.03368
14.465 28.440 23.259 1.05920
0.230 28.978 23.305 1.23492
24.447 29.377 23.535 1.32531
5.183 28.564 23.367 1.22261
12.491 28.563 23.350 1.43631
2.156 29.294 23.594 0.90061
10.531 28.744 23.626 1.50635
24.063 28.949 23.625 1.50592
26.429 28.309 23.730 1.30492
4.884 28.684 23.353 1.72893
4.495 28.453 23.295 1.59518
2.364 28.485 23.274 1.60219
12.163 28.432 23.378 1.62036
1.608 28.551 23.148 1.89370
0.693 28.395 23.340 1.90291
46.694 27.204 23.368 1.84907
12.471 27.499 23.310 1.49363
6.999 27.880 23.298 1.13177
21.351 27.307 23.498 1.50575
3.706 28.348 23.808 1.20873
71.944 28.075 23.510 1.01559
34.025 29.216 23.522 2.22485
2.037 29.886 22.549 1.48303
2.314 29.709 23.121 1.01798
0.905 28.961 23.480 0.73428
2.991 27.837 23.080 1.02644
28.734 28.778 23.497 0.93416
1.917 30.039 23.454 0.72462
13.189 26.736 23.302 0.98388
3.948 28.025 22.804 0.77711
1.694 29.052 22.898 0.83957
16.459 28.837 22.755 1.35322
12.424 30.502 23.457 0.85022
4.371 29.569 22.860 0.73840
8.471 30.793 23.982 0.41089
20.846 29.464 21.086 1.82938
0.400 27.903 18.952 2.79171
0.412 28.115 18.803 2.42690
0.000 27.572 16.438 2.24958
0.000 27.309 17.313 1.77495
0.000 28.326 18.264 1.36311
0.000 28.765 17.421 1.35665
0.000 28.625 18.905 1.32918
0.000 29.516 20.544 1.50631
10.011 30.282 23.269 0.89325
0.595 28.651 23.029 0.67712
0.982 29.015 22.833 0.46295
0.363 31.231 23.697 0.60284
0.361 27.469 22.485 1.03002
0.000 32.361 23.459 0.60412
4.684 31.061 23.682 0.53930
0.429 29.749 22.574 0.81947
12.344 29.818 20.842 1.35544
1.651 28.934 21.290 1.90413
3.604 28.562 21.958 2.47579
0.792 28.734 22.714 1.41173
0.038 29.834 22.268 1.21670
0.000 30.645 23.506 0.65272
4.710 30.814 23.684 0.67236
2.168 29.254 22.838 0.59379
2.922 28.885 23.284 0.84754
1.001 29.752 22.763 1.35008
0.000 29.000 19.883 2.50172
0.000 27.822 17.981 3.38509
0.073 26.003 16.350 3.13064
0.050 25.971 16.670 2.34701
0.000 27.690 17.289 2.26799
0.052 28.372 19.682 2.85441
0.000 27.856 19.065 2.52345
0.054 28.071 18.998 2.09679
0.052 29.399 19.789 1.44547
0.999 29.490 22.257 1.15388
0.484 30.472 22.524 1.05261
0.081 30.862 23.006 0.75468
0.001 32.580 23.052 0.44608
2.655 32.159 24.085 0.54949
12.634 30.779 21.207 1.49229
0.080 27.389 21.362 1.70537
0.000 28.459 21.300 1.67962
0.000 29.948 22.219 1.62502
1.219 30.121 22.455 1.74065
1.072 30.669 21.429 2.00430
0.000 27.406 20.508 1.35291
0.000 29.847 20.729 0.92591
0.000 30.505 20.900 1.79031
0.205 29.725 20.068 2.15420
0.028 28.885 19.348 1.87339
0.496 29.019 19.080 1.42221
0.000 30.361 19.806 1.23211
0.000 30.904 20.914 1.25851
0.598 32.129 22.550 0.97393
0.408 30.051 22.831 0.74647
1.822 30.923 23.181 0.71759
0.240 31.730 22.867 0.58568
0.000 32.587 22.456 0.90426
0.890 32.580 23.212 1.06037
1.139 30.782 22.919 0.92323
6.854 32.211 23.137 0.56919
8.105 31.690 17.734 2.44181
0.022 28.693 16.357 2.88967
0.000 29.227 16.900 1.84043
0.000 31.216 17.835 1.76359
0.000 30.658 18.242 2.52583
0.244 30.576 18.761 2.09919
0.220 31.255 20.512 1.54574
0.000 31.774 20.555 1.36598
0.000 32.150 21.692 1.03668
0.000 33.052 22.888 0.88062
0.000 33.769 22.275 0.91834
0.162 34.175 23.002 0.89217
0.000 33.393 23.106 0.80459
0.000 32.975 21.196 1.23532
0.000 33.049 21.225 1.82008
0.000 32.657 20.946 2.16098
0.017 33.124 21.633 1.46709
0.000 33.282 22.940 1.24388
0.112 33.616 16.822 2.16461
0.120 27.731 16.798 3.15563
0.000 30.359 17.307 2.05840
0.288 32.239 18.397 1.65250
0.000 32.370 20.365 0.94595
0.000 32.868 20.817 1.42899
0.000 33.243 20.733 1.04323
0.000 33.628 20.262 1.72445
0.000 31.813 17.585 3.08987
0.000 31.739 18.048 1.77210
0.000 32.242 19.479 1.08038
0.000 32.997 15.502 2.18994
0.000 30.119 14.479 3.00030
0.000 30.161 14.749 2.17859
0.000 30.753 14.884 2.48727
0.635 30.030 13.804 2.72645
0.000 28.652 14.320 2.50217
0.000 28.716 13.804 2.31583
0.000 29.865 14.605 1.36702
0.000 31.754 15.922 1.18161
0.000 32.646 17.326 1.83516
0.000 32.132 17.006 2.17008
0.000 32.652 17.685 1.76442
0.000 32.894 18.004 2.03369
0.000 31.305 16.719 2.09116
0.000 32.396 16.366 1.71641
0.000 32.967 17.337 1.23784
0.000 33.564 18.313 1.07667
0.000 33.742 20.454 1.33473
0.000 32.573 21.847 1.89559
0.000 33.649 20.578 1.45385
0.000 34.757 21.017 0.93513
0.000 36.050 17.713 2.92950
0.000 32.874 17.200 2.44673
0.000 33.503 18.032 2.01079
0.000 34.121 19.320 0.98486
0.000 35.351 20.168 1.32123
0.000 36.452 20.640 1.85543
0.001 35.739 18.678 2.37200
0.000 35.134 19.086 2.72897
0.000 32.865 16.097 4.22927
0.000 30.011 15.175 3.89786
0.000 31.467 15.791 1.97292
0.000 32.775 17.000 1.03960
0.000 35.220 18.176 0.73478
0.000 36.068 20.027 0.67650
0.000 37.309 22.395 1.05665
0.000 38.308 24.837 1.22460
0.000 37.838 23.944 1.68782
0.480 37.825 24.899 1.88820
0.000 37.605 25.340 1.45573
0.003 37.582 26.099 0.95337
5.159 35.603 25.235 1.35447
1.385 32.745 23.412 0.67575
0.634 35.360 24.004 1.16919
4.545 35.158 24.189 0.77164
0.144 35.228 22.117 1.99254
1.125 35.827 23.610 1.28099
0.000 35.861 25.123 0.87505
0.000 35.066 25.446 0.78813
5.180 35.755 25.048 1.10429
0.156 31.303 23.100 1.79101
1.238 35.541 23.183 1.09477
0.135 35.997 24.236 1.36612
0.000 36.767 25.089 1.23651
0.000 36.394 25.379 1.00778
1.246 35.778 24.967 1.69233
0.006 36.834 24.921 1.79203
0.000 37.749 25.148 2.08663
0.001 38.370 25.391 1.92794
0.250 38.870 26.215 1.42707
13.775 35.670 22.698 1.83524
0.171 30.474 20.947 2.44244
0.000 31.985 20.208 2.54645
0.000 34.553 21.065 2.65844
0.000 36.398 22.929 1.87818
0.159 36.344 23.860 1.81214
0.000 36.827 23.740 2.27068
1.567 32.762 23.116 1.16877
0.000 35.855 23.145 1.03822
0.000 37.792 24.882 0.84004
0.000 38.115 25.663 0.89837
0.166 38.444 26.210 1.35054
0.405 37.291 26.712 0.97105
44.892 31.879 24.278 1.22120
0.034 25.761 21.313 1.56058
0.050 35.527 22.546 1.37502
0.000 35.175 24.098 1.79339
5.907 32.541 23.788 1.74911
7.521 33.693 24.086 1.20067
0.347 33.935 23.668 1.31122
6.845 34.138 24.020 1.31087
4.121 32.736 23.482 1.18538
0.833 31.652 24.172 0.79346
3.684 30.762 23.459 1.14539
0.572 32.941 24.172 0.82422
2.061 33.617 24.541 1.40343
0.247 34.680 25.070 1.43879
1.023 36.253 24.847 1.66055
0.000 36.973 26.175 1.05557
0.592 37.706 26.461 0.71881
0.000 32.938 24.559 1.93298
19.413 34.670 25.136 1.28054
0.000 35.979 25.096 1.20764
3.997 35.507 25.727 1.35649
0.703 34.075 24.991 1.16556
0.000 38.008 24.166 1.17806
0.000 39.192 24.093 1.78885
0.000 39.160 24.223 1.46221
0.000 39.121 25.520 0.96075
4.730 33.850 21.281 2.28802
0.001 37.764 23.613 1.34423
0.000 37.782 25.197 1.24487
0.000 38.128 25.208 1.22539
4.875 37.646 25.222 1.43674
0.000 37.955 25.319 1.12667
5.347 37.915 26.310 1.23453
1.946 29.924 24.261 1.15815
15.674 38.345 26.038 1.04315
7.482 31.976 24.399 1.19323
0.069 33.874 25.313 0.72493
0.009 36.663 25.919 0.78183
3.806 30.218 23.923 1.37412
12.799 33.998 24.563 1.05245
8.038 35.323 24.443 1.44263
0.824 33.219 22.879 2.58683
14.910 34.819 23.880 1.22251
1.432 33.897 24.965 1.42941
3.329 31.251 24.315 1.89246
0.000 36.343 24.496 2.22240
0.000 37.885 25.068 1.79365
0.000 39.360 25.341 1.65434
0.000 39.752 26.463 1.54229
5.552 34.831 25.569 1.38333
9.506 32.106 25.085 0.94816
2.557 34.346 24.814 1.05227
11.718 35.095 25.379 1.10638
3.067 34.389 25.378 1.10570
10.698 33.130 24.359 1.37368
7.059 32.749 23.952 1.64591
0.325 35.332 25.110 1.77448
1.669 32.410 24.801 2.04338
0.091 34.137 24.395 2.56112
13.196 34.788 24.555 2.32725
0.456 33.503 24.531 1.84523
34.302 31.851 24.500 1.43357
0.291 30.926 23.932 1.36922
24.940 32.532 24.233 1.35971
0.951 33.578 24.436 1.91250
9.711 31.392 24.346 2.18799
11.914 30.630 24.128 2.49919
0.580 33.026 24.682 2.75292
3.724 32.914 24.694 2.99544
4.801 32.445 25.031 2.84512
32.873 30.901 24.542 2.11493
22.206 28.874 24.327 0.96118
1.323 31.201 24.080 1.08218
3.376 29.321 23.992 1.54076
18.101 30.348 24.330 1.37636
8.793 29.506 23.943 1.88521
12.789 30.308 23.904 1.78202
0.018 31.668 24.508 1.50307
0.259 31.121 23.389 1.80019
0.000 32.550 23.236 1.82406
0.000 33.696 24.158 2.19276
0.000 33.181 23.323 2.20377
1.073 32.902 24.617 2.35078
0.203 30.046 23.389 1.84437
0.699 33.621 24.197 1.95600
0.000 32.069 24.528 2.13301
0.390 32.218 24.554 1.91599
3.384 31.582 24.376 1.90009
10.695 30.947 23.797 1.44124
2.800 31.222 24.267 1.52163
8.385 28.276 23.544 1.78714
5.086 30.671 23.649 2.20374
0.130 30.334 23.728 2.25811
20.734 31.091 23.903 1.91524
24.247 30.459 23.505 1.56524
0.000 31.540 23.247 1.61420
0.040 32.324 24.392 1.45984
4.065 31.356 24.290 2.04297
2.162 31.480 24.047 2.00589
12.823 30.816 23.953 1.71177
8.098 29.827 23.771 1.31940
8.242 30.438 23.291 1.02297
5.977 30.485 23.037 0.68909
12.584 31.676 23.122 0.66048
5.329 30.768 23.817 0.82543
0.246 31.855 24.297 0.66517
57.301 30.415 23.103 0.88208
1.890 32.731 23.907 0.99684
2.190 31.699 23.527 1.67052
20.835 30.711 23.884 1.96930
3.304 31.512 23.890 1.57236
0.251 31.620 24.370 1.72107
0.186 31.165 24.398 1.99791
26.821 30.398 23.656 1.75268
9.501 31.127 23.610 1.39004
0.142 30.489 23.241 1.10783
0.360 32.358 23.700 1.25483
1.603 32.726 23.533 1.16902
1.763 33.694 24.230 1.09878
1.161 32.677 24.385 1.12902
0.546 33.983 25.050 1.65842
2.873 31.640 24.649 1.89709
1.624 31.162 24.581 2.20864
5.956 31.270 24.467 2.25103
2.013 28.397 23.796 2.53544
4.113 29.719 23.414 2.39055
0.702 28.349 23.256 2.79108
2.876 29.783 23.281 2.22691
0.310 30.235 23.457 1.61930
4.175 31.067 23.282 1.04336
3.906 30.794 23.641 1.41719
12.118 29.784 23.006 1.78790
7.450 30.327 23.374 2.13976
0.000 30.355 23.376 1.82350
0.745 31.256 24.259 2.21798
0.120 31.594 24.585 2.14769
5.076 30.117 24.335 1.34949
3.910 29.964 23.734 1.50539
2.164 30.500 24.574 1.98262
1.090 28.351 24.144 2.52755
2.820 31.272 24.386 2.54494
0.243 30.490 24.423 2.21059
0.000 31.148 24.430 2.31730
3.143 31.483 24.517 2.26387
35.714 29.213 24.378 2.26355
19.847 30.322 24.446 1.96703
0.180 30.048 24.206 1.58290
0.000 31.282 24.403 1.10967
2.864 31.759 24.778 1.17367
9.265 29.830 24.440 1.16671
7.421 29.301 23.790 1.23728
9.911 30.377 23.478 1.43316
7.532 29.082 23.572 2.12447
12.212 28.406 23.532 2.39338
43.275 27.923 23.221 1.99125
6.336 29.540 23.028 1.72702
27.659 28.559 23.473 2.27993
1.004 29.183 23.479 2.11736
4.241 27.448 22.989 2.52895
0.088 30.654 22.939 2.25505
0.000 31.324 23.346 1.67404
0.000 31.043 23.655 1.29754
4.161 31.614 24.142 1.14317
4.944 28.029 23.175 0.96957
3.064 30.579 23.074 1.37879
5.328 28.616 23.339 1.46440
15.296 27.968 23.325 2.51452
40.127 27.075 23.073 2.38107
6.761 28.806 22.579 1.85302
19.603 28.946 23.740 1.57020
31.251 27.431 23.426 2.00263
9.262 28.683 23.858 1.76632
35.246 29.279 24.115 2.04956
2.826 27.448 23.102 1.96744
7.034 28.306 23.617 1.75798
9.464 27.633 23.115 1.39529
24.629 28.986 23.619 1.52688
16.675 26.868 22.977 1.30249
10.415 25.283 22.146 1.27029
6.571 30.069 22.957 0.84285
10.018 29.071 23.387 1.28714
5.501 28.031 23.335 1.01654
6.883 30.579 23.911 1.36167
7.839 29.584 22.735 1.19183
0.500 31.023 23.618 0.97151
12.686 28.231 23.847 0.62602
9.091 27.630 22.724 0.89348
0.973 30.387 22.815 0.87933
11.149 30.242 23.896 1.62590
4.071 29.280 23.443 1.83948
9.988 29.311 23.724 1.10743
2.495 27.728 23.762 0.73820
18.345 29.322 24.116 0.52684
31.436 30.555 23.264 0.59445
11.820 29.968 23.842 0.83131
3.709 27.524 22.875 1.37069
10.259 30.769 22.911 1.62131
0.444 28.987 22.843 2.09458
1.681 29.232 22.357 2.25388
0.000 30.744 23.118 1.57639
8.514 30.517 23.119 1.58131
3.513 30.060 23.709 0.93047
2.374 30.567 23.317 1.00707
4.096 32.668 23.606 0.62303
2.855 30.785 23.348 0.79061
0.234 30.176 23.891 1.00590
11.001 28.754 23.389 0.74568
9.257 31.592 23.588 0.71424
23.107 28.616 22.185 2.08885
3.029 27.170 20.772 2.33055
0.990 27.946 21.122 2.03452
0.000 27.871 21.437 2.11933
0.307 29.547 21.172 2.65810
0.000 29.495 21.253 2.30525
0.000 29.613 20.998 2.30295
0.000 27.746 20.924 1.27748
0.179 29.308 21.005 1.61407
0.000 29.087 20.493 1.37546
0.198 29.917 20.648 0.84029
0.224 29.812 20.411 1.09205
0.000 29.587 19.127 1.15604
0.000 29.650 18.855 1.54778
0.000 29.507 19.432 2.33820
0.000 29.010 19.615 2.24158
0.000 29.416 19.726 1.97382
0.000 29.260 18.717 1.53458
0.000 29.751 18.345 1.27218
0.000 30.390 17.999 1.03189
0.000 29.708 18.181 1.23901
0.000 30.874 18.340 0.96857
0.000 30.492 19.082 0.88613
0.000 30.473 19.365 0.64153
0.000 30.701 18.292 0.77733
0.000 30.502 18.239 1.06994
0.000 30.422 18.606 1.47309
0.025 30.599 20.382 2.08370
0.015 30.320 19.235 3.14339
0.710 28.392 17.914 3.65549
1.406 27.678 18.299 2.21203
0.007 30.449 21.021 1.47684
0.065 31.182 20.444 1.46568
0.118 30.777 18.276 1.96209
0.117 30.402 19.708 1.66158
0.135 31.613 21.637 0.92652
0.000 32.645 20.908 0.75765
0.000 33.347 20.497 0.70679
0.000 33.659 20.824 1.73203
0.000 31.853 19.628 2.44263
0.000 31.774 20.619 1.93609
0.011 31.445 21.928 2.07734
0.089 32.369 22.052 2.44685
0.000 32.317 20.148 2.10108
0.000 31.998 18.267 2.82957
0.000 30.591 18.090 2.63641
0.000 30.463 16.558 2.81009
0.000 29.590 16.254 1.68557
0.000 30.653 16.853 1.50687
0.000 30.981 16.809 1.75484
0.000 30.559 16.585 1.41248
0.000 31.467 17.757 1.25675
0.000 31.290 19.612 1.48778
0.000 31.788 18.856 1.70610
0.000 32.421 19.423 1.76992
0.000 33.097 20.654 2.28092
0.073 32.897 21.593 2.33288
0.091 33.098 22.022 2.27491
0.023 32.496 20.048 3.03165
0.000 31.273 17.863 3.58063
0.000 30.864 16.016 3.48686
0.001 30.044 15.255 2.99556
0.000 29.306 15.223 2.84785
2.672 30.276 16.093 2.49833
0.000 30.591 18.109 1.65161
0.000 30.853 19.495 2.66972
0.000 28.376 14.622 4.92511
0.004 26.911 13.280 3.55935
0.000 28.224 13.966 2.72578
0.000 29.959 15.819 2.27409
0.000 31.630 16.501 1.48534
0.000 32.524 17.528 0.94255
0.000 33.357 17.856 2.00659
0.000 31.986 18.462 3.16123
0.000 30.563 17.943 3.19011
0.000 30.715 17.694 2.22056
0.000 31.683 18.114 1.49347
0.000 32.961 18.278 1.76983
0.000 33.027 17.788 1.61768
0.000 33.608 18.018 1.41863
0.000 33.477 18.318 1.75564
0.000 33.906 19.015 1.23422
0.000 34.585 18.782 1.65013
0.000 34.484 18.504 1.60193
0.000 33.934 18.508 1.83931
0.000 34.205 18.763 1.55142
0.000 34.667 19.764 1.45172
0.000 34.269 22.617 1.39822
1.654 34.156 23.529 1.57925
11.056 30.521 21.728 1.45548
13.500 27.350 21.066 1.77978
0.089 32.248 20.706 1.48346
0.000 33.719 21.842 0.83408
0.000 34.553 22.707 1.02250
0.000 34.939 22.472 0.51662
0.000 35.069 21.642 1.37165
0.349 31.177 21.360 1.13567
0.044 32.998 19.014 1.02043
0.000 33.787 18.602 1.99276
0.000 30.828 15.357 3.19127
0.000 29.129 15.505 1.80595
0.004 31.843 15.811 2.68359
0.000 29.013 12.509 3.81144
0.000 29.578 13.231 2.03307
0.000 31.046 15.234 1.66700
0.000 32.628 16.560 1.67601
0.000 33.274 18.381 1.15913
0.000 34.905 20.786 1.20738
0.000 35.651 22.264 0.88906
0.000 35.477 23.514 0.96012
0.000 35.563 23.957 0.65880
0.000 35.697 23.873 1.08892
1.753 35.251 24.305 1.03194
2.326 32.545 22.425 1.19048
0.000 33.321 16.979 2.41505
0.000 30.741 17.335 1.77407
0.023 33.325 15.918 2.02141
0.034 28.689 14.681 3.41762
0.021 29.684 15.210 3.24266
0.000 31.113 15.730 2.16227
0.000 32.875 15.953 2.06921
0.000 33.362 16.166 3.49940
0.000 31.193 14.771 3.62254
0.000 31.044 15.118 2.16409
0.000 32.201 15.795 1.75976
0.000 33.854 16.124 2.26201
0.000 33.267 17.333 1.80819
0.000 34.213 18.972 1.60126
0.000 34.578 20.070 0.91869
0.000 35.137 22.583 1.03888
0.000 34.893 23.520 1.12711
0.660 34.054 23.961 1.19804
0.091 35.153 22.992 1.76778
0.000 35.510 24.262 1.07829
0.000 34.666 23.709 0.92148
0.000 36.821 23.702 1.58130
0.000 32.989 23.639 2.01458
0.000 36.330 23.291 1.51059
0.000 37.874 23.955 1.45118
0.000 39.083 23.697 1.82367
0.000 40.426 23.437 1.53043
0.000 39.910 20.288 2.75640
0.065 33.024 20.835 1.99672
0.000 36.986 23.905 1.21373
0.000 36.614 20.646 3.07113
0.186 36.054 20.688 4.03815
0.050 35.464 18.667 4.48840
0.000 35.452 19.193 1.92444
0.224 37.943 21.119 0.91900
0.000 39.887 24.920 1.50555
0.000 38.888 25.625 1.37950
0.161 39.831 26.974 1.45053
0.154 39.743 25.256 1.53135
0.000 38.826 22.297 2.12694
0.000 38.869 23.563 1.86641
0.000 40.014 24.385 1.38892
2.904 40.364 25.790 1.22714
3.356 36.533 25.586 1.25987
0.000 36.412 25.906 1.02805
8.279 36.212 25.884 0.80264
0.120 36.980 25.627 0.95425
0.000 37.949 25.848 1.53661
0.000 38.845 25.314 2.38141
0.000 39.810 24.597 1.85726
0.000 40.992 26.737 1.15306
0.000 39.220 27.291 1.70216
0.020 39.355 26.477 1.77187
0.378 37.194 27.609 1.86761
5.026 34.122 25.778 1.47910
0.000 37.098 24.866 1.71033
10.391 33.754 24.593 0.87479
0.156 36.419 25.485 1.05942
5.552 32.667 23.048 1.70385
0.000 35.524 24.276 0.79033
0.877 36.018 24.760 1.54735
0.000 36.405 24.810 1.78283
0.000 37.191 25.644 1.78373
1.159 35.455 21.846 1.91094
17.348 34.419 22.972 1.69129
0.229 36.460 25.083 1.66399
0.000 38.174 25.723 1.53051
0.000 39.964 26.223 1.42498
0.000 41.193 27.044 1.57102
0.265 41.168 27.949 1.79850
0.516 41.452 27.342 1.65303
0.000 41.393 27.834 2.27271
0.000 41.667 28.006 2.51033
0.000 41.504 28.098 1.78970
0.685 40.152 27.504 1.82137
4.859 34.280 26.103 1.40760
5.356 38.465 27.451 1.42359
0.081 36.347 25.320 1.29558
9.443 38.183 25.875 0.84371
14.460 36.464 25.766 1.68680
3.744 33.551 25.191 1.18627
0.000 38.596 25.956 1.23144
0.859 38.004 26.397 1.18311
2.284 31.669 23.870 1.47014
0.000 39.079 26.028 0.95460
1.525 37.077 25.836 1.05653
0.361 30.299 23.446 1.60610
1.648 36.543 25.038 1.25391
4.241 34.679 25.827 0.88272
12.234 28.323 23.395 1.46039
5.806 32.847 23.530 1.19103
11.976 33.068 23.343 1.53795
3.272 34.999 24.336 1.15763
30.748 33.162 24.695 0.92444
11.755 32.148 24.390 0.91542
5.155 35.421 25.158 1.75311
0.000 33.244 24.795 2.05551
0.001 34.145 24.442 2.03525
0.023 35.978 24.481 2.06801
0.256 35.311 24.561 1.52099
5.592 33.584 24.223 1.43242
1.240 33.846 25.217 1.02341
15.179 31.084 23.898 1.34376
0.301 33.893 24.581 1.31833
2.125 36.324 24.503 2.63276
2.605 34.549 25.458 2.89373
1.066 30.707 24.717 2.39681
0.275 30.633 22.843 2.55453
0.634 36.253 23.952 2.14491
4.289 33.891 23.699 1.78684
6.151 32.735 24.154 1.59889
5.960 31.259 23.693 1.91573
0.014 33.536 24.411 1.58712
2.350 33.085 24.830 1.13825
0.041 34.486 25.104 1.21377
28.017 33.755 24.667 1.01049
3.669 31.398 21.933 1.21557
0.025 34.604 23.637 0.96938
5.319 34.625 24.275 0.87483
28.945 34.310 24.621 0.83119
1.910 30.641 24.115 0.98983
6.365 31.163 23.543 1.06331
19.934 33.657 24.470 1.14297
31.316 31.120 24.456 0.52362
8.240 30.463 23.999 0.56598
11.529 30.481 23.476 1.38490
7.841 30.893 24.525 0.69692
4.012 27.728 23.921 0.73877
1.981 31.403 24.283 1.71709
127.062 27.071 24.461 2.93525
11.996 26.586 24.298 2.43082
16.793 28.645 23.618 2.47919
2.610 28.116 23.414 2.49828
5.287 28.635 23.105 2.39016
2.204 29.697 23.182 2.37975
0.757 29.568 23.837 2.40730
12.564 28.196 23.207 2.36221
1.609 29.586 23.521 2.37093
4.359 30.590 23.803 2.59249
2.695 29.788 23.698 2.46695
15.804 28.874 22.375 2.49180
0.000 30.551 23.241 2.41736
0.960 30.482 24.157 2.54234
19.466 28.967 23.785 2.10024
1.925 28.716 23.617 1.78475
1.366 30.595 23.824 2.10993
0.037 30.869 24.164 2.05005
1.796 30.924 24.425 2.25688
31.031 28.672 23.824 1.75213
1.669 29.703 24.092 2.00799
21.510 30.181 23.992 1.54445
0.052 29.859 24.146 1.52561
5.054 30.249 24.180 1.40915
1.443 29.694 23.888 1.16098
4.668 29.662 22.961 1.09511
1.860 30.151 23.130 1.53582
26.146 28.590 22.720 1.60231
1.756 28.866 22.560 1.46688
18.098 29.216 22.751 1.27728
1.048 29.582 22.831 1.28206
5.031 29.672 23.708 0.71875
10.609 29.942 22.570 1.02692
5.186 31.282 23.385 1.06189
3.556 30.361 23.807 1.76905
3.150 28.704 23.262 1.78810
8.566 29.398 23.861 2.00544
7.605 28.100 23.417 1.81164
37.132 28.611 23.641 1.28268
15.535 28.866 22.853 1.63366
5.510 29.359 23.293 1.70950
2.051 28.451 23.271 1.71160
19.149 28.415 23.375 2.03840
47.071 28.409 23.419 2.66336
10.149 26.809 23.145 1.94530
17.095 28.494 23.269 1.81046
4.929 28.495 23.219 1.77663
18.885 28.148 23.018 1.70285
8.051 28.595 22.956 1.35003
16.209 28.118 22.946 1.59113
8.995 28.855 23.206 1.99906
0.101 27.651 23.204 1.96271
0.899 27.408 23.065 1.92988
5.105 29.849 23.008 2.21189
9.610 28.414 23.047 1.77759
22.570 29.316 23.824 2.03405
7.883 26.870 23.135 1.96796
40.951 28.588 23.429 2.35869
0.881 27.440 23.107 2.19105
2.025 27.540 23.217 2.31624
0.721 28.756 23.256 2.31304
0.384 29.206 23.434 2.27695
0.185 29.438 23.376 2.36140
4.670 27.612 22.853 2.09962
0.000 29.951 23.909 1.94008
10.531 28.000 23.224 2.21817
29.948 27.979 23.779 1.90885
4.860 28.221 23.646 1.76973
15.243 28.682 23.480 1.44087
8.122 30.109 23.504 1.69914
8.520 29.226 23.722 1.54416
16.303 29.468 23.824 1.51867
0.044 29.760 24.310 1.56052
0.000 29.644 24.153 2.12169
2.256 28.944 24.315 2.27340
1.175 28.205 23.871 2.32003
8.051 28.901 24.626 2.43369
6.014 28.188 23.787 2.40817
13.714 29.017 23.718 2.31018
0.063 29.930 23.891 1.83285
0.260 29.092 23.945 1.78092
26.485 27.840 22.589 2.01408
16.399 28.657 23.329 1.51185
22.520 28.546 22.820 1.65579
0.670 29.195 23.562 1.50117
1.574 28.765 23.374 2.01016
0.303 27.582 23.075 2.33792
8.226 28.621 22.882 2.01444
7.314 28.323 22.642 1.93891
0.742 28.919 22.698 1.13602
13.505 28.614 22.991 1.37758
7.220 29.682 23.012 0.77089
19.016 29.647 22.576 0.88338
0.088 30.756 23.360 0.82510
0.314 30.637 23.294 0.82516
0.196 29.079 22.811 0.88327
1.385 28.483 23.497 1.08516
9.414 29.160 22.779 0.95091
23.864 29.671 23.583 1.01935
29.289 27.555 22.313 1.36357
0.260 30.530 22.778 1.03281
0.429 30.737 20.371 1.38088
0.000 32.206 21.948 0.83439
5.154 31.276 22.388 0.88817
10.173 31.205 23.488 1.33905
3.615 31.092 21.677 1.73308
0.000 30.474 19.326 1.70065
0.279 31.087 20.586 0.87558
3.501 30.767 23.417 1.01979
4.275 28.463 22.455 0.75202
7.960 30.292 22.138 1.51272
1.028 29.786 18.941 2.91477
0.097 29.354 19.766 2.73247
1.166 29.199 21.140 1.89187
2.909 28.499 21.522 1.31996
0.175 29.937 21.004 1.52241
0.643 30.352 20.107 1.30250
0.000 30.563 20.238 1.43273
0.004 31.485 20.212 1.01854
0.986 31.513 21.372 0.71048
8.431 29.065 20.053 1.60343
0.000 29.859 19.023 1.63582
0.000 30.401 19.684 1.10394
0.000 30.444 18.981 1.48077
0.000 29.866 19.888 1.60015
0.000 29.882 17.318 1.62923
0.000 29.662 18.220 1.56634
0.000 29.504 17.604 1.64987
0.000 29.496 18.820 1.41639
0.000 30.659 20.157 1.60904
0.000 30.987 20.936 2.00333
0.000 30.598 19.313 2.06764
0.000 30.914 20.352 2.41144
0.000 30.728 20.268 2.02273
0.000 30.863 18.717 2.56619
0.000 29.720 17.603 2.53330
0.000 31.055 18.900 1.93667
0.000 31.963 22.621 1.91116
0.000 32.544 21.055 1.75481
0.019 33.169 19.615 1.88605
0.000 33.358 20.299 1.58052
0.704 33.191 19.216 2.22081
0.000 32.821 19.402 1.77869
0.000 33.133 19.443 1.46636
0.000 34.065 20.270 1.17714
0.000 34.529 21.447 1.57486
0.000 33.565 20.694 1.43915
0.000 34.018 21.574 0.94616
0.000 34.652 21.373 1.06721
0.000 35.046 21.258 0.89365
0.000 35.717 20.682 0.89394
0.000 36.242 22.461 0.96586
0.000 36.253 21.389 1.26495
0.000 36.063 22.039 1.02277
0.000 36.516 23.393 0.90979
0.000 35.355 22.854 1.57288
0.000 33.102 21.163 2.77494
0.000 33.201 20.082 3.09221
0.000 32.858 18.993 2.46579
0.000 33.334 19.223 2.07023
0.000 33.068 16.957 2.45075
0.000 32.184 17.519 3.01224
0.000 32.439 18.515 2.67229
0.000 32.572 19.760 2.96954
0.000 32.673 21.107 3.26020
8.398 33.169 21.666 2.29431
0.065 34.738 21.307 3.12184
0.000 33.211 20.074 3.66939
0.171 34.323 20.361 2.81532
0.000 33.159 19.548 2.69826
0.181 33.203 19.252 2.31150
0.000 33.672 19.947 2.87651
0.000 33.825 20.017 3.03780
0.000 33.731 18.546 2.62458
0.000 32.821 17.957 2.95236
0.000 32.112 17.472 2.30123
0.000 32.312 18.264 2.39451
0.000 32.360 17.440 3.95266
1.315 30.038 16.181 2.68629
0.000 31.435 16.827 2.19798
0.000 32.616 18.381 2.62023
0.089 33.290 19.279 2.56802
0.000 33.434 18.312 3.15940
0.000 32.315 16.578 2.30035
0.000 32.139 17.322 1.62091
0.000 32.750 17.955 1.39273
0.000 33.881 19.219 1.19672
0.000 34.778 20.155 1.41288
0.000 34.402 18.252 1.82830
0.000 33.970 17.770 1.69001
0.004 33.847 18.317 1.18201
0.000 34.108 18.159 1.09567
0.000 34.147 16.919 0.84521
0.000 34.273 16.275 1.10761
0.000 34.562 16.522 1.54666
0.000 34.396 16.857 1.77787
0.000 34.693 17.593 1.29033
0.000 34.648 17.644 1.82252
0.000 34.183 16.541 2.49294
0.000 33.770 17.354 1.20644
0.000 34.801 16.457 3.01835
0.000 30.504 12.986 4.47488
0.000 27.856 11.700 3.33192
0.000 29.870 12.471 1.79321
0.000 32.313 14.270 1.59612
0.000 33.014 15.847 2.01209
0.000 33.258 17.045 2.01215
0.000 33.012 16.567 2.04512
0.000 33.922 17.559 1.59286
0.000 34.150 18.011 2.14570
0.000 33.908 18.505 1.95140
0.000 33.750 18.845 1.43893
0.000 34.665 19.620 1.69036
0.000 34.575 20.448 0.98823
0.000 34.065 17.951 1.92619
0.000 27.805 15.069 2.63260
0.000 26.245 15.152 2.16843
0.000 28.748 16.623 1.71453
0.000 32.394 18.220 1.18710
0.000 34.470 19.677 0.83868
0.000 34.987 20.336 1.14670
0.000 34.834 19.529 1.36478
0.000 34.554 19.561 1.24791
0.000 35.071 19.682 1.51058
0.000 35.640 19.778 1.05772
0.000 35.656 20.566 1.19686
0.000 35.593 21.621 1.23338
0.000 36.080 21.509 1.20762
0.000 36.952 21.984 1.39690
0.000 36.819 22.268 1.35773
0.000 38.005 22.126 0.97973
0.000 37.883 23.324 0.71621
0.000 37.615 23.207 1.26381
0.000 37.256 22.858 1.34357
0.000 36.220 22.967 1.13845
0.000 36.793 22.221 1.49234
0.000 37.254 21.340 1.50241
0.000 37.856 22.375 1.24478
0.000 37.579 22.799 1.49028
0.000 37.344 22.487 1.29917
0.000 37.864 22.916 1.54958
0.000 37.563 22.895 1.20383
0.000 37.347 22.566 2.07432
0.000 37.040 23.254 1.95666
0.000 36.879 24.253 1.58486
0.000 37.059 24.272 1.36061
0.000 36.814 24.103 1.95686
0.000 38.127 23.670 1.88732
0.000 38.852 23.900 1.89802
0.000 39.703 22.732 1.64128
0.000 40.712 22.089 1.22461
0.000 38.013 18.957 2.81887
0.000 34.211 19.267 2.31383
0.000 36.288 19.937 1.47335
0.000 37.254 21.909 0.68854
0.000 38.269 24.101 1.82720
0.000 38.790 23.921 2.01447
0.000 39.599 23.585 2.02019
0.000 40.229 22.944 1.64245
0.000 40.140 23.871 1.34931
0.000 38.400 25.470 1.34347
0.000 37.593 26.406 1.62255
0.001 37.941 22.245 1.95025
1.826 31.043 16.606 4.11682
0.000 31.110 15.010 4.21297
0.000 29.670 14.186 4.71858
0.024 31.872 15.291 2.05834
0.000 34.748 18.044 1.43037
0.000 36.289 20.296 0.99353
0.000 37.812 22.344 1.62446
0.000 38.496 23.405 2.04752
0.000 39.203 24.290 1.90321
0.000 40.095 24.236 1.62080
0.000 38.346 22.044 3.18331
0.000 35.198 23.052 1.60419
0.318 38.269 24.730 0.77075
0.027 38.762 26.682 1.67143
0.000 39.871 25.790 1.22487
0.000 39.253 24.803 2.39855
0.000 39.387 23.969 2.09784
1.006 38.975 25.692 1.73564
0.000 34.431 26.249 1.25645
0.095 37.015 25.528 1.23453
6.745 35.461 25.289 1.24687
3.609 28.846 19.395 3.41758
0.060 33.940 20.181 1.46816
0.095 37.456 24.696 1.16905
1.579 36.646 26.361 0.77544
0.000 36.995 26.330 1.39221
0.000 36.652 25.785 1.65555
3.523 37.486 26.772 1.09285
0.803 38.711 27.144 1.29295
8.537 31.727 23.828 1.40081
1.760 38.420 24.750 1.20718
1.356 35.015 22.695 2.82013
0.063 36.491 23.026 2.88407
0.000 33.458 22.846 1.42271
0.316 37.833 25.111 0.90097
0.245 37.978 26.617 1.54180
35.423 36.716 25.686 1.99091
0.184 38.270 26.263 2.08734
0.000 39.614 26.986 1.77507
0.000 37.181 26.260 1.92006
1.039 39.285 25.140 1.39498
1.981 32.672 22.824 2.13516
0.000 36.744 23.805 0.94703
0.122 36.109 25.788 1.45632
1.571 35.853 25.403 1.33403
5.530 34.639 26.056 0.90770
1.154 36.156 26.130 0.78391
0.012 35.909 25.655 1.07619
0.000 38.418 24.239 1.31393
0.000 38.807 26.579 1.63461
0.000 37.864 25.825 1.03942
2.449 38.903 26.856 1.47476
1.308 36.537 26.306 1.33589
0.552 36.069 26.559 1.12782
3.626 37.114 26.325 1.35430
1.218 35.934 26.961 0.97655
0.164 37.448 26.957 2.04904
2.015 33.448 25.669 1.90796
2.859 33.031 24.476 1.51677
0.087 38.180 25.764 1.71789
1.067 39.696 24.915 1.14561
0.007 41.057 27.087 1.10525
0.024 37.675 26.370 1.86180
0.141 38.032 26.897 2.00500
0.000 38.243 26.970 1.63746
3.958 36.094 25.623 1.66432
2.688 31.133 24.755 1.59900
7.941 36.479 25.579 2.40371
0.304 34.972 26.104 2.37536
1.146 33.448 25.130 2.42638
12.823 34.419 25.439 2.04653
5.026 34.564 25.562 1.90802
2.930 32.817 25.051 1.61772
0.456 34.928 25.265 1.31918
4.980 33.971 25.100 1.51189
7.121 33.065 24.285 1.37139
3.144 34.030 24.075 1.77721
4.909 35.468 24.538 1.28656
36.432 34.429 25.184 0.95261
7.539 32.503 25.014 0.85113
0.444 32.775 24.266 1.39757
0.091 34.883 24.559 1.42226
2.419 33.266 24.510 1.43382
1.139 33.810 24.434 1.40685
0.804 37.090 25.298 1.70191
0.545 36.129 25.156 2.18659
9.327 35.786 25.097 1.95804
0.831 30.992 24.926 1.21584
0.044 32.515 24.379 1.62117
12.829 34.429 25.097 2.37669
6.632 33.892 24.958 2.35510
1.611 33.284 25.421 2.57387
0.519 32.824 25.326 2.38107
0.383 33.242 24.987 1.96511
0.000 33.344 24.836 2.18453
0.055 34.581 25.185 2.22407
19.053 32.639 24.835 1.86713
5.222 31.306 24.755 2.21898
1.699 30.702 24.816 2.62825
4.959 31.826 24.322 2.55175
0.239 35.232 25.003 2.61298
0.000 35.839 25.132 2.49034
0.099 33.302 25.320 2.18045
7.716 30.624 24.487 2.02570
13.398 32.000 24.761 1.99330
6.704 31.386 24.604 1.95015
0.353 32.060 25.089 1.65317
0.320 32.056 24.710 1.50685
0.386 32.389 24.981 1.39559
0.924 32.379 25.134 1.80589
0.000 31.461 24.424 1.80171
20.609 32.874 24.902 1.42680
2.273 30.528 24.041 1.73111
6.123 30.974 23.868 1.75043
9.867 30.025 23.684 2.33740
7.435 31.425 23.518 2.23777
13.204 30.767 24.331 2.00566
14.645 28.679 23.737 1.89221
37.791 28.516 23.526 2.39792
1.656 29.213 23.586 1.96944
9.600 31.022 23.809 2.01349
1.765 29.340 23.794 1.62096
26.594 29.953 23.776 1.66605
20.053 27.844 23.581 1.11363
0.766 28.762 23.568 1.10584
6.144 29.706 23.924 1.60547
22.334 29.377 23.245 1.89882
5.585 28.996 23.771 1.80806
8.281 29.186 23.595 1.99474
0.000 30.733 23.244 1.39781
16.378 31.718 24.510 0.88196
61.001 28.203 23.501 1.17527
0.858 28.006 23.091 0.87964
0.221 32.311 23.791 0.54200
5.122 32.179 23.293 0.62845
0.000 31.318 23.334 0.94298
0.205 31.625 24.521 1.28431
0.829 29.411 23.744 1.72962
1.339 31.566 24.000 1.93072
4.012 29.933 24.153 2.17051
0.960 28.640 23.920 1.99155
6.025 29.274 23.752 2.30310
21.500 28.156 23.302 2.48460
7.429 28.751 23.287 2.41605
9.234 28.734 23.799 2.15525
5.040 29.323 23.882 2.84060
2.620 29.137 23.923 2.25522
15.566 29.307 24.148 2.18963
8.171 29.269 23.978 2.33851
10.681 28.249 23.879 3.04811
4.345 30.048 24.114 2.87428
10.204 28.873 23.441 2.12420
2.311 29.236 23.241 1.76541
8.390 29.916 23.787 2.14610
3.552 29.838 23.599 2.68013
9.394 30.055 23.774 2.59955
0.320 28.310 24.096 2.47668
1.774 28.432 24.238 2.25931
35.295 29.358 23.989 2.17393
10.200 28.681 23.675 2.36614
3.995 29.544 24.057 2.27287
3.371 28.957 23.812 2.33237
5.755 29.256 22.985 2.79022
9.819 28.730 23.174 2.62536
6.495 28.135 23.178 2.37266
0.326 30.138 23.489 1.91714
6.453 29.782 23.865 2.10735
4.029 29.351 23.799 2.09466
1.551 28.219 23.203 1.68103
1.921 29.536 22.949 1.68928
46.875 29.412 23.126 1.70245
6.551 29.205 23.801 1.50694
0.164 29.116 23.229 1.18949
0.029 29.525 22.978 1.21197
0.138 30.902 23.583 1.13750
1.451 30.687 24.484 0.90234
2.319 31.007 23.456 0.80681
7.943 30.778 23.582 0.94917
8.248 28.805 23.197 1.59301
14.315 28.342 23.126 1.42197
14.317 28.559 23.863 1.70823
5.500 29.107 23.766 1.71267
10.168 29.804 24.118 1.19995
25.357 27.977 24.075 1.13840
3.321 27.876 23.576 1.17911
32.512 28.869 23.397 1.20121
4.740 29.542 23.984 0.77276
24.153 29.960 23.617 0.84287
5.332 29.633 23.536 1.37970
13.036 28.092 22.858 1.02873
2.728 28.543 22.849 1.62135
6.580 27.912 23.050 1.96591
30.440 26.786 22.891 1.49032
9.217 30.033 23.322 0.87891
32.231 26.270 23.287 3.90324
3.352 30.045 23.270 1.62403
1.058 29.538 23.719 0.87787
1.696 27.657 23.263 1.20551
0.432 31.013 23.572 1.44891
0.680 30.262 24.095 2.35742
15.689 27.985 23.216 1.63962
6.260 29.329 23.180 0.58572
7.081 28.757 23.033 1.50919
0.562 29.388 23.598 1.45146
4.726 28.362 23.754 1.67603
2.349 27.748 23.329 1.39320
3.795 30.751 23.602 1.33363
0.626 30.606 23.249 1.93426
8.228 28.853 23.635 2.01472
2.969 28.801 23.653 1.12619
6.044 30.943 23.058 0.71129
1.029 30.109 23.232 1.33880
0.660 29.961 22.624 0.99130
0.139 31.715 23.410 0.67113
0.370 31.944 23.081 0.75242
11.460 30.351 23.098 0.78563
1.999 30.531 22.983 0.55833
5.318 29.907 22.791 1.22819
1.174 30.553 23.370 1.55290
0.421 29.781 22.776 2.02440
0.021 29.042 21.355 2.51509
0.115 29.849 21.824 2.53883
2.380 28.854 22.440 2.19739
5.162 29.072 23.866 0.91162
35.587 28.384 23.321 0.85995
0.475 29.758 22.002 1.38198
0.144 30.747 21.886 1.77022
2.230 29.469 21.325 1.04093
0.056 30.986 22.324 1.09810
0.652 30.282 22.082 1.78217
0.000 30.081 22.581 2.01071
0.000 29.917 21.029 2.22163
0.000 29.895 20.884 2.36009
1.151 29.320 21.314 2.55701
0.091 28.700 21.896 1.71709
0.243 29.661 22.363 2.13471
4.470 28.674 22.309 1.52168
3.940 29.193 22.760 1.33114
2.238 30.699 22.305 1.74429
0.000 30.391 21.919 1.85236
0.049 30.834 20.189 2.38038
0.024 29.432 19.812 2.56538
0.006 28.465 19.941 2.44189
2.234 29.168 20.634 1.97205
0.504 29.539 21.766 1.06990
0.000 31.277 23.337 0.76934
16.695 30.175 23.625 1.12820
9.619 29.676 22.752 0.91556
0.060 31.078 23.589 0.73920
17.090 29.449 23.646 0.96193
6.774 29.717 22.683 0.58372
0.746 29.984 22.931 0.64043
0.000 32.399 22.635 0.58362
0.977 32.187 22.891 0.54304
0.000 32.267 23.149 0.60834
0.252 31.959 24.024 0.56213
4.832 32.018 23.209 0.45010
1.884 30.463 22.648 1.00084
1.369 31.036 22.596 1.70012
1.321 30.663 22.496 2.32101
2.131 29.923 21.129 2.46939
0.059 29.537 17.657 3.46370
0.000 28.352 16.750 3.47537
0.000 27.474 15.388 3.26095
0.023 28.163 15.949 2.54716
0.574 28.869 17.407 2.69219
0.002 28.186 17.963 2.42873
0.024 30.504 18.790 2.20961
0.571 30.637 20.594 1.79511
0.006 31.578 20.884 1.24370
0.000 32.376 21.053 1.90187
0.000 32.330 20.084 2.32286
0.000 32.577 20.052 1.60750
0.075 32.986 21.038 0.84940
0.000 33.124 22.776 1.32410
0.211 32.737 22.946 1.39533
0.115 32.700 20.555 2.21055
19.079 29.837 19.131 2.56732
0.004 29.213 16.828 4.05355
0.000 29.477 16.684 3.51286
0.000 30.633 17.162 2.47098
0.029 31.923 17.999 1.99374
0.000 32.752 19.946 2.04653
0.299 33.254 19.161 3.34958
0.050 31.084 16.963 4.11939
0.000 30.497 17.312 3.67214
0.316 30.174 17.074 4.22428
0.055 27.258 15.438 4.20299
0.000 29.953 15.701 3.40849
0.000 29.496 14.330 4.07316
2.346 28.010 13.286 3.52172
0.033 29.027 13.789 2.64630
0.441 30.139 16.433 3.15359
3.144 25.340 14.910 4.92524
0.000 25.257 13.846 3.47104
0.000 28.550 14.220 1.46351
0.007 31.974 16.962 0.93688
0.000 33.437 19.989 0.80514
0.000 30.485 21.554 0.85371
0.000 31.119 21.506 1.63806
0.000 32.980 19.790 2.36413
0.000 33.122 18.867 2.31730
0.000 33.324 19.464 2.06571
0.000 34.105 20.310 1.98606
0.000 34.501 21.572 1.83052
0.000 34.243 21.354 1.71519
0.000 34.789 22.076 0.84983
0.000 35.327 23.662 1.01096
0.000 35.532 20.730 2.01199
0.047 32.894 16.888 4.04370
0.000 31.375 14.752 3.33170
0.000 31.794 15.314 2.81245
0.000 30.863 14.128 2.95413
0.082 31.129 14.773 2.03693
0.000 32.233 16.164 1.19019
0.000 34.384 16.956 1.12445
0.000 35.288 18.420 0.92675
0.000 36.188 20.043 0.91510
0.000 36.634 20.478 0.54313
0.000 36.457 21.312 0.85400
0.000 36.987 21.705 0.96289
0.000 37.100 21.287 1.28766
0.000 36.653 20.662 1.54528
0.000 37.329 18.666 1.47857
0.000 36.071 17.184 2.10871
0.000 35.183 18.169 2.01078
0.000 31.456 15.159 3.46980
0.000 31.346 14.831 3.28544
0.000 30.926 15.088 3.12010
0.000 31.415 15.603 3.73613
0.000 31.737 17.107 2.07844
0.000 34.273 18.482 1.66444
0.000 35.695 21.148 0.79535
0.000 36.505 23.229 0.90783
0.000 36.450 23.688 1.76199
0.000 36.795 24.276 1.08820
0.000 37.070 22.832 1.24176
0.000 37.451 21.758 2.28942
0.000 36.054 20.986 2.69991
0.000 35.602 19.859 2.11033
0.000 35.943 20.789 1.63474
0.000 36.292 20.472 2.07400
0.000 35.538 20.675 2.61178
0.004 36.207 21.541 2.97230
0.000 35.471 23.313 1.89421
2.620 33.363 23.336 1.71674
0.319 35.695 22.650 2.06993
0.346 34.713 22.716 1.12521
0.024 37.154 23.816 0.83958
0.000 36.836 25.205 0.99380
0.000 34.600 25.459 1.13348
8.274 33.329 23.161 1.53262
4.001 33.651 20.651 2.06509
0.000 36.854 21.325 2.46034
0.000 36.503 22.376 1.39242
0.000 36.442 23.508 1.30204
0.000 38.582 23.937 2.59903
0.000 37.317 22.513 2.73299
0.000 37.662 23.414 1.94186
0.000 38.221 23.939 1.36583
0.000 38.538 24.769 1.63187
0.000 37.107 25.675 1.67414
0.356 38.053 21.174 2.54652
0.000 30.053 17.232 3.14163
0.000 35.246 17.899 2.92290
0.000 35.858 18.830 1.81926
0.000 37.276 21.647 1.04666
0.000 37.232 24.605 1.55987
0.000 38.352 25.717 1.45919
0.000 37.008 25.204 1.04089
0.172 38.675 26.770 1.09404
0.681 33.935 22.760 1.74233
0.000 37.057 23.981 1.13492
0.000 36.880 24.347 1.53679
0.000 38.883 25.762 1.28164
9.305 34.567 20.216 2.20127
0.083 29.645 20.112 2.76842
0.000 34.859 20.390 1.23578
0.000 37.704 24.341 0.82095
0.021 37.612 26.242 1.07748
3.400 37.009 26.095 0.81566
0.000 39.308 25.195 1.55462
0.000 38.117 25.842 1.31154
0.521 30.664 23.893 1.71820
0.000 37.024 24.642 1.79075
0.390 38.311 26.155 1.48949
0.116 37.676 26.078 1.53482
0.000 36.007 26.159 1.62902
0.000 38.985 26.289 1.99543
0.000 36.916 25.722 1.85103
32.315 36.404 24.395 1.06744
0.064 35.041 25.047 1.28531
17.855 30.033 23.239 1.22348
2.324 33.701 23.902 1.04223
3.391 32.644 23.407 1.05872
0.283 35.230 24.586 1.08654
2.776 34.132 24.906 1.33150
0.802 36.059 24.592 1.31145
0.040 37.826 25.209 1.08663
0.035 37.646 26.106 1.12726
20.777 30.147 24.737 1.44695
1.125 30.278 23.680 1.50592
26.381 35.053 24.812 1.26136
0.422 33.731 24.283 1.46534
1.807 35.138 24.789 1.98276
0.000 34.431 24.585 1.48418
0.496 36.012 25.537 1.14469
0.906 33.236 24.346 1.27432
2.111 33.998 21.025 2.15268
0.169 31.516 21.110 1.53075
1.380 36.936 23.216 0.85432
1.612 35.855 24.553 1.66766
18.025 35.178 24.695 0.88294
0.605 35.789 23.516 1.80262
0.069 37.350 23.780 1.84859
0.124 36.405 24.755 1.56276
3.225 37.093 25.846 1.00998
18.379 31.568 23.354 1.14064
0.374 35.666 24.662 0.86751
1.475 35.078 24.706 1.44705
0.092 36.195 25.439 1.18609
3.699 33.906 25.362 1.19956
4.480 32.227 24.850 1.17232
20.841 32.841 24.399 1.70336
0.095 34.037 24.685 1.25009
0.126 35.947 24.773 1.20010
19.215 34.997 25.382 1.35404
0.097 33.767 24.965 1.16526
5.727 33.053 24.272 1.22205
2.390 34.026 24.783 1.30070
0.216 33.032 24.792 1.35930
0.274 35.478 24.951 1.15260
1.207 32.949 25.257 0.98344
3.626 32.161 25.088 0.68545
0.121 32.745 24.156 1.00365
1.251 32.011 23.585 0.85094
0.000 37.744 23.300 2.57447
0.001 35.569 20.264 3.49292
0.720 34.558 20.242 2.41623
0.039 35.890 22.242 1.89983
0.313 37.051 24.775 1.25467
34.545 32.296 24.005 0.87400
4.253 31.496 23.672 1.15132
6.303 30.545 23.574 2.28972
9.253 32.765 24.296 1.71718
2.238 31.751 24.179 2.11555
0.987 31.593 23.921 1.40359
5.399 31.740 23.604 1.55801
2.822 32.053 23.715 1.46244
0.000 31.658 23.756 1.09165
0.429 32.292 24.236 1.19845
4.162 30.928 23.567 1.12168
0.304 32.309 24.231 1.41773
29.723 31.395 24.677 1.74257
0.556 30.697 23.185 1.31284
0.055 31.388 23.989 1.74189
0.000 31.112 23.563 1.55252
6.361 31.615 24.028 2.00846
9.994 31.540 23.504 2.14255
0.469 32.035 23.683 1.97180
0.000 31.969 23.745 2.15811
0.000 32.391 23.952 1.93069
0.143 32.325 23.700 1.91152
3.284 33.061 24.236 2.34118
1.934 31.932 24.373 2.09934
0.028 30.605 23.873 1.74004
7.138 33.027 24.399 1.95434
0.504 32.654 24.094 1.82588
0.592 32.824 24.144 1.85691
0.489 35.054 24.323 1.81142
0.534 34.716 25.032 1.51270
26.064 31.372 24.822 0.94458
6.775 31.634 24.428 0.78461
4.367 30.418 23.943 1.65334
7.701 30.817 24.225 1.01610
16.785 29.851 24.067 0.87496
7.585 28.845 24.071 0.82749
31.528 31.280 23.962 1.09454
16.396 30.894 23.747 1.02683
0.504 30.653 23.923 0.95327
1.086 30.128 23.600 1.23710
0.516 31.832 23.456 1.70859
3.030 30.931 24.284 2.25917
3.999 28.921 24.185 2.47922
15.909 27.526 23.265 2.13159
4.064 29.269 24.247 1.23238
11.106 28.177 23.736 1.90705
1.240 29.456 23.973 2.65373
3.552 28.317 24.165 2.46830
13.069 29.792 24.371 2.40549
0.000 29.202 23.855 2.47737
0.226 30.054 24.366 2.46423
0.000 29.658 24.325 2.20993
0.031 30.404 24.796 2.50416
73.002 29.984 23.712 2.42793
18.706 30.900 24.357 2.54968
1.071 29.340 24.406 2.50402
0.943 28.128 23.990 2.36986
0.125 29.131 24.243 2.39296
1.919 28.682 24.103 2.46964
1.693 28.559 23.521 2.65831
16.417 28.787 23.186 2.81677
30.026 29.289 23.212 2.09526
13.624 28.521 23.023 0.84201
3.468 30.771 23.464 1.31538
15.809 29.270 23.556 2.14273
15.760 28.947 23.632 2.48252
34.779 29.190 23.793 2.49212
0.199 28.686 23.264 2.33320
2.874 29.127 23.484 2.36811
13.149 28.589 23.239 2.57979
21.886 26.893 22.395 2.39360
0.077 28.516 22.954 2.35658
21.032 28.513 23.999 1.90580
25.147 27.857 23.583 1.93935
7.328 28.665 23.215 1.73673
1.533 27.557 22.796 2.08258
0.060 28.212 22.818 2.32332
2.050 27.835 23.193 2.40143
1.240 29.026 23.359 3.23227
4.260 29.549 23.443 3.00095
0.805 29.861 23.821 2.67288
3.316 30.247 23.289 2.70789
0.146 28.383 23.922 2.13554
0.146 29.359 23.352 2.44926
2.426 29.650 23.628 2.54457
1.463 29.176 23.366 2.46107
42.831 28.949 23.801 2.30848
50.290 28.209 23.620 1.78468
13.687 29.081 23.204 1.90259
10.308 29.586 23.846 2.55544
9.289 29.090 23.175 2.57419
0.374 30.047 23.581 2.03623
1.850 29.550 23.959 1.89355
5.624 27.002 23.307 1.94123
0.000 28.901 23.332 1.48266
25.761 28.417 23.355 1.56419
3.400 29.484 23.277 2.15964
0.549 29.588 22.770 2.29818
9.364 30.318 23.719 1.67558
18.792 27.743 23.473 1.14735
12.733 28.478 23.348 1.60918
0.252 29.588 23.252 1.32403
13.530 29.966 23.619 1.17771
27.526 27.697 23.409 2.00171
15.721 24.570 21.260 2.15844
12.150 29.411 22.505 1.35334
0.036 30.442 22.639 1.43019
1.871 30.930 23.330 1.27043
0.015 30.174 23.284 1.30276
0.736 30.618 23.975 1.29227
6.908 29.182 23.592 1.39076
6.628 30.241 22.769 1.14878
0.119 32.009 23.911 0.94462
4.838 30.295 24.042 1.30381
10.132 29.513 23.189 1.55807
2.014 27.902 21.408 2.18380
0.151 28.166 21.000 1.59175
8.511 29.974 21.472 1.52845
11.676 30.358 22.461 0.96432
3.747 29.035 22.879 0.76614
8.117 30.395 23.462 0.97856
18.701 29.449 23.263 1.05760
12.790 29.631 23.302 1.24212
13.535 27.694 23.282 1.04190
8.326 28.386 21.962 0.90929
5.038 29.108 21.950 1.07795
4.108 29.831 22.932 1.65084
0.004 30.244 21.661 1.61227
0.064 29.282 22.199 1.69732
36.950 28.496 22.500 1.46685
15.066 26.174 22.463 2.70196
0.895 28.704 22.457 1.48470
9.816 30.931 23.546 0.72732
2.519 29.126 23.196 1.44310
3.224 28.828 22.252 1.37337
2.824 29.550 22.718 1.78793
112.749 27.501 22.652 3.27059
8.175 27.640 22.886 3.16305
0.311 29.503 23.369 1.45523
12.145 29.767 23.532 0.92235
2.174 27.886 22.756 1.36467
2.147 27.663 22.884 1.87278
0.000 27.961 22.319 1.84985
22.424 30.110 23.225 1.35419
8.401 26.941 22.751 1.48776
0.303 29.167 21.272 1.52146
0.119 29.550 21.723 0.84655
0.000 29.795 22.069 1.42702
12.435 29.308 21.506 1.03241
3.814 30.378 22.647 0.94243
3.151 31.230 23.705 0.50117
0.000 30.375 22.684 0.54394
0.149 30.783 22.864 0.95936
2.217 28.766 22.214 0.73489
0.395 30.650 22.730 0.95414
0.165 29.927 21.549 1.52236
0.000 30.025 20.597 1.48745
0.000 30.291 21.113 1.42473
0.063 30.798 22.219 1.26015
0.282 30.482 20.264 1.85149
0.000 30.074 20.922 2.02500
0.000 30.180 21.666 2.37572
0.788 29.932 21.506 2.36453
0.000 29.348 20.333 2.25890
0.000 29.320 19.383 2.40189
0.003 29.071 19.570 2.21197
2.806 29.042 20.548 2.29660
0.194 28.587 18.307 2.71712
0.000 27.576 16.730 2.25079
0.000 27.288 16.812 1.82858
0.000 28.673 17.846 1.33895
0.000 29.405 18.075 1.30836
0.000 29.358 18.852 2.20714
0.000 28.510 19.554 2.51193
0.000 29.732 20.078 1.72586
0.926 30.533 22.007 1.46829
0.073 30.936 20.686 1.52860
0.000 29.771 18.973 2.19273
0.000 29.617 19.423 1.71766
0.000 30.295 19.166 1.18590
0.000 30.837 19.932 1.59175
0.000 31.821 21.063 1.44520
0.000 31.658 21.994 1.22290
2.909 32.745 23.131 1.03289
15.270 28.904 21.612 0.85646
0.000 32.494 22.367 0.89146
0.000 32.368 22.543 0.98509
1.064 31.456 22.403 1.02543
1.484 32.403 23.451 0.56843
0.000 33.068 23.793 0.52989
0.000 33.107 22.607 0.50417
0.000 33.166 22.211 0.74613
0.000 33.426 22.983 0.62908
0.000 34.301 23.160 0.55602
0.000 33.897 22.314 0.82068
0.000 33.968 22.001 1.07539
0.000 33.929 21.623 0.81323
0.473 34.169 20.342 1.93617
0.280 33.044 21.208 1.85341
0.000 31.740 19.324 2.97941
0.000 32.257 19.729 3.29537
0.000 32.679 20.412 2.51826
2.749 34.065 22.227 1.76285
2.566 34.073 22.569 1.37353
0.000 34.590 20.403 1.76155
0.000 34.564 21.622 2.42411
0.066 33.433 21.939 2.47609
0.000 32.697 21.313 2.30215
0.000 33.180 18.999 2.08288
0.000 32.807 18.503 2.71881
0.000 32.390 17.360 2.59442
0.000 32.369 18.006 2.65001
0.000 31.499 16.336 4.16063
0.000 30.342 15.498 3.26658
0.000 30.075 15.937 2.92675
0.000 31.240 15.962 4.21534
0.000 29.692 14.681 4.17081
0.000 29.175 12.977 3.52390
0.000 28.932 12.761 2.94183
0.000 29.278 13.953 2.00632
0.000 30.592 15.619 2.29039
0.000 31.742 17.050 1.49165
0.000 32.255 16.659 1.32560
0.000 32.579 17.080 1.52307
0.000 32.439 17.330 2.24090
0.000 31.348 17.313 2.04616
0.000 32.285 18.223 2.12026
0.000 32.414 19.715 2.01999
0.000 33.570 20.255 1.20673
0.000 34.152 19.255 1.27750
0.000 34.871 20.540 1.53490
0.000 35.210 20.362 2.86284
0.315 33.283 19.314 4.06766
0.014 31.791 17.231 4.76517
0.000 30.506 17.659 3.92403
0.000 28.540 16.330 3.89659
0.000 30.660 16.381 3.61817
0.000 32.112 16.865 2.29287
0.000 33.353 17.878 2.27700
0.000 34.190 18.621 2.35934
0.000 35.084 19.843 2.16635
0.000 34.869 19.350 2.12293
0.000 35.325 20.113 1.45132
0.000 35.694 21.913 1.80504
0.000 36.182 22.230 2.08443
0.000 35.268 20.560 2.96989
0.000 34.326 20.842 2.20413
0.000 33.926 22.536 1.45304
0.000 36.142 21.745 2.20975
0.000 33.450 21.430 1.73371
0.000 35.904 19.320 3.04503
0.000 34.143 18.144 3.45504
0.000 34.378 17.856 3.13103
0.000 33.443 17.727 3.35776
0.000 32.403 15.224 4.42790
0.000 29.349 13.549 4.45370
0.000 30.209 13.807 2.46738
0.000 31.154 14.120 2.50502
0.000 30.616 13.988 2.59120
0.000 30.377 14.892 3.60515
0.000 30.467 14.198 3.27816
0.000 30.419 14.516 2.11333
0.000 32.211 15.412 1.45792
0.000 33.126 17.050 1.21180
0.000 33.911 21.041 1.08482
0.000 34.979 20.573 1.57162
0.000 35.926 19.697 1.53132
0.000 36.688 19.643 1.85406
0.000 37.870 20.005 1.65608
0.000 37.630 22.030 1.35378
0.000 38.007 23.200 1.14951
0.000 37.984 24.477 1.01670
0.447 38.261 24.969 1.18883
0.000 37.974 23.882 1.91460
0.000 37.673 22.508 1.97920
0.000 38.355 22.434 1.56344
0.000 39.142 23.993 1.15696
0.000 39.609 25.315 0.89192
0.000 38.058 26.689 0.95501
0.570 35.183 26.291 1.28059
0.000 35.082 25.732 1.30890
0.336 34.350 25.505 1.22549
0.000 37.546 25.858 0.96618
0.794 38.987 27.327 0.67765
0.000 35.759 25.286 1.53816
0.000 35.415 25.400 0.94519
2.174 34.532 23.793 1.00181
4.026 34.000 24.327 1.00782
0.000 36.198 24.362 1.31688
0.000 36.363 24.705 1.37429
0.000 36.994 25.688 1.21493
0.000 37.841 25.433 1.25534
0.563 36.421 23.974 1.24573
0.109 34.514 22.045 2.10427
2.730 36.369 23.236 0.94150
0.000 33.794 24.205 2.02475
0.000 36.557 24.315 1.22464
0.000 38.605 25.050 1.59122
0.000 38.814 26.628 1.43206
0.000 38.235 26.501 1.47582
0.000 38.058 26.238 1.95799
3.220 38.966 26.578 1.85419
0.086 38.429 26.994 1.59618
0.676 36.059 25.878 1.49891
29.888 31.284 24.170 1.46888
0.600 31.649 22.108 2.07405
0.178 28.497 19.974 3.19049
0.287 34.277 21.175 1.58941
0.000 36.104 23.929 1.31359
0.079 35.540 24.227 1.32885
2.524 34.404 23.837 1.40972
0.002 34.399 23.581 1.29399
0.000 36.546 25.055 1.48846
0.000 35.560 26.220 0.91606
6.493 31.987 25.494 0.98695
0.000 35.802 25.538 1.09525
0.000 36.018 24.414 0.88164
0.000 39.010 24.311 1.67109
0.000 40.689 24.245 2.12777
0.000 40.518 25.831 1.71440
1.985 39.646 24.317 3.01575
0.000 33.779 22.040 2.52977
0.103 36.745 23.545 2.35417
0.262 38.365 24.778 2.35952
0.000 37.197 25.263 1.80283
0.321 37.683 24.686 2.14675
0.091 35.717 25.026 1.30047
1.790 35.539 24.684 1.09349
0.060 32.985 23.735 1.80449
0.706 33.616 24.923 1.36343
1.079 31.542 25.380 0.68606
4.676 34.830 24.486 0.95320
0.059 37.433 25.718 1.34095
7.849 36.433 25.942 1.88243
0.027 39.845 26.890 1.65903
17.642 34.467 23.698 2.41841
2.132 37.327 24.398 1.65853
0.669 39.412 26.367 1.57563
0.820 36.042 26.635 1.71992
0.000 35.151 25.949 1.99144
8.596 37.811 25.212 2.22863
0.000 40.369 27.299 1.46039
3.710 32.791 24.920 0.66997
0.097 36.742 25.247 1.57765
0.965 38.691 25.184 1.39000
16.149 34.971 24.620 1.24166
11.420 33.139 23.503 1.09120
2.206 30.388 22.950 1.79737
4.796 31.800 23.392 1.49570
7.799 33.638 24.206 0.93970
2.832 33.621 24.386 1.18463
4.485 32.119 23.917 1.34991
16.150 33.178 24.067 1.36054
35.184 28.997 22.309 1.69681
8.769 30.624 23.772 0.73871
1.764 30.601 23.856 0.83555
5.357 32.782 24.606 0.69565
28.968 30.219 24.329 0.73796
32.661 28.565 24.249 0.88025
54.193 27.608 24.170 1.14181
2.311 28.111 22.583 1.70326
3.681 31.560 24.031 0.71007
0.564 30.995 23.678 1.39581
0.210 32.169 23.909 1.14832
0.000 31.786 24.035 1.73181
9.480 30.243 24.097 1.47548
1.949 30.846 23.001 1.33774
0.181 32.409 23.979 1.82595
0.389 31.772 22.924 2.19397
0.000 32.229 23.461 2.22715
0.141 32.192 24.262 2.39846
0.467 32.104 24.477 2.32958
0.172 32.909 24.401 1.99938
4.921 31.425 24.514 1.72209
24.220 30.363 24.169 1.81137
12.519 29.815 24.019 1.63877
2.191 30.226 23.627 1.69137
2.965 31.212 23.801 1.57498
6.783 31.404 23.869 1.66743
4.374 30.868 24.208 1.73097
1.628 30.547 24.317 1.62482
11.582 31.342 24.238 1.54033
0.927 31.627 24.291 1.34849
1.922 30.728 23.719 1.42941
0.000 32.444 24.105 1.47792
0.295 31.544 23.986 1.44387
0.000 32.714 24.009 1.62617
2.344 33.488 24.898 1.68386
0.186 32.182 23.919 1.71597
0.081 34.750 24.578 1.45493
0.020 32.555 24.774 1.60553
0.035 32.046 24.139 1.42652
0.055 33.760 24.594 1.33943
7.334 32.698 25.121 1.35463
0.841 29.698 23.838 1.40910
4.844 30.997 24.617 1.07577
2.941 31.068 24.254 0.75322
1.165 31.895 23.893 1.02131
10.715 33.770 24.280 0.92239
8.064 33.614 25.044 0.67765
16.784 33.185 25.211 0.74093
7.383 33.150 24.783 0.95436
0.310 31.130 24.574 0.88690
9.181 32.517 24.979 1.84483
2.871 30.123 24.175 2.24784
5.969 30.495 23.977 2.48096
32.230 30.458 23.819 2.13443
1.541 29.333 22.949 2.65477
2.675 29.755 24.024 2.65349
3.026 30.656 23.631 2.73939
3.218 30.098 23.750 2.30321
4.764 29.077 23.331 2.42750
28.749 29.710 24.007 2.77434
23.916 28.756 23.949 2.81592
8.103 29.897 23.710 2.34134
6.559 30.328 23.854 1.97888
0.001 29.975 23.601 1.92647
0.000 31.341 23.581 2.10145
5.426 30.022 23.907 2.12892
0.402 31.172 23.844 2.59698
0.105 31.571 23.717 2.82599
0.020 31.582 24.325 2.92485
6.418 30.553 24.371 2.56072
3.989 30.709 24.153 2.34393
29.734 31.344 24.164 2.18904
3.453 28.821 23.182 1.83498
0.399 31.480 24.015 1.68753
0.000 29.864 23.607 1.84244
1.701 30.959 23.666 1.44851
6.223 29.287 22.774 1.13191
2.397 30.929 23.754 0.51832
7.460 31.918 23.660 0.60741
15.801 30.353 23.171 1.06737
0.747 32.042 22.516 0.89871
21.393 32.289 23.302 0.74322
1.551 31.066 23.469 1.01670
3.814 28.895 23.385 1.09570
21.910 27.761 22.338 1.48645
2.704 29.798 23.241 1.19685
66.680 29.646 23.008 2.12899
10.634 29.941 23.078 2.17591
1.093 29.434 22.788 2.32555
1.856 29.698 23.600 2.03625
6.320 28.555 23.251 2.20970
96.276 28.126 23.666 2.90080
38.714 27.283 23.122 3.16553
3.724 28.377 23.285 2.78150
0.001 29.904 23.726 2.79658
2.868 28.456 23.193 2.69908
1.838 30.443 23.388 3.05305
4.756 29.145 23.920 2.33519
0.289 29.968 24.477 2.51044
0.420 30.776 24.440 2.28010
0.235 29.371 23.830 2.01188
10.655 29.473 24.120 1.95168
52.386 28.652 23.833 2.38853
9.991 28.191 23.458 2.35239
20.789 29.406 23.937 2.10601
0.034 28.897 23.700 1.83629
4.010 29.506 23.767 1.67645
12.652 29.442 23.417 1.92806
6.034 29.490 23.267 1.65750
2.195 30.236 23.551 1.31624
3.708 30.004 23.545 0.95518
30.860 29.996 23.501 0.79655
0.236 31.111 23.460 0.64121
5.352 30.241 23.725 0.91576
6.130 30.774 24.130 0.81758
4.806 27.845 23.642 1.01945
5.921 28.343 23.238 1.19104
1.827 30.354 23.792 1.35473
1.670 30.158 23.697 1.28036
15.310 30.259 23.807 1.40000
35.275 29.400 23.238 1.73968
0.904 30.554 22.571 1.51476
3.276 31.797 23.970 0.91772
6.311 29.042 23.134 1.02772
0.281 30.626 23.474 1.05684
0.684 30.714 24.062 1.51662
2.726 28.623 23.345 1.30085
33.143 30.105 23.380 1.54163
1.673 30.975 23.419 1.27917
1.208 30.970 24.231 1.04242
4.225 29.528 23.828 0.77629
46.772 31.570 23.985 0.71069
20.196 30.892 24.187 0.54437
6.261 28.857 23.130 0.94177
13.713 30.247 23.981 0.99530
36.479 27.519 23.821 1.57169
46.777 28.326 23.206 1.15987
1.336 29.600 19.753 1.80192
0.040 29.119 20.031 1.76097
0.090 29.631 20.892 1.60471
0.000 30.036 22.058 1.42618
0.643 30.476 22.272 0.99472
0.758 32.296 23.851 0.88810
15.266 31.143 23.069 1.06458
14.085 29.812 23.327 0.84784
5.864 29.170 23.649 1.35781
0.522 30.086 22.857 0.96329
0.519 30.284 22.787 0.87533
11.095 29.365 22.996 0.92635
12.764 27.914 23.571 1.57617
13.512 27.220 23.889 2.90114
10.174 28.311 23.257 2.59242
9.309 28.860 22.846 1.82909
29.539 28.473 23.137 1.60774
1.981 28.007 22.683 1.14350
1.492 29.465 23.266 1.08097
3.651 28.143 22.790 0.84690
36.436 28.416 22.218 1.01091
20.725 26.755 21.737 0.93871
12.661 28.945 21.936 1.18365
9.126 29.510 22.573 1.25805
3.914 28.041 22.420 1.61115
0.291 28.793 21.721 1.99990
0.984 26.549 20.508 2.96441
0.553 27.732 20.654 2.75838
0.000 28.730 21.077 2.37807
0.000 28.788 19.978 3.01609
0.000 28.213 19.238 2.63914
0.000 28.514 19.955 2.11225
0.085 29.354 21.455 2.26004
0.000 28.707 19.981 2.15079
0.715 29.200 20.314 2.57517
1.281 29.061 21.111 2.89958
2.055 29.045 20.939 2.58492
0.000 29.082 21.489 1.63606
0.000 29.986 22.212 1.22387
0.000 29.822 18.609 2.33473
19.266 24.784 19.968 2.21125
0.039 28.996 20.900 1.18608
9.526 29.564 19.789 2.25208
0.089 26.271 17.393 2.99204
0.000 27.197 17.604 2.77538
0.000 26.186 16.804 3.21190
0.000 26.997 17.057 2.73568
0.000 26.649 17.459 2.49543
0.001 26.461 15.484 2.46363
0.000 25.965 15.030 2.43888
0.000 27.089 16.229 2.38917
1.870 27.183 18.741 2.48441
0.039 27.725 20.449 2.48925
0.636 29.110 21.106 1.97066
0.096 29.489 22.264 1.58179
0.000 29.529 21.124 1.87931
0.000 28.932 19.946 2.20318
0.112 28.216 19.740 2.22380
0.901 28.288 20.071 2.09177
3.004 28.305 21.078 2.49034
0.000 28.752 18.316 2.99378
0.000 27.975 17.660 2.89724
0.029 27.495 17.423 2.77146
1.291 27.127 17.062 3.00351
0.399 25.590 16.576 2.85957
0.000 26.301 15.658 2.60549
0.000 27.779 16.555 2.08740
0.045 26.451 15.330 2.60750
0.000 25.174 11.303 2.62150
0.000 25.272 11.613 2.32537
0.000 25.537 12.682 1.76860
0.000 25.991 13.004 1.49945
0.000 27.064 14.174 1.34053
0.079 28.006 15.557 1.72321
0.000 28.644 16.990 1.91521
0.000 29.253 17.462 2.16900
0.000 29.499 18.550 2.87963
0.000 30.439 19.273 2.97610
0.000 30.681 19.514 2.49846
0.000 30.054 18.234 1.73444
0.000 31.583 18.805 1.30180
0.000 32.039 19.285 1.51614
0.000 32.380 19.472 1.31588
0.000 32.693 20.283 1.24249
0.000 33.410 21.182 1.45076
0.004 32.929 21.590 1.20861
0.004 33.032 21.775 1.40171
0.030 33.957 21.556 1.66956
0.000 34.456 22.407 1.59616
0.000 33.909 21.731 1.69146
0.039 34.191 21.225 1.68280
0.000 34.010 21.042 1.00830
0.000 34.546 21.438 0.75737
0.000 35.170 20.687 0.74987
0.000 34.908 19.751 0.74679
0.000 34.064 19.303 1.56063
0.000 33.844 19.566 1.24664
0.000 33.405 19.587 1.56560
0.019 32.863 18.377 1.60427
0.000 32.002 18.313 2.18507
0.000 32.571 18.351 2.60789
0.000 31.888 17.896 3.10976
0.000 30.503 15.567 4.24649
0.000 27.827 13.068 4.26123
0.004 27.754 13.586 3.15636
0.000 29.527 14.920 2.12607
0.024 31.384 16.960 1.74991
0.000 31.392 16.839 1.88983
0.000 32.074 16.672 1.22066
0.000 32.503 16.596 1.33629
0.000 33.208 17.291 1.16153
0.000 33.973 18.668 0.92188
0.000 34.847 18.853 0.85996
0.000 35.268 18.806 1.05854
0.000 35.499 18.110 1.16012
0.000 36.230 18.363 1.55411
0.000 34.173 19.374 1.97723
0.000 33.431 17.622 3.39437
0.000 30.702 17.385 3.93778
0.000 32.006 15.893 3.25767
0.000 33.417 16.549 2.05804
0.000 34.648 17.831 1.56806
0.000 35.018 17.438 1.38267
0.000 36.308 17.420 1.50911
0.000 36.006 17.469 2.26818
0.000 34.838 18.518 2.83791
1.430 30.570 17.740 3.93511
0.000 29.734 17.964 2.09929
0.000 34.396 20.408 1.89544
0.000 34.639 21.556 1.48354
0.000 36.683 22.947 1.17399
0.000 36.046 24.342 1.05694
0.000 35.680 23.510 1.24658
0.000 37.265 22.090 1.81274
0.000 36.026 22.902 1.58544
0.000 31.673 18.229 2.50869
0.000 24.873 18.271 1.91959
0.000 32.690 18.784 1.77607
0.000 34.855 20.208 1.67440
0.000 35.238 18.645 2.21927
0.000 35.268 17.871 2.00548
0.000 34.811 16.286 2.82763
0.000 33.100 16.969 2.57780
0.000 29.992 18.746 1.60142
0.000 35.465 18.565 2.55079
0.006 32.801 15.459 3.68083
0.000 31.963 15.717 3.10418
0.000 32.579 15.128 3.56672
0.000 32.204 15.788 2.71871
0.000 33.870 17.658 1.88014
0.276 34.557 19.389 2.17243
0.059 34.996 18.929 3.27200
0.000 33.701 17.222 3.85744
0.000 31.709 15.631 3.34562
0.000 33.034 16.668 2.32506
0.002 34.465 18.305 2.31374
0.147 31.013 21.131 1.67025
0.024 35.430 22.056 1.13564
3.567 36.382 23.870 1.41180
0.000 34.402 20.594 2.62531
0.000 34.364 17.670 4.50195
0.100 33.913 18.377 3.14795
0.000 33.238 17.502 3.25386
0.000 34.223 18.067 2.67021
0.000 34.931 15.565 3.37112
0.000 33.842 16.664 3.25892
0.620 34.235 17.823 2.56433
0.000 35.557 20.089 2.19677
0.335 35.660 21.868 1.80974
1.001 34.722 22.763 2.46074
1.021 34.576 21.947 2.10540
0.000 36.184 22.530 2.14755
0.000 38.041 22.887 2.17409
0.000 37.889 24.344 1.72576
0.000 38.284 25.518 1.08573
0.000 38.900 26.670 0.88858
0.000 38.598 25.887 1.01812
0.000 39.503 24.997 1.26752
0.000 39.619 24.507 1.52079
0.000 40.014 26.003 1.43422
0.000 39.030 26.049 1.29315
0.000 39.024 27.470 0.73126
0.160 37.015 26.364 1.66949
18.579 28.424 23.435 1.07550
0.000 36.429 24.408 0.97041
0.290 35.483 24.192 1.22759
0.020 35.670 24.930 1.26607
0.000 35.792 25.095 1.20796
0.965 37.341 25.627 1.18459
8.687 35.282 23.828 1.93143
0.000 37.134 25.121 1.63759
1.116 34.324 25.764 1.79052
5.754 35.186 25.623 1.40968
11.277 31.694 23.591 1.17119
2.385 37.624 25.076 1.21491
2.223 28.979 23.251 1.05299
0.000 33.786 23.878 0.74496
0.103 34.698 24.577 1.05698
4.990 37.543 24.317 1.68620
3.870 34.677 24.446 1.43312
0.229 34.710 24.202 1.21956
0.000 36.723 24.835 1.51189
0.000 38.425 25.362 1.83067
0.000 38.258 25.194 1.98604
0.010 38.425 25.966 1.69700
2.241 36.814 26.231 1.35784
17.134 35.690 25.415 1.15982
0.409 36.405 25.239 1.10160
0.011 37.948 25.865 0.91580
0.351 38.942 25.699 1.63277
0.000 40.295 25.339 2.19195
0.000 40.311 26.899 1.55228
0.000 36.237 26.178 1.67979
0.000 37.878 26.936 1.80244
2.780 35.943 26.578 1.06805
4.067 38.311 26.486 0.92320
0.162 38.029 25.189 2.31201
4.269 36.942 24.463 2.11372
0.301 35.162 25.162 1.82728
0.105 36.689 26.189 0.96692
0.347 33.977 25.267 1.08293
25.880 35.005 23.946 1.39179
1.328 25.085 23.602 0.97373
0.405 34.229 24.573 1.64564
1.939 34.166 23.937 1.82237
4.420 33.681 23.737 2.26219
2.229 35.333 24.120 2.53175
8.821 31.712 24.345 1.68606
4.540 33.526 24.030 1.57198
45.474 33.552 24.333 1.57186
14.285 31.526 23.527 1.70257
0.122 35.429 24.327 1.87186
1.439 35.595 24.930 2.04655
2.898 33.750 22.892 1.55616
39.883 30.550 23.291 1.34968
37.880 32.052 23.819 1.40722
20.994 27.898 22.666 1.19688
0.885 29.772 23.044 0.83133
0.130 31.727 24.006 0.89951
19.470 29.724 23.779 1.99979
12.516 31.977 24.098 2.22368
0.073 31.364 24.170 2.38235
0.253 30.170 24.068 2.36320
7.418 29.352 23.762 1.78970
10.858 28.577 23.105 1.76099
5.541 30.116 23.801 1.70871
18.726 28.263 23.309 1.50105
7.096 28.832 22.677 1.61725
1.515 30.657 23.336 1.74048
0.014 31.264 23.387 1.69985
0.019 31.397 23.714 2.04771
7.974 29.965 23.593 2.22217
2.646 30.339 23.961 1.89413
3.118 30.314 23.539 1.66391
2.756 29.937 23.266 1.65639
1.185 30.742 23.916 1.65090
12.501 30.572 23.860 1.46398
0.259 30.178 23.447 1.20000
3.212 30.981 23.207 1.39198
0.077 31.697 24.180 1.62114
1.141 30.608 23.526 1.48442
5.759 31.223 24.512 0.64644
7.900 28.770 23.982 0.56242
6.074 30.543 24.187 0.53752
0.104 30.719 23.577 0.95538
28.760 31.294 24.125 0.98275
9.741 29.105 23.470 1.94809
3.769 28.188 23.396 2.51565
3.413 29.918 23.471 2.74764
0.194 28.605 23.518 2.41339
30.800 28.454 23.229 2.07243
27.695 29.915 22.684 1.94170
7.762 28.654 22.543 1.57804
0.340 30.454 22.375 1.62704
0.906 31.326 23.009 1.36682
0.206 31.743 23.671 1.79609
1.343 30.875 24.004 1.66739
0.001 31.086 24.533 2.38120
0.000 28.227 24.293 1.87181
0.142 30.232 23.846 1.95865
12.235 30.936 23.911 1.95387
0.145 31.226 23.988 2.10654
1.766 30.509 24.355 1.91919
1.127 31.502 23.404 1.46682
3.188 31.922 23.658 1.81518
5.761 29.056 22.962 1.52001
11.152 29.128 22.532 1.82803
0.518 30.185 22.582 2.08020
0.326 31.064 23.225 1.92791
0.004 30.278 23.726 2.25837
0.878 30.868 23.947 2.31731
15.691 28.803 23.796 1.99922
12.564 29.395 23.564 2.25752
0.900 29.007 23.424 2.03991
0.514 29.909 22.962 2.05531
0.230 30.611 23.861 1.88253
0.309 30.541 23.680 1.78395
0.890 30.576 23.666 1.75707
1.036 31.325 24.068 1.88702
4.530 30.866 23.860 1.96099
2.151 30.222 23.442 2.01008
14.478 30.446 23.315 2.00077
2.374 31.406 23.896 1.81235
3.612 29.735 23.244 1.45119
1.546 30.725 22.742 1.31541
0.446 31.733 24.003 1.43292
2.125 30.441 23.149 1.76892
0.000 31.356 23.666 1.77597
0.800 31.261 22.945 1.74280
1.096 31.994 23.496 1.77165
12.236 32.004 23.714 2.06988
10.991 29.810 23.552 2.51560
0.544 29.406 23.007 2.35153
0.341 30.128 23.193 2.43065
20.706 29.837 22.691 2.70664
3.191 30.816 23.005 2.32189
15.588 30.694 22.549 1.94158
7.653 27.950 23.151 1.95481
1.746 29.828 23.549 1.99198
12.010 29.237 23.359 1.90133
15.100 30.111 23.839 1.95092
4.041 29.619 22.825 3.18329
1.233 28.063 23.033 3.37959
4.309 29.675 22.595 2.93103
1.989 31.271 23.392 2.23998
34.274 31.444 23.729 2.21756
15.334 30.360 23.176 2.00536
22.297 30.104 22.944 1.84078
4.615 29.758 22.868 1.58893
2.046 30.619 23.639 1.76425
0.000 30.918 23.347 2.12603
0.259 31.176 23.474 2.23883
0.420 31.350 23.829 1.64207
42.340 28.166 23.491 1.25573
0.346 27.731 22.383 1.38562
6.999 30.624 23.402 1.30817
0.109 29.973 23.669 1.51232
4.718 29.532 23.348 1.80788
0.844 30.412 23.353 1.03486
3.426 29.808 23.590 1.01817
13.140 31.393 24.106 0.79435
2.011 32.559 23.374 0.69843
3.309 30.700 23.848 1.04142
3.847 29.219 23.420 1.20465
6.251 30.113 23.315 1.06910
13.372 30.540 23.656 1.09532
2.101 31.031 23.454 1.10137
0.249 30.451 23.184 0.93672
2.091 29.763 24.292 0.55418
2.635 31.877 24.283 0.63988
0.622 29.713 22.933 0.80824
6.824 29.454 23.517 0.68122
1.162 29.200 23.412 1.26894
25.144 30.458 23.804 1.04440
23.190 29.230 22.732 0.84529
6.209 31.257 22.979 0.85375
50.336 30.922 23.802 1.21447
12.678 30.689 23.539 1.81088
12.615 29.209 23.073 2.23469
5.803 27.513 23.278 2.41770
51.181 29.673 23.480 2.32951
29.839 28.305 22.985 2.14922
14.893 26.333 22.836 2.54783
6.987 27.329 22.296 2.28003
3.837 27.952 22.893 2.34694
15.800 26.561 22.812 2.04249
35.709 28.447 22.848 2.00271
6.350 25.298 22.671 1.60314
1.515 28.677 23.162 1.89419
0.964 30.565 23.571 1.82112
6.198 29.964 23.842 2.58615
4.744 29.219 23.396 2.19080
7.130 28.726 23.258 1.58148
9.818 28.574 23.516 1.37940
17.030 27.215 23.161 1.60062
1.094 28.667 23.075 0.81676
16.257 30.109 23.442 1.43037
3.741 29.619 23.510 1.16840
42.831 30.365 23.703 0.52425
0.686 29.428 23.287 0.70440
0.022 30.564 23.146 0.99364
1.129 30.043 23.443 0.92482
4.161 29.647 22.829 0.75985
6.470 29.694 22.294 0.90717
7.215 30.275 22.434 0.96601
0.724 29.437 22.461 0.94162
1.734 30.587 22.883 1.48367
0.307 29.827 22.157 1.80602
0.000 29.873 21.927 1.97241
0.174 30.150 22.232 1.78887
0.000 29.646 21.302 1.87971
4.537 30.349 22.037 1.52494
0.274 30.414 22.474 2.22601
21.168 27.721 22.638 2.59392
2.710 28.860 22.985 1.59434
11.040 29.225 23.026 0.86579
0.889 30.911 23.934 1.20914
0.529 31.136 23.495 1.14405
1.911 30.591 23.588 0.81630
17.313 29.361 23.316 0.84725
2.899 29.999 22.234 1.35109
0.415 29.795 22.448 1.49864
0.388 30.025 22.643 1.25891
3.654 31.018 22.482 1.35632
2.239 30.019 22.180 1.09108
10.166 28.570 22.864 0.88551
4.761 30.275 22.881 0.81714
12.481 30.031 23.548 1.62338
6.185 29.199 23.093 1.12262
7.581 29.601 22.659 0.80640
2.801 29.760 23.526 1.10861
0.366 26.489 23.041 1.14771
9.265 29.534 22.733 0.69433
0.266 30.488 23.004 0.97893
2.115 30.801 23.541 1.08113
2.181 28.348 20.889 2.68456
0.646 27.171 18.075 2.71256
0.189 27.669 16.713 3.04584
0.000 26.363 15.134 2.31738
0.000 25.956 15.362 2.01157
0.000 26.438 15.492 2.01709
0.007 27.381 16.620 2.37759
0.000 28.801 20.807 1.69735
0.094 29.889 20.134 1.32321
5.947 29.774 20.851 2.09899
0.959 25.729 20.937 3.11271
2.129 27.780 18.218 3.66381
0.000 27.125 18.265 2.92755
0.489 28.304 18.857 2.08846
6.816 29.696 20.883 1.93886
0.000 29.807 21.477 2.47469
1.036 29.933 19.826 2.87039
2.931 28.570 19.243 2.80574
0.193 28.958 19.214 3.01366
0.000 27.203 16.209 3.64082
0.000 26.516 15.098 3.00900
0.000 26.803 14.402 3.08493
0.000 26.620 14.316 2.81487
0.000 26.841 14.323 2.49568
0.000 27.308 15.095 1.67285
0.000 28.872 16.796 1.20409
0.000 30.020 18.100 2.03709
0.000 30.233 17.843 3.36097
0.000 28.111 16.969 3.29067
0.000 28.884 16.706 2.34252
0.000 28.575 15.027 3.15422
0.613 27.657 15.004 1.83855
0.297 28.031 15.904 1.58249
0.014 29.290 16.451 1.94247
0.000 29.914 16.941 1.38470
0.000 31.005 18.034 1.77763
0.000 31.070 18.227 2.79112
0.000 29.667 17.086 2.44988
0.000 29.675 17.759 2.16568
0.000 29.544 15.782 2.58782
0.000 28.687 15.650 2.47753
0.000 28.846 15.651 1.91708
0.000 30.263 16.795 1.51954
0.000 31.382 18.288 1.52065
0.000 32.291 19.353 2.45951
0.000 31.840 17.570 2.71567
0.479 30.699 18.128 2.38756
1.110 31.619 18.899 2.60407
2.620 29.406 18.326 2.73469
0.595 27.590 18.430 2.31154
0.000 31.191 19.471 2.15489
0.459 32.713 20.873 2.32755
0.011 29.538 19.279 2.56565
0.186 29.534 17.750 3.79579
0.000 28.783 16.910 4.19634
0.037 28.677 16.385 3.36760
0.010 27.675 16.492 2.18905
0.000 31.757 17.427 1.92310
0.000 32.300 17.716 1.76034
0.000 32.727 18.965 1.98199
0.000 32.873 18.596 2.50461
0.000 31.881 15.859 3.46716
0.004 27.883 13.234 4.73388
0.000 26.343 11.018 3.57041
0.000 26.605 11.659 2.49763
0.000 28.730 12.707 2.93527
0.000 28.393 11.956 3.32824
0.000 27.498 12.724 3.09581
0.000 27.907 12.859 3.00108
0.000 29.086 13.680 1.97812
0.000 30.403 15.075 1.42836
0.000 31.551 15.686 1.25418
0.000 31.755 16.513 1.12577
0.000 33.203 16.345 1.24894
0.000 34.109 16.937 1.68066
0.030 33.405 16.920 1.23871
0.000 35.187 18.690 1.83428
0.000 33.750 17.591 3.46569
0.000 32.008 18.013 1.60600
0.000 34.056 17.728 2.00786
0.000 32.909 16.475 2.23340
0.000 34.024 17.301 1.45527
0.000 35.288 18.652 2.22530
0.004 34.652 18.141 2.00010
0.273 33.972 19.198 1.40325
0.000 34.886 19.629 1.70037
0.011 34.879 18.677 1.86089
0.000 34.601 19.435 1.42210
0.000 35.500 20.131 1.61871
0.000 35.709 19.281 2.42505
0.000 34.969 18.013 2.42262
0.000 34.664 18.968 1.84653
0.000 35.087 18.644 2.04058
0.000 35.065 18.818 2.85608
0.000 35.237 19.892 1.43204
0.312 34.534 24.157 0.72837
0.000 34.154 22.895 1.49772
0.000 36.930 21.263 1.71925
0.000 37.849 20.992 1.27783
0.003 38.098 23.018 1.20599
0.279 38.392 25.456 1.14196
0.011 36.895 24.721 1.66030
0.001 38.270 25.810 1.40985
0.000 38.320 26.238 1.32946
0.018 38.947 25.778 1.14304
0.051 38.398 25.077 1.86587
0.000 39.098 26.140 1.38945
0.000 37.846 27.037 1.32164
3.960 36.796 25.198 0.96736
0.022 36.601 24.924 0.95871
0.219 38.011 25.372 0.94842
0.579 38.543 26.874 1.20583
4.684 32.799 24.387 1.63499
0.301 34.146 24.320 1.52361
0.950 35.917 24.823 1.67135
0.000 38.019 25.448 0.84621
1.870 36.219 24.978 1.71584
0.000 37.396 24.970 2.03138
0.000 38.908 26.227 1.35733
2.358 38.985 26.787 1.32260
0.656 35.889 24.720 1.71707
0.609 38.835 26.038 1.34739
0.000 38.456 25.742 1.85355
0.411 38.720 26.012 1.57295
0.000 40.185 26.700 1.77422
19.408 37.539 18.092 2.31816
1.710 23.240 17.501 3.64638
0.000 33.054 18.240 1.79787
0.000 36.893 21.660 1.43630
3.070 36.526 24.281 1.13537
17.675 32.077 24.302 1.31138
0.000 36.381 25.065 0.94255
2.221 33.471 24.878 0.87728
1.047 36.739 24.783 1.22178
0.086 35.910 24.723 1.68233
0.662 35.909 24.637 1.36221
2.080 34.936 24.358 1.14508
0.755 31.779 23.652 0.91485
0.894 34.590 23.533 1.31105
0.000 31.910 23.789 0.73515
0.844 35.941 24.994 0.71820
22.638 33.699 24.050 1.04065
0.552 34.910 23.839 1.07594
7.928 31.761 23.166 1.56702
0.853 32.321 23.042 1.57811
0.695 33.054 23.247 1.42020
0.482 31.421 22.743 1.61547
0.171 33.640 23.961 0.99615
25.109 35.368 24.995 1.02359
2.434 35.445 24.069 1.60325
0.236 35.257 24.233 1.00539
0.000 34.270 24.863 1.08766
0.060 35.970 24.783 1.12749
0.250 32.983 24.834 1.06165
0.779 30.021 23.668 0.91254
2.778 35.306 24.505 0.94506
15.535 35.565 24.839 0.99604
16.482 32.642 24.534 1.09029
1.589 32.775 24.705 1.15838
0.000 37.361 25.168 2.57178
0.294 36.129 25.243 2.30434
2.176 38.161 25.709 2.48798
0.098 35.955 25.216 2.47812
0.000 38.797 24.993 1.78780
0.018 36.136 25.694 1.49364
0.095 37.349 25.007 2.01164
0.227 37.699 25.660 1.80955
0.250 37.826 25.661 1.76271
36.193 34.211 23.597 1.59631
24.946 30.682 23.651 1.04993
0.328 29.947 23.592 0.67827
3.016 32.195 24.177 0.96094
3.241 28.715 23.112 0.86788
19.110 30.838 24.113 0.78570
2.874 28.519 23.086 1.53117
0.000 29.217 21.776 1.76101
0.134 33.568 20.905 2.58773
0.016 33.253 21.376 1.77361
0.077 34.053 23.162 0.95649
0.099 35.769 23.515 0.95671
0.000 36.355 24.884 1.30344
0.249 33.398 24.200 1.50889
2.159 32.768 24.161 1.34058
14.966 33.139 23.570 1.06236
3.915 31.759 23.357 1.23126
17.984 31.766 23.208 1.60613
13.355 31.213 23.538 1.27655
7.736 31.228 23.848 1.21818
0.169 32.582 24.531 0.92151
0.025 30.936 23.930 1.12897
8.190 32.690 23.965 0.83678
0.644 31.576 24.134 0.93567
29.933 32.136 24.436 1.02477
14.236 30.929 24.095 1.40867
16.570 32.437 24.303 1.60759
2.604 29.629 23.175 1.61507
6.955 33.150 24.800 1.83852
0.000 32.920 24.600 1.63174
1.817 32.505 24.543 1.94165
1.960 31.029 24.335 1.88320
7.540 28.871 23.514 2.00680
8.975 32.623 24.021 1.89257
1.442 32.271 22.865 1.61018
1.966 32.504 24.120 0.88388
0.201 30.974 24.141 1.20293
12.818 32.322 24.386 2.20652
6.242 31.702 24.145 2.67858
2.730 30.457 23.170 3.34667
4.580 28.861 23.869 2.81592
2.675 30.481 23.720 2.57032
0.070 33.146 24.052 2.69187
0.014 33.381 24.186 2.61186
0.011 32.979 24.395 2.53066
18.129 31.605 24.513 2.14408
4.060 30.256 23.761 2.25387
6.530 31.281 23.678 2.06331
0.704 32.913 23.436 2.03282
0.007 33.421 24.302 2.23135
1.642 33.359 24.527 2.34207
9.946 31.291 24.540 2.21454
38.966 29.153 23.945 2.19797
0.991 30.296 23.574 2.11037
2.501 30.626 23.366 2.22082
15.376 30.134 24.142 2.04267
4.176 31.147 23.930 2.30396
23.633 30.999 24.443 2.33534
1.952 30.606 23.972 2.26125
0.325 30.077 23.197 1.59716
0.000 32.464 24.177 1.45553
0.343 31.069 23.927 1.72422
1.623 30.583 23.685 1.84219
25.839 30.390 23.648 1.62792
10.730 30.414 23.459 1.66686
0.546 29.498 23.226 1.70842
0.256 31.400 23.218 1.49377
8.713 31.343 23.296 1.25717
6.132 30.702 23.006 1.22053
6.604 30.086 23.178 1.91691
4.948 31.412 23.949 2.12124
4.579 29.333 22.865 1.94257
29.295 29.998 22.768 1.89496
0.905 30.216 22.814 0.85464
6.279 31.509 22.997 1.53432
0.193 33.121 23.435 1.66236
0.014 33.246 24.437 1.83141
7.789 33.610 25.280 1.80950
57.460 29.025 22.934 2.26417
21.854 29.762 23.347 2.30161
6.366 29.693 23.197 2.42441
46.905 30.057 23.686 2.20417
29.683 28.076 23.727 2.61762
14.045 30.126 23.895 2.68049
1.913 29.988 23.671 2.23372
0.095 31.984 24.298 2.57451
13.271 29.018 23.934 2.17043
4.560 29.534 23.820 1.87047
6.844 28.112 23.682 1.53117
0.429 28.842 23.059 2.46077
0.354 30.917 23.321 2.28141
0.061 31.092 23.616 2.48609
6.746 31.236 23.791 2.53707
1.352 31.673 24.224 2.38028
5.137 30.790 24.107 2.78510
5.397 29.800 23.712 2.49006
35.994 28.694 23.377 2.66236
27.649 28.668 22.745 2.98590
0.173 29.843 23.273 2.50187
27.130 30.038 23.686 2.45927
1.568 28.244 23.689 2.38421
4.897 31.161 23.638 2.52103
5.231 31.583 23.843 2.62829
5.170 32.439 24.302 2.74138
4.014 29.153 23.732 2.62447
16.618 28.983 23.197 2.56820
9.074 29.914 23.836 2.58518
2.901 31.058 24.057 2.22285
1.306 31.229 24.367 1.85968
14.643 30.337 23.798 1.46209
58.762 30.794 23.792 1.37526
0.703 29.880 24.352 0.70981
1.336 31.559 24.025 0.99021
3.904 29.945 24.247 0.70808
1.673 31.215 24.038 0.49786
0.024 30.877 22.886 0.69280
7.760 32.714 23.677 0.73175
0.011 31.198 23.624 1.34544
0.404 32.031 23.396 1.18471
5.300 31.927 23.659 0.98944
6.520 32.104 23.762 0.73481
12.744 31.301 24.525 0.62201
0.071 30.957 24.683 0.82449
1.520 31.331 23.994 0.91885
1.171 28.756 23.092 0.77747
2.959 32.043 24.177 1.11229
23.626 30.487 23.705 1.22316
8.081 30.909 24.084 0.65543
6.179 28.566 23.292 0.98435
5.510 28.452 23.217 1.49759
21.394 29.889 23.902 1.75770
5.617 30.117 24.208 1.75413
9.709 27.382 23.828 2.00550
39.242 28.915 23.379 1.93855
15.692 28.037 23.254 1.64036
18.595 30.079 22.782 2.07145
33.629 27.640 23.020 1.53893
10.139 29.200 23.616 1.42711
1.205 30.879 22.930 0.99453
0.000 32.181 23.469 0.76488
0.000 31.435 24.123 1.42395
4.397 30.940 24.221 1.37148
6.930 29.794 24.241 1.17134
28.843 28.156 23.553 1.79792
22.942 29.205 22.944 1.67948
0.584 31.004 23.304 0.77418
7.612 31.791 23.262 0.74957
1.758 30.995 23.814 1.01448
0.448 30.780 23.678 1.43686
9.398 30.378 23.644 1.23608
8.806 29.722 22.984 0.93855
2.752 30.323 23.384 0.80142
3.886 29.027 22.926 1.34504
4.555 27.591 23.217 1.42476
19.676 27.351 23.231 1.15910
0.424 27.802 22.969 1.26108
2.516 28.911 23.612 2.04237
82.915 27.455 21.950 3.51935
64.532 26.338 22.155 3.61329
0.000 29.399 22.481 1.80117
0.000 30.530 23.357 0.97206
1.787 29.943 23.665 0.52395
24.832 28.775 23.153 0.91903
3.550 30.740 22.229 1.30629
0.011 31.185 23.194 1.01019
0.075 31.580 22.128 0.50457
0.471 30.422 22.378 0.61035
0.256 31.313 22.945 0.74785
2.509 30.199 23.640 1.06902
0.136 30.394 23.233 1.03205
0.018 30.324 23.539 0.87902
7.829 29.462 22.704 0.63197
8.904 29.866 23.271 1.17393
1.386 29.459 22.447 1.37675
6.670 29.852 22.231 1.51483
2.146 30.108 22.411 1.50833
12.482 28.650 22.550 0.91529
0.000 29.260 23.295 0.82595
6.321 29.646 23.467 0.76245
3.939 28.544 23.266 1.03700
0.770 27.711 23.132 1.46573
0.915 28.595 22.326 1.46571
0.000 29.492 22.196 1.02615
1.468 31.240 23.323 1.18257
0.218 27.993 21.115 1.34018
0.181 30.724 19.407 1.39684
0.000 29.208 20.689 1.39162
0.000 29.851 19.989 1.48933
0.000 30.134 19.118 1.18777
0.000 29.948 20.164 1.63371
0.000 28.717 20.215 2.56485
2.306 28.428 20.467 4.75153
11.804 27.254 18.198 4.01933
0.000 28.729 18.754 2.92765
0.000 29.157 18.846 3.16501
0.000 30.067 19.537 1.99192
6.034 29.794 21.595 1.10432
0.100 31.654 22.254 0.95697
0.000 32.100 22.658 0.67392
0.000 33.147 22.812 0.70194
0.119 32.752 23.898 0.68613
0.279 32.919 23.499 0.72799
0.413 32.382 20.651 1.59514
0.000 31.751 21.246 1.01580
0.404 32.062 23.626 0.46339
3.086 29.950 20.457 1.43948
0.000 27.422 16.046 3.81497
0.000 27.395 15.898 2.91821
0.000 28.399 15.726 2.90714
0.000 28.703 15.794 3.81089
0.129 25.498 13.736 3.73683
0.000 26.735 13.805 2.88469
0.000 28.358 14.681 1.95225
0.000 29.698 15.965 1.62865
0.000 30.426 16.251 1.51303
0.000 31.518 17.938 1.08629
0.000 32.162 19.506 1.56086
0.000 32.451 20.225 1.75488
0.000 31.791 19.595 2.24990
0.000 31.636 17.629 2.32976
0.000 30.991 18.036 1.92972
0.000 31.024 18.001 1.77556
0.895 30.812 16.361 2.51182
0.000 29.835 16.583 1.73629
0.628 30.191 16.334 1.72162
0.000 31.066 17.546 0.95641
0.000 31.631 18.177 1.00812
0.000 32.386 18.060 1.21271
0.000 32.662 17.766 1.15073
0.000 33.071 18.978 1.08440
0.000 33.117 18.540 1.23452
0.000 33.354 19.867 1.50688
0.000 34.258 21.401 1.19859
0.000 34.723 22.450 1.02665
0.000 34.953 21.403 1.09364
0.000 34.844 20.722 1.48126
0.000 33.023 18.859 2.27949
0.000 32.249 19.432 2.65280
0.000 30.031 18.769 2.99538
0.000 30.564 16.303 2.89954
0.000 30.351 16.198 2.65908
0.000 31.227 16.878 1.54103
0.000 33.072 18.614 1.00795
0.000 34.134 19.301 1.02343
0.000 34.913 19.278 0.94777
0.000 34.992 20.544 0.82571
0.000 35.869 22.905 0.86306
0.000 27.532 22.076 1.18008
0.000 34.185 21.753 0.97474
0.000 34.727 22.559 0.67391
0.000 35.357 22.556 0.93838
0.000 35.733 21.002 1.15515
0.000 36.052 22.412 1.19588
0.000 36.253 22.274 1.25255
0.000 35.948 22.878 1.49209
0.000 35.365 23.895 0.92400
0.000 36.464 23.917 1.34093
0.053 35.903 23.231 1.81138
2.896 31.936 19.496 1.70859
0.000 33.043 19.419 1.14213
0.000 35.031 20.106 1.12434
0.000 35.634 18.915 1.07246
0.000 34.213 17.731 3.06872
0.000 31.855 16.694 2.83018
0.691 31.883 17.261 2.08632
0.000 31.532 18.515 1.97784
0.011 32.127 18.322 3.23896
0.000 31.449 17.059 3.05296
0.000 30.261 17.399 2.01334
12.145 31.294 18.077 1.78989
10.597 32.411 20.846 2.44363
0.000 33.401 22.065 1.94823
0.000 34.380 22.512 1.52482
0.175 34.174 22.104 1.73551
0.000 29.575 21.197 1.08081
0.000 34.887 20.514 2.54802
0.000 34.797 20.421 2.10006
0.000 35.264 21.253 1.20804
0.000 36.469 22.341 1.24434
0.000 36.130 23.398 1.01145
0.000 36.573 23.828 0.96552
0.000 37.360 24.979 0.62206
0.000 36.515 23.653 0.86125
0.000 37.912 24.753 0.66974
0.000 36.965 25.792 0.91761
0.000 36.692 24.367 1.04856
1.856 37.731 24.476 1.39184
0.000 36.376 25.153 1.32557
0.000 36.747 25.616 0.98138
0.000 37.170 24.005 1.60894
0.000 38.115 23.917 1.32231
0.000 38.654 24.696 1.54588
0.000 39.604 24.891 0.56760
0.000 39.012 25.296 1.07752
0.000 37.737 24.915 1.29672
0.000 37.461 25.173 1.19653
0.000 37.868 24.889 0.75288
0.000 38.170 21.928 1.59899
0.000 37.265 19.800 2.68737
0.000 36.602 19.669 2.96078
0.000 35.665 20.229 2.72143
0.000 35.872 21.011 1.08736
0.991 34.191 23.475 1.23451
0.215 35.727 24.539 1.05008
2.639 36.738 24.178 1.62480
0.000 37.317 23.808 2.84806
0.074 38.281 24.669 2.45653
0.000 38.602 24.456 1.68446
0.000 39.241 25.979 1.90186
0.000 34.894 24.341 1.58424
0.000 38.324 25.057 2.01811
0.000 39.534 25.405 2.19190
0.000 40.798 23.032 2.40341
0.000 40.467 23.136 2.29085
0.000 40.764 23.996 2.46800
0.000 40.392 24.295 2.17640
0.000 40.719 24.389 1.62951
0.000 40.204 25.764 1.41472
0.427 36.935 18.551 5.25001
0.000 32.917 16.912 4.60215
0.000 35.236 17.834 1.83400
0.000 38.435 22.941 1.10610
0.000 39.050 23.975 1.83448
0.000 40.078 25.311 2.04021
0.000 40.915 26.875 1.09461
0.000 40.005 25.165 3.21864
0.254 37.053 24.611 2.88389
0.000 38.079 22.406 2.83851
0.000 38.507 24.041 0.90736
0.000 39.509 27.014 0.96845
0.000 37.463 26.498 1.28973
0.000 36.309 24.750 1.44940
0.000 36.964 25.198 1.69101
0.000 37.964 26.739 1.32852
0.917 38.740 20.634 4.65741
0.474 24.699 19.481 2.17737
0.000 31.793 20.888 2.04090
0.000 36.874 22.801 2.43406
0.000 37.440 25.457 1.28895
2.240 36.973 25.793 1.45837
1.315 35.735 25.533 1.47308
2.710 37.736 26.361 1.25806
0.000 37.768 27.266 1.19760
4.595 37.717 26.891 1.12266
2.749 37.148 26.712 1.15630
0.000 38.750 27.164 1.62830
0.000 40.207 27.252 1.96396
8.009 40.804 28.914 1.23344
0.120 36.564 27.597 1.80840
14.749 33.608 26.215 1.23292
0.000 36.859 25.071 2.22132
0.000 39.753 25.591 2.36808
0.000 40.247 25.936 2.29635
0.000 40.934 27.199 1.55292
0.000 40.459 27.918 1.79189
7.871 36.622 25.516 1.38732
3.205 28.537 23.218 1.68989
0.564 31.113 23.886 1.16129
0.057 35.646 25.146 0.97175
0.000 35.929 26.357 1.54722
0.000 36.316 25.117 2.05915
0.000 37.378 25.786 1.55547
0.000 38.709 26.591 1.25610
17.403 37.754 24.477 2.43839
0.021 34.594 25.342 0.92481
0.460 38.147 26.695 0.76612
8.457 34.827 25.972 1.19220
0.746 33.468 25.396 0.56764
14.487 32.749 25.242 1.00907
2.720 36.214 25.842 0.80044
1.948 37.342 26.410 1.00532
18.782 34.604 24.317 1.67142
0.271 37.437 25.930 0.87325
0.737 37.904 25.762 1.76012
4.286 35.480 26.216 1.73299
0.000 36.799 26.579 1.87989
0.000 37.017 27.318 1.78496
5.739 38.718 27.517 1.56466
4.857 37.046 26.205 1.36575
2.479 35.277 26.576 1.38010
25.090 33.722 24.917 1.29087
0.000 36.407 26.268 1.00325
4.406 33.209 25.797 1.13830
0.358 33.733 25.627 1.36829
0.000 36.376 26.215 1.37966
3.978 31.766 25.264 1.37199
0.330 34.463 25.428 1.15823
1.355 35.785 26.379 1.04712
38.061 31.489 25.927 1.28496
2.560 33.698 24.988 1.26140
2.004 36.021 25.243 1.61920
3.002 34.702 25.421 1.77136
0.222 33.731 25.104 2.47337
5.939 32.266 25.261 1.83762
1.344 32.428 25.433 1.75900
0.273 30.669 24.849 1.99195
0.125 31.337 24.486 2.60760
2.269 32.514 24.476 2.53399
0.403 33.673 24.356 2.32761
0.100 34.104 24.803 2.08896
0.623 33.847 24.167 2.11421
0.074 34.430 25.563 2.13259
0.098 33.139 25.432 1.92697
0.434 33.021 24.840 2.03884
23.661 31.900 24.362 1.24480
10.252 33.295 25.324 0.96585
15.531 30.166 24.271 1.26436
6.735 32.992 23.730 1.87452
21.527 33.439 24.375 1.60048
2.849 31.695 24.792 1.60268
0.408 31.733 24.270 1.44823
0.660 33.105 24.152 1.44673
0.529 32.954 24.559 0.96675
0.429 32.257 25.014 1.13778
1.046 31.525 24.781 1.28598
0.000 32.488 24.996 1.45212
0.035 31.248 24.767 1.23513
2.500 31.286 25.105 1.37028
0.008 33.339 24.657 2.02392
1.024 31.981 24.927 1.50371
1.695 30.717 24.483 1.56822
3.062 32.415 24.964 1.48684
11.050 30.786 24.028 1.82819
2.591 32.349 24.352 2.45615
11.546 30.721 24.331 2.09902
0.471 32.020 24.354 1.94257
0.000 32.762 24.892 1.87863
7.420 30.961 24.606 1.83839
19.152 31.502 24.407 2.03739
0.047 32.208 24.292 1.89487
1.951 33.255 23.892 1.82332
0.349 34.197 24.897 1.61753
44.284 30.498 24.569 1.17616
4.615 30.578 23.323 1.48912
0.221 32.298 23.309 1.45040
4.159 32.841 23.969 1.27049
0.000 31.368 23.532 1.19787
2.144 32.382 23.619 1.32931
1.531 34.261 24.052 1.40360
0.039 33.721 24.446 1.44637
0.151 33.437 24.342 1.87157
0.000 33.098 24.109 1.61270
0.090 32.947 24.009 1.64116
9.297 33.391 24.477 1.74718
1.410 31.120 24.038 1.24385
1.006 33.840 24.464 0.94723
3.514 30.525 24.048 1.20112
11.851 31.768 24.303 1.51219
3.059 28.903 23.480 2.10812
1.172 30.463 22.747 1.47774
3.692 33.662 23.542 1.33789
12.573 34.937 25.049 1.08131
1.508 32.583 24.233 1.57625
22.054 31.776 24.463 1.91902
11.664 29.321 23.516 2.11672
0.021 31.771 23.734 1.92363
15.006 30.960 23.626 1.48374
43.348 29.223 24.016 1.62538
5.716 29.798 24.263 1.31028
13.510 30.607 23.933 2.08304
0.559 30.458 24.343 1.67133
3.714 30.592 23.935 1.84946
17.008 30.377 24.551 1.42684
18.027 27.655 23.305 1.44068
4.817 29.112 23.187 1.26940
1.912 28.552 23.680 1.78667
4.145 28.447 23.172 1.34420
5.144 29.873 23.257 1.76620
5.964 29.808 23.597 2.01015
2.565 29.120 23.310 1.91657
2.680 28.552 23.829 1.49238
0.366 29.071 23.475 2.02390
2.469 29.474 23.426 1.79444
3.411 29.471 23.931 1.16166
4.261 28.989 23.473 1.34982
0.705 29.548 23.471 1.14353
3.971 29.427 23.236 1.09290
0.233 30.604 23.605 0.79159
5.912 30.086 23.875 0.86675
18.930 30.216 23.996 0.46899
10.021 29.444 23.854 0.86494
43.964 30.906 23.479 1.01792
11.659 30.180 23.316 1.07672
2.621 30.318 23.644 0.90684
15.288 28.211 23.638 0.89187
7.341 27.310 22.975 1.34339
4.759 27.054 22.336 2.02354
0.379 30.295 22.831 1.97376
1.060 31.109 23.826 1.50917
22.668 27.688 23.779 1.89095
12.266 28.035 23.129 1.97603
1.129 28.027 22.785 1.97324
12.030 30.022 23.511 1.89565
1.851 29.503 24.049 1.77971
8.391 28.466 23.021 1.07946
3.320 30.691 23.818 1.02985
17.149 27.924 23.595 1.19884
2.235 27.655 23.165 2.30347
10.287 30.376 24.197 1.54795
2.560 29.475 23.851 0.98105
0.910 30.662 24.120 1.33951
4.235 31.055 23.842 1.28569
7.429 29.050 23.266 0.91804
14.890 29.085 23.354 1.17435
0.721 28.298 23.025 0.97388
9.819 29.625 22.882 1.07374
33.370 28.610 22.526 0.72891
11.777 28.790 22.981 0.97903
11.901 28.962 22.661 0.58748
8.235 29.443 23.083 0.74934
14.964 27.178 23.044 1.01445
3.585 29.110 23.698 1.14851
0.012 29.328 23.364 1.21173
8.748 30.447 23.626 1.03464
1.908 28.939 23.406 1.12014
11.272 29.849 23.342 0.91135
0.000 30.738 23.543 0.88012
5.496 31.226 23.994 0.63781
0.319 28.897 22.495 0.85029
9.731 29.614 23.963 0.92827
15.620 28.423 23.299 0.95955
9.550 27.535 23.146 0.76598
0.587 30.497 23.981 1.48901
10.590 29.875 23.183 1.39159
7.211 29.188 23.679 1.92290
17.048 30.104 23.607 1.68410
32.850 30.257 22.726 1.73558
4.005 25.900 20.844 1.90507
3.897 26.699 19.666 1.58357
0.000 29.275 20.730 1.07497
0.234 30.801 23.182 0.75856
0.055 31.352 23.297 0.91370
1.096 30.874 23.739 1.14795
20.895 28.513 24.020 1.02093
38.649 27.572 23.844 0.83504
2.531 29.025 23.084 1.74020
5.545 30.113 23.521 0.96718
17.097 28.859 23.572 1.37303
26.926 27.304 22.961 2.14270
0.930 26.916 22.878 1.65537
10.041 28.728 22.448 1.47416
0.865 28.622 22.763 1.06707
1.005 26.981 22.206 1.32613
0.509 28.689 19.833 1.68346
0.000 28.441 20.027 1.50897
0.000 29.059 20.532 1.15659
0.005 30.555 21.646 0.86431
0.084 31.463 22.784 0.54902
0.000 31.242 21.639 1.25707
1.399 29.511 21.339 2.00735
0.020 29.056 20.032 3.46774
0.000 25.927 17.565 3.12705
0.085 25.532 16.512 4.07018
0.246 24.882 15.370 4.00464
0.075 25.223 15.710 3.47257
0.006 27.120 16.327 3.30418
0.644 28.042 18.317 3.78098
0.000 26.015 16.684 3.41437
0.000 25.979 16.953 3.06065
0.101 25.262 17.396 2.73462
0.031 25.879 18.312 2.52938
0.106 26.515 19.570 2.38792
0.144 26.992 18.820 2.85862
1.599 27.409 18.523 3.16600
0.023 27.482 18.663 2.42359
1.217 27.356 18.978 2.31632
0.011 26.784 18.590 2.25162
0.000 28.720 19.230 2.19729
1.881 29.846 20.484 2.56825
0.589 28.927 21.934 2.13107
0.000 28.565 20.535 2.71671
0.043 28.998 20.871 2.28128
0.141 29.982 20.927 2.33666
0.000 29.418 18.829 2.58263
0.000 29.383 18.947 1.22534
0.000 30.967 20.064 0.93983
0.000 31.187 21.234 1.55729
0.000 30.711 20.473 1.20128
0.000 30.759 19.764 1.47096
0.000 30.515 18.974 2.23942
0.000 29.426 18.983 2.00301
0.000 29.774 19.726 1.87632
0.000 31.317 20.552 2.23888
0.000 31.078 21.234 2.28662
0.000 29.137 20.610 2.29217
0.000 31.076 19.793 2.57815
0.000 30.516 18.730 3.00130
0.000 30.425 18.797 3.06126
0.003 30.982 19.230 2.30612
0.045 31.649 20.131 1.83029
1.203 32.429 21.670 2.41075
0.011 31.769 18.193 3.33240
0.000 30.381 16.700 2.91512
0.000 30.238 17.261 1.23069
0.000 32.194 19.302 0.95666
0.000 32.974 20.423 0.69778
0.000 33.343 21.837 0.91765
0.000 34.579 22.955 0.53653
0.371 32.683 23.472 0.88600
0.000 33.126 22.943 0.87620
0.000 28.222 14.610 4.99794
1.574 20.874 14.321 2.74627
0.016 28.815 14.923 1.47785
0.000 32.058 17.718 1.75859
0.000 33.769 18.949 1.28905
0.000 34.056 20.469 1.72089
0.030 34.001 21.327 1.40811
0.000 32.670 21.139 0.92102
0.000 33.627 20.946 1.45217
0.000 33.610 16.857 2.86595
0.000 30.089 15.096 3.92328
0.000 30.214 15.667 2.41236
0.000 31.455 16.364 2.07334
0.000 32.237 17.245 1.77970
0.000 32.429 16.147 2.96650
0.000 31.606 15.313 2.48283
0.000 31.912 16.343 1.70156
0.000 33.224 18.481 1.47322
0.000 33.391 18.843 2.10512
0.000 33.737 18.811 2.82711
0.000 33.518 19.381 2.39492
0.000 33.537 16.970 4.10870
0.000 31.178 15.966 3.94339
0.000 31.113 16.390 2.50740
0.000 32.059 15.938 3.57402
0.000 30.925 15.838 2.76454
0.082 31.565 15.996 2.89541
0.049 29.703 14.791 2.79156
0.000 31.445 15.386 2.03028
0.000 31.263 16.575 2.38162
0.000 31.268 14.837 4.47067
0.000 28.074 14.126 3.13203
0.000 29.341 14.902 2.09818
0.000 31.224 15.985 1.72153
0.000 32.443 17.225 1.82207
0.000 33.719 17.151 2.34692
0.000 33.349 17.843 2.91806
0.000 32.331 18.608 2.14901
0.000 33.526 18.957 2.94136
0.000 33.451 16.962 3.64282
0.000 33.146 17.474 3.25332
0.000 33.679 18.433 3.25681
0.000 34.296 18.940 3.23155
0.000 35.148 16.829 4.25926
0.000 31.868 15.005 4.54796
0.000 31.349 15.322 4.04292
0.000 32.083 15.995 3.53052
0.000 33.253 16.211 3.48878
0.000 32.181 16.664 2.94680
0.000 33.463 17.646 2.34777
0.000 34.126 17.660 2.18374
0.000 34.058 17.778 2.21916
0.000 34.638 19.474 1.61270
0.000 35.626 21.202 1.22872
0.000 35.430 21.383 1.66602
0.000 36.850 23.017 1.30072
0.000 36.188 24.471 0.65291
0.000 33.223 23.314 1.25859
0.000 35.283 23.703 1.48786
9.162 32.449 21.119 1.95161
0.024 26.340 18.596 2.76878
0.000 34.395 19.442 1.39204
0.000 36.062 23.126 1.09239
0.000 37.221 24.467 0.94859
13.364 36.424 24.651 1.13009
0.000 36.808 25.244 1.20074
0.130 35.169 25.099 1.29808
0.064 35.966 24.293 1.60260
0.116 36.870 24.751 1.42760
0.000 36.944 24.758 1.25731
0.000 32.561 23.167 1.01994
0.084 35.102 24.385 1.04401
0.000 32.849 22.560 1.85255
0.000 36.365 21.355 1.40058
0.879 36.703 20.547 1.47550
0.000 37.589 22.636 1.59852
0.000 36.303 23.251 1.60410
0.000 33.926 22.575 2.21902
0.000 36.168 22.675 2.02480
0.000 37.003 23.337 1.31568
0.000 39.040 25.045 0.99714
0.349 38.137 24.446 1.67896
0.004 30.886 22.388 2.52809
0.000 36.566 22.745 2.75485
0.000 36.959 22.091 3.24357
0.000 37.339 23.031 2.42488
0.044 37.835 24.455 1.69989
0.044 36.635 24.213 1.01348
0.000 39.195 25.624 1.04548
15.614 36.757 19.749 3.63313
0.000 30.647 16.388 5.16846
0.485 32.917 17.144 3.72926
0.465 31.398 17.578 1.82059
0.000 35.897 21.343 1.28743
0.000 37.046 25.370 1.06941
0.150 37.481 25.709 1.36114
3.359 34.596 20.464 2.36428
0.174 32.325 19.508 3.50141
0.000 33.456 20.120 3.73419
0.762 33.832 18.647 4.43254
0.002 32.302 18.857 4.09677
0.115 30.357 17.023 5.01439
0.590 29.773 15.864 5.02714
0.409 30.082 16.620 4.82402
0.011 30.041 17.009 3.74214
0.000 34.585 18.310 2.42903
0.000 36.609 23.119 1.97106
0.039 37.600 25.409 1.30965
0.000 36.862 25.592 1.03274
1.212 34.698 24.886 1.11769
3.185 33.415 23.237 1.85558
0.000 35.618 24.816 0.73459
0.862 33.929 24.472 0.88702
0.059 34.796 24.631 1.35330
0.000 35.501 23.037 1.72073
0.000 36.113 22.540 1.38930
0.000 38.113 23.078 1.92134
0.000 36.535 25.090 1.23504
0.460 35.827 24.836 1.29240
0.000 37.112 25.520 1.25596
4.679 37.440 26.098 1.47869
0.026 38.682 26.184 1.83800
25.236 36.874 25.473 1.78022
38.276 32.210 22.919 1.52832
0.790 28.967 22.118 1.84502
0.665 34.744 23.941 1.09487
0.270 33.695 24.537 1.80226
2.784 33.072 24.990 0.99290
14.597 32.393 22.507 1.89727
0.107 32.969 23.326 1.34771
0.238 35.239 24.718 1.31883
5.761 34.811 25.439 1.48648
1.847 32.831 25.015 1.13053
26.696 32.871 24.943 0.75854
3.959 29.891 24.631 1.07135
3.541 33.670 24.663 0.87481
5.800 33.406 24.407 0.86659
2.644 35.697 25.698 0.98558
1.739 31.891 25.219 0.69419
8.818 34.944 25.434 0.74244
5.586 34.061 25.104 0.79335
12.380 33.167 25.114 1.56555
2.724 35.379 24.552 2.07751
1.812 35.870 24.764 2.67879
1.289 35.187 24.757 3.24370
0.049 35.743 25.233 2.94973
0.059 32.535 24.660 2.32436
1.121 34.463 24.513 1.67291
4.984 31.474 24.011 0.89126
9.505 33.181 23.468 1.24393
6.813 35.279 24.294 1.24327
12.341 33.240 24.319 0.99264
21.110 33.598 24.418 0.81541
4.766 31.743 23.957 1.22095
0.313 32.345 23.962 1.71543
0.272 33.964 24.051 2.04555
0.385 33.871 23.757 2.21442
0.174 33.473 24.790 1.75178
4.346 31.817 24.544 1.50398
63.965 31.317 24.753 1.23328
41.936 29.823 22.796 1.02653
7.990 30.586 23.170 1.03866
2.064 31.425 23.357 0.96992
1.898 32.259 24.054 0.75470
3.219 32.076 24.122 1.08832
14.260 29.657 23.875 1.32029
0.132 32.343 23.827 1.40007
0.706 30.581 24.209 1.32618
4.228 29.758 24.282 0.80641
6.171 29.699 24.404 1.14326
12.249 30.109 24.599 1.02599
9.118 29.405 24.241 0.88502
8.931 29.663 23.421 1.32862
4.467 30.287 24.225 1.32152
21.369 30.580 23.902 1.80726
17.329 30.501 23.980 1.89701
10.009 29.229 23.491 2.14371
18.589 30.399 23.729 2.01847
0.791 29.958 23.607 1.79331
8.799 28.488 23.248 1.94387
0.760 29.061 23.310 2.16323
0.713 30.327 23.661 2.31331
0.028 31.036 24.008 2.41852
11.891 28.952 23.602 2.09478
12.012 28.335 23.661 2.04634
6.991 29.758 23.508 2.37913
8.540 29.080 23.077 2.29323
5.696 30.247 23.534 2.03022
2.241 26.823 22.346 2.21834
3.034 29.745 24.093 2.57733
1.330 28.996 24.311 3.40115
1.686 30.376 23.601 2.96034
2.414 31.034 24.025 2.35514
1.877 30.049 23.395 2.19519
1.706 30.524 24.215 1.91469
19.888 28.415 23.904 1.85337
13.257 27.860 22.046 2.45946
4.129 27.597 22.266 1.73191
0.000 29.692 22.768 1.94850
3.461 30.242 22.420 1.56347
0.254 31.024 23.646 1.08789
0.000 30.377 22.993 1.43988
0.000 31.468 23.570 2.00725
0.000 31.112 24.228 2.19564
0.010 31.847 24.470 2.17187
0.051 30.294 24.526 1.86866
1.885 28.780 23.494 1.83283
0.639 29.872 23.625 1.43408
10.624 29.573 23.518 1.64516
26.569 29.242 23.275 1.67809
25.002 29.009 23.248 1.95035
23.591 28.702 23.055 2.20258
0.146 29.402 23.475 2.14518
0.204 29.738 23.258 2.22289
0.935 28.815 23.650 2.25241
9.090 28.234 23.599 2.27074
21.465 28.971 23.675 2.24358
3.453 28.568 22.459 2.29382
0.000 25.989 23.133 1.84154
0.253 28.438 23.150 1.52752
26.488 29.193 23.011 1.52557
6.425 30.139 23.698 1.40642
6.918 28.194 23.724 2.03430
2.174 27.608 23.620 1.85952
0.280 28.019 23.269 1.57553
8.415 29.284 23.504 2.78266
9.981 26.772 23.442 3.45436
15.451 27.211 22.948 2.62561
23.931 28.774 23.362 2.06314
7.302 28.543 22.478 2.20416
11.564 29.676 23.808 1.90653
0.041 29.295 23.172 2.00457
0.705 30.691 24.510 1.97960
30.813 27.722 23.914 2.14763
5.741 28.674 23.290 2.23434
22.076 29.627 23.224 2.14025
3.730 28.971 23.555 2.39928
1.471 26.893 23.582 2.34092
0.585 28.230 22.886 2.15481
0.000 29.636 23.242 1.59992
3.185 29.771 23.821 0.86156
53.620 29.859 23.612 0.64750
4.566 28.710 22.852 1.45508
2.258 28.004 23.169 1.71197
12.310 28.205 23.094 1.64439
39.722 29.453 23.395 1.96287
10.246 27.173 22.211 1.66324
8.967 29.229 22.783 1.13347
2.396 29.589 23.442 1.03363
0.140 28.868 23.141 1.20683
0.001 30.353 23.824 1.35387
9.156 30.644 24.187 1.16464
0.981 28.273 22.848 0.80897
15.489 29.501 23.421 0.76138
29.955 28.807 22.764 1.56186
0.749 30.244 23.566 0.88369
10.530 27.754 23.687 1.74745
1.865 28.474 23.781 2.06865
15.508 28.278 23.688 2.38909
8.926 27.445 23.071 1.98088
9.209 29.376 23.536 2.07080
6.610 29.047 23.777 1.84868
0.819 28.950 23.576 1.51710
11.113 27.429 23.168 1.46095
18.819 28.346 23.264 1.56303
7.160 28.938 23.389 2.10030
50.552 27.847 23.488 1.98731
8.404 27.776 23.303 1.32943
16.034 27.565 23.280 1.19707
26.758 29.306 23.514 2.12878
8.745 28.838 23.330 2.25145
1.969 28.105 23.826 1.52087
7.159 27.226 23.200 1.36949
10.651 27.845 23.785 1.77044
2.379 28.351 23.934 1.72344
2.209 27.940 23.725 2.02797
0.199 29.030 24.094 1.29303
30.558 28.195 23.801 1.38861
32.467 26.823 23.214 1.48128
22.726 27.400 22.862 1.83076
25.457 26.152 22.548 2.10718
3.854 27.880 23.048 0.90984
1.371 26.938 21.841 0.91037
1.916 26.828 22.429 1.03383
9.136 28.383 22.219 1.28030
12.014 26.456 22.593 2.03388
1.660 28.348 23.185 1.64156
3.293 27.840 23.739 1.94041
0.769 28.757 23.586 2.19688
5.891 27.978 23.403 1.16095
27.786 28.606 23.439 1.11568
11.859 26.490 20.991 1.17237
3.113 25.814 19.485 1.94071
1.146 24.788 18.576 1.53137
0.315 26.218 19.647 0.99298
0.280 29.272 22.213 0.83445
6.029 29.140 22.741 0.83037
19.565 29.699 23.378 1.46994
9.515 28.000 22.335 1.18596
0.467 30.023 23.006 0.98464
9.531 30.221 23.501 0.87011
41.532 26.723 22.716 1.59977
18.568 28.767 22.749 1.42556
36.177 27.450 23.282 1.11695
37.810 27.263 23.121 1.23910
13.104 27.055 21.650 1.57651
0.190 28.986 20.985 2.21066
0.029 29.126 21.570 1.90376
3.282 29.022 21.416 1.45975
1.100 30.123 21.665 1.08102
0.206 30.089 20.977 1.20778
0.000 29.893 20.894 1.29413
4.844 30.698 22.334 1.47564
0.365 29.899 21.179 1.76117
0.000 29.777 21.516 1.86171
12.356 29.820 22.368 2.06575
3.127 29.805 21.805 1.71884
0.520 28.471 20.103 1.95349
0.000 28.912 21.148 2.10533
0.074 28.494 20.666 1.75919
0.048 29.539 21.065 2.13267
0.000 28.982 19.221 2.24491
0.000 28.835 19.923 1.93336
0.000 29.577 21.240 1.95725
0.000 29.791 22.366 2.07294
1.961 28.949 22.829 1.99362
6.628 28.103 22.040 1.46533
0.029 28.763 21.291 1.42532
0.030 27.401 18.178 2.40701
0.083 27.169 17.280 1.91241
0.000 26.828 17.213 1.58368
0.000 28.136 18.663 1.31131
0.000 28.711 19.762 1.71131
0.111 29.047 19.423 1.88763
0.000 28.721 20.318 2.01115
0.003 28.929 20.458 2.01050
0.000 29.032 19.372 1.73306
0.000 29.253 20.398 1.33188
0.410 29.834 18.511 1.95611
0.000 28.096 19.718 2.02909
0.021 29.620 20.628 2.48644
0.003 29.587 20.882 2.45592
0.084 28.852 18.911 3.48716
0.005 27.238 18.400 2.77618
0.000 28.252 19.000 2.40553
0.000 29.437 20.402 1.79197
0.000 29.643 20.312 1.49144
0.000 30.210 20.032 1.05593
0.000 30.465 19.407 1.11404
0.000 30.743 19.137 1.53080
0.000 30.009 16.556 2.44107
0.000 26.902 14.721 2.93503
0.305 27.300 15.501 2.17349
0.460 28.358 16.747 1.80734
0.000 29.222 17.737 1.87415
0.593 27.482 19.905 2.04376
0.824 30.698 21.358 1.95712
0.080 30.684 18.070 3.50143
0.000 27.447 15.463 3.75478
0.000 26.862 13.298 4.56576
0.000 25.531 12.050 3.64001
0.011 26.517 12.661 3.10449
0.000 26.739 13.843 2.56888
0.000 28.646 16.692 2.39715
0.000 30.298 18.039 3.39000
0.000 27.896 17.088 3.90126
0.000 29.142 16.003 3.54841
0.000 29.566 15.909 3.41188
0.019 30.060 15.872 2.95134
0.000 29.528 16.433 2.56127
0.000 29.313 18.275 2.61451
0.000 32.384 18.645 3.11203
0.094 31.210 18.801 3.65947
0.000 25.831 15.084 4.76376
0.000 27.323 14.184 3.94035
0.000 28.075 14.411 2.65059
0.000 31.102 15.158 2.20830
0.000 32.457 18.341 2.18788
0.000 32.656 18.527 2.26536
0.000 32.396 18.072 2.69616
0.000 32.416 18.614 2.79493
0.000 32.979 19.337 2.42832
0.172 32.653 20.355 1.39476
0.015 33.458 21.432 1.29350
0.146 31.297 17.532 2.56772
0.000 31.921 17.845 1.92808
0.000 33.171 17.886 2.31781
0.000 32.436 17.552 2.88415
0.000 30.823 17.134 2.89139
0.002 30.554 17.377 2.73062
0.000 31.213 17.684 3.04097
1.109 31.720 18.160 3.22134
1.527 29.986 18.527 2.90295
0.000 32.132 19.045 2.33365
1.549 33.792 21.338 0.78341
2.773 32.961 22.402 1.00009
0.017 32.390 21.823 1.04002
0.000 33.582 22.666 1.00588
0.000 34.230 23.618 1.11735
0.089 29.211 22.365 1.18228
0.511 29.678 22.154 0.89521
12.066 32.686 22.520 1.02650
0.000 30.200 18.167 1.76506
0.000 29.926 18.148 2.00052
0.000 33.391 18.497 1.86476
0.000 32.904 17.384 2.71811
0.025 31.268 17.910 1.34696
0.000 33.926 19.604 1.37534
0.000 34.778 21.783 1.42181
0.694 33.504 21.374 2.15591
0.270 31.523 19.779 2.71779
0.679 28.924 18.876 2.34983
0.580 33.819 19.579 1.76799
0.721 33.931 22.220 1.26037
0.015 33.982 21.853 1.62339
0.000 34.889 21.973 1.28090
0.000 35.553 23.169 0.97174
0.000 36.759 22.294 1.07320
0.000 38.176 20.262 1.72659
0.000 36.595 21.006 2.19894
0.000 36.380 21.650 1.31895
0.000 36.382 21.655 1.85784
0.000 35.841 20.225 2.18766
0.000 35.582 20.082 1.58862
0.000 35.834 20.865 1.67959
0.000 36.918 20.586 1.72942
0.000 37.637 21.780 1.71318
0.000 38.467 22.120 3.17518
2.021 32.104 19.230 3.16700
1.185 27.529 18.043 3.24016
0.000 33.404 16.428 3.90704
0.000 34.650 17.270 2.21980
0.000 36.170 18.977 1.53384
0.000 38.634 22.732 1.19783
0.000 37.745 24.991 1.73960
0.000 38.649 25.952 1.01651
0.455 39.699 27.346 1.01486
0.678 35.122 26.126 1.30627
0.000 31.268 23.239 1.32047
0.000 33.991 23.738 0.76942
0.000 35.954 24.937 0.74784
0.000 36.680 25.725 0.89804
0.000 35.806 24.475 1.97957
0.000 35.429 24.451 1.67717
0.000 37.203 23.893 1.69181
0.000 38.665 25.374 1.88984
0.000 37.703 26.057 1.54369
1.378 37.373 26.032 1.28193
2.380 35.805 25.339 1.50446
0.933 31.812 24.100 1.48950
0.000 36.391 20.748 2.48761
0.000 36.409 21.406 2.89217
0.000 35.533 21.434 2.43924
0.000 37.826 22.414 2.05730
0.084 38.376 24.244 1.23814
0.017 36.487 25.872 1.01705
18.368 37.453 26.483 1.04359
1.039 34.819 24.897 1.14491
0.154 35.091 25.026 1.28802
1.194 35.606 24.650 0.83442
0.082 37.507 25.655 1.03113
0.249 38.331 26.489 1.09961
0.011 36.863 26.584 1.25170
0.037 37.466 23.076 1.88173
0.281 33.907 20.133 2.58230
0.000 36.565 20.618 2.51776
0.000 37.233 22.673 2.97879
0.001 36.728 23.711 2.28065
0.000 37.460 24.359 1.53980
0.000 38.959 25.706 1.51602
0.067 38.302 25.251 1.83591
3.941 34.793 20.764 4.11723
0.516 34.823 21.616 2.67650
0.061 37.632 24.214 1.08576
0.116 35.395 24.525 1.30526
0.187 32.282 24.061 1.83575
11.606 31.947 24.293 0.88946
2.680 35.589 25.380 0.76106
1.324 31.354 22.710 1.39072
0.564 33.566 23.183 1.32229
1.084 36.833 25.307 0.75370
8.366 33.636 24.669 1.00952
1.901 36.276 25.121 1.26543
0.000 35.330 25.623 1.76091
7.184 31.366 24.937 1.27037
8.137 32.245 23.660 1.46747
0.596 34.933 24.753 1.48892
11.269 34.387 24.954 1.49720
6.333 36.431 25.318 1.56375
0.051 33.289 25.384 1.34505
0.332 36.995 25.716 1.58571
0.806 37.906 26.527 1.68452
0.000 39.683 25.656 1.61431
0.340 39.327 25.617 1.67643
0.159 38.826 26.361 2.26435
0.000 38.770 26.548 2.32731
0.000 40.283 28.117 2.02390
0.289 37.446 27.593 1.69434
30.411 33.134 24.971 1.59183
0.087 32.891 25.082 1.34505
0.093 35.334 25.021 1.42671
0.166 32.340 25.310 1.49960
0.000 35.010 25.328 1.64600
0.000 38.746 26.200 1.74229
0.034 35.677 25.245 1.62767
0.074 35.756 24.871 1.61262
0.200 35.270 24.638 1.51446
1.044 34.191 24.431 1.57645
1.311 32.251 24.209 1.57820
24.246 32.706 23.343 1.65075
0.084 34.497 24.107 1.20971
5.024 35.416 24.648 0.98965
4.124 36.459 25.206 1.38793
20.298 32.741 24.741 1.32966
31.245 31.964 23.904 2.04219
6.800 33.904 24.827 1.61794
35.121 30.667 24.133 1.66281
0.560 31.539 23.842 1.45540
3.600 32.486 24.313 1.76462
0.738 33.009 24.354 1.82752
0.031 32.571 23.752 2.18740
0.000 34.865 24.734 2.02969
0.016 33.762 24.667 2.08356
0.715 32.176 24.419 1.77686
14.418 30.579 24.694 2.01338
8.742 29.021 23.884 1.91619
19.612 29.726 23.546 1.53400
3.862 32.067 24.051 1.73708
18.563 31.303 24.081 2.07025
2.830 31.687 24.321 1.93703
0.194 31.133 24.344 1.72934
34.877 29.322 24.427 1.21418
18.317 29.362 24.324 1.13810
16.046 29.755 24.921 1.37648
5.850 29.981 23.845 1.36723
8.219 29.541 24.182 1.70401
0.315 29.777 24.043 2.05789
1.682 30.469 24.320 1.59232
8.129 31.419 24.749 1.58942
3.354 30.478 24.805 1.82557
3.473 29.649 24.208 2.24232
0.871 31.527 24.104 2.45625
0.490 31.005 24.038 2.52725
0.351 30.308 23.707 2.15860
0.009 30.126 24.016 2.20572
1.381 29.299 23.640 2.11125
0.534 30.406 24.009 2.36604
1.518 28.346 23.992 2.30485
2.239 28.676 24.283 2.44827
27.248 27.131 23.203 2.41443
12.143 28.974 23.456 2.81882
3.860 29.621 23.421 2.73240
0.135 30.677 23.630 2.33846
0.326 31.587 23.770 2.13003
0.816 30.726 23.855 1.89129
10.055 31.064 23.608 1.98859
1.794 29.802 23.493 2.07265
3.061 28.675 23.557 2.03300
0.465 29.036 23.698 2.37010
0.443 31.810 23.011 2.38411
0.027 32.591 23.685 2.36338
8.651 31.614 24.277 2.29473
17.067 29.355 23.718 2.20341
37.244 29.077 23.366 1.65029
3.724 30.402 23.857 1.56425
4.371 28.796 23.492 1.60356
26.878 28.492 23.835 1.56095
13.685 28.984 23.666 1.81235
2.161 29.629 22.893 2.00495
0.934 30.297 23.138 1.85217
0.915 30.270 23.513 1.45693
3.344 30.749 22.706 1.46614
3.389 31.541 23.654 1.17046
4.873 29.934 23.628 1.50207
0.027 30.929 23.315 1.95232
0.569 31.410 23.221 1.94362
0.009 31.369 23.572 1.99791
0.166 32.621 23.904 1.78198
0.105 31.652 24.332 1.59324
0.854 31.508 23.729 1.66304
9.707 31.072 23.887 1.92954
1.111 31.783 23.085 2.06206
0.049 32.099 23.713 2.14592
0.071 34.084 24.521 2.56643
0.269 31.077 24.023 2.77269
1.179 30.685 23.918 2.41383
5.790 28.486 23.137 3.03119
5.257 31.682 23.107 3.07163
2.419 31.019 23.406 2.47333
0.486 31.833 23.346 2.71248
4.471 30.094 23.453 2.62797
1.146 30.381 22.834 2.50812
4.010 28.046 22.085 2.41376
6.284 30.637 22.678 3.18761
0.904 30.623 22.687 3.08313
0.806 30.545 22.590 3.14325
0.001 29.227 23.154 2.38704
0.795 30.733 23.113 2.26509
5.604 32.882 24.015 2.38673
3.351 32.302 23.696 3.16233
1.456 30.545 22.983 2.91529
11.760 31.699 23.004 2.99614
15.040 32.048 23.619 2.98671
0.016 31.754 22.893 2.76360
0.000 34.246 23.644 2.78535
0.136 34.270 24.265 2.66984
0.020 33.882 23.787 2.40055
0.215 33.741 23.645 2.39592
33.390 32.268 23.807 2.01042
17.838 32.711 23.708 2.24005
13.950 30.236 23.725 2.50340
5.696 30.867 23.068 2.42792
4.559 31.807 23.326 1.75741
0.721 31.309 23.509 1.56889
3.343 31.637 23.851 1.49209
18.260 31.231 24.076 1.12607
9.091 28.195 23.459 1.02255
18.374 28.776 23.297 1.10715
2.320 29.712 23.332 1.53643
21.056 28.792 23.576 1.80204
13.417 29.238 23.825 1.94038
26.085 30.292 23.411 1.98519
22.315 29.278 23.042 1.47494
3.276 30.187 23.672 1.62666
6.820 28.241 23.229 1.91045
6.766 28.177 23.643 1.50565
24.081 27.279 23.436 2.24762
6.755 27.562 23.338 2.53527
2.209 27.131 23.370 2.04792
23.808 29.183 24.135 1.58460
10.666 28.894 23.530 1.93961
31.768 29.729 23.324 1.71353
9.906 29.767 23.442 1.22450
2.417 26.987 23.040 1.17442
16.615 29.746 23.460 0.97724
3.394 27.051 23.431 1.23891
13.584 26.820 22.858 1.41268
4.904 27.888 22.496 1.14132
1.438 28.383 21.734 1.25615
10.616 28.232 22.099 1.19690
2.834 29.221 22.548 1.46294
0.252 31.154 23.550 1.06536
0.164 30.040 23.928 0.69480
1.386 29.244 23.115 1.43588
3.324 28.590 23.306 0.99740
0.177 28.606 23.492 1.09423
10.275 30.512 23.878 0.75575
14.022 27.802 23.095 1.24110
24.293 29.380 23.847 1.19458
2.526 27.667 23.529 1.27060
24.735 29.067 23.899 0.99553
1.001 28.085 23.398 1.09863
12.701 31.195 21.581 1.04752
1.575 29.546 21.995 1.43223
0.462 30.100 22.205 1.21551
0.046 30.394 22.413 0.86114
0.556 30.940 22.725 0.72749
0.000 30.579 22.450 0.85434
2.340 31.954 23.912 0.91055
11.869 29.981 23.756 1.30518
7.935 29.372 22.149 2.28136
5.347 27.256 22.431 3.06243
13.166 30.914 23.626 1.47955
0.000 29.603 21.474 1.22898
0.617 30.438 21.651 1.53314
0.000 30.695 21.787 1.24779
0.000 31.300 21.760 1.21928
0.678 31.551 22.911 0.97929
1.021 27.360 21.179 1.19780
0.000 30.151 22.559 0.78158
0.179 30.570 20.969 1.11566
0.000 30.573 19.831 1.58528
0.000 29.859 20.577 1.11733
5.358 31.463 21.558 0.93934
0.121 31.595 21.775 0.96746
0.485 31.333 21.297 1.17326
0.000 30.958 22.306 1.43737
0.715 29.719 22.989 1.23962
0.000 29.600 21.295 0.79646
0.000 31.467 21.210 1.16853
0.000 31.032 20.388 1.40261
0.112 30.896 21.578 1.51972
0.020 31.558 23.482 0.66290
0.452 32.036 24.165 0.63281
3.019 30.898 21.933 1.51833
0.539 29.809 19.864 2.50936
0.290 29.220 19.901 1.71747
0.000 30.330 20.395 1.36691
0.180 31.915 21.311 1.00482
0.000 32.148 21.120 1.14692
0.000 32.415 21.778 1.12022
0.000 32.158 22.746 0.99537
0.000 31.851 22.427 0.76487
0.000 32.780 23.090 0.70948
0.000 33.113 23.854 0.60765
0.194 33.251 24.190 0.61453
2.245 28.614 22.375 1.45349
0.967 30.648 22.757 1.83016
0.813 32.304 22.769 1.71570
0.115 32.467 21.841 1.29561
8.705 32.917 22.516 1.34379
30.447 29.528 23.541 1.28556
29.742 26.178 19.577 1.71855
3.686 31.234 20.462 1.15546
7.727 31.056 22.162 0.96031
0.023 33.397 23.405 0.59438
0.000 31.353 22.986 0.95512
0.044 32.314 23.061 0.56226
0.030 31.019 24.039 0.69347
9.856 28.224 23.228 0.63576
0.000 27.966 21.801 0.63507
0.915 31.907 20.504 1.14946
0.911 32.043 21.051 0.78939
1.106 27.653 21.717 0.65475
0.000 31.312 21.950 0.61689
0.022 32.351 22.198 0.75985
0.000 32.427 22.445 0.81678
0.000 33.496 22.364 0.82249
0.000 33.056 22.125 1.28525
0.000 32.260 21.762 0.80283
0.000 32.948 19.477 1.99396
0.000 30.046 19.929 1.61474
0.000 31.491 20.022 1.41310
0.000 32.355 20.376 1.26265
0.000 32.457 19.768 1.10182
0.000 32.938 19.567 0.96768
0.000 33.193 19.689 1.80350
0.000 31.750 19.424 1.38768
0.000 32.935 20.670 0.86849
0.759 33.603 22.055 1.25340
0.204 34.498 23.094 0.91373
0.000 35.007 22.039 0.89048
0.000 35.876 22.372 0.96851
0.000 35.833 20.705 2.60512
0.000 33.629 21.250 1.67992
0.000 34.494 21.035 1.23813
0.000 35.341 21.985 1.54274
0.575 35.216 21.554 2.71142
0.011 31.104 17.093 4.56796
0.000 30.155 16.360 2.95834
0.000 32.014 16.979 1.81356
0.000 33.575 19.776 1.64249
0.000 33.311 21.783 1.60946
0.000 33.918 22.095 1.57614
0.000 35.817 22.492 2.49838
0.000 31.131 15.439 4.91911
0.075 25.936 15.647 3.03469
0.000 29.900 16.283 1.96609
0.000 33.618 17.990 1.66867
0.000 34.270 18.750 2.81253
0.000 32.706 18.249 2.51867
0.197 33.469 18.952 2.24871
0.022 31.003 18.300 2.34414
0.000 33.659 18.916 1.69717
0.000 33.723 20.552 1.11435
0.000 34.653 18.279 2.47743
0.000 32.249 18.602 2.28030
0.000 32.818 18.776 2.23476
0.000 33.451 19.093 1.99971
0.000 32.524 19.361 1.56302
0.000 32.886 19.698 1.25309
0.000 33.167 20.167 1.38866
0.000 33.753 18.116 2.32361
0.000 32.873 17.027 3.09020
0.000 32.496 16.064 3.47329
0.000 31.693 17.101 1.83130
0.000 33.894 18.517 1.11697
0.000 35.791 20.906 1.30371
0.000 36.583 20.507 1.79528
0.000 36.566 20.832 1.60248
0.000 36.955 21.958 1.75507
0.000 35.403 23.195 1.26713
0.004 35.395 23.828 1.24982
0.026 34.313 21.599 1.80875
0.856 33.326 20.480 2.07917
0.000 34.097 21.096 1.66544
0.000 35.621 22.626 1.32850
0.000 35.430 22.706 1.44220
0.000 36.976 22.676 1.42453
0.111 36.739 23.856 1.66930
0.074 33.545 24.020 1.74439
0.000 37.916 24.230 1.45909
0.000 37.282 24.271 1.05696
0.000 38.462 24.123 1.10259
0.000 38.245 24.463 1.26473
0.000 38.710 24.388 1.08071
0.000 36.226 22.556 2.43658
0.000 36.960 22.041 2.07879
0.000 36.435 22.135 1.02555
0.000 37.290 20.295 2.83730
0.000 36.455 20.730 1.96959
0.000 37.604 21.887 1.72768
0.000 38.569 24.112 2.20783
0.000 37.741 24.923 2.00167
0.000 38.199 23.885 1.25547
0.000 37.933 23.004 1.24997
0.000 38.634 23.907 0.94384
0.000 37.998 22.379 2.15778
2.902 37.921 22.446 3.22471
0.052 36.073 20.131 4.82846
0.000 35.655 20.544 4.29617
0.074 35.518 21.268 2.64320
0.080 38.507 24.546 1.32654
0.036 39.726 27.455 1.32513
0.016 39.193 26.288 1.64228
0.000 38.855 25.729 1.79542
0.000 39.545 26.494 1.36176
0.460 40.713 26.211 1.91072
1.331 33.232 21.425 3.52796
1.250 34.094 20.816 3.95657
0.000 34.241 20.415 3.19606
0.000 36.452 21.413 2.02421
0.000 37.478 21.172 2.39095
0.000 37.524 22.391 1.47556
0.000 38.048 23.628 1.31057
0.000 36.774 25.451 1.20688
0.000 37.462 26.570 0.97162
1.875 37.673 25.534 1.58796
0.000 37.660 26.712 1.33192
0.002 37.542 26.952 1.27233
0.323 36.361 25.697 1.73087
0.000 38.140 26.161 1.10442
3.727 38.779 26.585 1.79187
0.000 36.996 26.405 2.45544
0.488 37.711 26.616 1.58931
0.000 39.196 27.144 1.41368
2.026 38.550 27.816 0.91834
1.106 35.160 26.178 1.20699
2.846 38.397 26.681 1.05420
1.583 39.967 27.157 1.59389
0.000 40.025 26.906 2.09232
0.341 40.274 26.957 1.60593
0.209 39.617 27.637 1.24698
0.205 39.638 27.442 1.70976
0.000 41.140 28.333 1.55874
0.000 40.211 28.381 1.79383
0.546 41.166 27.995 1.64970
4.306 37.600 26.801 1.31172
1.374 35.763 26.931 1.40037
0.046 37.927 26.936 1.98291
0.000 38.922 26.495 2.91848
0.000 38.786 26.293 2.96328
0.000 42.373 24.418 2.41796
0.091 36.787 25.167 1.41006
0.098 37.063 26.192 1.82517
0.920 39.445 26.957 1.81172
1.304 35.491 26.193 1.82283
0.056 36.890 25.803 1.50040
0.375 37.940 26.410 2.59975
1.342 39.384 27.446 1.40735
0.004 38.408 26.639 1.61468
0.142 33.576 25.063 2.30875
9.261 34.986 25.155 2.12828
4.021 29.300 24.006 1.86257
0.017 36.335 25.240 1.10835
0.000 38.395 25.927 2.02189
0.000 37.736 26.387 1.89243
4.098 33.686 25.694 1.00258
4.239 31.482 25.613 0.89953
1.499 34.072 24.490 1.39393
4.085 34.949 24.544 0.99598
13.310 34.630 25.296 1.27427
28.878 33.487 24.314 1.16908
0.638 35.947 25.309 1.36054
2.486 37.845 26.082 1.55939
0.039 34.899 25.662 1.71524
0.556 35.921 24.345 1.90652
0.000 36.990 25.122 1.86096
0.000 36.648 24.681 1.62925
1.236 37.779 25.989 1.21505
6.534 31.730 23.954 1.23016
16.215 35.991 24.568 1.02403
0.293 35.605 25.655 1.24889
20.124 32.083 24.928 1.14430
2.578 34.731 24.713 1.28436
3.871 37.148 26.130 1.13549
1.656 37.173 25.893 1.49844
8.314 36.216 25.061 1.05797
14.836 31.708 24.388 1.07916
0.174 35.359 25.574 1.32191
0.000 34.768 25.839 1.55861
2.137 34.928 25.477 1.84405
2.728 35.061 25.570 1.72153
9.516 33.151 25.409 1.57776
33.779 31.664 24.648 1.17167
15.260 33.152 24.419 1.66339
4.366 32.078 24.399 2.15131
1.205 33.248 25.079 2.04999
11.333 31.159 24.775 1.59324
11.119 31.885 24.658 1.63183
0.643 32.892 24.606 1.65229
3.806 31.079 23.760 1.96600
0.354 33.873 24.125 1.90205
0.832 33.525 24.441 1.84972
2.605 33.475 24.816 1.23159
11.869 31.816 24.287 0.85498
0.785 31.484 23.987 0.64292
0.928 32.706 24.012 0.67102
2.325 32.451 24.704 0.71638
5.131 31.752 24.626 0.83843
2.387 30.125 23.602 1.34811
2.989 31.920 23.115 1.24470
4.810 30.845 22.877 1.45637
0.194 31.991 23.405 1.04394
0.445 32.359 24.594 1.25952
0.000 32.416 24.966 1.84613
0.000 31.667 24.784 1.72350
0.380 31.931 24.788 1.47712
26.072 30.786 24.696 0.83910
6.410 28.615 23.870 0.86712
22.925 29.406 23.506 1.41821
0.020 30.613 24.402 1.33204
0.000 31.571 22.816 1.34235
0.709 32.519 23.687 1.17189
2.214 31.328 24.262 1.68407
0.833 30.451 24.171 2.12659
7.215 30.346 24.932 1.99706
1.015 29.147 23.994 2.27203
19.965 29.980 24.155 2.75823
21.296 28.040 23.636 2.77431
15.051 27.951 23.306 2.60879
0.318 30.628 24.070 2.25152
8.084 30.472 23.732 1.58061
2.769 29.573 23.672 1.46899
3.268 30.758 23.425 1.89721
0.000 31.338 23.347 2.03466
0.011 31.916 23.590 2.01541
0.000 32.843 24.621 2.00294
0.046 31.213 24.544 1.82942
0.889 28.278 23.355 1.80387
1.465 30.832 23.535 1.37632
13.692 32.446 23.626 1.16541
48.860 32.052 23.633 0.98343
2.825 30.199 23.731 1.17689
10.421 29.335 23.071 1.54553
28.400 29.517 23.044 1.93670
0.853 28.864 22.859 1.81725
3.753 28.047 22.449 1.80930
0.221 30.645 23.470 1.61889
0.074 31.298 22.997 1.91300
0.021 31.379 24.044 1.57628
0.326 31.681 24.154 1.82832
5.563 29.880 23.599 1.47953
7.238 30.026 23.813 1.57413
0.777 30.122 23.618 1.97603
0.726 32.327 24.463 1.42062
33.581 28.208 23.054 2.64451
11.219 29.388 23.220 2.25740
43.374 28.085 23.783 1.73226
8.569 27.626 23.430 1.90970
10.539 27.011 23.634 2.24918
10.586 26.993 23.013 2.80528
1.191 29.091 23.557 1.98610
3.109 29.561 24.064 1.89068
42.335 27.146 23.572 1.98208
9.169 28.689 23.189 2.34985
18.580 29.010 23.123 2.44005
20.468 29.606 23.289 1.84570
17.427 28.738 23.661 1.79662
0.797 28.960 23.445 2.39942
21.887 28.172 23.279 2.21797
12.880 27.757 22.741 2.18273
0.453 29.572 22.925 1.57901
0.510 29.695 23.585 1.39275
34.885 29.472 23.672 1.56929
17.203 28.116 23.439 1.76298
5.821 28.142 23.266 1.68958
2.721 28.327 22.959 1.21717
13.504 30.928 23.755 1.03591
5.524 27.840 22.981 1.36092
9.656 30.581 24.178 0.97209
5.559 28.315 22.840 1.72755
0.981 28.468 22.000 2.27489
0.389 30.113 23.384 2.16208
0.429 29.893 23.545 2.36046
0.016 29.769 23.702 2.41312
0.000 30.304 23.534 2.68064
0.000 30.609 23.422 2.67845
1.281 29.663 23.633 2.51829
5.135 28.630 23.283 2.39438
1.385 28.450 23.201 2.81888
1.430 29.807 23.161 2.58539
0.986 29.483 23.131 2.70848
4.833 30.325 22.949 2.21442
12.205 29.745 22.376 1.59519
13.735 29.462 22.938 1.59433
16.356 29.801 22.980 1.46176
16.940 27.865 23.115 1.79728
0.355 29.384 23.765 1.45081
0.864 29.040 23.390 1.07830
2.235 28.899 23.790 0.97832
14.566 30.842 23.798 0.69004
0.187 31.186 22.874 0.88304
4.815 29.745 23.459 1.14919
6.868 29.014 23.198 0.79141
10.291 31.629 22.780 0.58289
10.558 29.850 22.505 0.98383
0.215 29.631 23.253 0.68264
8.510 29.962 23.418 0.77291
8.280 28.479 23.210 0.90702
7.348 30.798 23.433 0.91648
12.802 29.459 23.784 0.80982
41.482 28.195 23.454 1.09455
18.969 27.664 23.704 1.61879
12.649 27.439 23.248 1.90722
1.151 28.976 23.254 2.30520
26.372 27.202 23.657 1.80904
106.921 26.918 23.649 2.81051
94.357 26.156 22.986 3.97999
0.010 28.330 23.261 3.06649
0.431 27.910 23.184 2.34374
4.531 27.995 22.693 2.20004
24.191 25.961 22.508 2.17821
0.546 29.709 23.351 1.89544
8.965 29.072 23.597 1.91120
15.389 27.433 23.190 1.29531
12.031 29.331 22.362 1.58458
0.867 28.227 22.810 1.27263
2.719 29.597 22.114 1.42932
1.884 28.252 22.059 1.42309
0.039 30.585 23.056 1.02920
2.191 27.938 23.377 1.34546
14.542 27.774 22.732 2.31157
21.525 28.664 23.178 1.30288
0.000 29.385 22.399 1.53411
0.066 28.938 21.865 2.21562
1.841 26.871 20.271 1.85428
0.038 28.689 19.815 1.51024
0.000 28.783 20.271 1.15612
0.000 29.803 20.636 1.52640
0.074 30.055 22.148 1.69986
0.000 30.562 22.694 1.67996
0.274 30.397 22.165 1.42454
0.521 30.754 23.200 1.55539
75.602 27.309 22.592 3.42785
15.526 26.390 22.806 2.21331
0.000 30.322 22.660 1.21568
34.584 29.525 22.404 1.56095
0.694 29.192 21.839 1.41035
0.000 29.738 21.441 2.13447
0.028 29.506 21.241 2.06037
0.000 29.479 21.234 2.03270
0.000 29.203 20.510 2.08844
0.000 29.009 19.207 2.01609
0.476 28.008 18.674 2.10813
0.044 27.954 18.517 1.67978
0.000 28.791 19.260 1.12069
0.000 29.652 20.363 0.92828
0.000 29.654 19.626 1.13781
0.000 30.506 21.146 1.06389
0.866 30.579 21.002 1.03064
0.000 30.413 19.985 1.42237
0.000 29.081 18.039 1.72911
0.000 28.494 18.527 2.21273
0.000 28.729 19.285 2.39496
0.080 28.850 20.264 2.69321
2.552 29.805 22.110 2.56069
6.576 27.404 22.054 2.19300
0.360 29.966 22.122 1.77517
0.080 29.412 20.366 1.89027
0.756 30.006 21.219 1.12802
0.000 31.154 24.059 0.78763
0.266 30.577 22.213 1.02529
9.856 29.128 21.160 2.08108
0.069 29.387 20.479 2.33396
8.655 27.349 20.403 3.33499
2.076 29.107 20.861 2.42215
0.009 29.075 19.875 2.66597
0.000 28.830 19.273 2.47302
0.000 28.834 19.051 2.34391
0.094 29.084 19.766 2.28333
0.000 29.919 20.948 1.90487
0.581 30.466 22.110 1.37935
0.421 29.973 22.244 1.05318
4.872 30.161 22.875 0.49995
0.236 28.551 21.165 1.47117
0.200 30.822 21.002 1.30108
0.000 32.115 22.253 1.50933
0.000 29.267 17.480 3.64971
0.000 27.968 16.435 3.24133
0.000 28.846 16.826 2.66296
0.000 28.615 15.901 3.41689
0.409 27.813 14.496 2.50701
0.000 28.398 15.350 2.01641
0.000 29.704 17.353 1.98208
0.000 29.947 17.716 1.93943
0.000 29.268 15.338 2.27667
0.000 29.020 15.008 1.89419
0.000 29.589 16.160 1.06948
0.000 30.469 16.570 1.40313
0.000 30.741 17.194 1.35998
0.000 31.264 17.317 1.64892
0.000 31.986 18.441 1.19971
0.000 32.184 20.317 1.34153
1.949 32.398 21.143 1.02200
35.157 28.077 18.692 1.57156
0.506 23.781 12.822 3.11510
0.103 22.790 11.553 2.71819
0.000 24.991 11.764 2.76886
0.000 25.274 11.422 2.60224
0.000 25.248 11.521 2.55144
0.000 25.236 12.119 2.90728
0.000 24.640 13.163 2.32097
0.000 27.080 13.510 2.22493
0.000 27.262 14.042 2.83652
0.000 26.018 12.725 2.66717
0.000 27.157 12.117 2.74893
0.870 26.176 11.275 3.13128
0.000 25.928 11.661 2.69262
0.000 26.256 12.690 2.49377
0.000 26.842 13.792 2.45923
0.000 26.845 13.039 2.34189
0.053 28.597 13.542 1.65743
0.129 30.836 14.985 1.14146
0.002 33.215 16.153 1.42069
0.000 32.003 15.942 2.20330
0.000 31.982 16.913 1.11234
0.000 32.948 18.462 0.89715
0.000 34.034 18.673 0.83412
0.021 34.552 17.681 2.06534
0.000 32.492 17.601 2.38153
0.000 32.329 18.277 2.32274
0.000 32.412 18.683 2.27073
0.000 31.917 16.828 2.98750
0.000 30.374 14.647 4.03010
0.000 28.052 11.259 3.43547
0.000 27.239 12.029 2.57619
0.000 28.336 13.723 1.71203
0.000 29.647 14.899 3.32816
0.048 27.500 12.796 3.90135
0.001 27.340 13.391 2.26814
0.000 28.692 14.776 3.57617
0.000 26.667 10.810 3.51364
0.000 25.796 10.821 3.17683
0.000 26.801 11.429 1.44015
0.000 28.983 13.085 0.75282
0.000 31.130 14.873 1.31299
0.000 31.101 15.665 1.56419
0.000 31.944 16.137 1.92964
0.000 32.601 16.571 1.65492
0.000 32.369 16.623 1.79600
0.000 31.571 15.565 2.10477
0.000 32.333 15.746 0.95367
0.000 33.562 17.563 0.85681
0.000 35.294 19.093 0.71505
0.000 35.995 20.442 0.96069
0.000 34.616 22.060 1.30994
0.006 33.407 22.040 1.21531
0.000 34.727 22.168 1.30870
0.000 35.088 21.984 1.40629
0.000 36.284 23.458 1.66581
0.000 36.517 24.153 1.35224
0.000 36.284 19.822 3.12789
0.000 32.042 19.401 2.58612
0.000 33.050 19.922 1.17239
0.000 34.961 18.894 2.44563
0.000 30.176 18.529 2.11697
0.000 33.297 19.185 1.34206
0.000 34.780 21.565 1.48841
0.000 36.071 22.662 1.43256
0.000 37.768 24.322 1.04312
0.000 29.941 15.819 4.32297
0.000 27.858 16.873 2.97624
0.000 30.754 17.723 1.12201
0.000 35.366 20.989 1.49669
0.000 35.362 20.313 1.42924
0.000 36.471 20.387 1.06311
0.000 36.184 21.305 1.07258
0.000 36.828 22.537 1.42995
0.000 36.667 22.202 1.59850
0.000 35.997 22.634 1.55163
0.000 37.439 23.068 1.08299
0.000 39.026 23.825 1.42599
0.000 38.549 23.355 1.31556
0.764 38.159 24.437 1.41741
1.762 38.018 25.489 1.78384
0.000 37.310 24.716 1.88792
0.000 37.218 24.824 1.66085
0.000 37.131 25.290 1.40475
0.000 37.875 26.080 1.19040
0.000 36.978 25.845 1.91116
0.000 37.508 24.716 1.23189
0.000 38.986 23.722 1.63129
0.000 39.308 24.914 0.76796
0.053 39.610 25.092 2.03363
0.000 38.893 26.230 1.62605
0.000 37.867 26.301 1.83013
0.925 35.969 26.682 0.90392
0.055 36.405 25.446 0.81390
0.003 39.509 26.871 1.33456
4.157 36.333 26.239 1.03928
0.675 36.003 22.935 2.49992
0.000 30.947 22.416 1.55333
0.000 35.246 23.003 1.91304
0.000 36.608 24.658 1.01225
0.551 38.032 25.776 0.80721
0.020 38.220 26.258 0.85214
0.152 37.794 26.004 1.29382
0.000 37.315 25.870 1.84550
0.000 38.802 26.434 1.70361
0.000 37.903 26.522 1.88036
1.956 40.046 26.593 1.97167
4.535 39.427 26.171 2.27826
0.098 39.313 27.218 1.65838
8.805 36.888 24.910 1.56413
0.207 33.000 24.423 1.19215
22.306 33.929 24.332 0.96692
0.050 35.067 24.430 0.86310
0.094 37.372 24.344 1.17119
0.821 38.019 24.762 1.40389
0.855 37.999 25.751 0.97335
3.049 39.151 26.446 1.30473
12.722 31.539 23.279 1.38192
1.489 38.116 24.651 1.10492
2.778 37.693 26.259 1.08893
0.289 35.022 25.184 1.09335
0.004 38.942 25.709 1.12637
0.667 39.317 26.448 1.14054
4.150 38.341 27.635 0.96585
0.067 34.015 26.289 1.46111
0.000 38.551 26.868 1.17570
0.000 36.890 27.806 1.04038
2.586 37.540 26.442 1.43732
0.733 33.028 25.434 1.19414
11.380 34.882 26.251 1.40950
0.135 36.649 26.596 1.59667
0.000 32.399 25.682 1.24538
0.286 36.596 25.817 1.13783
0.574 37.426 26.374 0.88668
19.565 35.789 25.734 0.76537
2.353 30.443 24.725 0.77783
0.059 36.195 25.901 0.87996
15.293 34.704 25.625 0.72253
7.879 29.211 23.510 1.15504
3.021 32.530 24.328 1.20039
2.353 35.092 25.539 0.69897
4.136 35.190 23.695 1.31214
4.177 31.203 23.781 1.38596
4.162 34.728 25.025 0.84232
0.000 36.690 25.767 1.12707
0.142 38.861 26.210 1.63206
3.195 39.855 25.557 2.18566
0.164 38.598 26.246 2.12494
0.095 35.269 25.728 1.56324
19.515 33.218 24.628 1.84879
1.359 36.033 25.273 1.74598
0.000 34.501 25.645 1.50325
1.403 33.126 26.173 0.98751
6.355 32.787 25.102 1.30383
0.106 32.439 25.084 1.18353
0.081 32.313 25.185 0.83926
0.155 34.612 24.747 1.37730
0.676 35.255 24.846 1.95916
0.000 33.346 24.771 2.17950
0.202 34.303 24.943 2.10237
16.226 36.237 25.771 1.36565
0.156 35.514 25.691 0.81775
16.662 34.663 26.153 0.98318
3.528 35.767 25.581 1.10068
0.788 32.845 25.637 1.04746
0.148 35.166 25.516 1.16418
0.000 36.089 25.986 1.39959
0.136 35.228 25.653 0.96138
0.712 36.490 25.865 1.29028
3.245 35.510 25.439 1.07872
3.893 35.386 25.417 1.45704
1.666 33.502 25.778 1.62193
0.234 34.016 24.504 2.18284
0.684 34.198 25.273 2.17601
2.104 35.467 25.145 1.86639
1.397 35.649 25.374 2.16466
10.716 32.168 25.245 2.15192
41.575 30.442 25.079 2.32163
8.442 32.168 25.034 2.31923
19.068 31.443 24.330 2.69400
6.480 30.514 24.711 2.50558
0.056 29.768 24.251 2.22785
2.227 31.685 24.666 1.95364
0.000 31.162 23.948 2.68960
3.530 31.279 23.801 2.36885
0.653 29.500 23.772 1.96108
17.726 31.653 23.368 2.16813
30.258 31.773 24.539 2.37901
11.894 30.827 24.388 2.52098
9.133 31.339 23.568 2.31474
18.085 29.931 23.439 2.46023
6.985 29.761 23.919 2.30489
47.584 30.258 23.337 2.53503
2.430 30.829 23.839 1.80098
2.748 32.421 24.593 2.31056
49.489 31.160 24.381 2.05976
35.285 30.243 24.550 2.05996
11.402 28.922 23.769 1.86859
0.003 30.508 22.990 1.91820
1.759 30.251 24.491 1.53279
1.165 29.176 23.648 1.82752
1.769 32.040 24.590 1.70747
41.470 29.512 24.623 1.97846
1.998 29.598 24.960 1.92989
11.274 28.569 24.350 2.25670
1.107 29.273 24.090 2.40153
2.640 30.228 23.891 2.84001
0.280 29.348 23.730 2.35403
0.229 28.835 24.450 1.88023
19.789 29.153 24.023 1.52283
6.807 29.376 24.364 1.11914
8.740 28.596 23.910 1.43697
6.744 29.570 23.656 1.95224
31.859 29.766 23.742 1.35123
1.131 29.842 24.284 1.98930
6.940 27.738 23.421 2.72896
30.466 27.883 21.844 2.71608
23.434 30.062 23.152 2.16323
7.234 29.418 23.600 1.95034
77.879 27.813 23.737 1.87213
19.559 26.558 22.947 2.52770
0.093 29.709 23.466 1.92911
5.703 28.977 23.546 1.89097
6.865 29.214 23.736 1.88156
14.167 28.148 23.850 1.91652
20.819 27.913 23.590 2.14594
19.047 28.406 23.781 1.91308
38.472 29.379 24.367 2.04022
36.476 29.103 24.045 2.32547
7.020 28.798 24.141 2.13631
16.721 28.821 23.863 2.04632
1.650 28.741 23.823 2.10426
34.200 27.399 23.959 1.99718
21.365 28.229 23.484 2.74724
6.992 29.003 23.084 2.54810
1.069 28.858 23.242 2.38927
0.000 29.096 23.271 1.98775
0.021 28.004 22.890 1.91915
0.033 30.689 22.588 1.81396
0.000 30.489 23.815 2.09975
0.003 29.879 23.644 1.85425
0.039 28.196 23.415 1.69835
4.823 30.491 23.848 1.23335
1.031 29.793 23.736 1.00184
0.011 29.843 23.437 1.17201
7.825 30.640 23.178 1.06253
0.593 31.269 24.065 0.98379
2.060 28.747 23.319 1.28891
0.734 29.721 23.240 0.91209
3.605 29.381 23.649 0.76993
2.721 30.319 23.743 0.75628
2.357 30.627 24.286 0.88044
7.565 30.354 23.835 1.05000
1.259 28.283 23.693 0.86250
22.818 28.554 22.072 0.98689
6.085 29.164 23.085 0.61918
20.310 30.375 23.651 0.81112
16.854 27.632 23.207 1.47996
5.606 27.897 23.372 0.99964
40.796 27.991 23.418 1.25759
33.294 27.099 23.171 1.73236
9.497 26.820 22.534 1.71418
3.245 29.891 23.324 1.20724
25.495 28.656 23.105 1.24210
2.137 28.775 22.833 1.50023
1.365 30.211 23.256 1.46034
5.485 27.119 22.918 1.52523
11.037 29.325 23.625 1.31670
5.955 29.491 23.824 1.62029
10.235 28.303 23.608 1.32661
5.318 29.062 23.259 1.24513
13.066 29.183 23.607 1.42176
16.667 28.590 23.434 1.30715
10.805 29.328 23.333 1.50797
19.833 27.562 23.599 2.02687
1.566 27.661 23.749 2.51875
5.194 28.699 22.881 2.57430
0.127 30.846 23.348 1.20840
0.107 30.719 24.245 1.02742
0.256 29.940 23.998 1.28102
2.741 30.600 23.595 1.56777
25.456 28.893 23.050 1.74163
1.582 30.191 23.900 1.04691
16.298 31.388 23.956 0.59732
7.407 28.990 23.018 0.99430
0.000 28.540 23.768 0.70555
2.121 30.678 24.212 0.64582
6.636 29.132 24.153 0.61802
2.917 29.335 24.183 0.66655
12.720 28.835 23.702 0.93527
8.809 28.571 22.469 0.63270
0.000 31.251 23.137 0.64353
0.000 31.604 23.306 0.74136
5.110 32.340 23.346 0.77854
17.050 29.299 23.733 1.15545
8.156 26.440 22.049 1.94866
0.000 29.083 21.624 1.83984
0.334 30.425 21.616 1.08212
0.030 30.123 20.958 0.93904
0.000 30.864 21.618 1.24547
0.000 29.560 19.764 1.77006
0.000 29.541 20.833 2.02898
0.096 29.884 20.801 2.57609
0.000 29.498 20.328 2.63082
0.000 28.707 20.348 1.70511
0.000 30.618 21.703 1.33536
0.000 30.006 20.635 1.68560
1.689 29.838 21.594 1.60769
33.891 28.075 22.810 0.95978
2.084 30.158 22.460 0.65677
0.432 30.181 22.459 1.08739
7.006 30.175 23.348 1.29248
28.105 27.030 22.267 0.67952
10.091 29.221 22.605 0.98612
15.520 30.059 22.793 0.81374
0.270 29.982 23.234 0.58564
13.333 29.581 22.352 0.92652
1.044 30.145 22.285 0.96863
0.000 30.217 22.840 0.68770
5.769 30.548 23.771 0.78396
0.000 30.802 23.452 0.80612
1.638 30.429 23.375 1.14642
0.000 30.923 21.469 1.60002
0.079 30.063 21.179 1.45147
2.244 30.528 21.797 1.06163
0.000 30.636 21.964 0.92510
6.336 31.021 23.200 0.99386
0.000 29.824 22.164 1.10097
8.420 30.706 22.463 1.00796
0.000 30.500 21.428 1.01507
0.000 30.478 21.518 1.32284
2.184 30.691 21.406 1.30350
0.000 30.570 22.235 1.86512
0.081 29.864 20.458 2.69418
0.071 28.748 20.502 2.44204
0.000 29.814 20.943 2.42000
0.111 29.679 20.390 2.30827
0.000 29.551 18.782 2.58465
0.000 28.695 17.965 3.12268
0.000 28.165 17.991 2.55638
0.713 29.016 18.779 1.68545
0.318 30.222 20.011 1.42798
0.000 30.950 20.839 1.44081
0.000 31.177 20.868 1.57780
0.435 31.084 21.529 1.56177
0.000 32.434 22.249 1.43717
2.991 32.690 22.646 0.89614
19.537 32.530 22.228 0.84847
0.236 33.322 22.862 0.86560
0.718 33.368 21.280 1.14132
1.629 33.619 22.237 2.28375
7.896 31.418 22.310 2.43734
0.044 32.148 21.937 2.16170
0.150 31.461 22.117 1.16833
1.341 30.724 19.423 2.33650
0.000 31.029 19.779 2.24655
0.876 31.836 20.368 1.22448
0.000 33.190 18.782 2.29471
0.000 31.542 18.959 2.52668
0.000 31.767 18.513 1.98306
0.000 31.575 18.156 2.28041
0.000 32.188 18.061 2.75838
0.000 31.921 17.445 4.00196
0.305 28.493 16.486 3.16009
0.000 29.971 16.951 2.14516
0.000 32.145 18.263 2.09796
0.055 31.343 16.830 4.79816
0.414 27.867 15.196 4.18628
0.000 28.652 15.571 3.15232
0.015 28.470 15.627 2.87064
0.000 30.461 16.127 2.31424
0.000 31.705 16.520 3.98809
0.000 29.626 14.415 3.56460
0.009 30.133 14.923 2.54021
0.108 32.959 18.239 2.48794
0.000 34.073 19.804 2.30784
0.000 32.608 21.420 1.55216
1.924 33.915 21.621 2.47141
0.000 32.052 16.447 3.99392
0.000 30.278 14.861 2.85098
0.000 29.338 15.238 2.30852
0.000 31.017 15.811 2.72890
0.007 29.920 13.145 2.94419
0.030 29.905 14.062 2.37304
0.196 30.974 16.625 1.72184
0.034 33.004 18.118 0.97381
0.004 34.897 20.930 0.77092
0.049 34.456 22.549 0.70917
5.974 34.093 22.266 1.72903
0.051 30.709 20.705 2.42096
0.004 33.119 19.485 2.05892
0.000 32.982 17.723 2.42545
0.047 31.715 16.969 3.37296
0.000 29.214 16.486 3.86882
0.000 29.665 12.719 3.38836
0.000 30.084 13.182 2.61912
0.000 30.238 12.773 2.32194
0.000 29.989 13.181 2.82403
0.000 30.595 14.086 2.59589
0.074 30.044 15.841 2.64967
0.000 30.681 15.534 2.30503
0.000 31.396 14.811 1.73237
0.000 32.484 15.993 2.38058
0.000 33.059 16.945 1.95929
0.000 33.430 18.291 1.16807
0.000 34.253 18.475 0.86001
0.000 35.267 19.691 0.39761
0.000 35.682 19.517 0.61584
0.000 35.734 18.908 0.66046
0.000 35.588 19.802 0.84364
0.000 36.219 18.818 1.25503
0.000 35.809 18.056 1.80325
0.000 34.959 17.747 2.53291
0.000 33.927 18.658 2.58049
0.000 34.026 19.865 2.35539
0.000 34.491 19.057 2.49842
0.000 34.958 17.447 2.77675
0.000 34.131 16.728 3.41393
0.000 32.813 17.158 2.85159
0.000 32.820 18.068 1.69021
0.000 33.256 16.596 3.12137
0.000 32.952 16.819 2.21706
0.000 33.246 17.842 1.65343
0.000 35.046 19.078 1.46801
0.000 34.579 19.160 1.49837
0.000 34.794 20.656 1.23405
0.924 34.224 21.836 1.64127
0.000 32.459 22.070 1.06283
0.000 36.515 22.787 0.96565
0.816 35.538 23.423 1.22962
2.375 35.097 21.591 1.38288
12.742 32.634 22.122 0.66473
0.325 34.683 23.176 1.03098
2.144 33.129 22.718 0.74022
1.369 35.005 23.424 0.81216
0.000 35.888 23.199 0.76050
0.000 37.344 23.849 0.66483
0.000 37.456 24.799 1.01571
0.000 36.920 24.321 1.04332
0.000 37.526 24.570 0.99697
9.401 38.203 26.071 1.00219
1.816 33.925 23.095 1.76113
0.000 38.072 24.721 1.80718
0.000 38.057 24.868 2.09453
0.000 39.168 25.968 1.28416
1.209 38.995 25.877 1.28223
0.000 39.097 25.774 1.46033
0.000 37.765 25.796 1.03465
0.000 38.420 24.987 1.36239
0.000 39.425 24.640 1.23803
0.000 39.032 23.376 1.52187
0.000 38.446 24.206 1.42809
0.015 38.573 25.969 1.33974
0.000 37.680 26.319 1.40884
0.754 34.892 25.017 1.17218
0.000 36.295 25.034 1.27371
4.389 37.411 25.202 1.34224
0.000 38.830 25.377 1.98043
0.000 39.502 26.409 2.07574
0.000 40.091 25.993 1.43781
5.779 38.740 27.120 1.45688
0.000 36.425 24.629 1.34806
0.000 35.303 24.723 1.34149
0.000 34.845 24.481 1.68573
0.041 35.025 23.353 2.19791
0.111 37.152 24.785 2.53668
0.000 34.777 24.457 2.15299
0.094 34.061 24.643 2.03288
0.229 37.446 26.490 1.17365
8.841 34.932 24.269 1.59148
0.522 33.553 24.770 1.04393
5.839 37.930 25.337 1.21068
0.280 38.171 25.554 1.85097
0.000 39.785 25.797 2.49171
0.000 40.390 25.588 2.11696
0.000 40.581 26.323 2.04722
0.866 40.386 27.511 1.64430
5.650 34.988 24.193 1.68955
0.000 39.510 26.040 1.29497
0.000 38.653 25.863 2.02517
0.000 39.405 25.800 1.27045
0.706 39.190 26.212 1.35419
7.514 37.254 23.808 1.73741
0.000 36.061 20.376 3.72175
0.156 36.646 20.472 3.72615
0.000 37.348 20.730 1.98216
0.000 38.488 23.413 0.99575
0.000 40.128 25.108 1.07158
0.000 40.573 26.279 2.08267
0.000 39.445 26.809 2.17255
0.000 42.218 27.181 2.14138
0.000 43.191 26.952 2.37276
22.511 42.826 27.362 1.79925
13.330 30.803 23.960 2.17905
2.416 34.703 24.939 1.11811
1.278 35.897 24.564 1.36271
0.235 34.265 24.292 1.08505
2.849 37.549 26.347 1.24626
5.796 37.165 26.577 1.35127
2.090 35.176 25.411 1.04408
3.600 36.834 26.101 0.91064
0.848 32.750 24.991 0.85024
0.335 34.847 25.997 1.41670
26.884 31.710 24.546 1.51555
0.000 36.098 25.745 1.31092
2.724 36.680 26.273 1.06961
0.132 36.998 26.331 1.49603
0.875 39.382 26.523 1.84561
12.943 39.221 27.078 1.49007
0.323 35.362 25.662 1.83101
0.290 32.211 24.398 1.78475
0.095 34.887 25.407 1.13052
0.689 37.379 26.146 1.05419
4.674 35.415 24.000 1.87179
7.939 29.838 24.606 1.21982
2.386 33.742 23.907 1.38452
0.008 37.625 25.174 1.54655
0.003 37.964 25.938 1.15648
0.004 35.559 25.196 2.03026
6.738 36.558 26.283 1.67473
1.921 33.095 25.767 1.37143
0.536 32.532 25.554 1.82402
0.335 34.523 25.439 1.88570
0.000 36.402 24.967 2.35289
2.949 32.971 24.699 2.11545
0.396 33.495 25.553 1.87384
14.116 36.002 25.182 2.28605
8.724 34.070 25.099 2.06722
0.104 34.968 24.366 2.16321
0.000 38.022 25.476 2.36601
0.000 37.125 25.371 2.13441
0.000 36.959 26.234 2.14599
0.439 27.446 26.160 1.89048
1.374 34.014 24.589 1.67179
2.648 32.921 25.191 1.43125
13.632 34.917 24.867 0.93201
0.185 37.225 25.223 1.42502
3.307 38.287 26.356 1.21870
0.185 36.303 25.521 1.34900
9.651 32.252 24.561 1.26161
13.272 32.842 23.794 1.34369
0.000 38.300 25.338 1.79769
0.000 38.852 25.654 1.86426
5.079 37.803 26.591 1.36002
22.448 34.683 25.277 0.98728
5.269 31.607 24.585 1.31635
2.333 33.112 24.205 1.29062
0.017 32.485 24.533 0.83522
22.961 33.126 24.359 1.26175
4.516 32.102 23.879 1.46965
0.000 33.331 24.298 1.89924
0.000 33.586 25.100 1.90723
0.699 31.465 24.659 2.52381
13.648 31.067 24.575 2.72440
1.403 30.931 24.461 3.05646
7.649 29.041 24.042 2.75450
2.915 28.759 23.294 3.00316
0.060 30.111 23.640 3.16018
5.141 29.551 22.727 2.60901
0.155 32.126 22.944 2.52905
0.000 34.369 23.591 2.42981
0.000 34.377 23.898 2.42795
0.000 36.422 24.290 2.55422
0.000 36.851 24.793 2.89214
0.000 37.681 25.465 2.88097
0.000 37.862 25.810 3.03535
0.000 33.957 25.701 2.84445
0.000 31.806 24.147 2.88541
0.574 32.163 24.530 2.46356
53.684 32.314 24.899 2.22487
23.294 29.625 24.359 2.23688
41.373 28.005 20.850 2.34654
0.006 30.250 22.201 1.54093
14.009 33.062 24.633 2.32124
0.969 28.729 24.192 1.76359
19.133 29.763 24.415 1.62818
15.233 29.658 24.488 1.81660
0.783 29.609 24.299 2.12233
2.326 29.628 24.416 2.23130
3.739 28.981 24.199 1.95926
22.698 28.600 23.795 2.33167
8.618 27.942 23.222 2.37410
2.901 28.699 23.330 1.87002
1.061 30.174 22.782 1.87464
0.051 29.505 23.176 1.74469
4.958 28.911 22.759 1.55066
0.126 31.312 23.073 1.54809
4.344 30.616 22.996 1.92536
16.679 29.136 22.883 1.64605
11.946 27.728 22.160 1.37479
18.898 27.615 21.501 1.73749
8.838 27.561 21.994 1.05339
23.341 26.377 21.896 1.46660
20.304 27.366 22.292 1.20716
4.532 27.276 22.375 1.46728
4.094 27.954 22.503 1.26415
1.289 29.043 22.870 1.69543
4.211 28.647 23.194 1.74163
0.411 29.816 23.421 1.83978
0.012 29.449 23.738 1.54646
29.579 29.454 23.763 1.07449
2.012 27.415 23.303 1.66484
36.745 28.708 23.182 1.91579
27.306 29.881 23.963 1.44649
12.217 29.985 23.299 1.39428
4.379 30.523 24.002 1.64903
0.750 30.274 23.868 1.27907
5.181 30.452 23.948 1.38865
0.939 29.358 23.772 1.28016
0.004 30.087 23.707 1.34436
4.891 29.901 23.708 1.61459
0.525 30.460 23.804 1.45202
0.000 31.774 24.839 1.60373
1.975 30.113 23.973 1.67801
1.892 30.106 24.067 1.77714
1.445 29.411 23.737 2.18997
0.049 30.294 23.349 2.48829
0.001 30.635 23.963 2.19538
20.977 28.564 23.617 2.13979
24.437 28.286 23.140 2.24677
6.139 28.202 22.942 2.19971
3.377 28.296 23.294 1.91434
0.009 30.324 23.804 1.95301
2.104 29.708 23.848 2.14360
2.530 27.970 23.825 2.03572
18.040 28.526 23.147 1.94306
0.966 30.521 23.195 1.58626
7.460 30.787 23.176 1.26014
1.154 30.285 23.639 1.11215
0.500 29.729 23.290 1.19008
0.881 31.043 23.740 1.38181
1.432 30.810 23.815 1.67507
5.070 29.636 24.089 1.57134
37.296 28.623 23.577 1.27515
10.446 29.090 22.739 1.31196
0.020 29.585 23.642 0.76746
4.648 27.678 23.781 1.05457
2.706 30.524 23.052 1.31083
70.613 28.794 23.450 1.93513
32.594 25.396 22.089 4.72553
21.596 28.595 22.735 2.16658
5.902 28.506 23.129 2.84183
2.146 28.809 23.490 1.22448
0.000 30.511 22.599 1.07296
0.000 31.881 23.804 1.08895
1.011 28.444 22.442 1.52773
0.606 29.943 22.525 1.11880
0.000 31.068 23.378 1.48194
2.588 29.848 23.881 1.69967
0.205 30.096 23.841 1.76963
7.444 30.385 24.209 1.32771
1.429 29.951 23.205 1.04454
11.470 30.339 22.683 0.75038
4.715 30.521 22.476 1.29492
0.000 30.861 23.062 0.64401
35.449 31.615 24.443 0.50550
6.273 30.720 24.504 0.51120
8.074 28.308 23.496 1.09417
14.538 27.983 23.191 1.71112
10.284 28.727 22.578 1.63975
4.469 29.383 23.364 0.92170
4.111 30.493 23.965 0.67019
22.334 29.226 23.543 0.77045
4.292 27.669 22.921 1.19227
3.450 30.118 22.861 1.48246
0.000 26.401 19.996 2.26863
0.000 28.103 20.676 2.12659
0.000 29.290 20.622 2.01670
0.170 29.373 21.454 2.29365
1.211 29.549 21.156 1.99824
0.211 29.601 21.517 1.08271
1.801 30.804 21.403 1.37817
0.000 30.879 20.637 1.30128
0.000 31.017 20.488 1.02698
0.000 30.389 21.862 0.66256
0.000 32.625 19.427 0.89127
0.000 31.446 21.203 1.01372
0.000 31.271 20.010 1.15207
0.000 30.297 20.629 1.10692
0.000 31.388 21.037 1.02058
1.528 31.298 22.227 0.98183
5.319 31.130 23.396 0.93934
3.299 30.929 22.930 0.78815
3.819 30.998 21.753 0.75172
0.000 31.826 22.533 1.13275
0.000 31.397 22.247 1.73831
0.000 31.209 22.172 2.37729
0.014 30.149 21.516 2.17366
1.729 27.346 21.667 1.67816
0.880 30.468 22.190 1.77657
0.840 29.972 23.138 1.45202
19.641 28.974 22.327 1.14998
0.000 31.701 23.470 0.96692
0.023 31.625 23.670 0.88879
2.202 31.670 23.150 1.00846
2.821 31.461 22.244 1.00451
1.540 32.714 23.629 1.00919
1.261 31.840 23.241 1.07091
0.000 29.438 22.972 1.10911
0.600 31.825 23.417 0.69755
0.474 32.105 23.252 0.74106
0.000 32.771 23.095 0.90532
0.000 33.172 23.180 0.71837
0.000 33.195 23.149 1.13004
10.081 33.332 22.335 1.20133
0.000 33.278 21.228 1.14620
0.106 33.233 21.864 1.34975
0.000 32.688 21.395 1.62448
0.051 33.351 21.143 1.40740
0.000 33.469 22.208 1.47704
0.000 32.649 21.819 2.00052
0.183 33.454 20.919 3.15563
0.000 32.587 21.289 2.58539
0.151 33.673 22.076 2.52593
0.154 33.668 21.671 2.11479
0.000 34.351 21.715 1.46709
0.000 34.978 22.695 0.81258
0.477 35.581 23.728 1.18009
0.000 35.745 22.417 1.37983
0.000 35.412 21.853 1.51488
2.591 35.164 20.674 2.13071
0.000 33.257 19.059 3.66677
0.000 30.282 19.081 2.99972
0.000 33.429 19.641 2.52199
0.000 33.505 21.098 1.38656
0.000 35.050 20.962 1.34638
0.000 34.756 21.698 0.95940
0.000 35.749 21.990 0.61252
0.000 36.184 22.005 0.99658
0.000 36.354 21.902 1.71402
0.000 35.757 20.556 2.40271
0.000 32.649 16.972 4.69970
0.000 27.702 15.167 4.18411
0.015 30.671 15.631 3.12847
0.020 31.235 17.525 2.55645
0.000 32.890 18.901 2.64450
0.000 33.518 20.005 2.63754
0.744 33.161 22.060 1.76632
0.179 36.213 22.968 1.05698
0.000 36.710 22.963 0.96165
0.000 36.745 21.344 1.84635
0.000 35.334 21.492 1.74353
0.000 35.985 21.157 2.09452
0.000 35.196 20.303 2.08004
0.000 34.585 21.608 1.77721
0.000 33.896 21.523 3.00535
0.000 33.790 19.586 3.67668
0.000 33.819 18.435 2.95514
0.000 34.312 19.066 1.66556
0.000 35.390 20.390 1.20339
0.000 35.832 20.821 1.04125
0.000 36.419 20.795 1.01694
0.000 35.865 22.043 1.08476
3.025 35.516 23.422 1.00784
0.207 34.534 23.665 1.02593
0.000 29.006 21.937 1.05508
0.002 34.852 22.271 1.38312
0.000 35.331 22.218 1.32644
0.000 36.495 23.151 1.68374
0.000 35.267 23.684 1.60908
0.000 35.858 24.171 0.85217
0.065 37.057 25.072 0.95799
7.706 35.411 24.817 1.21990
0.000 33.148 23.968 0.99095
0.000 32.229 21.827 1.12719
1.398 33.605 22.118 1.31377
0.591 34.410 22.894 1.50617
0.000 36.098 24.069 1.01514
0.000 36.209 24.463 0.55448
0.000 36.136 15.850 4.04303
1.047 27.631 11.945 5.58585
0.114 23.489 12.454 4.33760
0.000 29.314 13.140 2.81185
0.000 33.033 14.835 1.82347
0.000 35.114 18.726 1.36754
0.000 35.532 21.675 1.13683
0.000 35.165 21.941 1.08948
0.000 35.388 22.603 1.14901
0.289 35.994 18.117 3.48723
0.000 32.238 16.964 4.21276
0.000 33.311 17.712 2.83016
0.000 35.357 19.188 3.26536
0.000 34.319 16.606 4.44356
0.000 30.420 13.529 5.62409
0.000 27.533 11.064 4.76163
0.000 28.643 11.935 2.88309
0.000 32.176 14.091 1.52544
0.000 34.268 17.661 1.12772
0.019 36.145 19.481 0.98046
0.000 37.650 20.774 1.24755
0.000 37.867 23.078 1.17619
0.000 39.083 23.024 0.94493
0.000 37.899 18.347 3.92906
0.000 35.109 18.974 2.89694
0.000 36.154 18.836 2.67045
0.000 36.209 19.931 1.77349
0.000 37.034 21.589 1.79545
0.000 36.868 18.433 3.82564
0.000 36.076 19.270 1.00687
0.000 37.751 23.373 1.27205
0.000 38.748 23.286 3.11970
0.000 36.183 17.444 4.78512
0.000 35.206 17.235 4.79781
0.000 34.403 16.366 4.88320
0.000 34.618 17.206 3.64190
0.000 35.586 18.144 3.06683
0.387 34.772 18.068 3.92726
0.000 35.370 18.934 2.58887
0.000 36.415 20.341 2.29538
0.000 37.028 21.721 1.08755
0.000 38.012 23.537 0.85914
0.000 37.619 25.460 0.98293
0.000 38.989 26.994 1.28972
0.000 36.831 26.525 1.31145
0.000 37.226 26.552 1.49847
0.000 39.242 26.420 1.55781
0.000 41.567 23.949 1.83633
0.000 37.701 23.915 2.38730
0.000 38.006 25.004 2.01227
0.000 37.825 25.877 1.46454
0.000 40.919 26.962 1.06081
0.000 40.346 26.727 2.37422
0.000 39.538 26.704 1.89885
0.000 41.955 27.431 1.84318
0.000 41.513 27.538 2.17577
0.000 41.545 27.967 1.82121
0.000 41.873 27.206 2.32200
0.000 41.638 25.622 2.26683
0.000 41.489 25.907 2.29368
0.000 40.909 27.102 2.15924
0.000 40.713 23.336 2.70944
0.000 35.704 19.737 4.19294
0.000 37.580 20.855 2.78026
0.000 36.592 20.379 3.80865
0.000 37.466 21.655 2.26180
0.000 38.084 24.656 1.52407
0.081 39.101 27.216 1.14570
0.081 38.232 28.066 1.34523
0.000 38.841 27.897 1.25711
0.000 39.075 28.000 1.68432
2.271 34.882 27.329 1.15229
0.000 36.168 26.077 1.50510
0.000 40.215 26.195 2.16701
0.000 42.141 26.851 1.94865
0.000 41.958 28.098 1.62668
0.354 41.569 28.859 1.67637
0.000 41.084 27.856 2.12828
0.000 42.407 27.817 2.70409
0.000 43.421 27.000 2.66679
0.000 42.304 26.424 2.71479
0.000 42.123 27.143 2.43828
0.000 42.699 27.263 2.30472
0.000 43.647 26.471 2.17356
0.000 42.938 27.893 1.91274
0.316 42.789 28.933 2.20777
6.678 39.136 29.437 1.39937
0.060 37.228 27.749 1.83031
6.615 35.356 25.760 1.75940
0.000 37.945 27.073 1.62689
0.000 39.052 27.345 2.19941
0.000 40.790 26.598 2.33526
0.000 41.335 27.358 1.98896
0.000 41.648 28.523 1.94539
0.000 43.047 29.156 2.04611
0.006 41.907 29.254 1.69989
21.559 38.404 26.998 1.20639
0.000 34.982 27.286 1.01260
7.181 29.329 23.616 1.09613
0.249 35.423 25.609 1.43968
0.783 37.952 26.173 1.46678
11.179 38.691 26.723 1.22573
8.581 37.302 26.622 0.97124
29.911 38.405 27.513 0.96223
4.145 36.767 26.299 2.00823
0.801 39.108 28.288 1.30609
0.065 36.737 27.428 1.38709
5.743 37.232 26.310 1.58726
1.268 37.156 27.007 1.21430
1.990 37.013 26.784 1.67552
15.515 36.071 26.812 1.75429
9.702 30.933 24.980 1.22867
0.004 36.901 25.941 1.10513
9.245 30.070 24.753 1.13213
3.280 30.479 24.452 0.84656
0.610 35.660 25.656 0.97122
0.000 32.136 25.931 1.54257
0.506 31.380 25.119 1.19271
25.260 29.734 25.273 1.87531
0.264 33.360 25.214 1.50948
1.565 36.561 25.288 1.92650
13.555 34.012 25.161 1.67262
19.965 32.513 25.260 1.61819
0.075 31.181 24.860 2.10271
0.204 32.872 25.305 1.97663
2.383 32.023 25.039 2.02347
5.875 31.408 23.855 2.17298
17.188 31.881 24.318 1.39891
7.416 30.870 24.058 1.52269
4.097 32.080 24.699 1.22905
0.000 35.322 24.517 1.38041
0.000 35.726 24.465 1.57484
0.020 33.942 24.867 1.43274
0.006 33.284 24.966 1.30638
33.371 32.336 24.392 1.29124
4.746 31.399 24.874 0.94990
15.005 29.874 24.319 1.71359
10.160 30.478 23.778 1.90014
0.026 34.058 24.425 2.00740
2.753 31.809 24.511 1.21958
0.206 35.108 25.104 1.96902
10.600 33.091 24.285 2.12739
6.949 33.981 25.044 2.04631
0.000 33.256 24.484 2.05045
14.397 34.264 24.535 1.80283
5.015 31.844 23.940 1.66258
5.581 30.945 24.041 1.14156
0.000 31.993 25.089 0.92303
14.286 33.611 24.872 0.81955
40.786 32.366 24.325 0.93755
1.001 30.932 23.806 0.86862
21.732 31.694 24.003 1.48211
12.141 29.232 23.664 1.27886
1.132 30.715 23.195 1.69332
23.279 31.076 24.131 1.87312
24.574 28.167 23.481 2.36875
23.201 29.899 24.235 2.71626
69.310 29.628 23.867 2.49981
2.066 30.397 23.585 2.34027
0.872 30.759 24.040 2.09303
1.355 28.443 23.784 1.89154
1.097 29.797 23.244 2.05080
1.941 30.179 23.993 1.50311
17.846 29.502 24.043 1.91252
51.712 27.774 23.061 2.77234
7.031 25.102 22.066 1.98599
7.580 30.359 23.352 1.96292
8.700 30.021 23.913 2.39122
4.409 30.481 23.949 2.62266
2.249 29.496 23.484 2.48722
15.012 29.380 23.631 2.80199
49.394 28.443 23.901 2.18025
3.656 29.533 23.989 2.03490
3.245 28.898 23.549 1.40261
0.385 30.646 23.668 1.36721
6.700 30.109 24.138 1.31713
2.995 29.889 23.853 1.43536
1.998 30.975 24.060 1.01990
0.109 30.038 24.244 0.98325
12.410 31.732 23.888 0.99563
0.035 29.631 23.983 0.88156
7.121 29.222 24.497 0.62009
20.095 29.007 23.191 0.67457
0.762 30.045 23.488 0.68245
8.246 31.304 23.802 1.14392
2.046 29.589 23.588 1.39649
0.599 29.250 23.057 1.42771
2.430 30.493 23.328 1.75297
2.149 30.092 23.396 1.56161
5.298 29.029 23.516 1.70555
0.503 29.650 23.577 1.78108
0.019 30.779 24.205 1.84549
0.051 29.338 23.981 2.09703
50.150 29.631 24.076 1.88444
3.585 29.240 23.758 1.81217
13.768 28.905 23.269 1.34026
0.120 29.715 23.418 1.67701
0.917 30.276 23.980 2.28528
2.849 31.044 23.786 2.47803
0.000 30.930 24.116 2.42309
1.204 30.866 24.256 2.31358
2.296 28.917 23.800 2.74756
0.593 28.903 23.558 2.51480
0.329 31.026 24.342 2.89104
0.363 30.427 24.293 2.91872
1.006 30.232 23.773 2.73742
11.294 31.711 23.560 2.60399
2.757 31.524 24.835 2.56687
1.986 29.124 24.549 2.73960
2.109 30.803 24.155 3.20009
0.017 32.461 23.604 2.22542
1.491 32.538 24.521 1.69848
11.286 31.207 24.451 1.89346
25.953 29.318 23.587 1.23921
28.195 29.671 24.029 1.16615
0.021 30.411 23.875 1.10453
0.045 32.227 24.184 1.33999
30.410 31.461 24.436 1.10982
16.449 30.207 24.434 1.02003
23.159 29.299 23.927 1.16659
3.736 30.347 24.154 1.22367
7.087 29.162 23.459 1.87088
0.276 31.043 24.154 1.92322
0.031 30.615 23.885 2.26778
0.106 30.815 23.824 2.22865
0.250 30.585 24.097 2.18434
29.650 28.600 24.104 1.85647
54.130 28.482 23.212 1.61429
6.706 32.387 22.054 1.52488
4.269 30.472 23.150 1.58808
0.281 31.338 23.554 1.44200
21.164 30.268 23.814 1.46911
4.381 28.086 23.568 0.88908
6.498 28.351 23.763 1.05177
34.338 26.559 22.514 3.32829
3.121 30.148 22.761 1.69644
0.487 29.513 23.422 1.51784
1.045 30.512 24.091 1.34549
6.946 28.237 23.915 1.01180
4.884 28.806 23.805 1.04538
45.766 28.451 23.449 0.88777
18.212 29.745 24.217 0.94478
7.242 27.022 24.029 1.24590
24.325 30.789 23.377 1.09467
27.984 30.456 23.803 1.05518
6.462 29.798 24.144 0.91539
3.798 29.166 23.821 0.74879
7.844 30.556 24.035 0.59093
6.981 29.173 24.275 0.67688
14.239 27.798 23.130 0.96958
19.241 29.438 23.622 0.73565
40.313 29.065 23.616 0.74463
0.110 28.745 22.330 1.33658
0.000 30.075 22.583 1.28544
0.329 30.837 23.259 0.83931
0.338 29.710 23.641 0.50650
12.779 30.724 24.059 0.75465
21.949 27.980 23.757 1.06062
13.523 27.601 23.092 0.80599
9.650 29.280 23.144 0.70294
0.000 29.896 22.597 0.92486
5.154 29.866 22.876 1.17107
3.817 30.258 23.313 1.28157
1.618 29.281 23.377 1.94373
0.432 29.819 23.039 1.99907
1.572 29.783 22.643 1.59979
0.231 30.751 23.622 0.91688
8.381 30.181 22.482 1.97124
0.053 30.115 22.555 1.76048
0.617 30.472 23.121 1.11428
0.003 32.591 23.017 0.42505
0.120 30.920 23.681 1.28606
1.574 29.941 23.695 1.38875
2.720 29.546 23.437 1.18979
24.410 29.765 22.886 0.81823
0.416 29.857 22.979 0.64297
0.266 28.822 23.582 1.03393
3.648 29.237 23.477 1.27388
10.951 30.510 23.196 1.11956
4.313 30.900 22.776 0.94607
5.577 29.218 22.882 1.40475
2.061 30.058 23.147 1.29749
0.869 29.887 23.711 1.61657
0.519 28.597 21.853 2.51530
2.147 29.243 20.705 3.39902
0.002 28.132 20.303 3.15667
1.739 27.942 20.617 2.16004
0.780 29.617 21.359 1.40274
20.110 27.932 22.087 0.84767
3.950 28.697 23.171 0.68479
0.000 29.387 24.063 1.09688
5.541 29.884 23.125 1.13137
2.385 28.480 18.455 2.07955
0.000 29.086 19.154 1.64252
2.515 29.883 22.021 1.17536
0.000 31.016 21.677 1.05111
0.000 31.069 22.051 1.23634
0.000 30.524 20.029 1.57261
0.000 29.993 19.629 1.67169
0.166 29.764 20.969 1.72284
0.350 29.312 22.466 1.58894
0.105 30.714 22.703 0.85070
0.076 30.138 23.348 1.08209
1.414 30.348 23.547 0.83878
0.452 30.475 23.343 0.97064
0.839 29.900 23.513 0.67057
1.631 27.297 19.803 2.12917
0.105 29.226 20.183 1.70570
0.068 29.040 17.024 2.97963
0.000 27.076 17.016 2.58828
0.000 27.574 17.568 2.30064
0.000 28.929 18.778 2.58560
0.141 28.181 18.221 3.20196
0.046 26.874 18.325 3.05298
0.360 23.985 18.541 2.55582
0.000 29.542 19.216 2.54151
0.181 29.255 20.443 2.66524
0.561 29.008 20.197 2.37273
0.158 28.595 18.327 3.14120
0.000 28.328 18.797 2.81484
0.121 27.311 17.381 2.60182
0.000 28.430 17.877 2.05450
0.183 28.141 17.380 2.10809
0.074 29.331 18.146 1.70338
0.207 29.360 21.051 1.42437
5.641 28.478 21.934 1.82603
0.728 27.859 20.001 2.69665
0.599 27.703 17.895 3.64305
0.000 23.702 15.340 3.78168
0.000 26.762 15.649 2.17917
0.000 29.543 18.103 2.01727
0.000 31.610 20.264 1.59079
0.000 31.860 21.383 1.51411
0.000 32.217 21.897 1.88397
0.000 31.784 18.873 2.87188
0.010 31.201 19.379 2.34291
0.000 32.227 20.588 1.87735
0.290 32.458 20.745 1.67642
0.070 32.635 20.242 2.24508
0.000 30.449 15.841 4.12243
0.180 28.201 15.146 3.46439
0.000 27.608 15.216 3.76857
0.330 28.429 15.819 2.96046
0.058 30.548 17.367 3.18875
0.000 32.313 18.560 2.66574
0.010 32.944 20.503 2.85885
0.016 32.561 19.766 2.40311
0.000 31.692 20.466 2.17346
0.000 31.788 21.622 1.94156
0.000 31.769 21.207 1.49272
0.951 32.867 21.879 1.35631
0.815 33.131 22.342 1.24889
0.265 32.585 22.108 1.13997
0.000 34.350 22.080 1.30949
0.128 34.891 23.318 1.22423
0.000 34.671 21.666 1.09782
0.000 34.178 19.977 1.86780
0.000 32.679 20.070 2.12177
0.060 33.815 20.511 2.88041
2.524 31.517 20.875 1.84482
1.088 30.374 21.330 1.53363
0.000 33.183 19.867 2.05033
0.000 34.086 19.002 2.02613
0.000 34.585 19.105 2.63110
0.040 33.669 18.818 3.14471
0.000 33.211 17.995 3.77046
0.022 31.324 17.245 2.90138
0.000 33.426 17.978 2.71112
0.000 33.769 19.355 3.50293
0.000 33.579 19.076 3.07565
0.000 32.284 16.410 2.56149
0.000 31.252 17.079 1.45916
0.000 33.108 18.455 1.35992
0.000 33.373 17.809 2.91554
0.000 33.358 18.229 2.22455
0.000 34.482 19.245 2.98042
3.475 32.251 20.761 2.27250
0.080 32.751 21.126 2.16465
0.000 35.040 20.840 1.79983
0.000 35.061 18.572 2.12886
0.000 36.069 17.346 1.42028
0.000 36.799 18.944 0.80357
0.000 36.192 20.850 1.16358
0.000 35.263 17.463 3.02773
0.000 33.326 16.956 3.19913
0.000 33.049 15.291 3.98809
0.000 31.437 15.260 3.76320
0.000 31.550 15.974 2.82970
0.000 33.048 17.296 2.60035
0.000 33.537 17.798 2.46954
0.000 33.987 18.098 2.08535
0.000 35.089 18.277 2.10235
0.000 35.414 19.396 2.08355
0.000 35.778 20.548 1.41233
0.000 37.928 23.205 0.97001
0.000 38.474 25.080 1.03779
0.000 37.038 25.637 1.75989
0.436 29.685 23.935 1.23473
0.462 33.996 22.632 1.90861
0.000 28.873 20.216 1.55383
0.000 35.926 19.999 3.09370
0.000 35.269 19.963 2.98473
0.000 36.832 20.946 2.66250
0.000 37.187 20.015 3.54776
0.015 35.520 18.994 2.78022
0.000 36.991 20.257 1.15579
0.000 37.103 22.747 1.03623
0.000 37.918 24.722 1.05229
0.526 38.043 25.653 0.96951
0.000 38.430 24.666 1.65291
0.000 36.612 24.395 1.82944
0.000 36.255 24.543 1.41871
0.000 38.072 26.054 1.27521
0.110 39.277 26.953 1.38156
6.495 37.734 26.682 1.60868
0.036 37.479 27.133 1.41186
13.598 40.418 25.786 1.55197
4.753 38.635 25.943 1.32833
0.401 36.635 25.612 1.47668
1.240 30.942 24.211 1.87041
1.211 35.325 24.312 1.69113
7.593 34.229 23.989 0.99865
6.249 34.240 24.626 1.35430
0.687 32.099 22.874 1.43350
0.704 35.049 23.999 1.25244
0.000 34.541 25.448 1.14066
0.664 33.252 23.665 1.89204
9.052 32.177 24.219 1.59712
24.709 28.861 19.650 3.12958
0.215 32.570 20.447 2.59440
0.000 35.501 22.361 1.69186
3.125 32.142 23.475 1.63042
3.485 34.671 23.044 1.40731
1.278 30.428 20.655 1.88846
0.099 32.613 19.899 3.17334
0.000 31.745 20.722 2.15996
0.545 34.113 22.683 1.03700
0.065 35.404 24.332 0.79758
24.461 35.319 24.557 0.92186
0.179 32.533 24.645 1.15815
5.199 35.463 25.396 1.30488
0.263 36.450 25.905 1.33413
0.069 38.255 26.156 1.85484
0.000 36.506 26.335 1.95302
0.000 35.699 26.237 1.36013
0.000 37.559 25.955 1.16295
1.400 32.102 22.989 1.79040
0.000 36.620 24.249 1.22685
0.000 37.039 23.021 1.55812
0.000 38.538 24.705 1.29952
1.259 38.740 25.299 1.16599
1.144 38.748 24.751 1.62207
0.000 39.809 25.129 2.31444
0.156 39.754 25.016 2.35725
0.000 38.140 25.208 2.51051
0.000 39.520 25.700 1.27407
0.000 39.150 25.178 1.39473
0.000 35.609 24.112 1.81526
0.349 36.872 24.829 1.44753
0.081 37.425 26.273 1.12990
3.853 38.277 25.935 1.30584
28.220 31.540 22.860 1.46966
0.998 30.046 23.573 0.67716
0.000 35.895 25.491 0.95039
4.631 37.005 25.932 0.97652
0.892 34.377 26.020 1.16021
0.040 35.779 26.077 1.36171
56.438 34.191 25.652 0.74430
3.875 32.972 25.639 0.85852
34.874 30.742 24.948 0.92750
0.336 31.217 23.300 1.05571
6.606 34.551 24.310 0.84257
6.914 31.650 24.001 1.39976
3.722 32.818 23.812 1.12463
1.323 34.137 24.162 1.29545
0.000 34.037 25.237 0.61639
3.025 30.848 23.760 0.71264
7.169 31.839 24.558 0.69237
6.285 32.269 24.630 0.97041
11.135 31.493 24.368 0.69761
31.102 32.504 24.804 1.03224
1.883 32.026 25.203 1.86704
0.726 31.519 24.639 1.68471
0.154 31.849 24.850 1.46852
0.305 32.870 25.589 1.34600
1.425 32.128 24.997 1.41092
13.746 32.108 25.336 1.38654
45.754 32.105 25.331 1.44046
39.744 30.206 23.445 1.57098
17.429 30.897 23.133 1.40204
9.099 31.047 23.942 1.44655
26.498 28.384 23.880 1.40070
15.680 30.752 24.142 1.30812
16.784 31.910 24.566 1.00620
0.795 30.033 24.671 1.14976
2.538 31.131 25.450 1.26576
40.038 30.791 25.392 1.83810
0.000 30.445 25.074 2.46755
0.678 30.914 24.335 2.37194
3.573 30.775 24.101 1.86865
0.587 30.692 24.224 2.02484
8.430 28.664 23.814 1.89291
0.326 30.358 24.058 1.78778
32.426 28.649 24.203 1.92491
47.096 29.971 23.679 1.91309
5.485 30.596 24.207 2.13889
4.606 29.810 24.424 2.00723
7.920 28.456 23.822 1.72559
1.956 29.654 24.111 1.59862
0.064 29.276 23.394 1.67980
0.000 31.888 23.438 1.42931
3.077 29.306 24.216 1.12051
4.019 28.745 23.799 1.39008
0.289 29.939 24.666 1.39824
0.955 28.341 23.593 1.80061
0.555 29.626 24.279 1.83375
19.847 26.900 23.627 2.15759
0.895 29.204 23.438 1.80363
15.272 29.780 23.877 1.78615
3.104 29.142 23.366 1.66262
0.246 27.448 23.566 1.77670
0.096 30.449 24.289 1.35041
6.825 29.557 24.222 1.00463
4.463 27.965 23.425 1.01421
2.425 30.095 23.852 1.20049
1.371 30.348 23.722 1.77271
6.662 29.622 23.806 1.73918
21.197 29.264 23.769 1.85139
10.399 28.347 23.524 1.43810
17.398 29.026 23.457 1.76933
19.629 28.864 23.210 1.97446
6.294 28.836 23.008 1.89522
13.431 29.200 23.303 1.66122
24.081 28.869 23.662 1.17701
2.060 28.815 23.298 1.65036
3.169 29.062 23.752 1.51638
15.189 29.407 23.362 1.57853
4.072 28.975 23.570 1.94717
14.878 29.262 23.937 2.09081
2.199 27.849 22.957 2.56753
9.799 26.893 22.950 2.97973
21.112 29.253 22.797 2.54726
29.404 29.370 23.954 1.85381
12.325 28.573 23.710 1.83603
5.394 26.501 23.317 2.10593
1.983 27.998 22.903 1.70073
0.795 27.207 23.449 2.05806
35.730 27.059 23.753 1.80182
27.163 27.517 23.993 2.19739
60.475 26.756 23.133 2.99304
30.254 26.693 23.168 3.65498
2.270 26.175 23.579 3.78313
0.391 28.177 24.004 2.68554
0.645 28.640 24.137 2.43450
0.019 30.141 23.597 2.46910
0.183 31.081 24.535 2.40761
0.000 30.345 24.445 2.23010
0.154 30.426 24.277 2.36923
21.459 29.613 24.477 2.34517
2.765 28.100 23.844 2.09635
7.240 29.251 24.231 1.81556
20.944 29.182 23.521 1.35923
27.871 30.177 23.710 1.19704
2.686 30.688 24.292 1.44690
3.246 29.955 24.098 1.33336
0.000 29.497 24.102 1.50496
0.303 27.903 23.662 1.36564
0.939 29.485 23.911 1.28076
0.211 31.040 24.531 1.13056
1.739 30.942 24.818 1.27066
5.470 27.842 23.436 1.51918
3.271 29.912 23.570 0.63965
14.176 28.371 23.264 1.21694
24.823 29.818 23.795 0.71427
0.722 26.953 22.683 1.62620
0.359 30.034 23.540 1.45676
0.554 29.835 23.959 1.50701
2.323 29.962 24.022 1.77503
8.001 28.812 23.870 2.19692
9.054 30.071 23.709 2.04742
36.126 29.561 24.128 1.34507
20.829 27.921 23.401 1.06780
11.929 27.329 22.451 1.36355
15.462 27.485 22.975 2.37989
2.119 28.005 22.454 1.49586
0.040 31.206 23.752 1.22204
0.000 30.761 23.449 1.00319
0.308 30.634 24.010 1.72295
2.165 28.558 23.931 1.50459
0.597 30.193 24.225 1.62279
1.910 30.100 24.370 1.46275
0.789 27.934 23.101 1.39537
0.345 28.568 23.166 1.15032
3.189 30.404 24.319 0.91243
4.509 30.649 24.805 0.48524
2.555 32.173 24.431 0.99988
0.000 30.442 24.693 0.55786
13.319 30.790 24.548 1.02105
0.000 28.211 23.138 1.02494
0.436 29.765 23.861 0.95870
5.815 30.027 24.066 0.90554
33.113 27.345 23.717 2.05722
12.624 30.406 23.638 1.53326
3.125 28.938 23.314 1.27324
0.038 30.128 24.274 1.27269
31.664 31.087 24.694 0.91711
7.031 30.561 24.175 0.64371
9.794 31.574 24.431 0.91725
17.181 26.204 22.460 1.30953
2.775 28.941 23.244 0.86272
1.121 30.261 23.860 1.23465
3.021 27.817 23.418 0.96837
0.519 29.512 23.710 1.15754
1.276 29.798 23.848 1.07520
5.209 27.169 24.116 1.01007
1.386 30.351 24.224 0.71451
5.880 28.912 23.684 0.90187
19.834 28.536 23.907 0.92622
5.454 26.695 23.813 1.90859
3.816 28.018 22.972 1.43980
7.275 27.610 22.472 1.46009
9.851 30.094 23.413 0.49579
0.489 29.882 23.833 0.68811
9.165 28.764 24.092 0.91683
2.624 29.921 23.776 1.45781
6.441 30.380 23.858 1.38853
8.123 30.259 24.223 1.01869
32.663 28.219 23.269 1.13894
2.053 29.262 23.768 1.02395
2.801 30.648 24.045 0.94798
0.147 28.479 22.322 1.45879
0.230 30.196 23.427 1.18509
7.014 28.541 20.213 1.28389
1.984 25.501 20.469 1.42951
0.000 26.085 21.265 1.69910
0.121 29.771 21.846 1.86318
0.000 29.537 21.745 1.59764
0.081 30.199 21.674 1.58221
0.168 30.915 21.691 1.47243
0.300 30.105 22.757 1.29381
0.214 29.027 21.540 1.30039
0.146 30.240 21.557 1.75153
0.000 29.417 20.513 2.06214
0.000 29.269 20.592 2.15794
0.000 29.107 20.162 2.02736
0.000 28.831 19.769 2.64248
0.000 28.092 18.799 3.21854
0.304 26.540 19.509 3.20545
1.387 26.299 20.025 2.73795
0.000 28.690 18.389 2.53493
0.799 27.261 18.098 2.97193
4.754 25.870 18.709 5.24053
11.265 25.639 20.042 2.97374
0.295 28.806 20.024 2.71123
0.662 27.393 20.232 2.50588
1.376 28.297 21.165 2.19920
0.025 29.150 22.451 1.73081
0.000 30.016 22.475 2.02437
0.000 30.273 21.609 1.88005
4.461 29.111 22.316 1.06507
0.190 29.097 21.074 1.27884
0.000 30.625 22.466 1.35650
0.049 29.833 22.893 1.19063
0.057 30.267 23.420 1.00607
0.000 32.258 23.873 0.62767
0.095 31.867 24.504 1.25935
11.084 29.909 22.352 2.30966
0.220 29.965 21.023 2.29410
0.154 29.270 20.581 2.39566
0.729 29.841 19.509 2.94002
0.000 28.734 17.787 3.52570
0.081 27.403 16.356 3.42731
0.064 26.400 16.873 2.80627
0.000 27.508 17.781 3.08568
0.032 29.511 18.395 2.34066
1.130 29.929 20.869 2.58449
0.172 30.725 22.223 2.35127
0.005 31.081 20.758 2.34661
0.000 29.038 20.229 2.70698
0.397 30.144 19.624 3.19570
0.415 31.315 20.092 2.90013
0.075 30.527 19.792 3.12452
0.000 29.268 18.403 2.95802
0.000 30.711 18.818 1.47762
0.000 32.511 20.913 1.34279
0.515 29.920 17.846 2.97674
0.011 29.392 18.257 2.06144
0.000 31.521 19.124 1.64363
0.037 32.529 20.297 1.10531
0.000 32.557 22.226 0.81209
0.000 33.093 22.795 0.69228
0.289 32.611 20.898 0.94256
0.000 32.337 20.947 2.25154
0.000 31.030 16.233 4.71233
0.000 27.014 12.367 4.36254
0.000 25.180 10.480 3.86910
0.000 24.719 10.111 4.10838
0.000 25.180 10.909 3.85116
0.000 27.066 12.043 3.20546
0.000 30.172 15.291 2.29372
0.000 33.262 18.579 1.87568
1.381 31.642 16.428 3.80210
1.150 28.208 16.755 3.34415
0.104 27.430 17.850 3.25324
1.196 32.264 18.623 2.39880
0.000 33.538 19.631 2.58016
0.026 34.088 20.165 2.65979
0.019 34.159 19.151 3.33493
0.000 32.673 17.942 2.97155
0.000 31.412 18.320 1.82225
0.000 32.530 19.221 1.78320
0.000 34.357 20.351 1.77466
0.000 35.236 21.222 1.60377
0.086 34.927 22.235 1.03816
0.035 31.711 23.746 1.11501
0.000 32.754 22.988 1.24892
0.829 34.906 20.704 1.29402
0.000 32.845 16.483 3.57448
0.000 28.805 15.303 4.14208
0.000 24.141 14.756 4.49315
0.000 26.429 14.481 3.98042
0.000 28.801 14.902 2.84456
0.000 31.250 15.855 2.31525
0.009 31.939 17.958 1.40672
0.000 32.833 19.716 1.26402
0.000 33.880 20.180 1.42294
0.000 34.716 19.961 1.91118
0.004 34.862 20.655 1.95481
0.000 35.744 21.521 1.32211
0.101 35.817 23.172 0.94756
0.000 35.208 22.676 1.61803
0.000 35.389 21.768 2.08174
0.000 35.551 22.045 1.53849
0.008 36.024 23.586 0.73550
0.000 36.378 24.453 0.91982
0.000 36.122 24.909 0.83945
1.566 36.352 25.563 0.64261
0.038 35.490 18.307 2.15833
0.000 31.080 18.497 1.21086
0.000 32.507 15.408 3.32423
0.000 24.354 15.630 2.42191
0.000 31.400 14.938 3.95503
0.000 30.084 13.066 3.91708
0.000 30.682 13.849 3.30715
0.000 30.008 11.318 4.21630
0.000 28.103 12.077 2.61136
0.000 30.932 14.332 1.98072
0.000 32.151 15.718 1.41515
0.000 33.728 18.177 0.85461
0.000 35.395 19.743 0.94241
0.000 35.203 19.318 2.58365
0.000 33.745 16.930 3.64027
0.000 33.254 17.538 2.25661
0.000 35.615 18.894 1.03962
0.000 37.993 21.524 0.94750
0.000 38.998 23.260 1.10950
0.000 38.235 24.078 1.58725
0.000 37.055 24.915 1.46166
0.311 36.338 25.352 1.24475
0.000 35.886 24.422 0.88021
0.000 36.486 24.798 1.23899
0.519 37.502 23.809 1.76108
0.601 33.379 22.329 2.29788
0.005 36.577 23.182 1.43395
0.000 37.719 24.783 2.00587
0.000 36.639 24.110 1.33207
0.000 37.076 24.403 1.28552
0.000 38.118 25.662 1.02848
0.000 37.877 26.854 1.62509
0.000 36.339 26.147 1.28010
0.580 37.656 26.170 1.90528
0.000 38.177 27.040 1.27345
3.044 38.174 26.885 0.94937
11.436 35.141 24.789 1.17577
34.997 35.831 24.902 1.21827
0.039 35.412 18.331 3.81601
0.228 32.318 17.303 3.72580
0.000 33.614 18.089 2.32724
0.000 35.913 21.057 1.83034
0.000 36.523 22.325 1.45341
0.000 37.062 24.245 0.76814
0.000 36.170 23.758 0.99918
0.000 34.850 23.221 1.14959
0.064 35.656 23.381 1.51511
0.000 33.453 24.045 1.44295
0.005 33.075 24.829 1.34753
0.000 36.182 24.708 1.10268
16.194 36.799 20.485 1.91796
0.976 27.332 19.925 2.56843
0.000 34.020 20.789 2.58977
0.000 32.199 22.122 1.53686
0.000 35.972 22.553 1.52144
0.000 36.823 22.651 1.31524
0.000 37.170 22.203 2.20440
0.000 36.365 23.415 1.14684
4.351 34.823 24.979 0.80365
0.060 33.532 24.338 1.24632
5.722 34.934 23.851 1.06640
4.664 32.726 23.418 1.09363
0.000 34.228 22.405 1.19579
0.000 36.375 23.836 0.89899
0.000 34.651 24.092 1.00120
0.002 34.977 24.772 1.00445
0.000 35.460 24.781 0.76899
19.279 34.395 19.735 2.72923
3.984 27.898 17.231 4.41783
0.000 33.137 18.655 2.55549
0.000 36.426 20.995 1.49940
0.000 38.114 24.403 0.82368
0.000 40.066 26.215 1.14906
0.064 38.352 25.997 1.41615
0.000 39.078 26.827 1.09789
0.950 37.374 26.888 1.13473
6.606 33.575 24.024 1.35218
0.141 34.323 23.912 1.58740
5.705 29.304 22.142 1.56620
0.479 36.506 23.743 1.01102
0.000 37.360 24.635 1.03907
0.000 37.463 25.961 1.21706
3.796 35.626 25.683 0.93290
0.000 33.673 25.930 1.35770
1.576 36.624 26.054 1.40849
1.988 37.391 26.975 1.56067
14.618 31.502 24.972 1.15852
2.581 31.502 24.354 0.76477
1.304 36.361 25.574 0.97071
0.903 33.062 23.105 1.97514
2.165 34.742 24.522 0.73349
2.389 33.455 24.816 0.82680
0.154 34.122 25.331 0.64535
0.000 34.857 25.498 0.63623
2.629 35.060 24.652 1.04533
5.522 37.362 25.491 1.57575
2.339 33.183 24.929 1.21874
2.228 35.318 25.463 1.50875
0.211 33.742 25.025 1.82576
1.837 34.391 25.293 1.50293
2.399 35.943 25.791 1.23265
16.426 32.498 24.876 0.72895
5.661 30.901 24.351 0.78112
0.224 33.095 24.948 0.55032
4.349 34.729 25.293 0.82346
0.000 32.406 25.178 0.33939
0.060 36.483 25.394 0.71556
0.199 33.769 25.205 1.28115
7.926 32.358 25.095 0.81051
7.245 32.595 24.923 0.61351
2.192 33.973 24.719 0.90073
46.665 33.440 24.457 0.83918
3.629 34.351 24.949 0.86321
7.961 31.724 24.232 0.77558
0.174 33.035 24.228 1.00265
19.214 32.351 24.237 1.48714
3.174 30.917 23.887 0.52307
7.155 28.254 23.598 0.65981
1.089 29.727 24.022 1.09252
4.419 32.003 24.877 0.71341
17.532 29.545 23.833 0.93587
0.383 33.110 24.560 0.90162
0.211 30.109 23.555 0.70594
7.196 31.867 24.455 0.70792
26.643 31.420 24.692 0.89062
19.620 30.055 24.320 1.55579
30.765 28.592 24.098 1.72718
16.135 29.393 23.667 1.40590
24.164 31.037 24.834 1.83911
2.398 29.953 24.486 2.63033
1.212 27.683 23.093 2.73773
0.579 29.525 23.980 2.67239
0.914 29.351 23.632 2.71663
11.547 29.891 24.001 2.52079
1.602 31.276 23.093 2.53075
0.103 30.750 23.721 2.45876
0.313 32.153 24.113 2.11926
0.239 28.028 24.448 2.28070
1.751 29.445 24.138 2.71385
9.004 29.891 23.991 2.30848
0.066 29.763 24.127 2.51345
1.273 30.324 23.679 2.20851
0.014 29.928 24.423 1.86943
0.000 28.578 23.939 1.86602
12.435 28.750 23.938 1.40139
0.000 29.671 23.899 1.77987
0.544 29.190 23.259 1.54256
2.586 29.661 23.636 1.65953
4.280 27.877 22.874 0.83098
10.399 29.555 22.851 0.92711
2.975 30.200 23.279 0.76990
0.074 29.995 23.702 1.40674
0.000 30.764 24.026 1.82633
0.000 30.517 24.058 1.90868
14.098 29.694 23.686 2.20387
3.934 30.884 24.009 2.39511
0.000 29.691 23.931 2.43398
0.000 30.047 23.855 2.42558
0.639 28.430 24.105 3.28469
4.628 28.120 23.147 2.68880
4.200 26.066 22.696 2.06861
30.692 29.501 23.956 2.08434
1.311 28.923 23.395 2.03669
0.104 27.619 23.337 2.47290
1.069 27.408 23.636 3.00888
0.006 29.657 24.146 2.77137
0.560 27.004 23.787 2.82107
5.773 29.011 22.452 2.75943
5.587 27.112 22.407 2.85306
0.060 28.354 22.767 3.22839
5.585 28.195 23.877 2.74162
5.421 30.326 24.280 2.87534
7.261 29.279 24.414 2.34891
5.506 29.069 24.656 2.63661
9.582 29.017 24.206 2.84714
2.999 28.737 24.495 2.67416
11.516 28.904 24.100 2.40799
8.341 27.715 23.828 1.97251
30.854 29.118 23.732 2.04597
0.820 30.388 24.028 1.78912
11.099 29.352 23.257 2.11737
25.951 28.378 23.577 2.09498
37.033 29.497 23.841 1.97957
12.534 28.778 23.004 2.05834
21.658 29.534 22.832 2.23025
12.712 29.850 22.928 2.59963
1.037 28.191 23.032 2.30120
50.734 29.788 23.752 2.10078
0.800 29.146 23.635 1.92773
32.678 27.205 23.616 1.99884
1.296 27.734 23.406 1.50329
20.624 26.268 22.788 2.02173
12.605 25.812 22.114 1.94123
0.755 28.983 23.088 2.42561
0.192 28.450 22.652 2.65800
3.688 29.220 23.037 2.82201
2.654 27.304 23.519 2.38836
3.660 28.028 23.484 3.00920
2.907 29.219 23.213 2.81306
2.544 29.343 23.324 3.19773
0.095 29.644 23.708 2.75153
3.155 29.515 23.401 2.62888
3.110 30.011 23.803 2.23376
1.967 29.194 23.601 2.26546
0.724 28.552 24.141 1.88905
2.199 28.864 23.500 2.03138
0.965 28.684 23.664 2.20872
4.562 29.395 23.724 2.03624
24.920 28.410 23.070 2.14394
40.389 28.392 23.319 2.44310
0.811 27.250 22.335 2.39306
5.421 29.319 22.713 2.33599
10.049 29.069 22.131 2.69177
0.084 29.577 22.875 2.63482
0.000 29.703 23.390 2.14739
0.000 30.106 23.641 1.71330
24.376 29.560 23.857 1.47575
2.069 26.838 22.780 1.60429
1.906 28.749 22.451 1.84755
0.443 30.109 22.653 1.64514
0.000 30.646 23.697 1.70333
17.060 30.355 23.419 1.15557
12.069 29.351 23.250 1.15500
7.960 28.895 21.978 0.77771
0.932 31.245 23.185 0.62887
1.476 29.801 23.958 0.90643
16.384 27.435 23.251 1.78060
8.950 29.012 23.008 1.60705
2.065 29.178 23.807 0.71933
9.266 30.114 23.929 1.13127
0.010 29.920 23.916 1.39239
1.445 27.491 23.219 1.96143
9.846 29.270 23.125 1.34145
21.082 28.512 23.149 0.99582
0.015 30.037 22.534 0.85070
36.620 31.844 23.912 0.55134
25.710 28.935 23.213 0.92765
11.880 28.269 23.944 0.85645
22.544 30.051 22.783 0.88329
0.459 30.200 22.962 1.20777
2.563 31.614 23.477 0.85599
3.979 32.624 24.272 0.75715
12.466 30.338 24.609 0.64409
11.506 29.436 24.052 1.28011
4.410 30.407 23.835 1.23277
3.013 30.391 22.906 1.56643
0.064 29.808 21.881 1.83537
0.001 30.118 22.313 2.13867
0.503 29.202 22.087 2.26818
0.219 29.045 21.595 1.17445
0.000 31.139 22.584 0.92604
0.000 31.929 21.599 0.94262
0.000 31.890 22.172 0.89002
0.000 31.939 23.010 1.02677
1.152 31.984 22.913 1.61696
0.000 30.778 22.473 2.43662
7.306 30.421 23.036 2.10153
3.752 30.683 23.274 1.25591
0.101 29.468 23.119 1.19680
0.000 30.972 23.527 1.11662
2.448 30.540 23.411 0.85625
1.707 29.960 23.858 0.72401
21.341 30.103 23.119 0.58690
22.863 31.037 23.866 0.97387
7.041 30.177 23.703 1.31022
0.000 29.815 23.097 1.08460
7.786 31.777 23.236 0.61488
6.930 31.707 22.771 1.01810
0.085 30.808 23.580 0.86156
0.001 30.821 23.193 1.01664
0.000 31.431 22.770 1.55793
0.000 30.883 21.655 2.07225
0.000 30.735 22.763 2.24770
0.000 29.835 19.300 2.12732
0.000 28.614 17.980 2.58834
0.000 27.620 16.380 2.64572
0.000 27.481 16.837 2.40531
0.000 28.452 17.512 1.65861
0.000 30.249 19.030 1.26106
0.000 30.743 19.997 1.42662
0.000 31.299 20.984 1.92001
0.000 31.631 21.967 1.85840
3.191 31.711 22.997 2.02401
8.462 30.057 22.610 1.46984
0.374 29.875 21.996 1.37334
0.000 31.653 21.105 1.26991
0.024 31.943 21.164 1.19906
0.000 32.134 22.119 0.90265
0.000 32.103 22.956 0.88658
0.000 31.743 24.045 1.03842
0.000 32.594 23.213 0.98697
0.000 33.656 22.880 0.96302
0.000 33.071 23.231 0.97980
5.501 32.411 21.873 1.20776
0.101 33.337 23.234 1.39124
0.000 33.440 21.476 1.24622
0.000 33.524 22.117 1.14662
0.000 33.572 21.068 2.91627
0.081 30.839 19.975 2.84423
0.009 32.523 20.668 2.59431
0.122 30.946 20.612 3.08354
8.869 28.056 19.554 2.82672
0.041 27.508 19.802 2.29063
0.000 31.622 20.923 2.29659
0.000 32.472 21.695 2.16932
0.000 34.193 21.850 1.38044
0.000 34.084 22.478 1.28042
0.000 34.725 22.359 1.15941
0.000 35.761 23.356 1.32049
0.000 36.075 23.135 1.38200
0.000 34.912 21.851 1.21297
0.000 35.768 22.876 1.27191
2.086 33.611 22.981 1.58875
4.580 33.314 22.317 1.57859
0.575 31.563 21.348 1.94935
0.000 33.917 22.074 1.92765
0.020 33.595 19.841 2.58654
0.000 29.337 18.327 3.54376
0.000 32.428 18.133 3.25647
0.000 33.527 18.639 3.22120
0.060 31.659 20.341 3.25841
0.000 33.886 18.858 3.57637
0.000 32.953 18.277 2.96308
0.000 32.816 18.836 1.96758
0.000 34.371 19.976 1.01926
0.000 35.298 21.565 1.02745
0.000 36.082 22.661 1.03917
0.000 36.341 22.500 1.50693
0.000 35.596 20.564 2.32710
0.000 34.395 21.242 2.36877
0.000 33.169 20.734 1.49431
0.000 34.561 22.034 1.29949
0.015 33.502 22.924 1.33833
14.300 31.579 21.528 1.66452
0.220 30.654 19.207 3.18566
0.000 32.813 16.658 3.67224
0.003 30.465 15.374 3.90725
0.370 31.424 15.888 3.61070
0.006 30.830 16.483 3.74047
0.025 31.340 18.233 2.86431
0.551 33.283 19.673 2.37189
0.016 34.920 21.988 1.68895
0.000 35.904 21.817 1.48121
0.000 35.644 20.333 1.81427
0.000 35.644 21.636 1.97556
0.000 34.741 22.161 1.63515
0.000 34.672 22.310 1.78576
0.032 34.887 21.668 1.51601
0.000 36.009 22.401 1.27228
0.000 36.374 21.069 1.64358
0.000 35.697 21.027 1.19992
0.000 34.883 21.542 1.48399
0.000 35.160 19.847 2.59284
0.000 33.521 19.246 3.77347
0.000 34.299 19.687 2.61872
0.000 35.027 21.104 1.50951
0.000 36.102 21.917 1.71850
0.000 35.379 19.788 3.81862
0.000 33.465 17.844 3.06963
0.000 33.763 18.562 2.15943
0.000 34.372 18.025 1.66582
0.000 34.484 17.097 2.25447
0.000 33.631 17.794 2.68535
0.000 33.034 17.666 2.10022
0.000 33.204 18.344 1.66732
0.000 34.888 19.636 0.75204
0.000 36.304 21.476 1.19171
0.000 35.854 20.711 2.02670
0.000 35.350 20.764 1.63552
0.000 36.190 21.807 0.84167
0.000 37.593 23.273 0.90295
0.000 38.287 24.309 1.08311
0.000 37.948 25.438 1.20234
0.000 37.563 24.834 1.17597
0.000 38.594 24.954 0.70757
0.000 39.870 26.216 0.70802
0.000 39.622 26.118 1.15466
0.250 38.094 24.487 1.84630
0.000 38.026 22.571 1.87306
0.000 37.548 21.817 1.47832
0.000 37.472 21.909 1.32738
0.000 36.815 21.646 1.49753
0.000 37.004 22.061 1.87860
0.000 37.199 22.994 1.50828
0.000 36.207 23.605 1.53665
0.000 36.109 23.552 1.52017
0.000 37.546 24.913 1.28001
0.000 38.209 25.312 1.24368
0.338 38.900 25.838 0.91765
0.641 38.522 26.533 1.24068
0.000 37.590 26.306 1.57803
2.565 37.271 26.149 1.34209
0.014 37.864 24.291 1.80171
0.000 36.879 23.999 1.79939
0.000 38.053 24.155 1.43495
0.000 37.711 24.266 1.94199
0.000 38.577 24.198 1.79980
0.000 38.308 25.076 1.83810
0.000 38.492 26.076 1.55497
0.000 37.382 24.991 1.91350
0.000 38.175 24.557 1.78057
0.000 39.868 24.415 1.59396
0.000 40.036 24.859 1.38445
0.000 39.647 25.759 1.78458
0.000 39.517 24.719 2.11585
0.000 39.230 24.845 1.92408
0.000 40.947 23.863 1.45045
0.000 40.422 24.016 1.30086
0.000 39.834 25.612 1.31914
0.000 39.540 26.951 1.46280
0.000 38.443 26.187 1.62721
0.000 37.056 26.419 1.23343
0.000 39.602 26.947 1.44201
0.024 39.410 25.880 1.71667
0.000 39.001 26.526 1.91971
0.000 39.712 26.938 1.56973
0.000 40.395 27.659 1.60277
0.000 40.263 28.438 1.46317
5.030 33.709 26.240 1.59623
3.032 31.325 24.425 1.70187
0.228 32.912 23.819 1.66551
0.000 38.695 25.397 1.63264
0.000 39.060 26.389 1.66470
12.846 34.926 25.734 1.05881
2.070 33.491 25.349 1.28779
5.288 38.912 26.300 1.58632
0.699 29.546 23.980 1.35552
6.229 34.577 24.599 0.87835
2.219 31.236 24.183 1.10806
2.675 36.738 25.179 0.94780
0.134 33.389 24.409 1.14137
0.007 35.011 25.343 1.17064
3.087 34.725 25.405 0.83185
0.181 34.350 25.177 1.32384
0.559 33.611 24.897 1.09995
0.283 37.097 26.556 1.47481
0.056 31.851 25.449 1.38339
0.315 39.862 26.855 1.57773
1.156 39.907 26.695 1.74383
3.564 37.347 26.556 1.88258
16.030 29.685 24.461 1.56687
4.459 36.461 25.561 1.12370
1.052 35.991 26.947 0.69854
3.384 35.737 26.718 1.29067
0.036 36.310 25.827 1.52925
0.000 36.148 26.659 1.87212
0.000 40.530 27.256 1.95932
8.625 37.063 27.589 1.42535
2.546 33.574 25.991 1.25355
0.110 38.130 27.085 0.71089
1.857 39.521 27.200 1.36997
0.700 36.790 26.702 1.24622
0.005 36.779 26.130 1.01116
2.775 37.254 25.415 1.62296
0.573 36.801 26.048 1.44700
0.000 39.644 26.695 1.13107
0.191 38.014 26.915 1.86627
7.025 39.638 26.643 1.83189
1.495 37.134 26.159 2.15842
3.185 38.724 26.516 1.44338
5.845 37.180 26.755 1.58201
12.341 30.836 25.742 1.57013
6.219 34.614 26.278 1.55626
1.174 34.642 25.850 1.29004
20.439 33.229 25.826 1.20753
41.128 30.109 25.328 1.02474
24.955 31.761 25.025 1.24420
5.180 32.114 24.895 0.75507
0.782 30.368 24.798 0.58272
5.489 32.245 24.418 1.03599
3.621 34.744 24.570 1.84464
4.605 33.782 24.557 1.35873
0.000 34.029 24.123 2.06525
0.000 34.461 24.911 1.95752
0.000 36.822 24.979 1.81552
0.000 37.634 26.472 1.67050
0.000 37.360 26.151 1.54550
0.994 33.805 24.675 1.70450
12.399 34.256 24.818 0.92176
16.318 33.619 24.792 1.19680
1.008 35.337 24.795 1.15842
4.503 34.990 25.083 1.91422
9.091 32.383 24.906 1.94323
4.400 32.857 24.399 1.65272
1.475 31.774 24.341 1.55606
0.025 33.990 23.810 1.21185
0.837 31.775 23.977 1.31502
21.268 32.602 23.871 1.37642
5.851 35.404 24.346 1.40728
4.166 34.793 24.343 1.08482
0.706 36.253 25.614 0.90234
8.310 31.156 25.119 0.75598
5.194 32.779 24.692 0.99919
7.009 32.801 24.203 0.99541
0.000 32.853 24.748 1.68910
0.000 33.594 24.883 1.55919
5.689 32.901 25.354 2.09548
3.674 32.282 25.065 2.37193
0.858 32.493 24.832 2.25292
0.009 29.743 24.782 1.93659
0.009 31.299 24.775 1.96805
0.764 31.205 25.287 1.95379
2.580 31.387 24.875 1.99585
9.362 30.478 24.847 1.81462
8.116 29.778 24.470 2.20455
12.210 30.079 24.203 1.86339
1.366 32.055 24.799 1.72568
0.012 33.605 25.055 1.64065
2.505 32.530 24.849 1.24718
0.796 35.185 25.463 1.51622
0.456 31.154 24.935 1.43624
0.250 30.280 24.851 1.53939
1.306 31.498 24.909 1.80947
0.000 30.407 24.696 2.30858
0.000 30.049 24.465 2.86293
0.000 30.869 23.762 2.90079
0.209 30.363 24.108 2.69683
0.211 30.951 24.278 2.60509
14.087 30.323 23.839 2.59242
15.429 28.962 23.437 2.70811
3.411 25.209 22.304 2.84939
0.294 28.277 22.947 2.64263
0.742 30.840 23.538 2.46922
0.041 31.857 24.409 2.43500
1.391 28.109 22.277 2.36900
0.324 30.768 23.936 2.55763
0.008 31.705 22.677 2.33226
0.122 32.555 22.993 2.29089
0.000 31.595 24.245 1.69094
0.000 31.952 24.137 2.01543
0.000 29.483 24.337 2.13954
1.009 30.874 23.297 2.42421
0.009 30.786 23.948 2.21229
3.773 31.549 24.782 1.85916
2.829 28.396 24.190 2.06222
1.266 31.460 24.470 1.81288
0.000 31.130 24.344 1.91485
0.868 31.610 24.433 1.89446
0.295 31.941 24.603 1.76199
7.004 29.693 24.449 1.80784
9.350 29.176 24.428 1.99145
36.691 29.104 23.922 1.94394
5.678 29.034 22.869 2.14071
2.353 30.206 23.383 1.63302
0.815 29.799 22.787 2.00626
18.708 28.183 23.593 2.01413
55.573 30.385 24.004 2.44238
9.844 27.987 21.780 2.65336
13.211 27.341 22.065 3.40472
0.140 27.864 22.526 3.30731
0.056 29.295 21.720 3.28469
2.289 28.376 22.122 3.26258
0.156 29.026 22.847 2.46568
0.000 30.631 23.718 2.36334
10.219 30.363 24.198 2.23353
26.710 31.250 24.069 2.69773
0.003 31.662 24.300 2.29170
10.896 30.373 22.722 2.03639
0.220 30.534 23.203 2.31997
0.775 30.922 23.827 2.27793
0.008 29.756 24.105 2.13602
39.175 29.489 24.106 1.82887
0.811 29.085 24.299 1.63998
0.010 31.175 24.347 2.06572
0.636 29.991 24.620 2.35852
1.702 29.571 24.194 2.37491
0.000 30.054 23.927 1.93335
0.615 30.625 24.340 1.80185
14.001 29.359 23.944 1.95577
1.069 30.539 23.851 2.07112
6.715 29.480 23.760 1.81356
29.075 29.375 24.400 1.78254
15.616 29.011 23.926 1.73914
47.784 29.434 23.747 2.54741
6.139 29.626 23.812 2.18539
0.932 29.335 23.569 1.96891
6.214 30.865 24.205 1.34913
62.003 28.255 23.738 2.89537
27.771 26.046 23.141 3.33158
16.764 29.266 23.795 2.20080
9.746 29.121 24.205 1.78210
64.023 26.624 23.018 2.87982
172.446 25.511 23.047 3.40750
33.855 26.661 23.429 2.99436
2.239 28.377 23.961 2.28973
0.090 27.419 23.638 2.07545
1.410 29.756 24.017 2.10253
1.300 28.685 23.982 1.86077
10.072 28.420 24.038 2.23859
36.691 26.910 23.050 1.46075
9.867 28.611 22.310 1.27640
5.819 30.004 23.495 1.46982
4.109 28.229 23.383 1.28289
4.460 29.825 23.064 0.83367
1.536 31.374 22.828 0.86423
0.831 29.916 23.903 0.99281
0.009 31.025 23.755 1.23894
4.325 30.380 24.084 1.16623
12.173 29.442 23.211 1.35055
21.515 27.147 22.933 0.84716
15.116 28.156 23.273 0.90880
4.041 27.318 23.153 1.85919
0.601 29.318 22.426 1.44099
0.136 28.103 21.087 2.07871
0.066 30.173 22.047 1.91325
5.127 30.584 22.265 1.84328
0.688 29.947 21.877 1.54813
1.155 30.715 22.193 1.33727
0.000 31.130 21.735 1.15905
0.000 31.812 23.139 0.88956
0.000 32.345 23.651 0.66900
0.000 30.444 24.329 0.65900
0.610 28.965 23.240 0.83020
0.881 29.290 23.066 0.62498
0.000 29.009 22.456 0.74399
7.553 29.361 21.584 1.00723
11.800 30.737 22.553 0.80094
7.900 30.107 22.491 0.93849
1.434 31.691 24.004 0.60550
1.750 29.711 23.203 0.76185
0.000 30.680 23.748 0.59905
0.571 31.086 23.344 0.98750
1.846 31.379 22.229 1.29378
0.947 30.899 22.458 1.87497
4.429 29.461 23.171 1.54068
0.206 30.875 23.327 2.00993
0.023 30.090 21.909 2.30696
0.000 30.617 21.448 2.30906
0.000 30.178 21.948 1.79146
0.000 30.158 21.345 1.39745
0.000 31.172 21.549 1.03516
0.000 31.628 22.896 0.78403
0.000 32.279 23.151 0.81858
0.000 30.003 23.395 1.14180
0.000 31.412 22.606 1.53633
0.438 31.631 23.279 1.52428
4.536 31.603 23.418 1.49376
4.369 30.643 22.006 1.66027
0.000 30.038 19.134 2.62441
0.490 28.423 19.864 2.82701
15.963 24.311 20.216 3.42115
0.026 29.134 21.540 1.61525
5.716 30.371 23.122 1.10298
0.210 29.272 21.080 1.81727
0.000 30.343 20.591 2.27783
0.000 30.102 20.194 1.98922
0.056 30.712 20.611 1.37903
0.007 29.440 20.864 2.51782
0.000 28.122 18.410 2.50707
2.540 28.285 16.953 2.29976
2.922 28.455 18.145 2.36388
7.575 25.388 18.632 2.17544
1.320 30.201 20.753 1.33674
0.196 30.981 22.447 1.50135
0.070 30.539 19.879 2.49366
0.000 29.981 20.121 1.51515
0.000 32.446 21.741 0.74472
0.000 33.208 21.815 0.65851
0.000 32.952 21.721 1.80428
0.000 31.766 19.365 1.98424
0.000 30.998 20.591 2.52487
0.000 31.389 18.863 2.09129
0.000 31.826 18.801 1.54838
0.000 32.212 18.634 1.37690
0.000 32.902 20.020 1.78954
0.000 32.794 19.605 2.68143
0.000 33.583 20.497 2.42617
0.083 34.363 21.950 2.81562
0.000 34.130 20.538 3.73774
0.000 33.892 20.763 2.81901
0.000 34.092 21.455 1.88193
0.000 33.757 21.002 2.69797
0.000 29.021 17.540 4.33839
0.000 27.426 15.195 3.64128
0.000 28.400 14.524 3.82794
0.000 28.831 13.951 3.53649
0.468 27.918 12.406 3.89855
0.000 28.234 12.540 3.27339
0.000 28.427 13.066 2.91368
0.000 28.885 13.698 2.29337
0.000 29.973 14.225 1.81073
0.000 30.809 15.316 1.66342
0.000 32.153 17.262 1.51749
0.000 32.879 18.099 1.99716
0.000 33.433 19.108 1.34539
0.000 34.284 20.362 1.43126
1.335 35.543 21.680 1.35020
2.293 35.389 21.491 1.34102
0.000 34.824 22.763 1.27075
0.972 33.666 22.927 1.07505
0.000 33.510 21.659 1.42408
0.000 34.685 20.694 1.30486
0.000 35.252 20.455 1.23929
0.000 35.272 21.084 0.96583
0.000 35.317 20.956 1.27714
0.000 35.479 20.184 0.80623
0.000 35.985 20.199 1.62479
0.000 33.886 18.189 2.49577
0.000 33.238 18.406 1.53015
0.000 34.488 19.377 1.74667
0.000 35.040 20.300 2.19573
0.000 35.147 21.247 2.44914
0.000 35.118 21.214 2.21220
0.000 34.776 21.829 2.19211
0.000 35.311 21.637 1.42316
0.000 34.496 19.749 1.60790
0.000 35.030 19.338 1.33740
0.000 35.451 19.488 1.41501
0.000 35.919 21.104 1.42483
0.000 35.699 23.126 1.52288
0.000 36.771 22.524 1.42248
0.000 36.835 21.969 1.40670
0.000 35.466 22.766 1.53350
0.000 36.002 22.405 1.46339
0.000 36.076 20.427 1.38283
0.000 35.332 19.619 1.29352
0.000 35.864 19.655 1.04413
0.000 36.356 20.630 1.21798
0.000 36.168 19.405 1.88523
0.000 36.102 20.051 1.67049
0.000 35.612 20.556 1.71190
0.000 35.937 20.660 1.54472
0.000 36.138 21.342 1.25964
0.000 37.480 22.064 1.12740
0.000 37.883 22.084 1.30066
0.009 37.440 21.898 1.94034
0.000 37.061 22.758 2.07189
0.196 36.304 19.941 2.63615
0.000 35.246 20.495 1.38289
0.000 35.328 20.465 2.08725
0.000 32.546 16.672 3.41736
0.000 32.805 16.709 3.42617
0.216 33.140 17.566 1.93308
0.000 34.616 19.067 1.54134
0.000 35.239 19.170 1.33324
0.000 35.889 21.010 1.31286
0.000 35.589 22.627 1.38745
0.000 35.810 20.055 1.63035
0.000 35.715 19.174 1.24967
0.000 37.127 20.848 1.14913
0.000 36.792 21.585 2.13187
0.000 35.418 20.955 2.87688
1.092 32.604 21.533 1.47571
0.041 36.627 22.964 1.06966
0.000 37.702 24.653 1.31061
0.000 37.536 24.806 1.87594
0.000 37.702 22.881 2.23731
0.000 38.689 22.543 2.02476
0.000 39.534 20.121 1.88438
0.000 35.551 18.646 3.66246
0.000 33.035 18.991 2.52188
0.000 35.092 19.637 2.32112
0.000 35.517 19.479 2.33039
0.000 35.585 19.252 2.97706
0.000 35.600 19.544 2.94924
0.000 35.382 18.680 2.31534
0.000 36.059 19.418 1.41776
0.000 37.053 20.247 1.48476
0.000 37.186 21.914 1.45176
0.000 36.465 23.174 1.71896
0.000 36.592 24.086 1.13977
0.000 37.018 23.616 1.09878
0.000 38.231 24.830 1.33218
0.000 38.262 25.625 1.81072
0.000 38.638 25.994 1.60619
0.000 38.037 25.820 1.65957
1.616 36.231 23.883 2.00010
3.610 34.733 24.454 1.38850
0.000 36.793 24.540 1.00299
0.000 39.847 24.608 1.91906
0.000 40.756 24.190 1.90111
0.000 41.257 25.768 1.49705
0.000 39.248 27.247 1.19202
0.000 39.980 27.133 1.61011
0.035 41.071 28.356 0.90544
8.671 38.132 25.963 1.33442
0.306 31.352 25.148 1.45853
0.000 38.112 26.437 1.77179
0.000 34.734 25.706 1.91966
0.000 37.646 26.346 1.74201
0.000 35.637 26.382 1.44762
0.000 35.786 24.785 1.76729
0.000 38.845 23.187 1.67192
0.000 38.306 25.134 1.38119
0.000 38.533 26.411 1.13619
0.112 37.960 26.081 1.35178
0.000 38.083 26.090 1.46988
0.044 39.482 27.192 1.54916
0.000 40.167 28.101 1.48953
0.073 40.337 28.409 1.22407
0.061 39.900 28.536 1.74744
11.420 39.158 27.882 1.96850
0.000 41.583 28.575 1.24693
6.572 40.321 26.418 1.64669
14.572 37.982 26.602 1.61993
0.000 38.113 26.534 1.05368
0.000 40.012 25.858 1.34519
0.083 38.822 25.635 1.43016
3.716 32.849 25.544 1.11891
2.051 33.870 25.383 1.00957
0.117 35.600 25.003 0.93443
7.475 35.870 26.255 0.77711
1.320 32.744 24.685 1.19423
0.110 34.934 25.662 0.97579
8.701 32.520 20.502 1.88091
1.228 29.254 20.945 2.40198
0.000 32.739 22.223 1.28959
0.000 35.889 24.932 1.28178
0.519 31.311 24.705 1.26954
7.200 30.991 22.820 1.13182
2.706 32.866 23.353 0.90352
0.011 38.661 25.761 1.05634
0.000 36.896 26.267 1.12947
0.000 38.163 26.522 1.82642
0.131 33.717 26.330 1.38924
16.475 33.197 25.189 1.14305
0.180 32.864 22.497 2.14133
0.009 35.605 23.798 2.10227
0.305 33.213 23.841 2.38424
0.183 30.416 22.816 2.37870
0.000 35.691 23.903 1.46933
0.000 37.907 24.869 1.70470
0.000 38.620 26.576 1.35723
0.027 36.965 26.126 1.63716
0.091 37.291 26.752 1.31831
2.031 28.466 25.266 1.31592
0.114 35.170 25.218 1.05332
1.163 38.883 27.120 1.22043
6.604 37.316 27.033 1.73914
0.015 32.885 27.009 1.55222
0.000 36.458 26.805 1.61280
0.314 34.981 27.052 1.39187
5.004 32.173 27.283 1.04338
20.922 32.242 23.093 1.09657
0.000 36.861 24.825 1.13018
0.000 38.997 25.539 1.87661
0.261 36.606 26.121 1.00345
1.494 36.772 26.079 1.13435
4.370 35.864 26.500 1.09813
10.437 35.657 25.092 1.77181
1.166 34.548 25.030 1.72503
3.123 34.537 25.541 1.85164
0.000 34.653 25.769 1.69879
0.136 36.102 25.951 2.13694
0.127 33.653 26.894 1.52007
21.374 34.104 25.477 1.90626
0.126 35.845 25.742 0.99834
4.540 34.032 25.019 1.71904
6.429 33.505 25.433 1.58933
15.690 32.530 24.970 1.43257
7.269 32.769 24.341 1.34109
22.925 31.443 23.917 1.21141
0.304 33.993 24.506 1.26711
3.104 31.764 24.591 1.01355
40.674 32.361 24.816 0.98037
8.338 31.273 23.889 1.21771
6.124 30.308 23.914 1.35072
0.000 29.411 23.998 1.60324
1.375 29.829 24.251 1.48657
2.639 29.987 23.991 1.55299
0.093 32.494 23.844 1.66158
0.000 32.356 24.588 1.70087
0.000 31.497 24.946 1.32552
2.571 29.295 24.254 1.34692
0.338 30.493 24.602 1.53944
9.083 32.132 24.868 1.47734
3.221 31.290 24.437 1.66553
24.431 30.631 24.233 1.36443
22.782 29.584 24.437 1.53182
13.108 29.360 23.840 1.83140
3.382 28.384 23.677 1.70538
0.835 29.111 23.150 1.51966
0.193 31.346 24.205 1.42476
0.738 30.804 24.581 1.38311
1.794 31.767 24.431 0.93632
9.229 31.435 24.392 1.18941
0.000 31.289 23.926 1.21397
0.011 32.227 25.012 1.24066
4.352 27.866 23.798 1.08408
1.424 28.569 23.353 1.45541
0.015 31.271 24.638 0.94145
0.201 29.230 24.071 1.33104
3.486 29.370 23.644 1.94093
14.005 28.000 23.532 2.14455
56.052 28.823 22.688 2.58289
8.374 30.464 23.902 1.94893
13.207 28.254 23.700 2.23442
1.744 27.751 22.768 1.95984
0.000 30.708 23.909 1.40326
7.561 30.782 24.187 1.27885
0.238 29.966 23.616 1.28170
0.000 32.264 23.838 1.44109
0.000 30.865 24.096 1.36266
0.544 30.077 23.994 1.46762
6.364 32.064 23.789 1.18650
0.113 29.709 23.846 1.23374
7.817 30.393 24.017 1.44781
2.515 29.787 23.627 0.88621
4.034 30.904 23.942 1.33562
4.860 29.678 23.418 1.35961
2.394 31.470 24.122 1.12820
10.903 31.011 24.553 1.06072
0.686 30.224 24.695 0.89697
3.617 28.077 22.841 1.04376
1.100 29.926 23.519 1.11386
2.619 32.414 23.768 0.56029
1.288 31.513 24.627 0.55905
0.091 28.333 23.211 0.85339
0.000 30.792 23.217 1.03185
0.354 31.672 24.277 1.18911
0.070 30.856 24.157 1.11183
3.298 29.194 23.816 1.06418
4.772 29.490 24.248 1.28133
1.253 30.275 24.330 1.63122
42.872 29.439 24.161 2.56684
10.459 28.114 24.612 3.14346
2.622 29.085 24.165 3.03611
3.655 29.380 24.447 2.74529
0.000 29.915 23.981 2.48068
6.164 28.825 24.333 1.63162
10.751 29.560 23.866 1.14642
0.699 30.088 22.852 1.51184
17.190 28.534 23.169 2.11643
22.624 30.172 24.335 1.98079
0.359 29.032 24.380 2.46753
32.410 27.824 24.304 1.69791
22.444 28.929 23.406 1.88184
10.800 29.167 23.888 1.60640
0.808 27.968 22.767 1.66788
7.174 28.313 23.203 1.60529
2.476 28.852 23.111 1.40044
9.314 29.418 22.910 1.39784
4.574 29.969 24.043 1.34130
1.234 27.819 23.383 1.42817
12.566 27.122 22.748 1.41875
6.565 30.096 23.498 1.06662
0.795 30.324 23.212 1.59714
0.210 29.802 23.648 1.90378
0.117 29.490 22.883 1.53572
0.792 31.608 23.470 1.45164
0.000 31.341 24.514 1.92670
6.474 29.655 23.911 1.78709
0.038 30.489 24.043 1.52705
0.204 30.526 23.914 1.08852
7.980 31.426 24.200 0.97005
0.505 30.688 24.504 0.59711
0.001 29.083 24.118 1.21501
1.486 29.766 23.806 0.79407
6.994 28.929 23.198 1.29870
0.109 29.819 23.893 0.59183
2.126 28.645 24.059 1.37798
9.380 30.712 24.244 1.68221
1.169 27.722 23.811 3.07435
0.134 27.970 23.434 1.57622
4.184 28.558 22.665 1.50036
3.875 28.241 21.914 2.49167
7.733 27.266 21.258 2.65207
2.739 26.127 21.467 2.53815
1.567 27.722 23.144 2.61736
12.501 28.442 23.298 1.55438
1.628 29.427 24.106 1.13088
1.297 28.463 23.916 1.49346
41.388 27.522 22.069 2.38846
106.573 27.391 22.333 1.15411
29.075 26.569 21.423 1.14307
7.888 28.281 21.706 1.71231
0.285 28.604 19.030 2.87963
49.560 26.938 18.913 2.46141
4.268 25.830 19.284 2.53512
0.082 26.604 19.535 1.76830
0.031 26.649 19.040 1.49821
1.910 27.148 19.876 1.21522
5.196 28.723 20.728 1.75020
2.697 24.634 21.080 3.59233
6.589 28.167 22.219 2.10968
24.522 29.244 23.098 1.42829
0.207 30.237 22.620 1.90133
52.784 29.571 21.218 2.25795
0.234 28.276 20.101 2.12959
16.590 27.627 20.095 2.31412
14.939 28.114 20.019 2.01809
4.250 29.087 20.634 1.99810
10.813 26.663 21.360 2.77923
8.907 27.791 19.455 2.68095
18.713 28.051 18.910 2.81184
10.589 27.521 17.940 3.10807
15.546 25.361 18.307 3.62490
2.398 26.153 19.177 3.52102
2.795 27.847 17.857 3.20134
0.216 26.658 18.378 2.67801
12.598 26.715 18.497 2.39074
24.050 26.937 19.120 1.71535
12.615 29.474 20.253 1.26064
0.586 30.987 21.451 0.99790
0.376 30.843 21.007 1.17749
1.006 30.882 22.376 1.11257
0.035 30.765 22.684 1.01201
0.000 31.865 22.861 0.76311
0.000 30.947 21.708 1.13682
0.000 29.688 20.453 1.92331
3.444 29.676 21.094 1.88077
0.000 29.669 20.662 2.02497
0.451 29.010 20.337 2.19374
59.641 28.800 19.250 2.47541
0.276 28.351 18.907 3.10496
0.000 27.221 18.485 3.58153
9.849 26.051 17.755 3.50051
0.047 25.484 18.153 2.90615
0.000 27.807 17.989 2.60337
0.044 27.403 16.164 3.09016
0.000 25.254 14.926 3.14714
0.000 25.736 15.251 2.64342
1.131 26.558 15.898 2.16179
0.118 27.851 17.158 2.59859
0.008 27.362 16.088 2.67751
0.168 27.247 16.698 1.94378
5.059 28.295 18.173 1.91264
3.187 29.567 19.989 1.52820
0.114 30.322 21.712 1.20561
0.000 30.725 22.347 0.94792
0.000 31.138 22.927 1.37678
0.000 28.033 19.567 2.17335
0.058 29.899 17.355 3.01024
0.000 29.161 17.619 2.76884
0.000 29.114 16.431 3.05046
0.000 28.094 15.139 3.50808
0.000 23.962 13.419 3.91679
3.169 25.668 12.090 3.56232
3.268 26.817 12.668 2.71276
0.000 29.419 16.187 2.15428
0.000 30.187 18.520 2.51686
0.000 30.679 18.930 1.78897
0.000 32.553 20.442 1.10568
0.000 33.200 21.472 1.33027
0.163 33.772 20.793 1.23574
0.378 34.340 19.377 1.96521
1.692 30.689 14.557 4.56767
0.744 26.678 12.568 4.24381
1.251 30.923 23.882 1.09838
0.000 29.935 24.607 1.16853
0.000 29.151 24.310 1.16047
0.000 31.033 24.808 0.82838
0.000 30.115 24.180 1.03320
0.000 29.688 23.908 1.29870
0.000 29.338 23.591 1.44742
0.000 32.162 24.481 0.85701
0.169 31.096 24.590 0.48901
0.251 29.442 22.835 1.02956
0.377 31.770 23.997 0.64877
0.044 31.640 24.246 0.61253
0.000 29.573 23.995 0.94661
6.165 28.575 22.915 1.16593
0.000 30.912 24.269 0.96924
0.000 30.601 23.920 1.16881
0.000 29.577 24.647 1.48865
0.004 26.968 23.402 4.16217
0.017 27.532 23.818 2.59405
0.029 27.428 22.970 1.33204
0.035 29.273 23.616 0.81182
0.037 29.949 24.367 0.76194
0.088 31.767 24.687 0.46981
0.000 29.170 23.486 1.94859
0.087 28.806 23.366 1.41462
0.000 28.902 23.573 1.14539
0.000 29.383 24.087 1.00075
0.000 30.127 23.699 2.05198
0.000 29.076 23.749 1.44540
0.000 28.598 24.063 1.39305
0.000 26.695 13.163 3.71925
0.000 27.206 13.802 2.40963
0.000 30.174 15.397 2.60330
0.004 31.204 16.917 2.79466
0.000 31.341 18.332 2.03325
0.000 32.712 18.909 1.88640
0.000 32.562 17.804 2.83737
0.006 31.082 13.659 4.06622
0.000 28.575 14.235 3.33661
0.000 28.276 13.391 3.24366
0.000 25.265 11.684 4.99105
0.029 24.484 10.886 3.68151
0.000 27.527 11.473 1.75700
0.000 30.820 15.119 1.11469
0.000 32.662 16.970 0.91478
0.000 32.411 17.929 1.13650
0.000 31.328 13.739 4.28931
0.000 27.914 12.479 3.48930
0.000 28.340 13.169 1.31301
0.000 30.770 15.788 1.00718
0.000 32.823 17.926 1.19619
0.000 33.477 18.885 1.22419
0.000 34.329 20.032 0.96080
0.000 34.277 21.846 0.60574
0.000 35.342 20.008 1.32497
0.000 34.925 20.234 1.83747
0.000 33.795 20.959 1.05098
0.000 28.817 20.305 2.49503
0.000 29.860 19.225 2.37095
0.000 33.139 18.380 1.94296
0.000 34.425 19.381 1.48070
0.000 34.923 19.259 1.83777
0.000 35.507 19.452 2.05968
0.000 34.905 18.361 2.47283
0.000 34.222 18.850 2.08813
0.000 34.430 19.544 1.79768
0.000 34.327 20.438 1.30146
0.000 32.363 20.995 1.17101
8.497 35.845 22.665 1.19162
11.427 33.588 17.539 2.95589
0.000 30.754 16.110 2.34854
0.000 31.788 15.712 2.29888
0.000 32.699 15.344 2.17094
0.000 34.297 16.928 1.41931
0.000 34.545 17.826 1.24576
0.000 34.693 18.663 0.88335
0.000 34.918 20.424 1.17881
0.000 34.367 18.215 2.56913
0.000 33.554 17.857 3.27999
0.000 32.640 16.663 2.94852
0.000 33.437 16.965 1.70255
0.000 34.725 17.895 1.05000
0.000 36.428 19.877 1.04492
0.000 36.720 20.037 1.19141
0.000 36.805 21.826 1.21082
0.000 38.327 23.045 1.54610
0.000 39.348 22.940 1.23735
0.000 38.795 25.052 1.38610
0.000 37.956 24.444 1.81006
0.000 37.989 26.036 1.15594
0.710 36.719 24.905 1.51088
0.336 36.065 23.076 1.55903
0.000 36.842 23.533 1.11158
0.000 37.886 24.019 1.37084
0.306 38.521 23.231 0.90999
4.529 38.776 24.335 1.18505
2.589 35.926 23.390 1.72215
0.000 36.710 24.348 1.02404
0.000 37.137 24.475 1.08064
0.000 37.824 24.042 1.58454
0.000 38.648 23.146 1.39230
0.000 38.358 22.881 1.21320
0.000 37.286 24.255 0.91058
0.000 37.880 24.877 1.29838
0.000 38.552 25.891 1.14432
3.795 38.856 26.908 1.04929
0.794 38.255 27.255 1.30421
0.000 40.240 26.872 1.35569
0.000 40.183 27.694 1.19430
3.526 34.236 20.653 2.22774
0.000 33.096 19.364 3.99255
0.000 36.027 20.690 2.70170
0.000 38.170 23.578 1.55629
0.000 39.451 25.887 1.54339
0.011 39.629 27.185 1.40795
0.229 40.105 28.146 1.28626
0.000 36.770 26.923 0.87785
0.000 41.101 27.068 1.81680
0.000 40.662 27.249 2.48834
0.000 39.862 26.901 2.41604
1.305 39.949 26.904 2.08702
8.866 40.859 27.148 1.66216
0.000 32.219 25.519 1.03699
13.151 35.720 25.084 1.74379
0.000 32.465 23.818 1.39028
0.000 38.438 25.239 1.35189
1.235 36.659 25.403 1.44879
1.723 36.338 25.265 0.92278
0.094 36.487 25.294 0.95259
0.926 36.273 25.987 1.06052
0.042 35.121 25.690 1.00142
0.000 35.950 26.343 0.86758
0.128 34.947 26.018 1.34697
12.965 29.489 24.533 1.16582
0.364 34.079 25.206 0.89023
2.600 33.724 24.914 1.24488
0.041 33.462 23.943 0.91781
5.515 35.218 24.129 1.25480
2.832 34.546 24.102 0.71140
1.543 36.680 25.077 1.08136
1.523 36.755 25.919 1.17330
8.825 33.726 25.179 1.32635
3.671 32.426 24.502 1.67182
0.000 37.100 25.604 1.86328
0.000 37.161 25.839 1.67871
2.411 33.045 24.544 1.70708
3.628 29.966 24.051 0.98237
0.075 31.661 24.359 1.14412
15.057 32.397 23.051 1.38566
4.221 31.416 23.477 0.93932
4.821 28.905 23.400 0.81936
13.536 33.278 24.368 0.58626
0.000 33.263 25.737 0.67610
0.701 34.330 25.097 0.68107
0.220 32.641 24.142 1.23112
0.801 30.989 24.294 0.59258
0.000 32.274 24.857 0.80462
0.239 34.507 25.016 0.91555
21.128 31.965 24.514 0.96884
0.450 32.468 24.985 1.15547
0.000 31.783 25.225 0.99818
6.060 32.498 25.558 0.95117
2.114 33.019 25.780 1.04608
11.756 32.296 25.243 1.16165
17.956 31.858 24.324 1.29359
1.780 33.704 25.596 1.01591
13.340 34.709 25.760 1.04285
14.706 30.893 24.720 1.36008
0.400 32.588 25.348 1.30999
2.049 31.026 24.849 1.16124
0.110 33.160 25.417 1.35619
0.040 32.199 25.321 2.03198
2.346 32.029 24.928 1.83812
28.014 30.864 24.856 1.82223
21.150 28.470 23.658 1.93862
2.225 30.858 24.709 1.29710
7.166 29.589 24.433 1.64212
0.152 31.058 24.581 1.18260
0.081 31.481 24.853 1.47609
0.000 31.400 24.182 1.32983
0.000 32.520 24.351 1.82858
0.000 28.777 24.724 0.97146
0.013 27.821 23.971 1.13989
0.040 29.204 23.651 0.82058
0.000 31.373 23.773 0.84888
16.369 30.506 24.282 1.30515
2.685 30.272 23.722 1.17691
53.846 27.839 23.458 1.15487
6.440 30.023 24.046 1.52264
2.175 29.437 23.632 1.94249
12.663 30.673 24.582 1.83667
4.879 29.000 24.090 1.39221
21.182 30.018 21.241 1.86735
28.899 25.844 21.869 0.78783
1.524 26.970 22.473 1.07018
0.436 28.731 23.626 1.27797
0.193 28.295 20.273 1.25581
7.374 22.627 20.202 2.58691
2.905 29.161 21.727 1.57959
6.547 30.225 23.382 1.20997
0.211 30.754 24.023 0.67981
0.400 28.158 23.265 0.90013
0.254 25.708 20.721 2.16332
8.956 26.016 20.619 2.34943
7.361 26.019 20.286 2.70083
0.914 28.146 19.936 2.19284
0.144 28.869 20.559 2.10852
0.000 29.232 21.265 2.87893
5.799 27.783 22.039 1.84213
0.000 29.903 23.215 0.93108
0.000 30.098 23.284 0.86559
0.000 30.773 22.266 1.11728
0.123 30.292 22.880 1.01563
0.000 30.013 22.840 1.31300
0.141 30.368 22.453 1.26340
13.041 31.137 23.649 0.70012
12.919 31.957 24.140 0.48413
16.303 30.743 23.723 0.54347
1.804 31.553 22.849 1.52417
7.846 28.091 17.835 3.44509
0.065 26.573 18.348 2.90812
0.000 26.242 17.292 2.76298
17.520 26.686 17.919 2.17810
0.854 28.434 19.551 2.61759
17.969 27.372 19.465 2.87014
2.476 27.164 19.617 2.04791
0.714 29.222 20.303 1.78666
0.461 28.450 22.422 1.71041
3.200 30.085 22.927 2.07283
3.148 29.664 21.837 1.84211
0.614 30.223 22.052 0.93215
2.735 30.779 23.103 0.91736
0.469 30.993 22.368 1.04029
35.569 30.869 19.498 2.39455
23.374 27.493 17.903 3.45355
58.452 27.077 17.883 2.96743
0.000 25.227 18.215 2.47821
0.000 27.485 16.426 2.69357
2.224 27.096 17.197 2.98033
0.120 27.415 18.068 3.50552
3.041 25.672 19.081 3.43686
0.000 24.496 17.227 3.41008
0.698 26.198 14.936 3.17671
0.133 25.452 15.118 2.94663
7.131 24.661 12.213 2.78429
0.084 24.199 12.247 2.62594
20.997 25.240 13.332 2.75137
1.020 25.735 13.935 2.67319
0.148 25.862 14.038 2.23320
0.141 26.777 14.875 2.15074
0.000 28.656 17.823 2.29734
5.701 27.591 16.718 2.35391
9.433 27.789 17.285 2.04387
1.010 28.695 18.166 3.05493
5.274 27.838 16.334 3.07224
8.490 28.146 17.050 2.05468
5.184 30.465 18.761 1.29107
0.004 31.329 20.758 1.48382
3.359 30.425 18.493 3.46077
14.982 29.178 16.811 4.07955
0.519 26.194 14.591 3.18340
12.193 26.877 15.133 1.75627
3.949 29.297 16.414 1.34586
6.274 28.939 18.653 1.20658
4.297 28.778 20.515 0.74392
6.606 30.832 21.140 0.91189
3.170 29.451 20.000 1.62140
15.428 30.865 20.100 2.53397
7.286 29.741 16.361 3.87281
9.244 29.576 16.852 2.80264
23.634 31.628 18.524 2.94996
12.784 30.853 17.296 3.19580
11.005 30.816 17.287 2.45866
3.780 33.504 25.407 1.52807
3.381 32.564 25.599 1.72633
20.279 31.829 25.041 1.54670
6.650 29.956 24.052 1.65037
2.654 30.896 24.454 1.86710
3.642 30.032 24.708 2.06232
35.901 28.298 23.795 2.37149
12.029 29.516 24.122 2.20533
10.518 28.655 23.732 2.16611
3.526 29.002 23.442 2.30231
13.919 29.043 23.572 2.34014
5.911 26.664 22.665 2.87286
0.516 29.061 22.539 2.47208
1.390 30.901 23.964 2.33906
1.455 28.987 23.609 2.20891
1.296 28.312 23.456 1.75986
8.989 29.212 23.709 1.86394
40.176 30.310 23.484 1.60012
83.752 31.422 23.775 1.71719
13.262 31.380 24.315 1.99502
38.202 29.697 24.285 2.08426
6.424 29.380 23.777 1.72723
22.393 29.083 23.822 1.95049
53.037 29.159 23.878 1.75846
36.028 30.222 24.075 1.74114
2.362 30.371 23.809 1.54204
2.323 31.652 23.937 1.72202
2.242 30.274 23.191 1.75869
0.978 31.208 24.129 1.67318
2.024 29.561 23.778 1.94630
8.954 29.303 23.758 1.77483
25.894 30.682 24.214 1.62137
0.384 31.221 23.775 1.52727
1.401 31.842 24.967 1.55872
0.380 30.364 23.711 1.66975
12.669 30.289 22.964 1.93890
26.533 30.665 24.099 1.48262
3.244 29.402 23.678 0.90881
0.314 28.679 23.385 1.56735
0.027 30.795 23.997 1.74900
2.774 29.473 24.383 1.03029
8.507 29.788 24.178 0.87390
4.727 30.075 23.764 0.68160
23.861 30.443 24.289 1.14686
20.035 28.524 23.713 1.09552
39.950 29.637 23.730 1.13200
47.067 30.661 24.114 1.84737
0.279 29.712 24.067 2.37945
1.766 28.766 23.250 3.21569
16.195 28.740 23.454 2.58314
9.294 29.371 23.643 2.71895
2.114 29.552 23.995 2.62398
0.592 29.574 23.731 2.79371
0.420 27.442 22.705 3.69965
0.489 25.647 22.915 3.05000
0.170 30.051 23.684 2.50368
3.114 30.140 23.957 2.53325
0.216 30.110 24.329 2.44330
7.589 30.408 24.750 2.58957
5.548 30.036 24.084 2.69631
3.732 27.582 23.645 2.53863
1.381 29.830 23.437 2.63306
0.274 30.186 23.871 2.56389
0.500 28.974 24.022 2.65502
1.363 29.268 24.503 2.39308
0.055 29.047 24.231 2.33649
1.326 30.258 24.555 2.12275
2.555 29.941 24.727 2.12489
0.210 28.370 24.585 1.65474
0.035 29.371 24.592 1.81809
0.064 30.783 24.560 1.63993
0.354 29.943 23.520 1.83891
1.004 30.149 24.004 1.55138
0.422 29.190 24.159 2.14911
0.103 28.648 23.465 2.04355
0.195 28.140 22.741 1.66038
4.638 31.249 23.559 0.96135
0.095 31.093 24.612 0.67391
0.516 30.377 23.777 0.54759
0.046 31.246 24.267 0.80862
0.320 29.873 23.575 0.88777
0.000 32.151 24.214 0.94656
5.444 30.174 24.140 1.32166
0.017 30.001 23.675 1.60361
0.016 30.166 24.227 1.58011
0.000 28.214 23.388 1.38833
0.244 28.749 22.807 0.96309
0.000 28.440 23.552 1.42835
0.094 27.998 22.647 0.89418
1.578 29.139 23.710 0.62627
3.635 30.570 24.221 0.88764
0.010 29.475 23.934 1.25397
0.000 27.867 24.320 0.62995
0.000 28.721 23.693 0.90204
0.000 28.590 23.021 1.72977
0.000 27.414 22.642 1.85298
0.000 26.893 22.633 1.52999
0.000 28.937 23.959 0.68244
0.000 29.577 23.545 1.14619
0.035 27.682 23.132 1.99485
0.000 29.351 23.795 1.83894
0.000 29.795 23.400 1.53505
0.000 27.627 23.919 1.87768
0.000 26.440 23.194 2.08471
0.000 29.257 23.255 1.98769
0.000 27.884 22.702 1.41403
0.000 29.409 23.616 1.27982
0.235 30.172 23.699 1.48678
0.000 29.560 23.382 0.79940
0.001 31.448 24.598 0.75064
0.000 29.451 24.338 1.34011
0.000 28.043 23.141 1.46751
0.734 29.502 23.237 0.84492
0.000 28.685 23.629 1.26081
5.020 28.960 23.052 0.90610
1.316 27.304 23.596 2.12781
0.255 26.872 23.091 1.48161
0.000 26.968 23.237 0.99830
0.096 29.985 23.420 0.74111
0.000 31.024 23.825 0.66454
0.000 29.065 23.552 0.85546
0.000 31.718 24.183 0.54692
0.000 30.648 17.841 2.49626
0.000 31.339 18.698 2.63847
0.017 31.803 19.442 2.05860
0.000 32.512 18.829 1.53542
0.000 31.333 18.186 1.30268
0.000 33.242 19.766 1.44138
0.000 32.861 18.936 1.77824
0.000 33.348 18.051 1.56664
0.000 33.316 18.818 1.17735
0.000 33.825 18.594 0.89360
0.000 34.016 18.200 1.97904
0.000 32.682 18.616 1.29026
0.000 33.361 18.670 1.53314
0.000 32.841 18.050 1.31630
0.000 33.410 18.951 1.07552
0.000 33.747 19.147 1.20296
0.000 33.415 19.110 1.93927
0.000 32.545 17.821 3.08744
0.000 32.277 18.469 2.03357
0.219 33.481 19.828 0.99457
2.914 32.676 20.374 1.52727
0.000 32.569 21.044 1.62464
0.022 32.933 20.533 1.41794
0.000 33.101 19.502 0.95397
0.000 34.975 21.064 1.03892
0.000 34.817 21.101 1.09103
0.000 35.241 19.866 1.36360
0.000 35.433 21.414 0.77847
0.000 35.518 23.120 1.00947
0.000 34.840 23.220 1.36985
0.000 34.903 22.186 1.50033
0.000 34.649 22.361 1.45596
0.386 32.776 20.676 1.84024
0.392 31.745 18.624 2.07591
0.000 28.092 17.002 2.95714
0.257 33.602 17.881 2.54082
0.000 34.340 20.681 1.45812
0.000 35.597 22.474 0.88443
0.000 36.089 23.538 1.14294
0.000 36.216 23.407 1.30094
0.000 36.083 23.656 1.03730
2.449 35.528 23.847 1.23416
3.289 34.178 23.159 1.31762
0.150 35.999 23.452 1.42798
12.551 32.328 20.029 2.21622
1.854 32.378 20.599 1.51295
8.711 31.528 22.572 1.38202
0.000 34.179 23.287 1.29510
0.000 36.422 24.138 1.57629
0.000 35.033 18.639 2.20529
2.000 26.942 16.459 2.71161
3.764 29.458 15.587 3.15904
0.000 32.608 16.442 3.14183
0.000 31.945 16.820 4.65576
0.269 31.740 16.059 4.20312
0.000 32.909 16.636 3.15303
0.204 34.998 19.090 2.69411
0.000 35.085 20.675 1.94305
0.000 36.278 22.071 1.15447
0.000 37.281 23.005 1.40469
0.000 37.036 23.283 1.57561
0.000 37.642 23.096 1.24693
0.000 38.432 24.344 0.97356
7.471 37.811 25.589 1.52621
0.021 33.996 25.126 1.05379
7.829 33.632 21.855 2.50493
0.016 32.868 20.693 1.24757
0.000 36.485 22.010 1.30169
0.000 38.052 23.177 1.41943
0.000 37.971 23.941 1.44866
0.000 38.570 24.992 1.17985
0.000 39.887 26.198 1.41956
0.000 39.737 26.936 1.44860
0.000 36.367 26.653 1.02708
2.676 30.662 24.856 1.22583
6.904 32.919 24.968 0.91508
54.160 31.871 23.548 0.90375
0.734 35.891 24.270 0.99265
1.255 31.812 24.042 1.42758
2.125 31.246 23.649 0.75952
0.000 33.903 24.312 1.40666
0.349 31.949 23.351 1.56991
2.011 32.731 24.223 1.30513
0.010 32.356 24.717 1.42716
0.000 33.880 24.766 1.11186
35.937 35.043 23.364 0.89975
6.837 31.481 22.737 1.60758
0.536 33.443 23.515 1.34342
0.268 34.054 23.543 1.33020
1.609 36.076 23.062 3.10204
44.293 28.271 18.876 5.30101
29.579 21.881 16.060 5.13932
0.532 27.207 15.797 3.80991
0.068 27.226 17.047 2.60035
0.000 31.930 19.851 2.44452
0.075 32.260 19.163 2.63348
0.011 32.576 18.894 2.73988
0.000 32.251 18.793 1.75536
0.000 33.162 19.557 1.32222
0.000 34.937 21.557 0.98222
0.000 35.076 23.529 0.98059
0.000 34.411 24.259 1.18404
0.065 35.830 24.062 1.36089
0.450 36.264 24.757 1.24270
3.845 36.280 24.770 1.30163
22.538 34.302 24.816 1.48268
0.469 32.287 24.461 1.14863
4.875 30.934 21.697 2.11073
0.113 33.171 21.139 1.98243
0.531 34.947 22.659 1.44277
5.352 34.865 25.155 1.19157
1.078 32.227 24.125 1.45664
3.485 33.371 24.629 1.16771
0.044 35.727 25.594 1.15578
0.000 33.611 25.601 1.43637
0.314 34.520 25.641 1.64005
1.178 36.526 26.453 1.05603
1.007 35.958 25.506 1.35840
1.905 33.081 25.199 0.92783
7.160 32.307 24.208 1.17651
23.494 31.815 21.175 1.87574
18.541 27.199 19.381 4.05832
2.570 29.357 19.601 3.10069
0.421 30.585 20.165 1.97656
16.370 33.102 22.679 1.16794
0.701 28.921 23.245 1.77449
2.198 31.333 23.970 1.29582
2.278 31.130 23.975 1.37261
6.775 31.399 24.503 1.03350
5.403 31.300 24.465 1.09837
4.048 31.404 24.518 1.33156
5.411 31.317 24.757 1.94619
1.151 30.052 24.588 1.43969
2.709 30.740 24.824 1.25770
15.940 30.738 24.821 0.85861
54.799 30.197 23.416 1.03999
1.830 31.692 24.142 1.03623
10.924 28.256 24.222 0.72662
11.559 28.025 23.960 1.20668
4.274 28.997 23.580 1.72144
6.906 28.592 23.959 2.07943
5.716 30.130 23.396 2.63094
0.926 29.308 23.918 2.16609
11.369 29.184 23.893 1.78903
5.111 29.495 23.903 1.45143
1.419 29.498 23.827 2.12148
2.554 28.315 23.352 2.44026
7.784 30.528 23.352 2.10069
0.120 30.060 22.770 1.98580
3.117 29.712 23.441 1.70373
0.966 29.721 24.186 0.85955
11.641 30.582 24.476 1.03365
1.844 29.421 24.254 1.46812
3.575 29.107 23.431 1.88882
0.874 28.837 23.476 2.12817
0.196 29.267 23.737 1.61574
1.647 28.273 23.757 2.00844
0.108 30.502 23.588 1.77795
0.000 29.363 23.720 1.46909
0.008 29.161 23.565 1.23764
3.669 28.267 24.432 1.65611
1.284 29.335 23.531 1.16612
7.051 31.097 23.833 1.35059
4.367 30.015 23.862 1.10975
4.519 30.082 23.462 1.32773
0.079 29.842 24.014 0.86343
3.788 29.125 23.352 1.14465
2.335 30.274 24.046 1.33235
0.724 29.989 23.706 1.45047
14.639 30.833 23.738 1.60060
0.000 30.740 23.697 1.79286
8.915 30.634 24.247 1.70467
4.745 29.374 23.644 1.44529
4.265 30.209 24.043 0.90554
3.915 30.376 23.672 1.22989
6.252 30.979 24.372 1.08493
15.814 29.746 23.647 1.00736
12.327 31.675 24.024 1.12090
0.089 31.206 24.436 1.59895
0.024 29.341 24.778 1.70417
1.597 29.176 24.457 2.43006
0.759 28.232 24.267 2.16899
11.956 27.345 23.826 2.07783
1.291 30.146 24.202 2.27603
0.000 29.808 24.356 2.32188
0.760 30.691 24.208 2.04418
12.180 30.803 24.627 1.73517
24.265 29.214 24.493 1.55595
19.493 29.496 23.660 1.92732
11.968 28.672 23.412 2.08518
39.221 28.265 24.017 2.09199
8.219 27.373 23.993 2.02055
30.702 27.043 22.750 2.15562
3.842 27.035 23.359 2.14388
0.637 27.184 23.988 2.06987
1.284 28.958 23.945 1.29667
43.541 30.098 23.881 1.54803
11.931 30.487 24.228 1.58641
1.992 29.694 24.463 1.75238
1.370 29.352 24.463 1.59908
14.904 29.412 24.249 1.65215
31.365 28.593 23.092 1.69393
1.008 30.550 23.919 1.09033
0.260 28.337 22.971 0.92491
7.396 30.449 23.193 0.73158
3.265 32.424 24.131 0.80387
14.569 31.513 23.791 0.97578
8.237 31.560 24.397 0.93815
0.174 30.721 23.958 1.10662
0.516 31.349 24.366 1.42001
1.081 30.009 24.071 1.53682
2.961 29.229 24.419 1.19521
0.546 28.694 23.331 1.44309
3.670 30.010 23.498 1.60539
20.083 29.724 23.261 1.71966
9.799 29.230 23.887 2.01269
8.691 28.146 23.535 2.13304
12.413 28.473 23.389 1.91615
12.460 27.879 23.616 1.91016
3.992 27.415 23.198 2.34170
14.658 27.385 22.762 2.41707
3.775 27.885 23.259 2.55850
3.663 26.929 23.472 2.51275
0.441 29.682 22.790 1.94182
0.000 31.027 23.495 1.16957
3.321 30.843 23.914 1.26771
37.758 30.082 23.092 1.82180
10.871 29.330 23.586 1.95239
15.201 28.685 23.599 2.07872
0.587 29.401 24.093 1.96951
37.786 28.496 24.557 1.99251
36.855 27.119 23.691 2.49644
0.421 27.903 23.517 1.93347
1.985 30.167 23.614 1.55536
33.487 30.528 23.979 0.73661
21.989 28.750 23.785 1.58341
12.208 27.779 23.763 2.53780
4.710 28.150 23.264 2.14293
0.004 31.296 24.230 0.77811
6.140 31.863 24.848 0.69398
0.000 30.873 24.854 1.12624
5.494 31.193 25.316 0.65956
8.706 30.250 24.269 0.77811
10.721 31.754 24.654 0.82677
5.442 29.021 24.533 1.07142
24.196 28.435 24.007 1.19515
17.829 29.105 23.628 1.35338
27.711 29.297 23.671 1.63684
16.272 28.095 23.681 1.20194
9.937 30.019 23.424 0.76392
4.810 30.081 24.087 1.22447
1.570 28.412 23.829 1.36606
7.290 30.825 24.252 0.96664
24.192 29.852 23.238 1.32815
29.786 27.807 22.332 0.55620
10.807 31.228 23.687 0.96647
11.049 29.551 24.159 1.17427
7.935 27.304 23.619 1.38604
1.829 28.816 23.579 1.77652
24.499 28.142 23.360 1.78026
15.292 29.637 23.147 1.77529
70.598 27.744 23.229 1.95220
5.363 26.846 23.261 1.60238
2.807 27.064 22.929 1.13832
11.451 26.472 23.297 1.42737
26.863 29.048 23.635 1.19851
32.490 28.024 23.323 1.14342
13.232 28.133 22.859 0.79256
15.599 29.790 23.402 0.99604
31.296 28.875 23.129 1.74935
112.035 26.141 22.974 4.19155
8.310 28.622 23.132 2.55690
3.131 29.398 23.326 1.37754
36.525 28.961 23.771 1.06946
32.949 29.633 22.777 0.89640
30.599 29.601 23.286 1.04413
0.004 29.509 22.844 0.97037
11.326 30.281 23.137 0.96331
8.779 28.892 22.618 0.93847
7.199 30.299 23.271 1.14636
13.136 29.896 22.679 1.00801
1.100 28.949 23.204 1.57170
0.289 27.688 20.954 2.33406
0.025 28.818 20.076 2.05135
0.000 28.906 19.426 2.01468
0.106 27.557 19.802 2.21257
7.014 24.625 19.782 2.31027
2.035 23.472 19.891 2.35640
0.000 28.612 20.368 2.13664
0.000 27.763 18.725 2.21035
0.000 28.339 19.375 2.50627
0.000 27.388 17.518 2.62247
0.078 28.017 18.242 1.73921
0.000 29.484 20.250 1.41954
0.000 30.210 21.700 2.01203
0.025 28.992 21.547 1.58838
0.000 30.680 20.720 1.35883
0.065 29.914 21.771 1.76101
0.084 30.375 23.238 1.42717
0.677 29.640 21.529 1.75363
0.536 28.861 19.819 2.41741
0.000 28.775 20.093 2.66005
0.017 28.793 19.379 2.64972
0.000 28.328 17.662 2.72773
0.003 26.952 16.534 2.30842
0.000 27.062 15.250 1.77043
0.000 27.604 15.768 1.66890
0.000 26.504 17.851 1.74673
0.000 25.717 20.502 1.50401
0.170 28.723 19.995 1.99128
0.000 28.882 18.186 2.06781
0.000 28.109 19.301 2.12967
0.000 29.312 21.091 1.96163
0.000 30.490 22.061 1.90438
0.849 30.519 22.389 1.67449
2.474 30.190 21.835 1.67348
5.032 29.815 22.830 1.24828
2.307 30.568 23.299 0.97170
4.960 30.555 23.057 1.00770
0.841 30.196 22.124 0.84662
5.584 31.330 23.021 0.96778
5.919 29.025 23.325 0.99308
1.015 30.745 22.782 2.04662
9.899 29.062 22.586 1.92547
0.285 28.546 22.337 1.74281
3.902 29.415 23.058 1.37624
14.134 27.717 23.121 1.36471
0.099 30.519 22.592 1.56879
0.766 30.516 23.361 1.10432
1.347 29.844 22.349 1.02973
1.187 30.902 23.110 0.85584
0.127 30.304 23.302 0.65777
0.160 31.514 22.486 0.76340
0.105 31.881 23.669 1.00523
0.135 31.496 19.752 2.20153
1.034 29.798 18.573 2.84113
0.981 30.437 19.077 1.98980
0.469 31.184 21.106 2.44540
0.262 30.630 18.867 3.38989
0.124 29.975 18.930 2.55532
0.049 30.243 19.454 2.21292
0.759 30.147 20.304 2.36602
0.233 31.277 20.827 2.04991
0.000 30.733 19.735 2.14910
0.000 29.616 18.473 2.38011
0.000 27.419 14.901 3.06118
0.066 26.455 13.870 2.83324
0.000 27.010 13.839 2.81485
0.000 28.065 14.491 1.68530
0.000 30.469 17.065 2.46311
0.000 28.447 15.150 5.49407
0.000 23.958 11.822 4.12349
0.000 26.213 12.429 2.66418
0.000 29.097 14.860 1.92923
0.000 30.408 16.185 3.24109
0.038 29.086 15.635 2.52115
0.000 29.554 16.404 2.23864
0.000 28.782 15.684 2.67434
0.000 28.010 15.842 2.08760
0.000 29.450 15.716 2.06894
0.000 29.869 17.053 1.46641
0.000 30.642 18.440 2.25233
0.000 29.839 16.448 3.42164
0.000 29.428 15.038 3.26979
0.000 28.963 15.569 3.39883
