0.000 1.814 -15.701 2.71978
0.000 2.575 -16.010 2.22537
0.048 3.621 -15.149 2.60959
0.000 -0.367 -15.419 2.20585
0.000 0.278 -16.140 2.52270
0.000 -0.906 -16.180 2.45030
0.000 -1.127 -14.861 1.79016
0.000 0.901 -15.057 1.74162
0.000 1.716 -14.624 2.02723
0.000 5.371 -13.025 1.85133
0.000 5.554 -12.499 2.06753
0.001 4.943 -12.817 2.33727
0.000 5.484 -12.118 2.41589
0.000 4.701 -12.453 2.69580
0.236 3.091 -12.490 3.53080
0.787 2.066 -12.356 4.49870
0.242 -3.871 -16.860 3.84565
0.000 0.653 -17.142 3.08746
0.000 0.822 -15.660 3.02775
0.000 3.353 -16.016 2.31697
0.000 4.896 -16.074 2.49330
0.000 1.369 -13.701 1.76114
0.000 5.528 -13.811 1.82657
0.000 1.102 -13.845 1.92936
0.000 5.422 -13.558 2.06072
0.000 5.116 -8.428 1.79133
0.000 7.324 -9.729 1.90550
0.000 8.222 -10.008 2.25820
0.007 8.577 -10.293 3.13030
0.473 2.738 -10.547 4.99594
0.100 -1.450 -13.059 3.90157
0.159 0.473 -13.648 2.87598
0.998 -2.894 -13.076 2.27772
0.753 -2.281 -12.895 1.23711
0.029 -1.785 -16.020 1.95455
0.101 1.784 -15.984 2.16898
0.043 2.380 -12.382 2.31192
0.000 0.818 -13.299 1.75708
0.000 3.964 -13.391 2.47673
0.598 3.207 -14.028 3.80528
0.146 -0.500 -15.643 2.39388
0.002 -0.409 -15.933 2.82340
0.000 -2.345 -16.281 3.95171
0.095 -3.623 -15.951 2.03531
0.008 0.675 -16.059 2.01311
0.000 -0.157 -15.551 2.46176
0.002 -0.655 -15.572 1.72340
0.000 1.701 -15.752 2.45725
0.005 4.651 -15.280 2.71497
0.000 3.022 -13.369 2.29092
0.000 7.084 -11.522 2.46324
0.000 9.063 -11.438 2.82123
0.175 4.933 -10.946 6.54509
0.107 -0.608 -12.077 3.12796
0.000 2.562 -12.096 2.64074
0.045 0.001 -10.982 1.53692
0.002 1.783 -12.221 1.66761
0.040 2.334 -12.732 2.83484
0.271 2.832 -12.407 3.70675
0.414 -0.006 -13.790 3.71127
0.104 -0.547 -13.896 2.19729
0.000 1.802 -13.552 2.04047
0.000 5.649 -12.587 1.80821
0.000 6.410 -9.883 2.44549
0.011 6.781 -8.786 2.47346
0.021 7.661 -8.346 3.50487
0.431 4.526 -9.231 5.02296
0.017 3.043 -10.024 2.09537
0.005 5.409 -10.698 3.02167
0.123 5.166 -10.762 2.64341
0.001 5.744 -9.987 4.06021
1.177 3.453 -9.333 3.31689
0.001 6.836 -8.540 2.86754
1.449 6.314 -6.349 3.13419
0.069 6.979 -5.791 2.03037
4.142 1.305 -7.326 1.16438
0.090 6.006 -6.458 2.25434
0.161 8.960 -6.450 2.43757
2.698 7.890 -4.910 2.51236
6.946 2.986 -6.002 1.65567
2.552 -0.384 -6.338 1.44062
0.653 1.252 -7.341 2.91062
0.099 2.866 -8.028 2.61169
0.510 5.609 -7.671 2.15165
0.308 4.855 -5.762 3.22227
1.010 2.025 -5.735 2.73834
2.009 1.188 -7.561 1.19478
0.192 4.437 -6.359 2.42615
0.002 5.441 -6.092 1.94505
0.527 7.959 -4.458 2.24356
0.926 2.914 -4.235 1.64146
0.677 4.887 -6.387 1.89530
0.738 6.558 -4.728 2.11201
0.076 7.603 -5.758 1.96661
0.000 12.714 -4.381 1.73999
0.000 13.473 -3.710 1.46054
0.000 15.326 -3.793 1.71475
0.000 16.780 -4.307 2.34061
0.019 14.361 -3.422 2.97942
0.281 13.161 -5.394 3.96905
0.377 10.121 -6.461 3.94008
0.093 9.639 -6.250 4.23246
0.054 8.950 -6.072 3.66293
0.000 10.455 -5.230 2.29259
0.021 13.164 -5.600 2.31057
0.621 12.066 -5.159 2.77248
0.586 9.329 -6.056 3.92388
0.936 7.220 -6.685 3.81426
0.096 8.707 -5.818 2.18692
0.218 8.949 -5.554 2.18645
0.043 10.539 -5.023 1.70351
0.491 8.754 -4.198 2.17958
0.171 6.179 -4.774 2.32983
0.751 10.931 -6.669 3.27819
0.789 8.667 -6.728 3.06524
0.335 9.234 -4.599 2.06117
0.336 9.120 -4.589 1.91082
0.525 8.258 -3.494 1.11633
0.003 11.444 -4.052 1.08438
0.013 15.018 -4.460 1.80399
0.002 15.246 -2.928 2.39970
0.000 16.985 -2.318 1.47641
0.000 19.337 -1.120 1.49701
0.001 19.384 -2.011 2.11171
0.267 19.170 -1.348 2.89454
3.791 15.636 -2.221 3.41632
4.477 11.561 -2.221 1.49651
0.310 10.057 -4.209 1.91754
0.455 13.815 -2.271 1.49728
0.000 16.409 -2.780 2.32524
0.010 16.039 -3.084 3.07821
0.062 17.589 -1.860 2.25209
0.000 17.263 -0.693 1.56859
0.000 18.148 -3.232 3.14395
0.062 16.171 -4.171 2.57116
0.547 14.781 -3.046 2.54666
0.166 14.523 -3.240 2.55423
0.736 12.310 -3.507 2.25274
0.020 14.693 -3.223 2.11573
0.041 16.613 -1.540 2.25111
0.093 15.958 -2.318 2.01801
0.017 16.467 0.153 2.20428
0.095 17.741 0.885 1.39597
0.262 18.197 0.197 1.95577
0.332 18.091 0.477 2.43437
4.246 18.482 2.619 2.04519
2.873 17.597 3.015 1.94553
1.581 15.922 1.508 1.26787
2.988 16.812 1.691 2.06491
1.768 12.342 1.112 1.16255
1.885 10.361 -0.335 1.60272
2.534 16.196 0.565 2.02475
1.720 17.313 -0.570 2.23826
3.825 18.788 0.669 1.91725
0.229 18.078 2.335 2.20118
0.001 19.774 2.272 2.57763
0.137 19.787 2.557 2.61753
0.828 17.704 0.915 1.63939
0.857 17.474 2.005 1.25300
0.001 19.941 2.411 1.26474
0.376 21.657 3.918 2.37317
0.058 19.087 4.084 1.80726
0.711 21.002 4.045 2.14874
0.795 22.005 4.695 1.71703
1.332 21.834 4.549 1.78216
2.648 21.481 4.707 1.29684
1.455 19.583 3.901 1.43877
0.168 22.821 6.474 1.76020
0.742 15.858 5.561 2.41195
9.929 18.669 2.979 2.17612
4.853 13.700 2.473 0.96301
2.919 16.239 1.233 1.26598
0.004 20.207 3.475 1.16148
2.912 18.251 2.593 2.46029
5.199 13.189 0.039 1.56544
0.001 18.000 1.315 1.42888
0.000 20.528 3.166 2.01190
0.052 20.457 2.562 2.35370
0.258 19.965 3.197 2.41665
2.126 17.919 3.615 2.44025
4.997 16.806 2.979 1.01083
8.997 17.701 1.238 1.98555
0.023 16.984 0.454 1.21651
0.018 20.251 2.069 1.47971
0.004 21.145 3.636 1.10789
5.166 19.186 3.155 1.51623
1.441 19.645 3.522 1.14111
0.257 19.670 4.048 1.25944
0.001 21.327 4.947 1.43168
4.891 17.648 3.896 1.04715
2.404 18.456 2.858 1.53131
0.107 18.855 2.593 1.50504
0.000 20.380 3.096 1.56188
0.105 21.680 4.243 1.33485
0.387 22.170 5.582 1.38291
2.023 20.386 5.107 1.26933
0.867 21.060 5.874 1.21751
0.582 20.628 5.561 1.28537
3.013 20.827 4.757 1.21855
0.952 20.381 3.115 1.19752
0.001 21.538 4.281 1.32505
0.001 22.820 4.876 1.63148
6.089 23.521 6.671 1.19774
2.370 19.516 5.711 1.28861
1.652 20.454 6.035 1.67265
0.201 22.190 5.788 1.85929
3.184 21.246 5.772 1.69117
5.933 21.238 6.381 1.17656
9.032 16.976 2.414 1.85282
5.666 15.711 2.795 1.59515
1.396 16.687 2.625 1.65923
4.270 15.841 2.493 1.46863
6.049 15.941 3.715 1.16072
1.425 19.125 3.876 1.13112
1.180 20.191 4.469 1.00955
1.314 19.242 4.866 1.26270
0.412 21.540 4.781 1.32469
4.567 20.653 4.449 1.40320
4.203 19.752 5.057 0.94346
0.001 20.336 3.747 1.42757
0.000 21.070 4.396 1.62369
0.023 22.195 4.565 1.60069
0.003 22.316 4.451 1.75460
3.517 22.392 6.372 1.03985
3.300 19.086 4.649 1.08523
2.494 18.088 5.435 0.98613
0.330 16.665 3.347 1.33742
0.000 20.312 4.533 1.85589
0.000 20.228 4.551 1.64564
0.286 21.082 5.378 1.52081
2.066 21.127 5.310 1.64831
2.863 19.391 4.951 1.41038
9.058 16.886 2.609 0.90559
4.830 17.852 3.813 0.90405
5.991 17.531 4.128 1.23787
4.770 16.389 1.488 1.70806
2.243 14.214 2.307 0.91622
1.200 17.229 3.282 1.48235
2.165 16.353 2.789 1.11159
0.047 18.209 3.035 1.23889
0.383 18.923 3.437 1.55857
0.194 19.590 3.252 1.66530
0.877 18.430 2.085 1.67559
1.650 18.951 2.338 0.95289
2.005 18.578 4.160 1.04064
7.645 18.645 1.470 1.37679
1.101 18.584 3.749 1.50416
0.039 18.492 2.957 1.46035
0.003 20.503 3.551 1.54879
0.002 21.530 3.601 1.46103
0.378 20.129 3.093 1.34024
1.133 19.238 2.635 1.59488
3.029 18.908 2.780 1.49632
1.594 19.392 4.122 1.23095
0.603 19.521 3.363 1.86881
0.005 19.825 2.101 2.02624
0.057 20.836 2.030 1.95728
0.543 20.352 1.579 1.78262
3.122 19.932 2.279 1.50169
1.541 18.155 1.437 1.88195
0.020 18.618 2.116 1.61755
0.124 18.635 1.762 1.89553
1.167 19.019 1.215 1.79814
0.642 18.861 1.011 2.01471
0.216 19.517 1.289 1.85423
1.055 19.714 0.901 1.55285
0.121 19.756 2.268 1.16023
0.326 17.706 2.409 1.54114
0.299 17.156 -1.062 1.71495
0.299 18.645 -2.400 2.07673
0.215 17.882 -1.425 1.00621
0.112 18.406 -1.234 1.95935
1.445 17.610 -1.900 2.04556
0.696 15.886 -2.136 1.80289
0.080 15.049 -1.908 1.30567
14.914 12.738 -1.295 1.89205
5.653 9.428 -1.835 1.44278
0.243 6.052 -3.606 1.07163
0.017 10.369 -4.501 1.52616
1.728 12.494 -5.062 2.04585
1.076 13.038 -4.091 1.87579
4.353 13.208 -3.358 1.91421
5.559 6.945 -3.058 0.98036
0.053 13.256 -4.283 1.69094
0.009 15.164 -4.328 2.32658
0.027 16.537 -4.083 1.83020
0.000 17.951 -4.280 2.10342
0.033 15.986 -4.558 2.82195
0.050 13.024 -6.625 2.49643
0.000 11.922 -6.163 2.58371
0.001 11.985 -5.202 1.67314
0.000 10.618 -4.806 1.26174
0.020 9.517 -5.559 1.85396
0.710 9.757 -4.834 1.47750
0.805 7.161 -5.794 1.04934
2.015 7.435 -5.576 1.19038
0.001 7.777 -4.975 0.80624
0.272 9.514 -5.832 1.42879
0.000 9.965 -5.811 1.33203
0.008 10.270 -5.991 1.59876
0.000 11.316 -6.134 1.95610
0.000 9.993 -6.179 1.92396
0.000 10.056 -6.215 1.75243
0.000 10.820 -6.097 1.64592
0.125 9.486 -4.902 1.45151
0.096 8.870 -4.299 2.03273
0.301 8.285 -5.097 1.80444
0.000 8.754 -5.387 1.12233
0.000 6.240 -5.053 0.88859
0.011 7.046 -5.618 1.20214
0.000 7.848 -6.659 1.78751
0.000 7.154 -6.709 1.30596
0.000 6.878 -4.984 0.74974
0.001 6.691 -4.799 1.06161
3.735 4.095 -4.666 0.52471
0.161 3.892 -5.112 1.25369
1.197 4.193 -7.979 1.47911
0.043 3.510 -7.970 1.44410
0.000 3.315 -7.457 1.10153
0.297 3.719 -7.015 1.06358
0.011 0.840 -8.971 0.89985
0.094 2.004 -9.238 1.40254
0.059 1.387 -9.557 0.89048
0.000 3.331 -9.850 1.05889
0.000 4.934 -9.867 1.58497
0.000 4.529 -10.289 1.52384
0.000 4.605 -10.439 1.54057
0.131 1.545 -8.340 1.84646
2.400 1.600 -8.719 0.92283
0.174 1.597 -10.484 1.27323
0.047 2.117 -11.055 1.59129
0.025 3.549 -11.335 1.90954
0.239 -0.258 -11.597 1.35144
0.507 -0.992 -12.641 1.66361
0.199 -3.524 -12.778 1.01531
0.000 -1.633 -13.973 1.31697
0.000 1.805 -13.913 1.47234
0.000 0.850 -13.785 1.70338
0.000 0.058 -14.100 1.00515
0.000 0.744 -13.149 1.38990
0.000 4.867 -13.504 1.59374
0.000 6.688 -12.579 1.80718
0.000 6.623 -11.672 1.92206
0.000 6.775 -12.196 1.82522
0.008 4.468 -12.396 2.60358
0.000 2.884 -12.235 1.77341
0.000 6.511 -12.678 1.97821
0.000 6.817 -11.559 1.72549
0.000 7.111 -12.433 3.50024
0.000 2.871 -13.328 1.58226
0.000 2.044 -14.181 2.09368
0.000 0.702 -14.376 2.03094
0.000 -0.388 -14.605 1.59483
0.000 -0.834 -15.714 1.50685
0.000 -0.516 -15.920 1.82445
0.000 -0.385 -15.171 1.00090
0.000 -0.176 -14.870 1.32247
0.000 1.110 -15.268 1.69519
0.000 2.217 -15.518 1.95450
0.000 3.704 -14.100 1.58426
0.000 6.107 -12.553 1.78052
0.000 6.826 -12.695 2.03316
0.000 4.002 -13.970 2.68151
0.000 2.047 -17.153 2.59932
0.008 -3.271 -17.291 2.85539
0.205 -4.401 -16.491 2.44208
0.313 -6.152 -16.813 2.04651
0.008 -4.632 -17.522 1.80988
0.000 -3.868 -17.954 1.40749
0.000 -1.212 -18.122 1.99309
0.000 1.030 -17.867 2.24164
0.000 2.098 -16.896 1.83651
0.156 4.575 -14.541 1.66370
0.856 3.433 -12.173 2.96850
0.024 2.510 -13.463 3.43528
0.000 4.103 -14.697 2.89631
0.152 1.445 -14.869 3.16149
0.187 0.254 -12.989 3.39539
0.292 -2.531 -16.786 3.07040
0.000 1.313 -16.967 2.23541
0.000 2.060 -14.795 2.86155
0.010 2.835 -14.023 3.54334
0.642 -0.571 -13.495 2.56567
0.000 -0.404 -17.144 2.13212
0.059 -2.784 -17.150 3.29494
0.025 -3.409 -16.157 3.63099
0.064 -1.977 -17.427 2.66495
0.005 -2.866 -17.933 2.08069
0.000 0.074 -18.117 2.11905
0.000 -1.799 -17.060 1.86762
0.000 0.232 -16.812 2.13120
0.000 0.546 -16.295 1.72827
0.000 2.512 -15.375 2.05961
0.000 3.114 -15.705 2.18118
0.000 1.193 -15.477 2.21118
0.000 1.662 -15.656 2.38920
0.000 2.002 -15.434 2.09326
0.008 2.109 -14.759 2.57582
0.008 0.476 -15.045 1.47580
0.012 1.124 -14.652 2.47389
0.114 0.936 -14.523 2.58912
1.820 -0.924 -14.084 1.82434
0.002 -1.697 -15.124 2.67549
0.000 5.009 -14.529 2.60381
0.090 3.040 -13.319 2.00135
0.407 -1.034 -14.128 1.97608
0.001 4.075 -14.077 2.27149
0.000 4.853 -13.314 1.65945
0.000 3.659 -9.962 1.42229
0.000 5.354 -10.005 2.15748
0.189 6.458 -10.096 3.81212
0.888 1.689 -13.862 4.28057
0.105 -0.540 -14.833 2.06254
0.105 -1.030 -14.812 2.93394
0.109 -2.987 -16.383 2.20662
0.290 -1.712 -16.347 2.87048
0.027 1.392 -15.268 2.97445
0.169 1.896 -14.757 4.10018
0.067 -0.141 -14.365 4.01894
0.448 0.243 -13.593 4.33558
0.433 -0.800 -15.482 3.16338
0.068 1.047 -15.379 1.98791
0.341 -0.473 -14.683 2.39147
0.080 0.822 -14.809 2.33114
0.003 2.732 -14.408 2.08152
0.003 5.085 -12.507 1.92456
0.024 6.446 -10.695 3.02892
0.023 6.901 -9.539 3.05490
0.079 6.694 -8.657 2.96001
0.017 7.586 -8.608 3.86561
0.039 8.492 -8.162 3.86962
0.778 6.355 -8.428 4.72660
0.109 5.355 -7.768 4.33376
0.409 5.890 -7.511 4.60364
0.368 5.186 -9.953 5.15916
0.695 3.576 -10.692 4.28884
0.112 4.970 -10.610 4.36722
0.068 2.365 -11.065 4.34044
0.000 5.131 -10.451 2.60069
0.074 8.424 -9.075 2.75804
1.743 6.945 -6.856 3.99439
1.145 4.821 -8.676 3.40267
0.000 7.494 -7.530 2.45059
0.586 7.437 -6.125 1.93466
0.546 7.362 -5.591 2.24583
0.021 7.363 -5.594 2.26316
0.000 13.006 -5.695 2.64521
1.079 12.756 -5.083 2.04835
0.004 12.449 -5.445 1.92377
0.054 13.359 -5.212 2.30539
0.262 11.392 -5.892 3.71154
0.398 7.261 -5.552 3.15551
0.185 8.896 -6.202 1.89035
0.088 8.962 -5.608 2.88393
0.253 6.976 -7.224 3.27888
0.166 8.988 -7.379 3.47460
0.001 8.279 -7.591 4.04436
0.233 7.209 -7.900 4.41038
0.001 6.843 -8.041 4.34490
0.075 6.029 -7.084 4.43797
1.431 1.503 -7.332 3.46293
2.401 4.961 -7.835 2.26320
0.404 4.052 -6.170 2.91095
1.867 5.124 -7.250 2.43335
0.000 9.599 -5.557 1.49586
0.147 13.020 -3.907 2.01681
2.981 9.688 -6.506 3.92167
1.986 6.540 -4.963 5.53734
0.176 7.073 -7.804 2.83491
0.126 10.374 -6.806 2.94887
5.437 9.488 -7.371 2.42663
0.242 10.669 -5.795 2.42876
0.031 13.101 -5.671 1.99984
0.103 13.075 -5.322 2.59137
0.068 13.244 -5.399 3.03334
1.099 7.755 -5.508 4.26443
0.024 13.521 -5.916 2.92691
0.001 12.519 -5.874 3.42015
2.461 11.406 -4.378 3.61878
0.007 12.769 -5.655 2.88726
0.062 13.523 -4.344 2.34298
0.284 14.210 -4.048 2.15111
0.936 15.303 -3.419 2.05565
1.021 14.438 -3.448 2.42274
1.240 12.711 -3.048 2.59875
13.419 9.339 -3.766 1.70284
0.222 11.223 -2.976 1.96228
1.191 13.344 -2.217 1.99804
6.240 10.770 -3.039 2.39751
5.493 7.220 -2.945 1.36685
4.165 4.995 -3.797 1.11881
0.050 10.087 -3.897 1.26798
0.008 13.624 -2.076 1.64261
0.008 15.889 -1.808 1.77278
0.000 16.205 -2.289 1.48463
0.023 18.260 -1.342 1.55805
0.018 19.770 -0.444 1.89228
1.104 19.383 1.889 1.83762
12.752 17.758 0.212 3.04349
2.916 13.272 1.127 1.74592
11.513 12.452 1.665 1.90270
0.495 15.141 0.362 2.38892
0.200 19.445 1.785 3.12294
0.022 19.954 -2.382 3.52718
0.491 18.785 0.188 3.10147
0.126 17.609 -1.743 3.00985
0.001 17.879 -3.118 3.51136
0.005 19.547 -1.536 2.47048
0.049 21.144 1.313 1.55472
0.027 19.795 1.874 1.61811
0.275 19.946 1.738 1.92519
0.077 20.423 2.596 1.40336
0.011 20.482 2.728 1.79990
0.151 21.311 0.923 2.19441
0.048 20.274 2.725 1.54050
0.205 20.259 3.714 1.30369
0.725 20.123 3.917 1.79321
0.270 21.659 4.149 1.55181
0.725 21.450 4.740 1.75544
0.128 23.188 4.799 1.77994
3.085 22.349 4.931 1.84126
5.056 21.627 6.454 1.22999
6.252 19.024 4.252 1.21555
2.921 19.399 4.560 0.88934
4.380 18.636 2.968 1.15994
3.959 19.024 3.566 1.20734
10.219 19.030 4.217 2.03499
8.489 17.166 4.554 2.12771
5.814 16.561 3.029 2.30332
8.611 15.586 2.902 1.30319
5.741 15.965 1.855 1.81645
0.133 17.264 1.021 1.41178
3.688 13.770 2.397 1.92770
3.797 13.408 1.922 2.10237
2.000 17.968 2.306 2.74860
0.455 13.400 3.127 1.88278
1.553 19.393 2.578 2.38922
0.306 20.427 1.973 2.32844
0.216 20.257 3.229 1.87027
0.689 21.146 3.196 2.00066
7.829 20.353 3.661 1.51198
5.223 15.334 3.587 0.94394
4.550 15.080 2.581 1.02049
7.839 18.029 4.795 1.78689
3.831 18.299 3.492 1.13906
16.867 17.434 2.014 2.25544
4.534 12.623 2.792 1.41804
4.666 16.434 3.125 1.99462
16.444 13.649 3.211 1.72206
8.610 11.474 0.761 1.07292
5.846 11.638 2.275 1.00501
12.981 13.545 0.957 2.13588
2.569 13.268 1.823 0.96243
3.819 13.082 1.794 1.56419
1.216 14.245 1.501 1.14976
0.121 16.797 2.317 0.93794
0.241 17.520 3.785 1.85832
0.642 16.856 2.376 1.78661
3.888 17.835 4.005 1.35022
4.401 17.895 4.000 1.33055
5.674 17.947 3.936 1.18484
16.328 17.125 3.709 1.63928
5.107 14.981 4.066 1.01271
6.651 17.297 3.888 0.69719
0.729 15.979 2.930 1.04766
0.002 16.101 3.240 1.08062
0.027 16.643 2.292 1.24690
2.968 17.771 3.776 1.19722
1.822 17.212 3.894 1.19386
0.333 17.862 2.886 1.08336
0.001 18.947 4.529 1.23532
1.024 18.424 4.890 1.49623
0.090 18.308 4.979 1.16418
0.291 19.000 6.051 1.37639
2.817 16.353 4.638 1.52156
0.635 17.827 3.812 1.75324
1.706 18.187 4.564 1.81848
1.176 16.918 3.338 1.56915
4.868 17.398 3.360 1.13097
3.142 18.002 2.670 1.71513
2.732 18.736 4.213 1.45194
3.550 17.512 1.685 1.33815
0.919 18.057 4.008 1.32673
0.000 18.920 5.355 1.30690
0.537 19.166 4.975 1.69701
3.366 19.193 4.404 1.72037
6.152 16.157 5.046 1.50809
3.332 16.406 3.805 1.20820
0.291 15.573 1.374 1.25232
5.643 14.560 2.123 1.83134
1.415 14.653 2.458 2.79708
5.623 15.122 1.588 1.51008
0.121 14.983 2.065 1.00620
2.265 14.841 2.984 0.74498
0.689 15.900 0.981 0.88125
0.797 17.513 2.682 1.01772
9.288 17.202 2.297 1.55499
0.532 15.415 2.353 1.00917
0.161 17.228 3.750 1.32229
3.978 17.528 4.698 1.85899
7.534 17.603 5.013 0.86628
10.009 15.334 2.608 1.59218
0.875 17.318 4.020 1.04341
2.151 17.908 3.167 1.85732
5.980 17.286 3.489 1.30623
0.179 18.213 2.534 1.89284
0.004 19.206 3.341 1.59702
0.008 19.945 3.692 1.52150
0.000 19.542 3.819 1.44088
0.170 19.733 4.132 1.11507
0.995 16.769 4.258 1.42265
6.187 17.919 2.134 1.38035
0.071 16.878 1.760 1.64396
0.145 19.029 3.913 1.58268
0.141 18.342 4.397 1.66203
1.693 17.761 4.443 1.48838
2.558 18.213 2.819 1.79103
2.624 17.945 3.096 1.79574
3.308 16.995 1.759 1.80827
3.302 16.673 1.737 1.66717
0.602 17.555 1.134 1.88823
0.700 17.018 0.817 2.01667
1.484 15.848 1.947 1.28519
0.402 17.261 1.364 1.78641
0.980 15.310 2.203 1.38247
0.524 15.312 2.248 1.12451
5.363 12.795 0.068 1.21147
8.232 10.904 -0.906 1.03308
15.551 10.884 -0.138 0.98518
8.979 9.148 -1.011 1.19282
1.969 6.657 -3.851 1.07787
0.051 11.697 -2.877 0.95721
1.755 9.280 -1.112 1.82051
4.060 9.978 -0.334 1.19553
4.307 9.624 -0.119 0.77971
1.238 7.927 -2.214 0.90413
0.366 13.246 -1.286 1.25658
0.492 14.195 -1.958 2.06606
0.219 13.820 -2.916 1.92891
0.150 13.299 -2.511 1.31149
0.641 13.313 -3.259 1.84947
0.001 13.990 -2.801 2.06456
0.008 10.980 -2.492 2.17394
1.211 11.231 -2.388 2.26108
0.235 12.172 -2.416 1.43600
0.088 10.692 -3.731 0.84249
0.000 12.348 -3.444 1.06812
3.528 7.609 -2.587 1.51163
0.325 10.306 -3.936 1.62534
2.295 11.187 -4.003 1.55846
0.003 9.188 -3.670 1.24545
0.025 11.009 -4.191 1.74990
0.319 13.611 -4.342 1.66393
0.126 13.599 -4.018 1.83281
0.056 12.413 -3.681 1.85770
2.194 10.755 -3.073 2.52704
0.566 10.704 -4.833 1.92077
0.003 12.869 -4.614 2.04437
0.000 12.890 -4.120 1.96923
0.010 13.075 -4.212 2.49389
0.000 12.106 -6.100 2.12362
0.011 9.979 -5.950 2.52147
0.000 8.824 -5.990 2.38020
0.000 10.450 -5.838 1.39390
0.000 10.809 -5.141 1.89033
0.000 13.621 -5.770 1.32928
0.000 13.134 -5.766 1.81879
0.000 13.641 -6.121 1.72778
0.000 10.789 -6.130 2.13899
0.145 9.853 -4.990 2.00173
1.826 9.937 -4.805 2.24649
0.100 9.137 -5.983 2.23097
0.095 7.800 -6.010 2.17870
0.000 7.850 -6.408 1.46806
0.000 8.048 -6.406 1.65855
0.000 8.048 -6.087 1.42531
0.000 9.661 -6.131 1.70238
0.006 9.063 -4.113 0.86726
1.079 8.018 -3.380 1.72923
0.588 11.538 -4.690 1.93338
0.732 8.196 -4.750 2.19178
0.000 4.572 -6.312 1.48427
0.000 6.255 -6.331 1.42388
0.000 7.012 -5.755 1.50487
0.000 7.776 -6.088 1.67489
0.000 8.723 -6.200 1.67972
0.137 7.939 -6.656 1.91883
0.351 4.679 -6.916 2.56059
0.121 1.769 -8.757 1.47827
0.000 2.746 -8.998 2.01426
0.000 5.403 -8.383 1.73437
0.000 4.115 -8.949 1.20181
0.000 5.444 -9.215 1.74453
1.091 3.407 -6.242 1.50768
0.561 5.324 -8.485 2.44207
0.000 2.579 -11.764 1.71246
0.000 4.528 -11.951 2.13605
0.000 4.917 -11.118 1.49778
0.000 5.387 -11.334 2.04619
0.000 3.342 -11.419 2.19383
0.000 2.366 -11.649 1.44839
0.000 4.555 -11.598 1.80668
0.036 3.164 -9.889 1.22533
0.052 1.304 -11.570 1.73497
0.000 1.575 -12.091 1.53468
0.000 0.075 -12.059 1.81566
0.000 4.925 -13.382 1.78246
0.000 5.410 -13.679 1.44141
0.000 4.335 -12.719 1.56311
0.000 3.999 -12.156 1.93283
0.006 2.832 -12.735 2.32418
0.000 3.272 -13.421 1.87598
0.000 4.288 -13.495 2.49410
0.146 2.135 -12.978 2.62480
0.043 1.778 -13.118 2.66386
0.001 -0.287 -12.018 2.01177
0.001 5.452 -12.391 1.89512
0.035 0.146 -13.195 1.98675
0.023 3.202 -13.462 2.02205
0.056 1.564 -12.675 2.11913
0.001 2.361 -12.878 2.20249
0.106 0.623 -12.726 2.62777
0.125 -1.587 -14.665 2.62516
0.006 0.486 -14.942 1.45086
0.211 -2.341 -15.082 2.21242
0.000 -0.917 -15.333 1.38956
0.000 -2.445 -15.186 1.16165
0.000 -1.125 -15.028 1.06917
0.000 -1.846 -13.803 0.96302
0.015 -1.838 -14.586 1.20889
0.000 -3.154 -15.090 1.37735
0.000 -2.899 -15.326 1.24095
0.000 -0.745 -15.823 1.53094
0.002 -1.455 -14.817 1.47965
0.000 -1.997 -15.512 1.54976
0.000 0.011 -15.636 1.40884
0.000 1.373 -15.362 1.71644
0.009 -2.606 -14.508 1.88539
0.000 -1.443 -15.979 1.20167
0.000 0.552 -16.224 1.80922
0.136 -3.597 -15.950 2.49670
0.152 -3.395 -16.701 3.04835
0.086 1.091 -16.635 2.82685
0.001 0.331 -15.954 2.56609
0.000 2.311 -16.016 1.96871
0.180 1.817 -15.719 3.68878
0.477 -0.369 -13.938 3.24344
0.054 -2.768 -16.357 2.72990
0.043 -0.405 -16.548 2.35505
0.040 -1.272 -15.850 2.45019
0.004 0.767 -16.027 2.67109
0.000 2.029 -16.068 1.81977
0.000 2.786 -16.383 2.84804
0.081 -2.059 -15.335 2.56625
0.009 2.231 -15.144 2.46325
0.000 3.603 -14.749 2.14598
0.000 8.350 -14.711 2.01276
0.000 9.548 -12.208 2.42874
0.001 6.826 -12.882 3.30014
0.027 1.655 -14.184 2.23647
0.006 3.060 -14.332 1.70367
0.000 1.109 -14.973 1.89852
0.163 1.812 -15.107 2.83436
0.035 -2.068 -15.287 2.09756
0.000 -1.324 -15.421 1.57406
0.000 2.389 -15.217 1.64730
0.091 0.981 -15.357 2.21871
0.012 1.651 -13.482 2.04276
0.000 4.947 -14.795 2.27044
0.000 2.414 -14.860 2.30793
0.000 4.660 -14.077 1.62129
0.000 4.926 -13.728 2.45228
0.130 3.461 -12.494 2.16510
0.002 3.637 -12.485 1.67367
0.000 6.262 -11.559 1.81512
0.000 7.876 -11.272 3.58610
0.002 3.029 -11.781 3.28391
0.000 4.215 -12.065 1.95336
0.000 5.402 -12.123 2.93431
0.102 2.490 -11.470 4.05148
4.320 -0.647 -12.858 5.50319
0.995 -3.214 -12.905 2.93005
0.571 -2.043 -11.832 2.95239
0.014 0.118 -15.601 2.72601
0.002 2.897 -15.492 2.19151
0.000 5.150 -12.151 2.42232
0.041 6.110 -11.059 2.12833
0.724 3.296 -9.160 3.73316
0.810 -1.118 -11.997 2.05763
0.175 -0.640 -12.478 1.30121
0.000 2.136 -12.140 2.24326
0.000 5.977 -12.031 1.78824
0.000 7.279 -8.761 1.71470
0.001 7.059 -8.374 2.35774
0.284 5.179 -7.398 1.47140
0.000 5.819 -6.387 1.29153
0.004 6.773 -6.407 1.87309
0.081 5.206 -6.180 3.20132
0.426 5.955 -7.048 2.47316
0.111 6.245 -6.501 2.42635
0.376 6.573 -6.431 2.22321
0.007 8.044 -5.869 3.07494
3.324 7.075 -7.040 3.53063
0.311 7.270 -6.129 3.80030
0.109 9.578 -5.644 3.45452
0.028 11.859 -5.981 3.10468
0.994 11.094 -5.131 3.07285
2.012 9.951 -6.116 3.65032
0.739 9.163 -6.964 4.19852
2.994 6.945 -6.507 4.26133
0.076 5.837 -7.919 3.37089
0.131 7.673 -5.705 4.09201
2.354 4.579 -4.678 4.34756
3.344 3.217 -6.974 3.58455
0.319 1.512 -8.951 2.06207
1.891 3.513 -7.513 2.31683
2.427 -1.964 -10.662 2.34396
0.002 4.141 -9.072 2.18800
0.035 8.643 -5.498 2.89981
0.251 11.407 -5.400 3.50307
1.900 8.526 -5.758 3.67419
1.233 5.597 -8.175 5.07526
0.053 4.769 -8.257 2.99968
0.001 6.066 -7.428 2.15788
0.304 5.933 -7.719 2.63093
0.000 9.160 -6.772 2.31727
0.000 10.876 -6.334 2.50156
0.014 12.167 -6.145 2.33397
0.937 11.679 -6.779 3.14680
2.232 10.605 -7.221 3.44161
0.274 8.179 -7.789 3.47974
0.036 8.902 -7.159 3.20891
0.006 10.884 -5.839 2.25374
0.014 11.800 -6.426 2.54873
0.025 10.926 -4.293 3.18116
0.000 12.611 -3.319 2.31745
0.000 16.064 -3.676 2.48872
0.017 16.844 -3.166 2.47321
0.990 11.779 -3.650 1.23252
0.073 14.410 -3.767 1.42142
0.594 15.779 -1.222 2.48152
0.530 12.687 -1.279 1.61928
1.350 12.767 -4.184 3.18364
2.625 11.817 -3.494 2.40585
0.570 9.829 -6.152 2.58497
0.076 10.856 -5.227 3.04283
0.079 12.686 -3.306 2.53700
0.029 11.198 -4.887 1.31590
0.000 13.611 -3.681 1.11797
0.520 10.957 -3.575 1.76746
0.029 15.869 -1.458 2.00814
0.112 13.275 -1.707 2.61599
1.082 12.332 -2.760 1.83946
1.292 14.327 -1.886 1.68710
0.110 16.947 -2.376 2.15019
0.052 18.327 -2.781 2.57787
0.717 17.956 -2.048 3.29270
1.938 12.715 -1.699 1.73144
1.805 16.673 -1.571 2.36950
3.214 13.383 -3.187 2.99670
3.560 8.550 -2.925 1.96569
3.140 9.394 -4.516 2.36111
0.563 9.828 -5.567 3.29128
1.284 6.999 -5.002 1.97458
1.507 9.137 -4.299 1.73249
0.852 10.592 -1.273 1.37734
0.782 12.239 -2.869 1.85919
0.262 12.558 -3.506 1.91154
0.761 14.037 -3.714 2.75847
0.293 13.477 -3.238 1.81476
0.064 16.466 -2.618 2.21505
0.470 16.815 -0.848 1.90125
0.033 17.617 -0.895 1.37064
1.385 18.299 0.861 1.65030
1.375 18.756 1.386 1.39624
0.019 19.656 2.804 1.51971
5.234 19.222 1.427 1.94791
10.932 10.979 0.325 0.94725
2.743 13.565 0.350 1.83005
0.182 13.767 0.021 2.71344
0.187 16.236 -0.662 2.15432
0.370 17.173 -1.340 1.74504
0.185 16.713 0.221 2.30714
0.052 17.289 -1.822 2.62829
0.237 16.446 -1.976 2.98017
0.025 17.676 -1.107 2.67629
0.058 15.726 -1.676 3.05539
0.003 16.988 -2.576 2.96456
0.796 16.692 0.981 2.74911
2.857 11.446 -0.192 1.18338
1.655 13.549 0.755 1.19348
0.514 16.261 -0.512 1.30629
0.280 11.729 -2.094 1.48226
0.610 15.430 -1.453 1.77687
0.043 16.969 0.480 1.62763
0.000 18.726 0.691 1.33105
0.182 20.630 0.770 1.76374
2.827 20.489 4.280 1.07378
0.297 18.070 3.019 1.43915
3.982 22.314 4.172 1.08829
0.347 21.912 5.214 1.25835
1.542 20.935 5.399 1.55722
1.050 20.419 5.131 2.33373
2.641 20.721 3.311 3.00490
3.098 19.131 1.692 2.17055
3.492 17.394 2.584 1.23764
3.426 13.613 2.366 1.68161
2.245 17.333 2.784 1.52033
7.959 18.762 4.003 2.30853
1.633 17.501 2.630 1.17187
4.218 18.063 2.593 2.02970
1.018 13.236 3.260 2.17907
2.239 18.911 3.913 2.12488
7.121 20.614 4.641 1.65421
4.789 17.916 5.091 1.08054
7.943 20.042 3.053 1.18997
0.921 18.219 3.500 1.52339
11.580 20.421 4.178 1.50668
3.445 19.637 5.119 0.90868
9.894 19.403 6.462 0.77208
3.979 16.493 3.520 1.05915
0.053 18.531 3.865 1.51053
7.661 12.144 0.890 1.73002
9.856 9.862 1.323 1.55581
6.016 12.499 -0.280 2.06486
1.537 17.939 1.487 1.49631
3.241 17.259 3.965 1.70490
1.191 17.967 4.330 0.84159
1.133 18.673 3.645 0.76228
5.373 13.361 2.213 1.40691
2.943 17.352 4.388 1.12407
13.594 12.085 4.401 1.46600
6.834 14.187 3.731 1.34656
2.741 18.389 5.261 1.01578
2.133 18.465 5.750 1.50664
0.412 18.557 3.797 1.64891
0.016 19.371 5.580 1.42739
0.055 19.661 5.157 1.30053
5.308 20.531 6.063 0.99026
10.904 15.796 5.077 1.34015
11.764 17.396 4.525 1.06648
12.135 15.938 5.252 1.01364
3.309 14.374 2.626 1.12416
2.628 16.675 3.923 1.33358
1.404 15.098 3.896 1.57224
15.409 17.322 4.071 1.09288
2.989 18.276 6.064 0.86317
7.911 16.458 4.871 0.78348
3.207 17.343 4.923 0.65476
2.158 17.660 5.557 0.93413
2.331 17.424 4.215 1.40208
1.596 17.950 3.691 1.27329
9.042 16.390 4.106 0.91684
2.306 15.990 4.640 1.56725
5.190 10.890 3.275 1.05920
7.020 13.524 2.975 1.34410
1.740 13.329 1.760 1.37667
0.470 16.028 1.777 1.11857
1.148 15.943 1.927 0.96181
0.019 17.083 3.678 1.09259
0.078 18.047 4.416 1.33296
0.048 18.012 3.725 1.39419
0.191 17.811 3.250 1.38745
0.015 17.515 3.540 1.53116
0.088 17.526 3.276 1.32958
0.256 18.244 2.314 1.48142
0.020 18.167 2.939 1.41507
0.354 18.315 3.724 1.19797
3.679 17.183 3.554 1.19783
4.003 17.150 3.514 1.28764
7.563 16.653 2.095 1.33315
8.472 12.062 2.240 0.88808
0.336 13.903 1.839 0.85015
0.001 16.260 2.163 1.03407
1.020 17.441 1.819 1.70716
7.339 16.631 1.795 1.70245
1.032 16.185 2.179 1.71140
0.905 13.751 1.534 1.80707
1.380 16.579 1.613 1.39018
2.811 16.109 1.279 1.67784
1.703 15.999 2.059 1.36589
0.487 16.619 2.353 1.40772
0.798 16.890 1.906 1.60381
0.616 17.407 1.237 1.76316
5.245 16.722 0.707 1.25084
0.069 13.933 -0.078 1.50625
2.507 13.065 0.881 1.01357
0.505 13.957 1.754 1.09973
4.752 14.443 -0.044 1.72053
0.110 15.515 0.349 2.12001
0.195 14.678 1.296 1.64904
1.277 16.508 2.437 1.36488
3.141 12.620 1.681 1.66100
1.515 13.676 1.534 1.55482
9.885 12.012 0.798 0.97666
3.529 12.328 0.931 1.07002
1.250 12.594 0.555 1.15251
8.308 12.631 -0.575 1.79867
2.288 12.464 -2.347 1.36319
5.003 14.110 -0.819 1.52498
1.566 12.767 -0.161 1.87680
3.358 12.475 0.671 1.93222
1.346 12.577 0.829 1.07222
8.057 14.151 -1.055 1.71277
0.584 9.092 -1.241 0.99103
2.012 10.012 -1.837 1.40650
0.205 13.614 -1.372 1.64860
0.081 14.920 -0.789 1.85781
0.176 14.850 -1.569 2.24896
0.584 14.556 -2.109 2.83238
1.161 14.263 -3.455 2.40438
0.285 12.895 -3.276 2.24254
1.124 11.437 -3.291 1.88080
2.250 10.743 -4.260 1.68130
0.028 10.735 -4.114 1.51236
0.294 11.112 -4.958 1.58413
0.000 11.687 -5.385 1.37206
0.000 12.573 -5.604 1.73990
0.133 11.548 -5.756 2.41283
0.765 9.623 -5.762 1.72431
0.784 7.092 -5.034 0.91317
0.016 8.143 -4.768 0.96132
0.000 10.354 -4.524 1.17327
0.000 11.627 -5.794 1.79468
0.000 11.643 -6.150 1.99724
0.000 12.901 -6.017 1.95562
0.000 12.527 -5.570 2.30309
0.078 12.762 -4.920 2.13303
0.318 11.734 -4.681 1.92439
0.859 10.182 -4.177 2.37376
0.101 7.537 -3.439 1.29306
3.946 3.958 -2.315 1.06388
3.634 6.452 -3.651 1.43600
2.982 10.231 -3.547 2.52548
2.235 8.517 -6.018 2.11054
0.000 6.557 -6.133 1.22787
0.002 8.177 -5.488 2.08052
0.020 8.142 -4.415 1.51737
0.005 9.111 -4.648 1.30834
0.000 10.469 -5.012 2.05198
0.000 9.585 -5.049 2.57449
0.003 8.827 -5.120 2.29376
0.000 7.748 -5.887 1.39234
0.000 8.728 -5.950 1.91323
0.000 10.626 -5.762 1.92854
0.000 11.011 -5.758 1.51766
0.000 10.091 -5.893 1.98952
0.000 8.644 -6.461 1.66727
0.000 9.729 -6.612 1.90842
0.000 9.533 -6.596 2.12039
0.000 8.612 -6.214 1.85228
0.024 5.352 -6.857 1.93606
0.000 5.390 -7.434 2.10132
0.000 8.233 -7.507 1.68834
0.001 7.168 -7.840 2.76249
0.002 6.757 -8.034 1.97187
0.033 5.037 -8.002 2.00654
0.075 3.531 -8.413 1.92278
0.522 2.848 -10.252 2.69386
0.183 2.602 -9.815 2.12767
0.131 2.560 -9.982 1.82539
0.001 3.086 -11.684 3.16442
0.000 3.276 -11.950 2.41555
0.000 2.855 -12.709 2.07198
0.000 2.779 -13.021 1.65317
0.000 2.092 -13.920 2.27798
0.000 4.676 -13.988 2.32885
0.000 5.726 -13.922 2.65523
0.008 6.497 -12.876 2.40652
0.000 6.096 -13.010 2.07109
0.000 4.991 -12.755 2.29546
0.000 5.982 -13.557 1.86003
0.000 5.489 -13.737 2.20787
0.000 4.120 -14.021 1.98837
0.000 4.141 -13.781 2.25442
0.000 4.151 -13.512 1.71913
0.000 2.173 -12.068 1.50086
0.000 2.824 -13.162 1.65761
0.000 3.228 -13.421 1.39419
0.000 1.416 -11.990 1.53952
0.000 -1.976 -13.438 1.79356
0.000 2.094 -14.435 1.92046
0.000 1.368 -14.672 1.76684
0.000 2.408 -13.428 1.48047
0.000 2.691 -13.667 1.07323
0.000 2.478 -13.332 1.41771
0.000 2.022 -13.257 1.24284
0.000 1.741 -12.702 1.34024
0.000 1.670 -12.897 1.77266
0.000 3.731 -12.478 1.47524
0.000 5.599 -12.438 1.44132
0.000 5.832 -11.440 1.59463
0.000 3.212 -12.065 1.36027
0.000 1.136 -12.899 1.17751
0.000 0.019 -16.127 2.28184
0.000 1.840 -16.168 1.44650
0.000 2.652 -13.740 1.13781
0.000 2.683 -13.733 1.61927
0.000 1.818 -13.202 1.73409
0.000 3.286 -13.026 1.52430
0.000 3.817 -15.582 1.95891
0.000 0.260 -15.917 2.09643
0.000 -0.350 -15.677 1.44082
0.000 -0.282 -14.557 1.61810
0.000 -1.119 -14.803 1.20770
0.000 -1.035 -15.249 1.48130
0.000 0.911 -15.669 1.78337
0.000 -0.273 -15.516 1.93485
0.011 -4.102 -15.738 1.25308
0.000 0.129 -15.861 1.96595
0.000 0.860 -15.652 1.55090
0.000 -0.702 -16.159 2.27106
0.043 -4.696 -17.591 1.87736
0.000 -4.300 -17.881 1.76984
0.000 0.520 -17.909 1.88467
0.000 0.855 -17.578 1.75435
0.009 -1.226 -16.454 2.72881
0.276 -4.123 -17.075 1.85799
0.003 -5.167 -17.505 1.47430
0.004 -2.576 -17.452 1.89460
0.041 -3.528 -16.824 1.52482
0.011 -1.142 -16.323 1.69623
0.000 -1.108 -15.998 2.21105
0.000 1.553 -15.874 2.46082
0.000 0.417 -15.860 2.25028
0.000 0.142 -16.037 1.90443
0.131 -2.311 -15.103 2.16530
0.015 -3.574 -16.659 2.05698
0.046 -2.491 -16.763 2.04485
0.044 -0.087 -16.481 2.13611
0.142 -2.635 -15.147 2.78853
0.176 -4.076 -16.634 2.52814
0.073 -3.677 -16.948 2.36428
0.018 -2.129 -17.117 2.26694
0.027 0.645 -16.722 2.28204
0.002 -0.653 -16.051 1.79923
0.000 3.051 -15.901 2.16846
0.000 2.458 -16.182 2.50293
0.032 3.842 -16.239 2.63486
0.001 5.462 -13.988 2.38275
0.145 3.895 -12.541 3.19207
0.362 -0.335 -14.019 3.81222
0.402 1.084 -14.022 3.63257
0.199 1.664 -13.130 2.87802
0.001 2.932 -14.230 2.53197
0.018 2.540 -14.255 3.62842
0.086 1.092 -14.125 3.19602
0.037 0.143 -16.254 2.17347
0.029 -1.836 -16.183 3.21640
0.182 -2.434 -15.296 1.93207
0.000 -1.169 -15.178 1.70329
0.000 3.996 -14.519 2.90194
0.032 1.449 -13.907 3.10248
0.005 2.033 -13.723 3.12024
0.164 -0.340 -12.007 2.13625
0.000 0.923 -12.205 2.38615
0.000 6.609 -11.973 2.57383
0.084 4.910 -10.571 2.38671
0.298 2.706 -11.920 2.97078
0.017 4.854 -11.600 1.96204
0.000 4.533 -8.608 1.81226
0.000 6.814 -7.569 2.43812
0.000 6.700 -6.203 1.60001
0.000 6.092 -5.670 1.87729
0.000 6.164 -6.589 2.26277
0.000 8.967 -7.078 2.28866
0.502 9.270 -6.646 3.10311
0.374 8.354 -6.373 3.34200
3.774 7.875 -5.950 3.28236
1.116 5.693 -6.858 1.92551
1.764 6.252 -6.460 2.14955
0.573 4.357 -5.718 2.81349
0.163 6.635 -7.262 2.91398
0.678 5.417 -6.652 3.23634
1.974 6.461 -6.409 3.75776
1.790 6.245 -6.971 4.02052
0.154 6.745 -7.820 3.73990
1.119 4.237 -7.628 3.80992
0.264 3.494 -8.666 3.26480
0.266 4.757 -7.726 2.04193
0.119 5.428 -7.246 3.02001
0.007 4.881 -7.543 2.04624
0.000 8.521 -6.390 2.57318
0.973 11.575 -5.660 2.36321
0.270 8.392 -5.192 2.81822
1.742 4.863 -6.990 2.01954
0.001 9.086 -5.700 1.70593
0.229 7.574 -5.599 2.12560
1.165 8.032 -5.030 1.48869
0.194 8.624 -5.216 1.66094
1.241 8.604 -6.896 3.05878
0.164 6.430 -8.541 3.71551
0.072 3.517 -8.185 2.71386
0.710 4.049 -7.228 1.79925
0.010 7.416 -6.175 2.16207
0.001 9.184 -6.580 2.41755
0.888 7.344 -4.676 1.51398
0.583 7.658 -6.071 1.35184
0.131 10.185 -5.768 1.45588
0.000 8.935 -5.302 1.44087
0.000 11.733 -4.635 2.22047
1.066 8.808 -4.514 1.61712
0.186 10.872 -5.918 2.12884
0.430 9.648 -6.755 2.88681
0.051 10.698 -5.509 1.93507
0.000 12.582 -5.103 2.00876
2.414 8.094 -5.173 2.09884
0.503 6.487 -5.387 1.23528
1.487 7.302 -3.892 1.54497
0.482 2.559 -5.442 1.92008
0.013 7.697 -5.260 1.58066
0.006 11.021 -4.065 1.38053
0.533 11.591 -5.223 1.89574
1.645 8.113 -6.082 1.76351
0.000 9.128 -3.792 2.04279
0.000 11.310 -3.482 0.79449
0.062 12.136 -3.598 1.25730
0.000 14.591 -2.994 1.92519
3.066 13.467 -2.321 1.43360
1.104 13.154 -1.625 1.15771
0.895 15.313 -1.134 1.24195
1.405 15.526 -3.492 1.66206
0.045 15.474 -0.433 2.11189
0.151 11.679 -4.813 2.53761
0.011 13.889 -5.228 2.90655
0.152 10.696 -4.221 2.53977
0.002 14.731 -3.417 1.82441
0.409 16.979 -3.062 2.30335
0.004 18.391 -2.781 2.43422
0.000 20.025 -1.830 2.27534
0.035 20.075 -2.039 2.38586
0.270 17.487 -3.909 3.00585
0.060 15.793 -4.122 3.44450
0.001 17.032 -0.641 2.86246
1.607 15.497 0.680 2.23320
3.162 14.433 -3.304 3.27639
4.838 14.226 -0.938 2.29106
1.345 13.733 -1.195 1.83825
4.354 14.631 0.067 1.49732
4.887 13.540 -0.424 1.22054
0.625 13.841 -0.418 2.00921
0.293 10.876 -2.464 2.42962
4.060 12.110 -2.461 1.43384
0.628 12.574 -2.588 1.49927
0.000 15.626 0.884 1.23543
0.930 12.924 -0.769 1.92245
6.592 15.080 0.743 1.44080
5.111 14.906 0.900 1.63211
2.823 12.810 0.619 0.82773
1.767 16.935 0.930 1.36355
1.997 19.179 1.528 2.02452
5.556 16.213 1.151 1.57824
0.040 18.890 1.697 1.31154
0.514 20.107 0.172 2.25264
2.015 18.261 0.879 2.76570
3.818 11.777 0.995 1.51961
3.226 13.126 0.675 1.29790
6.455 17.204 0.988 2.58790
0.861 15.052 1.508 1.37026
1.438 16.897 0.603 1.84283
1.622 17.255 2.989 1.68672
4.597 18.121 1.302 2.70129
5.915 14.292 1.200 1.43904
3.916 8.327 0.843 1.09582
0.965 13.288 1.623 1.41771
0.926 16.391 0.717 1.99347
4.470 16.561 1.186 1.20233
8.323 16.116 2.179 0.97699
5.519 17.310 1.996 1.01227
0.091 18.122 3.493 1.23153
3.522 13.893 2.624 1.47671
0.888 18.267 4.238 1.62247
7.015 17.062 4.719 1.84455
3.068 17.900 2.257 1.46944
2.654 17.658 3.649 2.10033
6.336 16.108 4.270 1.66669
1.983 19.860 4.466 1.39772
1.330 21.306 5.862 1.42954
2.258 21.539 5.447 1.42952
2.096 21.598 6.619 1.27385
5.342 20.320 6.147 1.57795
4.804 18.639 3.075 1.43596
16.749 17.651 2.824 1.38598
24.590 13.175 2.488 1.47438
11.604 11.033 0.578 1.23422
4.244 13.778 1.379 0.87114
1.493 14.936 3.155 0.90329
0.767 16.396 3.063 0.78117
7.252 16.228 2.403 1.82824
12.040 13.705 2.257 1.58576
3.587 16.873 2.733 1.37761
0.901 16.895 3.895 1.01634
1.180 16.834 2.792 1.05578
8.102 12.813 1.465 0.81310
0.802 13.914 1.546 1.67904
0.105 15.726 1.809 1.35779
0.048 14.954 2.862 1.07445
0.000 16.440 3.409 1.26633
0.306 17.021 3.509 0.89867
0.753 17.206 3.037 1.05803
3.241 16.210 3.768 1.21086
0.502 17.372 2.639 1.26350
1.501 17.742 4.323 1.25322
3.872 17.748 3.683 1.07074
4.973 17.742 4.369 0.86362
9.414 16.231 2.991 0.93738
0.677 17.295 3.678 1.82468
3.156 16.429 4.613 0.98225
0.845 18.437 5.210 1.43436
1.312 19.140 7.241 1.40530
2.080 16.107 5.175 1.32444
0.019 20.457 5.473 1.44491
0.093 20.220 5.440 1.06917
3.746 20.153 6.625 1.06590
1.272 15.502 5.927 0.86782
5.716 19.395 5.656 0.97309
9.336 13.746 3.040 1.24514
2.422 12.309 2.538 1.18096
0.689 14.831 2.606 1.41415
0.425 17.519 3.135 1.32528
0.299 18.050 2.700 1.97711
0.519 19.032 4.012 1.54110
4.105 19.246 4.918 1.34077
7.038 16.799 4.739 1.91158
7.151 16.604 1.362 1.53851
2.967 11.619 0.403 1.58204
4.830 11.795 1.421 1.39559
9.607 12.778 0.657 1.74958
1.482 12.976 -0.393 1.48632
0.522 13.198 0.675 1.26144
0.203 14.482 1.881 1.02854
0.069 15.217 3.196 1.15402
0.217 14.019 2.191 1.43630
0.368 16.601 2.228 1.32368
0.149 16.614 2.498 1.00153
0.564 18.687 2.050 1.27814
0.510 18.840 4.274 1.28667
0.388 17.308 3.311 1.76479
1.141 18.067 4.228 1.21555
7.620 18.491 5.026 1.28570
11.638 17.611 1.963 1.17444
6.542 13.985 0.847 1.11086
1.494 11.182 -0.197 0.98455
0.333 14.911 0.807 0.97401
0.592 15.427 1.371 1.31490
0.154 15.256 0.503 1.41465
0.000 16.224 1.541 1.17438
0.001 17.231 1.520 1.41240
0.276 17.577 1.660 1.49935
0.568 17.026 0.938 1.74242
1.145 15.141 0.718 1.69104
1.616 16.361 2.229 1.61858
2.531 13.704 0.685 1.35540
4.371 9.567 -1.196 0.94683
2.802 13.791 0.134 1.01544
5.986 15.903 1.632 1.27897
9.359 13.278 0.289 1.45156
4.809 9.615 -3.659 1.73478
0.004 12.731 -3.387 1.08708
0.252 14.627 -1.788 1.45496
0.691 13.320 -0.749 2.26523
9.837 10.791 -0.145 1.31955
11.880 12.032 -0.831 1.40436
11.996 5.591 -2.800 1.18122
1.443 5.572 -4.078 0.89464
2.230 8.249 -3.236 1.22523
0.991 8.473 -4.709 1.51224
2.553 10.072 -3.132 2.67624
1.243 9.960 -4.224 1.79398
0.024 10.293 -4.098 2.17835
0.492 9.878 -3.904 1.93525
0.072 9.769 -3.254 1.71450
0.029 9.978 -4.916 1.85224
0.000 11.203 -4.420 2.04543
0.000 11.755 -3.860 1.63543
0.000 12.749 -3.207 1.81550
0.006 13.295 -2.109 1.72330
0.041 13.018 -1.565 1.84452
1.228 10.894 -3.076 2.09470
0.133 10.000 -3.877 1.17264
0.230 9.058 -4.775 2.48470
0.168 5.204 -4.381 1.46604
0.001 9.241 -4.360 1.39586
0.252 9.007 -3.827 1.51019
6.025 7.227 -5.263 1.39208
0.440 6.820 -4.948 1.59249
0.661 6.773 -4.749 1.43569
0.298 5.887 -4.919 0.84141
0.089 5.808 -4.751 0.64261
0.615 7.733 -4.918 1.55833
0.044 9.076 -5.281 1.55691
0.000 10.283 -5.069 1.57545
0.000 7.240 -6.019 1.84234
0.420 6.266 -6.609 2.06572
1.545 5.966 -6.575 1.43822
0.002 6.728 -6.012 1.39975
0.157 6.879 -5.969 2.03626
0.022 8.904 -5.386 1.79071
0.424 7.560 -4.868 1.43212
0.226 5.871 -5.233 1.70985
0.146 5.407 -5.224 1.28984
0.112 5.533 -4.823 1.15422
0.002 5.937 -5.127 1.02609
0.031 6.619 -5.545 1.22338
0.237 6.695 -6.060 1.72101
0.000 5.704 -6.091 0.91430
0.000 6.395 -5.172 0.99628
0.111 4.997 -5.822 1.29187
0.006 6.389 -6.376 1.98188
0.050 4.688 -6.212 2.44978
2.016 3.272 -7.423 2.55203
0.514 2.523 -9.833 2.94621
1.936 1.491 -10.623 1.98623
0.066 1.238 -11.878 1.43438
0.000 5.369 -11.985 1.73712
0.000 4.616 -8.328 1.28877
0.000 6.074 -8.770 1.94685
0.000 6.200 -8.806 2.11691
0.024 4.983 -8.940 2.75093
0.595 3.455 -9.026 2.45712
0.002 2.144 -10.431 1.22620
0.000 4.824 -10.668 1.52118
0.044 5.809 -9.685 2.02020
0.211 3.627 -8.729 2.17591
0.049 4.184 -8.810 1.49666
0.188 4.573 -8.862 2.21665
0.292 4.847 -10.082 2.28956
0.002 3.012 -11.442 1.88211
0.000 5.499 -11.658 1.79583
0.000 6.265 -10.186 2.05437
0.261 4.389 -8.340 2.61667
0.830 -0.782 -13.121 1.96377
0.000 3.139 -13.496 1.84743
0.000 2.075 -13.380 2.71523
0.036 1.802 -13.510 2.26861
0.000 2.710 -13.803 1.68656
0.000 4.050 -11.890 1.57126
0.000 2.544 -10.792 1.70255
0.000 4.529 -10.280 1.41374
0.256 4.116 -8.550 2.41017
0.487 1.204 -12.669 2.48214
0.000 2.080 -12.993 1.59126
0.000 2.625 -13.202 1.89726
1.655 0.327 -12.022 2.82255
2.253 -2.285 -14.947 1.85118
0.000 -0.467 -15.449 1.45127
0.004 -0.950 -15.659 1.78927
0.025 -3.086 -15.200 1.24207
0.000 0.793 -15.461 1.38767
0.000 0.459 -14.524 1.81198
0.000 -1.415 -13.894 0.99868
0.000 -2.603 -15.043 1.59951
0.000 0.643 -15.777 1.69585
0.000 1.040 -15.522 1.50677
0.000 0.468 -15.063 1.09027
0.000 2.328 -14.595 1.75848
0.010 -0.969 -15.208 1.66350
0.167 -0.940 -16.098 2.43378
0.000 1.894 -16.253 1.84335
0.074 1.659 -15.382 2.71953
0.000 0.616 -15.780 2.21155
0.020 1.334 -16.133 1.98743
0.339 2.842 -14.646 2.19028
0.283 -1.704 -14.815 2.07025
0.000 2.001 -14.799 1.94512
0.205 3.153 -15.415 2.64388
0.035 -1.950 -15.729 2.69724
0.034 1.338 -15.815 2.51307
0.000 4.718 -13.453 1.99828
0.040 5.264 -13.235 1.85905
0.065 2.473 -13.235 2.08921
0.064 4.364 -13.883 1.95630
0.149 -1.596 -14.421 2.12105
0.004 -6.157 -14.282 1.40935
0.030 -1.284 -16.330 2.91739
0.000 2.154 -16.313 2.76872
0.000 -0.930 -16.316 2.53607
0.000 1.117 -16.498 2.65822
0.000 -0.990 -17.455 2.52266
0.003 -2.726 -17.796 2.59171
0.000 -1.929 -17.991 2.29133
0.000 -3.141 -17.384 2.86048
0.021 -4.710 -17.135 1.97193
0.000 1.352 -18.078 2.26691
0.000 1.659 -18.052 2.45868
0.017 1.705 -16.260 2.11162
0.043 1.950 -16.270 1.92779
0.000 0.170 -14.447 1.06446
0.004 1.388 -15.062 1.52592
0.001 -0.772 -15.906 1.73098
0.216 -1.599 -16.022 1.98355
0.076 1.872 -13.096 1.93560
0.639 2.002 -12.532 1.68461
0.106 3.709 -12.031 2.06985
0.010 1.462 -12.460 2.99920
0.049 0.258 -14.727 3.28973
0.129 -2.006 -14.951 2.82869
0.036 -4.540 -15.948 1.47965
0.469 -2.889 -16.031 1.15673
0.184 -2.373 -15.642 1.08435
0.002 -0.254 -15.536 1.40212
0.000 -0.334 -14.427 1.79928
0.004 3.281 -13.106 1.57142
0.411 3.565 -12.754 1.94054
0.214 2.426 -12.500 2.65234
0.000 4.884 -11.850 2.24647
0.024 5.971 -11.812 1.94721
0.166 3.574 -10.107 1.59582
0.199 5.300 -10.183 2.49648
0.069 2.431 -10.509 2.09677
0.000 2.032 -11.690 2.88582
0.066 0.607 -12.102 1.54676
0.000 0.899 -12.166 1.72200
0.000 1.269 -14.460 2.65559
0.005 1.237 -14.351 2.39554
0.006 5.656 -12.820 2.30064
0.001 7.162 -9.899 2.97513
0.000 6.974 -8.432 3.66620
0.003 5.047 -9.113 2.72633
0.006 6.242 -8.935 2.66097
0.014 5.758 -10.330 3.64700
0.035 2.599 -10.859 3.15636
0.044 3.067 -10.574 2.10286
0.426 8.142 -9.511 2.11671
2.966 8.470 -7.440 2.54506
0.165 5.763 -6.890 3.11112
3.753 3.709 -9.527 4.37631
0.649 0.011 -11.240 2.31382
0.008 4.516 -10.870 2.15133
0.092 3.823 -9.402 2.63710
0.459 3.530 -8.914 2.30454
0.000 6.395 -8.121 2.43144
0.234 7.097 -7.257 3.59357
0.006 4.489 -7.910 4.26645
0.000 3.235 -8.579 2.15932
0.028 6.696 -7.861 2.04001
0.000 10.154 -6.411 3.32275
0.064 8.263 -5.902 4.95724
0.354 4.621 -7.849 5.13856
0.000 5.729 -7.254 2.98776
0.210 7.352 -6.486 2.52640
0.754 3.713 -5.224 3.24720
1.922 5.564 -4.560 5.52188
0.390 5.265 -6.298 4.98784
0.384 3.842 -7.049 4.03488
0.057 -0.926 -10.841 1.52416
0.001 3.501 -9.931 1.67511
0.000 4.897 -8.481 2.65212
0.861 4.725 -6.781 2.89665
0.296 6.001 -5.902 3.55368
0.412 0.762 -8.378 2.31215
0.000 8.143 -6.656 1.58356
0.000 10.815 -6.155 2.17856
2.710 11.231 -6.048 2.32397
0.000 9.807 -5.982 1.89329
0.000 10.171 -5.473 2.87729
0.008 7.764 -5.163 2.07700
0.124 7.008 -4.505 1.33466
0.000 10.994 -4.817 1.47783
0.025 11.728 -4.123 2.34990
0.904 3.822 -3.690 1.71445
0.379 9.415 -4.526 1.81220
0.677 9.996 -5.746 2.87969
0.346 7.965 -6.822 3.00399
2.536 5.221 -7.044 2.02295
0.164 4.884 -5.749 1.40915
0.101 6.751 -5.422 1.16697
1.075 7.759 -4.616 1.59351
0.492 7.127 -5.291 0.92139
0.247 10.233 -3.481 1.45941
0.189 10.885 -4.173 1.41705
0.431 10.174 -4.623 1.98266
0.243 13.151 -3.273 1.59896
0.000 13.524 -1.055 1.14080
0.233 14.892 -2.419 1.28464
1.026 15.616 -1.383 1.14623
0.122 17.430 -1.414 1.20738
0.000 17.578 -1.797 1.95119
0.521 17.013 -2.457 1.86746
0.972 15.180 -1.770 2.39077
5.184 11.731 -1.764 1.27980
0.000 16.383 -2.340 1.22053
0.015 17.299 -1.766 1.12215
0.000 18.334 -1.157 1.35182
0.380 17.983 -1.197 2.21516
0.000 16.359 -0.946 1.92516
0.140 18.342 0.345 2.11455
0.000 16.506 -0.293 1.83745
0.000 17.039 -2.082 2.83486
3.470 15.223 -2.052 2.60882
1.304 15.426 -2.536 2.92268
0.049 15.777 -4.225 3.64532
0.450 12.730 -4.077 3.04129
0.879 14.694 -2.933 1.73904
0.114 18.294 -1.568 1.80241
5.234 16.413 -1.880 1.73804
0.000 15.711 -2.583 1.60249
0.188 18.811 -0.336 1.20153
0.167 19.556 -0.240 2.00736
0.040 20.710 0.570 2.16817
0.000 22.159 4.111 2.32106
0.192 21.926 4.294 1.84188
0.217 20.996 1.505 3.08897
9.259 16.667 1.246 1.76763
0.011 7.762 -2.564 1.92557
0.000 18.328 -0.016 1.33179
0.143 16.606 1.972 1.79596
0.919 18.099 1.841 1.42483
6.139 14.140 1.688 1.69284
1.304 18.684 3.073 1.91597
0.840 17.202 1.190 2.89386
0.178 15.685 1.138 1.60158
1.033 19.743 0.946 1.38544
0.016 20.271 2.744 1.96128
2.941 20.484 3.076 1.35276
0.540 19.214 2.944 1.81907
0.294 19.490 2.180 2.85824
1.796 16.605 1.528 2.30405
5.060 13.489 1.268 1.38954
10.054 12.496 1.104 1.23025
2.316 16.675 0.576 2.02139
4.039 17.819 1.586 2.33605
0.021 19.396 2.637 1.87573
1.926 21.035 4.293 1.98001
0.000 21.756 4.135 1.79907
0.000 22.624 4.243 1.95117
8.757 22.503 7.899 1.09328
5.536 18.713 5.507 0.89371
3.877 21.331 6.143 1.41841
1.529 20.291 4.521 1.53891
7.326 21.586 6.162 1.41547
12.725 21.889 5.780 1.44107
7.282 19.386 6.020 1.82961
1.654 17.230 5.218 1.70228
43.170 17.361 4.942 1.50687
1.656 18.777 5.769 1.02207
1.746 18.496 4.732 1.00277
0.011 18.083 4.747 1.31398
1.941 15.397 3.464 1.99319
13.235 16.555 3.966 1.55579
9.524 16.445 4.992 1.39962
15.385 16.106 4.999 1.61402
1.508 17.624 4.783 1.18109
1.910 19.077 5.671 1.33851
1.395 16.140 5.221 1.67438
12.796 17.441 4.886 1.81254
9.349 13.529 3.786 1.23307
2.496 18.664 4.650 1.82557
2.019 18.536 3.991 1.91340
1.575 19.673 5.071 1.74767
42.244 19.814 5.995 1.50694
7.832 17.450 2.898 1.11488
3.980 15.734 3.866 0.83018
0.000 16.960 2.590 0.87995
0.383 19.412 4.490 1.13402
0.363 19.003 4.438 1.27207
17.696 19.472 6.140 1.23020
0.321 18.345 5.112 1.05143
0.664 18.793 3.919 1.43046
0.045 20.323 4.628 1.58569
1.006 20.651 4.235 1.60757
1.071 20.448 4.452 1.73554
0.048 17.658 4.529 1.46006
6.538 19.064 6.511 1.00531
1.969 19.092 5.446 1.56286
10.780 17.281 4.093 1.26041
0.774 18.583 4.689 1.35685
17.324 18.390 5.760 1.25375
0.000 18.932 6.065 1.12161
2.230 17.479 4.819 1.31358
7.103 18.490 4.649 0.94371
0.855 18.242 5.360 0.87526
7.970 15.166 3.176 1.14041
15.724 17.685 3.911 1.57600
6.955 15.937 4.520 1.05767
9.369 14.523 5.350 1.15320
2.624 14.268 4.992 1.35537
13.574 16.561 4.781 1.09634
0.210 15.161 3.436 1.24965
7.836 17.061 5.218 1.54224
8.658 16.646 3.754 1.01320
0.020 16.917 4.061 1.33302
5.555 16.601 3.300 1.68570
8.900 11.074 2.852 1.01623
2.539 14.665 3.396 1.36495
1.411 16.398 3.569 1.90651
7.949 17.314 4.615 1.55756
7.342 16.573 5.012 1.06339
0.000 17.404 4.534 0.92065
0.864 17.375 4.194 1.11683
6.367 14.406 4.141 1.45099
9.260 14.361 3.562 1.64788
5.412 12.626 2.910 1.27674
13.122 16.388 3.629 1.32121
0.809 16.700 4.471 1.11369
0.000 17.291 3.813 1.17963
0.457 17.426 4.490 1.32793
8.783 17.643 4.546 1.31319
4.125 17.683 5.097 1.08469
14.268 17.514 5.001 1.34133
22.071 13.411 3.725 1.08246
6.599 16.232 3.296 1.68390
7.201 10.210 0.483 1.22554
8.588 9.209 0.934 0.85738
4.840 9.073 1.256 1.35441
6.692 9.386 0.597 1.29891
13.994 10.769 0.688 1.27707
0.241 11.449 -1.778 1.43035
0.000 11.091 -2.156 1.52112
0.000 11.990 -0.165 1.14043
0.052 11.911 -0.966 0.91810
0.000 12.864 0.022 1.01667
0.000 14.046 0.919 1.01512
0.000 14.949 1.310 0.95440
0.000 15.246 2.330 1.21055
0.004 15.969 1.817 0.92780
0.000 15.148 2.125 1.24566
0.017 14.842 2.178 1.15400
0.020 15.183 -0.217 1.64371
0.000 15.630 1.382 1.33449
0.000 16.307 1.751 1.16342
6.607 16.418 3.332 0.86937
5.868 14.239 2.385 1.31333
2.214 14.032 2.090 1.26115
1.431 15.509 1.594 1.68553
0.854 15.604 2.220 1.58095
1.722 15.822 1.261 1.69643
2.804 16.200 2.034 1.59641
0.296 15.481 1.945 1.31723
4.595 12.675 -1.571 1.52098
0.000 10.512 -2.909 1.45313
0.000 11.779 -2.002 0.92885
0.000 12.715 -0.114 1.25958
0.000 13.616 0.185 1.22633
0.000 13.453 -0.988 1.59998
0.124 12.346 -0.958 1.43940
0.000 12.475 -3.063 1.87467
0.000 12.238 -1.929 1.75080
0.000 12.879 -1.151 0.92727
0.000 13.894 -0.298 1.58585
0.011 13.969 -0.391 1.31599
0.590 13.510 -0.943 1.28713
9.371 11.690 -0.805 0.87979
0.000 10.669 -0.582 0.85844
0.002 12.628 -2.583 1.83702
0.000 12.550 -2.312 1.92148
0.874 11.088 -3.537 0.94130
0.000 11.667 -3.835 2.00033
1.406 11.895 -4.316 2.03281
0.000 14.217 -3.972 1.97958
0.070 14.679 -2.710 2.04034
0.079 13.401 -1.492 2.40455
25.141 12.475 -1.944 1.83514
1.639 7.522 -2.123 1.99326
4.880 8.763 -2.956 1.29190
0.286 9.832 -3.717 1.12686
0.046 10.475 -3.714 1.74754
0.019 10.625 -3.655 1.15551
0.000 11.368 -3.187 1.21242
0.060 9.713 -4.051 2.23025
0.000 9.657 -4.941 2.11061
0.000 10.285 -4.938 2.07124
0.000 10.605 -5.087 1.48661
0.000 10.159 -5.094 1.83078
0.046 9.147 -5.579 1.57423
0.954 5.788 -6.260 1.61747
0.000 2.939 -7.052 1.38429
0.000 3.779 -7.042 1.24603
0.000 5.637 -5.866 0.87755
0.000 6.271 -5.164 0.88174
0.008 5.819 -5.269 1.68341
0.367 2.771 -4.336 0.98153
0.464 4.150 -5.156 0.92430
0.110 4.437 -5.641 1.53726
1.310 4.183 -5.661 1.75969
0.590 -0.560 -10.913 1.43949
0.000 2.205 -10.986 1.30563
0.000 6.111 -9.402 1.07725
0.000 8.867 -7.862 1.40886
0.014 8.656 -7.722 1.47744
0.996 8.361 -4.445 0.96640
0.331 7.946 -3.048 1.25231
0.187 8.043 -4.704 1.44326
0.198 8.927 -5.330 1.57586
0.169 8.392 -5.372 1.89717
0.474 6.066 -4.457 1.42807
2.046 3.882 -3.960 0.92321
0.130 7.475 -4.492 1.71646
0.035 7.416 -4.931 1.96289
0.000 6.171 -6.444 1.95776
0.000 6.425 -7.136 1.57299
0.000 6.780 -8.653 1.80904
0.000 8.169 -8.689 1.93350
0.000 7.354 -8.371 1.44569
0.045 9.544 -7.296 1.58585
0.001 8.040 -7.458 1.67993
0.000 5.015 -8.337 1.27032
0.000 2.945 -9.556 1.23717
0.000 6.186 -9.820 1.83808
0.050 5.485 -9.000 1.71873
0.000 -0.193 -12.020 1.81778
0.000 4.134 -12.236 1.59140
0.000 3.844 -10.284 1.20060
0.000 2.805 -10.281 2.27377
0.006 0.886 -9.384 1.93441
0.000 -2.368 -12.350 1.31605
0.000 -0.493 -12.579 1.62621
0.000 -3.171 -14.291 1.37429
0.000 -0.033 -14.489 1.11832
0.000 -0.650 -14.458 1.35702
0.146 1.433 -14.802 1.81764
0.000 -0.869 -14.224 1.26097
0.006 0.038 -13.290 0.71369
0.000 -2.502 -15.331 1.60197
0.000 0.157 -15.531 1.04100
0.000 2.816 -13.742 1.50037
0.026 1.317 -14.042 1.96217
0.114 -0.809 -14.837 1.63722
0.013 0.132 -17.675 1.92576
0.409 -2.946 -18.353 1.55766
0.000 -3.028 -18.459 1.05389
0.000 -1.017 -17.503 1.40285
0.000 0.085 -17.043 1.50133
0.026 -0.319 -17.171 1.78323
0.013 -0.656 -15.972 2.53934
0.140 -2.164 -16.084 2.79452
0.532 -2.952 -19.628 1.88517
0.000 -7.600 -21.713 1.71680
0.000 -1.003 -21.865 1.31603
0.000 3.705 -15.117 1.46120
0.050 5.879 -14.651 1.53275
0.000 5.556 -12.218 2.01203
0.000 3.852 -15.117 2.98655
0.000 -0.098 -17.271 3.48193
0.000 -1.888 -17.481 3.04671
0.099 -6.113 -16.070 2.38580
0.000 -6.303 -19.029 1.81796
0.000 -1.225 -19.301 2.10133
0.000 -1.573 -19.367 2.75424
0.000 -4.039 -17.923 1.99652
0.017 -1.864 -18.100 1.92629
0.000 -3.830 -17.216 1.55565
0.100 -2.417 -18.883 2.25424
0.000 -0.093 -19.097 1.99858
0.000 -0.706 -15.876 1.58754
0.000 0.236 -16.266 1.95099
0.000 2.564 -16.568 2.03148
0.000 1.927 -14.964 1.63562
0.000 3.986 -14.503 1.71267
0.000 5.536 -13.516 1.40763
0.065 6.684 -12.933 1.95237
0.139 7.838 -12.878 1.80138
0.052 7.267 -11.298 2.45906
0.000 7.231 -12.309 2.73011
0.000 2.933 -15.300 3.41175
0.000 -0.792 -15.811 2.72197
0.000 0.836 -15.878 2.99843
0.000 4.157 -14.650 2.73389
0.150 5.892 -13.475 2.35536
0.015 5.688 -12.116 2.58089
0.090 5.492 -12.234 2.56184
0.001 3.662 -12.338 2.66885
0.295 0.989 -11.462 1.49831
0.000 2.913 -11.708 2.08304
0.010 5.499 -11.373 1.63237
0.000 6.455 -11.036 2.05549
0.000 5.654 -8.196 1.27170
0.000 4.627 -7.607 2.18761
0.026 3.681 -8.182 1.55530
0.000 5.972 -8.401 1.77279
0.563 5.066 -9.011 2.17846
0.000 5.486 -8.782 1.69090
0.000 7.715 -8.586 1.87464
0.174 7.681 -8.010 1.86836
0.506 7.662 -6.153 1.82963
0.000 7.142 -6.692 2.23472
0.190 6.373 -7.542 2.87824
0.000 6.588 -7.625 2.59785
2.056 2.429 -10.477 2.62203
0.042 8.233 -10.431 2.04931
0.104 7.175 -8.155 2.65583
0.020 7.571 -7.564 3.45897
0.087 4.884 -7.853 3.88046
0.929 4.236 -9.021 4.44229
0.264 2.498 -11.108 3.77177
0.305 0.891 -13.816 3.19346
0.000 0.431 -13.576 1.58981
0.005 4.483 -12.753 1.89219
0.000 8.715 -10.171 1.99373
0.084 8.404 -7.794 2.66018
0.166 8.197 -5.658 2.40232
0.224 10.758 -5.484 2.90355
0.136 11.417 -5.875 3.31044
0.189 10.519 -6.362 3.83189
0.117 9.732 -6.318 4.29071
0.018 7.270 -7.006 3.44879
0.000 5.589 -7.001 3.76293
0.095 6.432 -7.557 3.88954
0.042 3.212 -7.969 2.28787
0.104 6.633 -7.380 2.58866
0.570 7.090 -6.871 2.85966
0.000 10.208 -6.696 2.59031
0.000 12.730 -6.210 2.52492
0.000 17.148 -5.886 2.26289
0.000 16.898 -6.351 3.00510
0.000 10.275 -7.499 4.08206
0.000 7.041 -7.224 3.50812
0.178 7.667 -7.183 2.63532
0.021 5.488 -7.162 2.63899
0.151 6.140 -7.517 2.65103
1.005 6.159 -6.624 3.48178
0.439 3.116 -6.478 4.33501
0.579 0.873 -10.314 2.22537
0.955 4.074 -9.116 2.73354
0.164 8.135 -6.933 3.44416
0.429 9.873 -5.769 2.61906
0.158 11.787 -5.281 3.04805
0.060 12.937 -4.761 2.93648
2.542 11.571 -6.240 3.18500
6.253 7.298 -4.482 1.87696
0.861 6.513 -5.467 1.49476
1.209 8.548 -6.232 2.19339
0.184 9.065 -4.980 2.45947
0.000 9.476 -4.390 1.40779
0.389 11.489 -4.948 2.45118
2.096 4.910 -5.754 1.94759
0.161 12.892 -3.885 2.25417
0.000 15.568 -3.694 2.54272
0.000 17.177 -3.386 2.27552
0.079 16.426 -2.044 2.32152
0.000 14.563 -4.773 3.29971
0.040 13.873 -5.010 2.93922
0.290 14.309 -3.844 1.94329
0.164 11.706 -6.216 1.97113
0.000 13.342 -4.200 2.42789
0.000 14.217 -2.008 1.51804
0.094 16.451 -2.853 1.59172
0.119 19.444 -2.151 2.68904
3.709 17.364 -2.954 2.38864
0.414 14.789 -1.958 1.95481
0.000 16.415 -1.905 2.20726
0.009 16.083 -2.286 2.82629
0.000 15.228 -2.486 2.27079
0.859 14.936 -3.121 2.48184
4.756 12.606 -2.867 2.02725
2.440 14.424 -3.018 1.70837
2.961 14.203 -3.573 2.27955
0.964 13.355 -2.215 2.61165
2.073 11.580 -2.047 1.32988
2.141 13.331 -0.511 1.77513
1.685 11.667 -2.809 1.80656
1.555 17.230 -0.532 2.34955
7.821 9.109 -4.562 1.64913
0.004 11.578 -2.298 1.93331
1.825 15.120 -0.209 1.33674
0.199 8.936 -4.227 2.16428
0.000 12.933 -2.456 1.88597
0.000 15.728 -2.666 1.92332
0.008 14.028 -2.397 1.89136
0.156 16.874 -1.567 2.57162
0.605 15.449 -0.542 3.13867
1.510 12.477 -0.744 1.57513
0.901 15.080 -1.804 2.10002
0.000 15.613 -2.300 1.36215
0.305 15.892 -1.011 2.85115
3.436 9.366 -0.641 1.27102
4.250 12.403 0.278 1.44240
10.308 9.510 -1.100 1.71893
1.906 16.772 -0.433 1.83602
1.287 16.355 1.267 2.47414
6.795 16.755 2.102 1.98796
2.159 17.888 1.522 2.04619
0.183 18.689 2.968 1.98597
0.551 17.270 3.124 2.03672
0.141 18.149 2.731 2.91519
0.041 17.291 2.874 3.21831
0.000 18.877 -0.713 3.08311
4.097 17.341 -2.424 3.37921
0.044 16.984 -0.506 2.91465
0.000 17.161 -0.131 2.53650
0.000 18.898 1.684 2.42018
0.010 20.209 2.766 2.08936
0.016 20.982 4.153 1.82028
0.045 20.351 3.662 1.63073
0.363 20.459 4.506 1.84166
13.266 17.793 4.865 1.32899
0.726 20.094 4.595 0.99551
2.474 21.425 3.104 1.88763
2.695 20.682 4.617 1.58080
0.476 22.010 5.540 1.44732
3.502 22.068 5.328 1.61876
4.166 23.160 5.403 1.77159
8.929 21.797 5.340 1.66121
0.312 19.438 5.819 0.98883
0.000 22.018 5.120 2.00974
6.235 13.828 3.803 1.76913
11.315 18.825 4.153 1.91436
1.187 18.411 3.628 2.28488
1.151 16.943 3.329 1.46022
0.361 20.582 3.262 2.19964
0.450 20.939 4.689 2.13402
4.184 18.842 4.476 1.94361
4.341 17.739 4.574 1.70142
4.845 17.675 4.252 1.91432
0.550 16.336 3.973 2.32142
2.208 15.050 3.432 1.52311
4.909 12.437 3.479 1.02430
4.065 16.851 4.780 1.01695
1.721 17.721 4.895 1.85445
1.291 19.232 4.085 2.39612
0.088 19.033 3.772 1.69547
0.000 20.235 5.159 1.60522
0.599 20.330 6.092 1.14023
7.971 19.968 5.828 1.23423
4.136 19.905 5.820 1.32395
6.189 16.148 3.131 1.21280
0.000 18.088 4.355 1.35404
0.000 19.388 3.537 1.30518
0.984 18.337 4.457 1.85128
8.770 15.641 3.612 1.66330
16.293 16.935 5.111 1.61727
0.135 15.882 3.422 1.17975
0.005 17.265 2.648 1.37536
0.000 15.309 1.917 1.10553
0.000 16.076 2.234 0.97328
1.584 15.418 2.673 1.04085
2.029 14.503 1.733 0.88775
0.000 15.981 2.252 1.08444
0.037 19.307 4.444 0.98296
17.526 12.424 3.386 1.50601
18.205 15.144 1.744 0.87327
2.826 16.879 1.697 1.06913
11.000 16.673 2.471 1.20530
3.568 17.641 1.990 1.00268
2.489 15.754 2.297 1.51322
1.748 16.659 3.652 1.56759
0.336 16.745 3.324 1.26585
1.145 18.141 3.323 1.11990
0.156 19.265 4.647 1.62433
3.823 18.898 5.282 1.07611
0.000 18.247 5.951 1.16799
0.000 18.197 4.418 1.27044
2.241 20.352 4.631 1.32263
2.245 20.154 5.153 1.22969
4.914 18.258 3.668 1.61146
17.546 19.976 4.714 1.16884
7.225 18.138 5.127 0.88547
15.394 18.841 2.798 1.56253
8.739 16.521 2.872 1.30836
5.674 18.359 4.068 1.46347
0.356 19.140 4.898 1.56703
4.928 17.663 1.393 1.38298
0.345 14.586 2.390 1.67784
7.135 16.842 2.797 1.28861
0.706 13.561 3.460 1.19673
0.010 17.269 3.194 1.48498
4.050 16.663 2.216 0.88010
10.477 14.786 2.766 1.04745
4.827 12.433 1.856 1.08722
2.650 11.342 2.355 1.26869
2.784 13.888 0.763 1.61988
2.529 10.642 -0.634 0.86099
0.522 14.455 0.238 1.07230
1.406 13.499 0.345 1.33909
1.807 14.435 1.204 1.52465
12.836 13.278 0.843 0.90235
12.384 12.459 1.262 0.90576
9.020 12.137 2.241 1.04670
8.516 13.180 3.093 1.15279
9.916 11.793 0.685 1.02354
8.509 13.297 1.428 0.98451
2.152 15.182 2.616 1.41729
8.529 15.317 2.699 1.12395
6.173 16.011 1.899 0.95955
0.000 16.193 2.483 0.81448
0.152 16.456 3.744 0.81665
0.000 16.576 3.317 1.12771
0.000 16.378 3.538 1.37788
0.300 16.682 3.713 1.26352
0.155 15.813 2.056 1.53726
0.021 16.457 2.270 1.42783
7.959 16.170 3.147 1.03769
2.962 15.102 3.623 0.97606
10.806 15.366 3.483 1.29690
2.596 12.018 1.984 0.92434
3.094 12.443 -0.727 1.80398
0.129 11.277 -0.436 1.09405
0.000 14.624 0.351 0.89414
0.000 14.712 0.414 0.95357
2.726 13.609 -0.486 1.76548
0.000 13.111 -0.670 1.18008
0.000 14.212 -0.653 1.07683
0.000 14.892 -0.035 1.09734
0.011 15.364 -0.371 2.05959
0.000 13.466 -0.566 1.73493
2.532 14.701 0.467 0.80319
17.206 15.186 1.905 0.80547
0.589 14.373 1.514 0.99344
0.866 15.091 -0.548 1.44821
0.000 15.103 -0.804 1.62417
0.082 14.938 -0.481 1.67933
0.000 14.048 -1.645 2.25144
0.000 14.548 -1.350 1.72713
0.233 12.484 -0.856 1.44237
1.041 12.959 -0.371 1.75598
0.000 14.226 0.037 1.96807
0.019 14.633 -0.398 2.15681
0.000 13.763 -2.601 2.22721
0.000 12.964 -3.871 2.07383
0.000 11.807 -4.519 2.70532
0.000 12.466 -3.932 3.00842
0.000 12.579 -3.058 2.73522
0.000 12.097 -2.309 2.05969
0.000 9.382 -0.723 1.48361
1.115 6.068 -1.851 0.85476
2.256 5.173 -2.152 1.17519
2.900 9.095 -2.764 1.61070
4.680 12.302 -2.418 2.01063
0.000 11.712 -2.185 2.20883
0.000 11.881 -3.313 2.04329
0.000 11.930 -3.228 1.44575
0.000 11.291 -3.419 1.69035
0.301 9.357 -4.485 2.08127
0.059 8.528 -4.431 1.13738
0.189 9.378 -4.078 1.61862
0.585 8.956 -3.855 1.35287
0.000 9.532 -4.421 1.39885
0.000 10.186 -4.429 2.11820
0.051 7.912 -5.996 1.70428
0.153 7.031 -6.001 1.11506
0.475 7.710 -3.551 1.12403
0.816 8.662 -3.552 1.67803
1.269 6.650 -4.702 1.36484
0.005 5.837 -5.880 1.84129
0.004 6.530 -5.898 1.06799
0.036 7.777 -5.905 1.56260
0.000 7.158 -5.751 1.91425
0.004 7.579 -6.750 1.70306
0.106 6.466 -6.753 2.64573
0.039 4.700 -7.962 1.74768
0.055 5.854 -8.127 1.93560
0.186 6.601 -6.945 1.25600
0.145 7.066 -6.470 1.32686
0.069 7.399 -5.444 1.25137
0.429 7.539 -5.853 1.84810
0.252 6.270 -5.853 1.87576
1.486 3.287 -9.544 2.05371
0.018 3.070 -10.281 1.61190
0.285 4.031 -10.137 1.79556
0.239 4.361 -10.809 2.16095
0.777 1.987 -10.782 1.75127
0.015 6.322 -10.345 1.41727
0.000 7.864 -8.616 1.20189
0.011 9.827 -6.515 1.51029
0.121 9.807 -5.570 1.94784
0.425 7.353 -6.797 3.13810
1.899 2.227 -8.197 1.53161
0.222 3.168 -8.429 1.69026
0.888 0.455 -7.950 1.87595
0.000 3.942 -10.161 1.61575
0.000 5.562 -10.860 1.54080
0.000 4.428 -11.291 2.09896
0.000 3.357 -11.053 1.51484
0.003 2.305 -10.159 1.55072
0.004 -0.035 -10.915 1.23579
0.000 1.069 -11.778 1.58373
0.000 1.122 -11.991 1.49107
0.000 0.768 -14.034 1.88389
0.000 1.521 -14.305 1.99416
0.000 2.616 -12.411 1.60469
0.018 1.753 -11.710 1.84774
0.000 2.137 -11.900 1.32448
0.000 1.554 -13.020 1.73220
0.000 1.933 -12.966 1.59067
0.000 -0.182 -11.206 1.82203
0.000 -1.089 -13.127 1.45447
0.000 -1.153 -13.897 1.62386
0.000 1.662 -14.051 1.70257
0.000 3.234 -12.883 2.14672
0.000 4.198 -12.639 2.01128
0.003 2.614 -12.904 1.81435
0.000 0.894 -13.180 1.60616
0.000 -0.456 -14.523 1.60692
0.007 -1.629 -14.763 0.99578
0.000 -1.945 -14.865 1.37604
0.000 1.123 -15.279 1.56071
0.000 -0.129 -15.045 1.95068
0.010 -3.279 -15.283 1.59368
0.008 -0.365 -15.788 1.79702
0.004 -0.769 -15.455 1.83535
0.024 -0.979 -14.856 1.33983
0.000 -0.308 -13.430 0.83785
0.000 0.720 -13.832 1.39899
0.000 1.375 -14.518 1.61034
0.000 0.926 -14.611 1.54774
0.000 2.045 -14.217 1.45731
0.000 2.347 -13.667 1.47822
0.000 -1.437 -15.717 1.80970
0.595 1.106 -16.076 1.81507
0.001 0.574 -14.673 2.00003
0.451 -1.510 -14.938 1.94584
0.000 1.548 -14.249 2.28249
0.218 -1.401 -13.539 1.38048
0.000 2.309 -14.056 2.21158
0.000 0.744 -13.911 2.52888
0.000 1.388 -14.463 2.77450
0.000 0.826 -14.581 2.60723
0.000 -0.195 -14.955 2.40556
0.129 -0.484 -14.863 2.22228
0.000 2.140 -15.030 2.13808
0.000 -2.266 -15.064 2.79693
0.019 -2.169 -14.681 2.21918
0.001 -2.255 -15.634 2.36353
0.006 -4.322 -15.745 1.78829
0.000 -2.199 -15.943 1.77070
0.000 -1.996 -15.297 1.69965
0.000 0.368 -15.978 1.58833
0.000 1.385 -16.141 2.58530
0.000 -2.183 -15.876 2.60497
0.000 -4.258 -15.519 2.53888
0.000 -6.905 -17.659 1.56781
0.000 -3.056 -18.609 2.53064
0.005 -3.645 -18.303 2.79458
0.003 -3.424 -16.058 2.85128
0.000 -2.183 -15.700 2.21904
0.001 -2.007 -15.799 1.63585
0.000 -1.958 -14.950 2.04775
0.000 -0.403 -15.056 2.17611
0.000 -1.186 -15.241 2.32018
0.000 0.207 -15.342 1.72994
0.000 -2.219 -15.957 2.06466
0.000 -0.877 -16.093 2.13488
0.000 3.027 -16.026 2.40727
0.018 3.492 -15.462 3.25308
0.000 5.194 -13.267 3.16540
0.000 3.231 -15.034 3.95201
0.509 -0.317 -15.144 2.87472
0.000 2.745 -14.785 2.45485
0.000 1.201 -15.022 4.02565
0.000 -1.127 -17.546 4.41159
0.000 -1.942 -17.678 3.58770
0.000 -0.519 -18.018 3.38183
0.000 -0.416 -17.696 2.91048
0.000 3.484 -17.306 2.60122
0.000 3.731 -15.090 3.02995
0.000 2.798 -14.631 3.02402
0.000 0.848 -16.163 3.51016
0.000 -0.585 -16.044 3.95710
0.014 -1.520 -15.531 2.30408
0.039 -0.959 -15.408 1.54729
0.171 -1.407 -13.854 2.22940
0.000 -1.285 -13.933 2.58261
0.119 -1.234 -13.856 2.03337
0.002 0.298 -13.770 2.91220
0.000 2.200 -13.417 1.96809
0.000 2.501 -11.319 1.87885
0.000 4.106 -11.031 2.18314
0.000 6.819 -9.921 2.91922
0.000 2.810 -7.830 3.66143
0.024 0.962 -12.535 4.00247
0.198 0.607 -14.216 2.96002
0.061 0.348 -13.660 2.27836
0.001 1.658 -12.102 2.57005
0.009 1.739 -10.967 3.25060
0.238 3.868 -7.717 3.34410
0.260 1.441 -10.562 2.95297
0.000 1.837 -12.407 2.78339
0.000 2.313 -11.343 2.55930
0.000 4.130 -9.983 2.52959
0.000 4.281 -10.214 3.40395
0.000 4.545 -10.333 3.85132
0.269 4.705 -9.363 3.01482
0.000 6.740 -8.689 2.54230
0.000 9.015 -6.976 3.10387
0.176 6.916 -6.404 4.85641
0.604 5.286 -6.596 3.61226
0.024 4.163 -5.827 1.61688
0.000 6.844 -4.522 1.08292
0.000 8.906 -5.009 1.59091
0.000 10.295 -4.184 1.52476
0.407 9.092 -4.546 1.66644
0.106 13.339 -4.328 2.16140
1.125 12.102 -3.612 2.05723
8.838 11.320 -6.962 2.36348
4.011 8.311 -5.872 2.19695
7.165 6.866 -7.024 2.75329
3.351 3.888 -8.844 3.14206
8.276 3.942 -8.699 2.49960
1.724 6.009 -6.771 2.29524
0.769 7.696 -5.996 1.88077
1.741 7.505 -6.067 2.55653
0.546 6.279 -6.194 3.96311
0.369 6.172 -6.706 1.67546
0.318 8.822 -5.651 1.66429
1.006 8.084 -5.530 2.70302
0.255 10.617 -5.070 3.09763
0.090 9.596 -4.503 1.35161
0.309 10.661 -4.821 2.33037
0.226 11.068 -4.156 2.32620
2.085 10.522 -5.023 2.52412
0.000 13.147 -2.602 2.20929
0.000 13.173 -3.328 1.61418
0.786 11.319 -3.413 2.46742
0.887 11.203 -3.961 1.88600
0.816 8.306 -3.428 1.69607
0.567 10.513 -3.539 2.47339
1.861 9.632 -3.269 3.01292
0.002 8.500 -4.511 2.20061
0.104 12.752 -3.500 1.66726
0.496 8.414 -3.144 1.55705
0.014 12.372 -3.231 3.42083
0.034 10.475 -3.318 3.20334
0.919 6.812 -2.820 0.98785
1.815 5.881 -3.893 1.27502
2.254 6.919 -4.791 1.32079
1.404 11.485 -1.808 1.61923
0.164 15.064 -0.641 1.60623
1.605 9.335 -3.303 1.57353
0.217 15.114 -1.728 1.85938
1.350 12.895 -1.829 2.14850
0.270 11.108 -1.772 1.01487
0.546 15.783 -3.000 1.23635
0.390 13.552 -2.255 2.21810
0.000 15.955 -1.757 1.32643
0.031 18.508 -1.216 1.28111
0.129 20.296 0.057 1.89489
0.175 20.054 2.615 1.71126
0.959 18.055 2.097 1.94657
0.720 14.058 0.175 1.89850
4.760 8.227 -1.458 1.57180
0.103 12.224 -0.334 1.24216
0.449 17.323 -1.555 1.40163
0.512 12.372 -0.364 2.45950
5.975 13.177 0.902 1.55672
1.115 15.173 0.278 2.23800
0.741 17.899 1.604 1.31241
1.692 16.977 2.090 1.86246
1.844 17.398 2.331 2.80971
0.146 17.647 2.125 2.98019
0.911 15.988 2.012 1.85088
0.881 11.294 -0.023 1.33271
0.008 17.660 1.400 1.11351
0.027 17.877 -0.055 2.83523
0.001 18.744 0.125 2.83275
0.000 19.334 1.496 2.27829
0.032 19.321 2.574 1.17346
0.000 20.681 2.944 1.99333
0.000 20.390 3.227 1.77565
0.000 21.911 2.899 1.77519
0.794 21.918 4.927 1.59644
3.609 20.739 4.104 1.84511
7.575 21.794 4.433 2.05980
0.107 22.055 3.597 2.12211
0.342 20.482 5.400 2.16400
0.015 20.075 5.696 2.40757
13.786 15.729 2.455 1.50965
0.039 13.983 0.936 1.49324
1.844 19.735 2.579 1.05762
0.729 18.795 3.331 1.01530
4.200 17.369 3.327 1.03041
0.110 19.154 2.878 1.32741
3.195 14.729 1.255 1.14967
0.021 19.263 3.989 1.26122
11.206 14.768 1.361 1.72521
3.964 15.837 2.803 2.36689
0.481 15.041 2.945 1.95075
0.104 14.938 2.428 1.57491
0.015 20.108 4.007 1.79908
0.169 19.746 3.373 1.63369
24.200 21.302 4.405 1.46629
3.214 18.350 3.682 1.14876
1.256 20.264 5.061 1.04395
5.088 18.382 4.056 1.76624
2.514 16.401 2.171 1.61703
9.166 17.881 3.123 1.90681
8.606 18.390 4.721 0.85980
23.578 18.454 5.138 1.25142
5.554 17.154 5.154 1.62406
9.045 15.696 4.588 1.81520
2.935 14.158 3.476 0.90911
11.121 16.691 3.564 1.59824
8.914 13.143 4.026 1.48954
1.194 14.066 3.527 2.06963
2.060 11.109 4.251 1.39416
11.179 14.211 3.590 1.32810
14.011 15.016 1.839 1.48722
4.971 16.153 2.962 1.14871
0.000 17.471 3.072 1.11155
0.000 18.067 3.658 1.24317
0.034 19.012 4.299 1.22215
3.521 18.250 5.451 1.16775
8.607 16.798 4.054 1.16521
1.763 17.630 5.378 1.28674
0.345 17.022 4.554 0.90615
1.295 17.040 6.665 1.10126
3.766 17.034 4.111 1.26472
0.201 17.885 5.365 1.14814
7.940 17.043 5.472 0.90737
0.001 17.653 5.880 1.33527
1.060 17.497 2.957 1.05043
2.989 17.726 4.266 1.51896
15.926 18.894 4.175 1.29884
7.394 14.834 3.755 1.05364
2.159 14.583 1.938 1.78593
7.062 14.784 1.304 2.02052
0.019 14.336 1.925 1.81867
0.000 16.854 2.549 1.63659
1.504 17.092 4.557 0.95706
2.358 17.959 4.300 1.17291
6.169 16.716 5.365 1.33474
2.272 14.537 3.921 1.18839
2.659 13.142 1.985 1.38322
3.125 16.558 2.904 1.24866
13.948 14.399 2.147 1.55019
0.000 16.718 3.333 1.06132
0.066 17.793 3.925 1.36980
5.069 19.145 3.861 1.00866
5.903 17.756 3.226 0.72783
5.197 16.870 3.109 0.94493
1.265 17.543 5.268 1.35737
12.240 16.186 3.482 0.90039
4.152 17.796 4.149 0.78419
1.829 16.835 2.435 1.26701
2.794 15.212 3.395 1.63052
22.833 17.517 4.269 1.33036
0.284 17.024 4.910 1.04247
9.132 16.497 4.463 1.41851
14.298 17.977 5.172 1.00575
11.799 17.380 2.784 1.19317
0.783 15.778 2.281 1.32232
19.080 15.542 1.527 1.41895
9.405 10.760 0.855 0.94417
1.004 12.156 1.079 0.99842
0.266 12.227 1.689 0.89231
1.760 14.117 1.713 1.09328
8.665 16.545 2.187 1.39147
1.201 17.208 4.305 1.21510
3.427 17.056 3.978 1.24197
18.513 16.639 2.810 1.17523
4.023 14.431 3.123 1.45368
1.366 14.920 3.511 1.61889
0.674 13.268 1.762 1.53373
0.210 14.834 1.786 1.91717
0.786 14.810 2.829 2.05527
0.869 15.672 1.940 1.92130
0.724 16.878 2.578 1.58319
1.088 16.214 1.725 1.51594
0.104 14.340 2.104 1.06613
3.141 11.335 1.311 1.14566
30.299 9.487 -0.030 1.66766
2.026 7.458 -2.462 1.19984
0.381 10.518 -2.056 0.74211
0.924 9.572 -2.922 1.42938
0.000 11.020 -2.410 1.02022
0.000 13.204 -1.961 1.08625
0.000 12.767 -1.783 1.39572
0.542 13.431 -0.323 1.53980
0.037 11.237 -0.765 1.42970
0.519 12.841 -1.676 1.38824
0.161 13.213 -1.416 1.53036
0.612 13.278 -1.813 1.40417
0.000 13.581 -3.268 1.47761
0.819 13.501 -2.465 1.99054
0.000 13.148 -2.449 2.01272
0.941 13.070 -1.527 1.81762
8.861 11.197 -1.309 1.08786
0.064 11.266 -0.969 0.69880
1.099 12.214 -0.837 1.23268
0.454 9.215 -2.714 1.36228
0.000 12.052 -2.567 0.96013
0.060 14.660 -2.373 1.37037
0.000 16.154 -1.742 1.23494
0.000 15.707 -3.011 1.61007
0.000 14.414 -3.161 2.00421
0.000 13.667 -3.196 1.87486
0.026 13.222 -2.867 1.59598
0.170 12.136 -3.399 2.09624
0.000 11.821 -4.489 2.21464
0.000 12.183 -4.128 1.96710
0.000 12.695 -3.199 2.05838
0.000 9.983 -3.751 1.29035
0.000 10.697 -4.359 0.99714
0.004 12.226 -4.172 1.75402
0.127 10.905 -3.967 1.20087
0.065 11.625 -3.632 1.88272
0.295 9.969 -4.345 1.53275
0.000 9.988 -4.307 1.95258
0.020 7.579 -4.010 1.68583
0.000 8.775 -4.889 2.64674
0.016 9.716 -4.992 2.02486
0.000 9.474 -4.966 2.07707
3.225 9.637 -4.234 1.97684
0.860 0.955 -5.648 1.86492
0.280 4.170 -6.787 1.38843
0.000 6.522 -6.777 1.79387
0.169 6.425 -5.228 1.36938
0.002 6.302 -5.354 1.67307
0.007 8.246 -5.390 1.32188
0.055 8.097 -4.858 1.31729
0.000 7.152 -5.385 1.26885
0.000 9.275 -5.368 1.80779
0.000 10.025 -6.001 1.87687
0.240 8.146 -5.970 1.40958
0.000 8.801 -5.267 1.15173
0.000 10.532 -5.604 1.39801
1.129 5.714 -6.660 1.60460
0.359 8.108 -6.719 2.19737
0.062 8.278 -5.862 1.93142
0.364 6.691 -5.835 2.14849
0.045 6.388 -6.096 2.71974
0.000 3.239 -7.758 1.18143
0.005 4.829 -8.767 1.20439
0.003 6.315 -9.024 1.84214
0.233 5.381 -9.135 2.52188
1.259 2.733 -11.025 3.24931
0.101 -5.915 -14.025 1.27676
0.213 1.674 -14.155 1.38409
0.076 2.890 -10.909 1.43401
0.060 5.680 -10.775 1.58270
0.105 4.001 -8.520 1.14799
0.006 5.160 -9.353 1.56868
0.584 5.962 -9.777 2.21432
0.000 6.419 -10.415 2.89221
0.012 4.438 -12.213 3.38299
0.039 1.788 -13.280 2.49000
0.000 3.192 -13.525 2.53293
0.003 2.854 -13.373 2.71507
0.000 1.002 -14.154 2.28561
0.000 0.144 -14.273 1.37555
0.000 4.519 -13.954 1.94029
0.000 3.724 -12.991 2.22290
0.000 3.055 -13.069 1.74386
0.000 3.857 -13.359 1.76824
0.000 3.533 -13.352 1.81568
0.000 -0.957 -13.432 1.18462
0.000 -0.208 -13.097 2.25689
0.051 -0.645 -13.040 2.74347
0.104 -4.563 -16.388 1.75104
0.000 0.742 -16.671 1.92911
0.000 2.558 -13.670 1.74866
0.000 1.162 -13.735 1.39121
0.000 3.142 -13.419 2.10150
0.000 7.175 -10.095 1.64689
0.000 8.392 -9.808 1.54647
0.000 7.437 -9.765 1.71785
0.054 5.626 -9.292 1.46669
0.000 2.236 -11.158 1.50457
0.000 2.521 -11.420 1.64248
0.000 4.888 -11.429 1.80359
0.000 6.359 -13.273 2.03693
0.000 2.922 -13.620 1.64624
0.000 3.637 -13.407 1.57548
0.000 2.146 -13.824 1.41465
0.000 2.450 -14.580 2.04826
0.000 2.763 -14.653 1.51803
0.000 3.387 -13.162 1.65990
0.004 6.168 -12.538 1.93805
0.126 5.758 -11.872 2.69911
0.000 3.656 -12.089 2.53935
0.016 1.074 -14.457 2.33593
0.125 -1.201 -16.494 2.66620
0.095 -3.773 -16.671 2.61078
0.000 0.371 -16.558 2.07087
0.006 2.175 -16.795 2.43587
0.000 -0.018 -16.442 2.14180
0.000 -2.844 -16.539 2.01975
0.000 -2.597 -16.849 2.01248
0.000 1.852 -15.588 2.10665
0.000 -2.894 -16.286 2.07827
0.086 1.549 -15.764 1.89047
0.071 -2.356 -13.868 1.06220
0.000 0.270 -14.583 1.70104
0.000 2.922 -14.941 2.02714
0.000 1.485 -15.072 1.82864
0.000 3.195 -14.695 2.12167
0.020 2.074 -14.917 1.87526
0.000 1.680 -15.207 2.79465
0.000 1.525 -15.537 2.07490
0.000 1.610 -16.277 3.26687
0.000 -3.118 -16.410 3.67356
0.000 -3.319 -15.574 3.16608
0.000 0.443 -15.479 2.15306
0.000 5.675 -14.403 2.36444
0.000 6.762 -13.969 2.17506
0.000 6.017 -12.438 2.41639
0.000 9.358 -11.139 2.29373
0.000 10.381 -9.182 2.18724
0.000 11.280 -6.133 2.11085
0.000 10.686 -6.011 2.41889
0.000 9.075 -8.463 3.42312
0.000 5.323 -11.744 2.80456
0.000 2.176 -16.173 3.91722
0.000 0.232 -16.200 3.11819
0.519 -0.388 -14.955 2.02301
0.000 2.940 -14.637 2.13281
0.000 5.614 -13.063 2.38250
0.000 1.983 -12.749 1.80611
0.000 5.113 -12.831 3.31454
0.000 6.643 -11.399 2.60709
0.041 7.006 -11.451 3.02909
0.000 6.642 -11.327 2.41571
0.044 7.942 -10.026 1.97330
0.000 9.019 -9.091 2.44140
0.000 5.038 -9.759 3.03081
0.000 4.842 -9.797 1.52491
0.002 5.426 -8.865 1.69862
0.017 1.126 -9.195 1.59815
0.305 2.525 -10.036 1.59739
0.024 1.347 -12.628 3.42100
0.086 0.730 -12.387 2.44292
0.034 1.658 -11.986 1.38796
0.000 2.375 -12.023 2.47593
0.000 1.970 -12.147 2.63152
0.066 4.013 -11.743 3.12396
0.043 0.247 -12.750 3.05191
0.083 4.397 -12.633 2.22055
0.000 5.119 -10.988 3.80816
0.000 5.142 -9.782 3.13346
0.000 5.705 -8.589 2.15000
0.000 6.307 -9.179 3.80697
0.564 4.106 -8.429 3.34661
0.362 0.065 -11.320 2.06450
1.055 2.087 -11.302 1.36456
0.000 4.456 -10.866 2.98456
0.000 3.752 -9.880 2.10136
0.000 3.210 -9.739 1.99114
0.000 2.887 -9.322 1.52429
0.030 2.781 -8.649 1.65087
0.000 5.825 -8.447 2.07042
0.521 5.957 -8.455 2.54600
0.000 5.374 -7.965 2.68048
0.115 3.944 -8.098 2.70174
0.288 4.219 -9.493 3.74705
0.000 2.858 -9.609 3.42727
0.791 2.649 -9.567 2.38190
0.021 6.628 -8.455 2.17277
0.311 6.006 -6.100 2.40345
0.285 9.018 -5.443 2.79114
0.311 7.743 -6.855 3.87610
0.000 5.033 -6.396 3.68975
0.270 3.863 -7.172 2.03059
0.000 4.007 -7.303 1.91486
0.856 5.755 -6.081 2.48108
0.025 5.446 -6.118 1.95739
2.763 7.285 -5.839 2.39062
3.544 10.438 -5.593 2.28288
0.220 9.594 -5.766 2.38661
0.358 7.447 -6.452 2.81049
0.000 5.670 -5.898 2.55522
0.007 3.368 -5.992 1.32351
0.065 9.026 -4.960 1.95474
2.011 6.402 -5.013 1.42066
0.976 7.733 -6.180 2.09954
1.246 8.232 -6.507 2.96704
0.628 11.260 -5.296 2.82164
0.009 8.434 -6.341 3.64454
0.962 7.824 -4.983 3.19279
1.091 5.764 -5.612 1.82408
0.000 9.103 -4.973 2.37135
0.284 11.961 -3.531 2.08057
1.359 10.116 -3.514 2.01077
0.000 11.146 -4.456 2.61303
0.035 11.091 -4.328 2.59247
0.514 10.857 -5.000 2.00756
0.019 12.093 -4.609 2.26013
0.276 10.695 -4.759 2.66951
0.000 11.977 -4.187 1.73690
0.164 12.697 -5.380 2.58429
0.010 10.884 -6.208 3.26095
0.091 9.145 -5.670 2.46096
0.250 10.875 -5.145 2.15948
0.274 13.687 -3.562 3.11399
1.451 8.703 -3.926 2.19116
0.878 9.432 -3.942 2.75062
0.977 7.551 -4.611 1.50136
0.161 7.955 -3.342 1.72929
1.342 4.218 -4.156 1.36638
0.123 11.810 -4.821 1.42293
0.000 15.588 -3.312 1.73567
0.072 15.914 -3.454 2.66626
0.415 14.765 -1.176 2.58136
1.888 9.501 -2.733 1.27423
0.535 13.376 -2.104 1.55881
1.539 16.130 -1.292 2.51422
0.564 9.608 -4.806 1.59058
1.366 6.033 -3.141 1.39158
3.210 4.395 -3.091 1.35399
0.210 11.259 -1.572 1.08016
1.349 8.052 -2.770 1.62542
0.000 14.129 -1.722 1.43188
0.054 15.706 -1.276 0.95202
0.235 17.086 -2.040 2.31906
0.085 16.452 -2.286 2.79554
0.000 16.378 -0.268 2.99346
0.284 15.631 -0.647 2.56802
7.499 15.181 -0.863 2.16631
0.475 13.276 -1.319 1.09477
0.000 17.101 0.149 1.14055
0.000 17.113 -0.685 2.45105
0.706 15.861 0.353 1.92465
0.004 17.836 -0.683 2.23436
0.123 17.916 2.470 2.67996
0.740 13.140 0.935 2.17604
1.842 13.926 -0.003 2.25556
0.678 15.756 -2.400 2.55554
0.018 14.238 1.256 1.33064
0.831 14.222 0.743 1.90110
7.935 9.351 0.918 1.62380
2.041 12.274 -0.446 1.89128
2.608 12.503 -2.971 1.82980
0.734 14.491 0.920 1.16042
1.569 14.233 0.928 1.44676
0.390 15.764 0.910 2.00831
0.870 14.354 1.376 1.39620
0.000 18.348 2.207 2.53504
0.036 15.943 3.336 1.68805
0.000 18.216 2.502 1.09028
0.035 20.238 2.686 1.77321
5.627 19.306 2.609 1.41288
0.457 17.717 1.911 2.00359
0.000 19.388 2.287 1.61344
0.015 21.266 0.361 1.58547
1.119 19.899 2.892 2.11565
2.813 19.044 4.051 1.71022
0.963 18.966 4.194 1.98384
0.407 18.778 3.344 1.75646
0.239 20.063 4.452 2.14997
9.220 21.131 3.132 2.15149
6.355 14.108 1.057 1.30763
4.584 13.717 1.483 1.17709
5.153 15.969 2.820 1.64285
8.999 17.560 4.359 1.64494
6.115 19.935 4.595 1.57216
14.867 19.670 4.574 1.27208
1.558 21.515 4.915 1.77914
16.511 19.651 2.978 1.52425
0.026 15.514 2.619 1.71399
0.000 18.724 3.036 1.14305
0.519 18.251 2.457 1.00059
0.000 16.829 1.375 1.81027
0.000 18.627 3.893 1.66918
0.000 19.709 4.090 1.47734
0.000 20.731 4.253 1.13257
0.000 20.802 5.888 1.22835
0.415 22.968 6.859 1.50476
0.000 23.634 6.443 1.74117
0.335 21.333 5.154 1.84599
0.260 21.796 7.627 1.40583
5.683 17.985 5.693 0.97740
9.842 17.358 3.837 1.05289
3.010 20.958 6.144 1.57039
5.149 14.946 2.578 2.05024
2.655 19.370 2.523 1.42708
0.000 20.008 4.354 1.79136
0.016 21.861 5.546 1.50641
6.336 22.386 7.014 1.42390
5.366 19.413 6.162 1.03354
17.543 17.315 1.604 1.69700
0.000 15.855 3.128 1.47220
0.000 19.173 3.855 1.14501
0.090 20.087 4.697 1.06449
1.391 21.252 6.585 1.25686
0.034 20.519 6.481 1.73628
15.586 17.034 5.448 1.39854
7.410 16.246 4.630 1.31955
16.658 18.045 5.367 1.36951
8.988 16.780 5.777 0.93912
16.675 17.023 5.458 1.07943
0.031 19.395 5.222 1.35510
0.771 17.414 4.960 1.21913
0.049 19.338 5.360 1.31090
0.583 18.202 3.134 1.48306
0.904 17.536 2.795 1.40962
0.000 18.549 2.487 1.51770
0.000 19.022 2.962 1.38088
1.264 20.244 5.194 1.15003
1.940 18.222 4.904 0.84763
0.000 18.873 5.187 1.03523
9.677 17.239 5.284 0.84043
10.709 17.746 5.228 0.88869
4.266 16.203 3.195 1.19504
0.604 16.246 2.736 1.34952
0.000 17.683 2.028 1.18692
0.103 19.855 4.929 0.99702
5.564 18.590 4.556 1.57371
8.975 18.984 4.908 1.86101
9.354 10.586 3.604 1.38659
3.104 17.272 3.169 1.00758
2.934 17.563 4.255 1.16521
1.230 16.585 4.599 1.49315
14.965 11.070 3.758 1.08813
5.626 16.794 3.069 1.97141
1.576 16.357 3.214 1.38246
2.996 16.854 3.260 1.45359
23.187 15.546 2.030 1.29127
24.675 14.935 2.680 1.40397
6.547 15.144 2.290 1.28524
0.314 16.617 3.882 1.63166
9.649 14.194 3.446 0.67959
1.089 17.013 3.937 1.36988
4.592 16.776 4.041 1.09811
15.637 15.813 3.066 1.28789
0.080 15.259 3.433 0.96156
7.459 15.233 2.476 0.93224
0.814 14.887 1.376 1.78032
0.049 17.171 2.718 2.22971
3.063 15.903 3.162 1.12094
1.688 16.584 3.426 1.55457
4.216 13.697 2.344 1.46929
1.300 14.610 1.385 1.54033
0.022 16.361 2.527 1.70826
5.918 14.977 1.116 1.31737
0.144 17.139 1.693 1.51958
0.170 17.287 2.805 1.06642
0.135 17.197 3.062 1.23486
0.000 16.615 3.444 1.13118
0.000 16.262 0.865 1.57230
0.000 15.987 1.010 1.84707
0.445 15.788 1.583 1.31635
16.818 16.412 2.494 1.09467
2.338 16.595 2.916 1.08769
4.159 16.479 2.331 1.23665
0.955 16.165 2.152 1.52089
0.000 16.305 1.580 1.35390
5.460 15.627 1.826 1.24472
0.736 16.525 1.820 1.21474
0.000 16.210 1.502 1.67443
0.014 14.676 -0.108 1.64656
2.374 13.813 0.227 0.93808
0.165 13.884 -0.595 1.54361
10.388 12.093 -0.186 1.50615
1.025 8.808 -2.286 1.25382
0.130 7.525 -2.512 0.95442
0.000 11.441 -1.916 1.96016
0.256 12.797 -0.917 1.96894
0.026 15.212 -1.145 2.01687
1.475 14.848 -0.567 1.16453
0.821 10.137 -0.875 1.06084
0.185 9.232 -2.922 1.41768
0.161 11.399 -2.322 1.39942
0.067 13.418 -3.048 2.06266
0.408 14.578 -2.879 2.00923
0.806 13.702 -3.402 2.20468
0.095 13.061 -3.692 2.07083
0.941 11.255 -4.720 2.74883
0.034 10.194 -4.814 1.98004
0.000 10.878 -5.517 2.21807
0.714 9.357 -5.237 2.59534
0.019 9.332 -4.953 2.11977
0.850 7.584 -3.970 1.12908
0.000 7.996 -4.486 0.89589
0.073 10.359 -5.526 1.53075
0.000 10.744 -6.049 1.92022
0.000 9.772 -5.913 1.82583
0.075 8.860 -4.849 1.12630
0.000 9.325 -4.807 1.35118
0.027 6.093 -4.639 1.01770
0.000 8.422 -4.647 1.01822
0.000 9.953 -4.709 1.67780
0.036 9.686 -4.640 1.88341
0.545 7.666 -4.429 2.24391
0.030 8.543 -5.693 2.36089
0.000 8.931 -5.699 1.44093
0.000 10.221 -5.506 1.74192
0.000 9.207 -5.314 2.42373
0.234 6.540 -6.565 2.67700
0.000 8.104 -6.756 1.89109
0.002 7.698 -6.574 1.97817
0.000 7.242 -6.024 2.53135
0.000 4.999 -5.574 2.10527
0.005 5.538 -5.972 1.42564
0.483 6.239 -5.815 1.83244
0.000 6.778 -5.731 1.66556
0.166 7.581 -6.001 1.42598
0.000 5.055 -7.031 1.96732
0.000 6.763 -7.197 1.62895
0.000 7.151 -6.037 1.58626
0.091 7.239 -6.118 1.47433
0.000 3.471 -7.673 1.40493
0.030 1.416 -10.752 1.76876
0.000 3.314 -10.946 1.30016
0.074 5.119 -10.549 1.14694
0.000 5.663 -7.701 1.13706
0.036 5.048 -8.914 1.31060
0.000 1.306 -10.519 1.49012
0.000 4.159 -10.672 1.57733
0.000 6.649 -10.485 1.57650
0.000 7.186 -11.030 1.68442
0.000 5.497 -11.242 1.96949
0.000 7.135 -10.564 1.82824
0.000 6.219 -10.857 2.18992
0.000 5.531 -12.025 1.76834
0.000 5.572 -12.260 2.36263
0.000 4.811 -11.771 2.23429
0.000 6.653 -11.703 2.38127
0.000 5.519 -10.287 2.27970
0.000 3.557 -11.218 1.75788
0.019 2.685 -12.864 1.61232
0.000 1.249 -12.868 2.66851
0.000 0.128 -13.480 2.41210
0.000 2.767 -14.361 2.29145
0.000 3.811 -14.593 2.23070
0.000 4.194 -14.469 2.34686
0.000 3.707 -13.848 1.77416
0.000 4.282 -13.786 2.05189
0.000 3.350 -13.820 2.68803
0.000 0.503 -13.996 2.77118
0.000 0.606 -13.968 1.77233
0.000 2.675 -13.403 1.53892
0.000 4.790 -13.179 2.14328
0.000 2.273 -13.132 2.42740
0.000 -0.481 -15.310 1.81912
0.000 -1.101 -15.637 1.81885
0.000 1.560 -14.437 1.37786
0.000 4.233 -13.645 1.54662
0.260 3.706 -13.729 1.72586
0.000 3.209 -13.943 1.29678
0.036 1.889 -13.324 1.36894
0.018 -0.713 -13.315 1.13861
0.000 0.336 -14.787 1.97255
0.000 -0.789 -15.069 1.82692
0.000 -1.617 -15.325 1.67975
0.000 -1.673 -14.976 1.28842
0.011 -0.539 -14.993 1.37120
0.000 -1.000 -14.787 0.98727
0.000 0.427 -14.111 1.55895
0.000 0.143 -15.203 1.51476
0.000 -1.683 -14.956 0.90995
0.014 -0.408 -14.690 1.46035
0.000 -1.107 -14.679 1.46952
0.395 -2.615 -13.423 0.82596
0.000 -3.776 -14.872 1.21500
0.000 -2.351 -15.431 1.24190
0.000 -1.571 -15.419 1.44179
0.000 1.842 -15.171 1.60060
0.000 2.079 -15.129 2.25272
0.000 3.839 -13.710 2.09919
0.000 3.972 -13.796 2.31060
0.030 0.324 -13.018 2.58289
0.000 0.791 -11.980 3.03403
0.000 2.312 -10.274 3.01263
0.000 2.981 -12.390 2.64089
0.000 2.069 -12.296 2.73099
0.000 1.035 -14.213 2.87974
0.000 -0.584 -14.201 2.77984
0.000 -1.067 -16.140 2.32223
0.000 -1.394 -16.490 2.03577
0.000 0.580 -16.561 2.32931
0.000 2.208 -16.098 2.33212
0.000 0.993 -16.202 2.96826
0.000 -0.458 -15.735 2.99422
0.000 -1.678 -16.516 2.99452
0.000 -1.441 -16.245 1.81795
0.000 1.622 -15.525 1.97595
0.000 7.084 -14.649 2.38209
0.000 5.606 -12.822 2.60149
0.000 2.860 -12.934 1.76222
0.000 4.088 -14.352 2.20838
0.000 6.341 -14.434 2.40152
0.000 8.061 -13.105 2.19603
0.000 7.880 -10.657 2.18215
0.000 6.885 -8.714 2.36638
0.007 6.961 -8.782 2.21602
0.000 7.413 -8.639 1.71049
0.000 8.937 -8.224 3.29143
0.000 4.504 -10.021 3.22913
0.000 4.836 -10.282 1.90347
0.140 2.440 -10.623 1.90165
0.012 3.799 -10.656 0.94382
0.000 5.324 -8.933 1.56141
0.000 5.697 -7.830 1.48011
0.000 3.704 -7.653 2.46716
0.069 1.637 -11.747 1.87464
0.654 1.906 -11.751 2.51198
0.011 3.878 -10.934 1.72877
0.000 5.172 -9.133 1.35150
0.000 6.464 -9.066 2.36615
0.000 6.888 -7.913 3.68961
0.000 1.653 -11.816 4.77888
0.000 2.408 -11.568 3.09809
0.729 1.000 -11.535 2.04988
0.405 3.936 -11.419 2.63692
0.000 8.049 -10.961 2.25516
0.030 4.533 -7.473 3.39184
0.000 2.119 -8.305 2.76734
0.122 2.346 -9.008 2.95754
0.000 -5.443 -13.738 1.78223
0.021 -1.747 -13.553 0.99363
0.000 2.272 -12.345 1.33968
0.296 4.197 -10.901 1.30105
0.139 5.453 -7.274 1.26315
0.714 6.323 -6.070 1.93140
0.015 7.026 -5.606 2.46555
0.418 9.653 -5.930 2.47119
0.269 8.912 -5.791 3.67967
0.661 8.034 -6.529 2.82047
0.306 0.831 -7.281 2.55354
0.015 2.463 -7.432 1.39731
0.000 4.677 -7.413 1.58949
0.000 7.571 -6.513 1.78699
0.000 9.356 -5.684 2.61250
0.901 11.135 -6.193 2.92154
0.156 12.240 -6.702 3.22854
0.019 5.798 -7.125 2.70144
0.000 9.730 -6.272 2.76674
0.402 5.031 -5.899 1.82019
0.000 6.845 -5.694 2.31867
0.266 6.725 -5.313 2.77586
0.131 3.982 -5.359 1.68427
1.877 4.550 -6.323 1.18977
0.954 5.056 -5.979 1.08125
0.663 8.163 -5.768 1.82085
0.099 10.166 -5.668 1.73687
0.416 9.781 -6.462 2.60494
0.042 7.801 -7.189 2.85963
0.242 5.249 -6.829 2.42938
0.000 10.886 -5.124 2.30956
0.000 15.712 -3.030 2.15863
0.115 15.197 -4.232 1.97638
0.207 16.732 -3.726 2.64969
1.211 11.900 -3.244 3.51724
5.861 3.676 -6.812 1.62407
0.805 7.976 -6.311 2.07446
0.674 6.798 -4.786 1.09806
0.000 9.180 -6.144 1.40169
0.076 14.474 -4.410 2.04550
3.496 15.411 -3.722 2.53110
0.485 13.573 -3.380 2.22751
1.756 14.604 -2.207 2.24366
6.344 12.968 -2.568 3.05644
3.711 4.824 -5.816 1.72211
0.008 10.942 -4.219 1.28233
0.280 13.945 -3.766 1.74425
4.966 13.448 -2.084 1.26272
0.093 10.643 -4.394 1.75642
0.000 13.466 -4.134 1.92026
0.000 14.117 -3.922 2.43759
0.001 15.524 -4.542 2.53183
0.247 13.699 -6.289 4.27133
0.198 10.702 -5.499 2.53792
0.409 11.324 -5.017 2.58600
0.616 10.352 -6.431 3.63771
0.330 10.956 -5.551 2.22490
0.121 8.742 -4.450 1.58785
0.138 9.823 -5.492 2.20729
3.660 6.871 -5.169 1.94643
0.109 12.835 -4.504 1.71336
2.435 13.759 -2.511 1.97611
0.073 12.073 -3.202 1.48849
2.410 13.852 -2.301 1.32040
1.830 14.544 0.140 1.14239
3.920 14.584 -0.499 1.35089
6.501 14.469 -1.646 3.09419
2.280 7.130 -4.081 1.53960
0.060 12.733 -2.056 1.89895
0.145 15.825 0.309 1.50846
0.000 17.069 -1.543 1.41613
0.000 18.778 -1.020 1.51759
0.539 17.828 0.276 2.50252
0.770 15.065 0.653 1.94415
0.071 17.837 0.934 3.03076
0.965 16.491 -3.406 2.93960
0.311 14.814 -4.076 3.77027
0.746 11.408 -0.906 2.12817
0.351 13.850 -1.331 1.17642
0.077 15.098 -0.858 1.32674
0.121 11.300 -1.214 1.67398
1.760 13.613 -0.576 2.00280
1.036 14.673 -1.339 2.95948
1.365 12.361 -1.584 1.80435
0.000 17.232 0.746 1.08580
0.356 15.399 0.205 1.76949
0.000 19.375 0.828 2.08096
5.616 17.489 2.562 1.31502
0.000 17.705 2.913 1.48799
0.040 18.333 -0.002 2.43784
0.587 18.965 0.320 2.31050
1.289 19.135 0.795 2.03827
0.000 19.159 0.800 2.18109
0.077 19.892 2.334 1.80028
6.345 21.088 3.246 1.06560
0.000 19.611 3.403 1.62296
0.032 21.915 4.343 1.05294
0.085 21.002 4.836 2.26556
0.781 17.292 2.907 1.74911
9.890 17.768 3.874 1.59215
0.900 18.485 4.111 2.40153
2.310 18.549 3.423 1.83406
0.630 18.820 3.009 2.45894
0.125 20.997 2.274 1.84554
0.005 19.835 3.082 1.69301
0.041 20.305 3.760 1.41635
0.000 21.226 3.770 2.61465
0.726 19.321 3.488 2.15123
0.000 19.218 4.860 2.18425
7.071 19.564 4.327 1.16772
0.000 21.733 4.497 1.55240
0.000 22.451 3.430 1.70039
1.116 22.333 5.892 1.64183
29.544 18.414 6.658 1.22832
8.363 14.743 5.353 1.16504
6.119 18.090 2.864 1.25473
0.015 20.791 5.447 1.72976
1.454 19.650 5.721 2.06230
6.608 19.558 5.148 1.46409
21.308 19.039 5.691 1.45910
6.765 19.627 4.396 1.22918
9.784 16.172 4.639 1.32190
7.364 19.130 5.836 1.46828
5.119 19.495 4.734 1.44787
0.868 18.869 4.888 1.52978
19.372 19.371 6.285 1.36428
1.174 20.033 6.719 1.00421
0.060 21.032 5.880 1.69408
0.044 21.799 6.086 1.29414
0.000 21.432 7.448 1.22670
0.000 20.752 5.750 1.90473
0.000 21.139 5.400 1.55940
0.000 22.180 5.492 1.50386
0.000 21.810 7.528 0.91992
6.031 19.166 6.748 1.01462
12.377 15.413 4.883 1.10127
5.219 14.297 1.565 1.08505
14.839 15.065 2.301 1.18585
10.669 10.834 2.771 0.94341
24.236 14.216 2.728 1.02759
20.440 13.038 2.109 0.95677
1.706 13.113 2.410 1.18447
2.214 16.350 1.974 0.96460
8.881 15.354 1.654 1.11561
8.390 12.586 3.171 1.47514
0.404 16.535 4.672 1.76749
7.556 15.181 4.587 1.23674
0.010 17.873 3.859 0.99934
3.816 16.860 2.094 1.51187
3.624 17.026 3.410 1.17797
2.925 17.552 4.668 1.05855
0.794 17.969 5.232 1.23243
0.000 18.686 3.432 1.37414
0.765 19.170 5.503 1.02660
13.382 18.160 4.860 1.22931
9.194 16.882 5.541 0.91531
3.989 16.036 1.694 1.22420
17.304 14.457 2.363 1.17481
6.092 13.324 1.123 1.22463
1.508 12.956 1.475 0.82636
1.296 14.451 1.640 1.09211
3.347 15.133 2.669 0.79459
0.073 16.788 3.852 0.82501
2.484 15.847 3.956 0.83506
0.094 16.586 3.614 0.92823
0.180 16.431 2.572 1.23573
0.000 16.274 3.485 1.20234
0.000 16.053 2.469 1.29092
1.282 15.755 2.378 1.32709
13.346 15.277 1.904 1.34814
0.551 15.730 2.338 1.06701
2.531 16.660 2.321 0.88501
0.270 15.790 2.169 1.33934
0.000 15.775 1.509 1.20979
0.000 16.871 1.513 1.07761
0.000 17.058 2.323 1.20819
11.171 14.135 2.268 0.94917
1.154 14.777 2.864 0.79541
0.056 16.034 2.003 1.01463
0.069 15.862 2.140 1.60692
0.000 16.485 1.302 1.35811
0.000 15.315 2.147 1.49985
0.225 16.255 1.817 1.66326
0.000 17.091 2.036 1.43955
2.207 16.831 1.390 1.43466
0.210 16.417 1.691 1.44422
2.501 15.407 1.592 1.40521
0.241 15.200 0.993 1.27651
0.000 16.130 1.571 1.52469
0.000 16.884 1.788 1.54693
0.000 17.417 1.632 1.69111
1.748 18.184 1.588 1.57857
5.786 15.943 3.000 1.18599
1.916 15.848 1.630 1.37626
0.367 14.398 0.721 2.02205
0.000 15.190 1.508 1.64535
0.000 16.388 -2.515 2.11883
0.148 16.811 -0.937 1.78099
0.000 17.059 1.308 1.72953
0.044 14.968 2.057 1.48685
5.669 10.544 0.327 1.61983
7.654 9.504 -2.049 1.16863
4.378 8.220 -1.275 1.18285
0.804 11.388 -0.455 1.93351
3.794 14.153 0.876 1.70299
0.077 15.466 1.112 2.08497
7.876 13.646 1.808 1.07469
0.779 10.980 1.910 0.96744
4.698 12.770 -0.506 0.94765
3.109 12.954 0.188 0.83691
0.367 13.999 0.329 1.33120
5.236 10.836 -0.702 0.69189
7.888 11.218 -2.072 1.42168
0.209 6.089 -5.104 1.68101
0.000 8.975 -4.572 1.29735
0.176 10.310 -4.032 1.08828
1.843 10.555 -3.766 1.68500
0.510 10.095 -3.222 1.02692
3.095 7.390 -4.465 1.14076
0.351 5.905 -4.776 1.17237
0.095 8.561 -4.731 1.21109
0.277 8.037 -4.436 1.21361
0.829 9.144 -4.446 0.78603
1.565 11.073 -4.241 1.58300
0.570 9.917 -3.825 1.30347
0.511 12.058 -3.786 1.21348
0.715 9.671 -4.406 1.89556
0.188 9.592 -5.398 2.70143
0.000 9.221 -5.228 2.07786
0.000 10.047 -5.557 2.40052
1.762 8.109 -7.971 2.17373
0.067 4.549 -7.753 1.01922
0.017 7.620 -5.274 1.26674
0.166 9.005 -5.499 1.51202
0.120 9.468 -6.101 1.76541
0.082 9.279 -6.559 2.15401
0.000 7.052 -6.703 2.45080
0.000 7.487 -6.912 1.67142
0.045 6.705 -6.924 1.94323
0.000 7.299 -6.406 1.65012
0.040 7.378 -6.166 1.87361
0.056 7.003 -6.088 2.32608
0.000 5.377 -6.122 2.08556
0.024 3.659 -7.081 1.50781
0.609 4.144 -7.072 1.09462
0.000 5.107 -5.877 1.02462
0.795 7.036 -5.648 1.07786
0.000 7.978 -5.631 1.94405
0.000 6.830 -6.086 1.79869
0.000 7.897 -5.919 1.54967
0.466 8.503 -5.844 1.43572
1.275 6.004 -3.153 1.05179
0.571 7.741 -2.927 2.67466
0.060 4.626 -6.122 2.89836
0.000 2.413 -7.694 1.70221
0.000 1.933 -9.342 0.99754
0.000 2.704 -10.032 1.56985
0.000 4.520 -10.825 1.78487
0.000 4.810 -11.007 2.12381
0.078 2.157 -9.224 2.26523
0.000 0.411 -12.125 1.18544
0.000 4.996 -12.298 1.63307
0.000 4.957 -10.048 1.58125
0.575 7.009 -7.904 1.64759
0.460 4.894 -6.624 1.75302
0.996 3.001 -8.340 1.72817
0.000 3.625 -9.374 1.33740
0.000 6.380 -9.966 1.54548
0.000 8.430 -9.923 1.72391
0.000 7.066 -9.154 1.80423
0.000 7.117 -9.419 2.38503
0.051 2.956 -11.399 1.75018
0.016 6.775 -11.796 1.39594
0.164 6.891 -11.906 2.04385
0.090 6.405 -12.128 2.09866
0.026 5.036 -12.511 2.35344
0.020 5.108 -12.700 2.15348
0.156 2.583 -12.524 1.22070
0.008 2.949 -12.970 1.59230
0.024 0.344 -14.101 2.46599
0.011 1.181 -14.110 1.26979
0.014 0.083 -13.261 1.39995
0.008 0.856 -13.003 1.29343
0.141 2.238 -11.454 1.54708
0.000 4.309 -11.599 1.35868
0.021 4.293 -12.139 1.43070
0.005 1.007 -12.383 1.67404
0.065 1.279 -11.131 1.46269
0.186 -0.213 -13.159 1.64771
0.044 -0.555 -13.465 1.39176
0.022 -0.122 -11.952 1.69887
0.000 -0.715 -14.278 1.65945
0.000 0.815 -14.732 1.79178
0.094 3.074 -14.828 1.61217
0.227 -2.878 -15.524 1.61428
0.000 0.117 -15.775 1.53024
0.000 -1.006 -15.570 1.72504
0.000 -2.593 -14.570 1.97321
0.000 -4.390 -15.454 1.33860
0.000 0.838 -16.209 1.85420
0.000 4.000 -16.252 2.28269
0.000 -0.058 -14.746 3.01370
0.000 -2.884 -14.797 1.81234
0.000 4.181 -15.309 1.67361
0.000 2.599 -15.407 2.48651
0.375 -2.219 -15.822 1.48554
0.000 -1.137 -15.469 1.69430
0.000 3.256 -15.939 2.21813
0.000 1.689 -16.094 2.50972
0.000 -0.582 -15.302 1.91250
0.000 2.258 -16.166 2.15635
0.000 1.215 -16.389 2.18586
0.000 1.085 -16.492 2.00018
0.000 0.993 -16.305 2.13598
0.019 -2.867 -16.233 1.62992
0.000 -1.774 -15.653 1.54679
0.000 2.231 -14.893 1.54129
0.000 3.753 -13.865 1.72128
0.000 6.980 -10.245 1.49340
0.000 8.584 -9.518 1.56381
0.000 8.709 -10.890 1.43613
0.000 6.885 -11.181 1.70515
0.000 3.598 -11.866 1.36636
0.466 0.639 -12.366 1.91674
0.236 -0.737 -15.247 2.35795
0.000 2.921 -15.453 2.36425
0.000 3.447 -14.693 2.27625
0.000 4.000 -13.676 2.26569
0.000 4.444 -13.871 2.32785
1.296 2.066 -13.606 2.89317
0.180 -1.181 -12.565 2.90761
0.086 -0.174 -14.753 2.09863
0.208 3.878 -14.852 2.29392
0.019 5.084 -12.683 1.85790
0.000 3.669 -12.568 2.49457
0.030 2.490 -12.845 2.33174
0.000 0.065 -12.948 2.14779
0.627 0.471 -14.432 1.77987
0.000 1.175 -14.467 1.76285
0.304 1.041 -13.458 2.27242
0.130 0.697 -14.796 2.65892
0.110 -0.957 -15.261 2.60385
0.000 -3.030 -16.055 1.69689
0.011 -2.136 -16.126 2.46545
0.100 -2.121 -15.846 2.56550
0.340 -3.238 -15.645 3.29534
0.089 -1.436 -16.414 2.37675
0.014 2.675 -16.466 1.93135
0.000 4.777 -13.708 1.57894
0.000 5.946 -12.251 1.28184
0.000 8.732 -9.433 2.25485
0.084 2.771 -10.103 4.45067
0.100 -0.320 -12.374 3.50209
0.000 -0.017 -14.144 1.96931
0.000 2.777 -14.116 2.57766
0.000 3.569 -13.780 2.52144
0.000 0.442 -11.073 2.35200
0.081 1.129 -11.566 2.36988
0.000 1.419 -13.567 2.28027
0.000 4.045 -13.452 2.13408
0.830 6.949 -10.919 2.18011
0.145 9.320 -8.491 2.10898
0.000 10.354 -5.626 2.50720
0.000 8.960 -6.902 5.13333
0.281 3.453 -9.965 4.43850
0.000 4.305 -11.280 3.91988
0.000 2.897 -13.690 4.58517
0.036 -0.571 -13.742 4.00378
0.037 0.301 -13.292 1.92219
0.000 4.492 -12.781 3.28472
0.352 1.452 -10.918 3.31009
0.294 2.993 -10.232 3.46954
0.227 1.471 -11.938 3.21823
0.144 3.742 -11.264 2.98674
0.012 7.200 -8.996 3.04138
0.001 6.021 -6.851 2.82940
0.000 4.516 -8.129 3.36232
0.081 4.532 -7.588 2.74733
0.000 3.806 -7.139 1.88236
0.090 4.766 -6.904 2.56554
0.161 1.301 -7.460 1.99843
0.108 3.520 -6.833 1.65775
0.000 4.513 -7.072 2.70063
0.290 8.136 -6.868 1.87358
0.000 8.514 -5.561 2.76301
0.008 5.747 -5.818 1.03578
0.082 7.439 -5.905 1.76852
0.000 8.469 -4.746 1.02529
0.176 8.646 -5.086 1.36593
0.069 10.580 -5.558 2.39276
0.161 6.338 -5.053 1.72927
0.519 8.073 -5.115 2.71335
0.055 8.187 -5.621 2.56940
0.002 9.994 -4.927 2.23146
0.000 10.221 -5.370 2.22028
0.000 12.446 -5.713 3.07871
0.000 10.851 -4.858 2.63688
0.062 12.164 -4.423 2.65675
0.219 9.664 -4.642 1.88069
0.070 9.831 -6.288 2.55914
0.043 11.086 -5.699 2.73972
0.299 9.720 -6.189 2.56569
0.169 8.636 -5.116 2.65779
0.449 7.172 -6.312 1.95074
0.390 10.486 -5.315 1.67861
0.018 13.184 -4.840 2.01301
0.728 12.935 -4.513 2.06914
0.352 14.072 -3.484 2.05559
0.000 8.625 -2.739 2.11741
0.003 16.108 -4.156 1.71958
0.434 15.645 -1.967 3.17978
0.390 10.416 -3.270 2.51528
0.395 9.372 -5.241 2.51983
0.696 11.102 -4.511 2.19890
0.010 11.728 -4.264 2.36474
0.345 17.543 -2.229 2.33131
0.061 19.190 -1.375 1.91154
0.876 17.078 -0.517 1.90523
4.927 14.251 -2.417 1.35981
6.456 10.454 -3.402 1.58247
0.140 11.860 -4.264 2.28598
1.079 13.771 -3.605 2.23828
1.122 11.192 -3.705 1.65952
0.590 13.209 -3.775 2.11717
0.052 14.445 -3.462 3.38879
0.506 7.617 -6.245 2.83145
0.191 11.995 -5.985 3.21791
0.000 10.829 -6.565 3.44826
0.127 9.633 -4.557 3.62481
0.844 7.401 -6.533 2.49799
0.218 10.041 -5.134 2.29872
0.031 11.919 -5.016 2.17887
0.000 14.433 -3.528 2.51579
0.127 15.488 -3.252 1.67908
0.000 17.645 -3.877 3.11357
0.443 17.140 -4.171 3.12557
0.000 17.198 -3.020 3.65225
0.000 16.423 -1.867 2.82501
0.000 16.479 -1.313 3.02244
0.825 17.131 0.422 3.47549
0.283 11.648 -1.890 2.38283
0.063 14.540 -1.295 1.66933
0.773 15.700 -0.891 2.59669
0.031 15.894 -2.009 1.77714
0.000 17.976 -0.969 2.30883
0.000 15.898 0.380 2.41735
0.219 19.649 0.933 1.85762
2.416 18.231 1.614 1.77109
0.329 18.890 -0.511 1.94844
0.000 19.050 -1.558 2.52903
0.045 19.187 2.428 1.26177
3.601 19.092 2.815 1.73494
2.226 18.112 2.225 1.22645
0.000 18.633 2.440 1.44293
0.000 18.426 3.813 2.73014
4.789 17.541 3.536 1.41060
9.979 13.215 0.392 1.58818
2.660 11.929 0.154 2.10682
15.971 14.084 2.520 1.17794
6.471 12.307 1.018 1.71767
5.188 16.727 2.021 1.44587
3.146 15.499 0.902 1.20113
0.199 16.161 1.252 1.78952
1.666 17.911 2.378 1.69425
0.798 12.710 1.571 1.42727
0.267 16.791 1.433 2.28728
0.951 16.904 1.647 2.19407
4.033 16.637 1.492 1.30832
2.359 16.729 3.308 1.27203
11.566 15.085 1.720 1.15745
8.090 16.529 2.464 1.74790
0.000 17.731 3.152 2.26970
9.141 18.575 4.266 1.12478
1.389 19.727 3.553 1.51754
0.079 20.792 3.305 1.86587
1.208 21.299 4.134 2.25487
1.743 20.805 4.653 1.62766
1.094 16.305 4.347 1.02620
5.222 18.481 3.254 1.35611
1.139 18.336 3.989 3.13709
1.166 15.477 2.925 1.62803
0.236 18.530 3.605 1.72062
0.515 19.246 4.616 1.75661
5.521 18.173 4.313 1.54497
13.415 17.831 3.447 1.38009
5.204 15.939 3.343 1.28557
0.000 15.880 3.644 1.26574
4.703 12.337 1.327 1.25197
7.274 12.435 2.268 1.56087
4.175 15.758 2.523 1.56614
0.535 15.831 1.407 1.84782
0.139 17.730 2.128 2.18052
0.000 18.713 2.865 1.60507
0.025 19.608 3.769 1.93949
0.000 18.542 3.455 1.56207
0.000 19.273 4.094 2.06013
12.751 19.253 5.235 1.40030
0.000 18.799 3.937 1.22823
0.000 18.825 4.870 1.23680
16.526 20.359 3.624 1.61954
11.772 13.022 3.540 1.34675
1.490 14.238 0.894 1.32963
0.000 15.962 2.661 1.30370
3.609 15.250 1.254 1.04464
0.000 15.710 1.749 0.93816
1.063 17.155 3.689 1.10269
0.294 16.126 4.919 1.24344
1.150 18.489 4.516 1.35292
6.094 19.236 5.455 1.08931
4.274 18.799 6.179 0.97507
0.798 19.318 4.291 1.31467
11.507 19.557 4.362 1.54538
5.102 19.985 5.443 1.42826
0.379 19.797 5.343 1.55208
0.710 19.221 6.774 1.03262
2.719 18.085 5.007 1.24820
0.000 19.358 4.989 1.36237
0.006 20.374 6.663 1.00126
0.908 19.782 6.824 1.14912
0.093 19.008 7.180 0.88228
3.621 18.799 7.231 1.10917
12.249 19.284 6.496 1.14384
9.114 18.655 6.544 1.40569
7.990 20.548 5.505 1.64874
4.298 20.952 5.105 1.51566
0.198 20.322 4.727 1.73674
0.840 20.239 5.257 1.51815
3.186 18.635 6.144 1.13114
23.623 17.327 3.794 1.29795
5.034 15.196 2.885 0.83987
8.099 15.379 3.778 1.13510
0.719 16.031 4.428 1.77535
0.896 18.172 4.136 1.53755
11.805 17.257 6.136 0.97131
7.961 15.595 4.473 1.18554
13.801 16.495 4.982 1.39293
1.001 15.439 4.033 1.37023
2.960 18.480 4.559 1.38288
8.924 18.993 6.243 0.92388
0.026 18.343 5.493 1.41804
0.211 19.752 5.718 1.18110
8.987 16.141 5.130 1.26695
1.639 17.743 4.166 1.09582
0.150 18.033 2.975 1.75151
7.462 15.839 2.839 1.16175
0.000 16.553 3.318 1.73895
8.776 15.095 3.665 1.59297
3.955 12.893 3.253 1.08663
6.596 12.744 2.921 1.29888
3.423 15.545 3.126 1.43786
7.541 13.334 2.414 1.13889
21.200 13.899 0.246 1.21493
2.532 11.891 0.679 0.74688
1.419 14.172 1.799 1.21569
11.156 13.533 2.622 1.56514
3.951 12.179 1.900 0.88922
0.000 14.887 2.180 0.99439
17.759 15.049 2.365 1.11449
0.136 13.945 1.520 1.22777
3.222 16.056 2.271 1.33488
2.194 15.689 3.461 1.08760
0.000 16.497 4.009 1.40813
0.000 16.276 3.064 1.00222
7.429 14.214 1.046 1.55044
0.032 11.567 -1.101 1.35531
2.157 13.696 -0.948 1.26428
0.000 14.920 -0.305 0.98065
0.116 14.099 -1.701 1.99017
0.000 14.906 -0.533 1.56065
0.039 14.978 0.700 1.40649
0.000 15.206 -0.242 1.49182
0.036 15.410 0.226 1.25280
0.000 15.432 0.377 1.61372
0.000 15.495 0.126 1.85062
0.000 15.619 -0.237 2.04841
0.000 14.930 0.268 1.92656
0.000 14.160 1.139 1.92269
0.611 10.868 -2.394 1.91489
2.420 9.994 -1.574 1.55218
0.002 8.594 -1.969 0.64028
0.230 10.819 -3.374 1.20161
0.183 14.224 -2.917 1.55492
0.026 14.008 -1.665 1.88332
1.099 15.223 -1.123 2.52706
0.000 14.366 -1.784 2.82683
0.045 14.940 -4.684 2.22563
0.030 15.986 -4.810 1.60341
0.000 15.021 -4.493 1.69957
0.219 14.456 -4.033 1.66207
0.000 14.976 -2.977 1.74225
0.000 14.852 -3.147 1.53771
0.000 13.421 -3.047 1.63601
0.995 10.409 -2.974 0.91789
0.390 10.371 -3.841 1.56814
0.820 10.395 -5.066 1.80030
0.000 11.201 -4.966 2.03757
0.092 9.471 -4.910 1.33600
0.515 9.801 -4.789 1.63955
0.909 6.309 -3.838 0.71632
1.093 8.231 -3.751 1.67474
0.219 10.284 -3.358 2.03970
0.562 7.770 -4.489 1.30446
0.000 7.415 -4.745 1.36242
0.000 6.104 -4.711 0.92266
4.050 6.414 -5.101 1.15128
0.000 6.387 -5.112 1.33782
0.000 9.172 -6.058 1.38114
0.117 6.933 -6.049 2.01621
0.000 7.878 -5.358 1.33114
0.000 9.367 -6.575 2.04287
0.000 8.322 -6.502 1.87132
0.000 8.518 -6.051 1.95439
0.000 8.426 -6.044 2.48142
0.000 8.195 -5.907 1.93216
0.000 8.191 -5.886 2.01329
0.000 5.579 -5.680 1.03258
0.000 5.284 -7.148 2.59319
0.000 3.693 -8.001 1.38683
0.000 7.780 -7.883 1.29584
0.000 8.028 -6.966 2.22876
0.006 6.127 -9.753 2.39508
0.000 3.767 -10.700 2.68411
0.000 5.912 -10.826 2.06688
0.000 6.737 -8.530 1.78239
0.000 7.944 -7.728 1.32247
0.000 5.134 -7.732 1.59827
0.000 7.046 -8.955 2.18229
0.000 7.284 -9.053 1.35243
0.000 9.668 -8.190 1.58461
0.013 7.552 -7.474 1.70183
0.001 2.564 -8.594 1.72258
0.000 3.177 -9.009 2.55678
0.000 -1.177 -11.182 1.14361
0.000 2.714 -11.501 1.62903
0.000 4.780 -11.499 1.68095
0.000 6.195 -10.336 2.02796
0.000 6.190 -10.614 1.72548
0.000 2.904 -11.542 2.82973
0.000 1.364 -11.712 2.34128
0.000 2.366 -11.175 1.36694
0.024 1.125 -10.743 1.25503
0.000 -0.713 -12.606 1.66043
0.198 1.600 -13.247 1.88126
0.045 -2.183 -12.301 1.81176
0.001 -1.147 -12.615 0.94723
0.000 1.318 -12.794 1.18986
0.000 1.439 -12.119 1.16571
0.000 4.895 -11.896 1.41052
0.000 7.184 -11.647 1.33525
0.000 8.831 -9.802 1.13512
0.000 7.279 -8.874 1.77881
0.007 5.560 -9.166 2.90455
0.000 4.506 -12.253 2.02020
0.000 1.734 -12.392 1.88182
0.026 2.249 -11.044 2.49155
0.000 1.477 -13.862 2.09135
0.000 2.317 -14.284 1.58686
0.000 2.868 -14.016 2.04790
0.000 0.661 -14.825 2.65732
0.000 -1.677 -15.130 1.83211
0.000 2.026 -15.118 1.84194
0.000 2.242 -14.882 2.72977
0.000 -1.312 -12.718 2.49609
0.049 -3.054 -14.515 2.30441
0.000 1.148 -15.527 2.13522
0.000 1.660 -15.726 1.95370
0.332 1.073 -15.956 2.10837
0.000 0.936 -16.178 2.40365
0.000 1.053 -15.492 2.00971
0.000 0.606 -16.397 2.19843
0.000 2.192 -16.566 1.84381
0.000 1.793 -16.416 2.68830
0.000 -0.478 -16.135 2.39550
0.000 -1.941 -16.313 2.28764
0.141 -2.675 -15.226 1.58007
0.000 -0.486 -15.247 1.60525
0.002 1.960 -14.314 1.87362
0.000 -0.396 -14.462 1.69222
0.000 0.291 -14.935 1.98963
0.000 -3.236 -14.688 2.54579
0.010 -2.416 -14.809 2.45338
0.000 2.490 -14.858 2.00197
0.184 2.883 -13.577 1.68812
0.041 1.955 -11.983 2.12123
0.007 -3.478 -14.800 2.21965
0.002 0.323 -15.147 2.13827
0.000 1.992 -14.824 2.21339
0.000 1.589 -14.045 2.00665
0.000 3.799 -13.635 2.12255
0.097 2.107 -13.661 3.37580
0.019 -1.644 -16.322 3.26300
0.001 -3.867 -17.596 1.76742
0.000 -4.706 -18.372 1.88773
0.014 -4.857 -18.529 2.05637
0.000 0.204 -17.348 2.47516
0.000 -0.273 -17.183 2.46765
0.000 0.628 -16.784 2.61225
0.000 0.695 -16.134 3.05925
0.000 1.116 -16.496 3.01429
0.000 -1.232 -17.059 2.92054
0.000 -1.814 -16.878 2.08882
0.000 -1.973 -17.066 2.17302
0.000 -3.893 -16.845 2.45646
0.080 -4.922 -17.913 2.28804
0.000 -0.265 -17.570 2.18925
0.000 3.833 -16.098 1.77247
0.030 5.415 -13.505 1.83214
0.011 4.515 -12.886 1.52570
0.216 -3.038 -14.115 1.66380
0.000 0.499 -14.178 1.10056
0.000 2.632 -14.348 2.32274
0.024 0.860 -14.411 2.33790
0.126 -1.452 -14.859 1.51939
0.000 0.699 -14.834 1.78614
0.085 3.557 -14.364 2.62750
0.000 -1.866 -14.901 2.72605
0.104 1.293 -14.607 2.32607
0.193 2.173 -13.007 2.29962
0.061 4.070 -11.646 2.41280
0.024 2.665 -9.975 1.60060
0.005 3.830 -10.073 2.30785
0.080 4.624 -9.623 2.24005
0.013 8.007 -8.606 2.29004
0.265 7.603 -7.355 2.07865
0.446 3.967 -6.121 2.79822
0.305 4.209 -9.622 2.94826
0.000 5.800 -9.246 3.17844
0.000 6.864 -8.764 2.46419
0.000 6.130 -7.659 2.34569
0.000 5.015 -7.359 2.25822
0.000 8.194 -7.041 2.09212
0.000 7.544 -5.564 3.99808
0.000 2.572 -6.503 3.77163
0.000 3.681 -7.912 1.37032
0.000 9.386 -7.394 1.59090
0.000 10.204 -6.028 2.76847
0.000 8.859 -5.287 2.63751
0.000 9.082 -5.123 1.93537
2.661 6.921 -4.545 1.51023
0.785 8.546 -4.422 1.37023
1.336 5.721 -5.783 1.17801
0.041 10.131 -4.731 1.45848
1.338 10.600 -4.276 1.06782
0.058 12.689 -4.881 1.93015
0.842 12.683 -5.632 2.76544
0.362 11.598 -5.298 2.72274
0.391 8.625 -4.445 3.33090
0.095 10.918 -4.666 2.75628
0.136 13.406 -5.596 3.47582
0.986 14.795 -4.894 3.01513
2.217 13.751 -6.968 3.02151
1.814 10.970 -4.813 3.26138
1.060 8.267 -5.111 2.96658
2.472 7.492 -5.039 2.95810
2.001 5.765 -7.655 2.90311
0.244 5.424 -6.894 3.31904
0.776 4.149 -6.136 1.84158
0.181 6.426 -6.636 1.42289
0.045 9.007 -5.236 1.52073
0.000 6.721 -5.940 1.72140
0.413 7.249 -5.632 1.62327
2.652 8.338 -4.861 1.37177
0.115 8.651 -4.323 2.03254
0.110 9.492 -5.272 2.29254
0.745 11.035 -5.372 2.48057
0.679 13.316 -4.694 2.28294
0.925 10.403 -5.254 2.32455
0.286 12.365 -5.201 1.56482
0.542 13.665 -3.864 2.26681
1.639 4.904 -5.171 1.60476
6.649 3.036 -4.690 1.47549
0.711 3.445 -3.887 2.00743
0.801 1.449 -6.722 1.37698
0.000 6.621 -5.106 2.07692
0.000 7.329 -4.004 1.00688
0.771 11.189 -4.125 1.48855
0.000 14.979 -2.687 1.49134
0.280 16.691 -2.796 1.74318
0.000 16.212 -3.586 2.52212
0.040 12.693 -3.292 2.03459
0.000 14.351 -4.580 2.76572
0.270 14.484 -1.860 2.54539
2.021 8.339 -3.497 1.03362
0.000 10.951 -4.380 1.88288
0.125 13.014 -4.262 1.93772
0.077 15.217 -3.689 2.29693
0.119 15.113 -3.601 1.97824
0.000 14.725 -4.366 2.29926
0.100 12.901 -6.037 3.75426
0.005 12.192 -5.702 3.79101
0.064 12.235 -5.767 2.75378
0.309 10.872 -4.769 3.66855
4.778 6.006 -5.705 1.95644
0.000 11.134 -2.900 2.53209
0.120 16.271 -2.716 2.21526
0.279 15.876 -2.318 2.09236
2.554 15.395 -0.558 2.21515
4.694 6.541 -1.856 0.94102
5.583 12.815 -2.125 1.96000
7.524 13.004 -1.410 2.81852
6.310 9.999 -0.726 1.27541
0.250 10.685 -2.219 1.29187
0.090 17.186 0.610 1.98899
1.042 17.271 -0.403 1.73997
7.895 8.107 -1.576 1.53866
1.621 9.923 -0.044 0.89923
0.129 15.795 0.585 1.27949
0.710 13.954 0.936 2.33265
0.580 14.226 0.406 1.61474
0.242 15.444 1.676 1.70659
1.465 13.987 -0.728 2.05201
0.000 16.125 -1.457 2.62516
0.000 16.715 -1.594 2.39416
0.000 16.438 -0.454 1.50964
0.000 17.334 0.459 2.33957
0.000 17.986 0.351 1.99637
0.000 18.020 1.999 2.14746
0.002 17.361 -0.426 2.44543
0.000 17.523 -0.357 2.21245
0.000 16.837 -0.619 2.75751
0.069 17.906 1.325 2.65294
0.000 16.530 1.859 2.30414
0.274 14.314 0.975 1.48776
0.686 16.011 -0.145 1.51422
3.251 14.718 1.367 1.20145
0.111 15.652 1.539 2.62888
0.358 18.657 1.268 2.16428
0.000 18.121 1.527 2.20028
0.000 19.045 2.588 2.44197
1.231 16.011 2.543 2.00342
1.793 16.069 2.927 2.00063
5.701 14.178 1.000 1.29563
0.000 16.512 1.988 1.76629
3.439 18.563 2.635 1.79388
4.740 13.568 1.069 1.42315
1.496 10.104 0.263 1.11083
10.778 12.903 0.791 1.00152
9.239 11.189 0.953 0.81585
7.874 10.074 0.825 0.86470
0.490 15.907 2.197 1.97820
2.948 14.106 2.257 1.61296
0.049 15.706 2.222 1.72165
0.374 18.073 2.494 1.62197
0.086 18.117 4.126 1.45579
0.116 18.246 4.799 1.25803
2.282 18.926 6.041 1.11657
11.018 18.776 6.305 1.03781
4.436 19.177 6.455 0.97243
21.392 17.514 4.685 1.52196
0.650 17.279 3.637 0.88391
8.038 17.150 4.394 1.28093
2.655 15.996 2.164 1.82905
0.036 17.819 3.483 1.32212
6.042 14.070 2.355 1.60106
2.550 15.391 2.450 1.66732
11.446 15.611 2.362 1.74033
1.479 12.314 0.776 1.28777
4.120 15.438 2.022 1.22237
6.722 9.871 1.613 1.57106
8.011 10.705 1.680 1.50818
19.592 13.033 1.504 1.40001
2.302 14.186 1.209 1.56262
0.442 15.490 1.513 1.91314
11.086 15.902 2.109 1.16666
4.216 14.414 1.843 1.43678
2.322 15.593 2.322 0.86128
0.000 15.430 3.458 0.70387
8.000 16.201 4.833 1.19956
9.889 11.805 2.503 1.46179
1.921 11.508 2.326 1.66422
3.657 15.242 3.345 1.53745
1.629 16.608 3.924 1.32640
0.121 17.073 4.366 1.03066
0.489 17.250 4.977 1.10158
4.994 16.685 4.042 1.28852
4.464 16.311 3.915 1.48805
19.715 16.851 4.837 1.34961
0.878 14.800 2.908 1.11843
0.069 16.698 4.272 0.93749
0.960 17.947 3.517 1.45005
5.824 17.163 4.714 1.08344
4.923 17.397 5.472 0.78782
0.139 16.877 3.877 1.36305
0.000 17.501 4.871 0.93175
0.000 17.752 3.240 1.39990
0.000 15.442 3.211 1.25685
0.049 16.686 2.851 1.48581
0.000 17.010 4.332 1.50039
0.000 17.216 5.047 1.50636
0.030 15.369 4.689 1.32811
0.000 16.616 4.096 1.25124
0.131 17.100 5.757 0.64831
4.071 17.464 4.968 1.24201
0.295 14.339 3.699 0.88265
5.330 16.340 3.994 1.01857
7.702 16.422 4.341 0.89191
8.772 16.155 4.213 1.08239
2.338 13.617 3.339 1.82297
0.976 15.694 4.059 1.44605
1.069 17.040 4.698 1.66791
0.417 15.202 2.675 1.44589
18.202 17.667 3.707 1.31532
12.399 18.910 5.364 1.00016
1.196 18.739 4.906 1.25912
6.229 17.944 4.309 1.02157
10.468 17.581 4.931 0.98327
3.086 18.556 4.858 1.44482
7.734 18.087 5.059 1.00786
11.433 18.740 4.823 1.38311
2.422 18.386 3.287 1.25340
4.901 18.016 3.584 1.45248
0.618 18.714 4.285 1.51309
0.004 19.432 4.188 1.29083
16.615 18.997 5.099 1.05079
2.034 18.784 5.468 1.19697
9.332 18.191 5.237 0.76350
3.478 17.764 1.436 1.36137
0.159 14.351 1.026 1.36895
0.060 13.389 0.741 0.98130
0.530 13.887 0.581 0.80262
3.790 14.691 1.486 1.00092
1.401 9.296 -4.129 1.52228
0.000 11.879 -2.179 1.84463
0.000 14.953 -1.713 1.21064
0.067 16.330 -0.193 0.98634
0.000 15.535 -0.515 1.58172
0.197 16.622 0.629 1.32551
0.034 15.716 0.816 1.93874
0.099 15.872 1.191 1.73189
3.397 15.507 1.918 1.29296
3.916 15.400 2.683 1.52888
0.388 15.276 1.185 1.43694
0.473 16.858 1.529 1.69551
0.577 15.352 1.357 1.60163
0.140 15.264 1.993 1.14310
0.034 16.429 2.095 1.06742
0.011 16.631 1.797 0.97252
0.027 16.794 1.232 1.59791
0.416 15.786 0.651 1.99816
0.801 15.118 0.695 1.24163
5.794 11.543 -0.050 1.09154
5.765 13.089 -1.548 1.40300
2.514 14.248 -2.086 1.80670
2.436 13.991 -2.150 2.04161
5.156 11.613 -1.641 1.71650
2.181 5.419 -4.128 1.26539
1.900 9.785 -3.710 0.87283
2.010 10.942 -1.758 1.76699
0.052 11.747 -2.101 1.78746
1.076 14.015 -2.372 1.36537
1.366 14.113 -3.458 1.79075
0.444 12.870 -3.721 1.74484
0.000 13.104 -3.454 1.76804
0.274 12.248 -3.165 1.71487
0.347 9.041 -3.573 2.55217
0.032 9.400 -4.593 2.19820
0.000 9.958 -4.672 1.34165
0.000 10.687 -4.561 1.14990
0.000 12.051 -5.274 1.19427
0.000 13.027 -5.647 1.76121
0.000 12.593 -6.264 2.08587
0.000 10.598 -6.558 2.31800
0.000 8.432 -6.327 1.84709
0.020 7.151 -5.824 1.44137
0.191 6.989 -6.648 1.27498
0.000 5.912 -7.242 1.92276
0.000 6.351 -7.233 1.93922
0.059 4.465 -7.131 2.03097
0.000 5.042 -7.652 1.95174
0.180 5.694 -7.520 1.61525
0.152 4.430 -6.862 1.03834
0.000 4.573 -7.328 1.59407
0.000 5.221 -7.648 1.41605
0.000 4.749 -7.739 1.65333
0.014 4.081 -6.753 1.12755
0.010 3.314 -6.655 0.89556
0.000 4.707 -7.823 1.13650
0.000 5.660 -7.778 1.46712
0.001 3.412 -7.837 1.32654
0.083 5.610 -7.985 1.25558
0.001 4.626 -7.739 1.55727
0.000 6.341 -9.533 2.17602
0.000 4.471 -10.417 2.30568
0.074 4.784 -10.565 1.79621
0.102 1.599 -6.739 1.32062
0.225 0.078 -9.124 1.20016
0.000 1.393 -10.356 1.80711
0.000 5.067 -10.085 1.60672
0.000 6.699 -9.384 1.77738
0.033 5.059 -6.939 2.49403
0.000 0.949 -10.151 1.35774
0.015 1.447 -10.858 1.25643
0.050 2.485 -11.450 1.41869
0.043 2.678 -11.301 1.26922
0.076 0.498 -11.061 1.79719
0.000 -0.213 -12.603 1.76700
0.000 2.869 -12.789 1.82416
0.000 2.353 -13.267 1.72162
0.085 2.478 -13.458 1.28733
0.000 -0.548 -12.027 0.86992
0.000 0.634 -13.048 1.48484
0.034 1.516 -14.762 2.48696
0.000 1.013 -14.939 1.81078
0.000 -0.005 -12.457 1.21559
0.000 3.721 -12.730 1.58164
0.000 6.189 -12.423 1.83305
0.266 4.490 -9.877 1.02018
0.000 3.089 -10.349 1.73111
0.000 3.524 -10.002 1.00822
0.000 4.073 -10.152 1.30784
0.000 3.731 -10.108 1.66758
0.000 3.618 -10.177 1.61583
0.000 5.787 -10.484 1.37890
0.006 3.836 -10.395 1.39643
0.002 4.515 -9.928 1.26129
0.283 1.674 -12.043 1.50529
0.315 2.197 -12.672 1.36790
0.005 0.387 -12.619 1.72184
0.000 3.716 -11.353 1.51712
0.000 4.996 -13.007 1.68649
0.163 2.618 -13.346 2.51145
0.000 -0.956 -13.480 2.08834
0.000 -0.953 -15.117 1.93612
0.000 0.755 -15.527 1.97334
0.000 0.300 -15.462 1.65302
0.000 1.839 -15.951 2.70519
0.008 -3.593 -16.488 3.38326
0.000 -7.774 -17.775 2.31022
0.000 1.997 -17.729 2.42022
0.000 5.412 -14.143 2.39305
0.000 6.948 -10.372 2.10543
0.000 7.809 -10.173 1.45685
0.000 8.945 -9.912 1.60552
0.000 8.846 -8.477 1.79608
0.664 7.095 -10.014 1.72748
0.000 3.015 -11.677 2.82155
0.000 3.622 -12.807 1.74969
0.000 4.355 -13.435 2.40056
0.000 -1.342 -15.844 2.52150
0.081 0.300 -16.124 1.88417
0.275 -0.038 -14.787 1.88317
0.015 -5.186 -16.887 1.81028
0.001 -5.047 -16.981 2.34513
0.000 -4.460 -17.447 2.02927
0.000 0.218 -17.580 2.20803
0.000 2.317 -15.564 1.74082
0.018 3.764 -15.807 1.93105
0.000 4.506 -14.406 2.18926
0.000 0.736 -15.056 2.52256
0.000 0.284 -15.165 2.92939
0.001 -1.669 -13.643 3.25133
0.000 -3.283 -16.809 3.59345
0.000 -5.201 -16.415 2.76078
0.000 0.603 -16.927 3.42614
0.000 -0.476 -17.020 3.03014
0.000 0.988 -15.426 2.89623
0.000 4.595 -15.321 2.21758
0.168 2.624 -13.848 1.90027
0.000 -0.040 -15.461 2.24875
0.000 1.908 -15.603 2.08572
0.000 1.939 -13.672 3.29164
0.000 3.762 -13.364 3.16447
0.000 5.380 -13.473 3.05118
0.000 4.211 -11.189 4.06438
0.000 1.923 -14.842 3.08122
0.000 0.661 -16.255 2.41129
0.000 0.869 -16.396 2.97493
0.000 -2.591 -16.084 3.61209
0.000 -3.008 -16.666 2.40694
0.049 0.234 -16.755 2.31198
0.000 1.858 -16.531 2.11063
0.406 0.252 -12.822 2.38741
0.000 2.286 -14.507 1.97592
0.000 3.841 -14.483 2.28476
0.212 1.843 -11.613 2.20062
0.046 0.794 -9.197 2.72155
0.049 -3.524 -14.091 2.35189
0.000 1.103 -14.080 3.92788
0.000 1.013 -9.638 4.63603
0.126 3.482 -9.575 3.86073
0.247 3.195 -8.946 3.98661
0.000 3.802 -7.658 3.50012
2.196 4.917 -6.913 3.73842
0.208 2.668 -10.478 2.96000
0.000 3.775 -10.425 3.28494
1.321 -0.107 -12.594 2.23045
0.000 4.813 -12.540 2.14818
0.081 4.408 -8.982 2.40160
1.179 3.865 -7.865 2.43885
0.025 2.939 -9.738 2.47495
0.215 2.256 -10.391 2.03710
0.045 6.023 -10.216 2.88294
1.503 2.079 -7.527 2.08179
0.188 4.618 -6.422 2.38800
0.115 3.530 -5.771 1.91951
2.660 0.916 -6.488 1.57569
1.952 2.833 -6.329 1.36499
0.190 2.302 -10.247 1.86251
0.430 5.318 -9.718 2.29357
0.839 6.817 -6.282 2.08988
1.740 5.237 -5.605 1.73901
0.002 6.516 -5.200 2.75564
0.550 5.380 -5.862 2.66928
0.000 6.480 -5.303 1.74238
0.155 10.320 -6.085 1.72465
0.000 10.053 -6.196 2.33254
0.248 10.137 -5.248 2.09502
0.126 11.241 -4.310 2.17426
0.620 8.113 -5.817 1.73032
0.700 11.120 -4.781 2.30357
0.515 3.511 -6.082 2.64190
0.914 2.654 -6.714 2.11474
0.036 7.828 -5.638 2.95027
0.794 4.285 -5.702 3.91942
0.003 4.848 -5.962 3.56847
0.523 2.637 -7.654 3.44103
0.310 3.404 -7.322 2.25695
0.000 6.785 -6.243 2.40229
0.225 4.373 -5.640 2.41300
0.228 5.601 -6.025 3.05041
0.243 7.874 -5.110 3.08273
0.225 7.558 -4.853 3.55856
0.057 4.831 -5.842 1.77097
0.099 6.552 -5.924 2.00934
1.249 6.211 -7.699 2.51485
0.824 5.617 -7.114 2.49893
0.024 8.636 -5.274 2.26406
0.000 11.922 -5.403 2.76719
0.901 10.516 -5.083 2.57777
4.641 7.871 -3.280 2.23708
0.659 11.522 -3.780 4.24637
0.101 10.337 -4.598 4.91959
0.223 8.733 -5.747 5.20069
0.446 4.481 -8.708 3.40260
0.392 7.692 -6.751 2.48616
0.000 9.507 -4.576 1.98980
0.000 10.152 -3.748 2.17129
0.000 11.971 -4.531 2.03998
0.425 10.951 -5.823 3.05269
1.891 8.895 -5.480 2.67401
0.550 7.001 -4.361 1.27452
0.178 9.968 -4.365 1.43703
0.341 9.199 -4.870 2.54158
0.089 10.611 -2.986 1.31536
0.214 10.283 -3.050 1.80779
0.720 13.764 -2.812 1.88001
0.921 8.462 -3.345 0.84915
1.256 11.233 -2.332 1.52281
2.110 9.961 -4.297 2.22393
0.281 12.716 -3.986 1.83765
0.287 12.561 -4.730 2.54273
0.000 12.878 -3.709 1.66003
0.082 13.262 -3.614 1.91466
0.007 12.461 -4.111 1.80071
0.086 14.047 -3.923 1.84296
1.990 14.103 -2.601 1.71150
1.479 12.905 -0.807 1.35198
1.279 10.224 -4.178 2.19379
0.090 13.763 -4.064 2.22682
0.095 11.892 -3.261 1.91174
0.125 15.807 -0.809 1.69904
0.410 14.263 -4.838 2.59544
0.000 12.855 -6.374 3.92395
0.000 14.575 -5.524 2.86011
0.000 12.930 -5.157 2.67832
0.032 14.083 -4.448 2.02875
0.031 9.846 -3.595 3.06653
0.658 12.841 -3.178 2.19361
0.430 10.930 -4.224 1.87248
2.030 12.849 -2.525 1.96496
0.084 11.330 -3.900 2.00070
0.113 11.920 -3.041 2.13104
0.387 12.642 -3.220 2.49477
0.351 15.483 -2.531 1.55474
0.216 17.291 -1.876 1.91297
0.066 15.026 0.867 1.93225
0.000 16.104 0.381 1.88779
0.001 18.028 -0.026 1.51324
0.000 19.143 0.892 2.18026
0.246 18.975 2.101 1.59809
0.031 19.566 2.577 1.83948
2.819 21.987 1.695 1.60619
0.000 20.962 3.525 1.73770
0.001 17.626 -0.542 2.88369
0.000 18.478 -1.898 3.17800
0.000 19.041 -1.764 2.29812
0.000 19.502 1.171 2.25679
0.000 18.292 1.461 1.09085
0.176 19.010 2.758 1.58657
0.000 18.961 0.820 2.38077
0.000 19.942 1.736 2.53802
0.014 21.351 2.178 1.86710
0.000 21.766 2.596 2.49946
0.000 20.637 4.136 1.93047
0.000 23.013 4.318 1.77617
1.154 21.967 4.833 1.19233
12.327 23.307 5.004 1.43218
0.654 21.815 5.482 1.18678
3.160 21.736 5.660 2.40414
6.758 19.797 4.740 1.84905
3.104 18.108 3.828 1.73412
0.000 19.310 5.316 1.66648
4.680 20.028 4.950 1.24303
4.387 18.156 4.826 1.46576
14.880 20.289 4.640 1.49844
1.926 20.097 4.687 1.54947
1.044 18.877 1.631 2.40640
1.620 12.554 1.127 1.46251
0.000 20.324 2.876 1.38176
4.487 22.333 4.725 1.45984
0.684 19.702 4.510 1.01460
0.201 20.819 2.946 1.69850
0.004 21.593 3.955 1.90232
0.000 22.221 4.423 1.90052
0.156 23.005 5.608 1.55120
0.414 22.335 5.192 1.81820
0.129 22.670 4.892 1.74604
0.016 23.458 5.394 1.71735
0.165 22.432 6.363 1.28274
3.233 22.515 6.934 1.04775
12.217 22.670 5.593 1.32922
15.124 19.761 3.888 1.70608
1.206 18.114 3.713 1.43099
3.928 18.126 3.463 1.26538
1.772 14.686 3.397 1.06806
1.346 16.091 3.673 1.09831
2.680 17.993 3.882 1.03990
1.943 19.549 3.854 1.51424
6.930 20.449 4.790 1.52416
0.765 18.800 4.433 1.51083
6.936 15.112 5.236 1.08273
17.013 17.738 2.086 1.58152
26.135 16.241 2.326 1.46882
8.297 17.215 3.625 0.66291
1.165 18.338 6.276 1.35386
4.049 16.502 4.899 1.27899
0.624 18.069 5.273 1.14334
0.191 18.487 4.326 1.67954
0.073 20.503 5.331 1.16249
0.036 19.812 6.851 1.00207
5.076 18.601 5.509 1.16811
1.014 18.944 5.018 1.40410
19.782 17.144 4.863 1.38255
5.027 19.091 6.471 1.24900
3.332 20.090 7.021 1.28470
7.479 15.162 4.730 1.10205
0.368 19.452 6.292 1.17364
11.727 17.613 4.702 1.51736
19.402 12.547 3.491 1.27425
7.717 18.016 5.067 1.15788
2.900 16.307 4.181 1.73387
6.401 17.373 4.286 1.55520
8.287 17.472 3.746 1.09711
15.525 18.780 5.927 0.84488
3.586 17.639 4.404 1.25464
2.049 18.146 5.748 1.13481
0.189 18.490 5.289 1.02081
0.000 18.347 5.765 0.95865
0.000 18.449 4.380 1.16837
3.009 18.513 5.909 0.85199
0.000 16.566 5.192 1.56212
0.386 16.347 4.050 1.64129
0.251 15.417 4.027 1.76221
0.464 17.803 2.897 1.84078
0.060 17.368 4.094 2.07861
12.071 14.805 3.995 1.34599
9.419 16.783 3.489 0.96898
8.104 16.285 4.078 1.51920
0.359 14.079 3.678 1.55923
0.613 16.285 3.996 1.84429
2.138 14.728 3.597 1.21914
1.580 17.207 5.147 0.73219
0.890 16.806 3.250 0.93492
4.173 16.787 3.815 1.22593
2.540 16.238 4.735 1.18456
2.661 16.536 5.499 1.05176
0.162 15.245 2.575 1.07367
0.746 15.438 2.899 1.81676
18.910 11.314 3.075 1.12728
2.490 14.027 0.911 1.39638
0.217 11.628 -0.606 0.86617
0.174 11.988 -0.957 1.77462
0.000 13.927 -0.244 1.24350
0.000 15.391 0.047 0.95969
0.000 15.518 0.833 1.32382
0.000 14.676 1.243 1.20882
0.000 15.291 0.078 1.13980
0.000 16.201 0.210 1.49733
0.000 15.960 -1.206 1.72397
0.000 16.573 -1.082 1.53694
0.000 16.784 -0.003 1.04780
0.003 16.722 1.533 1.59285
0.000 16.744 2.934 1.58985
4.236 17.082 3.299 1.66948
2.165 16.002 2.342 1.31362
0.042 17.876 3.528 1.10961
2.399 16.739 3.177 1.53250
4.015 15.001 2.084 1.41997
0.035 15.425 2.200 1.29101
0.670 17.515 1.648 1.81704
0.000 17.019 2.380 1.62020
0.000 17.374 0.992 1.88455
0.000 17.603 0.671 1.57848
0.000 17.402 1.327 1.51081
1.301 17.058 1.910 1.67745
1.649 15.433 1.913 1.79199
0.370 15.787 2.123 1.49744
1.433 13.573 0.928 1.26485
0.313 14.354 -1.217 1.92282
0.000 14.504 -0.992 2.04013
1.326 13.174 -1.036 0.92656
0.121 12.728 -1.660 1.63817
0.476 12.280 -3.664 1.69923
0.986 11.594 -4.023 1.40598
0.015 12.309 -5.057 2.14085
0.000 12.211 -5.175 2.09499
0.000 12.804 -4.837 2.01217
0.000 12.484 -4.407 2.31759
0.000 10.366 -3.304 2.12160
0.129 12.725 -3.550 2.22752
0.000 12.331 -4.167 1.45076
0.005 13.435 -4.100 1.74632
0.120 12.804 -3.245 2.08417
0.445 11.577 -2.333 2.11923
0.934 11.877 -2.368 2.15044
1.534 10.853 -1.893 2.03183
2.994 5.037 -2.550 1.09657
6.641 3.318 -6.306 1.22310
0.000 4.631 -7.379 1.26107
0.390 8.644 -7.344 1.78905
0.154 8.843 -5.741 2.42829
0.030 6.236 -5.451 2.55986
0.030 7.306 -5.670 1.57515
0.061 8.097 -5.545 1.19518
0.194 7.074 -5.587 2.73986
0.000 6.356 -6.971 2.91465
0.000 5.771 -6.872 2.90630
0.000 6.817 -6.278 2.64668
0.000 7.592 -6.764 2.51585
0.000 7.737 -6.805 2.78302
0.000 6.462 -7.604 2.41733
0.000 8.352 -7.749 2.18776
0.000 7.720 -7.831 2.09041
0.056 6.657 -7.874 1.69659
0.000 7.049 -8.228 1.96904
0.000 5.144 -8.058 1.67281
0.000 6.745 -7.855 1.70445
0.000 8.173 -7.944 1.81625
0.000 8.055 -6.114 1.67876
0.099 8.514 -6.333 1.57229
0.000 7.956 -6.612 2.38498
0.000 7.766 -6.535 2.81867
0.000 6.108 -6.984 2.74943
0.054 3.468 -8.063 2.41735
0.004 4.083 -9.033 1.67672
0.057 5.067 -9.177 1.53286
0.000 4.758 -8.282 1.87605
0.055 3.174 -8.095 1.89824
0.004 0.041 -10.270 1.54622
1.301 2.287 -10.450 1.67118
0.175 3.204 -10.664 1.39642
0.043 4.767 -11.677 1.64489
0.000 6.118 -11.796 1.84738
0.000 5.295 -11.391 1.86361
0.411 5.616 -11.844 2.48836
0.223 6.697 -12.005 2.21133
0.003 5.805 -12.036 2.23260
0.000 5.936 -11.862 2.24955
0.016 5.822 -11.328 1.57665
0.298 4.650 -11.533 2.94521
0.148 2.426 -10.774 1.46361
0.000 1.972 -12.044 1.42991
0.359 3.108 -13.838 1.37694
0.001 2.376 -14.563 2.14364
0.000 2.803 -14.775 2.30705
0.003 4.306 -13.968 2.56868
0.000 2.620 -13.986 2.38010
0.024 3.563 -12.650 1.55490
0.000 3.359 -12.566 1.48763
0.000 4.796 -11.981 1.47327
0.000 5.541 -12.206 1.57161
0.000 6.875 -10.454 1.42463
0.000 6.395 -10.926 2.00437
0.000 4.935 -12.644 2.00527
0.000 3.754 -13.032 2.23744
0.000 3.871 -13.188 1.76434
0.000 3.200 -12.839 2.27029
0.012 2.623 -12.509 1.90359
0.007 1.913 -11.665 2.54477
0.000 1.823 -13.998 2.13705
0.000 1.830 -14.310 1.91084
0.006 -4.769 -12.162 1.17845
0.000 -0.677 -13.067 1.40677
0.000 1.896 -14.449 1.82864
0.000 -1.761 -14.588 1.86304
0.000 3.474 -14.972 1.86850
0.000 6.224 -14.869 1.89574
0.000 7.572 -13.395 1.83407
0.000 8.236 -12.451 2.05981
0.000 7.070 -12.334 2.43376
0.000 6.315 -12.791 2.29714
0.000 7.415 -13.557 2.33598
0.000 7.118 -13.822 2.44208
0.000 6.426 -13.571 2.38899
0.000 5.998 -12.515 1.99115
0.000 3.886 -11.895 1.75047
0.001 3.971 -12.894 1.59997
0.000 4.598 -13.177 2.03161
0.000 3.603 -13.780 1.92939
0.001 -1.306 -15.151 2.27796
0.015 -1.490 -15.447 2.03090
0.000 1.890 -14.229 2.56427
0.000 5.360 -14.200 1.79597
0.000 6.595 -12.069 1.73298
0.000 4.053 -12.184 2.34450
0.000 6.543 -12.266 2.33228
0.000 8.061 -12.083 2.12049
0.000 8.819 -11.408 2.96075
0.000 5.045 -12.176 2.49550
0.000 5.118 -13.710 2.62191
0.000 2.226 -15.544 3.51142
0.000 0.116 -15.488 2.18107
0.000 1.750 -14.582 1.89745
0.005 -0.111 -15.545 2.30143
0.000 4.314 -15.392 2.25616
0.001 6.622 -13.567 2.18203
0.000 6.417 -10.207 1.78575
0.000 7.124 -8.891 1.32854
0.000 9.199 -8.765 1.99640
0.000 10.677 -8.190 1.78364
0.000 9.765 -7.078 2.30295
0.189 3.444 -9.123 3.50293
0.000 0.964 -10.405 1.92054
0.000 5.479 -10.478 1.51000
0.000 7.703 -9.762 1.84381
0.000 7.204 -9.952 1.95587
0.000 5.974 -10.190 2.27179
0.120 4.209 -10.266 2.36675
0.000 2.516 -10.458 1.20942
0.002 7.667 -10.558 2.02864
0.091 7.187 -8.427 2.09125
0.058 3.844 -6.603 2.97032
0.087 3.493 -7.463 3.62285
0.022 1.936 -7.478 4.88095
0.080 -0.052 -12.531 2.80264
0.100 2.758 -12.506 2.68698
0.390 4.678 -10.580 2.46725
0.000 7.859 -10.538 2.69398
0.256 6.083 -7.273 1.51562
2.391 5.631 -7.755 2.43501
2.178 5.659 -7.619 2.32511
0.398 6.858 -5.734 1.97067
0.011 8.026 -6.271 2.00447
0.054 9.593 -5.919 2.33999
1.873 5.121 -6.024 2.43209
0.000 5.966 -7.454 4.39029
0.778 2.796 -7.873 2.32225
0.000 3.442 -8.764 2.09800
0.016 4.091 -9.438 2.15698
0.027 6.139 -8.981 2.30218
0.000 5.299 -8.644 2.20231
0.378 1.999 -9.576 2.33407
0.770 4.248 -9.205 1.51999
0.000 6.474 -7.713 1.64825
0.000 10.039 -5.367 2.15375
0.090 10.944 -5.390 2.43041
0.947 9.578 -5.048 4.14512
0.057 3.634 -6.398 4.18808
0.673 3.027 -8.406 3.23592
0.056 4.513 -7.692 3.34194
0.025 7.354 -6.574 2.80349
0.355 6.045 -5.742 4.13270
0.000 6.800 -7.845 3.69255
0.476 5.802 -7.328 2.88591
0.010 4.735 -6.930 1.80067
0.773 6.131 -6.769 1.89849
0.041 7.778 -6.305 2.94873
0.901 5.381 -5.314 2.87111
0.645 2.517 -6.774 1.46020
0.000 7.064 -5.489 2.76984
2.891 6.805 -4.901 2.24706
1.347 7.856 -4.657 3.11821
0.401 3.936 -7.811 1.71742
0.963 6.244 -7.705 3.19634
0.000 6.402 -8.356 3.47737
0.024 5.818 -6.603 2.52196
0.000 7.444 -5.650 2.21386
0.032 10.468 -6.270 2.51139
0.422 8.942 -5.544 2.76417
0.516 7.583 -5.734 2.82586
0.295 7.038 -4.766 2.13629
0.297 2.841 -6.019 1.19975
0.368 3.907 -7.001 1.46716
0.055 4.973 -7.061 2.27923
0.471 8.437 -5.369 2.07624
0.036 10.668 -5.502 2.38275
0.427 13.142 -4.105 2.58289
2.106 13.755 -4.385 3.58032
0.356 11.821 -5.722 4.37300
1.466 10.787 -3.295 5.96566
0.710 7.901 -6.208 3.55001
1.281 8.366 -6.293 2.94146
0.648 9.156 -6.350 3.00965
1.106 10.857 -3.347 2.61871
1.072 7.517 -3.920 1.17806
0.905 10.388 -5.492 2.93913
0.000 10.095 -6.693 3.43908
0.176 8.565 -5.522 2.29406
0.106 10.486 -4.304 1.87032
0.053 12.033 -4.257 1.51061
0.915 10.497 -3.303 2.25951
3.274 8.675 -4.630 1.11728
0.777 10.980 -2.830 1.60077
1.559 8.316 -5.822 1.58896
0.209 8.420 -4.422 2.23132
0.000 11.623 -2.300 1.09815
0.000 13.952 -1.203 1.58379
0.000 15.474 -2.598 1.41115
0.580 16.857 -2.741 2.24224
0.006 15.552 -1.275 2.35613
0.104 13.974 -2.148 2.19520
3.044 10.259 -1.658 1.30128
3.750 11.027 -2.765 1.33937
0.435 14.432 -2.921 1.29408
0.000 16.793 -2.278 1.49836
0.759 18.185 -0.582 1.71133
0.426 14.765 -2.417 2.67930
0.161 16.909 0.254 2.73325
0.434 14.599 -1.920 2.90194
1.304 6.969 -3.801 1.79994
0.151 6.624 -2.415 1.33548
0.050 11.645 -3.168 1.67503
0.003 12.009 -3.154 1.77365
0.013 13.038 -1.905 1.66865
0.000 15.637 -2.466 1.78352
0.720 17.773 -2.406 2.92422
4.339 15.178 -1.228 1.87170
0.624 10.782 -2.205 1.70515
0.405 15.944 -0.823 1.53459
0.250 16.098 1.637 1.80842
0.095 12.614 -0.159 1.16989
0.000 19.379 2.422 1.20549
0.935 18.819 1.414 1.24953
2.766 17.501 1.388 2.63545
8.043 12.405 0.683 1.18698
10.100 12.541 -0.019 1.68295
2.414 12.304 0.951 1.20598
6.591 16.857 1.483 1.40113
1.936 17.330 2.271 1.77311
0.816 18.958 3.655 2.07491
0.000 18.438 2.672 1.79564
0.000 20.848 2.509 2.51651
0.015 21.623 3.974 2.04834
0.075 21.538 3.932 1.77735
0.000 20.055 3.831 1.75570
4.725 20.131 5.318 1.48736
4.656 18.490 2.693 1.78227
3.749 16.042 2.898 2.12163
5.789 17.832 3.358 2.19294
0.101 13.864 0.816 2.13380
0.000 18.838 0.773 1.90412
0.000 19.041 1.257 2.33366
0.000 18.661 0.307 2.52471
0.157 18.473 2.387 1.81400
0.120 18.295 1.719 1.83386
0.000 19.299 2.180 2.32797
0.000 20.280 3.393 2.26625
0.000 19.938 3.723 1.96000
0.970 20.270 3.227 2.14839
4.334 18.814 2.859 1.36931
1.809 16.963 3.523 1.30341
0.187 17.781 2.746 0.93627
0.370 20.362 2.606 1.52910
8.385 18.747 4.256 1.07265
6.011 15.749 4.775 1.56657
13.361 14.035 2.349 1.28548
6.489 19.886 3.784 1.98856
0.335 20.786 5.290 1.42734
0.000 22.393 5.739 1.86788
0.000 21.971 5.265 1.79438
9.827 22.897 7.380 1.32266
12.272 20.774 7.022 1.58929
3.286 20.858 7.391 1.48006
3.896 20.389 4.222 1.24636
6.042 19.682 4.100 1.26383
0.000 19.164 5.951 1.41481
3.497 21.081 5.908 1.10135
0.616 20.293 3.834 1.74516
5.943 20.513 6.066 1.25606
0.398 21.404 7.163 1.45823
12.011 21.129 7.112 1.51421
1.740 20.877 7.991 1.22885
0.043 21.589 7.208 1.31892
0.014 23.365 8.009 1.07196
6.853 24.085 8.914 1.29593
0.007 23.382 6.804 1.54661
0.001 21.986 7.088 1.56898
0.000 22.026 5.126 1.57949
0.000 21.200 7.763 1.33061
8.062 19.608 5.709 0.99126
0.000 17.604 5.011 1.27212
0.000 18.299 5.211 1.32566
0.000 15.279 2.782 1.19399
0.031 19.297 3.949 1.27028
0.000 21.379 5.072 1.19426
0.000 21.265 4.988 1.55191
0.000 21.540 5.268 1.41589
0.065 19.804 6.340 1.32186
17.320 17.612 4.291 1.05954
0.341 19.669 4.408 1.50897
0.000 18.700 2.868 1.37249
1.554 16.613 3.105 1.20991
3.020 18.341 3.489 1.17600
0.015 17.679 3.841 1.06359
1.210 18.954 3.575 1.11456
0.000 20.261 4.696 1.30690
0.000 21.265 4.864 1.41952
0.000 21.190 4.835 1.40791
0.115 21.731 5.043 1.47473
0.378 20.056 5.317 1.12327
0.800 19.213 5.076 1.42939
2.449 20.172 5.732 1.17395
0.496 20.066 5.340 1.45702
0.297 19.413 5.360 1.43866
0.071 20.376 5.039 1.36796
0.000 21.064 5.511 1.23598
3.061 20.981 4.326 1.11973
0.000 20.953 5.114 1.59152
0.001 20.206 6.313 1.36331
10.856 18.513 4.561 1.04562
0.790 20.522 5.046 1.22965
22.477 19.361 3.099 1.27166
2.676 19.401 4.776 1.11819
0.038 19.973 3.408 1.19814
0.347 19.957 4.933 1.88712
0.019 20.220 4.644 1.92437
0.000 21.169 4.171 1.78638
0.000 19.762 5.483 1.51325
0.000 20.583 4.914 1.30844
0.000 20.898 4.979 1.46603
0.030 21.665 4.280 1.34324
0.000 21.864 3.632 1.32364
1.060 20.959 5.286 0.94953
1.473 19.875 4.766 0.87925
0.000 19.981 5.251 0.96735
6.993 19.355 4.354 1.47718
7.516 18.649 3.527 1.13798
4.550 17.777 2.106 1.37292
21.395 13.331 1.054 1.50210
2.194 10.132 -0.186 1.05108
1.056 14.977 1.598 1.90384
4.478 10.359 1.717 1.79984
3.459 12.873 0.562 1.48089
0.714 11.855 0.914 0.97023
7.680 13.088 1.454 1.02870
0.891 15.376 0.746 1.56255
6.772 14.885 -0.334 1.36949
1.125 12.054 -1.264 1.53825
0.000 13.668 -1.540 1.15133
0.000 15.251 -0.372 0.97336
0.034 16.424 0.223 1.43208
0.000 14.576 -0.074 1.82748
0.155 16.658 0.243 1.87073
0.000 17.614 1.597 1.51067
0.000 16.797 -0.465 1.88323
0.000 17.115 0.614 1.85337
0.023 15.426 0.445 1.73204
0.000 17.063 -0.489 1.74489
1.149 15.056 0.409 0.70814
0.220 14.130 1.057 1.09492
4.881 15.274 0.932 0.84003
0.946 14.402 0.594 1.53127
0.195 13.553 0.541 1.38642
0.028 14.929 -0.480 2.28855
0.221 13.847 -2.907 2.56259
0.651 13.273 -2.832 1.85284
0.312 13.973 -5.067 1.71046
0.800 9.280 -4.342 0.91564
0.000 10.622 -4.312 1.11799
1.805 12.601 -2.936 1.10080
4.739 8.334 -2.318 0.98522
0.338 4.887 -2.606 0.70309
0.420 10.751 -3.270 1.33614
0.299 12.434 -4.089 1.59577
0.421 13.589 -3.812 1.63564
0.000 12.071 -3.364 1.08096
0.039 12.224 -4.009 2.11794
1.464 9.544 -4.103 1.22139
0.254 9.347 -3.382 1.27031
1.070 5.647 -2.770 0.91188
1.762 8.606 -4.189 1.38528
0.000 8.777 -5.181 1.96499
0.022 9.195 -5.722 2.11350
0.000 8.246 -5.979 1.71892
0.192 7.528 -5.925 0.90087
0.000 8.417 -6.505 1.59658
0.000 8.388 -6.509 1.69143
0.000 8.467 -6.341 1.91124
0.000 7.755 -5.733 1.22329
0.034 7.811 -5.157 1.49578
0.000 5.859 -5.106 1.37976
0.059 7.295 -5.292 1.34207
0.000 6.854 -4.907 1.26492
0.100 8.693 -4.504 1.03837
1.043 3.783 -3.569 0.87053
0.035 2.545 -5.842 1.17134
0.000 4.855 -6.327 0.96148
0.001 5.844 -6.368 1.15749
0.000 6.539 -5.604 1.23235
1.106 5.180 -3.986 1.12713
3.351 7.062 -3.190 0.78614
0.608 3.718 -5.335 1.44650
0.108 6.701 -5.598 1.54960
0.001 7.775 -5.900 1.24145
0.015 7.027 -6.922 1.97767
0.000 6.920 -7.125 1.83302
0.000 7.304 -7.510 1.97878
0.801 4.612 -9.427 1.78141
0.000 4.908 -9.548 1.30869
0.047 2.636 -8.285 1.56767
0.251 1.037 -10.428 1.47451
0.000 1.716 -10.663 1.67354
0.000 4.575 -10.369 1.69324
0.642 3.357 -9.133 2.85300
0.183 1.830 -9.647 2.79773
0.375 0.777 -9.319 3.48317
0.885 -1.266 -12.261 1.62784
0.060 2.310 -12.855 2.27148
0.000 3.052 -12.938 2.66404
0.000 6.655 -12.370 2.35203
0.000 6.255 -12.062 1.71756
0.000 5.205 -11.511 1.88483
0.000 5.530 -12.016 1.65157
0.000 6.541 -11.982 2.23555
0.004 9.367 -10.921 1.67468
0.000 9.855 -8.546 1.85396
0.000 7.930 -9.394 1.68360
0.000 5.600 -11.181 2.25964
0.000 4.589 -11.479 2.90791
0.000 3.773 -12.584 2.51456
0.082 2.978 -12.770 2.31314
0.000 3.263 -12.765 3.73699
0.030 -0.421 -12.962 2.92976
0.930 -1.551 -13.839 2.04253
0.030 3.104 -14.212 2.05572
0.000 0.483 -14.280 2.42967
0.000 3.558 -14.762 1.67998
0.017 4.583 -14.176 1.88370
0.028 2.585 -12.116 1.37557
0.000 -0.108 -13.039 1.39849
0.000 -0.524 -13.870 1.38381
0.024 2.986 -14.053 1.36379
0.000 2.738 -13.356 1.57836
0.342 0.073 -13.164 1.63634
0.000 2.056 -13.673 1.51710
0.000 4.149 -13.746 1.70635
0.000 4.032 -11.011 1.21347
0.125 2.018 -11.134 1.36187
0.181 -1.897 -13.971 1.57259
0.005 0.233 -14.275 1.54079
0.000 0.848 -13.635 2.03190
0.000 3.432 -13.980 2.22776
0.000 3.903 -13.808 2.29670
0.000 3.963 -13.978 2.29589
0.000 8.442 -13.825 1.90823
0.000 10.836 -11.067 1.99569
0.000 10.982 -10.298 1.73783
0.000 8.895 -10.573 2.60597
0.000 3.876 -13.414 2.91002
0.000 -0.301 -14.512 2.20942
0.000 2.497 -14.787 1.92509
0.036 4.762 -13.865 2.15761
0.000 2.627 -15.288 2.37242
0.000 2.391 -16.021 3.26101
0.000 -1.801 -18.055 3.51403
0.000 -3.654 -18.106 3.01020
0.000 -4.396 -17.808 2.38066
0.000 -4.177 -16.880 1.95205
0.000 -4.280 -16.552 1.69192
0.000 -3.043 -17.221 2.37273
0.000 1.671 -17.434 2.18690
0.000 1.867 -15.975 2.01012
0.000 2.472 -15.882 2.65600
0.182 -1.787 -14.865 1.81368
0.000 -0.219 -15.228 1.58692
0.000 2.650 -14.903 2.09004
0.000 4.566 -13.774 2.00805
0.000 -1.139 -12.835 1.68001
0.000 0.159 -12.220 1.24850
0.000 1.520 -12.073 1.48136
0.110 2.454 -11.636 1.56485
0.000 3.258 -10.800 1.43627
0.149 -0.358 -9.156 0.78681
0.000 -1.546 -11.687 1.16047
0.000 -0.678 -13.881 1.41811
0.000 1.338 -14.120 1.55372
0.000 3.568 -13.634 2.04156
0.000 0.877 -12.649 1.72106
0.000 0.787 -12.991 1.66657
0.004 0.220 -12.952 1.73190
0.000 -0.318 -12.788 1.68822
0.189 0.223 -13.846 1.86227
0.000 3.392 -13.879 1.53581
0.000 6.025 -12.484 1.81093
0.000 3.221 -12.040 2.76453
0.000 0.059 -12.332 2.19583
0.000 1.812 -12.351 2.44322
0.000 -0.122 -17.280 3.47340
0.003 -2.214 -17.321 2.34956
0.000 -2.389 -16.279 2.00619
0.000 -1.627 -16.252 2.34406
0.019 -2.571 -15.250 1.89980
0.016 1.092 -15.261 2.23533
0.000 2.220 -13.592 2.10125
0.000 5.176 -12.358 2.51799
0.000 6.517 -12.106 1.79815
0.285 5.323 -9.744 2.11638
0.139 3.935 -10.226 2.31566
1.297 2.350 -11.090 3.09460
0.000 0.965 -12.470 2.26064
0.000 5.392 -12.379 1.55633
0.000 5.443 -9.611 2.20753
0.067 3.907 -7.952 4.02488
0.000 2.033 -10.742 2.48176
0.000 6.276 -10.546 2.39717
0.202 7.926 -8.640 2.84260
0.066 6.907 -7.597 3.30083
0.000 3.608 -9.489 3.62367
0.491 6.306 -9.153 2.47870
0.000 7.360 -7.921 2.24550
0.000 7.641 -7.704 3.32012
0.019 6.163 -7.898 3.44121
0.093 7.266 -7.508 1.84419
0.000 9.472 -6.628 2.86883
0.000 9.726 -6.346 4.17724
0.138 5.593 -8.633 5.94302
0.000 1.844 -10.953 4.52653
0.435 -0.489 -11.807 2.17430
0.081 4.361 -10.221 2.64922
0.004 8.426 -6.711 2.28057
0.000 12.194 -5.951 2.57235
0.004 9.979 -6.071 2.88608
0.000 9.178 -5.934 2.48071
0.000 9.536 -5.739 2.24267
0.039 10.573 -5.720 2.78928
0.101 12.873 -5.742 3.53482
1.303 9.390 -5.009 1.89407
0.964 6.010 -5.051 1.59581
0.000 10.711 -4.258 1.87901
0.000 14.296 -4.843 1.83166
0.056 15.306 -4.098 1.76004
0.000 16.564 -4.143 2.12297
0.000 16.864 -3.614 2.24931
1.066 14.776 -2.882 2.77696
0.505 8.066 -4.385 2.26951
0.846 12.401 -4.908 2.11581
0.410 12.000 -5.840 2.55791
0.414 9.968 -5.253 2.47379
0.528 8.741 -4.256 1.59296
0.314 5.864 -4.177 2.24095
1.433 8.006 -3.801 1.76735
5.233 3.904 -6.210 1.85769
1.716 2.309 -4.686 0.94634
0.785 5.337 -5.927 1.58795
1.619 7.489 -4.641 1.98514
0.243 10.237 -3.888 2.27918
0.000 12.678 -3.223 1.99161
1.917 15.219 -5.637 2.38814
0.000 10.660 -3.262 2.28064
0.000 13.821 -4.137 1.17616
0.000 15.616 -4.070 1.21027
0.006 17.190 -2.403 2.40128
0.575 13.318 -1.876 2.26686
1.064 7.724 -2.295 2.11178
3.215 8.768 -3.258 1.50317
1.892 8.031 -4.049 1.31151
1.653 7.284 -3.626 2.66699
1.732 8.566 -3.434 1.93442
0.577 4.038 -5.063 1.67395
0.074 8.537 -5.628 2.60931
0.980 10.123 -3.102 2.30193
0.004 13.150 -2.379 1.12723
2.616 14.152 -2.515 1.12873
0.151 15.596 -4.418 1.02701
2.121 9.951 -5.966 2.18093
0.021 11.274 -2.725 1.94009
0.010 16.097 -2.633 1.36522
0.209 18.315 -1.580 1.90501
0.000 18.124 -3.379 2.49219
0.000 18.111 -0.570 1.56802
0.017 18.385 -0.749 2.43450
1.444 17.657 1.014 2.70033
2.094 11.362 -2.204 2.25651
2.260 9.906 -0.578 1.66980
3.129 12.566 -0.086 2.33341
8.374 10.444 0.067 1.72807
24.201 5.728 -2.192 1.29638
6.496 5.592 -2.841 0.78741
0.059 10.423 -2.719 1.39447
0.141 12.891 -1.192 1.52473
1.171 17.693 1.494 1.18553
4.153 17.386 0.475 1.84658
1.154 19.989 1.323 2.57685
0.000 20.934 2.566 2.54312
0.354 18.514 2.743 1.66428
0.000 20.075 -0.218 2.44367
0.020 18.749 -0.336 2.78351
0.000 19.382 0.241 2.08584
0.030 19.000 0.941 1.39521
0.000 18.735 1.741 2.14081
0.000 18.081 1.083 1.88070
0.000 20.053 1.205 2.13545
0.000 19.240 -0.164 2.43149
1.134 17.642 0.591 1.51506
0.055 18.573 0.247 2.59981
3.770 14.918 0.788 1.07583
0.451 17.863 0.340 1.72300
0.061 18.025 1.470 1.55950
0.207 19.213 2.274 1.96153
1.212 15.972 1.596 2.11616
3.291 14.170 1.844 1.52051
1.109 19.326 3.471 1.52824
3.100 11.867 0.272 1.72515
1.701 16.530 -1.141 1.82490
0.000 15.909 0.573 1.81660
0.022 18.405 1.737 1.38028
7.265 15.422 1.200 1.72784
1.854 15.020 0.842 2.32994
0.762 17.221 1.575 2.68142
0.020 19.697 1.949 2.64101
0.029 21.769 2.719 2.43708
0.000 20.940 1.277 2.62266
0.000 20.435 2.875 2.57948
0.065 20.093 3.146 2.79913
6.361 18.884 4.445 1.45453
2.710 16.078 2.807 1.18786
1.202 12.888 0.049 1.35544
0.509 15.954 0.249 1.83888
0.000 18.365 1.708 1.60866
0.327 20.634 3.539 1.28880
0.437 17.266 2.104 1.16089
1.470 21.460 3.798 1.17043
0.661 23.038 6.382 1.65185
5.903 23.039 4.894 2.11331
0.039 21.416 5.415 1.90651
0.055 24.099 4.814 1.95361
0.000 23.222 5.674 1.99105
2.250 23.107 7.092 1.34642
0.000 21.840 3.710 1.95350
1.754 22.744 5.417 2.11677
5.514 21.296 6.408 1.52920
0.451 21.816 7.072 1.12520
12.661 18.112 4.857 1.37339
8.877 17.796 5.552 1.37805
0.000 19.858 4.311 1.55954
0.000 19.894 4.429 1.08803
10.870 15.174 3.313 1.73513
0.136 18.852 4.368 2.07110
1.079 20.732 4.295 1.78998
11.855 21.242 4.573 1.41535
6.263 21.578 5.642 1.46586
6.330 21.312 4.714 1.47056
8.787 18.947 4.233 1.47049
6.864 16.944 3.137 1.18543
4.108 15.676 2.555 1.12713
5.244 16.215 2.776 1.09017
10.757 14.237 3.262 0.78117
0.000 14.515 1.145 1.27647
0.000 17.447 3.320 1.39308
10.606 16.382 2.258 1.63098
4.176 15.682 3.236 0.99189
1.574 17.532 3.211 1.02259
4.739 16.631 3.812 1.65882
6.665 14.402 1.229 1.35204
0.000 15.594 1.446 1.54058
0.081 17.103 2.445 1.24759
0.000 19.107 4.664 1.28669
0.628 18.948 5.628 1.33869
0.364 19.255 5.713 1.51289
2.707 17.751 6.377 0.75958
10.911 19.814 5.024 1.42200
0.173 20.456 5.863 1.62031
0.000 20.524 6.999 1.19753
14.189 19.721 3.016 1.42506
15.894 17.337 4.137 1.52177
0.646 17.781 2.799 1.18287
0.000 18.594 4.031 0.96642
1.456 19.275 5.465 1.57350
18.242 14.404 3.737 1.62783
1.912 18.656 5.069 1.83225
0.125 18.540 4.821 1.68547
1.789 17.109 4.101 1.50655
0.323 17.751 4.270 1.24227
6.676 16.267 4.731 0.76862
1.680 16.966 4.702 1.14857
1.292 14.060 4.013 1.19786
1.391 16.917 4.866 1.13190
0.029 17.925 2.198 1.23290
0.455 14.010 2.424 0.97018
0.074 16.968 5.101 1.39925
2.149 15.858 4.485 1.38540
3.436 17.490 3.858 1.42765
0.510 18.258 3.158 1.45406
15.546 18.565 4.770 1.39897
3.789 17.812 2.698 0.85228
6.979 18.538 2.640 1.58092
12.118 14.662 2.700 1.94264
0.571 14.569 2.233 1.15306
4.446 9.543 0.312 1.60165
5.622 9.743 0.431 1.93484
1.769 14.014 0.764 2.23795
1.361 16.607 2.728 2.33122
0.698 14.878 2.539 1.73319
3.106 15.681 3.385 1.18807
7.025 15.868 4.030 1.40223
0.836 16.279 3.679 1.58098
2.666 14.816 2.834 0.99681
9.367 10.606 -1.172 1.49194
0.000 14.542 0.118 0.91054
0.745 12.429 1.724 1.65681
0.318 14.658 -3.568 1.50035
0.000 11.472 -2.768 1.60849
0.000 13.413 -1.995 1.00208
0.409 14.300 -0.530 0.60060
0.020 12.392 -0.167 1.00231
1.362 13.701 -0.876 1.15177
0.119 14.062 -1.202 1.04677
0.000 14.494 -0.470 0.89967
0.022 14.752 -0.414 1.22334
0.000 15.826 -0.002 1.62785
0.000 16.807 -0.089 1.53288
0.000 16.521 0.331 1.70816
0.000 16.862 1.150 1.69781
0.000 16.457 0.833 1.26483
0.000 16.790 1.045 1.19455
0.215 16.567 1.445 1.43359
0.000 16.366 1.932 1.58151
0.067 17.081 1.960 1.41559
0.000 17.176 1.936 1.44125
0.000 18.085 2.140 1.51002
0.000 17.790 0.641 1.52702
0.000 16.975 1.115 1.75673
0.000 16.283 1.380 1.84963
0.000 16.783 0.044 2.02795
0.047 16.315 -0.306 1.79517
0.000 16.138 -0.843 1.97873
0.000 15.926 -3.372 2.10372
0.000 14.808 -2.985 2.14973
0.000 12.031 -1.704 1.67482
0.426 12.644 -1.368 1.59359
2.058 8.605 -2.365 1.41486
0.000 12.454 -2.097 2.16731
0.000 12.645 -3.129 2.13332
0.000 10.023 -5.032 2.77767
0.154 8.960 -5.409 2.42359
0.050 8.153 -5.828 1.98128
0.004 8.314 -5.728 1.82554
0.139 5.556 -5.858 0.99966
0.000 9.097 -5.753 1.48829
0.000 12.055 -5.210 1.79513
0.000 13.478 -5.011 1.41392
0.000 15.613 -5.009 1.85396
0.000 13.787 -5.006 2.35988
0.000 12.709 -5.750 1.86750
0.000 11.904 -5.752 2.39729
1.744 9.352 -4.624 0.86413
2.976 6.426 -4.925 1.18726
3.156 4.468 -5.126 1.16814
0.000 6.262 -6.057 1.49708
0.040 6.802 -6.065 1.56728
2.722 5.014 -5.264 1.13862
2.190 2.275 -5.553 1.17090
0.205 2.093 -7.285 0.94649
0.000 4.976 -7.326 1.14443
1.914 5.285 -5.874 2.12019
0.000 5.385 -5.830 2.25131
0.271 4.863 -7.286 2.09862
0.000 5.727 -8.896 1.67173
0.000 5.419 -9.887 1.87821
0.041 5.399 -10.081 2.25991
1.021 3.490 -5.854 1.65013
0.926 3.343 -7.803 1.40039
0.172 6.671 -7.929 1.58229
0.000 7.382 -6.959 1.44965
0.000 8.831 -7.138 1.61605
0.000 7.406 -8.418 2.13368
0.000 4.410 -9.513 1.64541
0.110 2.381 -10.062 1.51071
0.033 2.071 -9.621 1.05373
0.036 2.596 -10.168 1.21945
0.584 3.266 -9.838 0.97768
0.939 0.062 -8.992 1.12791
0.270 2.856 -9.430 1.74270
0.046 3.616 -9.434 1.65524
0.000 4.345 -10.553 1.50497
0.000 5.483 -10.805 1.98419
0.000 2.820 -9.925 1.54950
0.000 4.987 -10.078 1.84975
0.000 3.156 -12.519 2.40666
0.000 -1.869 -12.609 1.67895
0.074 -2.189 -15.653 1.96528
0.000 1.646 -16.076 1.47222
0.000 3.846 -13.942 1.83184
0.000 1.842 -14.613 2.46822
0.000 -0.619 -15.100 1.89408
0.000 1.947 -15.365 2.91151
0.000 0.461 -15.188 2.44544
0.000 2.291 -14.983 1.90819
0.000 3.646 -14.138 2.02252
0.000 5.407 -13.862 2.13046
0.000 3.152 -14.258 3.05066
0.000 2.302 -14.758 2.82262
0.000 1.792 -15.195 2.55604
0.000 1.313 -15.140 1.87380
0.036 4.384 -13.070 2.32541
0.011 4.605 -12.540 1.81070
0.014 3.482 -9.989 1.91918
0.026 1.037 -12.083 1.61979
0.000 1.892 -11.812 1.65794
0.011 5.596 -12.476 2.14757
0.000 7.723 -12.553 1.79016
0.000 9.784 -12.629 1.83890
0.000 9.965 -11.261 1.69255
0.000 9.612 -10.699 1.74816
0.045 8.989 -11.008 1.51837
0.000 9.102 -10.457 1.54832
0.041 7.852 -11.685 1.66774
0.000 7.865 -12.494 1.88269
0.034 6.425 -12.665 2.32962
0.187 4.657 -12.090 2.67300
0.000 1.991 -14.602 1.81998
0.281 1.144 -14.830 2.56592
0.000 2.714 -15.430 2.16227
0.292 3.731 -15.555 2.19298
0.301 3.111 -12.520 1.47273
0.010 6.092 -12.849 2.00288
0.164 5.926 -13.384 2.34774
0.000 2.740 -15.019 2.71355
0.079 0.341 -15.069 2.61443
0.000 2.009 -15.000 1.96120
0.719 2.022 -14.567 2.22980
0.201 2.760 -14.549 1.91015
0.079 -0.274 -13.231 2.00334
0.357 5.859 -13.603 2.40156
0.000 5.523 -12.907 2.94767
0.072 0.091 -12.620 3.65213
0.034 0.733 -11.261 4.55505
0.000 -0.695 -12.611 5.23555
0.000 0.255 -15.558 4.28992
0.000 -1.158 -15.660 4.18972
0.065 -0.732 -11.887 4.28333
0.076 -0.685 -12.532 3.90820
0.031 -0.515 -12.643 3.97429
0.000 0.534 -16.810 4.42223
0.000 -5.772 -17.997 2.21838
0.000 -4.278 -18.139 3.26495
0.000 -4.697 -17.294 3.45989
0.031 -4.826 -18.469 3.87846
0.000 -6.774 -18.776 2.31987
0.000 -3.450 -18.666 2.32834
0.000 -1.301 -18.695 2.07918
0.000 0.129 -17.797 2.52884
0.000 2.380 -17.360 2.54423
0.000 4.774 -16.164 2.32154
0.000 5.735 -14.036 2.24195
0.225 5.531 -12.607 2.86513
0.442 4.651 -10.793 5.18232
0.000 3.075 -13.008 4.75409
0.000 4.679 -14.436 3.55414
0.000 2.176 -15.748 3.80543
0.000 -1.263 -15.787 3.21640
0.000 -2.733 -16.419 1.64980
0.000 0.806 -16.485 2.01288
0.272 1.129 -13.572 1.88945
0.000 0.489 -12.548 1.55919
0.000 -0.227 -12.723 2.72777
0.009 -1.691 -13.223 2.88058
0.000 -2.195 -13.174 1.78059
0.000 -0.427 -13.027 1.59988
0.145 4.602 -12.901 1.56233
0.000 5.449 -12.865 2.24359
0.000 6.113 -11.275 2.13886
0.000 4.888 -9.896 3.37529
0.000 2.152 -12.406 4.20270
0.035 1.170 -13.331 3.00973
0.098 -5.665 -16.273 2.55499
0.000 3.806 -16.178 1.77658
0.024 1.784 -9.952 1.84282
0.000 3.167 -9.607 1.53040
0.000 2.683 -9.231 1.91689
0.000 2.448 -11.970 2.54984
0.498 2.645 -11.689 2.12771
0.921 3.526 -10.097 1.41710
0.000 3.301 -9.566 2.05293
0.000 0.409 -9.393 1.44325
0.054 4.236 -8.788 1.24707
0.000 7.308 -6.499 1.66918
0.000 10.495 -5.585 2.62487
0.850 8.182 -4.125 1.81744
0.144 5.644 -4.937 1.25275
0.970 7.374 -4.937 2.16355
0.039 5.081 -6.871 3.50517
1.835 4.281 -7.800 1.74271
0.000 5.980 -7.201 1.43788
0.488 4.492 -6.542 2.00494
0.001 4.794 -6.555 2.95670
0.805 3.838 -5.537 2.44349
3.355 2.246 -5.916 2.13569
0.000 -0.358 -7.804 1.31079
0.046 0.883 -7.572 1.54834
2.024 5.127 -6.386 2.63896
0.000 1.979 -5.735 1.48454
0.722 5.579 -4.915 2.66025
3.313 5.689 -6.645 3.03316
0.499 6.493 -7.378 3.34973
1.660 6.426 -6.457 3.94387
0.485 4.143 -6.176 4.07775
0.602 4.524 -7.436 2.99304
0.315 7.298 -6.029 2.97140
0.000 5.818 -6.703 3.65612
0.118 5.391 -6.504 2.98664
0.071 7.211 -6.334 2.39489
0.000 8.479 -6.042 2.64892
0.000 11.025 -5.873 2.29806
0.505 7.505 -5.878 3.20220
0.000 11.438 -4.087 1.97068
0.000 13.855 -4.832 2.26958
0.000 11.454 -4.300 2.14131
2.098 13.828 -4.598 2.28708
0.235 12.344 -4.926 3.22034
0.070 9.968 -3.615 3.40108
0.592 8.957 -3.591 3.02811
2.104 10.229 -4.476 1.48560
0.097 12.823 -4.543 2.23970
0.149 12.626 -3.458 2.55625
2.140 7.686 -4.342 2.27547
0.191 10.671 -4.149 1.90948
1.182 14.289 -3.822 2.29246
0.335 9.727 -4.600 1.68894
2.614 9.966 -4.079 1.88858
0.000 13.438 -4.181 1.98119
4.082 14.400 -3.261 1.92383
0.865 13.782 -4.029 2.38625
0.590 12.947 -2.797 2.15043
3.043 4.357 -4.262 1.16436
3.601 2.798 -5.217 1.69001
0.565 -3.793 -6.033 1.47240
0.491 11.401 -3.499 1.32676
1.016 14.007 -2.962 1.65647
0.158 13.277 -2.633 2.27722
3.321 10.264 -3.611 1.62040
2.059 13.071 -1.720 0.90680
5.939 14.832 -1.909 1.50897
0.989 16.299 -2.481 2.57863
0.136 17.016 -1.527 2.25715
0.407 15.137 -1.477 1.54101
0.199 12.401 -2.215 1.27072
0.009 14.666 -1.103 1.48772
5.125 13.856 -1.766 0.99888
1.189 15.867 -1.455 2.06497
0.240 15.732 -0.631 2.19417
0.306 12.347 -0.453 0.95923
2.980 16.373 0.963 1.43863
0.887 15.344 1.003 0.90715
1.446 17.301 -0.468 2.23815
1.054 9.738 -0.890 1.87068
0.322 14.399 0.166 2.40709
0.109 15.852 -2.021 2.45418
0.781 14.327 -1.144 1.84315
7.916 14.069 0.134 1.23826
0.069 16.526 0.493 0.91000
0.195 16.635 1.181 1.74379
0.017 17.161 1.463 1.40028
0.059 19.420 0.116 1.92394
0.000 19.057 1.232 1.86433
0.000 18.968 1.033 2.33402
0.000 19.335 1.915 1.80456
0.131 19.371 -0.904 2.80761
0.659 18.536 0.297 2.22639
9.737 14.396 0.464 1.69046
1.230 12.013 -0.038 1.38780
12.094 12.185 0.138 1.74017
0.427 11.913 -1.175 0.89899
0.195 18.126 1.392 1.66253
2.346 17.885 2.188 2.41886
8.814 16.640 2.363 1.49896
0.057 16.489 1.495 1.23561
0.036 19.854 2.929 1.24838
5.163 20.597 2.283 2.23142
1.060 17.165 3.072 1.30839
0.000 19.096 2.538 1.87549
2.789 16.059 1.616 2.19921
3.640 16.639 2.657 1.30333
3.595 17.265 2.528 1.15216
0.264 17.336 1.884 1.18338
0.122 20.092 3.648 1.77782
0.926 20.303 4.609 2.95043
0.140 19.390 3.558 2.14378
0.011 21.115 4.091 1.88423
0.000 19.934 4.214 1.80311
4.540 20.560 4.424 1.33593
0.079 21.223 4.251 2.09131
4.991 16.362 3.881 1.03267
1.199 19.217 1.219 2.36098
0.431 16.203 0.307 2.08147
0.000 16.797 1.596 1.78344
0.000 20.136 3.286 1.18697
0.059 21.602 4.372 2.46107
12.975 18.619 3.754 2.02460
2.724 18.643 3.782 1.00889
12.888 20.661 2.145 1.95362
11.975 17.247 2.343 1.64080
1.267 17.292 3.281 1.77097
0.001 15.840 1.320 1.41793
0.000 17.242 1.956 1.60167
0.000 19.193 3.401 1.21748
0.062 19.510 4.664 1.21137
3.304 19.659 3.629 1.33854
25.620 19.388 4.178 1.44658
1.240 19.667 5.269 1.69647
5.526 15.256 3.500 2.07606
0.201 15.381 3.880 1.68983
1.165 19.772 3.606 2.01228
4.252 21.463 4.619 1.52327
8.051 20.213 3.339 1.51293
0.006 18.239 3.990 1.69578
0.000 20.384 6.164 1.20399
14.350 16.919 4.525 1.47782
3.539 18.718 5.224 1.86438
2.947 16.930 3.373 1.21524
0.053 19.805 5.253 1.44968
4.037 19.481 5.196 0.97828
5.529 19.582 4.222 1.42542
2.589 18.185 2.729 1.41357
0.000 19.099 3.884 1.47344
0.000 20.092 5.055 1.24549
0.081 19.702 5.479 1.28782
0.000 20.556 5.065 1.36786
0.000 20.410 5.201 1.35566
0.113 20.703 5.056 1.69507
4.200 19.012 4.744 1.29914
2.395 18.842 4.568 0.94110
7.570 17.548 3.728 0.90463
5.225 16.400 3.632 1.07182
10.971 17.054 3.528 1.34940
0.807 17.593 4.852 0.90450
1.394 17.409 4.542 1.78052
5.445 17.674 1.719 1.04743
0.495 15.790 1.743 1.24565
0.489 15.540 1.824 1.75495
18.365 10.297 3.136 1.45962
11.186 13.897 3.412 1.25924
1.321 15.865 3.267 1.78122
0.620 18.109 3.188 2.05792
7.595 13.819 2.796 1.67919
14.621 16.861 4.237 1.08241
8.930 15.965 3.865 1.11991
1.570 17.770 3.267 1.54527
0.100 17.517 3.509 1.61296
2.029 18.258 4.939 1.04194
1.001 18.268 5.953 0.95109
4.122 17.156 4.382 1.33643
3.319 18.712 3.676 1.43895
15.162 18.230 3.726 1.48621
18.637 16.769 3.981 0.91593
7.741 17.211 3.369 1.25946
0.498 15.448 2.442 1.56265
0.348 16.283 2.109 2.31823
0.067 15.093 1.711 1.33983
0.986 14.782 3.052 1.32222
0.016 15.284 2.600 1.60962
0.094 15.177 0.701 2.06444
7.649 10.993 0.865 1.27585
1.184 11.034 -1.095 1.29558
11.596 12.954 0.330 0.89602
0.898 12.407 1.002 1.66976
0.022 14.785 0.846 1.61663
0.036 15.172 1.111 1.38981
0.029 15.579 1.840 1.05700
0.041 16.555 1.874 1.16488
0.232 16.442 3.255 1.11833
8.701 15.757 2.671 1.24761
1.091 15.588 2.584 1.49947
10.971 15.136 2.625 1.12311
1.216 15.069 0.906 1.30978
0.000 15.632 0.217 1.75526
0.012 15.103 -0.653 1.60458
0.133 15.212 0.700 1.00522
0.000 16.100 1.983 1.12244
0.509 16.493 2.139 1.20267
0.000 18.369 1.830 1.20527
0.000 18.546 1.202 1.22834
7.345 16.398 2.068 1.38752
0.236 16.610 1.697 1.60579
0.000 16.962 1.644 1.40856
0.116 16.997 2.446 1.12418
0.019 16.528 2.855 1.73992
1.217 17.001 2.448 1.89826
0.197 16.560 2.337 1.50524
0.716 16.723 2.013 1.46232
0.280 16.435 1.570 1.37371
0.100 16.288 1.018 1.94430
1.187 13.121 1.493 1.38468
0.576 11.285 -1.418 1.26056
0.000 12.009 -2.031 1.30232
0.000 12.245 -3.647 1.37602
0.167 13.715 -3.525 1.56358
0.000 13.037 -2.450 2.17324
0.000 11.008 -3.212 1.90297
0.019 12.691 -3.548 2.57134
0.000 13.164 -3.673 2.42831
0.052 12.380 -3.627 2.19397
0.056 9.023 -5.519 1.43034
0.000 10.098 -5.135 1.21762
0.000 9.918 -4.579 1.84147
0.000 10.512 -5.043 1.28601
0.000 12.260 -5.131 1.53299
0.015 12.558 -4.932 1.36424
0.025 10.195 -4.839 1.85697
0.009 8.664 -5.286 1.88010
0.122 8.510 -5.713 1.60578
0.000 10.443 -5.582 2.20507
0.000 6.357 -5.400 1.17974
0.034 9.091 -6.584 2.58535
1.848 8.906 -6.531 2.41136
3.197 5.886 -4.365 1.49453
12.259 4.065 -4.487 1.20063
2.679 5.451 -4.167 2.01680
2.789 2.481 -7.648 0.85497
0.030 6.560 -7.655 1.28961
0.000 7.343 -7.360 1.36864
0.939 7.356 -6.281 1.63018
0.016 5.963 -6.010 1.05046
0.000 6.138 -6.094 1.22663
0.000 8.457 -6.935 2.22820
0.006 7.136 -6.964 2.44924
0.131 5.244 -6.741 2.85784
0.049 0.126 -10.621 2.03893
0.000 4.886 -10.706 1.47398
0.000 7.034 -7.780 1.72928
0.000 8.384 -6.166 1.25978
0.000 10.314 -4.372 1.42397
0.000 10.636 -5.328 1.62254
0.000 10.256 -5.881 1.52244
0.051 9.916 -6.792 1.99795
0.000 6.796 -7.958 2.29740
0.000 7.556 -7.950 2.12946
0.027 9.517 -7.627 1.93441
0.000 9.953 -6.125 1.70301
0.000 9.004 -7.036 2.08605
0.000 7.773 -8.274 2.05709
0.000 7.167 -8.494 2.18892
0.000 4.841 -9.727 3.26254
0.275 -0.884 -11.624 1.88226
0.000 2.158 -11.689 1.59081
0.073 1.361 -11.192 1.46360
0.059 0.314 -11.666 1.85584
0.000 0.481 -11.491 1.62887
0.000 0.344 -11.706 1.58317
0.000 3.472 -11.536 1.61583
0.000 3.695 -9.786 2.14356
0.001 4.003 -10.170 1.61072
0.000 5.107 -9.402 1.84885
0.000 6.342 -9.747 1.71333
0.019 5.295 -9.967 1.48956
0.000 3.888 -10.642 1.31703
0.000 4.966 -11.131 1.88090
0.000 4.915 -11.265 1.85491
0.052 1.485 -15.805 3.04958
0.000 1.505 -15.987 1.46725
0.000 6.627 -10.928 1.70101
0.000 7.063 -9.104 1.59778
0.000 5.524 -10.424 2.16926
0.000 5.215 -10.822 1.81606
0.000 5.497 -11.009 1.88805
0.000 5.094 -10.749 1.47924
0.000 4.007 -11.070 1.43675
0.000 3.003 -10.509 1.24068
0.000 4.290 -10.969 1.28551
0.000 4.244 -9.992 1.49268
0.000 5.304 -9.539 1.69076
0.000 8.445 -8.855 1.58856
0.000 8.147 -8.615 1.52192
0.000 7.126 -8.943 1.92809
0.000 4.246 -10.340 1.81422
0.000 2.498 -13.830 1.60611
0.000 1.764 -14.125 2.49486
0.004 -0.030 -14.357 1.98568
0.002 -2.098 -14.420 1.27878
0.000 -0.127 -14.631 1.60127
0.000 1.007 -14.468 1.86548
0.000 -0.004 -14.512 1.62413
0.000 -0.163 -14.726 2.33621
0.000 -1.935 -14.981 3.00201
0.000 -4.636 -17.398 2.38786
0.094 -2.129 -17.706 2.31723
0.020 1.601 -15.970 1.91073
0.000 -0.242 -15.903 1.90715
0.000 -3.802 -16.020 1.58438
0.000 -0.527 -16.346 1.98562
0.000 1.031 -15.688 1.43319
0.000 0.187 -14.802 1.62063
0.000 1.357 -14.975 1.60765
0.000 1.796 -13.867 1.48347
0.000 2.420 -13.870 1.77893
0.000 3.236 -13.597 1.54963
0.000 3.033 -12.385 2.02337
0.000 3.988 -11.509 1.85679
0.000 5.267 -11.911 2.26566
0.000 7.372 -10.515 2.07191
0.000 7.994 -11.203 2.16795
0.021 7.450 -11.610 2.30639
0.759 6.394 -11.316 2.13207
0.061 1.472 -12.574 2.74442
0.000 6.601 -12.647 2.47508
0.055 8.166 -8.098 2.37740
0.078 7.780 -8.171 2.58442
0.017 7.819 -7.924 2.50747
0.040 4.147 -8.005 2.30590
0.000 5.550 -9.281 2.43454
0.090 4.669 -9.551 2.24663
0.007 4.501 -11.006 1.56069
0.000 7.361 -11.208 1.92913
0.016 5.712 -11.349 2.27123
0.047 1.054 -12.759 1.97568
0.005 2.017 -13.073 2.21161
0.000 1.717 -13.023 1.87691
0.000 4.047 -12.389 1.70305
0.000 4.770 -10.634 1.30803
0.000 7.782 -10.550 1.54802
0.000 7.882 -10.494 1.60925
0.000 7.122 -8.118 1.20442
0.000 6.368 -8.226 1.51680
0.000 7.236 -8.640 1.34285
0.000 9.518 -9.091 2.60555
0.389 3.421 -11.485 3.27974
0.000 7.211 -11.563 2.54961
0.000 8.663 -8.736 2.18593
0.000 7.631 -8.915 2.89130
0.000 8.587 -8.951 2.75571
0.000 8.053 -8.492 2.95964
0.000 6.374 -9.170 3.93622
0.000 3.767 -10.408 3.37763
0.704 4.037 -11.297 3.25356
0.000 3.203 -11.199 4.43208
0.000 -1.730 -12.910 3.01281
0.235 2.411 -11.706 3.09780
0.055 -0.603 -11.859 2.82177
0.000 0.727 -11.540 3.87074
0.105 0.977 -10.157 3.85317
0.126 -0.702 -14.596 3.53367
0.000 -1.659 -15.203 3.83132
0.009 -3.570 -18.884 2.91994
0.000 -1.976 -18.500 2.02765
0.271 4.729 -16.624 2.21626
0.469 1.554 -13.605 1.76609
0.158 1.581 -13.260 2.14892
0.795 4.271 -11.842 2.91345
0.000 7.874 -11.100 3.02538
0.000 7.059 -7.628 2.60051
0.000 9.242 -7.151 2.80567
0.000 8.522 -5.791 3.64890
0.000 5.388 -7.573 6.00393
0.223 0.227 -14.641 5.04472
0.000 1.778 -13.819 2.27823
0.000 7.088 -11.177 1.91207
0.000 8.351 -8.105 2.14984
0.000 7.475 -6.074 2.09094
0.000 7.005 -6.641 2.58103
0.006 7.250 -5.876 1.51572
0.044 5.917 -7.822 2.00146
0.000 6.230 -7.069 2.39501
0.000 7.966 -6.976 1.85672
0.000 8.640 -5.512 2.64227
0.062 6.106 -5.634 1.40747
0.392 8.366 -5.523 1.14621
0.047 7.730 -7.037 2.14366
0.016 8.255 -7.060 3.02458
0.146 6.839 -6.295 3.16009
0.049 7.759 -5.995 1.68057
1.793 3.825 -5.290 2.05528
0.214 6.000 -4.606 1.97552
0.090 5.875 -4.778 3.95860
0.147 3.210 -7.886 2.10263
0.028 10.296 -6.490 2.85465
0.034 11.294 -4.914 2.57561
0.736 7.434 -4.029 1.70735
2.283 5.294 -6.350 1.80303
1.191 9.737 -5.323 2.27351
0.000 11.960 -5.588 2.32913
2.773 8.995 -5.199 1.92204
0.065 10.387 -5.485 1.72878
0.245 7.750 -5.573 3.26756
0.219 4.259 -4.798 1.85604
0.124 7.249 -4.204 2.03393
0.000 9.866 -4.294 1.40534
0.077 10.535 -4.372 1.69146
0.000 14.010 -3.375 2.07829
0.180 16.758 -2.240 2.86379
0.161 17.051 -3.807 2.93796
0.526 10.111 -3.693 1.73878
0.000 11.258 -1.784 1.52348
3.297 8.151 -2.997 1.27070
0.404 14.229 -1.809 1.80166
0.839 13.297 -2.872 2.56401
0.000 17.175 -1.575 2.91187
0.000 19.818 -1.664 2.08647
0.000 19.871 -2.573 2.54844
0.000 18.555 -3.202 3.07014
0.248 16.521 -2.659 2.82499
0.661 13.838 -4.297 1.53198
0.051 16.996 -2.696 2.21078
0.037 18.193 -0.335 1.89635
2.639 9.371 -2.448 1.07580
0.039 15.641 -2.348 1.57913
0.010 16.401 -2.626 2.08652
0.000 16.431 -1.641 2.40484
0.276 16.244 -2.523 2.01171
0.000 18.371 -0.946 1.84678
0.000 18.085 -1.366 1.94908
0.019 19.188 -2.965 2.46237
0.000 16.900 -3.570 2.85703
0.205 15.674 -3.285 2.57792
0.000 16.040 -2.485 2.45836
0.000 14.177 -1.421 3.16201
0.011 13.163 -1.302 3.27162
0.141 8.925 -2.869 2.84938
0.374 13.500 -3.380 1.45659
0.000 15.176 -3.629 2.34800
2.114 15.323 -0.105 2.01650
3.541 8.401 -4.946 1.76302
0.487 13.075 -1.620 2.43653
0.000 17.265 -2.124 1.41484
0.126 19.420 0.847 2.23356
3.776 16.005 0.792 1.42317
0.016 18.196 -1.529 3.06021
0.000 19.772 2.153 2.30255
3.399 17.127 2.644 1.94507
1.070 20.375 4.022 3.26321
0.141 21.339 3.156 3.01678
0.000 20.710 2.223 2.86351
0.007 18.071 2.687 2.88502
0.089 13.426 2.115 2.75026
0.036 15.052 0.723 2.72684
4.828 16.839 0.425 2.92758
0.000 14.344 -0.051 1.86097
0.000 17.881 0.780 1.12101
2.789 16.121 1.857 1.50788
1.464 20.257 2.434 1.47122
0.000 21.491 4.090 2.26514
0.000 20.808 3.043 2.77176
0.000 21.050 4.462 2.47842
0.165 19.478 2.902 2.53122
0.000 21.366 0.237 2.74841
0.936 20.245 1.939 2.14843
0.312 18.166 1.407 1.66418
0.717 19.998 1.819 2.13456
0.000 20.346 2.922 1.78812
0.522 20.130 3.892 1.36629
0.850 22.623 4.940 1.68962
0.000 23.451 4.475 2.04663
0.024 24.956 5.361 1.78161
1.040 25.153 5.994 2.06943
1.022 24.151 5.453 2.16064
7.758 24.387 7.866 1.26209
0.754 18.719 5.182 1.93784
2.481 20.677 5.316 1.67755
4.306 21.112 5.186 1.80824
8.534 22.360 3.410 1.47004
12.021 20.851 4.795 1.51408
16.129 19.528 4.981 1.65100
2.681 22.194 5.573 1.57122
13.935 19.928 6.041 1.61708
9.514 17.840 5.061 1.73917
4.999 18.759 4.099 2.45626
0.083 19.602 3.718 2.19604
0.000 21.405 4.265 1.97064
1.830 21.999 6.563 1.22925
6.036 20.653 5.686 1.26680
1.669 18.431 5.206 1.41209
1.244 21.327 5.487 1.79361
3.074 17.975 6.107 1.33420
2.227 17.112 5.306 1.89680
14.547 18.227 5.153 1.51713
0.142 20.049 5.830 0.97088
4.611 20.604 3.634 1.64724
0.000 20.615 5.396 1.66217
0.063 21.449 4.802 2.13389
0.837 22.039 6.750 1.42921
13.826 22.488 8.681 1.01161
2.609 17.342 5.907 1.26492
0.242 21.243 5.785 1.90354
0.000 22.038 6.399 1.41533
0.193 22.013 7.090 1.48901
0.000 20.149 6.948 1.39998
0.117 21.739 7.485 1.13577
26.528 21.757 6.233 1.24949
3.464 22.326 7.489 1.26393
10.709 16.071 5.081 1.47284
16.617 17.607 5.082 1.13157
6.464 15.511 3.197 1.53379
3.026 15.633 3.907 1.06766
0.099 14.280 3.881 1.50646
6.319 19.376 6.166 1.46421
9.666 18.267 6.142 1.09565
6.849 18.285 6.881 1.31965
12.726 17.536 5.033 1.46446
2.164 18.578 3.589 1.07762
3.907 17.767 4.765 0.76676
0.000 17.144 4.723 1.35366
0.000 18.525 5.194 1.43059
1.890 19.033 6.960 1.30924
1.494 17.895 6.921 1.16521
8.148 16.870 4.491 1.69689
1.385 16.263 5.095 1.55989
8.597 18.162 3.615 0.97867
3.246 15.629 2.579 0.77471
0.471 15.783 2.847 1.44658
0.053 16.105 2.402 1.30608
0.535 17.161 3.586 0.94673
26.553 16.275 3.257 1.05672
4.014 17.399 4.011 1.29300
1.765 18.271 5.176 1.31877
0.385 17.627 2.703 1.72436
0.000 18.235 3.089 1.94569
5.375 19.005 4.469 1.09135
2.279 13.490 3.113 1.39000
0.000 15.784 3.093 1.75713
0.313 16.147 2.400 1.70658
0.612 16.126 2.746 1.24494
3.611 17.297 4.256 0.97034
0.000 17.560 2.814 1.37153
10.924 18.565 2.054 1.45785
0.000 15.229 -0.147 1.89731
0.000 15.928 1.433 1.09689
0.000 17.781 2.448 1.04768
0.015 18.874 2.462 1.77154
0.000 18.428 1.677 1.69776
0.000 18.836 3.172 1.34364
0.000 20.547 2.096 1.46875
0.000 20.249 2.905 1.33555
0.000 19.712 4.091 1.50168
0.000 17.862 3.688 1.29634
0.833 15.647 2.039 1.60398
1.384 16.995 2.600 1.14847
0.000 18.947 3.283 1.18296
0.025 19.958 3.520 1.55166
0.000 20.305 3.455 1.57690
0.000 20.505 2.379 1.74249
0.000 20.057 3.497 1.40437
0.104 19.315 3.963 1.63053
0.080 20.121 4.246 1.51225
0.069 19.380 4.778 1.28816
4.124 18.002 3.079 1.36469
2.699 17.861 2.781 1.31930
2.020 13.057 1.367 1.35845
2.021 10.717 0.515 1.00433
0.411 12.854 -1.346 1.20092
2.165 14.750 0.191 1.63121
4.966 14.462 1.468 1.07464
8.761 12.320 0.516 1.33224
0.348 8.377 -2.318 1.09083
0.096 14.449 -1.857 1.06016
0.109 15.805 -1.297 0.98068
0.147 15.692 -0.463 1.20757
0.000 16.321 -0.009 1.23747
0.231 16.268 0.042 1.40250
0.000 15.982 -1.820 1.08984
3.770 14.907 -0.601 1.65578
0.496 9.743 -0.638 0.84910
0.304 14.442 -0.267 1.75692
0.000 16.991 -0.052 1.82789
0.140 18.156 0.578 2.27473
1.869 15.714 0.901 2.92590
0.055 15.424 -2.637 2.95311
0.000 14.373 -5.575 2.77632
0.000 13.626 -5.073 2.39178
0.000 13.215 -4.299 2.44263
0.000 12.964 -4.533 2.34632
0.000 13.755 -4.819 2.27930
0.000 14.556 -4.400 1.92792
0.000 14.075 -4.517 1.69952
0.000 14.687 -4.628 2.05120
0.000 14.456 -5.129 2.18471
0.000 11.640 -6.033 2.64342
0.000 10.336 -6.044 2.63441
0.000 11.514 -5.882 1.98133
0.000 11.068 -5.974 1.93610
0.000 12.055 -5.854 2.21998
0.000 12.258 -5.742 2.15325
0.000 13.954 -5.656 2.11172
0.481 12.314 -5.427 2.07576
0.000 11.566 -5.526 1.66146
0.026 12.377 -5.627 2.05947
0.000 11.820 -5.537 1.39873
0.000 12.078 -5.299 2.03158
0.104 11.281 -4.316 1.38189
0.191 9.732 -4.494 1.56155
0.026 7.512 -4.573 2.08340
0.045 4.675 -6.236 1.36472
0.000 8.494 -6.198 1.00135
0.010 6.609 -5.836 1.57974
0.000 7.468 -5.859 1.40395
0.000 7.697 -6.069 1.63431
0.000 6.700 -6.067 1.32579
0.000 8.459 -6.444 1.90523
0.000 8.854 -6.459 1.96789
0.000 9.651 -5.928 2.05815
0.000 11.341 -4.615 1.51587
0.000 13.069 -4.578 1.45548
0.000 14.114 -4.743 2.14264
0.023 11.365 -4.787 3.03624
0.000 10.097 -5.433 3.03464
0.067 7.703 -5.963 3.44751
0.000 5.296 -8.168 3.61149
0.000 2.363 -9.118 3.57475
0.000 1.738 -10.514 2.73636
0.288 -1.741 -14.620 1.63892
0.000 2.805 -14.763 1.54025
0.093 5.295 -12.199 1.45503
0.000 6.315 -10.384 1.36802
0.000 8.155 -8.538 1.70812
0.000 7.593 -8.783 1.61698
0.219 4.957 -8.732 2.05886
0.000 7.016 -9.292 1.91917
0.000 8.011 -9.512 1.82973
0.000 8.022 -8.834 1.61092
0.025 5.043 -8.619 1.59805
0.083 5.757 -8.022 1.63255
0.000 5.159 -8.000 2.17834
0.000 6.180 -9.446 1.42349
0.000 6.454 -9.767 2.00077
0.000 5.653 -9.717 1.88556
0.146 2.752 -11.661 1.89904
0.000 3.564 -11.908 1.59121
0.000 1.905 -11.951 2.23345
0.000 6.517 -12.233 1.92489
0.000 8.793 -10.926 1.97446
0.000 6.347 -9.965 1.74961
0.014 6.344 -11.036 2.69490
0.268 2.171 -11.423 2.04118
0.000 2.453 -12.789 1.79811
0.000 2.376 -12.911 2.38454
0.000 2.302 -11.823 2.10315
0.343 -0.020 -9.828 1.57792
0.115 -3.736 -11.561 1.07411
0.019 -0.741 -13.561 1.77662
0.000 2.188 -14.654 1.81476
0.000 1.871 -14.932 1.49430
0.000 1.494 -14.460 1.73957
0.034 -3.795 -13.496 1.16883
0.679 -4.662 -16.736 1.40471
0.000 -0.992 -17.523 2.63887
0.000 -1.558 -17.698 1.63205
0.000 0.128 -16.390 1.52638
0.000 0.477 -13.100 1.69435
0.000 4.501 -14.171 1.70579
0.000 0.531 -14.389 2.56377
0.000 -2.641 -14.914 1.63904
0.000 0.011 -15.670 2.09184
0.000 5.108 -15.953 1.82566
0.000 6.587 -13.458 2.21568
0.000 1.157 -13.905 1.77521
0.000 2.925 -13.069 2.02962
0.000 1.017 -14.057 1.50151
0.000 4.869 -14.275 2.05939
0.000 3.990 -13.558 2.06939
0.000 4.536 -13.850 2.21076
0.000 4.434 -14.002 2.19010
0.000 4.344 -13.147 2.04452
0.000 4.480 -13.500 1.59848
0.000 4.570 -13.748 2.57375
0.001 1.190 -12.668 1.65232
0.000 4.189 -12.876 1.92537
0.000 5.448 -13.785 1.48813
0.002 4.624 -14.463 2.48936
0.000 2.441 -14.918 2.68828
0.000 0.727 -14.965 2.68851
0.000 3.179 -15.050 2.28057
0.065 1.880 -15.189 2.72844
0.000 2.474 -14.675 2.51138
0.021 -0.091 -13.906 2.21954
0.020 2.420 -16.534 2.46875
0.001 -1.023 -16.664 2.46632
0.000 0.740 -15.678 2.03204
0.000 3.824 -15.339 2.11093
0.000 4.517 -13.473 1.74304
0.021 2.708 -13.656 2.58754
0.000 2.202 -13.699 2.34301
0.000 2.064 -15.871 2.97652
0.000 1.467 -16.367 3.09419
0.078 0.312 -16.571 2.93671
0.000 0.590 -16.616 2.49264
0.000 0.205 -16.805 2.11212
0.000 2.128 -17.022 2.18106
0.000 4.795 -14.075 2.86551
0.121 5.605 -13.457 2.66621
0.000 6.726 -13.195 3.11647
0.000 4.659 -11.870 3.26462
0.000 4.793 -12.619 2.52617
0.000 7.107 -12.518 3.35211
0.025 3.348 -10.921 4.12098
0.158 4.081 -12.036 4.33060
0.052 3.542 -12.925 3.94962
0.000 4.060 -12.928 3.63651
0.000 3.370 -11.804 5.22915
0.018 -1.951 -13.735 2.99408
0.000 3.196 -13.733 2.52711
0.021 5.209 -11.595 2.23917
0.000 3.771 -9.637 2.15662
0.000 7.016 -9.655 2.03172
0.307 6.049 -9.170 3.10781
0.189 3.419 -9.280 2.56629
0.000 3.291 -9.557 2.07320
0.000 4.895 -8.885 1.88081
0.001 5.870 -8.685 2.34376
0.000 5.198 -8.745 1.75588
0.000 8.243 -8.463 2.77974
1.179 4.135 -5.267 3.47926
0.573 1.592 -9.829 2.80422
0.035 3.067 -9.558 3.38861
0.395 2.860 -8.169 3.59568
0.746 4.027 -7.874 3.57338
0.701 4.026 -9.188 3.71943
0.000 3.740 -9.761 2.47665
0.110 4.668 -9.693 2.90026
0.000 5.431 -8.694 1.87194
0.000 7.946 -6.334 1.77428
0.025 9.473 -6.552 1.87122
0.000 7.791 -7.423 2.62468
1.095 2.276 -7.309 1.67507
1.177 1.192 -7.893 1.57899
0.000 4.593 -7.658 1.28822
0.135 6.404 -6.462 1.13793
0.000 7.545 -5.402 1.04232
1.085 9.626 -5.223 2.09793
0.000 10.672 -4.034 1.79581
0.910 14.762 -4.624 2.96850
0.061 12.553 -5.439 3.27739
0.000 10.046 -4.803 3.74336
0.064 13.074 -5.127 3.27719
9.625 10.152 -5.546 2.70156
1.665 10.350 -4.274 2.89512
0.166 5.712 -5.489 2.95121
0.253 3.849 -5.905 2.31038
0.390 9.749 -5.776 1.71520
2.051 9.732 -5.475 2.57855
0.113 5.643 -4.477 2.84599
0.128 0.974 -7.091 1.92943
0.455 1.954 -7.821 2.55383
8.294 1.929 -7.038 1.54608
0.416 4.266 -6.898 1.48756
0.130 3.590 -5.334 1.36643
11.786 6.363 -4.997 3.41120
0.229 5.551 -8.437 2.84121
0.355 10.226 -6.259 3.08254
0.766 12.708 -3.950 2.46669
23.530 11.370 -4.608 2.64469
0.389 10.953 -5.340 1.96057
0.024 14.090 -4.193 1.98946
8.674 12.364 -3.121 2.91452
1.604 3.653 -6.491 1.44439
0.031 10.040 -5.133 1.60779
0.482 13.854 -4.796 1.57988
0.318 10.117 -2.973 1.60031
1.108 13.175 -4.508 1.62009
2.932 9.981 -3.370 2.10047
0.502 9.141 -2.824 1.71147
0.886 9.389 -2.323 1.96595
5.597 5.615 -2.925 1.29113
2.086 4.273 -3.968 1.91316
0.849 5.829 -3.404 2.56519
3.815 0.879 -6.617 1.94260
1.530 1.191 -9.117 1.71449
0.081 6.143 -7.255 1.27442
2.136 9.711 -5.383 1.63428
4.341 12.691 -2.436 2.04057
1.778 10.438 -2.762 1.24736
0.130 14.028 -2.212 1.17320
3.311 14.851 -0.768 2.10714
1.450 14.684 -0.716 1.95610
0.170 14.666 -1.127 1.52989
0.599 16.207 -2.114 1.80471
1.597 15.621 -0.889 1.96303
1.589 13.289 -2.056 2.64304
0.994 15.106 -0.964 2.03255
0.062 11.566 -1.298 2.32233
3.718 11.214 -1.055 1.59698
2.666 9.297 -2.201 2.07824
2.155 11.073 -2.197 2.68577
2.918 8.456 -2.603 1.62395
0.480 11.015 -2.680 2.67537
1.404 8.187 -3.648 1.83690
1.104 11.470 -4.646 1.76238
0.244 16.296 -2.872 1.91249
0.201 18.372 -1.545 2.35050
0.704 15.027 -0.924 2.08400
0.949 14.958 0.647 2.44315
1.094 13.374 -0.149 2.57261
0.062 14.252 -0.156 1.91990
0.035 17.343 -0.448 1.34407
0.565 16.922 1.832 2.26482
0.222 15.394 0.845 2.10826
1.914 13.391 0.115 1.75786
1.024 12.486 0.550 1.09252
0.110 13.148 0.291 1.40444
0.091 17.244 0.728 1.75618
0.000 17.585 0.287 2.91545
0.172 16.574 0.427 2.99029
1.419 13.238 1.451 1.69825
0.056 14.828 2.255 1.34734
4.915 11.734 -0.115 1.40640
2.116 14.387 0.538 1.76146
1.004 12.758 -0.683 2.15955
0.571 13.413 -0.247 2.66748
1.144 13.513 0.038 2.02764
0.243 15.802 0.106 1.48983
0.124 20.221 3.690 2.16089
0.081 18.511 3.020 2.37419
0.000 18.899 0.648 2.45466
0.000 18.480 2.907 2.31704
0.465 18.757 1.303 2.45624
0.292 20.365 2.928 2.43613
0.114 19.411 3.431 2.42230
6.017 19.148 3.990 1.49572
0.225 21.462 3.691 1.57763
0.039 20.701 4.522 2.53261
0.335 18.472 4.429 1.43724
0.521 18.010 4.267 0.97708
4.294 17.975 1.644 1.12972
7.273 15.604 2.575 1.82118
4.621 16.973 4.607 1.47676
1.739 14.641 3.587 1.37882
0.221 18.422 3.528 2.11584
0.005 19.791 4.574 1.94700
0.024 20.382 4.091 1.71797
0.129 20.826 4.512 1.71223
0.000 20.453 4.623 1.51366
0.415 21.826 5.467 1.57137
0.000 21.763 4.081 2.01006
0.190 22.437 5.399 1.52633
0.002 23.214 6.341 1.63326
8.736 21.110 6.338 1.46065
3.234 21.939 6.861 0.94816
0.711 22.081 7.472 0.98577
10.664 18.468 7.390 0.97157
15.368 19.811 4.591 1.38787
0.265 19.328 5.548 1.38022
4.985 21.599 4.552 1.75589
2.570 17.970 5.317 1.66264
0.064 20.527 5.365 1.61824
11.164 17.809 5.845 1.16178
5.604 20.021 5.828 1.17203
11.455 17.946 5.717 1.21014
8.487 19.361 6.502 1.06227
24.189 19.261 3.427 1.68831
0.192 15.449 2.183 1.58374
0.541 16.256 3.806 1.11911
0.121 18.238 3.722 1.21076
3.806 19.853 5.330 1.51973
4.506 19.736 4.547 1.21711
0.090 19.942 5.513 1.08705
0.000 20.095 5.252 1.23670
5.060 16.735 2.003 1.32308
2.420 15.206 3.837 1.33988
5.923 19.001 5.134 0.81892
5.924 19.321 6.667 1.31938
4.469 17.984 4.988 1.15961
0.016 19.167 5.998 1.28145
5.362 19.126 6.505 1.00946
0.272 16.506 4.924 1.25655
4.404 15.849 4.809 0.82092
6.708 17.433 2.574 1.49538
4.269 16.379 3.051 1.25091
3.628 17.039 5.247 1.10581
0.023 18.988 3.918 1.16494
8.741 18.906 5.770 0.97948
0.949 19.185 5.003 0.86129
0.392 19.753 5.745 1.07050
0.004 19.548 4.773 1.59462
1.166 20.693 6.217 1.47461
0.594 20.344 6.658 1.26709
1.006 20.032 5.662 1.35399
5.527 18.065 5.591 1.21665
0.000 21.134 5.384 1.02792
0.101 22.348 7.176 1.36834
3.604 16.922 5.571 1.43582
8.331 17.831 4.791 1.59487
5.149 19.021 5.268 1.24222
10.454 18.297 5.551 1.37396
10.170 15.357 4.449 1.02456
2.724 15.703 3.568 1.87083
0.953 12.459 2.522 1.81151
2.274 16.039 3.876 1.34559
12.142 15.440 3.905 1.31145
2.550 17.193 4.662 0.66040
0.465 17.095 4.726 1.11478
0.000 16.895 3.867 1.09348
3.566 17.909 5.152 1.58489
18.958 13.834 3.066 0.87781
7.812 16.874 2.999 1.17391
10.304 15.783 1.896 1.22305
2.328 15.353 2.794 0.73153
3.576 15.034 2.611 1.31376
0.774 13.082 2.426 1.85294
1.733 14.635 1.886 1.75736
0.322 13.266 1.985 0.90408
0.058 16.380 2.917 1.32511
1.323 13.640 3.142 2.07600
5.135 14.325 3.394 1.01675
11.501 15.391 3.028 0.98961
6.545 13.462 3.128 1.29166
6.011 14.823 2.246 0.93188
0.213 16.205 2.716 0.73248
0.000 16.404 2.943 1.02304
0.000 16.147 3.210 1.46513
0.225 14.263 2.677 1.61041
3.820 15.451 2.659 1.55146
9.893 15.016 2.371 1.27779
0.767 14.470 2.411 1.25094
2.139 15.092 2.272 1.31702
0.000 15.863 1.755 1.58571
0.000 15.559 1.801 1.34842
0.000 16.275 -0.172 1.62299
0.018 16.077 0.097 1.87382
0.000 14.722 1.291 1.65487
0.017 14.602 1.528 1.71895
0.210 13.525 0.904 1.82548
0.756 11.032 -0.101 1.03071
0.131 13.339 -2.060 1.54630
0.114 14.045 -2.573 1.25383
0.918 12.747 -1.437 1.11968
0.260 12.608 -1.304 1.50293
0.000 11.687 -1.799 1.56251
0.110 12.006 -1.727 1.54323
1.532 10.465 -1.557 1.66315
0.311 6.426 -3.049 1.13735
2.501 9.986 -2.586 0.72926
1.062 9.785 -1.535 1.34120
0.327 9.547 -3.209 1.91058
2.094 11.399 -3.475 1.40845
0.000 12.620 -4.427 2.59018
0.000 12.674 -3.850 2.21719
0.000 11.416 -1.846 1.87203
1.272 11.528 -2.313 1.42974
0.536 7.929 -3.029 0.83599
0.746 9.599 -2.738 0.63298
3.905 5.476 -1.977 0.60033
1.549 5.404 -3.452 0.61641
0.054 9.339 -3.360 1.14671
0.000 9.147 -4.503 0.78471
0.000 8.950 -4.567 1.94257
0.094 10.043 -4.127 2.07789
0.041 11.319 -3.359 2.19842
0.000 11.530 -5.563 2.19882
0.000 10.837 -5.668 2.22159
0.000 9.903 -5.782 2.23647
0.000 9.306 -5.913 2.23672
0.000 7.933 -5.882 1.84142
0.000 9.361 -4.918 1.36025
0.000 10.842 -4.977 1.43627
0.784 11.670 -4.320 1.61456
0.024 9.146 -3.840 2.06780
0.158 8.973 -3.769 2.38510
2.197 2.829 -6.878 1.24323
0.056 4.412 -6.890 1.50579
0.000 6.926 -6.351 1.41689
0.000 8.938 -6.049 1.69667
0.000 9.532 -5.650 2.05979
0.006 8.092 -5.305 1.40387
0.000 5.667 -5.372 1.10661
0.006 6.925 -6.990 1.70420
0.000 4.865 -7.075 1.34947
0.490 4.488 -5.486 1.85013
0.017 4.193 -6.507 1.81344
3.134 4.351 -6.646 1.42230
0.374 4.244 -6.255 1.54670
0.001 5.328 -6.446 1.90876
0.000 4.770 -5.881 1.61317
1.359 1.229 -8.567 2.05666
0.002 3.427 -8.393 1.97631
1.161 3.442 -5.078 1.72289
1.146 0.056 -9.846 0.93957
0.000 4.346 -10.328 1.80490
0.001 5.839 -10.166 1.62838
0.000 5.565 -6.956 1.56568
0.130 8.917 -7.173 1.67308
0.019 9.483 -5.342 1.54224
0.038 8.689 -5.468 1.89541
0.075 6.845 -6.076 1.99802
0.032 4.048 -6.847 2.01152
0.157 1.860 -7.616 1.26775
0.001 0.766 -11.574 1.33445
0.005 1.991 -12.102 1.22135
0.000 2.007 -12.719 1.76429
0.000 2.788 -12.818 1.45400
0.000 4.700 -12.002 1.64073
0.001 5.779 -11.664 1.58797
0.000 5.162 -8.936 1.34246
0.054 5.365 -9.195 1.29346
0.000 6.240 -8.842 1.50051
0.000 5.362 -10.953 2.07591
0.001 3.554 -11.639 2.54382
0.000 -0.491 -11.367 1.31240
0.000 0.983 -13.782 1.42931
0.000 0.729 -14.196 2.77759
0.000 -1.628 -18.422 2.66722
0.007 1.477 -18.588 1.48886
0.000 3.828 -14.400 2.42391
0.000 2.713 -14.881 2.68760
0.000 1.419 -15.406 3.25697
0.000 -3.332 -15.717 2.01700
0.000 -0.245 -15.927 1.71627
0.008 0.155 -15.785 1.70565
0.000 0.797 -16.039 2.32598
0.000 -1.862 -14.721 1.70583
0.001 -4.423 -15.568 1.50664
0.001 -0.618 -15.814 1.74540
0.001 2.555 -14.547 1.84259
0.000 3.653 -14.248 1.88928
0.026 4.042 -12.962 1.76713
0.014 6.166 -13.162 1.93292
0.000 4.913 -13.625 2.61801
0.714 0.416 -12.957 4.20318
0.080 -1.746 -15.126 1.79348
0.000 1.928 -15.360 1.57859
0.000 2.955 -14.520 1.84028
0.000 6.038 -14.543 2.23761
0.359 3.045 -14.993 2.95507
0.038 2.011 -15.708 2.50704
0.000 1.154 -16.434 3.01458
0.000 -2.374 -16.545 3.43929
0.000 -3.195 -15.701 2.38966
0.000 -3.499 -17.166 2.29945
0.120 -0.397 -17.272 2.39967
0.000 2.920 -17.030 2.30098
0.000 1.660 -16.542 1.98958
0.030 -0.723 -15.714 2.46794
0.174 -3.829 -14.235 2.67813
0.009 -6.873 -19.434 1.63876
0.021 -4.076 -19.610 2.57560
0.000 -4.348 -16.650 2.41618
0.000 -5.071 -17.367 2.52611
0.000 0.248 -17.484 2.20141
0.019 0.232 -16.820 2.29254
0.001 0.538 -16.733 2.00940
0.000 2.560 -14.943 2.26261
0.000 2.704 -14.602 2.59842
0.000 1.086 -15.507 3.17240
0.000 -2.613 -15.454 2.34094
0.025 -0.680 -16.936 2.72756
0.000 -1.158 -17.025 2.40162
0.000 -0.371 -16.543 1.84640
0.007 -2.903 -15.447 1.79506
0.000 -1.082 -14.124 1.63120
0.000 -0.397 -14.446 2.17010
0.000 1.905 -14.569 1.88945
0.063 5.675 -13.431 1.77634
0.000 5.812 -11.595 1.74890
0.000 5.225 -11.212 1.73340
0.000 5.343 -10.954 2.23298
0.000 6.128 -10.147 2.42980
0.000 3.536 -9.362 1.36294
0.000 2.741 -10.663 1.78743
0.022 4.441 -10.616 2.43612
0.222 0.934 -11.669 2.25915
0.020 4.859 -11.734 2.33924
0.174 5.638 -9.035 2.31974
0.125 5.834 -8.801 2.37985
0.000 4.230 -8.465 3.17330
0.015 1.435 -9.044 4.48014
0.058 0.062 -13.762 3.01779
0.000 1.502 -13.791 1.87808
0.095 2.587 -12.824 1.92860
0.000 3.170 -12.803 2.75344
0.000 0.521 -11.655 1.51665
0.000 3.617 -11.790 1.52364
0.210 5.067 -12.052 2.71408
0.000 3.443 -12.911 3.65693
0.000 1.329 -12.636 3.40722
0.000 3.059 -13.691 3.81102
0.134 3.824 -13.353 2.76778
0.315 4.901 -11.107 1.97427
0.000 5.614 -10.978 2.92409
0.000 5.155 -8.649 2.35897
0.011 4.375 -8.618 2.24012
0.054 4.880 -8.230 2.86341
0.000 4.826 -8.100 1.96002
0.462 6.079 -7.989 2.29839
0.000 4.561 -7.160 2.53381
0.039 4.766 -6.400 3.52871
0.000 3.481 -6.279 3.89321
0.000 1.951 -7.763 3.21428
0.000 0.893 -8.872 3.45304
0.047 3.426 -8.127 2.14841
0.185 -1.110 -9.798 1.90466
0.004 -1.092 -13.320 1.85176
2.747 2.749 -12.438 1.83380
0.229 7.092 -10.240 2.30635
0.372 5.725 -6.062 3.73297
2.631 5.742 -3.548 3.45261
0.162 6.527 -3.402 5.47643
0.806 4.159 -4.914 4.13442
3.831 4.668 -7.917 4.56949
0.929 6.685 -7.491 3.97670
11.607 4.599 -6.400 3.82770
0.504 3.116 -7.667 3.15112
0.000 3.754 -8.559 2.06192
0.000 4.225 -7.680 1.41175
0.000 6.397 -6.602 1.66386
0.831 5.478 -6.697 2.08064
0.225 6.394 -5.560 1.81491
0.385 7.683 -5.294 2.53657
0.481 9.401 -6.260 2.22908
1.472 9.400 -6.024 2.72884
1.081 12.091 -5.655 2.33302
0.161 11.288 -5.448 3.51766
0.000 8.444 -6.315 3.64707
0.000 5.608 -7.425 3.55778
0.000 6.633 -6.228 3.09514
0.290 6.805 -6.199 3.60726
1.634 6.596 -5.953 2.39740
0.134 9.045 -4.102 2.28382
0.120 7.354 -5.254 1.88106
0.818 8.753 -5.185 1.42864
0.000 12.166 -4.386 1.71474
0.858 7.572 -4.085 1.75279
0.321 9.172 -5.556 1.96003
0.376 8.185 -4.494 1.75448
0.280 9.968 -5.182 2.11933
0.696 14.835 -4.433 2.78037
0.101 11.555 -2.559 2.07796
0.879 10.562 -2.577 2.44233
0.010 9.061 -3.671 2.46138
0.020 11.323 -5.344 3.00433
0.065 9.990 -4.032 2.25718
0.371 4.150 -6.288 1.21741
0.042 7.443 -3.680 1.68282
0.000 11.607 -3.359 1.97546
0.135 11.610 -2.027 1.16545
2.293 11.289 -3.354 1.62568
0.116 13.709 -1.659 1.37096
0.041 15.940 -3.657 1.41030
3.661 16.067 -1.430 2.70118
8.981 5.605 -2.906 1.10057
5.879 4.285 -4.525 1.33228
1.158 9.673 -3.776 1.13710
0.093 14.419 -2.851 1.55078
0.010 14.400 -2.796 1.48277
0.000 17.854 -2.944 1.75151
0.000 17.584 -2.828 2.48981
0.227 15.612 -3.254 2.94624
0.044 14.830 -0.628 1.15115
3.343 16.168 0.197 1.21404
0.085 15.700 -2.180 2.47588
0.000 16.303 -1.332 2.21349
0.284 18.198 -0.877 2.77415
1.621 15.348 -1.587 2.54905
0.095 10.774 -3.139 1.37804
0.001 13.963 -1.482 1.78412
0.326 15.492 -1.462 1.27820
0.007 15.956 0.378 1.69678
0.096 13.926 -1.566 1.95311
0.161 14.506 -0.346 2.14839
0.000 12.348 -0.092 1.47822
0.000 16.790 0.247 3.17272
0.490 14.397 0.442 1.99154
0.420 16.453 -0.636 0.84251
0.000 17.729 0.728 1.75656
0.030 19.452 1.117 1.80375
0.020 20.241 1.675 2.23639
0.121 20.046 3.708 2.37262
3.930 14.014 1.122 1.98216
3.585 11.080 -0.690 1.73311
0.101 18.344 1.250 3.09423
0.000 17.683 0.764 2.29000
0.000 19.003 0.408 2.22441
0.584 18.016 0.537 2.07908
0.072 18.150 2.576 2.36440
1.486 13.586 0.540 1.32917
0.017 17.867 0.064 1.43963
0.096 16.074 1.808 2.61078
2.136 13.157 2.168 1.44760
2.750 14.118 1.938 1.60834
0.281 19.171 1.874 2.15473
1.548 17.593 1.655 2.21511
0.023 21.293 3.261 2.30373
0.608 19.314 2.523 1.44233
0.000 20.498 3.572 2.32116
2.554 19.114 2.576 2.09983
0.712 17.351 3.824 1.09626
0.000 21.401 2.211 1.80862
0.756 22.845 4.703 1.92601
1.461 24.215 4.626 1.87246
0.000 23.782 5.685 1.55613
7.866 22.225 4.794 1.48832
0.017 21.715 5.995 2.07624
2.384 18.529 4.710 1.69178
0.153 18.015 4.530 2.32622
3.051 15.974 2.509 1.49729
0.097 18.391 2.573 1.33293
0.000 20.889 3.344 1.57618
0.910 18.932 2.946 1.86125
0.369 20.491 4.105 1.75193
0.765 23.585 5.863 1.70782
0.451 23.260 4.988 1.72766
1.786 21.346 5.899 1.51232
14.262 17.763 5.322 1.46740
6.134 20.299 4.801 1.91701
18.383 20.278 6.029 1.74410
24.909 19.942 5.422 1.07636
3.468 19.185 4.573 1.50865
7.930 19.435 5.122 1.27823
0.019 20.343 5.224 1.66092
3.457 19.940 5.235 1.74376
1.535 17.666 5.991 1.52362
10.974 15.618 1.051 1.70284
9.440 13.372 1.537 1.00639
3.244 12.335 1.832 1.08816
0.340 15.701 2.478 1.02284
4.110 17.957 4.331 1.04575
5.834 12.655 2.590 1.33817
0.149 17.925 2.700 1.18422
2.331 19.246 2.997 1.19265
7.604 19.023 4.715 1.07985
0.000 19.642 3.695 1.41409
0.350 18.599 3.428 1.33231
1.237 20.601 5.088 0.94163
0.000 20.176 4.670 1.16003
5.187 20.162 4.317 1.04099
2.836 20.264 5.246 1.69884
0.180 19.846 5.971 1.36880
2.255 20.699 5.596 0.96231
1.648 21.045 6.067 1.98040
6.190 19.115 6.130 1.32568
1.068 19.122 5.881 1.39713
1.914 19.117 5.397 1.97767
5.895 19.165 2.901 2.54552
4.451 15.906 2.794 1.37049
6.627 15.364 2.294 1.79927
3.760 13.081 2.915 1.15364
1.982 15.150 2.364 1.17047
0.219 16.647 3.075 1.29960
0.000 18.468 4.184 1.03595
1.093 18.065 4.539 1.20786
0.429 18.551 4.067 1.24115
0.336 19.796 3.911 1.39390
0.662 19.949 4.122 1.51019
4.009 19.718 4.765 1.36307
0.049 19.315 4.772 1.26685
0.447 19.825 4.584 1.61468
0.000 19.331 4.570 1.40179
0.020 20.278 3.643 1.76399
0.000 20.057 4.654 1.53469
0.986 20.206 5.489 1.06097
9.928 18.695 3.460 1.20109
3.820 18.043 3.229 1.61471
0.000 18.079 2.833 1.23072
0.179 15.352 0.735 1.30661
0.159 16.664 2.039 1.13575
0.000 16.705 1.577 1.42387
0.000 17.505 1.499 1.08339
0.000 18.579 2.069 0.92319
0.058 19.202 3.063 1.13574
0.000 20.429 3.516 1.25199
0.000 21.682 4.749 1.23005
0.000 20.732 4.568 1.32232
0.653 21.796 4.709 1.30708
0.000 21.291 4.474 1.52705
0.000 20.500 4.662 1.49211
0.000 19.913 4.257 1.44052
0.000 20.524 3.062 1.84935
7.800 17.235 3.089 1.53308
0.013 17.637 2.399 1.16045
0.000 20.009 3.635 1.01419
0.073 19.307 3.022 2.20260
26.161 12.565 3.573 1.44597
0.099 17.866 2.747 2.08362
0.275 15.434 0.504 1.54386
0.047 17.080 1.920 0.99841
0.000 19.514 1.399 1.43483
0.000 17.653 2.703 1.59854
0.710 19.659 2.760 1.79531
0.011 19.796 3.272 1.67670
0.000 19.898 3.394 2.18869
0.200 20.364 2.631 1.60180
0.024 19.246 2.005 2.04469
0.797 18.378 2.279 1.63195
8.382 17.583 2.038 1.83063
1.725 17.066 2.487 1.64508
1.784 17.048 1.476 1.88761
0.000 18.478 -1.339 2.37072
0.035 17.934 0.187 2.10148
0.017 17.138 -0.796 2.19633
0.000 16.514 -1.182 1.72219
0.112 16.224 -2.089 1.71129
0.304 16.218 -1.970 1.62829
0.144 14.753 -1.725 1.66345
1.928 12.746 -1.690 2.11777
0.350 7.208 -4.199 1.27408
0.096 10.842 -4.009 0.87985
0.000 13.892 -3.275 1.00976
0.000 14.442 -2.859 1.41099
0.000 16.036 -2.764 1.23808
0.000 15.368 -3.344 1.44977
0.000 16.094 -2.867 1.26191
0.089 14.248 -1.757 0.98443
0.000 15.823 -2.361 1.31979
0.000 14.279 -3.474 1.78701
0.585 15.770 -3.027 1.95944
0.239 13.932 -1.995 2.62652
1.438 11.380 -3.633 1.54185
0.365 12.412 -3.513 2.32483
0.415 10.767 -4.144 1.98347
0.016 11.174 -4.273 2.17727
0.000 13.151 -4.116 1.72731
0.006 13.161 -3.825 2.26470
0.040 8.318 -4.674 2.10677
0.360 8.062 -5.706 1.29545
0.443 10.859 -6.378 1.40163
1.327 10.520 -6.367 2.39746
0.018 9.668 -5.824 2.56728
0.551 3.135 -5.052 1.48865
0.000 5.829 -5.736 0.92331
1.386 6.881 -6.574 1.11263
0.701 7.427 -6.597 1.59156
0.557 7.278 -6.330 1.27208
0.021 5.158 -6.819 1.78105
0.000 4.606 -6.598 1.43913
0.011 2.476 -6.412 1.29481
0.525 5.229 -6.406 1.13003
0.000 6.150 -5.962 1.90388
0.022 2.541 -7.435 1.52159
0.344 2.094 -8.203 1.54591
0.000 0.496 -11.272 1.75201
0.000 4.122 -11.514 1.56866
0.000 9.209 -8.631 1.27229
0.000 11.745 -5.234 1.78017
0.042 8.556 -5.217 1.51653
0.000 7.731 -6.299 1.52946
0.105 7.094 -6.327 1.94122
0.107 1.596 -5.499 1.80147
0.000 1.404 -9.122 1.60107
0.381 2.290 -9.282 1.58385
0.400 3.211 -9.346 1.74984
0.000 5.065 -9.625 1.66253
0.000 7.102 -9.638 1.70243
0.000 6.523 -8.057 1.65405
0.000 6.455 -7.566 1.51906
0.000 6.232 -8.407 1.10791
0.000 7.338 -8.604 1.12611
0.000 7.806 -6.438 1.20279
0.000 7.456 -6.879 1.25135
0.000 8.137 -7.130 1.45801
0.000 8.857 -7.110 1.75505
0.000 8.163 -7.598 1.30808
0.000 8.130 -7.982 1.80117
0.000 0.763 -11.282 2.03000
0.000 6.088 -11.684 1.65206
0.012 7.706 -10.973 2.08201
0.000 5.016 -9.797 2.72206
0.000 9.066 -9.834 2.17002
0.000 10.576 -8.913 1.91485
0.000 8.070 -8.143 1.99577
0.000 6.820 -9.334 2.27202
0.000 6.907 -9.650 2.03378
0.000 2.189 -12.533 3.36058
0.000 -0.540 -12.947 1.80782
0.000 1.303 -13.993 1.40401
0.000 3.741 -14.231 2.07860
0.000 4.152 -13.303 1.79227
0.000 3.846 -12.900 1.95716
0.000 1.975 -13.037 2.80666
0.000 1.905 -13.674 2.04133
0.000 3.544 -14.328 1.93435
0.000 4.676 -14.588 2.02653
0.000 6.238 -12.929 1.83287
0.000 6.898 -13.177 2.02426
0.000 7.349 -13.303 2.06598
0.000 7.529 -12.528 1.82264
0.000 4.793 -12.174 2.85858
0.000 3.769 -13.528 2.34789
0.000 1.371 -14.125 2.51846
0.000 1.508 -14.575 2.36899
0.000 1.366 -14.874 2.21992
0.000 4.312 -14.504 1.59773
0.000 5.890 -13.693 1.86317
0.000 8.283 -11.468 1.79634
0.000 7.574 -10.791 1.82354
0.000 4.343 -10.690 3.57736
0.000 -1.282 -15.120 2.96712
0.000 -3.753 -15.262 2.24898
0.013 -3.960 -16.411 1.84495
0.000 -1.245 -16.562 2.20845
0.000 -0.917 -17.384 2.26110
0.000 -0.852 -17.593 2.85261
0.026 -0.184 -17.391 2.67242
0.000 -1.052 -17.025 3.11835
0.000 -2.669 -17.131 3.02976
0.000 -3.208 -17.013 3.62275
0.006 -3.303 -17.613 3.20048
0.000 -5.413 -18.818 1.37544
0.000 -3.708 -19.092 2.36920
0.000 -0.067 -18.740 2.38626
0.000 -0.625 -18.990 2.59135
0.000 -1.535 -16.305 3.18711
0.000 -1.140 -18.055 3.45798
0.000 -1.779 -17.993 2.99334
0.000 -2.604 -15.856 2.77622
0.000 0.222 -16.209 2.52152
0.000 1.448 -16.367 2.43786
0.000 2.272 -16.121 2.13525
0.000 4.882 -15.523 2.16278
0.000 5.393 -15.624 2.47360
0.000 1.759 -16.013 2.94905
0.100 1.492 -17.370 2.69500
0.000 1.039 -17.502 2.72261
0.000 1.442 -15.554 1.66992
0.000 3.380 -15.522 2.07698
0.000 2.889 -15.648 2.76027
0.000 0.496 -15.422 2.09586
0.000 0.994 -15.698 2.61009
0.000 3.602 -15.863 2.33859
0.000 3.841 -12.885 2.80540
0.000 4.655 -12.207 2.62598
0.000 8.275 -12.254 2.59035
0.000 7.351 -9.670 4.23127
0.000 3.433 -9.710 6.06599
0.000 1.363 -16.034 4.27650
0.000 -1.028 -17.643 4.44101
0.000 -1.210 -17.680 2.96686
0.000 0.994 -16.432 3.00467
0.004 2.614 -13.765 3.38370
0.000 5.199 -13.002 3.37298
0.030 5.084 -11.979 3.93917
0.000 2.278 -11.878 3.68106
0.080 1.785 -11.135 2.40982
0.277 1.834 -12.372 2.58750
0.760 3.868 -12.345 2.45001
0.029 2.927 -11.464 2.15121
0.000 5.495 -10.667 2.41677
0.000 7.200 -10.077 2.54509
0.000 8.669 -8.944 2.37216
0.000 6.776 -7.060 2.49252
0.275 4.205 -7.468 3.79069
0.176 3.037 -10.588 3.24448
0.000 3.072 -10.526 3.16258
0.000 0.138 -12.606 4.25844
0.206 -0.390 -14.306 3.71560
0.004 -0.930 -14.174 3.77343
0.303 -4.027 -16.332 1.97647
0.564 0.511 -16.096 2.37801
0.296 4.998 -14.630 2.90971
0.059 5.765 -11.128 3.38709
0.000 5.247 -8.134 4.70904
0.000 5.054 -7.970 5.34102
0.000 3.700 -10.593 4.50750
0.000 3.711 -11.164 4.47883
0.000 6.337 -10.508 2.96277
0.000 7.264 -9.205 2.83709
0.000 8.314 -8.345 3.39772
0.000 4.145 -8.838 4.82458
0.006 2.985 -9.592 4.80219
0.000 0.983 -11.753 2.93971
0.000 4.558 -10.990 1.72217
0.000 6.027 -9.086 2.52198
0.000 8.003 -6.618 1.72316
0.020 11.860 -5.637 2.69529
0.000 12.943 -5.150 2.62786
0.230 10.649 -6.574 3.17133
0.075 10.012 -6.987 2.85075
0.013 10.620 -5.307 2.66279
4.171 8.718 -6.305 1.91371
2.070 11.099 -5.743 1.97963
0.002 8.492 -6.091 2.47155
0.133 12.453 -5.599 2.25590
0.026 8.293 -4.651 3.51723
0.216 1.747 -7.375 1.64088
0.893 4.954 -7.046 1.89680
0.073 9.301 -5.345 2.73548
0.125 12.890 -4.607 1.65106
2.839 13.258 -5.371 2.46348
0.048 13.076 -4.798 2.24454
0.090 8.941 -3.871 2.70578
0.101 6.035 -3.919 2.47873
0.009 6.513 -5.753 2.60533
4.777 6.747 -6.202 1.90300
0.508 9.875 -6.097 1.79839
0.471 12.397 -5.043 1.88539
0.027 13.210 -5.006 2.06994
0.001 12.410 -5.261 2.53704
0.100 8.065 -5.573 3.25683
0.355 11.452 -5.103 2.93622
0.014 11.234 -4.373 3.36958
0.000 7.718 -5.642 4.37008
0.101 8.183 -5.140 2.75748
3.752 8.120 -3.189 2.79982
0.063 2.655 -5.997 1.47242
0.136 8.449 -4.191 1.82949
0.299 12.013 -4.083 1.82358
0.179 10.225 -3.801 2.17797
0.000 11.823 -4.848 3.69438
0.320 11.359 -3.656 2.42730
3.065 2.082 -4.542 1.57689
4.620 8.565 -2.937 1.17460
0.326 3.997 -3.237 1.23122
1.557 5.627 -5.373 1.85738
0.055 8.753 -5.060 3.19970
0.454 11.041 -5.364 2.22004
0.421 11.052 -6.049 2.83253
0.177 10.238 -5.280 2.60377
0.000 11.753 -5.168 1.88372
0.077 13.455 -3.778 2.46033
0.329 13.746 -2.501 2.30132
0.000 10.042 -5.184 2.19889
0.000 16.303 -2.524 1.75043
0.000 16.495 -0.366 1.64861
0.000 17.455 0.221 1.25812
0.000 18.693 1.867 1.83447
0.000 17.590 -0.080 1.62414
0.000 14.602 -0.235 1.62524
0.361 16.150 -0.053 2.70832
1.492 14.958 -1.052 3.15352
0.689 14.777 -3.693 2.71333
0.480 14.274 -4.443 3.06032
0.296 14.223 -0.905 2.10630
0.000 16.774 -0.089 1.60148
0.000 19.309 0.739 2.04386
0.000 20.572 0.756 2.19125
0.000 21.257 0.831 2.09907
0.000 21.717 1.278 2.58644
0.000 21.673 -0.334 2.69410
0.030 21.438 1.481 2.57624
1.882 19.581 3.721 1.38282
0.000 19.680 2.009 1.68281
0.000 22.447 3.655 2.21757
0.026 21.866 3.696 1.97508
0.371 17.267 2.427 1.54767
0.000 18.399 4.198 2.36259
1.723 17.144 3.814 1.95565
0.005 14.879 2.800 1.55096
2.809 19.306 3.281 3.27729
0.299 16.940 1.814 2.59248
0.204 18.571 -1.367 3.47469
0.130 17.004 0.433 1.74365
0.194 19.745 3.500 1.83989
0.000 19.873 2.737 1.68271
0.000 21.987 4.383 1.73443
0.000 22.608 4.879 2.54881
0.000 22.531 3.645 2.96920
0.000 21.659 3.795 2.24083
1.796 21.536 2.282 2.10116
0.136 21.599 4.543 2.04948
8.624 19.399 3.636 1.58300
23.340 19.084 3.232 1.46533
3.592 19.511 3.880 1.91533
2.964 19.605 4.706 1.77630
2.655 19.053 4.595 1.40240
0.929 15.712 3.305 1.31585
15.923 18.944 3.170 1.45428
3.315 19.336 3.922 1.72914
1.140 19.334 3.716 1.13154
5.543 19.588 3.527 1.82197
3.829 18.419 1.807 2.75239
1.327 17.889 3.329 1.88720
0.004 18.322 2.183 1.99229
0.019 19.096 3.249 1.45545
6.083 20.220 4.499 1.28682
11.616 17.962 4.651 1.12546
6.393 18.629 5.746 1.39614
0.443 18.957 4.463 2.15275
4.630 15.096 3.598 1.22023
19.775 18.758 4.730 1.41375
0.716 16.830 4.034 1.32029
4.197 19.241 5.084 1.65679
0.064 17.858 4.354 1.73111
0.018 19.833 3.893 2.08497
0.028 20.976 5.466 1.24560
28.308 20.986 6.657 1.36007
14.789 20.353 4.625 1.36461
9.653 18.640 5.643 1.61466
2.588 17.595 5.025 1.01769
3.298 19.056 5.622 1.44280
0.928 18.090 4.285 1.79835
2.651 19.365 4.197 2.01465
9.684 19.121 4.836 1.37113
3.454 19.513 4.968 1.00923
9.892 18.794 1.307 1.90538
12.643 18.453 2.445 1.61748
0.229 20.418 5.313 1.78638
11.301 17.586 6.289 1.23476
7.904 19.034 5.381 1.10133
2.026 18.069 2.866 1.32839
4.095 18.007 4.431 1.10593
0.000 19.235 5.159 1.33126
0.364 18.980 3.746 1.56062
1.254 17.600 4.339 1.32938
1.014 19.115 5.763 1.52064
0.000 19.243 5.768 1.33556
0.040 20.632 5.373 1.16921
7.900 16.299 3.287 1.11261
13.255 17.617 4.042 1.60058
4.219 14.301 3.608 1.58137
7.950 17.272 3.933 1.53148
0.360 17.093 3.427 1.52243
2.154 18.022 4.333 1.04885
0.974 18.016 6.053 1.03495
0.669 18.318 5.248 1.43815
0.000 18.583 4.862 1.48939
5.219 19.350 5.063 1.25683
0.092 18.949 3.882 1.71605
0.000 19.913 4.497 1.37556
0.000 21.017 6.096 1.12148
0.269 19.508 6.573 0.90813
7.364 17.516 6.191 1.37983
0.262 17.126 5.594 1.22044
0.863 19.629 6.342 1.29311
0.195 19.128 5.799 1.62189
0.000 21.215 5.738 1.47749
3.767 14.658 4.271 1.01158
8.604 17.402 4.971 1.36580
5.516 13.395 3.974 1.44646
13.687 16.056 1.677 1.46938
3.529 15.013 2.485 1.21277
0.611 13.747 3.119 0.84021
0.105 17.129 3.846 0.76249
0.000 17.519 2.135 1.29536
10.400 18.194 4.132 1.32936
3.516 18.392 4.595 1.26802
5.150 17.936 3.715 1.92566
10.245 15.001 4.633 1.72244
0.551 17.587 3.248 1.56589
2.838 9.474 -0.003 1.88616
2.047 12.065 0.838 1.22632
5.534 8.499 -0.541 1.20819
0.124 11.697 0.425 0.91487
3.306 13.048 0.161 1.16280
0.000 16.330 1.284 1.11158
0.069 17.553 3.213 1.42059
0.531 17.501 2.878 1.09549
0.145 17.952 2.288 1.65359
1.142 17.628 3.578 1.17033
16.155 15.288 3.082 1.21304
1.189 10.516 -1.141 1.33096
0.000 13.892 -0.216 1.11720
2.751 13.118 0.497 1.30419
3.355 13.826 0.475 3.01422
0.366 10.961 0.641 1.62343
2.579 11.082 1.257 1.08609
9.841 15.517 1.833 1.37639
0.593 14.408 1.474 1.89659
0.699 11.894 1.815 1.80737
0.260 10.559 1.229 1.33488
1.532 13.368 1.097 1.84093
0.819 8.322 0.209 1.25154
0.499 13.616 0.682 1.50241
0.000 14.141 0.619 1.69473
0.000 14.862 1.631 1.19566
0.025 15.439 1.944 1.01756
0.005 13.662 1.407 1.18425
3.300 14.653 0.771 1.15522
0.000 15.227 -0.292 1.24219
0.409 14.048 0.530 1.46117
6.685 12.412 0.282 1.63273
0.596 12.192 0.612 1.42922
0.000 11.112 -0.344 1.60175
0.144 14.346 -0.584 2.48454
0.226 10.250 -2.235 1.66554
0.000 13.615 -3.854 2.14572
0.000 13.838 -3.237 1.75480
0.068 11.019 -2.673 1.79680
0.095 11.701 -1.555 2.28646
0.000 9.863 -2.481 2.09923
0.000 11.853 -4.509 2.35767
0.000 10.229 -5.709 2.49888
0.000 10.618 -5.530 2.45599
0.000 10.235 -4.856 2.11308
0.000 7.566 -5.298 1.10613
0.015 9.374 -6.196 2.53634
0.159 9.203 -5.918 2.14499
0.000 8.631 -5.505 1.89237
0.000 8.785 -5.415 1.39211
0.037 12.034 -5.288 1.38151
0.006 12.415 -5.683 2.36658
0.000 10.286 -5.654 2.21365
0.000 7.649 -6.281 2.41731
0.000 5.211 -5.206 2.49855
0.000 7.319 -6.272 2.03073
0.000 8.204 -6.360 2.26267
0.000 7.583 -6.400 2.20931
0.000 6.127 -5.994 1.32876
0.180 6.192 -5.741 1.18688
0.132 6.737 -5.822 1.93102
0.000 7.337 -5.669 1.99761
0.056 7.137 -5.286 2.23824
0.000 5.733 -5.263 1.33320
0.000 7.190 -5.341 1.65537
0.000 6.826 -5.759 1.35741
0.000 7.857 -5.850 2.19430
0.000 6.970 -5.403 3.10781
0.048 4.514 -7.930 2.67260
0.262 4.563 -7.981 1.60602
0.000 4.461 -7.237 0.99595
0.000 4.847 -8.119 2.09971
0.055 3.848 -9.962 1.06625
0.000 4.398 -10.714 2.11975
0.000 4.556 -10.845 2.15320
0.000 4.818 -7.825 2.38273
0.000 1.088 -11.486 1.48837
0.000 5.170 -11.688 1.43758
0.007 8.121 -9.400 1.83750
0.000 7.225 -8.815 2.54434
0.000 5.165 -9.992 2.52452
0.000 6.937 -10.132 1.95752
0.000 4.883 -8.457 2.29191
0.001 6.183 -8.791 2.73305
0.000 3.412 -8.973 5.29722
0.006 0.353 -12.084 2.86162
0.000 2.454 -12.266 2.40025
0.005 0.736 -11.645 2.10671
0.000 4.432 -11.528 2.05433
0.136 4.119 -10.501 2.88631
0.000 2.781 -10.625 2.95800
0.000 0.524 -9.795 1.39528
0.006 3.368 -10.752 1.68364
0.000 5.232 -10.925 1.95833
0.000 3.875 -10.855 2.07343
0.000 5.022 -10.607 1.99659
0.000 3.462 -10.934 1.76607
0.004 5.103 -9.472 1.35068
0.004 4.610 -9.361 1.40704
0.000 0.065 -9.665 1.27960
0.000 1.734 -11.155 1.42243
0.000 1.246 -12.395 1.74902
0.000 0.296 -12.700 3.66053
0.000 -0.040 -12.672 2.58167
0.000 -0.372 -14.550 1.74969
0.000 1.827 -14.751 1.90776
0.000 5.420 -12.760 2.19419
0.000 5.339 -11.797 2.51117
0.000 6.035 -10.884 2.06915
0.000 4.756 -11.157 2.72149
0.000 3.713 -12.981 3.00307
0.009 2.036 -13.378 2.41929
0.081 1.153 -13.617 1.45730
0.000 -1.484 -14.638 1.53075
0.019 3.439 -15.998 1.71092
0.000 0.585 -15.973 2.33576
0.004 -4.068 -14.972 1.63660
0.000 1.012 -15.391 2.09480
0.000 2.386 -15.635 2.67799
0.000 3.657 -14.237 2.57006
0.000 3.729 -12.706 2.16004
0.000 3.681 -12.180 1.90427
0.000 2.776 -12.333 1.77142
0.000 6.813 -12.187 2.80870
0.000 1.006 -13.100 3.22825
0.000 1.885 -13.530 2.70085
0.000 1.756 -15.751 3.02373
0.000 -1.454 -17.461 3.39542
0.000 -2.470 -17.569 3.16529
0.000 -3.839 -16.864 2.19981
0.026 -0.284 -17.136 1.79709
0.000 -4.057 -14.360 1.22383
0.080 -4.623 -14.291 0.96416
0.000 -1.661 -16.163 2.38553
0.000 2.830 -16.193 2.08435
0.000 1.291 -15.435 1.87097
0.068 4.123 -14.721 2.09911
0.000 4.660 -13.115 1.99758
0.000 6.802 -12.957 1.67299
0.029 7.062 -11.487 1.95051
0.000 3.554 -11.343 3.67992
0.025 -2.077 -14.282 3.75618
0.000 -2.692 -15.766 2.90986
0.000 -1.365 -16.470 1.59293
0.000 0.656 -16.653 1.89140
0.025 0.969 -15.711 2.25920
0.000 -2.307 -15.724 1.83018
0.000 -0.011 -15.078 1.51548
0.000 0.501 -14.900 2.49773
0.000 1.241 -15.545 2.02303
0.000 3.380 -15.619 2.61971
0.000 -0.286 -15.192 2.46342
0.000 3.246 -14.848 2.05687
0.000 2.742 -12.820 1.95515
0.000 -0.082 -12.358 2.53067
0.000 0.670 -12.237 1.81815
0.000 2.547 -12.323 2.34050
0.000 8.068 -11.969 1.62044
0.000 7.935 -9.746 2.48425
0.542 7.192 -8.451 3.84307
0.000 3.401 -10.400 4.92172
0.000 0.867 -13.048 2.96505
0.000 3.662 -13.125 2.74251
0.000 3.393 -12.638 2.62140
0.009 4.779 -12.221 3.44726
0.000 3.453 -11.491 4.88907
0.000 1.844 -11.650 3.68552
0.000 3.146 -11.580 2.96862
0.000 4.824 -11.180 3.70936
0.349 5.101 -7.903 5.61681
0.000 1.721 -12.687 3.89943
0.000 1.146 -13.814 2.72167
0.000 2.892 -13.793 3.33842
0.000 2.880 -10.580 2.08725
0.000 6.363 -10.209 2.21740
0.000 5.940 -9.827 2.41222
0.126 6.795 -9.100 2.50028
0.000 4.836 -7.345 2.23764
0.000 7.958 -7.168 1.80723
0.000 11.029 -6.046 2.16148
0.000 10.514 -6.349 3.27997
0.000 8.311 -5.935 2.85108
0.022 8.510 -5.771 2.35504
0.001 6.358 -5.862 2.91923
0.000 6.324 -6.435 1.76396
0.004 8.532 -5.781 1.89022
0.885 3.368 -4.808 1.35558
0.155 1.246 -6.162 0.84416
0.183 5.504 -7.193 1.42749
0.032 9.092 -6.534 1.57898
0.040 9.197 -6.626 2.48111
0.106 7.139 -7.112 3.18555
0.000 6.139 -5.439 1.57600
0.204 7.995 -5.950 1.74339
0.077 5.868 -4.783 1.88078
0.066 8.235 -4.934 2.65058
0.124 9.573 -4.476 2.94655
0.305 9.163 -7.378 2.77938
0.010 4.118 -7.289 3.84896
2.005 2.185 -6.172 1.76485
0.046 7.166 -5.531 1.72938
0.104 6.069 -5.608 2.23382
0.106 3.496 -6.235 2.20151
0.194 6.928 -5.623 2.18555
0.164 10.503 -4.980 2.30505
1.886 8.080 -4.465 1.65334
0.595 3.096 -5.686 2.28362
0.227 6.800 -4.656 2.48590
0.264 10.336 -4.117 1.76870
2.330 7.679 -3.571 2.06478
0.352 4.665 -5.565 1.10213
0.391 4.653 -6.210 2.13258
0.010 6.425 -5.747 2.43326
0.101 9.077 -4.718 1.91354
0.079 10.822 -4.683 2.16464
0.993 8.494 -4.962 2.43309
0.444 2.105 -5.431 2.11917
0.261 5.238 -7.173 3.01489
0.278 7.673 -5.714 2.28725
0.850 7.058 -5.823 1.58412
0.079 7.265 -4.428 1.90995
1.618 11.387 -2.374 2.86436
3.319 5.227 -3.473 1.72425
2.518 3.092 -5.705 1.66230
0.434 5.743 -5.340 1.45209
2.249 8.672 -4.931 2.97682
0.556 5.770 -4.055 2.06410
0.119 5.809 -4.741 0.84820
0.377 9.192 -4.253 1.63682
0.539 11.064 -4.399 2.38908
0.519 11.114 -4.440 1.84552
0.508 12.370 -4.219 1.59078
1.106 10.447 -4.309 2.87566
0.022 11.172 -3.015 2.69857
0.166 10.875 -4.745 3.03498
0.073 10.003 -3.727 1.65086
4.205 9.254 -3.591 0.95346
1.555 13.365 -3.058 1.53038
1.400 14.365 -1.489 1.26469
1.375 13.558 -1.737 1.97868
2.590 15.974 -0.535 1.49960
1.285 15.794 0.540 1.32804
0.446 17.537 0.112 1.95413
9.633 6.738 -1.765 1.27034
2.116 10.059 -3.926 3.04881
0.722 9.479 -4.673 2.99787
0.686 10.200 -3.492 1.42079
0.407 11.941 -2.016 1.43025
1.269 11.307 -2.991 1.44847
1.175 11.633 -2.770 1.40067
2.490 6.807 -3.199 1.12908
5.518 9.894 -1.802 0.68778
0.785 9.998 -2.212 1.20713
0.586 11.962 -2.324 1.68912
0.291 12.631 -4.163 2.55124
0.107 13.540 -2.068 2.37733
0.161 15.817 -3.352 2.39072
1.172 16.892 0.354 2.86396
0.479 16.156 -1.021 2.77138
0.206 15.253 -0.718 2.40053
0.256 11.782 -1.674 1.78345
0.359 14.576 -1.186 1.63272
0.618 16.947 0.987 1.33955
0.199 16.991 1.468 1.32891
4.350 12.484 1.290 1.60896
1.887 12.784 -0.084 1.82070
0.000 16.425 0.032 2.33148
0.000 21.057 1.332 1.58250
0.000 21.920 2.196 2.31544
0.491 17.646 3.014 2.02052
0.101 17.826 2.041 2.72243
0.000 17.621 1.259 2.83389
0.116 18.371 3.433 2.82401
11.419 17.335 2.480 1.34707
0.559 15.053 2.380 1.17666
15.614 16.323 3.190 1.32145
0.318 16.907 2.988 1.80200
14.851 18.614 2.858 1.24026
0.045 19.107 3.660 1.37309
0.000 19.839 4.677 2.06255
4.907 19.101 3.751 1.62522
0.140 19.123 -2.998 2.23341
0.000 14.096 -0.572 2.31660
0.000 18.081 1.933 1.68917
0.060 20.799 1.887 1.70563
0.079 21.921 0.777 2.67607
0.000 22.042 2.536 2.33195
0.000 22.566 3.353 1.99256
0.000 23.052 4.260 2.01514
0.000 21.998 3.743 2.02626
0.029 23.222 5.288 2.02078
0.034 23.504 5.137 2.16478
2.378 22.592 7.604 1.29436
2.321 15.928 3.118 1.80174
13.094 20.685 4.438 1.43757
1.255 21.328 5.872 1.70847
7.364 20.301 4.640 1.21674
0.621 19.475 4.626 1.71595
4.650 13.822 3.760 1.23643
0.000 15.354 2.773 1.14303
0.670 17.974 5.160 1.70781
0.699 17.299 5.308 1.93463
10.428 20.319 4.831 1.68636
23.241 19.366 5.844 1.34107
0.573 21.511 5.637 1.35767
3.187 22.055 7.981 1.30252
3.541 16.728 5.256 1.19015
3.244 19.534 5.570 1.60818
7.075 21.253 5.547 1.42730
5.340 21.567 6.654 1.84065
1.450 16.121 3.813 1.96871
5.121 16.530 4.549 1.77076
2.729 18.032 4.974 1.30083
1.358 20.607 5.082 1.71872
5.944 19.987 6.160 1.48142
0.000 20.870 7.082 1.37153
1.551 20.887 5.923 1.70768
0.021 21.605 6.796 1.53052
0.055 20.871 5.821 1.83511
16.376 16.743 6.431 1.41328
8.402 18.097 4.508 1.07010
11.810 19.177 4.152 1.47637
1.986 18.148 3.459 1.29809
5.814 17.543 5.853 1.72132
0.000 17.421 4.818 1.34835
0.239 20.011 4.950 1.69867
0.737 19.717 5.928 1.59699
0.250 20.134 2.838 1.76125
0.462 19.177 4.344 1.52065
0.137 19.664 4.966 1.50399
8.646 19.287 5.524 1.22668
0.293 17.263 2.516 1.74273
1.561 16.889 3.142 1.05201
2.491 15.771 4.420 0.95231
0.000 15.347 4.087 1.04002
2.660 16.546 3.428 1.15161
0.000 17.386 3.627 1.23766
0.391 19.086 4.001 1.07567
0.590 17.483 2.112 1.56574
2.695 19.097 4.429 1.32679
18.322 19.014 1.336 1.64533
0.469 16.970 2.892 1.40260
4.611 14.019 2.546 1.21332
4.954 18.088 3.031 1.22315
1.502 16.747 1.711 1.86443
0.221 18.741 3.213 1.77086
0.000 19.515 2.861 1.37809
3.874 20.836 4.222 1.25214
0.054 20.458 4.976 1.21848
0.010 20.620 4.752 0.90801
0.025 19.404 3.658 1.36300
0.000 20.521 4.260 1.43830
0.000 19.856 5.392 1.63464
3.139 15.404 2.226 1.31390
0.000 18.501 3.622 1.37341
1.337 19.766 5.561 0.99027
0.585 19.094 5.480 1.02553
2.696 19.252 4.419 0.90552
4.200 18.212 4.412 1.51511
2.173 19.217 4.298 1.53857
0.760 17.086 3.393 1.43964
9.065 20.052 5.411 1.18024
6.682 19.492 5.949 0.90839
6.895 17.288 4.437 1.75502
0.701 19.680 4.828 1.49231
3.983 15.418 4.309 1.52742
4.941 15.485 3.010 1.68344
0.524 12.553 3.349 1.65869
3.275 13.958 2.832 1.68376
14.680 10.786 1.754 1.32909
0.105 15.535 1.679 2.38829
0.020 14.984 1.987 1.94526
0.830 13.634 1.789 1.24066
2.454 12.030 0.898 1.09288
3.594 11.892 0.773 1.07879
1.691 13.227 -1.125 1.45893
0.000 13.398 -0.435 1.18988
0.000 15.533 -0.162 1.03769
0.000 15.744 -0.445 1.65782
0.000 14.703 -0.112 1.61593
0.000 15.761 1.549 1.63072
0.000 16.703 2.803 1.41326
3.179 16.855 3.598 1.24253
0.006 16.739 3.168 1.44755
0.294 17.407 4.024 1.10028
0.505 17.769 3.158 1.54677
2.474 17.413 4.470 0.94421
3.111 15.702 2.449 0.93516
7.941 15.390 0.971 1.13798
0.135 16.749 1.943 1.68628
5.955 15.378 -2.023 2.19185
0.000 12.522 -1.919 1.43858
0.000 14.467 -1.641 1.18353
0.000 13.367 -1.611 1.89297
0.025 14.851 -0.456 1.17531
0.530 13.604 -0.098 1.04483
0.137 11.429 0.650 1.68553
1.505 8.335 0.255 1.28562
0.633 6.763 -2.389 0.98616
0.598 10.162 -2.100 1.04062
6.117 7.394 -2.039 1.31402
5.111 3.873 -4.426 1.60413
0.840 9.482 -4.068 1.61165
0.268 12.361 -3.441 1.24982
0.052 14.230 -1.951 1.07904
0.305 14.272 -3.098 1.50426
0.000 13.950 -4.060 1.30619
0.191 15.359 -3.730 1.09493
0.936 9.959 -0.493 1.09212
0.422 12.436 -0.370 1.99491
0.691 12.311 -1.581 1.21654
0.069 13.125 -3.461 2.29467
0.000 13.019 -4.165 1.95320
0.026 11.053 -4.342 2.45789
0.030 10.547 -4.436 2.40634
0.196 8.462 -4.217 2.64092
2.372 6.715 -5.508 1.57733
0.687 4.729 -6.544 1.59286
0.531 7.890 -6.516 1.02264
1.649 8.279 -4.846 1.68317
0.000 6.617 -4.058 1.38981
0.660 5.436 -3.590 1.08896
2.229 4.573 -5.263 1.90795
0.615 2.573 -7.299 1.97456
0.206 6.192 -7.313 1.53058
0.591 3.349 -5.192 1.36577
0.002 3.436 -5.905 1.55427
0.151 4.236 -5.817 2.15388
0.064 4.852 -5.540 1.93357
0.240 5.792 -5.363 2.06881
0.007 4.716 -5.174 1.45464
0.000 7.914 -6.433 1.50179
0.001 7.861 -6.916 2.42981
0.000 7.796 -7.290 2.45982
0.000 7.790 -8.498 2.18712
0.000 7.236 -8.680 2.44664
0.004 6.014 -9.230 2.11768
0.000 6.185 -10.762 2.18424
0.002 6.158 -10.800 2.04189
0.000 5.423 -10.609 2.10566
0.000 6.398 -10.321 1.95406
0.000 5.960 -8.592 1.20799
0.000 6.787 -7.324 1.23522
0.001 4.827 -5.622 0.71263
0.183 2.795 -6.974 1.14681
0.024 4.907 -7.561 1.73946
0.000 4.548 -8.843 1.87290
0.000 7.274 -9.046 1.91701
0.001 6.817 -11.111 2.78474
0.000 4.875 -11.278 1.73384
0.000 7.197 -9.176 1.81309
0.012 7.707 -7.655 2.12099
0.000 6.659 -7.534 1.78975
0.000 8.375 -7.481 1.74443
0.011 7.815 -6.425 1.68114
0.001 3.485 -8.953 1.68312
0.000 2.175 -9.282 0.80411
0.000 2.800 -9.150 1.03143
0.063 4.968 -11.033 1.40748
0.000 4.802 -11.259 2.11637
0.000 3.686 -9.746 1.24885
0.170 3.237 -10.538 1.37926
0.000 4.546 -10.836 1.89196
0.000 3.824 -10.774 1.75789
0.001 3.593 -11.935 2.35644
0.026 2.704 -12.159 1.61140
0.000 0.190 -11.444 1.53460
0.584 -3.753 -11.707 0.92896
0.002 -3.375 -12.217 1.38705
0.082 -6.968 -13.905 1.99095
0.000 -10.176 -17.935 2.21569
0.000 -6.130 -18.291 1.67607
0.000 0.263 -16.838 1.22459
0.178 0.325 -13.392 1.17170
0.001 -0.037 -14.413 1.83866
0.000 -2.112 -14.590 1.97834
0.000 0.104 -14.498 2.06778
0.422 3.403 -13.976 2.16843
0.000 5.389 -13.362 1.81871
0.000 6.482 -12.525 2.06049
0.000 6.540 -11.705 2.21346
0.000 6.409 -12.257 2.16845
0.000 7.018 -12.533 2.10824
0.000 5.058 -12.357 2.67077
0.000 1.884 -13.108 2.05585
0.000 2.448 -13.420 1.70554
0.000 4.323 -13.842 1.66689
0.000 4.217 -14.224 2.04228
0.022 3.392 -14.060 2.04750
0.000 3.789 -13.240 2.01262
0.000 5.870 -12.906 2.47026
0.000 2.876 -13.629 2.42790
0.000 -0.094 -13.742 2.95376
0.000 -1.790 -15.893 2.65814
0.000 1.367 -16.119 2.39232
0.000 2.763 -14.411 2.41060
0.000 1.472 -14.853 2.48003
0.109 -0.598 -14.867 2.70687
0.000 -5.735 -16.255 1.64111
0.027 -1.419 -16.110 1.65441
0.000 2.694 -14.316 1.81810
0.000 3.263 -13.465 2.33589
0.161 -3.516 -13.918 1.24319
0.007 1.166 -14.328 1.33959
0.000 3.848 -14.320 1.93957
0.000 1.449 -14.385 2.34278
0.000 -2.566 -14.797 2.11382
0.000 2.736 -14.973 1.57462
0.000 5.931 -11.854 1.38275
0.040 7.558 -10.821 1.91808
0.000 5.531 -10.513 1.70994
0.000 5.309 -10.435 2.73264
0.000 4.524 -11.055 1.85861
0.000 3.791 -11.692 2.09321
0.277 0.354 -12.311 2.09649
0.039 1.730 -12.671 1.31604
0.006 4.032 -12.807 2.33331
0.000 3.341 -12.855 1.62981
0.000 4.370 -12.959 1.13845
0.000 6.226 -9.598 1.30977
0.000 7.465 -8.625 1.70456
0.000 7.177 -9.313 2.86053
0.000 5.152 -9.970 2.94917
0.000 3.189 -11.387 2.82302
0.000 3.952 -11.544 2.24969
0.000 3.427 -10.810 3.06684
0.000 3.594 -11.598 3.36134
0.000 4.136 -13.241 3.39339
0.000 2.610 -13.303 4.71764
0.000 0.620 -13.720 3.03767
0.000 3.986 -13.755 2.30983
0.000 4.804 -12.602 3.54351
0.000 4.077 -11.417 4.77883
0.037 2.331 -8.984 5.57503
0.100 -0.423 -13.675 3.67198
0.000 -3.757 -14.988 2.37220
0.214 1.350 -14.900 1.96781
0.000 2.781 -10.331 3.14527
0.000 4.572 -10.457 2.31879
0.000 7.057 -10.336 2.27278
0.015 7.026 -8.085 3.20046
0.091 2.171 -9.109 2.19668
0.050 5.943 -9.026 1.98228
0.105 7.094 -8.443 3.45374
0.026 5.153 -7.529 3.90314
0.523 5.148 -9.027 3.60791
0.000 4.824 -8.990 3.98573
0.142 4.367 -8.422 4.36668
0.369 3.872 -9.988 3.94791
0.000 4.808 -9.936 2.64403
0.015 2.031 -9.324 3.56674
0.000 3.208 -12.256 4.35454
0.000 2.796 -11.490 3.71451
0.015 0.629 -11.811 2.01982
0.160 4.160 -11.378 2.03901
0.000 5.712 -9.197 2.67194
0.000 4.949 -8.172 2.67188
0.000 6.564 -6.772 2.14883
0.025 7.368 -5.593 2.75053
0.110 7.489 -6.160 1.88610
0.308 6.583 -5.818 2.38946
0.056 9.991 -6.286 1.53655
0.095 10.563 -5.346 1.97217
0.392 10.643 -5.151 2.00473
0.196 7.193 -6.785 2.19214
0.039 4.438 -6.713 2.70775
0.036 3.018 -7.431 1.76241
0.199 5.553 -6.816 1.77813
0.105 5.276 -5.787 1.37822
0.064 4.319 -6.056 1.02503
0.016 6.459 -5.282 1.84254
0.138 7.409 -5.492 1.83775
0.939 4.347 -5.261 1.25620
0.250 9.897 -3.588 1.73462
2.360 8.070 -3.035 1.98380
1.074 6.967 -4.259 1.39669
0.903 4.890 -5.262 2.22514
0.003 6.341 -7.251 2.90817
0.954 5.322 -6.536 1.62676
0.205 6.215 -6.181 1.83290
0.318 6.653 -5.747 1.83992
0.128 8.520 -3.519 2.22443
0.136 10.507 -5.250 1.83747
1.296 10.537 -3.546 1.66775
0.509 9.028 -2.826 1.40389
0.000 7.333 -4.996 1.27587
0.140 11.479 -6.577 3.49861
0.000 10.102 -5.441 3.00762
0.000 10.143 -6.710 2.18812
0.000 10.300 -6.516 3.00875
0.000 10.244 -6.471 2.60756
0.000 8.642 -4.922 2.72508
0.058 9.050 -4.342 2.01641
0.206 8.787 -4.476 3.08610
0.000 10.757 -4.462 2.74578
0.000 15.982 -4.451 3.21660
0.000 14.467 -4.848 3.86256
0.000 11.937 -5.255 2.54170
0.000 13.734 -5.132 3.01145
0.010 14.511 -5.166 3.08399
0.000 9.645 -4.679 3.17872
0.174 8.751 -5.178 2.35490
0.306 13.976 -3.675 2.06623
0.014 12.002 -3.684 2.29950
0.149 9.464 -4.294 2.43985
1.245 9.004 -4.888 1.81973
0.157 14.257 -2.184 1.50573
1.616 13.573 -2.371 1.40990
0.220 10.400 -4.632 1.83535
0.241 13.143 -2.863 2.12564
3.380 9.805 -3.989 1.14411
0.106 12.554 -3.797 1.83570
6.842 14.746 -1.547 2.04575
1.354 10.781 -1.968 1.67719
4.240 11.105 -2.166 1.80889
7.692 8.717 -1.122 1.78099
2.470 7.252 -2.347 1.21890
1.509 12.637 -2.227 2.71270
0.023 12.784 -1.335 2.58607
1.466 13.790 -1.352 2.17645
1.319 15.384 -3.352 3.67827
0.018 12.654 -2.828 3.84034
0.026 15.087 -2.208 2.86305
0.021 16.514 -1.563 1.81754
0.248 18.264 -0.455 2.01334
0.000 18.738 0.021 1.94873
0.000 18.125 -0.319 2.20457
0.236 16.809 -1.836 2.33906
0.281 18.546 -2.967 3.01723
0.000 19.664 -1.835 2.29320
0.636 20.396 0.511 2.45617
0.000 19.088 0.701 2.88875
0.000 18.701 2.236 2.60814
0.056 20.189 2.848 3.35974
1.945 19.179 2.615 3.36404
0.000 19.070 -0.061 3.35265
0.000 17.588 0.260 2.63577
0.000 19.612 2.653 1.25745
0.000 19.867 2.471 1.76110
0.000 23.396 3.348 1.96306
0.000 21.539 4.628 1.52499
0.000 20.345 4.325 1.57478
0.000 21.363 4.776 1.24678
0.105 20.645 4.338 1.44674
0.335 20.022 5.017 1.32803
1.975 18.279 4.926 1.40117
12.331 16.611 3.963 1.57599
0.297 17.589 3.833 1.68149
0.000 18.924 4.327 1.95451
0.030 21.256 2.298 2.76370
0.236 20.093 4.711 2.60897
0.489 16.130 3.692 2.21028
3.185 18.768 0.731 2.73944
1.290 11.864 0.814 1.52856
0.000 18.636 2.214 0.98577
0.000 22.294 4.586 1.80137
1.325 17.854 5.471 1.92855
1.944 14.739 4.287 1.86947
1.609 17.780 4.642 2.48283
1.816 17.108 5.209 1.87640
0.330 18.563 4.512 2.06211
0.000 16.344 3.740 2.12813
0.000 20.810 3.067 2.39721
0.008 23.656 4.563 1.88977
0.935 21.945 5.623 1.71703
8.212 19.697 5.537 1.04480
5.861 13.762 4.361 1.49128
7.211 13.916 2.340 1.14943
0.059 15.116 3.217 1.05729
5.830 13.903 3.714 1.21153
0.040 17.710 3.525 1.38050
0.000 20.301 5.553 1.34727
2.366 21.201 6.447 1.65887
3.947 19.163 4.670 1.31860
3.458 20.567 4.976 1.49275
0.983 21.525 6.828 1.67566
0.145 21.564 6.672 1.74387
14.356 21.612 4.787 1.46998
13.441 17.968 5.789 0.97942
3.035 18.771 4.710 1.13989
6.700 14.276 4.937 1.04485
19.157 14.235 2.910 0.90643
13.724 12.358 1.719 1.30463
0.000 16.792 3.209 1.32318
13.539 17.441 4.369 1.52237
2.421 13.654 4.656 1.61572
1.406 18.094 5.706 1.55521
0.717 17.626 4.716 1.79175
0.000 18.810 5.240 1.32750
0.240 17.852 4.881 1.51501
3.717 17.493 2.007 1.64617
3.293 16.923 2.959 1.18554
14.324 17.280 4.680 1.43190
10.453 16.030 5.153 1.03085
4.131 17.069 3.328 0.93255
0.000 17.745 4.931 1.28092
2.159 17.094 5.411 1.28271
13.768 18.584 5.085 1.59021
1.790 18.315 4.914 0.92582
0.270 19.082 4.874 1.15817
0.000 18.661 4.219 1.74600
0.718 19.945 7.047 1.46728
0.383 18.386 6.039 1.28700
0.605 20.281 6.151 1.01300
1.341 20.161 7.152 1.33495
1.025 20.820 5.467 1.43811
0.085 21.233 6.752 1.53841
11.555 20.324 6.708 1.09342
8.895 20.644 6.173 1.52456
13.844 17.211 3.328 1.35661
5.345 15.143 3.538 1.29144
1.432 15.957 4.374 1.49346
11.684 12.390 0.952 1.64481
1.629 14.696 1.363 2.04367
0.214 12.215 2.377 1.34825
11.738 14.445 2.842 1.67018
4.116 17.174 4.670 1.37706
1.597 17.384 3.420 1.32451
2.421 16.906 3.595 1.80938
0.085 13.507 3.104 1.77572
5.206 13.765 2.541 1.83590
3.343 8.817 1.098 1.06720
3.176 11.510 1.240 1.09179
0.581 13.356 0.993 1.59287
12.964 12.780 1.572 0.74145
6.974 13.917 1.357 1.00106
4.462 14.574 2.264 1.08545
0.784 15.620 2.998 1.54793
7.670 14.782 2.087 1.34733
0.199 15.587 1.815 1.66491
0.386 16.169 3.301 1.38842
3.476 15.681 3.648 1.22006
10.696 15.213 3.022 1.53846
11.343 16.319 3.526 1.14695
0.355 16.728 4.624 0.93730
0.051 16.643 4.908 0.93478
0.020 16.993 4.457 1.03272
0.756 17.429 3.806 1.23854
0.000 17.579 2.850 1.55267
0.000 16.781 2.002 1.59646
0.095 16.637 2.955 1.16406
0.041 17.240 3.272 1.27092
0.000 17.103 2.300 1.63978
0.000 16.981 2.525 1.91384
0.000 16.644 1.018 1.84025
0.000 16.937 2.536 1.78548
0.000 16.302 2.837 1.11754
0.000 14.982 3.222 1.02990
0.099 12.550 2.326 0.88144
4.755 13.507 2.954 1.23971
0.134 15.149 1.727 1.78758
0.491 15.145 1.147 2.03307
4.174 11.506 -0.536 1.22526
0.200 7.967 -0.478 1.25154
0.094 12.692 0.240 1.38275
0.289 13.187 0.301 1.90839
0.135 11.426 -1.822 2.05884
0.031 11.552 -1.784 0.76123
0.000 11.959 -3.079 0.88167
0.027 12.951 -3.195 2.05831
0.872 11.130 -2.442 1.24870
1.169 10.841 -2.417 0.82769
1.104 8.222 -4.578 1.08387
0.434 10.494 -3.920 1.34687
0.000 10.525 -3.276 1.36863
0.037 13.097 -3.485 1.24301
0.000 13.099 -2.563 1.21753
0.160 13.332 -2.915 1.06673
0.000 13.870 -3.563 1.39339
0.000 13.311 -3.080 1.44572
0.000 13.142 -3.420 1.95413
0.115 13.543 -3.012 1.88486
0.000 13.961 -1.564 1.36094
0.133 14.061 -0.766 1.57880
0.020 14.051 -2.221 2.09896
0.000 13.845 -4.396 2.11731
0.000 12.467 -5.093 1.93155
0.000 10.909 -4.841 2.21392
0.020 8.577 -4.875 2.02839
0.000 8.215 -4.727 1.32776
0.000 9.744 -5.478 1.69980
0.035 8.743 -5.361 1.13841
1.519 6.420 -5.545 0.89912
0.000 7.134 -5.499 1.24129
0.000 9.392 -5.082 1.17930
0.121 8.228 -5.006 1.54966
0.140 5.400 -5.133 1.51302
0.000 7.337 -5.271 1.07885
0.040 7.415 -5.559 1.50362
0.000 6.396 -6.335 1.58865
0.000 9.734 -6.247 2.10271
0.000 10.989 -5.680 1.97327
0.000 10.441 -5.582 2.16468
0.047 5.617 -4.617 1.41686
0.006 5.999 -5.131 1.51812
0.000 6.595 -5.712 1.86949
0.000 6.930 -5.396 1.95884
0.000 5.964 -5.349 1.84088
0.000 10.975 -5.351 2.15291
0.000 12.436 -4.906 1.75248
0.000 12.096 -4.998 1.65710
0.000 11.342 -4.892 2.13748
0.074 9.141 -5.055 1.97397
0.000 7.151 -5.905 1.78294
0.000 9.485 -5.857 2.31083
0.000 9.259 -5.291 1.62272
0.000 6.588 -5.262 1.99552
0.000 5.582 -5.531 1.53739
0.000 1.691 -6.551 1.23980
0.000 2.665 -7.519 1.56035
0.000 4.953 -7.568 1.37407
0.000 6.168 -7.805 1.91696
0.045 5.317 -5.394 1.89298
0.001 3.831 -7.508 2.81074
0.000 2.395 -10.366 1.74506
0.000 3.603 -11.313 1.47466
0.007 2.884 -11.392 1.93973
0.000 4.357 -10.879 1.90990
0.001 3.026 -10.328 2.09939
0.000 3.722 -9.406 1.80422
0.000 6.168 -8.626 1.72304
0.000 8.972 -8.843 1.87349
0.000 10.236 -6.536 1.77673
0.000 9.448 -6.029 1.66043
0.000 8.524 -5.926 1.89282
0.000 8.810 -5.432 1.56272
0.000 8.116 -5.255 1.98371
0.000 6.234 -7.718 2.12546
0.000 7.171 -7.999 2.22540
0.000 5.694 -8.530 2.46764
0.000 4.341 -9.486 3.60057
0.000 3.469 -11.751 3.00764
0.000 4.081 -13.450 1.92452
0.000 5.580 -13.686 1.99048
0.000 5.414 -10.837 2.61576
0.000 5.026 -10.837 2.73691
0.000 1.569 -11.008 3.12137
0.017 -0.953 -10.513 2.43396
0.000 -3.804 -15.797 1.94519
0.000 -0.069 -15.983 1.83398
0.000 2.099 -13.435 2.32491
0.000 2.741 -14.319 1.63369
0.000 1.539 -14.345 2.52751
0.000 1.574 -13.453 1.78735
0.000 0.532 -13.728 2.26763
0.000 3.500 -13.084 2.14860
0.000 4.861 -13.281 1.90827
0.000 2.607 -11.346 1.85949
0.000 -1.502 -13.004 1.23814
0.000 2.486 -13.243 1.90185
0.000 4.257 -12.340 1.72479
0.000 5.913 -12.483 1.83021
0.000 4.792 -11.883 1.95775
0.000 6.081 -9.833 1.68080
0.000 7.548 -10.062 2.06203
0.004 5.536 -8.781 3.89934
0.000 -2.020 -12.836 3.00661
0.000 -0.362 -12.994 1.86948
0.163 -0.707 -14.130 2.49563
0.011 -1.973 -14.152 2.18208
0.000 -3.023 -13.473 1.22173
0.000 -4.257 -16.738 1.44628
0.000 -4.149 -16.879 1.79261
0.000 -2.229 -15.263 1.73972
0.000 2.234 -15.413 1.37523
0.015 2.367 -13.791 1.79914
0.000 1.718 -14.818 2.29024
0.000 0.930 -16.366 2.31387
0.002 -0.052 -16.480 1.87181
0.000 -5.989 -15.385 0.93907
0.007 -2.997 -15.612 1.63165
0.000 -1.933 -15.365 1.85794
0.000 0.336 -15.220 1.87727
0.000 3.329 -14.205 1.96127
0.001 4.644 -13.399 2.27334
0.000 3.693 -11.906 2.09734
0.000 6.123 -11.889 1.96016
0.000 7.064 -11.216 1.94062
0.000 6.650 -10.709 2.86545
0.000 4.751 -9.574 3.74081
0.000 2.746 -10.567 3.94368
0.000 -0.838 -11.842 4.41351
0.000 -2.938 -16.160 2.26839
0.000 -1.902 -16.314 2.19967
0.000 0.820 -16.198 1.72757
0.000 3.199 -14.471 1.79947
0.000 2.494 -13.401 2.31023
0.000 1.839 -11.535 1.64194
0.000 3.628 -12.108 2.13529
0.000 4.620 -11.855 1.75133
0.000 3.091 -11.035 2.55795
0.000 1.447 -11.013 1.89385
0.045 -1.563 -11.357 1.31977
0.000 1.007 -11.754 1.30213
0.000 -0.036 -11.723 1.26216
0.019 -2.426 -13.238 1.74752
0.015 1.812 -13.291 1.66913
0.000 2.804 -12.629 1.70616
0.000 0.066 -12.952 1.30066
0.000 3.615 -13.021 1.54615
0.000 3.056 -11.552 1.82265
0.001 1.760 -10.674 2.31794
0.000 3.267 -10.255 1.74029
0.009 5.448 -10.113 2.71037
0.033 1.868 -10.008 1.91830
0.001 6.557 -9.990 2.12139
0.000 7.714 -8.139 2.55135
0.000 9.427 -5.647 2.60244
0.291 6.513 -4.415 3.18811
1.144 5.713 -3.835 3.91292
0.000 6.949 -5.716 3.40795
0.000 6.686 -4.778 2.98614
0.000 8.923 -5.291 3.28238
0.000 6.507 -5.670 5.16032
0.065 2.623 -7.657 5.60783
0.000 2.709 -8.097 3.59224
0.000 4.914 -8.918 3.42449
0.000 4.719 -8.370 2.76387
0.000 7.351 -7.288 2.17141
0.000 9.177 -5.767 3.46033
0.000 5.923 -6.380 4.04863
0.000 5.714 -6.104 2.08471
0.000 9.121 -6.275 2.31564
0.000 10.529 -5.316 2.52637
0.000 8.546 -5.721 3.32148
0.000 9.027 -6.137 2.30284
0.001 10.242 -5.055 3.30729
0.034 7.755 -5.592 3.65523
0.000 6.984 -7.297 4.43874
0.308 4.611 -7.856 4.02398
0.069 2.823 -6.542 1.88577
0.065 8.036 -5.855 2.09266
0.260 7.824 -5.196 2.60863
0.078 7.301 -4.465 1.74647
0.030 5.331 -5.243 1.09003
0.000 9.583 -4.810 1.10179
0.000 11.481 -4.404 1.42491
0.000 8.453 -5.350 1.58337
0.000 6.397 -5.224 1.89533
0.007 13.070 -4.768 1.25102
0.000 11.279 -3.401 1.81702
0.045 12.802 -4.118 3.28181
2.694 7.483 -4.538 1.55935
0.231 6.387 -4.432 2.22763
0.288 11.810 -6.040 1.89297
0.000 9.963 -4.591 2.72804
0.020 7.991 -5.631 4.20147
0.124 7.154 -4.441 3.33869
0.059 7.929 -3.779 2.13270
0.097 4.858 -4.444 2.83277
0.000 4.236 -4.543 2.75873
1.465 3.051 -5.187 1.93623
1.688 0.538 -5.022 1.20780
0.000 2.919 -5.747 1.01474
0.000 10.403 -4.263 1.50485
1.987 10.088 -2.992 2.25862
0.000 13.657 -1.339 1.34032
0.015 11.107 -2.861 2.56896
0.000 13.560 -4.424 3.19435
0.079 11.475 -2.782 3.44040
0.004 4.275 -6.451 1.81054
0.000 13.329 -3.602 3.09878
0.052 12.082 -3.404 1.84341
1.829 7.703 -2.644 1.72139
0.742 5.480 -2.949 1.47045
0.326 4.875 -4.213 1.12575
0.656 8.817 -2.396 1.20824
2.027 4.991 -4.220 1.02508
0.090 8.748 -3.533 0.95862
0.699 9.783 -2.559 1.14734
0.855 13.690 -2.509 2.34369
0.419 11.728 -3.467 2.16342
0.379 13.531 -2.304 1.34207
0.290 10.399 -1.993 2.02139
0.084 11.711 -4.762 2.57292
0.487 13.407 -3.926 3.41978
0.000 11.407 -2.106 2.05039
0.037 11.250 -2.344 1.54307
0.814 12.431 -3.491 1.56983
0.000 13.817 -1.140 1.33291
1.437 11.429 -3.413 1.50707
2.865 16.321 -3.807 2.01391
0.757 15.507 -0.941 1.32129
0.457 11.211 -1.669 1.38535
0.307 17.357 -0.435 1.68841
0.777 15.997 -0.777 1.52454
2.303 15.833 0.004 1.96732
0.856 14.903 0.155 2.09410
0.985 15.408 -0.169 2.39850
0.633 13.776 0.385 1.37304
0.000 17.220 1.088 1.19462
0.000 19.045 1.480 1.56320
0.000 15.339 0.689 2.51397
0.279 18.692 -1.389 2.96457
0.560 16.806 -1.798 3.00532
0.000 16.871 -0.877 2.95514
0.009 15.381 0.488 1.55763
0.000 15.135 -1.211 1.53418
0.000 18.047 -0.711 2.64291
0.000 16.659 1.159 2.50398
0.389 14.323 1.242 1.21834
0.000 17.913 1.191 1.69804
0.285 4.090 1.528 2.66800
0.121 15.486 0.236 2.40282
0.115 17.425 2.213 1.82550
0.000 20.710 3.881 2.01471
0.000 15.175 2.148 1.34567
2.791 18.071 3.607 1.88211
3.946 16.087 2.733 2.06143
0.000 18.108 2.228 1.98662
3.310 14.254 0.760 1.39862
1.065 11.766 1.044 1.02342
0.009 16.871 2.376 1.10996
1.191 16.713 2.150 2.47851
0.444 15.544 3.233 2.14538
2.231 13.534 1.130 2.37969
0.001 16.760 1.422 2.53282
0.000 18.751 2.324 2.90342
0.000 19.182 2.428 2.49079
0.479 20.902 2.632 2.24481
0.000 20.203 2.769 1.80130
0.158 19.359 4.474 1.79565
5.730 18.186 4.991 1.24725
4.184 17.142 3.486 1.56430
0.030 19.839 4.710 2.44259
0.276 21.866 4.721 2.18740
0.259 21.155 5.998 1.49783
0.000 22.362 5.325 1.89306
0.000 22.961 6.482 1.73727
0.065 23.035 5.784 1.76995
2.170 23.980 5.908 1.96741
5.341 19.887 6.023 1.53487
28.353 21.330 4.415 1.56775
0.475 21.400 4.028 1.64936
4.283 21.946 6.009 1.64661
4.939 20.754 6.154 1.49144
10.249 15.114 3.122 1.54080
0.000 16.636 1.171 1.74813
0.000 19.103 3.729 1.53246
0.466 16.919 3.231 1.92221
3.703 17.324 3.914 1.86275
0.000 17.437 3.111 2.00378
0.016 18.638 3.233 1.21185
0.578 22.256 5.496 1.46163
3.834 22.090 4.302 1.29633
4.241 16.402 5.867 1.24807
9.422 16.021 1.078 1.84126
0.019 14.345 1.157 1.34570
0.000 14.216 0.371 1.65334
0.000 16.275 2.865 1.18558
0.000 17.468 3.994 0.93699
0.880 15.884 1.518 1.36390
5.118 16.547 2.568 1.18871
5.401 17.226 3.461 1.41202
0.826 14.289 4.435 0.99293
0.000 14.881 0.761 1.56568
0.000 14.663 0.240 1.89244
0.000 17.954 3.202 1.79373
0.000 17.752 2.697 1.61581
0.187 17.154 3.118 1.52633
4.922 17.192 1.586 1.47634
1.795 16.044 2.985 1.32488
6.814 17.554 3.506 1.20550
0.068 17.952 4.675 1.39137
0.090 20.526 4.859 1.66519
4.685 19.260 5.193 1.04136
3.833 18.888 6.635 0.86019
4.346 16.851 4.326 1.04959
0.350 18.976 5.466 1.36476
3.263 17.943 3.020 2.31112
9.337 14.179 3.250 1.35762
1.341 16.065 3.507 1.13730
0.000 16.433 3.151 1.52506
0.186 18.060 2.058 1.23496
0.007 17.429 2.298 0.89238
0.074 19.265 3.391 1.24529
0.037 20.551 5.434 1.46644
4.521 19.534 2.933 1.27846
3.525 20.126 5.828 1.55419
12.310 16.436 4.519 1.27348
0.360 17.812 3.767 1.67537
0.064 18.569 4.608 1.93302
3.679 17.226 1.106 2.39409
0.686 11.576 1.058 1.38364
2.374 11.184 0.812 1.22641
4.826 14.913 1.633 0.88641
3.326 14.739 3.282 1.34304
13.488 17.338 3.943 1.76885
0.577 17.203 2.247 1.06261
3.974 17.787 3.610 1.00239
3.816 17.230 3.957 0.97693
16.618 12.521 2.825 1.34418
2.090 15.317 3.564 1.07851
7.531 10.863 2.519 1.43449
11.189 12.613 2.153 1.18268
1.809 12.232 2.748 1.46119
0.844 14.893 2.474 1.64992
7.436 14.759 2.639 1.61684
0.277 16.807 3.866 0.86196
9.354 17.202 5.441 0.74496
4.578 16.919 4.024 1.15829
0.331 17.198 3.468 1.64359
0.135 17.706 4.530 1.10778
0.000 17.949 4.252 1.40541
0.014 17.367 2.687 1.35874
1.191 16.627 3.902 1.45222
1.534 15.259 2.098 1.71384
3.857 15.110 1.857 1.51897
6.666 14.724 1.733 1.18812
1.570 14.536 2.045 1.23236
0.141 11.356 1.831 1.19127
0.315 11.543 1.739 1.30943
0.087 11.239 0.277 1.32469
6.735 14.488 0.488 1.12684
0.015 15.199 1.603 1.72394
0.428 14.487 2.566 1.72593
0.055 13.708 1.018 1.15922
0.010 15.349 0.705 2.19632
0.514 16.041 1.053 1.81103
0.000 15.205 1.043 1.88825
0.000 16.735 0.259 2.01304
0.000 16.288 -1.732 2.11860
0.000 15.953 -2.476 1.87956
0.000 17.095 -2.224 1.49442
0.000 17.226 -1.394 1.13335
0.235 15.052 -2.328 1.65728
0.000 16.559 -1.516 1.61648
0.000 13.789 -0.249 1.42135
0.000 13.845 -3.302 1.82056
0.000 13.912 -2.743 1.93619
0.000 15.335 -2.166 1.15754
0.000 15.010 -1.893 1.52360
0.235 10.872 -1.135 0.89534
2.045 9.889 -2.338 1.34509
0.335 4.319 -3.283 1.28213
0.899 5.764 -3.665 0.98473
0.599 8.579 -4.511 0.79981
0.001 11.008 -4.022 0.80190
0.159 7.729 -2.526 1.06922
0.700 4.956 -4.989 0.99549
0.069 9.322 -4.578 1.36020
4.129 8.113 -3.875 0.97642
0.732 7.126 -3.939 1.16900
0.000 9.468 -3.822 0.97985
0.000 11.649 -4.425 1.12522
0.000 13.981 -4.476 1.82204
0.000 12.192 -4.139 1.05081
0.000 10.675 -3.425 1.99827
0.284 7.479 -5.273 1.48390
0.015 11.059 -5.367 1.84089
0.000 11.793 -5.158 1.24162
0.425 11.360 -5.262 2.24914
0.000 11.486 -5.148 1.98422
0.226 11.136 -4.928 1.77530
0.339 7.873 -4.945 1.36412
0.000 6.285 -3.842 1.09698
0.055 4.970 -5.209 0.92186
0.000 7.895 -5.505 1.29267
0.142 9.107 -5.141 1.36174
0.022 3.418 -5.480 1.50772
0.040 6.345 -6.197 2.22556
0.000 5.260 -6.159 1.99366
0.000 4.300 -6.315 1.76266
0.000 6.767 -6.420 1.40289
0.000 7.513 -6.625 2.03843
0.000 6.899 -6.872 1.88317
0.037 4.191 -6.448 1.43447
0.017 5.013 -6.179 1.27771
0.000 7.432 -6.159 1.80715
0.000 9.395 -5.973 1.78004
0.000 9.049 -5.423 1.53961
0.000 8.810 -5.039 2.23796
0.000 3.420 -5.307 1.43408
0.067 4.050 -6.205 1.48749
0.000 5.733 -6.765 1.38647
0.000 7.798 -6.508 1.32974
0.000 10.373 -6.646 1.71133
0.000 10.827 -5.221 1.48121
0.000 10.104 -5.293 1.86261
0.000 10.505 -4.379 1.42675
0.000 7.211 -5.363 1.08199
0.000 8.542 -5.639 1.73617
0.000 5.327 -5.259 2.20586
0.019 2.997 -5.707 1.59049
0.000 5.708 -5.917 1.42189
0.000 7.398 -6.104 1.47849
0.000 6.317 -5.629 1.06716
0.079 2.801 -5.231 0.97829
0.007 1.422 -6.245 1.69346
0.013 -1.783 -11.686 1.73673
0.000 1.754 -11.384 1.54277
0.000 2.087 -9.948 1.23706
0.010 1.197 -8.834 1.31986
0.000 1.321 -8.732 0.91501
0.000 2.237 -9.984 1.87984
0.000 4.989 -10.370 1.96083
0.000 4.723 -9.861 1.96483
0.000 1.993 -9.837 2.18413
0.000 -0.817 -11.997 1.33692
0.000 0.456 -12.748 2.39144
0.000 -1.545 -13.845 2.05679
0.000 -0.275 -15.544 2.14496
0.000 1.177 -15.684 2.60795
0.000 -3.029 -14.481 3.00353
0.000 -6.900 -17.430 1.64104
0.000 -1.863 -17.717 2.67690
0.000 -2.959 -17.060 1.76755
0.000 -1.264 -17.403 2.45677
0.000 1.479 -15.704 2.41716
0.000 1.920 -14.820 2.25495
0.000 -1.380 -14.761 2.14349
0.000 -1.633 -14.068 1.65830
0.000 3.429 -11.107 1.64246
0.005 5.563 -8.602 1.49242
0.049 5.874 -8.107 1.77889
0.000 2.722 -10.125 1.41847
0.000 2.618 -10.933 2.89824
0.014 -1.303 -13.412 1.43347
0.000 0.800 -14.159 1.30642
0.000 -1.165 -14.126 1.55380
0.000 -2.922 -14.706 1.76990
0.000 2.508 -14.737 1.78228
0.000 0.935 -14.286 1.84606
0.000 1.356 -12.738 1.19465
0.000 1.514 -11.850 1.65996
0.004 -2.746 -13.465 2.29691
0.000 -2.257 -15.760 2.22010
0.000 1.253 -15.953 2.40679
0.000 3.928 -14.333 1.81426
0.000 2.448 -14.522 1.91946
0.000 -2.190 -13.557 1.46586
0.000 1.306 -13.656 2.17784
0.318 -4.597 -15.497 1.74468
0.000 -1.793 -15.979 1.48158
0.000 2.132 -16.523 1.73696
0.000 2.198 -16.454 2.50303
0.000 1.478 -15.524 3.95817
0.000 -0.519 -13.953 3.45015
0.000 -1.571 -15.391 2.04900
0.000 -3.075 -15.572 1.79051
0.000 -0.743 -13.793 1.84112
0.000 -3.095 -13.882 2.41087
0.000 -4.037 -14.742 1.91980
0.000 -1.647 -14.948 1.96214
0.096 -4.514 -14.210 1.43327
0.227 -0.066 -14.168 2.44266
0.000 1.969 -14.015 2.20744
0.000 3.761 -13.559 2.17177
0.000 1.980 -12.744 1.95594
0.000 4.890 -12.748 2.34372
0.000 4.146 -10.884 2.11256
0.194 4.065 -9.749 2.25305
0.000 7.643 -9.411 2.11403
0.000 8.513 -8.057 1.85977
0.000 6.294 -7.823 1.82083
0.000 4.744 -9.032 2.38020
0.000 1.493 -10.490 2.15891
0.000 -1.149 -12.980 1.91337
0.019 2.795 -13.012 3.62159
0.000 2.040 -11.789 3.08346
0.000 4.993 -11.906 3.03140
0.000 5.310 -11.788 2.70168
0.000 5.860 -10.844 2.60158
0.000 7.690 -9.810 2.70967
0.000 7.638 -7.763 2.78408
0.000 8.645 -6.754 2.81299
0.002 8.127 -5.146 2.68038
0.000 9.960 -4.019 3.52654
3.461 7.783 -4.014 3.41361
1.045 4.291 -6.985 3.42639
0.000 2.219 -8.042 3.24973
1.080 -0.184 -8.883 3.74262
0.006 -5.979 -17.039 2.10829
0.000 -2.192 -16.953 1.59673
0.000 0.050 -14.845 1.33569
0.000 0.136 -14.351 1.48445
0.000 1.615 -12.277 1.53670
0.054 3.355 -10.363 1.60458
1.195 -0.339 -12.590 1.61346
0.000 5.607 -12.314 1.74499
0.000 2.521 -9.880 1.72186
0.000 4.377 -9.981 1.58989
0.000 6.251 -9.348 1.92963
0.067 4.874 -5.388 2.27823
1.055 3.864 -4.439 2.18208
0.022 1.242 -6.368 1.43604
1.155 3.605 -6.044 1.43611
0.339 5.841 -5.977 2.12041
0.048 8.149 -5.840 2.34421
0.511 9.692 -4.520 2.64884
0.194 8.139 -5.827 3.80142
0.050 5.294 -6.405 3.92490
0.000 4.023 -6.584 3.73137
0.064 3.216 -7.718 2.46384
0.581 7.898 -7.042 1.44258
0.269 8.334 -6.084 1.76279
0.066 8.041 -5.420 1.53090
0.000 2.807 -5.190 2.06510
0.124 5.561 -6.172 2.16063
0.318 1.825 -6.507 2.45870
0.010 2.193 -7.239 2.72843
0.126 9.019 -4.830 2.62795
0.000 10.767 -4.223 2.31541
0.001 13.257 -4.211 2.96298
0.049 10.678 -4.189 3.81728
0.517 6.674 -6.841 3.04258
0.000 11.063 -5.163 2.43921
0.338 8.544 -3.377 1.50235
0.000 9.113 -3.478 1.43454
0.996 11.917 -2.348 1.64936
0.000 15.213 -2.211 1.87054
0.193 14.283 -1.702 1.97073
0.264 4.670 -2.555 1.30793
0.275 14.238 -3.046 1.99572
0.054 6.632 -4.439 1.36649
1.894 6.801 -3.604 2.42790
0.018 9.274 -4.076 2.05027
1.642 12.448 -2.417 2.09506
1.961 10.828 -3.078 1.32785
1.501 8.737 -3.881 1.54839
0.326 5.592 -4.379 1.78267
0.019 7.825 -3.700 2.55861
0.280 4.303 -6.181 1.97814
1.650 8.121 -9.273 2.43637
0.088 6.878 -6.654 2.17053
1.690 11.122 -3.217 1.85039
1.385 5.355 -3.349 1.20753
0.825 14.179 -2.971 1.92048
0.619 9.240 -3.851 1.96118
0.378 12.442 -3.679 1.88788
4.359 5.033 -3.156 1.13694
0.899 4.895 -3.560 1.83949
0.080 6.196 -5.399 2.60354
0.765 10.032 -2.986 1.52492
0.305 12.182 -1.451 1.37791
5.660 4.120 -2.970 0.88154
0.696 5.807 -4.189 1.44159
0.920 5.533 -2.672 1.09941
2.660 3.980 -6.088 0.95045
0.000 12.354 -1.759 1.48991
0.048 10.909 -2.904 1.60603
0.000 15.239 -2.326 1.21601
0.000 16.169 -2.335 1.59955
0.026 13.142 -3.073 2.10935
0.030 14.310 -1.963 1.57134
0.000 13.252 -2.113 2.69340
0.000 13.177 -1.053 1.39674
0.000 15.545 -0.610 1.81470
0.000 17.446 -1.736 1.38027
0.000 18.907 0.395 1.96423
0.476 15.620 -0.892 3.00546
0.199 11.672 -0.674 2.04098
1.259 8.703 -1.609 1.13136
0.366 8.312 -1.315 1.93470
2.692 10.278 -2.190 1.54909
1.725 8.049 -2.662 1.90788
0.512 14.072 -2.820 1.53098
0.209 16.746 0.015 2.34501
1.942 12.966 0.529 1.77320
10.644 9.845 0.113 1.61873
0.000 14.536 -1.185 1.39738
0.001 18.519 1.287 1.97503
0.026 16.943 0.588 2.90094
0.232 14.960 -0.329 3.02440
0.026 15.814 -0.654 2.71345
0.335 16.444 1.371 1.64564
0.864 16.522 0.804 2.75464
0.000 14.914 -0.823 2.82793
0.000 17.328 0.723 2.41259
0.016 14.962 0.474 2.39290
0.059 14.354 -0.530 1.55597
0.000 17.067 1.423 1.63394
0.059 15.514 0.609 1.36714
0.281 18.379 1.585 1.78563
6.300 16.529 2.001 1.57998
0.000 17.124 2.369 1.67659
0.001 16.175 1.545 2.02957
1.789 10.868 1.668 0.95735
1.868 12.353 1.727 1.11441
0.184 16.012 3.539 1.04910
0.255 16.253 2.263 1.46713
10.091 15.267 1.520 1.33717
3.603 15.005 2.189 1.60688
0.000 15.517 2.545 1.17727
7.115 15.978 2.299 0.99599
10.470 15.700 2.797 1.64621
10.008 18.526 5.046 1.53915
3.753 18.572 3.163 1.07649
9.113 18.054 3.444 1.40014
5.168 19.167 3.769 1.47070
0.312 18.390 4.724 1.53709
0.540 19.389 5.169 1.47640
0.014 20.282 5.072 1.70550
0.054 19.960 5.210 1.85903
12.124 19.076 4.985 1.28461
18.305 19.874 3.151 1.63544
1.010 19.195 3.751 0.90762
3.670 19.269 3.073 2.06731
11.910 15.071 1.619 1.49408
12.680 13.675 2.544 1.15009
10.665 12.949 1.360 1.06204
2.529 15.595 2.252 1.35242
0.660 18.518 4.218 1.25161
0.914 16.269 5.510 1.59505
10.069 17.961 6.058 1.22790
18.616 17.861 2.561 2.03159
2.550 17.535 4.134 1.34745
6.208 18.427 6.101 1.21820
0.021 18.580 6.345 1.33726
0.231 19.105 5.849 1.23999
0.920 19.628 6.597 1.58510
13.446 19.308 4.618 1.18496
0.000 16.544 5.604 1.63509
0.000 17.505 4.255 0.99458
1.001 18.170 3.157 1.07832
3.542 17.819 4.268 1.74531
21.934 18.199 4.811 1.19582
1.133 17.940 7.094 0.64226
0.276 17.631 6.538 1.27738
16.696 18.303 4.633 1.48876
11.044 14.507 2.859 1.37602
15.634 17.738 4.493 1.72900
7.826 16.005 4.970 1.00024
18.666 15.660 3.604 1.39924
7.167 15.605 2.469 1.01818
8.088 15.029 2.789 1.26538
0.061 14.948 3.224 1.18310
1.274 13.429 3.273 0.70654
0.135 15.486 2.928 0.97308
2.888 15.016 3.697 1.37674
0.758 14.731 4.009 1.10891
0.000 17.754 3.956 1.11335
0.061 14.484 3.727 1.05531
7.079 16.474 4.026 1.05936
10.045 16.930 3.987 1.26670
1.035 15.434 1.331 1.03720
0.000 17.084 3.219 1.29031
0.000 17.406 3.638 1.25138
2.018 16.229 3.419 1.10707
0.012 16.149 3.879 1.00508
0.512 17.243 4.224 1.30211
0.332 18.374 6.580 1.27032
0.000 18.602 6.516 1.26740
0.052 17.499 6.099 1.29067
0.086 18.586 4.954 1.46308
0.000 18.388 5.904 1.50663
0.000 19.129 5.600 1.32023
0.001 20.904 6.393 1.10066
0.418 18.625 6.391 0.98844
0.000 19.235 5.687 1.29915
0.000 19.904 5.127 1.41438
0.201 20.253 6.034 1.30533
0.088 18.519 5.338 1.33376
0.000 18.944 4.151 1.52039
0.000 19.209 4.625 1.46090
0.014 19.673 5.310 1.02984
0.865 18.534 5.338 1.18743
2.073 19.140 5.347 1.50112
2.777 18.519 4.338 1.40284
2.539 18.915 3.753 1.58044
2.682 17.564 3.659 1.54002
8.911 18.553 3.834 1.37926
13.400 17.179 4.330 1.67050
0.837 17.090 4.544 1.67979
0.002 15.105 4.377 1.61703
12.092 14.880 3.028 1.58426
13.674 13.987 2.586 1.09424
0.164 13.390 3.334 1.38142
5.654 13.842 3.052 1.35941
0.366 14.588 0.917 1.26906
0.000 14.288 -0.426 1.38717
1.460 13.077 1.198 1.73840
0.000 13.487 1.525 1.29750
0.000 13.131 1.755 1.47168
5.921 15.210 2.050 0.86059
4.099 15.045 1.502 0.83083
4.485 16.380 1.966 1.02993
2.135 16.353 2.953 1.39859
1.691 16.023 2.461 1.26119
3.299 11.064 0.233 0.87819
0.010 11.591 0.560 1.20920
0.384 11.763 1.165 1.45890
0.125 13.171 0.847 1.84158
1.509 12.124 0.533 2.26497
1.825 14.418 1.139 1.82894
0.244 14.113 0.652 2.10314
0.317 14.792 1.768 1.74000
3.365 12.945 1.832 1.11300
0.066 11.246 -0.268 1.69881
3.900 12.561 0.394 1.23480
1.598 12.859 -0.624 1.00702
0.000 13.409 -0.285 1.43939
0.000 14.688 -1.137 1.04905
0.739 13.880 -1.296 1.49972
0.000 14.067 -0.950 0.96356
0.000 14.723 -0.662 1.67999
0.000 13.812 0.228 1.49144
0.000 14.488 1.248 1.18776
0.000 15.067 0.402 2.03445
0.000 14.261 0.630 1.98410
0.049 14.155 -0.811 2.60808
0.000 13.831 -0.237 2.30122
0.000 11.526 -0.544 2.16107
0.000 13.508 -2.181 2.31038
0.000 13.492 -2.767 2.35522
0.000 12.633 -3.053 1.04569
0.000 11.410 -3.312 1.25408
0.479 8.876 -4.347 1.03094
0.000 10.590 -4.432 1.70186
0.000 10.627 -5.131 1.55117
0.000 11.644 -5.019 1.54483
0.000 13.489 -5.626 2.00817
0.000 12.461 -5.386 1.57214
0.000 11.932 -4.724 1.92364
0.000 12.106 -5.598 1.62734
0.000 11.158 -5.508 2.61638
0.000 10.190 -5.482 3.25689
0.011 8.897 -5.357 2.98917
0.000 8.211 -5.485 2.63933
0.000 8.608 -5.793 1.90112
0.000 9.239 -5.095 2.31699
0.000 7.809 -4.729 0.86429
0.120 9.143 -6.305 1.66984
0.000 8.498 -6.324 1.78115
0.000 8.250 -5.407 1.26928
1.281 8.168 -5.368 1.67585
0.030 8.861 -5.098 1.68226
0.221 9.466 -4.892 1.99190
0.000 7.876 -4.173 2.11610
0.211 7.890 -5.783 2.68738
0.000 6.525 -6.498 1.79051
0.000 7.024 -6.341 1.42398
0.000 9.753 -6.270 2.14827
0.000 11.673 -5.165 1.94755
0.000 11.167 -4.803 1.90605
0.000 9.737 -5.099 1.53120
0.000 8.516 -6.033 2.36262
0.000 7.381 -7.336 2.13696
0.000 5.673 -7.323 1.92067
0.000 5.496 -6.820 1.41129
0.000 7.771 -6.852 1.33959
0.000 6.871 -6.924 1.53809
0.000 9.104 -6.755 1.45457
0.000 9.551 -5.206 1.96898
0.000 10.118 -6.586 1.68971
0.107 9.048 -6.883 1.94615
0.025 7.957 -6.801 2.10747
0.155 4.036 -6.770 1.84235
0.092 6.518 -7.680 1.64138
0.032 2.276 -8.073 1.27299
0.002 5.617 -8.565 1.52190
0.233 6.066 -7.184 1.68933
0.000 3.843 -6.179 1.51918
0.000 2.006 -6.544 1.23147
0.000 -2.053 -12.817 1.74435
0.000 0.391 -12.960 1.60243
0.000 6.018 -10.103 0.99041
0.000 4.003 -7.816 1.56336
0.000 4.851 -8.372 1.63030
0.000 5.624 -9.144 1.30019
0.000 7.219 -9.358 1.23563
0.000 8.488 -8.829 1.73286
0.000 10.425 -9.008 1.65012
0.000 7.679 -8.020 1.32625
0.000 11.180 -7.935 1.67084
0.000 10.660 -8.222 1.87537
0.000 3.967 -8.928 1.42701
0.000 4.846 -10.442 1.73632
0.000 5.915 -10.661 1.57775
0.000 6.349 -7.779 1.68699
0.045 7.086 -7.981 1.67617
0.000 6.834 -8.292 2.06825
0.000 5.614 -8.740 1.60373
0.000 8.456 -10.230 1.60649
0.000 6.145 -10.499 1.76148
0.000 5.701 -9.342 2.59451
0.000 6.085 -9.185 2.70042
0.000 1.596 -10.230 2.59116
0.432 -5.861 -14.169 1.53580
0.000 2.549 -14.542 1.81741
0.000 1.340 -13.385 2.24332
0.000 4.044 -13.729 2.07972
0.005 2.313 -13.697 2.32037
0.000 1.303 -12.231 2.46963
0.000 0.709 -12.139 2.44039
0.014 1.534 -12.261 2.27306
0.011 -4.830 -11.659 0.92289
0.023 -2.321 -13.200 1.54388
0.000 -1.887 -14.013 1.59755
0.000 0.933 -14.729 1.83408
0.000 0.644 -15.220 2.44172
0.000 0.624 -15.508 2.79380
0.000 -2.058 -15.414 3.31187
0.000 -1.548 -15.140 3.09974
0.000 -0.865 -16.371 2.90977
0.000 -0.734 -16.501 2.44257
0.000 -0.285 -16.235 2.40965
0.000 2.789 -14.804 2.02080
0.000 2.308 -14.806 2.85075
0.000 0.969 -14.832 2.91365
0.000 2.833 -14.757 2.62478
0.000 4.024 -14.773 2.53717
0.000 3.618 -14.952 2.45173
0.000 3.972 -12.026 1.78809
0.000 6.260 -12.267 2.31121
0.000 3.513 -12.388 2.30065
0.000 2.888 -10.395 2.02675
0.000 6.235 -10.944 1.47696
0.000 7.820 -11.105 1.67787
0.000 7.449 -11.358 2.85832
0.000 0.689 -11.576 2.87898
0.000 1.279 -13.050 1.58633
0.000 1.943 -13.242 2.18145
0.000 -3.044 -12.618 1.33471
0.000 0.571 -13.454 2.54855
0.079 -1.586 -13.463 1.34642
0.000 0.174 -12.609 2.23659
0.000 6.392 -12.410 1.63048
0.000 9.743 -9.503 1.66417
0.000 9.497 -8.414 2.56974
0.031 2.931 -9.651 2.11261
0.000 4.814 -9.770 2.12932
0.000 7.022 -9.376 2.55579
0.290 2.577 -9.742 3.45269
0.305 -0.176 -11.488 1.45189
0.000 3.537 -11.559 1.52352
0.096 1.769 -10.293 1.21165
0.060 -0.195 -11.466 1.42513
0.000 0.776 -12.171 1.89182
0.059 6.666 -12.117 1.67956
0.000 7.022 -6.650 1.60779
0.000 7.778 -6.672 2.66005
0.000 10.698 -6.586 2.31925
0.000 7.013 -5.663 2.32080
0.000 4.655 -4.634 3.94498
0.205 3.042 -4.338 4.99577
0.000 2.157 -9.232 4.64173
0.000 1.456 -10.841 3.52009
0.000 1.870 -10.794 2.20871
0.000 2.076 -9.636 2.63121
0.000 2.381 -9.177 2.17503
0.000 4.840 -9.099 1.93000
0.000 6.781 -7.775 2.55727
0.020 5.402 -5.595 3.28209
0.175 3.982 -5.496 4.11759
0.000 2.841 -5.933 3.63363
0.006 1.794 -7.078 3.70351
0.000 -0.182 -9.332 3.74349
0.149 -0.282 -10.951 2.27425
0.000 0.030 -10.478 2.77379
0.000 0.463 -11.962 2.28617
0.011 2.887 -10.936 3.37501
0.000 3.903 -8.052 4.82798
0.000 2.320 -9.762 6.08309
0.000 4.127 -10.727 3.29828
0.011 4.595 -9.917 4.58669
0.049 4.014 -8.505 2.42285
0.288 4.062 -7.741 2.23126
0.000 3.617 -8.346 3.04007
0.124 0.889 -8.480 3.99152
0.079 0.165 -10.310 1.90094
0.000 2.651 -9.449 3.03216
0.000 2.220 -9.740 2.26880
0.105 9.129 -8.899 2.54961
0.000 13.950 -5.111 2.75671
0.000 10.485 -3.485 2.41537
0.434 1.916 -5.824 2.26113
0.022 9.529 -4.205 2.02442
0.955 2.133 -5.684 1.62515
0.081 10.826 -5.060 1.79190
0.163 11.392 -3.647 1.66785
0.351 5.237 -6.192 1.15896
0.076 10.871 -4.235 1.85907
0.421 7.664 -2.983 1.77859
1.620 3.777 -4.352 2.09007
0.753 2.476 -6.007 1.63382
0.566 5.711 -6.043 1.49972
0.146 9.757 -5.109 1.62615
0.090 14.196 -4.006 2.12707
0.000 15.263 -3.694 2.13274
0.000 14.257 -2.950 3.08439
0.000 10.188 -4.311 4.08442
0.000 8.960 -4.990 3.79155
0.039 7.362 -3.951 2.41450
0.007 7.083 -4.667 1.69435
0.190 5.165 -5.988 1.23733
0.085 11.140 -5.632 1.43863
0.038 11.792 -3.421 2.80337
0.000 5.018 -6.631 2.56059
0.030 8.259 -5.168 1.89809
0.000 13.039 -3.582 1.84152
0.034 15.624 -1.174 2.15670
1.860 15.389 -1.915 2.11326
0.559 10.751 -4.791 1.81199
0.571 15.641 -1.725 2.38881
0.064 11.276 -1.524 1.57417
0.030 12.244 -0.795 1.91229
0.325 9.560 -1.611 1.60620
0.000 7.526 -3.773 1.74102
0.070 10.409 -3.627 3.64099
0.034 8.635 -3.413 2.34952
1.081 7.495 -4.676 1.67622
0.000 9.274 -3.056 1.59909
0.000 12.618 -4.032 2.57674
0.000 11.855 -4.034 3.10717
0.000 12.244 -1.444 1.88335
0.255 8.771 -1.849 1.62248
0.841 10.405 -2.862 2.70282
0.391 8.839 -5.136 2.20912
0.002 11.063 -3.361 2.13444
0.086 14.255 -0.493 1.87316
0.292 15.981 -3.066 1.49743
0.516 14.608 -2.266 2.53478
0.516 10.584 -1.943 1.49032
0.000 15.137 -2.605 1.60286
0.091 15.722 -1.377 2.46341
0.083 9.980 -1.903 1.36375
0.514 11.910 -0.975 1.44457
0.000 14.994 -1.703 1.91366
0.058 16.603 1.170 2.07741
2.506 15.801 0.633 0.95332
0.000 14.301 0.992 1.60508
0.366 17.972 1.392 1.72914
0.000 18.650 1.335 2.28031
0.031 16.962 2.441 1.06611
0.000 18.859 2.495 2.61240
0.719 14.431 0.574 1.94838
0.840 11.747 0.594 1.26609
0.000 15.973 1.408 1.07184
0.000 11.891 0.784 1.42847
0.000 15.377 1.337 2.35195
5.462 16.567 3.609 1.58059
2.505 12.617 2.419 1.77513
0.175 17.041 2.121 2.65305
0.000 17.771 2.098 2.51725
0.000 14.834 0.271 2.28872
2.275 15.936 0.599 2.96900
0.000 13.106 -1.340 1.94985
0.890 13.986 -2.350 2.45058
0.000 15.884 -1.038 1.46848
0.001 19.508 0.008 2.81787
0.000 18.010 1.997 2.20088
0.000 17.026 2.352 1.34440
0.000 19.564 2.297 2.40670
0.244 16.962 4.457 2.22295
1.152 13.313 3.948 1.68994
0.339 20.403 4.292 2.16983
0.000 20.430 3.462 2.32807
0.139 18.674 4.237 1.57048
0.350 20.105 3.372 1.93215
2.731 20.248 4.087 1.95203
7.569 19.051 4.045 1.68853
4.161 15.216 2.776 1.01627
7.242 16.129 2.934 0.87658
0.476 14.056 4.444 1.19142
1.096 19.330 3.200 1.44008
3.339 19.624 4.604 1.67443
1.483 17.619 5.164 1.78907
22.240 16.379 2.699 1.35863
0.176 16.448 2.484 1.16413
0.576 21.049 3.783 1.01328
0.169 17.645 5.581 1.09480
32.315 16.132 3.873 0.79754
7.450 12.592 2.943 0.96873
4.401 18.241 4.757 1.65128
31.612 16.279 4.691 1.58152
4.160 18.098 5.298 1.24884
3.247 14.102 4.877 1.88305
6.413 15.033 4.120 1.44822
35.338 16.535 4.875 1.48357
1.281 19.216 5.400 1.39779
23.858 14.762 3.680 1.73308
0.055 14.414 3.557 1.53693
0.039 13.835 2.048 1.31956
0.520 11.712 2.448 1.15996
0.642 15.168 2.075 1.19967
0.000 16.558 2.996 1.15652
0.015 17.346 3.963 1.44073
0.000 19.018 4.753 1.27965
0.168 17.238 4.925 1.19691
0.000 17.385 3.604 1.27713
0.401 17.969 3.587 0.92214
0.935 19.273 5.886 1.07276
3.025 17.029 5.617 1.41937
0.186 17.997 5.639 1.40151
0.057 18.164 1.736 1.65349
0.920 17.673 3.429 1.48434
10.686 16.959 1.748 1.73591
5.936 17.996 1.971 1.51007
1.016 16.578 4.398 1.62105
4.327 18.109 5.515 1.13976
0.373 13.708 4.512 1.31398
2.265 17.874 5.409 0.94806
0.110 18.372 4.760 1.30065
0.000 19.858 6.335 1.00420
1.196 20.311 6.088 1.12841
5.895 20.437 6.338 1.04486
0.019 19.557 5.381 0.89329
2.220 19.673 5.219 1.24583
0.223 20.912 6.425 1.42472
1.035 20.362 6.962 1.43032
14.169 18.690 6.077 0.92262
4.541 19.067 4.636 0.96079
28.654 14.255 1.560 1.22148
6.754 13.048 1.243 1.95804
4.027 14.757 2.169 1.44882
0.052 16.618 3.192 1.16193
7.519 12.786 3.758 1.08242
27.329 15.152 4.691 0.98974
1.531 18.043 2.290 1.27659
0.230 18.126 3.790 1.33790
4.970 17.639 5.220 1.73270
1.398 16.507 3.932 1.59345
0.000 17.970 4.630 1.28408
0.000 18.325 5.654 1.36032
0.000 18.505 4.102 1.88201
0.000 18.892 3.735 1.49435
0.000 18.803 4.958 1.58886
0.090 18.520 4.824 1.05447
1.409 14.921 3.168 1.46665
0.071 17.422 3.484 1.65364
6.712 17.541 4.969 1.45889
0.000 17.414 4.800 1.43429
4.905 17.799 5.008 1.35250
0.664 18.133 5.635 1.64778
2.769 16.762 4.017 1.53566
0.253 17.721 2.592 1.54162
0.000 17.559 3.470 1.82655
0.000 17.329 3.448 1.94500
1.689 17.198 2.964 2.02807
6.325 14.989 2.823 1.36355
0.000 16.431 2.622 1.19001
0.000 17.447 2.102 1.78016
0.000 17.772 3.749 1.55881
7.096 14.754 1.376 1.39209
0.000 14.145 1.683 1.36483
1.071 14.245 2.091 1.17615
3.003 16.344 2.366 1.53421
0.448 16.624 2.776 1.10241
4.197 17.405 2.985 1.09541
0.028 18.208 3.839 1.09770
0.000 18.286 4.226 1.31070
0.045 17.907 4.669 1.40051
0.359 15.036 2.203 1.68748
5.535 17.827 3.709 1.08371
2.584 13.657 2.782 1.57385
13.454 13.457 3.349 1.25188
0.050 16.638 2.563 1.54608
0.142 18.020 2.269 1.84936
0.000 19.330 2.489 1.49855
0.000 19.360 1.582 1.57000
0.000 19.397 2.200 1.59643
1.586 17.436 1.931 1.32414
0.126 16.650 0.645 1.76607
0.131 14.698 1.551 1.79957
0.083 16.928 3.227 2.04447
4.511 15.107 2.716 0.98309
1.247 16.177 1.288 2.06085
0.584 15.418 1.138 2.25509
0.918 10.535 -0.834 1.14966
0.000 16.765 -0.537 1.35127
0.000 17.692 -1.389 1.55723
0.000 18.027 -0.764 1.63885
0.000 16.050 -2.130 2.14919
1.357 15.712 -1.332 2.04734
0.058 14.049 2.259 2.08649
0.839 15.148 0.157 2.30865
0.000 16.063 0.210 1.95455
0.000 14.866 0.813 2.05002
0.056 11.711 -2.175 1.84605
0.110 13.813 -2.251 2.54163
0.000 14.503 -2.751 2.53708
0.000 13.968 -4.167 1.71500
0.000 15.218 -4.225 1.40606
0.000 16.041 -4.051 1.62348
1.748 16.280 -3.670 1.86508
1.421 8.508 -1.788 1.59915
0.482 9.497 -2.816 1.47602
0.000 12.373 -4.523 2.69265
0.085 10.953 -4.509 2.97526
0.000 10.119 -4.198 2.23768
0.000 7.853 -4.324 1.07978
0.000 10.715 -4.678 1.22228
0.000 11.968 -4.676 1.78250
0.070 10.450 -3.736 2.18034
2.435 7.457 -3.757 1.59029
0.704 5.012 -6.721 1.58720
1.464 4.608 -6.748 0.80104
0.001 2.948 -5.363 1.11032
0.000 2.528 -5.175 0.67960
0.200 3.090 -6.989 0.74811
0.000 5.404 -6.906 1.06869
0.000 5.694 -5.454 1.19385
0.000 6.973 -5.571 1.31269
0.100 7.569 -6.908 2.18198
0.000 6.446 -7.146 2.13927
0.212 6.555 -7.656 2.37161
0.031 5.970 -7.432 1.48113
0.245 7.539 -6.126 1.58729
0.401 8.952 -5.154 1.74421
0.000 9.832 -5.396 1.61844
0.139 11.175 -5.251 1.88030
0.000 10.953 -4.477 1.75815
0.000 11.116 -5.080 1.95772
0.000 10.937 -5.788 2.00894
0.000 9.917 -5.879 2.30835
0.224 7.995 -6.040 2.61006
0.000 7.684 -5.882 2.47911
0.000 7.692 -6.375 3.69107
0.046 3.171 -7.461 3.00022
0.001 1.333 -9.689 1.76790
0.000 1.688 -10.679 1.42833
0.000 4.327 -10.820 2.33700
0.000 2.907 -8.514 1.30734
0.001 0.104 -9.932 1.94401
0.000 1.858 -10.417 1.56723
0.005 1.895 -10.207 1.40607
0.000 1.087 -10.115 1.35178
0.000 4.540 -10.420 1.71260
0.000 6.006 -9.614 1.45717
0.000 8.712 -7.886 1.56034
0.000 9.790 -6.895 1.98138
0.011 11.569 -5.267 1.59117
0.000 12.565 -4.752 1.78246
0.037 8.782 -5.321 2.03617
0.000 6.142 -6.301 1.66012
0.000 8.364 -7.582 1.30081
0.000 8.595 -7.971 1.40637
0.000 9.269 -8.282 2.12003
0.000 6.216 -8.259 1.78822
0.000 7.750 -8.600 1.99406
0.000 7.195 -8.344 1.74657
0.000 7.385 -8.735 2.06192
0.000 7.137 -9.051 2.11232
0.000 5.555 -9.212 1.56390
0.000 4.737 -8.524 1.46262
0.000 6.517 -8.883 1.10258
0.000 7.721 -9.034 1.33849
0.000 7.853 -7.270 1.90774
0.000 5.221 -7.961 1.57349
0.000 3.422 -9.546 1.60785
0.000 5.101 -10.588 2.24630
0.000 3.282 -11.611 2.16338
0.000 0.614 -12.264 1.39797
0.000 6.027 -12.548 1.74124
0.000 5.722 -12.475 2.07347
0.000 3.726 -11.882 2.43469
0.000 2.444 -13.475 2.91061
0.025 3.134 -13.580 2.78063
0.000 0.817 -13.205 3.12326
0.000 -2.841 -12.575 3.00421
0.000 -0.353 -14.919 1.72832
0.000 0.140 -16.069 3.18951
0.022 -3.165 -16.173 3.34878
0.000 -2.838 -16.049 2.58362
0.000 -1.310 -15.298 2.25991
0.000 2.981 -13.540 2.04968
0.000 5.491 -11.182 2.25150
0.000 5.410 -9.907 2.18321
0.000 9.699 -9.657 1.88732
0.000 8.486 -8.880 1.51670
0.000 5.038 -9.029 1.64471
0.000 4.691 -11.567 3.05113
0.000 2.822 -12.691 2.07190
0.000 7.376 -12.535 2.21502
0.000 8.454 -11.994 2.00803
0.000 7.980 -9.094 1.71846
0.170 6.511 -11.352 2.30591
0.000 1.169 -12.033 1.69945
0.000 6.059 -12.303 1.71539
0.000 10.262 -9.660 1.88696
0.000 5.464 -10.292 4.40364
0.000 0.406 -13.007 2.34081
0.000 0.967 -15.467 3.74402
0.000 -3.081 -15.818 3.02762
0.000 1.418 -15.888 2.14877
0.000 4.316 -14.986 2.18217
0.000 6.470 -12.779 2.61561
0.000 6.040 -12.348 2.61463
0.105 8.777 -12.473 2.43596
0.000 4.133 -8.482 2.25494
0.000 5.680 -8.808 3.78214
0.000 1.824 -10.213 2.62129
0.000 5.988 -10.274 2.35672
0.000 7.491 -9.753 2.86009
0.000 5.659 -6.700 3.06587
0.000 2.860 -8.278 3.81790
0.000 1.236 -9.338 3.90299
0.135 -1.470 -11.838 2.08463
0.000 4.106 -11.813 2.09188
0.158 3.816 -11.351 1.92747
0.000 6.491 -11.329 3.48085
0.332 4.031 -8.428 3.81989
0.000 1.191 -11.843 2.40208
0.000 6.534 -12.022 3.02901
0.001 3.806 -11.024 4.46001
0.000 1.659 -11.750 4.71805
0.000 2.774 -12.319 4.16769
0.000 4.322 -12.450 2.64668
0.000 3.400 -12.310 2.05064
0.000 0.877 -9.722 1.53851
0.011 2.090 -9.745 2.69544
0.000 1.965 -9.933 2.24900
0.000 4.773 -9.911 1.74182
0.083 0.730 -10.335 1.76516
0.000 5.352 -10.153 2.45494
0.000 9.561 -7.450 2.75864
0.000 7.986 -5.407 2.04699
1.745 6.516 -5.492 1.70659
0.485 5.301 -6.693 2.66653
0.000 7.480 -6.279 1.97312
0.004 5.171 -5.337 3.40814
0.001 1.555 -7.230 4.53640
0.150 0.154 -10.714 1.93296
0.382 2.209 -10.406 1.74215
0.000 3.788 -8.971 2.17459
0.008 0.673 -6.683 1.40645
0.001 2.097 -9.314 1.37547
0.281 2.528 -10.169 1.48613
0.040 4.544 -9.614 1.77980
0.000 4.592 -5.682 1.46031
0.000 8.596 -4.912 1.91318
0.000 5.536 -4.744 3.16939
0.000 3.859 -6.840 3.60623
0.002 2.878 -8.050 2.72174
0.429 4.510 -6.810 2.62265
0.091 7.231 -6.176 1.96596
0.161 4.926 -4.922 1.36908
0.000 5.806 -4.434 1.61518
0.119 4.770 -5.967 2.18966
0.000 7.480 -6.007 1.78787
0.000 10.174 -4.835 1.70234
0.000 3.437 -6.590 1.51076
0.101 2.079 -8.528 1.11677
1.022 6.996 -7.228 1.57204
0.060 9.527 -5.541 2.10754
0.000 6.725 -5.538 1.80311
0.255 7.946 -5.164 1.72434
1.124 6.911 -5.614 1.00016
0.014 8.554 -4.162 1.15226
0.183 11.152 -5.339 0.94927
0.000 10.864 -4.728 2.01736
0.629 9.414 -4.984 1.89464
0.507 3.098 -6.976 1.54402
0.039 8.982 -5.209 2.17514
0.116 11.174 -3.057 1.48684
2.054 9.201 -3.836 1.32708
0.000 13.460 -3.944 1.89351
0.315 9.659 -4.125 2.02861
0.061 11.640 -3.335 2.15952
0.000 11.772 -4.750 3.75006
0.661 8.647 -4.161 2.44761
0.374 5.214 -4.903 1.48889
0.000 9.484 -4.813 1.13249
0.034 12.433 -3.019 1.19981
0.000 12.993 -2.582 2.19928
0.283 13.538 -4.017 2.22378
0.000 14.067 -2.095 1.88178
0.326 11.481 -1.913 1.47574
0.000 13.352 -3.249 2.34740
0.000 15.518 -3.238 1.82730
0.000 15.265 -4.833 2.90870
0.000 12.027 -2.986 1.91716
2.050 6.819 -5.467 1.20302
0.022 11.226 -4.591 2.20042
0.457 12.430 -3.907 1.51396
0.110 10.514 -3.965 2.25486
1.663 11.893 -1.325 2.04280
0.776 9.983 -2.666 1.43955
0.216 8.651 -2.296 1.67866
0.770 9.774 -3.924 2.16195
0.000 14.217 -1.383 2.55973
1.836 10.872 -2.584 2.57351
0.211 12.665 -3.319 1.55106
0.861 15.806 -1.533 2.30994
0.256 9.733 -2.800 1.58532
0.142 10.991 -4.126 2.30644
0.000 13.898 -2.931 2.75659
0.000 10.617 -2.869 2.05408
0.230 5.687 -1.714 1.77275
8.216 6.077 -4.372 1.50449
0.185 14.778 -3.738 1.61031
0.000 18.648 -0.181 1.87626
0.226 16.741 0.036 1.47126
0.035 15.935 -0.627 1.72579
0.216 17.018 -0.329 1.94918
0.000 17.919 0.633 1.57709
0.000 19.916 1.416 1.92120
0.253 21.594 3.262 1.33254
0.000 18.285 1.617 1.52389
0.000 21.112 2.561 2.66918
0.000 19.436 2.082 2.42632
0.000 19.537 3.595 1.67074
0.177 16.654 3.307 1.36038
0.000 19.553 2.340 3.56422
0.004 16.732 0.412 3.33986
1.639 17.262 1.574 2.29747
1.694 11.774 0.738 1.61495
0.062 18.103 1.402 2.60445
0.015 15.866 2.382 1.14409
0.169 15.715 1.451 1.73094
5.904 19.031 0.522 2.47855
0.051 9.525 -0.421 1.59547
0.000 17.327 1.666 1.46407
0.000 19.821 1.768 1.66761
0.044 15.136 1.023 2.48710
0.000 17.414 1.999 1.78438
0.370 17.712 2.509 1.62318
0.000 15.812 3.246 1.16790
1.274 16.178 2.296 1.52799
1.930 17.832 3.875 1.91663
0.547 19.114 4.460 1.97309
0.000 17.743 2.818 2.20216
0.750 18.810 5.022 2.34010
0.017 18.412 2.018 1.68320
0.000 20.823 3.461 2.26497
0.021 20.469 5.746 1.52772
1.693 21.884 5.970 1.46984
1.586 22.834 5.833 1.71598
1.449 22.715 6.997 1.02414
1.194 20.792 5.424 1.27274
5.457 22.342 5.746 1.04832
0.025 21.437 5.657 1.23827
2.123 23.124 5.956 1.34939
2.859 16.812 5.409 1.72505
11.830 19.895 4.621 1.92083
2.629 21.652 5.077 1.51646
8.869 17.321 5.896 0.98033
3.043 19.991 6.660 1.37866
0.230 22.796 6.342 2.00291
0.034 15.978 4.590 1.64495
0.000 16.713 4.536 1.72071
0.000 20.895 6.061 1.56932
0.106 23.236 7.991 1.00560
31.114 21.426 3.113 1.23190
0.263 21.499 5.008 1.21217
12.908 20.113 6.752 1.42686
15.926 20.965 6.747 1.60070
11.868 16.877 3.463 1.29568
4.865 17.970 4.531 1.10300
12.314 17.341 3.267 1.65174
1.926 17.879 5.116 1.32103
17.440 20.259 5.991 1.34703
16.037 19.250 4.561 1.12616
1.188 18.565 3.791 1.48863
0.765 15.894 3.800 1.85840
0.391 18.688 5.665 1.97338
0.281 19.345 6.718 1.49262
12.775 18.470 4.051 1.37669
0.863 18.564 4.979 1.75203
5.268 18.215 5.174 1.78693
0.000 17.600 4.489 1.74142
0.020 16.172 4.168 1.55555
0.899 17.893 4.560 1.16335
0.857 19.349 6.556 1.21569
1.142 19.652 4.516 1.24117
1.154 18.921 4.556 1.30203
2.259 15.036 3.931 1.09777
5.881 17.033 1.473 1.40646
4.264 14.384 2.206 1.54030
0.347 15.372 4.409 1.85544
6.930 14.193 3.818 1.42478
4.056 17.762 4.570 1.13384
2.445 17.988 3.366 1.64857
1.409 15.271 3.570 1.31934
0.484 17.541 4.783 1.26828
4.289 15.809 1.652 0.97936
0.089 17.958 2.568 1.36474
3.493 17.954 4.883 1.07127
5.531 17.220 5.186 0.75134
2.118 17.821 5.077 1.27144
26.609 14.886 2.624 1.31547
11.086 15.778 3.240 0.92313
7.641 15.672 2.990 1.32789
8.968 13.970 2.646 1.40158
5.509 17.328 4.974 1.09249
0.670 16.985 4.989 1.24851
0.282 16.818 5.246 0.91289
0.000 18.376 4.925 0.97809
5.348 17.818 4.817 0.70939
3.029 17.414 4.783 1.48356
0.916 16.993 5.191 1.25741
0.042 16.689 2.222 1.31746
3.584 18.038 3.169 1.42157
7.661 15.578 4.259 1.21618
2.214 17.668 5.243 1.50589
7.063 18.478 5.401 1.20976
5.937 17.744 5.280 1.24584
0.475 18.053 6.068 1.09662
0.409 17.400 5.390 1.48891
0.177 18.700 6.084 1.30663
0.339 18.724 6.462 1.35597
0.030 18.352 6.431 1.08584
0.129 17.915 4.731 1.44853
0.000 19.847 5.848 1.28326
0.485 19.142 7.550 0.79927
0.973 14.211 5.189 1.07470
1.496 17.140 5.289 0.98190
2.352 14.810 3.679 1.13270
16.948 17.110 2.765 1.68360
3.520 16.567 3.018 1.36886
0.369 12.882 0.984 1.38566
0.919 13.243 1.332 1.51137
0.178 12.313 2.260 1.49440
0.231 13.146 0.564 1.96331
0.023 14.727 1.581 1.47478
0.000 15.471 1.759 1.59245
0.000 16.410 2.925 1.35178
0.437 16.423 3.874 1.37089
0.050 16.202 3.774 1.43955
9.901 14.412 2.349 1.19751
10.159 11.793 1.902 1.09941
4.595 12.342 1.202 0.89490
8.909 15.526 1.181 1.33503
23.445 16.611 2.093 1.48981
2.545 14.331 0.581 1.31670
0.289 15.775 1.735 1.09075
3.304 13.876 1.313 1.08944
3.594 13.058 0.910 0.94077
2.158 13.862 1.357 1.29924
0.762 12.661 0.518 1.31867
0.837 12.002 -1.911 1.79001
0.343 13.491 -1.356 2.00097
0.952 8.141 -2.426 1.08275
0.101 10.424 -3.494 1.78245
0.000 11.171 -3.135 2.23851
0.000 11.689 -3.796 2.12353
0.000 9.831 -4.945 2.53824
0.479 8.674 -4.124 2.27463
2.397 4.310 -5.189 1.04741
1.217 8.490 -4.846 1.27827
0.277 9.189 -4.060 1.87466
0.000 9.502 -2.939 1.90029
0.052 9.406 -3.585 2.05890
0.000 8.948 -3.809 2.34578
0.000 4.390 -5.795 1.56739
0.000 9.309 -5.494 1.37205
0.000 10.499 -4.400 1.74097
0.186 9.773 -3.941 2.02211
0.000 8.832 -4.999 1.82025
0.000 9.224 -4.714 2.28382
0.000 8.327 -5.074 1.64707
0.000 8.180 -6.550 2.56707
0.000 7.168 -6.365 2.70222
0.000 7.544 -6.256 2.67190
0.202 7.480 -6.186 1.95310
0.000 7.393 -6.185 2.10926
0.000 8.229 -6.182 2.08561
0.000 8.628 -5.570 1.79804
0.000 7.336 -7.334 1.86336
0.000 2.875 -7.273 1.56998
0.000 5.316 -6.377 0.87329
0.000 6.733 -5.466 0.71362
0.000 7.467 -5.879 1.61711
0.000 7.496 -5.808 1.40599
0.000 5.703 -5.200 2.01976
0.000 5.154 -6.130 2.58715
0.000 4.910 -6.140 3.66893
0.000 0.469 -11.707 2.24397
0.000 5.208 -11.780 1.38775
0.000 6.264 -9.989 1.70462
0.000 5.901 -9.599 1.65180
0.000 3.200 -9.646 1.59609
0.000 5.298 -9.484 1.81030
0.000 5.358 -8.165 2.33657
0.000 3.020 -7.330 1.65444
0.000 3.219 -7.463 2.54940
0.003 4.274 -7.799 3.79944
0.000 2.281 -7.434 3.86713
0.000 2.671 -8.506 1.77534
0.000 4.094 -8.903 1.54529
0.000 4.182 -7.090 1.49051
0.000 2.847 -9.483 1.64049
0.000 3.453 -10.167 1.69500
0.000 7.367 -9.746 1.77226
0.000 2.183 -10.438 1.92563
0.000 3.758 -10.609 1.51319
0.000 5.871 -10.423 2.19540
0.000 2.093 -10.422 2.05140
0.000 6.682 -10.650 1.30283
0.003 8.071 -9.130 1.57616
0.000 6.040 -10.511 1.54785
0.000 2.509 -12.798 2.11684
0.000 3.057 -12.993 2.43536
0.000 -0.459 -11.916 1.51025
0.000 3.886 -11.548 1.92734
0.000 4.067 -10.990 1.35086
0.000 2.741 -11.866 3.05617
0.000 1.318 -13.288 3.33628
0.000 0.139 -15.002 1.98316
0.000 1.136 -15.263 2.23872
0.000 1.358 -14.842 1.76904
0.000 0.229 -15.385 2.44838
0.000 -0.342 -15.607 2.20633
0.000 1.394 -15.884 2.30691
0.000 1.735 -14.464 2.69714
0.000 2.602 -10.926 2.18943
0.000 1.781 -11.844 1.44600
0.000 3.814 -11.763 1.26085
0.266 1.109 -7.109 1.84515
0.490 -1.736 -16.775 1.88945
0.000 2.916 -16.931 2.08674
0.000 1.292 -16.261 2.43921
0.000 1.282 -14.371 1.55819
0.000 3.214 -15.248 1.91273
0.000 3.772 -15.404 2.09209
0.000 3.534 -14.324 2.12210
0.000 3.300 -13.110 2.10037
0.000 2.036 -16.070 3.79736
0.000 -1.209 -16.563 3.18450
0.000 -6.030 -16.919 1.82135
0.136 -2.878 -17.199 1.70577
0.000 -0.480 -17.161 1.53279
0.000 -1.517 -15.518 1.51338
0.053 1.034 -17.302 1.82998
0.000 -3.309 -17.383 2.48582
0.000 -4.475 -15.546 2.22133
0.000 1.594 -16.290 1.99136
0.000 0.703 -16.481 2.93988
0.000 0.844 -15.520 2.94538
0.470 -1.023 -15.802 2.78408
0.000 -1.868 -16.394 1.91636
0.000 -2.478 -15.647 1.81741
0.000 -0.667 -15.229 1.93803
0.000 1.173 -16.200 2.23691
0.128 2.000 -16.357 2.95181
0.000 0.417 -15.801 3.12619
0.000 -6.416 -17.879 1.52516
0.000 -1.235 -17.938 1.63045
0.000 2.019 -16.420 2.69009
0.000 -1.702 -16.543 3.04340
0.000 -1.338 -16.874 2.20051
0.000 0.034 -17.035 1.82458
0.000 2.010 -13.802 2.04851
0.000 1.233 -14.828 1.77459
0.000 1.345 -15.099 1.82139
0.000 2.263 -14.525 2.09280
0.000 4.672 -14.479 2.37903
0.000 1.786 -12.822 2.77961
0.000 2.648 -12.831 3.42795
0.000 0.650 -14.496 3.78371
0.000 -0.979 -14.663 3.91444
0.000 -3.667 -15.324 2.35451
0.000 3.723 -15.442 2.02195
0.000 3.769 -14.484 3.37975
0.000 -0.264 -13.791 3.85378
0.000 0.395 -14.430 2.69349
0.014 -0.533 -14.488 2.18955
0.000 3.824 -13.623 2.66413
0.000 4.439 -13.001 2.13177
0.000 6.092 -11.151 2.52868
0.000 5.513 -10.611 3.32000
0.000 4.363 -8.803 5.62540
0.296 -2.004 -14.888 2.02496
0.000 2.966 -14.950 2.89860
0.000 1.812 -13.298 2.61881
0.000 3.058 -13.120 2.10836
0.001 3.179 -12.976 1.92246
0.010 2.757 -10.932 2.64442
0.000 1.560 -9.956 3.90548
0.000 -0.965 -11.826 3.53825
0.000 0.805 -12.417 2.48192
0.000 0.076 -12.980 2.80699
0.037 0.925 -12.654 2.81090
0.001 5.567 -11.572 2.18394
0.000 6.237 -10.768 1.90686
0.000 4.040 -8.232 3.04333
0.022 3.127 -10.344 3.51583
0.184 2.031 -10.150 4.97344
0.000 -0.036 -9.853 4.46161
0.000 0.402 -10.393 3.52511
0.039 1.531 -10.570 4.83188
0.000 -2.217 -13.699 3.27984
0.000 -0.393 -13.580 2.70373
0.204 5.573 -12.669 2.04865
0.001 1.583 -10.313 2.16509
0.287 -0.179 -12.594 2.41475
0.000 1.231 -12.096 3.04093
0.000 1.124 -12.214 3.43205
0.000 1.819 -11.897 3.26812
0.000 0.859 -10.060 1.55543
0.000 3.304 -8.307 1.72725
0.057 6.341 -7.342 2.04587
0.065 6.158 -5.753 2.24813
0.000 7.895 -5.337 2.53112
0.000 12.076 -4.817 2.56774
0.000 9.798 -4.579 3.77034
0.000 4.578 -6.394 4.26381
0.161 5.513 -6.079 2.24813
0.000 7.242 -6.287 3.21347
0.100 2.244 -6.360 2.47267
0.000 3.775 -6.897 2.76208
0.000 5.317 -6.856 2.21350
0.165 6.561 -5.481 2.77876
0.069 3.255 -6.184 3.29658
0.000 3.736 -7.207 2.43400
0.046 8.011 -5.872 2.82356
0.000 7.189 -4.826 4.30157
0.063 4.493 -8.031 3.21920
0.050 5.258 -6.201 1.97521
0.000 10.372 -4.718 1.75391
0.981 12.252 -4.696 2.06217
0.000 8.094 -4.132 2.23321
0.000 7.312 -6.322 3.04027
0.222 4.498 -5.371 2.85970
0.364 2.411 -6.833 1.33099
0.790 4.299 -5.610 1.63802
0.230 5.331 -7.817 2.25616
0.121 8.397 -5.780 1.61649
0.000 11.099 -4.777 2.71216
0.284 7.423 -4.780 2.07184
0.124 10.009 -3.113 1.22726
1.200 6.573 -4.125 1.55374
0.000 12.073 -4.330 1.57162
0.000 12.101 -3.804 2.10007
0.107 15.622 -1.795 2.22801
0.000 13.720 -2.997 2.04708
1.048 11.306 -3.246 1.16959
0.000 11.603 -4.180 1.58859
0.000 13.853 -3.031 1.67458
0.000 13.991 -3.731 2.03225
0.000 12.299 -4.664 2.35116
0.050 13.697 -4.459 2.38969
0.707 8.040 -4.580 1.98585
0.006 10.805 -3.270 1.34821
2.552 9.673 -3.800 1.34848
0.550 13.940 -1.178 1.75363
0.000 15.798 -2.485 0.83528
0.000 17.241 -1.162 2.11469
0.000 17.666 -0.363 1.72429
0.051 12.933 0.387 1.68329
2.891 12.620 -0.851 1.57076
0.340 11.101 -1.509 1.37757
0.894 10.601 -1.093 1.95711
0.075 10.807 -1.845 1.82955
1.304 14.609 -0.503 2.00398
0.684 17.276 0.083 3.29488
0.000 17.943 -2.819 2.92992
0.000 16.188 -3.845 3.63473
0.000 15.176 -1.835 2.18496
2.476 16.301 -0.944 3.06123
1.226 10.853 -2.324 1.41409
0.479 12.224 -0.948 1.64934
2.676 13.819 -1.153 2.72575
0.667 13.196 -1.079 2.85422
0.000 12.548 -3.343 3.08334
1.375 11.916 -2.338 1.57812
0.000 16.201 -1.944 2.34230
0.039 17.798 -0.175 1.85891
0.000 16.669 -0.397 2.47433
0.000 17.870 0.875 1.36679
0.000 18.484 -1.551 2.85501
0.000 17.426 -1.201 2.22109
0.071 15.336 0.707 1.05435
1.056 15.311 0.493 1.58663
0.216 14.522 0.862 1.87122
8.096 15.769 -0.287 1.34920
0.500 18.764 0.941 1.48902
0.000 18.663 0.678 2.66482
0.000 19.011 0.172 2.11085
0.000 19.540 0.091 2.36502
0.000 18.684 0.653 2.56219
0.104 17.888 0.647 2.67163
4.766 13.335 -0.774 2.11465
0.330 11.391 -1.370 1.45122
0.296 16.160 0.734 1.15244
0.094 18.571 -0.070 1.92334
3.558 16.476 1.043 2.10037
0.333 17.178 1.764 1.07516
1.374 21.259 4.535 1.39875
0.000 17.146 3.161 1.57728
0.059 18.869 3.672 2.38448
0.223 19.546 1.178 2.65824
0.004 20.301 0.048 3.05695
2.136 19.943 2.919 1.51311
0.058 19.596 3.070 1.09746
0.000 22.916 4.385 2.12983
0.000 18.819 4.398 1.97624
0.504 18.501 5.500 1.73193
1.014 22.094 3.637 2.51568
0.321 22.192 3.227 2.56260
0.000 22.616 3.453 2.96209
0.021 19.313 5.579 2.57943
0.000 19.891 2.714 2.14339
0.014 22.307 4.586 2.16062
0.000 24.541 5.768 1.80321
0.097 24.304 6.232 1.47651
7.462 22.628 8.650 1.01654
0.219 20.267 6.160 1.13606
1.844 22.221 6.177 1.89354
0.000 21.269 4.522 2.02319
0.021 23.412 5.057 1.91677
0.000 22.030 4.198 1.85931
0.094 23.579 6.666 1.11575
0.025 24.377 5.953 2.12182
0.162 22.852 6.479 1.59946
12.672 22.101 4.356 1.54832
7.927 17.468 6.075 0.89166
2.498 19.725 4.407 1.29667
0.685 19.319 4.539 2.49695
3.231 19.993 4.461 2.47142
2.664 16.895 3.469 1.36638
0.441 19.294 5.715 1.07205
14.314 13.734 2.459 2.00258
7.090 12.862 2.821 1.28543
5.710 16.014 4.213 1.48082
3.027 13.198 3.341 1.41907
0.910 15.844 3.090 1.85173
0.255 14.944 4.217 2.22829
0.087 20.338 3.638 2.12550
0.000 21.755 4.439 1.55673
0.059 22.453 5.361 1.56377
2.941 22.666 6.940 1.07162
0.868 21.689 4.961 1.34412
9.068 21.675 7.225 1.42436
0.319 19.170 5.126 1.26152
5.700 18.807 1.617 1.45675
5.314 16.854 2.374 1.74151
0.761 15.368 1.917 1.46026
5.790 18.391 3.364 0.99130
0.574 20.342 3.901 1.30319
5.891 20.021 4.008 1.40860
9.972 19.108 5.440 1.36504
6.361 18.119 4.951 1.79732
2.030 11.712 3.321 1.37335
0.365 17.221 4.388 1.83775
20.426 18.430 2.517 1.15400
1.566 18.722 4.607 1.38452
1.019 13.802 5.016 1.64401
9.788 15.188 1.392 1.01177
7.325 16.634 1.945 1.32014
1.716 16.217 3.883 1.35572
15.604 18.509 2.221 1.34031
0.000 17.021 2.508 1.56973
0.000 17.366 3.370 1.51353
0.000 19.021 3.621 1.28691
0.348 17.691 5.220 1.28150
0.354 18.164 2.791 1.44986
0.000 16.873 2.552 1.47267
0.000 17.871 2.986 1.37485
0.000 20.214 4.034 1.22626
0.000 21.381 5.942 1.28024
1.076 22.623 6.547 1.13398
21.802 18.603 5.487 1.22868
0.711 16.978 4.844 1.40694
0.016 20.242 5.797 1.53497
4.973 18.026 3.955 1.14623
0.000 18.756 4.487 1.54270
0.000 18.967 4.308 1.58147
0.000 19.661 4.872 1.36692
0.000 20.912 5.396 1.12336
0.196 20.144 6.024 0.98283
8.874 17.856 4.226 1.38064
3.654 15.857 2.115 1.34526
6.659 17.981 2.201 1.13844
0.000 16.725 2.890 0.96287
7.145 17.240 3.094 1.07686
0.658 16.705 3.499 1.05803
13.133 16.115 4.437 1.31298
11.629 12.025 3.379 1.16674
0.936 15.771 3.936 1.02828
1.399 17.590 3.862 1.18181
4.343 17.516 4.696 1.37056
3.297 17.480 5.438 1.05668
1.264 17.539 5.752 0.63883
4.796 16.624 4.653 1.16892
3.267 16.640 5.550 1.17195
2.231 18.360 4.686 1.45968
0.325 16.952 4.365 1.49314
9.803 16.253 4.321 1.48210
13.906 15.523 3.457 1.27768
0.000 16.803 1.728 1.90995
0.014 17.031 2.638 1.78696
0.000 16.023 1.328 1.96767
0.051 16.169 2.108 1.72069
1.591 12.647 0.601 1.26964
0.059 8.868 0.209 1.02462
0.142 11.240 0.556 1.37780
13.188 10.686 0.032 1.33953
1.641 6.423 -3.388 0.98802
0.000 9.366 -2.209 1.47022
0.059 11.579 -1.657 1.38913
0.000 12.316 -2.357 1.40806
4.035 10.085 -2.267 1.17373
0.491 10.978 -1.415 1.10251
0.056 12.786 -0.562 1.35827
0.000 14.228 0.137 1.27673
1.240 14.474 -0.273 1.33196
0.000 15.443 -0.491 1.23560
0.067 14.277 0.056 0.74175
0.375 14.934 0.763 1.32184
0.000 15.489 0.654 1.05210
0.060 12.183 0.928 1.11485
0.113 13.392 -0.267 1.81624
0.134 12.884 -0.806 1.73836
0.000 13.224 -2.409 2.21129
0.189 11.201 -2.271 1.40219
0.007 10.925 -3.581 1.19363
0.684 11.173 -3.237 1.32289
0.276 9.134 -5.672 2.14625
0.000 9.873 -5.081 1.78131
0.000 8.536 -4.351 1.53845
0.000 7.079 -4.517 1.26869
2.615 8.481 -4.687 1.10053
0.000 8.436 -3.763 1.16354
0.001 11.425 -3.454 1.64404
1.181 10.570 -3.235 2.09514
0.611 8.144 -3.976 1.57349
0.376 7.699 -3.932 1.09982
1.201 5.283 -3.779 1.57193
0.150 7.024 -3.692 1.74646
0.000 5.174 -3.296 1.89134
0.365 6.360 -5.951 1.71395
0.000 6.776 -5.950 1.21984
0.002 8.404 -5.562 1.55873
0.794 8.010 -4.764 1.79765
0.101 6.005 -4.280 1.77342
0.134 6.778 -4.644 1.37646
0.000 6.812 -5.056 1.22206
0.000 8.196 -5.282 1.45548
0.000 6.229 -5.209 1.84188
0.035 6.312 -5.039 1.87485
0.000 6.321 -5.020 1.65815
0.000 9.078 -5.106 1.69463
0.000 9.789 -4.840 1.48235
0.000 10.827 -3.227 1.41628
0.000 9.375 -3.845 2.03627
0.000 8.964 -5.046 2.22288
0.000 9.679 -5.080 1.80267
0.000 11.087 -4.518 1.61810
0.000 10.875 -4.708 1.60605
0.000 11.122 -4.582 1.48020
0.000 9.459 -4.382 1.91856
0.591 6.475 -3.632 1.18533
0.086 6.337 -5.872 1.53319
0.114 4.224 -5.825 1.83247
0.229 2.730 -6.037 1.39499
0.615 6.140 -5.968 1.08269
0.815 7.997 -4.894 1.50615
0.000 10.193 -4.688 1.96432
0.009 9.472 -4.690 1.81631
0.000 8.147 -5.239 1.96518
0.000 5.421 -5.147 1.94189
0.000 6.028 -5.979 1.35552
0.000 5.433 -6.935 2.42342
0.000 3.466 -9.708 2.73794
0.000 0.665 -10.031 3.38327
0.000 1.377 -10.868 1.67649
0.000 1.797 -11.324 2.36569
0.000 0.952 -11.453 1.98259
0.026 -3.878 -14.663 1.79374
0.000 -1.510 -14.469 1.80003
0.000 3.138 -13.262 1.23156
0.000 2.309 -11.647 1.47068
0.429 0.512 -10.878 1.14621
0.014 1.815 -12.340 2.46992
0.000 2.675 -12.818 1.70629
0.000 0.294 -11.248 1.29424
0.000 3.113 -10.925 1.81150
0.094 4.094 -11.501 2.66024
0.000 1.870 -11.886 2.87786
0.000 1.353 -11.926 2.99413
0.000 0.782 -11.646 3.17317
0.000 -0.218 -11.828 2.66853
0.000 -2.774 -12.909 1.93829
0.107 -0.670 -12.375 1.62768
0.000 2.504 -11.626 2.48907
0.000 2.831 -10.743 2.23847
0.000 3.305 -10.678 2.67470
0.000 0.453 -12.594 1.40972
0.000 2.037 -13.156 2.53072
0.011 1.348 -13.166 1.96048
0.034 -1.023 -14.814 2.21838
0.000 -2.369 -15.132 2.83857
0.000 -5.214 -16.219 1.71587
0.000 0.327 -16.385 1.34847
0.000 1.172 -16.193 1.50945
0.000 1.316 -16.714 2.39249
0.000 0.658 -16.690 2.22351
0.058 1.261 -14.324 2.42125
0.042 0.248 -10.896 2.10413
0.000 1.001 -13.550 3.54408
0.000 -3.134 -14.424 3.59057
0.000 -5.427 -16.287 2.34286
0.014 0.115 -16.237 2.10119
0.006 -1.529 -16.223 2.24961
1.030 -1.971 -13.450 2.39474
0.000 -2.109 -16.030 2.07667
0.000 -3.942 -16.530 1.61934
0.000 -0.993 -16.580 2.50784
0.000 5.197 -13.750 1.71631
0.000 5.931 -13.349 2.15639
0.000 3.609 -13.508 1.97301
0.000 5.577 -12.365 1.82486
0.501 4.712 -11.920 2.66034
0.000 3.145 -11.831 2.95981
0.000 0.616 -11.595 4.06702
0.000 -2.790 -13.893 4.17387
0.001 -3.480 -14.215 2.38915
0.000 -2.487 -13.722 2.26707
0.000 -4.122 -13.850 1.78121
0.000 -6.442 -17.512 1.15717
0.000 -6.182 -17.788 1.52329
0.001 -2.882 -17.445 1.75709
0.000 -3.380 -15.927 1.53492
0.000 -0.693 -15.096 1.54999
0.000 0.776 -13.757 1.39881
0.000 -0.256 -13.996 2.18809
0.000 -2.239 -15.353 2.18894
0.000 -0.806 -16.129 2.46624
0.011 -2.825 -16.187 2.52556
0.000 -2.927 -15.229 1.59422
0.000 -0.217 -15.347 1.47221
0.000 -2.106 -14.660 2.18913
0.000 -1.216 -14.575 2.02737
0.000 0.017 -15.354 2.59425
0.000 0.355 -15.554 2.84498
0.336 -2.113 -14.817 2.46224
0.000 -0.253 -14.667 1.85214
0.002 1.029 -14.731 1.83467
0.006 2.768 -11.061 1.86891
0.000 3.575 -8.860 1.92009
0.652 4.165 -7.417 1.95824
0.250 4.264 -8.734 1.91247
0.000 5.834 -9.077 2.35412
0.189 3.702 -8.408 2.22901
0.000 0.804 -12.804 2.35744
0.000 2.434 -12.852 2.76129
0.000 4.065 -8.255 2.43642
0.000 1.338 -8.479 1.13280
0.000 4.644 -8.861 2.50938
0.099 2.191 -10.822 2.90301
0.067 2.587 -10.783 1.66207
0.031 2.482 -10.040 1.96289
0.055 2.010 -8.383 2.17760
0.000 0.583 -9.524 1.75979
0.000 0.920 -11.693 1.52987
0.000 4.550 -11.457 1.49560
0.000 4.223 -10.632 2.42703
0.000 3.120 -10.333 3.07833
0.000 -0.064 -9.645 1.79411
0.000 3.072 -9.485 2.29880
0.004 2.401 -8.624 2.79127
0.000 2.507 -7.967 2.45878
0.000 4.943 -8.420 2.94408
0.190 3.605 -7.657 2.35611
0.000 3.365 -6.701 1.75421
0.000 4.275 -6.888 2.63790
0.027 5.385 -6.079 3.81442
0.000 7.019 -5.780 2.74643
0.000 9.899 -5.264 1.98780
0.058 11.502 -4.630 2.99605
0.537 7.356 -4.816 4.49063
0.000 3.966 -7.533 3.46139
0.000 6.194 -6.680 2.33122
0.000 4.727 -6.605 1.85537
0.249 3.257 -6.628 1.87261
0.000 6.159 -6.077 3.44190
0.000 4.059 -6.346 1.96596
0.000 3.963 -5.778 1.04843
0.119 3.990 -6.033 1.20943
1.176 5.863 -6.248 1.19903
0.000 9.972 -5.580 1.52426
0.126 9.624 -4.207 1.85551
0.000 13.045 -3.383 2.35794
0.029 14.214 -3.827 3.82695
0.788 11.307 -5.634 3.82549
0.000 7.952 -6.117 3.93618
0.001 11.010 -5.283 2.87013
1.297 9.811 -5.930 2.05801
0.180 6.443 -6.416 3.09368
0.000 6.704 -5.803 3.51628
0.032 4.291 -5.193 2.52081
0.023 5.064 -7.196 2.28571
0.535 6.073 -5.680 1.61296
9.950 1.608 -6.248 1.10994
0.054 7.943 -5.636 1.52478
0.427 7.688 -6.342 3.06919
0.033 5.881 -6.097 1.96037
0.082 10.772 -4.766 1.81807
1.035 8.810 -5.655 2.17194
0.307 7.196 -4.498 2.61435
0.360 12.388 -4.453 2.04559
0.563 15.230 -3.971 1.80948
0.000 14.509 -3.661 2.05693
0.700 11.686 -4.316 2.67037
0.060 14.878 -2.065 1.73722
0.040 11.752 -3.433 3.12406
0.139 7.978 -5.183 2.49853
0.134 9.753 -3.603 2.59066
0.222 7.916 -4.750 4.11113
0.022 6.222 -5.036 1.98742
2.120 3.099 -5.017 1.12983
2.927 3.668 -6.024 1.15574
0.000 5.708 -5.417 1.29802
0.871 9.771 -4.874 1.11742
1.565 9.299 -2.412 1.60685
2.406 8.190 -3.489 1.57470
2.946 7.702 -4.707 1.27307
0.026 9.176 -3.998 1.77039
0.000 12.868 -1.267 1.10443
0.371 9.881 -2.238 1.58964
0.104 15.989 -2.270 1.86738
0.019 14.982 -3.022 2.34392
0.065 15.199 -4.756 3.51433
0.000 12.290 -4.200 3.39765
0.056 10.787 -3.916 3.34393
0.424 11.114 -3.710 1.72756
0.000 15.834 -2.964 1.96564
0.197 15.112 -2.793 2.02337
0.034 11.444 -1.753 2.42185
1.453 7.162 -2.991 1.17459
0.019 12.744 -3.040 1.69780
5.957 16.953 -0.467 1.52131
1.038 9.725 -1.026 0.62236
2.727 11.235 -1.585 1.01310
1.039 14.643 -0.375 1.36557
0.064 16.910 1.050 2.45741
0.256 15.213 2.517 2.09517
0.900 14.409 0.981 1.95097
2.374 11.619 0.435 1.44028
0.919 13.328 0.055 2.10886
10.372 12.884 -0.072 2.11987
20.582 6.936 -2.651 1.32824
9.111 2.062 -4.760 1.10685
3.497 1.097 -7.913 1.44846
0.364 4.840 -6.554 1.41998
0.089 9.956 -3.382 1.33303
3.726 11.061 -1.626 1.74989
1.154 13.519 -0.986 1.10424
2.099 14.832 0.434 2.33126
1.126 13.062 -2.006 1.67133
0.021 14.041 0.221 1.75192
10.223 13.004 0.697 1.46594
0.476 15.603 2.192 2.11511
0.004 16.330 1.356 2.61123
0.075 17.438 3.959 2.42735
0.000 18.192 2.566 1.80504
0.000 16.546 1.294 1.64578
0.000 19.990 2.459 2.12151
0.000 18.837 3.289 1.95819
0.034 18.150 4.533 1.69647
0.246 19.401 5.418 0.94230
0.026 20.625 4.983 1.75337
0.166 20.737 5.331 1.99776
0.000 21.027 5.894 2.61288
0.130 20.689 5.412 2.05290
0.379 21.272 4.975 2.04834
0.189 20.389 4.966 1.93071
0.000 21.078 3.974 2.31611
0.000 21.722 4.825 2.45670
0.000 21.221 4.982 2.02128
0.688 17.803 3.778 1.56513
0.000 20.266 4.200 1.22273
0.000 19.824 3.840 2.45609
0.000 18.891 3.896 2.16671
0.796 18.969 4.183 1.86544
12.946 19.671 5.332 1.56159
7.856 20.999 4.540 1.16421
1.653 20.422 4.692 1.30929
6.868 19.051 4.358 1.42444
3.675 19.534 3.833 1.84605
11.189 19.234 5.236 1.60623
0.000 19.401 4.782 1.86540
0.000 20.705 4.526 1.78147
0.226 19.037 4.577 1.88095
2.386 20.296 3.566 1.48681
3.149 21.433 5.071 1.08467
5.040 20.169 5.247 1.68379
1.080 19.544 5.038 2.24143
0.584 17.903 4.932 2.06053
1.566 19.725 6.324 0.94263
0.071 19.533 5.523 1.77977
6.735 20.555 5.359 1.41586
12.855 20.021 4.893 1.72854
18.280 17.783 4.708 1.42680
12.691 16.950 5.409 1.24613
1.249 18.654 5.546 1.53306
3.041 17.426 5.256 1.92624
0.491 15.820 4.507 2.39322
2.998 14.179 3.592 1.79943
1.646 18.390 5.447 1.68627
2.405 18.868 5.499 1.53988
24.809 17.318 5.740 1.29735
21.298 15.215 4.906 1.00857
0.000 18.007 4.004 1.60062
1.779 19.344 3.807 1.24907
2.435 14.483 4.564 1.80508
3.204 13.077 3.498 1.53758
13.440 17.458 5.387 1.17282
14.926 17.577 5.554 1.09023
0.898 18.721 6.922 0.82898
0.000 19.390 4.618 1.29647
0.000 18.755 5.589 1.67245
0.000 19.921 6.033 1.57002
0.000 20.221 6.358 1.47526
0.006 20.718 6.756 1.12016
4.982 19.963 8.487 0.89154
6.980 19.103 6.964 1.26350
1.215 19.814 6.307 0.90858
2.419 18.065 6.057 1.75830
0.561 17.822 4.974 1.67331
1.539 18.508 5.204 1.42400
2.951 18.404 6.467 1.52904
1.731 17.875 5.703 1.37143
4.603 18.557 4.787 1.51728
11.283 17.937 5.837 1.31292
0.727 14.573 1.397 2.15819
0.000 14.459 0.527 1.68378
0.000 15.169 1.705 1.16639
0.000 17.176 3.466 0.99471
0.000 19.263 4.438 1.03831
0.000 19.655 4.741 1.54797
6.176 20.073 4.564 1.16016
0.000 16.682 2.448 1.85016
0.000 17.913 2.167 1.51944
0.000 19.253 3.012 1.20313
0.000 19.365 3.924 1.01943
13.176 18.799 4.446 1.24762
2.834 17.937 5.592 1.25262
5.091 15.364 3.205 1.10475
1.691 17.362 3.651 1.45476
1.497 17.087 3.010 1.76260
0.000 16.444 2.359 1.91695
2.311 15.423 2.406 1.94300
0.915 14.804 2.566 1.78676
23.911 15.656 2.273 2.21122
7.110 14.602 1.861 1.93869
3.015 14.382 0.200 1.90753
6.795 15.928 0.132 1.75138
2.543 17.423 -1.472 1.79439
7.775 18.027 -2.079 1.69456
46.667 17.854 -1.655 1.59240
7.614 17.058 -1.748 1.87801
2.277 16.287 -2.207 1.90825
0.645 15.823 -2.011 2.07093
0.295 16.476 -1.581 1.78912
0.327 15.126 -2.066 2.27148
0.000 13.946 -1.877 2.21028
0.029 12.809 -3.149 1.68684
0.404 13.376 -2.312 2.31469
0.000 8.103 -3.900 1.51971
0.000 10.583 -4.150 2.08404
13.514 10.865 -3.227 2.01231
2.666 11.509 -2.780 2.03108
0.121 12.052 -3.224 2.03776
0.030 13.855 -5.255 2.17799
0.036 13.292 -5.239 2.29571
0.032 10.173 -5.954 2.62179
0.000 10.757 -5.947 1.85817
0.000 11.430 -5.891 1.76457
0.000 12.166 -5.898 1.87535
0.000 13.681 -3.938 1.99173
0.000 11.360 -3.106 1.75748
0.000 12.507 -3.932 2.36448
0.000 11.197 -4.411 2.69916
0.050 7.427 -5.814 3.24425
0.031 5.245 -6.150 2.46340
0.000 7.356 -6.174 2.02833
0.000 8.096 -6.053 1.93100
0.000 6.122 -5.935 1.24833
0.000 5.563 -5.922 0.81406
0.000 7.532 -5.337 1.09483
0.000 8.160 -5.284 0.73332
0.000 9.608 -5.082 1.34143
0.000 10.135 -5.247 1.19617
0.000 9.409 -5.240 1.33069
0.000 10.418 -5.762 1.23116
0.000 10.498 -6.953 2.32634
0.000 3.849 -7.283 2.68209
0.000 3.394 -8.384 2.10611
0.074 5.601 -8.450 2.01132
0.182 5.541 -8.726 2.36962
0.546 5.275 -8.937 4.00457
0.000 1.510 -12.354 3.84444
0.234 2.713 -12.486 2.33538
0.000 2.243 -12.044 2.31137
0.000 6.331 -12.158 2.02510
0.000 8.405 -9.540 1.67661
0.000 6.244 -4.247 2.70487
0.000 1.631 -11.038 1.65533
0.000 3.537 -11.222 1.57183
0.196 4.201 -10.729 2.40375
0.000 6.179 -10.613 1.79824
0.000 2.372 -8.714 1.10949
0.000 -1.549 -10.482 1.30738
0.000 -1.776 -12.338 1.57811
0.000 0.045 -12.542 1.89988
0.000 2.247 -10.665 1.59573
0.000 -1.131 -13.059 1.65639
0.076 4.872 -13.181 2.10191
0.000 5.700 -10.950 1.90946
0.000 7.745 -9.979 1.83824
0.499 6.769 -10.253 1.84183
0.000 7.669 -10.480 2.08512
0.000 4.841 -9.772 2.48433
0.000 3.369 -10.769 2.32897
0.000 4.874 -12.602 2.11179
0.000 3.799 -12.910 2.67551
0.000 2.030 -13.232 3.04682
0.000 -1.226 -15.248 2.75435
0.000 1.234 -15.409 1.95742
0.000 1.540 -15.158 2.11045
0.000 4.690 -12.668 2.07083
0.000 5.954 -12.529 2.11381
0.000 5.654 -11.183 1.91103
0.000 5.354 -11.884 2.80798
0.000 0.884 -11.845 3.05206
0.000 -0.896 -12.746 2.04812
0.010 3.682 -13.650 1.97481
0.000 4.312 -13.712 3.13217
0.000 4.384 -13.888 2.02074
0.000 3.994 -14.116 2.91857
0.000 3.043 -14.579 2.63658
0.000 19.470 4.251 0.90692
0.344 19.733 4.795 1.01868
0.043 17.265 4.530 1.08167
0.000 17.634 4.729 1.06860
0.000 12.905 4.296 1.38034
0.007 17.409 2.986 1.11449
0.000 17.215 2.830 1.32375
0.000 17.593 3.970 1.17708
0.000 17.359 5.560 0.95522
0.000 16.888 2.812 1.13478
0.000 15.846 4.333 1.15670
0.000 15.775 2.679 1.32036
0.000 17.169 2.966 1.02979
0.000 16.964 2.192 1.21724
0.000 16.178 1.752 1.38537
0.000 15.483 2.966 1.53333
0.000 14.361 2.198 1.20071
0.000 17.217 3.667 1.36257
0.001 17.082 3.529 1.55473
0.000 17.768 1.942 1.85139
0.000 17.581 2.885 1.72076
0.000 15.387 1.167 1.34044
0.000 13.184 1.058 1.20825
0.000 16.269 2.277 2.27269
0.000 14.859 2.795 1.71503
0.000 15.192 3.062 2.20733
0.000 16.607 1.945 1.93120
0.000 16.936 1.941 1.62212
0.000 16.702 1.970 1.39051
0.000 16.074 2.575 1.30566
0.000 4.731 -14.545 2.30620
0.000 5.138 -14.051 2.45427
0.000 6.339 -12.757 2.27469
0.000 6.896 -10.816 2.05718
0.000 6.831 -10.306 2.21067
0.000 5.146 -9.779 2.59117
0.000 4.581 -11.550 2.45399
0.000 6.169 -11.901 2.07325
0.000 6.885 -11.401 2.08751
0.000 6.205 -10.962 2.33375
0.000 1.492 -13.399 1.65890
0.000 3.167 -13.617 2.02834
0.000 2.496 -12.728 2.19385
0.000 2.849 -12.623 1.76049
0.000 4.885 -8.732 1.34877
0.064 3.763 -13.415 1.43882
0.000 -1.043 -15.444 1.84615
0.000 2.577 -15.563 1.79040
0.002 1.113 -11.312 2.36351
0.000 0.754 -11.400 1.79943
0.019 -1.617 -15.140 1.58932
0.000 0.750 -15.244 1.87187
0.000 5.829 -14.517 2.28111
0.000 5.798 -12.795 2.49498
0.000 4.608 -12.982 2.64681
0.000 4.130 -13.148 2.91049
0.000 2.914 -14.247 2.25734
0.000 4.623 -14.727 2.51932
0.000 1.995 -15.192 3.54011
0.000 -2.794 -17.231 2.94777
0.000 -4.012 -17.393 2.16395
0.000 1.641 -15.703 1.73038
0.000 2.551 -13.538 1.55242
0.000 4.256 -14.059 2.60390
0.000 3.031 -14.500 2.79244
0.000 2.318 -15.741 2.77700
0.000 1.228 -15.781 2.79946
0.000 -0.296 -14.604 1.24043
0.115 0.472 -12.227 1.68360
0.000 2.509 -11.096 1.23563
0.013 4.278 -10.791 1.76183
0.085 0.864 -11.052 1.50766
0.000 5.248 -11.130 2.14106
0.000 2.946 -9.892 1.71246
0.014 5.042 -9.879 2.05167
0.004 1.508 -9.687 1.67814
0.005 1.074 -11.949 2.18049
0.000 0.878 -11.789 2.19266
0.126 3.016 -10.190 2.15227
0.000 1.883 -10.899 2.28832
0.064 -1.798 -12.833 1.27803
0.000 5.158 -12.832 1.19079
0.000 6.988 -8.219 1.86398
0.000 8.299 -6.587 1.87178
0.000 8.223 -6.443 1.94045
0.000 7.096 -5.399 1.65089
0.000 9.499 -5.763 1.83733
0.000 12.003 -5.874 2.65743
0.000 11.285 -5.887 2.79221
0.000 9.269 -5.401 2.95194
0.000 4.999 -6.901 3.56060
0.000 4.827 -7.024 2.32855
0.013 5.943 -6.541 2.91379
0.000 2.306 -6.117 2.16467
0.000 1.420 -6.438 3.03496
0.000 4.188 -7.993 2.43523
0.000 7.071 -7.883 1.96552
0.000 7.854 -6.036 2.24235
0.256 4.751 -5.048 1.64665
0.015 3.965 -5.087 1.11433
0.000 7.705 -4.424 1.38493
0.000 10.456 -5.058 2.44722
0.125 6.928 -6.412 1.97498
2.229 7.444 -5.616 1.58021
0.178 8.815 -5.822 1.85592
0.000 8.071 -6.830 2.52840
0.000 9.669 -6.693 2.93809
0.000 8.491 -5.756 2.41328
0.138 8.307 -3.893 3.90478
0.537 5.162 -4.747 2.86112
0.256 3.657 -6.867 2.17850
0.010 10.818 -5.808 1.51987
0.132 11.807 -4.787 2.00883
0.000 8.841 -7.028 3.74382
0.301 7.942 -6.779 3.38232
0.140 5.709 -5.565 2.07419
0.064 10.549 -6.021 2.50372
0.556 9.179 -6.474 2.07073
0.086 10.088 -5.040 2.73870
0.000 9.113 -5.156 3.52571
0.000 8.387 -5.965 4.69570
0.000 5.324 -6.676 4.16601
0.000 6.452 -6.691 4.00326
0.000 7.172 -6.600 3.42247
0.007 8.587 -5.369 1.36420
0.095 11.805 -4.538 1.49310
0.884 11.081 -4.779 1.62994
0.000 11.525 -5.076 2.00583
0.020 9.387 -5.344 2.72047
0.000 9.795 -4.667 3.76202
0.133 6.880 -6.211 2.41501
0.000 9.512 -5.368 2.97271
0.004 7.797 -4.732 2.94797
0.102 6.954 -6.252 2.11517
0.000 11.634 -3.408 2.27849
0.000 9.574 -4.806 1.32554
0.000 12.476 -4.802 2.32473
0.000 12.935 -5.667 2.22720
0.001 9.709 -5.685 3.39449
0.000 11.572 -4.778 2.43599
0.005 15.087 -4.048 2.20099
0.000 16.030 -4.101 3.28020
0.000 13.188 -3.922 3.42328
0.000 16.001 -5.524 2.65874
0.000 13.308 -3.730 2.02558
0.095 10.811 -3.213 2.24050
0.004 11.552 -1.973 1.66208
0.166 7.885 -4.645 2.20249
0.281 10.650 -2.696 1.43390
0.000 13.911 -1.918 1.20018
0.000 11.479 -2.755 1.87690
1.158 12.552 -2.358 1.50195
2.986 13.840 -0.371 1.26166
5.723 12.677 -1.336 1.31228
6.301 11.939 -1.783 1.73921
0.856 14.442 -1.463 2.18263
5.951 9.757 -2.520 1.30438
1.521 12.757 -2.537 1.13498
0.000 12.529 -3.543 2.35658
0.450 12.445 -2.985 1.64120
0.404 14.135 -2.891 1.77290
0.592 14.318 -2.832 1.50901
0.181 14.970 -2.534 2.66803
0.000 11.848 -3.756 3.34793
0.000 14.041 -2.291 2.56619
0.000 15.817 -0.781 2.03390
0.000 16.117 0.105 2.52604
1.550 16.062 0.591 3.04169
1.440 15.731 1.251 1.84730
0.012 18.847 2.176 3.63306
0.000 21.074 3.908 2.93859
0.000 20.295 1.373 2.74909
0.000 20.596 0.908 2.87936
0.000 21.337 2.450 2.92873
0.002 19.211 2.626 3.30097
0.000 19.047 3.237 2.38834
0.000 20.413 3.556 3.38488
0.407 21.181 4.024 2.36884
1.270 19.647 3.186 2.14446
0.244 17.837 1.929 2.41303
0.087 15.805 1.408 2.00348
0.025 16.940 0.849 1.10188
0.000 16.037 -0.540 1.92142
1.511 15.760 0.155 1.79020
2.116 15.202 -0.372 2.06991
3.100 15.750 0.135 1.78323
11.045 15.492 0.647 1.18211
4.047 15.412 1.909 0.92320
1.962 16.506 2.415 1.52140
0.873 16.079 0.379 1.61570
0.523 15.672 -0.270 1.86756
1.622 15.638 0.275 1.47864
0.225 16.894 -0.630 1.31869
0.000 17.136 -0.178 1.63130
0.121 15.665 0.656 1.82014
2.652 16.056 1.292 1.79707
0.224 13.412 1.688 1.40187
0.000 15.848 1.015 1.60771
0.000 17.727 -0.920 1.83566
1.086 15.795 -0.672 2.66348
0.574 15.063 1.725 2.13711
0.954 9.034 -0.898 1.73692
0.424 10.286 -5.342 1.78001
0.479 11.353 -5.235 1.59365
1.006 13.167 -4.978 1.86354
0.000 11.103 -4.896 2.54161
0.024 9.793 -5.869 2.45999
7.770 9.801 -6.116 2.25831
0.720 8.916 -6.034 2.37642
4.406 8.263 -5.870 1.31995
9.333 7.740 -6.128 2.24332
8.041 7.207 -6.131 2.28956
4.134 5.131 -6.581 2.06206
0.089 7.110 -6.800 2.79773
1.709 6.837 -7.035 2.81005
2.329 5.600 -6.925 2.89233
0.691 7.274 -6.679 1.82565
8.903 7.932 -6.374 1.77151
14.269 8.004 -5.281 1.41675
0.517 7.668 -5.961 1.84285
17.374 7.003 -5.971 1.49123
2.723 8.131 -6.097 1.65387
0.000 8.983 -6.138 1.76160
0.242 8.509 -5.461 1.71393
1.803 7.569 -5.700 1.47378
1.691 7.448 -5.688 1.54736
0.056 7.696 -6.133 2.45502
4.471 6.069 -6.225 2.09059
1.120 6.944 -5.863 1.67340
0.000 9.790 -5.717 2.00428
0.089 11.244 -5.586 1.76169
0.000 10.869 -4.242 1.81954
0.000 8.111 -4.718 1.61436
0.085 6.221 -4.679 2.01295
4.690 -0.857 -6.231 1.47290
0.000 0.839 -9.493 0.98752
5.189 0.549 -9.652 1.51817
3.484 0.736 -8.646 1.29329
0.078 -0.818 -10.148 1.20218
9.782 4.524 -10.180 1.70772
2.519 4.354 -9.673 1.13502
0.106 6.513 -8.942 1.76263
0.310 8.108 -8.210 1.32638
0.970 10.710 -5.127 1.54079
0.000 6.265 -3.351 0.87285
0.000 3.754 -4.845 1.09987
0.000 7.064 -5.169 1.11202
0.000 8.180 -5.318 1.97375
0.000 4.644 -4.838 2.67161
7.704 5.366 -6.966 1.41061
0.166 6.879 -9.951 2.55138
13.194 3.239 -10.474 3.03714
6.965 0.488 -13.023 1.81308
28.005 0.754 -13.296 1.41352
18.719 2.258 -12.482 1.88467
5.914 4.373 -12.629 2.11970
3.979 4.805 -11.728 2.26149
0.435 6.093 -12.058 1.92423
3.801 5.640 -12.292 2.95434
0.921 4.692 -13.284 3.15023
7.223 1.331 -14.877 2.67874
10.163 -2.038 -15.410 1.16638
2.590 -0.507 -13.863 1.14591
10.972 -0.334 -13.907 2.01842
12.383 -3.459 -14.896 1.24351
3.218 -2.123 -15.065 1.13229
12.993 -2.144 -14.683 1.71744
16.328 -3.166 -14.730 1.83495
1.469 -2.363 -13.380 1.89900
6.515 -1.277 -13.976 1.97873
0.000 1.647 -14.175 2.72104
0.000 0.696 -11.965 2.72220
8.290 -1.901 -13.690 2.02935
0.669 16.873 1.926 2.14997
0.258 20.471 2.770 2.76415
14.419 19.916 2.245 2.16605
13.050 14.468 1.029 1.05206
3.604 10.762 0.810 1.52854
3.290 16.158 2.618 1.05183
3.852 15.498 1.358 1.49778
0.726 13.062 1.659 1.80609
2.586 14.619 0.733 1.70102
3.221 16.790 2.994 1.20391
0.929 16.863 3.390 1.37352
0.973 20.307 4.591 2.11079
0.085 22.502 4.123 2.32406
0.000 21.938 5.077 2.04282
0.000 21.857 5.607 1.85716
0.006 23.607 6.042 1.92593
2.082 21.990 5.174 1.75156
5.167 22.531 5.164 1.99934
1.506 22.571 5.089 1.79810
0.000 22.773 4.827 1.68972
0.000 23.523 5.988 1.59148
0.000 22.698 5.277 1.84169
0.000 22.206 6.342 1.69255
0.000 21.327 6.099 1.58527
0.000 22.245 5.519 1.81976
0.000 23.618 5.465 1.47711
0.231 19.826 5.777 1.08228
0.000 20.262 6.538 1.51437
0.122 19.492 4.236 1.72834
0.000 17.376 4.205 1.47138
0.000 19.533 5.289 2.05124
0.000 14.043 4.522 1.48129
0.061 19.013 3.714 2.52236
0.000 15.054 4.498 1.48804
0.000 17.976 3.904 1.55930
0.000 19.552 5.081 1.12833
0.000 19.534 2.443 1.73903
0.000 18.375 3.526 1.46953
0.000 15.529 4.123 2.10634
0.000 17.929 5.285 1.53377
0.000 16.150 2.984 1.26539
0.000 18.655 4.134 1.04051
0.000 19.828 5.310 1.44206
0.000 21.249 6.513 1.48163
0.000 17.713 5.385 0.90004
0.692 19.881 6.712 1.17227
0.000 19.224 5.909 1.27727
0.000 16.861 4.922 1.41199
1.115 18.165 5.651 1.19642
0.093 18.044 5.141 1.31293
1.970 20.278 6.441 1.25424
0.672 20.234 5.546 1.10227
0.000 21.111 8.000 1.22129
0.000 20.724 7.073 1.47014
0.015 21.640 7.779 1.05316
0.029 13.851 4.359 0.93800
0.000 17.525 4.103 1.39214
0.000 17.815 4.776 1.26719
0.060 16.074 3.418 1.40080
0.000 15.801 2.908 0.93877
0.000 17.604 4.478 1.25421
0.000 17.478 2.914 1.56866
0.000 19.828 4.911 1.74101
0.000 20.643 4.696 1.74532
0.000 20.527 4.668 1.82115
0.000 20.477 4.794 1.77130
0.000 21.898 5.422 1.67739
0.000 21.868 7.268 1.47458
0.000 20.749 6.103 0.98307
0.000 19.575 5.759 1.30409
0.000 19.917 6.960 1.56156
0.000 17.707 6.094 1.39914
0.000 19.280 1.546 1.71536
0.000 15.222 2.022 1.08310
0.000 18.743 5.296 1.16628
0.000 15.636 4.926 1.68740
0.000 19.560 6.127 1.09370
0.000 17.156 4.951 0.92122
0.000 17.872 6.290 1.02155
0.000 16.951 5.358 1.06408
0.000 17.086 5.554 1.32995
1.064 18.201 4.601 1.53257
1.795 16.709 6.154 1.27442
0.119 16.577 7.789 0.97671
0.040 13.816 2.701 1.45125
0.044 16.217 1.141 1.69330
0.000 10.786 1.650 1.09057
0.036 15.976 2.610 2.27450
0.215 14.743 1.689 1.71158
0.000 14.279 1.257 1.85575
0.000 16.383 3.556 1.38009
0.000 16.441 4.417 0.88328
0.015 11.331 3.666 1.35290
0.278 16.118 3.772 1.23342
0.510 15.605 2.991 1.26566
0.000 14.993 3.544 1.45304
0.000 16.437 4.361 1.15223
0.321 16.069 1.233 1.14554
0.056 13.203 1.274 1.16872
0.000 13.277 0.607 1.12703
0.000 11.757 2.141 0.86797
0.000 12.332 -0.048 1.34116
0.000 15.092 1.094 1.14771
0.000 15.664 2.421 1.21794
0.000 16.215 2.440 1.52245
0.000 16.779 -0.082 1.58653
0.000 17.170 0.722 1.46825
0.000 15.661 1.730 1.19882
0.000 16.049 2.674 1.75855
0.000 7.941 -3.155 1.30365
0.000 12.639 -1.866 1.49217
0.000 14.457 -0.415 0.98343
0.064 14.291 -1.206 1.46720
0.004 15.906 0.064 1.41902
0.000 15.289 1.824 1.60327
0.000 16.072 1.387 1.55240
0.000 15.840 2.550 1.41946
0.000 15.375 1.664 1.31755
0.000 15.164 -0.837 1.82288
0.000 13.202 -0.598 1.27086
0.120 13.448 -0.619 0.85158
0.000 15.265 -0.103 1.06582
0.000 -0.176 -14.060 1.56220
0.073 -2.433 -15.878 1.54474
0.000 -1.102 -15.965 2.12589
0.000 -1.657 -14.004 1.95759
0.000 1.744 -14.293 1.64551
0.000 2.970 -12.177 1.42980
0.000 3.575 -11.567 1.59495
0.000 2.117 -11.688 1.46912
0.000 2.899 -11.793 1.58301
0.000 1.458 -11.179 1.51913
0.000 1.296 -13.139 2.39790
0.000 -0.150 -13.216 2.65039
0.000 -1.987 -13.276 3.07568
0.015 -0.654 -13.663 2.47382
0.000 -1.034 -14.809 2.16812
0.004 -5.464 -18.490 1.60669
0.000 -5.723 -18.708 1.35682
0.000 -1.672 -17.446 1.32454
0.000 -2.165 -17.031 1.81013
0.000 -1.593 -15.709 1.62795
0.000 -3.076 -15.237 1.81800
0.000 -1.265 -16.076 1.81318
0.000 -0.785 -16.196 1.96887
0.000 -1.094 -16.235 2.48047
0.000 -1.203 -14.740 3.16715
0.000 -0.621 -14.710 3.24682
0.045 -2.895 -15.167 3.43777
0.000 -4.287 -15.741 2.59552
0.000 -3.460 -16.357 2.34315
0.000 -5.728 -14.416 1.20771
0.004 -0.438 -14.773 1.86809
0.000 -3.153 -13.621 2.40759
0.000 -5.665 -17.536 2.12999
0.000 -2.763 -17.637 1.82488
0.000 -0.591 -16.106 2.66866
0.000 -4.320 -15.316 3.06147
0.034 -4.518 -17.239 2.07987
0.000 0.609 -16.880 2.23707
0.000 -2.856 -16.791 2.06661
0.000 0.719 -16.854 2.69224
0.000 0.201 -14.942 2.83884
0.000 -2.533 -14.868 3.12489
0.054 -7.967 -19.379 1.71537
0.000 -1.774 -19.323 1.83191
0.000 0.596 -16.854 1.79301
0.000 1.049 -16.517 2.70644
0.169 -0.028 -16.737 3.06868
0.000 -0.234 -16.768 2.90649
0.000 3.326 -15.622 2.36660
0.000 1.864 -14.795 3.77173
0.000 -2.849 -14.630 2.99992
0.030 -3.652 -14.204 2.34978
0.000 -5.520 -16.871 1.90047
0.000 2.030 -16.818 2.28071
0.000 2.113 -14.931 1.91620
0.000 3.777 -13.307 2.34871
0.000 0.604 -13.196 3.20766
0.000 1.582 -12.989 3.29731
0.269 1.218 -10.562 3.61328
0.000 1.856 -11.621 1.76659
0.000 3.785 -11.381 2.29094
0.531 5.216 -10.617 1.94590
0.000 7.425 -8.375 2.68879
0.000 5.950 -7.073 2.71730
0.000 1.990 -8.643 2.79277
0.000 8.398 -8.470 1.75998
0.000 8.908 -6.628 1.60712
0.000 9.766 -5.554 1.79064
0.000 10.895 -5.661 1.81741
0.000 10.907 -5.412 2.74109
0.000 10.569 -4.789 2.67976
0.000 7.995 -4.922 1.37233
0.011 10.681 -4.223 1.32960
0.142 10.713 -5.581 0.95396
1.201 11.707 -5.822 1.81927
0.055 10.391 -4.483 1.88434
0.043 13.110 -4.103 2.09673
0.000 16.554 -3.782 2.63689
0.000 15.534 -4.491 2.91538
0.000 11.518 -5.587 3.59113
0.227 6.966 -3.918 1.56522
0.116 10.507 -5.372 2.06550
0.020 11.217 -5.234 3.79678
0.000 9.747 -4.852 3.15865
10.338 7.875 -4.867 2.72843
0.000 7.314 -6.126 1.92713
0.179 9.468 -5.586 2.60485
0.000 14.321 -4.689 2.35965
0.472 16.270 -3.213 2.93695
9.020 12.434 -6.643 3.91654
2.221 -0.179 -9.541 1.57770
0.113 6.528 -9.141 1.65797
11.525 8.462 -5.640 2.82933
1.769 2.059 -5.028 1.10279
8.891 1.503 -5.948 1.18359
0.721 5.314 -5.955 1.27567
0.330 5.454 -5.114 1.49683
2.489 4.515 -5.473 0.84994
0.250 9.359 -5.172 1.42545
0.051 12.202 -3.586 1.68182
2.644 5.405 -4.437 1.76726
0.426 12.341 -2.928 1.80249
0.599 10.015 -2.414 1.89567
2.629 6.530 -3.913 1.90085
1.296 8.496 -4.349 4.23617
1.068 8.291 -4.461 4.04624
2.059 4.548 -4.092 2.20205
1.311 2.672 -7.580 1.93084
2.430 5.601 -6.636 2.26820
0.120 9.335 -4.615 1.43676
0.415 13.433 -2.647 1.47276
0.341 14.707 -1.160 1.88080
2.469 8.375 -1.724 2.10648
2.957 10.164 -3.182 1.26733
2.910 11.111 -2.733 1.85227
1.704 11.086 -3.448 1.35718
0.758 11.248 -2.771 2.14758
0.000 12.862 -4.014 1.46430
0.308 14.854 -2.435 2.61417
0.991 9.920 -2.505 1.78093
0.906 11.942 -3.918 1.94320
7.764 10.658 -2.012 1.33132
6.514 5.688 -3.538 1.39789
1.354 7.837 -2.248 1.07439
5.883 7.501 -2.681 1.25212
2.206 14.158 -1.943 1.18809
0.000 15.369 -1.430 1.79874
2.476 15.673 -1.903 1.88065
3.300 13.143 0.045 1.30574
3.810 14.680 0.228 2.59940
1.685 10.796 -0.760 1.08927
0.188 13.535 -1.126 1.48728
1.844 13.925 0.083 2.76348
3.635 10.838 -0.564 1.57274
2.023 13.770 -0.600 1.91002
0.454 12.560 -0.466 1.73666
0.360 15.459 0.818 3.11001
0.195 12.679 -0.162 2.00810
0.359 14.885 0.715 2.03403
0.490 13.851 1.452 1.84868
0.034 13.253 0.162 1.71483
0.296 14.293 0.235 1.31137
0.000 14.909 0.572 2.33610
0.000 17.623 1.487 2.00001
0.000 19.168 3.807 1.56750
0.216 14.583 0.835 2.05358
0.000 18.189 0.317 2.31310
0.134 17.417 0.889 2.00675
1.251 16.757 2.449 1.18115
0.000 18.260 1.965 2.25834
0.000 18.715 3.419 1.47272
0.012 18.470 3.135 1.60154
0.000 20.129 2.950 1.62013
0.000 20.099 3.111 1.56397
0.731 19.380 3.712 1.43707
2.846 19.484 4.837 1.69108
4.717 18.080 3.566 1.06120
16.298 19.726 4.497 1.42867
12.534 17.179 3.709 1.92059
1.051 15.357 4.025 1.38418
1.121 17.411 3.896 1.84359
4.058 17.958 2.115 1.98048
3.606 17.180 2.759 1.58518
7.489 16.104 1.149 1.28699
17.756 12.325 2.642 1.37083
14.665 11.337 1.778 1.60115
3.638 11.633 -0.255 1.70779
0.000 13.315 0.536 2.03878
0.000 17.789 2.425 1.50653
0.133 17.626 2.884 1.52219
0.000 18.165 3.660 1.57224
0.581 19.329 5.453 1.34534
10.518 17.561 2.380 1.04269
0.971 17.495 3.105 1.39816
3.704 18.596 5.387 1.47640
4.795 19.161 6.226 1.57589
10.976 17.430 4.892 1.01916
7.256 13.989 2.627 1.11513
0.545 15.822 2.634 0.83419
20.861 13.700 2.236 1.15219
10.748 10.727 1.309 1.08016
0.035 13.370 1.392 1.10230
0.402 15.382 2.393 1.14988
0.000 16.109 3.572 1.18269
0.014 18.111 3.326 1.07405
0.000 16.820 2.486 1.85449
0.000 17.898 4.100 1.24648
0.000 19.599 4.976 1.36947
0.000 18.771 4.258 1.34363
0.000 19.355 5.283 1.21354
0.652 19.524 5.495 1.59965
0.000 19.491 5.793 1.41301
0.034 17.916 6.680 1.60986
0.390 16.787 3.757 1.24526
0.055 19.429 5.530 1.62134
0.000 19.797 5.160 1.47121
0.046 21.325 6.029 1.41625
0.000 21.788 5.686 1.23484
16.484 20.776 4.680 1.61915
0.016 17.053 4.750 1.46205
0.000 17.788 5.196 1.14738
2.854 15.870 0.569 2.07755
0.000 14.296 1.104 1.33550
0.000 17.047 2.913 1.01670
0.000 17.807 3.134 1.17870
0.193 17.636 4.030 0.84020
1.837 18.159 4.639 0.99779
0.170 18.022 4.640 1.46451
0.721 17.456 3.870 1.33229
1.811 17.311 3.593 0.97581
6.283 13.891 3.273 0.80219
9.363 18.282 4.784 1.33394
0.001 17.724 5.943 0.82904
0.000 18.952 5.593 1.31602
1.337 19.000 7.416 1.08405
5.083 18.541 6.313 1.28490
2.032 18.473 4.907 1.26936
0.000 18.071 6.144 1.32989
0.871 19.837 7.107 1.37997
0.000 19.149 6.112 1.26735
3.015 20.947 5.552 1.36203
0.000 19.254 6.511 1.62204
0.000 20.252 6.347 1.16180
0.128 20.570 6.797 1.26585
0.391 19.895 5.687 1.59945
0.000 20.671 7.355 1.08068
0.000 20.127 5.893 1.33611
0.004 19.658 4.840 1.62998
0.016 19.217 7.036 1.06300
0.613 19.352 7.347 1.15488
0.000 20.101 6.559 1.37705
0.235 19.057 3.967 1.79222
0.000 21.269 5.313 1.53714
0.000 21.878 6.507 1.54188
0.000 18.950 7.263 1.22681
1.127 20.521 4.389 1.05950
0.064 19.859 5.167 1.17721
1.638 21.002 7.399 1.32288
0.605 19.211 6.157 1.67889
2.701 18.307 4.535 1.61826
2.746 21.738 4.142 1.76204
3.461 19.262 4.698 1.44714
11.294 19.387 5.046 1.36483
4.414 18.533 1.743 1.58205
4.076 17.822 3.027 1.72613
4.026 11.041 1.081 1.23983
1.168 13.921 0.832 1.64009
0.828 12.899 1.982 1.39303
0.320 13.128 2.674 1.37225
36.180 14.880 2.969 1.19714
12.181 10.228 0.981 0.81923
1.754 9.563 -1.071 1.12852
5.042 12.835 -0.468 0.89605
1.355 14.370 0.262 1.16541
0.000 15.860 1.514 0.98452
0.775 16.525 3.325 1.17254
8.095 16.181 3.803 1.17590
0.000 17.401 3.666 1.00852
0.014 16.869 3.725 1.28127
0.000 18.765 3.806 1.44724
0.000 19.696 3.602 1.44485
1.465 18.997 3.939 1.01194
0.406 18.284 3.274 0.91132
2.563 16.854 4.221 1.17910
1.436 15.795 1.731 1.81099
0.300 15.225 1.896 2.00266
8.746 12.513 1.166 1.27137
0.989 13.918 1.056 1.17973
0.253 15.641 1.816 2.02960
1.044 11.715 1.176 1.11603
0.130 10.866 1.071 1.21878
0.021 14.540 1.539 1.51722
0.000 14.230 -0.810 1.84854
0.000 15.532 -0.099 1.35898
0.000 15.649 0.049 1.61038
0.000 16.072 0.890 1.24750
0.088 16.654 3.253 1.57658
0.080 16.018 1.780 1.89293
0.149 16.529 0.892 2.27579
0.038 16.174 0.693 2.16940
3.064 14.282 1.054 1.73195
0.242 13.917 0.115 1.86618
1.170 12.613 -0.864 2.18656
0.019 14.074 -0.259 2.12853
0.055 13.936 -0.623 2.27987
0.000 14.078 -0.402 2.22315
0.000 13.231 -1.670 2.10492
0.000 13.472 -2.972 1.82252
0.000 12.452 -3.844 1.66402
0.000 11.063 -5.269 1.51586
0.000 10.407 -5.134 2.15621
0.000 9.221 -5.051 2.68832
0.000 9.295 -5.409 2.28355
0.000 11.254 -5.294 1.91270
0.000 11.003 -4.750 1.84896
0.255 10.326 -3.070 1.61231
0.000 6.288 -2.705 1.49295
0.039 9.337 -2.912 2.35340
2.990 9.744 -5.376 2.12331
0.435 8.551 -6.133 1.64097
0.456 10.169 -6.126 2.02478
0.000 7.810 -5.409 1.25067
0.000 7.929 -5.210 1.12652
0.000 8.285 -5.298 1.05229
0.102 9.679 -5.532 1.75124
0.000 10.683 -5.494 1.69510
0.024 9.479 -4.632 1.62822
0.000 4.954 -5.262 1.07762
0.000 6.339 -5.220 1.38063
0.030 7.512 -5.369 1.72533
0.000 4.660 -5.754 1.17327
0.000 7.780 -5.467 1.38028
0.000 8.974 -6.058 1.76737
0.000 7.762 -6.209 2.39774
0.000 6.735 -7.913 3.00473
0.000 4.755 -9.882 2.85158
0.000 5.740 -9.947 2.48102
0.000 6.421 -8.079 1.71162
0.000 5.309 -8.298 1.87526
0.000 5.085 -9.253 1.68587
0.004 4.074 -9.399 1.98466
0.000 4.183 -8.325 0.89233
0.000 6.609 -7.742 1.43809
0.000 8.244 -8.463 2.43358
0.000 7.885 -8.164 1.98755
0.000 8.072 -7.173 1.73348
0.000 6.276 -6.798 1.31636
0.009 4.522 -8.225 1.59107
0.000 4.521 -8.854 1.20087
0.000 7.023 -9.203 1.81072
0.058 7.826 -9.437 2.23927
0.000 7.754 -8.988 1.64854
0.000 7.273 -7.896 1.46638
0.000 7.866 -8.570 1.95449
0.000 5.152 -9.215 1.99374
0.000 6.705 -9.886 1.84465
0.000 8.066 -10.166 1.97208
0.000 4.800 -8.596 1.57063
0.000 6.435 -9.392 1.75657
0.000 5.166 -9.480 1.35512
0.000 5.364 -9.377 1.51813
0.000 5.443 -10.226 1.52474
0.000 6.290 -10.565 1.76484
0.000 6.654 -9.470 1.75705
0.000 6.846 -9.371 1.95959
0.000 7.666 -9.290 1.91110
0.000 8.914 -9.412 1.88469
0.000 6.549 -9.390 1.67874
0.000 5.507 -9.840 1.98717
0.000 3.128 -10.944 1.49283
0.000 -0.486 -10.679 0.91515
0.142 1.341 -11.102 1.80858
0.000 3.049 -11.429 1.92157
0.000 1.748 -11.784 1.43382
0.000 4.929 -11.868 1.68491
0.000 5.075 -11.140 1.79736
0.000 3.813 -10.566 1.34945
0.000 3.974 -12.233 3.29424
0.000 0.778 -12.221 2.84718
0.000 -0.183 -11.265 2.42305
0.000 -4.251 -12.788 1.59364
0.054 -3.327 -13.134 1.56965
0.000 -0.616 -13.755 1.77989
0.000 2.095 -14.084 1.87598
0.000 0.036 -14.298 2.00714
