0.000 31.777 16.050 2.14151
0.000 33.573 17.558 1.65361
0.000 34.759 19.955 1.70313
0.000 35.498 21.271 1.47398
0.062 34.008 21.619 1.40092
0.000 35.254 19.182 2.34936
0.000 33.572 17.699 2.34954
0.000 34.043 18.166 2.12203
0.000 34.976 19.196 1.37726
0.000 35.530 21.112 0.95402
0.000 35.850 22.099 1.19148
0.000 36.023 22.034 0.84055
0.000 37.252 20.906 0.96352
0.000 36.017 21.743 1.37227
0.000 34.990 20.277 1.36125
0.000 35.816 21.278 1.21666
0.000 36.574 20.314 1.49392
0.000 36.987 19.726 1.93444
0.000 34.924 19.895 2.62026
0.000 34.924 16.797 3.80269
0.000 31.208 14.298 3.69843
0.000 31.702 13.632 3.89490
0.000 29.300 13.074 4.05676
0.000 30.177 13.537 3.05124
0.000 30.645 14.647 2.79424
0.000 33.404 16.065 2.34194
0.000 33.231 16.280 2.76114
0.000 33.786 16.205 2.11328
0.000 35.219 17.458 1.82224
0.000 35.231 18.950 1.69159
0.000 35.222 20.093 1.55925
0.000 36.154 18.775 3.30149
0.000 34.975 19.413 3.33144
0.242 33.235 21.470 1.76928
0.000 34.642 23.520 1.47895
0.000 35.890 24.144 1.23374
0.027 35.021 24.462 0.98401
0.663 36.894 24.692 1.63103
11.970 34.515 23.534 1.12696
0.908 33.705 23.247 1.72968
0.998 34.907 22.270 2.47921
0.002 37.037 23.061 2.36461
4.695 35.836 23.338 1.52471
4.084 34.193 23.342 1.48032
1.597 35.140 23.431 1.31122
0.000 33.977 23.950 1.27266
0.044 35.027 23.260 1.34852
0.001 36.809 23.458 1.52106
0.000 38.723 23.318 2.24447
0.000 38.052 23.129 2.45304
0.000 38.251 23.005 1.73109
0.000 38.111 20.477 2.45806
0.000 37.815 20.101 3.45917
0.000 37.759 21.013 3.17286
0.000 38.462 21.847 1.96151
0.000 39.273 22.892 1.80109
0.000 36.715 24.302 2.09913
0.000 36.856 22.916 2.38428
0.026 36.723 21.047 3.27613
0.000 36.025 20.419 3.72291
0.000 35.490 19.740 3.22977
0.000 35.872 20.219 3.78841
0.000 36.385 21.005 1.65461
0.000 37.465 22.831 2.43870
0.000 37.817 23.437 2.56299
0.000 38.591 24.013 2.72910
0.000 39.418 25.077 2.61345
0.136 39.557 26.354 2.17951
1.579 33.915 25.098 1.34886
0.243 32.493 24.561 1.55695
4.889 34.956 24.119 1.54464
2.053 33.291 24.498 0.95566
1.000 29.887 21.178 2.03746
0.488 33.712 21.463 2.72950
0.012 35.480 23.356 1.77642
9.209 35.647 22.066 2.57171
0.874 33.621 22.486 1.27012
0.237 35.721 24.121 2.11444
4.145 31.707 23.730 1.82863
7.572 31.026 22.927 1.98692
13.161 31.122 23.162 1.17784
6.326 25.514 16.540 4.18447
2.385 27.790 16.996 2.98948
0.000 33.011 18.493 1.90016
0.077 33.914 22.119 2.92079
2.791 32.081 21.682 2.95416
0.001 33.953 21.964 2.38503
0.183 35.666 23.359 1.60794
3.176 33.407 23.000 1.31246
1.844 35.629 23.078 1.56724
0.087 37.889 24.645 2.08508
0.912 35.466 23.649 2.14622
0.000 36.250 24.048 1.84088
0.064 37.323 24.797 1.45054
3.242 37.388 24.513 1.68671
0.286 38.792 24.751 2.72732
0.000 39.495 23.216 2.80833
0.000 39.977 22.900 3.09587
0.000 40.045 23.613 2.90008
0.000 40.138 22.901 3.11613
0.000 40.535 24.739 3.07898
1.085 39.850 25.644 2.37657
13.425 35.579 24.393 1.80037
4.181 33.077 22.519 2.21436
0.238 36.301 23.984 1.36146
0.611 37.729 26.022 1.22415
2.579 35.686 24.473 2.16030
0.514 34.865 24.654 1.58801
1.009 34.076 24.116 2.27473
0.595 33.702 24.729 1.77286
1.528 33.726 25.032 1.58514
3.869 35.736 24.775 1.71839
4.004 33.386 23.888 1.56103
2.093 36.962 24.675 2.05341
0.005 36.584 25.864 2.15014
0.659 36.014 26.155 1.66882
1.609 34.982 26.255 0.85637
1.202 35.257 24.620 1.87545
0.478 37.630 25.251 1.71918
0.422 38.892 25.588 2.30852
0.151 39.346 24.951 2.99009
1.622 39.826 25.005 3.36150
2.068 39.286 25.655 3.51657
0.001 39.812 25.379 3.15471
0.017 39.788 26.155 2.38455
6.079 37.119 25.546 1.95580
28.901 32.694 25.107 1.71314
4.742 30.992 24.715 1.67076
5.997 31.591 24.021 2.03975
13.035 31.093 24.422 3.16054
4.342 31.360 24.343 2.86178
0.945 32.837 24.289 2.05231
1.600 32.286 24.235 1.76007
5.518 31.336 24.098 1.87629
0.043 34.226 24.790 2.16639
0.396 33.351 24.987 2.12040
2.850 31.600 24.719 1.39585
36.677 29.670 24.060 0.91848
19.759 30.418 23.151 1.55580
7.107 30.099 23.298 2.40232
13.444 31.839 23.108 1.69882
0.881 31.676 23.714 1.63229
1.513 31.712 24.003 1.60438
0.525 31.829 24.310 1.82399
0.764 32.160 24.659 1.39468
0.214 32.827 24.903 1.30624
1.005 30.942 24.360 1.12969
5.234 29.709 23.788 1.39305
0.868 31.626 24.033 1.73246
20.661 30.634 24.452 2.42663
3.110 30.683 24.177 2.57933
34.166 30.247 24.482 2.59828
0.458 29.503 24.197 3.12428
2.063 29.739 24.068 3.48627
1.751 30.645 24.016 3.18859
2.621 30.262 24.137 2.11236
0.488 30.045 23.842 2.14555
4.818 30.205 24.456 2.51010
10.905 28.622 23.985 2.41365
1.143 29.062 23.531 2.57877
1.561 29.235 23.112 2.13268
1.592 30.323 23.765 2.12186
2.607 29.893 23.679 2.28264
2.893 30.100 23.647 2.47531
1.808 30.252 23.838 2.77873
8.288 29.603 23.633 3.01485
0.029 30.945 23.775 2.80292
0.096 29.376 23.339 3.01842
2.572 30.178 22.906 3.41290
1.281 30.055 22.956 3.11064
4.937 31.327 23.618 3.19419
5.646 29.113 23.561 2.72731
11.712 27.748 23.253 2.25865
8.590 28.268 23.202 2.36278
1.073 28.439 23.363 2.51785
6.860 28.565 23.606 2.87270
4.708 29.795 23.199 2.68700
18.352 29.973 23.125 1.68559
8.909 28.916 23.465 1.98801
28.493 29.993 23.866 2.52352
9.843 27.552 22.641 2.87529
2.874 29.459 22.874 1.74545
0.217 30.266 23.445 0.98468
18.485 30.946 23.703 2.29807
0.582 30.012 23.869 2.61856
8.091 29.812 24.036 3.21171
5.174 29.301 23.443 3.35693
2.474 29.905 23.617 3.20303
0.258 28.598 23.273 3.29175
1.930 29.053 23.647 2.82322
5.673 28.836 23.149 3.41761
2.009 28.238 22.970 3.73169
0.602 29.562 22.549 3.58631
1.160 31.203 23.532 3.34743
0.432 29.732 23.642 2.96531
1.117 28.498 23.429 2.86006
2.510 29.715 23.393 2.94537
4.981 29.251 23.510 2.91028
13.449 28.486 23.258 3.45102
8.215 29.064 23.242 3.52468
8.063 29.567 23.259 3.31769
0.023 31.332 23.221 3.02693
2.105 30.268 23.613 3.01771
3.303 28.705 23.399 3.02834
0.105 30.015 23.514 3.40555
0.281 30.309 23.672 3.43628
1.577 30.685 23.228 3.81925
0.230 30.131 23.248 3.96720
4.017 30.160 23.241 4.30765
2.854 28.246 23.221 3.54899
4.728 29.945 23.294 4.28393
11.661 30.285 23.359 3.52369
10.252 29.296 23.372 2.93942
1.768 30.655 23.697 2.69043
11.026 28.740 23.352 3.27578
10.545 29.331 23.401 3.20201
4.338 29.616 23.364 3.36734
2.042 29.915 22.618 3.38543
3.526 29.713 22.903 3.23050
3.388 29.098 22.857 3.12673
3.331 29.190 22.766 2.98462
2.837 29.621 22.636 2.58582
0.060 30.203 22.783 2.14346
0.011 31.838 23.438 2.63846
0.016 31.335 23.638 3.07398
0.036 31.433 23.686 3.33408
1.358 28.565 23.065 3.54441
11.884 30.349 23.178 3.05222
2.797 29.833 22.905 2.52679
2.897 30.255 23.157 2.57868
35.763 28.402 22.868 2.32519
8.519 29.132 22.654 1.85992
0.547 30.487 23.571 2.11608
3.293 28.901 23.299 2.22953
9.828 29.165 23.393 2.32213
18.962 29.707 23.471 2.69490
9.417 26.924 22.899 2.30753
12.232 27.063 21.899 2.42432
7.536 30.534 23.091 2.60401
4.342 30.137 23.198 3.00191
10.797 28.446 23.014 2.45557
31.571 28.851 22.881 2.33924
21.621 28.724 21.720 2.07206
13.044 29.687 22.710 1.61515
3.241 30.032 23.624 1.72337
6.010 28.826 23.194 2.18210
0.727 28.787 23.316 2.29890
2.297 28.117 23.737 2.58746
5.499 29.266 23.495 2.68462
1.354 28.874 23.670 2.34520
2.119 29.871 23.744 2.33144
6.174 28.227 23.475 1.84394
28.143 28.172 23.304 1.99417
1.564 29.465 22.610 1.92957
21.163 29.449 22.929 1.25826
1.577 28.617 22.446 1.24177
5.253 29.986 23.258 1.82819
19.945 29.201 23.380 1.93885
28.167 28.044 22.202 1.87217
5.813 29.173 22.501 2.36022
16.134 28.486 22.446 2.63845
0.740 26.965 21.882 2.32483
1.267 29.165 22.561 2.35914
1.544 29.112 22.488 2.18644
0.932 30.412 23.315 1.48783
7.003 29.868 23.277 1.27937
8.234 28.799 22.791 0.96217
11.626 28.949 22.169 1.11177
2.912 29.988 22.855 1.20463
3.991 28.666 23.089 0.73948
2.021 29.854 21.511 2.74228
3.089 29.636 22.063 2.52170
3.736 28.523 22.484 1.73730
2.912 29.106 22.511 1.56315
1.071 29.835 22.887 1.24585
4.549 27.845 22.172 0.98908
5.040 27.588 22.405 0.98520
6.512 28.909 21.397 1.39346
0.434 29.657 21.645 1.33987
0.474 29.914 20.500 1.76447
0.072 30.391 21.915 0.93190
0.441 30.372 22.893 0.91049
0.502 30.514 22.821 0.98849
13.942 29.198 22.487 0.60685
18.696 29.173 22.022 1.33262
0.536 29.210 21.444 1.24844
5.977 29.368 21.829 1.59541
0.498 29.884 21.911 1.09300
2.003 30.851 22.476 0.53392
12.332 29.385 22.095 1.23644
2.253 28.890 22.214 1.98691
1.030 29.101 22.397 2.30643
0.004 27.519 15.874 5.17580
0.000 25.898 14.534 4.44905
0.000 24.472 13.344 4.14241
0.000 24.177 13.942 3.68953
0.000 24.718 14.670 3.45060
0.000 25.782 15.163 3.22966
0.001 26.075 16.324 2.89224
0.000 26.659 18.234 2.11019
0.000 28.675 19.818 2.01046
0.000 28.468 18.283 2.87835
0.000 27.784 18.285 3.16168
0.000 27.367 17.888 3.72561
0.000 27.002 17.156 3.67851
0.000 26.973 16.637 3.48703
0.000 26.359 15.098 3.20073
0.000 26.234 16.124 2.52377
0.000 27.798 17.464 2.85829
0.000 27.637 17.508 3.28785
0.000 27.376 16.158 3.29118
0.000 27.119 16.640 2.87260
0.000 28.129 17.478 3.30722
0.000 27.652 16.462 2.95841
0.000 28.786 17.388 2.12110
0.000 29.709 18.881 2.12495
0.000 29.685 17.894 2.44990
0.000 29.248 18.836 2.55910
0.000 29.594 19.705 2.90891
0.000 29.802 20.141 2.62403
0.139 30.337 20.471 2.56538
0.000 29.109 19.937 2.67747
0.000 30.248 19.816 2.54792
0.000 31.238 20.385 3.13896
0.000 30.661 20.167 3.53126
0.000 31.278 19.481 4.12291
0.005 30.946 19.025 4.01536
0.297 30.509 18.113 3.27495
0.000 30.041 18.639 1.88155
0.000 31.651 18.972 1.63068
0.000 32.286 20.044 0.86004
0.000 32.875 22.061 0.95172
0.087 32.199 22.140 1.51686
0.432 31.334 22.305 1.42930
1.307 30.854 21.725 1.22320
0.290 32.340 20.902 1.00753
0.191 32.974 19.468 2.75243
0.000 31.761 19.193 4.32784
0.006 31.499 19.496 3.72367
0.498 31.081 20.103 2.38778
0.000 30.717 20.400 1.54379
0.000 32.419 20.831 1.62656
0.000 33.359 21.212 1.45842
0.000 33.659 20.900 1.18119
0.000 34.032 19.533 1.34066
0.001 33.630 20.342 1.61823
0.653 33.691 19.031 3.27158
0.006 32.436 19.730 2.55332
0.000 33.540 19.294 2.39829
0.000 33.670 19.926 2.73584
0.007 32.875 20.215 3.66807
0.000 32.013 19.218 4.26987
0.000 32.111 19.556 4.03628
0.000 32.227 18.512 4.30660
0.000 29.949 14.649 4.93487
0.000 30.716 15.124 3.68604
0.000 31.029 15.975 2.70750
0.000 31.908 16.395 2.34266
0.000 32.314 15.424 1.93699
0.000 33.460 15.672 1.68821
0.000 33.626 15.823 2.65491
0.000 31.869 15.787 2.76679
0.000 31.274 15.728 1.84947
0.000 32.447 17.061 1.57809
0.000 32.905 18.782 1.86270
0.000 32.578 19.830 2.16448
0.000 32.827 19.178 1.77069
0.000 33.844 18.942 1.70837
0.000 32.478 14.632 4.49594
0.000 29.040 12.552 4.65702
0.000 27.633 11.466 3.93972
0.000 28.381 11.567 2.68830
0.000 30.195 12.862 2.42836
0.000 31.425 13.931 1.88073
0.000 32.936 15.298 1.19539
0.000 34.838 16.309 1.09889
0.000 34.913 17.614 2.15389
0.000 33.436 18.402 2.58679
0.000 33.289 18.087 2.34927
0.000 32.771 16.739 3.05420
0.000 32.576 16.718 3.33336
0.000 32.583 16.718 2.70337
0.000 33.120 17.105 1.98680
0.000 34.133 17.500 1.94064
0.000 34.421 19.065 1.03925
0.000 35.227 19.845 1.53844
0.000 35.606 20.931 1.63982
0.000 35.859 22.216 0.83413
0.000 35.052 22.177 2.17659
0.141 33.225 22.316 1.86975
0.047 34.472 23.023 1.90754
5.769 33.988 19.788 1.83191
0.331 27.923 17.472 3.52215
0.000 31.887 17.756 2.76026
0.000 32.828 18.109 3.35875
0.000 32.512 15.603 5.04158
0.000 30.596 14.272 4.88498
0.000 29.618 14.231 3.98285
0.000 31.393 14.898 3.41121
0.000 30.286 13.275 5.38126
0.000 28.370 12.572 4.47759
0.000 29.132 13.038 3.51021
0.000 30.775 14.028 1.74666
0.000 33.675 15.978 1.10331
0.000 34.574 17.396 1.45477
0.000 33.931 19.010 1.70580
0.065 35.146 21.309 1.33849
0.000 36.213 21.685 1.68019
0.000 36.664 22.670 1.97888
0.000 37.904 22.473 1.60618
0.000 38.050 22.607 2.37530
1.492 36.341 21.899 2.51613
0.000 37.292 21.230 3.01308
0.000 36.796 21.369 2.89962
0.000 37.614 21.634 2.00169
0.000 38.027 22.790 1.90238
0.007 37.792 22.520 2.27403
0.003 37.114 23.694 1.85785
0.319 34.960 24.123 1.29663
1.069 37.265 23.304 2.09627
0.163 37.442 23.768 1.47016
0.001 36.074 24.231 1.64660
0.240 36.965 25.165 1.39434
1.112 36.419 24.268 1.70640
0.000 37.460 22.987 2.17787
0.000 39.019 23.847 2.40597
0.001 38.362 23.038 3.15617
0.065 34.216 19.254 4.09515
0.000 32.332 19.525 1.84941
0.011 36.479 23.416 1.38492
0.000 37.411 23.969 1.78556
0.000 37.798 24.649 2.14943
0.000 39.235 25.300 2.33430
0.000 38.695 25.970 2.21685
0.000 38.561 24.811 2.20645
0.000 40.249 24.207 2.39594
0.000 39.896 24.097 1.97521
0.000 39.879 23.049 2.29877
0.000 39.758 23.461 2.60352
0.000 40.264 24.952 2.88790
0.009 39.964 26.121 2.14816
15.773 32.286 19.295 3.41645
0.000 33.067 19.948 2.34898
0.000 35.960 21.282 1.99326
0.154 38.025 23.349 1.72208
0.084 35.313 25.013 1.94310
0.339 32.664 23.657 2.01350
3.887 36.680 24.412 2.29410
19.937 35.074 17.023 2.91908
0.000 31.311 17.600 2.40758
0.010 34.563 22.215 1.21390
0.391 35.624 24.218 2.35097
1.227 36.357 23.879 2.45046
0.010 36.738 24.940 2.84331
0.831 34.299 24.533 1.79668
0.053 37.717 25.370 2.53506
0.327 35.369 25.727 1.52772
6.537 32.734 24.847 1.26253
7.759 31.520 23.496 0.74971
0.032 35.601 23.886 1.07289
0.145 38.163 25.173 1.28247
1.812 36.186 24.914 1.10281
1.323 33.573 24.532 1.31450
0.001 35.096 24.713 1.05746
0.000 36.963 24.966 1.55745
0.000 38.036 25.158 2.09682
0.008 37.729 24.429 2.72480
0.004 38.851 25.247 2.81133
0.297 35.310 24.122 2.75050
0.005 38.573 24.842 2.97269
0.851 38.517 25.473 2.56972
2.032 37.107 25.649 2.24056
0.358 36.528 25.745 1.81124
0.848 38.482 26.112 1.67819
0.348 36.226 25.139 2.20704
0.000 39.043 25.900 2.45101
0.015 39.580 27.290 2.70846
0.024 37.264 26.513 2.41428
0.638 30.470 24.354 1.66227
0.877 38.663 26.530 1.38723
0.304 35.547 26.173 1.41235
0.231 36.961 26.678 1.56375
0.199 34.653 26.238 1.91116
0.127 38.872 26.787 1.48798
0.866 38.646 26.413 1.95776
1.015 35.744 25.135 1.85376
0.142 38.416 26.589 1.66005
13.738 35.797 24.995 1.33433
15.844 34.680 25.076 1.20111
2.324 31.645 22.881 2.69743
0.130 35.499 24.533 2.05974
17.036 36.436 25.676 1.54271
11.794 32.657 24.789 1.49572
0.891 32.996 24.412 1.34937
22.913 33.510 23.926 1.52510
1.488 32.928 23.782 2.08685
1.375 30.909 23.473 2.23319
14.605 31.535 23.259 2.83577
8.512 30.232 23.366 2.74820
5.895 31.201 23.810 2.54558
1.314 31.338 23.214 2.32858
2.399 32.288 23.371 2.58129
6.807 32.908 22.799 2.78238
0.269 32.922 23.268 2.78817
0.032 34.971 23.721 2.65664
0.002 35.808 23.918 2.39742
0.000 35.406 24.604 2.19650
0.047 35.441 24.825 2.43688
6.219 34.178 23.805 2.55257
0.047 35.169 24.365 2.55143
1.324 34.098 25.063 2.01780
10.275 31.960 23.561 1.57474
12.404 30.297 23.349 1.60616
1.123 30.996 23.591 1.98486
6.969 32.233 23.524 2.02667
3.769 32.112 24.155 1.99408
7.902 30.917 24.012 2.18754
9.850 30.032 24.131 2.05012
1.148 32.621 23.898 2.60438
5.458 31.004 24.861 2.43484
0.199 30.916 24.271 2.51428
0.845 31.952 24.692 2.81380
0.225 30.964 24.679 3.10141
3.254 31.255 24.550 3.04974
5.001 29.723 24.265 2.68577
2.199 31.990 24.360 2.83461
25.932 30.170 24.309 2.56448
15.866 30.160 24.064 1.70156
0.811 31.016 23.945 1.61212
7.189 31.283 23.697 2.16694
2.306 31.893 24.112 2.24076
6.342 31.018 24.025 2.32395
0.800 30.265 24.151 1.99057
0.211 31.268 24.112 1.70736
20.018 30.166 23.627 1.79320
2.647 29.973 23.321 2.18600
0.020 30.333 23.608 2.54336
4.356 31.429 23.535 2.33041
0.120 31.777 24.351 2.32802
2.928 30.286 23.676 2.48149
2.725 32.091 24.107 2.91834
0.459 30.500 23.523 2.57268
0.066 31.717 24.153 2.70514
0.144 31.907 23.963 2.78686
10.612 30.928 23.816 2.35145
17.501 30.631 23.938 3.00932
9.772 29.439 23.772 3.21080
25.583 29.733 23.580 2.61734
23.654 28.428 22.712 2.05993
5.772 28.749 22.442 1.77074
11.306 30.132 22.856 1.60183
4.109 30.718 23.038 1.51205
5.908 30.044 23.279 1.70324
4.850 27.670 22.555 1.28911
6.105 29.859 22.598 2.22774
11.851 29.725 22.720 2.26949
1.401 30.116 23.325 2.73673
3.843 30.103 23.282 2.75239
0.053 29.796 23.224 2.22435
0.777 30.185 23.404 2.14198
13.099 29.943 23.144 2.21017
7.973 29.977 23.108 1.95291
1.782 26.779 22.885 2.05201
6.966 27.557 22.405 1.51492
3.045 28.467 22.382 1.67842
0.024 29.859 23.083 1.63849
0.123 30.559 23.399 1.70384
1.195 30.146 23.761 1.71724
8.305 28.978 23.154 1.67365
5.525 28.478 23.264 2.68702
14.805 29.790 22.974 2.76294
0.143 30.157 22.932 2.73655
1.444 30.381 23.485 2.22412
4.012 28.709 23.733 2.52985
14.483 29.682 23.905 3.34604
20.842 28.591 23.644 3.52332
2.688 29.276 23.222 3.46627
1.302 30.814 23.356 2.94983
0.434 30.265 23.833 2.42574
0.083 30.382 23.783 1.86811
14.811 30.123 23.940 2.75104
4.692 28.460 23.551 3.02215
6.649 29.248 23.512 2.21208
14.039 28.612 23.640 1.91219
2.146 28.404 22.814 1.01125
8.133 28.756 22.922 1.10355
4.061 29.991 23.205 1.67878
7.112 30.432 23.277 1.82209
5.223 29.587 23.059 2.21497
18.830 28.694 22.931 2.11721
2.718 29.105 22.889 1.87621
12.372 29.514 23.278 1.72730
0.071 30.287 22.909 0.92489
1.129 29.952 23.492 0.66006
6.491 30.429 23.266 0.93709
1.627 31.480 24.013 1.43636
14.527 28.544 23.691 1.76122
20.092 29.214 23.411 1.67394
11.997 29.556 23.204 1.70235
7.254 28.884 23.680 1.39919
14.542 28.824 23.431 1.51774
13.135 29.097 23.965 2.04822
9.666 28.270 23.768 2.71452
16.497 29.552 23.817 1.87482
6.597 28.845 23.459 2.90920
0.126 28.240 23.418 4.32990
0.373 28.600 23.717 3.78935
3.715 29.315 23.060 3.25638
23.171 29.956 23.528 2.25729
6.187 29.483 23.480 1.90508
17.086 28.644 22.890 1.68739
3.188 29.871 23.552 1.75659
3.002 27.966 23.429 2.16111
0.391 29.996 23.985 2.39358
18.566 28.727 23.184 2.28577
5.596 29.100 23.333 1.05091
6.134 29.763 23.015 0.99969
21.052 29.224 22.891 1.35654
18.740 29.461 23.104 1.87897
15.054 29.133 23.618 1.46404
12.767 29.279 23.699 1.43963
22.974 28.679 23.736 1.55252
15.338 29.329 23.308 1.11482
14.962 29.933 23.637 1.53373
8.849 28.333 23.589 1.49576
7.967 30.207 23.305 1.81848
0.951 30.410 21.831 2.15660
3.074 30.299 22.739 1.17682
7.607 29.319 23.320 1.21894
30.693 29.063 23.059 0.91978
0.998 29.488 20.523 1.91991
9.802 28.939 21.577 1.91043
10.452 29.417 23.218 1.56192
0.795 30.295 23.092 0.75933
0.480 30.409 23.087 1.15367
0.058 30.755 22.667 1.82336
9.430 30.587 23.689 1.68674
8.442 28.958 23.806 1.26806
6.883 30.773 22.926 0.91092
0.142 29.912 23.659 1.28582
4.884 28.599 22.845 1.63671
2.777 28.803 22.348 1.42412
24.466 30.041 22.864 0.69307
13.456 29.010 22.015 2.08988
1.473 29.559 22.394 3.44123
4.875 28.419 22.815 3.05332
11.478 27.066 22.437 3.72212
0.406 28.427 21.623 3.23052
0.012 29.313 21.974 2.93161
0.326 29.509 23.118 1.59009
14.308 27.768 22.728 1.13496
12.380 29.086 23.528 0.90282
17.872 29.702 22.969 0.74563
2.133 28.152 22.253 1.06812
8.269 29.464 22.244 1.54948
0.169 29.046 21.733 1.48978
1.777 30.058 22.203 1.19230
2.082 30.169 22.300 1.16624
0.082 29.868 20.095 1.67154
0.000 29.541 19.440 2.15299
0.000 28.666 20.571 2.68339
0.000 28.855 21.003 3.81269
0.004 28.002 18.087 4.33763
7.466 27.301 18.642 4.01766
14.759 26.328 20.005 3.32042
5.161 27.669 22.191 2.95033
0.238 29.067 21.308 3.04518
0.002 29.011 20.069 2.51934
0.004 28.480 19.042 2.82542
8.600 27.942 19.467 3.19675
4.238 25.444 19.561 2.25841
1.026 27.867 19.817 2.62116
0.012 26.940 17.444 3.20916
0.000 26.771 17.083 2.55108
0.000 27.458 18.259 1.69378
0.031 28.795 19.253 2.43201
0.246 26.183 17.148 3.21407
0.384 27.460 17.395 3.49610
1.074 27.551 19.888 3.66742
0.403 28.599 20.170 1.71642
0.193 29.786 20.978 1.28910
0.000 29.789 20.907 1.17753
0.001 29.072 16.555 3.35672
0.000 26.265 16.551 3.55159
0.000 26.258 16.888 2.77910
0.000 28.270 19.359 2.50273
0.000 27.866 18.330 2.81950
0.000 28.289 18.929 3.09382
0.000 28.744 19.953 2.47584
0.000 28.486 19.283 2.44179
0.000 28.786 19.074 2.49217
0.000 27.936 15.942 4.24357
0.000 25.210 13.663 3.81124
0.000 25.468 14.272 1.74504
0.000 26.452 15.737 1.40076
0.000 28.173 17.307 1.64924
0.000 28.315 19.499 2.12824
0.000 29.428 19.664 2.35160
0.000 30.011 20.379 2.65539
0.000 29.051 19.516 2.75797
0.000 28.663 17.084 2.70501
0.000 28.587 15.572 2.83963
0.000 27.914 15.925 2.76675
0.000 27.209 15.522 3.88295
0.000 25.779 13.024 4.43378
0.000 25.330 12.341 4.16994
0.000 25.739 12.875 3.49917
0.000 26.698 13.605 2.71403
0.000 27.205 14.472 2.30252
0.000 28.258 16.580 2.29797
0.000 28.359 17.892 1.98420
0.000 29.742 18.534 2.04842
0.583 29.893 19.494 1.84522
0.068 30.557 20.787 1.43451
0.049 31.080 21.761 1.04210
0.024 31.957 21.668 1.41151
0.000 31.479 17.879 2.78337
0.000 29.935 18.049 2.87269
0.000 30.576 17.570 3.40987
0.000 30.202 15.112 3.55424
0.000 28.786 15.368 3.63265
0.000 29.259 15.684 3.47041
0.000 28.623 14.896 4.34459
0.000 28.728 14.722 4.25367
0.000 28.872 14.031 4.38212
0.000 28.241 13.696 4.30900
0.000 27.102 11.422 4.30957
0.000 26.066 10.924 3.57108
0.000 25.506 11.295 2.89195
0.000 25.865 10.681 2.86245
0.000 26.237 11.275 2.03872
0.000 27.689 12.204 1.97799
0.000 28.290 13.025 2.44993
0.000 28.411 12.536 1.42470
0.000 29.399 13.448 1.34495
0.000 30.476 14.627 1.23095
0.000 31.074 15.902 2.00075
0.000 31.433 17.576 3.02222
0.003 30.148 18.359 2.47777
0.000 30.411 18.682 1.87401
0.002 31.262 19.775 1.00600
0.886 32.152 20.605 1.29386
1.131 31.436 19.802 1.12109
0.041 31.256 19.317 1.11798
0.000 32.671 19.899 0.73025
0.000 33.959 19.708 0.83471
0.000 33.019 19.443 1.21365
0.000 34.328 19.993 0.69067
0.000 34.206 19.720 0.92925
0.028 33.546 21.012 1.40270
0.000 33.151 22.293 0.79660
0.000 34.958 22.226 1.45872
0.000 34.803 22.334 1.65254
0.164 33.834 22.609 1.03842
0.012 35.289 23.294 0.83664
0.135 34.731 20.909 1.55673
0.000 33.710 17.197 3.18904
0.000 32.885 16.966 3.24365
0.000 33.089 16.517 2.95659
0.000 32.274 17.072 3.33329
0.000 32.392 17.223 4.08010
0.000 31.495 16.394 4.60522
0.000 30.368 15.893 4.85682
0.000 30.775 16.410 3.54739
0.000 31.922 17.273 2.83654
0.000 32.955 17.600 3.49062
0.000 32.296 17.393 3.38659
0.000 32.809 16.223 3.02507
0.000 32.785 15.984 3.65954
0.000 32.175 16.818 4.54193
0.000 31.074 15.586 4.30235
0.000 31.765 16.338 1.79253
0.000 34.895 18.517 1.35458
0.000 36.664 20.257 2.11020
0.000 37.436 21.704 2.23557
0.000 38.244 23.059 1.64217
0.000 37.321 24.530 1.59862
0.043 38.374 25.263 1.58434
12.413 31.596 16.708 2.98080
0.840 25.114 16.399 4.32127
0.073 29.326 12.839 5.61850
0.000 29.733 13.522 4.10356
0.000 31.175 15.204 2.92724
0.001 32.894 16.308 2.66976
0.018 33.924 17.726 1.76295
0.002 34.775 19.380 1.43463
0.000 35.493 22.157 1.03751
0.101 35.981 21.856 1.42691
0.002 35.027 23.066 1.52646
0.029 36.323 23.251 0.94154
0.197 36.217 19.655 3.75139
0.011 34.374 18.369 2.97612
0.000 35.965 18.655 2.59235
0.000 35.505 16.832 2.89459
0.000 35.488 17.911 1.90095
0.000 37.075 19.485 1.62830
0.000 37.458 21.348 1.62831
0.000 38.260 22.436 1.80120
0.009 38.487 23.537 1.58286
0.503 38.573 24.615 1.32433
3.191 36.105 24.137 1.90307
0.375 28.626 22.380 1.61546
0.173 33.620 23.311 2.29351
0.000 37.113 23.364 2.39084
0.000 38.714 23.043 2.78051
0.000 39.788 22.965 2.97368
0.000 40.513 22.843 2.65344
0.000 40.981 23.310 2.46303
0.000 40.984 24.168 2.75820
0.000 41.092 25.412 2.68422
0.058 40.686 27.003 2.05118
14.339 38.429 25.073 1.45848
2.800 37.096 25.959 1.25589
0.004 37.069 26.287 1.22628
2.306 37.233 25.490 1.43839
0.534 37.170 25.535 1.30761
1.551 36.648 24.613 2.13610
2.443 34.440 24.032 1.89215
0.000 37.191 24.485 1.64412
1.331 38.267 23.550 3.20555
0.000 39.827 24.129 2.74097
0.000 40.569 25.455 2.18566
0.896 39.607 26.415 1.39737
6.314 34.934 22.535 2.05655
5.188 35.080 23.192 2.01996
1.014 29.328 22.857 1.06735
0.000 36.765 24.540 0.71496
0.089 37.654 25.666 1.26560
0.350 37.765 25.517 2.26102
0.000 37.056 25.632 2.36139
0.005 38.584 26.543 2.25307
3.107 34.869 25.485 1.36672
11.953 29.625 24.517 1.12518
2.669 32.053 24.857 0.68630
4.869 32.444 23.645 1.88445
0.595 31.547 24.271 1.68747
2.392 31.662 23.680 1.57134
0.544 36.849 24.196 2.27484
1.804 37.269 24.463 2.85013
0.068 37.415 24.761 2.72543
9.711 35.234 19.866 2.80905
3.602 34.702 20.249 3.14636
0.018 33.176 20.518 3.21055
0.000 35.846 21.711 1.93135
3.649 38.444 24.398 1.25000
6.772 34.436 24.487 1.36923
5.223 32.404 24.727 0.97558
4.369 30.370 23.512 1.38540
2.139 32.786 23.541 1.61572
34.942 32.448 23.292 1.34406
4.731 32.504 23.995 1.35672
3.553 33.494 24.719 1.02993
2.206 33.772 24.644 1.13252
13.344 32.132 24.669 1.24992
0.163 31.290 24.325 1.50692
6.698 31.678 23.993 1.42072
0.289 31.911 24.471 1.69202
9.567 30.822 23.568 2.07349
7.814 32.121 23.474 2.23296
6.534 31.403 23.226 2.64115
0.434 32.191 23.268 2.30424
14.461 32.023 23.817 1.25659
5.005 28.218 23.214 0.73987
8.446 29.840 23.160 0.97208
0.600 32.407 23.551 1.22456
0.302 33.124 24.787 1.24389
3.120 31.363 23.733 1.44407
7.564 31.441 23.581 1.16143
11.007 30.364 23.256 1.28939
19.457 31.846 24.068 0.85116
7.100 29.500 23.526 0.85527
2.892 30.262 23.273 1.96832
4.688 30.455 23.393 2.20951
2.422 31.502 23.582 2.13630
0.016 30.984 23.571 2.44417
0.630 31.546 24.189 2.32909
0.436 30.954 23.570 2.03539
3.296 30.629 23.691 2.30823
0.182 32.857 24.381 2.76529
5.404 30.188 23.153 2.27322
11.317 31.161 23.617 1.61472
0.024 32.463 24.565 1.09798
10.938 30.590 24.015 1.01801
32.242 29.953 23.404 1.24403
2.019 30.516 23.622 1.50154
0.579 30.805 23.648 1.46673
2.233 31.321 23.874 1.42912
0.432 30.661 23.847 0.95431
19.981 31.228 24.500 0.98239
16.856 29.969 22.740 1.45834
11.717 30.483 24.106 1.25344
8.232 30.809 23.638 1.18483
0.914 31.089 23.970 0.85626
7.276 30.901 23.891 1.15951
30.559 29.246 23.970 1.02149
9.442 28.480 23.401 1.48471
6.396 30.545 23.752 1.72141
11.516 29.890 23.877 2.15789
19.458 29.457 23.443 2.13205
8.936 30.490 23.863 2.15151
1.958 28.691 23.958 2.25567
12.008 28.373 23.697 2.48813
0.133 28.742 23.618 2.49768
0.678 29.656 23.466 2.30931
1.470 30.068 23.763 2.22742
7.545 28.711 23.147 2.32591
6.991 28.719 23.097 2.84631
0.072 29.048 22.172 2.30916
0.058 30.854 23.297 2.17832
0.000 30.586 23.565 1.91441
0.262 30.661 23.463 1.79801
0.325 31.025 23.113 1.90594
0.012 30.462 23.653 1.64544
8.319 29.388 23.035 1.35043
1.343 30.227 23.280 1.13417
11.754 29.866 23.144 1.42894
4.426 30.511 23.031 0.73958
1.061 30.393 23.282 0.73208
2.649 28.636 22.594 0.79233
2.011 30.486 22.849 0.90225
0.209 31.359 22.591 1.26055
4.405 30.775 23.654 1.44034
1.524 29.813 23.535 1.72903
3.242 29.705 23.383 1.78372
0.841 29.974 22.787 1.62350
8.908 30.300 23.324 1.22182
0.624 30.535 23.589 1.65943
5.720 28.823 23.122 2.42139
9.040 28.418 23.380 2.75307
10.324 29.352 23.484 2.89366
11.232 28.629 23.151 3.18889
9.311 29.512 23.712 2.83270
5.006 27.958 23.272 3.34844
2.060 27.465 23.192 3.24773
3.085 28.553 23.281 4.35244
0.634 30.126 22.219 4.46392
3.586 30.001 22.513 3.69770
3.944 28.880 22.641 3.64626
0.747 29.879 22.675 4.30894
0.999 29.748 22.948 4.12639
3.360 30.581 23.364 3.77710
1.634 29.659 23.053 3.72287
2.966 30.622 23.548 2.96044
0.175 31.048 23.178 2.92262
0.332 31.604 24.186 3.28525
6.726 29.449 23.932 3.30281
4.321 29.204 23.177 3.12234
14.578 29.058 22.931 3.07848
1.426 30.548 23.251 3.00184
5.321 30.417 23.555 2.96351
3.237 31.270 23.747 2.31793
18.243 29.794 23.552 1.92086
0.034 29.197 23.548 1.58488
1.620 29.282 23.342 2.17268
6.806 28.446 23.102 2.32262
7.673 28.693 23.619 3.00128
21.556 29.136 23.383 2.94705
1.712 28.902 22.829 2.25632
7.160 29.084 22.851 1.57126
0.413 29.530 22.705 1.80167
23.494 29.370 22.173 1.72234
11.995 29.767 22.808 1.09077
1.523 27.940 22.336 1.23630
1.829 30.806 23.179 1.43184
0.345 29.831 23.259 2.34998
3.059 29.565 23.148 2.45785
23.889 27.408 22.602 1.70532
18.256 28.616 22.414 1.43337
3.306 30.083 22.443 1.58072
0.007 30.358 23.593 1.11727
0.080 30.501 24.018 1.06423
8.182 28.898 23.696 1.30985
0.279 29.260 23.456 1.20318
16.235 28.507 22.330 1.11237
1.058 30.095 22.975 0.76735
5.969 30.653 22.796 0.65419
8.462 28.876 22.944 1.92902
13.934 26.936 21.573 1.41120
10.231 29.624 22.015 1.36394
6.455 30.471 22.852 0.86985
16.558 30.702 23.007 0.60148
1.720 30.556 22.764 1.15327
2.426 31.441 23.160 0.84243
3.726 30.045 23.424 0.94995
13.390 29.192 23.533 1.62186
19.005 29.955 23.263 2.67988
26.428 27.487 23.281 3.56285
17.690 28.339 23.436 2.98445
0.548 28.975 23.916 2.59833
1.138 29.879 23.891 2.53099
0.566 29.037 23.990 2.76140
5.000 27.362 23.407 2.74046
3.445 27.530 23.173 2.55007
31.425 29.005 23.062 2.74842
3.214 27.112 22.607 1.84892
1.361 29.586 23.286 2.01691
5.324 29.491 23.083 2.62747
6.349 27.661 23.167 1.27260
25.311 28.229 23.122 0.73966
3.816 29.620 23.497 0.99647
12.664 29.000 23.319 1.38659
39.234 28.557 23.314 2.16053
16.173 28.319 22.017 2.46328
16.106 27.741 21.206 2.91984
19.381 26.211 21.520 2.25307
7.377 25.387 21.891 2.19628
4.192 28.276 22.739 1.23380
9.769 29.168 23.157 0.84767
1.785 27.887 22.343 1.18170
7.052 28.432 22.367 1.32002
0.339 28.784 22.110 0.64915
6.331 28.979 22.471 1.34463
2.304 29.372 22.113 1.56581
0.678 29.414 22.442 1.99970
1.063 29.061 21.848 2.25342
1.689 29.491 22.011 2.66634
3.328 29.065 21.702 2.31288
0.002 28.819 21.390 2.24109
0.018 28.846 20.624 2.15167
0.002 29.748 22.175 2.06253
0.440 29.735 22.572 2.02906
0.698 30.075 23.395 1.95047
2.243 28.499 21.011 1.57520
0.960 28.989 20.733 2.38624
0.042 28.396 20.016 2.59182
0.235 29.212 21.182 2.30800
3.169 27.408 21.436 2.45858
2.918 28.288 21.789 3.22267
3.304 27.757 20.651 3.61813
0.022 27.769 18.565 3.76746
0.000 28.039 19.155 3.26537
0.022 28.912 20.837 2.93843
4.992 29.134 22.639 2.46015
19.645 29.324 22.910 2.30368
6.360 28.540 21.782 1.35367
7.174 29.393 22.759 1.07032
9.618 29.233 20.838 2.04782
53.809 26.187 19.859 2.84762
6.675 28.628 21.216 2.27394
0.566 28.496 22.803 1.43379
3.977 28.378 22.042 1.13332
1.621 29.245 19.365 2.13077
0.000 29.112 20.548 1.56187
0.151 29.376 21.817 1.26251
2.920 30.934 21.514 0.67919
7.491 30.275 22.841 0.99984
1.160 28.006 20.918 1.77192
0.432 27.300 19.877 2.34822
0.832 27.840 19.681 2.53057
0.000 27.879 18.416 3.37623
0.009 27.263 18.909 3.50600
3.488 24.926 17.216 4.02862
0.057 21.129 13.377 4.38234
0.000 23.407 13.670 3.23759
0.000 26.744 16.671 3.62701
0.000 26.718 17.033 3.19288
0.000 27.427 18.478 3.02524
0.002 27.746 19.424 3.32537
0.038 27.028 19.208 2.59483
0.006 28.108 19.629 2.18833
0.000 28.295 19.587 2.29563
0.000 28.061 19.069 2.72679
0.000 28.627 19.657 1.95810
0.035 28.939 20.638 2.47379
0.042 26.960 16.675 3.56131
0.033 25.309 15.280 3.79451
0.036 26.249 15.487 2.63975
0.000 27.955 18.897 1.79603
0.000 29.379 20.599 1.52258
0.003 29.619 18.130 2.99201
0.000 25.556 13.891 4.45214
0.000 24.666 13.659 3.67795
0.000 25.671 14.025 2.48633
0.000 27.490 16.529 2.97721
0.000 26.494 14.654 3.46503
0.000 26.317 14.995 2.95336
0.000 26.924 15.530 2.70023
0.000 26.945 15.247 2.93440
0.000 27.028 15.898 1.91018
0.000 27.821 15.893 1.73883
0.000 27.854 16.784 2.21694
0.000 27.680 17.028 3.27960
0.000 27.970 17.423 3.36356
0.000 27.540 15.920 3.93219
0.001 26.078 15.013 4.12803
0.000 26.069 14.829 3.80493
0.000 26.979 13.535 3.20284
0.000 27.375 13.099 2.99399
0.000 26.587 12.028 2.27043
0.000 27.228 12.181 2.18292
0.000 26.960 12.161 2.48084
0.000 25.649 12.212 2.22967
0.000 26.883 13.328 1.60603
0.000 28.149 15.262 1.28512
0.000 29.061 17.691 1.33945
0.000 29.217 16.821 1.01322
0.000 29.508 15.409 1.59969
0.000 29.033 15.859 1.32456
0.000 29.265 16.558 0.66518
0.000 29.568 15.950 0.88569
0.000 29.417 14.926 2.27810
0.000 28.990 16.074 2.01121
0.000 29.480 17.569 2.39565
0.000 29.861 15.643 3.38600
0.000 28.615 13.445 3.81719
0.000 27.483 12.502 3.32045
0.000 27.455 12.156 3.18636
0.000 27.871 12.757 2.22988
0.000 29.775 14.119 1.81396
0.000 31.349 15.422 2.06442
0.000 31.290 15.833 1.41762
0.000 31.864 17.165 1.13718
0.000 32.362 18.897 1.09227
0.000 33.011 18.852 1.04906
0.006 33.977 20.007 0.78693
0.935 32.521 20.515 1.34043
0.141 32.990 20.571 1.39194
0.600 32.396 20.181 2.15253
0.015 32.472 18.303 2.92019
0.000 32.638 16.941 2.04632
0.009 31.758 17.597 2.19643
1.075 28.662 17.609 2.19369
0.000 30.139 16.651 2.57611
0.000 30.443 16.175 2.29592
0.000 32.224 16.972 1.22486
0.000 33.334 18.557 0.87594
0.000 34.260 20.676 1.30679
0.029 34.034 22.011 1.77220
0.000 34.308 21.101 2.13055
0.014 34.679 22.032 1.84738
0.007 34.345 22.925 1.33037
7.547 33.882 22.540 1.20830
1.651 33.101 21.959 1.35669
3.207 33.259 21.426 1.88915
0.004 33.968 18.532 2.11915
0.000 35.108 19.094 2.03015
0.000 35.336 20.400 1.28514
0.000 34.454 21.330 2.07196
0.014 32.377 21.780 2.62971
0.217 33.254 22.066 1.91765
0.036 30.424 22.401 1.23483
0.004 35.063 23.555 1.08329
9.135 26.556 19.315 2.20363
0.140 32.233 19.627 2.10563
0.046 31.709 17.311 3.23764
0.000 31.939 17.254 3.45119
0.000 33.176 16.495 2.99402
0.000 32.935 16.795 2.96834
0.000 33.637 17.946 2.43891
0.000 34.076 18.300 2.34956
0.000 34.614 19.711 1.75498
0.091 33.977 19.817 2.44641
0.000 35.613 20.566 2.53718
0.001 36.400 19.970 2.42207
0.020 37.047 19.989 2.18594
0.051 36.674 21.954 1.28932
0.847 36.957 19.636 3.42472
0.042 34.721 18.186 3.01081
0.000 35.011 17.508 2.40145
0.000 36.073 19.308 1.38075
0.000 37.123 20.248 1.17170
0.035 37.972 22.326 1.56518
0.000 37.005 21.876 1.53929
0.000 36.623 21.620 1.93150
0.000 37.252 22.452 1.46116
0.000 38.174 23.774 1.79943
0.633 38.206 23.740 2.64240
0.062 38.009 23.809 2.69668
0.000 38.880 23.826 2.55476
0.481 38.095 24.576 1.86427
0.017 39.169 25.623 2.51254
0.273 36.312 24.462 1.73565
0.015 38.472 22.654 2.46053
0.000 39.310 23.134 3.28560
0.000 38.706 23.190 3.35097
0.000 39.125 23.948 3.24961
0.182 39.427 24.730 2.91627
7.733 37.747 24.228 1.47390
4.213 35.269 24.875 1.39079
0.521 34.774 23.506 1.65642
2.117 35.826 24.405 2.01214
11.073 31.676 22.265 1.54476
0.000 33.983 22.968 1.13837
0.037 36.581 24.377 1.26214
14.775 33.462 23.689 1.85991
14.552 32.020 21.974 1.80302
3.299 34.561 23.204 1.45946
2.516 35.208 23.391 1.63035
0.178 36.396 23.823 1.94756
2.224 36.117 23.908 1.65553
1.212 35.658 23.802 2.32854
4.261 35.516 23.748 2.25150
2.016 34.583 23.580 2.24382
16.246 30.468 22.548 1.24575
2.644 31.897 22.159 1.86771
23.387 31.453 22.264 1.60582
0.270 32.503 23.061 1.80860
4.242 30.445 21.676 2.16624
0.660 33.184 21.333 2.57682
2.122 34.360 21.804 2.29056
0.122 35.563 22.264 2.01167
1.073 36.014 21.860 1.98422
0.507 36.542 22.529 2.25724
0.000 37.713 23.383 2.23476
0.000 36.907 23.933 2.03832
0.049 38.064 24.511 1.94030
0.501 37.988 25.548 0.96766
2.555 36.948 25.027 1.49654
8.205 34.829 22.997 1.49771
0.092 35.620 23.592 2.08063
9.760 32.479 21.911 2.51005
0.026 33.367 21.761 2.07653
0.003 34.865 23.121 1.62094
0.373 37.119 24.157 1.14002
2.331 37.612 24.422 1.06521
2.085 37.208 25.055 0.99283
0.111 37.608 25.306 1.43668
11.839 35.188 24.591 1.65102
0.854 36.498 24.210 2.17308
0.000 38.483 24.343 2.77306
0.000 38.591 24.473 3.16806
0.000 39.353 24.876 3.21809
0.000 39.552 25.120 3.20176
0.166 39.290 25.970 2.47103
34.283 34.427 24.517 1.83175
1.935 33.427 23.789 1.49450
0.105 34.180 24.063 2.32763
1.378 37.388 24.368 2.12534
0.089 37.527 24.989 1.79307
5.570 34.992 24.637 1.93758
0.823 33.163 24.494 1.89563
5.206 33.264 23.729 2.93810
1.356 32.337 24.597 2.53650
3.621 31.211 23.870 2.54725
4.283 31.399 23.387 2.22810
2.367 32.259 23.156 2.82205
6.844 30.862 23.786 2.67562
14.010 34.148 24.090 2.83589
11.986 32.507 23.950 1.42414
14.897 30.278 23.848 1.14676
10.444 27.126 23.009 1.85388
0.296 31.135 23.547 2.92797
0.010 33.082 23.721 2.96355
0.503 34.938 24.681 2.80490
16.108 32.461 24.786 2.62577
15.639 30.398 24.219 2.35037
0.460 30.231 23.931 2.19980
0.470 30.331 23.499 2.63027
0.008 31.857 24.218 2.61634
0.012 33.259 24.777 3.04947
0.017 32.995 24.289 2.59982
0.210 33.330 24.419 2.93041
0.195 31.613 23.993 2.88456
1.461 32.945 23.487 3.09591
2.117 33.029 23.270 2.55202
0.035 34.192 23.613 2.48081
1.612 32.055 23.460 2.37772
0.000 32.840 23.317 2.10260
0.000 34.326 23.639 1.95953
0.000 35.161 24.476 2.12878
0.088 35.980 24.801 2.56752
3.062 33.302 23.773 2.02890
4.800 33.398 23.618 2.19925
12.092 33.095 23.315 2.38082
0.303 34.995 22.358 2.36762
0.003 36.736 24.242 2.02878
4.112 34.525 24.488 2.42108
3.950 33.497 24.371 2.90504
13.805 31.338 24.083 2.44217
5.603 32.093 24.175 2.58141
6.120 31.564 23.734 2.90864
12.440 32.881 24.084 3.07171
16.735 30.941 24.180 3.03362
5.456 30.049 24.016 3.24621
13.978 31.968 24.072 3.07310
3.952 30.706 24.090 3.10986
5.919 30.367 23.964 3.19431
0.047 31.747 24.155 3.31560
1.328 31.768 23.671 2.93675
0.430 30.621 23.515 2.25577
0.394 32.921 24.125 2.44944
0.141 31.496 23.858 2.69005
0.733 32.847 24.243 2.66547
2.209 31.333 23.756 2.89621
0.872 31.446 23.606 3.20684
3.040 32.044 23.330 3.01277
37.103 31.967 23.633 2.75878
4.095 29.031 23.616 2.18087
0.597 29.536 23.675 2.01256
24.715 30.089 24.049 2.50383
6.885 29.231 23.598 2.66955
5.158 30.418 24.016 3.20921
1.906 30.401 23.703 2.93863
3.146 30.158 23.693 3.01117
14.135 30.208 23.354 2.20599
8.733 30.413 23.161 2.18628
1.918 30.469 23.792 2.30112
23.972 30.478 23.209 2.71440
8.230 30.503 23.383 2.83466
7.880 30.402 23.130 3.01565
3.747 29.948 23.734 2.93845
1.094 30.822 23.519 3.20031
2.206 30.565 23.964 3.02262
0.116 31.028 23.946 3.03519
5.921 29.641 23.525 2.92142
3.726 29.217 23.466 2.96404
7.730 29.200 23.527 2.37562
5.385 29.461 23.651 3.12357
8.430 30.271 23.494 3.18518
7.093 28.642 23.695 3.43324
4.318 29.323 23.570 3.54657
2.609 29.019 23.360 3.14331
11.827 28.631 23.127 2.34481
33.068 28.621 22.985 2.71420
15.440 28.817 23.005 3.31915
1.556 28.932 23.042 2.87645
0.041 28.622 22.959 2.74318
0.024 30.449 23.198 3.08252
0.664 29.928 23.058 2.72960
0.633 30.125 23.051 2.61973
1.580 30.681 23.644 2.19051
0.720 29.196 23.212 2.74698
11.418 29.544 23.554 2.70633
9.285 30.225 23.205 3.38613
2.900 30.106 23.175 3.27805
1.620 28.610 23.423 2.45519
0.302 31.179 23.693 2.55124
3.496 30.613 22.973 2.11766
10.343 30.399 22.832 2.04783
4.683 30.136 23.099 2.04219
3.211 29.809 23.441 2.47106
15.090 30.569 23.550 2.21162
3.734 29.244 23.383 2.19455
1.348 29.169 23.259 2.65754
0.800 30.277 23.196 2.34490
31.756 30.950 23.743 2.18014
13.539 28.763 23.283 2.55267
10.413 29.446 23.624 2.43521
2.918 30.393 23.148 2.36481
1.208 30.238 23.692 2.47247
0.514 29.583 23.035 2.06170
9.562 29.728 23.126 1.87832
1.278 29.558 23.185 1.70638
3.344 29.376 22.905 1.71761
11.329 30.789 23.062 1.84600
6.337 30.204 23.171 1.99085
0.286 29.629 21.887 1.46923
0.587 30.430 22.538 1.49776
0.990 30.491 23.689 0.77557
3.412 30.147 22.718 1.07232
0.226 31.684 22.536 0.95503
0.048 32.009 23.235 0.61307
0.969 32.441 23.499 0.97760
1.231 31.979 22.974 0.94096
1.620 31.511 23.292 0.78346
5.828 31.138 22.956 1.52099
1.904 30.960 23.190 1.12636
7.528 31.638 23.588 0.75780
3.425 30.797 23.309 1.37254
28.916 28.564 19.475 2.81738
1.709 29.722 20.016 2.78719
2.516 28.500 23.242 1.15112
0.494 30.185 23.317 1.43687
15.744 30.712 23.608 2.42257
48.337 26.948 18.754 2.67050
4.684 22.775 18.783 2.16158
0.958 26.901 19.492 1.07519
0.056 30.593 21.276 0.89828
0.590 29.722 22.434 1.42308
0.543 30.707 23.498 1.29564
2.203 28.192 23.019 0.93267
4.883 30.698 23.125 0.67073
27.057 29.289 23.277 1.03676
11.153 27.930 22.805 2.47668
1.014 28.083 22.279 1.60206
0.138 31.063 22.323 0.98097
0.037 30.663 21.879 1.70237
3.012 29.954 23.404 1.01322
3.139 27.979 22.219 1.12647
3.990 30.319 23.151 0.69919
13.954 28.411 23.233 0.84513
5.377 29.753 23.044 0.51486
1.565 30.485 23.028 0.50716
1.554 30.285 23.345 0.74564
5.602 29.217 22.789 1.06823
1.530 27.904 22.110 1.25190
0.478 29.817 21.897 1.30048
0.309 30.314 22.317 1.38006
0.764 30.513 22.205 1.32562
0.192 30.847 23.467 0.89820
0.002 31.865 23.549 0.67541
0.002 32.040 23.326 0.68957
0.889 31.227 22.640 1.12019
3.110 30.179 22.232 1.39462
0.160 29.622 21.836 1.64878
13.971 28.178 19.624 2.53069
0.057 27.890 18.481 3.17095
0.082 28.941 19.090 3.84490
0.000 28.262 17.405 3.94863
0.000 27.198 17.212 3.78110
0.000 27.375 16.832 4.19249
0.006 27.296 17.211 4.30805
0.900 25.904 18.602 4.23050
0.226 26.648 18.786 3.88288
0.003 27.617 16.946 3.39360
0.000 27.817 17.511 2.51450
0.000 28.079 17.972 2.55210
0.000 28.244 18.492 2.04188
0.000 28.935 19.191 1.86095
0.000 30.042 20.316 1.45201
0.191 30.522 20.094 1.28176
1.466 31.001 20.504 1.46835
0.071 31.233 21.372 1.21710
0.124 31.491 21.936 1.00613
0.011 32.444 22.366 0.85902
0.103 32.249 22.270 1.07305
0.911 28.810 17.573 3.23424
0.228 29.028 17.970 2.29222
0.000 30.286 19.042 1.53726
0.000 31.290 20.085 1.61650
0.000 31.626 19.614 1.32712
0.017 33.059 20.719 1.15609
0.046 32.962 21.704 1.03946
0.018 32.983 22.182 1.20475
0.021 32.950 22.387 1.18526
0.000 34.118 22.497 0.91320
0.206 34.406 22.199 0.95931
0.005 34.902 22.003 0.84036
0.000 35.149 21.336 1.27066
0.029 34.091 20.643 1.54429
0.000 34.344 20.848 2.53370
0.000 30.916 18.288 4.39013
0.000 30.391 18.381 4.06912
0.000 31.872 18.848 3.43851
0.000 32.755 19.970 2.39221
0.000 33.733 21.341 1.73931
0.000 34.910 20.668 2.41164
0.000 31.718 15.999 4.40712
0.000 29.811 15.812 3.78879
0.000 29.898 15.640 3.22696
0.000 30.866 16.068 2.42596
0.000 31.791 17.223 2.67022
0.000 31.496 17.355 3.01542
0.000 32.608 17.819 2.15467
0.000 34.111 19.943 2.03639
0.000 34.763 19.586 1.70532
0.000 35.284 20.637 1.12436
0.000 35.595 20.672 1.22568
0.000 35.104 20.985 1.43603
0.000 36.162 21.183 1.32352
0.000 36.242 21.163 1.27351
0.000 36.419 22.111 1.15007
0.031 34.295 20.720 1.19818
0.070 34.216 21.027 0.90529
0.000 34.062 22.239 0.77847
0.000 34.122 19.589 1.74718
0.000 34.322 20.034 2.09471
0.000 34.215 20.145 1.54463
0.000 34.636 18.480 1.90810
0.000 35.014 18.372 1.25898
0.000 34.942 18.826 1.22792
0.000 35.341 19.048 1.35391
0.000 34.670 18.856 1.38986
0.000 35.197 19.341 1.30565
0.000 35.725 20.130 1.73534
0.000 33.747 19.100 2.50810
0.000 33.732 19.925 1.92471
0.000 34.643 20.755 1.05842
0.000 36.529 20.799 1.19551
0.000 37.160 22.005 1.06836
0.000 37.403 22.723 1.19922
0.426 37.347 23.475 1.18118
0.000 36.476 23.897 1.39810
0.000 34.720 22.938 2.18156
0.000 35.729 21.921 2.80534
0.142 36.453 22.051 2.82675
0.000 36.450 18.342 2.50844
0.000 37.489 19.418 1.73612
0.000 37.224 19.407 1.47049
0.026 36.209 20.417 1.05300
0.000 35.572 21.589 1.35841
0.000 36.498 21.083 1.63535
0.000 36.077 21.533 1.93202
0.000 37.149 22.889 0.77579
0.000 36.074 18.700 2.94468
0.000 33.686 18.689 2.76172
0.000 34.350 19.044 1.90509
0.000 35.830 21.393 2.22382
0.000 36.365 17.509 4.49103
0.000 33.316 17.865 3.42148
0.000 34.389 18.553 1.89626
0.000 36.505 21.314 1.71574
0.000 37.078 22.621 1.93475
0.000 37.643 23.021 1.75621
0.000 37.841 23.205 1.56306
0.000 37.747 22.739 1.67272
0.000 35.508 19.120 2.58359
0.000 31.099 19.251 2.50485
0.000 30.586 18.249 2.33193
0.000 35.526 18.648 1.19361
0.000 34.842 22.874 1.08213
0.000 33.383 23.090 0.75528
0.373 34.110 22.984 0.87008
6.687 34.253 23.051 1.44407
0.000 35.474 22.208 1.80116
0.000 37.382 22.131 2.01798
0.000 37.862 22.049 2.58945
0.000 37.510 22.352 3.23365
0.000 38.325 22.726 2.67713
0.000 38.486 22.767 2.65344
0.000 39.034 22.870 2.77258
0.000 39.186 23.924 2.78094
0.000 40.069 24.591 2.49227
0.000 38.382 25.336 1.49364
0.000 37.695 24.651 2.24857
0.000 39.362 24.571 1.27255
0.000 39.265 25.622 2.09362
0.000 38.876 23.929 2.40645
0.000 39.116 25.155 1.76991
6.110 37.265 26.010 1.68158
7.299 32.622 24.902 1.63391
0.241 35.437 25.164 1.43769
0.000 36.664 25.550 1.63490
0.045 35.869 25.608 1.73922
0.000 37.088 25.976 1.59941
0.000 37.453 25.499 2.29134
0.000 38.453 24.440 2.89803
0.000 39.308 22.869 3.52555
0.000 39.655 21.957 3.38841
0.000 39.595 22.940 3.20036
0.000 40.483 22.199 3.06951
0.000 40.986 23.796 2.48563
0.000 39.618 24.452 2.35325
0.000 40.657 24.444 2.78207
0.000 40.400 25.099 2.32571
0.000 40.911 25.453 1.90064
0.000 41.105 26.455 2.10925
0.000 40.656 26.115 2.45809
0.000 41.082 25.424 3.06027
0.000 41.668 24.215 2.84610
1.415 41.331 24.457 2.72236
0.000 39.955 25.711 1.22919
0.000 40.607 27.230 1.97011
0.000 40.476 27.504 1.96170
0.000 38.113 26.952 2.13656
8.221 37.751 25.888 1.59987
0.000 38.850 26.868 1.18611
5.986 38.331 26.593 1.82115
0.000 39.531 27.879 2.32123
0.611 38.970 27.439 1.87192
2.349 38.356 27.068 2.47198
5.822 34.796 26.510 0.96903
15.972 35.765 26.620 1.83984
1.305 36.097 25.391 1.78067
26.790 35.645 25.485 1.00866
0.000 38.013 25.452 1.86528
2.115 39.225 26.060 1.50749
2.351 39.340 26.598 1.93132
4.869 38.254 26.499 1.90446
0.051 40.337 27.720 1.65232
0.050 40.201 27.551 2.06042
0.000 41.640 25.704 2.88037
0.000 42.431 25.562 2.82314
0.000 42.616 25.110 3.07106
0.000 43.026 25.970 2.31517
0.008 42.955 27.951 1.81220
7.889 42.227 29.065 1.44633
3.106 38.315 24.973 2.58385
0.024 35.641 25.754 1.27977
0.093 34.065 24.934 1.24782
1.255 35.605 25.229 1.31650
2.534 32.508 24.180 2.01578
0.000 36.521 23.974 2.09278
0.000 38.264 24.432 2.36352
0.000 39.492 26.077 2.10062
0.000 38.330 25.278 2.35372
0.000 38.999 25.731 2.41741
0.000 39.160 25.395 2.76761
0.000 38.657 24.671 2.64616
0.000 40.201 23.464 2.99497
0.000 39.835 24.665 2.82992
0.000 40.102 25.487 2.82064
0.537 40.390 26.404 2.61015
0.050 39.028 26.442 2.11339
37.419 39.097 26.655 1.52063
0.106 38.246 27.156 1.26596
1.580 36.241 26.130 1.91008
0.049 38.391 27.081 1.12553
0.029 40.211 27.313 1.82216
0.312 35.389 25.891 1.63267
0.154 35.704 26.380 1.74302
4.424 35.670 25.821 0.96951
6.780 37.358 26.058 1.25618
20.984 35.831 25.071 1.19740
0.000 37.100 25.959 1.77031
6.802 37.171 25.645 2.59739
8.272 37.616 26.168 2.35823
1.994 33.124 25.463 1.69112
0.321 33.581 25.414 1.68653
0.555 35.403 25.178 2.41619
3.633 36.353 25.471 2.71116
0.026 36.960 26.396 2.47567
0.000 34.664 26.335 2.45849
0.001 35.351 26.130 2.77413
6.016 33.841 26.236 2.14203
15.219 31.709 25.556 1.21525
6.724 31.630 24.502 1.94854
2.079 33.132 25.392 2.17605
6.394 32.856 25.404 2.65967
7.439 31.688 25.137 2.88026
0.132 31.513 24.498 2.64305
3.229 31.268 24.559 2.85585
0.278 33.497 25.400 2.89424
0.000 31.965 25.191 2.57358
0.111 33.716 24.915 2.61949
0.029 33.655 25.282 2.53520
9.921 33.109 25.453 2.29913
2.653 30.879 23.913 2.32700
0.031 32.215 24.592 2.15177
7.069 31.778 24.572 2.68793
1.651 31.560 24.641 2.47907
3.046 32.583 24.339 2.74161
0.031 33.147 24.241 2.69127
0.155 34.234 24.318 2.40178
24.384 33.318 24.694 2.31473
3.373 33.591 24.497 1.84565
0.069 36.157 24.439 2.27990
0.000 35.195 25.731 3.13110
0.469 33.242 25.616 2.95188
3.821 33.528 24.808 2.69063
0.000 33.585 25.007 2.69098
4.437 33.214 24.970 2.14271
1.151 31.529 24.683 2.28793
4.424 33.378 24.788 2.25856
12.246 32.850 24.626 2.53753
13.701 32.186 24.769 2.22639
1.345 33.430 24.988 2.16205
17.471 31.800 24.655 2.02808
3.675 32.748 24.635 1.65805
0.120 32.291 24.405 1.70311
15.433 30.062 24.147 1.61934
0.790 29.829 24.618 2.11830
3.656 30.117 23.922 2.34252
1.025 28.205 23.723 2.49737
17.821 29.473 23.262 2.05695
7.356 29.671 22.989 2.11033
3.679 30.447 22.988 1.69350
0.990 30.409 23.347 2.02137
7.925 28.754 23.837 2.21740
1.615 29.851 23.394 2.05873
3.854 30.086 23.909 2.38570
0.064 29.841 23.659 2.13996
1.377 31.438 23.291 2.25022
1.009 32.157 23.242 2.37844
47.491 30.700 23.919 2.02310
3.110 28.788 23.063 1.95206
4.808 30.902 24.092 1.52353
0.000 30.869 23.381 1.54134
0.174 31.369 23.938 1.78505
0.000 31.964 23.455 1.89301
0.000 33.633 24.397 2.11998
0.336 32.580 24.024 2.00802
0.000 32.105 24.665 2.25916
2.006 30.822 24.002 2.12595
0.131 31.070 23.805 2.62180
0.089 31.092 24.307 2.75482
4.131 30.066 24.337 2.41158
4.205 30.455 24.459 2.00527
0.609 30.459 24.311 1.48293
5.174 30.817 23.619 1.70644
9.397 31.905 24.152 0.72452
1.936 31.307 24.497 1.82276
4.816 30.921 24.068 2.05373
1.757 30.095 22.960 2.10396
8.540 31.642 23.724 2.20371
4.370 31.328 23.694 2.26165
6.568 31.334 23.323 2.10361
0.268 31.358 23.570 1.91532
0.674 30.989 24.162 1.95029
60.643 30.019 23.637 2.47657
10.422 29.374 23.497 2.35836
11.298 30.309 23.743 2.12287
5.675 28.757 23.916 2.13571
0.759 28.867 23.232 2.68354
14.964 29.304 23.167 2.21990
0.955 29.756 22.956 1.61131
0.634 30.482 22.896 1.44526
0.946 31.303 23.847 1.23139
5.219 31.177 24.074 0.77381
23.096 31.048 23.987 0.73153
21.992 30.956 23.764 0.71231
3.270 31.200 24.219 1.06509
11.685 30.117 24.310 1.79781
12.353 29.016 23.776 1.43899
9.334 28.801 23.077 1.33383
11.624 30.577 23.775 1.18203
0.027 30.353 23.242 1.07464
0.007 30.753 23.550 1.44887
0.086 31.272 23.812 1.92374
3.912 31.409 23.936 2.02012
3.231 31.011 24.524 2.07837
0.120 29.997 24.191 1.88434
2.034 31.476 24.484 1.25889
1.528 30.141 24.117 1.46276
10.467 29.231 23.276 1.39465
0.000 29.446 23.482 1.11897
7.585 30.443 23.433 0.81748
1.221 30.755 23.713 1.80119
2.419 29.206 23.407 2.12737
5.215 30.433 23.655 2.16897
4.411 29.709 23.338 1.59048
0.934 30.181 23.211 1.86370
1.839 30.827 23.778 1.96038
51.531 28.354 24.023 2.10657
0.369 28.892 21.575 1.35764
0.271 31.011 22.494 1.50053
0.376 31.381 23.350 1.59201
10.080 31.055 24.246 2.11944
0.000 30.720 24.055 2.05770
5.411 29.958 23.997 0.66187
26.281 31.328 23.521 0.70006
52.385 28.994 23.126 1.27522
2.971 30.400 23.346 1.46737
0.000 29.710 21.906 1.86677
0.054 29.508 22.083 1.62693
0.695 30.096 23.070 1.21197
6.148 28.209 23.958 1.29450
18.440 29.034 23.771 1.64456
1.583 30.094 24.018 1.39902
12.650 29.972 23.083 1.90917
0.700 29.941 22.606 2.74473
0.517 29.878 22.386 3.16087
1.696 29.551 22.654 2.39089
0.002 28.360 20.688 1.46109
3.373 29.866 19.968 1.59191
0.000 29.036 21.318 2.23586
0.017 29.514 20.334 2.48099
5.954 30.070 20.085 2.00106
0.036 30.750 21.712 1.55570
37.524 29.565 22.890 1.49685
9.929 29.024 23.525 1.66367
6.837 30.037 23.586 1.26816
0.826 28.873 22.712 1.65116
2.215 30.181 23.136 1.15236
23.226 29.677 23.432 1.36955
9.782 30.229 23.005 1.19296
4.572 30.339 23.114 1.44466
0.000 30.231 23.206 1.24564
0.000 31.377 23.618 1.17940
0.000 31.477 23.738 1.81538
10.025 29.617 22.840 1.45465
1.280 27.315 21.911 1.42129
0.000 27.936 21.345 2.12083
1.039 29.357 20.503 3.42879
0.640 28.090 20.341 3.61099
0.018 28.593 19.818 3.03427
0.075 28.448 19.681 2.97283
0.000 28.849 18.672 2.15415
0.000 29.799 18.671 1.43662
0.000 29.873 18.974 1.61283
0.000 29.077 19.363 2.07879
0.000 29.980 20.816 1.15844
0.000 30.442 22.629 1.21242
0.555 29.316 21.506 1.21598
0.000 31.076 21.216 1.45528
0.000 30.819 22.197 1.72269
0.261 29.149 22.218 2.17028
0.000 26.860 20.237 2.92396
0.000 28.818 20.084 2.85023
0.000 29.220 19.851 3.33017
0.000 28.141 19.880 3.48776
0.265 29.394 19.583 3.03568
0.000 29.838 20.148 2.26137
0.000 30.415 19.721 2.54453
0.005 30.088 18.341 2.90811
0.000 29.418 16.532 3.11197
0.287 29.288 16.346 2.65441
9.452 29.370 17.040 2.35922
2.246 30.435 20.236 2.63863
9.499 30.933 21.444 2.82167
0.000 31.211 21.207 2.01231
11.138 32.317 21.490 1.69727
0.000 31.962 21.920 1.44875
1.300 32.725 21.786 3.12949
30.951 30.253 19.408 3.88027
3.843 24.937 18.865 4.53502
0.009 24.786 18.142 4.20030
0.000 27.782 17.980 3.11794
0.000 28.471 17.742 2.66583
3.053 26.379 18.288 2.23558
13.631 30.182 19.270 2.72238
0.000 25.160 20.099 1.52464
0.000 27.889 21.670 1.89763
0.003 28.560 22.229 1.15202
0.000 30.447 22.302 0.63910
0.000 31.469 22.323 0.66312
0.304 31.076 22.775 0.95513
2.025 32.240 19.417 2.41947
0.000 30.590 19.650 2.88091
0.000 31.124 20.234 3.26083
0.001 30.362 19.619 2.89738
0.000 30.481 16.769 4.14055
0.000 28.875 15.390 3.80266
0.550 28.294 14.692 4.53358
0.441 27.650 14.988 4.72393
0.000 27.494 14.560 5.28698
0.085 27.178 13.953 4.54228
0.009 26.746 14.182 4.48783
0.016 26.701 14.014 5.16145
0.012 22.982 13.674 4.86555
0.012 24.652 13.959 3.23006
0.000 28.305 15.680 2.24900
0.000 30.048 17.696 1.97315
0.000 31.029 17.673 2.26052
0.000 31.358 18.057 2.21172
0.000 31.651 18.933 2.08172
0.000 32.220 20.180 1.72382
0.000 32.994 19.993 2.24025
0.000 31.628 18.985 2.25960
0.000 32.042 18.820 2.18955
0.000 31.699 19.199 2.34211
0.000 31.632 18.128 2.74145
0.000 32.437 18.414 3.31738
0.000 31.235 17.711 3.24196
0.000 31.399 18.207 2.60003
0.000 32.511 19.037 2.77996
0.000 30.280 19.896 2.76874
0.000 31.011 17.839 3.67198
0.000 30.498 15.080 3.31953
0.000 30.345 14.440 3.04663
0.000 29.672 13.728 2.52887
0.331 30.120 14.955 2.90545
0.000 29.945 15.961 3.18723
0.000 29.924 16.491 1.76422
0.000 30.802 18.110 2.19799
0.000 29.847 18.470 3.10727
0.000 27.277 16.154 3.16753
0.279 27.356 14.122 4.38168
0.000 29.965 14.404 3.07683
0.001 29.204 17.391 3.60691
0.000 28.753 14.811 4.95663
0.000 30.434 15.190 3.92092
0.000 31.055 15.766 3.31332
0.000 32.419 16.645 2.37093
0.000 34.253 19.121 2.89971
0.000 33.574 18.901 3.57356
0.148 33.026 19.216 3.23471
0.000 34.447 19.718 1.90002
0.000 35.914 21.671 1.92039
0.008 36.414 23.458 1.35606
0.000 33.654 23.758 1.44080
0.000 35.683 23.712 1.36795
0.371 36.343 23.658 1.17571
0.000 36.395 24.257 1.84476
0.000 35.775 23.602 1.87763
0.100 33.506 22.073 1.92258
0.000 35.668 21.875 1.31754
0.000 36.842 23.086 1.06265
0.519 37.571 19.971 3.09535
0.000 32.067 16.394 5.17020
0.000 30.564 14.804 4.41348
0.000 30.313 15.410 2.94536
0.000 32.825 16.580 2.45967
0.154 32.863 18.381 3.20676
0.000 33.440 17.525 3.43742
0.000 33.409 18.262 2.61793
0.000 35.475 20.126 1.32432
0.000 35.486 21.617 3.15477
0.000 34.827 21.344 3.30638
0.000 35.165 21.715 2.69025
0.000 35.186 21.842 2.20965
0.000 36.107 19.913 3.03128
0.000 35.270 19.960 2.58657
0.000 36.521 20.490 1.61258
0.000 38.105 22.521 1.51176
0.000 34.690 20.570 2.81199
0.000 34.373 19.151 3.84245
0.000 33.202 18.756 3.59634
0.000 34.922 19.541 2.00997
0.000 36.394 21.071 1.39248
0.000 37.428 21.908 1.19020
0.000 38.284 23.727 1.42488
0.000 38.498 24.788 1.39957
0.000 39.167 23.978 2.57970
0.000 37.695 22.504 2.89850
0.000 36.597 23.214 1.76387
0.000 38.003 25.249 1.42552
0.888 37.017 25.406 1.18224
0.000 36.198 24.603 1.69923
6.312 36.876 24.457 1.69075
0.000 38.960 24.152 2.43884
0.000 38.719 22.942 2.24481
0.000 39.590 22.412 2.96228
0.000 39.458 23.146 3.05895
0.000 40.754 24.151 2.66918
0.000 41.004 25.318 1.95052
0.000 37.220 25.202 2.35215
0.000 36.711 24.511 2.27253
2.370 37.831 25.644 2.30047
0.281 35.947 24.495 1.61888
0.000 37.307 24.872 2.18369
0.000 38.660 23.974 3.34996
0.000 38.647 23.924 3.42048
0.000 39.870 23.852 3.17443
0.033 40.277 24.450 2.96478
0.239 37.373 25.721 2.35499
17.220 31.456 22.037 1.88039
0.091 33.301 22.253 2.24241
11.711 33.826 23.555 1.40452
0.616 32.485 23.412 1.48745
0.956 35.984 24.827 1.89019
24.586 32.550 24.618 1.48307
29.449 30.975 24.287 0.91797
0.050 31.275 21.317 1.55775
0.000 32.673 21.847 2.09852
0.000 31.199 23.434 1.46758
0.009 34.941 24.527 1.39277
0.331 37.568 24.236 1.51628
0.000 36.892 24.570 1.79319
0.638 36.203 24.480 1.07419
1.511 33.142 23.700 1.53986
1.216 32.784 24.050 1.22045
2.644 33.081 24.743 1.35345
2.403 34.050 24.344 1.12421
0.010 35.542 25.230 1.21992
30.505 33.841 24.547 1.31038
1.516 31.719 24.836 0.56066
6.322 31.483 23.990 1.41450
3.290 28.736 23.244 1.80549
12.006 30.848 22.844 1.94626
9.129 33.476 23.832 1.49098
0.650 30.985 23.909 1.06414
0.443 31.908 24.427 1.57266
10.176 30.941 24.108 1.39340
0.000 33.198 24.265 0.71924
7.511 32.980 24.661 1.05526
2.170 31.087 24.183 0.98978
14.446 31.464 23.851 1.63730
7.724 30.184 23.190 1.93491
6.238 32.602 23.353 2.34609
0.000 33.879 23.119 2.26855
18.729 34.556 24.807 1.31563
6.925 28.389 22.655 1.77342
2.330 27.221 19.948 2.82423
2.299 30.601 20.608 2.40722
0.067 28.870 21.547 1.53964
5.119 31.076 23.006 0.98314
0.186 30.468 23.337 1.30518
16.307 29.271 22.717 1.14855
10.112 30.780 23.890 1.10969
2.945 29.161 22.566 1.59014
4.480 30.805 23.507 1.59629
3.470 29.684 23.182 1.94515
3.131 30.146 23.131 2.05594
10.007 30.444 23.261 1.55352
4.145 29.429 21.757 1.70512
24.400 29.412 22.182 0.99855
12.862 29.722 23.483 1.13147
4.467 28.914 23.198 1.28076
2.005 29.720 23.089 1.03999
2.480 30.085 23.092 1.27300
6.604 30.237 23.279 1.19536
12.176 30.436 23.809 1.46936
14.995 29.670 23.508 1.41456
3.490 30.693 23.423 1.32419
1.194 30.078 23.476 1.82726
4.754 28.714 23.071 2.51076
0.875 30.616 23.494 2.03996
1.624 29.218 23.278 1.91612
1.135 30.144 23.419 2.21810
3.628 29.661 23.614 2.07791
15.339 28.639 22.834 1.89046
8.410 28.531 22.924 1.62711
4.559 30.709 23.480 1.84685
3.128 30.023 23.463 2.46906
8.970 29.987 23.925 2.56820
4.980 29.965 23.622 2.69711
3.477 30.003 23.636 2.79835
0.031 29.975 23.402 2.78076
11.995 30.160 23.683 2.75078
9.323 28.410 23.518 2.26025
21.229 28.800 23.126 2.33380
1.409 29.931 22.019 3.09541
0.587 30.079 22.991 2.98748
1.116 28.834 23.257 2.62574
35.819 28.095 23.040 1.89499
13.899 28.714 23.514 1.80071
9.740 28.304 22.869 2.09449
1.926 29.750 23.511 2.11172
11.440 30.233 24.327 1.87782
3.160 28.441 23.289 1.84969
7.011 28.638 23.498 1.70286
30.632 27.981 22.849 1.99090
2.891 28.420 23.229 1.92118
1.729 29.615 22.959 2.45836
6.680 28.375 23.192 2.44357
3.658 29.365 23.066 2.39943
0.000 29.411 22.860 2.54226
0.000 29.296 22.497 2.61058
1.171 29.648 23.365 2.54694
3.830 28.833 23.051 2.18965
0.000 28.801 23.231 1.82675
10.989 26.698 22.698 1.38945
9.881 28.501 23.074 1.59695
6.742 30.403 23.094 1.20747
15.552 31.128 24.109 1.80784
3.866 29.820 23.672 2.23930
0.377 29.207 23.529 2.31716
4.053 29.353 23.305 2.27148
16.141 28.660 23.253 1.82438
2.944 28.127 23.205 1.51924
4.625 27.722 22.973 1.79230
6.889 27.766 22.297 1.91064
0.373 30.392 22.642 1.79788
0.529 30.702 23.173 2.34532
0.444 29.426 23.486 2.62345
41.885 30.103 23.289 2.85289
0.666 30.351 23.164 2.74637
4.438 30.107 22.724 3.02723
0.000 29.105 23.036 2.73154
0.128 29.409 23.737 2.17989
27.891 29.371 23.140 2.19383
0.655 29.636 23.590 2.47616
0.000 29.687 23.847 2.22676
5.393 28.670 23.563 1.85343
9.329 29.163 23.324 2.17921
0.072 29.876 23.505 2.39208
0.000 29.165 23.388 2.63046
15.550 28.035 23.530 2.35957
5.560 29.695 23.299 2.93495
15.309 28.256 23.376 3.30746
14.999 27.739 23.271 3.89845
5.921 28.111 23.237 3.36103
3.623 29.536 23.195 3.05659
5.759 30.094 23.721 2.82573
13.629 30.165 23.472 2.95810
9.423 28.622 22.969 2.75748
6.815 28.374 23.170 3.24651
1.519 28.675 22.845 3.21425
20.821 27.575 22.485 3.25005
1.575 27.696 22.895 3.71833
10.901 27.781 22.511 3.48235
0.535 29.143 22.383 3.79473
0.960 28.422 21.729 3.56199
0.284 28.844 22.647 3.18302
0.006 30.414 23.327 3.15260
4.845 28.884 23.479 2.53248
4.191 28.595 23.072 2.46481
0.201 30.184 22.777 3.09942
0.643 29.414 22.362 2.69041
4.108 30.275 22.632 2.72825
3.256 30.055 22.541 2.18126
0.276 29.968 22.621 1.87330
0.089 28.657 22.457 1.62549
21.723 28.876 22.668 1.41720
0.389 29.482 22.648 1.68384
2.220 29.244 23.117 1.16905
0.000 30.827 23.273 1.00464
0.001 30.842 23.625 1.60826
3.362 30.485 23.749 1.69792
5.981 29.612 23.759 1.45323
3.040 28.567 23.134 1.86667
1.343 28.785 22.938 1.38607
0.541 28.627 23.355 1.59292
0.573 28.564 22.879 1.12070
5.766 28.516 23.212 1.41365
4.609 28.659 22.234 1.96749
0.000 28.810 22.366 1.48208
3.739 29.738 22.480 1.75687
1.180 29.120 22.690 1.27175
0.456 29.964 22.307 1.28482
0.000 30.987 22.994 1.25259
10.575 31.022 22.797 1.19767
3.642 30.029 23.309 1.18448
0.923 28.869 22.382 1.37241
49.075 29.150 23.133 1.63128
0.086 29.188 22.478 1.92496
6.091 28.891 22.766 1.96003
8.904 28.413 22.517 1.71802
4.648 28.844 22.703 1.83879
0.798 28.885 22.683 1.93144
0.000 27.069 22.088 2.19049
0.144 30.336 23.481 2.39285
3.149 28.838 23.154 2.52484
0.160 28.765 23.362 2.40485
1.429 29.297 23.108 2.52758
0.319 29.153 22.862 2.12896
0.890 29.825 23.096 1.94769
22.107 28.315 22.800 1.42684
0.790 29.216 22.609 1.33867
1.123 29.923 23.412 1.34186
9.283 29.982 23.652 1.13074
20.146 26.841 23.154 1.76679
3.954 28.003 22.744 1.29180
7.534 28.443 22.840 1.41134
8.875 29.212 22.948 0.74025
22.423 28.406 21.747 1.42401
1.508 29.176 22.167 1.61762
28.619 27.995 21.904 1.31288
1.629 28.994 22.720 1.63658
0.299 27.905 21.997 1.34680
17.896 28.343 21.714 1.32905
0.000 29.373 22.210 0.99766
0.000 29.843 22.466 1.54240
0.007 30.160 22.341 1.59696
0.000 30.063 22.006 1.28657
1.601 31.030 23.015 0.91021
1.199 31.880 23.563 0.95209
10.703 28.364 22.430 1.05281
1.306 29.865 22.898 0.96988
5.303 29.715 23.092 1.47882
5.605 29.908 22.581 2.17468
23.352 29.113 22.144 1.25333
23.622 29.850 21.883 1.39472
11.675 29.337 22.178 2.00471
0.000 28.757 19.334 3.25097
5.840 27.984 17.631 3.37387
8.615 26.795 18.043 2.78696
0.028 23.785 17.780 2.12024
0.000 28.617 18.765 1.21174
0.000 29.640 22.060 2.12938
0.226 29.413 21.189 3.57494
3.786 28.006 21.569 3.51126
1.606 26.669 22.937 3.36037
0.042 28.602 21.951 2.02736
0.000 29.168 22.388 1.34374
11.009 28.486 22.659 0.99841
0.399 29.363 22.542 0.87453
1.553 29.088 22.309 0.91092
1.749 28.617 22.691 1.46930
32.288 29.346 18.512 3.24043
19.162 26.130 16.827 4.36362
1.307 23.484 16.987 3.64017
2.850 25.682 17.899 3.75277
10.154 25.165 19.019 3.56985
0.921 26.032 19.252 2.23340
0.000 29.607 20.749 0.77563
0.069 29.384 22.481 0.66990
4.775 28.695 22.559 1.03828
1.721 28.821 22.243 1.15109
0.000 29.285 22.632 1.02795
6.063 29.737 23.438 0.82777
4.410 29.220 21.820 0.66570
0.004 29.106 21.154 2.17361
0.000 28.719 19.055 2.54891
0.000 27.399 18.907 2.89277
0.000 26.763 17.811 3.41528
0.000 26.522 17.337 2.94098
0.002 26.015 16.373 2.83453
0.361 25.724 15.908 2.81358
0.000 26.074 16.330 2.54466
0.010 26.854 17.572 2.13447
0.000 27.535 20.843 2.09485
0.601 29.019 19.776 2.13867
0.000 29.012 19.388 1.64536
0.000 29.257 19.933 1.69648
0.000 29.264 20.207 2.13792
0.000 28.138 17.729 3.42009
0.000 24.913 14.701 3.95388
0.000 25.311 14.447 3.70919
0.000 25.581 14.549 3.79679
0.000 25.592 14.877 3.93961
0.078 26.542 16.514 3.69961
0.870 24.738 17.456 3.49600
0.186 24.962 15.495 4.00392
0.166 22.500 13.467 3.65689
0.235 24.697 13.758 3.77501
0.000 25.711 13.681 3.86826
0.000 24.404 13.092 3.57454
0.140 25.083 13.664 2.75822
0.435 26.026 16.670 2.65087
0.296 26.464 17.418 2.81770
0.030 28.206 18.290 3.13633
0.000 28.143 15.574 3.74145
0.000 26.806 15.843 3.29608
0.000 27.390 16.315 2.78546
0.000 27.693 16.567 3.51813
0.000 26.445 14.068 4.11437
0.000 25.512 13.485 4.13984
0.000 25.343 11.642 4.35737
0.000 25.387 10.361 5.01037
0.000 21.676 6.886 4.83721
0.000 21.006 6.340 3.95669
0.000 20.250 6.503 3.66334
0.000 21.561 7.170 3.19838
0.000 22.478 8.395 2.79246
0.000 24.442 9.815 2.40039
0.000 26.925 12.234 2.60082
0.000 28.374 15.676 1.93476
0.000 30.844 18.016 2.32026
0.000 31.661 17.679 2.17081
0.000 31.511 18.349 2.42604
0.000 30.718 18.646 2.59450
0.000 31.322 19.316 1.61609
0.000 31.531 19.602 1.28699
0.000 33.538 20.111 1.36975
0.000 33.254 19.593 0.74669
0.000 32.938 20.569 0.89209
2.951 31.497 21.187 0.98861
0.165 32.767 21.696 0.67690
0.000 33.899 21.455 0.72470
0.000 33.793 21.294 0.91172
0.000 34.201 22.220 0.98749
1.551 33.055 21.653 1.14181
0.000 34.488 19.508 1.09370
0.000 34.495 17.976 1.14138
0.000 34.753 18.589 1.09590
0.000 33.958 20.018 1.10416
3.866 29.874 16.540 2.51624
0.000 22.610 14.524 3.32143
0.000 27.686 14.729 2.69208
0.000 29.192 17.165 2.36828
0.000 30.998 16.927 2.11642
0.000 32.293 17.617 1.78573
0.000 32.919 19.226 2.38350
0.000 32.189 16.683 3.81023
0.000 29.029 13.263 4.91783
0.009 28.094 12.383 4.67219
3.151 29.013 12.836 3.35300
0.516 30.292 14.446 3.53976
0.000 30.344 14.835 4.15390
0.000 29.946 11.651 4.70568
0.000 27.899 11.867 4.07351
0.000 29.017 12.545 2.66159
0.000 30.194 13.048 2.27550
0.000 32.331 14.769 2.12566
0.000 33.096 16.650 2.79757
0.019 32.917 15.210 2.85521
0.000 32.174 14.729 2.77701
0.000 32.222 15.232 2.41498
0.000 32.346 16.224 1.36274
0.000 34.110 17.310 1.27437
0.000 35.095 18.607 0.78482
0.000 35.886 19.768 1.02579
0.000 36.423 20.960 0.94573
0.010 37.097 22.702 0.92759
0.070 32.977 22.960 1.34568
0.049 34.978 22.244 1.30913
0.000 35.777 22.939 1.48453
0.000 34.793 23.263 1.89302
0.015 33.076 22.708 1.96919
0.614 33.126 23.139 1.85702
0.243 34.429 23.502 1.47012
0.000 34.802 23.817 1.74468
0.014 33.587 23.884 1.66321
3.891 32.640 23.985 1.23166
23.437 27.801 16.193 3.09477
0.086 28.175 14.349 4.36959
0.000 31.585 15.046 2.54788
0.044 34.363 17.798 2.38094
0.126 27.946 17.108 3.39382
0.060 28.541 16.943 3.61663
0.000 31.826 17.691 2.32531
0.000 33.929 20.529 1.56903
0.000 33.845 22.693 1.23675
0.000 36.795 22.434 1.47380
0.000 37.610 22.740 1.61027
0.000 37.787 23.512 1.81118
0.000 37.591 24.085 2.26779
0.000 34.775 23.895 1.89665
0.000 35.504 22.186 2.38177
0.000 37.181 21.848 2.85980
0.000 37.728 20.504 2.35960
0.000 37.954 20.704 1.65526
0.745 38.437 22.093 1.52391
0.000 37.158 22.580 2.30870
0.000 38.327 22.502 2.30561
0.000 39.015 23.991 2.16859
0.000 37.557 24.481 2.37143
0.000 36.971 24.745 1.59809
1.639 36.833 24.663 1.20544
0.000 36.905 25.275 1.70294
0.000 37.798 25.559 1.32664
5.484 37.428 25.020 1.28735
0.000 36.464 23.314 3.40855
0.000 35.132 21.861 3.65938
0.179 35.448 21.652 3.99124
0.000 34.646 22.489 2.28196
0.085 38.006 23.234 1.69167
0.000 38.293 24.759 2.02888
0.380 38.376 24.907 2.29059
0.584 35.744 24.471 2.97077
0.000 35.776 24.356 2.86129
0.000 39.198 24.878 3.02501
0.002 39.219 25.631 2.61699
0.000 38.511 25.403 2.54022
7.984 36.174 24.350 2.17711
0.000 31.292 25.070 1.10922
0.475 35.277 24.162 1.60743
1.235 36.638 25.306 0.98073
0.000 36.502 25.517 1.56046
31.146 27.914 23.503 2.24024
3.941 30.956 23.548 1.99764
8.776 28.203 23.081 1.81435
0.490 28.927 22.608 1.25203
0.858 31.674 23.350 1.45955
0.275 30.228 20.121 1.81915
10.902 31.735 20.888 2.63369
0.334 31.437 21.832 1.28338
2.164 33.539 24.096 0.69663
1.199 31.235 23.786 1.15413
1.803 30.000 24.094 1.07019
38.331 31.148 23.755 1.06977
53.471 29.016 23.067 0.99164
4.800 31.611 23.076 1.64627
4.247 30.837 23.531 1.70665
0.000 31.823 23.892 1.94959
0.890 30.940 23.462 1.92027
2.521 31.916 23.817 1.70462
1.441 30.055 23.796 1.32106
0.000 30.436 23.554 1.33481
0.106 30.957 23.580 0.86460
18.776 31.408 23.780 1.31415
1.840 30.833 23.346 1.11118
1.730 31.595 23.448 1.01858
7.592 30.662 23.202 1.03491
0.424 30.466 21.959 1.00897
0.002 31.826 22.995 0.97380
6.704 31.208 23.915 1.60089
2.329 31.454 23.825 1.69203
0.215 31.136 23.726 1.99123
1.735 31.317 24.650 2.07517
9.029 30.635 23.916 1.91127
26.270 29.586 24.188 1.72369
22.356 29.645 23.643 1.54752
5.064 28.902 23.543 2.50730
10.479 27.497 23.967 2.27587
1.349 30.492 23.832 2.80470
0.857 31.382 24.429 2.41213
0.827 30.208 24.533 2.35004
8.794 29.152 24.512 2.13303
2.866 29.624 23.357 2.42510
22.201 28.991 23.784 1.68735
7.890 28.957 23.222 1.52220
4.680 30.132 23.493 1.65389
7.428 30.349 23.191 2.43207
1.074 30.951 24.026 2.42039
0.264 29.307 23.796 2.35703
0.111 29.475 23.493 1.93153
0.000 30.303 23.877 1.50178
0.756 30.946 24.123 1.39592
22.319 29.406 23.729 1.45667
10.312 29.729 23.379 1.99726
21.118 29.408 23.678 1.78786
4.991 28.537 23.374 1.55123
0.464 30.044 23.357 2.13072
9.648 29.894 22.877 1.67709
1.340 30.246 22.807 1.28020
5.308 29.843 23.162 1.66578
0.065 30.722 23.258 2.11173
7.805 30.158 23.707 2.35412
6.056 29.083 23.286 2.73232
4.230 29.254 23.010 2.51692
0.000 28.904 23.208 2.59603
0.582 30.457 23.128 2.96090
2.937 28.746 23.666 2.34305
31.161 28.766 23.668 2.45785
38.663 29.275 23.637 2.25593
16.431 30.162 23.545 2.50415
4.044 27.995 23.149 2.15879
20.942 29.727 23.219 1.74610
14.640 29.220 23.342 1.81925
0.195 28.660 23.051 1.85512
2.688 29.665 23.399 2.05136
14.271 28.972 23.270 1.69804
1.745 27.986 22.583 2.35539
6.402 27.743 23.086 2.22496
3.173 28.281 23.215 2.19054
7.609 27.630 22.289 2.11277
22.234 28.812 22.202 2.12462
6.580 29.816 23.097 1.61307
0.930 29.314 22.946 1.20443
8.006 30.386 23.241 0.74875
18.743 29.688 23.002 1.25841
3.860 28.397 23.511 1.09313
8.976 29.810 23.465 0.96009
4.620 30.769 23.670 1.22545
41.527 29.684 23.674 1.82746
0.839 27.510 22.706 2.16798
0.249 29.182 23.534 2.86114
0.394 28.362 22.846 3.15683
3.733 28.969 23.176 3.20492
9.299 26.812 23.169 3.28204
27.273 27.644 22.042 3.82187
7.144 26.563 22.073 3.18096
0.015 29.662 21.346 3.34084
0.120 30.118 22.130 3.09360
0.946 28.866 23.782 2.55807
9.628 28.654 22.933 3.20453
2.365 27.468 21.954 3.02498
0.550 27.397 22.429 2.36937
5.969 29.143 23.072 2.61313
3.380 28.382 22.869 2.50178
3.336 27.915 22.928 1.99580
3.856 29.597 22.742 2.16588
1.814 29.746 23.322 1.95837
18.684 28.803 23.276 1.89057
10.753 28.418 22.451 2.07739
1.727 28.759 22.942 2.44277
1.122 29.367 23.076 2.57825
22.968 29.004 23.604 2.38722
0.021 28.298 22.811 2.16096
0.242 29.267 23.084 1.80156
1.539 29.284 23.472 1.92795
0.677 28.150 22.541 2.20181
0.544 29.910 23.641 2.53842
3.814 28.699 23.269 2.53711
0.162 29.678 23.020 2.58024
2.121 28.932 22.844 2.19482
11.589 29.138 23.226 1.83942
15.185 28.241 23.125 1.16520
9.715 27.575 22.580 1.81885
0.348 29.187 22.555 1.21364
1.954 29.930 22.799 1.18290
0.000 30.659 22.622 1.86838
16.319 31.502 22.804 2.35930
1.865 30.141 23.256 2.36397
2.906 29.003 22.693 2.53751
0.000 30.228 22.835 2.70912
1.749 30.193 23.543 2.52995
4.707 29.063 23.121 1.90606
44.780 29.029 22.930 1.45262
1.327 28.598 22.119 1.85806
15.199 31.203 23.372 1.74758
34.453 29.634 23.877 2.37667
83.110 28.033 22.891 3.72121
54.407 26.128 22.745 4.42483
4.493 27.865 22.808 3.63505
4.654 29.147 23.531 2.77695
16.436 29.686 23.620 2.56669
9.081 29.302 23.697 2.51902
1.966 28.910 23.449 2.96238
10.647 28.489 22.903 2.91291
4.420 26.649 23.116 2.93637
12.559 28.401 23.171 2.82707
10.300 27.529 22.875 2.79393
5.919 28.260 23.155 2.45688
12.099 28.489 23.062 2.42863
14.884 28.069 22.177 2.45281
3.579 27.571 22.233 2.61223
0.951 28.370 22.464 2.17002
2.493 28.550 22.910 2.30690
10.741 27.936 22.714 1.46281
7.359 29.790 22.918 1.47202
7.088 28.194 22.848 3.12828
1.204 27.792 23.112 2.84004
0.318 28.571 22.539 1.81424
16.911 28.227 22.827 1.37290
2.374 28.459 20.022 1.68188
0.000 29.113 18.701 1.92822
0.000 28.411 18.432 1.88610
0.000 29.486 19.524 1.51213
0.000 31.010 21.054 0.96999
3.565 30.036 21.761 1.46918
4.455 30.382 22.932 1.28789
1.197 30.054 22.769 1.65199
10.671 29.697 22.876 1.35220
2.185 29.194 22.764 1.19462
3.681 29.062 22.530 1.79567
0.820 30.576 22.424 1.29227
0.732 30.134 23.121 1.23273
74.130 29.767 22.749 1.15400
14.538 28.062 22.112 1.54506
0.781 29.422 22.832 1.24282
4.094 28.046 22.587 1.23981
0.443 30.290 22.145 1.25169
2.946 30.301 22.192 1.61867
2.544 31.087 22.667 0.85061
0.427 29.471 23.428 0.80995
7.730 29.250 22.529 0.81913
0.000 29.933 22.211 0.92926
0.135 29.800 22.332 1.51621
0.000 29.612 22.475 1.31195
1.034 30.132 23.193 1.29367
9.038 28.315 23.220 1.30484
27.985 29.203 23.287 1.65888
39.441 27.889 23.581 1.95979
9.999 27.978 20.430 1.98564
0.802 28.688 17.507 2.35140
0.000 27.940 18.498 2.12112
0.000 27.948 19.428 2.52437
1.636 28.078 19.835 3.43730
0.401 27.988 20.204 2.48015
0.080 29.033 21.047 1.40482
0.000 29.853 22.267 1.26656
4.770 31.249 23.427 0.76457
19.652 27.589 23.493 1.20751
3.380 27.762 22.271 1.41990
0.000 29.862 22.517 1.12897
2.154 29.963 21.776 1.53185
0.004 29.778 21.904 1.82176
0.071 29.511 22.945 1.95854
1.040 28.871 22.535 1.96814
0.001 29.114 19.163 3.11805
0.000 27.428 19.228 2.24250
0.000 27.654 16.910 3.11612
0.000 25.113 13.472 3.75499
0.000 24.492 13.390 3.16467
0.000 24.141 13.219 2.33129
0.000 25.182 12.723 2.23066
0.000 25.182 13.376 1.74853
0.000 27.387 14.445 0.90574
0.000 28.041 14.740 1.34815
0.000 27.853 14.995 1.64798
0.000 28.238 16.201 1.63853
0.000 28.235 17.661 2.14688
0.000 28.493 19.129 3.01226
0.000 27.920 16.607 3.72179
0.000 26.897 16.825 3.44696
0.000 28.421 18.081 3.07650
0.000 29.360 19.117 3.51250
0.066 28.780 18.643 3.91040
0.058 27.738 17.782 3.84713
0.039 27.807 17.965 2.41526
0.000 28.734 20.771 2.31112
0.000 27.064 14.898 4.22740
0.000 24.706 14.331 3.53124
0.189 26.151 14.768 2.92862
1.879 27.180 16.403 2.50416
0.008 28.281 18.967 1.82832
0.719 29.412 21.253 1.50163
0.000 30.160 20.770 1.66852
0.092 30.684 21.310 2.10023
0.000 30.676 20.159 2.41180
0.000 30.242 20.453 1.52566
0.000 31.363 20.931 1.37411
0.001 30.904 21.484 1.28016
0.000 31.116 19.263 1.88895
0.000 29.948 15.586 3.61186
0.000 27.533 15.112 2.73679
0.000 28.370 15.859 2.32634
0.000 29.445 17.817 2.11551
0.043 29.336 19.529 3.12299
0.245 30.146 19.440 2.28645
0.002 29.369 19.967 1.33866
0.000 31.503 20.607 2.46946
0.000 31.009 19.739 2.67549
0.000 31.498 19.256 2.98563
0.000 28.016 16.450 3.59645
0.000 28.680 16.840 2.89142
0.000 30.451 17.770 2.19960
0.005 32.000 19.675 2.75211
0.000 32.018 19.227 2.40800
0.000 32.497 19.367 1.94207
0.000 32.685 20.451 1.64561
0.000 31.667 19.681 2.74042
0.135 29.105 17.072 3.37521
0.000 29.795 15.800 2.93459
0.000 29.259 14.042 3.49089
0.000 28.467 13.310 3.02417
0.000 28.982 14.020 2.59110
0.001 30.471 16.397 2.79549
0.000 30.938 17.365 2.97727
0.019 31.033 19.592 2.96172
0.000 31.041 19.678 2.13443
0.000 32.634 19.785 2.59989
0.000 31.636 15.789 3.44768
0.000 30.354 15.238 1.98094
0.000 30.941 15.728 1.69513
0.000 31.761 16.781 1.33999
0.000 31.948 19.191 1.66288
0.000 30.420 20.236 1.53386
0.000 28.246 20.713 1.35208
0.000 32.754 21.069 1.20287
0.000 33.136 21.193 1.22566
0.000 33.439 21.812 1.15981
0.000 32.547 21.343 1.57131
0.078 33.190 21.778 1.17709
0.000 32.573 22.827 1.24370
0.105 32.061 20.721 1.90353
0.000 26.779 20.117 1.64705
0.000 31.540 17.929 3.13155
0.000 30.862 18.103 4.00379
0.000 32.105 18.679 2.91238
0.000 32.853 19.311 1.81158
0.000 33.472 21.795 1.92296
0.185 34.033 22.167 1.88051
0.000 34.169 23.130 1.36262
0.005 34.556 23.520 1.16053
0.000 35.778 23.109 1.27221
0.000 36.110 22.695 2.23873
0.000 35.460 22.417 2.19346
0.000 36.804 23.208 1.68397
1.126 36.286 23.530 1.43694
12.770 31.508 16.979 3.87853
0.000 31.511 17.352 3.04616
0.000 33.764 18.303 1.78803
0.016 34.667 20.082 1.58733
0.000 35.235 20.999 1.32598
0.000 35.644 21.514 0.89322
0.000 35.732 22.738 0.92192
0.000 35.951 22.085 1.17264
0.000 36.117 21.442 1.54691
0.000 35.703 22.740 1.01643
0.000 35.560 22.921 1.74044
0.000 35.285 21.523 2.07433
0.097 35.983 20.108 3.05382
0.000 33.987 17.967 3.17181
0.000 34.214 18.417 2.18427
0.000 35.248 19.806 2.69678
0.000 36.450 19.762 4.37239
0.000 31.953 16.168 4.94803
0.000 32.898 15.913 3.87542
0.000 31.741 15.718 4.04053
0.000 32.902 16.533 2.28076
0.000 35.139 18.389 1.30880
0.000 36.744 20.604 0.90913
0.000 35.862 22.391 1.08450
0.000 36.345 22.850 1.26562
0.000 35.841 23.686 2.09903
0.000 34.102 22.858 2.12744
1.053 37.357 22.038 2.83376
0.000 37.605 23.095 2.03815
0.000 36.982 24.542 1.06074
0.000 36.305 24.460 1.30440
0.000 37.332 21.521 2.01526
0.000 37.151 20.325 2.73037
0.000 37.668 21.265 1.44213
0.000 39.179 21.782 2.55939
0.382 36.423 21.219 3.60410
0.002 37.128 22.035 1.28108
0.000 38.544 23.253 1.15862
0.000 39.054 24.973 1.82764
20.400 32.285 23.050 2.03098
1.821 28.639 21.109 2.74179
1.950 27.989 20.389 2.85492
0.393 31.894 21.006 2.66412
7.813 27.556 19.676 2.67912
1.688 28.313 19.930 1.70961
0.000 31.761 21.962 1.21210
0.000 35.237 23.162 2.02961
0.000 35.314 23.501 1.80265
5.130 36.755 24.826 1.12022
0.905 31.255 23.474 1.11332
7.078 33.364 23.578 1.85489
4.047 33.046 24.165 1.85533
25.264 28.437 22.639 1.27372
0.366 32.356 22.948 1.88972
10.220 33.288 23.443 1.77005
1.539 33.947 23.595 2.08938
2.050 32.818 23.104 2.37077
4.877 30.550 23.380 2.31540
0.460 31.462 21.826 2.79291
6.093 36.531 23.208 2.18132
0.466 36.133 20.849 2.72460
0.000 35.880 22.018 1.26114
7.977 34.784 24.071 1.36221
3.174 33.356 23.722 2.05618
0.012 34.638 24.088 1.67158
0.000 35.602 24.361 1.57314
0.000 38.308 24.969 1.65825
0.000 35.925 25.458 1.99438
0.000 35.210 25.027 1.62671
0.000 37.449 25.267 2.35325
0.014 38.400 24.183 2.76107
0.000 39.913 24.728 2.66467
0.000 41.243 25.189 2.21867
8.869 38.811 21.539 2.90629
0.000 31.587 22.404 1.73363
0.000 37.475 24.931 1.72665
2.180 35.734 25.284 0.98150
0.000 36.739 24.780 1.30709
0.000 37.206 25.352 1.34676
0.000 38.131 25.412 2.40802
0.070 37.925 25.396 3.02864
0.986 38.347 24.579 3.14541
0.000 39.966 24.298 3.46660
0.000 40.626 24.340 3.43619
0.000 40.509 26.452 2.80581
0.295 37.021 26.006 2.08696
0.456 36.543 26.102 1.37304
0.116 35.303 24.134 1.42742
18.425 35.272 24.722 1.18921
0.161 34.088 24.777 0.80881
0.011 37.558 25.686 2.19335
5.004 34.339 24.844 2.19014
0.001 36.802 24.340 2.07695
31.395 34.893 24.585 2.01385
0.075 35.002 24.743 2.03096
11.318 31.332 23.691 1.66140
3.512 31.360 23.563 1.39736
0.018 33.762 23.925 1.50833
1.201 36.088 24.294 1.83176
0.000 38.393 24.911 2.52840
4.935 36.410 24.611 2.66865
0.000 38.110 24.872 2.60580
3.603 32.837 23.545 2.29725
3.606 29.739 23.166 1.33830
3.577 28.582 23.420 1.03480
0.165 33.290 23.851 1.34355
24.701 34.268 24.842 1.37393
48.396 29.156 24.179 1.06954
22.514 30.703 24.237 1.53171
3.796 28.692 23.652 2.36939
2.436 30.617 23.903 2.63655
2.065 30.448 23.967 2.37701
0.529 30.601 24.014 3.00009
0.216 31.250 24.254 2.91100
0.005 30.183 24.418 2.42989
0.000 30.430 24.514 2.57005
0.145 30.277 23.864 2.52843
0.000 31.343 23.884 2.63217
8.932 30.200 23.924 2.16527
2.453 29.518 23.288 1.92952
0.754 30.453 24.095 2.71101
1.581 29.791 23.756 2.70688
0.195 30.223 23.632 2.52499
0.404 30.926 23.610 2.08183
0.193 31.887 24.480 1.32131
23.033 29.104 23.821 0.95397
0.000 29.798 23.115 0.94949
5.511 31.055 23.194 1.44677
2.708 31.191 24.000 1.52137
68.455 29.489 23.551 1.44426
10.608 29.202 23.103 1.33402
7.578 29.617 23.312 2.22313
1.746 29.520 23.904 2.30897
15.715 29.063 23.689 1.88997
8.529 29.556 23.768 2.23198
1.090 30.362 23.177 2.57236
1.310 29.760 23.121 2.65495
0.373 28.430 23.001 2.84264
0.888 30.922 22.714 2.85211
0.499 30.595 22.754 2.37440
4.105 32.106 23.732 2.40598
0.000 32.367 23.526 2.82346
0.199 31.660 23.017 3.10828
0.097 31.316 23.765 3.06942
4.009 31.043 23.352 2.89959
6.325 30.281 23.985 2.43405
17.114 29.419 23.386 2.84622
3.184 29.393 23.418 2.63571
4.346 29.691 23.711 2.69289
5.818 28.663 23.444 2.33548
2.800 29.430 23.218 2.96601
2.722 29.110 23.531 2.64324
24.959 28.803 23.727 1.84704
4.606 29.542 23.185 2.55371
7.297 30.663 23.775 2.98879
0.887 29.616 23.478 3.29381
1.936 30.004 23.541 3.60286
0.374 29.576 23.548 3.20912
0.204 28.647 23.556 3.21975
0.004 30.227 23.797 3.27914
5.255 28.171 23.540 3.21087
10.433 28.669 22.824 2.55198
9.122 29.519 22.017 1.21056
0.745 30.842 23.190 1.68785
4.268 31.280 23.962 2.06224
1.000 28.207 22.845 2.18810
0.353 30.934 23.481 2.55862
1.474 31.158 23.893 2.66489
2.954 29.172 23.571 2.50459
2.239 29.301 23.245 2.54707
1.560 29.965 23.256 2.89381
0.462 30.610 23.247 2.77390
2.971 31.321 23.153 2.63224
18.482 30.130 23.350 2.24544
22.643 29.779 23.156 2.95749
0.736 29.773 23.040 2.59653
0.259 30.422 23.184 2.25365
1.775 30.637 23.747 2.33106
5.840 29.490 23.074 2.30716
16.981 30.340 23.596 2.62746
5.655 29.927 23.690 2.60426
1.689 30.715 23.543 2.34576
0.005 29.790 23.906 2.56410
0.560 29.862 23.414 2.37304
3.533 30.569 23.826 2.67838
0.302 30.711 23.467 2.65761
2.824 29.539 23.374 2.71453
0.610 30.058 23.373 1.86329
26.395 29.415 23.382 1.29294
8.312 30.973 23.364 1.52240
7.067 29.430 22.940 1.66501
7.701 29.777 23.888 1.88383
6.667 29.315 23.965 2.08952
6.229 29.199 23.819 2.57444
24.683 26.989 23.288 3.48685
5.270 27.851 23.015 3.23329
1.859 28.967 22.795 2.70260
2.413 29.910 23.231 2.53820
0.396 29.636 23.167 2.18586
3.304 30.144 22.612 2.83744
3.989 29.369 23.082 3.01539
2.845 29.336 22.970 2.99626
7.244 28.062 23.225 2.68444
1.109 31.358 23.260 2.43399
0.580 30.246 23.305 2.54434
10.690 29.114 23.195 2.27899
6.405 29.456 23.094 2.21751
2.026 30.634 23.633 2.42426
0.012 31.305 23.749 2.70022
2.799 31.094 23.518 2.60689
19.165 30.356 23.547 2.68745
8.980 29.910 23.369 3.15668
3.335 29.797 23.266 2.65831
9.624 29.339 23.351 2.46911
3.560 29.527 22.928 2.77249
11.981 30.041 23.171 2.30204
0.824 30.549 23.141 2.43155
2.277 30.615 23.414 1.77140
25.750 30.108 23.661 2.03408
24.844 29.093 23.447 1.85042
9.309 29.004 23.365 1.96205
1.984 29.555 23.102 1.75254
4.450 30.522 23.806 2.13905
4.468 29.178 23.790 2.40592
5.433 27.781 23.204 2.72753
5.880 28.508 22.925 2.47144
0.921 29.110 22.998 1.70650
8.824 28.610 22.578 1.70917
1.661 29.663 22.641 1.80230
0.000 29.437 22.470 1.27400
0.015 31.119 23.148 1.30290
6.970 31.502 23.624 1.65484
0.297 30.373 23.168 1.36769
11.380 30.169 22.838 1.41814
12.606 30.137 22.591 1.14113
4.144 30.590 23.152 1.45056
4.107 29.835 22.996 0.73419
4.304 27.636 23.278 0.70058
6.116 29.280 22.727 0.86176
0.606 30.550 23.763 0.61086
7.910 29.040 23.038 1.37512
0.635 30.394 22.980 1.02596
0.000 30.760 22.663 1.35878
0.449 30.591 22.509 1.27387
1.178 29.153 22.396 1.10259
0.111 29.963 22.799 1.72852
15.039 30.252 23.409 1.09480
3.843 30.457 22.426 1.58999
5.561 29.884 23.094 1.09941
1.034 29.066 22.870 1.19589
0.823 29.935 23.041 1.20519
9.498 30.119 23.188 1.43470
8.394 28.590 22.764 1.06808
5.721 29.553 22.565 0.80715
9.544 28.066 22.528 0.82997
0.025 29.556 22.638 1.56019
0.000 30.263 21.677 1.20551
1.441 30.018 22.676 1.44913
1.589 29.939 23.611 1.15159
2.296 30.357 23.002 1.24058
0.231 31.052 21.762 2.17366
0.000 30.528 21.923 1.88470
0.000 30.355 20.369 1.80471
0.052 30.294 21.177 1.90103
5.806 29.697 21.608 2.23538
0.425 29.364 21.842 2.71484
0.935 29.146 21.904 2.94318
20.376 27.351 22.249 3.35003
6.401 26.597 22.938 2.94069
4.924 28.278 22.467 1.75701
8.724 29.496 22.047 1.55020
10.282 30.103 21.777 1.33698
1.905 29.930 22.370 1.21125
0.345 28.767 21.251 2.11372
3.821 29.346 21.200 2.28954
2.694 29.527 21.638 1.94379
8.427 29.988 22.490 1.15668
2.746 29.349 22.649 1.07871
6.721 30.223 22.526 0.87033
1.996 30.281 23.208 0.87317
4.891 30.121 21.544 1.17207
0.000 30.121 21.313 2.30902
0.084 28.745 19.438 3.75567
0.069 28.730 19.815 3.08430
0.024 29.236 19.510 2.95464
0.000 28.605 18.482 3.53554
0.070 27.068 16.273 3.33818
1.940 25.977 15.828 3.35690
10.184 26.084 16.408 3.52520
1.585 26.484 16.968 3.92879
0.000 20.868 14.229 4.84590
0.000 20.731 14.254 4.07206
0.000 24.051 15.025 3.05583
0.000 25.576 15.318 3.21373
1.574 25.564 13.800 3.73454
0.000 24.845 13.699 3.89178
0.000 25.019 13.774 3.32278
0.000 24.594 13.546 2.94089
0.000 25.206 14.338 2.44600
0.000 26.450 15.901 2.21615
0.000 26.994 17.776 2.38411
0.000 27.117 14.346 2.52507
0.000 25.600 13.468 2.66919
0.000 26.745 14.415 2.01769
0.000 27.802 17.402 1.30605
0.000 29.051 16.793 1.17692
0.000 30.038 18.010 1.22268
0.000 31.334 19.076 1.17513
0.000 31.242 19.679 1.16197
0.000 31.012 18.616 1.45667
0.000 30.862 18.916 1.62143
0.000 31.563 19.366 1.58845
0.000 31.887 19.111 2.07856
0.000 30.839 19.198 2.50168
0.000 30.402 17.377 2.76623
0.000 30.121 17.701 3.15398
0.197 28.791 17.175 3.51512
0.000 27.840 17.427 2.25348
0.229 29.606 19.668 2.02732
0.335 29.346 17.513 3.37733
0.000 28.017 14.465 4.56033
0.001 28.315 14.776 3.40805
0.037 29.367 18.098 2.22381
0.009 31.231 20.990 2.10588
0.000 32.154 19.584 2.50590
0.000 31.413 18.972 3.50331
0.000 31.341 18.834 3.65991
0.000 28.455 13.335 5.24796
0.000 25.331 11.466 4.40626
0.366 25.336 11.822 3.27479
0.009 26.379 13.145 3.00918
0.081 26.991 13.983 3.05226
0.000 28.203 15.086 2.86120
0.000 30.063 16.500 3.06684
0.000 29.722 16.161 3.73523
0.477 27.461 13.569 3.56026
0.000 27.965 12.166 2.27363
0.000 29.572 13.343 1.56208
0.000 30.749 14.835 2.59417
0.000 28.904 13.810 3.87573
0.000 28.197 14.289 3.26452
0.000 28.173 14.846 2.97296
0.000 29.477 14.609 2.67879
0.000 29.821 15.278 2.68214
0.000 29.238 15.143 3.13061
0.000 29.479 14.993 2.91674
0.000 30.135 15.082 2.22074
0.000 31.745 16.165 1.51217
0.000 32.155 17.539 0.99284
0.000 32.995 18.224 1.26431
0.588 32.642 19.146 1.64294
0.000 33.018 19.965 1.05932
0.000 33.710 20.172 0.78238
0.000 34.130 20.117 0.70448
0.000 34.937 19.800 0.75950
0.000 35.293 20.063 1.15839
0.000 35.792 21.179 1.51649
0.000 35.137 20.208 2.66278
0.000 32.182 17.026 3.68741
0.000 31.949 17.011 3.52967
0.000 32.339 17.428 2.24059
0.000 34.110 18.455 1.38562
0.000 35.204 18.738 1.54649
0.000 35.861 19.677 1.24883
0.000 34.636 20.732 1.51489
0.020 33.702 17.002 3.16847
0.076 32.140 15.483 3.91202
0.000 32.335 16.127 3.08514
0.000 32.386 17.827 2.00720
0.000 33.584 17.184 2.64508
0.000 32.398 17.088 2.22940
0.000 33.940 17.685 0.86044
0.000 33.557 21.305 1.24033
0.000 33.018 21.594 0.76455
0.000 32.891 21.397 0.97061
0.000 34.645 22.089 1.42688
0.000 36.113 22.895 1.22508
0.000 36.336 22.264 1.33481
0.000 36.991 20.987 2.24248
0.000 35.276 19.829 2.66505
0.000 35.897 19.917 2.47694
0.516 36.666 20.229 1.68897
0.000 37.706 19.836 2.56305
0.000 35.646 18.852 2.93071
0.000 35.499 19.741 2.13105
0.068 35.649 18.894 2.87700
0.000 35.736 19.237 2.34830
0.000 36.275 18.838 3.17873
0.000 35.317 19.648 2.47755
0.000 35.393 22.351 1.28800
6.675 36.115 22.985 1.58582
4.469 37.389 24.127 1.42335
1.323 35.571 23.043 1.67490
0.286 33.171 22.316 1.78914
17.693 34.716 22.961 1.15817
2.354 34.273 23.703 1.56290
5.595 35.114 23.782 1.62016
6.025 34.705 23.992 1.56250
6.354 34.728 23.462 1.41527
0.000 35.012 23.903 1.47559
0.000 34.424 23.183 1.51904
0.000 35.124 23.139 1.50277
8.016 35.330 17.640 3.58764
0.045 28.068 17.778 2.89231
0.218 31.059 18.719 2.73851
0.000 34.145 20.388 1.48421
0.000 35.866 23.421 1.55382
0.000 35.098 23.178 1.70226
0.000 36.107 23.567 1.93171
0.000 37.030 23.524 2.62676
0.000 37.643 23.945 2.58178
0.000 39.351 24.198 2.35361
0.000 40.035 24.549 2.33759
26.040 39.691 25.341 1.81034
0.036 34.705 22.121 2.73541
0.000 37.385 23.113 2.30549
0.000 39.028 24.344 1.61000
0.347 38.794 24.753 2.46899
0.684 37.435 24.432 2.76465
1.002 36.882 24.598 2.75624
0.000 36.656 25.103 1.64249
1.035 35.216 25.247 1.09501
0.629 37.760 25.512 1.74966
0.000 38.413 26.444 2.13984
0.065 36.864 25.147 2.34749
2.829 36.077 24.495 1.64275
0.647 37.404 24.537 1.25456
0.000 35.013 24.283 1.23231
0.220 37.326 24.767 1.71783
0.471 37.707 25.095 1.36406
0.000 36.655 23.388 2.23202
0.000 38.398 23.932 2.55585
0.000 39.370 24.787 2.70811
0.000 39.164 25.145 2.59339
0.000 39.678 25.523 2.33465
0.000 39.036 25.187 3.02201
0.079 39.539 26.505 2.17020
0.273 38.170 24.683 2.32669
9.295 36.237 20.742 2.89195
0.915 32.976 21.304 2.63803
0.000 35.563 23.185 1.42536
0.500 36.659 25.004 1.63467
12.214 33.267 24.518 1.26039
0.584 34.640 24.713 1.40050
6.129 37.070 25.197 1.60238
0.369 36.347 25.176 1.57044
0.441 33.559 24.805 1.30107
1.812 35.808 25.375 1.24481
0.996 37.806 25.272 1.81413
15.251 37.318 25.828 1.91550
0.163 32.660 25.209 0.91189
3.524 33.735 23.761 1.52310
0.578 34.782 23.841 1.82533
0.028 33.025 24.489 1.42493
0.000 35.110 24.476 1.75916
0.628 36.808 25.123 2.08624
7.869 35.270 24.956 1.09968
7.008 33.971 25.188 1.45881
8.216 31.814 25.222 0.76802
9.506 31.672 25.105 1.06934
4.031 34.228 24.478 1.44952
0.535 33.153 25.146 1.04243
10.170 33.800 24.883 1.05801
0.079 33.902 24.983 1.17276
24.194 33.062 24.474 1.51795
1.525 33.100 24.184 1.59699
0.032 31.698 24.157 1.62313
1.007 32.089 24.464 1.80059
0.795 32.856 24.505 2.70719
3.779 31.876 24.092 2.96614
11.556 32.125 24.293 2.99490
4.044 32.247 23.931 2.46288
0.028 33.412 24.089 2.37183
2.925 30.686 23.801 2.87513
3.561 30.785 23.765 3.43866
2.031 30.603 23.856 3.34767
12.594 30.223 23.981 3.78301
5.632 29.915 23.325 3.28585
2.341 34.073 24.031 2.94150
0.671 34.009 24.550 2.58102
12.131 32.503 24.261 2.20909
11.108 31.418 23.962 1.66860
8.701 31.075 23.755 1.34196
4.183 30.047 23.319 1.63110
7.537 30.573 23.391 2.09153
3.181 30.702 23.405 2.66231
1.166 30.922 23.448 2.82915
0.049 32.008 23.666 2.96736
0.176 31.579 24.109 2.92366
1.869 31.226 23.890 2.88494
2.011 32.353 24.466 2.71256
10.436 30.822 24.209 2.86441
2.848 32.055 24.012 2.66213
1.031 31.615 24.254 2.88267
0.246 31.228 24.155 2.83492
0.694 31.944 24.425 2.97858
0.478 33.001 24.845 2.92979
1.818 31.457 24.266 2.57670
11.939 29.030 23.719 2.19573
9.586 30.122 23.825 2.25991
11.146 30.488 23.497 2.57473
1.124 29.152 22.746 2.11082
0.599 31.496 23.443 2.09759
0.471 31.095 23.380 2.13636
5.411 30.928 23.785 2.08918
2.591 31.852 24.667 2.48947
0.050 30.971 24.191 2.56650
0.058 31.223 24.054 2.68375
3.095 29.861 23.099 2.94728
15.950 29.852 23.626 2.48556
2.709 29.681 23.808 2.28776
8.654 31.219 23.814 2.55973
44.286 30.415 24.017 2.16692
2.806 28.758 23.181 1.96674
36.735 31.328 24.183 2.14203
6.007 30.821 23.976 1.56681
6.270 29.914 24.058 2.18887
0.178 29.522 23.784 2.03334
0.846 31.264 24.437 2.69211
2.040 29.209 23.887 2.63644
9.761 30.796 24.300 3.21877
8.386 29.803 24.272 2.75761
0.589 31.202 24.339 3.20428
7.641 29.872 23.129 3.19805
6.734 28.317 23.576 3.32129
0.081 30.576 23.869 3.30795
2.088 31.764 24.267 3.29039
0.576 29.694 24.145 3.08485
0.239 31.455 23.989 3.17827
0.024 32.198 23.352 3.07246
0.000 31.939 23.695 3.12990
0.607 31.994 23.853 3.00840
7.664 31.650 24.521 2.92643
2.550 29.735 24.206 2.88342
0.986 28.577 23.220 2.82602
1.040 29.670 22.987 2.56181
2.410 29.586 22.643 2.49142
2.032 30.659 22.869 2.63988
7.160 31.424 23.075 2.53251
1.770 30.814 22.507 2.01633
6.307 31.494 22.550 2.65693
5.719 32.197 23.671 3.21950
0.005 30.671 23.321 3.05780
0.003 30.721 23.790 2.99811
3.278 30.161 23.848 2.94726
2.788 30.853 24.102 2.78132
32.837 28.363 23.871 2.93759
6.545 28.217 22.913 2.71088
2.718 29.607 23.468 2.82136
2.547 30.577 22.779 2.26885
3.492 30.981 23.682 2.10262
24.108 29.171 23.291 1.98301
3.624 29.318 23.460 2.29341
1.750 28.981 23.911 2.70870
2.500 28.231 23.055 3.59165
1.055 27.983 23.330 3.27799
1.015 29.293 23.488 2.94631
0.000 29.362 22.498 2.77835
1.318 29.455 22.573 2.75292
4.946 30.812 23.317 2.58136
18.124 30.347 23.509 2.41579
5.587 29.029 23.267 2.37904
5.696 28.948 22.955 2.57463
11.940 29.878 22.798 2.42168
3.186 27.269 21.443 2.40768
8.671 27.827 21.865 3.20476
5.298 28.793 22.339 3.40344
6.500 28.024 22.973 3.59251
4.735 28.644 22.311 3.21288
31.789 26.976 21.890 3.14939
20.355 29.091 22.129 2.51562
0.574 29.484 23.183 1.44301
20.725 28.502 23.067 1.33840
1.399 30.392 23.381 0.91964
25.916 30.605 22.668 1.53072
0.499 30.827 22.697 1.47786
20.248 30.066 23.187 1.52027
10.186 29.343 22.739 1.42562
10.445 29.607 23.419 1.88562
18.491 29.592 23.333 2.09806
9.474 28.048 22.684 2.01182
9.473 27.856 23.045 1.41790
3.241 28.226 23.011 1.89012
5.783 28.570 23.239 2.03758
0.550 28.686 22.976 1.73302
6.621 29.981 22.947 1.89955
5.478 30.624 23.249 1.39251
29.311 30.291 23.391 1.87718
29.144 29.813 23.095 1.91395
22.870 29.281 23.205 1.66311
2.139 29.338 23.121 2.05546
2.755 29.571 22.950 1.88016
2.706 29.088 23.211 1.94766
0.448 28.500 22.953 1.98024
1.722 29.592 22.982 2.34832
0.444 28.231 22.933 2.38775
13.998 28.229 23.216 2.49886
5.148 29.204 22.995 1.79222
3.646 27.189 22.977 1.00674
41.246 28.488 23.257 1.13010
19.423 28.876 23.694 2.11674
92.960 26.982 23.361 2.96635
2.864 28.745 22.438 3.26289
12.181 27.288 22.271 2.47818
13.180 28.727 22.965 1.53492
0.884 28.165 22.877 0.83662
1.904 29.240 22.913 0.98339
1.075 29.398 23.089 1.34752
3.536 29.296 22.908 0.98679
2.352 28.762 22.636 0.81863
2.077 28.654 22.543 0.82873
1.383 29.840 22.876 0.82785
0.553 29.569 22.096 1.70566
18.498 29.274 22.825 1.41459
6.022 28.289 22.519 1.01712
2.039 29.732 23.693 0.84028
12.394 28.061 20.568 2.43160
0.308 27.127 19.038 3.21360
0.149 27.210 18.309 3.07134
0.000 27.203 15.920 2.75241
0.000 26.322 15.609 2.38890
0.000 27.491 15.440 1.69262
0.000 28.192 16.079 1.43992
0.000 27.858 17.046 1.56984
0.000 28.865 18.795 1.80308
3.645 29.210 22.553 1.49817
9.476 28.210 21.862 1.06152
0.008 29.627 22.263 0.81588
1.898 30.880 22.762 0.93635
0.072 28.490 22.319 1.21194
0.389 30.656 23.238 1.07453
1.334 29.934 23.565 0.89876
0.198 29.080 22.092 0.74336
3.056 30.123 20.230 1.56546
0.000 28.431 20.571 2.64528
0.713 28.737 21.173 2.97051
24.029 27.749 22.677 2.18791
0.000 28.382 22.485 1.66555
0.643 30.500 22.317 0.81972
0.111 31.388 22.592 0.99599
6.620 31.051 22.470 0.66799
4.447 28.898 23.117 1.25594
0.986 28.098 22.679 1.90329
0.480 27.897 19.583 3.20208
0.054 27.416 17.125 3.99686
0.000 25.125 15.624 3.81981
0.000 24.955 16.027 3.00332
0.629 26.771 16.805 2.70825
0.134 27.716 18.965 3.32272
0.046 26.245 18.765 3.00459
0.000 27.275 18.092 2.54705
0.000 28.519 18.707 2.09268
15.515 28.535 20.771 1.60419
0.000 28.439 21.919 1.66103
5.060 30.458 22.255 1.12808
0.001 32.507 23.021 0.63937
0.271 30.849 23.396 0.81245
5.153 30.736 19.963 1.89408
0.000 25.967 19.992 2.34073
0.000 28.491 20.406 2.44720
0.052 29.042 21.174 1.90405
3.438 29.081 22.241 2.38854
0.000 29.325 19.409 2.74342
0.000 25.187 19.548 2.04532
0.000 28.834 20.567 1.24707
0.000 28.717 20.000 2.13414
0.000 28.429 18.704 2.87366
0.000 27.475 18.250 2.38549
0.149 27.621 18.305 1.93732
0.000 28.691 18.784 1.57177
0.000 29.533 19.788 1.58521
0.000 29.647 20.999 1.22270
0.001 29.241 22.147 1.19070
0.561 28.752 22.552 0.79363
1.215 30.331 22.130 1.07932
0.000 30.483 21.280 1.07496
0.596 31.188 22.328 1.20185
0.604 30.437 22.797 0.97571
0.639 30.619 22.612 0.84440
20.824 30.511 16.269 2.99429
1.445 24.096 15.082 3.28261
0.459 26.523 15.236 2.32300
0.225 28.701 16.590 2.18659
0.000 27.954 15.610 3.01901
0.000 27.993 16.079 2.31644
0.000 28.590 18.621 2.02101
0.000 29.566 19.296 1.66373
0.000 29.785 20.102 1.44884
0.000 30.599 21.063 1.04000
0.120 30.937 21.726 0.91032
0.000 31.678 21.955 0.87029
0.000 31.681 20.867 1.08975
0.000 31.038 18.284 1.57199
0.000 30.913 19.014 1.83089
0.000 30.096 19.542 2.60603
0.091 30.344 19.757 2.15776
0.000 30.924 20.473 1.35076
0.000 31.431 14.520 2.47924
0.000 25.772 14.722 3.78545
0.000 25.375 15.380 2.51550
0.000 29.288 16.019 2.35470
0.000 30.132 18.690 1.74428
0.000 30.203 18.891 2.20171
0.000 30.913 19.219 1.47382
0.000 31.693 19.795 1.92851
0.000 29.780 16.403 3.66632
0.000 29.572 16.617 2.15867
0.000 30.450 18.085 1.39904
0.000 31.026 15.001 2.55039
0.000 28.576 14.498 3.07814
0.000 28.373 14.350 2.37226
0.000 29.917 14.558 2.71874
0.805 28.827 13.503 3.00092
0.000 28.231 13.253 2.78328
0.000 28.251 13.114 2.76387
0.000 27.540 13.127 2.01645
0.000 30.158 14.384 1.66438
0.000 31.261 15.915 2.28589
0.000 30.735 16.328 2.62954
0.000 31.105 16.676 2.39206
0.000 31.581 17.055 2.54045
0.000 30.635 15.841 2.63974
0.000 31.732 15.580 1.74079
0.000 32.355 16.843 1.00723
0.000 32.944 17.969 1.23420
0.000 33.704 19.085 1.47053
0.000 32.716 19.084 2.28309
0.000 33.700 19.714 1.86447
0.000 34.028 19.889 1.15390
0.000 35.012 16.772 2.86537
0.000 31.505 16.160 2.88666
0.000 31.978 16.638 2.38271
0.000 32.494 18.178 1.36174
0.000 34.385 19.175 1.39566
0.000 35.343 19.039 2.08952
0.000 34.792 17.790 2.70347
0.000 33.855 17.934 3.31824
0.000 31.375 15.108 4.47870
0.000 28.971 14.222 3.99372
0.000 29.769 15.027 2.64317
0.000 31.174 16.264 1.25676
0.000 34.078 17.356 0.95586
0.000 34.842 18.654 0.95341
0.000 36.362 19.950 0.97330
0.006 37.253 22.639 1.16078
0.130 36.203 23.684 1.55233
0.012 35.701 23.971 1.73867
6.992 35.404 23.573 1.93260
0.160 35.812 24.471 1.04656
1.275 35.612 24.123 1.61982
0.124 33.426 23.198 0.92878
1.448 34.326 23.112 1.47046
0.000 35.245 23.538 0.99625
1.504 35.172 23.160 1.61790
0.444 34.404 23.102 1.74488
0.000 35.848 24.207 1.28080
0.000 33.364 23.395 1.30870
1.559 36.244 24.536 1.42577
7.294 35.276 23.545 1.33313
0.261 34.832 24.341 1.40656
8.431 34.121 24.309 0.92408
0.901 34.498 24.475 1.35565
1.143 34.839 24.268 1.25581
1.302 36.468 23.986 2.22354
0.000 37.008 24.050 2.25020
0.000 37.491 23.909 2.77009
0.000 37.795 23.233 2.43608
0.000 39.370 24.834 1.91297
1.445 37.138 20.948 2.15827
0.026 30.430 20.312 3.17074
0.679 31.825 19.788 2.74750
0.000 33.123 20.357 3.06452
0.000 35.061 21.520 2.35805
0.006 35.713 24.328 2.00124
0.515 34.192 22.495 2.20535
4.652 32.021 21.670 1.52090
0.000 36.124 22.945 1.21411
0.000 36.989 23.762 1.66598
0.000 37.557 24.138 1.55886
0.579 38.649 24.950 1.93478
0.000 37.511 25.640 1.28498
26.103 33.980 24.330 1.22300
1.325 27.512 21.421 2.20052
0.010 32.499 22.332 1.46069
8.017 33.105 23.410 1.77828
10.396 33.559 23.383 2.19277
5.296 34.205 23.886 1.68279
1.146 32.453 23.820 1.08445
4.587 34.055 24.050 1.28032
6.499 31.390 23.169 1.62351
0.975 28.547 23.112 1.04523
11.696 30.126 22.621 1.00275
2.980 31.885 23.472 1.03942
1.512 31.495 23.023 1.73330
0.549 34.059 23.570 1.87130
0.000 36.152 23.640 2.11128
0.000 37.564 24.712 1.16589
0.000 37.690 25.108 0.95629
1.537 35.660 25.050 1.28883
2.245 36.538 24.530 1.82683
0.000 39.392 25.253 1.78404
2.037 37.162 25.989 2.10439
1.815 35.063 24.542 1.40418
1.459 38.439 24.540 1.84206
0.000 39.491 24.563 2.41864
0.000 39.281 24.273 2.14189
0.000 40.071 25.429 1.63396
1.901 36.593 23.225 2.25218
0.351 37.269 24.499 2.25502
0.000 37.496 24.878 1.88849
0.281 37.782 24.910 1.87736
0.051 38.454 24.912 2.34463
0.007 38.982 25.269 1.88095
0.631 38.601 25.381 1.46794
3.970 34.032 24.778 1.47435
8.239 38.091 25.910 1.42952
7.190 32.891 24.258 1.40800
0.000 33.981 24.583 0.99652
0.000 36.975 25.070 1.35106
13.431 33.434 24.418 1.19442
2.478 33.844 24.895 1.43992
3.357 33.468 24.250 1.51427
0.000 33.857 22.707 2.98078
0.000 33.543 23.289 1.57444
5.674 32.181 24.310 1.37206
0.768 31.511 23.752 2.23923
1.277 35.744 24.000 2.71380
0.000 37.439 24.804 2.59968
0.045 39.478 25.203 2.39439
0.000 39.884 25.893 1.95371
16.963 36.931 25.774 1.68101
2.721 31.852 25.559 1.24438
0.303 29.949 23.946 1.50394
27.908 33.496 24.491 1.21615
7.684 32.535 24.209 1.22271
16.337 30.233 24.462 1.47276
0.030 30.737 23.791 1.98079
0.867 33.654 23.867 2.21980
0.005 32.588 24.562 2.61020
0.200 33.574 23.906 3.10095
0.271 34.910 24.516 2.97411
0.000 33.363 24.544 2.51405
6.295 34.090 24.374 1.98900
1.022 31.558 23.648 1.84345
0.947 32.818 24.006 2.12485
0.591 33.189 24.197 2.36082
2.295 30.872 24.443 2.88292
0.046 31.762 24.720 3.15238
0.022 32.645 24.501 3.48853
1.210 33.529 24.564 3.87681
0.336 34.012 25.238 3.60736
4.339 33.832 24.306 3.14347
31.315 29.382 24.219 1.21226
12.170 31.873 23.993 1.56986
16.887 29.416 24.353 2.09747
5.539 29.785 24.156 1.82181
9.702 30.856 23.745 2.58364
3.173 28.324 23.634 2.03557
1.092 30.980 23.427 1.85493
0.010 31.988 23.057 2.51714
0.000 31.281 22.347 2.19731
0.000 33.772 24.262 2.91594
0.080 34.393 23.481 2.90864
0.045 34.254 24.592 2.93425
0.506 30.603 23.630 2.02257
1.401 34.286 24.070 2.65703
0.000 34.064 24.346 2.91501
2.679 33.899 24.484 2.59631
0.228 33.619 24.493 2.71940
11.936 31.247 24.355 1.87310
1.725 28.701 23.727 2.02477
0.038 28.497 23.424 2.13604
1.134 30.606 23.581 2.91717
0.194 29.305 23.602 2.69570
6.545 30.262 23.703 2.52536
29.769 30.061 23.858 2.21454
0.002 30.054 22.609 2.16349
2.274 31.471 23.693 1.88768
1.740 30.766 23.667 2.55605
0.170 32.228 23.884 2.68253
20.139 30.277 23.408 2.19378
23.260 29.717 23.348 1.86746
28.706 28.811 22.137 1.67846
6.692 29.540 22.935 0.95600
11.477 28.801 22.560 0.92264
21.074 30.110 22.845 1.14377
0.145 30.976 23.358 0.93593
6.756 31.226 24.200 0.80108
1.835 31.029 23.837 1.00264
2.694 30.148 23.071 1.67604
0.529 29.919 23.132 1.90245
0.554 30.065 22.924 2.07850
0.551 30.506 23.965 2.22123
0.056 30.691 24.061 2.42097
2.989 30.099 23.517 2.23782
11.875 29.903 23.506 2.10634
0.562 30.286 22.701 1.75117
0.096 30.306 22.442 2.09268
4.786 31.281 22.845 1.75910
0.000 32.300 23.273 1.67726
0.000 32.622 23.840 1.52616
0.000 33.254 24.345 2.25579
0.251 32.309 24.619 2.20393
1.843 30.880 24.184 2.51073
1.903 31.605 23.661 2.77119
4.826 30.212 23.846 3.16445
9.422 29.348 23.138 3.14089
5.529 27.830 23.290 3.38847
2.612 28.726 23.241 2.94660
2.257 29.586 22.999 2.26398
16.543 31.603 23.096 1.56446
9.329 30.915 23.583 1.97355
8.926 28.240 23.145 2.00056
10.798 29.165 22.713 2.67217
1.385 30.168 23.246 2.20025
0.000 31.272 23.373 2.77197
1.110 30.640 23.566 2.58745
31.464 30.672 22.977 2.20168
0.158 30.448 23.456 2.06212
1.761 29.758 24.190 2.51659
1.440 28.472 23.952 3.02439
0.784 30.809 23.933 3.01640
0.000 30.243 24.268 2.69016
0.000 30.662 24.352 2.61793
1.437 30.551 24.483 2.82536
18.649 29.613 24.138 2.97884
22.509 30.421 24.403 2.38343
1.068 29.068 23.470 1.96917
1.130 31.225 24.336 1.28871
0.260 30.360 24.229 1.43493
18.774 30.437 24.287 1.36287
3.344 28.916 23.316 2.22093
6.700 29.788 23.477 1.95775
11.618 29.621 23.287 2.84842
3.530 29.034 23.291 2.85819
1.143 28.745 23.111 2.77977
10.823 29.964 23.134 2.25735
20.395 28.985 22.872 2.75700
3.013 29.551 22.590 2.72899
5.009 28.537 22.742 3.31221
7.373 30.697 23.021 2.80938
0.152 31.214 22.963 2.40959
0.073 32.087 23.177 1.93292
11.584 31.903 23.561 1.59705
25.320 28.750 22.702 1.41068
6.317 29.941 22.494 1.91683
8.166 29.014 22.408 2.19620
3.011 27.808 22.620 2.75977
19.306 27.726 22.295 2.76532
8.048 28.671 22.607 2.34445
3.965 29.472 23.557 2.13997
22.494 28.275 23.115 2.41365
8.986 29.618 23.122 2.31976
16.546 30.287 23.488 2.76126
4.575 28.233 23.343 2.79782
3.130 29.144 23.585 2.31326
5.631 28.552 23.017 2.00806
14.256 29.310 22.987 1.94552
19.329 27.503 21.211 2.08956
2.159 26.979 21.301 1.89404
0.079 29.505 22.521 1.48281
13.834 29.528 23.174 1.75144
10.053 28.477 23.053 1.53449
46.868 30.778 23.894 1.50962
22.892 29.211 23.062 1.53137
0.372 29.856 22.928 1.27360
1.943 29.718 23.323 1.00837
0.224 28.507 23.139 1.19562
1.835 28.165 22.794 1.03176
3.882 29.728 23.496 2.25676
2.071 29.144 22.815 2.29798
9.588 28.028 23.407 1.59556
28.467 26.225 22.847 1.51606
3.545 28.777 23.521 0.88087
48.866 29.075 23.262 0.71888
0.000 29.868 23.031 0.66787
1.235 29.058 22.396 1.55784
1.764 30.013 22.571 2.08255
0.219 28.297 22.621 2.64211
0.000 28.685 21.937 2.87497
0.000 29.769 22.566 2.04356
4.407 29.181 22.787 2.38332
0.678 29.818 23.286 1.32351
0.000 31.065 23.481 1.43551
0.000 31.802 23.322 1.19678
0.000 31.042 23.101 1.16203
0.000 31.202 23.439 1.13246
2.200 28.469 23.418 0.89753
32.735 31.940 23.268 0.68446
70.734 26.868 20.031 2.97722
1.475 25.279 19.506 2.90979
0.000 28.244 19.694 2.83108
0.489 27.657 21.193 2.54507
0.000 28.909 20.982 3.18833
0.000 29.029 20.595 2.77719
0.000 29.067 20.326 2.60682
0.000 28.135 20.583 2.05029
0.000 28.783 20.719 2.51459
0.080 28.446 20.166 2.03245
0.069 28.985 20.840 1.30313
0.990 29.311 20.408 1.54264
0.322 29.297 19.908 1.51154
0.000 29.081 18.644 2.11969
0.000 28.808 19.320 3.13665
0.000 28.785 19.385 2.78745
0.000 28.971 19.539 2.61215
0.000 28.806 18.760 1.99326
0.000 29.023 17.537 1.76383
0.000 30.112 17.251 1.41723
0.000 29.427 17.942 1.69770
0.000 29.967 17.380 1.42219
0.000 30.493 18.900 1.03266
0.000 30.777 20.025 0.93704
0.000 31.063 19.737 0.81030
0.000 31.063 17.946 1.04697
0.000 30.525 16.771 1.62249
0.011 29.895 18.470 2.60234
0.011 27.743 18.183 3.53932
0.040 27.682 16.151 4.13357
0.541 26.150 16.474 3.06723
0.000 29.364 20.611 2.08421
0.000 30.161 20.823 1.95935
0.000 30.071 18.848 2.12163
0.020 30.055 18.951 1.72358
0.000 30.887 19.952 1.09678
0.000 32.124 19.796 0.86234
0.000 32.913 20.032 0.88410
0.000 32.709 19.984 1.58891
0.000 30.417 18.522 3.07868
0.000 29.822 19.114 2.39740
0.000 30.385 20.342 2.47888
0.000 30.774 20.466 2.82064
0.000 30.427 20.129 2.59316
0.000 30.436 17.712 3.43097
0.000 29.262 16.955 3.03788
0.000 28.735 15.456 3.29881
0.000 28.307 14.824 2.13959
0.000 28.939 15.797 1.98445
0.000 29.009 16.146 2.26763
0.000 28.735 15.523 1.86894
0.000 29.682 16.468 1.85783
0.000 29.964 17.618 1.95912
0.000 30.572 18.961 2.37811
0.000 30.621 18.412 2.15691
0.000 31.399 19.339 2.86543
0.000 30.751 20.393 3.25599
0.000 30.117 20.259 2.87368
0.295 31.149 18.833 3.53954
0.000 29.873 16.724 3.85664
0.000 28.407 14.791 3.79547
0.010 28.615 13.993 3.45457
0.000 27.837 14.344 3.24598
0.064 28.847 14.950 2.87693
0.000 28.969 16.661 2.06700
0.000 29.908 18.002 3.14791
0.000 27.570 14.222 5.51914
0.000 26.166 13.709 4.11935
0.000 27.168 13.921 3.37919
0.000 28.757 14.651 2.62571
0.000 30.705 15.796 1.96381
0.000 31.696 16.822 1.29363
0.000 33.034 17.179 2.25499
0.000 31.517 16.464 3.84899
0.000 29.317 16.771 3.90415
0.000 29.578 16.905 2.76111
0.000 30.449 17.229 2.04014
0.000 31.872 17.218 2.27678
0.000 32.282 16.711 2.12491
0.000 32.632 16.528 1.66609
0.000 32.673 17.267 2.16089
0.000 32.943 17.734 1.78822
0.000 33.990 18.025 1.94780
0.000 34.013 17.099 2.22814
0.000 32.844 17.269 2.35039
0.000 32.976 17.553 2.03576
0.000 33.337 18.435 2.07191
0.000 32.858 20.350 1.67540
7.376 30.782 22.603 1.46582
1.920 28.903 20.711 1.84466
4.987 26.721 20.424 2.09981
0.383 29.338 19.273 2.02709
0.000 32.392 19.787 1.10635
0.000 32.549 21.177 1.06941
2.669 33.493 21.947 0.73409
0.000 33.500 21.339 1.14801
0.000 31.394 20.136 1.03737
0.000 33.673 19.655 0.94341
0.000 33.404 18.541 1.81832
0.399 29.664 14.323 3.68752
0.000 28.202 14.563 2.43892
0.000 30.652 15.861 2.99842
0.000 28.276 11.971 4.47739
0.000 28.195 12.417 2.64296
0.000 30.201 14.306 2.09016
0.000 31.756 15.623 2.10993
0.000 32.337 17.204 1.20630
0.000 34.291 19.969 1.04493
0.000 34.567 22.169 1.09052
0.000 33.285 22.702 1.26824
2.884 34.040 22.773 0.89618
0.346 35.719 23.059 1.58565
0.206 35.444 23.735 1.73070
3.650 34.082 22.402 1.42176
19.405 27.912 15.692 2.86132
0.090 29.145 15.853 2.26924
1.305 30.608 15.556 2.35114
9.909 24.643 13.117 4.06637
0.000 26.662 13.508 3.63802
0.000 29.337 14.553 2.72143
0.000 31.482 14.433 2.44280
0.000 31.924 15.207 4.01496
0.000 29.529 13.689 4.07475
0.000 29.841 13.799 2.62764
0.000 31.515 15.201 2.05222
0.000 33.122 16.109 2.66668
0.000 32.413 16.592 2.45984
0.000 33.175 17.184 2.05294
0.000 33.812 18.621 1.22109
0.956 34.118 21.664 1.23824
0.000 33.102 22.747 1.10943
0.000 32.179 23.052 1.16933
0.270 30.480 21.104 1.06902
0.000 34.220 21.687 1.52870
0.000 35.612 20.966 1.78534
0.000 36.732 21.258 1.43108
0.000 35.330 21.361 1.87287
0.000 35.582 21.058 2.36193
0.000 37.017 21.468 2.29326
0.000 38.213 21.237 2.34958
0.000 39.138 21.720 1.93747
0.000 39.880 19.050 2.09081
0.000 34.723 19.584 2.19340
0.000 35.751 23.505 2.02475
0.000 34.854 19.931 3.26288
0.040 34.312 19.171 4.91066
0.074 33.566 17.768 5.37992
0.000 33.271 18.412 2.47083
0.000 37.508 21.426 1.40101
0.000 39.908 24.329 2.21373
0.000 38.513 24.648 2.15606
0.000 39.445 25.463 1.81214
0.364 38.921 26.337 1.41502
0.000 36.971 23.121 2.30965
0.000 39.038 23.350 2.26116
0.000 39.351 23.756 1.83603
0.000 39.797 25.492 1.68008
3.278 35.921 25.514 1.25313
0.000 36.168 25.211 1.09676
0.000 36.120 24.557 1.49006
0.022 37.429 24.762 1.36525
0.000 38.353 24.799 2.60045
0.000 39.122 24.181 3.25126
0.000 40.527 23.278 2.56671
0.000 41.208 24.393 2.08606
0.000 40.865 24.612 2.46345
0.000 40.818 25.357 2.21193
0.735 40.442 26.739 2.71022
3.544 36.300 26.573 2.51607
0.408 38.830 25.486 2.27833
7.582 37.107 24.877 1.36842
5.423 35.527 25.111 1.32143
15.544 35.781 23.201 1.50701
0.000 34.675 24.469 1.21289
0.737 35.828 24.304 1.95754
0.409 36.663 24.190 2.33967
0.000 38.264 25.396 2.49887
1.893 36.760 21.916 2.16360
5.240 35.883 22.648 1.84948
0.000 36.983 24.962 2.03789
0.885 39.958 24.837 2.52471
0.000 40.262 25.675 2.39498
0.000 41.259 25.854 2.51635
2.160 41.824 26.037 2.72025
0.000 42.232 24.529 2.65911
0.000 41.601 25.387 3.17132
0.000 41.629 25.668 3.08017
0.000 41.735 26.683 2.57053
5.451 39.695 26.269 1.74026
0.695 37.391 26.367 1.80534
0.570 35.829 26.291 1.27776
1.032 34.122 25.506 1.72747
0.000 37.342 25.530 1.34813
3.644 36.809 24.658 1.78732
0.000 36.214 25.382 1.47319
0.000 37.770 25.407 1.43276
2.974 38.519 26.319 1.57843
11.609 29.095 23.820 1.23167
0.000 36.751 25.747 0.80428
0.000 37.705 25.900 1.41063
10.097 34.534 25.126 1.72784
0.576 34.541 26.262 1.51819
11.021 35.432 25.822 1.01414
6.747 32.953 24.188 1.80354
9.869 30.607 24.084 1.59952
7.505 29.818 23.429 1.41261
15.435 33.618 24.804 1.22917
6.859 29.046 23.891 1.11337
0.704 33.053 24.028 1.49084
0.381 34.308 24.936 2.21936
0.301 32.816 24.820 2.41266
0.000 33.005 24.468 2.63811
0.401 35.091 24.066 2.68833
5.965 34.481 24.184 2.23162
15.345 32.480 24.020 2.12633
7.186 34.330 25.282 1.75671
9.835 29.300 23.016 1.61901
0.495 33.542 23.831 1.88948
0.081 35.372 24.612 3.25276
6.646 33.274 24.993 3.45982
2.599 30.718 24.790 3.09445
0.725 30.117 22.728 3.06701
6.894 35.257 23.863 2.69652
7.273 34.963 23.783 2.36773
3.326 34.075 24.197 2.32597
3.113 31.624 23.727 2.70794
0.000 33.359 23.776 2.32366
0.505 34.240 23.999 1.98341
1.265 35.977 25.124 1.69581
7.164 34.132 24.030 1.57504
26.318 29.995 22.366 1.04129
1.532 33.616 24.142 0.99247
1.881 34.035 24.644 0.86482
4.663 34.595 24.434 1.43163
14.486 31.650 23.371 1.46240
2.426 33.242 24.444 1.23590
5.031 33.610 24.724 1.17195
4.865 30.486 23.800 0.79438
11.894 31.305 24.435 1.16689
19.609 30.558 24.043 1.55100
13.799 30.793 24.257 1.34493
33.313 29.390 23.565 1.28211
1.007 30.685 24.116 2.34536
45.979 28.217 24.126 2.61766
32.730 27.067 23.652 2.90421
11.146 27.948 23.580 3.43011
16.084 28.452 23.369 3.29954
7.103 28.643 22.970 3.13046
5.593 29.275 22.838 3.04314
0.821 28.873 23.554 2.94912
6.961 27.812 22.436 2.87745
1.324 30.093 23.039 2.86286
4.255 31.203 23.045 3.18936
2.970 30.542 23.093 3.28845
1.316 30.443 21.385 3.14333
0.201 31.483 22.096 3.01947
0.350 30.863 23.407 3.28614
2.269 29.594 22.782 2.55177
1.467 30.024 23.062 2.42572
1.276 31.881 23.859 2.59951
0.000 32.187 23.932 2.66484
2.827 31.977 24.327 2.55109
9.931 29.514 23.899 2.21942
26.400 31.241 23.442 2.44911
5.710 30.210 23.600 1.86599
1.670 30.659 23.478 1.85868
6.464 30.404 23.469 1.71074
0.916 29.804 23.209 1.48306
5.237 29.577 22.705 1.63632
4.136 30.116 22.818 1.90675
23.840 28.664 22.869 2.14949
5.713 28.485 22.264 2.15287
1.591 30.297 22.708 1.89337
5.168 29.695 22.617 1.79956
5.828 30.040 23.098 1.14471
18.772 30.065 22.413 1.07100
2.026 31.629 22.853 1.47106
8.236 31.566 23.338 2.05713
7.446 30.022 23.171 1.98266
8.045 30.398 23.795 2.23209
2.977 29.246 23.551 2.41772
27.578 28.678 22.965 1.32716
7.140 28.758 22.577 1.99976
7.274 29.046 23.210 1.96974
7.759 28.761 23.295 2.11239
3.538 28.855 23.334 2.57493
23.866 28.635 23.296 2.88505
13.961 28.532 22.631 2.66823
2.492 29.781 22.927 2.55928
1.750 29.948 23.129 2.33516
41.489 28.077 22.717 2.12190
3.562 29.130 22.977 1.61601
39.323 28.087 22.852 1.80979
2.885 29.034 23.292 2.43835
3.929 27.318 23.200 2.21282
5.942 26.854 22.213 2.26624
9.498 30.776 22.781 2.50853
6.585 29.553 22.829 2.70426
14.160 29.831 23.467 2.35143
18.493 28.636 23.103 2.77844
10.511 28.874 23.330 2.81278
5.994 28.267 22.888 2.65898
2.330 27.924 22.348 2.88961
2.845 30.125 22.346 3.07194
0.284 30.101 21.721 3.01724
2.554 30.414 22.521 2.87814
3.503 28.189 21.904 2.64963
9.655 30.099 23.326 2.41970
5.161 28.644 23.461 2.44237
11.949 29.137 23.782 2.42019
30.057 29.328 23.109 2.29378
18.180 29.518 23.004 1.88168
3.996 30.312 22.989 2.23163
4.791 29.632 23.599 1.83206
4.870 29.858 23.631 1.91430
0.124 30.396 24.005 1.98182
0.045 30.591 24.146 2.57284
1.399 28.854 23.960 2.57442
0.414 29.484 23.912 2.84383
2.916 30.392 24.579 2.96019
9.134 28.609 23.813 2.84308
3.540 29.902 23.585 2.89590
3.231 29.750 23.464 2.37359
29.831 29.438 23.797 2.13894
18.410 28.610 22.484 2.07421
3.977 29.735 23.226 2.05066
42.356 28.703 22.236 2.27803
7.301 29.354 23.168 2.05873
1.699 29.472 23.392 2.69095
1.119 28.750 22.986 2.90164
4.569 29.015 22.735 2.65433
3.001 29.190 22.364 2.45304
1.741 29.325 22.876 1.49569
8.980 28.659 22.595 1.70391
22.617 29.794 22.407 1.09798
0.691 28.759 22.264 1.07394
0.483 29.970 22.946 1.03396
2.625 30.658 22.730 1.39611
8.945 30.326 22.397 1.26037
4.575 28.991 22.958 1.52744
46.055 29.580 22.785 1.25668
17.211 30.014 23.249 1.21760
1.751 28.111 22.707 1.60696
0.743 30.405 22.883 0.98809
0.034 29.709 20.546 1.71605
0.000 30.745 20.773 1.40311
0.055 31.697 22.672 1.00467
2.611 31.153 23.159 1.75506
0.000 30.747 22.347 2.13140
0.000 30.272 19.001 2.11039
0.000 29.796 20.138 1.98525
0.749 30.265 22.685 1.32158
2.665 29.327 22.871 0.81936
12.619 28.921 21.573 1.96863
0.384 27.803 17.751 3.75766
0.000 28.764 18.357 3.22272
0.316 28.908 21.068 2.23235
0.010 28.555 21.690 1.83899
0.000 29.226 20.959 2.08220
0.000 29.524 19.416 1.88718
0.000 30.020 20.108 1.71427
0.000 30.506 19.917 1.65007
0.000 30.856 20.869 1.11819
1.444 29.998 19.772 2.08953
0.000 29.139 19.405 2.12261
0.000 30.253 19.339 1.60064
0.000 30.348 19.055 1.86311
0.000 29.544 19.899 2.10748
0.000 29.725 17.729 2.09873
0.000 29.593 18.567 2.07045
0.000 29.461 18.679 2.15979
0.000 29.731 19.519 1.82375
0.000 30.432 20.532 2.01687
0.000 30.688 20.659 2.79281
0.000 30.190 19.056 2.46530
0.000 30.608 19.792 3.06451
0.000 30.166 20.174 2.58968
0.000 30.383 18.470 3.11483
0.000 29.446 17.821 3.21329
0.000 29.960 18.770 2.62887
0.000 30.872 21.621 2.42314
0.000 29.929 21.038 2.22340
0.059 32.166 19.726 2.40741
0.206 31.992 19.797 2.09568
0.000 32.268 18.878 2.86932
0.000 31.637 19.133 2.39936
0.000 31.906 18.808 1.94801
0.000 32.326 19.625 1.40939
0.000 33.145 20.273 2.01305
0.000 32.968 20.243 2.07881
0.000 32.832 20.180 1.51558
0.000 33.563 20.676 1.10652
0.000 34.019 21.200 1.07581
0.000 34.775 20.551 0.88818
0.000 35.415 21.349 1.35373
0.000 35.905 20.869 1.47322
0.000 34.995 20.969 1.40029
0.000 35.802 22.250 1.34745
0.000 35.068 21.677 2.12925
0.000 28.480 19.494 2.82740
0.000 31.796 19.007 3.59888
0.000 31.771 18.466 2.65916
0.000 32.518 18.962 2.64471
0.000 32.773 16.966 3.08695
0.000 31.411 16.376 3.59110
0.000 31.243 17.104 3.09521
0.000 31.835 17.787 3.35517
0.026 32.887 20.633 3.84080
9.907 32.273 21.363 2.94422
0.142 32.554 18.745 3.73157
0.000 31.473 18.813 3.98180
0.451 31.912 19.135 3.11311
0.000 32.588 19.271 3.02797
0.000 32.513 18.933 2.88705
0.000 32.507 19.429 3.28404
0.000 33.079 19.495 3.10062
0.000 33.342 18.408 2.82605
0.000 32.821 17.672 3.06885
0.000 31.483 16.866 2.88757
0.000 31.135 17.317 3.07391
0.000 31.186 16.001 4.45256
1.404 29.275 15.370 3.14923
0.000 30.261 15.794 2.72130
0.000 31.398 17.331 3.35059
0.000 32.039 18.213 3.29513
0.000 31.926 17.256 3.66364
0.000 31.258 15.941 2.80739
0.000 31.111 15.234 2.13689
0.000 31.344 15.930 1.89610
0.000 32.291 17.201 1.56852
0.000 33.379 18.339 1.89546
0.000 33.779 16.906 1.96079
0.000 32.969 16.248 1.86202
0.000 33.142 16.854 1.45227
0.000 33.514 17.214 1.31871
0.000 33.506 17.471 0.79279
0.000 33.835 16.599 1.04745
0.000 34.001 15.906 1.80145
0.000 33.623 15.856 2.10989
0.000 33.937 15.820 1.74019
0.000 33.655 16.400 2.12991
0.000 33.149 15.473 3.08290
0.000 32.374 15.828 1.76315
0.000 33.769 15.113 3.09310
0.000 29.151 11.828 4.95413
0.000 26.887 11.105 3.53815
0.000 29.051 11.683 2.27850
0.000 31.871 13.165 1.79364
0.000 32.131 15.364 2.54934
0.000 32.191 16.164 2.61054
0.000 31.931 16.229 2.75068
0.000 32.781 17.029 1.98855
0.000 33.298 17.306 2.50367
0.000 32.933 17.152 2.49446
0.000 32.743 17.562 1.79620
0.000 33.809 18.149 1.79639
0.000 33.653 18.990 1.19209
0.000 33.288 18.004 1.73830
0.000 28.772 14.383 3.01907
0.000 25.751 14.470 2.62223
0.000 25.820 16.166 1.98008
0.000 31.217 17.655 1.53302
0.000 33.930 18.901 1.07741
0.000 33.519 21.283 0.95438
0.000 33.541 19.662 1.24594
0.000 33.517 19.865 1.51257
0.000 34.471 19.319 1.44315
0.000 34.889 19.710 1.44272
0.000 35.154 20.792 1.50198
0.000 35.024 20.912 1.87449
0.000 36.043 20.550 2.07516
0.000 36.645 20.898 2.24146
0.000 36.892 21.045 1.87562
0.000 37.944 21.165 1.40993
0.000 37.933 22.215 0.93515
0.000 38.149 23.217 0.99487
0.000 36.762 22.941 2.05491
0.000 36.301 22.704 1.90059
0.000 36.798 22.070 2.07782
0.000 36.940 21.869 2.11383
0.000 37.447 22.106 1.71197
0.000 37.608 22.065 2.00805
0.000 37.226 22.827 1.40513
0.000 37.738 22.672 1.70985
0.000 37.050 22.652 1.47243
0.000 37.117 22.732 2.11289
0.000 36.360 22.136 2.22438
0.000 36.154 22.950 1.65978
0.000 36.476 22.505 2.45163
0.000 36.531 22.928 2.81582
0.000 37.837 21.706 2.76875
0.000 38.690 21.899 2.86360
0.000 39.298 21.741 2.16727
0.000 40.312 21.632 1.10113
0.000 36.900 18.773 2.90337
0.000 33.842 18.107 2.24651
0.000 34.668 18.635 1.34498
0.000 36.575 21.506 1.17363
0.000 37.985 23.220 2.56698
0.000 38.486 22.444 2.72798
0.000 38.912 21.470 2.94744
0.000 39.768 21.298 2.39178
0.000 39.663 21.952 2.45825
0.000 38.366 23.174 1.89865
0.000 37.434 24.631 2.16417
0.859 38.175 25.013 1.59802
0.726 33.307 17.262 4.35423
0.000 31.294 14.656 4.91103
0.000 29.060 13.976 5.19047
0.000 31.069 14.771 2.79328
0.279 34.689 17.055 1.91735
0.000 36.098 20.141 1.68343
0.000 37.825 22.299 2.23354
0.000 38.597 22.657 3.07071
0.000 38.638 23.098 3.05903
0.000 39.742 23.824 2.20537
0.000 37.634 19.602 3.60136
0.000 33.244 20.172 1.89148
2.399 36.684 24.229 1.31496
0.000 36.198 25.221 1.66601
0.000 38.378 26.123 1.49778
0.396 38.261 23.951 2.50606
0.080 38.531 23.218 2.69459
0.062 37.844 24.259 2.03362
0.870 36.874 26.095 1.63105
0.000 36.791 24.817 1.67261
0.715 37.428 24.502 1.49750
23.041 34.174 19.005 3.90728
0.011 31.036 19.731 1.70418
3.448 35.439 23.295 1.19458
0.981 35.369 24.455 1.58124
0.000 37.060 25.103 1.97254
0.320 37.141 25.650 2.33797
1.205 36.355 25.037 1.95377
0.004 39.770 26.350 2.08494
11.026 36.123 24.641 1.83954
0.346 33.857 24.608 1.44927
1.000 32.941 21.544 2.90512
0.026 34.583 21.689 3.04299
0.000 30.057 21.595 1.50493
0.000 36.324 23.383 1.12336
0.000 37.783 25.354 2.01835
1.401 37.102 24.908 2.92233
0.066 38.026 25.526 2.84019
0.000 39.569 25.782 2.31297
0.000 38.018 25.877 2.28633
15.786 39.864 25.396 1.68075
17.859 33.991 22.433 2.93671
0.026 35.528 23.242 1.12888
0.481 35.725 24.640 1.80640
0.000 36.225 25.482 1.67208
0.240 34.743 25.810 1.50707
1.581 33.834 25.407 0.99297
0.233 32.789 24.757 1.19832
1.721 35.675 24.244 1.67598
0.146 37.436 25.445 1.69350
0.000 38.057 24.899 1.89219
0.759 38.682 25.996 2.01656
0.310 35.825 25.794 1.45650
0.177 38.237 26.045 2.09387
5.934 38.246 25.471 2.46135
3.091 37.206 25.703 2.02081
0.316 37.671 26.088 2.27040
1.030 36.219 25.167 2.51232
3.249 35.637 24.549 2.21743
2.220 37.042 25.793 2.05723
0.049 38.970 23.938 1.55178
0.000 41.114 26.615 1.72157
0.000 37.202 25.914 2.61599
9.209 35.860 25.674 2.56290
0.051 38.775 25.783 2.17350
1.234 37.114 25.703 2.60329
2.315 32.647 24.794 2.49721
1.706 34.848 25.615 3.05626
1.575 35.726 25.707 2.96794
1.490 33.379 25.016 2.93100
3.463 32.909 25.111 2.71056
2.037 34.193 25.056 2.50475
12.624 34.666 24.944 2.14891
4.430 33.986 25.102 1.68751
0.354 33.743 24.855 1.92407
5.064 33.090 24.239 1.60411
4.242 33.974 24.888 2.14235
2.445 33.313 24.114 1.52442
2.418 34.288 24.303 1.57493
46.192 33.817 24.876 1.51048
2.990 32.220 23.842 1.75998
6.970 34.760 24.132 2.30208
0.687 34.869 24.171 2.49111
3.711 33.570 23.934 2.25228
0.096 37.286 24.762 2.60447
3.085 35.760 25.195 2.81192
4.710 35.099 25.091 2.70639
38.836 33.699 25.047 1.59010
6.504 30.020 24.259 2.34068
0.356 32.271 24.457 2.90008
1.461 31.788 24.853 2.93338
0.009 32.406 25.396 3.23949
0.204 32.307 24.793 3.04913
0.000 33.232 24.692 2.76365
2.889 33.455 24.691 2.94871
0.000 33.483 24.956 2.67310
1.660 32.978 24.786 2.25086
10.271 31.911 24.837 3.08327
0.893 30.967 24.379 3.49814
0.835 32.071 24.196 3.46727
0.069 35.448 25.100 3.39412
0.000 34.964 25.350 3.51191
0.059 33.243 25.261 2.86662
0.558 30.904 24.512 2.39347
6.480 31.823 24.311 2.61438
7.985 32.367 24.452 2.64670
1.022 32.190 24.532 2.38703
0.281 31.878 24.449 2.18658
0.083 32.139 24.600 2.10352
0.185 31.667 24.739 2.48404
0.085 30.893 24.094 2.40834
6.350 33.307 24.599 1.99572
5.544 30.637 23.764 2.29811
3.283 30.373 23.826 2.45318
2.141 28.963 23.551 2.74240
0.921 31.619 23.519 2.83329
1.436 31.778 24.046 2.75995
7.234 29.467 24.024 2.22678
20.892 29.314 23.539 2.84966
2.706 29.098 23.091 2.56533
13.238 31.458 23.028 2.58612
9.926 31.365 23.487 2.23687
30.580 31.397 23.476 2.17688
19.489 28.966 23.357 1.60700
14.162 29.248 23.261 1.55450
8.711 29.428 23.789 1.76507
14.589 29.732 23.513 2.18736
13.015 29.809 23.629 2.67332
19.721 29.012 22.825 2.25936
1.609 31.527 23.195 1.80095
2.110 31.894 24.348 1.02192
20.416 28.963 23.452 1.29844
15.169 27.913 22.586 1.28512
5.310 31.693 22.724 0.77878
3.759 32.570 22.980 0.79927
0.076 32.218 23.194 1.12208
0.034 32.682 23.775 1.74415
8.254 31.161 23.930 2.23231
2.076 31.642 24.205 2.58698
3.337 29.306 23.678 2.61218
3.023 30.188 23.739 2.64884
1.036 29.943 23.680 3.18805
10.515 29.495 23.379 3.38177
5.073 29.254 23.338 3.20496
1.931 28.606 23.365 2.65509
2.859 28.445 23.177 3.06195
1.631 29.777 22.843 2.72336
12.344 29.668 23.353 2.51056
8.112 30.951 23.549 2.77239
1.751 29.058 23.636 3.56887
3.133 30.116 23.738 3.54276
3.055 29.287 23.343 2.82753
2.485 28.734 23.320 2.23542
3.450 30.623 23.740 2.65951
9.496 30.780 23.806 3.36721
4.066 30.987 23.270 3.39259
2.219 30.707 23.632 3.14150
0.667 29.940 23.443 3.06773
11.007 29.800 22.999 2.87243
6.112 29.572 22.938 2.83936
1.128 31.019 23.104 3.13423
1.796 30.200 23.762 3.48011
3.524 30.488 23.310 3.85896
9.385 28.678 23.360 3.42726
1.708 29.162 23.059 2.91732
0.410 29.889 23.030 2.30374
0.736 31.677 23.176 2.79538
5.104 30.093 23.547 2.71483
1.421 30.330 23.166 2.22482
1.368 29.363 23.146 2.09450
21.321 30.462 23.014 2.46192
9.324 29.237 23.585 2.10023
15.070 29.915 22.303 1.62326
0.040 30.860 22.464 1.82050
0.235 31.471 23.207 1.59328
0.044 31.345 23.941 1.25700
2.029 31.522 23.300 0.98815
2.115 31.047 23.328 1.28268
15.065 29.880 22.915 1.82228
15.342 30.231 22.336 1.99153
3.306 30.354 23.386 2.15386
2.240 29.920 23.852 2.43163
4.261 28.260 23.305 1.63151
82.173 29.618 24.043 1.17273
2.241 28.637 23.753 1.44085
3.500 28.707 23.244 1.35479
1.036 30.487 23.868 0.80199
30.081 30.135 23.540 1.22619
13.374 29.918 23.264 1.21582
22.829 27.512 22.962 1.16598
23.759 28.333 22.378 2.27495
1.071 27.833 22.206 1.89660
4.166 28.807 22.919 1.86837
13.974 27.767 22.969 1.42663
19.597 28.679 23.499 4.54657
2.126 28.305 22.710 3.02101
1.533 29.820 23.164 1.37200
0.922 28.127 23.474 1.22727
0.037 30.695 23.482 1.45861
22.325 30.653 24.113 2.84899
4.189 28.899 22.379 2.42359
9.200 29.792 22.860 1.28742
7.569 28.873 22.422 1.93212
0.898 29.808 23.224 1.93633
2.165 28.201 23.583 2.07168
0.269 28.764 23.020 1.47814
0.000 30.967 23.060 1.53836
0.196 31.113 23.510 1.97045
3.654 28.950 23.360 2.86063
2.670 28.249 22.927 1.60364
1.383 30.019 22.961 0.66897
29.001 29.814 22.672 1.40671
0.224 29.578 23.170 1.22515
1.002 31.135 23.379 0.79196
0.000 32.436 23.158 0.63362
12.023 31.110 23.367 1.00181
6.805 30.264 22.945 0.94083
0.116 29.831 22.926 1.34675
0.000 30.005 23.063 1.83169
0.976 29.058 22.402 2.75310
0.001 28.650 21.075 3.12248
0.000 29.335 21.578 2.94315
0.629 29.590 22.743 2.97592
0.975 29.188 23.628 1.63521
50.175 28.290 23.119 1.21932
3.555 28.629 22.089 2.09484
0.542 30.121 21.592 2.31873
2.334 29.239 21.183 1.35009
0.000 29.904 21.817 1.42955
0.874 29.885 21.463 2.22154
0.000 29.560 22.081 2.82306
0.000 28.310 21.247 2.99318
0.000 29.291 20.043 3.12503
1.069 28.585 20.516 3.17672
0.455 28.540 21.203 2.82071
12.335 28.683 21.602 2.78508
33.271 26.832 21.675 2.09259
0.625 28.998 22.113 1.74814
7.213 29.718 21.897 2.15080
0.000 29.575 21.016 2.26185
0.000 30.061 19.551 2.81990
0.000 28.607 18.755 3.02223
0.750 27.586 19.150 2.83499
1.515 28.525 20.079 2.31331
0.119 30.034 21.361 1.42459
0.040 30.706 22.888 1.05327
62.285 28.800 23.562 1.69506
2.764 28.627 22.422 1.25977
0.803 30.105 23.161 0.91616
0.044 28.454 23.187 1.08073
6.261 28.460 22.305 0.90052
0.000 30.657 22.462 0.60242
0.000 31.471 22.819 0.70643
0.000 30.842 22.486 0.96001
0.000 31.039 22.238 0.84025
0.000 32.008 22.667 0.52958
4.373 31.715 23.068 0.60704
16.042 30.516 22.444 1.71875
0.145 29.359 21.302 2.04806
0.000 29.040 21.712 2.89799
0.351 27.804 20.313 3.08272
0.000 27.281 15.562 4.01112
0.000 26.655 15.508 3.93081
0.000 25.586 14.205 3.77648
0.084 25.765 14.589 3.17691
0.064 26.413 15.999 3.20621
0.002 25.782 16.515 2.93943
0.027 28.139 17.610 2.49346
0.120 27.903 19.260 2.20371
0.000 29.144 19.888 1.85586
0.000 30.143 20.163 2.39381
0.194 29.483 19.361 2.58311
0.031 29.674 19.265 2.22214
0.000 30.742 20.049 1.47262
0.589 30.062 21.721 1.83305
0.000 30.445 21.702 1.68763
2.528 30.237 18.873 2.70706
4.280 25.900 17.013 3.05975
0.961 25.173 14.240 4.11415
0.000 26.243 14.229 3.99308
0.000 27.581 14.561 2.91558
0.000 28.775 16.059 2.27838
0.044 29.835 18.566 2.49098
0.070 31.083 17.870 3.76451
0.055 28.564 14.935 4.33675
0.000 28.205 15.130 4.01665
0.468 28.581 15.477 4.70971
0.172 25.378 13.973 4.41651
0.013 27.088 14.221 3.85165
0.000 26.889 12.667 4.44151
0.000 25.694 11.799 4.05515
0.000 26.318 12.157 3.28358
0.891 27.533 14.422 3.47455
1.961 23.899 13.408 5.42370
0.008 23.857 13.144 3.88944
0.000 26.020 13.451 1.91754
0.000 29.285 16.074 1.41554
0.000 31.542 18.755 1.17782
0.000 31.315 20.850 1.02262
0.000 28.952 19.690 2.11723
0.000 31.089 18.331 2.82395
0.000 31.131 17.906 2.47786
0.000 31.546 18.140 2.35883
0.000 32.495 18.884 2.42280
0.000 32.469 20.664 2.21679
0.000 32.630 19.921 2.23423
0.000 32.452 20.539 1.25215
0.000 33.602 21.597 1.28518
0.000 34.150 19.322 1.98212
0.311 30.455 15.219 4.32443
0.000 29.308 13.741 3.63003
0.000 29.853 14.124 3.21882
0.000 29.158 13.155 3.20042
0.000 29.493 13.744 2.41510
0.000 30.445 14.867 1.48744
0.000 32.679 15.974 1.23008
0.000 33.534 17.217 0.99340
0.000 34.522 18.385 0.99243
0.000 34.371 18.865 1.29317
0.000 34.713 19.995 1.35614
0.000 34.988 19.504 1.91674
0.000 35.137 18.388 2.08205
0.000 34.903 17.837 2.06733
0.000 35.352 17.435 1.87486
0.000 35.012 16.125 1.70162
0.000 33.538 16.967 1.91162
0.000 31.743 14.520 3.79974
0.000 30.002 13.972 3.53560
0.000 29.489 14.102 3.58770
0.000 29.462 14.529 3.68063
0.000 30.471 15.559 2.36388
0.000 33.300 17.465 1.75974
0.000 34.389 19.051 1.31238
0.000 34.971 20.735 1.22965
0.000 35.159 22.794 2.06289
0.000 35.504 22.427 1.65445
0.000 35.701 21.491 1.44518
0.000 36.415 20.946 2.81784
0.000 34.763 19.640 3.10970
0.000 34.567 18.968 2.49947
0.000 34.910 19.610 2.20245
0.000 34.757 19.219 2.38316
0.000 34.131 19.438 3.15780
0.001 34.600 19.970 3.62758
0.000 34.141 21.725 2.51318
0.000 30.796 22.811 1.95222
0.111 34.488 20.745 2.55089
2.266 33.353 21.175 1.57866
0.000 35.864 22.427 1.30593
0.000 36.110 24.012 1.42165
0.774 34.584 23.958 1.65859
17.045 34.452 22.940 1.41507
0.665 32.507 21.169 1.64907
0.000 35.730 21.143 2.63960
0.000 34.286 21.770 1.95792
0.000 36.171 22.847 1.55915
0.000 37.619 22.691 2.87300
0.000 35.948 21.669 2.89916
0.000 36.348 22.284 1.98414
0.000 37.080 23.650 1.29565
0.000 37.408 23.362 2.06498
0.000 37.198 23.750 2.63840
0.127 38.062 22.618 2.98627
0.000 33.482 17.352 3.71352
0.000 33.594 17.847 2.81156
0.000 34.763 20.011 1.75952
0.000 36.612 21.955 1.42789
0.000 36.865 23.811 2.31101
0.000 37.178 24.178 2.24637
0.000 36.654 24.172 1.86703
0.000 38.412 25.351 1.52766
15.025 33.512 22.916 1.77867
0.000 36.213 23.301 1.90011
0.156 36.918 23.435 2.71241
0.220 37.787 24.134 2.36741
33.351 34.651 17.810 2.86843
1.724 26.559 18.390 2.96210
0.029 30.974 19.339 1.27075
0.000 36.657 23.370 1.30648
0.000 36.871 24.343 1.58284
3.045 36.563 24.596 1.26424
0.000 36.937 23.965 1.82824
0.757 36.050 24.462 1.60880
0.000 35.923 24.866 1.85877
0.349 34.662 23.936 2.52679
0.003 38.346 24.612 2.27157
0.000 38.361 25.170 2.09748
0.000 37.748 25.258 2.10952
0.000 36.935 24.233 2.44051
0.000 37.387 25.458 2.37133
16.868 35.028 25.396 1.22924
5.035 32.347 23.794 2.24308
20.830 32.450 22.911 1.82168
8.760 33.511 22.900 1.31227
5.215 32.438 23.166 1.31155
4.939 33.364 23.120 1.21614
2.331 33.843 23.923 1.59017
2.266 34.812 23.990 1.73486
0.000 36.313 24.100 1.71731
0.000 38.216 25.489 1.58862
14.034 32.815 24.129 1.05331
0.057 29.797 23.498 1.61886
2.690 31.878 24.386 1.50595
0.011 32.616 24.146 1.84392
0.511 35.336 24.087 2.45450
0.000 35.231 24.087 1.98466
0.169 35.304 25.363 1.88186
2.393 31.937 24.663 1.07053
29.595 30.115 20.048 2.49003
0.079 30.445 20.564 1.92599
0.035 34.518 22.556 1.15402
0.000 35.013 23.973 1.57452
22.382 33.138 24.754 0.58633
0.000 32.951 23.922 1.20658
0.070 34.311 23.095 2.11532
0.000 35.445 23.492 1.90109
1.301 36.786 24.910 1.74269
0.693 33.755 23.695 1.40764
0.000 34.573 24.634 1.09005
3.154 35.033 24.019 2.24090
0.000 34.326 24.342 1.94480
0.021 36.170 25.392 1.79814
2.388 33.956 24.669 1.74087
0.761 33.912 23.677 2.22982
2.099 34.585 23.728 1.96506
0.531 37.345 24.796 1.68717
1.259 35.031 24.608 1.62554
11.534 33.804 24.513 1.89152
12.772 32.614 23.863 1.71761
1.494 33.493 24.670 1.88666
0.000 32.992 23.983 2.01238
0.776 34.593 24.038 1.69690
25.464 33.648 24.431 1.27296
7.818 31.896 24.053 1.10035
0.023 32.246 23.383 1.00728
0.848 34.677 23.896 1.19608
0.006 36.480 23.452 2.11414
0.000 35.148 20.461 3.82160
0.075 34.432 20.931 2.49812
0.161 35.914 22.996 1.52948
14.916 36.027 24.197 1.37991
34.202 31.145 23.481 1.19577
14.009 29.095 22.955 2.22775
6.389 29.095 23.475 1.92854
4.256 29.374 24.123 2.46438
8.965 30.700 24.051 3.19720
1.719 29.686 23.775 2.19019
5.671 30.885 23.266 2.13222
1.488 31.862 23.551 1.81426
4.349 32.146 23.680 1.09246
0.600 32.185 23.260 1.47098
0.714 33.266 23.262 1.53596
0.397 32.985 24.348 2.16743
14.315 30.669 23.946 2.10150
9.513 29.684 23.042 1.70979
12.826 31.736 23.766 2.30271
0.924 31.203 23.587 2.22847
2.443 31.049 24.228 2.62182
0.436 31.163 23.234 2.88090
0.839 33.382 23.454 2.64271
0.333 32.571 23.230 2.80494
0.436 33.899 24.366 2.60904
0.882 32.209 23.538 2.56125
0.000 33.479 24.400 3.10006
0.980 32.427 24.536 2.87670
0.000 31.466 24.309 2.50640
2.021 33.388 24.251 2.65401
0.654 33.649 23.982 2.55686
2.585 33.525 23.966 2.58151
10.860 34.666 23.867 2.42684
0.721 34.563 24.688 2.18843
46.991 32.412 24.462 1.23726
7.832 30.657 24.257 0.66129
0.079 29.266 23.343 0.90639
10.134 30.971 23.989 1.24360
0.016 30.087 23.541 1.06830
0.483 31.355 24.371 0.91505
2.676 31.815 23.525 1.34773
5.952 30.981 23.531 1.62097
0.508 30.644 23.877 1.25972
1.306 30.116 24.030 1.44775
0.568 31.334 23.501 2.27571
7.418 31.516 24.018 2.89630
0.724 30.035 23.946 2.99161
1.554 28.808 22.951 2.82028
3.409 30.173 24.322 1.77282
5.324 30.248 23.533 2.58394
1.061 30.731 23.765 3.26714
3.576 28.759 24.069 3.17375
16.778 30.573 24.084 3.04148
0.562 28.804 24.067 3.08860
0.159 30.354 24.240 3.21177
0.000 30.021 24.160 2.87343
0.009 31.463 24.557 3.22383
26.091 31.035 23.169 3.17531
2.218 31.062 23.858 3.14554
3.727 30.206 24.070 3.10107
0.371 28.702 24.170 3.05567
0.096 29.643 23.950 3.09330
0.544 29.423 24.019 3.12539
0.148 29.314 22.897 3.58320
9.300 28.492 23.083 3.41533
8.236 29.444 23.057 2.89017
19.640 29.859 23.083 1.24144
4.336 30.341 23.150 1.90401
2.796 29.775 23.249 2.74253
21.533 30.034 23.216 3.04352
20.114 30.869 23.192 2.97881
0.628 29.002 22.548 2.84498
3.015 30.162 23.375 3.06168
8.185 28.587 22.349 3.11435
0.803 28.224 22.011 2.99270
1.456 29.670 22.720 2.90030
6.238 30.286 23.739 2.51799
21.545 29.610 22.784 2.78718
43.844 29.159 22.621 2.37945
1.780 28.250 22.355 2.23607
0.720 29.354 22.663 2.81550
0.929 28.829 22.368 3.06960
1.135 28.279 22.769 3.83187
1.355 31.146 22.857 3.87389
0.505 31.283 23.079 3.60509
2.361 31.224 22.855 3.49673
0.359 29.936 23.375 3.05080
0.719 28.421 23.048 3.19844
0.450 30.667 22.829 3.08834
0.705 30.279 23.055 3.31453
18.449 30.186 23.243 3.07640
5.626 29.885 23.705 2.28763
63.430 30.501 23.227 2.87292
5.819 31.081 23.531 2.98232
0.476 29.653 22.667 3.40205
3.824 30.719 23.541 2.69781
1.969 30.182 23.757 2.76710
2.470 29.139 23.306 2.68179
1.615 29.345 23.112 2.09414
34.745 29.326 22.892 1.90593
0.731 30.408 22.873 2.90314
2.011 30.488 22.417 2.85437
6.671 32.550 23.362 1.99618
11.386 30.249 23.585 1.44631
8.028 28.198 22.424 2.21772
0.208 30.055 22.887 1.94324
0.736 29.681 23.105 1.70661
11.987 28.283 21.872 2.45570
14.863 24.533 21.259 2.78182
6.129 29.513 22.190 1.96590
1.321 30.260 22.626 1.98742
2.729 30.850 22.438 1.56046
0.000 31.625 22.864 1.57034
0.390 31.953 23.467 1.36175
1.831 30.888 23.279 1.67163
0.000 30.744 23.048 1.47847
0.000 31.522 23.777 1.25743
0.861 30.816 23.820 1.65958
32.159 28.288 23.524 1.05972
4.394 28.324 20.862 2.51458
1.135 28.844 21.316 2.01655
0.395 29.100 21.522 1.51906
0.200 30.296 22.278 1.31249
18.244 29.906 22.322 1.31635
1.486 30.777 23.252 1.30166
3.989 28.503 23.120 1.03175
25.500 30.049 22.667 1.29577
12.792 28.979 23.409 0.99182
6.975 28.400 22.556 0.81048
0.028 29.660 22.315 1.04407
5.267 29.916 22.781 1.97237
2.749 29.297 21.648 1.76210
0.000 28.975 21.672 2.16447
24.665 28.431 22.001 1.49077
25.330 25.977 22.425 2.26590
0.000 29.186 22.125 1.68018
13.634 30.108 23.081 1.61007
0.040 29.679 22.504 1.64851
12.648 30.181 23.246 1.65262
3.261 29.991 22.445 1.82503
80.104 29.046 23.023 2.64689
36.376 26.785 22.926 3.56990
1.055 29.181 22.367 2.20759
1.827 30.400 22.924 1.33271
12.911 29.103 23.105 1.23633
0.625 27.374 23.034 1.67364
0.834 28.921 22.572 2.41804
29.866 29.603 22.589 1.92087
10.648 27.304 21.824 1.10714
1.551 29.820 21.188 1.77542
0.459 29.342 21.369 1.51803
1.269 29.354 21.494 1.74354
6.602 30.187 21.718 1.34036
0.000 30.010 21.715 1.45565
0.000 31.748 22.789 0.76881
2.392 30.498 23.139 0.94713
0.000 30.582 22.015 1.27617
2.524 29.077 21.637 1.10215
0.000 30.432 21.901 1.22583
0.011 29.574 20.958 1.80019
0.000 29.698 19.985 1.80929
0.000 29.872 20.910 1.73966
0.234 29.980 21.294 1.77611
4.824 29.182 20.411 2.11308
0.000 29.717 20.925 2.36750
0.000 29.797 21.598 2.91956
0.000 29.202 21.252 2.75551
1.423 29.285 20.234 2.69017
0.000 28.888 18.800 2.76440
1.121 28.595 18.947 2.55001
0.000 27.773 19.693 2.53848
0.000 28.247 17.845 3.25990
0.000 27.253 16.228 2.70686
0.000 26.453 15.782 2.43337
0.000 27.370 16.486 1.92916
0.000 28.899 17.039 1.48643
0.000 28.698 17.991 2.66492
0.000 27.677 18.818 2.91552
0.000 28.647 19.839 2.60078
4.912 29.855 21.712 1.82630
0.000 29.936 20.981 1.96657
0.000 29.304 18.990 2.67415
0.000 28.968 19.207 2.23056
0.000 29.568 18.627 1.56531
0.000 29.671 18.986 1.92746
0.000 30.740 20.173 1.77281
0.000 30.359 21.168 1.63196
0.000 31.249 21.539 1.21244
0.001 28.749 21.619 1.36703
0.000 31.267 22.155 0.96750
0.000 30.941 22.581 1.19145
0.077 31.009 21.932 1.43443
0.000 32.203 22.510 0.67141
0.000 32.282 22.867 0.81513
4.338 32.031 22.112 0.58805
0.000 32.093 22.111 0.88415
0.000 32.124 22.127 0.90611
0.000 33.228 21.761 0.81423
0.000 32.785 21.626 0.91324
0.000 32.449 21.625 1.08966
1.082 32.823 21.822 0.84909
0.000 32.834 19.156 1.88227
0.025 31.934 19.923 2.21406
0.000 30.057 19.864 3.44934
0.000 31.220 18.871 3.77616
0.000 30.871 19.285 3.27013
0.544 31.724 21.143 2.34078
0.564 33.100 22.081 1.65410
0.000 33.327 20.175 1.97278
0.000 33.373 20.242 3.16372
0.000 31.843 20.358 3.04135
0.000 31.471 20.130 2.60842
0.000 32.296 18.953 2.40778
0.000 32.221 17.823 2.76174
0.000 31.377 16.630 2.84175
0.000 31.288 17.148 2.97948
0.000 30.283 15.100 4.40445
0.000 28.988 14.811 3.89290
0.000 28.220 15.023 3.66930
0.000 29.827 15.428 4.63630
0.000 28.348 13.503 4.50498
0.000 27.896 12.049 4.07762
0.000 27.656 11.918 3.59656
0.000 27.910 12.803 2.41599
0.000 29.228 14.497 2.67079
0.000 30.258 15.091 1.84511
0.000 31.234 15.450 1.52972
0.000 31.666 16.117 1.83425
0.685 31.511 16.705 2.96261
0.000 30.438 16.377 2.43805
0.000 30.889 17.044 2.26826
0.036 31.839 18.440 2.19623
0.000 32.906 17.822 1.73542
0.000 32.633 17.486 1.48538
0.000 34.521 17.112 1.40437
0.000 34.386 18.169 2.95634
0.015 32.269 18.126 4.50334
0.367 28.996 16.261 5.00467
0.165 29.214 16.506 4.46510
0.053 28.037 15.485 4.42851
0.038 29.735 15.742 3.91226
0.000 30.603 16.290 2.63067
0.000 32.581 17.389 2.78932
0.000 32.972 17.962 2.86327
0.000 33.740 19.118 2.51713
0.000 33.378 18.639 2.60422
0.000 34.089 19.277 1.89935
0.000 34.637 20.634 1.97806
0.000 35.213 21.208 2.49331
0.000 34.470 20.159 3.04021
0.000 32.863 20.288 2.13835
0.000 33.483 21.639 1.10878
0.000 34.743 20.286 2.08307
0.000 34.235 20.414 2.26619
0.000 33.323 18.422 3.24324
0.000 33.168 16.960 3.66385
0.000 32.932 17.031 3.38383
0.000 32.598 16.705 3.57960
0.000 31.372 14.843 4.59779
0.000 28.434 13.378 4.88414
0.000 29.275 13.373 3.02142
0.000 30.552 13.714 3.03059
0.000 29.919 13.432 3.11338
0.000 29.525 13.868 4.13921
0.000 29.288 13.500 3.62899
0.000 29.223 13.462 2.48643
0.000 31.304 14.664 1.84499
0.000 32.730 16.015 1.39337
0.000 33.428 19.201 1.03140
0.000 34.045 21.308 1.38380
0.000 34.865 18.789 1.49560
0.000 35.709 18.739 1.73237
0.000 37.307 18.467 1.76065
0.000 36.873 19.830 1.11404
0.000 37.347 22.152 1.42527
0.050 37.425 22.248 1.72575
0.000 37.718 23.131 1.71568
0.000 37.670 22.353 2.52967
0.000 37.007 21.546 2.66058
0.000 37.612 20.909 2.31912
0.000 38.732 22.133 1.57161
0.509 39.151 23.356 1.70148
0.031 37.708 24.429 1.64617
0.114 37.613 25.424 1.75036
0.022 32.614 25.084 1.59196
1.409 33.091 24.781 0.99918
0.000 36.501 24.883 1.00961
0.566 38.088 25.479 1.17123
0.000 36.804 24.632 1.48708
0.305 35.163 25.251 1.29021
0.000 33.680 23.787 1.20920
0.669 34.373 24.251 1.73059
0.000 36.013 23.866 2.20316
0.066 36.225 23.040 1.91994
0.000 36.817 24.045 1.82651
0.000 37.865 24.418 1.94861
0.000 37.726 23.696 1.43948
0.000 36.592 23.833 1.78216
0.000 36.365 23.897 0.86534
0.000 36.808 24.802 1.85945
0.000 34.750 24.483 1.58840
0.101 36.937 24.327 1.30107
0.000 36.860 25.257 1.30967
0.247 36.456 25.649 1.53606
0.000 36.567 24.574 2.71490
0.009 38.240 24.725 2.47929
0.340 38.993 25.376 2.25380
2.568 37.866 25.211 2.74202
16.749 32.792 23.856 2.02140
4.312 31.670 21.579 2.41654
1.417 26.609 19.118 3.31742
0.000 32.727 20.120 1.67345
12.944 35.748 23.148 1.35270
0.000 35.654 24.047 1.81641
1.479 36.097 24.395 1.35152
0.005 34.949 23.998 2.01707
0.085 35.050 24.182 2.21377
0.288 35.724 25.380 1.63973
0.192 33.992 25.604 1.39258
0.000 35.591 24.700 1.68662
0.000 37.156 23.902 1.38389
0.000 39.666 24.449 2.28355
0.000 40.836 23.504 2.88063
0.000 40.446 24.634 2.66008
0.054 40.571 22.707 2.27130
19.097 35.799 23.114 3.22132
0.000 35.744 22.871 2.84452
0.044 38.146 23.778 2.51742
0.004 36.845 24.036 1.78201
0.000 37.251 23.961 1.85768
0.000 35.853 24.678 1.89597
0.017 35.042 23.909 1.27371
1.709 33.987 23.247 1.72171
0.312 33.332 23.908 1.82348
1.325 32.386 23.957 1.03049
0.494 34.125 24.410 1.16165
0.460 35.861 25.006 1.77729
2.050 35.186 24.518 2.46520
0.000 37.095 25.837 2.16051
18.803 33.015 22.746 2.01886
0.244 37.123 24.183 1.43349
1.497 38.162 25.330 2.24440
9.199 34.368 25.458 2.21917
1.357 36.229 24.966 2.65210
0.092 38.352 24.591 2.80297
0.361 40.164 25.809 2.41926
22.574 34.592 25.077 0.94025
11.466 30.822 23.997 1.24740
6.755 34.944 24.283 1.20918
4.826 31.052 24.131 1.51495
13.816 29.861 22.998 1.51338
4.920 31.293 22.840 2.43521
15.945 27.983 23.005 1.71290
4.416 30.190 23.415 1.13565
8.535 30.966 23.776 1.32972
10.435 30.801 22.942 1.21766
22.399 31.187 23.643 1.47471
7.632 28.818 22.389 1.73805
6.819 29.930 23.330 0.89141
3.155 28.805 23.297 1.07396
12.443 30.703 24.145 0.98182
10.173 30.072 24.030 1.14575
46.861 29.966 24.171 0.76925
19.072 28.612 23.686 0.96544
3.752 26.427 21.507 2.09474
11.346 31.447 22.964 1.06786
7.719 30.539 23.823 1.30143
2.431 31.173 23.674 1.28873
1.086 30.968 23.419 2.25510
2.361 30.254 23.179 1.84946
4.679 30.671 22.557 1.75717
3.316 32.188 23.070 2.36281
0.170 31.655 22.822 2.69296
0.000 32.263 23.241 2.63783
3.067 31.039 23.745 2.74755
0.514 32.693 23.377 2.75729
0.515 33.291 23.992 2.42307
12.390 32.567 24.047 2.15261
16.204 31.090 24.496 2.33036
23.571 30.154 24.029 2.21733
12.801 28.935 23.411 2.21072
1.901 29.967 23.466 1.91791
3.710 31.304 23.906 2.20039
7.315 29.965 23.917 2.10782
5.458 30.275 23.976 2.14679
28.979 30.432 23.928 1.79064
7.260 30.446 23.861 1.66237
4.236 30.615 23.409 1.73785
3.224 31.771 23.224 1.90298
1.329 31.567 23.689 1.85829
0.686 31.573 23.641 2.02981
0.158 32.412 23.770 2.07868
0.206 32.172 24.431 2.20277
0.462 32.467 23.899 1.98917
0.781 31.898 24.381 1.83451
2.877 31.456 23.999 1.79231
0.337 32.378 23.956 1.52131
1.707 32.092 24.262 1.73104
5.127 29.783 23.414 1.78674
6.799 30.446 24.229 1.25467
0.616 32.131 24.133 0.81280
0.271 30.945 23.657 1.82391
8.394 31.287 24.180 1.36614
1.586 31.759 24.052 0.97371
0.769 31.329 24.526 0.94695
4.447 32.799 23.701 1.05152
2.539 31.362 24.204 1.63506
5.228 30.585 24.607 1.97440
4.138 29.537 24.628 2.76276
10.936 30.006 23.795 3.01763
6.624 29.069 23.644 2.39592
1.497 29.864 22.427 3.27258
1.091 29.827 23.515 3.20023
0.117 30.725 23.199 3.25533
1.011 30.108 22.681 2.93675
0.514 28.881 22.777 2.99033
6.082 30.333 23.418 3.51492
2.296 29.126 23.493 3.27540
16.489 28.501 23.268 2.82370
3.763 30.186 23.255 2.59207
13.320 30.386 23.322 2.43931
0.539 31.161 23.090 2.54538
0.350 30.752 23.648 2.96043
0.693 31.542 23.325 3.28963
0.000 31.639 22.721 3.63517
0.000 31.983 24.059 3.68839
0.394 31.144 23.917 3.12924
0.595 30.988 23.938 2.81553
61.592 31.501 23.984 2.74240
0.481 29.006 22.997 2.43458
0.287 30.770 23.475 2.20213
11.699 29.916 23.353 2.39321
0.085 30.548 22.829 1.77929
2.286 29.721 22.555 1.70044
0.956 30.987 22.886 0.74154
0.115 31.477 23.568 1.12027
4.455 28.871 22.397 1.15423
0.000 31.848 21.976 0.91074
0.306 32.437 22.715 0.86333
2.235 30.961 22.980 1.39077
23.478 30.900 23.145 1.13831
3.485 30.279 22.435 1.60261
0.231 31.185 23.366 1.52591
22.077 29.847 23.240 2.51106
3.534 30.103 22.330 2.76145
0.173 30.582 22.307 2.90969
1.361 30.473 23.108 2.59596
0.366 30.240 22.874 2.62501
15.469 28.664 22.986 2.74079
17.364 28.023 22.750 3.58090
9.762 28.799 22.827 3.20969
1.314 30.617 23.492 3.50915
0.064 28.571 23.359 4.10095
0.120 30.276 23.117 3.52667
0.423 29.353 23.544 3.00117
0.103 30.462 24.228 3.21662
0.000 31.338 24.046 2.83918
2.306 31.265 23.944 2.58764
2.098 29.903 23.922 2.46012
39.079 29.739 23.784 3.01044
12.277 29.213 22.784 2.69343
1.733 30.627 23.576 2.54619
3.036 30.641 23.444 2.42610
0.164 31.115 24.225 2.42688
0.824 30.093 23.597 2.58227
0.531 29.266 23.068 2.17918
0.098 29.793 23.249 1.74166
1.445 30.138 23.094 1.05211
13.189 30.230 23.363 0.84974
10.590 31.228 23.273 0.92901
18.960 30.742 23.759 0.89661
18.288 30.349 23.396 1.10196
6.961 28.860 23.196 1.12514
16.720 29.248 23.246 1.72958
3.045 29.552 23.287 1.72781
5.385 29.636 23.340 1.78881
6.119 29.911 23.300 1.99765
8.295 29.368 23.541 2.27412
4.900 28.719 22.490 2.21408
0.791 30.346 23.714 1.44014
21.243 29.110 22.923 1.41947
1.081 30.891 23.552 1.39893
8.425 30.962 23.454 2.07137
4.895 29.014 23.128 1.55858
3.913 29.949 23.012 1.72059
0.504 30.241 23.031 1.59687
0.311 30.504 23.725 1.37465
4.509 29.580 23.269 0.94942
6.306 31.623 23.879 0.58536
8.369 30.908 23.969 0.77044
4.966 29.161 23.019 1.23167
4.732 30.097 23.354 1.68642
47.400 29.191 23.496 1.48145
18.062 27.929 23.280 1.37108
0.257 28.432 19.763 1.57056
0.000 28.806 20.398 2.05540
0.067 30.228 20.281 1.45047
0.000 30.288 21.721 1.46901
0.058 31.024 22.637 1.31598
0.000 31.716 23.356 1.33837
6.099 30.101 22.641 1.70771
17.306 30.144 23.295 1.30416
27.626 29.861 22.520 1.69716
7.564 30.460 23.526 0.88031
0.957 30.450 22.739 1.03165
3.530 30.555 23.048 0.91619
13.723 29.060 23.371 1.71935
33.530 28.775 23.688 2.91893
18.868 26.729 22.793 3.61173
5.278 28.428 22.700 2.49150
6.409 29.362 22.564 2.14755
7.467 29.585 22.678 1.68047
2.922 29.789 23.225 1.33182
9.155 28.329 22.826 1.02121
21.010 26.744 22.423 1.69476
20.676 27.242 21.774 1.33115
23.521 27.372 21.762 1.34156
1.336 29.582 22.454 1.68503
2.262 28.583 21.883 2.50743
0.141 28.474 21.046 2.67875
0.550 27.786 20.036 3.69172
0.000 27.667 20.248 3.19614
0.000 28.133 20.676 2.76890
0.000 27.893 19.264 3.55007
0.000 27.699 18.897 3.31317
0.000 28.026 19.477 2.63545
2.507 29.048 21.040 2.69666
0.066 28.401 20.354 2.82585
0.000 28.655 19.856 3.13866
1.557 28.497 20.477 3.23000
0.577 28.705 20.879 3.48414
0.000 28.643 21.232 2.13402
0.000 29.187 21.629 1.92789
0.000 29.571 18.019 2.92325
13.498 26.639 19.370 2.86879
0.000 27.970 20.064 1.57045
0.186 28.886 18.473 2.63166
0.012 25.690 16.802 3.52157
0.000 26.140 16.021 3.17727
0.000 26.347 16.090 3.53231
0.000 26.229 16.651 3.16663
0.000 26.246 16.880 3.10142
0.000 26.172 15.312 2.94588
0.000 25.411 13.642 2.90681
0.000 26.172 14.731 2.77169
1.056 27.593 17.701 2.88208
3.571 26.645 19.696 3.32876
0.000 27.170 20.193 2.67043
7.772 28.837 21.535 2.10369
1.480 28.068 20.336 2.53114
0.000 28.085 19.515 2.53672
0.000 28.049 18.572 2.51802
0.321 26.824 19.469 2.27897
0.551 27.872 20.249 3.64622
0.000 27.964 17.861 3.58967
0.000 27.328 17.323 3.29881
0.114 26.697 17.151 3.20100
0.017 26.711 15.930 3.49895
0.000 25.817 15.468 3.31914
0.000 25.941 14.895 3.01886
0.000 26.578 15.589 2.60899
0.000 26.460 13.681 2.74868
0.000 24.950 10.488 2.78907
0.000 24.916 11.266 2.53437
0.000 24.741 11.904 2.32094
0.000 25.164 12.304 1.93300
0.000 25.763 13.363 1.78284
0.000 26.969 14.399 2.13402
0.000 27.804 15.985 2.59724
0.000 28.079 16.856 2.82065
0.000 28.052 17.743 3.30769
0.000 28.662 17.810 3.59162
0.000 29.315 17.993 2.99288
0.000 29.133 17.521 2.19403
0.000 30.201 18.297 1.80595
0.000 30.806 18.683 1.88842
0.000 30.945 18.505 1.63892
0.000 32.055 19.181 1.55245
0.000 31.976 19.523 1.84376
0.000 32.156 20.505 1.77507
0.000 31.605 20.613 1.86392
0.000 32.210 20.474 1.93369
0.000 33.309 21.229 2.11893
0.000 32.891 20.988 2.12626
0.000 33.425 20.687 2.16903
0.000 33.275 21.288 1.15061
0.000 33.753 21.126 0.84509
0.000 34.248 20.510 1.20253
0.000 33.945 20.320 1.13883
0.000 33.079 18.994 1.33426
0.000 32.481 18.305 1.31746
0.000 32.711 18.102 1.51282
0.266 32.551 18.081 1.73879
0.000 32.774 17.859 2.30054
0.000 31.385 18.095 3.07875
0.000 30.992 16.670 3.54812
0.000 29.850 14.622 4.61736
0.000 26.185 11.851 4.81472
0.000 26.505 12.195 3.77113
0.079 28.318 13.557 2.54327
0.000 30.535 16.348 2.16111
0.000 31.180 16.503 2.14622
0.000 31.199 16.049 1.82721
0.000 32.000 15.473 1.73329
0.000 32.708 16.460 1.46675
0.000 33.663 17.763 1.16278
0.000 34.532 18.382 1.40543
0.000 34.935 18.771 1.47221
0.000 35.204 18.200 1.46056
0.000 35.662 18.034 1.54107
0.000 33.604 18.822 2.47681
0.000 32.910 16.590 3.65108
0.000 31.395 16.911 4.18411
0.000 31.250 15.780 3.46732
0.000 32.567 16.241 2.30890
0.000 33.973 17.129 1.98478
0.000 34.753 17.874 1.41592
0.000 35.949 15.965 1.13014
0.000 35.597 16.903 2.56108
0.000 33.549 17.667 3.15689
2.235 31.950 17.221 4.30644
0.000 29.400 17.499 2.65501
0.000 33.168 19.159 2.20502
0.000 33.425 20.549 1.87159
0.000 35.263 21.459 1.82466
0.000 34.329 22.799 1.57255
0.000 34.520 22.447 1.48834
0.000 35.822 22.263 1.63118
0.142 33.849 21.891 2.04899
0.000 32.197 18.811 2.46450
0.000 29.560 18.464 2.21819
0.000 30.874 18.476 2.06487
0.000 33.622 19.664 1.74561
0.000 34.759 18.131 2.04879
0.000 34.617 18.238 1.82154
0.000 34.019 16.433 2.59625
0.000 32.453 16.978 2.45102
0.000 31.622 18.699 1.79122
0.000 35.640 18.965 1.98687
0.000 33.077 15.625 3.66012
0.000 30.506 15.635 3.08289
0.000 31.886 15.200 3.64850
0.000 31.068 15.691 3.14723
0.000 32.594 17.610 2.00005
0.114 33.554 19.899 2.39981
0.345 33.372 18.211 3.80912
0.000 31.763 16.098 3.93072
0.016 31.756 15.277 3.64106
0.000 32.334 15.824 2.64449
0.000 33.650 16.842 2.66809
0.000 32.397 19.803 2.11890
0.000 35.090 22.419 1.53772
0.136 35.584 23.093 1.80142
12.795 33.256 20.340 2.46472
0.010 31.265 16.631 4.40905
0.015 32.519 17.167 3.37328
0.000 32.755 17.656 3.31861
0.000 33.271 18.139 2.85143
0.000 34.441 15.624 3.46200
0.000 33.320 15.834 3.67396
0.000 33.133 16.749 3.00091
0.000 33.945 18.280 2.18834
0.000 35.466 20.006 2.32991
2.256 35.495 22.301 2.65684
0.000 34.695 21.724 2.35444
0.000 35.396 22.303 2.25164
0.000 37.323 21.855 2.27804
0.000 37.513 22.990 1.71709
0.000 38.025 24.067 1.27507
0.000 38.532 25.262 1.56032
0.000 38.341 24.274 1.81284
0.000 38.696 25.205 1.66591
0.000 39.688 24.876 1.94731
0.000 39.483 24.563 2.18344
0.020 38.622 24.736 2.13606
0.000 38.705 25.701 1.27554
0.005 38.004 25.378 1.72543
0.482 33.707 23.923 1.79465
3.126 36.546 23.999 1.36694
0.162 35.464 23.694 1.49357
0.000 36.225 24.141 1.70854
0.425 34.578 24.212 1.89238
0.015 35.976 23.796 1.53022
6.913 35.715 23.789 1.73612
0.034 36.889 24.411 2.21647
1.069 34.814 24.784 2.37145
0.000 36.939 24.542 2.53835
15.729 31.615 23.543 1.47666
0.646 37.225 24.893 1.28014
0.873 30.680 23.424 0.83631
0.000 32.702 22.687 0.86715
4.410 35.902 24.624 0.88988
3.822 34.730 24.443 1.95992
2.740 30.712 23.576 1.28724
0.000 33.285 23.546 1.50904
0.000 35.871 23.542 2.16959
0.000 38.051 24.094 2.77851
0.000 38.615 23.931 2.54488
0.000 39.444 24.719 2.42454
0.000 39.163 25.346 1.85903
4.241 36.476 24.818 1.69344
0.000 34.769 24.696 0.97524
5.271 36.021 24.624 1.20266
0.001 37.608 25.152 1.61928
0.000 38.916 24.064 1.89369
0.000 38.251 25.213 1.24656
0.000 36.690 24.951 2.18253
0.000 37.176 25.547 2.06193
1.530 35.740 25.059 1.51427
3.324 35.923 25.246 0.99176
23.780 33.245 23.360 2.54176
1.456 34.363 22.648 2.44585
1.211 31.828 23.140 2.05067
0.000 35.275 24.705 1.45435
28.634 33.686 23.990 1.40506
46.626 33.261 24.339 1.29890
25.338 24.484 23.656 1.19372
6.729 32.736 23.833 2.05021
2.520 32.145 23.620 2.29900
2.831 31.396 23.657 2.64069
3.831 33.220 24.128 3.12752
1.299 32.043 23.050 2.34958
1.200 33.972 23.978 2.15766
4.986 34.277 23.429 1.99120
16.954 33.445 23.229 2.08889
2.631 35.415 23.734 2.30837
0.696 36.127 24.962 2.61532
2.576 33.263 23.307 1.65757
17.010 28.586 22.094 2.25621
16.925 27.157 22.239 1.45389
16.519 27.502 22.540 1.41726
6.741 28.847 22.455 1.42896
8.262 29.941 23.749 1.75987
12.369 29.378 23.503 1.73954
2.154 31.590 23.625 2.72803
2.673 31.063 23.886 2.71862
19.006 30.637 23.704 2.67782
11.090 31.231 23.532 2.02094
6.016 29.660 23.135 2.05216
19.806 29.570 23.430 1.96481
17.745 29.387 23.361 1.85388
12.644 28.584 22.902 2.02659
3.659 30.140 23.277 2.03113
0.005 30.162 23.049 2.14287
1.671 30.552 23.472 2.44517
6.953 29.684 23.495 2.60627
3.379 30.277 23.792 2.27936
7.531 30.411 23.179 2.29681
2.024 30.352 23.063 2.25342
2.722 30.133 23.256 2.16700
10.704 30.332 23.417 1.90064
8.986 29.616 22.545 1.64581
1.739 31.275 22.818 1.87840
0.781 31.447 23.532 2.31583
2.355 30.736 23.052 2.25328
0.618 31.216 23.508 1.35846
12.662 30.998 23.725 1.17541
1.977 30.073 23.888 0.57308
3.209 31.739 23.949 0.97746
13.276 30.683 23.744 1.07431
3.909 29.388 23.595 2.36293
1.764 28.477 23.496 3.20575
2.445 29.560 23.412 3.41697
2.214 28.870 23.680 3.00586
13.320 29.121 23.227 2.69254
13.504 29.692 22.520 2.72587
1.858 29.432 22.471 2.08854
4.323 29.732 22.107 2.08606
0.001 29.655 22.868 1.82654
0.061 30.597 23.156 1.98748
0.866 30.832 23.901 2.18439
0.000 31.550 24.279 2.94567
0.000 30.606 23.929 2.37943
0.134 30.955 23.578 2.65798
1.503 31.991 23.177 2.72067
1.834 31.895 23.977 2.65881
2.145 30.723 23.188 2.37298
7.404 32.850 23.409 2.00536
26.129 32.674 23.000 2.18846
12.275 31.280 22.893 2.02219
5.124 29.407 22.908 2.31051
3.189 29.477 22.360 2.39545
0.000 31.012 23.255 2.60378
0.403 30.108 22.668 2.94997
0.514 30.851 23.390 2.81268
17.296 28.972 23.007 2.63920
13.170 29.231 23.419 2.69484
3.231 28.811 23.049 2.41199
2.515 30.421 22.556 2.53035
0.691 31.150 23.710 2.46366
8.809 30.784 23.275 2.20945
2.080 30.696 23.571 2.19354
2.824 31.175 23.544 2.36907
7.829 31.935 23.366 2.49163
10.713 31.971 23.320 2.59306
8.765 32.113 23.335 2.62450
2.179 30.801 23.486 2.49924
5.189 29.945 22.779 2.00745
2.866 29.579 22.556 1.59338
6.913 30.935 23.404 1.90193
10.925 30.739 22.884 2.26025
3.767 31.307 22.837 2.43229
1.235 29.810 22.803 2.28489
1.158 30.523 23.053 2.32174
8.543 31.125 23.032 2.76071
3.384 27.593 22.628 2.85920
0.410 29.516 22.830 3.09553
0.471 30.265 23.148 3.16976
9.214 29.553 22.606 3.38030
8.090 29.313 22.566 2.48658
10.559 29.766 22.941 2.14220
3.040 28.829 22.896 2.37880
4.380 29.454 23.399 2.33450
5.724 29.816 23.264 2.35431
14.104 30.716 22.818 2.63131
1.966 30.015 22.516 4.30924
2.255 28.039 22.551 4.00539
6.907 28.933 22.075 3.66850
2.463 31.205 22.822 2.80025
7.325 31.049 22.955 2.95740
29.395 28.950 22.423 2.46746
18.028 30.042 22.785 2.52741
1.095 29.580 22.455 1.99902
9.050 30.072 23.257 2.37792
2.364 31.000 23.013 2.60959
2.472 31.282 22.982 2.64454
0.655 32.196 23.391 2.21550
58.764 30.102 23.122 1.77451
3.736 28.213 22.180 1.61270
0.672 30.366 23.311 1.26512
3.130 30.096 23.213 1.59556
6.988 29.422 22.948 2.10504
2.027 30.027 22.859 1.34288
1.942 30.275 22.945 1.40980
0.179 31.230 22.635 1.06318
0.200 31.939 22.982 1.01344
5.040 31.250 23.271 1.23185
3.915 29.870 22.916 1.43041
5.955 30.086 23.198 1.48136
1.004 30.451 23.259 1.38767
0.406 30.148 23.009 1.27542
0.001 30.296 22.979 1.10258
0.039 30.000 23.831 0.57949
5.033 31.695 23.346 1.03174
17.093 30.495 23.136 1.18464
3.586 29.156 23.501 0.66632
3.579 27.926 22.765 1.20858
20.435 29.397 23.504 1.04940
9.944 29.802 23.234 1.51516
10.784 30.511 23.118 0.99387
66.544 29.708 23.485 2.13561
9.117 29.542 22.999 2.05761
13.456 29.362 22.811 3.10474
2.191 26.459 22.785 3.03467
6.880 29.739 22.919 2.82573
35.604 27.074 22.095 2.58568
24.793 26.997 22.268 3.13625
57.896 26.646 21.544 3.05609
10.389 28.023 22.049 2.34781
39.159 27.249 22.824 2.39004
10.564 27.325 21.805 2.53798
0.320 27.003 22.266 2.00200
0.533 28.127 22.372 2.32184
0.207 30.369 23.114 2.33512
1.679 29.732 23.330 2.98556
0.969 29.299 23.047 2.75008
4.363 29.028 23.032 1.94137
12.415 29.277 22.816 1.51308
30.206 27.901 23.166 1.44752
5.254 28.420 23.098 2.02661
2.411 30.143 22.784 1.38151
1.855 28.685 23.218 1.55045
21.459 29.268 23.502 0.95134
1.185 28.889 22.985 0.56651
0.165 30.204 22.540 1.36342
0.000 30.694 23.096 1.21690
42.291 29.058 22.947 0.79835
2.216 29.357 22.552 0.66119
14.381 30.301 22.371 0.83186
0.284 30.366 22.339 1.41443
0.267 30.283 22.891 2.04464
0.000 30.002 22.115 2.15426
0.000 29.406 22.209 2.19472
0.000 30.004 22.224 2.17730
0.000 29.174 21.573 2.43265
0.112 30.012 22.034 1.93236
0.000 30.120 22.268 2.51773
8.406 27.789 22.660 2.99569
12.481 29.016 22.883 2.44020
0.020 29.178 23.044 1.40205
0.000 29.375 23.392 1.55861
3.955 30.775 22.817 1.28139
0.357 30.046 22.963 1.02521
15.922 29.560 23.613 1.28255
4.063 29.716 22.423 1.59153
1.980 29.297 22.466 2.37539
12.073 28.642 22.571 1.87837
2.967 29.911 22.821 1.53359
1.156 29.565 22.407 1.22479
6.444 29.352 22.742 1.53138
14.909 28.808 22.655 1.39820
1.410 28.195 22.863 1.42590
1.880 28.209 22.532 1.47981
0.000 29.054 22.366 0.94088
24.830 29.590 22.868 1.37359
30.613 26.314 22.171 1.52565
0.360 27.692 22.858 0.98274
1.150 29.177 22.437 1.34292
1.010 29.564 23.021 1.43713
0.559 26.495 20.109 3.41639
0.159 24.908 17.069 3.35918
0.013 25.557 16.084 3.59537
0.000 25.047 14.931 3.16455
0.000 25.103 14.973 2.60307
0.000 25.605 14.528 2.48909
0.009 26.248 15.593 2.85954
0.000 27.541 19.324 2.18665
0.020 29.145 20.347 1.78840
0.784 28.453 20.154 2.66289
0.017 24.944 20.040 3.83771
0.000 24.718 17.544 4.34365
0.000 25.743 17.312 3.57613
0.847 27.165 17.602 2.68981
0.317 28.336 19.810 2.63384
0.027 29.020 21.075 2.84982
0.000 27.981 19.072 3.41481
0.193 27.396 18.452 3.40847
0.000 27.091 18.328 3.50465
0.000 25.610 14.802 4.34592
0.000 24.458 13.713 3.76166
0.000 24.437 13.374 3.82405
0.000 23.821 13.427 3.60191
0.000 24.385 13.531 3.25097
0.000 24.745 13.915 2.33272
0.002 26.585 15.543 1.46762
0.000 27.705 16.827 2.54615
0.000 27.463 16.005 3.92668
0.000 24.589 15.857 3.69567
0.000 25.982 15.943 2.97824
0.000 26.072 13.349 3.61040
0.000 24.759 12.991 2.29435
0.009 25.954 14.117 1.90193
0.000 26.246 15.201 2.47030
0.000 26.803 15.451 1.69139
0.000 27.851 16.415 2.06337
0.000 27.583 15.751 3.20888
0.000 26.664 15.250 2.85938
0.000 26.816 15.727 2.70990
0.000 26.687 14.225 3.03063
0.000 25.784 13.364 3.11181
0.000 25.900 13.723 2.30772
0.000 27.239 15.058 2.12589
0.000 28.350 16.742 2.11267
0.000 29.367 15.527 2.98564
0.000 28.384 15.092 3.08998
0.000 27.579 15.411 2.71589
0.636 28.666 17.010 3.00203
1.510 24.811 17.128 2.96542
0.040 26.647 17.091 2.54915
0.000 28.972 17.978 2.61777
0.000 30.300 19.578 2.80969
0.000 27.956 18.301 3.20090
0.000 25.789 15.915 4.33201
0.100 26.753 15.515 4.31622
0.008 26.644 14.824 3.91870
0.000 26.950 15.048 2.90777
0.000 29.239 16.130 2.30327
0.000 30.043 15.745 2.11780
0.000 30.441 16.778 2.36697
0.000 30.661 16.807 2.76301
0.000 29.406 14.439 3.91146
0.140 26.127 10.827 4.81834
0.000 24.265 10.208 4.04133
0.000 24.747 10.289 3.26784
0.000 26.571 11.136 3.62842
0.000 26.405 10.915 3.91703
0.000 25.394 11.265 3.84236
0.000 25.845 11.563 3.54888
0.000 26.890 12.216 2.50738
0.000 28.118 13.335 1.99382
0.000 29.483 14.094 1.67155
0.000 29.965 15.287 1.29947
0.000 31.323 15.638 1.30335
0.000 32.529 15.444 1.69683
0.000 31.644 16.022 1.40390
0.000 33.562 17.284 1.58293
0.000 31.911 16.144 3.61727
0.000 30.217 16.421 1.88317
0.000 33.166 17.347 1.62109
0.000 31.624 16.154 1.96624
0.000 32.707 17.114 1.31471
0.000 34.311 18.791 1.88644
0.005 33.263 18.027 1.97278
0.000 31.995 18.816 1.40625
0.051 33.720 18.604 1.44400
0.010 33.659 17.712 2.16021
0.000 33.114 18.585 1.69673
0.000 34.357 20.033 1.26016
0.000 34.734 19.539 2.40834
0.000 33.926 17.774 2.84392
0.000 33.332 18.413 2.23554
0.000 34.085 18.158 2.21442
0.000 34.267 17.501 3.03833
0.000 33.886 18.815 1.89627
0.047 33.458 22.541 0.85612
0.000 34.789 21.366 1.94638
0.000 35.445 19.641 2.31512
0.000 36.699 20.442 1.69589
0.002 37.019 21.865 1.88200
0.020 37.370 22.941 1.28681
1.623 37.028 23.975 1.49956
0.000 36.808 23.842 1.32820
0.000 38.318 24.800 1.69371
1.927 36.647 24.581 1.13679
0.018 37.455 24.538 2.05655
0.000 36.975 23.455 2.20659
0.000 38.936 24.663 1.93805
2.468 36.052 24.271 1.72262
0.000 35.601 23.856 1.54763
0.000 38.166 24.575 1.28116
0.000 37.599 25.252 1.36032
14.054 35.390 24.568 1.34040
1.717 29.671 22.963 1.87226
1.597 34.723 24.192 1.62754
4.011 36.079 23.289 1.61431
0.000 36.732 23.152 2.44220
0.000 37.529 23.191 2.34319
0.000 38.529 23.880 1.93902
0.923 39.413 24.913 1.68688
0.320 37.787 25.018 1.58911
0.116 38.578 26.328 1.50109
0.000 37.216 25.135 2.40183
0.240 38.239 25.371 2.67663
0.092 38.469 25.374 2.39697
12.653 37.701 18.511 2.51902
3.716 23.155 16.880 3.90764
0.164 32.356 17.617 2.29726
0.341 35.507 21.193 1.79636
0.053 36.205 23.160 1.34211
4.645 28.752 22.906 1.29513
0.026 33.749 23.749 1.02820
5.896 32.186 22.827 0.98495
4.536 35.614 23.200 1.49209
1.359 34.409 23.263 1.80596
9.329 35.105 23.845 1.61649
7.216 34.856 23.895 1.51614
3.743 32.958 24.174 1.10806
15.230 31.640 22.983 1.41287
0.802 32.145 22.579 1.35262
0.821 34.892 23.567 0.97526
0.279 35.616 24.526 1.09589
16.792 34.497 23.932 0.96523
4.877 30.662 22.459 1.61309
0.276 30.064 22.227 1.88132
0.000 32.776 22.478 1.52938
0.000 33.347 22.724 1.89819
1.841 32.885 23.202 1.61330
3.687 34.452 23.904 1.10888
0.265 33.469 22.954 1.92570
0.697 31.969 22.780 1.49156
0.018 33.622 23.869 1.35213
0.578 33.008 23.815 1.70164
3.052 31.403 23.915 1.37270
26.316 30.574 23.429 0.71164
0.499 33.006 23.872 1.27904
0.222 35.570 23.605 1.76311
3.679 34.660 23.906 1.62504
0.065 34.792 23.851 1.58509
0.026 36.953 25.187 3.17665
1.323 36.318 25.475 2.87128
8.556 38.207 25.148 3.22693
0.000 36.013 24.885 3.31735
0.000 38.576 25.164 3.10053
0.000 37.728 25.144 2.54037
0.000 38.679 25.114 2.77645
0.000 39.075 25.487 2.51434
0.000 40.039 26.198 2.34991
17.125 34.888 24.687 1.65744
27.181 29.117 23.213 1.70474
0.229 28.466 23.350 1.07233
13.796 32.041 24.336 0.71140
6.891 29.659 24.028 1.27656
14.874 30.781 24.293 0.76355
0.079 29.690 22.588 1.83896
0.101 31.795 21.761 2.51243
0.026 33.124 20.786 2.95359
1.619 32.748 21.293 2.06579
0.000 32.507 22.870 1.24634
0.024 35.542 23.521 1.29239
0.000 35.914 24.480 1.90301
27.398 33.816 24.120 2.12111
26.339 31.669 24.162 1.54145
13.811 31.581 23.163 1.25770
3.023 30.111 23.636 1.09808
6.844 29.100 23.355 1.32691
21.334 27.741 22.619 1.36903
0.096 30.406 23.241 1.45336
1.724 30.634 24.275 1.10831
1.740 30.516 23.949 1.12414
11.506 31.089 23.683 1.03459
2.306 31.555 23.499 1.21161
1.025 31.629 24.040 1.53798
9.481 30.101 22.679 1.87607
1.740 30.882 24.083 1.73442
5.159 29.930 22.654 2.07889
6.647 32.482 23.532 2.48390
2.974 32.548 23.917 2.21097
27.497 32.250 23.662 2.23926
2.947 31.015 24.281 2.31504
0.886 29.029 23.540 2.27518
0.224 31.254 23.354 2.38865
0.861 30.653 22.993 2.42540
3.656 30.762 23.429 1.59569
1.924 31.133 23.856 1.90877
8.234 30.878 23.978 2.71147
0.379 31.197 23.458 3.22897
0.034 29.614 22.742 3.74495
0.751 28.264 23.840 3.39189
1.132 30.253 23.336 3.11475
0.967 31.271 23.609 3.09061
0.058 31.663 23.659 3.10091
0.176 31.376 24.137 3.15037
7.056 30.628 24.016 2.71885
1.189 29.950 23.207 2.84412
2.979 30.594 22.695 2.54661
0.013 32.569 22.842 2.50491
0.000 32.331 23.679 2.76410
1.117 32.681 23.977 2.88599
11.248 31.245 23.951 2.82019
7.510 29.840 23.411 2.48597
0.920 28.715 23.755 2.76603
3.227 30.163 23.586 2.75926
3.629 29.690 23.925 2.53664
0.490 29.953 23.795 2.85054
11.314 30.486 23.909 2.89527
2.260 29.681 23.651 2.93884
1.512 29.145 22.742 2.14752
0.003 32.824 23.767 2.10784
36.855 30.556 23.814 2.33002
1.860 30.022 23.481 2.24587
8.620 30.214 23.487 2.11736
12.792 29.058 23.129 2.32738
4.555 28.462 23.464 2.09412
6.144 29.057 22.824 1.80379
0.915 30.333 22.684 1.71256
0.230 31.789 22.590 1.94371
13.440 30.767 23.401 2.53700
3.611 30.698 24.293 2.81403
1.112 28.436 22.644 2.23063
15.768 29.961 22.670 2.15377
2.670 30.563 22.437 1.16269
4.930 29.881 22.585 1.90061
0.000 32.682 23.040 2.19865
0.000 33.543 23.757 2.62035
1.127 33.919 24.832 2.32367
23.498 30.386 22.973 3.03850
3.293 28.449 23.079 3.14533
0.285 29.990 22.784 3.00245
1.294 31.007 23.139 2.89285
2.441 28.913 23.030 3.40922
0.355 29.553 23.420 3.32412
1.725 30.301 22.800 3.01779
0.332 32.160 23.959 3.25513
0.269 28.926 23.489 2.57948
29.240 29.601 23.352 2.22763
18.771 28.704 23.425 2.02017
4.658 28.952 22.664 3.04209
0.053 30.834 23.114 2.98200
0.469 31.224 23.431 3.24376
0.258 31.141 23.342 3.22485
0.306 31.668 23.327 3.04341
1.804 30.701 23.521 3.39683
4.765 29.688 22.626 3.15676
27.958 29.131 22.729 3.23495
13.309 29.966 22.219 3.79183
0.170 30.396 22.814 3.44951
0.911 30.752 23.464 3.14121
0.111 28.865 23.552 3.19113
3.459 31.327 22.744 3.32340
5.381 31.804 22.943 3.24643
2.285 32.777 23.500 3.60886
4.444 29.917 22.954 3.43140
11.958 29.254 23.038 3.19542
13.946 31.100 23.101 3.34246
2.105 32.378 23.270 3.05685
14.404 32.895 23.658 2.46359
2.952 30.923 23.982 1.85882
22.042 30.521 23.522 1.68350
0.314 30.915 23.915 1.14870
2.007 30.111 23.279 1.45854
0.381 31.130 23.914 0.92610
1.643 32.074 23.968 0.62467
0.000 31.290 23.223 0.71046
0.116 32.879 23.417 0.95651
0.234 32.170 23.756 1.72404
10.184 32.850 23.111 1.93741
8.400 32.165 23.591 1.32005
9.641 30.906 23.258 1.11991
0.120 31.987 23.925 0.90022
11.335 30.337 24.027 1.55097
0.010 29.842 23.224 1.49197
0.731 29.853 23.454 0.98746
3.775 31.841 23.758 0.99371
38.894 29.764 23.640 1.20580
7.662 30.267 23.917 1.21427
6.930 27.482 23.465 1.42355
10.177 27.856 23.111 1.95181
0.783 30.646 22.945 2.32331
3.680 30.122 23.700 2.61357
8.530 27.988 22.999 2.57132
45.856 29.234 22.948 2.47152
30.598 29.476 23.070 2.50659
2.601 30.031 22.171 2.58527
11.307 29.319 22.900 2.13724
4.820 29.663 23.523 1.75414
0.035 30.990 23.324 1.22787
0.000 31.761 22.960 1.05105
0.243 31.885 23.780 1.90555
7.933 31.068 24.021 1.87628
23.591 29.797 23.947 1.53878
22.708 27.851 23.376 2.14297
30.694 28.246 22.464 1.92456
2.137 29.459 22.802 1.29457
5.549 31.270 22.742 0.98407
0.329 31.435 23.417 1.26180
0.137 30.688 23.265 1.88073
0.010 31.185 23.022 1.43274
5.216 29.929 23.313 1.11822
2.116 29.331 23.416 1.12803
3.587 28.085 22.982 1.55007
14.942 27.640 22.301 1.46660
11.160 27.512 22.947 1.72737
4.640 28.091 23.176 2.10017
1.726 28.899 22.954 2.84829
23.100 29.660 22.638 2.84441
50.385 27.580 22.596 3.67533
4.368 28.237 22.864 2.28822
0.808 29.793 22.600 1.42957
2.671 30.160 23.569 0.69282
27.590 28.448 22.721 1.13792
0.000 30.911 22.338 1.64847
0.000 30.526 22.702 1.47214
0.000 31.277 22.022 0.73639
0.171 31.920 21.601 0.71583
10.350 32.355 22.549 0.93637
1.699 29.904 23.334 1.36292
0.017 27.964 23.133 1.36479
1.709 29.696 22.722 1.52932
4.228 29.511 22.433 0.82081
0.086 29.834 22.879 1.10241
1.461 29.526 22.242 1.54944
0.001 29.809 23.097 1.77356
1.194 30.011 22.415 1.54300
2.991 29.079 22.338 0.78402
2.922 29.530 23.114 1.07628
9.123 30.355 23.295 0.82378
31.927 28.761 23.222 1.23188
0.268 28.819 22.417 2.16340
0.000 28.699 21.739 1.69858
0.000 29.544 22.031 1.51501
0.000 30.874 23.024 1.34511
0.000 29.920 20.725 1.75276
0.000 30.383 20.297 1.62692
0.000 28.607 20.710 1.97690
0.000 28.690 19.020 1.93620
0.000 29.207 18.896 1.67866
0.000 29.366 19.382 2.01979
0.000 28.258 19.518 3.41278
2.115 26.996 18.247 5.12303
7.364 25.591 15.877 5.01282
0.000 27.400 16.277 3.56236
0.000 28.054 18.649 3.77098
0.000 29.082 19.028 2.43038
5.645 29.347 21.346 1.54657
0.000 30.696 21.754 1.01107
0.000 31.608 22.162 0.94828
0.000 32.223 22.799 0.88816
0.000 32.343 22.708 0.90299
0.000 32.703 22.576 0.74893
0.000 32.390 21.225 1.58775
0.100 30.469 21.539 1.36640
0.015 31.910 23.411 0.77414
2.885 29.781 20.087 1.19079
0.189 24.723 14.629 3.86965
0.000 25.797 14.970 3.23233
0.000 26.852 14.797 3.21050
0.075 27.227 13.141 4.02635
0.000 24.602 12.303 3.94372
0.000 25.589 12.700 3.38946
0.008 26.764 13.618 2.34762
0.000 28.474 14.838 1.84478
0.000 29.396 14.805 1.72394
0.000 29.752 16.068 1.59935
0.000 30.624 17.285 1.85324
0.000 31.125 19.038 2.15134
0.000 31.091 18.897 2.75580
0.000 30.370 17.494 2.92315
0.000 29.456 16.905 2.46634
0.000 29.867 17.559 2.36480
0.000 29.492 15.834 3.02577
0.000 28.596 16.094 2.31982
0.000 28.887 15.403 2.14877
0.000 29.573 16.467 1.21212
0.000 30.752 17.419 0.90788
0.006 31.364 17.305 1.08900
0.000 31.767 17.486 1.16124
0.000 32.144 18.345 1.02518
0.000 32.142 17.829 1.29937
0.000 32.611 18.783 1.91650
0.000 32.673 20.672 1.78342
0.000 32.902 21.303 1.32873
0.000 33.831 20.777 1.30461
0.000 34.380 20.163 1.71601
0.000 32.617 18.391 2.63461
0.000 32.005 18.767 2.94710
0.000 30.299 18.248 3.51089
0.000 29.239 16.015 3.07731
0.000 29.231 15.716 2.92966
0.000 30.408 16.206 1.83223
0.000 32.045 18.123 1.21547
0.000 33.430 18.982 1.02977
0.000 34.625 19.711 0.86994
0.000 34.607 20.424 1.05525
0.000 35.393 21.686 1.15200
0.000 29.647 20.809 1.60311
0.000 33.527 21.517 1.20537
0.109 33.789 22.405 0.79473
0.000 34.299 22.839 0.82003
0.000 34.901 20.985 1.33915
0.000 35.116 21.643 1.13528
0.000 35.484 21.544 1.21566
0.000 35.189 22.040 1.70495
0.000 34.537 23.099 0.89331
0.000 34.826 23.557 1.40782
8.021 33.262 21.944 1.97273
6.181 30.338 18.181 2.17960
0.000 32.229 18.601 1.43980
0.000 34.450 20.087 1.34971
0.000 34.944 18.462 1.00493
0.000 33.439 16.954 3.09560
0.000 30.981 16.248 3.06053
0.000 30.899 16.676 2.54038
0.000 30.451 18.649 2.27000
0.003 30.343 17.177 3.68160
0.000 30.684 16.205 3.48187
0.000 30.367 16.667 2.46943
20.661 31.484 17.462 2.17124
4.194 31.136 20.874 2.57203
0.484 32.562 21.808 2.28278
0.275 32.225 20.309 2.03534
0.039 34.292 20.649 1.53453
0.000 30.939 20.788 1.77437
0.000 33.876 19.920 2.71958
0.000 33.244 19.639 2.32910
0.000 33.884 20.462 1.62949
0.000 35.378 21.949 1.35845
0.000 35.817 22.730 1.23603
0.000 35.534 22.373 1.13140
0.000 36.032 23.221 1.22879
0.000 35.514 23.462 1.17393
12.406 36.507 22.985 1.29491
1.377 36.374 23.694 1.08864
8.537 34.801 24.322 1.16459
0.000 35.924 23.624 1.59924
0.000 35.274 23.824 1.86776
0.000 35.416 23.972 1.17372
0.265 36.448 22.675 1.85033
0.000 37.653 23.080 1.49259
0.000 38.479 23.467 1.86887
0.000 38.910 23.277 0.90805
0.000 38.928 24.261 1.01104
0.659 37.180 24.134 1.41234
0.000 36.935 24.041 1.88796
0.000 38.138 24.835 1.18097
0.000 36.763 24.019 1.45738
0.000 36.598 20.938 2.07557
0.000 35.567 20.117 2.90095
0.000 34.566 20.324 2.53770
0.155 34.011 20.991 1.18294
0.316 34.340 22.613 1.94775
0.000 35.622 23.746 1.86467
1.347 36.542 22.691 2.56940
0.000 36.650 22.959 3.74131
0.025 37.532 22.594 3.01961
0.000 38.406 23.253 2.23464
0.000 39.761 24.123 2.82883
0.000 37.834 23.566 2.90774
4.801 38.733 24.124 3.01709
0.000 39.171 22.819 3.04295
0.000 40.028 21.500 3.41030
0.000 40.174 22.103 3.31418
0.000 40.034 22.527 3.40239
0.000 39.484 22.112 2.99078
0.000 40.739 22.997 2.50498
0.000 40.602 24.219 2.46676
0.000 38.063 18.258 4.96896
0.000 31.685 17.487 4.77206
0.025 34.324 18.097 2.35813
0.000 38.208 22.695 1.66412
0.000 38.927 23.272 2.77834
0.000 40.091 23.877 2.87112
0.000 40.603 25.288 1.06843
0.002 40.103 24.810 2.97452
0.055 38.191 24.123 3.25399
0.000 37.382 22.056 3.20873
0.000 37.989 23.117 1.29287
0.000 40.089 25.708 1.47516
0.000 35.920 25.402 1.83709
2.807 36.032 24.695 1.74455
0.000 37.698 24.933 2.26174
0.092 38.230 25.788 1.77921
2.083 39.707 18.886 4.11375
0.000 25.310 19.099 2.34616
0.000 34.254 20.233 2.44500
0.000 35.652 22.426 2.58938
0.000 35.851 23.878 1.22844
0.061 36.326 24.523 1.80264
9.444 36.450 24.914 1.91836
0.001 37.059 25.333 1.55549
0.000 38.550 26.124 1.74186
2.360 36.790 25.749 1.76561
0.001 36.234 26.187 2.11405
0.000 37.461 25.255 2.21163
0.001 39.648 26.520 2.84197
0.396 39.876 27.876 1.62488
0.780 35.828 27.101 1.97226
2.875 35.870 25.922 2.36362
0.741 38.268 25.151 3.18813
0.000 38.834 25.227 3.14101
0.000 40.482 24.986 3.22016
0.000 41.494 26.501 2.36589
0.000 40.449 27.500 2.45418
0.866 39.319 26.820 1.66140
1.087 31.075 24.830 1.48450
12.461 29.444 23.461 1.87476
0.070 36.363 24.418 1.76849
0.000 35.813 24.804 2.63966
0.000 37.837 25.057 2.72437
0.000 38.422 25.502 2.60634
0.000 39.938 26.216 2.18996
26.639 37.203 23.857 2.02118
5.801 32.165 24.244 1.13401
0.536 36.936 25.886 1.47733
18.464 35.200 25.426 0.85347
4.505 32.199 25.426 0.98440
10.247 31.466 24.425 1.04008
0.261 35.095 24.998 1.18310
5.408 37.230 25.617 0.93549
0.406 34.119 23.700 1.92260
0.009 35.362 25.285 0.99448
7.723 36.024 25.526 1.65050
0.000 35.699 25.188 2.28489
0.699 35.380 25.977 2.39017
0.000 34.910 26.538 2.28891
0.635 38.673 27.331 1.86624
0.075 40.831 26.988 2.11788
0.000 39.841 27.748 2.42287
7.534 31.405 23.933 1.95278
0.000 36.140 25.460 0.99824
0.949 33.334 25.379 1.48904
1.489 33.663 25.283 1.64624
0.381 37.771 26.317 1.98269
10.991 33.129 26.287 1.66718
7.717 32.096 25.617 1.18061
2.299 34.740 26.404 1.21763
16.344 31.883 25.220 1.52588
1.976 33.672 24.573 1.72642
0.018 36.038 25.573 2.12550
1.547 35.277 25.095 2.52381
0.102 32.885 25.534 2.85380
12.226 30.953 24.379 2.28184
5.567 32.922 25.244 2.37409
2.061 32.072 24.519 2.70814
0.074 32.182 24.046 3.70845
1.210 32.413 24.364 3.49988
0.874 32.889 24.523 2.76487
0.000 31.448 24.453 2.64452
0.085 32.341 24.702 2.45359
17.185 32.281 25.312 2.54906
1.691 33.918 25.483 2.52112
0.330 34.000 25.462 2.92784
22.698 32.477 24.273 1.57919
0.378 32.278 24.900 1.40076
9.856 31.666 24.073 1.80243
8.470 30.495 24.061 2.23572
6.254 31.331 24.683 2.46859
11.270 30.423 24.268 1.94889
10.996 30.499 23.967 1.75068
1.355 31.117 23.705 1.77319
3.159 32.426 24.011 1.44530
2.439 31.660 24.168 1.27933
7.012 32.657 24.219 1.64383
1.422 32.767 24.642 1.87862
2.419 30.786 24.353 1.92027
1.335 31.279 24.720 1.69040
0.187 31.835 24.056 2.03083
0.175 31.883 24.816 2.06879
0.470 30.272 24.008 1.99427
1.259 31.740 24.124 1.75598
3.294 30.248 24.287 1.76608
0.209 30.412 24.206 3.10929
2.668 30.307 24.153 3.05002
2.875 30.805 24.515 2.44390
0.000 31.733 25.058 2.31988
25.274 31.177 24.218 2.11090
9.933 31.115 24.099 2.53912
1.232 31.377 23.971 2.38898
4.103 31.238 23.802 2.41521
0.342 32.149 23.917 1.96552
40.846 30.935 23.784 1.67531
27.875 30.216 23.091 2.01235
0.000 29.900 22.667 1.72067
0.441 31.988 23.652 1.50552
0.000 30.978 22.955 1.45154
2.884 33.015 23.138 1.98655
0.000 34.040 23.696 1.94311
3.744 32.593 23.980 1.91776
1.149 31.766 22.886 2.26318
0.000 31.070 23.210 2.11526
0.100 31.692 23.897 2.10036
1.261 31.014 24.209 2.14563
0.071 29.070 23.374 1.52432
14.149 32.387 23.844 1.29951
0.466 31.113 23.870 1.47138
3.551 30.454 23.933 1.86096
10.295 28.713 23.784 2.52746
4.129 28.630 22.980 2.01764
0.803 31.053 23.067 1.94805
0.210 31.929 23.632 1.32538
3.871 32.456 23.417 2.00738
0.703 30.929 24.328 2.06942
1.113 28.596 22.943 2.67403
0.162 30.583 23.395 2.68796
9.919 31.348 23.218 1.99986
54.854 28.907 23.703 1.93810
1.299 29.608 23.574 1.90571
2.990 30.416 23.999 2.58424
0.051 29.604 24.003 2.05732
1.445 29.865 23.140 2.13124
2.109 30.334 23.980 1.76042
34.552 28.229 23.140 1.95160
9.551 28.970 23.101 1.59244
12.199 27.416 23.460 2.26842
6.673 28.343 22.523 1.93186
8.190 30.182 22.748 2.21026
0.425 29.427 23.538 2.15629
0.164 28.223 22.335 2.67222
2.025 29.681 23.156 2.25682
0.305 30.285 23.608 2.44103
30.003 29.704 23.240 2.02152
6.264 28.682 23.338 1.43580
16.460 29.445 23.411 1.82190
3.399 28.932 22.839 1.53448
0.719 28.508 22.484 1.60380
0.830 30.444 23.507 1.25424
10.469 29.999 23.351 1.15583
23.648 30.016 23.656 0.79402
0.129 29.514 23.288 1.03110
25.566 30.807 23.936 1.25221
14.009 31.129 23.437 1.31778
4.449 30.450 23.297 1.12606
0.594 28.933 23.458 1.13510
2.501 28.091 22.989 1.85015
5.434 27.242 22.529 2.55749
0.160 30.068 22.618 2.46942
0.400 31.058 23.904 2.16961
8.689 28.160 23.793 2.07935
6.379 28.506 22.746 2.48118
4.595 28.173 22.594 2.27659
1.457 29.992 23.451 2.33677
0.745 29.984 22.785 2.26019
2.611 29.698 23.295 1.63559
7.059 29.701 23.094 1.43537
11.750 28.757 23.497 1.44506
0.160 28.945 23.160 2.41357
0.525 30.808 23.553 2.02712
4.398 29.206 23.863 1.20378
0.000 29.480 23.301 2.15414
0.106 29.589 23.395 1.52707
12.883 29.932 23.271 1.10053
0.631 29.059 23.388 1.41410
12.419 28.193 22.846 1.31163
11.641 29.198 22.799 1.44153
5.076 29.046 22.486 1.05885
32.134 29.401 22.380 1.42093
10.079 28.508 22.864 0.68013
4.146 30.426 23.212 0.75124
4.930 29.121 22.857 1.13141
9.757 28.174 23.248 1.18487
0.000 29.880 22.770 1.00353
2.436 30.847 23.823 1.28865
7.489 29.505 23.480 1.46108
12.006 28.955 23.189 1.10223
1.886 30.669 23.298 1.09030
1.241 30.860 23.743 0.82893
3.781 29.863 23.192 0.71853
3.010 29.857 23.637 1.09052
12.353 28.203 22.741 1.16603
0.000 28.981 23.397 0.87562
3.988 29.399 23.494 1.52784
0.208 28.848 23.227 2.06839
2.874 28.313 23.396 2.46394
5.564 29.489 23.605 2.65677
22.227 28.749 21.629 2.50380
4.947 26.200 20.241 2.86568
3.242 28.152 19.628 2.05696
0.146 29.103 20.695 1.25910
0.000 30.721 22.917 0.67024
0.711 30.642 23.272 1.07250
1.324 29.929 23.136 1.61103
6.781 29.765 23.880 1.44428
133.311 27.292 23.650 1.52614
8.109 29.646 22.696 2.24647
5.243 29.207 23.130 1.54527
40.789 26.463 23.150 1.66830
19.640 27.226 21.138 2.37684
1.353 26.198 21.234 2.33213
2.061 28.090 21.897 2.00543
0.136 28.361 22.705 1.64335
6.174 27.295 22.179 1.59971
0.860 28.321 20.652 1.61758
0.296 28.520 19.308 1.52168
0.019 29.880 20.371 0.95210
0.000 31.070 22.069 0.72928
0.284 30.933 23.247 0.99529
0.000 31.366 21.889 1.44816
1.744 29.432 21.254 2.89627
0.601 28.553 19.668 3.78067
0.009 25.133 17.453 3.52576
0.000 23.885 15.403 4.30437
0.586 24.142 14.472 4.21988
0.000 24.479 14.918 3.96208
0.000 25.774 15.804 3.90347
0.076 26.489 17.878 4.32992
0.016 25.308 15.818 3.94589
0.000 24.788 16.151 3.49840
0.000 24.854 16.642 3.25063
0.000 25.462 17.767 2.72696
0.000 23.904 18.937 2.84604
0.000 26.599 17.794 3.27058
0.000 26.707 18.049 3.64464
0.000 26.429 18.425 2.76024
0.010 25.621 18.836 2.59330
0.000 24.767 18.159 2.54973
0.000 27.964 18.681 2.56623
0.000 28.914 19.955 3.25393
0.294 28.657 21.577 2.93194
0.000 27.913 19.442 3.22653
0.000 26.972 19.905 2.89061
0.000 28.782 20.960 2.72394
3.284 28.415 18.441 2.87463
0.000 28.049 18.619 1.60196
0.000 29.585 19.788 1.08982
0.000 30.108 20.660 1.82653
0.000 29.512 19.731 1.72821
0.000 29.611 19.164 2.01528
0.000 29.394 19.581 2.71873
0.000 28.204 18.430 2.73910
0.000 28.222 18.913 2.41965
0.000 29.387 19.884 2.82449
0.000 29.179 20.197 2.75382
0.000 28.308 19.645 2.65999
0.000 28.442 19.322 2.99274
0.000 26.730 18.318 3.27309
0.000 28.141 17.877 3.53538
0.114 27.970 18.102 2.75158
0.000 29.270 19.271 2.24822
0.000 29.821 21.191 3.08537
0.000 26.874 16.666 3.43834
0.000 27.723 15.426 3.17461
0.000 27.902 15.866 1.62182
0.000 29.536 17.735 1.05083
0.000 30.319 20.098 1.08580
0.000 30.613 21.057 1.53553
0.000 31.419 21.369 1.37372
0.000 30.850 22.288 0.99012
0.000 31.312 23.016 0.73800
0.000 27.245 12.938 5.13992
0.274 23.836 13.343 3.24101
0.081 27.140 14.605 1.97612
0.000 29.879 17.589 2.01077
0.000 31.207 18.613 1.67634
0.000 31.801 19.635 1.84699
0.000 31.914 20.283 1.86184
0.000 30.734 19.662 1.16329
0.000 31.860 20.537 1.42328
0.000 31.878 16.170 2.86867
0.000 28.388 13.814 4.19724
0.000 28.476 14.211 2.79500
0.000 29.435 15.544 2.48663
0.000 30.427 16.090 2.22204
0.000 30.859 15.229 3.19173
0.000 29.987 14.566 2.96341
0.000 30.093 15.366 2.08005
0.000 31.173 17.395 1.82295
0.000 32.150 18.209 2.37136
0.000 32.305 17.730 3.04301
0.000 31.887 18.219 2.66899
0.000 32.541 16.236 4.55013
0.000 28.981 14.732 4.20347
0.000 29.309 15.081 2.83026
0.000 30.745 15.027 3.90203
0.000 29.204 15.228 2.66884
0.000 28.985 14.184 3.00978
0.018 27.776 13.376 2.86375
0.000 29.649 13.882 2.24719
0.026 30.098 15.869 2.54718
0.000 29.262 13.650 4.59901
0.000 26.817 12.932 3.40510
0.000 27.722 13.567 2.49598
0.030 29.346 14.920 1.91316
0.021 30.642 16.358 2.02960
0.000 31.951 16.010 2.32862
0.000 32.188 15.740 2.92285
0.000 31.327 16.307 2.29312
0.000 32.182 18.354 2.74471
0.000 32.187 16.197 3.73000
0.000 31.774 16.582 3.47062
0.000 32.397 17.226 3.54105
0.035 32.476 18.482 3.56911
0.000 33.413 16.067 4.48158
0.000 30.275 14.159 5.01214
0.000 29.675 14.287 4.38281
0.000 30.322 14.726 3.79642
0.000 31.313 15.939 3.54503
0.000 30.947 16.186 3.08771
0.000 32.549 16.847 2.69833
0.000 33.267 17.335 2.33844
0.000 33.414 18.197 2.27696
0.036 34.396 19.379 1.44557
0.000 34.636 20.555 1.82766
0.000 34.579 18.659 2.16266
0.000 35.899 20.486 2.16246
0.000 35.609 22.103 1.48270
0.000 36.209 23.329 0.84017
0.935 33.989 22.648 1.54292
0.336 34.570 21.498 1.89577
0.000 30.774 18.421 3.29553
0.000 28.194 18.649 1.40746
0.000 34.831 21.755 1.22758
0.000 36.150 23.271 1.27026
0.634 36.239 23.449 2.03844
0.000 36.570 23.843 1.85028
5.398 35.918 24.585 1.22793
10.956 34.118 23.661 0.90715
0.000 33.819 24.223 1.11812
0.000 34.844 23.322 1.86590
0.000 32.290 22.441 0.94116
0.000 34.122 23.579 0.75062
2.016 33.288 22.892 1.43578
0.000 35.881 21.957 1.26158
0.001 36.294 21.361 1.47154
0.000 37.837 22.413 1.26323
0.004 36.247 22.284 1.39909
0.000 36.439 22.618 2.57465
0.000 35.393 22.256 2.22585
0.000 36.794 23.347 1.38037
0.000 38.477 24.061 1.31868
0.006 38.165 24.148 1.44744
0.000 32.978 22.150 2.56539
0.000 34.502 22.244 2.86144
0.000 35.122 21.446 3.45087
0.000 36.082 22.147 2.60962
0.000 37.025 23.618 1.94932
0.000 37.812 24.333 1.84817
0.569 37.715 24.937 1.64775
2.700 34.667 17.839 3.71406
0.011 25.526 14.731 5.64465
1.813 28.350 15.285 3.98156
0.000 29.194 16.656 1.92785
0.000 33.962 19.761 1.33501
0.000 35.821 23.680 1.47974
0.001 36.711 24.784 1.79709
9.389 35.508 20.759 2.44004
1.414 30.241 19.622 3.61042
0.000 33.262 19.502 4.06813
0.420 30.158 18.458 4.90810
0.028 31.652 18.474 4.66218
0.566 29.161 16.507 5.60309
0.744 28.229 15.686 5.74885
0.582 27.435 15.521 5.73394
0.022 27.323 16.153 4.20612
0.000 32.984 17.372 2.57046
0.006 35.636 22.447 1.92299
0.061 37.026 24.743 1.52028
4.239 36.982 25.436 1.69649
2.113 34.200 24.538 1.30427
4.965 28.436 22.195 1.60938
0.105 34.255 22.888 1.08184
0.000 34.603 23.812 0.88734
0.050 33.418 24.129 1.18476
0.000 33.570 21.695 2.01009
0.000 35.285 22.298 1.57968
0.000 36.044 21.970 1.70992
1.489 34.563 22.724 1.18851
2.174 34.664 23.063 1.37102
0.000 35.429 23.665 1.37935
0.000 36.229 24.040 1.87871
0.000 37.669 24.593 1.96786
0.736 37.313 24.651 2.65701
2.270 34.516 24.247 1.76224
0.010 26.711 21.824 2.26431
1.769 35.018 23.489 1.03316
16.259 35.238 24.525 1.98854
3.999 33.854 25.153 1.18605
31.609 30.762 21.586 1.90346
0.120 33.391 22.414 1.91331
1.542 34.149 23.992 1.53387
0.194 32.961 24.412 1.49506
1.511 31.380 24.740 1.39183
37.689 31.491 24.664 0.77236
0.009 29.251 23.896 1.17215
0.050 31.923 24.403 1.19433
32.942 31.429 23.630 1.11098
0.000 35.099 24.380 1.34416
0.000 32.815 24.151 1.18167
11.930 34.590 25.134 1.25187
0.445 34.516 24.954 0.96989
3.405 30.987 23.743 1.90997
0.341 33.585 24.138 2.43660
25.451 32.116 24.297 2.97089
2.562 32.511 24.123 3.72947
0.004 31.873 24.535 3.29275
0.382 33.175 24.251 2.28314
7.165 30.805 23.557 1.72202
4.060 30.417 23.273 1.07431
7.267 33.226 22.536 1.74561
0.000 34.048 22.929 2.14043
0.001 34.233 24.168 1.24031
20.247 31.655 23.856 1.01098
1.498 31.777 23.989 1.64286
0.182 30.122 23.277 2.19786
0.000 32.894 23.852 2.55455
0.000 34.517 23.775 2.76226
0.245 33.717 24.388 2.23768
1.439 33.190 24.547 1.80089
68.071 30.614 23.805 1.61218
19.683 29.849 24.068 0.75270
8.911 28.960 23.800 1.01765
0.000 30.554 23.912 1.39007
2.953 31.387 23.675 1.10985
2.855 32.148 24.285 1.29432
1.136 28.947 23.615 1.56974
0.000 31.160 23.562 1.76694
3.214 31.187 23.859 1.57327
7.178 30.025 24.030 1.23588
15.693 28.327 23.961 1.00138
0.556 29.807 23.973 1.24874
1.664 29.677 24.128 1.34480
8.712 30.500 23.272 1.59670
0.527 29.631 23.878 1.57028
3.015 28.782 23.370 2.15216
0.034 31.050 23.573 2.52751
1.504 29.833 22.936 2.61637
3.316 29.875 23.008 2.40173
0.510 29.737 23.127 2.34335
8.389 28.470 23.072 2.40398
4.974 29.404 23.273 2.61892
0.000 30.489 23.260 3.05877
0.000 29.776 23.706 2.82729
11.156 28.735 23.231 2.56156
24.608 29.051 23.016 2.52982
10.903 29.164 22.962 2.70918
4.231 29.660 21.171 2.96336
0.000 30.682 22.609 2.80015
0.734 28.239 22.035 3.33324
1.664 30.148 23.284 3.59776
1.625 30.061 23.462 3.77903
2.035 30.458 23.494 3.59613
2.685 30.050 24.299 2.97360
11.161 29.281 23.190 2.56307
4.178 31.110 24.114 2.40448
0.401 28.592 24.001 2.37079
5.095 28.478 23.097 2.99023
4.682 27.153 22.716 2.58826
2.465 29.143 22.480 2.36585
0.514 29.988 22.315 2.10348
0.174 31.120 22.619 1.50808
8.544 31.674 22.800 2.13938
0.000 32.990 23.618 2.61185
0.003 32.714 24.182 2.82068
0.516 33.623 24.404 2.98598
7.513 30.731 24.036 2.37752
0.059 30.217 23.546 2.61923
1.374 30.153 23.580 1.80622
5.308 29.081 23.394 1.81108
35.044 29.417 23.069 2.07113
18.407 28.051 23.210 2.37208
2.344 28.525 23.398 2.93616
2.148 29.721 23.413 2.52817
1.261 29.143 23.277 2.72687
0.104 28.796 23.488 2.63943
20.166 29.551 23.391 3.01968
7.506 29.394 23.265 2.89588
15.806 28.980 21.872 3.08195
12.224 27.308 22.532 2.47020
1.079 30.266 22.779 2.18162
5.100 29.824 23.044 1.83480
14.755 29.486 22.978 1.65160
0.000 29.670 23.273 2.35628
0.068 28.025 23.183 1.86114
2.840 28.422 23.366 1.94932
4.516 28.861 23.216 3.27130
7.371 27.027 23.146 4.44786
33.983 27.150 22.672 3.65587
15.456 28.946 23.000 2.72124
6.885 29.494 22.870 2.77680
2.486 29.929 23.478 2.41094
0.041 31.340 23.119 2.50390
0.127 31.615 24.061 2.65987
0.710 29.092 23.614 2.39250
3.410 29.314 22.831 2.76245
1.069 30.268 22.316 2.78200
3.359 29.674 22.712 3.05279
1.867 28.254 23.186 2.88589
4.533 28.841 22.701 2.62673
0.000 29.904 22.453 2.05594
0.082 29.821 23.472 1.27275
21.591 29.528 23.362 0.82620
4.651 28.739 22.772 1.20372
20.872 28.747 22.827 1.90387
13.399 28.706 22.734 2.22275
18.310 29.637 23.042 2.53532
15.871 27.623 22.106 2.34936
0.697 29.366 22.429 1.64655
0.000 30.101 23.335 1.49149
0.371 29.990 23.016 1.70587
0.000 31.001 23.759 1.81380
12.250 31.074 24.021 1.37519
5.211 28.980 23.156 0.91286
49.760 30.167 22.868 1.19263
3.642 26.814 22.359 1.49656
1.624 30.886 23.566 1.33834
11.801 28.133 23.249 2.29651
1.394 28.917 23.658 2.36869
8.386 28.674 23.310 2.64515
4.478 29.114 23.078 2.30728
1.090 29.805 22.908 2.67627
2.555 29.343 23.625 2.26610
6.173 29.042 23.460 2.02134
17.017 27.267 22.985 1.69249
5.756 28.314 23.098 2.09682
11.768 29.291 23.392 2.39043
32.302 28.061 23.177 2.22416
4.369 27.998 23.417 2.50318
34.686 27.238 23.650 2.64262
16.516 27.561 23.383 3.74508
3.326 29.088 23.422 3.09718
3.037 28.909 23.520 1.95270
8.350 27.594 23.130 1.76202
7.134 28.906 23.319 2.26196
0.341 28.809 23.553 2.15616
1.029 27.530 23.488 2.27073
5.608 29.665 23.682 1.59192
11.346 27.369 23.105 1.75177
32.770 27.942 23.043 1.65213
28.442 27.802 21.808 2.53364
8.325 25.466 21.818 1.95765
4.479 28.991 22.132 1.33758
0.409 27.823 22.131 1.32920
1.219 29.023 23.208 0.87187
6.961 28.800 22.315 1.63281
18.149 27.079 22.218 2.13118
6.281 28.378 22.666 1.98611
2.057 28.111 23.394 2.08233
0.001 29.129 23.554 2.48831
25.329 27.935 23.200 1.48955
34.388 27.069 23.155 1.99981
4.041 26.171 20.648 2.06385
0.028 25.787 20.135 1.79999
12.490 26.605 19.789 1.89595
16.211 26.286 20.089 1.54926
0.201 29.062 21.773 1.50482
0.055 28.891 22.471 1.24217
1.364 29.561 23.039 1.73777
14.669 27.050 22.044 1.65682
0.349 29.657 23.052 1.43194
46.748 29.687 22.751 1.18361
32.295 27.284 22.740 1.56719
13.889 26.234 23.054 1.80048
14.483 27.643 22.864 2.15637
15.501 26.582 22.384 2.14761
2.213 27.124 21.323 2.65626
0.209 27.747 21.152 2.47671
0.041 28.766 21.716 2.19123
0.014 27.836 21.167 1.98939
0.279 29.042 21.728 1.57921
0.000 29.396 20.677 1.72363
0.000 29.487 20.083 1.67204
2.510 30.296 21.275 1.86219
0.454 29.490 21.279 2.37414
0.000 29.375 21.127 2.25801
0.000 29.497 21.814 2.30311
0.049 28.288 21.684 2.18175
0.000 28.739 20.229 2.44491
0.000 28.375 20.420 2.58443
0.000 28.407 20.506 2.38554
0.000 28.965 21.086 2.63117
0.000 28.416 19.511 2.66464
0.000 28.413 19.860 2.40709
0.000 29.026 20.642 2.48508
0.135 29.462 21.595 2.32610
0.205 28.438 22.242 2.43397
2.585 28.190 22.162 1.69502
0.037 27.201 21.850 1.21518
0.000 24.717 17.802 2.43234
0.000 26.324 16.959 2.02243
0.000 26.634 16.380 1.75234
0.000 27.508 17.789 1.65911
0.004 27.970 18.830 2.31635
0.000 28.425 19.567 2.65388
0.000 28.038 19.653 2.56315
0.000 28.523 20.532 2.41349
0.000 28.854 18.883 1.94526
0.000 29.920 20.258 1.22302
0.000 30.017 19.251 2.36460
0.000 27.864 19.683 2.86212
0.016 28.967 20.172 3.30485
0.100 29.182 21.186 3.16209
0.003 28.879 18.863 3.92083
0.000 26.552 18.021 3.36918
0.000 27.844 18.359 2.99676
0.000 28.846 20.151 2.38531
0.000 28.986 19.502 2.00785
0.000 29.669 19.104 1.44077
0.000 30.467 18.358 1.29792
0.000 29.932 18.984 1.79405
0.000 29.113 15.753 2.87591
0.000 25.685 15.094 3.23387
0.000 25.881 15.491 2.71731
0.066 27.088 16.371 2.32113
0.000 27.887 17.049 2.22396
0.000 28.830 18.537 2.53237
0.306 29.380 20.549 2.31238
0.000 29.379 17.126 3.66485
0.000 26.112 14.008 4.08394
0.000 25.657 11.389 4.63611
0.000 24.189 10.865 3.92458
0.000 24.878 11.286 3.48420
0.000 26.376 12.741 3.01104
0.000 27.474 16.487 2.80080
0.000 28.807 17.443 3.76425
0.000 27.320 16.047 4.21901
0.000 26.581 15.375 3.94700
0.000 27.764 15.025 3.92288
0.000 27.752 15.347 3.47547
0.000 28.393 16.522 3.14833
0.000 28.387 17.918 2.97214
0.000 28.947 17.093 3.23782
0.136 29.868 17.443 4.12837
0.000 24.285 13.613 5.22929
0.000 25.114 13.507 4.49557
0.000 26.073 13.763 3.45244
0.000 29.475 14.271 2.65817
0.000 31.038 17.148 2.58142
0.000 31.105 18.226 2.57721
0.000 31.094 17.271 3.22855
0.000 31.112 17.584 3.09339
0.000 31.070 18.135 2.68069
0.000 31.484 19.221 1.70711
2.051 31.495 20.832 1.15415
0.000 31.176 16.920 2.75960
0.000 29.377 17.292 2.18246
0.000 31.850 17.302 2.70345
0.000 31.483 16.692 3.25811
0.000 30.243 15.903 3.40834
0.000 30.144 16.442 3.31952
0.000 30.105 16.969 3.21679
0.000 30.485 17.409 3.77113
2.065 29.389 17.680 3.32424
0.587 31.027 18.282 2.45733
0.016 31.619 19.842 1.26041
0.000 30.412 20.752 1.13939
0.000 31.945 21.350 1.02369
0.599 32.745 22.025 1.01769
0.000 31.669 21.929 1.18834
0.016 30.026 21.665 1.16711
9.040 27.616 20.949 0.98409
0.016 31.546 22.011 1.04274
3.011 29.508 18.776 1.42861
0.000 28.227 17.083 2.61784
0.000 31.558 17.624 1.84792
4.534 31.371 16.155 2.71667
0.000 30.899 16.686 1.46492
0.000 32.385 19.724 1.20499
0.000 33.186 21.205 1.42633
6.830 31.591 19.982 2.38527
6.826 27.175 18.245 2.97868
0.000 24.340 17.782 2.84119
0.473 32.696 18.307 1.98579
0.382 33.523 20.726 1.50838
0.025 31.822 20.685 1.97612
0.000 32.954 20.971 1.36798
0.000 34.207 21.757 1.33581
0.000 35.772 21.552 1.85691
0.000 36.886 19.788 1.53984
0.000 34.906 19.546 2.32474
0.000 34.784 20.354 1.01388
0.000 35.041 19.955 1.58342
0.000 35.067 18.990 2.39562
0.000 34.157 19.082 1.70237
0.000 35.347 20.473 1.70589
0.000 36.144 21.116 1.54482
0.080 36.848 21.846 1.29005
0.000 38.234 21.255 2.99008
0.375 34.142 19.860 3.21577
1.503 28.947 18.145 3.36181
0.000 32.209 16.339 3.98657
0.000 33.364 16.883 2.46554
0.000 35.358 18.469 1.53519
0.000 37.803 21.775 1.06533
0.000 37.926 23.767 1.87483
0.000 38.081 24.617 1.49697
0.000 38.820 25.638 1.46202
0.000 35.944 25.024 1.82258
0.031 33.321 23.509 1.18226
2.581 35.683 23.533 1.40472
0.000 36.671 24.657 1.50896
0.576 35.827 24.294 1.13049
0.001 36.549 24.228 1.87966
0.000 36.665 24.780 2.68636
0.013 36.245 23.724 2.35968
0.000 38.071 24.715 2.19865
0.000 37.366 25.691 1.76201
0.052 36.712 25.353 1.22736
8.601 35.684 24.481 2.01583
8.264 34.825 25.087 1.74308
2.999 32.490 20.679 2.60727
0.000 32.797 20.093 3.44260
0.000 34.718 20.657 3.08995
0.000 35.667 21.493 2.50696
0.000 36.356 22.926 1.33212
0.308 34.279 23.910 1.33199
4.475 34.828 24.041 1.47841
0.467 34.903 23.607 1.90085
0.234 34.171 23.324 1.91700
0.033 36.627 23.282 1.50093
0.000 37.146 22.730 1.81635
0.000 38.208 23.270 1.67799
0.000 38.457 24.214 1.82950
0.123 37.855 23.915 1.51734
0.000 28.811 20.293 2.91634
0.004 32.430 20.315 2.33969
0.000 35.804 21.626 2.78681
0.004 36.378 22.936 2.30359
0.000 37.109 23.768 1.86677
0.000 37.090 24.885 1.11727
0.000 38.391 25.761 1.35676
0.158 35.726 21.373 4.69260
0.127 31.291 21.215 2.46949
0.000 36.382 22.879 1.26282
0.087 36.136 24.928 1.54125
2.539 31.659 24.128 1.56697
16.951 32.859 23.772 1.22627
0.375 34.696 24.800 1.18160
7.641 31.025 22.026 1.32848
0.029 32.506 22.743 1.12598
0.324 35.953 24.214 1.03544
2.299 34.986 24.461 1.11219
0.280 35.165 24.320 1.73628
0.081 35.453 24.931 1.76311
2.534 33.958 25.433 1.42053
7.186 31.932 23.887 1.41793
1.305 33.943 24.197 1.76811
3.417 33.195 24.055 1.82004
8.511 36.825 24.992 2.02903
0.967 33.363 24.783 2.02768
2.180 37.704 25.256 2.32419
0.000 38.645 25.716 2.35714
0.896 38.664 24.733 2.37835
0.012 38.100 24.616 2.36889
0.014 35.524 24.777 2.89599
0.000 37.406 25.359 3.03600
0.029 38.553 26.837 2.33391
0.000 37.480 26.552 2.07257
26.629 34.564 24.843 2.41770
2.922 32.620 24.751 2.04429
0.351 33.586 24.938 2.17607
0.484 32.304 23.873 1.80966
18.491 35.058 25.079 2.38527
2.985 36.690 25.257 2.44248
2.468 34.302 23.617 2.09834
0.284 36.375 24.447 2.25942
1.843 34.150 24.458 2.34769
4.090 32.548 23.882 2.37437
1.117 31.508 23.705 1.88402
20.365 29.900 22.756 1.69945
8.926 32.965 23.515 1.67268
0.003 34.014 24.012 1.55736
1.354 36.159 24.469 2.09311
3.250 33.388 24.143 1.76162
5.937 33.200 24.739 2.39104
0.000 35.028 25.152 2.16355
42.063 33.063 24.731 1.68245
0.000 30.456 24.392 1.17279
0.030 28.281 23.463 1.66818
0.000 30.599 23.728 2.13018
5.374 31.851 23.421 2.53047
0.000 34.343 24.429 2.60027
0.149 34.006 24.476 2.76309
0.856 33.319 24.631 2.35934
1.089 31.962 24.882 2.59317
13.279 29.918 24.018 2.47284
9.430 30.303 23.582 2.20005
0.144 31.442 24.086 2.37522
0.206 31.409 24.227 2.59910
1.231 31.201 23.896 2.48837
0.000 31.127 24.306 2.43563
12.343 29.270 23.889 1.63055
37.197 32.264 24.774 1.38480
37.732 29.426 24.288 1.64148
8.764 30.010 23.495 1.75608
8.410 29.642 24.004 2.17802
5.274 30.252 23.932 2.47361
0.170 31.046 24.530 2.21341
8.095 30.040 24.267 1.92028
1.911 29.053 24.427 2.06945
3.474 29.264 24.226 2.74030
0.012 30.424 24.001 3.42581
0.040 30.424 23.953 3.35342
0.000 30.151 23.720 2.66459
0.000 30.645 23.469 2.87375
0.442 31.139 23.818 2.64084
0.009 31.360 23.954 3.06542
0.696 30.889 23.535 2.81672
0.843 29.379 24.101 2.88974
1.990 27.596 23.180 3.01780
3.581 29.812 22.892 3.58941
2.511 30.416 22.673 3.41963
0.065 31.315 23.029 2.99768
0.000 31.692 23.078 2.68481
0.635 31.226 23.275 2.45439
2.018 30.685 23.474 2.37771
3.864 31.151 23.420 2.62010
12.045 30.441 23.674 2.61638
5.759 28.484 22.720 2.86224
1.709 32.194 22.379 3.06013
1.004 32.604 23.316 2.94156
3.035 32.436 23.811 2.95967
0.494 30.252 23.430 2.90090
1.416 30.017 23.092 2.08591
3.327 30.689 23.612 2.11779
1.222 30.269 23.429 2.06698
77.116 30.112 23.491 2.28677
2.421 29.453 23.708 2.21662
2.891 28.773 23.092 2.15316
1.238 30.502 23.177 2.47958
0.120 29.703 22.823 2.01393
4.611 30.425 22.842 1.87898
3.615 31.208 23.804 1.54990
0.099 30.629 23.745 1.78314
1.276 30.474 23.225 2.58058
0.752 30.890 23.344 2.61066
0.000 31.131 23.596 2.51649
1.721 32.400 23.380 2.38321
0.476 32.049 23.912 2.24905
1.123 33.261 23.697 2.59833
1.454 32.256 23.435 2.93955
0.444 32.357 23.096 2.75232
0.879 32.665 23.320 2.80802
0.000 34.324 24.316 3.38327
0.609 34.005 23.689 3.60996
1.665 32.289 23.756 3.49113
2.784 29.388 22.589 3.60411
8.257 31.221 23.163 3.68259
4.360 30.439 22.972 3.02207
0.180 32.045 22.862 3.21429
13.959 29.815 22.437 3.20575
2.519 30.398 21.920 3.22338
4.223 29.147 21.619 3.46057
0.381 30.928 22.030 4.09515
0.000 31.545 22.453 4.26463
0.184 31.576 22.247 3.91844
1.215 28.057 22.378 2.71337
0.556 32.261 22.694 3.14689
0.303 33.097 23.299 3.31562
2.625 32.046 22.997 4.08219
1.321 30.477 22.392 3.79518
23.613 31.050 22.594 3.69471
21.731 29.753 22.755 3.62765
0.606 30.767 21.694 3.26733
0.242 33.403 22.861 3.30841
2.672 33.579 23.603 3.33154
0.000 34.353 23.498 3.24855
0.350 33.257 22.986 3.05491
8.343 32.352 23.027 2.89757
8.532 33.366 23.208 3.08486
0.810 30.532 22.993 3.19127
2.150 31.536 23.075 3.16504
10.251 31.969 23.071 2.35131
2.841 30.845 23.265 1.91638
24.579 32.219 23.190 1.97885
17.821 31.364 23.303 1.65185
7.593 28.735 23.433 1.31008
6.482 29.104 22.795 1.34743
29.998 30.160 23.385 1.94914
9.644 29.201 23.261 2.21997
10.778 29.137 23.351 2.15105
6.195 29.713 23.622 2.80451
8.056 28.653 22.943 1.89235
8.055 30.376 23.377 2.00832
1.398 29.198 22.794 2.40250
6.259 29.482 23.412 2.26357
41.042 29.273 22.846 2.64579
25.660 27.251 23.122 2.60062
14.477 27.179 23.159 1.83825
18.838 29.427 22.979 2.06423
20.174 27.363 23.302 2.43440
10.741 29.434 23.341 2.53807
0.028 29.360 23.205 1.71110
0.001 28.005 23.194 1.22436
4.827 29.927 22.844 1.30652
0.449 29.472 23.508 1.46221
4.377 27.234 22.840 1.57886
1.649 27.242 22.880 1.33217
0.275 28.504 21.239 1.51745
1.830 27.892 21.469 2.33575
0.544 29.444 21.455 1.99545
6.015 30.122 22.811 1.21769
6.623 29.077 23.119 1.12486
0.900 29.710 23.724 1.23795
0.499 29.129 22.871 1.65813
5.657 28.974 22.960 1.31300
2.156 30.141 23.312 1.06917
18.911 29.411 23.361 1.06256
45.782 29.165 23.795 1.43305
20.174 28.227 23.656 1.18426
13.186 29.317 23.748 1.09137
0.039 27.318 23.892 1.94454
3.251 30.027 22.386 1.85357
0.000 29.534 22.151 1.83577
0.429 30.351 22.155 1.56822
0.000 30.217 22.296 1.19991
0.000 31.045 22.783 0.89776
0.000 31.461 22.910 0.95212
6.671 31.250 23.504 1.46082
20.498 29.616 23.262 1.47460
1.498 28.687 21.851 2.11228
7.074 25.624 22.179 3.92813
9.541 28.830 22.918 2.23423
0.236 29.072 21.404 1.69547
0.000 29.985 21.617 1.72813
0.000 30.467 21.416 1.51964
0.000 31.344 21.803 1.28895
0.000 31.244 23.163 1.13585
0.393 28.644 20.996 1.30599
0.000 29.417 22.210 0.99093
0.000 30.398 21.475 1.11669
0.000 30.101 20.240 1.97340
0.000 29.863 20.906 1.59246
0.000 30.876 21.133 1.49286
0.000 31.623 21.846 1.36755
0.649 30.653 20.845 1.72164
0.000 29.850 21.697 2.08359
0.554 28.696 22.284 1.41504
17.661 27.681 21.015 1.39796
0.000 31.239 20.623 1.46487
0.000 30.649 21.799 1.88735
0.000 30.359 22.595 1.99920
0.000 31.668 23.751 1.06759
0.000 31.469 23.805 0.87844
5.731 31.521 21.664 1.68303
0.000 28.964 19.208 2.79529
0.245 28.640 19.632 2.05254
0.011 30.607 19.762 1.45525
0.000 31.517 20.447 1.17146
0.000 32.151 20.959 1.16311
0.000 32.047 21.593 1.26585
0.000 31.671 22.017 1.19976
0.000 32.219 22.699 1.19430
0.000 31.090 22.650 1.02503
0.000 31.945 23.599 0.89054
0.003 32.111 23.521 0.68749
9.486 31.574 21.496 1.84940
0.454 30.224 21.790 2.12156
0.631 31.488 21.184 1.98324
0.011 31.688 21.006 1.32311
0.047 32.863 21.590 1.83596
2.017 29.846 22.744 2.02314
22.421 25.550 19.297 2.23894
3.542 30.343 19.768 1.33855
1.578 30.807 22.092 1.27479
0.000 31.981 22.912 0.79608
0.000 31.175 22.370 1.23293
0.000 32.264 22.821 0.87422
0.038 31.675 23.494 0.98734
0.731 26.767 22.912 1.34812
13.879 28.732 22.213 0.74942
0.226 31.007 20.292 1.18769
0.004 30.827 20.582 0.97215
10.124 27.589 22.541 1.12772
0.049 29.726 21.457 0.94273
0.056 30.923 21.897 1.16026
0.889 31.569 21.841 1.07168
0.576 33.024 22.522 0.89886
0.090 31.923 22.550 1.33195
0.000 31.342 22.178 1.13337
0.000 32.538 19.028 1.85004
0.000 30.890 19.352 1.66779
0.000 31.359 20.302 1.22516
0.000 31.418 20.266 1.08029
0.000 31.674 20.496 1.12112
0.367 32.032 21.181 0.81917
0.000 32.652 19.636 1.62952
0.000 31.924 18.987 1.77383
0.000 32.088 19.984 1.34767
0.401 33.155 21.173 1.51117
0.000 33.776 21.781 1.26555
0.000 34.311 21.284 1.08222
0.000 35.083 21.364 1.25407
0.000 35.148 19.020 2.66026
0.000 32.753 19.420 1.85330
0.000 33.401 20.200 1.67135
0.000 34.893 20.718 1.67719
0.000 34.093 20.541 3.06703
0.000 28.769 15.416 4.96189
0.000 29.252 15.695 3.42900
0.000 30.875 16.617 2.30033
0.000 32.354 19.013 1.92687
0.000 33.286 20.711 1.80007
0.000 33.332 21.007 1.75312
0.000 35.024 21.839 2.60997
0.000 31.474 15.348 5.14793
0.010 25.893 15.546 3.40628
0.000 27.918 16.812 2.31257
0.000 33.219 17.715 2.05664
0.000 33.766 18.203 3.07567
0.001 31.736 17.996 2.89133
0.000 33.045 18.472 2.50328
0.001 33.080 18.678 2.55045
0.000 33.572 19.121 1.66499
0.000 33.576 20.405 1.08560
0.000 34.451 18.052 2.17213
0.000 32.038 17.710 2.18931
0.000 31.491 18.085 2.10996
0.000 32.483 19.010 1.83536
0.000 32.491 19.531 1.22223
0.000 33.393 19.980 0.86251
0.000 33.212 20.691 1.15995
0.000 33.356 18.195 2.54489
0.000 32.550 17.069 3.79650
0.000 31.586 15.642 4.17050
0.000 30.904 16.236 2.23211
0.000 32.746 17.351 1.45974
0.000 34.881 19.601 1.41314
0.000 35.900 19.994 1.87270
0.000 35.885 20.668 1.44912
0.000 36.397 22.064 1.31316
3.716 34.942 23.040 1.18212
0.000 34.432 23.091 1.30875
0.102 33.135 20.091 1.86552
0.476 31.086 19.517 2.20872
0.049 32.417 20.114 1.90730
0.000 34.233 21.230 1.41708
0.000 33.837 20.646 1.31549
0.000 35.426 21.526 1.86866
0.114 34.387 22.888 2.66563
0.549 30.867 21.972 2.02831
0.000 36.759 22.753 2.00115
0.000 36.365 22.876 1.50260
0.000 37.852 22.902 1.61290
0.000 38.058 22.892 1.95716
0.098 38.354 23.862 1.35036
4.230 34.953 21.870 1.87101
0.000 35.706 21.456 2.39641
0.000 35.910 21.757 1.42795
0.000 36.966 19.574 3.12020
0.000 35.440 20.168 2.15085
0.000 36.686 21.141 2.05652
0.000 37.951 22.783 2.21225
0.000 36.905 23.774 2.26537
0.000 37.542 23.465 1.76136
0.000 37.298 23.806 1.29297
0.000 38.536 22.945 1.33381
0.000 38.056 22.534 1.62233
1.545 37.014 21.182 3.09945
0.148 35.547 19.433 5.20140
0.026 33.856 19.903 4.42364
0.000 35.250 20.982 2.72723
0.093 37.963 23.724 1.79063
0.000 38.451 26.568 1.35065
0.000 39.545 25.051 2.30066
0.000 38.402 24.628 2.30379
0.000 39.617 24.709 2.03663
0.935 40.222 25.734 1.66273
0.661 34.608 20.010 4.09271
0.811 32.833 20.412 3.76344
0.000 33.572 19.844 3.17234
0.000 35.318 20.686 2.53596
0.000 36.976 20.868 2.79160
0.000 37.119 22.022 1.57442
0.215 37.788 23.605 1.81466
0.616 36.512 23.981 1.72287
0.027 37.581 24.350 2.00723
0.000 38.134 23.775 2.89464
0.000 38.148 24.860 1.49781
2.291 37.422 26.304 0.84112
4.696 35.699 24.710 2.06180
0.000 36.808 25.267 1.26154
0.000 37.962 25.046 2.18047
0.257 37.802 25.143 2.82490
2.110 36.611 25.090 2.50737
0.075 40.091 25.444 2.11616
0.000 39.718 26.769 1.56543
0.371 38.732 25.747 1.82211
0.201 39.876 26.099 1.37090
0.000 41.343 26.067 2.42531
0.000 41.096 25.449 3.09397
0.000 40.877 25.095 2.52004
0.000 41.462 25.795 2.06871
0.000 41.494 25.837 2.74193
0.000 42.105 26.191 2.48483
0.000 41.820 26.400 2.62075
0.000 42.194 27.263 2.19494
0.000 38.021 26.054 1.53953
0.368 36.639 26.813 1.88267
0.000 38.424 26.426 2.95657
0.000 36.987 25.648 3.81550
0.000 39.526 25.455 3.35927
0.025 41.620 25.479 2.20232
0.000 37.610 25.405 1.47336
0.260 38.353 25.559 2.48053
0.000 40.472 26.037 2.32863
2.691 36.548 25.789 2.44644
0.179 33.879 25.396 2.45266
0.010 32.140 25.325 2.93863
0.769 35.072 25.654 1.50418
2.401 37.906 25.462 2.27987
10.560 30.876 23.917 2.47515
14.264 32.762 24.053 2.24591
1.974 30.917 23.546 2.08164
0.736 36.832 24.481 1.40172
0.000 39.038 25.299 2.29600
0.042 37.971 25.902 2.52821
9.408 34.850 25.485 1.50034
1.706 33.218 25.632 0.96107
6.296 31.782 24.067 1.56797
11.549 33.755 24.896 1.46302
14.970 34.374 24.990 1.45645
2.578 34.221 23.917 1.48942
0.440 36.386 24.718 2.18585
0.000 37.899 24.827 2.30487
0.174 36.013 24.443 2.50175
0.260 37.700 24.549 2.82347
0.162 38.891 25.155 2.79615
17.379 36.135 25.074 2.32015
14.484 37.830 26.233 1.88784
5.489 33.706 24.678 1.55175
0.401 32.937 24.179 1.06643
8.001 35.405 24.852 1.29119
3.600 32.102 25.019 1.23270
3.065 35.491 24.729 1.78438
0.000 33.850 24.795 1.51401
2.511 37.877 25.477 2.07200
1.264 38.154 25.579 1.60560
4.761 34.000 24.236 1.96978
2.988 37.478 25.875 2.43148
0.074 36.081 25.913 2.26539
0.000 36.047 25.799 2.53676
3.209 37.624 25.913 2.48744
3.365 34.181 25.522 2.16403
14.316 32.297 24.463 1.76557
5.623 36.078 24.849 2.38564
1.808 32.515 25.239 2.63503
0.011 31.610 24.918 2.43844
3.343 32.172 24.836 2.12792
0.031 33.452 24.531 2.05480
5.361 32.893 24.519 2.22149
1.559 31.901 24.196 2.87737
0.000 35.030 24.777 2.71999
0.231 34.374 24.908 2.60540
0.265 34.011 24.785 1.87126
14.618 34.664 24.531 1.29051
7.016 31.686 24.339 0.66078
4.896 33.255 23.990 1.22260
5.605 32.990 24.839 1.16169
1.457 30.690 24.357 0.80411
0.118 31.569 23.744 1.34487
1.665 32.869 24.259 1.55562
9.404 31.776 22.748 1.62030
10.155 33.791 23.274 1.24763
0.429 34.309 24.392 1.80822
0.000 34.349 25.238 2.58355
1.429 35.399 24.716 2.24756
2.860 35.717 24.857 2.18980
45.216 29.950 23.184 1.58230
1.979 28.733 23.078 1.37000
3.471 30.237 23.552 1.67899
0.449 30.709 23.976 1.53400
0.000 32.961 23.135 1.38691
0.000 33.309 23.760 1.49189
0.019 31.457 24.143 1.98433
0.064 30.411 24.111 2.53290
1.283 30.208 24.576 2.47569
4.337 29.936 23.647 2.83507
17.209 31.314 23.943 3.32359
16.066 29.315 23.845 3.03469
3.077 27.852 23.344 3.43155
10.334 31.182 23.770 2.90758
21.115 30.792 23.489 1.95599
0.965 29.215 23.699 1.78732
0.122 30.945 22.769 2.39823
0.766 33.079 22.933 2.42894
0.061 32.521 22.885 2.59511
0.000 33.952 23.943 2.58335
0.986 33.960 24.706 2.48006
0.760 29.674 23.670 2.31227
2.149 30.644 23.432 1.68788
26.405 31.568 22.451 1.46630
7.487 33.233 23.266 1.61985
4.257 31.037 23.976 1.68472
0.589 29.423 23.091 1.95133
4.994 29.037 23.124 2.37816
1.005 29.629 22.747 2.29176
7.229 27.702 22.167 2.12180
2.700 28.825 22.898 1.87301
0.743 30.283 23.025 2.12597
0.078 30.899 23.591 2.52217
1.533 31.498 23.780 2.35560
0.413 30.852 23.142 2.13691
3.785 31.326 23.026 2.68296
0.076 31.186 22.751 2.60430
0.530 34.137 24.023 2.48538
3.363 28.989 22.759 3.08323
4.970 29.509 22.784 2.85592
1.890 29.705 23.485 2.33500
87.697 29.582 23.078 2.47590
9.924 28.030 23.426 2.66222
8.714 26.485 22.533 3.04411
6.014 29.241 23.043 2.57568
6.314 29.442 23.724 2.40150
35.811 29.505 22.985 2.33633
9.806 28.646 22.999 3.08507
9.460 28.993 22.709 2.92124
2.609 29.440 22.820 2.40465
14.722 29.786 23.205 2.40377
0.000 30.160 22.746 2.89434
10.254 28.629 22.888 2.51638
2.846 28.990 22.479 2.85883
4.172 29.251 22.582 2.15485
1.184 29.350 23.131 1.70100
5.025 29.531 23.441 2.21281
54.239 28.465 23.244 2.10607
0.497 27.816 22.723 2.06771
4.066 28.410 22.719 1.54907
11.435 31.533 23.538 1.22905
7.600 30.896 23.107 1.24027
8.124 31.053 23.789 1.15500
2.131 28.238 23.160 2.24864
0.645 29.589 22.019 2.64690
1.286 30.415 23.309 2.66924
0.774 30.105 22.425 2.94963
1.455 30.979 23.051 3.08772
0.141 30.748 23.298 3.16440
0.150 30.764 22.773 3.37399
4.136 30.183 23.141 3.09851
3.920 28.105 22.811 2.89353
6.649 28.666 22.891 3.44107
4.727 30.179 22.789 3.16999
1.443 30.025 22.473 3.16031
0.265 30.651 22.368 2.72722
10.788 31.485 20.925 2.28159
4.173 29.107 22.334 1.91972
1.661 30.845 22.641 2.34554
28.619 30.316 23.337 2.03320
2.288 29.565 23.608 1.83019
0.424 28.660 23.250 1.51882
0.000 28.702 22.792 1.38539
5.415 31.338 22.908 1.11571
2.742 31.702 22.422 1.29616
2.460 29.959 23.621 1.23875
7.946 28.675 22.998 1.32375
8.402 31.181 23.149 0.81741
19.614 29.196 22.236 1.06495
12.494 29.178 23.395 0.77184
1.482 29.242 22.878 0.75351
9.387 29.039 22.747 1.19630
1.159 29.904 22.816 1.66060
8.318 29.666 23.562 1.13021
39.130 30.216 23.471 1.29550
17.149 27.675 23.593 1.89452
4.290 27.711 23.189 2.02434
0.684 28.441 22.487 2.37265
2.446 27.352 22.836 2.23413
30.571 26.824 23.023 2.50001
115.541 26.955 22.721 4.31090
2.212 26.955 22.741 4.51767
1.324 28.215 22.515 3.30222
2.569 27.404 22.339 3.00266
6.574 26.523 21.708 2.71547
0.396 29.548 23.010 2.23229
7.399 29.551 22.970 2.31176
51.285 28.591 22.954 1.75328
16.841 28.124 21.543 1.72137
4.466 29.053 22.567 1.73347
1.316 27.598 22.131 1.41408
1.498 28.697 22.135 1.48649
18.245 30.659 22.731 1.00096
20.637 28.502 23.238 1.96932
14.462 27.944 22.885 3.29290
23.846 27.339 22.873 2.08423
0.355 28.878 22.333 2.21180
0.262 28.697 21.492 3.27481
14.896 27.219 21.106 2.10189
0.000 28.677 19.029 1.66793
0.000 29.625 19.972 1.36171
0.000 30.055 19.726 1.59835
0.000 29.674 21.144 1.88856
0.000 30.128 22.650 1.83344
0.723 30.481 22.902 1.54439
0.173 30.222 22.772 1.48971
65.449 28.651 21.854 3.20353
29.024 24.882 21.586 3.06347
0.000 29.249 22.281 1.51059
32.576 28.965 21.783 2.14971
16.241 25.890 21.833 1.92259
0.000 28.973 21.170 2.55689
0.872 28.341 21.190 2.57864
0.000 28.947 21.312 2.61278
0.000 28.791 20.502 2.28884
0.000 28.611 19.645 2.28870
0.000 27.667 18.857 2.53685
0.000 26.912 18.047 2.30855
0.000 27.892 18.771 1.58536
0.000 29.404 20.353 1.23355
0.000 29.029 19.281 1.32621
0.000 29.917 20.716 1.39059
0.000 30.130 21.015 1.43418
0.000 30.038 20.120 1.83230
0.000 28.740 17.971 2.06377
0.000 28.041 17.564 2.78464
0.000 28.032 18.387 2.96161
0.000 27.877 19.294 3.37256
0.425 29.203 20.991 3.14136
13.280 28.302 21.981 3.51073
1.627 28.183 21.727 2.03771
0.019 28.815 20.334 2.27904
0.153 29.903 20.986 1.43665
0.000 30.919 23.679 0.81621
1.232 30.293 23.022 0.87097
0.750 28.193 21.307 2.28041
0.411 28.478 20.262 2.69378
7.601 27.869 20.014 3.64111
0.001 28.068 20.136 3.14678
0.000 27.638 19.196 3.03032
0.000 28.185 19.280 3.05159
0.156 28.159 18.773 2.89418
0.000 28.176 19.182 2.56235
0.000 28.890 20.310 2.50508
0.075 29.263 21.151 1.89787
0.071 27.480 21.060 1.41475
2.592 29.215 21.944 0.97818
0.000 28.674 20.608 1.88674
0.000 30.197 20.513 1.45966
0.000 31.426 21.506 1.76753
0.000 28.543 16.315 3.95147
0.000 26.649 15.920 3.47890
0.000 27.416 16.280 3.00307
0.000 27.056 15.456 4.00665
0.000 26.041 14.003 2.99854
0.000 26.654 14.678 2.37333
0.000 27.689 16.101 2.48936
0.000 27.788 17.212 2.47558
0.000 27.352 15.155 2.74220
0.000 27.020 14.533 2.38462
0.000 27.011 15.137 1.59166
0.000 28.323 15.737 1.61181
0.000 28.219 15.416 1.66178
0.000 29.076 16.187 1.81494
0.000 29.369 17.119 1.51748
0.000 29.946 19.106 1.49623
0.000 29.404 20.098 1.09476
0.820 28.482 17.884 1.51943
0.281 24.896 12.091 3.47531
0.000 22.660 10.459 2.79188
0.000 23.726 10.308 2.93597
0.000 24.286 10.131 2.83664
0.000 24.058 10.033 2.80758
0.000 24.126 10.621 3.03038
0.000 24.687 11.499 2.69246
0.000 26.051 12.528 2.57915
0.000 26.482 11.963 3.04287
0.000 25.444 11.186 2.88383
0.000 26.122 10.873 3.08587
0.000 25.265 10.444 3.63907
0.000 24.839 10.891 3.17649
0.000 25.317 11.720 2.97219
0.000 25.762 13.538 2.91532
0.000 25.735 12.337 2.53420
0.000 27.305 11.844 2.06784
0.000 29.251 12.890 1.35999
0.000 31.982 14.983 1.21058
0.000 30.957 15.065 2.33916
0.000 30.452 15.594 1.50701
0.000 31.581 16.607 1.01861
0.000 31.901 19.067 0.89012
0.000 33.554 17.751 1.83220
0.000 31.848 16.895 2.93325
0.000 31.260 17.283 2.74657
0.000 31.287 17.575 2.59518
0.000 30.974 16.228 3.24430
0.000 29.621 12.888 4.12852
0.000 27.087 11.024 3.67715
0.000 26.430 11.307 3.05039
0.000 26.954 12.418 2.13027
0.000 28.763 13.991 3.72693
0.000 26.596 12.949 4.27951
0.000 25.877 12.598 2.74336
0.000 27.996 13.499 3.99153
0.000 26.251 10.216 3.95420
0.000 24.874 10.179 3.80052
0.000 25.517 10.158 1.80840
0.000 27.697 11.444 1.14023
0.000 30.587 13.448 1.41261
0.000 30.683 15.097 2.00548
0.000 30.993 15.126 2.11854
0.000 31.726 15.433 1.86826
0.000 31.676 16.144 2.14866
0.000 31.156 15.031 2.67188
0.000 31.637 15.688 1.44062
0.000 32.994 16.921 1.04873
0.000 34.330 18.545 1.29877
0.000 35.235 19.383 1.48868
0.000 34.370 20.819 1.75464
0.000 31.818 22.124 2.02385
0.000 32.845 21.629 1.90829
0.000 33.572 22.055 1.93171
0.000 33.654 20.811 2.59152
0.000 34.752 20.092 2.00358
0.000 36.365 19.390 2.25550
0.000 33.302 18.611 2.16925
0.000 33.099 19.208 1.10157
0.221 33.940 18.882 2.09275
0.000 31.183 18.565 2.25747
0.000 32.852 19.166 1.27288
0.000 34.561 21.789 1.81361
0.000 35.394 22.364 2.00239
0.000 36.334 22.312 2.22865
0.364 33.022 15.002 4.39752
0.000 26.279 15.344 3.52044
0.000 30.580 17.517 1.46258
0.000 34.890 20.282 1.20427
0.000 34.790 20.654 1.47092
0.000 35.579 20.776 1.56182
0.000 36.104 22.015 1.12405
0.000 36.193 21.857 1.62823
0.000 35.725 21.642 1.76552
0.000 34.830 21.713 1.80374
0.000 37.220 22.296 1.71649
0.000 38.860 22.693 2.09552
0.000 38.578 21.944 2.13517
0.000 38.746 22.581 1.96320
0.000 38.143 23.497 2.11844
0.000 36.987 23.991 2.53977
0.000 36.645 23.322 2.27974
0.000 36.884 23.315 2.13806
0.000 37.467 24.155 1.41366
0.000 36.636 24.548 1.88820
0.000 35.890 23.469 1.20241
0.000 38.149 23.174 1.95325
0.000 38.687 24.222 0.98019
0.000 39.499 25.463 1.94524
0.631 38.130 26.282 1.90819
0.562 35.544 26.101 1.89576
1.927 34.578 25.402 1.25579
0.000 36.917 24.885 1.43822
0.563 37.603 25.665 2.39149
0.000 36.979 25.439 1.41274
6.320 34.582 21.479 2.59510
2.339 28.635 21.073 1.84757
0.000 34.110 21.872 2.17405
0.000 35.567 23.256 1.31296
0.000 36.393 24.145 1.26320
3.451 36.934 24.818 1.32932
1.530 36.777 25.203 1.51190
0.000 35.752 24.749 2.32021
0.000 39.014 24.588 2.10851
0.000 37.901 25.140 2.36087
0.000 39.904 24.522 2.48397
23.879 40.259 25.043 2.68219
0.000 38.989 25.642 2.06553
0.089 37.963 25.492 1.81246
0.062 32.637 25.067 1.42267
12.045 31.663 23.241 0.93031
0.000 34.828 23.866 1.13639
0.149 37.473 23.345 1.91938
0.000 37.926 24.006 2.06285
0.000 38.195 24.564 1.61547
0.024 39.138 26.037 2.12460
0.295 35.604 23.815 1.72077
0.079 37.261 24.742 1.63018
3.055 38.324 25.810 1.03489
4.512 34.563 25.491 0.81117
12.039 36.270 24.694 1.17455
0.766 38.703 24.914 1.59377
0.536 37.198 25.495 1.74185
0.072 35.073 24.973 1.43871
0.498 37.255 25.753 1.69532
0.000 37.398 26.195 1.85928
0.000 39.412 26.372 1.74023
0.009 36.314 25.743 2.02106
11.499 37.640 26.340 2.07741
0.274 38.839 25.276 2.80547
0.106 38.340 25.733 1.78232
0.000 38.204 25.844 1.28119
3.305 37.122 25.079 1.21038
0.118 36.107 25.868 0.79809
11.838 33.590 24.892 1.40455
3.549 34.918 25.258 1.41476
13.855 34.369 24.997 1.15831
0.117 32.110 24.119 1.33446
1.047 33.212 24.143 1.56828
0.000 35.277 24.769 0.78633
9.008 36.250 24.616 1.28396
13.819 29.920 23.640 2.08086
15.655 31.300 24.289 0.93258
0.472 36.032 24.249 1.86332
0.000 37.627 24.128 2.58552
0.245 37.717 24.692 3.03912
0.000 36.717 25.116 2.83527
11.869 34.696 25.405 2.27897
8.148 32.349 24.467 2.13551
0.130 32.800 24.902 2.35040
4.759 34.016 24.805 2.02078
0.110 34.648 25.152 1.74935
24.868 32.107 24.329 1.65978
1.675 33.009 23.999 1.79828
2.620 32.798 24.238 1.33184
0.451 35.416 24.277 2.23944
1.206 34.220 24.360 2.40161
4.664 35.075 25.029 2.93514
0.000 33.658 25.198 2.79786
2.336 36.862 24.702 2.06832
0.000 37.066 25.888 1.18462
0.770 34.954 26.146 0.90868
11.131 32.032 24.588 1.11475
0.615 33.492 24.848 1.51069
1.914 34.652 24.320 1.63336
0.000 36.386 24.865 2.13704
0.000 34.698 25.171 1.84990
0.134 36.380 24.943 1.88539
1.742 36.920 25.068 1.92309
24.236 35.849 24.988 2.22425
0.000 34.065 25.517 2.47118
5.140 33.408 24.985 2.89497
0.045 33.266 24.948 2.62463
1.123 34.909 25.029 2.55959
0.024 34.287 25.224 2.79512
5.901 32.773 25.194 2.72074
0.030 31.569 25.422 2.78566
1.385 33.427 25.039 2.98934
4.545 31.441 24.573 3.20347
4.822 30.838 24.805 3.09664
1.606 29.825 24.666 3.04463
0.000 32.517 24.752 2.74721
1.090 30.314 24.187 3.40178
1.815 32.363 24.112 3.33417
4.574 29.233 24.024 2.58504
1.909 31.565 24.323 2.61054
3.111 32.053 24.951 2.93027
2.430 31.887 24.409 2.97089
2.185 32.128 23.071 3.09564
1.721 30.629 23.516 2.96039
0.130 32.342 23.616 3.16025
21.013 30.802 23.411 3.16413
3.756 31.942 23.511 2.37853
0.000 33.387 24.529 2.96939
1.229 33.403 24.232 2.95990
17.635 32.460 24.286 2.70816
2.601 29.797 22.892 2.31692
0.000 32.453 23.321 2.55571
1.232 32.702 24.742 2.17468
3.847 31.369 24.198 2.40587
2.353 33.600 25.009 2.44269
2.319 31.737 24.671 2.60486
0.012 32.437 24.997 2.56233
1.681 30.590 24.481 2.93438
2.426 32.233 24.126 3.21457
0.690 29.103 23.768 3.19084
1.013 29.568 23.577 3.13966
0.011 30.160 24.459 2.51740
0.907 30.583 24.136 2.09506
44.219 29.782 23.836 1.54220
4.191 29.023 23.852 1.81238
5.509 30.484 23.542 2.35461
8.857 29.960 23.699 1.96171
0.339 31.017 23.790 2.60562
6.364 29.722 22.683 3.26988
5.650 28.945 21.870 3.38044
6.993 30.588 23.052 2.74735
13.176 28.805 23.172 2.26670
11.649 29.899 23.141 2.69964
9.650 28.314 22.914 2.73833
0.056 31.133 23.266 2.61359
5.233 30.412 23.370 2.49569
4.041 30.845 24.157 2.30576
11.287 30.212 23.510 2.32559
9.690 29.619 23.417 2.76997
1.219 30.891 23.580 2.52831
1.574 32.001 24.260 2.65546
17.534 29.875 22.641 2.77105
0.673 29.553 22.792 2.66447
0.051 30.183 22.842 2.69988
1.158 30.213 23.774 2.62126
3.628 29.024 23.704 2.38669
13.678 29.138 23.321 3.27178
5.878 29.825 23.004 3.29532
13.201 29.990 23.375 3.18923
0.065 29.647 23.595 2.61148
0.463 29.079 22.856 2.47305
0.000 31.703 22.658 2.52790
0.651 31.561 23.876 2.76231
0.005 29.858 23.520 2.53563
1.789 29.495 23.577 2.19763
7.125 30.360 23.405 1.67767
0.201 29.772 23.342 1.41331
15.466 33.009 23.608 1.41281
6.298 32.907 23.549 1.52489
10.640 32.420 24.043 1.40120
1.155 31.537 23.374 1.66121
5.970 29.913 23.296 1.24040
2.705 29.387 23.406 1.03342
32.341 30.466 23.330 0.61067
27.866 31.060 23.854 1.12114
8.245 32.113 23.300 1.34542
0.574 30.435 23.722 1.22783
16.894 28.586 23.184 1.02109
11.897 30.802 23.582 0.70446
44.021 29.105 23.301 1.17615
15.859 27.953 22.819 1.40114
13.684 27.185 22.880 1.45951
20.968 28.578 23.012 1.56604
44.239 26.948 22.898 1.83139
6.843 26.209 22.718 2.23787
4.554 29.320 22.754 1.63870
3.540 30.041 22.653 1.47061
34.461 28.057 22.584 1.86765
0.000 29.803 22.498 1.98467
2.706 28.400 22.436 2.02514
0.000 30.812 23.146 1.85055
0.079 30.771 23.491 1.87120
14.902 27.594 23.262 1.76314
2.214 29.526 23.196 1.57181
0.000 29.949 22.784 1.94712
31.535 29.169 23.442 1.72144
8.138 28.653 23.107 2.21993
5.488 28.025 23.466 2.72036
4.971 28.510 23.535 2.94308
0.951 29.299 22.345 3.28181
0.145 30.482 22.742 1.83425
0.000 31.131 23.587 1.40875
4.349 31.247 23.218 1.64309
10.625 31.539 23.777 2.21500
0.724 28.905 22.628 2.08653
3.453 29.774 22.418 1.50720
9.741 30.374 23.346 0.90505
9.068 27.322 22.406 1.05934
3.077 29.309 23.136 0.93119
0.000 30.692 23.606 0.73969
1.391 31.252 24.152 0.81958
0.590 29.759 23.947 0.65147
9.680 28.828 23.158 0.74884
0.584 29.244 22.989 0.70560
0.000 31.103 23.159 0.80269
0.000 32.045 23.551 0.86008
0.029 32.392 22.815 0.94902
5.578 30.015 23.347 1.77842
18.514 26.512 21.563 3.26259
0.000 28.565 21.088 2.49687
1.224 28.967 21.998 1.42669
0.316 29.220 22.246 1.02143
5.347 31.004 22.932 1.15653
0.000 29.174 20.304 1.75032
0.000 28.785 20.942 2.67189
0.000 29.309 20.891 3.20750
0.000 28.889 20.002 3.24568
0.000 28.277 19.950 2.44107
0.000 29.611 21.203 2.11273
0.000 29.148 20.580 2.14977
0.000 29.392 21.475 2.24138
49.990 27.939 22.392 1.63720
0.115 28.894 22.620 0.73573
1.179 30.127 22.227 1.10938
5.869 30.427 22.758 1.80978
39.636 27.286 21.993 1.35278
0.000 29.305 22.967 1.50231
0.675 27.936 22.009 1.18186
0.822 29.778 23.105 0.99100
12.269 29.428 22.433 1.05778
18.404 29.427 22.506 1.29586
0.260 29.662 22.526 0.83173
0.000 30.051 23.187 1.15516
11.177 28.930 22.998 1.24823
13.219 28.173 22.736 1.26055
0.053 29.230 22.026 1.96695
0.000 28.930 20.868 2.19824
0.000 29.251 21.307 1.15781
0.000 29.998 22.035 0.96281
0.344 30.324 22.858 1.05424
0.084 30.155 21.842 1.19629
13.389 29.865 22.193 1.88040
0.000 29.882 21.661 1.21147
0.000 30.110 21.399 1.64964
0.000 30.221 21.554 1.64085
0.000 30.176 21.345 2.35500
0.255 28.780 19.512 3.39384
0.000 26.843 19.609 2.79612
0.000 29.112 20.153 2.80804
0.000 29.021 20.211 2.76693
0.000 28.786 18.862 3.23385
0.000 27.854 17.190 3.80766
0.000 27.250 17.504 3.07850
0.000 27.834 18.197 2.03691
0.000 28.868 19.146 1.86925
0.000 29.966 19.477 1.69050
0.000 30.193 20.137 1.75605
0.000 30.507 20.692 1.76943
0.000 31.620 20.877 1.54499
6.012 31.487 21.714 1.16522
0.000 30.835 22.396 0.90454
0.541 31.756 22.013 0.81898
0.010 31.889 22.320 1.27033
2.404 32.263 21.338 1.90507
0.575 30.186 19.909 3.17106
0.628 29.848 19.620 2.93643
0.000 29.493 19.755 1.44662
0.160 26.459 17.747 3.12117
2.224 28.974 18.082 2.47052
0.000 29.984 19.431 1.65399
0.000 31.246 17.982 2.39680
0.000 29.394 17.391 2.66049
0.000 29.853 17.603 2.13620
0.000 29.811 17.707 2.47748
0.000 30.155 17.653 3.05467
0.000 29.643 15.808 4.23850
0.270 26.368 15.593 3.62098
0.000 28.754 15.835 2.64345
0.000 30.415 17.422 2.60076
0.000 29.387 15.130 5.07663
0.920 24.642 14.190 4.45161
0.000 27.041 14.438 3.62215
0.000 24.380 15.276 2.93779
0.000 28.910 15.691 2.87289
0.000 29.762 15.098 4.29825
0.000 27.358 13.627 3.91944
0.152 28.191 13.983 2.92488
0.000 30.922 17.109 2.86168
0.000 32.221 18.808 2.43781
0.000 33.055 20.251 1.98643
1.312 33.228 20.932 2.97875
0.000 30.623 15.759 4.24994
0.000 29.403 14.716 3.17151
0.000 29.912 14.365 2.65935
0.000 30.055 14.678 3.35417
0.000 28.178 12.762 3.56289
0.178 28.344 13.268 2.91925
0.000 29.851 15.139 2.05728
0.040 31.888 16.839 1.13714
0.000 33.215 19.141 1.25477
0.000 34.379 20.011 0.86640
4.417 34.065 20.866 2.11816
3.765 27.926 20.143 2.91657
0.000 31.573 17.959 2.37325
0.000 31.609 17.718 2.65319
0.000 29.801 16.031 3.73143
0.000 27.505 15.541 4.18338
0.000 28.576 13.053 3.85434
0.000 28.722 12.746 3.29395
0.000 29.722 12.976 2.78692
0.000 29.649 12.510 3.49256
0.000 29.290 13.164 2.82663
0.000 30.026 15.435 3.03672
0.000 29.793 14.865 2.66222
0.000 30.685 14.678 1.91998
0.000 32.216 16.137 2.54422
0.000 32.316 16.210 2.05651
0.000 33.047 16.825 1.04702
0.000 33.587 17.930 1.09307
0.000 34.269 17.799 0.86729
0.000 34.542 18.084 1.03463
0.000 34.942 18.280 1.05702
0.000 35.398 18.915 0.78771
0.000 35.649 19.378 0.70915
0.000 34.901 18.233 1.74929
0.000 33.900 16.921 2.79116
0.000 32.690 17.534 3.14601
0.000 32.765 18.576 2.67522
0.000 33.655 18.713 2.85024
0.000 34.123 17.604 3.19416
0.000 33.390 16.195 3.82790
0.000 31.697 16.427 3.11785
0.000 32.358 17.313 1.97008
0.000 32.742 15.946 3.49066
0.000 32.171 16.135 2.68429
0.000 32.440 17.188 2.02296
0.000 34.773 19.311 1.19278
0.000 34.243 20.251 1.46931
0.000 33.477 21.155 1.71413
7.605 32.425 20.950 2.18696
0.126 34.401 22.049 1.02811
0.000 35.080 22.284 0.95712
2.545 34.848 22.868 0.93537
0.666 34.327 22.257 0.93158
0.859 31.960 21.875 0.87657
0.000 34.316 21.811 1.23323
5.204 32.944 21.845 1.06829
1.634 34.922 21.862 1.30722
0.000 35.761 21.334 0.92788
0.000 37.487 22.289 1.49597
0.000 37.774 23.327 1.75657
0.000 36.802 23.541 1.80196
0.000 37.594 24.129 1.25320
0.004 38.200 25.156 1.51336
0.000 35.774 23.578 1.68599
0.000 37.036 23.863 2.28365
0.247 37.401 22.925 3.02426
0.000 38.795 23.706 2.47904
0.000 39.256 24.467 1.80033
0.000 39.006 24.211 2.24358
0.000 38.320 24.253 2.03814
0.000 38.021 24.258 1.96459
0.000 39.389 24.050 1.59988
0.000 39.532 24.491 1.86700
0.000 38.489 24.580 1.49302
2.561 38.054 24.839 1.95926
0.008 35.771 24.414 1.83729
0.000 34.547 23.432 1.82792
0.476 36.612 23.967 1.93374
0.000 37.851 23.919 2.12282
0.000 39.027 24.132 2.64508
0.000 39.409 24.371 2.83170
0.000 39.863 24.791 2.06930
0.000 39.592 25.752 1.95594
0.022 36.423 24.688 1.73623
0.000 32.294 24.314 1.43793
0.241 33.750 24.027 1.49824
1.423 33.307 21.715 2.62305
0.000 34.807 22.797 2.69445
0.000 33.889 22.833 2.33732
0.070 34.406 23.732 2.28684
0.000 35.904 24.970 1.05200
2.489 30.885 23.804 1.04663
29.035 35.107 24.312 0.96833
3.056 34.381 23.555 1.56155
0.875 37.196 23.945 2.46653
12.059 38.187 24.049 3.08032
0.000 39.407 21.931 2.62493
0.000 39.907 23.626 2.70846
0.000 39.973 24.852 2.46228
0.000 40.290 26.327 2.13525
1.770 37.130 26.482 1.31366
3.305 30.869 23.711 2.04863
0.000 37.222 24.896 1.37005
0.120 37.924 26.035 0.64303
0.120 35.602 24.051 1.58798
0.000 35.800 21.817 3.59302
0.026 36.771 19.775 3.80651
0.000 36.962 21.068 2.11775
0.000 38.224 22.871 1.69831
0.000 40.392 24.277 1.77621
0.000 40.472 24.951 2.83224
0.000 39.711 24.950 3.21737
0.000 41.694 25.146 3.21897
0.000 41.963 25.872 3.35847
3.075 41.719 27.357 2.65324
35.026 35.978 23.430 2.47909
0.000 34.081 24.314 1.23800
5.596 35.648 24.975 1.87203
7.990 33.848 24.656 1.30846
3.629 36.687 25.635 1.41217
0.000 37.288 26.230 1.71033
6.472 34.241 24.854 1.26475
0.405 36.462 25.306 1.48542
2.866 34.827 24.822 1.23625
0.034 37.428 25.599 2.00925
4.471 34.140 24.854 2.53400
5.551 38.600 26.537 2.17928
0.295 35.848 25.713 1.88756
0.944 37.309 25.457 2.58005
1.905 38.933 26.105 2.69392
35.215 38.925 25.818 2.42394
0.029 39.382 26.106 2.72017
0.404 31.890 24.793 2.38616
0.000 35.119 24.795 1.90083
0.000 37.821 25.588 1.51341
11.687 37.100 25.781 1.79428
4.194 34.395 24.828 1.47054
8.783 34.909 23.657 1.91352
2.545 37.250 24.787 2.18278
0.000 38.849 24.987 2.44055
0.722 36.582 25.240 2.78403
0.001 34.700 26.154 2.19024
0.282 35.610 26.097 2.06233
0.485 35.120 25.645 2.60802
0.206 36.564 25.710 2.98445
0.000 36.703 25.652 3.45455
0.000 32.507 25.000 2.89336
0.000 33.330 25.912 2.84146
0.236 35.586 25.336 3.05539
1.133 34.582 25.156 2.73202
0.000 34.685 24.474 2.74239
0.000 35.880 25.155 2.93991
1.353 37.403 25.305 2.84949
0.000 37.829 25.660 2.84964
0.250 27.709 26.009 2.78678
3.656 34.899 25.064 2.23441
0.776 35.034 25.321 2.11131
2.895 35.596 24.863 1.14354
0.000 36.720 24.588 2.05157
0.517 39.402 26.156 1.92822
2.166 37.992 25.553 1.67551
21.825 37.748 25.448 1.94607
5.725 34.218 24.069 1.89650
0.000 38.167 25.327 2.39119
1.448 37.815 25.698 2.37973
0.000 38.703 26.082 1.71115
10.506 37.476 25.394 1.47020
2.480 32.781 24.857 1.78486
13.779 34.796 24.427 1.33211
0.617 31.331 23.903 1.03653
18.401 32.781 24.344 1.52361
3.300 29.738 23.403 1.85893
2.439 32.193 23.939 2.59707
0.000 34.394 24.610 2.71831
0.000 32.577 24.332 3.16858
2.148 32.045 24.763 3.66781
1.813 32.577 24.443 3.88669
2.708 30.450 23.796 3.53249
0.977 31.273 22.788 3.82105
0.000 31.710 23.782 4.09768
0.124 32.615 23.256 3.67736
12.564 29.415 22.711 3.16955
3.115 34.625 23.541 3.16770
0.033 34.654 22.971 3.06227
0.000 36.446 23.442 3.61973
0.000 37.002 24.442 3.78887
0.000 38.300 24.690 3.70392
0.000 37.723 25.619 3.99173
0.000 34.461 25.311 3.65799
0.006 34.861 24.740 3.60334
0.175 35.066 24.709 3.53034
22.101 35.065 23.864 2.90058
31.579 31.404 23.958 2.71443
8.539 30.205 21.571 3.37121
0.000 34.450 23.413 2.47103
1.819 37.079 25.162 3.08979
15.221 33.893 24.534 2.64237
26.326 32.287 24.461 2.06259
7.020 31.472 24.604 2.29897
1.531 29.824 24.379 2.86026
1.171 30.309 24.555 2.71478
2.001 29.476 24.167 2.67181
9.109 29.717 23.636 2.97006
10.600 28.904 23.455 2.88588
2.254 29.167 23.477 2.81458
1.355 29.124 22.915 2.56532
1.185 30.386 23.126 2.28085
5.436 31.682 22.829 2.32755
3.245 32.168 22.982 2.02353
11.937 32.373 22.952 2.36659
18.645 28.790 22.602 2.32177
18.086 28.835 22.820 1.97433
6.924 29.434 22.193 2.70476
0.856 27.615 21.725 1.55265
4.994 27.329 21.678 2.50458
1.988 29.467 22.411 1.85231
38.051 27.254 22.790 2.07424
12.210 27.446 22.571 1.93334
2.915 28.494 22.741 2.22071
0.207 28.956 23.235 2.25650
2.700 29.105 22.914 2.57421
0.047 30.400 23.567 2.09384
35.273 28.804 23.500 1.50317
8.224 28.425 22.988 2.52122
2.912 27.288 22.845 2.47155
6.287 29.435 23.652 1.67364
9.571 28.577 23.446 1.98839
5.402 29.496 23.356 1.92866
5.199 29.965 23.329 1.73137
0.000 30.548 23.106 1.93269
3.976 29.494 23.364 1.65826
3.546 30.460 23.544 1.98004
0.708 28.656 23.162 2.16827
0.001 30.753 23.445 1.93737
0.000 31.799 24.093 2.03744
1.739 30.759 23.956 2.10205
1.010 29.462 23.597 2.31775
4.779 29.873 23.498 2.67977
1.726 30.492 22.361 2.95397
0.000 30.596 22.645 2.73625
36.680 30.126 23.430 2.87649
19.496 28.211 22.939 2.72508
2.394 29.351 23.016 2.63054
1.199 29.655 22.970 2.42933
4.181 29.954 23.267 2.44580
0.993 30.209 23.737 2.49318
2.311 28.082 23.399 2.37034
0.227 30.049 22.244 2.36516
0.070 31.622 23.396 2.05901
0.599 29.531 22.990 1.56709
7.247 30.031 22.796 1.52414
1.611 29.879 22.841 1.68552
0.010 30.748 23.427 1.79521
3.559 30.448 23.150 2.06656
0.533 29.579 23.426 2.20255
34.017 27.558 23.307 1.66249
8.754 27.383 22.274 1.45010
0.006 29.484 23.326 1.04703
2.912 29.135 23.350 1.30852
6.474 27.867 22.979 1.58697
24.048 29.502 23.411 1.87610
68.595 25.612 22.454 4.61151
18.781 27.072 22.695 3.43989
10.970 28.702 23.484 3.61278
6.971 27.551 22.595 2.18745
0.000 32.000 22.412 0.89724
0.000 32.210 24.058 1.36644
30.349 28.113 22.116 1.55662
19.590 28.046 22.562 1.44709
4.507 30.204 22.580 2.14388
2.513 30.063 23.658 2.05033
0.000 29.590 23.048 2.24999
0.678 31.379 23.648 1.76177
11.712 30.589 23.297 1.26828
0.901 31.336 23.685 0.91721
0.000 31.221 23.187 1.32509
6.627 30.139 23.150 0.90886
54.780 30.642 23.870 0.76530
5.557 29.268 23.945 0.66496
0.071 27.488 23.532 1.33909
2.661 28.911 23.197 1.73803
11.558 29.171 22.694 1.82592
4.585 28.494 22.876 1.32674
29.139 29.922 23.195 0.99882
23.521 29.872 23.453 1.32702
3.907 28.222 22.886 1.65104
1.085 28.733 23.027 1.73418
0.229 26.975 19.245 2.63122
0.000 26.816 19.600 2.87733
0.000 28.761 20.514 2.67202
0.000 28.878 21.294 2.71786
1.581 29.308 21.426 2.48365
0.000 29.078 21.292 1.61850
0.000 30.166 21.135 1.77364
0.000 30.092 20.644 1.56680
0.000 31.232 21.778 0.99392
0.000 31.421 22.685 0.82247
0.000 32.957 21.075 1.08983
0.000 31.897 21.134 1.08150
0.000 30.564 19.561 1.67534
0.000 29.958 19.230 1.57096
0.000 30.132 20.791 1.43183
0.000 30.231 21.850 1.44615
1.779 29.370 22.833 1.38769
2.459 29.487 21.719 1.15956
0.000 30.899 21.803 1.02417
0.000 30.925 21.118 1.64779
0.000 30.778 21.544 2.25876
0.000 30.435 20.811 3.11630
1.081 28.276 20.103 2.89489
0.234 28.234 20.506 2.29859
0.041 28.892 21.018 2.15642
0.929 29.415 22.402 1.86341
7.759 29.126 22.067 1.49042
0.235 29.100 22.072 1.33454
0.000 30.192 23.185 1.37887
13.045 29.589 22.944 1.32083
0.000 30.925 22.010 1.21730
0.000 32.136 23.016 1.25634
0.000 30.485 23.224 1.55452
0.052 29.165 22.759 1.36903
0.214 31.577 22.899 0.67020
2.210 31.357 23.919 0.77625
0.000 31.712 22.977 0.93601
0.000 32.037 23.421 0.86853
0.000 32.072 22.224 1.22185
1.836 31.802 22.432 1.53377
0.000 31.329 20.784 1.52343
0.000 31.418 21.073 1.99025
0.000 31.239 21.119 2.23723
0.000 31.880 20.721 1.81940
0.000 32.164 21.104 1.87160
0.000 31.741 20.540 2.18421
0.000 31.458 18.979 3.56772
0.000 30.869 19.330 2.97845
0.112 31.771 20.581 2.91381
0.000 31.409 20.782 2.37375
0.000 32.703 20.721 1.61802
0.000 33.328 21.634 1.00363
0.000 34.090 22.931 1.00602
0.000 33.724 21.843 1.48462
0.000 33.908 21.531 1.66193
0.000 32.957 20.381 2.26517
0.562 31.522 18.293 3.70359
0.105 29.611 18.029 3.21942
0.000 31.289 18.456 2.62762
0.000 32.219 19.849 1.59978
0.000 33.286 20.678 1.32632
0.000 33.693 21.382 1.09903
0.000 33.971 22.062 0.96615
0.000 34.798 21.629 1.00280
0.000 34.773 21.718 1.71955
0.000 34.610 20.116 2.47177
0.000 32.115 16.522 4.93992
0.000 27.270 14.429 4.39979
0.000 28.686 14.741 3.66282
0.000 30.245 16.780 2.79861
0.002 31.432 17.564 3.00211
0.000 32.555 18.954 2.96057
0.043 30.912 20.889 2.63239
0.000 34.309 21.524 1.40927
0.000 35.303 22.987 1.03340
0.000 35.813 20.657 1.79384
0.000 34.571 21.242 1.94577
0.000 35.002 20.176 2.44520
0.000 34.003 19.522 2.49520
0.000 33.573 20.043 2.30273
0.000 32.578 19.519 3.57460
0.000 32.068 18.130 4.35297
0.000 32.113 17.563 3.36767
0.000 32.458 17.997 1.95133
0.000 33.979 19.107 1.42341
0.000 34.759 20.134 1.23879
0.000 35.530 20.024 1.44075
0.000 35.243 20.273 1.10532
0.240 34.532 21.195 1.08009
0.000 34.068 21.850 1.26855
0.000 31.959 20.183 1.45461
0.808 33.651 20.479 1.97091
0.020 33.816 21.128 1.63692
0.000 35.175 22.139 1.21087
0.006 34.791 22.708 1.63904
0.000 34.739 22.619 1.41389
0.000 35.710 23.653 2.16947
0.201 35.026 23.344 2.49610
0.000 34.032 22.704 2.11015
0.021 35.366 23.352 1.27147
36.495 33.344 22.778 1.47280
0.000 34.026 22.628 1.32606
0.000 35.743 23.203 1.51221
0.000 36.200 23.602 0.92742
0.000 34.388 14.875 3.82137
0.000 25.862 10.671 6.49744
0.000 20.162 11.249 5.01938
0.096 27.318 12.176 3.64935
0.000 30.661 12.796 2.68583
0.000 33.647 16.335 1.58641
0.000 34.713 20.553 1.24079
0.000 34.574 21.851 0.93056
0.076 35.523 22.165 1.00813
0.000 35.530 17.702 3.87526
0.000 30.843 16.546 4.43151
0.000 31.992 16.879 3.54955
0.000 34.180 18.041 3.50452
0.000 33.400 15.399 4.64493
0.000 29.523 12.297 6.10643
0.000 26.944 10.555 5.51805
0.000 27.544 11.198 3.69684
0.000 30.826 12.929 1.79611
0.000 33.627 16.400 1.22883
0.081 36.198 18.591 1.65722
0.000 37.171 21.212 1.93689
0.000 37.612 22.887 1.61749
0.000 38.305 23.954 1.02684
0.000 36.358 18.399 4.46381
0.000 33.456 18.142 3.22755
0.000 35.133 18.411 3.11682
0.000 35.855 19.103 2.11214
0.000 36.602 20.440 1.39731
0.000 36.508 18.152 3.97325
0.000 35.208 18.633 1.65351
0.000 36.929 22.435 0.81665
0.000 38.423 22.781 3.13477
0.000 35.711 16.693 5.35421
0.000 34.129 16.070 5.59140
0.000 33.318 16.010 5.14998
0.000 33.336 16.561 3.85550
0.000 34.683 18.087 3.35648
0.454 33.505 17.712 4.38878
0.000 34.621 18.124 2.98779
0.000 35.541 19.271 2.94238
0.000 36.663 20.445 1.45471
0.000 38.030 23.000 0.96021
0.000 36.851 23.604 1.18336
0.000 38.366 24.848 1.39335
0.000 37.336 25.377 1.89657
0.000 37.626 25.341 2.53776
0.000 38.039 23.238 2.40118
0.000 41.165 24.049 2.17049
3.149 35.576 22.931 2.63255
0.048 38.016 23.592 2.85203
0.000 38.343 24.083 2.54428
0.000 41.229 25.076 1.07319
0.000 40.981 25.372 3.07713
0.000 39.159 25.473 3.11937
0.000 41.210 25.294 2.87415
0.000 41.224 25.403 3.08069
0.000 41.058 26.260 2.76724
0.000 41.226 25.235 3.30554
0.000 41.076 23.838 3.38434
0.000 41.197 24.410 3.38519
0.000 40.405 25.401 3.34985
0.000 41.920 23.759 2.69534
0.000 35.924 20.146 4.45800
0.000 35.332 20.574 2.83537
0.000 35.801 19.843 4.40130
0.000 36.519 20.589 2.48441
0.000 37.223 24.465 1.44947
0.238 37.327 26.421 1.32176
1.110 36.151 26.204 1.63991
0.116 37.487 26.390 1.25027
0.000 38.989 26.762 2.12571
1.356 35.228 25.222 2.02368
0.000 39.182 24.310 2.79685
0.000 41.548 24.466 2.96253
0.000 41.578 25.017 2.94067
0.000 41.927 25.284 2.38791
0.000 41.730 26.644 2.41342
0.000 41.372 25.672 3.37422
0.000 42.241 25.630 3.48246
0.000 43.346 25.361 3.42758
0.000 42.992 26.159 3.76624
0.000 43.088 26.696 3.03996
0.000 42.649 27.225 3.33479
0.000 43.385 26.721 3.12277
0.000 42.909 26.925 2.95554
0.016 42.142 28.047 3.15799
0.246 40.615 28.463 2.27365
0.847 37.392 27.523 2.66990
27.494 37.025 24.944 2.37069
0.000 37.866 25.659 2.49551
1.885 39.240 26.285 3.32572
2.463 40.745 25.724 3.39694
0.000 40.756 26.679 2.89393
0.000 41.616 26.967 2.58264
0.000 43.239 28.279 2.67996
0.331 41.293 28.194 2.40353
0.595 38.651 27.063 1.66558
0.725 34.185 25.612 1.81192
25.023 32.117 23.103 1.82104
0.000 37.536 24.861 1.68519
0.024 38.069 25.509 1.68612
1.636 39.844 26.729 1.68298
1.652 37.761 26.815 1.29938
4.871 40.194 27.307 1.46023
0.751 40.201 27.097 2.35364
0.129 40.094 27.978 1.93022
0.160 35.584 27.086 2.00885
0.000 40.099 27.023 2.25087
0.070 39.890 28.163 2.06355
0.000 40.187 27.628 2.56228
0.919 39.077 27.737 2.90428
48.296 29.782 24.692 1.74159
0.527 38.203 25.429 1.10081
21.956 30.226 24.315 1.25670
0.107 31.248 23.784 1.14930
5.411 35.228 25.235 0.94583
0.089 30.359 25.003 1.59817
0.317 33.908 25.094 1.52047
16.006 31.397 24.621 2.02356
0.313 36.144 24.804 2.26984
2.866 37.641 25.507 3.00038
0.155 33.778 24.765 2.68944
0.169 33.340 24.832 2.78411
0.126 32.653 25.148 3.12511
0.452 34.929 25.377 2.92242
2.240 33.314 25.097 2.77402
5.595 35.054 24.784 2.82751
19.195 31.025 24.338 1.77607
5.570 31.255 23.766 2.04864
7.520 34.257 24.463 2.14412
0.000 35.721 24.387 2.44028
0.164 36.471 24.275 2.82359
0.000 35.844 25.077 2.59296
0.324 32.109 24.545 1.65131
16.099 32.507 23.583 1.96171
3.826 31.750 24.558 1.69832
28.145 29.380 24.209 2.35162
0.000 32.241 23.921 2.66871
0.150 34.738 24.069 3.15519
1.041 33.579 24.244 2.28727
0.501 35.902 25.117 3.01591
0.965 34.476 24.209 2.96318
0.016 34.987 25.119 3.25843
0.000 34.219 25.052 3.10360
4.096 34.801 24.836 2.77501
18.574 33.178 24.349 2.31843
18.827 30.598 23.654 1.67609
0.000 32.705 23.586 1.22291
1.539 35.519 24.918 1.02373
20.980 32.107 24.352 0.88825
1.845 30.690 23.586 1.44136
4.221 31.548 23.751 2.15290
15.804 29.018 23.676 1.76539
4.312 28.904 23.444 2.57426
13.824 30.325 23.991 2.35983
20.718 28.700 23.558 2.51923
6.834 29.792 24.170 2.68841
24.903 29.183 23.930 3.24092
6.313 30.747 23.813 2.98874
4.700 30.219 24.130 2.70167
2.160 28.747 23.567 2.27744
2.813 30.092 23.656 2.67641
11.385 30.757 23.820 2.22608
10.644 30.978 23.937 2.52596
35.326 27.620 22.069 2.88184
9.809 26.479 22.312 2.31921
20.141 29.641 23.328 2.44101
5.923 30.324 23.800 2.51598
0.755 30.205 23.386 3.23896
1.007 29.241 23.402 3.01082
0.339 30.681 22.886 3.54309
30.201 28.610 23.424 2.78244
14.035 30.810 23.881 2.48955
0.001 29.012 23.295 1.83764
4.051 30.704 23.294 1.93951
0.154 30.686 24.086 1.83955
22.079 30.665 23.700 1.72845
6.696 31.777 23.246 1.62290
9.515 29.607 23.913 1.42356
9.071 30.878 23.297 1.76374
0.329 28.918 23.013 1.20097
1.082 29.808 24.142 0.66249
11.332 28.482 21.861 1.14941
0.714 31.609 22.728 0.76807
0.000 31.329 23.584 1.51810
12.081 30.384 23.422 1.93203
1.136 29.537 23.183 2.15510
1.697 28.386 23.345 2.15494
18.060 29.193 23.578 2.00218
7.507 28.622 22.729 2.34395
0.000 30.736 22.436 2.35265
7.840 32.016 23.808 2.53290
0.819 30.074 23.777 2.54296
12.169 29.906 23.615 2.53902
24.831 29.422 23.444 2.34289
11.270 30.107 23.479 1.73577
2.553 29.883 23.166 2.17386
1.926 29.522 22.862 2.98292
3.539 31.183 23.299 3.17868
0.056 31.316 22.928 2.97951
0.144 31.175 23.245 2.84133
0.373 27.979 22.573 3.06457
1.450 28.798 23.083 3.21861
0.272 30.550 23.863 3.56065
0.435 30.383 23.961 3.80956
0.457 29.604 22.567 3.38724
5.565 30.861 22.853 3.05114
0.417 32.121 23.943 2.95823
1.260 29.959 24.086 3.43264
1.518 30.721 23.644 3.83193
0.031 31.382 23.134 2.68983
0.000 33.271 24.193 2.35419
5.644 32.111 24.185 2.36937
4.096 30.028 24.157 1.34183
17.720 29.611 23.732 1.40419
6.462 30.082 23.347 1.58460
15.391 31.695 23.851 1.80666
47.918 31.477 24.020 1.72899
1.620 29.768 24.183 1.19595
10.750 28.610 23.344 1.47923
2.342 30.056 23.733 1.95408
13.937 28.871 23.047 2.57328
0.450 30.874 23.607 2.62236
0.000 30.842 23.066 2.91962
0.009 31.001 23.155 2.85552
0.019 29.859 23.611 2.74403
1.490 30.345 23.633 2.50894
8.123 29.352 23.499 1.93918
0.618 31.303 22.393 2.26282
10.895 30.349 22.586 2.33799
29.999 30.171 23.519 1.85872
3.669 29.686 23.557 2.06989
6.781 27.868 23.580 1.17020
29.241 26.256 23.065 2.33451
28.214 26.958 22.308 3.15406
1.106 30.070 22.950 2.40993
0.411 30.228 22.572 1.97422
0.000 30.759 23.748 1.61352
0.771 29.752 23.757 1.43413
2.251 27.861 23.248 1.16872
19.895 27.745 23.551 0.93744
5.356 27.980 23.847 1.78944
13.388 27.387 23.168 1.53346
21.129 29.092 23.307 2.08032
14.739 29.935 23.808 1.36958
13.226 29.480 23.483 1.08258
6.604 28.416 23.142 0.83837
14.130 30.545 23.623 0.65612
0.299 29.962 24.062 0.97048
0.469 28.921 23.454 1.04652
0.278 29.302 23.570 0.93994
4.744 29.363 23.264 0.74008
0.000 28.095 22.530 1.03192
0.000 30.203 22.149 1.24871
0.346 30.668 22.848 1.06650
0.000 30.775 23.697 0.82717
23.626 30.600 23.898 0.73979
23.208 27.149 23.342 1.28832
35.365 28.330 22.764 1.00081
15.816 30.069 23.521 0.84671
0.037 30.293 22.436 0.75253
0.009 30.276 23.249 1.02964
0.000 30.368 23.286 1.59713
0.000 30.057 23.311 2.48313
0.261 30.151 22.729 2.68853
4.136 29.412 22.617 2.06903
0.000 30.548 23.560 1.10566
2.945 29.652 22.809 2.32529
0.008 29.744 22.284 2.22032
0.181 30.220 22.580 1.18513
0.000 32.576 23.342 0.64101
0.000 31.174 23.307 1.38900
0.000 29.790 23.431 1.91371
0.301 30.686 23.096 1.67210
0.696 29.761 22.809 1.14514
8.204 29.705 23.463 0.58577
3.055 28.644 23.179 0.98063
1.273 28.241 23.775 1.58833
0.263 28.803 22.970 1.17892
5.162 30.338 22.953 1.27309
8.711 29.049 22.665 1.91944
2.734 28.763 23.165 1.99698
0.290 29.249 22.885 2.53271
0.106 28.534 21.213 3.26043
0.326 28.594 19.966 4.19238
0.073 28.140 20.052 3.78714
0.071 27.120 19.801 2.52147
2.096 28.692 20.507 1.54080
1.840 29.472 21.787 1.29039
17.555 30.017 22.817 0.98309
0.160 28.752 23.045 1.70094
0.429 28.392 20.953 1.88871
0.169 25.731 16.845 2.54206
0.000 27.816 17.300 2.10430
0.000 29.922 20.572 1.72661
0.349 30.351 21.300 1.43625
0.000 31.009 22.038 1.46069
0.000 30.196 19.978 2.02361
0.000 29.698 18.863 2.07306
0.000 29.093 20.216 2.38012
0.392 29.632 21.696 2.12863
0.476 29.259 22.156 1.64068
0.000 30.098 22.945 1.52401
0.283 30.342 22.983 1.26000
1.485 30.105 23.551 1.27510
16.699 29.023 23.471 1.27596
0.000 26.580 19.227 2.78140
0.000 27.945 19.501 2.18261
0.000 28.974 16.351 3.32212
0.000 26.608 16.609 3.12260
0.000 27.145 17.011 2.88654
0.000 28.279 17.953 3.08917
0.000 28.438 16.697 3.56445
0.082 26.290 16.962 3.59282
0.082 22.978 17.479 2.81137
0.061 29.041 19.054 3.04808
0.385 28.513 20.250 3.02115
0.069 27.529 19.757 2.90506
0.000 28.015 17.240 3.94706
0.000 28.117 17.584 3.18451
0.000 27.025 16.961 2.93388
0.000 28.245 17.050 2.67275
0.142 27.039 17.262 2.60892
0.011 28.513 17.827 2.24225
0.002 29.097 20.102 1.79810
0.444 29.055 21.320 2.12420
0.915 29.521 19.500 3.61342
0.581 27.309 17.250 4.55368
0.000 25.494 14.399 4.73827
0.000 26.216 14.609 2.88961
0.000 29.720 16.931 2.39583
0.000 31.382 19.610 2.08327
0.000 32.075 21.257 1.89264
0.000 32.661 21.578 2.39866
0.000 32.159 18.807 3.50250
0.000 30.425 19.185 2.79592
0.000 31.019 20.005 2.25444
0.001 32.683 20.831 2.19330
0.000 32.546 20.026 2.63167
0.000 30.646 15.550 4.61358
0.000 28.182 14.363 3.95959
0.000 27.983 14.731 4.56721
0.003 27.572 15.587 3.60768
0.002 30.304 17.277 3.77704
0.000 31.616 18.167 3.36262
0.000 32.362 19.993 3.65607
0.005 30.741 19.592 3.30774
0.000 29.793 19.971 2.54465
0.524 30.306 21.080 2.67516
0.070 27.805 20.552 2.23139
0.146 30.937 21.033 1.57290
0.037 30.964 22.185 1.31609
0.000 30.857 22.206 1.31412
0.093 31.879 21.838 1.38139
0.000 33.641 22.405 1.91108
0.000 33.388 22.956 1.47846
0.000 32.053 18.998 1.84261
0.011 31.566 19.435 2.22683
0.000 33.235 20.103 3.02700
0.079 31.346 20.599 2.13925
0.145 30.578 20.922 2.01019
0.000 31.002 20.225 2.24304
0.000 33.608 19.253 2.75969
0.000 33.343 18.528 3.14751
0.000 32.580 17.884 3.81516
0.000 31.649 17.474 4.72812
0.000 30.165 17.047 3.62919
0.000 31.755 17.503 3.08530
0.000 32.865 18.915 3.94463
0.000 32.674 17.985 3.50323
0.000 31.685 16.382 3.28338
0.000 30.960 17.240 2.10106
0.000 32.481 18.125 1.52298
0.000 34.078 17.659 3.10313
0.000 32.924 17.581 2.90235
0.000 33.591 18.663 3.34627
2.117 30.086 20.968 2.75305
0.000 29.671 20.121 2.44244
0.000 34.416 19.736 1.81362
0.000 35.106 18.053 2.08779
0.000 36.265 19.182 1.09863
0.000 36.529 18.713 0.80997
0.000 36.418 19.636 0.99990
0.000 34.819 17.751 3.15810
0.000 33.046 16.329 3.49999
0.000 32.507 14.654 4.52986
0.000 30.827 14.471 4.24969
0.000 30.786 15.140 3.66534
0.000 32.151 16.517 3.32469
0.000 32.409 17.629 3.15163
0.000 33.430 17.222 2.69458
0.000 34.889 17.333 2.54130
0.000 34.805 18.444 2.48888
0.000 35.362 19.800 1.64497
0.000 37.356 21.378 1.76230
0.000 38.074 22.694 1.59320
0.000 37.884 23.860 1.52863
0.046 35.084 23.906 1.45471
6.581 34.860 22.140 1.56341
0.000 27.492 19.573 1.90168
0.000 34.760 19.591 3.36557
0.000 34.111 19.253 3.24367
0.000 35.511 19.969 3.06144
0.000 36.443 18.679 3.92059
0.000 34.583 17.845 3.19328
0.000 36.294 19.200 1.14768
0.000 37.233 21.517 1.49346
0.000 37.964 23.243 1.99507
0.000 37.588 24.343 1.71175
0.000 37.294 24.551 2.31553
12.764 36.495 23.915 1.36328
0.000 35.147 22.895 1.99994
7.256 36.892 23.690 2.24370
0.000 38.535 24.800 2.08296
0.216 38.197 24.755 2.61708
0.002 38.584 25.698 1.84010
0.042 39.863 26.546 2.07915
1.504 40.551 26.352 1.52164
19.084 33.920 23.403 1.78392
0.000 32.659 23.530 1.84459
2.099 33.075 23.304 2.03294
7.824 33.012 23.526 1.01894
1.119 33.143 23.779 1.57098
2.269 32.081 22.879 1.48088
0.000 35.777 24.398 1.16158
0.007 35.143 25.519 1.45475
15.765 29.404 24.275 1.48631
2.678 29.064 24.108 1.42148
24.556 25.537 18.409 3.35620
0.830 29.900 18.835 2.80962
0.000 32.505 20.480 1.66729
0.520 32.184 22.868 1.78274
0.065 33.446 23.703 1.21691
14.651 28.516 21.291 1.52198
0.000 28.786 18.386 3.29395
0.025 31.798 19.367 2.30757
0.038 32.916 21.567 1.39381
2.311 32.674 22.997 1.09606
8.252 32.910 23.512 1.12505
0.134 32.347 24.366 1.33966
0.075 34.821 23.848 1.29458
0.000 34.857 24.364 1.29769
0.000 36.578 24.754 2.26233
0.000 35.793 24.789 2.64066
0.000 36.367 24.755 2.06594
0.000 36.898 24.499 1.83044
11.165 36.031 24.158 1.94859
0.000 35.820 24.244 1.66106
0.077 36.471 23.440 1.58140
0.000 37.891 24.370 2.32190
3.188 37.980 23.855 2.09102
0.054 38.491 23.691 2.78813
3.115 37.808 24.737 3.16172
0.000 36.236 24.094 3.03326
0.000 36.509 22.895 2.83814
0.000 39.887 24.043 2.25125
0.000 39.914 24.595 2.34349
0.351 38.809 24.250 2.63816
6.765 36.117 24.066 2.01193
0.000 37.478 25.184 1.25456
0.432 38.726 26.103 1.38641
17.570 31.959 22.278 1.42744
0.306 30.544 22.916 1.32320
0.000 35.766 25.231 1.46333
6.574 36.429 25.334 1.76334
0.346 35.451 25.799 1.65792
0.000 36.373 25.815 2.17806
39.333 34.435 24.851 1.48409
1.354 32.103 25.579 0.85990
52.961 30.297 24.285 0.88328
3.163 28.052 23.504 0.93957
0.494 32.424 23.416 0.77145
2.691 31.206 23.952 1.12586
6.046 30.717 23.783 1.24377
6.749 30.382 24.181 1.18876
0.000 31.802 25.009 0.81189
60.385 30.033 24.674 1.09567
0.443 29.931 23.781 1.12461
7.950 32.571 23.976 1.67547
3.016 31.970 24.224 1.43443
4.189 30.319 25.035 2.03727
1.125 29.643 24.834 2.69770
0.476 29.774 24.392 2.14286
1.388 31.106 24.492 1.91547
1.513 31.306 25.338 1.76479
0.409 29.888 23.957 2.22820
20.914 30.441 24.546 1.97073
9.117 31.781 25.066 1.49197
18.723 29.466 22.944 1.58841
7.084 30.246 22.463 1.83824
1.841 30.711 22.654 2.03674
12.976 27.251 22.056 1.47547
4.974 30.882 23.092 1.59075
14.705 31.068 24.518 1.51714
5.119 30.386 24.614 1.57691
0.000 30.761 25.022 1.90812
4.865 30.026 25.289 2.32539
0.258 29.684 25.179 3.28460
1.943 29.733 24.295 3.05989
2.802 30.629 23.559 2.31218
1.102 30.586 23.787 2.38033
9.474 28.861 23.955 2.46463
1.306 29.911 23.875 2.29789
2.797 29.636 24.194 2.51336
31.728 30.111 23.994 2.31596
14.761 29.738 23.467 2.54296
0.465 30.446 23.920 2.64705
0.151 31.096 23.749 2.22305
6.044 30.025 23.716 1.97257
0.000 29.949 23.046 2.01525
0.000 31.907 23.548 1.82078
0.554 30.067 23.759 1.24996
41.125 29.390 23.948 1.84110
1.200 30.203 24.047 1.83010
3.381 28.235 23.794 2.31491
0.544 30.474 24.571 2.31772
0.366 28.420 22.823 2.52091
7.019 29.105 23.618 2.33843
3.440 30.336 23.262 2.27369
11.405 29.678 23.674 2.10970
12.094 27.281 23.629 2.05566
1.281 29.759 23.842 1.63659
0.255 28.686 23.433 1.38596
11.695 30.308 23.674 1.21239
5.621 29.442 23.264 1.80931
5.654 29.749 23.600 2.25101
12.946 29.199 23.212 2.32155
13.106 30.286 23.397 2.54398
26.303 28.679 23.015 1.91936
8.914 28.989 23.216 2.36790
2.519 29.653 23.364 2.44253
0.189 29.192 23.371 2.47328
12.503 28.879 23.220 2.10616
7.164 28.664 23.537 1.62442
0.021 28.425 23.366 1.95622
5.400 29.068 23.286 1.86786
10.157 28.723 23.297 2.09069
3.495 28.943 23.147 2.52937
6.350 29.791 23.516 2.82656
0.967 28.380 22.118 2.98081
2.002 27.613 22.304 3.46187
3.181 28.639 22.402 3.40003
18.279 29.477 23.529 2.42944
6.028 28.762 22.637 2.55938
15.261 28.304 22.495 2.59541
0.944 27.518 22.646 2.31977
5.418 26.479 23.177 2.68108
17.385 28.629 23.496 2.27731
1.386 28.655 23.567 3.00537
29.519 27.320 22.781 4.19818
39.299 26.927 22.977 5.63040
0.879 25.929 23.051 4.76287
1.239 27.735 23.306 3.15302
0.189 29.112 23.844 2.88512
0.000 30.793 23.261 3.16079
0.000 31.367 24.459 3.04045
0.064 31.176 24.348 2.87563
7.340 31.063 24.231 3.02797
0.819 30.201 23.633 3.00691
1.379 28.136 23.132 2.80826
8.169 29.777 23.841 2.30449
8.220 28.008 23.197 1.67164
13.334 28.822 23.087 1.67131
2.993 29.555 24.048 1.77924
7.287 30.052 23.942 1.64712
15.749 29.862 23.785 2.15785
0.562 27.334 23.371 1.72301
0.000 31.160 23.966 1.62942
0.546 30.059 23.975 1.71691
2.856 31.183 23.770 1.73712
2.586 28.984 23.423 1.82880
7.662 29.426 22.811 1.20066
4.080 28.887 22.658 1.81848
40.356 29.383 22.722 1.71757
14.575 28.163 22.818 1.70983
1.236 29.090 23.158 1.78456
2.037 29.614 23.426 1.93666
0.021 30.737 24.064 2.14751
0.230 28.853 23.949 2.73919
1.126 29.371 23.402 2.55928
34.518 30.414 23.828 2.11179
1.412 28.073 22.816 1.54259
18.445 28.505 22.397 1.71233
37.385 27.262 22.599 2.25152
11.242 28.245 22.163 1.96239
2.150 30.256 23.101 1.78426
1.609 30.641 22.721 1.66560
0.356 30.313 23.303 2.16083
0.443 28.708 23.792 1.83871
0.016 30.566 24.151 1.96688
3.540 29.264 23.925 1.78217
0.097 29.941 23.919 1.81231
31.088 29.940 23.606 1.64694
8.075 29.795 23.478 1.38705
0.329 31.242 24.473 0.56814
3.921 31.884 24.068 1.20007
0.004 30.831 23.869 0.85258
3.744 31.237 23.659 1.54726
0.113 28.737 22.905 1.40307
0.029 31.016 24.169 1.25430
10.313 30.169 24.127 1.20027
10.390 27.322 23.759 2.28977
1.414 28.946 23.840 2.08770
0.008 28.554 23.741 1.92426
0.000 29.465 23.343 1.89680
4.200 31.717 24.237 1.32930
19.193 28.621 24.155 1.28038
0.311 30.273 23.204 1.82935
33.045 26.653 23.202 1.62881
0.629 26.982 22.675 1.43748
1.251 29.657 23.402 1.41235
8.340 28.820 23.572 1.31872
2.235 29.328 23.338 1.65441
0.119 31.223 23.821 1.10697
12.865 29.147 23.974 1.20151
0.066 29.922 23.646 0.89798
11.516 28.438 23.425 1.10023
10.249 28.041 23.643 1.14006
30.085 27.121 23.506 1.80594
14.899 27.442 22.760 1.57114
9.724 27.471 22.587 1.82428
15.973 28.466 22.812 0.86072
1.030 30.588 23.733 0.88711
20.351 28.277 23.535 1.27032
0.000 28.396 23.229 1.39797
2.381 29.462 23.315 1.77260
1.076 31.046 23.732 1.07959
4.155 28.632 23.569 1.04146
0.389 30.391 23.366 0.93936
5.247 29.721 23.696 1.01656
0.001 29.139 22.708 1.52774
0.405 30.657 24.049 1.17317
7.870 27.257 20.299 2.00158
0.394 25.549 20.302 2.10963
0.252 27.025 20.913 2.03396
0.000 29.738 21.981 1.88138
0.000 29.737 22.258 1.41839
0.000 30.656 21.903 1.54006
0.000 30.563 21.113 1.73580
0.000 29.677 21.838 1.93933
3.259 27.788 21.290 1.92881
0.000 29.326 21.232 2.35702
0.000 28.989 21.191 2.51295
0.000 28.807 20.021 2.65663
0.000 28.693 20.039 2.86526
0.000 28.468 19.628 3.59848
0.000 27.182 18.493 4.10564
0.230 26.999 18.844 3.48407
0.284 25.003 19.735 3.19152
0.000 28.069 18.401 3.16283
0.000 26.819 17.686 3.75295
3.475 26.760 18.155 5.78313
6.735 24.214 18.790 4.59286
0.000 27.070 18.881 3.18396
0.135 25.963 19.485 3.02551
0.011 28.107 20.189 2.98526
0.050 28.161 21.236 2.20633
0.085 29.103 22.047 2.58247
0.000 29.523 21.403 2.41333
0.031 29.353 22.049 1.36373
0.000 28.225 20.399 1.50176
0.000 30.001 21.476 1.80751
0.629 28.926 22.345 1.57044
0.019 29.807 23.181 1.33149
0.000 30.967 23.808 0.71636
0.000 30.930 24.339 1.30205
22.088 27.771 21.378 2.67132
0.630 28.104 19.367 3.50536
0.004 28.816 19.713 3.02307
0.135 29.300 18.470 3.36940
0.000 26.624 16.831 3.82066
0.000 26.393 14.996 3.95757
0.000 26.464 15.335 3.39827
0.000 26.821 16.658 3.58075
0.000 28.352 17.570 2.69411
0.000 28.834 20.465 2.93210
0.041 29.710 21.716 2.77547
0.101 29.283 20.685 3.00725
0.000 27.831 19.454 3.33664
0.000 29.094 19.074 3.52390
0.000 30.097 19.250 3.26667
0.000 29.175 18.867 3.51491
0.000 27.741 17.733 3.74661
0.000 28.830 17.950 1.82991
0.000 30.917 20.033 1.86861
0.004 29.106 17.701 3.67097
0.000 27.749 17.421 2.65550
0.000 29.686 18.166 1.84411
0.000 30.507 19.502 1.57865
0.000 30.847 20.584 0.86353
0.000 31.541 21.895 0.71698
1.824 31.258 21.159 1.18634
0.000 30.866 19.721 2.80184
0.000 29.744 15.566 5.11114
0.000 25.756 11.695 4.78274
0.000 24.132 9.729 4.50015
0.000 23.129 8.749 4.65042
0.000 23.212 9.192 4.67127
0.000 25.648 10.268 3.82308
0.000 28.229 14.585 2.66139
0.000 31.652 17.560 2.46730
0.338 30.881 15.980 4.43621
3.334 28.010 16.190 3.85390
1.225 21.229 16.827 3.71168
0.004 29.203 17.007 2.76108
0.045 30.670 18.317 3.18609
0.007 32.100 18.748 3.19831
0.000 32.271 18.916 3.95835
0.000 30.972 17.367 3.94362
0.000 30.194 17.559 2.39856
0.001 31.035 18.102 2.30204
0.000 32.348 19.528 2.01835
0.000 33.160 20.287 1.64333
0.000 33.639 21.246 1.32053
0.026 31.113 22.365 1.50876
0.034 30.693 22.824 1.42199
0.000 33.415 21.169 1.30991
0.000 30.016 15.458 3.60893
0.000 27.149 13.525 4.48479
0.000 22.441 13.632 4.95038
0.000 23.616 13.564 4.45533
0.063 26.913 13.893 3.44595
0.000 29.215 14.628 2.69638
0.046 29.196 17.054 1.62327
0.000 31.189 18.695 1.39968
0.000 32.324 18.564 1.61210
0.000 33.111 18.198 2.26844
0.000 32.978 19.266 2.33543
0.000 33.432 20.558 1.92073
0.000 34.241 21.747 1.22836
0.000 34.329 21.589 2.05261
0.000 34.104 19.598 2.06900
0.000 34.150 20.406 1.49286
0.000 33.688 21.685 0.99172
0.000 34.707 23.265 1.14541
1.798 31.243 23.145 1.52074
0.122 33.698 23.594 0.84143
0.160 33.929 18.612 1.85334
0.000 28.651 18.513 1.58968
0.000 31.583 14.621 3.69999
0.000 26.813 14.785 2.92854
0.000 30.747 13.802 4.14173
0.000 28.503 13.404 4.21749
0.000 29.239 13.729 3.58800
0.000 29.043 11.105 4.10767
0.000 27.335 11.712 2.62833
0.000 30.121 13.773 1.65604
0.000 30.838 15.354 1.30409
0.000 32.372 17.803 1.25140
0.000 33.980 19.091 0.90036
0.000 34.242 18.291 3.06694
0.000 32.371 16.213 4.06658
0.000 31.555 16.417 2.46788
0.000 34.457 18.237 1.08058
0.000 36.407 20.696 1.40202
0.000 37.525 22.019 1.07653
0.000 37.472 23.530 1.39200
0.000 35.812 24.260 1.67672
1.039 33.021 24.049 1.49017
0.000 32.879 23.425 1.24184
0.000 33.717 23.070 0.92320
0.081 34.957 21.884 1.67317
2.866 33.512 22.104 1.99735
0.000 34.272 22.547 1.32412
0.140 34.814 22.503 2.18071
0.000 34.514 23.111 1.13178
5.711 30.949 22.383 1.14504
0.169 35.826 23.566 1.08495
0.021 36.205 24.030 1.72613
0.000 35.989 23.790 2.05184
0.000 37.247 23.902 2.91672
0.000 37.161 24.905 2.08247
0.950 38.444 25.943 1.74467
9.500 34.960 25.301 0.82503
44.769 34.689 25.343 0.96976
0.000 32.082 17.533 3.47930
0.391 30.781 16.816 4.16123
0.000 31.634 17.299 2.69712
0.000 34.613 19.625 2.26890
0.000 35.439 21.146 1.31944
0.000 36.001 22.867 1.38708
0.000 35.636 22.566 2.09639
0.595 36.779 22.141 1.77099
0.000 37.373 22.956 1.53306
0.000 36.684 24.532 1.39450
0.194 36.961 25.160 1.81877
0.225 37.457 23.911 2.21647
0.369 38.816 21.094 2.17875
0.011 28.854 20.242 3.65254
0.000 34.547 20.980 3.13506
0.000 32.839 22.185 2.11014
0.000 36.892 23.196 1.83966
0.000 37.482 24.214 1.42538
0.000 37.936 23.222 2.51233
0.143 37.119 23.975 1.37263
1.730 32.355 24.092 1.25245
0.036 33.646 23.046 2.13045
0.000 36.093 24.515 1.22077
2.001 31.988 23.376 1.27876
0.296 31.209 22.454 1.45454
0.002 34.691 23.206 1.55692
0.000 34.533 23.992 1.06578
1.677 33.430 23.993 1.53966
0.833 32.309 24.345 1.20531
6.744 34.201 19.226 3.05345
4.480 26.641 16.702 4.81586
0.000 32.022 17.786 3.20488
0.000 35.556 20.392 2.08681
0.000 38.108 23.283 1.23846
0.000 39.663 24.150 1.90204
0.128 38.524 24.807 2.31467
2.258 38.943 25.682 1.88946
0.000 38.465 26.664 1.96618
27.051 32.045 24.747 1.27466
0.667 33.924 24.823 1.56565
1.105 29.029 21.832 1.99398
0.000 35.620 23.410 1.16517
2.091 37.376 24.327 0.96020
1.520 36.800 25.335 1.69408
0.000 37.239 25.397 1.52341
0.000 37.508 25.422 2.27428
0.000 39.007 25.577 2.40571
0.000 39.038 26.081 2.54210
2.071 34.411 25.190 1.90842
6.730 31.618 24.278 0.93096
16.335 33.475 24.734 0.88267
35.676 28.647 22.581 1.93539
4.340 31.165 23.550 0.92288
0.394 32.012 23.190 1.60049
19.629 33.031 23.447 1.38278
0.285 34.285 23.662 1.67974
14.173 33.878 24.553 0.82124
0.371 32.850 24.468 1.17939
4.915 33.201 24.496 1.49603
0.350 33.535 24.617 2.01576
0.899 33.208 25.222 2.35193
0.597 33.192 24.858 2.06051
0.071 34.284 25.269 1.74554
7.956 31.474 25.047 0.89124
11.201 31.121 23.855 0.64274
1.730 31.304 24.222 0.62214
14.944 32.459 24.275 0.86168
0.665 32.351 24.613 0.58481
0.000 32.592 24.280 1.09872
0.017 34.145 24.809 1.58754
5.069 31.327 24.400 1.35193
7.698 31.801 24.448 0.91879
2.046 31.530 24.831 0.80840
4.345 32.820 24.277 0.92394
1.766 33.322 24.503 1.02739
9.114 30.246 23.256 0.75376
0.003 33.369 24.102 1.37874
3.556 29.863 23.623 1.79935
8.170 30.605 23.566 1.02748
3.426 30.292 23.667 1.15772
5.856 31.734 23.885 1.14090
11.404 31.550 24.529 0.79571
18.870 30.502 24.444 1.08594
0.206 31.058 24.071 1.14052
12.266 30.981 23.670 1.05798
0.370 30.830 23.797 1.09855
0.329 30.726 24.105 1.46566
2.559 31.489 24.395 2.17650
2.009 28.848 23.898 2.01927
5.246 31.464 23.857 1.89078
27.673 31.929 24.111 2.61126
0.528 31.082 23.942 3.13992
0.210 28.877 23.441 3.52578
0.969 29.146 23.824 3.24412
9.725 30.065 23.327 3.43050
9.398 32.002 23.650 3.64131
0.202 31.644 23.722 3.40225
0.000 31.363 23.195 3.08336
0.020 32.714 24.028 3.11579
4.990 30.345 23.634 3.07762
3.895 30.144 23.418 3.65652
1.029 31.027 23.673 3.00898
0.160 30.515 23.377 3.22224
7.830 31.259 23.838 3.24759
3.125 29.654 24.100 2.63181
2.434 30.119 23.877 2.44821
0.046 31.061 23.656 2.28568
1.578 31.806 24.151 2.35257
3.045 29.138 23.080 1.96158
0.485 32.213 23.702 2.34771
9.233 28.232 22.770 1.55228
1.621 28.614 23.011 1.47329
4.066 29.559 22.963 1.05474
5.909 30.300 23.072 1.89699
5.796 30.392 23.740 2.42150
0.251 30.762 23.931 2.37176
1.009 30.105 23.140 3.14205
1.072 31.178 23.276 3.09536
0.364 30.856 23.819 3.11690
0.000 30.687 23.795 3.33229
0.026 29.092 23.982 4.07314
0.476 28.559 22.666 3.21500
1.805 27.070 23.088 2.27899
0.895 31.255 23.191 2.90068
0.064 28.813 22.792 2.75589
0.196 29.392 22.567 3.00715
4.595 28.327 23.459 3.14062
1.255 29.034 23.602 3.17529
1.727 28.197 23.472 3.10253
0.567 29.386 22.286 3.45809
34.257 27.486 21.368 3.38870
1.555 27.417 22.297 4.09502
4.324 29.285 22.876 3.39118
2.180 30.502 23.854 3.38267
1.932 29.645 24.242 3.11002
4.245 29.358 24.330 3.34029
6.055 29.964 23.819 3.63498
0.044 30.231 24.168 3.32516
1.493 30.261 23.154 2.76006
10.116 28.772 22.999 2.49426
2.534 30.382 22.631 2.45689
1.331 30.349 22.851 2.16992
18.696 29.878 23.427 2.50395
24.310 29.059 23.596 2.59779
12.160 29.388 23.313 2.53079
0.035 28.662 22.343 2.66424
44.495 29.873 22.522 2.82659
2.403 30.326 22.383 3.39454
0.396 28.185 21.820 2.75521
0.038 30.044 23.164 2.92537
1.311 29.832 22.801 2.42325
28.326 28.089 23.378 2.29982
13.687 29.901 22.745 2.28420
4.456 27.163 22.060 3.05511
0.589 27.317 21.967 2.43412
0.128 27.933 22.650 2.93574
0.071 29.352 22.153 3.30933
0.384 29.124 22.639 3.42592
0.760 28.504 23.447 3.11994
0.555 28.717 23.292 3.57976
15.631 29.413 22.940 3.39394
0.501 29.350 22.684 3.97333
2.370 30.239 23.425 3.47538
0.828 30.637 22.828 3.03727
0.380 29.822 23.586 2.78696
7.079 30.306 23.381 2.68980
1.546 29.547 24.200 2.33649
0.334 29.147 23.787 2.66768
0.899 29.170 23.829 2.83571
1.611 29.210 23.462 2.56182
5.763 28.450 22.759 2.67205
12.516 28.738 22.642 3.12866
0.955 28.611 22.275 3.11356
0.466 29.834 22.198 2.97403
0.030 29.418 20.809 3.54056
0.252 29.936 21.710 3.28896
0.000 29.873 23.189 2.82123
0.020 30.267 23.082 2.36706
9.569 30.767 24.001 1.97154
18.188 27.849 22.935 2.15088
3.812 28.980 22.730 2.30086
2.506 30.287 21.739 2.36958
0.000 31.078 22.705 2.40251
7.501 30.568 23.243 1.61833
18.666 29.986 23.617 1.79979
12.275 29.177 22.062 1.16192
0.711 31.164 23.523 0.81503
20.818 30.682 23.664 1.42911
36.841 27.174 22.822 2.26038
8.119 26.482 22.322 2.01887
9.900 28.646 23.248 1.27160
0.345 28.641 23.865 1.24319
0.060 29.441 23.975 2.38063
0.014 28.154 22.966 2.47875
4.427 29.556 23.120 2.03301
0.334 28.195 22.444 0.93130
3.503 29.596 22.453 1.30407
0.000 32.265 23.053 1.25086
22.491 29.046 22.963 1.22567
14.223 29.008 23.197 1.11776
0.730 29.787 22.250 1.36830
1.900 31.067 22.639 1.47582
0.000 32.291 22.782 1.41339
0.080 32.938 23.608 1.03090
1.987 32.030 24.365 0.81669
5.113 29.948 24.146 1.38267
5.332 30.250 24.263 1.54424
6.057 27.922 22.660 1.74716
0.000 29.675 22.289 2.30464
0.000 30.239 21.787 2.61360
0.181 29.611 21.867 2.75538
0.000 28.832 21.873 1.64151
0.007 30.488 21.780 1.58935
0.000 30.867 21.448 1.32791
0.000 31.960 21.993 1.14951
0.000 30.932 22.332 1.22927
0.053 31.480 22.197 2.02596
0.000 30.529 22.318 3.18888
0.000 30.026 22.706 2.62676
0.000 30.094 22.714 1.75755
18.384 31.249 23.591 1.46247
0.000 29.577 22.827 1.32707
0.000 31.443 23.094 1.26103
0.175 31.637 23.129 1.29807
12.348 31.059 23.453 0.74301
1.465 29.559 23.302 1.20129
13.099 29.465 23.107 1.61115
0.491 29.140 22.694 1.46316
11.252 30.279 23.039 0.83090
3.310 31.378 23.089 1.05514
0.000 30.382 23.671 1.08317
0.000 29.735 23.226 1.14262
0.000 30.456 22.378 2.04704
0.000 30.327 22.097 2.57877
0.000 30.402 22.171 2.88180
0.000 28.506 20.115 2.80842
0.000 29.085 18.121 3.55064
0.000 27.853 16.060 3.22587
0.000 27.897 15.775 2.87039
0.000 28.517 16.431 2.23136
0.000 30.448 17.859 1.75508
0.000 31.352 19.321 1.83129
0.000 31.350 20.334 2.52752
0.000 31.427 21.234 2.51514
6.081 31.835 22.452 2.73459
7.478 29.353 22.656 2.32994
1.309 29.177 22.343 2.03640
8.093 30.225 21.727 1.61079
0.096 32.474 20.684 1.42657
0.000 32.512 21.659 1.26737
0.000 32.243 22.645 1.15943
0.309 30.408 22.865 1.41966
0.000 32.191 23.530 1.04230
0.000 32.885 23.587 1.07258
0.000 33.334 24.046 0.91141
0.614 31.645 22.906 1.10080
0.311 33.802 22.837 1.40828
0.823 33.312 23.021 1.36522
0.006 34.366 21.852 1.29378
0.000 33.227 19.601 3.56299
0.000 31.676 19.762 3.44523
0.000 32.571 20.079 2.97726
0.000 32.104 20.344 3.40846
0.223 29.654 20.097 3.36273
0.106 25.886 19.883 2.78608
0.000 28.798 19.751 2.84117
0.000 31.097 20.396 3.00116
0.000 32.610 21.406 1.91045
0.000 33.701 22.196 1.51378
0.000 34.160 21.899 1.62608
0.000 35.517 22.914 1.89815
0.000 35.715 22.697 2.07677
0.000 35.030 22.586 1.43956
0.000 35.369 22.331 1.68421
1.421 34.618 22.291 1.95797
1.807 31.198 19.746 2.55771
0.092 30.305 19.930 2.66392
0.055 32.722 20.482 2.59255
0.000 32.476 19.083 2.95958
0.000 25.458 16.776 4.40129
0.000 30.840 17.044 4.07729
0.000 32.515 18.047 3.89806
0.001 32.011 19.722 3.75814
0.000 33.264 18.121 4.10797
0.000 32.113 17.673 3.69605
0.000 32.080 17.942 2.47651
0.000 33.554 19.287 1.46155
0.000 34.660 20.454 1.36520
0.000 35.628 21.623 1.24293
0.000 35.974 22.922 2.03126
0.000 35.214 21.491 3.00827
0.000 34.113 20.778 2.69092
0.000 34.010 19.592 1.80435
0.000 34.681 20.338 1.41473
0.000 34.765 20.977 1.65523
5.596 31.185 20.983 1.82816
0.257 30.645 18.809 3.86119
0.000 32.137 15.587 4.21971
0.000 29.918 14.898 4.49802
0.001 30.644 14.813 4.19333
0.010 30.311 15.211 4.40313
0.005 28.156 17.867 3.19861
0.184 29.169 19.140 3.03398
0.035 32.617 20.975 2.29931
0.000 34.972 21.936 2.22821
0.000 35.460 20.891 2.09760
0.000 34.857 21.833 1.87278
0.000 34.604 22.164 1.74382
0.000 34.629 22.226 1.89590
0.000 34.888 23.076 1.92342
0.000 35.866 22.216 1.98686
0.000 35.996 20.764 2.37307
0.000 34.817 20.838 1.87984
0.000 34.339 21.619 2.06446
0.000 34.246 19.849 2.98126
0.000 33.176 18.873 4.27796
0.000 31.131 19.128 3.13854
0.000 33.622 20.358 2.28508
0.000 35.411 21.984 2.58294
0.000 34.891 19.278 4.15430
0.000 33.135 17.171 3.53822
0.000 32.996 17.612 2.71836
0.000 33.977 17.383 2.14623
0.000 34.697 17.438 2.62424
0.000 32.680 17.467 3.28754
0.000 31.928 17.455 2.84722
0.000 32.552 17.587 2.44031
0.000 34.023 18.853 1.36737
0.000 35.219 21.126 1.52566
0.000 35.385 20.299 2.47934
0.000 34.667 20.073 2.27471
0.000 35.487 21.125 0.97154
0.000 37.556 22.224 1.09651
0.000 38.371 22.624 1.30360
0.000 38.247 23.922 1.79614
3.189 36.980 23.994 1.77396
0.000 38.055 23.522 0.95674
0.000 39.000 24.370 1.55927
0.000 39.276 25.207 1.44009
0.205 37.975 25.334 1.30056
0.000 37.752 22.373 2.23124
0.000 36.749 21.920 1.88958
0.000 37.162 22.701 1.45111
0.000 36.418 22.210 1.53584
0.000 36.417 22.332 1.81624
0.000 36.785 22.744 2.02802
3.790 35.444 22.574 2.32321
0.000 35.331 22.334 2.55517
0.000 36.478 22.989 1.75070
0.000 37.502 23.682 1.40172
0.000 38.493 24.065 1.22179
0.000 38.082 24.366 1.69672
0.000 37.972 24.466 2.27230
0.000 38.256 25.013 1.61067
0.000 37.142 24.883 2.09781
0.000 35.973 24.337 1.71570
0.000 37.016 23.973 1.36231
0.000 37.385 23.720 2.05085
0.000 38.167 24.623 1.95025
0.000 37.460 24.403 2.34070
0.000 37.343 25.126 2.62560
3.124 37.479 22.606 3.24967
0.000 38.367 22.251 3.17056
0.000 39.160 22.913 2.69128
0.000 39.331 23.582 2.57670
0.000 39.586 23.341 2.67611
0.000 39.098 21.179 3.04253
0.000 38.994 21.714 2.95124
0.000 39.771 22.200 2.39125
0.000 40.492 22.377 2.58240
0.000 39.986 23.628 2.45336
0.000 39.716 24.766 1.67427
5.282 38.618 25.918 1.10522
0.000 35.748 24.684 1.91600
0.000 38.561 25.886 1.43928
0.000 38.473 25.792 2.09981
0.000 38.666 25.011 2.59840
0.135 39.327 24.397 2.46986
0.178 39.952 25.476 2.36754
0.000 40.068 26.474 2.37139
0.286 40.276 27.206 2.04179
1.211 33.745 24.739 1.92170
1.242 30.986 23.116 2.23664
0.000 37.764 24.633 1.68782
0.020 36.439 25.452 1.96560
2.715 34.908 25.324 1.61000
0.000 33.636 23.944 2.31846
0.193 38.244 25.511 2.43044
6.038 30.075 24.213 1.40656
4.810 31.302 24.088 0.91597
0.246 32.699 24.481 1.23064
0.342 33.892 24.071 1.37075
0.486 35.121 24.561 1.26686
4.185 35.671 24.870 1.58652
0.040 34.873 24.975 1.35717
2.352 34.221 24.658 1.83995
0.126 35.739 24.882 1.79412
0.095 37.844 25.987 2.23177
6.691 37.219 25.837 1.90922
0.066 39.316 26.201 2.71312
0.000 38.233 26.294 2.73042
0.000 38.871 26.212 2.51095
11.733 35.455 25.866 2.25212
2.501 34.310 25.568 1.94003
0.000 39.229 26.482 1.59381
0.177 37.316 27.124 2.11869
14.950 40.787 26.042 2.65214
2.112 38.632 26.431 3.14349
2.081 39.142 26.067 2.97549
4.911 38.760 27.624 2.69257
21.591 34.659 25.954 1.23723
0.000 36.207 26.286 0.82159
0.269 39.838 26.821 1.63529
1.429 38.750 26.916 2.04822
0.456 36.088 25.192 1.56935
0.000 39.251 26.121 2.41433
0.561 38.476 25.630 2.44294
0.000 40.079 27.283 2.08464
0.785 38.308 27.130 2.95137
0.000 38.996 27.761 2.56861
0.000 39.093 27.205 2.81130
0.000 37.208 25.820 2.56474
7.615 37.433 26.466 2.39960
6.446 32.350 26.558 1.85766
4.360 34.871 26.645 2.16753
2.386 37.537 26.917 2.18537
5.160 33.887 25.075 2.24989
12.393 35.253 25.383 1.97411
45.918 32.534 25.483 1.72661
0.459 32.630 25.150 0.96749
15.755 32.223 24.969 1.03965
1.837 30.605 24.040 1.32276
5.587 33.125 23.762 2.26705
2.126 33.252 24.686 2.01323
1.409 31.983 24.173 2.54066
0.190 34.723 25.160 2.72103
0.094 35.681 24.462 2.56105
0.000 38.073 26.085 2.69659
0.214 36.175 26.333 2.66212
2.908 35.570 25.542 2.14838
9.506 35.655 24.974 1.36069
2.087 35.070 24.465 1.99826
2.096 35.058 25.081 1.84106
0.426 35.339 25.359 2.80569
3.793 34.173 25.053 2.20562
1.558 34.468 24.190 2.18374
3.009 33.326 24.613 2.26860
2.209 34.208 23.797 2.21495
0.006 33.167 23.804 2.43591
6.483 35.133 24.205 2.40373
21.345 35.569 23.883 2.22044
0.429 37.778 23.990 2.04264
4.416 38.185 26.023 1.72674
0.356 35.076 25.596 1.50769
10.396 31.055 24.708 1.40847
1.466 33.927 24.865 1.21827
0.000 33.807 25.310 1.82021
0.039 33.250 24.627 2.17320
19.426 33.619 25.145 2.61271
9.381 31.843 24.984 2.98547
4.416 30.366 24.719 2.67236
0.355 33.035 25.246 2.96785
0.126 32.434 24.930 2.74466
1.024 32.613 25.304 2.87579
15.605 33.287 25.300 2.69714
1.649 31.897 24.998 2.47857
7.546 30.802 24.569 3.09984
0.171 30.225 24.267 2.60001
3.856 32.894 24.193 2.42188
0.000 34.716 25.329 2.41536
0.131 35.830 24.990 1.97474
1.010 37.086 25.996 2.20119
1.459 31.379 24.623 1.71350
0.155 30.377 24.192 1.89109
0.054 30.984 24.469 2.41823
0.000 31.462 24.605 3.08927
0.001 30.866 24.328 3.47162
0.206 31.042 23.250 3.69497
0.091 31.144 23.892 3.23439
0.117 31.358 23.798 3.25714
2.280 31.929 23.682 3.16525
16.848 31.071 23.140 3.36328
10.197 25.344 22.440 3.29816
0.359 28.618 23.003 3.23973
1.511 29.872 23.276 3.00448
0.000 30.885 23.991 3.06564
0.050 28.927 22.073 3.03288
1.004 30.408 23.344 2.95995
3.189 31.681 21.912 2.88461
0.143 32.128 22.794 2.82795
0.004 32.096 23.650 2.39941
0.000 32.043 23.790 2.54454
3.531 30.219 24.256 2.39762
0.035 31.122 23.123 3.11073
4.861 33.459 23.769 2.78390
0.035 32.626 24.874 2.43750
1.165 30.400 24.596 2.63167
0.269 32.256 24.469 2.48142
1.029 32.494 24.646 2.50248
0.402 32.583 24.713 2.46738
0.209 31.901 24.410 2.24205
2.560 32.588 24.418 2.50817
12.226 30.936 24.320 2.61696
24.346 32.144 23.911 2.60141
4.605 30.690 22.614 2.85680
0.000 32.062 22.854 2.30250
0.000 33.113 22.484 2.63941
1.898 31.366 23.247 2.52353
8.704 33.826 22.993 3.41640
2.122 31.270 21.421 3.89024
2.988 27.056 21.884 3.70947
0.170 28.739 22.279 4.08612
0.114 31.216 22.027 4.57550
1.057 30.746 22.505 4.79766
0.146 30.943 23.375 3.68351
0.009 31.945 23.879 3.07970
0.354 32.622 23.661 3.06841
0.971 34.305 23.997 3.73448
0.000 34.509 24.390 3.76293
0.996 31.344 22.116 2.89957
0.336 31.925 22.936 3.54581
1.799 32.597 23.970 3.08716
0.038 32.527 24.286 2.77405
20.239 30.533 24.082 2.24556
0.910 30.775 24.362 2.31353
0.230 33.505 24.833 2.95187
0.271 32.781 24.804 3.37236
0.147 30.767 24.206 3.03084
0.239 30.609 24.090 2.45635
0.220 32.639 24.549 2.55052
2.643 30.671 24.086 2.68614
0.561 31.750 23.888 2.79605
3.208 31.347 24.012 2.52386
15.956 30.935 24.093 2.41318
14.113 30.624 23.810 2.60697
5.924 30.516 23.370 3.27199
4.675 29.703 23.681 2.83546
3.808 28.939 23.427 2.34227
26.234 31.774 23.665 1.96097
46.876 28.699 23.704 3.02968
74.436 26.173 23.418 4.74516
1.288 28.771 23.667 2.96018
14.443 29.933 23.583 2.55742
32.698 27.698 22.269 3.04240
88.325 26.491 22.499 3.52840
9.121 27.178 23.069 3.07993
4.156 29.292 23.697 2.72727
0.059 29.451 23.274 2.49970
0.626 30.270 23.356 2.70655
3.165 30.171 23.563 2.43906
2.470 28.814 23.766 2.65331
11.658 27.537 22.970 2.00868
16.638 28.616 22.059 1.56164
2.859 30.881 22.946 1.94693
2.483 30.398 23.218 1.51598
0.754 30.889 23.155 1.00527
3.653 31.538 23.754 1.26818
0.080 31.015 23.881 1.08196
1.002 31.783 23.711 1.14690
5.470 31.249 23.843 1.77753
26.437 28.935 21.565 2.25733
5.841 26.880 21.987 2.10299
17.984 28.371 23.124 1.51843
11.295 27.344 22.891 2.88782
1.014 27.516 21.924 1.83704
0.000 27.075 20.985 2.47819
0.000 29.883 21.863 2.55307
0.000 30.305 21.813 2.62717
0.000 30.163 22.017 2.18759
0.031 30.260 21.686 2.00456
0.000 31.277 21.083 1.58403
0.000 32.419 22.428 0.89955
1.166 31.984 23.957 0.86357
0.000 30.607 23.028 1.15488
1.925 31.092 23.257 1.06845
0.000 30.471 23.461 0.83766
5.863 28.824 22.078 0.85065
1.182 29.421 21.279 1.15684
8.429 30.647 22.572 1.08861
10.135 29.507 22.761 1.26345
22.451 31.822 22.982 0.68761
0.109 29.950 23.134 0.97397
0.000 31.105 23.691 0.82342
8.366 30.742 23.398 0.96845
5.864 31.163 22.086 1.77427
0.000 30.631 22.209 2.44833
0.000 30.290 23.022 2.00561
0.274 30.383 23.209 2.73338
0.000 29.771 21.501 3.07267
0.000 30.465 21.235 3.02438
0.000 30.007 21.333 2.57390
0.000 29.576 20.912 2.01404
0.000 31.004 21.624 1.32423
0.000 32.199 22.917 1.01949
0.000 33.544 22.826 0.81904
0.009 31.969 23.406 1.15012
0.000 31.372 22.193 1.93146
0.000 31.373 22.993 2.23722
0.000 30.906 22.798 1.73925
0.000 30.755 22.077 2.22994
0.000 29.639 19.204 3.05834
0.000 28.188 19.834 3.21489
8.089 26.808 19.024 4.12324
0.000 27.480 19.744 2.31521
6.415 29.236 22.625 1.58638
1.999 29.393 21.064 2.33323
0.000 30.234 20.481 2.76026
0.000 30.303 20.012 2.23932
0.000 31.545 20.449 1.48289
0.000 30.341 20.649 2.83997
0.000 28.917 18.944 2.95684
0.000 28.083 17.486 2.63891
0.006 28.114 17.095 2.54706
0.011 29.068 18.168 2.21374
0.024 30.998 21.057 1.95632
0.000 29.841 22.163 2.64111
0.000 30.946 19.284 3.54954
0.000 30.979 19.701 2.03182
0.000 32.370 21.187 0.89656
0.000 33.181 21.740 0.64295
0.000 33.198 21.160 2.08534
0.000 31.407 19.910 3.24766
0.000 31.220 20.460 3.53996
0.000 31.074 18.718 2.94250
0.000 31.544 18.056 2.02786
0.000 32.284 17.488 1.74551
0.000 32.757 18.761 2.10979
0.000 32.867 19.263 3.49440
0.000 32.961 19.891 3.35805
0.000 34.243 22.447 3.87983
0.000 34.083 20.202 4.78327
0.000 33.136 20.580 3.65674
0.000 34.108 20.993 2.70117
0.000 33.811 21.286 3.49087
0.000 29.342 16.769 5.30931
0.000 28.977 14.382 4.43162
0.000 28.371 13.746 4.71839
0.000 28.254 12.761 4.37001
0.000 27.437 11.588 4.55541
0.000 27.549 11.943 4.38817
0.000 27.822 13.142 3.61950
0.000 28.452 13.252 2.94567
0.000 29.357 13.787 2.23275
0.000 30.430 14.622 2.33186
0.000 31.443 16.703 2.36201
0.000 32.102 17.814 2.50469
0.000 33.088 18.360 1.99973
0.000 33.634 19.757 1.92008
0.000 34.933 20.696 1.81646
0.000 34.786 20.982 1.73195
0.000 34.647 22.196 1.44927
0.000 33.532 23.173 1.49265
0.000 33.249 22.414 1.98503
0.000 34.716 21.069 1.61366
0.000 35.167 19.548 1.41898
0.000 34.938 20.358 1.01288
0.000 35.493 20.922 1.48899
0.000 35.238 21.047 0.74361
0.000 35.827 20.505 1.68325
0.000 33.343 18.210 3.60918
0.000 33.003 18.560 2.18738
0.000 34.114 19.114 2.24207
0.000 34.615 20.009 2.72880
0.000 34.383 20.496 3.96268
0.000 34.305 21.396 3.47884
0.000 34.593 20.813 3.18178
0.000 34.709 21.336 1.94466
0.000 34.819 20.509 2.32001
0.000 34.704 19.575 1.98557
0.000 35.062 19.571 1.61707
0.000 35.469 20.888 2.02137
0.000 35.867 22.723 2.27315
0.000 36.236 22.594 2.11537
0.000 36.526 21.177 1.81798
0.021 36.655 22.221 1.82571
0.000 36.225 23.149 1.97902
0.000 35.579 21.666 1.90240
0.000 34.808 20.799 1.95966
0.000 35.057 20.677 1.24147
0.000 35.707 20.232 1.33238
0.000 35.753 19.536 2.17408
0.000 35.488 20.120 1.91191
0.000 35.297 20.561 2.19316
0.092 35.436 20.561 1.86471
0.000 35.560 21.445 1.63946
0.000 36.904 22.579 1.27026
0.000 37.553 22.595 1.64199
0.000 37.377 23.086 2.23771
0.000 36.643 23.054 3.15892
0.000 35.528 20.124 2.84933
0.000 35.064 20.262 2.08587
0.000 34.887 20.283 1.89646
0.000 33.712 16.829 3.29275
1.656 32.124 16.560 3.76233
0.000 32.729 17.123 2.41295
0.000 34.237 18.652 1.79600
0.000 34.813 18.895 1.72499
0.000 35.713 20.432 1.24547
0.000 34.998 22.785 1.36916
0.000 35.015 21.196 1.94250
0.000 35.444 20.641 1.86087
0.000 36.784 20.788 1.47725
0.000 36.497 21.494 2.79964
0.000 35.082 20.090 3.80544
0.000 33.727 20.614 2.00799
0.000 36.054 23.307 1.24860
0.000 37.362 23.959 2.15377
0.133 37.155 23.223 2.84317
0.000 37.131 22.405 3.68955
0.000 38.530 20.820 3.15503
0.000 39.280 19.733 1.73964
0.851 35.694 18.182 4.14106
0.000 30.795 18.461 3.19628
0.000 34.672 19.496 2.87846
0.000 35.225 19.073 3.18632
0.000 34.946 18.929 3.98211
0.000 34.701 19.131 3.99170
0.047 34.726 18.611 3.02769
0.000 35.607 18.970 1.98211
0.000 36.415 19.222 1.83524
0.000 37.176 20.270 2.02788
0.000 35.478 21.810 1.75682
0.000 35.387 23.651 1.15918
0.000 36.937 23.779 1.38161
0.000 37.459 24.420 1.46682
0.000 37.746 25.339 2.24967
0.000 36.119 25.346 2.29703
0.000 37.438 24.960 2.05993
0.066 34.951 23.163 2.23029
11.629 35.260 23.340 1.20079
0.000 37.464 24.060 1.45633
0.000 39.096 23.637 2.67585
0.000 39.956 22.833 2.59592
0.000 40.216 23.112 2.38336
0.000 39.592 24.842 1.42285
0.000 40.276 25.316 2.18847
0.000 40.635 26.542 1.45179
34.781 38.393 25.534 1.58033
11.531 28.361 23.757 2.13734
0.000 36.094 24.505 1.76687
0.000 36.188 24.613 2.16481
0.041 36.477 25.403 2.34721
0.000 35.804 24.248 2.24357
0.175 35.650 24.249 1.99948
0.000 35.117 22.618 2.05799
0.000 37.267 23.698 2.02597
0.554 36.703 24.646 1.50321
0.116 37.047 24.769 1.46464
0.000 36.638 24.372 2.01914
0.000 38.056 24.973 2.02609
0.000 39.460 25.689 2.20524
0.000 39.638 25.364 2.16017
0.000 39.314 25.697 2.61839
0.000 39.848 26.776 3.04088
0.000 41.145 26.587 2.32454
0.010 41.204 27.736 2.37854
4.716 37.506 25.516 2.23152
1.288 38.235 26.044 1.84422
0.000 38.504 26.917 1.22568
9.724 37.136 26.137 1.50501
2.020 35.862 25.975 1.48593
1.006 36.770 25.622 1.52153
8.173 38.603 25.829 1.36399
0.005 34.253 25.853 0.93837
15.280 34.971 26.085 1.31202
0.583 34.410 26.521 1.56555
28.517 34.314 20.125 1.99644
0.914 29.039 20.331 2.82135
0.005 31.363 22.113 1.51716
0.214 35.622 24.269 1.33532
1.382 30.318 24.071 1.27801
5.111 31.903 23.217 1.69414
0.005 33.586 23.776 0.98041
0.243 34.756 24.271 1.65447
0.000 37.422 25.523 1.71823
0.000 36.371 25.351 2.21726
1.580 35.181 26.278 1.76149
6.174 31.329 24.321 1.31671
0.367 30.553 21.525 2.09301
0.000 33.913 22.192 2.35529
0.000 31.798 22.963 2.57254
0.000 28.788 21.792 2.56022
0.000 35.505 22.933 1.96336
0.000 37.086 25.068 1.68486
0.180 36.144 25.701 1.59689
0.361 35.806 25.566 1.75162
0.002 35.552 25.686 2.03078
0.017 30.487 24.632 1.68921
0.006 35.983 24.948 1.73673
0.245 37.468 26.653 1.70557
0.792 36.218 26.590 2.38146
0.301 36.496 25.485 2.31391
0.000 37.632 26.536 2.47934
0.080 37.671 26.692 2.15328
4.604 31.791 26.379 1.12296
27.107 33.022 21.499 1.47174
0.000 37.435 23.962 1.14508
0.475 38.585 25.438 1.88759
3.553 32.933 24.730 1.00193
5.570 36.029 25.467 1.41093
0.334 35.301 26.202 1.73878
0.036 33.765 25.158 2.32997
4.324 31.492 25.253 1.77910
6.030 33.028 25.561 2.31343
0.075 35.523 25.526 2.59770
0.000 34.867 25.971 2.70995
0.861 33.345 26.440 2.00726
16.734 34.102 25.717 2.57044
2.399 34.680 25.167 2.15705
14.339 32.979 24.688 2.36395
9.574 31.460 24.612 2.03460
18.759 31.335 24.496 1.93808
5.850 32.165 24.263 1.80987
0.552 30.086 23.764 1.53639
0.039 31.656 23.748 1.64599
7.020 32.252 24.184 1.66939
18.724 32.294 24.529 1.63690
3.959 29.956 24.052 2.06834
1.878 29.973 24.148 2.11754
5.959 28.352 23.895 2.01522
18.319 29.190 24.015 2.12100
3.551 29.376 23.608 2.24342
1.000 30.961 24.043 2.36881
0.000 31.311 24.188 2.35907
0.118 30.996 24.565 2.10106
0.567 30.249 24.192 1.90775
0.547 30.347 24.130 2.09450
2.265 31.262 24.723 1.98427
5.616 31.839 24.657 2.01019
18.911 29.959 24.550 2.03563
11.625 29.919 24.063 2.29233
6.396 28.567 23.476 2.47345
6.768 27.553 23.283 2.24063
0.086 28.355 23.696 1.68282
0.000 30.800 23.808 1.90791
0.000 30.832 24.500 1.72783
0.000 31.393 23.912 1.53079
4.065 32.223 24.003 1.81588
0.000 30.591 24.104 1.62169
0.000 31.875 24.538 1.72383
1.628 29.465 23.947 1.52196
13.805 27.950 23.670 1.83072
0.169 30.787 24.107 1.56991
6.861 28.436 24.087 1.53802
16.026 28.739 23.679 2.47787
3.567 29.237 23.357 2.79407
2.076 27.992 22.925 2.97274
10.105 29.677 23.748 2.54909
11.065 28.997 23.228 3.05153
28.052 27.744 22.638 2.43651
0.000 31.287 23.612 1.96653
0.224 31.602 24.055 1.57312
0.000 29.852 23.213 1.86436
0.772 31.668 23.640 1.98900
0.448 30.590 23.729 1.99002
0.192 30.647 23.911 2.01295
0.600 30.665 23.603 1.61223
6.196 30.507 23.639 1.92738
3.954 30.032 23.932 1.93125
49.468 29.500 23.834 1.23504
1.575 30.225 23.847 1.50847
2.085 29.084 22.745 1.72242
0.000 31.212 23.526 1.51941
0.376 30.637 23.853 1.51548
0.107 30.175 24.063 1.35558
43.738 29.841 23.272 1.25304
0.923 29.331 23.118 1.38127
0.786 30.525 23.676 1.14804
0.184 32.006 24.486 0.70596
14.126 28.572 22.620 1.47463
0.625 30.507 23.407 1.37667
0.000 32.058 23.658 1.68936
0.055 31.354 24.226 1.66734
3.028 29.686 23.511 1.20689
6.269 30.851 23.842 1.72388
0.197 31.800 24.189 2.37976
19.901 30.255 24.072 2.77831
19.828 28.196 24.124 3.45791
17.218 27.593 23.670 4.04983
3.036 29.438 24.326 3.67799
0.121 29.790 23.774 3.27434
0.809 28.775 23.936 2.04180
31.864 30.398 23.867 1.38005
27.894 30.096 23.442 1.71671
2.867 29.489 23.594 2.68082
9.435 30.537 24.561 2.74220
0.613 29.972 24.346 2.67904
10.736 28.734 24.134 2.27821
10.368 30.582 23.552 2.52470
1.515 28.805 23.244 2.16738
4.234 28.873 22.777 2.47306
13.940 28.960 22.776 2.22504
0.099 28.901 22.845 1.69114
6.106 30.121 22.982 1.94879
7.495 30.432 22.932 1.65658
9.066 29.547 23.493 1.56966
10.020 27.019 22.577 1.72422
11.984 30.841 22.899 1.80257
4.282 30.523 23.418 2.33339
0.195 29.979 23.425 2.49334
1.176 31.065 23.025 1.95076
0.162 31.232 22.629 1.95520
0.431 32.397 23.487 2.43236
1.065 31.078 23.739 2.32577
0.000 29.928 23.717 1.96377
0.000 30.858 23.543 1.43840
0.000 31.349 23.920 1.14671
0.035 30.838 23.875 1.30618
0.002 30.149 23.742 1.68502
0.051 30.500 23.994 0.72861
10.934 28.827 23.227 1.69439
4.688 29.891 24.062 0.77767
0.004 28.170 23.819 1.17813
4.048 29.523 23.891 1.97586
14.598 27.322 22.225 4.20291
9.530 26.681 22.334 2.49136
0.000 27.377 21.849 3.00160
8.766 28.044 21.413 3.56488
0.221 28.241 21.768 2.38151
16.388 24.054 21.794 3.07806
9.046 26.576 22.051 3.20917
3.269 28.634 22.720 1.55639
13.995 29.086 23.421 0.83678
0.998 28.419 22.820 1.88987
11.001 26.419 20.734 3.05208
80.543 25.486 20.599 1.32229
33.989 26.479 19.286 1.41908
11.739 28.228 19.669 2.96371
0.726 27.176 18.654 3.49370
10.450 26.779 18.667 2.84646
0.361 25.764 17.814 2.98985
0.076 26.349 17.996 1.96845
1.012 26.779 18.641 1.58631
0.129 26.071 19.543 1.43924
6.609 28.659 20.624 1.93989
1.095 26.567 21.324 2.95796
1.515 26.253 21.753 2.18445
0.585 29.163 22.876 1.91956
3.658 29.536 22.386 2.60389
34.264 29.038 21.252 2.64630
0.627 27.652 20.053 2.64366
2.858 28.187 19.914 3.29125
5.661 26.787 19.920 2.70207
0.315 28.319 20.104 2.32938
5.499 26.200 20.790 3.12808
24.525 26.627 19.845 3.65803
7.538 27.408 18.610 3.45946
9.381 27.020 17.284 3.50720
3.994 26.019 17.700 3.80455
16.956 25.385 18.143 4.77450
1.983 26.298 17.670 3.81963
0.000 25.963 17.053 3.09537
14.074 26.419 17.689 2.93766
29.752 27.007 18.529 2.15491
37.812 28.827 20.510 1.86928
8.843 31.112 21.140 1.18252
0.890 30.795 20.906 1.30816
1.357 30.648 21.615 1.35806
0.019 30.791 22.440 1.24523
0.000 31.160 23.103 1.14281
0.000 30.274 21.823 1.34750
0.000 29.388 20.774 2.53134
3.289 29.200 21.093 2.45360
0.176 29.113 20.781 2.63426
1.796 28.582 20.647 3.02285
38.023 28.228 19.088 3.37718
2.546 28.136 18.715 3.60643
0.000 26.779 18.047 3.92569
5.667 26.565 17.245 3.95578
0.000 24.543 17.375 3.32384
0.000 27.315 18.112 3.24424
0.000 27.009 15.849 3.83042
0.000 24.947 14.266 3.83029
0.000 24.896 14.358 3.30620
0.470 25.699 14.770 2.60582
0.000 26.964 16.109 3.15031
0.000 26.815 15.498 2.98245
0.383 26.445 15.531 2.32847
3.336 27.205 16.805 2.19316
8.072 28.375 19.317 1.81685
0.000 29.711 20.806 1.49351
0.000 29.557 21.827 1.04960
0.000 29.905 22.084 1.62277
0.000 28.959 18.656 2.75156
0.000 28.646 17.165 3.41447
0.000 27.506 16.866 2.99442
0.000 27.950 15.768 3.36685
0.000 26.701 14.137 3.91002
0.000 24.897 12.601 4.38920
3.233 24.263 11.561 3.89574
0.123 25.755 12.018 3.12153
0.000 27.940 15.597 2.54482
0.000 29.241 17.915 2.85010
0.000 26.840 18.290 2.18895
0.000 30.617 19.481 1.39614
0.000 31.619 20.621 1.42626
0.539 32.152 20.004 1.25784
0.008 32.901 20.239 1.77690
0.126 29.670 13.489 4.97152
0.000 25.325 11.119 4.74620
0.000 31.207 23.628 1.40505
0.000 30.801 24.021 1.63674
0.000 29.347 23.982 1.13906
0.000 31.064 24.571 0.98663
0.000 29.703 24.242 1.69105
0.000 30.228 24.336 1.86994
0.000 29.462 23.466 1.96682
0.000 30.672 23.801 1.52711
0.000 31.628 24.315 0.54473
0.004 28.292 23.143 1.34883
0.000 31.503 23.693 1.20006
0.000 31.159 24.356 0.76723
0.000 28.505 22.858 1.41082
0.866 29.639 23.354 1.29532
0.000 29.855 23.483 1.41834
0.000 31.174 23.568 1.39590
0.000 31.053 24.043 2.17520
0.002 27.461 24.101 3.86801
0.013 27.376 23.698 3.59809
0.037 27.932 22.649 2.12585
0.000 30.299 23.758 1.04585
0.307 28.717 24.066 1.23423
0.000 31.554 23.654 0.79744
0.000 27.675 22.598 1.86751
0.000 28.848 23.347 1.80284
0.000 29.682 23.376 1.64932
0.000 29.333 24.076 1.24115
0.000 30.097 22.788 2.85936
0.000 29.534 23.468 2.07660
0.000 28.667 23.865 1.85952
0.000 25.138 11.590 4.16491
0.000 25.308 12.410 2.97276
0.000 28.474 14.738 3.02527
0.000 29.584 16.192 3.15796
0.000 30.571 17.763 2.53470
0.000 31.254 18.179 2.43534
0.000 31.356 17.031 3.08347
0.000 28.546 12.868 4.60801
0.000 27.357 13.157 3.64980
0.000 27.010 13.457 3.47449
0.000 22.912 10.687 5.26563
0.000 23.862 10.353 4.09228
0.000 26.246 10.966 2.05713
0.000 29.565 13.973 1.15827
0.000 31.041 16.456 1.02528
0.000 31.319 17.197 0.94091
0.000 30.434 13.131 4.69170
0.000 26.755 11.709 3.87311
0.034 26.950 12.280 1.92672
0.000 28.737 14.568 0.98659
0.000 31.324 15.916 1.18677
0.000 32.171 17.121 1.16447
0.000 33.099 19.367 1.11742
0.000 33.338 20.712 0.90956
0.000 34.516 19.591 1.14357
0.000 33.774 19.045 2.17712
0.000 33.361 20.195 1.51713
0.000 33.373 19.958 3.56889
0.000 26.390 19.216 2.71622
0.000 32.325 17.902 2.52800
0.000 33.160 18.717 1.65371
0.000 34.133 19.060 2.10807
0.000 34.849 19.060 2.42416
0.000 34.152 17.550 2.99342
0.000 33.362 17.825 2.74698
0.000 33.340 18.434 2.51384
0.000 33.347 19.451 1.75055
0.000 34.406 20.629 1.20288
2.179 34.902 22.498 1.20964
23.575 30.434 17.489 3.21437
0.000 30.854 15.678 2.46964
0.000 31.535 15.752 2.31242
0.000 32.649 15.648 2.21289
0.000 33.831 16.569 1.56713
0.000 34.173 18.211 1.43099
0.000 34.309 19.688 1.18755
0.000 34.246 21.056 0.92594
0.000 33.671 18.126 3.15946
0.000 32.582 17.342 4.14282
0.000 31.617 15.929 3.73801
0.000 32.503 16.440 2.30738
0.000 34.212 18.013 1.19043
0.000 36.365 19.284 1.09508
0.000 36.433 20.552 1.02028
0.000 36.568 22.178 1.85287
0.000 37.596 22.068 2.53190
0.000 38.717 21.446 2.14263
0.000 38.391 22.964 1.95698
0.000 37.499 22.394 2.10929
0.000 37.564 24.024 1.46143
0.000 36.325 24.834 1.59012
20.421 33.323 22.926 1.94139
0.000 34.217 23.390 1.09358
0.000 36.492 23.008 1.51667
0.000 37.521 23.492 1.15961
2.649 37.748 25.100 0.97698
0.000 34.331 22.618 1.31859
0.000 35.650 23.973 1.36900
0.000 35.902 23.843 1.38939
0.000 37.302 23.578 1.74072
0.000 37.636 22.332 1.86662
0.000 37.078 22.547 1.37800
0.000 36.654 23.677 1.68615
0.000 36.211 23.940 1.64867
0.000 37.426 24.595 1.93934
0.358 37.305 25.481 1.52284
0.000 36.851 26.081 1.34169
0.000 38.906 25.060 1.85224
0.000 38.580 25.675 2.12772
0.514 36.965 20.459 2.19563
0.000 32.227 18.882 5.02425
0.000 34.792 19.752 3.05232
0.000 37.285 22.287 2.10764
0.000 39.101 24.983 1.46715
0.058 38.294 26.780 1.57525
0.000 36.558 26.432 2.11975
0.000 38.126 25.402 1.84860
0.201 39.138 25.283 2.69284
0.000 39.165 25.657 3.37422
1.753 38.619 25.491 3.21303
1.386 38.284 25.606 2.99598
8.834 40.402 26.653 2.09965
0.059 32.676 25.224 1.99300
27.100 33.798 24.090 1.70844
0.231 29.552 23.818 1.56845
1.212 34.498 23.701 2.00562
0.252 31.796 22.773 1.96500
1.844 34.608 24.095 1.49964
20.181 34.705 24.452 1.10289
11.136 33.413 24.495 1.68643
11.414 31.985 24.678 1.37681
1.265 32.639 25.154 0.83090
0.069 30.330 24.279 1.15534
7.655 30.528 23.140 1.42294
0.000 34.305 24.279 1.53312
10.722 30.265 23.876 1.59385
12.060 32.236 24.176 0.70804
6.831 31.087 22.959 0.99667
6.914 34.507 23.319 1.64433
0.920 33.362 23.770 1.48860
0.897 34.351 24.703 1.41995
1.052 34.109 25.015 1.47060
6.699 30.813 24.035 2.22802
0.000 32.994 23.918 1.99958
0.000 35.114 25.098 2.42238
2.198 30.685 24.294 1.58639
3.267 29.590 23.475 1.31263
7.587 30.398 24.192 1.38138
20.859 27.992 23.219 1.73343
26.993 27.508 22.159 1.32773
1.470 31.261 23.620 0.79466
1.062 32.436 24.504 0.49739
8.094 32.181 25.408 0.71891
9.140 31.880 24.841 0.82949
4.628 30.232 24.532 1.49865
3.028 28.569 23.583 1.05623
4.938 29.857 23.931 0.97457
0.791 32.832 23.824 1.10960
1.901 33.444 23.748 1.14234
0.000 31.832 24.122 1.60142
5.741 32.821 24.792 1.65576
0.440 31.926 24.798 1.37925
0.000 32.198 25.322 1.28513
0.721 31.893 25.105 1.27063
15.114 30.796 24.555 1.35439
0.000 32.035 25.048 0.94804
0.158 33.353 25.629 0.99131
8.117 30.054 25.012 1.42899
1.409 30.688 25.109 1.58021
1.916 29.647 24.535 1.76814
0.000 31.310 25.012 1.66369
0.117 31.624 24.258 2.24046
0.055 31.903 24.533 2.47444
13.270 30.704 24.426 2.14564
11.646 28.615 24.044 2.01042
48.462 29.662 23.721 1.78734
6.546 31.714 24.471 1.91745
0.000 29.632 24.689 1.58044
0.000 31.719 24.319 2.15043
0.000 31.037 24.136 2.25009
0.020 32.141 24.018 2.32816
1.671 30.598 24.358 1.22148
0.000 28.804 23.529 1.57507
1.448 29.718 23.965 0.81750
2.559 29.188 22.578 1.72354
4.057 29.371 23.624 1.94714
18.448 29.001 23.122 1.46243
17.784 28.531 23.330 1.29824
2.967 31.343 23.582 1.72669
5.170 30.119 23.385 2.26579
2.055 30.919 24.425 2.39964
2.745 28.295 23.873 2.08413
4.615 30.109 21.903 2.11142
3.599 28.359 21.843 1.04581
1.046 29.052 22.567 1.50286
0.808 29.158 23.434 1.80863
7.473 27.653 19.936 1.73298
3.086 20.943 18.596 3.61246
0.985 28.475 19.804 2.41141
2.479 29.633 23.029 1.45560
0.000 30.175 24.120 0.85372
1.374 26.883 22.328 1.16503
12.384 27.015 20.472 2.46391
3.245 25.185 20.329 2.51128
21.506 27.093 19.750 3.12762
0.001 27.481 19.550 2.59604
1.777 28.369 20.242 2.61786
0.063 28.296 20.903 3.22018
5.604 25.429 21.475 2.30268
1.729 28.201 22.289 1.23448
2.981 29.532 23.046 1.19496
0.000 29.600 22.189 1.41561
4.855 29.508 23.287 1.32767
2.514 30.050 22.597 1.54119
0.224 30.046 22.629 1.56615
3.486 30.777 23.189 1.07274
2.321 30.912 24.075 0.74656
23.825 29.771 22.822 0.60718
4.369 31.522 22.510 1.76608
2.346 28.309 17.277 4.12591
3.309 26.064 17.542 3.43915
0.053 25.909 17.202 3.09951
2.876 26.659 17.629 2.81285
16.694 27.857 18.997 3.26430
12.355 27.151 18.353 3.44214
9.990 26.057 18.548 2.67910
4.421 28.619 19.869 2.32435
8.435 28.913 21.981 2.19494
3.806 28.922 22.223 2.67178
1.899 29.046 21.362 2.51385
1.015 29.016 21.531 1.30256
0.358 30.432 22.831 1.22186
1.086 30.649 22.161 1.41666
10.400 30.511 19.042 3.06787
31.858 26.258 17.164 4.18930
45.790 25.413 16.836 3.54821
0.010 24.823 17.027 2.85242
0.000 26.779 16.263 3.20058
9.275 26.170 16.607 3.45839
0.000 27.127 17.598 3.83208
0.059 26.050 18.491 3.58130
0.006 23.174 16.458 3.99704
1.335 25.578 14.543 4.02134
2.404 24.951 14.775 3.70522
5.525 24.115 12.282 3.42639
0.158 23.953 12.598 3.25948
9.323 24.296 13.279 3.23930
0.705 25.453 13.779 3.03680
0.035 25.303 13.664 2.83242
0.000 25.931 14.225 2.67147
0.000 27.605 18.359 3.01970
3.185 27.458 16.141 2.89830
3.611 27.444 16.717 2.66783
3.500 27.622 17.301 3.83549
3.508 26.930 15.997 3.72071
26.125 26.987 16.329 2.30506
3.250 28.703 17.873 1.67758
0.004 30.355 19.758 1.71880
0.080 29.520 18.099 4.06909
21.982 27.781 15.446 4.49600
0.210 24.392 13.982 3.43126
5.626 25.919 14.472 1.90662
0.889 27.393 16.019 1.70726
0.089 27.694 17.661 1.68920
9.295 27.923 18.567 1.15707
4.780 29.482 20.015 1.54727
1.292 28.579 19.741 2.10653
10.149 28.996 19.441 2.81712
24.485 28.698 15.622 4.22497
5.687 28.124 16.021 3.25845
1.416 29.727 17.948 3.56926
5.139 28.519 16.349 3.72640
8.385 28.557 16.594 3.29345
0.449 32.711 24.966 2.28995
11.624 31.983 25.024 2.21875
3.907 31.222 24.721 2.06954
21.318 30.713 25.003 1.80697
7.069 30.686 24.558 2.45259
2.774 30.680 24.220 2.70308
20.221 28.949 24.257 3.18919
8.345 29.274 23.725 2.79006
13.715 28.961 23.977 2.77919
11.538 27.310 23.319 2.59994
3.026 30.187 23.246 2.93156
2.716 27.126 21.465 3.04844
10.249 28.334 21.819 2.92672
5.484 31.094 23.742 2.94950
13.756 30.238 22.891 2.54814
0.114 29.844 23.735 2.45067
0.557 29.991 23.362 2.30364
1.044 30.715 22.777 2.25959
79.374 32.388 23.483 2.43344
8.599 32.296 24.460 2.67813
4.400 31.146 24.292 2.72741
6.246 30.345 23.789 2.29812
30.801 29.449 23.645 2.46270
33.427 29.943 23.560 2.19960
5.519 31.729 23.980 2.18377
3.762 30.178 23.581 2.16740
34.714 31.306 24.259 2.48247
0.000 30.658 22.756 2.35123
0.000 31.366 24.042 2.37966
0.300 30.779 24.545 2.75852
0.000 29.850 24.229 2.00952
0.118 30.772 24.268 2.01077
0.260 31.346 23.768 1.75176
0.130 32.831 24.452 2.04449
1.973 31.618 23.668 2.15072
14.396 29.389 23.695 2.03164
5.659 30.288 23.668 1.58428
1.586 28.770 22.956 1.47740
0.029 29.033 23.642 2.01352
0.926 29.191 22.675 2.64505
5.560 29.851 23.168 1.83870
7.793 30.437 23.749 1.25897
40.175 30.258 24.094 0.73234
14.874 31.048 24.093 1.18925
3.785 28.424 23.099 1.14889
79.526 30.245 23.189 1.50784
37.740 30.588 23.659 2.39567
0.000 29.729 23.406 2.99522
0.266 29.511 22.898 3.81309
1.576 27.640 22.706 3.23829
2.842 30.192 23.425 3.42356
16.084 29.672 23.871 3.23242
0.169 29.555 23.046 3.28059
0.021 27.655 21.558 4.63530
0.000 25.581 21.972 3.36608
0.019 29.279 23.074 3.17619
6.118 30.108 23.415 3.05777
4.609 31.035 23.169 3.16715
1.091 30.874 23.880 3.01166
6.976 29.844 23.954 3.30093
6.618 29.711 22.895 3.12478
0.028 30.973 23.014 3.26929
7.851 31.029 23.071 3.39136
0.000 29.629 23.508 3.22021
0.225 30.022 23.716 2.84306
0.000 30.682 23.861 2.81478
1.170 30.289 24.051 2.57551
0.942 31.202 24.536 2.76993
1.118 29.807 23.900 2.30557
0.000 31.403 24.987 2.29445
0.000 31.440 24.835 2.32771
0.819 30.153 24.010 2.37719
1.721 30.367 24.011 2.19948
0.000 30.012 24.147 2.66375
0.025 28.591 23.549 2.66599
0.005 29.349 22.459 2.40353
0.073 30.462 22.322 1.50829
0.027 31.999 23.926 0.77502
0.006 31.953 23.861 0.89311
0.025 31.974 24.372 1.00175
0.000 28.346 23.367 0.81801
0.000 31.368 23.752 1.36809
0.296 31.549 23.810 1.84333
0.006 30.786 23.788 2.00734
0.000 30.348 24.083 1.88387
0.000 29.009 22.697 1.98347
0.000 29.952 22.654 1.62620
0.000 29.622 22.976 1.31734
0.000 28.600 23.177 1.58916
0.030 28.355 23.092 0.82198
1.021 30.691 23.939 1.20983
0.000 28.384 23.548 1.17657
0.000 29.364 23.546 1.35616
0.000 29.976 23.594 1.37851
0.000 28.481 22.725 2.15445
0.000 28.037 21.592 2.19638
0.000 28.863 21.625 1.98407
0.000 29.014 23.666 1.81578
0.000 29.500 23.304 1.79175
0.000 28.884 23.194 1.48782
0.000 29.380 23.562 1.21538
0.000 29.274 23.677 2.65632
0.000 29.158 23.271 2.55758
0.000 28.039 22.916 2.62777
0.000 29.229 22.475 2.55992
0.000 27.199 22.398 2.02687
0.000 28.436 23.410 1.33374
0.056 29.229 23.094 1.72679
0.000 29.833 23.208 0.98035
0.563 31.231 23.969 0.85084
0.000 28.089 23.259 1.64312
0.086 27.346 22.291 2.68525
0.000 28.594 23.013 1.46558
0.000 28.955 23.340 1.82085
0.000 30.105 23.278 1.24674
0.000 27.824 23.512 2.46323
0.000 26.021 23.019 2.21745
0.000 26.969 23.090 1.60335
0.000 29.221 23.652 0.82946
0.000 30.399 23.421 0.96695
0.000 30.629 23.525 0.99336
0.000 32.857 24.330 0.70785
0.000 28.759 17.159 3.33571
0.000 29.258 17.449 3.11472
0.176 29.838 18.078 2.56169
0.519 30.389 18.511 1.72673
0.000 29.703 16.730 1.68198
0.000 31.661 18.054 1.85561
0.000 31.605 17.931 2.24508
0.000 31.659 16.978 2.00614
0.000 32.073 17.428 1.49033
0.000 31.988 17.352 1.00256
0.000 32.625 16.986 2.43496
0.000 31.411 17.909 1.65752
0.000 32.499 18.237 1.87910
0.000 31.203 18.292 1.31036
0.000 31.777 18.538 0.91186
0.000 32.058 18.893 1.28783
0.000 31.971 18.290 2.01645
0.000 31.264 16.608 3.44987
0.000 31.119 17.052 2.68210
1.162 31.531 18.879 1.25308
2.719 30.269 20.911 1.97744
0.190 30.493 19.823 1.90842
0.296 31.507 18.704 1.78540
0.000 32.630 18.576 1.06220
0.000 33.514 19.920 0.96847
0.000 33.753 20.994 0.91401
0.000 33.445 20.513 1.06022
0.000 34.142 21.452 1.26681
0.000 33.882 22.100 1.82410
0.000 34.389 21.479 1.99179
0.000 33.850 22.587 1.63876
0.000 33.882 21.309 1.31237
5.251 32.321 20.995 1.36702
20.122 30.000 17.718 2.68169
9.395 27.675 16.495 3.56237
0.204 32.067 16.944 3.32243
0.000 32.338 19.509 1.76504
0.000 33.872 21.330 1.11810
0.000 34.858 22.984 0.85233
0.000 35.113 23.581 1.14499
0.000 35.003 23.994 1.03640
1.466 34.050 24.061 0.77604
0.040 30.188 21.459 1.36639
5.947 34.111 22.876 1.39758
9.523 30.376 18.639 2.85248
1.904 29.455 19.124 1.97547
1.220 29.039 21.280 1.62570
5.580 31.997 22.254 1.48299
0.000 33.900 23.031 1.58219
1.297 32.827 21.365 2.23627
0.642 29.725 14.902 3.13285
0.000 24.465 14.377 3.82060
0.000 30.361 14.925 3.11166
0.000 29.674 14.395 4.99967
0.000 30.270 14.589 4.62810
0.380 31.338 15.057 3.94459
0.701 33.077 17.659 3.18832
0.000 32.764 19.041 2.35836
0.000 35.078 20.810 1.33246
0.000 35.992 22.444 1.65798
0.000 35.651 22.003 1.78118
0.000 36.211 22.650 1.01912
0.000 37.484 23.932 1.33356
0.434 36.437 24.704 1.81356
0.141 32.229 24.617 1.59050
11.916 30.710 19.907 2.59632
0.799 30.350 20.269 1.51248
0.000 34.803 21.972 0.88153
0.000 36.451 21.709 1.40052
0.000 36.005 22.854 1.13043
0.000 37.283 24.436 1.11916
0.000 37.605 25.702 1.30433
0.000 37.618 25.304 2.24528
0.000 35.548 25.338 1.41820
5.490 31.467 23.922 1.00712
1.969 34.612 24.885 0.74174
33.205 31.960 23.098 1.21930
2.445 33.446 23.717 1.07772
0.121 30.769 23.609 1.86722
1.670 30.482 23.788 1.14496
0.000 31.548 23.875 1.58163
1.242 29.618 23.089 1.44600
0.407 29.799 22.833 1.58579
0.000 33.534 23.605 2.11354
0.126 33.891 23.904 1.76748
9.399 34.152 24.779 1.30238
6.680 28.710 23.269 1.70442
8.399 32.347 23.154 1.63878
0.000 33.152 23.219 1.22310
0.000 34.754 22.601 3.38606
11.364 32.977 17.987 5.84948
27.880 21.600 15.520 5.81561
5.906 23.807 15.336 4.11621
0.461 28.591 16.348 3.02012
0.000 31.685 19.335 2.81982
0.081 32.379 18.629 2.87258
0.000 31.816 18.371 3.18711
0.000 32.128 18.468 2.22424
0.000 33.400 19.970 1.55253
0.000 34.943 21.786 1.19509
0.000 35.583 24.072 1.00824
0.622 35.335 23.939 1.82538
0.000 36.896 24.151 1.88317
0.000 36.917 24.490 1.86719
0.011 37.616 25.201 1.76860
0.064 35.624 24.942 1.96100
9.452 31.843 24.124 1.59739
20.045 27.844 20.518 2.96288
0.111 32.188 20.508 2.22466
0.000 33.193 21.775 1.18811
6.919 33.851 24.131 1.23674
2.159 33.574 24.802 1.62549
0.000 32.808 23.929 1.50745
0.000 35.593 24.745 1.60854
0.000 35.199 25.582 1.97604
1.150 35.523 25.238 2.38450
0.000 36.822 26.607 1.50494
45.606 32.342 25.283 1.11574
1.156 32.247 24.665 1.21822
9.102 30.711 23.700 1.32323
28.762 33.720 19.591 3.16992
0.930 26.090 18.034 5.08387
0.243 27.817 18.996 3.94729
0.789 29.813 19.446 2.44096
0.525 33.044 22.481 1.38653
4.958 29.337 23.222 2.14352
6.791 30.423 23.882 1.79222
0.127 29.682 23.711 1.81735
7.994 30.990 24.048 1.61460
0.270 31.916 24.198 1.72474
3.035 31.614 24.135 2.04551
3.239 30.406 23.963 2.25153
10.971 30.830 24.381 1.88218
1.801 30.838 24.551 1.62252
16.149 31.063 24.509 1.19063
33.707 30.715 23.354 0.89825
14.709 31.100 23.727 1.14276
13.938 28.210 23.481 1.13250
23.534 29.904 23.757 1.92489
0.685 29.167 23.944 2.49720
13.724 29.401 23.582 3.08883
1.595 30.555 23.287 3.38517
0.435 30.208 23.821 2.62661
8.065 29.264 22.914 2.17272
5.240 31.384 22.775 2.46486
1.686 29.680 23.374 3.09516
32.533 27.442 23.037 2.81088
1.572 30.853 23.059 2.49314
4.125 31.377 22.852 2.25221
1.174 29.443 23.682 2.24115
8.737 29.937 23.722 1.34068
5.593 30.417 23.959 1.37163
1.248 30.051 23.796 1.90217
9.586 29.351 23.484 2.40231
3.911 27.906 23.583 2.59941
1.243 28.682 23.701 1.93907
0.000 27.634 23.023 2.21744
5.044 30.485 23.112 2.40337
0.000 29.232 23.597 1.94456
0.000 29.325 23.247 1.83824
1.156 29.862 23.928 2.10807
0.001 30.107 23.640 1.55940
0.371 30.764 23.593 1.70341
1.477 29.844 23.377 1.48571
1.089 30.618 23.477 1.68374
5.780 30.144 23.521 1.38393
2.739 29.773 23.076 1.54684
18.775 30.747 24.119 1.91811
0.214 30.525 23.848 1.83558
10.630 30.760 22.392 2.01882
0.434 32.416 23.565 2.10411
7.318 30.534 24.051 2.10295
4.442 29.326 23.392 1.82275
2.460 29.050 23.287 1.69082
8.777 30.262 22.783 1.67679
10.214 31.262 23.724 1.54927
6.032 30.824 23.585 1.51250
0.652 31.242 23.989 1.62656
3.920 31.071 23.821 1.95871
7.811 29.486 24.423 2.06770
0.325 29.526 24.255 2.62826
3.910 29.118 23.783 2.75874
3.011 28.065 23.428 2.51961
0.806 30.827 24.384 2.82395
0.396 28.678 23.924 2.64557
3.830 30.561 23.735 2.43399
3.790 31.625 24.403 2.02671
7.689 29.481 24.123 2.00100
30.506 29.503 23.777 2.45871
35.654 28.939 23.526 2.31997
9.517 29.954 23.069 2.85864
55.086 28.102 23.274 2.78773
30.930 27.625 22.741 2.66378
7.832 26.798 23.250 2.70350
0.096 28.613 23.590 2.15528
0.015 29.910 23.678 1.71345
16.373 30.804 23.599 1.96163
4.352 30.435 24.037 2.02506
8.189 30.448 24.409 2.14437
14.790 30.013 24.126 2.06438
31.816 29.670 23.372 1.93753
28.279 27.536 22.192 2.45427
2.860 30.333 23.145 1.36551
0.331 29.467 23.345 1.05598
0.851 30.884 24.310 0.62265
0.000 31.620 23.928 1.06615
7.453 31.934 24.337 0.88608
0.124 31.101 23.316 1.16627
0.085 29.819 23.299 1.44488
1.314 31.078 23.640 1.98030
6.719 31.409 24.084 1.88227
31.068 29.280 23.919 1.43911
10.789 28.676 23.285 2.09512
8.911 29.931 23.479 2.14593
11.395 30.203 23.321 2.18966
9.005 29.484 23.308 2.54669
1.017 29.314 22.915 2.88044
13.060 30.023 23.127 2.64714
45.145 28.637 23.482 2.57895
9.085 27.362 22.845 2.96423
0.500 28.388 23.221 2.85062
0.223 27.644 23.072 2.83459
3.156 27.430 22.679 3.02776
0.320 30.093 22.008 2.41096
3.344 30.654 22.330 1.71539
0.125 31.382 23.248 1.69708
17.179 29.532 23.102 2.54464
7.342 28.565 23.084 2.93206
2.733 29.078 23.306 2.50030
1.191 29.931 23.945 2.30456
15.614 29.281 24.148 2.43469
17.440 28.016 23.420 2.98136
0.693 29.854 23.764 2.83781
3.720 29.707 22.518 1.81371
7.414 30.506 23.592 1.31153
43.083 29.614 24.085 1.99308
7.589 27.218 23.344 2.86339
1.689 28.082 23.184 2.71728
0.000 31.394 23.258 1.33442
19.719 32.019 24.584 0.62218
3.350 29.662 24.135 1.52906
1.100 30.829 24.062 0.78919
16.210 28.652 23.726 0.95093
1.476 32.921 24.365 0.79140
4.269 29.132 23.893 1.27648
1.315 29.346 23.582 1.21235
1.199 29.913 23.867 1.97376
26.891 28.618 23.289 1.85363
37.093 28.092 23.167 1.33242
15.732 28.626 23.186 1.09568
5.260 29.656 23.717 1.06285
1.701 26.861 23.117 1.48853
3.501 28.762 23.599 1.28874
10.986 27.913 22.034 1.87854
5.798 29.127 22.698 1.55825
0.160 30.395 23.571 1.45145
0.767 29.392 23.283 1.36741
8.750 28.054 23.719 1.68589
12.741 27.173 23.248 2.06190
21.916 27.138 23.635 2.09538
54.820 29.403 23.360 2.27846
30.324 27.984 23.039 2.43850
9.855 27.801 22.653 2.52328
17.300 27.915 21.351 1.10805
9.836 27.738 21.991 1.61618
12.048 26.846 23.557 1.70694
17.515 26.540 23.151 1.47514
18.636 28.672 22.788 0.93446
5.318 29.015 22.492 1.13110
7.083 28.662 22.882 1.81219
96.473 26.582 23.056 4.80921
13.579 25.798 23.039 4.48359
10.012 29.339 23.251 2.32582
5.881 27.835 23.273 1.42198
42.186 28.351 23.032 0.98110
16.425 29.051 23.084 1.28738
0.455 28.278 22.808 1.25341
15.836 29.334 23.664 1.39441
5.640 27.240 22.145 1.35986
18.540 28.886 22.875 1.51812
5.329 28.589 23.127 1.65303
10.315 27.627 23.059 2.44222
0.226 27.361 19.803 3.10643
0.000 27.428 19.938 2.34003
0.000 28.376 19.401 2.14313
0.037 26.263 19.629 2.45273
2.075 25.646 19.717 2.52839
3.974 23.813 18.540 3.60531
0.000 26.969 19.167 2.79322
0.000 27.366 19.062 2.53517
0.000 27.728 18.851 2.90452
0.000 27.064 17.095 2.89755
0.000 27.259 17.788 2.47145
0.000 28.589 19.766 1.98005
0.000 29.673 21.032 2.41367
0.000 29.133 21.144 1.91479
0.000 29.637 20.696 1.83692
1.966 29.779 21.806 2.55877
0.145 30.026 23.081 2.04663
0.000 29.005 21.733 2.27968
0.138 28.960 19.899 3.17365
0.035 28.659 19.649 3.25007
0.000 28.431 19.550 2.95552
0.000 28.355 17.934 3.05016
0.000 27.104 16.148 2.44418
0.000 27.247 15.778 1.95915
0.000 28.009 15.066 1.76796
0.000 27.494 16.809 2.32270
0.620 26.333 20.014 1.90533
0.000 28.272 19.277 2.27127
0.000 28.594 17.965 2.33214
0.000 27.781 18.873 2.55991
0.000 28.962 19.882 2.48825
0.000 29.901 21.197 2.43783
0.000 30.054 22.160 2.09270
5.345 29.831 21.128 2.12685
11.269 29.552 21.924 1.85981
0.784 28.929 22.747 1.42802
34.360 30.138 22.971 0.94885
0.011 29.257 22.215 1.12439
3.283 30.770 23.199 1.10984
0.026 29.574 23.540 1.04784
0.144 29.620 22.471 2.25882
3.915 28.349 22.649 2.32704
0.194 28.122 22.258 2.05192
0.689 29.226 22.666 1.77051
14.254 28.563 23.241 2.02461
2.881 29.193 23.238 2.22401
0.000 29.465 23.335 1.47471
5.164 28.707 22.275 1.16850
1.753 29.263 22.705 1.05956
0.993 30.186 22.794 0.67170
0.169 30.697 22.921 0.78827
3.364 30.843 23.539 1.12729
0.044 29.766 19.021 2.32499
0.069 28.002 18.287 3.09125
0.010 28.784 18.515 2.54741
0.327 28.786 20.859 3.24933
0.048 29.341 17.444 3.73089
0.000 28.308 17.873 2.99942
0.006 28.471 19.038 2.50424
0.019 29.264 19.721 2.67672
0.019 29.321 19.637 2.28059
0.000 29.866 19.084 2.45415
0.000 29.323 17.787 2.86869
0.000 27.298 14.597 3.50051
0.000 26.179 13.969 3.28996
0.000 25.981 12.975 3.50637
0.000 26.284 13.469 1.95317
0.000 29.038 16.063 2.81229
0.000 28.260 14.152 6.16460
0.000 23.476 11.297 4.64115
0.000 24.739 11.617 3.30351
0.000 26.741 14.400 2.32652
0.000 29.366 14.903 3.45529
0.000 28.381 15.094 2.51953
0.000 28.728 15.831 2.61822
0.000 27.508 15.276 3.35795
0.000 27.579 15.709 2.61151
0.001 28.519 15.427 2.55685
0.000 28.716 16.298 1.82322
0.000 29.890 17.454 2.66457
0.000 28.309 15.517 3.75152
0.000 28.221 14.073 3.48773
0.257 27.762 14.380 3.71166
