0.000 32.741 16.750 2.33923
0.000 34.789 18.631 1.47757
0.000 35.737 21.015 1.92708
0.000 36.420 21.829 1.57114
0.000 34.932 21.806 1.66005
0.000 36.402 19.423 2.37408
0.000 34.505 18.094 2.56567
0.000 35.225 18.893 1.99298
0.000 35.809 20.090 1.28025
0.000 36.138 22.387 1.50736
0.000 36.601 22.617 1.33091
0.000 36.831 22.203 1.00630
0.000 37.900 21.113 1.49977
0.000 36.620 21.421 1.65386
0.000 35.659 20.913 1.38653
0.000 36.712 20.981 1.37198
0.000 36.903 20.614 1.41441
0.000 37.816 19.712 2.35610
0.000 35.855 20.547 2.66261
0.000 35.590 16.840 4.43508
0.001 31.308 14.542 4.30297
0.000 32.149 13.916 4.52229
0.000 29.958 13.286 4.61944
0.000 30.773 13.834 3.34197
0.000 31.313 15.421 3.04070
0.000 34.121 16.653 2.47164
0.000 34.072 16.853 3.14881
0.000 34.404 16.786 2.27761
0.000 35.731 18.211 1.96857
0.000 35.947 19.722 1.75602
0.000 35.916 21.009 1.60361
0.000 36.432 19.233 3.51470
0.001 35.625 20.046 3.58308
0.040 35.610 21.889 1.82772
0.000 36.257 23.912 1.60887
0.000 36.775 25.292 1.14668
0.009 35.419 25.415 0.88034
0.170 37.783 26.051 1.31517
11.815 35.892 25.085 0.81883
0.836 34.055 24.476 1.38195
1.128 32.904 23.117 1.63262
0.017 36.974 23.966 1.69078
7.086 35.557 24.765 0.99082
13.062 31.153 23.006 1.41956
1.156 35.957 23.613 1.22240
0.002 34.974 24.918 1.21748
0.040 31.746 23.223 1.38648
0.002 37.000 24.394 1.11008
0.000 37.965 23.989 1.74102
0.000 37.726 24.789 2.15388
0.000 38.248 24.490 1.37755
0.000 37.300 21.596 1.79557
0.000 37.696 21.080 3.08331
0.000 37.895 20.745 2.63785
0.000 38.410 22.454 1.54752
0.000 39.269 23.267 1.53187
0.000 36.355 23.998 2.77889
0.000 36.931 22.341 2.58375
0.000 36.529 20.498 3.48048
0.000 36.375 20.148 4.10918
0.000 35.774 19.664 3.50815
0.000 35.976 19.706 4.23291
0.000 36.465 20.681 1.99861
0.000 38.057 23.025 2.02659
0.000 38.803 24.693 1.99616
0.000 38.748 25.237 2.31006
0.000 39.426 25.885 2.39324
0.065 39.847 27.694 1.76555
0.805 33.566 25.919 1.12781
0.044 32.776 25.495 1.21779
4.033 36.515 25.563 1.07879
3.783 33.540 25.073 0.92552
0.590 29.985 21.257 2.67930
0.095 36.095 22.018 2.97852
0.204 35.873 24.348 1.72693
10.714 36.187 22.224 2.50249
0.351 34.794 22.722 1.46837
0.106 36.533 24.265 2.08730
2.736 32.426 23.862 1.70818
6.047 31.931 23.712 2.13444
13.864 31.390 21.743 1.99405
6.655 25.321 16.916 4.35707
3.605 28.874 17.535 2.81238
0.000 33.677 19.105 2.02115
0.000 34.371 22.625 2.92962
0.005 35.932 22.988 2.70663
0.000 35.287 23.154 2.24584
0.090 36.340 24.763 1.51428
4.171 32.588 23.758 1.35881
0.351 35.957 24.078 1.54804
0.087 37.674 25.873 1.47971
1.212 32.728 24.732 1.40624
0.000 34.153 24.937 1.26961
0.051 35.664 24.877 1.24061
1.439 37.145 25.374 1.45066
0.067 38.923 25.587 2.51947
0.000 39.036 25.040 2.51766
0.000 40.181 24.358 2.78818
0.000 40.547 24.449 2.52071
0.000 40.654 24.121 2.74773
0.002 41.248 25.686 2.64582
4.612 40.318 26.864 1.73095
22.150 32.674 24.551 1.53266
0.673 33.261 23.168 2.29755
0.025 36.957 24.593 1.54721
0.075 37.942 26.256 1.41647
0.334 36.923 26.199 1.83711
0.884 34.724 25.387 1.07437
2.802 34.731 24.874 1.95606
2.289 34.902 25.117 1.54225
1.023 33.994 25.458 1.22512
1.752 36.177 25.482 1.44125
1.007 35.178 24.823 1.33282
0.890 36.773 25.950 1.62513
0.033 36.209 26.256 1.96188
1.212 37.182 26.630 1.46081
3.694 35.678 26.546 0.73192
0.375 37.257 25.452 1.68535
0.206 37.895 26.300 1.31769
1.243 38.048 27.068 1.60414
0.482 38.854 26.156 2.20263
0.911 40.074 26.253 3.15460
0.798 40.648 26.381 3.73835
0.006 39.953 26.526 3.16738
0.284 37.729 26.700 1.89757
11.086 36.496 25.116 2.40679
12.509 34.285 25.419 1.92505
1.572 32.509 24.781 1.49293
6.033 33.881 24.827 2.22620
15.758 31.344 24.826 2.78331
5.608 32.676 24.311 2.80588
1.735 34.133 25.033 1.99126
0.847 33.376 25.028 1.72061
5.471 31.004 24.638 2.00527
0.099 35.755 25.471 2.03989
1.453 33.959 25.292 1.95182
7.107 33.152 25.570 1.12264
37.060 29.777 24.156 0.91249
10.704 30.306 22.944 1.55076
4.467 31.923 24.160 2.02348
7.696 32.745 24.082 1.47729
0.182 32.119 24.573 1.33775
0.433 32.101 24.725 1.39366
1.927 32.399 24.995 1.76908
1.655 32.672 24.932 1.22436
0.285 34.177 25.708 1.06472
2.448 31.493 24.697 1.13125
6.605 31.235 24.540 1.39267
1.373 31.531 24.503 1.69089
29.688 31.287 24.686 2.44887
2.153 30.379 24.444 2.63364
59.254 29.509 24.635 2.58889
0.211 29.827 24.287 2.94021
2.873 30.130 23.944 3.27227
1.020 30.931 24.127 3.34786
2.169 29.887 24.257 2.09287
0.387 30.145 24.101 2.04176
7.466 30.830 24.477 2.52535
5.057 29.145 24.423 2.47323
1.075 29.547 23.804 2.54912
0.616 29.074 23.640 2.08146
1.459 30.666 24.187 1.98658
3.487 30.410 23.795 2.41308
3.453 29.387 23.826 2.53665
3.968 29.918 23.873 2.82912
15.251 29.614 23.913 3.00968
0.073 30.649 24.106 2.74946
0.479 29.645 23.820 3.15836
3.984 29.452 23.584 3.30084
4.128 28.808 23.324 2.99798
7.040 30.348 24.089 3.04611
14.203 28.299 23.904 2.86083
21.948 28.107 23.732 2.49582
7.055 29.468 24.008 2.38367
1.558 28.027 23.540 2.56796
4.441 29.045 24.114 3.00227
7.048 29.799 23.526 2.67377
4.336 30.115 23.423 1.67259
7.568 29.276 23.459 2.03215
28.858 29.673 23.634 2.51872
3.020 29.139 22.936 2.90467
1.174 30.134 23.208 1.62042
1.443 30.125 23.356 1.03506
13.128 31.148 24.167 2.36881
1.333 29.264 23.910 2.59060
8.244 29.675 24.248 3.35764
8.423 29.438 23.711 3.45078
1.380 30.183 23.625 3.22397
0.662 29.686 23.717 3.38179
2.912 29.098 23.947 2.92241
8.167 27.920 23.291 3.30995
1.559 28.940 23.334 4.04404
0.369 28.997 22.996 3.52120
1.361 31.169 23.834 3.55041
0.711 29.862 23.999 3.01568
2.920 28.048 23.428 2.85584
2.583 29.486 23.596 2.84296
5.901 29.106 23.972 2.92558
18.561 28.798 23.537 3.73394
9.117 28.999 23.377 3.69994
10.085 29.536 23.229 3.68305
0.102 31.236 23.523 3.17976
3.495 29.460 23.575 3.00878
1.141 29.280 23.623 3.18640
0.207 30.066 23.868 3.45813
1.171 30.058 24.157 3.50267
3.352 29.990 23.726 3.85484
0.232 30.058 23.709 4.02819
5.176 29.825 23.525 4.12207
1.378 27.826 23.597 3.97941
7.529 29.535 23.833 4.50510
22.108 29.331 23.531 3.80080
15.781 28.728 23.549 3.03751
3.435 30.100 24.074 2.65334
11.459 28.714 23.731 3.36046
15.770 29.001 23.597 3.26827
2.954 29.661 23.849 3.34065
1.457 29.625 23.161 3.37941
2.973 29.892 23.360 3.30406
2.760 29.400 23.228 3.20058
0.726 29.751 23.153 3.07923
4.325 28.953 22.856 2.52611
0.054 30.077 23.070 2.17799
0.036 31.197 23.930 2.59635
0.028 30.389 23.883 3.23500
0.061 31.129 24.084 3.30770
1.324 29.207 23.483 3.43422
17.627 30.556 23.631 3.05121
2.695 29.297 23.144 2.37841
5.063 29.077 23.362 2.45657
56.478 27.236 23.072 2.50577
6.723 28.708 22.474 2.19619
0.889 30.690 23.914 1.86615
11.823 28.785 23.551 2.16269
28.839 28.143 23.487 2.32109
6.717 30.538 23.820 2.43926
5.495 27.423 22.896 2.60281
20.125 28.537 22.113 2.63571
13.452 30.085 23.446 2.63677
6.051 29.634 23.508 2.98206
15.743 27.937 22.930 2.62042
21.287 28.631 23.424 2.31770
6.395 29.317 22.185 1.85268
22.660 28.787 23.227 1.22871
2.263 30.444 24.093 1.23431
3.013 28.733 23.622 1.83512
1.731 28.687 23.735 1.61529
9.037 27.855 23.871 2.76404
8.795 28.832 23.994 2.74312
2.556 28.874 23.749 2.41132
1.546 29.767 23.795 2.41367
10.812 27.801 23.872 1.94873
44.500 28.395 23.242 2.00836
1.689 29.011 22.933 1.75924
12.293 29.009 23.599 1.29179
1.310 29.283 22.679 1.07535
7.121 29.495 23.361 1.78578
29.003 29.419 23.063 1.85978
30.819 27.863 23.251 1.86494
4.155 28.284 22.859 2.19546
25.676 26.474 22.601 2.79429
1.071 26.620 22.797 2.55786
0.462 28.744 22.929 2.36976
0.194 28.634 22.213 2.07651
0.975 30.306 23.737 1.39643
3.025 29.396 23.710 1.14778
7.069 27.755 22.532 1.17295
17.130 29.249 22.427 0.91951
7.286 29.768 23.356 1.11056
8.223 28.989 22.931 1.02219
0.418 29.976 21.673 3.04351
1.749 29.873 22.278 2.49908
2.139 29.421 22.550 1.45429
0.500 28.826 22.424 1.40525
0.104 29.561 23.260 1.11698
1.925 27.659 22.733 0.82889
6.502 27.292 22.798 0.91878
8.478 29.416 21.595 1.47658
0.260 30.281 21.926 1.25330
0.004 30.593 21.747 1.44432
0.036 31.053 23.261 0.73772
0.053 30.564 23.545 0.78141
1.790 30.807 23.279 1.04680
22.696 29.082 22.695 0.68372
13.376 29.354 22.492 1.28517
0.410 28.961 21.667 1.18642
8.441 29.545 22.248 1.34932
0.312 30.458 22.206 0.68657
4.510 30.953 22.602 0.75827
15.766 29.581 22.473 1.17812
1.418 29.165 22.199 1.74876
1.547 29.185 22.549 2.15212
0.005 28.014 16.789 5.03551
0.000 26.218 14.691 4.43587
0.000 24.737 13.409 4.00401
0.000 24.458 13.893 3.58786
0.000 25.064 14.805 3.40536
0.000 26.396 15.369 3.22493
0.006 26.647 16.443 2.77638
0.000 26.371 18.550 2.05875
0.000 28.788 20.713 2.23029
0.000 28.432 18.598 2.92244
0.000 28.089 18.456 2.90816
0.000 27.730 18.262 3.78669
0.000 27.234 17.327 3.62467
0.000 27.222 17.891 3.57416
0.000 27.119 15.115 3.20303
0.000 26.611 16.329 2.39932
0.000 28.316 17.794 2.93591
0.000 27.863 17.431 3.17280
0.000 27.408 16.033 3.13537
0.000 27.378 17.425 2.64774
0.000 28.234 18.021 3.19478
0.000 27.914 16.869 2.97790
0.000 28.950 17.800 1.96328
0.000 29.737 18.834 2.01096
0.000 29.710 18.419 2.25189
0.000 29.320 19.402 2.47717
0.000 29.650 19.510 2.59679
0.000 30.043 20.067 2.48686
0.081 30.599 21.041 2.41260
0.000 29.502 20.118 2.39799
0.000 30.502 19.891 2.50804
0.000 31.426 20.883 3.05047
0.000 31.105 20.371 3.51811
0.000 31.681 19.332 3.99542
0.087 31.074 18.876 3.81645
0.533 30.854 18.634 3.20538
0.000 30.911 19.177 1.81623
0.000 32.002 19.385 1.55015
0.000 32.856 20.733 0.84897
0.002 33.408 22.187 1.07093
0.109 32.680 22.127 1.69005
1.123 32.006 21.887 1.52708
0.294 31.889 20.701 1.29697
0.080 33.689 21.086 1.21288
0.036 32.892 19.838 2.69444
0.001 32.573 19.832 4.21461
0.098 31.771 19.508 3.79019
0.687 31.210 19.970 2.31025
0.000 30.524 20.005 1.49036
0.000 32.764 20.886 1.63440
0.000 33.924 21.729 1.75477
0.000 34.088 21.485 1.60027
0.000 34.132 20.638 1.43352
0.011 34.125 21.783 1.43232
0.180 33.863 20.055 3.23934
0.000 33.505 20.062 2.15810
0.000 33.984 19.515 2.38028
0.000 34.146 20.438 2.68471
0.000 33.460 20.541 3.82605
0.000 33.032 19.063 4.04712
0.000 32.825 19.235 3.83997
0.000 33.117 18.470 4.36327
0.003 30.476 15.389 5.11295
0.000 31.343 15.895 3.87952
0.000 31.393 16.560 2.93799
0.000 32.449 17.252 2.38284
0.000 32.643 17.023 2.17964
0.000 33.583 16.637 2.10326
0.000 33.458 16.056 2.97800
0.000 32.253 16.308 2.69619
0.000 31.694 16.751 1.54836
0.000 32.915 18.409 1.54288
0.000 33.197 19.712 1.70786
0.000 33.348 19.927 2.27413
0.000 33.884 19.089 1.94463
0.000 34.336 18.504 2.26286
0.000 32.781 15.176 5.15813
0.000 29.346 12.642 5.09745
0.000 28.115 11.377 4.07434
0.000 28.723 12.041 2.73925
0.000 30.528 13.334 2.37528
0.000 31.979 15.241 1.84805
0.000 33.593 16.513 1.29378
0.000 35.469 17.180 1.22707
0.000 35.424 18.658 2.61018
0.000 33.145 18.580 2.46212
0.000 33.790 18.102 2.35211
0.000 33.347 17.179 3.11026
0.000 33.411 16.963 3.41085
0.000 33.293 17.060 2.55184
0.000 33.921 17.481 1.75604
0.000 34.618 18.538 2.01280
0.000 34.657 18.524 1.04958
0.000 35.805 19.286 1.07275
0.000 36.111 21.039 1.07987
0.000 36.383 22.676 1.06691
0.000 35.384 22.309 2.62302
0.007 34.333 22.584 1.81036
0.077 35.523 22.291 2.30105
3.346 35.004 20.102 2.36067
0.163 31.710 17.879 4.38147
0.000 32.113 18.164 2.99758
0.000 33.321 18.699 3.62488
0.000 33.245 16.239 5.45829
0.000 31.214 14.942 5.28563
0.000 30.497 14.852 4.28637
0.000 32.269 15.666 3.74359
0.000 30.969 13.655 5.95583
0.000 28.844 12.761 4.92743
0.000 29.967 13.491 3.61589
0.000 31.506 14.574 1.83084
0.000 34.181 16.450 1.15859
0.000 34.776 18.200 1.84589
0.000 34.653 19.768 1.82391
0.006 35.702 21.487 1.45367
0.000 37.112 22.389 1.51815
0.000 37.542 23.901 1.77772
0.000 37.426 24.582 1.06577
0.004 37.792 24.351 1.85847
0.669 36.145 23.973 1.89154
0.000 37.596 23.715 2.54583
0.000 36.975 23.296 2.72661
0.000 38.590 23.967 1.62826
0.000 38.192 25.143 1.80748
0.026 37.557 24.662 1.83193
0.043 37.234 25.735 1.46640
0.341 37.070 24.018 1.84271
1.562 37.809 22.188 2.08842
0.138 37.943 22.751 2.07050
0.002 37.050 23.732 1.79634
0.459 37.780 24.490 2.07022
0.312 36.364 24.795 1.68270
0.002 36.978 24.978 1.83936
0.000 39.059 25.843 1.85808
0.024 38.944 23.095 4.01331
0.103 35.071 19.536 4.30110
0.005 31.930 19.720 1.98840
0.019 36.811 22.867 1.17489
0.000 37.524 24.823 1.66549
0.000 37.456 25.833 1.51138
0.000 39.247 26.519 1.48532
0.000 38.972 27.189 1.48716
0.000 39.706 27.225 1.80074
0.000 40.783 25.158 2.00980
0.000 40.250 24.078 2.26298
0.000 40.039 23.741 2.85119
0.000 39.980 24.138 2.34345
0.000 40.435 26.212 2.34113
0.160 40.018 26.808 1.90743
14.206 31.453 19.438 3.94191
0.000 34.165 20.222 2.94397
0.000 36.994 21.739 1.76460
0.133 38.180 24.326 1.85218
0.056 34.524 26.045 1.88791
0.227 33.305 24.548 1.85455
2.171 37.200 25.617 1.98972
19.413 35.118 17.696 3.30446
0.000 32.129 18.523 2.57348
0.000 35.786 21.857 1.04934
0.132 36.459 25.546 2.04843
0.885 36.395 24.894 2.34023
0.022 38.040 26.222 2.52759
2.904 37.443 25.627 1.60054
0.107 37.251 26.149 2.22780
1.333 34.503 25.214 1.36833
8.597 34.422 24.813 1.24162
3.435 33.549 24.517 1.14651
0.000 37.756 24.675 1.24045
0.023 38.935 25.718 1.39455
2.253 37.282 25.935 1.21693
1.540 32.645 25.225 1.31022
0.000 34.541 25.019 0.85260
0.000 38.398 25.989 1.31878
0.001 38.174 26.003 1.62068
0.008 38.148 25.813 2.50975
0.007 38.316 25.835 3.01360
0.011 38.220 25.467 2.64280
0.015 38.533 25.714 3.26416
0.202 40.056 27.248 2.20883
5.038 37.161 26.588 1.76777
0.014 37.766 27.234 1.20092
0.762 38.611 27.426 0.97619
0.421 36.562 25.955 1.81202
0.002 39.436 27.406 1.95184
0.028 38.874 28.137 2.52910
0.065 37.423 27.133 2.13060
0.178 33.773 26.345 1.77326
1.327 38.592 27.261 1.16524
0.070 33.300 26.265 1.45561
0.018 39.211 27.769 1.74805
0.245 38.820 27.990 1.52093
0.151 39.597 28.400 1.46237
1.223 37.934 27.737 2.09125
1.872 35.524 26.381 1.54753
0.081 38.293 27.997 0.92450
21.074 35.927 25.623 1.01489
18.525 34.787 25.759 0.81072
0.266 31.498 23.778 2.87746
0.006 36.693 25.476 2.25375
3.611 37.458 26.377 1.50912
14.655 34.772 25.447 1.28292
1.086 33.763 24.906 1.44641
4.940 33.356 24.792 1.27735
0.887 36.216 25.104 2.17426
2.319 34.322 24.516 2.26024
23.787 33.126 24.144 2.80956
13.617 31.467 23.590 2.95042
4.589 34.286 24.397 2.67396
1.088 32.279 23.895 2.64067
8.920 32.436 23.514 2.51110
7.117 33.706 23.724 2.86924
0.030 33.917 23.716 2.73813
0.027 35.236 24.203 2.56050
0.006 35.625 24.780 2.55489
0.004 35.427 25.245 1.92159
0.200 34.886 25.506 2.23608
2.458 36.409 24.734 2.32621
0.076 35.171 25.084 2.25208
0.867 35.385 25.681 1.83787
18.539 31.687 24.441 1.63573
4.692 30.586 23.615 1.52106
0.386 32.639 23.781 1.92542
3.981 32.860 24.341 1.91969
0.863 32.304 24.885 1.74580
15.259 32.175 24.317 2.32827
7.769 29.789 24.207 1.69316
0.997 33.240 24.242 2.60959
8.035 31.759 24.890 2.45681
0.018 31.321 24.302 2.74775
1.509 32.935 24.785 3.03494
0.639 31.647 25.008 3.15594
5.490 31.163 24.805 3.00376
5.924 29.590 24.571 2.62808
4.113 31.442 24.616 3.01699
25.016 30.078 24.398 2.50863
15.096 31.105 24.900 1.63644
1.241 30.878 24.291 1.36822
7.736 31.787 23.870 1.95584
0.590 32.742 24.713 2.21588
9.980 31.723 24.679 2.42835
0.207 30.574 24.689 2.03523
0.383 31.008 24.334 1.54631
9.213 30.616 23.906 1.59403
3.257 30.492 24.223 1.89948
0.140 31.594 23.916 2.46731
7.213 32.153 24.193 2.27362
0.322 31.441 24.556 2.20382
2.733 29.806 23.953 2.45634
5.808 32.044 24.148 2.74794
0.689 30.958 24.110 2.51106
0.036 32.482 24.577 2.68325
0.717 31.794 24.347 2.44543
12.690 29.856 24.465 2.36195
19.771 30.303 24.588 2.83468
13.167 29.500 23.914 3.39073
34.991 29.974 23.671 2.48424
25.423 29.061 23.289 2.12980
6.654 28.874 23.213 1.70740
3.314 30.697 23.881 1.42584
2.226 30.385 23.598 1.18631
13.601 29.914 23.514 1.62479
2.639 28.070 23.186 1.09530
4.386 30.559 23.062 1.95549
9.862 29.885 23.028 2.12661
1.071 29.718 23.372 2.74761
1.499 29.859 23.485 2.77923
0.020 29.654 23.164 2.34362
0.969 30.747 23.667 2.30782
13.780 30.255 24.025 2.02169
9.155 29.688 23.418 2.24028
2.995 28.174 23.023 1.91677
8.787 27.410 23.134 1.66343
4.637 29.085 22.787 1.87162
0.001 30.221 23.835 1.63332
0.016 30.173 24.252 1.80152
2.727 30.160 23.966 1.61912
11.668 29.376 23.503 1.59003
7.188 29.565 23.574 2.09829
7.349 30.352 23.293 2.88285
0.154 30.200 23.285 2.54412
2.110 30.687 23.804 2.21107
4.690 28.796 23.954 2.57935
25.752 29.612 24.283 3.31288
27.115 28.740 23.898 3.91887
3.979 28.983 23.673 3.59531
0.988 30.814 23.619 3.03170
0.197 30.270 24.032 2.40687
0.179 29.651 24.067 1.85759
14.256 29.956 24.050 2.61344
11.610 29.511 23.739 2.80997
2.490 29.337 23.816 2.27711
19.617 27.514 23.538 2.11530
2.555 28.290 23.440 1.15774
9.996 28.840 23.049 1.12926
1.503 30.090 23.653 1.47550
3.994 30.095 23.583 1.92876
5.245 29.291 23.283 2.15480
18.871 29.556 23.365 2.00929
3.093 28.913 23.155 1.81670
7.205 29.871 23.169 1.54118
0.297 30.510 23.738 0.70775
0.646 29.554 23.721 0.90468
0.960 30.505 23.826 1.08523
2.445 31.471 24.336 1.24426
15.738 29.086 24.030 1.75051
4.111 29.281 23.458 1.96144
16.823 29.891 23.748 1.85648
2.536 30.399 24.256 1.47252
3.811 28.848 23.705 1.66263
6.940 30.124 24.330 2.15465
9.711 29.537 24.231 2.50913
4.490 29.958 24.382 1.91536
4.431 29.586 23.932 3.15958
0.548 28.643 23.599 4.69520
0.295 28.554 23.724 3.95787
3.211 29.844 23.940 3.39674
37.677 29.268 24.314 2.22863
6.329 29.178 24.214 1.70003
12.106 27.953 23.202 1.45682
5.387 30.106 23.841 1.85873
1.620 27.573 23.583 2.13369
0.862 29.708 24.171 2.38208
4.356 29.008 23.386 2.39844
3.097 28.328 23.118 1.44191
9.977 29.038 23.237 1.04253
12.795 30.717 23.215 1.36672
12.096 29.275 23.386 2.01138
11.073 30.194 23.879 1.41620
14.916 29.739 24.099 1.11997
10.676 28.000 24.214 2.07340
9.519 29.453 23.729 1.73459
15.034 30.457 23.504 1.80088
4.257 29.990 23.394 1.31576
1.931 30.305 22.356 1.94121
0.396 31.001 21.601 2.45106
1.735 30.638 22.705 1.55618
6.684 29.779 23.391 0.84926
27.856 29.379 23.074 1.06239
1.358 29.559 21.252 2.41952
10.902 29.472 22.056 1.86829
6.769 30.235 23.183 1.53542
0.236 30.616 22.517 1.04117
0.206 30.912 23.035 1.22953
0.609 31.191 22.859 1.76326
6.040 31.206 24.024 1.55847
8.205 30.180 23.610 1.40813
9.303 31.333 23.308 0.86366
0.184 29.947 23.888 1.36305
1.281 28.790 23.454 1.51755
3.711 29.216 23.238 1.24214
26.720 29.722 23.094 0.72520
4.358 28.485 22.278 2.42489
1.550 30.065 22.796 3.29012
3.676 29.516 23.237 2.74070
4.941 28.036 22.397 3.48492
0.275 29.399 21.636 3.35924
0.036 29.995 22.167 2.82079
0.712 29.996 23.561 1.53724
18.236 28.322 23.600 0.96219
14.805 29.614 24.083 0.73845
20.826 29.563 23.108 0.67314
1.280 29.494 22.436 1.06423
5.989 30.147 22.643 1.37868
0.185 30.152 22.263 1.35753
1.002 31.145 22.265 1.05052
1.263 30.953 22.047 0.95459
0.000 30.656 20.532 1.58761
0.000 30.142 19.754 2.19435
0.000 29.350 20.901 2.57799
0.000 29.506 21.360 3.80528
0.070 28.934 18.755 4.57243
7.524 28.253 19.385 4.54476
16.090 28.219 20.973 3.17357
9.875 28.824 22.725 2.54968
0.231 29.785 21.355 3.20472
0.004 29.838 20.046 2.68759
0.073 29.265 19.729 3.13423
14.618 28.116 19.820 3.31793
4.179 27.458 20.177 1.85411
2.741 28.327 20.137 2.61545
0.010 27.328 17.245 3.39380
0.000 27.416 16.927 2.80669
0.000 27.931 18.147 1.93654
0.014 29.112 19.681 2.54894
0.880 27.429 17.690 3.31218
0.214 28.432 17.906 3.73408
0.747 28.135 19.954 3.62258
0.103 29.394 20.359 1.79525
0.007 30.648 21.587 1.22344
0.000 31.336 21.228 1.13521
0.000 29.587 17.188 3.64933
0.000 27.365 17.445 3.58041
0.000 27.841 17.959 2.93999
0.000 29.560 19.563 2.54883
0.000 29.043 18.672 2.80267
0.000 29.468 19.342 3.19753
0.000 30.202 20.234 2.54775
0.000 30.025 19.556 2.42560
0.000 30.451 19.498 2.51148
0.000 29.439 16.706 4.70308
0.000 27.075 14.111 4.19695
0.000 27.401 14.873 1.70203
0.000 28.757 16.442 1.45008
0.000 29.616 18.281 1.70997
0.000 30.281 20.390 2.14533
0.000 31.428 20.151 2.58665
0.000 32.146 20.806 3.01312
0.000 31.957 20.275 3.11529
0.000 31.391 17.651 3.06637
0.000 30.859 16.404 3.04678
0.000 30.151 16.800 2.97366
0.000 29.494 16.749 4.27102
0.000 27.810 14.020 4.85544
0.000 27.289 12.900 4.36583
0.000 28.000 13.691 3.88623
0.000 29.096 14.304 2.84180
0.000 29.441 15.559 2.38057
0.000 30.382 17.410 2.59440
0.000 30.337 18.912 2.27113
0.000 31.629 19.488 2.30913
0.398 31.605 20.349 1.69481
0.023 32.493 21.820 1.32120
0.048 33.267 22.721 1.07025
0.000 34.210 22.085 1.65962
0.000 33.343 18.748 3.30588
0.000 31.873 18.763 3.24893
0.000 32.378 18.207 3.87999
0.000 31.989 15.933 4.05513
0.000 30.581 16.521 4.05744
0.000 31.039 16.654 4.04845
0.000 30.186 15.686 4.88630
0.000 30.362 15.419 4.84182
0.000 30.400 14.708 4.90987
0.000 29.948 14.412 4.72854
0.000 28.539 12.058 4.79817
0.000 27.443 11.673 3.87565
0.000 26.889 12.352 3.13587
0.000 27.322 11.600 2.94208
0.000 27.838 12.105 1.99740
0.000 29.200 13.403 2.13069
0.000 29.680 13.909 2.56216
0.000 29.991 14.223 1.32444
0.000 30.936 14.876 1.35549
0.000 31.989 16.384 1.47624
0.000 32.484 17.626 2.15563
0.000 32.882 18.573 3.25377
0.007 32.303 19.184 2.73054
0.000 31.231 19.666 1.95237
0.026 32.611 20.938 0.80906
1.156 33.757 22.227 0.98831
0.258 32.688 21.960 0.93297
0.027 31.466 20.801 1.09421
0.000 34.156 20.815 0.78967
0.000 35.483 20.248 1.30362
0.000 34.785 21.041 0.78765
0.000 35.794 19.867 1.11377
0.000 35.899 21.246 1.18180
0.064 35.427 22.977 1.31196
0.000 34.064 22.395 1.18861
0.000 36.846 22.623 1.86347
0.000 36.099 22.548 2.09160
0.000 35.135 22.667 1.32989
0.028 36.607 23.296 0.94361
0.008 36.042 20.546 2.52929
0.000 34.622 17.755 4.07164
0.000 33.888 18.009 3.66787
0.000 34.180 17.009 3.44748
0.000 33.345 17.678 3.85162
0.000 32.934 17.304 4.72586
0.000 32.311 16.613 5.18807
0.000 31.430 16.075 5.31813
0.000 32.062 16.703 3.78128
0.000 33.336 17.904 3.15878
0.000 34.111 18.087 3.87219
0.000 33.544 17.899 3.63494
0.000 33.717 16.789 3.31469
0.000 33.424 16.327 4.15833
0.000 33.416 17.204 4.78047
0.001 32.078 16.037 4.41801
0.000 32.722 17.016 1.70236
0.000 35.996 19.544 1.10110
0.000 38.186 22.200 1.69705
0.000 38.803 23.679 1.73151
0.000 39.307 24.964 1.30536
0.001 37.837 26.790 1.30519
0.221 38.516 27.195 1.43924
7.251 33.911 18.324 4.28118
0.131 29.635 17.672 4.83003
0.009 29.503 13.541 6.09819
0.000 31.120 14.539 4.49893
0.000 32.478 15.707 3.40312
0.009 34.005 16.911 3.19813
0.030 35.083 18.285 2.36850
0.005 35.747 19.959 1.39324
0.000 35.570 22.575 1.30437
0.022 34.861 22.167 1.60865
0.003 35.951 23.281 0.90477
0.022 37.644 22.900 1.89050
0.001 36.910 19.326 4.35960
0.000 35.337 18.638 3.41417
0.000 36.378 18.309 3.11872
0.000 35.870 16.342 3.38186
0.000 35.761 17.047 2.06574
0.000 37.328 18.809 1.55449
0.000 37.942 21.426 1.48493
0.000 38.862 23.201 1.38860
0.025 39.487 25.067 1.19814
1.380 39.214 26.097 1.26788
5.303 34.324 23.428 2.15943
0.288 27.997 22.418 1.93734
0.129 34.872 23.413 1.91456
0.000 37.494 24.800 2.20471
0.000 38.578 24.481 2.48752
0.000 40.534 24.213 2.75478
0.000 41.201 23.958 2.45004
0.000 41.556 24.180 2.20535
0.000 41.649 25.729 2.58764
0.000 41.594 27.150 2.34467
0.134 39.175 28.010 1.81446
19.551 38.208 25.880 1.19712
0.623 38.632 25.962 1.87028
0.030 38.383 25.508 1.67100
0.860 38.951 26.162 1.93674
0.943 37.231 25.631 1.91207
2.067 37.611 25.470 1.91056
0.800 35.029 25.660 1.19609
0.000 37.459 26.102 1.12351
0.101 39.186 25.221 2.96665
0.000 40.651 26.013 2.47793
0.000 41.242 27.099 1.85851
2.803 39.727 25.955 1.60415
4.195 30.276 22.157 2.47059
3.587 35.685 22.883 2.25502
2.631 30.008 22.995 1.08098
0.000 36.786 24.682 0.84105
0.147 38.063 26.250 1.42374
1.028 37.344 26.074 2.16447
0.000 38.361 26.925 2.09512
0.081 38.034 26.890 2.05325
3.688 35.383 26.276 1.41327
14.917 30.312 24.440 1.31287
0.277 34.580 25.576 1.09721
5.292 34.505 24.482 2.23472
0.069 31.084 24.421 1.12078
1.037 34.063 24.669 1.50088
0.236 36.140 25.020 2.26764
0.260 37.125 25.399 2.98492
0.620 37.951 25.728 2.78286
7.181 34.769 20.408 3.33520
1.879 34.983 20.665 3.02386
0.000 33.767 20.571 3.41724
0.000 36.281 21.980 2.01745
0.268 38.921 25.002 1.24250
10.054 36.245 25.076 1.13690
1.390 32.505 25.195 0.98316
5.241 32.071 24.334 1.14275
4.924 33.273 24.488 1.21962
60.751 31.785 24.748 1.31520
3.837 32.697 24.865 1.17986
1.737 32.394 24.750 0.84037
0.887 32.793 25.138 0.98806
13.179 32.389 24.888 1.48133
0.687 32.073 24.464 1.38534
7.043 31.993 24.570 1.27268
0.354 31.959 24.985 1.87268
3.191 31.511 23.861 2.28259
9.291 32.964 23.709 2.18217
10.322 32.279 23.397 2.65392
1.214 32.275 23.511 2.34976
17.877 30.635 23.719 1.14692
7.600 30.381 23.513 0.90334
5.747 29.636 23.621 1.14544
0.583 32.430 23.804 1.30036
0.286 32.547 24.853 1.03617
2.596 30.707 24.359 1.32913
3.150 30.967 23.653 1.39491
5.700 31.402 23.858 1.19944
24.103 31.915 24.416 0.84577
4.020 30.636 24.020 0.89866
1.291 30.274 23.416 1.87399
1.638 30.350 23.354 2.09216
5.511 31.872 23.736 2.20954
0.031 31.130 23.581 2.39493
0.419 31.746 24.492 2.27655
1.732 30.716 23.979 2.05040
3.563 30.932 23.814 2.22248
0.389 31.859 24.380 2.68956
10.015 30.094 23.638 2.10307
17.741 31.281 23.949 1.30257
0.266 31.353 25.395 0.78988
11.855 30.869 24.496 0.95269
45.563 31.288 24.082 1.09937
0.462 29.467 23.573 1.21218
0.174 30.398 23.541 1.62579
1.326 31.381 24.320 1.34818
0.600 30.823 24.927 0.71046
31.963 30.341 23.866 1.05426
12.189 29.475 23.137 1.43202
20.720 31.060 24.260 1.12154
1.806 31.569 23.829 1.21519
1.069 31.599 24.237 0.66441
7.817 31.009 24.381 1.00427
24.019 30.357 24.208 1.19042
19.411 27.956 23.424 1.81680
6.889 30.558 24.600 1.76126
16.633 30.144 24.181 2.10918
7.542 29.883 23.548 1.99180
10.380 30.320 24.098 2.14790
3.302 27.899 23.893 2.34097
19.466 28.120 23.595 2.58446
0.283 28.455 23.764 2.49688
0.124 29.379 23.884 2.39922
0.208 29.148 23.725 2.45320
2.439 28.694 23.618 2.58309
10.853 28.109 23.262 3.22038
0.094 29.398 22.486 2.13835
0.207 31.251 23.808 2.07679
0.004 29.868 23.943 1.89080
0.192 29.469 23.686 1.75505
0.378 29.782 23.264 1.84329
0.196 29.992 23.746 1.71349
10.649 29.629 23.403 1.21601
2.998 29.444 23.575 1.07598
8.678 29.293 23.265 1.23884
1.295 30.698 23.741 0.75238
0.463 29.492 23.589 0.84149
2.470 29.420 23.206 0.96558
1.672 30.582 23.303 1.08520
0.137 31.321 23.208 1.35616
5.218 31.059 23.999 1.58076
0.805 30.019 23.536 1.67720
1.110 31.043 23.850 1.86229
0.159 30.121 23.247 1.37042
1.686 29.967 23.970 1.31510
1.918 28.850 23.938 1.81885
3.185 29.164 23.217 2.48778
3.739 29.888 23.370 2.86082
18.421 29.381 23.865 3.09397
9.841 29.108 23.484 3.26021
14.431 29.265 23.537 3.24019
4.994 27.939 23.672 3.71941
3.396 27.014 23.601 3.85309
3.634 27.866 23.497 4.32726
1.153 30.205 22.991 4.49977
2.863 30.233 23.066 3.81412
2.136 29.216 23.091 3.82493
0.693 30.416 23.001 4.22268
2.602 29.577 23.262 4.24945
5.205 30.533 23.617 4.13079
0.343 30.133 23.348 4.00388
1.743 30.617 23.864 3.15314
0.092 31.223 23.947 3.06274
0.221 31.412 24.680 3.41598
3.230 29.611 24.366 3.53060
10.244 28.378 23.332 3.70696
11.423 28.923 23.484 3.32512
1.089 30.124 23.841 2.95645
5.709 30.153 23.597 3.01160
0.661 30.946 23.917 2.43170
2.964 30.228 23.917 1.99694
0.110 29.231 23.887 1.69123
1.078 29.341 23.411 2.27759
14.687 29.270 23.289 2.59945
13.714 28.991 23.766 3.25644
14.964 29.312 23.523 3.04824
2.198 29.720 23.483 2.27371
11.449 30.137 23.232 1.55633
1.042 30.452 23.121 1.71567
11.351 29.740 22.895 1.45877
11.366 30.242 22.873 0.87450
0.444 29.126 22.510 1.21355
0.696 31.284 23.587 1.52701
0.475 29.827 23.199 2.42235
3.874 29.019 23.242 2.33632
36.989 27.249 22.922 1.74726
26.222 28.856 22.570 1.58561
2.606 30.414 23.100 2.01453
0.004 30.536 24.123 1.05391
0.263 31.443 24.037 0.82275
5.807 29.523 23.926 1.48113
0.559 28.857 23.627 1.10920
18.263 29.467 22.939 0.91266
0.624 30.345 22.749 0.62281
10.851 31.481 23.264 0.80780
12.161 27.715 23.131 1.65438
12.832 27.501 22.644 0.98406
18.973 29.425 22.327 1.16907
3.516 30.562 23.122 0.80676
7.083 30.612 23.640 0.46414
1.814 30.272 22.466 0.96332
0.876 31.468 23.347 0.93497
4.916 29.883 23.564 0.77581
8.230 29.553 23.467 1.69274
43.861 28.901 23.879 3.10856
43.167 27.096 23.730 4.17002
29.304 27.706 23.933 3.03676
0.949 28.698 24.158 2.75543
3.801 29.307 24.339 2.65384
1.492 28.798 24.478 2.84602
5.809 26.921 23.677 2.83929
6.474 27.133 23.528 2.63168
31.685 28.944 23.516 2.89067
3.765 27.040 22.864 2.03291
0.949 29.467 23.600 2.17327
5.640 29.504 23.566 2.46275
9.976 28.129 23.651 1.14453
14.305 29.764 23.321 0.76655
1.571 29.803 23.708 1.44828
11.044 29.241 23.590 1.31053
36.345 28.901 23.611 2.04916
16.676 26.958 22.705 2.29542
11.709 29.263 21.629 2.95519
19.940 27.405 22.078 2.91007
4.087 27.576 22.379 1.67345
5.358 30.157 23.315 0.92387
9.594 29.452 23.141 1.17372
3.042 28.838 22.872 1.54637
7.244 28.709 22.731 1.31692
0.492 30.162 22.655 0.62704
5.451 28.485 22.380 1.39413
1.478 30.171 22.427 1.68598
0.182 29.744 22.493 1.92109
0.699 29.298 21.894 2.10629
1.658 29.760 22.417 2.75049
1.846 29.688 21.292 2.44209
0.002 28.951 21.139 2.42606
0.039 29.168 21.226 2.18238
0.038 30.386 22.542 2.05424
0.435 29.719 22.874 1.93323
0.523 30.046 23.565 1.51276
0.578 29.350 21.029 1.77794
1.721 29.424 20.631 2.44953
0.061 28.933 20.897 2.49706
0.829 29.827 21.676 2.59223
4.324 26.930 21.681 2.89617
3.476 28.905 21.987 2.88045
2.197 28.765 20.732 3.62326
0.001 27.961 18.802 3.88362
0.000 28.496 19.471 3.47021
0.312 29.553 21.211 2.90890
2.954 29.840 22.945 2.53696
22.907 29.584 23.126 1.92180
3.884 29.636 22.117 1.17105
8.623 29.951 22.980 1.08648
11.207 29.260 21.285 2.24993
71.094 26.739 20.650 3.13909
4.968 28.610 21.800 2.27560
0.220 28.524 22.546 1.12265
1.507 29.189 21.778 1.38160
0.333 29.688 20.364 2.27234
0.007 29.650 21.033 1.68252
0.249 29.477 20.979 1.38620
1.853 30.604 21.978 0.91051
7.803 30.651 22.621 0.71883
1.184 27.836 21.630 1.96051
0.184 28.587 19.866 2.55033
0.472 28.400 20.226 2.75366
0.000 28.107 18.676 3.36237
0.159 27.816 19.194 3.60497
3.479 27.658 19.222 3.84972
0.088 24.457 14.688 4.34009
0.000 24.475 14.988 3.13256
0.000 27.393 17.436 3.69613
0.000 27.139 17.854 3.29445
0.000 27.916 19.097 3.13982
0.028 28.478 19.652 3.50501
0.063 28.340 19.470 2.82922
0.000 28.584 19.668 2.11607
0.000 28.891 20.083 2.31992
0.000 28.759 19.616 2.75623
0.000 29.312 20.426 1.76121
0.018 29.639 21.617 2.37850
0.027 28.462 18.128 3.65806
0.038 27.077 16.410 3.95519
0.034 27.796 16.730 2.59341
0.000 29.090 19.330 1.68196
0.000 30.362 21.157 1.33305
0.000 30.720 18.323 3.34194
0.000 26.412 14.931 4.78766
0.000 25.600 14.402 3.81868
0.000 27.148 14.938 2.57302
0.000 29.011 17.435 3.17243
0.000 27.739 15.238 3.70558
0.000 27.653 15.610 3.22313
0.000 28.487 16.232 2.83500
0.000 28.439 15.767 3.10582
0.000 28.885 16.486 1.99111
0.000 29.518 16.900 1.80422
0.000 29.683 17.551 2.38663
0.000 29.383 18.152 3.56722
0.000 29.921 18.464 3.55303
0.001 27.697 16.761 4.37319
0.001 27.352 15.737 4.47133
0.000 27.101 15.446 4.03604
0.000 28.586 15.509 3.57978
0.000 29.186 14.056 3.39014
0.000 28.485 13.388 2.45457
0.000 28.977 12.965 2.43575
0.000 28.408 12.929 2.79290
0.000 27.186 13.726 2.17174
0.000 28.788 15.096 1.66801
0.000 29.724 17.632 1.14256
0.000 30.585 19.138 1.19245
0.000 30.117 17.112 1.05710
0.000 31.148 15.949 1.66949
0.000 30.271 16.088 1.09763
0.000 30.535 17.171 0.64881
0.000 31.248 17.233 1.04083
0.000 30.780 15.995 2.30874
0.000 30.224 16.841 1.94983
0.000 31.102 18.005 2.45082
0.001 31.203 16.333 3.45029
0.000 29.888 14.239 4.26511
0.000 28.669 12.994 3.77734
0.000 28.370 12.860 3.58984
0.000 28.856 13.496 2.41672
0.000 30.538 14.882 2.13066
0.000 32.235 15.981 2.78830
0.000 32.389 16.642 1.46445
0.000 33.065 18.085 1.08007
0.000 33.479 19.616 1.09315
0.000 34.011 20.281 1.08195
0.063 34.922 21.611 0.99925
0.397 33.968 21.095 1.63303
0.118 34.667 21.625 1.46655
0.515 33.101 20.840 2.41231
0.055 33.882 19.726 2.99230
0.000 33.955 17.869 2.45028
0.155 32.737 18.302 2.78756
0.504 29.240 18.304 2.54169
0.000 30.961 16.744 3.10455
0.000 31.267 16.830 2.65613
0.000 33.014 16.990 1.48911
0.000 34.061 18.943 0.89695
0.000 34.894 21.065 1.46462
0.081 35.610 22.442 1.78631
0.002 34.413 23.629 2.08909
0.042 34.980 23.941 1.52708
0.111 34.882 24.076 1.43330
5.025 34.596 22.867 1.36308
2.060 32.013 22.974 1.47652
5.192 30.934 22.306 1.46389
0.007 34.385 21.615 2.09398
0.000 35.716 21.914 1.62976
0.000 34.888 22.382 1.68390
0.000 33.918 21.338 2.89504
0.008 31.423 21.663 3.07754
0.151 34.623 22.107 2.05835
0.028 33.405 22.625 1.65138
0.064 34.675 23.061 1.93886
5.855 28.631 19.217 2.43062
0.121 34.051 19.881 2.27732
0.011 32.335 17.060 4.02661
0.000 32.336 17.482 3.92978
0.000 33.723 16.888 3.12142
0.000 33.711 17.493 2.95540
0.000 34.589 18.662 2.84883
0.000 34.953 19.531 2.51195
0.000 34.855 20.779 1.75403
0.150 34.825 20.948 2.59220
0.000 36.204 20.878 2.67984
0.021 37.024 20.454 2.83409
0.026 37.548 20.476 2.78720
0.137 37.351 21.794 1.73337
0.518 37.660 19.007 3.93530
0.052 35.531 18.843 3.16120
0.000 35.665 18.219 2.50507
0.000 36.823 19.649 1.49233
0.000 37.794 22.181 1.51383
0.076 38.467 22.801 1.91966
0.000 37.801 21.171 1.93355
0.000 37.086 21.761 1.70812
0.000 37.447 22.545 1.53745
0.000 38.694 24.103 1.65410
1.472 39.255 25.005 2.35302
0.045 38.680 25.375 2.42621
0.002 39.689 25.160 2.28739
1.132 38.750 26.463 1.28933
0.043 39.602 27.311 1.98993
0.067 35.544 26.057 1.79244
0.032 38.604 24.180 2.39536
0.000 39.886 24.070 3.16384
0.000 39.459 24.391 3.04247
0.000 40.120 24.476 3.08515
0.023 40.142 26.128 2.59884
4.777 39.484 26.626 1.47171
4.265 36.594 25.609 1.84936
0.607 34.062 23.926 1.96200
1.435 37.256 24.785 2.13001
6.425 34.124 23.065 1.76115
0.002 33.852 23.764 0.95110
0.279 36.752 24.531 1.36428
14.718 34.899 23.526 1.96534
4.934 34.790 23.077 2.00101
0.890 36.686 24.292 1.45546
2.707 36.158 24.431 1.57473
0.109 37.592 24.711 1.87980
3.027 36.641 24.835 1.39165
0.107 36.519 25.186 2.04508
3.221 35.362 24.486 2.17111
3.567 34.366 24.746 2.05262
10.961 31.754 23.713 1.53264
1.990 32.027 22.788 1.60349
42.237 31.621 22.730 1.29761
0.200 33.670 23.743 1.82753
9.393 29.508 22.083 2.22254
1.543 33.060 21.789 2.28455
3.353 34.928 22.344 2.11275
0.139 35.869 22.781 1.74462
4.217 35.887 22.373 1.74525
0.263 36.492 23.446 1.93922
0.000 37.718 23.815 1.85577
0.000 37.190 24.359 1.63618
0.017 37.870 25.226 1.70801
0.000 37.980 25.612 1.31472
0.486 36.776 25.249 1.78677
11.155 34.374 23.585 1.21150
0.211 35.382 23.639 2.37350
4.653 33.661 23.079 2.51589
0.000 33.299 21.834 2.22197
0.000 35.600 23.325 1.66580
0.014 37.563 24.622 0.98259
1.536 37.631 25.031 0.93228
4.534 37.003 25.463 0.93979
0.171 37.435 25.827 1.28117
18.483 33.814 24.352 1.78812
1.356 35.982 24.652 2.00541
0.000 38.266 24.936 2.53361
0.000 39.146 25.070 3.02284
0.000 39.167 25.512 3.03442
0.008 39.951 25.567 2.83183
1.024 38.650 26.352 2.10876
34.799 32.456 24.478 1.78033
1.045 32.620 24.233 1.09700
0.152 33.900 24.101 2.08104
2.432 36.206 24.570 2.03780
0.033 37.162 25.335 1.71330
3.566 33.482 24.877 1.87036
0.116 35.545 24.710 1.80550
2.872 35.202 24.438 2.98684
0.754 32.054 24.697 2.40623
5.510 32.353 23.929 2.60568
3.548 31.528 23.645 2.35431
2.973 32.895 23.505 2.96248
7.984 31.879 24.136 2.84576
23.257 33.444 24.604 2.65209
12.937 30.344 23.838 1.46376
20.714 30.794 24.059 1.11831
14.735 26.753 23.670 1.94166
0.445 30.683 23.736 2.91006
0.111 32.778 24.205 2.99889
2.441 33.931 24.879 2.71859
30.514 31.041 24.800 2.09008
4.508 29.355 24.443 2.35925
0.446 30.415 24.137 2.32948
1.322 30.332 23.763 2.81320
0.005 31.094 24.095 2.80813
0.031 32.149 24.868 3.02333
0.037 31.518 24.540 2.68729
0.034 31.406 24.489 2.89090
0.046 31.289 24.424 2.92446
1.683 31.249 23.323 3.15323
2.789 32.137 23.189 2.40836
0.056 34.327 23.836 2.63765
2.659 31.360 23.557 2.32430
0.000 32.118 23.848 1.80237
0.000 33.093 23.781 1.60704
0.000 33.551 24.323 1.84057
0.726 33.102 24.475 2.31355
6.362 32.294 23.482 1.63805
8.849 33.933 23.687 1.90763
21.351 32.837 23.265 2.13529
0.458 33.273 22.614 2.10091
0.016 34.901 24.197 1.96809
6.802 33.757 24.536 2.19992
6.444 31.900 24.398 2.89223
24.587 28.915 23.768 2.36600
8.931 29.290 23.957 2.52260
16.692 30.737 24.081 2.86682
23.876 31.161 24.250 2.89998
34.688 29.427 24.214 3.06287
8.113 28.021 24.127 3.20086
5.510 30.620 24.482 3.31503
4.470 30.228 24.209 3.15187
8.957 29.598 24.089 3.32127
0.102 30.188 24.140 3.27974
0.477 29.977 23.645 2.84323
0.110 29.586 23.830 2.42132
0.997 30.393 24.131 2.37520
0.131 29.802 23.588 2.51358
2.186 30.303 23.815 2.51396
7.545 28.885 23.842 2.84121
1.041 30.037 23.598 3.17442
6.825 30.069 23.621 3.02353
63.530 29.949 24.130 2.68595
3.185 27.723 23.823 2.15572
1.439 29.581 24.154 2.18804
40.820 28.277 24.286 2.55024
16.775 28.348 23.591 2.75175
10.101 29.089 24.255 3.30027
5.165 28.949 24.031 2.89277
4.252 29.217 23.892 2.99206
16.122 29.291 23.453 2.16988
12.602 29.537 23.533 2.22938
5.089 29.285 23.874 2.27173
32.032 29.257 23.507 2.28340
15.003 28.593 23.648 2.49972
12.133 28.729 23.478 3.13196
6.841 28.310 23.746 2.82998
1.277 29.648 23.561 3.21266
6.313 29.537 24.312 3.11202
0.291 30.017 24.143 2.87878
7.802 28.078 23.746 2.80829
7.149 28.380 23.484 3.12048
6.093 27.919 23.730 2.44442
6.894 29.450 24.158 3.40413
8.196 29.466 23.956 3.45577
11.152 28.106 24.045 3.56801
4.507 29.311 23.862 3.61338
2.267 28.538 23.865 3.11691
12.824 28.194 23.608 2.48666
19.226 28.550 23.246 2.72373
25.615 28.931 23.429 3.32785
0.712 28.787 23.498 2.99105
0.008 27.940 23.325 2.76785
0.059 29.080 23.334 3.02579
1.860 28.617 23.312 2.78277
0.941 29.424 23.576 2.68994
1.495 29.614 23.828 2.13957
2.264 27.985 23.224 2.79648
18.806 28.157 23.767 2.62946
7.244 29.394 23.852 3.28981
10.066 29.285 23.596 3.32749
3.266 27.350 23.702 2.46538
1.198 29.759 23.797 2.59388
5.289 30.421 23.141 2.53881
8.976 30.820 23.123 1.80354
2.077 30.372 23.579 2.16369
2.595 29.004 23.534 2.57740
21.903 30.526 23.651 2.60307
6.255 29.444 23.719 2.77628
1.449 28.091 23.580 2.78700
1.595 29.621 23.642 2.36364
58.168 29.893 23.800 1.98988
10.957 28.309 23.767 2.77818
5.432 27.993 23.695 2.43756
1.260 29.587 23.103 2.18588
1.616 29.520 23.728 2.56475
0.361 28.493 23.096 2.09398
10.376 29.684 23.510 1.71119
0.235 29.981 23.586 1.61784
6.672 29.361 23.222 1.56984
23.479 30.000 23.458 1.69030
7.036 29.668 23.094 1.88835
0.020 29.494 22.419 1.27434
0.734 29.865 22.816 1.47542
2.235 30.517 23.772 0.73653
2.698 29.618 22.249 1.13310
0.700 31.687 23.083 0.82805
0.044 32.100 23.488 0.74259
2.487 31.854 23.714 1.08761
0.257 31.627 22.648 1.13664
2.707 31.932 23.412 0.88661
10.194 30.699 23.863 1.41533
0.761 30.669 23.386 0.89224
4.712 31.218 24.100 0.85274
5.164 30.353 23.685 1.33504
14.634 30.240 20.492 2.88028
0.625 30.253 21.173 2.82417
0.902 29.909 23.178 0.91940
0.509 29.728 24.025 1.14747
24.295 30.512 23.378 2.32966
35.002 25.073 18.643 3.65098
4.846 23.646 18.750 2.36614
0.115 25.009 19.622 1.21562
0.044 30.340 21.514 0.81730
0.511 29.772 23.048 1.29038
1.215 29.998 23.654 1.33885
1.992 27.427 23.016 0.98393
7.662 29.841 23.217 0.81619
31.675 28.882 23.117 1.20363
5.877 27.858 22.841 2.43007
0.210 29.030 22.006 1.31691
0.018 30.963 22.373 1.29853
0.062 31.085 22.591 1.68038
5.626 30.479 23.923 0.68915
6.237 29.462 22.768 1.20057
5.219 30.035 23.643 0.51178
14.720 29.643 23.029 0.59134
4.164 30.476 23.739 0.56874
1.291 30.323 23.083 0.52772
1.464 30.542 23.783 0.62258
4.695 29.391 23.285 1.17180
1.851 29.496 22.158 1.21571
0.092 30.350 22.318 1.15800
0.083 30.736 22.552 1.31171
0.888 30.929 23.024 1.34896
0.172 31.302 23.922 0.92021
0.001 32.102 23.454 0.73047
0.009 32.732 23.428 0.65553
0.289 31.088 21.903 1.30922
6.595 30.706 21.920 1.32871
0.547 29.570 21.980 1.62006
19.289 28.594 20.563 2.38296
0.010 28.227 19.505 2.99629
0.114 29.184 19.743 3.91785
0.000 28.270 17.764 3.92503
0.000 27.344 17.467 3.74754
0.000 27.783 17.131 4.15211
0.044 27.355 17.588 4.46852
0.525 27.171 19.014 3.73453
0.060 27.558 18.841 3.61257
0.000 27.472 17.402 3.41838
0.000 27.884 18.062 2.45499
0.000 27.754 18.133 2.44664
0.000 27.890 18.598 1.78351
0.000 28.503 19.565 1.73404
0.000 29.880 20.399 1.42530
0.000 30.644 20.298 1.24819
0.114 31.328 20.812 1.23728
0.040 31.299 21.768 0.82488
0.169 31.433 22.692 0.80109
0.000 32.466 22.341 0.58101
0.000 32.992 22.063 0.99753
0.106 29.478 17.594 3.54622
0.007 29.491 18.146 2.36992
0.000 30.606 19.513 1.47163
0.000 31.265 20.158 1.52109
0.000 31.312 20.031 1.20900
0.038 32.744 21.019 1.18152
0.039 33.033 22.295 0.82075
0.041 32.588 22.098 1.07791
0.031 32.769 22.095 1.11010
0.008 33.698 22.142 0.86241
0.253 34.152 21.881 0.77652
0.002 34.511 22.422 0.63289
0.000 34.791 21.867 1.28147
0.000 34.518 20.978 1.58261
0.000 34.429 20.836 2.52124
0.000 31.274 18.826 4.41308
0.000 31.661 19.030 4.17560
0.000 32.653 19.416 3.37095
0.000 33.339 20.287 2.51910
0.001 33.641 21.852 1.70937
0.000 34.864 20.682 2.65806
0.000 31.483 16.437 4.61227
0.000 30.108 16.111 3.85691
0.000 30.411 15.874 3.45651
0.000 31.510 16.431 2.52891
0.000 32.407 17.724 2.68657
0.000 32.056 17.559 3.07213
0.000 33.307 18.190 2.04627
0.000 34.746 20.265 1.95373
0.000 35.130 20.516 1.52207
0.000 35.657 21.019 1.06049
0.000 36.028 21.183 1.33702
0.000 35.360 21.273 1.00610
0.000 36.089 20.666 1.05272
0.000 36.024 20.974 1.05910
0.000 36.595 21.323 1.32818
0.085 34.592 20.448 1.43479
0.141 33.984 20.969 0.80950
0.000 34.240 20.569 1.20638
0.000 34.422 19.672 1.97620
0.000 34.455 20.250 1.93648
0.000 34.574 21.028 1.58476
0.000 34.784 18.846 2.00918
0.000 35.018 18.767 1.45937
0.000 34.972 18.890 1.23962
0.000 35.537 19.112 1.37691
0.000 35.054 19.280 1.36902
0.000 35.633 19.984 1.11414
0.000 35.936 20.547 2.09215
0.000 34.205 19.171 2.48640
0.000 34.360 20.163 1.95074
0.000 35.323 20.442 1.08256
0.000 36.854 21.451 1.00412
0.000 37.584 22.657 0.71652
0.000 37.868 23.574 0.88515
0.000 37.651 24.618 0.72281
0.000 37.301 24.529 1.65641
0.000 35.302 23.273 2.19637
0.000 35.932 23.315 2.82753
0.000 37.223 22.121 2.90683
0.000 37.232 19.107 2.70944
0.000 38.054 19.730 1.80777
0.000 37.796 19.349 1.51976
0.000 36.583 20.655 1.89249
0.000 36.154 22.636 1.82504
0.000 36.906 22.037 1.65565
0.000 36.983 20.890 1.77008
0.000 37.985 21.673 1.03324
0.000 36.210 18.464 3.44207
0.000 34.496 18.801 3.16859
0.000 35.054 19.437 2.04666
0.000 36.548 21.626 2.39358
0.000 36.735 17.869 4.87257
0.000 34.087 18.328 3.76968
0.000 35.144 18.936 1.86125
0.000 36.987 22.114 1.82828
0.000 37.679 23.303 1.92228
0.000 38.033 23.152 1.96957
0.000 37.891 22.934 1.65631
0.000 38.072 22.170 2.22720
2.395 36.107 18.849 2.97863
0.000 33.726 19.187 2.55137
0.000 32.052 18.740 2.86983
0.000 36.383 19.434 1.29814
10.583 35.685 23.378 1.34451
0.000 35.785 24.026 1.05933
0.000 34.357 24.346 1.10101
0.000 34.541 23.875 1.29163
0.000 36.205 22.933 1.86140
0.000 38.202 23.071 1.94097
0.000 38.924 23.995 2.63370
0.000 38.685 23.997 3.20268
0.000 39.761 24.484 2.88120
0.000 39.781 24.386 2.72665
0.000 40.100 24.527 2.77739
0.000 40.325 25.443 2.52719
0.000 41.034 26.438 2.11109
0.000 37.265 24.472 1.82730
0.000 38.015 24.943 1.88206
0.192 38.616 25.171 1.18620
0.013 39.027 26.190 1.70447
0.268 37.885 25.063 2.10667
0.000 38.459 26.073 1.73167
0.220 37.557 26.017 2.06025
0.013 36.098 25.335 2.13966
0.000 37.891 25.755 1.78111
0.000 38.213 25.752 1.72251
9.422 36.990 26.182 1.50754
1.648 36.051 26.159 1.06513
0.000 37.672 26.282 1.99362
0.000 38.409 25.303 2.51507
0.000 39.517 24.029 3.36468
0.000 40.284 21.542 3.45774
0.000 40.125 22.764 3.21903
0.000 40.612 23.217 2.85093
0.000 40.734 23.765 1.75084
0.000 39.345 25.122 1.76192
0.000 40.521 25.578 2.55570
0.000 40.234 25.906 1.94767
0.000 40.421 26.206 1.53520
0.000 40.845 27.139 1.94811
0.000 39.910 26.952 2.32947
0.000 40.957 26.004 2.80338
0.000 42.348 25.595 2.74206
0.000 41.335 25.405 2.07147
0.000 40.183 26.281 1.51851
0.000 41.272 27.641 2.51282
0.000 40.708 28.782 2.22536
0.000 39.724 27.556 2.54467
0.000 39.873 27.142 1.88976
0.000 39.590 28.178 1.70048
1.178 39.376 27.001 2.32469
0.000 40.152 26.849 2.17564
0.000 40.105 27.087 2.11991
1.087 39.896 28.237 2.17528
4.265 35.183 27.635 1.16796
10.457 36.619 27.344 2.32637
0.325 38.358 26.325 1.92025
0.348 37.408 26.473 1.55248
0.000 38.637 26.500 1.68367
2.913 39.623 26.862 1.35084
0.000 39.313 27.448 1.99880
0.000 38.055 27.411 1.48808
0.000 40.543 28.802 1.43850
0.000 40.232 28.239 1.83390
0.000 41.489 27.388 2.67569
0.000 42.518 26.601 2.60941
0.000 42.906 26.324 2.68784
0.000 43.385 27.584 1.78869
0.000 43.186 29.674 1.55008
2.475 41.908 29.282 1.72576
8.725 37.081 24.682 2.31805
0.000 35.915 25.719 1.21164
2.548 34.221 25.526 1.14372
11.758 36.273 25.228 1.83430
40.277 32.694 25.327 2.01587
0.000 37.439 24.877 1.70443
0.000 39.399 25.586 2.27926
0.000 40.149 26.537 1.97387
0.000 39.441 26.089 2.19426
0.000 39.990 26.784 2.15778
0.525 38.907 26.421 2.46004
0.013 38.628 25.839 2.34852
0.000 40.453 24.350 2.65296
0.000 40.145 24.967 2.64494
0.000 40.341 26.303 2.52805
0.000 40.585 27.269 2.17497
0.000 38.393 27.001 1.65593
67.762 37.641 26.451 1.47423
1.305 38.485 27.301 1.27929
0.005 35.909 26.253 1.50009
0.003 39.170 27.453 1.22579
0.050 40.211 27.951 1.62959
0.003 37.345 26.822 2.01840
0.000 36.336 27.095 1.67859
1.628 35.754 26.257 0.83392
16.303 36.948 26.806 0.89920
0.007 36.525 26.090 1.20856
0.000 38.214 26.979 1.61480
0.020 38.422 26.539 2.51573
0.577 38.261 26.738 2.30208
1.540 34.760 26.484 1.64357
0.115 33.171 25.722 1.43736
0.193 37.331 25.997 2.13627
0.040 38.247 26.105 2.41568
0.128 38.943 27.358 2.30870
0.000 36.345 27.146 2.41603
0.000 37.059 26.836 2.84361
29.327 34.408 26.360 1.96829
17.808 32.521 25.825 1.30533
7.480 32.213 25.301 1.81942
1.648 34.123 25.478 2.30858
11.505 32.566 25.443 2.76436
6.450 31.630 25.390 3.03022
4.767 31.921 24.655 2.79380
2.208 31.695 24.750 3.01755
0.103 33.371 25.493 3.08242
0.000 32.649 25.443 2.89377
0.050 33.373 25.410 2.68912
0.000 34.328 25.660 2.46394
11.593 33.187 25.672 2.07292
19.877 31.170 24.375 2.19304
0.092 33.615 24.957 2.03540
4.465 32.066 24.939 2.73796
0.455 32.056 24.782 2.47942
1.058 33.006 24.734 2.63059
1.010 33.445 24.617 2.38034
0.015 34.537 24.890 1.98966
0.615 33.635 25.467 1.98113
0.000 33.642 25.342 1.38550
0.000 34.485 25.240 1.85974
0.000 35.453 25.743 3.08573
0.000 32.340 25.543 2.77364
7.455 33.173 24.850 2.52178
0.188 32.992 24.986 2.44244
0.052 32.763 25.130 2.11628
0.815 32.445 24.964 2.28648
0.250 32.972 25.266 2.11657
12.675 32.255 24.965 2.55390
91.020 32.322 24.794 1.96829
8.343 32.765 25.224 2.09006
8.278 31.222 24.888 1.98040
1.420 32.517 23.707 1.72251
1.603 31.479 25.101 1.35257
13.690 29.858 24.413 1.69389
9.883 29.779 24.783 2.17228
16.730 29.590 24.227 2.32275
7.275 28.769 23.828 2.40517
17.395 29.460 23.750 1.80522
8.895 29.405 23.158 1.92671
3.118 30.878 23.872 1.58168
0.703 30.614 24.158 2.03391
4.442 30.351 24.405 2.26334
4.693 29.995 24.031 2.11686
0.950 29.896 23.821 2.43884
0.000 30.268 24.239 2.19742
1.623 31.132 23.965 2.07909
10.178 31.555 23.242 2.31514
13.205 31.426 24.226 2.11208
0.920 29.620 23.543 2.05653
0.000 30.714 23.873 1.60736
0.280 31.335 23.770 1.55251
0.000 31.150 24.342 1.61916
0.733 31.955 23.987 1.74907
0.647 33.673 24.826 1.97335
0.625 32.360 24.568 1.87837
0.065 32.168 25.050 2.11253
0.000 30.832 24.236 1.99889
0.080 31.652 23.805 2.69868
0.000 31.740 24.490 2.77130
20.305 30.195 24.437 2.45976
1.965 30.506 24.422 2.09746
0.085 31.307 24.297 1.60719
6.960 31.624 24.224 1.76699
5.405 31.217 24.337 0.77186
0.660 31.374 24.693 1.68693
14.175 32.155 24.660 2.09771
14.298 30.477 23.565 2.03327
1.385 32.153 24.098 2.26487
18.165 32.149 23.864 2.11766
2.252 31.045 23.851 2.07098
2.340 31.250 23.869 1.85415
1.320 31.323 24.738 1.54302
51.567 29.389 23.884 2.39085
3.388 29.755 23.588 2.39403
4.467 30.907 23.979 2.48519
7.248 29.187 23.813 2.53243
4.285 29.686 23.730 2.75713
16.865 29.379 23.495 2.22157
0.000 31.113 23.818 1.66321
1.553 31.212 24.266 1.11667
2.092 31.438 24.383 1.12722
12.570 30.849 24.396 0.77711
35.220 31.766 24.407 0.73285
15.115 31.059 24.134 0.57279
8.265 31.832 24.323 1.03041
2.650 30.398 24.113 1.85984
0.775 30.181 23.641 1.24621
1.765 29.686 23.487 1.33119
1.385 30.830 24.013 1.09747
0.000 30.724 23.848 1.24916
0.120 31.190 23.749 1.49838
1.602 31.247 24.475 1.88452
0.140 32.018 24.232 2.07015
1.750 31.647 25.057 2.04522
0.445 30.360 24.875 1.84116
2.608 31.971 25.109 1.28956
2.003 29.283 23.946 1.53025
4.702 29.226 24.000 1.05268
0.000 29.846 23.633 1.08021
3.640 30.795 23.696 0.75221
3.687 30.915 23.866 1.71647
8.125 29.384 23.719 2.15527
4.103 30.147 23.904 2.13367
2.905 29.943 23.761 1.52851
2.455 30.811 23.519 1.77073
0.445 31.143 24.450 1.91681
11.157 28.163 24.277 2.24687
15.048 27.848 21.743 1.14679
0.438 31.699 23.380 1.15084
9.512 31.143 23.849 1.65426
5.615 31.527 24.671 2.30841
0.000 30.566 24.527 2.22330
11.473 30.161 23.967 0.82393
55.477 31.847 23.895 0.72668
30.995 29.465 23.538 1.12509
1.430 30.647 23.683 1.37203
0.638 29.760 22.574 1.88644
0.125 28.988 22.827 2.07068
5.777 29.676 23.440 1.43602
10.052 28.496 24.183 1.45789
1.565 28.047 23.962 1.49246
5.182 30.932 24.392 1.54642
24.460 29.720 23.275 1.84323
0.335 30.494 22.755 2.69624
0.955 29.828 22.176 3.55867
11.825 30.258 22.627 2.93426
3.542 27.620 21.545 1.59902
4.757 29.394 20.535 1.96555
0.000 29.370 21.746 2.46064
0.407 29.926 20.829 2.55006
4.470 30.335 20.595 2.01162
0.000 30.312 22.019 1.65206
35.720 30.810 23.095 1.17693
8.665 29.776 23.623 1.69266
10.638 30.608 23.870 1.45172
3.028 29.663 23.193 1.59591
0.562 30.807 23.856 1.01441
12.338 31.215 23.672 1.26495
1.475 30.195 23.157 1.15846
0.448 31.161 23.497 1.38626
1.305 29.959 23.067 1.29669
0.000 31.761 23.560 1.26902
0.000 31.565 24.652 1.80723
21.600 28.684 22.776 1.55258
0.010 28.815 22.085 1.53311
0.000 29.103 21.811 2.24412
0.000 30.022 20.878 3.75870
6.157 28.251 20.848 3.79350
0.040 28.876 19.821 3.01542
0.000 29.198 19.754 3.04050
0.000 29.225 18.885 2.21999
0.000 29.758 17.855 1.65246
0.000 30.101 19.164 2.00299
0.000 29.642 19.590 2.22578
0.000 31.596 20.811 0.79869
0.000 31.232 23.452 1.13743
2.190 31.123 22.194 1.09707
0.723 32.132 21.478 1.40781
0.000 31.693 22.412 1.78409
0.010 30.156 22.798 2.25321
0.000 27.578 20.883 2.72802
0.000 29.961 20.321 3.00937
0.000 30.206 20.308 3.36034
0.195 29.450 20.490 3.90747
0.000 30.458 19.861 3.27149
0.025 31.035 20.535 2.40519
0.000 31.459 20.110 2.74949
0.000 31.736 18.656 3.12742
0.000 30.902 17.580 3.34832
0.748 30.954 16.523 2.94261
1.260 31.527 17.385 2.84190
2.345 29.601 20.456 3.08168
0.955 32.909 21.612 2.78320
0.000 32.848 22.064 1.87287
4.555 34.105 22.251 1.59347
18.410 33.527 22.380 1.54054
0.705 33.497 21.947 3.40879
51.742 29.237 19.941 4.90718
3.635 25.027 20.185 4.19570
0.258 26.328 18.456 4.10795
0.038 29.110 18.336 3.52655
0.000 29.123 18.237 2.99901
2.323 29.186 18.569 2.71540
9.987 29.753 19.537 3.04327
0.000 28.593 20.205 1.58778
0.000 27.508 22.244 1.69391
1.305 29.753 22.803 0.86276
0.000 30.864 22.720 0.53373
0.000 31.368 22.925 0.62661
0.000 31.482 22.682 1.05856
0.607 33.151 19.993 2.72546
0.000 31.669 20.427 3.20230
0.000 31.813 20.574 3.38647
0.005 31.458 19.989 3.10737
0.000 30.881 17.131 4.43420
0.000 29.362 15.833 4.13510
2.040 28.708 15.338 4.70866
0.480 27.755 15.725 5.27504
0.000 27.668 14.973 5.48550
0.040 27.523 14.501 4.93954
0.000 26.200 14.957 5.02584
2.277 26.476 15.488 5.69394
0.000 23.777 14.652 4.88504
0.000 27.291 15.056 3.29450
0.000 29.586 16.379 2.51100
0.000 30.851 17.960 2.20482
0.000 31.684 17.910 2.79246
0.000 31.830 18.404 2.57497
0.000 32.259 19.263 2.13242
0.000 32.913 20.648 1.73668
0.000 33.535 20.377 2.10254
0.000 32.799 19.045 2.36630
0.000 32.942 19.173 2.30524
0.010 32.704 19.634 2.37195
0.000 32.189 18.533 2.75627
0.000 33.036 19.161 3.45195
0.000 32.323 18.755 3.43241
0.000 31.982 19.025 2.76563
0.000 33.268 19.631 3.10258
0.000 32.633 20.799 3.12099
0.000 32.163 18.269 3.99868
0.000 30.625 15.119 3.67702
0.000 30.480 14.254 3.48646
0.017 29.772 14.967 2.79039
0.487 30.511 16.213 2.99975
0.000 30.377 16.367 3.25128
0.000 30.217 16.917 1.75657
0.000 30.913 19.158 2.28300
0.045 31.882 18.648 3.36667
0.108 28.344 16.803 3.71252
0.015 29.531 14.722 4.83239
0.000 31.273 15.237 3.14418
0.000 30.665 17.161 4.01456
0.000 28.790 15.042 5.22453
0.000 30.825 15.499 4.26998
0.000 31.330 15.993 3.64016
0.000 33.105 16.809 2.62889
0.157 34.693 19.331 3.02349
0.000 34.169 19.404 4.11496
0.000 33.270 19.704 3.69596
0.000 35.315 20.348 2.19118
0.000 36.423 22.358 1.86171
0.000 36.995 24.341 1.44437
0.000 34.619 24.444 1.67201
0.000 36.274 23.770 1.25811
0.068 36.308 23.458 1.50093
0.015 37.336 24.440 1.63250
0.000 36.438 22.835 2.06115
0.000 36.229 22.495 1.94701
0.000 36.749 22.828 1.36589
0.000 38.097 24.366 0.77011
0.098 37.881 19.462 3.86470
0.000 32.708 16.377 5.60041
0.000 30.603 14.867 4.81912
0.000 30.690 15.610 2.90153
0.000 33.342 17.224 2.92153
0.050 33.094 18.934 3.46732
0.000 33.873 17.636 3.72785
0.000 34.067 18.510 2.42817
0.000 35.926 20.441 1.48469
0.020 34.020 21.712 3.26467
0.000 35.887 21.553 3.71908
0.000 35.187 22.180 2.67052
0.000 35.053 22.055 2.34777
0.000 36.279 20.011 3.22363
0.000 35.657 20.276 2.87858
0.000 36.715 20.703 1.60847
0.000 38.436 22.370 1.80610
0.000 35.643 20.672 3.05311
0.000 35.103 19.604 4.25842
0.000 34.262 19.885 4.02470
0.000 35.381 20.435 2.20872
0.000 36.889 20.923 1.51080
0.000 38.151 22.760 1.33698
0.000 38.175 24.543 1.78697
3.372 38.801 26.136 1.46246
0.000 39.692 22.992 3.15541
0.000 38.444 22.907 2.95075
0.097 36.297 23.776 2.01342
0.000 38.257 25.285 1.47082
1.067 38.359 25.994 1.32873
1.388 36.975 25.799 1.42173
1.535 37.742 25.632 1.59868
0.000 39.094 25.705 2.21418
0.000 39.581 25.744 2.09508
0.000 40.448 24.048 2.40754
0.000 40.367 25.136 2.31588
0.000 41.328 26.745 1.98106
0.000 40.799 27.536 1.98363
0.000 36.100 25.053 2.32207
0.000 37.299 25.750 2.08544
0.732 37.516 26.101 1.92385
23.270 34.680 24.445 1.50686
0.000 36.573 25.412 1.41263
0.000 38.020 25.004 2.86600
0.000 38.234 25.285 3.11472
0.000 39.677 25.315 3.10608
0.000 40.240 26.278 2.79425
3.240 33.879 25.792 1.78067
16.248 28.186 21.869 2.18146
0.120 36.077 22.582 2.00819
3.205 34.626 23.922 1.38389
33.918 34.643 24.301 1.11592
0.000 35.295 25.567 1.48371
12.877 33.675 25.082 1.23505
4.810 30.822 24.505 0.93594
0.000 29.033 20.503 1.69546
0.000 33.175 21.511 2.08440
0.000 31.169 23.366 1.03942
0.000 35.558 24.474 1.06753
0.000 38.067 24.241 1.25606
0.000 36.640 24.369 1.37697
0.100 37.291 24.468 1.58086
1.385 34.370 23.676 1.87013
0.100 33.369 24.344 1.04958
0.468 34.940 25.421 1.08973
0.000 35.741 25.173 1.14515
0.478 36.379 26.071 1.09647
4.125 34.335 24.934 1.38770
0.573 32.364 24.864 0.84538
9.443 31.708 24.588 1.69625
30.515 30.368 23.895 1.49403
21.965 31.756 23.734 1.51137
19.120 32.626 24.917 0.74744
0.508 29.696 23.781 1.15314
0.045 31.898 24.738 1.42446
18.690 30.625 24.844 1.48227
0.643 33.224 24.840 0.58227
13.232 33.639 25.312 0.87032
0.000 30.912 24.546 0.97723
20.628 30.864 23.921 1.72819
3.453 29.296 23.180 1.68508
0.120 31.722 23.535 2.21218
0.000 32.833 23.911 1.85912
15.405 33.216 24.532 1.19452
6.293 29.383 23.403 1.39227
0.000 28.508 19.833 2.91005
0.440 31.099 20.881 2.55259
0.372 28.945 21.917 1.17040
11.498 32.117 23.856 0.86503
12.272 30.922 23.873 1.11012
1.705 28.672 22.350 1.15163
1.642 31.256 23.868 1.33664
0.455 31.204 24.057 1.71855
0.650 30.714 23.963 1.50426
0.310 30.443 23.541 1.90709
0.440 31.069 23.343 2.15704
0.378 31.294 24.347 1.64279
20.913 29.081 21.860 1.92353
25.657 30.017 22.473 1.25878
3.612 30.701 23.808 1.34023
3.218 30.699 23.777 1.24911
3.117 29.729 23.470 0.99908
0.795 30.282 23.527 1.54145
4.733 30.541 23.866 1.54956
3.218 29.969 23.908 1.46232
0.682 30.255 24.024 1.33939
11.785 30.155 23.493 1.28404
9.147 30.672 23.560 1.73969
10.410 29.426 23.024 2.35476
0.208 30.699 24.068 1.76745
0.465 29.829 23.475 1.76582
0.000 30.463 23.767 2.14212
0.048 29.415 23.938 2.17867
6.983 29.126 23.389 1.91899
6.745 29.155 23.426 1.34372
3.087 29.669 23.774 1.64444
42.985 29.622 23.726 2.43545
1.550 29.173 24.026 2.50742
12.253 30.070 23.822 2.62873
0.128 30.429 23.923 2.76334
1.040 30.540 23.777 2.87877
2.850 30.772 23.945 2.93352
3.338 26.949 23.462 2.43038
25.735 28.920 23.715 2.41801
0.075 30.278 22.737 3.14985
1.035 30.576 23.550 3.12166
10.230 28.622 23.539 2.62702
21.015 28.525 23.422 1.85431
2.837 28.177 23.584 1.88067
1.365 28.314 22.991 2.17172
0.002 30.022 23.594 1.97654
0.000 30.378 24.429 1.97417
5.610 29.018 23.391 1.75750
0.085 29.434 23.634 1.85326
76.710 28.948 23.412 1.75879
0.822 28.594 23.430 1.84655
15.612 29.286 23.744 2.18697
26.853 28.090 23.568 2.41586
0.000 29.405 23.075 2.56648
0.003 29.929 23.278 2.61804
0.193 29.221 22.536 2.62577
0.000 29.556 23.246 2.58335
2.597 28.226 23.252 2.08499
1.447 28.465 23.538 1.79403
55.405 26.658 22.910 1.61022
0.212 29.111 23.331 1.57327
2.335 30.412 23.380 1.08585
0.000 31.494 24.560 1.65677
0.000 30.093 24.006 2.25464
0.095 28.986 23.729 2.24888
12.152 28.727 23.721 1.97098
45.715 28.578 23.697 1.90215
22.657 28.605 23.938 1.56963
4.238 28.177 23.346 1.88980
0.530 28.393 22.860 2.02694
0.000 30.408 23.247 1.74515
0.120 30.274 23.738 2.26897
0.500 29.417 23.704 2.63471
11.610 29.779 23.723 2.78438
2.595 29.747 23.736 2.78285
2.597 29.950 23.959 3.00078
0.000 28.585 23.837 2.75049
2.550 28.644 24.215 2.01253
1.487 28.220 24.215 2.18204
0.072 28.970 23.768 2.48561
0.000 29.673 23.877 2.21962
0.023 29.074 23.780 1.79204
11.258 29.315 23.665 2.28663
0.000 29.903 23.758 2.44014
0.000 28.910 23.313 2.71063
3.100 28.175 23.706 2.93813
18.005 29.504 23.958 2.79936
23.830 27.357 23.789 3.37749
5.405 27.493 23.330 3.93834
5.380 27.604 23.371 3.36017
10.253 29.773 23.706 3.13381
3.895 29.478 24.102 2.94027
34.803 29.460 24.201 3.29265
23.300 28.703 23.625 2.82778
10.060 28.157 23.500 3.24237
0.382 28.322 23.177 3.22496
5.735 27.816 23.249 3.34633
0.273 28.454 23.344 3.99631
2.668 27.177 22.990 3.49885
3.235 29.071 22.962 3.57858
2.658 28.463 22.819 3.51598
0.003 28.470 23.580 3.17211
1.282 30.196 23.670 3.22029
5.540 28.352 23.765 2.68431
19.763 28.401 23.434 2.41257
9.297 29.599 23.257 3.08373
0.787 29.242 22.989 2.79904
0.102 29.677 23.129 2.80069
0.412 28.831 22.636 2.09261
3.995 29.551 22.881 1.95969
1.535 28.672 22.918 1.49194
10.090 28.991 22.876 1.38953
9.303 29.138 23.302 1.43669
0.935 29.115 23.385 1.06418
0.000 30.981 23.243 0.82081
1.335 31.559 24.054 1.59674
0.365 30.460 24.258 1.55412
8.995 29.590 24.213 1.32370
9.012 27.904 23.728 1.76372
0.460 29.815 23.383 1.08394
8.882 28.874 22.981 1.40503
0.400 29.682 23.319 1.14985
4.932 28.487 23.112 1.49426
0.028 28.717 22.824 1.64402
0.935 28.199 22.816 1.41398
3.478 30.088 23.064 1.64009
0.858 28.977 22.838 1.24623
3.570 30.496 22.625 1.03096
0.000 31.071 23.363 1.24075
2.640 30.938 23.472 1.29824
59.305 30.528 24.116 0.93418
0.530 28.224 22.268 1.64580
21.040 28.462 23.257 1.40122
1.507 28.555 22.565 2.04226
6.428 30.018 23.311 1.86060
16.277 29.155 23.034 2.00001
6.715 29.279 23.168 1.70610
0.955 28.645 22.809 1.92206
0.000 27.221 22.712 2.44070
0.055 29.834 23.556 2.51226
1.352 28.138 23.661 2.60261
4.035 29.201 23.465 2.22201
0.790 29.283 23.548 2.55465
2.335 29.004 23.317 2.16412
7.612 29.645 23.456 1.89294
16.725 28.584 23.571 1.25891
7.045 28.340 22.577 1.26243
4.965 29.699 23.609 1.34690
0.982 29.257 23.689 1.04970
3.233 29.267 23.492 1.14140
2.410 29.792 22.866 1.19195
17.832 28.580 23.199 0.62168
0.020 29.446 22.937 0.72033
35.735 27.936 21.965 1.67412
5.630 30.076 22.618 1.47093
13.865 29.787 22.364 1.34003
7.495 29.199 23.272 1.19165
10.120 27.281 22.710 1.32930
21.287 28.626 22.171 1.10948
1.843 29.216 22.195 1.08902
0.482 30.084 22.403 1.64440
0.290 30.347 22.623 1.57834
0.000 29.579 22.274 1.28585
8.922 31.186 23.047 0.72186
1.030 31.385 23.468 0.96434
20.835 28.146 22.552 0.94411
1.142 30.955 22.928 0.67771
1.420 30.312 23.036 1.52182
2.445 29.809 22.958 1.96592
3.287 29.601 22.411 1.12912
10.345 30.337 22.268 1.14792
9.567 29.241 22.422 2.00138
0.000 29.145 20.067 3.63017
3.465 28.417 17.534 3.56775
10.055 26.788 18.217 2.87158
0.000 25.014 18.178 2.00328
0.000 29.128 19.218 1.23565
1.260 29.748 22.674 2.27322
4.860 30.013 21.469 3.68462
5.357 27.732 21.914 3.16342
7.693 27.754 23.162 2.51015
1.190 29.291 22.593 1.55776
0.167 29.555 22.796 1.21458
12.542 29.571 22.061 1.06689
0.483 29.414 22.727 0.97670
0.923 28.555 22.910 1.01137
0.977 29.708 23.451 1.33793
15.045 29.250 19.619 3.32774
18.428 27.152 18.187 4.53424
2.223 26.389 18.369 3.82910
0.802 26.495 19.052 4.00890
9.830 26.027 19.888 3.65756
0.235 25.414 19.908 2.10276
0.000 30.068 21.073 0.84502
3.060 30.267 23.298 0.63375
2.500 29.146 22.215 0.99294
0.000 29.817 22.344 1.16209
0.000 30.082 23.001 1.01628
2.305 30.642 23.946 0.73553
4.670 29.916 22.551 0.73688
0.000 29.634 21.396 2.12908
0.000 29.165 19.874 2.35044
0.000 25.839 19.079 2.61855
0.000 27.240 18.309 3.48514
0.000 26.787 17.275 3.11396
0.032 26.619 16.661 2.85964
0.000 26.714 16.388 2.88334
0.295 27.239 17.123 2.53426
0.450 28.154 19.574 2.24471
0.107 28.748 21.144 1.79845
1.677 29.479 19.880 2.07364
0.000 29.599 19.764 1.55183
0.000 30.038 20.168 1.64882
0.000 30.169 20.910 2.21067
0.000 28.217 18.692 3.58104
0.010 25.969 15.726 3.98527
0.000 26.245 14.948 3.81746
0.000 26.515 14.950 3.90091
0.503 26.510 15.424 4.14419
0.963 27.489 17.315 3.61629
0.628 27.387 18.787 3.35382
0.000 26.747 16.795 4.09684
0.290 25.574 14.983 3.74581
0.000 26.737 14.717 3.86387
0.020 26.840 14.281 4.21469
0.005 25.701 13.468 3.78178
0.285 26.752 14.025 2.95440
2.785 27.163 17.128 2.94372
0.467 26.796 17.728 3.05149
0.000 29.545 18.576 3.40410
0.000 29.226 15.980 4.20632
0.153 28.238 16.099 3.64481
0.000 29.201 16.566 3.11335
0.000 28.067 17.566 4.00950
0.000 26.685 15.127 4.43079
0.003 26.482 15.282 4.60500
0.000 26.581 12.539 4.78887
0.000 26.624 11.406 5.40995
0.000 22.864 8.061 5.28139
0.000 22.526 7.186 4.27977
0.000 21.859 6.991 3.93191
0.000 23.022 7.691 3.21591
0.000 24.214 8.771 2.70970
0.000 26.401 10.491 2.46968
0.000 28.932 13.550 2.69050
0.000 29.795 16.497 2.07281
0.000 32.632 18.855 2.38327
0.000 33.235 18.539 2.12530
0.000 33.494 18.950 2.51089
0.000 32.832 19.580 2.78863
0.000 32.453 20.232 1.69320
0.000 33.229 21.096 1.20413
0.000 34.967 19.767 1.58892
0.018 35.008 20.754 0.80217
1.222 34.593 21.763 1.01795
0.000 33.052 21.959 0.95418
0.000 34.804 22.076 0.68402
0.000 35.746 20.715 1.13123
0.000 35.658 22.158 1.10457
3.330 35.226 23.431 1.23570
0.000 34.400 23.497 0.76147
0.000 35.605 22.459 0.88445
0.000 35.560 21.530 0.69758
0.000 35.837 22.361 0.71413
0.000 34.337 22.497 1.48155
0.645 28.569 16.553 3.41197
11.622 23.727 15.162 3.78158
0.000 29.131 15.368 2.92472
0.097 31.275 17.399 2.44259
0.270 32.130 17.865 2.24636
0.000 33.259 19.181 1.91849
0.000 33.068 21.014 2.72822
0.000 33.120 17.110 4.52364
0.000 30.213 13.873 5.51858
0.000 28.667 12.387 5.18225
0.000 29.985 13.095 3.62695
4.415 31.377 14.961 3.97304
0.053 31.322 15.112 4.48082
0.000 30.993 12.345 5.27710
0.000 28.812 12.570 4.56066
0.000 30.057 13.310 3.12733
0.000 30.907 14.421 2.49391
0.000 32.990 15.753 2.55225
0.000 33.813 17.784 3.35310
1.173 33.558 15.694 3.47455
0.000 31.784 15.583 3.31944
0.000 32.711 16.264 2.58213
0.000 33.130 17.173 1.58766
0.000 34.554 17.620 1.27641
0.000 35.841 19.266 1.14885
0.000 36.353 20.595 1.13997
0.000 37.013 22.240 0.97234
0.000 37.723 23.341 1.31466
0.000 36.106 22.888 1.72605
0.010 36.471 22.019 1.70857
0.000 36.949 23.220 1.72196
0.490 36.990 24.893 1.86185
7.460 34.336 24.207 1.63727
2.860 33.561 24.464 1.21450
3.062 33.008 24.349 1.03730
0.068 34.400 24.249 1.71834
0.025 33.753 24.693 1.24412
11.647 33.148 23.769 1.35318
0.800 30.582 16.283 3.50219
0.060 26.413 14.133 4.64774
0.000 32.272 15.091 2.59745
0.122 34.660 18.319 2.51578
0.000 30.979 18.235 3.50307
0.000 31.683 17.853 3.36240
0.000 32.978 18.680 2.23166
0.000 34.450 21.048 1.49749
0.000 32.318 22.876 0.96602
0.000 37.460 24.163 1.13436
0.000 37.705 24.651 1.25445
0.000 37.101 25.040 1.35383
0.000 37.350 25.208 2.01974
0.153 32.392 24.045 2.23284
0.000 36.862 23.873 2.38129
0.000 37.390 23.283 2.54859
0.000 38.012 21.472 2.00480
3.210 38.425 22.406 1.42327
0.260 38.431 24.219 1.85283
0.003 33.371 24.760 2.04770
0.000 37.482 24.532 1.79119
0.000 38.802 25.981 2.14909
0.000 37.596 25.475 1.86726
0.275 36.421 25.928 1.50863
7.558 37.634 24.965 1.51354
0.795 38.817 26.470 1.42634
0.000 39.024 26.455 1.99862
0.000 38.807 25.058 2.05508
0.000 38.231 23.186 3.66460
0.000 35.762 22.434 4.30485
0.000 36.987 21.794 4.45483
0.000 36.165 22.907 2.72360
0.000 38.898 23.901 2.12000
0.000 39.005 25.066 1.71508
0.000 39.236 25.629 2.37501
0.258 36.530 25.915 2.78658
0.000 36.487 25.959 2.83293
0.000 40.474 26.790 3.25106
0.563 38.002 26.842 2.00111
0.000 35.850 26.335 2.21857
5.642 34.837 25.103 1.83720
0.000 32.275 24.748 1.22891
0.008 38.349 25.688 1.68211
0.020 38.062 26.525 1.09928
0.210 38.535 25.128 2.38992
52.437 28.479 24.089 2.22075
1.450 31.986 24.107 1.92247
22.382 29.496 23.318 1.71688
5.068 29.057 23.048 1.52193
0.250 32.630 23.526 1.59116
0.953 31.520 20.604 2.20199
6.135 32.070 21.164 3.26062
24.960 32.196 22.073 1.38359
0.408 34.365 24.549 0.65652
4.115 32.178 24.417 1.24202
8.733 29.868 24.317 1.07187
34.380 31.841 24.741 0.79442
16.760 28.863 23.893 0.76137
1.937 32.467 23.632 1.59497
0.003 31.065 23.886 1.74244
0.000 32.060 24.360 1.84476
0.000 31.382 23.957 1.63970
13.813 31.992 24.304 1.49892
0.015 30.428 24.121 1.20464
0.187 31.073 23.773 1.28664
0.113 31.116 24.039 0.88666
4.145 31.847 24.520 1.25403
3.800 30.640 23.590 0.94707
6.753 32.439 23.397 0.95429
1.598 31.347 24.332 0.91473
0.202 31.587 22.892 0.82659
0.223 32.426 23.298 0.86126
6.590 31.830 24.221 1.45918
0.050 31.399 24.187 1.65344
2.170 30.441 24.271 1.96832
0.095 30.512 24.522 1.95066
31.180 30.069 24.228 2.17273
17.155 29.118 24.419 1.81076
13.187 29.348 23.807 1.90426
1.788 29.804 23.687 2.27681
10.785 28.024 24.163 2.05587
0.065 29.881 24.247 2.68563
6.890 30.824 24.543 2.49688
0.408 29.715 24.691 2.28124
7.625 29.005 24.363 1.74280
10.880 29.890 24.277 2.46944
40.885 29.315 24.129 1.90551
8.395 28.453 23.684 1.60194
50.167 29.768 24.071 1.67329
11.977 29.916 23.841 2.35506
0.562 31.000 24.255 2.38406
0.160 28.900 23.950 2.37032
0.147 29.784 23.782 1.86534
2.700 30.273 24.555 1.47209
8.340 30.881 24.543 1.39407
3.155 29.115 24.067 1.48976
15.393 30.477 23.815 1.84523
7.892 29.355 24.101 1.66063
6.732 27.934 23.410 1.73239
0.565 30.623 23.489 1.82959
0.665 30.235 23.462 1.56728
0.025 29.939 23.247 1.16621
6.200 30.064 23.948 1.60243
0.000 30.113 23.676 2.16267
0.930 30.203 23.960 2.48333
7.307 29.320 23.467 2.68557
10.415 28.945 23.537 2.56344
0.025 29.746 23.343 2.83914
0.565 30.037 23.686 3.05302
2.003 28.447 23.822 2.42263
77.553 28.376 23.796 2.41928
45.760 28.999 23.931 2.38666
9.982 29.208 24.069 2.57564
25.650 27.664 23.579 2.28043
2.733 29.766 23.965 1.74364
16.328 29.416 23.979 1.91282
0.578 28.844 23.505 1.77308
0.943 29.589 23.800 2.11606
36.025 28.656 23.750 1.80669
7.610 28.217 23.047 2.47347
9.520 27.795 23.159 2.44777
2.610 28.178 23.355 2.29644
12.177 27.723 22.614 2.04194
5.355 29.152 22.934 2.13610
0.380 29.870 23.378 1.52778
0.205 29.469 23.528 0.97694
4.273 30.035 23.551 0.69922
44.010 29.007 23.681 1.35554
2.295 28.088 24.130 1.02808
6.295 29.427 23.798 0.94051
20.240 30.454 23.836 1.44015
47.420 29.484 23.973 1.88207
6.942 26.869 22.889 2.29823
1.538 28.751 23.657 2.96900
0.965 28.489 23.446 3.28167
6.532 28.694 23.479 3.23881
20.685 26.865 23.352 3.36338
13.233 27.911 22.408 3.84788
1.300 25.721 22.083 3.25005
0.000 29.352 22.588 3.15853
1.500 29.423 22.981 3.08659
5.290 28.811 23.990 2.67018
30.522 27.334 23.378 3.21764
2.947 27.078 22.328 3.12702
5.788 27.488 22.799 2.67809
14.775 29.034 23.460 2.71752
1.595 28.451 23.061 2.46445
2.430 28.232 23.114 2.14682
3.212 29.319 23.253 2.06644
0.660 29.278 23.847 2.02363
1.200 28.381 23.639 2.00984
26.693 28.077 22.944 2.04615
8.905 28.387 23.392 2.39250
1.912 29.383 23.086 2.69002
17.475 28.476 23.693 2.34400
0.513 28.883 23.358 2.23190
0.150 29.604 23.584 1.92346
2.625 29.525 23.834 1.91352
0.778 28.716 23.280 2.34208
0.095 29.908 23.735 2.52747
0.948 28.358 23.292 2.57609
0.023 28.850 23.533 2.55764
0.643 28.875 23.087 2.05172
0.167 28.726 23.347 1.78159
20.832 28.114 23.274 1.03458
22.618 27.999 22.981 1.52191
8.230 29.680 23.238 0.80070
0.445 29.478 23.093 1.13915
0.000 30.113 23.486 1.86290
13.177 30.285 23.284 2.28802
0.293 30.023 23.239 2.47573
7.377 29.396 23.082 2.58854
0.000 30.342 23.475 2.62307
0.277 29.900 23.767 2.33936
13.525 28.518 23.626 2.04994
32.112 28.904 23.392 1.36399
0.287 28.358 22.591 1.76126
26.345 30.756 23.745 1.45810
44.242 30.794 24.384 1.97570
98.138 27.828 22.853 4.36633
74.855 26.616 23.250 5.11708
0.035 27.254 23.517 3.78855
0.645 28.944 24.132 3.01329
5.120 29.019 24.146 2.61671
25.457 29.123 24.097 2.36351
0.180 28.891 24.021 2.84174
0.155 28.015 23.754 2.96335
4.070 26.977 23.801 3.14560
9.020 28.712 23.822 2.84105
2.715 26.756 22.841 2.78859
0.667 27.554 23.263 2.77373
19.332 28.753 23.266 2.44909
8.940 28.044 22.918 2.24239
2.597 27.053 23.051 2.71121
27.112 28.140 23.167 2.27805
2.430 28.457 23.654 2.08360
26.358 28.021 22.829 1.34291
8.693 28.349 23.640 1.48211
5.213 27.132 23.011 3.36488
3.387 27.403 23.306 2.82693
1.348 27.254 23.187 1.61644
7.002 28.941 22.903 1.32333
0.155 29.687 19.754 2.05359
0.000 29.170 18.732 2.18162
0.000 29.028 20.245 1.74221
0.000 29.937 21.101 1.41481
0.153 30.684 22.392 1.09959
7.005 28.552 22.373 1.30538
3.112 30.401 22.672 1.24793
6.250 30.326 22.480 1.53241
27.743 30.364 22.875 1.21083
0.000 30.132 23.414 0.89253
0.048 29.618 22.920 1.48638
0.000 30.534 23.137 1.21625
0.085 30.558 23.525 1.13150
17.765 29.142 23.230 0.98960
1.060 29.107 22.393 1.22689
1.038 30.352 23.100 1.13657
15.155 28.405 22.436 1.09020
11.038 29.452 22.804 1.39783
0.077 30.869 22.062 1.39376
0.225 30.444 22.562 0.94226
2.420 29.725 23.800 0.73966
0.547 29.196 22.299 0.83574
0.107 30.331 22.321 1.12927
0.002 30.241 22.940 1.61754
0.000 30.472 22.820 1.64518
1.788 30.598 23.415 1.48147
14.422 28.964 23.559 1.69832
22.168 28.921 23.898 2.13779
32.928 27.901 23.836 2.29053
0.615 27.173 20.287 2.26855
1.075 28.579 17.631 2.54048
0.000 27.500 18.671 2.09722
0.010 27.538 19.604 2.47639
1.122 29.474 20.192 3.28779
2.087 28.365 20.715 2.54514
0.105 29.014 21.305 1.63675
0.000 29.263 22.706 1.49101
15.035 30.889 23.721 0.91011
10.073 27.361 23.369 1.31564
0.315 28.744 23.285 1.13349
0.008 31.104 22.761 0.98739
0.943 30.889 22.300 1.56181
1.597 30.590 22.410 1.92549
0.013 30.370 23.388 1.92111
3.075 30.268 23.016 1.99471
0.000 29.581 19.240 3.38766
0.000 28.116 18.897 2.45873
0.000 27.830 16.911 3.28569
0.000 25.616 13.845 3.89772
0.000 25.406 13.919 3.17010
0.000 25.205 14.128 2.30097
0.000 26.366 13.327 2.36485
0.000 25.743 13.386 1.76223
0.000 28.126 14.683 0.93740
0.000 28.147 14.619 1.53378
0.000 28.305 15.701 1.88148
0.000 28.877 17.387 1.60473
0.000 29.139 19.188 2.37649
0.000 29.478 19.779 3.13972
0.000 28.592 17.647 4.04277
0.000 27.583 17.982 3.59563
0.000 29.390 18.714 3.28507
0.000 30.274 19.417 3.68974
0.822 28.942 19.811 4.27744
0.000 29.059 18.170 4.08943
0.000 29.083 18.618 2.56723
0.000 30.621 21.301 2.25400
0.000 27.586 15.615 4.89247
0.000 25.651 14.567 3.99028
0.045 27.582 15.156 3.15621
2.268 29.170 17.156 2.58559
0.000 30.200 19.905 2.02680
0.000 31.116 21.672 1.48019
0.000 31.411 21.122 1.71883
0.000 32.410 22.047 2.39039
0.000 32.847 21.038 2.74430
0.000 32.578 20.955 1.64582
0.000 33.386 21.896 1.28700
0.000 32.988 22.396 1.17331
0.005 33.145 19.281 2.18513
0.000 31.922 16.727 4.15872
0.000 29.333 15.840 3.18491
0.000 30.583 16.456 2.60161
0.138 31.513 19.033 2.64966
0.015 31.296 20.984 3.45881
0.000 31.926 20.583 2.63100
0.120 30.141 20.898 1.50649
0.000 33.508 21.103 2.72003
0.000 33.384 20.478 3.13518
0.000 33.390 20.104 3.91289
0.000 29.080 17.535 4.05680
0.000 30.053 17.903 2.99955
0.000 32.458 18.440 2.43864
0.000 33.818 20.328 3.16806
0.000 33.624 20.028 2.87515
0.000 34.520 20.332 2.06489
0.000 34.479 21.490 1.67624
0.000 33.509 20.373 3.21606
0.000 30.254 17.245 4.24137
0.000 31.678 16.139 3.43103
0.000 30.464 14.666 3.94590
0.000 29.945 14.156 3.18868
0.000 30.737 14.901 2.92407
0.000 32.382 17.355 3.02605
0.000 32.904 18.645 3.17092
0.000 33.055 20.255 3.30343
0.000 32.814 20.488 2.19310
0.000 34.015 20.073 3.15963
0.000 32.329 16.025 4.07746
0.000 31.542 15.971 2.30626
0.000 31.712 17.095 1.62856
0.000 33.239 18.543 1.67699
0.000 33.071 19.785 1.82312
0.000 30.495 21.288 1.63294
0.000 30.093 21.653 0.86110
0.000 34.054 22.710 1.12442
0.000 34.592 22.357 1.22683
0.000 34.652 22.953 0.98672
0.000 33.955 21.441 1.96778
0.035 33.811 22.724 1.50794
0.000 33.992 23.099 1.62926
0.000 34.923 21.347 2.34125
0.000 29.052 21.210 1.62505
0.000 32.629 18.976 3.53574
0.000 32.294 19.250 4.36938
0.000 33.575 19.601 3.02636
0.000 33.796 20.182 1.90179
0.000 34.958 22.618 2.05778
1.350 35.785 22.887 2.25948
0.000 36.230 23.734 0.90979
0.000 36.728 24.778 1.01940
0.000 38.155 24.601 1.50139
0.000 37.699 24.259 2.21906
0.000 37.242 24.114 2.36000
0.000 38.378 24.283 1.71781
0.010 37.443 23.281 1.55932
0.000 26.786 17.263 4.39339
0.000 31.777 17.856 3.50233
0.028 34.730 18.649 2.09944
0.000 36.126 20.778 0.99668
0.000 36.512 22.267 0.85441
0.000 36.417 23.178 0.95398
0.000 36.649 23.839 0.93339
0.000 37.893 21.700 1.88577
0.000 37.384 21.906 1.19079
0.000 37.702 23.258 0.85636
0.000 37.847 22.593 2.74557
0.005 36.511 21.931 2.82582
1.132 36.616 20.123 3.68642
0.000 34.659 18.060 4.07759
0.160 35.622 18.572 2.62274
0.000 35.021 20.363 3.18460
0.000 37.206 19.752 5.06119
0.000 31.187 16.123 5.50154
0.000 33.468 16.295 4.47351
0.000 32.567 15.996 4.49755
0.000 33.795 16.947 2.52455
0.000 35.786 18.646 1.70410
0.000 37.328 20.573 1.45938
0.000 36.515 23.339 0.97924
0.000 37.507 24.189 1.04588
0.000 36.351 24.512 1.61337
0.000 36.144 24.712 2.08632
0.000 37.910 23.701 2.26952
0.000 38.332 23.200 2.10523
1.342 37.285 24.235 1.72408
0.000 33.373 24.200 1.72039
0.000 38.328 21.690 3.19270
0.000 37.448 20.175 3.23817
0.000 38.354 21.324 1.60708
0.000 39.685 21.912 3.34062
0.005 36.955 21.448 3.99171
0.060 37.416 22.630 1.38052
0.000 39.127 24.817 1.38274
0.003 39.221 26.949 2.27855
6.632 34.902 24.605 2.87152
2.370 33.426 22.702 2.89068
0.943 30.225 21.695 2.32168
0.853 32.773 22.252 2.54565
0.943 29.977 20.444 2.82408
0.000 31.819 21.275 1.83072
0.000 32.561 23.601 1.05553
0.060 36.808 24.997 1.72407
0.932 36.199 24.875 1.84291
8.980 37.155 25.916 1.25316
5.685 28.171 23.660 1.38295
6.000 31.976 23.730 1.59708
23.717 32.818 24.260 1.53287
22.050 28.395 23.166 1.43931
0.000 32.815 23.526 1.64736
0.115 33.715 24.222 1.73389
0.003 34.426 24.585 1.94216
3.753 34.356 23.648 2.40655
0.002 33.453 23.768 2.32315
14.800 33.739 23.675 3.03239
0.000 37.232 24.382 1.96861
1.760 35.498 21.358 3.18097
0.082 35.887 22.704 1.08656
8.663 34.750 24.245 1.25543
5.140 34.533 24.091 1.73232
0.000 34.912 23.692 1.81447
0.003 37.038 25.081 1.59727
0.000 37.466 25.688 1.57940
0.000 33.948 25.570 1.62551
0.000 35.134 25.733 1.33271
0.000 36.828 25.958 1.88833
0.000 37.838 24.676 2.53148
0.000 39.041 24.811 2.45190
0.000 41.008 25.192 1.58184
3.503 37.584 21.356 3.52653
0.000 34.433 22.330 1.35577
0.203 38.280 25.378 1.21788
0.008 35.706 25.257 0.83694
0.000 36.671 25.483 1.10902
4.760 36.194 25.575 1.03485
0.000 37.619 25.994 1.88434
0.000 37.898 25.987 2.84421
0.000 39.604 25.737 2.87290
0.000 40.659 25.927 3.32161
0.000 40.856 25.792 3.25629
0.000 40.052 27.756 2.15033
0.405 34.793 25.904 1.70749
5.345 37.669 26.485 0.91253
1.748 34.844 24.040 1.48761
5.515 35.290 24.993 0.89308
1.675 36.250 25.681 1.12950
0.000 36.616 25.796 2.45740
2.070 34.410 25.503 2.11986
0.428 36.534 25.256 1.91801
0.008 35.644 25.356 1.82844
0.222 36.031 25.514 1.60288
2.832 33.685 25.181 1.18018
9.692 32.342 24.445 1.26062
6.830 34.463 24.928 1.01465
2.620 36.205 25.324 1.37512
0.000 38.687 25.783 2.36074
0.025 38.237 25.608 2.72226
0.000 38.906 25.582 2.54472
1.705 34.791 23.750 2.63430
11.790 31.524 22.631 2.00473
0.000 32.572 23.704 1.52015
3.707 34.543 24.796 1.02692
31.925 34.600 25.546 1.35898
60.620 29.858 24.262 1.96580
12.150 28.991 24.577 2.23191
3.375 29.124 23.758 2.58825
3.247 31.170 23.979 2.65245
5.875 31.523 24.352 2.57672
0.000 30.759 24.132 3.22575
2.110 31.783 24.412 3.27289
0.000 30.519 24.713 2.55168
1.880 29.950 24.520 2.71314
0.560 30.467 24.286 2.67798
0.000 32.001 24.242 2.65874
5.405 30.236 24.169 2.15618
17.628 30.259 23.779 1.83831
0.190 30.411 24.008 2.77437
1.853 30.456 23.941 2.88848
0.235 31.178 23.327 2.33742
1.002 30.866 24.087 1.97490
0.130 31.971 24.695 1.20870
16.950 28.949 23.907 1.05705
0.402 30.508 23.579 1.02044
16.020 30.831 23.624 1.41432
15.600 30.266 24.283 1.47184
11.477 29.010 23.766 1.39937
9.993 29.662 23.573 1.21218
1.575 30.224 23.754 2.35315
12.063 30.146 23.775 2.25878
8.447 29.128 24.073 1.79750
1.868 30.149 23.922 2.15033
1.810 30.635 23.523 2.47013
2.312 30.619 23.537 2.67906
6.508 29.235 23.569 3.17518
0.000 31.250 23.504 2.97851
0.000 31.158 23.330 2.34023
0.390 31.719 23.981 2.39499
0.000 31.713 23.859 2.73643
0.532 31.319 23.436 3.03667
0.000 30.668 24.262 3.02513
19.023 29.591 23.788 2.69778
13.852 29.515 24.313 2.62770
41.180 28.457 24.182 2.73755
31.890 28.912 23.824 2.82008
3.295 29.303 23.722 2.80893
24.625 28.364 23.713 2.49455
16.193 28.692 23.641 3.01542
3.088 29.631 24.035 2.94024
17.047 28.265 23.720 1.99415
10.533 28.447 23.700 2.69412
7.847 30.031 24.038 3.07499
4.615 28.988 24.021 3.42671
5.207 29.905 23.975 3.57716
0.173 28.923 23.864 3.32957
1.225 28.824 23.786 3.29972
0.525 30.178 24.332 3.34625
5.647 27.686 23.696 3.52942
15.480 28.219 23.594 2.45892
3.495 28.885 22.579 1.23577
0.380 30.800 23.448 1.47050
14.060 31.561 24.103 2.08331
1.173 28.099 23.369 2.47410
0.930 30.203 23.758 2.56181
3.998 30.798 23.756 2.64543
0.605 29.663 23.862 2.65532
1.947 29.268 23.593 2.64615
2.747 29.849 23.830 2.89331
0.920 29.956 23.469 2.70181
10.915 30.992 23.558 2.65816
48.248 29.654 24.001 2.40320
20.998 28.779 23.494 3.12812
2.135 29.052 23.307 2.44178
1.132 30.188 23.483 2.12430
0.012 30.413 23.927 2.31349
23.757 29.132 23.421 2.41887
16.105 29.616 23.778 2.74394
4.068 29.591 23.807 2.55178
0.020 29.826 23.788 2.34676
0.000 29.707 23.969 2.63076
0.000 29.839 23.402 2.37689
5.712 30.290 24.052 2.71939
0.597 29.867 23.708 2.51458
5.088 28.936 23.473 2.59536
0.000 29.385 23.815 1.57950
16.175 28.551 23.566 1.47447
0.870 30.435 23.673 1.64179
13.642 28.970 23.577 2.06416
5.702 29.986 24.087 2.14926
15.825 28.545 24.150 2.17952
27.913 28.146 23.979 2.64001
21.668 26.728 23.737 3.77302
9.735 28.401 23.215 3.43642
1.515 28.787 22.736 2.69929
1.998 29.760 23.207 2.68031
1.695 29.136 23.660 2.25040
0.222 29.093 23.568 2.54930
8.925 29.504 23.827 2.89117
18.930 28.167 23.691 2.95987
11.478 29.077 23.746 2.84217
1.250 30.750 24.247 2.27659
2.460 30.056 23.687 2.41406
0.693 29.518 24.415 2.19987
0.430 29.240 23.287 1.97868
3.850 29.911 23.774 2.33795
0.000 30.658 24.328 2.64244
5.550 29.506 24.103 2.18279
29.397 29.657 23.923 2.43897
23.542 28.934 23.910 3.13830
8.037 28.592 23.852 2.70267
14.108 28.914 23.831 2.49633
27.420 29.143 23.620 2.75601
6.027 28.761 23.627 2.27997
0.320 29.688 23.487 2.40193
5.715 29.918 23.788 1.80120
51.992 29.217 23.971 2.01778
28.110 27.727 23.791 1.82971
0.068 29.090 23.806 2.26945
0.000 29.384 23.347 1.76967
2.690 30.295 24.154 2.08354
14.265 28.938 23.849 2.57676
20.797 28.063 23.353 2.66722
7.813 28.722 23.303 2.45012
4.183 27.978 23.323 1.85212
9.728 27.011 22.819 1.90299
0.100 29.481 23.118 1.80466
0.000 30.011 23.108 1.15414
0.650 30.559 23.599 1.17976
8.153 30.717 24.116 1.61081
0.233 29.010 23.448 1.30637
10.620 30.936 23.486 1.31660
11.645 30.010 22.904 1.21716
0.010 30.898 23.579 1.15909
0.655 29.280 23.131 0.95105
3.485 27.695 23.194 0.85243
10.905 29.772 23.149 0.70877
1.673 30.405 23.890 0.65000
14.935 29.089 23.423 1.31569
0.000 30.611 23.013 0.58401
0.000 31.210 22.521 1.42561
2.408 30.899 23.159 1.36086
0.327 30.434 22.931 1.15227
11.047 30.443 23.594 1.62910
0.035 30.307 23.603 0.95347
1.278 30.563 22.662 1.30697
21.975 31.101 23.549 0.82485
2.240 29.027 22.895 1.07089
12.325 30.454 23.416 1.06777
5.115 30.612 23.858 1.36994
17.210 29.441 23.193 0.83367
21.325 29.436 23.021 0.74357
3.097 28.945 22.501 0.91736
0.688 29.610 22.741 1.41923
2.652 30.608 22.320 1.12413
2.780 30.771 23.225 1.35987
14.468 30.168 23.421 0.98686
0.000 29.433 23.094 0.93167
0.000 31.247 21.361 2.14393
0.000 30.696 21.328 1.80717
0.000 30.588 21.243 1.56340
0.000 30.630 21.263 1.91032
0.677 30.088 21.991 2.14206
1.550 28.231 22.001 2.73792
4.273 28.617 22.151 2.98673
33.110 27.502 22.275 3.77320
3.550 27.470 23.110 2.50711
2.017 28.997 22.530 1.41989
1.462 30.876 22.476 1.35135
1.105 30.910 22.617 1.26976
24.088 31.044 22.910 1.11379
0.167 29.117 22.021 2.07829
0.000 29.779 21.534 2.13892
4.720 29.818 21.991 1.83078
14.687 30.822 23.039 0.94389
5.605 30.261 22.251 0.88269
0.530 31.020 22.981 0.75846
0.000 30.854 23.550 0.74192
0.000 30.646 21.093 1.24643
0.000 30.311 21.544 2.27680
0.072 29.452 20.707 3.59146
0.000 29.087 20.561 3.08982
0.000 29.410 19.394 2.95531
0.000 28.714 18.577 3.51858
1.020 27.173 16.714 3.36732
3.865 26.218 16.119 3.53989
46.318 25.572 16.506 3.71136
0.037 25.621 18.330 2.99254
0.825 22.773 15.947 4.45995
0.000 22.575 15.726 3.75695
0.000 24.442 15.783 3.17784
0.000 25.875 15.484 3.19445
2.695 25.764 13.971 3.51321
0.000 25.342 14.280 3.75264
0.000 24.883 14.389 3.25167
0.000 24.546 13.796 2.97128
0.000 25.288 14.698 2.37835
0.000 26.334 16.324 2.08719
0.000 26.631 17.923 2.50746
0.000 26.569 14.095 2.66072
0.000 25.213 14.304 2.47685
0.000 26.595 15.595 1.86986
0.000 27.555 16.878 1.13715
0.000 28.313 17.199 1.17162
0.000 29.242 18.649 1.13406
0.000 30.260 19.931 1.07887
0.000 29.875 19.019 1.12333
0.000 29.868 18.671 1.69711
0.000 29.622 18.659 1.57951
0.000 30.519 19.930 1.31203
0.000 30.592 18.728 2.20802
0.000 29.666 19.174 2.35402
0.000 29.157 17.475 2.82575
0.000 28.919 17.887 3.37336
0.530 25.138 16.885 3.42976
0.000 27.705 17.040 2.00323
0.797 28.918 19.354 2.03542
0.850 30.339 17.953 3.48097
0.060 27.277 14.566 4.66844
0.723 28.373 15.001 3.34700
0.000 29.839 18.589 2.17725
0.000 30.256 20.998 2.13257
0.000 30.831 19.201 2.39156
0.000 30.879 18.722 3.53061
0.000 30.834 18.335 3.85767
0.000 27.620 13.831 5.43510
0.000 24.573 11.137 4.69626
0.870 25.124 11.589 3.32184
0.000 26.244 13.019 2.86205
0.415 27.176 14.464 2.99327
0.000 28.642 15.523 2.86877
0.000 30.236 17.079 3.08787
0.000 29.914 16.406 3.83229
0.402 27.598 13.499 3.61778
0.000 27.931 12.725 2.17477
0.000 29.228 14.027 1.46339
0.000 30.314 14.801 2.64218
0.000 28.747 14.062 3.78359
0.000 28.422 14.492 3.21005
0.000 28.855 15.128 2.99051
0.000 29.738 14.583 2.63251
0.000 29.971 15.635 2.36613
0.000 29.633 15.377 3.11696
0.000 29.737 15.004 2.90248
0.000 30.100 15.433 2.17464
0.000 31.695 16.774 1.64859
0.000 32.044 17.996 0.77060
0.000 32.505 17.916 1.33624
0.575 32.631 19.204 1.88129
0.133 32.894 19.287 0.94283
0.000 33.304 19.822 0.66348
0.000 34.210 20.150 0.79979
0.000 35.000 20.982 0.55298
0.000 35.758 20.597 1.11157
0.000 35.957 21.811 1.60965
0.000 35.460 19.915 2.98820
0.000 31.870 17.006 4.15793
0.000 32.139 17.114 3.79261
0.000 32.703 17.632 2.40096
0.000 34.106 18.513 1.35211
0.000 35.399 18.598 1.38187
0.000 35.489 18.924 1.59159
0.000 34.864 19.206 2.28063
0.000 34.441 17.204 3.49831
0.018 32.689 15.763 4.10379
0.000 32.603 16.544 3.20683
0.000 32.981 17.916 2.06003
0.000 33.715 17.032 2.90700
0.000 32.521 17.054 2.50237
0.000 34.159 17.740 1.08895
0.000 34.501 20.821 1.43147
0.000 34.779 21.271 0.75559
0.000 34.227 21.789 1.30148
0.000 35.446 22.883 1.02876
0.000 36.400 23.849 1.08824
0.000 35.582 22.419 1.19306
0.035 37.237 20.873 2.97419
0.000 35.637 19.939 2.90204
0.000 36.128 20.037 2.46775
0.000 36.568 20.258 1.85136
0.000 37.727 19.362 2.84248
0.000 35.839 19.505 3.12070
0.000 36.021 20.427 2.38215
0.000 36.073 19.076 3.13427
0.000 36.010 18.899 2.50461
0.000 36.703 18.999 3.15338
0.000 35.808 20.117 2.52233
0.000 36.098 22.849 1.34087
0.000 36.421 24.078 1.19088
0.000 37.927 25.155 0.99706
0.000 36.612 23.647 1.53795
0.000 35.195 22.867 1.55030
0.000 35.680 23.462 0.91876
0.000 35.227 24.152 1.40258
0.125 35.900 24.634 1.15537
0.038 35.563 25.373 1.06254
0.337 34.124 24.494 1.13266
0.000 36.026 24.596 1.31985
0.000 35.914 24.540 1.62965
0.000 36.402 22.432 1.96610
0.030 36.368 18.470 4.40011
0.000 33.248 18.751 3.72356
0.000 33.614 19.446 3.11555
0.000 35.401 21.106 1.75860
0.000 37.087 24.088 1.31469
0.000 36.257 25.296 1.23521
0.000 37.563 24.988 1.96308
0.000 38.241 24.963 2.30142
0.000 38.620 25.358 2.44713
0.000 40.222 26.051 2.12843
0.000 40.962 26.217 2.28285
16.652 39.934 25.514 2.21349
0.000 38.280 22.930 3.04503
0.000 38.334 23.786 2.26495
0.000 39.734 25.169 1.15260
0.000 40.043 26.073 2.42733
0.012 37.763 25.373 2.84617
0.010 38.763 26.104 3.23775
0.000 37.341 26.904 1.44113
9.490 35.761 26.009 1.13943
0.000 36.369 26.360 1.52001
0.000 38.170 27.447 2.13788
0.000 38.030 26.756 2.07204
0.000 36.496 25.897 1.73784
2.998 35.997 25.862 0.97139
0.147 35.613 24.349 1.71810
1.608 38.540 25.955 1.31204
0.000 38.561 26.063 0.93873
0.000 37.650 24.494 2.11284
0.000 39.060 24.702 2.38461
0.000 39.532 25.907 2.35358
0.000 39.489 26.176 2.19673
0.000 40.507 27.511 1.99633
8.400 39.037 26.642 2.57829
0.000 39.340 27.330 2.35990
0.645 36.830 25.238 1.88869
10.080 33.564 20.576 2.86613
0.000 35.330 21.509 3.10313
0.000 34.548 23.418 1.23288
0.000 37.020 24.979 1.30148
8.550 33.113 25.138 1.22691
0.447 34.030 24.979 1.10951
10.605 36.643 25.445 1.45915
0.030 34.896 25.629 1.50468
1.442 32.382 25.293 1.09765
6.175 36.566 26.000 1.04696
0.000 37.085 25.656 1.52270
0.810 37.460 26.368 1.94264
0.802 34.073 25.986 1.17182
0.075 37.038 24.627 1.59580
0.815 35.160 24.345 1.93953
0.075 31.683 24.462 1.45276
0.000 37.677 25.114 1.73091
0.000 36.420 25.707 1.64672
9.030 34.536 25.558 1.12544
8.107 33.841 25.649 0.98777
5.655 33.873 25.499 0.95172
0.182 33.818 25.918 1.06230
2.433 33.649 24.753 1.35693
0.430 33.828 25.616 0.97193
2.243 35.246 25.519 1.07764
0.000 33.550 25.433 0.94545
36.797 33.995 25.392 1.09732
1.077 32.769 24.016 1.66336
0.322 33.636 25.025 1.62752
0.503 32.271 24.942 1.65445
1.805 34.229 25.032 2.40042
3.558 34.151 24.233 2.76729
1.530 33.743 24.441 2.85870
4.137 33.509 24.526 2.60255
0.015 33.465 24.172 2.33442
2.118 33.745 23.975 2.92994
9.595 31.295 24.022 3.30011
4.715 31.426 23.798 3.37593
8.910 31.211 24.412 3.80470
1.490 31.188 24.101 3.56099
0.670 35.726 24.504 3.21215
0.285 34.918 25.044 2.61916
0.000 33.137 24.800 1.98326
14.150 32.124 24.402 1.64416
36.650 31.688 23.489 1.36460
1.743 32.202 24.173 1.32367
13.280 32.286 23.755 2.32749
0.015 31.269 23.426 2.63463
0.037 32.307 23.488 2.83791
0.000 33.211 24.117 3.13273
0.735 32.054 24.297 3.04399
0.143 31.455 24.405 2.99129
21.735 32.463 24.640 2.78443
0.912 31.150 24.372 2.82075
0.537 31.255 24.146 2.71839
3.957 31.700 24.480 2.90678
0.258 31.442 24.548 2.76243
0.563 31.161 24.498 2.74781
0.387 32.325 24.839 2.80655
3.868 30.912 24.702 2.61326
14.760 29.282 24.122 2.03391
7.585 30.366 24.139 2.14511
21.323 30.728 23.723 2.55806
1.085 29.102 22.616 2.05139
0.390 31.674 23.912 2.03907
0.868 30.412 23.817 2.03206
3.297 30.573 23.953 2.18719
9.177 31.573 24.490 2.29234
0.315 30.436 24.085 2.61746
8.575 30.906 24.512 2.76762
2.647 29.330 23.329 3.04727
32.568 29.804 23.898 2.53912
57.938 28.885 24.249 2.29602
12.078 29.827 23.962 2.60414
4.990 28.492 24.128 2.25704
0.170 27.753 23.187 1.90878
0.193 31.082 24.443 2.02509
11.797 30.822 24.446 1.71305
3.015 29.984 24.149 2.04453
0.000 30.134 24.003 2.06073
0.260 30.143 24.806 2.62037
22.298 28.858 24.530 2.66435
13.250 30.156 24.463 3.07777
5.352 29.172 24.394 2.77711
21.992 30.614 24.704 3.25679
9.103 29.432 24.201 3.18895
19.800 28.897 24.375 3.48710
3.072 29.988 24.300 3.31832
4.480 31.344 24.870 3.28365
15.887 29.051 24.849 3.19234
1.797 30.625 24.675 3.21674
0.000 31.947 23.905 3.00942
1.475 31.643 24.383 3.25033
1.595 31.433 23.970 3.06049
2.650 31.116 24.851 2.89908
16.017 29.245 24.294 2.72921
2.292 28.469 22.946 2.94789
0.400 29.844 23.436 2.46184
1.265 29.794 23.586 2.65944
3.085 29.606 23.046 2.53928
0.602 31.048 23.301 2.66735
0.705 30.599 22.730 2.02383
1.620 31.112 23.267 2.66178
2.075 31.537 24.311 3.14184
2.815 30.556 23.924 3.07910
0.000 30.163 24.088 2.97680
12.675 30.017 23.831 2.95202
13.220 29.926 24.164 2.63550
26.580 28.441 24.214 2.93746
10.888 28.335 23.148 2.90546
8.480 28.866 23.645 2.98683
1.458 29.549 22.935 2.32970
47.037 31.020 23.952 2.00914
47.793 28.815 23.649 1.87179
4.877 29.684 23.493 2.35437
2.763 29.397 24.291 2.82805
2.688 28.255 23.381 3.68593
0.760 28.171 23.600 3.38875
1.297 29.128 23.868 2.99532
0.108 29.596 23.628 2.77737
0.842 28.508 23.116 2.76191
16.143 30.291 23.680 2.57831
5.863 29.892 23.897 2.38239
6.320 28.359 23.637 2.40714
25.975 28.235 23.402 2.33122
6.828 28.483 23.498 2.44072
0.645 26.431 22.677 2.53616
2.650 27.242 22.424 3.02918
11.355 28.441 22.783 3.31855
15.060 28.417 23.309 3.76093
33.560 26.977 22.853 3.12294
53.065 26.980 22.597 3.30659
3.022 27.897 22.597 2.36971
12.495 29.719 23.588 1.17806
3.130 27.911 23.595 1.35056
10.608 30.430 23.467 0.90691
61.943 30.576 23.362 1.36554
1.413 30.783 22.972 1.30924
1.953 29.933 23.499 1.30824
21.837 29.103 23.176 1.26333
3.808 29.396 23.823 1.70229
2.422 28.419 23.487 1.61911
17.232 28.184 23.702 1.40957
6.515 28.283 23.465 1.12834
5.552 28.970 23.422 1.68046
3.140 28.896 23.645 1.79762
4.785 28.863 23.397 1.56147
2.645 29.410 23.479 1.83773
2.575 29.976 23.741 1.18661
17.695 29.479 23.707 1.83642
13.745 28.992 23.613 1.81664
20.858 28.616 23.488 1.65763
5.355 29.158 23.480 2.03306
3.712 28.827 23.460 1.86118
1.073 28.877 23.384 2.00199
9.927 28.406 23.388 1.99869
12.055 28.695 23.282 2.36442
0.613 28.496 23.384 2.39512
53.935 27.643 23.526 2.28810
16.012 28.511 23.339 1.67564
23.685 27.328 23.445 1.07186
48.237 27.288 23.496 1.49983
4.395 28.800 23.910 1.53912
86.300 28.018 23.595 1.76935
33.357 29.175 23.061 2.94571
5.145 29.379 22.573 1.89090
1.635 29.716 23.055 1.21858
0.000 29.196 23.614 0.92155
0.148 27.681 23.105 1.21711
1.233 28.956 23.272 1.24277
13.420 29.629 23.326 0.87992
1.143 27.893 23.240 0.99600
1.540 28.202 22.784 0.80414
2.320 29.739 22.859 0.92061
1.825 29.340 22.668 1.76991
12.397 30.548 23.263 1.23867
0.065 29.049 22.888 0.74544
20.655 30.830 24.135 0.52340
7.878 28.962 21.014 2.35824
0.165 27.807 18.783 3.35772
0.000 27.729 18.564 3.01086
0.000 27.487 16.177 2.81056
0.000 27.049 17.068 2.28506
0.000 28.120 17.624 1.68260
0.000 28.782 16.840 1.59803
0.000 28.541 18.400 1.57202
0.000 29.497 20.421 1.80333
0.945 29.920 23.232 1.29932
4.907 28.264 22.541 0.91444
0.748 29.175 22.836 0.58860
0.005 31.440 23.451 0.71726
0.000 27.942 22.440 1.20974
0.000 31.808 23.482 0.72493
2.875 30.815 23.848 0.71108
0.168 29.741 22.671 0.91528
20.935 30.051 20.171 1.78033
1.195 29.012 20.605 2.56064
1.750 28.745 21.469 3.07686
11.160 28.488 23.016 1.81558
0.000 29.694 22.628 1.45245
0.025 30.954 23.629 0.75243
0.572 31.125 23.822 0.80534
0.425 30.866 22.894 0.57815
15.307 28.930 23.363 1.22126
6.100 29.413 22.805 1.76190
0.000 28.792 19.709 3.12841
0.000 27.697 17.722 4.06845
0.000 25.778 16.050 3.87366
0.000 25.637 16.534 2.98336
0.000 27.575 17.105 2.85809
0.000 28.386 19.399 3.50072
1.690 27.474 19.186 3.14410
0.000 28.016 18.627 2.65888
0.000 29.307 19.268 1.90192
0.527 29.641 21.993 1.41905
0.640 30.502 22.431 1.35233
0.000 31.169 23.193 0.89823
0.170 32.703 23.191 0.54617
0.138 32.588 24.165 0.61943
0.427 30.900 20.597 1.96644
0.000 27.233 20.789 2.24325
0.000 29.343 21.030 2.21407
0.005 29.851 21.819 1.96039
1.887 30.012 22.573 2.29180
0.000 30.479 20.526 2.72771
0.000 26.980 20.279 1.83635
0.000 29.680 20.686 1.17615
0.000 30.184 20.573 2.32724
0.000 29.280 19.611 2.92756
0.000 28.472 18.729 2.47633
1.443 28.651 18.894 1.88318
0.000 30.171 19.641 1.52110
0.000 30.675 20.776 1.70768
0.000 31.657 22.224 1.16214
0.010 30.438 22.928 0.96367
0.125 30.832 22.954 0.82886
0.653 31.701 22.769 0.82539
0.000 32.109 22.377 0.98488
0.000 32.696 23.152 1.16920
0.117 31.199 22.908 1.09833
7.395 31.823 23.013 0.71953
16.300 31.560 17.410 3.15455
0.625 27.620 16.143 3.63131
0.030 28.591 16.497 2.39713
0.000 30.604 17.018 2.22015
0.000 29.998 17.222 3.22028
0.000 30.101 17.918 2.62399
0.000 30.669 19.709 1.99086
0.000 31.491 20.118 1.72773
0.000 31.903 21.167 1.34021
0.000 33.033 22.611 0.98339
0.012 33.211 22.039 0.99443
0.000 33.970 23.041 0.98130
0.315 33.305 22.541 0.89238
0.000 33.076 20.633 1.54186
0.000 32.769 20.933 2.23864
0.000 32.371 20.342 2.79339
0.008 32.714 20.860 2.03823
0.000 33.074 22.230 1.51851
0.000 33.211 15.595 2.81318
0.000 27.135 16.188 3.90049
0.000 28.702 16.719 2.82348
0.000 31.656 17.847 2.34772
0.000 32.277 19.800 1.41751
0.000 32.286 20.197 2.13448
0.000 32.978 20.613 1.37850
0.000 33.433 20.214 2.10605
0.000 31.284 17.184 3.92907
0.000 31.378 17.546 2.30427
0.000 31.873 19.249 1.44665
0.000 32.759 15.387 2.76597
0.000 29.899 14.732 3.70542
0.000 29.791 14.872 2.82501
0.000 30.841 15.070 3.17202
0.145 29.785 14.006 3.49646
0.000 28.870 14.270 3.27434
0.000 28.995 14.046 3.05415
0.000 29.797 14.441 1.98926
0.000 31.588 15.740 1.57980
0.000 32.556 17.343 2.42093
0.000 31.972 17.130 2.83662
0.000 32.448 17.755 2.34138
0.000 32.710 17.935 2.68628
0.000 31.111 16.566 2.79810
0.000 32.395 16.324 2.11318
0.000 32.988 17.646 1.36069
0.000 33.710 18.768 1.13220
0.000 33.985 20.193 1.55738
0.000 32.772 21.229 2.32910
0.000 33.923 20.727 1.81529
0.000 34.851 20.869 1.09959
0.000 35.842 17.299 3.66877
0.000 32.487 16.781 3.11089
0.000 33.143 17.411 2.61801
0.000 33.798 19.001 1.25008
0.000 35.093 19.859 1.59500
0.000 36.180 20.223 2.33301
0.000 35.672 18.511 3.09786
0.000 34.780 18.845 3.59266
0.000 32.279 15.715 5.17953
0.000 28.800 14.883 4.69041
0.000 30.942 15.738 2.67407
0.000 32.233 16.863 1.26376
0.000 34.967 17.989 0.90831
0.000 35.917 19.819 0.95282
0.000 37.377 21.620 1.19099
0.000 38.307 25.193 1.43639
0.000 38.147 24.296 2.06143
0.000 37.713 25.474 2.17031
0.125 37.263 25.359 1.71052
0.000 37.741 26.302 1.04814
4.358 36.074 25.522 1.66322
0.152 33.149 23.902 0.71034
0.000 34.643 24.084 1.33383
7.435 34.945 23.881 0.78270
2.455 35.102 22.339 2.17970
0.180 35.326 23.714 1.59717
0.000 35.775 25.132 0.99055
0.000 34.749 24.969 1.03953
9.947 36.126 24.786 1.26744
0.087 34.385 23.555 1.72988
0.043 34.968 23.880 1.24629
1.897 35.777 24.751 1.49797
0.000 36.258 25.116 1.48940
0.000 36.442 25.350 1.07579
1.895 36.419 25.147 2.15421
0.000 37.176 25.206 2.28418
0.000 37.982 25.324 2.73014
0.000 38.926 25.262 2.45634
0.000 39.649 26.357 1.84753
29.510 35.683 21.776 2.36760
0.793 28.341 20.531 2.89838
0.000 31.861 19.880 3.01132
0.000 34.192 20.699 3.33470
0.133 35.638 22.258 2.32573
0.000 36.468 24.424 2.06496
0.002 36.271 23.679 2.86974
6.280 32.704 22.906 1.38759
0.000 36.391 23.787 1.23644
0.000 37.602 24.975 1.08984
0.000 38.125 25.351 1.01027
0.197 39.227 26.227 1.69506
0.178 37.717 27.285 1.01105
41.600 32.664 24.481 1.19906
0.427 26.253 21.315 1.98128
0.255 34.933 22.385 1.82789
0.000 34.388 23.758 1.95708
1.605 33.188 23.948 2.25649
2.670 34.215 24.181 1.58428
2.300 33.096 23.873 1.34858
1.865 33.908 24.062 1.58117
8.178 31.771 23.381 1.61202
0.610 30.340 23.937 0.89236
10.885 30.924 23.284 1.24104
7.178 32.395 24.131 0.90710
8.670 32.578 24.116 1.67775
0.000 34.621 24.820 1.81891
0.000 36.280 24.547 2.01463
0.000 36.952 25.311 1.24681
0.473 37.396 26.068 0.66780
0.000 34.215 25.035 2.11926
2.083 34.267 24.996 1.53611
0.000 37.170 25.171 1.56396
2.710 35.993 25.975 1.74946
0.073 34.292 25.041 1.29407
0.000 37.449 24.305 1.36562
0.000 38.929 24.528 2.18832
0.000 38.898 24.339 1.82244
0.000 39.312 24.997 1.12559
5.995 35.512 21.804 2.68769
0.010 37.757 24.204 1.71024
0.000 37.611 25.075 1.48012
0.573 37.982 25.059 1.52552
3.592 38.043 25.267 1.85452
0.000 38.296 25.461 1.40931
3.183 38.111 26.324 1.53029
0.880 31.988 24.980 1.33609
1.382 38.193 26.089 1.27808
16.647 32.690 24.543 1.52551
0.040 34.340 25.462 0.84867
0.120 37.181 26.140 0.97418
7.987 31.749 24.299 1.50057
17.682 33.670 24.653 1.22821
10.280 34.802 24.362 1.68757
0.000 34.570 22.521 3.23623
0.000 34.535 23.968 1.44145
23.793 33.402 25.026 1.66810
2.200 31.612 24.243 2.39395
0.000 36.503 24.566 2.81749
0.000 37.896 25.140 2.38862
0.000 39.581 25.320 2.16093
0.000 39.780 26.562 1.98971
6.110 35.665 25.765 1.68727
11.512 32.301 25.320 1.12827
1.020 33.500 24.647 1.51549
25.335 34.216 25.335 1.26388
15.630 33.323 25.160 1.18217
4.725 32.326 24.222 1.63342
1.000 31.964 24.014 1.99313
3.053 34.892 24.893 2.23258
0.108 32.607 24.857 2.54354
3.478 34.351 24.407 3.21179
5.370 35.117 24.632 2.92799
0.005 34.190 24.550 2.42575
18.540 32.966 24.552 1.78546
0.010 31.372 24.059 1.70553
4.637 32.915 24.247 1.83481
0.053 33.795 24.452 2.36132
2.895 30.765 24.446 2.80595
2.677 30.700 24.468 3.12642
0.148 33.132 24.707 3.40944
1.550 33.587 24.846 3.79452
7.000 33.291 25.322 3.69017
15.268 31.901 24.565 2.85580
34.372 29.410 24.257 1.19520
10.732 31.850 24.187 1.29111
8.598 29.452 24.264 2.06407
8.373 29.990 24.374 1.82472
21.188 30.740 24.225 2.46262
15.725 29.743 23.870 2.33972
0.000 31.773 24.541 1.98647
0.000 31.767 23.535 2.36128
0.000 32.444 23.156 2.32703
0.000 33.881 24.283 2.92191
0.000 33.829 23.525 2.84736
0.000 33.571 24.760 3.03660
0.225 29.810 23.468 2.35977
0.003 33.964 24.291 2.61005
0.000 32.707 24.601 2.93514
0.945 32.861 24.656 2.65244
0.360 32.414 24.611 2.59001
5.107 30.161 24.257 1.87243
1.277 31.125 24.306 2.10309
3.755 28.858 23.688 2.25649
3.460 31.391 23.851 2.96280
0.000 30.502 23.857 2.97401
28.200 31.333 24.093 2.55861
12.742 30.589 23.937 2.13615
0.780 31.388 23.178 2.10028
0.000 32.852 24.397 1.89304
0.250 31.687 24.375 2.72400
2.638 32.587 24.274 2.63652
15.750 31.215 23.878 2.25578
5.388 30.094 23.698 1.87428
3.488 30.450 23.128 1.45169
1.480 31.055 23.152 0.87815
21.695 31.495 22.904 0.92574
7.185 31.525 23.833 0.95111
0.230 31.982 24.501 0.54849
31.710 31.714 23.902 0.91980
0.105 33.199 24.182 1.12003
4.880 31.814 23.630 2.00815
5.268 30.311 23.672 2.37627
0.118 31.168 23.614 2.06249
0.000 31.707 24.412 2.23075
0.000 31.411 24.486 2.53259
20.265 31.064 23.749 2.21408
6.785 31.241 23.846 1.87452
4.850 30.445 23.107 1.53795
0.048 32.328 23.609 1.73859
0.000 33.305 23.508 1.64726
0.128 34.063 24.252 1.51777
0.215 33.365 24.695 1.42824
0.035 34.462 25.187 2.16954
0.742 32.492 24.930 2.44556
1.517 31.419 24.699 2.72422
4.340 31.802 24.485 2.80584
5.447 29.281 24.093 3.25871
18.925 29.917 23.566 3.02052
8.240 28.491 23.570 3.53362
0.213 29.859 23.509 2.97286
0.000 29.961 23.367 2.07392
3.573 31.459 23.534 1.36653
0.187 30.924 23.812 1.88738
2.170 29.791 23.042 2.29228
16.100 30.281 23.425 2.75492
1.112 30.138 23.505 2.31348
0.000 31.529 24.209 2.81191
0.707 31.420 24.471 2.60350
27.242 31.177 24.255 1.81150
2.880 30.367 23.945 1.91939
0.878 30.568 24.664 2.45056
0.683 28.690 24.248 3.17789
1.230 31.193 24.501 3.17260
0.230 30.655 24.592 2.84598
0.063 31.194 24.624 2.88507
21.730 31.438 24.739 2.92701
27.538 29.706 24.542 2.96668
10.118 30.384 24.661 2.51210
0.492 29.745 24.121 2.06295
0.050 31.457 24.736 1.36343
1.383 31.543 24.553 1.44473
12.455 30.440 24.696 1.41597
10.328 29.176 23.570 1.75002
5.268 30.169 23.573 1.92106
25.433 29.096 23.662 2.74973
7.430 28.764 23.702 3.02308
25.938 28.563 23.556 2.58961
6.315 29.462 23.149 2.09473
23.635 28.582 23.563 2.82873
1.602 29.631 23.374 2.73253
3.140 27.728 23.153 3.27403
1.552 30.702 23.128 2.87086
0.192 31.445 23.350 2.17754
0.000 31.449 23.623 1.65424
0.025 31.725 24.285 1.44641
5.905 28.204 23.306 1.17836
7.065 30.236 23.070 1.76934
10.672 28.854 23.316 1.76992
15.553 27.619 23.633 3.32682
45.307 26.992 23.100 2.87798
2.043 28.786 22.851 2.33943
22.558 28.996 23.858 1.96983
36.900 27.772 23.460 2.44175
12.422 28.978 23.806 2.18196
49.982 29.704 24.127 2.52814
17.183 27.736 23.437 2.65611
20.018 28.809 23.880 2.23444
12.735 27.938 23.239 1.75872
16.737 28.660 23.621 1.80340
27.580 26.875 22.865 1.75178
7.838 25.841 22.221 1.63531
2.967 29.809 22.953 1.16158
13.438 29.282 23.633 1.74617
9.305 28.738 23.453 1.30411
2.420 30.673 24.048 1.66513
3.967 29.360 23.180 1.49411
0.427 30.737 23.539 1.27852
4.688 28.372 23.865 0.85582
6.240 28.340 23.333 1.17783
3.138 29.420 22.848 1.22110
4.960 30.110 23.773 2.20884
4.100 29.397 23.368 2.35681
9.812 28.528 23.652 1.40874
1.210 27.300 23.590 1.15098
1.438 29.755 24.073 0.61171
36.765 30.309 23.284 0.63477
7.285 30.439 23.681 0.81642
4.858 28.536 22.865 1.78770
11.092 30.481 22.783 2.12191
0.000 28.997 22.902 2.66518
3.443 29.122 22.291 2.86769
0.000 30.690 23.001 1.99903
1.580 30.446 23.033 2.11571
2.333 30.049 23.626 1.23297
0.000 30.775 23.502 1.21290
0.000 32.447 23.576 0.87354
0.078 31.388 23.351 1.01287
0.000 30.567 23.833 1.19386
9.132 28.601 23.451 0.87137
31.802 32.017 23.731 0.84795
26.160 28.055 21.428 2.80900
1.662 27.326 20.333 2.90562
0.000 28.546 20.670 2.65792
0.000 28.087 21.350 2.62956
0.000 29.486 21.101 3.32000
0.000 29.486 20.960 2.83855
0.000 29.604 20.649 2.79767
0.000 28.025 20.753 1.79691
0.000 29.343 20.895 2.15214
0.000 29.130 20.180 1.77102
0.000 29.922 20.777 1.01574
0.000 30.005 20.201 1.39349
0.000 29.727 19.199 1.40867
0.000 29.620 18.847 2.03397
0.000 29.496 19.546 3.04099
0.000 29.132 19.598 2.80993
0.000 29.495 19.662 2.53147
0.000 29.321 18.517 1.96307
0.000 29.627 18.267 1.63458
0.000 30.860 17.731 1.30319
0.000 29.837 18.119 1.64406
0.000 31.215 18.250 1.18460
0.000 30.962 18.909 1.03086
0.000 31.117 19.567 0.78903
0.000 31.196 18.689 0.78942
0.000 31.179 18.136 1.21507
0.000 31.201 18.388 1.90263
0.000 30.578 20.303 2.72601
0.000 30.138 18.831 3.73176
0.587 28.468 17.307 4.33788
1.267 27.170 17.671 2.87064
0.000 30.386 20.882 1.98016
0.000 31.066 20.612 1.97985
0.000 30.984 18.441 2.41624
0.053 30.755 19.742 1.97020
0.000 31.671 20.984 1.02256
0.000 32.718 20.388 0.91366
0.000 33.547 20.281 0.81813
0.000 33.550 20.524 2.04532
0.000 31.945 19.366 3.24903
0.000 31.530 20.063 2.47481
0.000 31.156 21.356 2.60775
0.000 32.240 21.611 3.08883
0.000 32.007 20.339 2.69111
0.000 32.001 18.287 3.64305
0.000 30.699 18.110 3.39732
0.000 30.304 16.335 3.55145
0.000 29.575 16.075 2.17701
0.000 30.494 16.872 2.05218
0.000 30.839 17.022 2.31561
0.000 30.422 16.668 1.86091
0.000 31.387 17.698 1.75079
0.000 31.461 19.265 1.95515
0.000 31.967 19.178 2.29407
0.000 32.420 19.505 2.30820
0.000 33.093 20.509 2.97915
0.000 32.707 21.789 3.16353
0.000 32.859 21.847 2.90449
0.000 32.913 19.724 3.79616
0.000 31.146 17.727 4.44964
0.000 30.586 15.818 4.35264
0.395 29.932 15.083 3.75347
0.060 29.192 15.339 3.57379
0.827 30.163 15.984 3.18012
0.000 30.130 17.834 2.10759
0.000 31.314 19.164 3.45172
0.000 28.185 14.538 5.97975
0.000 26.725 13.523 4.41509
0.000 28.084 14.005 3.52906
0.000 29.732 15.483 2.88375
0.000 31.701 16.544 1.96824
0.000 32.556 17.675 1.29357
0.000 33.600 18.016 2.63526
0.000 32.143 18.125 4.18229
0.000 30.379 18.032 4.18877
0.000 30.573 17.413 2.88749
0.000 31.520 17.985 1.99162
0.000 32.886 18.264 2.33235
0.000 33.003 17.706 2.17035
0.000 33.508 17.948 1.86994
0.000 33.388 18.303 2.36837
0.000 33.734 18.806 1.68721
0.000 34.564 18.790 2.18773
0.000 34.535 18.302 2.21409
0.000 33.697 18.355 2.43584
0.000 33.945 18.553 2.07048
0.000 34.468 19.390 2.00027
0.000 33.980 21.520 1.72817
0.100 33.419 23.554 1.90593
1.285 30.130 21.314 1.81411
3.762 26.681 20.867 2.18951
0.002 32.007 20.212 2.03021
0.000 33.566 21.145 0.87880
0.000 34.135 22.531 1.19242
0.075 34.565 22.529 0.69760
0.000 35.020 22.081 1.36749
0.023 30.720 21.505 1.02057
0.000 33.219 18.792 1.18375
0.000 33.360 18.378 2.54382
0.000 29.443 14.873 4.01612
0.000 28.341 15.234 2.38173
0.000 31.509 15.606 3.29534
0.000 28.544 12.218 4.75502
0.000 29.086 12.790 2.69792
0.000 30.623 14.948 2.17572
0.000 32.169 16.289 2.29322
0.000 32.846 17.862 1.44453
0.000 34.516 20.064 1.41539
0.000 35.231 21.592 1.07737
0.000 34.323 23.392 1.03198
0.000 34.530 23.814 0.77141
0.000 35.614 23.690 1.23865
0.000 35.471 24.068 1.38566
3.360 32.511 21.869 1.43673
0.000 32.165 16.487 3.23288
0.000 29.084 16.845 2.28494
0.000 32.321 15.430 2.54232
0.000 26.829 14.224 4.26143
0.000 28.857 14.741 4.06478
0.000 30.371 15.219 2.82660
0.000 32.332 15.630 2.67713
0.000 32.785 15.972 4.31772
0.000 30.515 14.441 4.50770
0.000 30.443 14.747 2.81461
0.000 31.724 15.459 2.27557
0.000 33.467 16.080 2.99554
0.000 32.863 17.063 2.41942
0.000 33.798 18.171 2.08278
0.000 34.371 19.209 1.23559
0.000 34.983 22.574 1.33327
0.000 34.337 23.668 1.25856
0.000 33.138 23.758 1.30800
1.462 33.156 22.863 1.81883
0.000 34.637 24.119 1.22443
0.000 35.428 23.177 1.25760
0.000 36.814 23.734 1.63584
0.000 34.527 23.356 2.31365
0.000 36.231 22.927 1.95716
0.000 37.848 23.410 1.89569
0.000 39.001 22.808 2.25600
0.000 40.236 23.097 1.83898
0.000 39.800 19.703 3.23542
0.000 34.121 20.317 2.55271
0.000 36.735 23.571 1.66004
0.000 36.346 20.083 3.95193
0.623 35.546 20.244 5.25416
0.000 34.847 18.161 5.67739
0.000 34.737 19.048 2.44892
0.000 37.819 21.148 1.22936
0.000 40.139 25.247 2.01575
0.000 39.397 26.034 1.79784
0.000 40.140 27.228 1.69866
0.357 39.465 26.176 1.88274
0.000 38.910 22.762 2.59755
0.000 39.155 23.758 2.26064
0.000 40.115 24.748 1.72561
3.413 40.613 26.377 1.30370
1.913 36.772 25.670 1.50674
0.000 36.133 26.172 1.04277
0.000 36.338 25.793 1.04185
0.815 37.093 25.754 1.06873
0.000 38.197 25.891 1.96946
0.000 39.398 25.655 3.11227
0.000 40.547 24.693 2.38238
0.000 41.458 26.788 1.49405
0.000 40.261 27.233 2.03857
0.000 40.430 27.516 2.01463
3.447 38.304 28.296 2.50465
4.355 33.904 26.407 1.87043
0.000 37.715 25.282 1.95948
12.118 33.973 24.795 0.92647
0.173 36.363 25.669 1.12675
9.332 34.409 23.116 1.74178
0.000 35.232 24.229 1.02524
0.242 36.074 24.826 1.81207
0.002 36.683 24.833 2.21595
0.000 37.433 25.737 2.22160
3.003 35.613 21.667 2.27987
0.768 34.730 22.792 1.89904
0.000 36.638 25.326 2.06434
0.000 38.958 25.588 2.12157
0.000 40.230 26.316 1.90963
0.000 41.110 26.634 2.06876
0.000 41.468 27.823 2.29096
0.000 41.838 26.658 2.09587
0.000 41.675 26.846 2.87746
0.000 41.736 28.144 3.09173
0.000 41.822 27.862 2.30609
3.813 40.436 27.842 1.98108
1.937 36.022 26.614 1.69301
9.790 38.262 27.607 1.60271
0.000 36.127 25.434 1.64161
0.682 38.295 26.005 1.11125
25.605 36.641 25.709 1.88295
1.610 34.466 25.466 1.46619
0.000 38.655 25.874 1.50301
0.040 38.607 27.048 1.35993
7.747 30.295 24.072 1.74789
0.213 38.602 25.925 1.03144
0.000 37.099 26.167 1.30243
0.597 31.292 23.797 1.93983
1.260 36.070 25.313 1.50157
3.848 34.518 25.964 0.99086
20.253 30.232 23.329 1.98036
10.250 32.662 23.390 1.56157
0.550 31.088 23.045 1.80407
3.797 34.903 24.516 1.38150
22.600 32.404 24.713 1.06265
0.010 32.978 24.498 1.24562
0.080 35.268 25.218 2.19668
0.750 32.868 24.972 2.52668
0.000 33.882 24.501 2.54434
0.045 35.972 24.453 2.58085
3.657 35.234 24.606 2.04630
16.527 33.171 24.259 1.84730
0.267 34.150 25.528 1.40300
11.692 30.222 23.883 1.55864
0.000 34.195 24.410 1.74771
0.125 36.203 24.859 3.33489
7.963 34.236 25.539 3.60671
3.748 30.849 24.934 3.04750
0.000 30.681 22.856 3.20943
3.055 35.829 24.014 2.65469
9.640 34.163 23.978 2.27953
17.405 32.833 24.183 2.07200
4.010 31.396 23.952 2.48798
0.030 33.435 24.472 2.14254
1.677 33.280 24.787 1.56532
0.018 35.002 25.275 1.53916
9.558 33.976 24.729 1.25140
18.895 30.406 22.161 1.27913
0.148 33.965 23.644 1.10895
1.108 34.339 24.402 0.91640
8.965 34.482 24.715 1.00090
2.588 30.769 24.015 1.22860
13.947 32.642 23.914 1.31000
15.400 33.758 24.902 1.37307
31.203 30.770 24.388 0.79913
1.913 31.289 24.274 0.82152
11.570 30.941 23.827 1.74850
15.695 31.359 24.522 1.02592
11.177 28.187 24.271 0.94885
1.655 31.462 24.391 2.31874
111.205 27.725 24.377 3.31240
34.825 27.221 24.379 3.02823
8.995 28.668 23.846 3.27367
11.177 28.624 23.643 3.27174
16.142 28.463 23.255 3.10909
1.450 29.692 23.283 3.05221
1.610 29.607 23.989 3.05436
14.215 28.493 23.083 2.95061
2.038 29.980 23.617 2.97129
4.497 30.931 23.647 3.25696
4.635 30.133 23.589 3.16609
3.582 29.517 22.189 3.17415
0.793 31.035 23.199 3.04056
0.000 30.813 24.164 3.23866
11.423 29.033 23.715 2.61607
4.570 29.226 23.769 2.38168
1.150 31.270 24.084 2.64286
0.257 31.468 24.375 2.65831
2.690 31.563 24.766 2.89192
53.792 28.544 24.098 2.30593
0.547 30.017 24.104 2.56788
24.113 30.420 24.139 1.95376
1.375 30.173 24.253 1.89062
10.607 30.328 24.061 1.72151
0.830 29.785 23.856 1.46672
0.417 29.911 22.995 1.47804
3.030 30.189 23.301 1.92549
8.795 28.742 23.007 2.04837
6.763 28.447 22.517 1.88399
10.302 29.562 22.908 1.70090
2.978 29.605 22.948 1.62726
0.500 29.797 23.924 0.91135
4.460 29.824 22.542 1.16153
6.838 31.736 23.539 1.39758
1.328 30.549 23.783 2.18859
2.007 28.909 23.367 2.20662
1.388 29.593 24.089 2.47648
0.635 28.387 23.565 2.27211
29.375 28.690 23.477 1.54002
20.963 29.005 22.926 2.02483
4.628 29.190 23.436 2.12567
10.147 28.753 23.383 2.15038
14.342 28.569 23.647 2.47948
51.968 28.317 23.716 3.19904
18.175 28.136 23.345 2.57575
15.563 29.149 23.365 2.34897
0.935 28.866 23.389 2.13290
21.185 27.909 23.092 2.08880
10.425 28.743 23.077 1.65208
20.913 27.930 23.004 2.05843
3.915 28.756 23.284 2.53529
0.602 27.226 23.458 2.41028
4.720 27.109 23.007 2.37359
18.105 30.117 23.170 2.64281
14.845 28.976 23.231 2.32491
24.555 29.560 23.928 2.46820
13.025 27.722 23.277 2.57941
54.910 28.683 23.579 2.78360
3.300 27.519 23.169 2.64847
1.292 27.963 23.206 2.90762
1.210 29.695 23.304 2.89244
0.138 29.183 22.918 2.78258
0.972 29.883 23.234 2.91303
1.147 27.715 22.702 2.61925
0.065 30.069 23.960 2.45120
6.253 28.162 23.400 2.69908
37.483 28.445 24.016 2.37002
8.625 28.879 23.613 2.17512
1.853 28.936 23.422 1.78992
6.718 30.262 23.457 2.13781
13.090 29.044 23.853 1.95685
1.203 29.421 23.892 1.85445
0.195 29.734 24.369 1.91513
0.000 30.051 24.319 2.67153
9.462 28.871 24.430 2.82182
0.190 28.613 24.076 2.93649
10.400 29.438 24.843 3.04807
4.137 28.224 23.904 3.00521
7.227 29.280 23.802 2.97302
0.110 29.930 23.849 2.36390
6.008 29.599 24.125 2.15458
14.842 28.438 22.807 2.36950
1.920 28.749 23.451 1.88798
75.982 28.867 22.736 2.12116
0.000 29.255 23.556 1.89607
0.828 29.078 23.541 2.60861
0.328 28.118 23.218 2.93767
5.255 28.846 23.031 2.59827
3.342 28.456 22.755 2.43002
1.078 28.819 22.735 1.38636
7.625 28.104 22.972 1.75400
13.020 30.087 23.255 0.88137
9.553 29.211 22.550 0.99149
1.518 30.906 23.385 0.82797
10.875 30.992 23.357 0.91721
4.302 29.661 22.652 1.35820
0.000 28.566 23.464 1.36572
5.345 29.277 22.927 1.05353
22.028 29.842 23.404 1.21618
8.092 27.801 22.623 1.71385
0.412 30.577 22.907 1.19443
0.110 30.733 20.438 1.73990
0.000 31.707 21.751 1.15672
9.828 31.526 22.462 1.08521
0.418 31.498 23.487 1.74748
0.337 31.041 21.898 2.20717
0.000 30.601 19.198 2.18554
0.000 31.033 20.330 1.22594
2.555 31.171 23.398 1.15848
1.518 29.174 22.989 0.86064
8.900 30.633 22.139 1.98873
0.228 29.515 18.415 3.59459
0.000 29.372 19.121 3.32791
0.000 29.291 21.187 2.32683
0.007 28.883 21.504 1.68387
0.000 29.862 20.920 1.95912
0.000 30.118 19.934 1.76326
0.000 30.475 20.292 1.83066
0.000 31.454 20.117 1.43468
0.000 31.857 21.291 0.87321
2.733 29.742 20.164 2.16396
0.000 29.788 19.149 2.12337
0.000 30.816 19.746 1.40378
0.000 30.590 19.071 1.93440
0.000 29.989 19.809 2.03264
0.000 30.048 17.003 2.11992
0.000 29.903 18.260 2.02728
0.000 29.731 18.025 2.16720
0.000 29.912 19.157 1.83855
0.000 30.951 20.470 2.14341
0.000 31.331 20.738 2.69249
0.000 30.974 19.402 2.62034
0.000 31.393 20.248 3.11467
0.000 31.034 20.275 2.59888
0.000 31.225 18.696 3.23169
0.000 30.193 18.066 3.28707
0.000 31.350 19.101 2.58777
0.000 32.171 22.457 2.44447
0.000 32.517 21.094 2.23279
0.020 33.501 19.802 2.45032
0.000 33.609 20.268 2.10371
0.000 33.535 19.328 2.97492
0.000 33.122 19.567 2.38005
0.000 33.408 19.626 1.96823
0.000 34.172 20.303 1.46643
0.000 34.816 21.148 2.08241
0.000 34.139 20.850 1.96849
0.000 34.195 21.413 1.33876
0.000 35.022 21.208 1.18902
0.000 35.400 21.376 0.95462
0.000 36.069 20.741 1.02114
0.000 36.769 22.462 1.25930
0.000 36.962 21.576 1.59120
0.000 36.388 22.020 1.33687
0.000 36.974 23.374 1.23020
0.000 35.915 22.704 2.05064
0.000 33.244 20.771 3.52564
0.000 33.235 19.803 3.96039
0.000 32.962 19.080 3.07528
0.000 33.492 19.144 2.74311
0.000 33.402 17.234 3.24838
0.000 32.304 17.369 3.88248
0.000 32.417 18.205 3.35338
0.000 32.589 19.375 3.58458
0.000 32.962 21.174 4.00336
1.612 33.121 21.847 3.06164
1.300 34.548 20.684 3.99468
0.000 32.943 19.951 4.49319
0.000 34.320 20.165 3.61339
0.000 33.202 19.652 3.44860
0.000 33.237 19.349 3.03483
0.000 33.537 19.897 3.59659
0.000 33.999 20.133 3.74361
0.000 33.941 18.776 3.20965
0.000 33.002 18.102 3.61097
0.000 32.073 17.580 3.07068
0.000 32.063 18.123 3.14110
0.000 32.146 17.028 4.83011
0.558 29.843 16.053 3.36405
0.000 31.231 16.551 2.87692
0.000 32.401 18.164 3.45227
0.000 33.018 19.011 3.32843
0.000 33.188 17.933 4.00054
0.000 32.070 16.509 2.97297
0.000 31.878 17.171 2.15533
0.000 32.472 17.897 1.87472
0.000 33.520 19.012 1.61505
0.000 34.522 19.930 1.91170
0.000 34.558 18.145 2.32259
0.000 33.888 17.663 2.17489
0.000 33.917 18.021 1.52717
0.000 34.356 18.663 1.18567
0.000 34.331 17.826 0.89471
0.000 34.572 16.231 1.32177
0.000 34.737 16.706 2.04792
0.000 34.410 16.787 2.31720
0.000 34.833 17.494 1.73748
0.000 34.621 17.772 2.43240
0.000 34.102 16.300 3.33736
0.000 33.502 16.820 1.67355
0.000 34.635 16.125 3.72109
0.000 29.838 12.761 5.44093
0.000 27.620 11.639 4.08122
0.000 29.684 12.306 2.35889
0.000 32.272 14.049 2.05369
0.000 32.908 15.857 2.69752
0.000 33.033 16.820 2.65992
0.000 32.845 16.681 2.77105
0.000 33.775 17.517 2.01672
0.000 34.098 17.901 2.78965
0.000 33.781 18.213 2.57181
0.000 33.625 18.600 1.91947
0.000 34.742 19.397 2.11562
0.000 34.686 20.012 1.46395
0.000 33.947 17.756 2.43979
0.000 28.449 15.032 3.44970
0.000 25.505 15.106 2.81000
0.000 27.878 16.320 2.25419
0.000 32.058 18.178 1.56542
0.000 34.715 19.433 1.01202
0.000 35.082 20.694 1.33340
0.000 34.821 19.444 1.63658
0.000 34.444 19.701 1.49896
0.000 35.135 19.629 1.81636
0.000 35.686 19.973 1.13254
0.000 35.735 21.212 1.44951
0.000 35.530 21.613 1.55601
0.000 36.458 21.277 1.60222
0.000 37.128 21.694 1.85087
0.000 37.067 22.059 1.72959
0.000 38.149 21.976 1.25777
0.000 38.226 23.078 0.78741
0.000 38.056 23.726 1.52500
0.000 37.316 23.218 1.81163
0.000 36.446 23.221 1.37332
0.000 37.024 22.447 1.73870
0.000 37.415 21.536 1.93076
0.000 37.929 22.451 1.50535
0.000 37.792 22.565 1.86450
0.000 37.350 22.908 1.38433
0.000 38.079 23.430 1.79123
0.000 37.568 23.006 1.56908
0.000 37.621 22.614 2.66330
0.000 37.024 23.192 2.51171
0.000 36.899 24.090 1.99595
0.000 37.106 24.237 1.76151
0.000 36.807 24.567 2.46919
0.000 38.014 23.547 2.47581
0.000 38.928 23.824 2.46908
0.000 39.797 22.682 2.00208
0.000 40.722 21.908 1.44406
0.000 37.387 18.670 3.69579
0.000 34.198 18.845 2.97203
0.000 35.805 19.408 1.82484
0.000 37.216 21.492 0.92165
0.000 38.362 24.092 2.33106
0.000 38.847 23.910 2.54654
0.000 39.553 23.277 2.56391
0.000 40.209 22.510 2.14045
0.000 40.069 23.261 1.83812
0.000 38.603 24.680 1.65178
0.000 37.565 25.794 1.91638
6.572 37.975 22.103 2.02993
3.395 31.646 16.716 5.07138
0.145 30.735 14.803 5.22916
0.000 29.457 14.197 5.66468
0.000 31.560 15.241 2.76989
0.020 34.873 17.452 1.90094
0.000 36.344 20.013 1.17000
0.000 37.932 22.678 2.02110
0.000 38.563 23.589 2.73854
0.000 39.149 24.055 2.68241
0.000 40.203 23.905 2.05642
0.000 37.678 20.744 4.30908
0.000 33.916 21.571 2.02920
0.093 37.846 24.515 0.93950
0.000 38.143 26.278 2.14007
0.000 39.634 25.918 1.43069
0.000 39.529 24.236 3.09079
0.000 39.218 23.672 2.78974
0.313 38.886 25.053 2.04441
0.000 35.281 26.234 1.56372
0.000 36.518 25.362 1.61792
3.645 35.864 24.712 1.53486
2.025 31.116 19.139 4.39822
0.000 32.789 19.893 1.86252
0.003 36.973 24.214 1.27961
1.123 36.554 26.217 0.82835
0.000 37.213 26.099 1.68958
0.450 36.956 25.891 1.98061
0.000 37.592 26.294 1.27241
12.945 38.986 27.089 1.68847
16.967 34.455 24.352 1.68837
0.460 37.751 24.729 1.64325
0.163 33.868 21.994 3.41102
0.062 35.771 22.363 3.44727
0.000 30.893 22.185 1.48141
0.000 37.535 24.243 1.14934
0.000 38.004 26.332 1.87306
5.838 36.908 25.625 2.54497
0.000 38.251 26.362 2.57987
0.000 39.720 26.747 2.15900
0.000 37.111 26.287 2.34289
0.865 39.453 24.373 1.76909
0.947 34.481 22.953 2.74272
0.000 36.242 23.719 1.27034
0.242 36.001 25.641 1.67330
0.000 35.948 25.916 1.44033
18.322 34.106 26.196 1.03646
1.237 36.067 26.070 0.81424
0.145 34.951 25.680 1.19013
0.480 38.066 24.251 1.52741
0.000 38.899 26.272 1.78562
0.000 38.285 25.922 1.40086
0.003 38.948 26.901 1.67903
2.365 36.398 26.284 1.53016
0.015 36.797 26.838 1.55340
8.495 38.075 26.412 1.83915
2.398 37.028 27.010 1.36829
0.000 37.965 27.347 2.53612
0.133 34.330 25.914 2.37662
15.077 33.631 24.815 1.98113
0.000 37.736 25.966 2.08549
0.492 39.143 24.716 1.36927
0.000 41.005 26.773 1.30393
0.000 38.088 26.336 2.32545
0.273 37.706 26.793 2.50664
0.037 39.042 27.240 2.09444
0.250 37.166 25.901 2.16433
2.588 31.666 25.014 2.07734
0.315 36.177 25.627 2.98408
0.305 33.719 25.938 2.98068
1.905 33.384 25.094 3.04622
8.095 33.661 25.347 2.66636
0.000 34.567 25.513 2.44923
19.280 33.317 25.370 2.11094
7.647 35.302 25.630 1.60399
0.388 33.983 25.256 1.93854
9.610 32.937 24.566 1.68191
7.285 33.958 24.834 2.18152
24.772 34.228 24.679 1.55946
15.388 34.375 25.054 1.22950
6.988 33.207 25.281 1.22803
0.837 31.849 24.331 1.68324
0.253 35.573 24.517 1.83486
0.770 33.959 24.654 2.03807
0.000 33.919 24.258 1.91556
0.987 37.497 25.213 2.29817
13.150 36.665 25.390 2.79547
20.510 35.092 25.316 2.53429
2.485 31.229 25.189 1.53046
1.690 31.968 24.495 2.17067
0.148 34.390 25.135 3.06272
8.670 33.760 25.030 3.05210
0.032 33.347 25.511 3.30991
0.000 33.052 25.259 3.08009
0.000 33.650 25.091 2.47263
0.347 34.145 24.937 2.84726
0.005 34.344 25.268 2.83396
6.105 32.977 25.145 2.33216
24.107 31.772 25.009 2.85076
0.155 31.136 24.959 3.41179
1.323 32.180 24.498 3.43007
0.000 35.686 25.199 3.41387
0.080 35.779 25.263 3.32197
0.035 33.197 25.473 2.79057
3.135 30.780 24.603 2.56273
4.433 32.479 24.857 2.61476
3.330 31.456 24.693 2.54636
1.745 32.044 24.956 2.25855
0.403 32.319 24.724 2.09832
0.925 32.602 25.185 1.92544
1.250 32.339 25.107 2.37679
0.107 31.411 24.535 2.30874
16.470 33.286 24.961 1.85379
5.955 31.017 24.140 2.21646
0.400 31.144 24.026 2.34500
11.013 29.757 23.872 3.00259
9.538 31.740 23.758 2.91602
9.410 31.648 24.503 2.60665
13.315 29.278 23.953 2.42659
13.673 28.342 23.654 3.03906
0.123 29.980 23.687 2.64071
10.530 31.571 23.846 2.57152
4.237 30.156 24.194 2.02352
4.748 30.297 23.926 2.05931
64.913 28.188 23.802 1.50300
0.745 28.437 23.540 1.50491
0.143 29.433 24.144 1.93357
22.733 29.273 23.538 2.40014
2.775 29.607 23.923 2.38892
8.927 29.203 23.651 2.44984
0.000 31.054 23.356 1.70198
4.413 31.940 24.708 0.99430
84.650 28.432 23.619 1.46432
1.252 28.057 23.080 1.05343
0.480 32.190 24.143 0.57975
6.045 32.725 23.327 0.66166
0.000 32.040 23.426 1.11853
0.000 32.237 24.268 1.66811
0.415 30.327 23.891 2.28370
0.032 31.621 24.282 2.51981
4.535 29.475 24.260 2.68080
1.820 29.656 24.099 2.59549
6.988 29.589 23.958 3.06203
36.897 29.232 23.585 3.22485
4.890 29.343 23.386 3.14137
14.780 28.602 23.969 2.76197
0.818 29.022 23.846 3.50091
4.590 29.496 23.992 2.79261
12.785 29.766 24.177 2.76107
5.548 29.935 23.918 2.77718
3.190 28.394 23.928 3.80455
7.412 30.081 24.269 3.66010
6.755 29.030 23.524 2.74809
1.367 29.091 23.394 2.22720
25.263 30.133 23.944 2.68025
3.102 30.476 23.878 3.39517
1.488 30.397 23.808 3.24739
0.000 29.277 24.105 3.14684
3.573 28.985 24.064 2.89463
60.157 29.563 23.895 2.78219
4.867 29.252 23.768 2.99566
2.640 30.406 23.909 2.91774
3.518 29.654 23.955 3.09256
2.877 29.642 23.219 3.67627
6.967 28.743 23.453 3.40378
8.663 28.349 23.237 3.07413
1.410 29.934 23.524 2.41401
6.565 30.672 23.918 2.72483
11.048 30.023 23.977 2.71711
6.283 28.607 23.416 2.15292
2.275 29.296 23.042 2.17860
34.765 29.127 23.109 2.21494
2.940 28.912 23.835 1.99640
0.793 29.471 23.288 1.46611
0.415 29.792 23.080 1.50184
0.000 31.116 23.708 1.45834
0.043 30.870 24.314 1.09820
1.253 31.401 23.521 0.93589
7.598 31.343 23.640 1.10979
3.767 29.134 23.346 1.93998
5.625 29.168 23.180 1.78297
2.465 29.329 23.856 2.12820
1.968 29.246 23.971 2.26653
3.350 29.624 24.169 1.53693
33.175 28.557 24.442 1.37760
6.437 28.610 23.849 1.50413
29.030 29.073 23.526 1.38891
1.457 29.844 23.891 0.75998
16.190 30.198 24.040 0.97306
8.613 29.671 23.553 1.49554
23.408 28.183 22.946 1.23155
4.230 28.548 22.965 2.04048
4.010 27.664 23.089 2.32367
17.793 27.260 23.059 1.57682
28.910 29.734 23.303 0.89884
21.370 26.797 23.562 5.11771
1.380 29.834 23.184 2.03087
0.000 29.757 23.928 1.02716
1.140 27.524 23.493 1.43566
0.108 31.485 23.635 1.54710
2.742 30.524 24.449 2.99646
29.520 28.506 23.113 2.20769
16.587 29.756 23.478 0.86003
10.110 28.105 23.097 1.96008
0.000 29.597 23.781 1.81638
0.615 27.780 23.865 2.19553
0.000 28.858 23.363 1.60593
1.450 31.078 23.554 1.62034
4.923 30.942 23.485 2.24851
3.730 28.923 23.669 2.67947
2.503 28.626 23.540 1.39646
2.967 31.123 23.252 0.78814
1.130 30.029 23.227 1.52659
0.000 30.103 23.039 1.29602
0.000 32.127 23.598 0.68396
0.000 32.761 23.224 0.81633
0.955 31.259 23.330 0.95616
3.002 31.135 23.394 0.68527
0.253 30.354 23.040 1.43721
0.335 30.589 23.505 1.96190
2.755 29.636 22.675 2.64431
0.000 29.177 21.196 3.09699
0.415 29.949 21.716 3.11191
3.970 29.336 22.390 2.86461
15.102 28.537 23.879 1.39001
22.510 28.231 23.113 1.11177
0.000 28.334 21.912 1.90798
0.000 30.633 21.582 2.31176
1.165 29.454 21.283 1.33228
0.000 31.022 22.267 1.47813
1.450 30.383 21.870 2.32029
0.000 30.138 22.461 2.67355
0.000 29.852 21.161 2.86986
0.000 29.884 20.605 3.08586
1.048 29.274 21.073 3.22698
0.000 28.896 21.762 2.44904
0.965 29.367 22.133 2.80216
1.667 27.285 22.168 1.98045
1.200 29.664 22.692 1.68974
8.495 30.542 22.191 2.19648
0.000 30.318 21.701 2.31259
0.725 30.840 19.992 2.99694
0.000 29.409 19.375 3.16529
0.148 28.356 19.774 2.94465
1.335 29.307 20.471 2.39999
0.075 30.160 21.643 1.31875
0.000 30.919 23.425 0.96383
25.620 30.255 23.696 1.56077
7.990 29.636 22.718 1.13760
1.075 30.805 23.556 0.89994
0.738 29.008 23.657 1.07083
9.403 29.267 22.753 0.72034
0.018 30.714 23.024 0.66565
0.000 32.201 22.893 0.68178
0.000 31.754 23.057 0.66705
0.000 31.891 23.021 0.71979
0.000 31.929 23.705 0.58157
18.862 32.073 23.181 0.65413
4.260 31.148 22.662 1.50626
0.000 30.492 22.179 2.24309
0.020 30.374 22.380 2.96516
0.493 29.899 21.051 3.17790
0.000 28.957 16.846 4.23929
0.000 28.061 16.449 4.24473
0.000 27.096 14.977 4.10040
0.015 27.699 15.441 3.27031
0.135 28.449 16.911 3.41560
0.008 27.694 17.546 3.11913
0.000 30.235 18.495 2.72663
0.170 29.942 20.113 2.32461
0.000 31.205 20.805 1.70174
0.000 32.386 20.809 2.56398
0.000 31.989 19.797 2.92889
0.000 32.189 19.751 2.23882
0.028 32.821 20.700 1.26400
0.000 32.578 22.440 1.79584
0.000 32.595 22.532 1.73736
1.737 32.398 20.184 2.91747
1.613 27.982 18.437 3.27232
0.000 28.365 16.225 4.83869
0.000 29.341 15.845 4.43638
0.000 30.254 16.242 3.18289
0.000 31.567 17.320 2.57826
0.000 32.445 19.478 2.72574
0.340 33.219 18.756 4.20202
0.013 30.753 16.217 4.89021
0.000 30.296 16.589 4.48778
0.067 30.411 16.759 5.16894
0.015 26.961 15.164 5.08134
0.000 29.442 15.440 4.22583
0.000 28.912 13.808 4.90803
1.880 27.577 12.884 4.32193
0.000 28.796 13.324 3.43006
1.218 29.944 16.236 3.91753
3.760 25.001 14.780 5.96182
0.000 25.203 14.067 4.30586
0.000 28.113 14.354 1.96192
0.000 31.687 16.871 1.36281
0.000 33.582 19.772 1.13764
0.000 31.352 21.236 1.27991
0.000 30.769 21.006 2.27404
0.000 32.914 19.302 3.15937
0.000 33.025 18.793 2.91799
0.000 33.101 19.302 2.71537
0.000 34.299 20.130 2.68691
0.000 34.510 21.182 2.42935
0.077 33.997 20.831 2.34171
0.000 34.733 21.377 1.04379
0.000 35.309 23.377 1.32181
0.000 35.564 20.252 2.52588
0.000 32.739 16.367 5.05679
0.000 30.782 14.328 4.23225
0.000 31.428 14.821 3.62625
0.000 30.369 13.878 3.70279
0.000 30.846 14.408 2.67086
0.000 31.850 15.793 1.49896
0.000 34.181 16.563 1.36601
0.000 35.056 17.663 1.08048
0.000 36.169 19.038 1.01268
0.000 36.457 19.612 0.84930
0.000 36.381 20.664 1.07146
0.000 36.884 21.171 1.43600
0.000 37.160 20.656 1.85889
0.000 36.836 20.028 2.07464
0.000 37.373 18.552 1.88776
0.000 36.087 16.871 2.60032
0.000 35.333 17.671 2.53035
0.000 31.914 14.925 4.45148
0.000 31.057 14.640 4.14342
0.000 30.654 14.791 3.96604
0.000 31.056 15.259 4.50209
0.000 31.457 16.798 2.66970
0.000 34.376 18.156 2.09485
0.000 35.635 20.629 1.18968
0.000 36.424 22.337 1.31246
0.000 36.358 23.402 2.27630
0.000 36.739 23.910 1.64574
0.000 36.773 22.772 1.55971
0.000 37.395 21.559 3.10201
0.000 35.851 20.465 3.51225
0.000 35.513 19.726 2.69625
0.000 35.855 20.467 2.19570
0.000 36.032 20.162 2.72058
0.000 35.266 20.335 3.44731
0.005 35.965 21.054 3.92793
0.000 35.200 22.598 2.60203
0.000 31.595 23.281 2.20591
0.000 36.083 22.083 2.66850
0.720 34.167 22.348 1.42510
0.000 37.077 23.405 1.07168
0.000 37.153 25.275 1.24291
0.000 35.335 25.323 1.45625
6.028 33.336 22.698 1.79439
0.108 33.042 20.472 2.46689
0.000 36.453 21.047 3.17521
0.000 35.666 21.977 1.91580
0.000 36.438 23.241 1.73034
0.000 38.536 23.564 3.39800
0.000 36.919 22.037 3.48356
0.000 37.395 22.761 2.46651
0.000 38.124 23.577 1.63485
0.000 38.616 24.164 2.00426
0.000 37.351 25.114 2.24628
0.000 38.496 21.119 3.18132
0.000 32.169 17.034 4.18905
0.000 34.936 17.705 3.59607
0.000 35.599 18.946 2.33908
0.000 37.329 21.365 1.33065
0.000 37.299 24.890 1.99053
0.000 38.277 25.957 1.91247
1.592 37.094 25.346 1.37207
0.288 38.972 26.863 1.17332
0.000 33.293 23.095 2.11440
0.000 36.694 23.969 1.41563
3.618 37.109 24.309 2.04655
0.000 38.756 25.412 1.69214
5.460 34.604 19.123 2.93703
0.045 30.421 19.575 3.27494
0.000 33.633 19.863 1.46250
0.000 37.367 24.106 1.03838
0.000 37.388 25.794 1.21650
7.523 36.803 26.148 0.96063
0.000 38.250 25.095 1.67844
0.000 36.774 25.767 1.34323
0.363 33.110 24.618 1.99495
0.000 36.182 24.632 2.24239
0.105 38.364 25.989 1.85657
0.068 38.363 26.403 1.82126
0.000 37.214 26.434 1.94274
0.000 38.094 25.842 2.30348
0.000 37.100 26.046 2.31343
32.610 35.725 24.957 1.23679
0.410 33.353 24.963 1.45620
27.185 31.285 23.226 1.48360
2.042 33.618 23.879 1.16038
5.003 32.408 23.400 1.16740
0.225 34.774 24.452 1.30923
0.130 34.232 24.942 1.59316
0.225 35.921 24.523 1.63580
0.000 37.280 24.995 1.43909
0.000 38.014 26.029 1.38074
22.048 31.969 24.676 1.52593
0.312 30.393 23.711 1.82606
13.320 33.728 24.719 1.51416
0.000 33.371 24.187 1.80452
0.388 35.219 24.746 2.50516
0.000 35.042 24.603 1.92906
0.000 36.219 25.622 1.56582
3.385 33.038 24.050 1.62811
37.985 32.636 20.316 2.64270
0.000 31.614 20.951 1.95573
0.000 36.403 22.780 0.89906
0.000 36.431 24.911 1.68482
16.735 34.242 24.719 0.93532
2.005 35.062 23.505 1.92818
0.155 36.542 23.522 2.27735
0.008 36.584 24.581 1.95483
0.200 37.302 25.861 1.30001
5.858 33.202 24.045 1.41116
1.695 35.018 24.922 1.04352
1.418 35.088 24.323 1.89932
0.000 35.984 25.412 1.51928
0.000 35.450 25.754 1.59005
12.847 32.983 25.170 1.45417
6.483 32.632 24.368 2.00030
0.042 34.894 24.803 1.63219
0.000 36.467 25.067 1.61114
5.370 35.353 25.322 1.75592
5.973 33.889 25.172 1.53016
3.905 32.522 24.307 1.45461
2.422 34.139 24.825 1.62725
0.398 33.395 24.974 1.77216
1.155 35.352 24.881 1.41911
14.190 33.376 25.293 1.11018
9.103 32.113 25.009 0.83671
2.503 31.946 23.900 1.06751
0.128 33.345 23.933 1.09079
0.000 37.566 23.011 2.93239
0.070 35.579 20.394 4.28329
1.043 34.363 20.374 2.85388
0.307 35.951 22.156 2.09894
0.690 36.723 24.373 1.41464
43.572 32.298 24.105 1.13624
18.323 31.494 23.742 1.72035
5.303 30.134 23.679 2.52765
3.890 31.628 24.427 2.22649
0.257 31.236 24.243 2.87127
1.473 30.951 23.927 1.88375
0.000 31.843 23.837 2.03273
3.462 32.255 23.910 1.71010
7.242 32.298 23.908 1.23832
1.615 32.283 24.062 1.43858
0.163 31.504 23.637 1.47170
0.405 32.641 24.524 1.92221
16.105 31.432 24.519 2.24835
0.000 29.721 23.312 1.70764
2.150 31.477 24.122 2.28174
0.000 31.075 23.728 2.06163
1.660 31.464 24.255 2.57513
2.855 31.855 23.559 2.73487
1.675 32.587 23.844 2.52643
0.980 32.596 23.815 2.76097
0.000 32.976 24.166 2.50117
0.000 32.313 23.676 2.47130
0.000 33.194 24.330 2.98180
10.058 32.115 24.552 2.71177
0.002 30.876 24.118 2.21270
2.330 33.040 24.514 2.53432
0.000 32.829 24.077 2.39853
8.897 32.782 24.157 2.45824
2.318 34.941 24.222 2.34226
5.782 34.920 25.109 1.95142
15.820 31.622 24.993 1.21068
13.035 31.197 24.576 0.82621
0.870 29.868 23.903 1.67600
12.505 31.284 24.367 1.10480
5.160 30.265 24.133 1.08936
0.065 29.505 24.171 0.96001
26.965 31.109 23.871 1.37861
14.708 30.897 23.804 1.32735
3.638 30.557 24.112 1.16573
4.908 29.631 23.606 1.55119
0.770 31.543 23.494 2.21261
0.270 31.102 24.419 2.84083
3.173 29.197 24.278 3.04633
25.678 27.830 23.381 2.69473
4.800 29.613 24.387 1.36990
12.790 28.767 23.952 2.36280
1.508 30.034 24.148 3.28779
5.617 28.415 24.298 3.18820
26.910 29.987 24.486 2.97743
0.000 28.928 24.066 3.20197
0.738 29.855 24.489 3.18427
0.000 29.587 24.461 2.84483
0.000 30.928 24.769 3.19671
56.515 30.409 23.804 3.08802
14.018 30.958 24.427 3.26780
1.295 30.086 24.574 3.27047
0.052 28.226 24.231 3.04966
0.183 29.348 24.319 3.07916
6.673 29.278 24.251 3.16424
1.442 28.892 23.597 3.42896
13.900 28.981 23.349 3.55932
19.780 29.365 23.235 2.80932
8.855 29.059 22.976 1.03824
2.752 30.573 23.394 1.71550
8.873 29.694 23.685 2.68450
6.505 29.340 23.769 3.07354
20.337 29.956 23.839 3.09587
2.460 29.068 23.279 2.88622
8.040 29.274 23.719 3.02061
21.510 28.518 23.186 3.16730
7.433 27.059 22.468 3.01636
0.367 29.243 23.154 3.02706
11.898 29.080 24.245 2.42546
39.720 28.846 23.746 2.63225
12.295 28.959 23.440 2.25483
6.087 27.608 22.859 2.49204
0.000 28.619 23.039 2.91078
3.047 27.800 23.159 2.95996
0.410 28.971 23.409 4.01806
1.028 30.359 23.501 3.86114
0.260 30.421 23.773 3.44509
3.688 30.579 23.196 3.34158
0.222 28.784 23.792 2.82332
1.448 28.968 23.414 3.27091
22.112 30.129 23.626 3.12287
1.415 29.524 23.357 3.08226
20.447 29.510 23.798 2.92053
31.213 28.816 23.808 2.05266
10.602 29.741 23.317 2.40559
21.343 30.162 23.906 3.01380
2.338 29.216 23.295 3.31804
0.008 30.147 23.679 2.59614
0.175 29.552 24.090 2.48887
13.157 27.695 23.459 2.53818
0.588 28.846 23.380 1.92569
30.815 28.447 23.401 1.92529
1.948 29.748 23.230 2.68478
3.093 29.674 22.826 2.82145
7.277 31.017 23.744 2.03994
21.152 28.042 23.725 1.39141
8.333 28.232 23.394 2.03666
0.000 29.540 23.315 1.71798
17.085 29.816 23.712 1.51238
32.020 27.802 23.662 2.63772
10.325 24.245 21.652 2.87003
0.122 28.875 22.448 1.70520
0.000 30.044 22.771 1.83730
2.230 30.749 23.371 1.55865
0.000 30.847 23.245 1.56408
0.000 31.083 23.942 1.50567
4.058 29.847 23.648 1.72370
1.487 30.425 22.961 1.44623
0.000 31.932 24.014 1.19989
1.785 30.412 24.261 1.62945
3.138 29.394 23.362 1.83189
1.075 27.379 21.177 2.89973
0.000 28.184 20.976 2.25685
0.500 30.006 21.431 1.83165
2.087 30.417 22.508 1.14648
5.110 29.741 23.139 0.97088
4.453 30.932 23.720 1.19239
23.917 28.927 23.364 1.27403
14.898 29.868 23.364 1.36385
3.858 27.315 23.451 1.12591
7.370 28.356 22.081 1.07766
2.085 29.696 22.125 1.17131
4.795 30.036 22.969 1.92690
1.038 30.380 21.583 1.90955
0.005 29.436 22.260 2.20683
51.335 28.783 22.476 1.66446
21.392 26.405 22.740 3.16475
0.280 28.740 22.546 1.87189
11.330 30.549 23.630 1.21312
1.932 29.381 23.172 1.69923
2.880 29.898 22.317 1.69651
0.093 30.053 22.689 2.07353
92.377 28.384 22.831 3.67714
12.885 27.196 23.142 3.84912
0.063 29.380 23.264 1.89592
10.740 30.076 23.563 1.12696
4.545 28.198 23.047 1.51324
6.440 27.255 23.124 1.95174
0.000 28.334 22.411 2.36954
24.460 30.229 23.076 1.74483
3.915 27.073 22.476 1.68924
0.095 29.412 20.957 1.82593
10.247 30.037 21.688 1.00123
0.000 29.431 21.917 1.75261
6.580 30.116 21.534 1.27733
0.000 30.472 22.652 1.23277
8.505 31.457 23.413 0.55201
0.000 30.425 22.788 0.66404
0.000 31.219 22.544 1.27849
4.495 29.362 22.164 0.74590
0.000 31.121 22.237 1.13336
0.000 29.654 21.333 1.93722
0.000 30.224 20.568 1.86122
0.000 30.397 20.944 1.78946
0.000 30.717 22.013 1.71584
0.625 30.500 20.439 2.25872
0.000 30.260 21.275 2.53526
0.000 30.236 21.821 3.01205
1.595 29.994 21.445 2.86403
0.000 29.568 20.374 2.77155
0.000 29.414 19.210 2.98128
0.155 29.154 19.548 2.76242
1.052 29.009 20.210 2.86339
0.000 28.656 18.230 3.41519
0.000 27.711 16.464 2.80954
0.000 27.223 16.660 2.41865
0.000 28.366 17.597 1.81305
0.000 29.411 17.845 1.63317
0.000 29.261 18.484 2.81990
0.000 28.482 19.255 3.06733
0.000 29.647 19.970 2.35513
0.293 30.440 22.017 1.91246
0.000 30.890 20.774 1.92871
0.000 30.003 19.099 2.84166
0.000 29.738 19.543 2.22157
0.000 30.363 19.115 1.50879
0.000 30.800 19.876 2.02627
0.000 31.849 20.908 1.81546
0.000 31.682 21.583 1.64976
1.900 32.631 22.536 1.19270
12.283 28.840 21.472 1.15645
0.000 32.609 22.266 0.94645
0.000 32.383 22.657 1.22887
0.000 31.537 22.353 1.29314
0.000 32.732 23.272 0.57969
0.000 33.019 23.792 0.68982
0.000 33.118 22.532 0.53500
0.000 33.153 22.151 0.90148
0.000 33.594 23.182 0.80813
0.000 34.091 23.321 0.65905
0.000 33.878 22.413 0.98410
0.000 33.912 21.946 1.36391
0.000 34.110 21.698 0.92864
0.003 34.367 19.961 2.47263
1.857 33.222 20.685 2.48508
0.000 31.929 19.300 3.69186
0.000 32.418 19.635 4.07474
0.000 32.632 20.217 3.31969
0.000 33.969 22.096 2.33943
0.575 33.778 22.522 1.83538
2.245 34.682 20.420 2.25206
0.000 34.594 21.257 3.20930
0.000 33.413 21.539 3.26605
0.000 32.931 21.091 2.98528
0.000 33.237 19.093 2.66587
0.000 33.025 18.436 3.25146
0.000 32.293 17.233 3.32611
0.000 32.347 17.762 3.35512
0.000 31.226 16.079 5.01956
0.000 30.102 15.397 4.15688
0.000 29.833 15.755 3.77308
0.000 30.910 15.957 5.11502
0.000 29.512 14.375 5.07717
0.000 28.992 12.834 4.40565
0.000 28.772 12.744 3.75800
0.000 29.198 13.707 2.62986
0.000 30.503 15.743 2.89035
0.000 31.574 16.868 1.91996
0.000 32.203 16.750 1.74784
0.000 32.605 17.226 1.97915
0.000 32.447 17.495 3.01674
0.000 31.452 17.405 2.71885
0.000 32.118 18.057 2.64881
0.000 32.504 19.680 2.59391
0.000 33.696 19.600 1.61566
0.000 34.009 18.745 1.62380
0.000 35.180 20.080 1.91969
0.000 35.374 20.029 3.57150
0.183 32.553 19.044 5.04144
0.000 31.042 16.825 5.71101
0.000 29.983 17.217 4.94774
0.015 28.538 16.111 4.92788
0.007 30.383 16.266 4.53949
0.000 31.613 16.711 2.93164
0.000 33.231 17.674 3.01948
0.000 33.872 18.422 3.08628
0.000 34.885 19.562 2.78969
0.000 34.470 19.221 2.80165
0.000 35.136 19.808 1.93533
0.000 35.579 21.623 2.29308
0.000 36.092 21.530 2.81441
0.000 34.918 20.240 3.75958
0.000 33.778 20.475 2.73421
0.000 34.371 22.222 1.82908
0.000 35.710 20.667 2.84083
0.000 34.125 20.933 2.38966
0.000 35.633 18.669 3.84753
0.000 33.877 17.566 4.29552
0.000 34.142 17.562 3.93792
0.000 33.299 17.533 4.17021
0.000 32.119 15.037 5.30155
0.000 29.196 13.653 5.38702
0.000 30.070 13.871 3.21354
0.000 31.178 14.176 3.24502
0.000 30.531 14.102 3.38330
0.000 30.305 14.777 4.59538
0.000 30.255 14.108 4.09024
0.000 30.174 14.623 2.76703
0.000 31.961 15.288 1.92632
0.000 33.081 16.729 1.60522
0.000 33.768 20.454 1.26139
0.000 35.066 21.072 1.88951
0.000 35.848 19.550 1.88296
0.000 36.592 19.751 2.30929
0.000 37.906 19.483 2.21642
0.000 37.624 21.039 1.56186
0.000 38.185 23.214 1.22414
0.000 37.882 24.319 1.26558
0.000 38.256 25.058 1.32045
0.000 38.194 23.855 2.23117
0.000 37.734 22.826 2.40477
0.000 38.358 22.427 1.94508
0.000 39.317 23.696 1.31635
0.000 39.614 24.967 1.23751
0.000 38.037 26.291 1.05265
0.000 36.804 26.696 1.58071
0.000 34.414 25.994 1.32553
13.952 36.125 25.912 1.24083
0.000 37.312 26.237 0.92608
0.273 38.875 27.373 0.79112
0.013 35.884 25.456 1.76587
0.000 35.109 25.718 1.03314
0.000 33.859 24.168 1.03421
0.000 33.824 23.795 1.23010
0.000 36.190 24.388 1.78880
0.000 36.434 24.259 1.70208
0.000 36.991 25.395 1.56813
0.000 38.049 25.404 1.65113
0.000 36.678 23.667 1.56847
0.000 35.314 22.345 2.56031
0.000 36.528 23.408 1.31796
0.000 35.473 24.360 2.54441
0.370 35.014 24.460 1.43219
0.000 38.659 25.413 1.63019
0.000 38.391 26.485 1.61995
0.000 37.949 26.411 1.63032
0.000 38.344 26.052 2.57881
0.000 39.176 26.394 2.31041
0.093 39.212 27.180 2.13331
1.415 36.810 26.300 2.00660
27.245 30.825 23.833 1.65381
0.000 31.114 21.834 2.60300
0.443 28.620 20.067 4.00084
0.000 34.062 21.214 1.93395
0.000 36.189 24.075 1.43459
0.000 35.732 24.456 1.56612
1.097 35.248 24.728 1.53319
0.880 33.782 23.568 1.79623
0.000 36.107 24.865 2.00088
0.000 35.346 26.110 1.21293
5.252 32.604 25.529 1.09258
0.000 36.096 25.500 1.33358
0.000 36.127 24.265 0.96153
0.000 39.078 24.466 2.07221
0.000 40.941 24.693 2.80841
0.000 40.722 26.218 2.29567
1.550 39.867 23.459 3.48848
2.497 34.260 22.460 3.25442
0.063 35.651 23.167 3.07947
0.000 38.529 24.273 3.02819
0.000 37.419 24.596 2.13052
10.220 38.282 24.316 2.54545
4.450 35.985 25.107 1.68154
5.255 35.190 24.337 1.28522
0.473 34.090 23.868 2.13413
1.030 34.442 25.085 1.75498
0.545 32.882 25.308 0.70800
11.047 34.616 24.632 1.17983
0.000 37.397 25.779 1.75012
2.127 36.368 25.645 2.36696
0.000 39.722 26.839 2.17777
2.690 33.642 22.919 2.79869
0.565 37.345 24.559 1.62865
2.135 39.177 26.309 2.04300
0.000 35.205 26.454 2.11283
0.000 35.651 26.045 2.57413
3.805 38.579 25.209 2.85784
0.000 40.560 26.954 1.91780
17.025 33.155 24.699 0.85487
0.417 34.649 25.177 1.69570
0.565 37.704 25.292 1.47819
5.860 33.377 24.712 1.73677
4.880 31.792 23.383 1.29727
1.313 30.641 22.798 2.34077
4.355 31.188 23.367 1.80293
8.152 32.620 24.122 1.08852
6.995 32.644 24.452 1.35253
10.905 31.065 23.770 1.29263
22.208 32.630 24.201 1.58261
12.868 29.404 22.501 2.09106
2.873 30.350 23.822 0.75203
0.148 29.970 23.762 1.14535
18.105 32.248 24.412 0.85120
17.388 30.657 24.428 0.84225
50.152 29.217 24.454 1.02980
35.828 28.459 23.960 1.15049
4.782 27.373 22.496 2.15488
1.675 31.456 23.974 0.91790
2.320 30.153 23.858 1.57986
1.757 31.999 24.023 1.37548
1.597 31.591 23.872 2.20564
4.815 30.469 24.040 1.85185
1.902 30.940 23.031 1.71358
1.587 32.379 23.889 2.30901
0.837 31.428 22.959 2.76913
0.187 32.088 23.521 2.78186
3.195 31.878 24.178 2.98485
0.872 32.485 24.473 2.93670
0.000 33.207 24.394 2.44515
8.908 31.598 24.479 2.16184
35.392 30.333 24.433 2.30988
3.097 29.997 24.266 2.06869
5.642 29.620 23.569 2.18101
1.338 30.735 23.918 2.01438
3.233 31.578 23.966 2.17851
8.193 30.765 24.325 2.13420
0.340 30.594 24.328 2.05042
2.105 30.931 24.316 1.87240
0.438 31.131 24.419 1.67134
4.663 30.724 23.771 1.76857
0.000 32.300 23.995 1.90345
0.595 31.322 24.207 1.86992
0.000 32.436 24.110 2.07994
1.273 33.092 24.757 2.09745
0.040 31.869 24.094 2.29154
2.350 33.905 24.469 1.98363
0.095 32.297 24.888 1.95285
0.000 31.753 24.169 1.76941
0.212 33.191 24.555 1.56811
6.355 32.573 25.100 1.64480
5.635 30.094 24.019 1.80318
3.733 30.764 24.788 1.26992
8.778 30.885 24.323 0.94778
5.032 31.748 24.213 1.41063
1.753 32.564 24.502 1.12880
6.630 32.922 24.787 0.80003
16.837 32.474 25.111 0.89383
11.900 32.531 24.575 1.19451
0.000 30.853 24.527 1.17694
2.595 31.984 24.952 2.20476
2.675 30.251 24.451 2.89296
3.698 30.662 24.212 3.15737
13.012 30.153 23.995 2.68368
6.390 29.450 22.885 3.34561
5.700 30.168 24.048 3.31504
1.365 30.868 23.746 3.37681
0.295 30.407 23.671 2.92963
5.523 29.258 23.439 3.14293
21.788 30.074 24.070 3.48037
41.560 29.077 24.018 3.50534
2.368 29.626 23.881 2.96071
7.722 30.536 23.840 2.55250
0.000 30.003 23.715 2.37432
0.000 31.524 23.640 2.63661
0.000 30.661 24.082 2.84015
0.105 31.412 23.928 3.28604
0.000 32.023 23.663 3.63891
0.000 32.081 24.443 3.71035
1.360 31.125 24.440 3.28286
4.210 31.151 24.431 2.95916
21.445 31.622 24.338 2.79493
1.205 28.907 23.359 2.40959
0.507 31.365 24.073 2.21944
2.615 30.190 23.997 2.49417
1.165 31.088 23.756 1.87028
3.742 29.925 23.067 1.42528
0.703 31.341 23.471 0.58929
9.302 32.077 23.826 0.84776
23.822 29.897 22.908 1.24512
0.000 32.327 22.436 1.01568
0.237 33.001 23.445 0.88790
0.243 30.927 23.399 1.32820
1.260 29.709 23.412 1.30751
24.115 29.170 22.598 1.81398
2.613 29.783 23.402 1.52479
64.073 29.751 23.334 2.62615
9.637 30.181 23.135 2.74726
0.285 30.042 22.847 2.89509
3.333 30.445 23.631 2.56417
1.947 29.691 23.208 2.72772
45.643 28.610 23.628 3.20642
38.458 28.360 23.052 3.67867
5.065 28.701 23.280 3.40484
0.907 30.192 23.860 3.47919
0.413 27.776 23.408 3.53762
0.900 30.352 23.418 3.77298
20.948 28.900 23.978 2.92200
0.050 30.142 24.498 3.15702
0.400 31.185 24.559 2.89000
0.000 29.858 24.020 2.55132
7.843 29.462 24.322 2.50006
61.197 28.902 24.097 3.07299
9.030 28.379 23.474 2.84727
27.582 29.739 24.051 2.58492
0.593 29.394 23.804 2.25746
0.490 30.053 24.022 2.21834
5.483 29.365 23.574 2.50962
0.665 29.596 23.311 2.12284
1.667 30.055 23.666 1.73106
0.000 30.254 23.778 1.09694
25.458 29.706 23.507 0.90448
0.693 31.888 23.616 0.78321
3.895 30.503 23.888 1.05560
6.725 30.903 24.183 0.94007
12.375 28.360 23.388 1.19024
4.460 29.051 23.448 1.60268
2.693 30.235 23.739 1.73992
1.875 30.164 23.757 1.76083
24.852 30.460 23.697 1.83408
15.188 29.469 23.426 2.28005
0.595 30.007 22.589 1.99151
0.885 31.505 24.027 1.18539
10.395 29.257 23.088 1.27056
6.247 30.889 23.645 1.29710
0.000 31.050 24.126 1.95377
4.025 28.812 23.272 1.59991
3.608 29.953 23.460 1.88698
1.568 30.665 23.497 1.75098
0.285 30.815 24.516 1.42705
5.107 29.567 24.152 0.94766
52.780 31.678 24.050 0.81817
27.522 31.047 24.197 0.73082
1.932 29.071 23.131 1.07022
8.350 30.714 23.951 1.32664
30.385 28.568 23.784 1.53943
21.638 28.117 23.322 1.15062
1.030 29.788 19.510 2.08933
0.000 29.163 20.058 2.20187
0.000 29.845 20.840 1.83346
0.000 30.559 22.118 1.61329
0.000 30.791 22.536 1.14712
0.040 32.607 23.789 1.14308
10.470 31.007 23.068 1.48598
12.995 30.383 23.431 1.15791
7.178 29.981 23.656 1.63735
1.777 29.849 23.075 1.10717
0.607 30.486 22.713 1.19046
7.515 30.397 23.099 0.95172
11.403 28.477 23.687 1.83125
21.168 27.515 24.005 3.42002
15.575 27.877 23.432 3.39673
9.627 28.730 22.900 2.40415
18.337 29.127 23.338 2.16855
0.927 28.647 22.773 1.46989
3.578 29.771 23.598 1.35442
12.155 27.798 22.923 1.24654
53.123 27.644 22.149 1.51713
2.877 27.169 21.818 1.13026
7.213 28.757 21.841 1.49067
1.047 29.654 22.594 1.59868
14.222 28.457 22.415 2.14407
0.790 28.726 21.725 2.63196
2.663 27.166 20.403 3.71187
0.237 27.889 20.571 3.36828
0.000 28.667 20.908 2.88468
0.000 28.731 19.935 3.77522
0.000 28.109 19.107 3.37413
0.000 28.487 19.750 2.68642
0.010 29.518 21.410 2.84472
0.125 28.545 20.168 2.73355
0.427 29.119 20.128 3.25058
0.015 29.042 20.841 3.46162
1.810 29.205 20.899 3.35202
0.000 29.304 21.227 2.13081
0.000 30.120 21.901 1.67461
0.000 29.898 18.497 2.98696
15.780 25.868 19.937 2.79396
0.000 28.923 20.722 1.45718
4.113 29.383 19.514 2.77699
0.220 26.269 16.950 3.61906
0.000 27.081 16.852 3.41968
0.000 26.217 16.446 3.84535
0.000 26.917 16.870 3.34556
0.000 26.664 17.227 3.13776
0.000 26.560 15.282 3.11651
0.000 25.960 14.699 3.08945
0.000 27.030 15.709 2.98430
0.992 27.777 18.587 3.02069
0.685 27.257 20.113 3.20282
0.005 29.030 20.732 2.52776
1.627 29.499 22.161 2.10281
0.000 29.044 20.865 2.44084
0.000 28.964 20.007 2.79636
0.493 28.365 19.467 2.71421
0.495 27.773 19.895 2.54321
0.420 28.517 21.088 3.37781
0.000 28.642 18.041 3.62647
0.000 28.018 17.546 3.52059
0.205 27.495 17.515 3.42935
0.550 27.445 16.693 3.66931
0.265 25.868 16.412 3.60862
0.000 26.616 15.523 3.25461
0.000 27.804 16.261 2.66424
0.000 26.641 14.547 3.03648
0.000 25.536 11.202 3.18457
0.000 25.656 11.706 2.90443
0.000 25.774 12.765 2.38422
0.000 26.222 13.050 1.92280
0.000 27.175 14.083 1.67276
0.000 28.245 15.453 2.23233
0.000 28.937 17.032 2.57986
0.000 29.500 17.430 2.89445
0.000 29.672 18.470 3.58713
0.000 30.182 18.810 3.83328
0.000 30.630 19.084 3.21855
0.000 30.331 18.160 2.26728
0.000 31.715 18.950 1.69362
0.000 32.307 19.119 1.96041
0.000 32.477 19.364 1.68470
0.000 33.100 20.197 1.61603
0.000 33.520 20.766 1.94600
0.000 33.168 21.493 1.69733
0.000 33.299 21.624 1.86865
0.000 33.938 21.386 2.13292
0.000 34.627 22.052 2.11168
0.000 34.155 21.487 2.22674
0.000 34.523 21.323 2.25694
0.000 34.268 21.204 1.23008
0.000 34.823 21.682 0.82309
0.000 35.570 20.862 0.74507
0.000 35.374 20.427 0.60820
0.000 34.188 19.087 2.07429
0.000 33.908 19.260 1.56212
0.000 33.793 19.558 1.97196
0.105 33.240 18.527 2.04708
0.000 32.044 18.138 2.80516
0.000 32.548 18.310 3.40501
0.000 31.789 17.497 3.90881
0.000 30.472 15.417 5.26880
0.000 27.383 12.746 5.22195
0.000 27.612 13.178 4.02337
0.135 29.450 14.556 2.71994
0.000 31.418 16.879 2.27287
0.000 31.752 16.957 2.46590
0.000 32.058 16.753 1.64727
0.000 32.641 16.393 1.80123
0.000 33.346 17.200 1.44857
0.000 34.186 18.580 1.10963
0.000 35.228 18.819 1.03755
0.000 35.428 18.737 1.28450
0.000 35.933 18.502 1.33499
0.000 36.406 18.398 1.89476
0.000 34.291 19.228 2.61357
0.000 33.529 17.223 4.17683
0.000 31.147 17.342 4.87284
0.000 32.073 15.838 4.02498
0.000 33.391 16.412 2.61389
0.000 34.708 17.752 2.10480
0.000 35.151 17.308 1.68008
0.000 36.491 17.175 1.82801
0.000 36.162 17.585 3.04292
0.000 34.629 18.394 3.56984
0.022 31.871 17.612 4.80864
0.000 29.111 17.852 2.69279
0.000 33.911 19.908 2.48575
0.000 34.333 20.905 2.02725
0.000 36.693 22.271 1.56530
0.000 35.470 24.037 1.11437
0.000 35.492 23.288 1.53005
0.000 37.296 21.516 2.25329
0.595 35.800 22.009 2.04008
0.000 30.474 17.802 3.26847
0.000 25.737 17.848 2.50091
0.000 31.752 18.235 2.29598
0.000 34.625 19.954 2.13907
0.000 35.138 18.183 2.78461
0.000 35.050 17.680 2.50111
0.000 34.435 16.102 3.46949
0.000 32.795 16.680 3.17157
0.000 29.897 18.563 2.02958
0.000 35.519 18.557 3.08176
0.000 32.792 15.389 4.53611
0.000 31.596 15.551 3.84965
0.000 32.240 15.154 4.38715
0.000 31.695 15.776 3.49552
0.000 33.401 17.452 2.42969
0.050 34.217 19.550 2.85149
0.233 34.712 18.442 4.07078
0.000 33.411 16.821 4.69871
0.000 31.807 15.669 4.21869
0.000 32.906 16.507 2.92102
0.000 34.317 17.594 2.84937
0.000 31.429 21.022 2.17893
0.320 35.961 22.185 1.50085
0.000 36.417 23.969 1.71673
0.000 34.145 20.137 3.15400
0.000 32.567 16.694 5.40726
0.175 33.491 17.346 3.89162
0.000 32.755 17.250 3.89523
0.000 33.921 17.779 3.32491
0.000 34.696 15.401 4.14975
0.000 33.735 16.365 4.13673
0.088 33.971 17.388 3.26399
0.000 35.036 19.442 2.66324
0.000 36.092 21.185 2.36209
0.562 35.629 22.614 3.07351
0.000 35.174 21.784 2.72275
0.000 35.921 22.300 2.64713
0.000 38.108 22.374 2.71933
0.000 38.048 23.586 2.22183
0.000 38.447 24.982 1.20572
0.000 39.039 26.510 1.15809
0.000 38.783 25.583 1.24525
0.000 39.429 25.981 1.29202
0.000 39.848 24.871 1.72462
0.000 40.182 26.266 1.80368
0.000 38.991 25.930 1.64923
0.000 38.817 27.397 0.77008
0.133 37.325 26.608 1.96653
10.388 30.736 23.451 1.46438
0.000 36.552 24.660 1.16210
0.000 35.758 23.673 1.54406
0.000 36.123 24.609 1.62620
0.000 36.041 24.993 1.58798
0.435 37.290 25.461 1.38050
10.420 36.285 24.775 2.09451
0.000 37.224 25.753 2.04850
1.793 34.776 26.000 2.25946
0.000 35.969 25.780 2.05755
11.295 31.535 23.529 1.40731
0.428 37.724 25.104 1.45708
3.410 28.717 23.074 1.01055
0.000 34.401 23.866 0.92211
2.645 34.977 24.671 1.19543
7.247 36.793 24.590 2.18303
1.525 34.069 24.203 1.65998
0.000 34.760 24.047 1.46863
0.000 37.114 24.643 1.86130
0.000 38.911 25.323 2.32950
0.000 38.489 25.251 2.49277
0.000 39.078 25.795 2.20534
0.000 38.308 26.303 1.75608
8.080 35.954 25.726 1.52058
0.000 35.973 25.011 1.35747
0.400 38.196 25.665 1.21104
1.145 38.864 25.390 1.90857
0.000 40.127 24.958 2.53219
0.000 39.728 26.665 1.58813
0.000 36.337 25.962 2.06667
0.000 37.587 26.523 2.15003
0.140 36.007 26.478 1.32437
6.240 37.328 26.255 1.05828
0.172 36.407 24.777 2.71760
0.592 35.948 23.870 2.70131
0.075 33.839 24.509 2.30232
0.000 36.689 25.813 1.33452
3.680 35.368 25.399 1.10571
50.095 34.799 24.008 1.74863
10.182 24.946 23.773 1.49111
0.075 34.342 24.591 2.02128
4.315 33.190 23.993 2.25320
9.558 33.377 23.904 2.82622
0.862 35.431 24.567 3.28852
6.565 32.030 24.218 2.13170
2.845 33.910 24.196 2.22469
15.463 33.741 24.177 1.92142
1.020 32.314 23.481 2.05406
0.000 35.848 24.254 2.29529
0.628 35.948 25.126 2.57116
1.185 33.631 23.083 1.78324
58.600 30.289 23.135 1.81593
31.297 30.923 23.422 1.63553
5.695 28.188 22.617 1.42205
0.665 29.484 22.962 1.01360
0.515 31.544 23.957 1.61707
0.695 29.171 23.830 2.11946
11.007 32.347 24.307 2.81490
5.345 31.668 24.360 2.99050
31.242 30.457 24.289 2.91871
5.323 29.726 23.860 2.14177
24.475 28.424 23.327 2.21841
11.097 30.004 23.872 2.10499
25.717 28.640 23.406 1.87619
12.917 28.873 22.980 2.04320
0.613 30.658 23.475 2.16477
0.860 30.863 23.358 2.18319
0.615 31.100 23.767 2.59381
8.168 29.810 23.765 2.82930
2.802 30.244 24.033 2.41566
4.460 30.689 23.585 2.14865
0.595 30.098 23.391 2.18886
0.687 30.233 23.851 2.12668
9.573 30.340 23.939 1.81426
0.000 29.785 23.356 1.48009
2.447 31.262 23.453 1.80735
0.123 31.450 24.067 2.14158
0.248 31.163 23.575 2.08240
0.323 31.740 24.591 0.97527
24.265 29.840 24.133 0.87813
2.400 30.574 24.209 0.61332
3.407 31.274 23.953 1.12665
9.178 31.384 24.363 1.15640
3.325 29.343 23.762 2.44391
10.260 28.014 23.576 3.25586
0.535 29.942 23.638 3.55780
0.240 28.647 23.780 3.09774
36.478 29.000 23.383 2.69401
26.838 30.219 22.824 2.57537
1.333 28.782 22.592 1.99308
3.000 30.296 22.475 2.06096
0.000 30.880 23.085 1.77653
0.000 31.222 23.473 2.18187
0.135 30.717 24.046 2.09155
0.000 31.281 24.683 2.98322
0.000 28.741 24.462 2.40057
0.295 29.596 23.841 2.47997
0.975 31.713 23.962 2.59925
0.000 31.307 24.183 2.72713
10.847 30.623 24.323 2.44328
1.515 31.969 23.520 1.82729
8.428 32.259 23.766 2.33584
23.218 29.504 23.346 1.94391
1.610 29.117 22.742 2.43384
0.000 30.167 22.696 2.56806
0.000 31.065 23.395 2.45399
0.802 30.463 23.489 2.68688
0.700 30.918 24.050 2.82939
8.535 28.897 23.731 2.55512
20.310 29.436 23.765 2.81201
0.627 29.037 23.631 2.58880
0.203 30.220 23.075 2.61055
0.595 30.875 24.012 2.35640
4.372 30.724 23.750 2.24976
7.087 30.680 23.831 2.25023
2.757 31.348 24.058 2.41611
0.000 31.274 23.830 2.46591
19.267 30.496 23.627 2.58803
13.622 30.946 23.505 2.63090
0.378 31.197 23.825 2.35862
4.640 29.875 23.279 1.91402
2.163 30.293 22.856 1.60959
0.000 31.484 24.132 1.82798
0.000 30.702 23.133 2.21679
0.072 31.369 23.674 2.29639
0.753 31.075 23.046 2.16918
0.038 31.641 23.475 2.21023
1.115 31.898 23.804 2.64180
1.725 29.301 23.510 3.13757
0.000 29.243 23.019 2.91296
0.488 30.385 23.228 3.03861
18.820 29.354 22.763 3.39562
6.515 30.371 23.096 2.82328
39.057 30.561 22.903 2.36345
1.235 28.753 23.198 2.34155
0.645 29.467 23.698 2.40015
16.275 29.654 23.505 2.37343
16.435 30.524 23.803 2.43704
3.645 30.184 22.771 4.01065
1.595 28.433 23.158 4.25115
2.142 29.647 22.649 3.78503
3.490 31.437 23.493 2.83926
23.905 31.783 23.769 2.83928
11.132 30.231 23.166 2.53794
37.287 29.944 23.090 2.36260
2.170 29.597 22.927 1.99861
0.880 30.548 23.860 2.30792
0.000 31.211 23.399 2.65553
0.000 31.195 23.578 2.71197
0.000 31.730 23.816 1.99761
39.997 28.626 23.628 1.43042
2.745 27.840 22.691 1.64485
0.188 30.111 23.540 1.51680
0.408 29.465 23.769 1.75544
0.033 29.558 23.409 2.28222
0.925 29.961 23.452 1.29794
1.708 29.588 23.234 1.26784
0.542 31.300 23.461 1.00528
1.738 32.759 23.408 0.86182
2.167 30.971 23.952 1.25449
2.565 29.084 23.312 1.32784
0.590 30.242 23.491 1.36011
5.503 30.720 23.885 1.35083
2.980 30.634 23.631 1.29259
1.835 30.452 23.311 1.09393
0.022 29.962 24.440 0.53960
0.513 31.900 24.136 0.79543
0.528 29.813 22.989 1.03468
10.372 29.362 23.762 0.70412
4.780 29.138 23.410 1.56697
37.898 30.553 23.943 1.22125
11.950 29.669 23.460 1.25253
8.565 31.755 23.415 0.95928
45.143 30.845 23.912 1.75287
16.927 30.747 23.559 2.22060
17.668 28.844 23.229 3.09337
2.547 27.104 23.465 3.33015
51.368 29.751 23.484 3.17800
27.018 28.294 22.884 2.46947
2.312 26.760 22.876 3.01993
11.772 27.505 22.220 2.85048
10.523 27.957 22.742 2.95972
58.977 26.579 23.018 2.67453
31.932 28.273 22.783 2.61480
3.733 25.717 22.878 1.90522
1.460 28.324 23.017 2.26657
0.467 30.590 23.531 2.22481
1.810 29.972 23.881 3.16321
6.855 29.228 23.329 2.70666
6.895 28.602 23.319 1.87574
10.015 28.830 23.620 1.64660
14.923 27.350 23.328 1.89730
0.013 28.455 23.377 1.01093
9.540 29.967 23.115 1.78062
22.462 29.328 23.561 1.33257
44.848 30.456 23.775 0.60861
0.000 29.315 23.437 0.72798
0.000 30.475 23.102 1.22226
2.315 30.393 23.556 1.22338
5.485 29.814 23.013 0.87904
1.560 29.928 22.385 0.99245
3.622 30.512 22.549 1.10374
0.440 29.931 22.599 1.32878
0.350 30.478 23.041 1.94873
0.063 30.025 22.235 2.28427
0.000 29.952 21.965 2.35400
0.402 30.288 22.231 2.23458
0.000 29.634 21.419 2.39051
0.173 30.351 22.074 1.93100
0.000 30.486 22.463 2.73011
15.490 27.576 22.569 3.22562
2.565 28.435 22.852 2.23958
2.285 29.748 23.175 1.12915
0.000 30.378 23.970 1.54566
0.158 31.118 23.432 1.38453
0.402 30.646 23.482 0.92759
9.748 29.189 23.558 1.15203
3.918 30.085 22.469 1.61455
1.062 29.638 22.612 1.97545
0.010 29.807 22.965 1.60588
3.428 30.901 22.629 1.68387
0.005 30.093 22.262 1.40311
5.555 29.383 23.210 1.32138
6.893 29.731 22.724 1.16230
9.740 30.065 23.629 1.89812
11.900 29.354 23.029 1.25236
3.145 29.394 22.980 0.87100
2.620 29.597 23.595 1.53757
21.670 26.148 23.019 1.56549
9.995 29.052 23.032 0.76642
0.797 30.611 22.627 1.18204
1.048 31.149 23.436 1.23576
0.145 27.326 20.620 3.43748
0.000 26.785 17.721 3.35333
0.000 27.256 16.328 3.67956
0.000 26.109 15.197 3.03908
0.000 25.801 15.503 2.64377
0.000 26.329 15.397 2.61314
0.320 27.239 16.340 2.98170
0.000 28.525 20.488 2.16759
0.000 29.955 20.302 1.72283
1.205 29.394 20.637 2.69982
0.235 25.403 20.697 3.90344
0.000 26.776 17.824 4.36889
0.000 26.751 18.073 3.60361
1.095 28.031 18.496 2.66035
0.000 29.371 20.601 2.54277
0.000 29.690 21.429 3.12044
0.000 29.300 19.680 3.55017
1.233 28.376 18.953 3.41622
0.000 28.273 18.801 3.57277
0.000 26.634 15.476 4.39621
0.000 25.692 14.497 3.74073
0.000 25.917 13.914 3.85442
0.000 25.639 13.942 3.58891
0.000 25.879 13.984 3.23887
0.000 26.340 14.519 2.21917
0.000 27.998 16.470 1.48507
0.000 29.246 17.650 2.57509
0.000 29.095 17.366 4.08224
0.000 26.748 16.705 3.97592
0.000 27.884 16.359 2.93876
0.000 27.735 14.446 3.85756
0.010 26.692 14.312 2.38014
0.118 27.365 15.558 2.04239
0.072 28.429 16.197 2.58217
0.000 28.835 16.606 1.81616
0.000 30.138 17.591 2.19206
0.000 30.172 17.616 3.52781
0.000 28.930 16.126 3.09293
0.000 29.004 16.774 2.81168
0.000 29.045 15.123 3.24501
0.000 28.065 14.697 3.20628
0.000 28.278 15.144 2.47658
0.000 29.584 16.436 2.11094
0.000 30.740 18.142 2.01255
0.000 31.834 18.595 3.14935
0.000 31.113 16.809 3.42018
0.008 29.838 17.218 2.99160
0.767 30.999 18.299 3.27162
0.190 28.062 17.852 3.39954
1.030 27.560 17.987 2.85535
0.000 30.696 19.016 2.85420
0.000 32.375 20.473 3.04998
0.000 29.164 18.915 3.28591
0.000 28.151 17.145 4.62983
0.000 28.240 16.608 5.05339
0.007 27.893 15.934 4.14248
0.000 27.740 16.223 2.87364
0.000 31.303 17.042 2.42985
0.000 31.937 17.430 2.31785
0.000 32.322 18.521 2.56381
0.000 32.617 17.937 3.17109
0.000 31.485 15.438 4.33391
0.013 27.382 12.758 5.55959
0.000 25.920 10.771 4.38750
0.000 26.377 11.396 3.30962
0.000 28.354 12.303 3.75042
0.000 27.917 11.795 4.24135
0.000 27.022 12.340 3.94138
0.000 27.476 12.682 3.80835
0.000 28.678 13.414 2.57102
0.000 29.881 14.798 1.87164
0.000 31.144 15.391 1.67968
0.000 31.461 16.314 1.38879
0.000 32.997 16.134 1.46885
0.000 33.883 16.790 2.15872
0.000 33.007 16.740 1.48124
0.000 35.090 18.577 2.28994
0.000 33.116 16.942 4.26432
0.000 31.340 17.313 2.05715
0.000 33.999 17.686 2.43303
0.000 32.545 16.359 2.75333
0.000 33.751 17.005 1.74420
0.000 35.188 18.909 2.78249
0.000 34.400 18.168 2.56049
0.010 33.687 19.023 1.78459
0.000 34.908 19.439 2.14449
0.000 34.687 18.723 2.52873
0.000 34.302 19.108 1.92224
0.000 35.382 20.058 2.05520
0.000 35.645 19.354 3.15625
0.000 34.741 18.085 3.15754
0.000 34.411 19.024 2.40600
0.000 34.897 18.746 2.66330
0.000 34.980 18.655 3.68234
0.000 35.203 19.591 1.93232
0.000 34.383 23.985 0.79816
0.000 35.384 22.919 1.80905
0.000 37.185 20.888 2.25706
0.000 37.920 20.871 1.58587
0.000 38.179 23.021 1.55489
0.047 38.516 25.134 1.31792
0.000 37.207 24.643 1.97935
0.000 38.101 25.321 1.72372
0.000 38.311 26.299 1.55821
0.000 38.547 26.597 1.07702
0.000 38.375 25.575 2.54977
0.000 39.063 26.021 1.82264
0.000 38.332 26.867 1.72260
0.365 36.459 25.236 1.17875
0.000 36.287 24.882 1.19988
0.230 38.452 25.747 1.06796
0.510 38.318 27.229 1.15655
5.390 33.768 24.800 1.84779
0.000 30.771 23.893 1.85691
1.130 36.047 24.900 2.06386
0.000 37.510 25.031 1.08219
0.400 37.330 24.802 2.30257
0.000 38.235 25.032 2.53140
0.000 39.049 25.964 1.73305
0.000 39.384 26.561 1.66317
0.000 37.729 25.554 1.90868
0.000 38.970 26.821 1.60661
0.000 38.329 26.127 2.36899
0.000 38.878 26.695 2.15961
0.000 40.067 27.027 2.12197
36.687 37.736 18.300 2.81992
2.983 23.598 17.236 4.28699
0.000 32.169 18.004 2.20145
0.000 36.207 21.282 1.90506
0.000 36.054 23.527 1.13642
11.798 31.503 23.883 1.58623
0.000 35.538 24.650 1.02739
0.000 34.445 24.489 1.20874
0.068 36.545 24.705 1.37956
3.992 35.347 24.359 1.95793
0.000 35.749 24.650 1.65005
0.248 34.878 24.452 1.49704
0.365 32.052 23.795 1.07451
0.313 33.602 23.589 1.42607
0.000 31.998 23.524 0.89537
8.305 35.807 24.949 0.87298
5.513 34.728 24.308 1.27573
7.357 34.789 24.016 1.30104
20.848 31.371 22.923 1.89077
0.000 31.901 22.883 1.94843
0.022 33.614 22.967 1.68615
0.005 32.456 22.701 1.87804
0.238 33.858 23.913 1.23926
0.025 35.242 24.640 1.17328
0.545 35.061 23.783 1.92684
0.083 34.484 23.888 1.33194
0.000 34.339 24.750 1.24852
0.260 35.423 24.661 1.09435
2.423 33.062 24.744 1.31319
0.317 31.122 23.784 0.93949
15.368 34.943 24.607 1.20319
11.010 35.967 24.654 1.27183
26.912 33.310 24.652 1.31362
0.033 33.381 24.771 1.47050
0.000 37.354 25.356 3.23576
0.000 35.727 25.546 2.89409
1.087 38.640 25.751 3.13143
0.000 36.295 25.378 3.14348
0.000 39.304 25.449 2.25446
0.000 37.079 25.698 1.98734
0.000 38.212 25.184 2.58027
0.000 38.605 25.748 2.26289
0.635 38.997 26.050 2.23251
32.193 33.753 23.652 2.00618
13.772 30.724 23.736 1.40754
4.395 29.482 23.713 1.05482
7.985 32.607 24.653 1.04332
1.487 28.136 23.547 0.89874
4.908 30.776 24.357 0.85482
0.005 28.192 22.896 1.79623
0.000 30.970 21.690 2.33205
0.017 33.846 20.760 3.23078
0.015 33.762 21.597 2.24775
0.698 33.918 23.266 1.09046
0.033 35.549 23.687 1.14071
0.000 36.194 24.893 1.70647
7.202 33.550 24.361 2.01413
11.112 32.359 24.415 1.67120
11.375 32.651 23.702 1.23146
1.560 31.301 23.813 1.31055
12.970 31.219 23.433 1.87963
14.695 30.487 23.410 1.54988
4.298 30.916 23.981 1.48770
3.825 31.290 24.448 1.07013
0.708 30.287 23.890 1.27779
16.080 32.149 23.882 1.03975
7.905 31.815 24.066 1.17804
12.975 31.870 24.392 1.29082
9.593 31.429 23.727 1.80351
5.738 31.853 24.510 1.96936
2.272 29.700 23.204 1.94169
5.350 33.065 24.573 2.26406
11.110 32.520 24.351 2.06321
6.212 32.334 24.283 2.30522
3.677 31.047 24.578 2.30484
1.553 28.838 23.622 2.48057
1.663 32.029 23.856 2.46348
1.440 31.411 23.059 2.08186
3.068 32.015 24.056 1.18754
0.000 31.184 24.235 1.55554
16.780 31.698 24.497 2.76443
4.768 31.652 24.192 3.35616
3.573 30.411 23.184 4.29140
0.648 29.151 24.051 3.57489
0.000 30.916 23.870 3.28706
0.000 32.344 24.128 3.31337
0.065 32.807 24.264 3.27183
0.398 32.386 24.516 3.22485
19.670 31.641 24.577 2.75943
3.835 30.390 23.822 2.88477
9.555 31.161 23.684 2.63503
0.435 32.889 23.398 2.50169
0.000 33.025 24.327 2.81744
3.285 33.258 24.579 2.90401
7.452 31.368 24.674 2.88308
12.003 29.487 23.989 2.68243
0.325 29.673 23.593 2.72045
4.450 30.582 23.669 2.87843
9.830 29.890 24.230 2.62245
2.242 30.789 23.961 3.00034
31.543 30.751 24.633 2.97050
2.347 30.433 24.133 2.94222
0.165 29.889 23.200 2.06498
0.000 32.553 24.118 1.84406
0.208 30.945 24.025 2.31963
4.125 30.256 23.820 2.35212
20.208 30.329 23.794 2.08720
17.732 30.126 23.532 2.17140
6.663 29.076 23.434 2.22038
1.608 30.614 23.154 1.87545
12.565 30.782 23.308 1.60888
2.533 31.486 22.900 1.63098
11.015 30.464 23.385 2.54633
3.980 31.243 24.244 2.81281
1.465 29.237 23.056 2.40244
27.798 30.000 22.856 2.35945
4.447 31.001 22.976 1.08678
0.597 30.978 23.075 1.95326
1.125 33.102 23.445 2.11544
0.000 33.622 24.430 2.34909
3.653 34.092 25.361 2.27898
80.495 29.639 23.120 2.75151
8.190 29.473 23.447 3.07036
1.735 30.230 23.296 3.13349
14.073 30.919 23.701 2.75801
9.967 28.711 23.797 3.21729
4.348 30.237 23.902 3.46223
0.518 30.575 23.661 2.91206
0.015 32.473 24.455 3.26869
3.285 28.734 24.028 2.63134
2.300 29.987 23.931 2.31935
3.148 28.340 23.763 1.93353
1.865 29.395 23.244 3.19428
0.437 31.035 23.531 2.92121
0.180 31.353 23.800 3.18518
2.753 31.335 23.896 3.24467
6.013 31.908 24.223 3.00917
6.285 31.050 24.155 3.50029
5.545 29.976 23.549 3.09979
43.545 28.444 23.421 3.23978
33.418 29.055 22.685 3.72375
0.295 29.942 23.249 3.18732
5.027 30.522 23.724 3.06256
6.563 28.310 23.757 3.02459
23.115 31.271 23.592 3.17485
1.702 32.018 23.791 3.27426
5.493 32.721 24.030 3.47562
6.407 29.700 23.630 3.35233
15.417 29.036 23.352 3.19189
5.573 30.121 23.699 3.14201
0.903 31.585 24.113 2.84691
4.040 31.774 24.396 2.22879
10.200 30.797 24.016 1.80718
57.613 30.566 23.989 1.75196
3.483 30.721 24.305 1.01196
4.220 31.221 23.789 1.29026
0.000 30.656 24.564 0.82785
1.082 31.941 23.904 0.61695
1.982 31.395 23.518 0.84729
0.823 32.686 23.717 0.85864
0.438 31.398 23.701 1.61436
0.085 32.483 23.417 1.54703
5.995 32.243 23.782 1.20730
2.957 31.859 23.856 0.95268
7.948 32.063 24.626 0.63153
0.253 30.980 24.803 1.05022
0.135 31.483 23.515 1.26674
6.555 29.193 23.446 0.86332
3.487 32.024 24.341 1.28557
8.625 30.290 23.775 1.55773
1.638 30.708 24.152 0.90306
9.710 28.603 23.738 1.26210
0.758 28.080 23.449 2.25960
19.370 30.556 23.750 2.22668
6.045 30.430 24.187 2.28314
13.400 27.700 23.926 2.46033
8.070 29.020 23.442 2.36368
26.610 28.270 23.405 1.96646
13.085 30.355 22.842 2.54003
44.420 28.456 23.026 1.86484
4.550 29.757 23.671 1.62847
0.300 31.663 23.117 1.17568
0.000 32.836 23.403 0.89368
0.000 31.768 24.267 1.77700
2.060 31.168 24.352 1.77162
9.958 29.748 24.308 1.42896
38.337 28.243 23.619 2.25077
17.057 29.260 22.994 2.13569
0.840 30.430 23.145 1.05771
12.245 31.846 23.274 0.87658
0.005 31.138 23.829 1.22715
0.000 31.166 23.670 1.77168
1.270 31.052 23.660 1.44162
10.475 30.142 23.173 1.00469
7.677 30.477 23.465 0.89992
7.200 29.000 23.172 1.65087
1.415 26.901 22.791 1.61804
18.790 27.343 23.155 1.58778
2.503 27.913 23.178 1.40652
3.935 29.369 23.495 2.57637
63.075 28.149 22.100 3.83591
58.642 26.672 22.310 4.26078
0.852 29.411 22.751 2.27447
0.000 30.338 23.197 1.24443
3.002 29.997 23.914 0.65824
31.960 29.341 23.155 1.07778
0.000 31.280 22.402 1.62099
0.202 31.350 23.159 1.32415
0.000 31.909 21.282 0.71072
1.515 31.242 21.581 0.73846
0.000 31.674 22.550 0.97852
1.100 30.391 23.752 1.30531
0.000 30.011 23.111 1.23307
0.000 30.336 23.484 1.09180
5.252 29.304 22.719 0.68288
0.103 30.199 23.026 1.40830
0.000 29.529 22.613 1.68735
1.385 30.188 22.395 1.95530
1.667 30.400 22.483 1.77464
6.102 29.318 22.584 0.97205
0.000 29.712 23.351 0.90903
9.627 30.121 23.518 0.89219
10.693 28.586 23.089 1.28158
0.022 28.385 23.007 1.99581
0.023 28.872 22.005 1.93704
0.000 29.584 22.139 1.46678
0.008 31.295 23.540 1.36748
0.000 27.978 21.308 1.77174
0.000 30.937 19.618 1.68568
0.000 29.225 20.653 1.85038
0.000 29.941 19.334 1.86341
0.000 30.114 19.066 1.46438
0.000 29.900 19.883 2.07192
0.000 28.774 20.125 3.26836
5.345 28.237 19.873 5.66999
13.580 26.729 17.481 5.01660
0.000 28.492 18.046 3.66275
0.000 28.925 18.666 3.83477
0.000 29.925 19.222 2.51705
2.100 30.253 21.749 1.38852
0.000 31.658 22.178 1.07816
0.000 32.335 22.639 0.85732
0.637 32.900 22.983 0.77239
0.050 32.902 23.478 0.78808
0.000 33.216 23.233 0.79723
0.070 32.594 20.675 1.97744
0.000 31.631 21.219 1.29727
0.008 32.414 23.637 0.55802
1.305 30.347 20.267 1.71154
0.000 27.100 15.824 4.55445
0.000 27.274 15.876 3.57039
0.000 28.321 15.397 3.57031
0.128 28.565 14.851 4.53615
0.215 25.783 13.087 4.45665
0.000 27.121 13.568 3.57006
0.025 28.394 14.455 2.47811
0.000 29.903 15.316 1.99668
0.000 30.724 15.974 1.84262
0.000 31.288 17.636 1.43251
0.000 32.289 19.250 2.02022
0.000 32.536 20.076 2.33719
0.000 32.168 19.715 2.98426
0.000 31.605 17.945 3.09611
0.000 30.976 17.847 2.58066
0.000 31.151 18.034 2.33580
0.000 30.816 16.264 3.28095
0.000 29.887 16.700 2.34952
0.000 30.150 16.342 2.26036
0.000 30.982 17.389 1.14017
0.000 31.857 18.087 1.11990
0.000 32.510 17.964 1.36265
0.000 32.828 17.871 1.38077
0.000 33.203 19.018 1.24985
0.000 33.246 18.458 1.48507
0.000 33.536 19.625 2.00475
0.000 34.218 21.288 1.65614
0.000 34.660 22.262 1.24101
0.000 35.045 21.595 1.32170
0.000 35.018 20.674 1.97772
0.000 33.403 18.760 3.03406
0.000 32.552 19.270 3.43335
0.000 30.727 18.995 3.92861
0.000 30.211 16.426 3.60557
0.000 30.157 16.229 3.40106
0.000 31.283 16.755 1.95902
0.000 33.047 18.742 1.25593
0.000 34.359 19.172 1.18405
0.000 35.306 19.591 0.92616
0.000 35.264 20.601 0.90343
0.000 36.261 22.402 1.02257
0.000 27.822 21.689 1.56172
0.000 34.532 22.087 1.04341
0.000 34.550 23.107 0.69302
0.000 35.254 22.871 1.17643
0.000 35.936 21.146 1.33688
0.000 36.180 22.575 1.34066
0.000 36.298 22.194 1.56843
0.000 36.090 22.986 1.89719
0.000 35.456 24.075 0.99118
0.000 36.548 24.406 1.64668
0.000 35.767 22.915 2.31012
3.128 31.677 19.228 2.26855
0.000 32.927 19.471 1.43507
0.000 35.150 20.080 1.32142
0.000 35.639 18.911 1.26921
0.000 34.113 17.259 3.90187
0.000 31.694 16.637 3.53966
0.403 31.687 17.139 2.74658
0.000 31.188 18.531 2.50548
0.000 32.353 17.910 4.14990
0.000 31.515 16.784 3.88120
0.000 30.040 17.184 2.63268
17.027 31.959 17.725 2.35745
9.623 32.451 21.130 3.03704
0.057 33.433 22.160 2.43327
0.000 34.339 21.859 2.00055
0.000 34.396 21.450 2.15422
0.000 29.828 21.118 1.51015
0.000 34.835 20.392 3.25211
0.000 34.460 20.230 2.70938
0.000 35.102 20.976 1.59323
0.000 36.389 22.129 1.62244
0.000 36.342 22.943 1.35734
0.000 36.567 24.066 1.16121
0.000 37.641 24.901 0.81461
0.000 36.689 24.552 0.99069
0.000 38.167 24.603 0.78016
0.000 37.293 25.600 0.89452
0.000 36.483 24.256 1.13829
0.000 37.850 24.875 1.51326
0.000 36.231 25.155 1.53333
0.000 36.491 25.658 0.95999
0.000 37.422 23.968 1.75486
0.000 38.328 24.106 1.57816
0.000 38.866 24.648 1.89845
0.000 39.733 25.178 0.77765
0.000 39.272 24.944 1.41262
0.000 37.873 25.255 1.36187
0.000 37.443 25.276 1.46963
0.000 38.398 25.957 0.90757
0.000 38.317 22.243 1.93968
0.000 37.200 19.719 3.21818
0.000 36.160 19.562 3.68762
0.000 35.246 20.033 3.32152
0.000 35.143 20.694 1.35961
0.000 34.505 23.594 1.50363
0.000 35.931 24.726 1.05995
1.107 36.861 23.903 2.14644
0.000 37.725 24.085 3.78019
0.245 38.439 24.156 3.19930
0.235 38.840 24.562 2.10047
0.000 39.875 25.910 2.52765
0.000 36.434 24.544 2.32214
0.000 39.207 25.637 2.68936
0.000 39.844 24.977 2.84414
0.000 40.720 22.280 3.15968
0.000 40.769 23.027 3.00233
0.000 40.873 23.794 3.21071
0.000 40.470 24.384 2.73557
0.000 40.987 24.419 2.26363
0.000 40.583 25.753 1.93327
0.000 36.840 18.300 6.31162
0.000 32.475 17.013 5.56137
0.000 34.792 17.822 2.34809
0.000 38.376 22.867 1.37116
0.000 39.239 24.306 2.52052
0.000 40.276 25.328 2.59984
0.000 40.864 26.787 1.29663
0.007 40.086 24.880 3.97438
0.013 37.912 24.358 3.66980
0.000 37.874 22.175 3.57587
0.000 38.458 23.531 1.04529
0.000 39.878 26.947 1.19098
0.000 36.500 26.434 1.56420
0.000 36.419 24.599 1.62254
0.000 37.136 25.303 2.05169
0.000 37.914 26.720 1.57452
0.000 38.803 20.185 5.49119
0.000 26.294 19.364 2.87828
0.000 33.525 20.623 2.61745
0.000 36.475 22.682 3.00944
0.000 36.966 24.735 1.48538
0.002 37.131 25.884 1.69189
31.757 36.263 25.736 1.97533
0.000 37.393 26.255 1.50390
0.000 38.487 27.277 1.52606
0.000 37.423 26.880 1.37553
1.360 36.984 26.991 1.65920
0.000 38.770 27.124 2.11708
0.000 40.443 27.502 2.62703
0.000 41.188 28.994 1.41575
0.060 35.482 27.660 2.06958
9.008 34.544 26.077 1.73809
0.375 37.417 25.260 2.86254
0.000 39.531 25.906 3.00675
0.000 40.471 26.170 2.93786
0.000 41.500 27.251 2.01249
0.000 40.488 28.097 2.22900
22.515 37.601 25.290 1.76893
0.500 29.551 23.468 2.35733
1.123 31.906 24.272 1.54709
0.000 35.780 25.343 1.22263
0.000 35.764 26.172 2.09224
0.000 37.266 25.331 2.61601
0.000 37.605 25.729 2.01893
0.000 39.532 27.023 1.59724
21.365 37.833 24.297 2.93380
0.673 33.319 25.419 0.89416
0.003 38.366 26.924 0.95968
20.345 35.678 26.087 1.11227
0.115 33.151 25.395 1.04533
2.970 32.249 25.305 1.10267
0.798 35.957 25.876 0.87381
1.783 37.203 26.498 1.04701
1.927 34.513 24.356 2.03404
0.285 36.489 25.949 0.89125
2.315 37.642 26.168 1.91347
0.280 35.589 26.157 2.12733
0.000 36.398 26.667 2.48611
0.000 37.496 27.575 2.23619
3.820 38.418 27.641 1.81640
11.685 38.305 27.084 1.75547
0.005 37.798 27.259 1.62828
26.143 33.014 24.559 1.64490
0.195 36.615 26.186 1.15381
0.130 33.161 25.942 1.39381
0.000 33.743 25.465 1.74569
0.395 36.913 26.333 1.76142
3.168 32.240 25.833 1.73591
3.077 33.837 25.661 1.41059
0.247 35.423 26.650 1.12739
30.580 32.130 25.931 1.48260
4.875 33.676 24.986 1.65501
0.013 36.338 25.501 2.01297
4.578 34.883 25.406 2.26313
2.687 33.666 25.432 3.18451
25.215 31.653 25.231 2.33134
1.720 32.959 25.629 2.27637
2.253 31.060 25.090 2.59124
0.337 32.272 24.648 3.50198
1.938 32.483 24.455 3.33453
0.217 33.800 24.688 2.90844
0.140 33.419 24.804 2.63133
0.237 33.394 24.414 2.64007
0.345 33.688 25.648 2.64408
0.185 33.243 25.619 2.47528
1.433 33.235 25.161 2.73696
7.397 31.689 24.451 1.54067
12.393 33.546 25.386 1.24296
45.860 30.309 24.423 1.59231
21.557 31.893 23.940 2.37703
13.820 32.856 24.744 2.19162
1.685 31.359 24.805 2.00302
0.525 31.224 24.369 1.81758
0.660 31.819 24.208 1.77731
0.098 32.603 24.592 1.20065
0.645 31.819 24.902 1.34734
0.255 31.971 24.945 1.50762
0.000 32.580 25.097 1.82926
1.420 31.279 24.896 1.53008
0.035 31.486 25.359 1.66514
0.000 32.494 24.381 2.54483
6.685 31.173 24.950 1.97064
0.013 30.720 24.468 1.95399
0.703 32.355 24.866 1.75391
7.507 30.829 24.277 2.11414
4.637 32.006 24.498 3.02280
1.885 31.318 24.546 2.92268
0.773 31.511 24.520 2.47308
0.033 32.454 25.035 2.40059
3.095 30.946 24.704 2.33837
1.725 31.199 24.536 2.60291
0.818 32.062 24.424 2.34078
0.485 32.844 23.950 2.40160
0.118 33.890 24.776 2.07344
62.615 31.072 24.500 1.55629
1.118 30.486 23.464 1.91690
0.355 31.539 23.465 1.79896
1.427 32.760 24.356 1.46825
0.000 30.881 23.461 1.41588
0.400 32.710 23.651 1.71350
0.765 34.411 24.133 1.84057
0.055 33.433 24.393 1.82236
0.000 32.939 24.020 2.39424
0.000 32.519 24.001 2.14954
0.000 32.921 24.189 2.13498
11.662 32.872 24.733 2.22460
0.717 30.488 23.910 1.58418
5.660 33.613 24.674 1.25689
7.147 30.983 24.150 1.52603
10.460 31.653 24.441 1.86748
2.103 29.043 23.796 2.70769
12.410 29.809 22.769 1.94810
1.812 33.976 23.518 1.82403
0.297 34.369 24.876 1.41082
0.048 33.395 24.374 2.02237
16.423 31.514 24.652 2.31981
0.555 29.092 23.712 2.73991
3.005 31.814 24.054 2.50591
8.487 31.130 23.688 1.83567
45.887 29.650 24.106 1.90715
5.772 29.803 24.087 1.68531
8.660 30.610 24.011 2.60905
0.197 30.013 24.387 2.12518
2.063 30.322 23.857 2.29213
9.910 30.372 24.451 1.75012
43.540 27.971 23.406 1.92890
11.508 29.422 23.263 1.63661
20.172 28.475 23.828 2.40851
4.703 28.659 23.193 1.72013
7.950 30.359 23.308 2.12901
6.145 29.960 23.730 2.45978
0.003 29.304 23.129 2.53005
0.193 29.133 23.850 1.88279
0.473 29.641 23.736 2.48430
5.860 29.560 23.564 2.16181
3.443 29.552 24.022 1.45661
4.498 28.934 23.706 1.74847
2.280 29.499 23.297 1.43019
0.342 29.153 23.082 1.44493
1.815 30.796 23.836 1.11612
9.485 30.003 23.844 1.07376
10.600 29.963 24.131 0.61627
4.170 29.455 23.770 1.01166
30.797 31.275 23.526 1.35175
14.240 30.544 23.432 1.30496
0.680 30.487 23.744 0.95696
13.910 28.412 23.677 0.84505
5.865 28.300 23.228 1.53820
9.358 27.114 22.652 2.59167
0.115 30.318 22.854 2.49535
0.062 31.015 24.100 1.95981
7.935 27.990 23.987 2.40902
16.940 28.341 23.273 2.52977
1.777 28.124 23.071 2.48893
7.152 30.046 23.715 2.35219
1.188 29.355 23.951 2.11953
51.515 29.440 23.351 1.37588
7.285 30.505 23.800 1.31798
3.957 27.947 23.841 1.48765
4.515 27.642 23.384 2.71245
3.542 30.732 24.253 1.83582
1.242 29.479 23.841 1.18056
0.370 30.288 24.186 1.87884
1.928 30.744 24.074 1.48680
6.152 29.341 23.438 0.99826
0.668 29.182 23.639 1.48663
2.257 28.263 23.173 1.20167
7.760 29.401 23.128 1.41210
11.460 28.924 22.836 0.91216
12.803 29.516 23.021 1.16914
7.910 29.150 22.629 0.61063
0.762 30.042 23.203 0.77632
7.360 28.497 23.124 1.20659
0.355 28.483 23.832 1.47609
0.863 28.907 23.139 1.41927
0.677 31.072 23.921 1.28598
26.860 29.039 23.515 1.42646
9.267 29.543 23.246 1.10854
2.812 31.033 23.438 1.04782
0.648 31.281 24.012 0.83592
9.248 28.937 22.674 0.93084
6.010 29.510 23.896 1.14835
10.670 28.367 23.091 1.19436
3.235 28.328 23.563 0.77310
3.722 30.344 24.079 1.83132
1.518 29.695 23.359 1.85119
6.665 28.872 23.769 2.52010
21.155 30.268 23.843 2.31110
19.655 29.589 22.229 2.16430
5.485 25.619 20.663 2.59974
5.918 27.566 19.689 1.98171
0.083 29.253 20.806 1.30668
0.000 30.895 23.256 0.79021
0.000 31.951 23.528 1.07194
0.008 30.788 23.677 1.46482
13.745 29.029 24.090 1.27183
80.735 27.709 24.002 1.08315
0.922 29.196 23.135 2.15217
5.593 30.198 23.595 1.17117
27.855 28.362 23.537 1.72686
7.015 27.617 22.350 2.58718
1.383 26.962 22.415 1.89314
2.550 28.668 22.672 1.95165
2.525 28.568 22.919 1.36112
0.323 27.016 22.202 1.67107
0.207 28.738 19.772 1.97253
0.000 28.585 19.892 1.75466
0.000 29.729 20.636 1.30517
0.000 31.183 21.930 0.93407
0.000 31.819 23.294 0.55220
0.000 31.351 21.796 1.58617
0.000 29.624 21.337 2.63585
0.000 29.111 19.981 4.07908
0.000 25.560 17.425 3.72056
0.185 24.884 16.038 4.66406
0.015 24.835 14.923 4.61929
0.000 25.109 15.414 4.15472
0.000 26.889 16.003 3.96719
0.010 27.676 18.106 4.51245
0.000 25.930 16.194 4.09560
0.000 25.613 16.628 3.62530
0.000 25.072 17.179 3.27741
1.510 25.733 18.060 2.99170
0.000 25.832 19.333 2.95141
0.000 26.991 18.435 3.48431
0.053 27.226 18.350 3.81997
0.000 27.073 18.529 2.95313
0.625 26.803 19.053 2.78605
0.000 26.399 18.434 2.77970
0.000 28.547 18.982 2.77446
0.000 29.627 20.239 3.35915
0.000 28.701 21.998 2.84894
0.000 28.477 20.303 3.49874
0.023 27.949 20.724 2.88869
0.000 29.645 20.897 2.91650
0.000 29.186 18.713 3.21536
0.000 28.964 18.860 1.56998
0.000 30.418 20.152 1.19046
0.000 31.003 20.660 2.04463
0.000 30.491 20.303 1.61674
0.000 30.621 19.757 1.98969
0.000 30.436 19.081 2.87723
0.000 29.381 19.014 2.78670
0.000 29.593 19.573 2.47728
0.000 31.017 20.366 2.90291
0.000 30.765 20.867 2.89913
0.000 29.249 20.459 2.97321
0.000 30.684 19.685 3.28698
0.000 29.719 18.595 3.72390
0.000 30.010 18.653 3.81438
0.010 30.629 18.921 2.95343
0.000 31.499 19.755 2.34971
0.022 32.129 21.735 3.26718
0.000 30.812 17.833 4.17997
0.000 29.826 16.184 3.63257
0.000 29.977 16.666 1.65691
0.000 32.044 18.944 1.12269
0.000 32.881 20.448 0.73095
0.000 33.093 21.654 1.23491
0.000 34.287 22.767 0.89346
0.000 32.742 23.640 1.01651
0.000 33.362 23.400 1.01945
0.000 27.836 14.227 6.01068
0.590 22.919 14.628 3.46277
0.000 28.482 15.110 1.91515
0.000 31.718 17.940 2.30658
0.000 33.438 18.889 1.81063
0.000 33.900 20.362 2.24451
0.000 33.919 21.090 1.96051
0.000 32.538 20.622 1.10268
0.000 33.782 21.414 1.81464
0.000 33.692 16.594 3.57684
0.000 29.697 14.657 4.77557
0.000 30.127 15.055 3.07739
0.000 31.245 16.473 2.79634
0.000 32.284 17.253 2.41862
0.000 32.454 15.842 3.70650
0.000 31.472 15.367 3.26850
0.000 31.741 16.110 2.29121
0.000 33.137 18.380 1.94996
0.000 33.462 18.891 2.74023
0.000 33.624 18.639 3.62235
0.000 33.353 19.122 3.10743
0.000 33.649 16.786 5.16939
0.000 30.494 15.637 4.91382
0.000 30.810 16.117 3.25849
0.000 31.841 15.745 4.54157
0.000 30.524 15.647 3.43096
0.000 31.085 15.667 3.58876
0.000 28.960 14.116 3.46986
0.000 30.998 14.644 2.61914
0.000 31.159 16.365 3.07283
0.000 30.859 14.366 5.41527
0.000 27.832 14.057 4.01146
0.000 28.989 14.662 2.75449
0.000 30.830 15.743 2.25014
0.000 32.187 17.100 2.32212
0.000 33.421 16.933 2.91926
0.000 33.171 17.189 3.74227
0.000 32.108 17.730 2.78764
0.000 33.275 18.611 3.60563
0.000 33.079 16.546 4.54563
0.000 32.698 17.014 4.01546
0.000 33.475 17.862 4.14868
0.000 33.834 18.622 4.09402
0.000 34.611 16.537 5.22138
0.000 31.206 14.572 5.64574
0.000 30.827 14.853 4.98841
0.000 31.544 15.473 4.45143
0.000 32.658 16.007 4.21823
0.000 31.770 16.426 3.66992
0.000 33.335 17.260 3.00503
0.000 33.993 17.869 2.81345
0.000 34.143 18.178 2.89605
0.000 34.844 19.491 1.89888
0.000 35.762 21.443 1.61037
0.000 35.808 20.910 2.14915
0.000 37.186 22.679 1.82573
0.000 36.352 23.777 0.81848
0.000 35.689 23.476 1.49046
0.000 35.188 24.035 1.89239
0.000 34.067 20.473 2.48190
0.000 26.983 18.099 3.74718
0.000 32.944 18.678 1.72476
0.000 35.617 23.030 1.32644
0.000 36.849 24.480 1.06214
1.770 36.395 24.643 1.35713
0.000 37.213 25.149 1.58533
0.752 35.461 24.806 1.69176
10.727 35.031 23.511 1.70659
0.000 37.061 24.899 1.47272
0.000 36.722 25.228 1.66119
0.000 31.981 23.325 0.98569
0.650 34.520 24.476 0.90378
0.000 34.754 22.589 2.34127
0.000 36.393 21.460 1.53583
1.130 36.621 20.203 1.74601
0.000 37.862 22.163 1.87092
0.610 36.199 22.658 1.91546
0.000 35.382 22.289 2.99694
0.000 35.946 22.425 2.62643
0.000 36.943 23.029 1.52663
0.000 38.936 24.400 1.06377
0.027 38.170 23.525 2.13472
0.003 32.065 22.216 3.09848
0.000 35.316 22.169 3.47232
0.208 36.462 21.781 4.10143
0.000 36.877 22.611 3.04742
0.000 37.656 23.853 2.17333
0.150 36.776 24.154 1.31349
0.000 39.122 25.742 1.35276
1.673 36.579 19.026 4.28229
0.000 28.957 16.041 6.15521
0.487 31.741 16.634 4.53111
0.000 29.763 17.104 2.28580
0.000 35.053 20.960 1.47447
0.000 36.814 25.103 1.34336
0.087 37.659 26.205 1.54013
5.392 34.109 20.323 2.91178
0.163 30.990 19.232 4.23058
0.000 33.514 19.666 4.64800
0.830 32.626 18.418 5.43691
0.035 32.140 18.743 5.07946
0.025 29.764 16.997 6.04019
0.345 29.099 15.827 6.13087
0.075 28.671 16.177 5.96531
0.023 29.084 16.855 4.49741
0.000 34.006 18.145 2.97888
0.000 36.284 22.916 2.48906
0.013 37.747 25.162 1.63821
0.075 37.105 26.079 1.31667
7.345 35.588 24.929 1.27013
0.000 30.403 23.167 1.59920
0.000 35.220 24.572 0.65986
2.435 34.993 24.982 0.76053
0.020 34.992 24.633 1.56695
0.432 35.149 22.475 2.14658
0.000 35.985 22.355 1.65577
0.000 37.677 22.136 2.36394
0.000 36.161 24.127 1.34393
3.585 35.570 24.376 1.33521
0.000 36.726 25.038 1.39769
0.000 37.385 25.718 1.80161
0.150 38.694 26.373 2.09242
0.805 37.560 25.838 2.23725
26.040 33.246 23.179 1.89243
1.697 29.061 22.073 2.46049
0.000 35.287 23.790 1.22211
0.000 34.673 24.971 2.22668
4.140 33.995 25.455 1.18477
3.110 32.460 22.501 2.29137
0.000 33.345 23.194 1.73821
0.000 35.246 24.708 1.68308
18.637 34.793 25.511 1.81139
4.930 33.003 25.227 1.50173
26.668 32.740 25.003 0.87050
2.312 30.193 24.811 1.29513
0.035 33.802 25.013 1.01958
6.370 33.200 24.482 1.03437
0.000 36.026 25.607 1.26802
5.390 32.827 24.952 0.93742
3.233 35.441 25.818 0.93033
0.110 34.863 25.615 0.95646
7.322 32.528 25.099 1.83550
0.500 35.848 24.727 2.64984
5.460 34.985 24.923 3.32150
2.513 34.821 24.816 4.05132
0.000 35.389 25.339 3.68392
0.000 33.753 24.851 2.77394
37.817 33.515 24.515 2.01360
3.932 31.722 24.088 1.05251
18.203 33.792 23.628 1.41735
3.137 35.645 24.177 1.75056
5.313 33.339 24.534 1.04304
24.955 32.839 24.490 0.98266
3.032 31.922 24.274 1.51719
0.110 31.806 24.080 2.15084
0.000 34.046 24.330 2.68380
0.000 34.307 23.991 2.82578
0.000 33.611 24.945 2.16903
0.008 32.640 24.759 1.78419
60.233 31.021 24.628 1.55770
22.743 30.103 23.046 1.18952
3.628 30.869 23.499 1.33411
1.488 31.773 23.461 1.18291
0.892 32.332 24.139 0.82054
3.720 32.429 24.443 1.29475
0.917 30.858 24.129 1.84810
0.000 32.369 23.901 1.82986
0.020 31.049 24.523 1.67102
0.367 29.941 24.277 1.12108
10.825 29.229 24.465 1.32809
2.840 29.884 24.638 1.14636
3.022 29.462 24.370 1.03579
21.253 29.952 23.458 1.61310
16.412 30.520 24.376 1.68481
2.342 30.359 23.857 2.25477
1.103 31.130 24.158 2.42540
8.975 29.715 23.645 2.68203
24.808 30.342 23.801 2.48096
7.150 30.281 23.714 2.34778
4.372 28.375 23.359 2.38574
0.128 28.921 23.542 2.64724
0.000 30.701 23.795 3.01047
0.000 30.642 24.151 3.00758
12.095 28.892 23.742 2.57794
13.305 28.353 23.749 2.57903
14.885 30.097 23.753 3.04548
14.398 29.392 22.701 2.86845
0.662 30.540 23.444 2.59641
4.500 27.601 22.267 2.93126
1.905 29.711 23.853 3.20728
6.118 29.099 24.199 4.01898
3.008 30.595 23.702 3.83096
5.175 30.816 24.299 3.02779
5.365 29.688 23.526 2.74488
0.617 30.688 24.396 2.41253
14.595 28.365 24.085 2.38516
9.380 27.946 22.328 3.20822
8.082 27.709 22.655 2.36171
0.043 29.215 22.805 2.49746
0.000 29.653 22.405 1.95566
1.108 30.996 23.508 1.36496
0.000 31.100 22.820 1.87509
0.000 32.199 23.613 2.54484
0.000 31.813 24.462 2.81159
0.000 32.571 24.575 2.79531
1.635 30.122 24.598 2.27202
1.268 29.498 23.688 2.34624
0.120 29.524 23.703 1.78619
6.658 29.460 23.661 1.94248
50.845 29.330 23.412 2.05561
17.762 28.680 23.502 2.53761
6.118 28.675 23.296 2.90768
0.005 29.627 23.645 2.73703
1.332 29.594 23.438 2.78999
2.785 28.937 23.837 2.82884
30.178 28.681 23.773 2.94438
5.425 29.384 23.780 2.91233
28.815 29.061 22.493 3.04020
0.242 26.193 23.135 2.41193
1.572 29.229 23.269 1.99646
12.020 29.407 23.098 1.99503
16.053 30.240 23.693 1.76779
1.413 28.962 23.915 2.48392
0.445 27.856 23.740 2.14316
0.000 27.305 23.493 1.98156
7.892 28.690 23.580 3.35647
14.720 26.975 23.454 4.33523
15.525 27.409 23.064 3.43384
31.362 28.943 23.482 2.68857
6.618 28.821 22.837 2.77583
15.948 29.517 23.985 2.35721
0.000 30.537 23.396 2.49505
0.113 31.277 24.593 2.48671
11.640 28.161 24.190 2.61070
6.130 29.066 23.346 2.77898
10.180 30.013 23.231 2.73417
3.910 29.376 23.636 3.02268
6.810 27.360 23.762 2.89080
0.755 28.705 23.071 2.76743
0.000 30.013 23.104 1.97221
0.358 29.648 23.795 1.09307
34.788 29.514 23.673 0.74631
5.745 28.508 23.055 1.65585
3.350 27.590 23.147 2.08093
11.345 28.268 23.181 2.08486
50.515 29.617 23.540 2.48509
18.813 27.388 22.396 2.16170
8.670 29.158 22.817 1.46866
10.807 30.150 23.688 1.23269
0.000 29.315 23.165 1.50765
0.205 30.960 24.029 1.70123
1.168 30.932 24.350 1.39349
1.863 28.531 23.261 0.94241
2.860 29.357 23.747 1.15524
21.208 28.219 22.636 1.77097
0.853 30.630 23.835 1.01170
2.905 28.018 23.919 2.24887
0.568 28.816 23.949 2.54677
22.923 28.315 23.797 2.83200
6.075 27.800 23.265 2.35372
18.755 29.475 23.586 2.63256
0.515 29.229 23.992 2.31802
0.920 28.805 23.735 1.94679
16.917 27.498 23.280 1.78287
9.100 28.396 23.495 2.00576
3.215 29.087 23.676 2.55540
40.315 28.180 23.594 2.44626
12.855 27.945 23.582 1.77577
25.847 27.781 23.604 1.57872
30.328 29.100 23.760 2.74430
2.075 28.883 23.659 2.88076
7.802 28.545 24.010 1.89952
4.355 27.456 23.427 1.72177
14.390 28.481 23.977 2.22414
0.237 28.308 24.004 2.13883
0.332 27.785 23.905 2.49750
0.063 29.220 24.340 1.63163
11.400 27.816 23.835 1.75793
64.113 27.407 23.359 1.68292
24.817 27.519 22.982 2.46165
12.912 25.951 22.375 2.38348
2.968 28.625 23.070 1.03955
1.120 27.060 22.147 0.95979
2.065 27.369 22.813 1.19398
4.185 28.813 22.448 1.52759
11.598 26.273 22.744 2.50425
0.650 28.620 23.272 2.08777
2.797 28.213 23.875 2.32606
0.322 28.825 23.750 2.70957
10.937 27.499 23.346 1.36262
26.950 27.714 23.571 1.51200
3.485 26.676 20.892 1.50406
0.000 26.018 19.570 2.25574
0.075 25.823 19.052 1.94093
1.120 25.153 19.778 1.19834
0.000 29.106 22.125 1.22381
0.000 29.637 22.830 1.04386
9.648 29.930 23.327 1.93674
9.797 27.789 22.294 1.59328
1.535 30.187 23.092 1.28920
35.453 30.339 23.534 1.03697
43.090 26.578 22.983 1.89322
17.155 28.260 23.141 1.71918
23.138 27.480 23.242 1.44280
31.415 27.285 23.194 1.70625
15.630 27.767 21.483 1.91024
0.623 28.731 20.901 2.66612
0.940 29.120 21.524 2.30988
0.158 28.499 21.159 1.92605
0.000 30.126 21.763 1.47399
0.000 30.091 20.956 1.54354
0.000 29.896 20.771 1.66758
15.650 30.663 22.117 1.87350
0.000 29.920 21.192 2.31550
0.000 29.825 21.332 2.37657
1.452 29.905 22.265 2.52318
0.278 29.374 21.705 2.20136
0.000 28.829 20.146 2.53810
0.000 28.910 20.950 2.66568
0.000 28.760 20.714 2.29942
0.000 29.576 21.002 2.67694
0.000 29.015 19.356 2.82163
0.000 28.921 20.079 2.42255
0.000 29.623 21.287 2.48447
1.492 29.990 22.501 2.50705
0.738 29.065 22.780 2.55563
0.222 28.599 22.222 1.79587
0.493 29.012 21.459 1.66404
0.000 27.237 18.091 2.87713
0.000 27.100 17.425 2.33690
0.000 26.876 17.099 1.92891
0.000 28.056 18.572 1.71046
0.000 28.653 19.649 2.25436
0.000 29.058 19.630 2.51089
0.000 28.678 20.387 2.57037
0.000 29.047 20.820 2.51690
0.000 29.286 19.285 2.07907
0.000 29.756 20.676 1.49012
0.027 30.146 18.930 2.47084
0.000 28.514 19.876 2.74388
0.000 29.786 20.569 3.27062
0.000 29.699 21.156 3.21313
0.000 29.247 19.012 4.30417
0.000 27.397 18.313 3.51528
0.000 28.589 18.801 3.09602
0.000 29.727 20.341 2.30485
0.000 29.766 20.203 1.92332
0.000 30.396 19.864 1.34632
0.000 30.795 19.508 1.39510
0.000 31.077 19.283 1.99538
0.000 30.273 16.282 3.11243
0.000 26.920 14.721 3.66456
0.000 27.421 15.350 2.89007
0.000 28.484 16.805 2.43275
0.000 29.423 17.602 2.37063
0.000 29.184 19.771 2.73793
0.000 30.996 21.296 2.47741
0.000 30.574 17.962 4.24812
0.000 27.222 15.086 4.56158
0.000 26.703 12.711 5.45571
0.000 25.492 11.638 4.37751
0.000 26.389 12.123 3.85786
0.000 27.315 13.413 3.27334
0.000 29.105 16.847 3.07282
0.000 30.185 17.751 4.12446
0.000 28.030 17.069 4.76660
0.000 28.730 15.924 4.44437
0.000 29.447 15.699 4.22916
0.000 29.791 15.802 3.76869
0.000 30.045 16.253 3.34499
0.000 29.351 18.298 3.29270
0.000 32.114 18.150 3.87086
1.885 31.517 18.608 4.68581
0.000 25.467 14.753 5.91569
0.000 26.700 14.137 4.85733
0.000 27.643 14.414 3.55144
0.000 31.088 14.992 2.88722
0.000 32.550 18.178 2.83738
0.000 32.753 18.695 2.91911
0.000 32.473 17.913 3.52920
0.000 32.571 18.325 3.61232
0.000 32.867 18.958 3.15065
0.000 32.753 19.949 1.85702
1.132 33.499 21.405 1.57163
0.000 31.992 17.505 3.46865
0.000 31.200 17.943 2.50814
0.000 33.181 17.857 3.06748
0.000 32.339 17.401 3.66343
0.000 31.276 16.835 3.81938
0.000 31.289 17.306 3.51741
0.020 31.271 17.656 3.84320
0.025 31.510 18.072 4.16691
6.847 30.305 18.490 3.66768
0.000 32.126 18.982 2.94495
1.090 33.400 20.886 0.91752
0.237 32.646 21.962 1.20207
0.000 33.254 21.328 1.42142
0.000 34.068 22.172 1.23486
0.000 33.876 23.618 1.40772
0.000 29.978 22.199 1.42030
0.000 29.876 22.109 0.92806
14.173 32.700 22.659 1.30088
0.000 28.755 18.125 1.93546
0.000 30.504 17.891 2.66585
0.000 33.036 18.369 2.40758
0.000 32.593 17.044 3.41263
0.000 31.214 17.513 1.71400
0.000 33.572 19.466 1.69609
0.000 34.709 21.458 1.83473
0.128 33.339 20.814 2.73804
0.018 30.064 18.972 3.38824
0.000 26.915 18.471 3.03496
0.000 33.506 19.064 2.27412
0.070 34.690 21.646 1.61240
0.000 33.953 21.227 2.16221
0.000 34.574 21.749 1.57619
0.000 35.298 22.699 1.12811
0.000 36.837 22.334 1.55249
0.000 38.071 19.664 2.08612
0.000 36.141 20.222 2.93283
0.000 36.121 21.149 1.41682
0.000 36.483 21.268 2.42390
0.000 35.714 19.916 2.88125
0.000 35.355 19.833 2.05396
0.000 35.925 20.804 2.17233
0.000 36.985 20.480 2.11169
0.000 37.705 21.726 2.09968
0.000 38.626 21.559 4.05228
4.837 32.932 19.203 3.92666
1.655 28.157 17.916 4.00881
0.000 32.979 16.296 4.84536
0.000 34.379 17.031 2.83406
0.000 35.961 18.634 1.92419
0.000 38.468 22.152 1.47447
0.000 38.167 25.140 2.16568
0.000 38.589 25.933 1.27032
0.000 39.777 27.224 1.30723
0.145 36.613 26.040 1.66541
0.665 31.684 22.911 1.70073
0.000 34.285 23.185 1.03813
0.000 36.120 25.265 0.76704
0.000 35.928 25.729 0.75158
0.000 36.427 24.856 2.32853
0.000 36.114 25.043 2.24592
0.000 37.319 24.293 2.15590
0.000 38.836 25.709 2.15811
0.000 37.934 26.709 1.59015
0.038 37.760 26.625 1.36171
0.963 36.164 25.721 1.73966
0.358 32.483 24.539 1.98268
0.000 35.412 20.239 3.09854
0.000 35.824 20.978 3.67919
0.453 35.444 21.225 3.13119
0.000 37.505 22.221 2.66559
0.000 37.918 23.868 1.58223
0.000 35.679 25.241 1.46596
0.442 36.721 26.464 1.29304
4.640 34.275 25.252 1.32399
1.402 35.525 24.905 1.56105
4.250 36.029 24.596 0.88394
0.000 37.767 25.220 1.28481
0.000 38.663 26.408 1.10279
0.733 37.608 26.556 1.66541
0.000 38.106 23.063 2.22568
0.920 32.431 20.351 3.20545
0.000 36.279 20.743 3.01191
0.017 37.022 22.301 3.70118
0.008 36.545 23.269 2.76416
0.000 37.469 24.218 1.92930
0.000 38.587 25.503 1.79048
0.128 39.099 25.263 2.26187
2.975 35.001 20.931 5.21971
0.615 32.451 21.605 3.14177
0.000 37.827 23.547 1.31172
0.022 35.537 24.946 1.54594
1.537 31.638 24.455 2.14357
22.742 32.292 24.314 1.10207
0.045 35.296 25.227 1.12605
5.368 31.378 22.601 1.66514
0.000 33.231 22.915 1.45962
1.430 36.793 25.071 0.93795
1.597 34.909 25.010 1.16939
0.000 36.318 25.280 1.52799
0.000 36.412 26.336 2.08589
0.070 31.820 25.497 1.60235
1.785 32.645 23.929 1.78536
0.587 35.452 25.017 1.79051
4.997 34.726 25.150 1.80204
5.035 37.326 25.838 1.92304
0.220 33.772 25.487 1.72850
0.017 37.962 26.055 2.07818
0.000 38.629 26.748 2.09112
0.407 39.682 25.689 2.14939
0.000 39.579 25.672 2.11048
0.053 39.128 26.424 3.08093
0.000 39.359 26.561 3.11055
0.000 40.563 28.377 2.49450
1.070 37.810 28.028 1.91885
35.220 33.752 25.229 2.11977
0.108 33.179 25.386 1.78525
0.670 35.308 25.310 1.98883
0.000 32.401 25.001 1.85814
0.000 35.685 25.222 2.16777
0.285 38.989 26.338 2.19896
0.000 35.581 24.905 2.06841
0.000 36.299 25.072 2.16987
0.153 36.147 24.903 2.12964
0.967 34.519 24.446 2.04726
0.133 32.532 24.352 1.96491
14.732 31.955 23.360 2.05336
0.010 34.422 24.138 1.54261
1.105 35.018 24.562 1.24091
0.572 36.831 25.079 1.69622
7.333 33.308 24.966 1.60774
20.063 31.865 24.195 2.58762
2.870 34.028 25.072 2.07250
49.200 31.765 24.390 1.79468
0.000 31.699 24.186 1.56791
2.655 32.116 24.406 2.29056
2.315 32.026 24.323 2.29918
0.000 32.335 23.859 2.73579
0.000 34.956 24.681 2.59275
0.000 33.784 24.821 2.69523
0.003 32.747 24.604 2.25553
4.230 31.415 24.947 2.57489
49.817 28.965 24.018 2.49283
14.587 29.921 23.675 2.00221
2.480 32.099 24.151 2.33261
5.583 31.431 24.331 2.66648
0.580 31.655 24.325 2.46383
0.403 31.161 24.474 2.32055
12.340 28.739 24.581 1.60697
16.620 31.022 24.754 1.40044
36.010 30.195 25.055 1.70289
15.758 30.415 23.939 1.69736
3.340 29.800 24.303 2.15557
4.125 30.088 24.205 2.64448
0.833 30.714 24.538 2.04517
2.258 30.949 24.800 1.86652
1.660 30.157 24.829 2.14564
5.703 29.437 24.309 2.88466
0.162 31.247 24.338 3.25231
0.000 31.019 24.125 3.27372
0.000 30.367 23.851 2.74544
0.000 30.167 24.014 2.79553
0.140 30.158 23.881 2.68655
0.000 30.767 24.204 3.04937
0.875 28.957 24.017 2.84168
1.170 29.001 24.404 3.06344
17.550 27.526 23.394 3.14212
3.173 29.449 23.257 3.49646
1.780 29.808 23.331 3.45569
0.003 31.006 23.637 2.98976
0.000 31.974 23.845 2.70903
0.095 31.112 23.905 2.39763
7.780 31.065 23.743 2.48776
1.575 30.237 23.668 2.63294
5.048 29.211 23.797 2.59534
2.582 29.301 23.670 2.97558
0.660 32.190 22.939 2.98297
4.637 32.778 23.762 2.94247
20.092 32.099 24.315 2.92019
5.905 29.638 23.809 2.81192
13.778 29.104 23.479 2.03128
19.107 30.378 23.848 1.99194
1.193 29.222 23.613 1.98001
35.372 29.476 23.914 1.98359
17.838 29.647 23.889 2.33122
0.420 29.222 23.177 2.46502
1.170 30.390 23.290 2.41679
1.702 30.396 23.677 1.94807
1.620 30.643 23.129 1.86033
0.000 31.258 23.814 1.47850
0.843 30.421 23.809 1.89896
0.020 31.127 23.435 2.62133
0.000 31.518 23.294 2.57508
0.000 31.605 23.664 2.50158
0.000 33.094 23.970 2.29689
0.082 32.256 24.329 2.12451
0.013 32.378 23.956 2.22386
9.567 31.649 23.876 2.44642
0.143 32.591 23.190 2.58874
0.000 32.663 23.871 2.74899
0.000 34.858 24.722 3.31532
0.350 33.454 24.074 3.53659
0.195 31.773 23.963 3.20764
5.942 29.040 23.256 3.77688
5.690 32.045 23.321 3.93388
0.857 31.243 23.461 3.13050
1.955 32.276 23.437 3.36922
3.973 30.581 23.489 3.29735
0.553 30.913 22.891 3.18788
3.197 28.802 22.157 3.18455
5.598 31.349 22.411 4.00184
0.003 31.415 22.749 3.94286
0.122 31.513 22.675 3.89682
0.155 29.250 23.117 2.91880
0.170 31.495 23.106 2.98538
3.342 33.248 23.945 2.98415
4.610 32.804 23.645 4.01011
1.255 30.979 23.011 3.71130
13.543 31.907 23.140 3.79523
12.873 32.316 23.731 3.90794
0.520 31.689 22.701 3.42078
0.067 34.701 23.674 3.49828
0.740 34.658 24.421 3.29639
0.068 34.624 23.953 3.09961
0.057 34.226 23.788 2.99998
38.727 32.703 23.770 2.59867
15.425 33.824 23.831 2.85558
4.545 30.615 23.924 3.14984
4.570 31.062 23.205 3.18116
1.713 32.000 23.232 2.23805
4.967 31.433 23.484 1.95270
0.013 31.815 23.844 1.82017
51.303 31.484 24.211 1.39208
8.950 28.025 23.675 1.23694
14.890 29.338 23.257 1.34061
2.727 30.020 23.513 1.97722
36.280 28.670 23.826 2.21543
1.572 28.959 24.019 2.37426
12.477 30.069 23.601 2.56831
15.105 29.142 23.170 1.83471
1.760 30.323 23.702 2.03441
6.217 28.679 23.384 2.43399
2.528 28.596 23.802 2.00647
20.502 28.136 23.395 2.63584
2.330 28.209 23.386 2.97861
7.882 26.834 23.350 2.32429
36.290 29.626 24.209 2.00016
11.280 28.606 23.666 2.41183
18.945 29.710 23.251 2.19806
5.085 29.771 23.593 1.59909
6.363 27.126 23.247 1.35481
3.395 30.064 23.334 1.16434
1.933 27.634 23.627 1.42806
4.113 27.376 23.240 1.70207
7.960 26.924 22.524 1.44340
1.100 28.717 21.565 1.47256
3.438 27.872 21.976 1.87789
1.897 29.524 22.271 1.84298
3.170 31.130 23.441 1.37876
0.000 29.310 23.693 0.99031
7.815 29.542 23.277 1.78872
3.175 29.016 23.167 1.30374
0.245 28.629 23.444 1.28160
2.350 30.404 23.758 0.91382
11.635 28.343 23.445 1.36291
35.480 28.951 24.187 1.55713
19.235 28.038 23.642 1.34564
10.910 29.688 24.032 1.29902
0.230 28.116 23.607 1.59364
15.430 31.196 21.756 1.32076
0.000 29.902 21.977 1.89882
0.000 30.955 22.163 1.61936
0.000 30.850 22.275 1.11740
0.012 30.873 22.725 0.86536
0.000 31.241 22.989 1.02282
0.983 32.191 24.419 1.14876
6.217 29.835 23.456 1.67334
5.513 29.466 22.073 2.64517
7.652 27.065 22.371 3.97617
14.610 30.828 23.358 1.97535
0.000 29.197 21.441 1.59151
0.000 30.499 21.596 1.91346
0.000 30.898 21.852 1.54025
0.000 31.952 21.929 1.46115
0.000 32.028 23.044 1.26570
1.455 28.545 21.062 1.37493
0.000 30.088 22.543 0.93530
0.000 30.848 20.949 1.38349
0.000 30.796 20.315 2.02449
0.000 29.967 20.972 1.41180
0.000 31.788 21.560 1.28946
0.000 31.880 21.801 1.28097
0.000 31.190 21.290 1.54606
0.000 31.057 22.141 1.91878
0.147 29.691 22.893 1.56617
2.710 29.396 21.160 1.11281
0.000 31.710 21.232 1.50142
0.000 31.291 21.231 1.82800
0.000 31.214 22.133 1.95375
0.000 31.963 23.855 0.90606
0.238 32.146 24.043 0.80300
13.223 31.625 21.792 1.87710
0.000 30.219 19.779 3.08250
0.000 29.460 20.009 2.14400
0.000 31.252 20.430 1.62357
0.000 32.451 21.158 1.21452
0.000 32.815 21.383 1.37828
0.000 32.886 21.956 1.41552
0.000 32.612 22.747 1.30368
0.878 32.714 22.812 1.02022
0.000 32.725 23.258 0.83873
0.000 33.002 23.892 0.76831
0.000 33.424 24.099 0.62494
2.240 30.922 22.139 1.93798
0.000 31.023 22.562 2.31796
0.125 32.772 22.267 2.23107
0.000 32.292 21.539 1.51237
3.423 33.713 22.270 1.74074
26.690 30.770 23.533 1.83987
19.570 26.363 19.540 2.14498
1.170 31.459 20.328 1.37126
14.302 31.447 22.240 1.12452
0.000 33.419 23.416 0.76440
0.000 31.660 22.754 1.23316
0.000 32.704 23.157 0.68983
0.678 31.724 23.887 0.82954
6.588 28.079 23.383 0.82668
0.482 28.397 21.953 0.65357
0.945 32.246 20.312 1.35762
0.358 31.879 20.910 1.09876
0.335 28.515 21.846 1.03358
0.000 31.188 21.894 0.67330
0.000 32.566 22.452 1.01690
0.000 32.825 22.911 0.94389
0.000 34.070 22.402 1.03056
0.000 33.374 22.224 1.55018
0.000 32.500 21.982 1.02914
0.000 33.493 19.499 2.39915
0.000 30.662 19.917 2.04522
0.000 31.885 20.119 1.74645
0.000 32.627 20.461 1.52867
0.000 32.778 19.927 1.27770
0.000 33.279 19.953 1.10596
0.000 33.662 20.013 2.21820
0.000 32.354 19.510 1.85423
0.000 33.295 20.648 1.11215
0.000 34.188 22.020 1.66209
0.000 35.031 22.672 1.16079
0.000 35.331 21.870 1.01658
0.000 36.287 22.237 1.15184
0.000 36.284 20.069 3.21896
0.000 33.882 20.580 2.14664
0.000 34.627 20.908 1.66633
0.000 35.676 21.758 2.01551
0.000 35.797 21.376 3.56209
0.000 30.575 16.527 5.51334
0.000 30.164 16.442 3.74910
0.000 32.107 16.957 2.37825
0.000 33.526 19.880 2.09758
0.000 33.721 21.883 2.06627
0.000 34.083 22.096 1.99516
0.000 35.971 22.246 3.07347
0.000 31.255 15.536 5.93959
0.030 25.989 16.143 3.86221
0.000 29.093 16.741 2.55019
0.000 33.777 18.017 2.22233
0.000 34.409 18.427 3.55579
0.000 32.730 18.297 3.26499
0.000 33.690 18.839 2.84776
0.000 32.563 18.363 3.02965
0.000 33.861 18.849 2.14699
0.000 33.887 20.407 1.29006
0.000 34.937 18.121 3.08863
0.000 32.323 18.185 2.88930
0.000 32.466 18.844 2.85097
0.000 33.285 19.025 2.58219
0.000 32.521 19.268 1.92623
0.000 33.315 19.853 1.60226
0.000 33.361 20.269 1.71858
0.000 33.913 18.389 3.09567
0.000 33.072 17.317 4.10429
0.000 32.420 16.172 4.51764
0.000 31.703 16.934 2.42149
0.000 33.625 18.151 1.53685
0.000 35.817 20.625 1.77335
0.000 36.604 20.476 2.41068
0.000 36.663 20.826 1.97889
0.000 37.145 22.209 2.18156
0.000 35.649 23.084 1.48072
4.912 35.335 23.820 1.41236
0.273 34.194 21.058 2.49682
0.230 32.445 20.351 2.57083
0.000 33.794 20.839 2.16876
0.000 35.503 22.334 1.53751
0.000 35.296 22.326 1.70526
0.000 36.799 22.807 1.91234
0.000 36.406 23.624 2.47410
0.000 32.621 23.682 2.25418
0.000 37.800 24.338 2.04015
0.000 37.189 23.740 1.24662
0.000 38.496 23.984 1.48878
0.000 38.730 24.089 1.65548
0.000 39.095 24.563 1.40285
0.000 35.884 22.152 2.90632
0.000 36.615 21.840 2.69682
0.000 36.322 22.084 1.31862
0.000 37.326 20.152 3.69466
0.000 36.155 20.652 2.44496
0.000 37.444 21.601 2.22319
0.000 38.661 23.791 2.78518
0.000 37.686 24.870 2.57495
0.000 38.308 24.394 1.27621
0.000 37.874 23.592 1.41634
0.000 38.704 23.703 1.07461
0.013 38.472 22.349 2.53851
1.358 37.791 22.058 3.89245
0.010 35.834 19.785 5.86787
0.000 35.042 20.336 5.21554
0.000 35.427 21.006 3.22318
0.305 38.428 24.245 1.77200
0.035 39.709 27.246 1.45356
0.010 39.484 26.588 2.14413
0.000 38.841 25.764 2.15321
0.000 39.663 26.215 1.70603
1.218 40.815 26.354 2.24464
0.352 31.423 20.576 4.58582
8.163 33.949 20.456 4.69159
0.000 34.120 20.241 3.83110
0.000 36.213 21.133 2.52635
0.000 37.496 21.105 3.06227
0.000 37.536 22.320 1.77091
0.000 38.440 23.569 1.61069
0.000 36.977 25.385 1.51923
0.000 37.690 26.328 1.23992
0.822 38.095 25.554 2.23791
0.000 38.050 26.568 1.48181
0.000 37.773 27.084 1.37557
0.000 36.391 25.693 2.07259
0.000 37.904 26.534 1.21229
0.000 38.898 26.522 2.19071
0.000 38.115 26.792 2.88356
0.000 37.743 27.007 2.17737
0.180 39.763 27.199 1.83450
0.000 39.580 28.422 1.26552
2.412 35.985 26.377 1.36165
0.718 38.717 27.247 1.29133
0.000 40.895 27.528 2.18328
0.000 40.807 26.354 2.73725
0.000 40.907 26.893 2.02311
0.000 40.640 27.866 1.68182
0.000 40.632 27.760 2.37417
0.000 41.938 28.288 2.11070
0.000 41.402 28.372 2.43968
0.000 42.014 28.629 2.10116
10.140 37.031 27.112 1.38657
0.000 36.008 27.288 1.71377
0.003 38.231 27.083 2.60206
0.000 39.400 26.448 3.84320
0.000 38.954 26.158 3.71573
0.000 42.444 24.749 2.87554
0.000 37.402 25.477 1.78028
1.770 36.765 26.049 2.35808
0.205 39.988 27.279 2.31763
0.033 36.066 26.380 2.26337
0.120 36.293 25.951 2.17694
0.003 36.561 26.080 3.35541
0.613 38.746 26.966 1.73261
0.005 38.519 26.928 1.97878
2.308 33.229 24.935 2.71614
4.157 34.849 25.278 2.66308
4.062 30.073 24.433 2.41152
0.000 36.615 25.502 1.34165
0.000 39.329 26.371 2.65660
0.000 38.384 26.746 2.47277
8.808 34.424 25.935 1.27848
1.670 31.894 25.846 1.12030
0.290 32.456 24.766 1.68776
9.645 35.038 24.886 1.21772
3.020 35.211 25.804 1.46123
20.855 33.904 24.422 1.39711
0.000 36.568 25.395 1.82496
0.000 38.666 26.035 1.99322
0.000 35.518 25.674 2.15563
0.000 36.972 24.788 2.53709
0.157 37.507 25.379 2.40079
0.000 36.440 24.747 2.03987
0.030 38.170 26.263 1.60070
13.875 32.273 24.613 1.47751
4.050 35.335 24.857 1.12984
0.007 35.543 25.720 1.38755
14.168 32.057 25.165 1.43703
17.113 34.817 25.001 1.64831
0.003 36.343 25.821 1.44602
0.680 37.623 26.132 1.77807
5.810 37.202 25.502 1.34471
15.190 31.932 24.488 1.50688
0.000 35.789 25.882 1.89814
0.000 35.340 25.951 2.02087
0.167 35.391 25.463 2.47434
3.132 35.966 25.762 2.28771
10.132 33.582 25.577 2.02364
23.043 31.663 24.786 1.56205
12.170 34.314 24.620 2.25864
14.128 32.271 24.978 2.82792
1.942 32.463 25.103 2.63869
4.625 31.240 25.004 2.08088
11.068 31.740 24.753 2.04656
0.122 32.875 24.677 2.11759
0.133 31.591 23.966 2.66518
2.507 33.882 24.482 2.49924
2.127 33.692 24.793 2.38283
0.857 33.290 24.782 1.60151
16.378 32.628 24.481 1.10278
0.205 31.418 24.240 0.71866
0.000 33.098 24.280 0.73338
5.033 32.649 24.840 0.94605
4.810 31.825 24.642 0.92956
4.543 30.331 23.767 1.55524
3.182 31.832 23.484 1.51739
6.445 30.818 22.862 1.54882
1.207 32.950 23.609 1.24430
0.000 32.633 24.658 1.57294
0.210 32.565 25.163 2.37558
0.435 32.595 24.934 2.08615
30.187 32.861 24.937 1.86524
42.708 30.625 24.559 1.20168
5.940 28.596 24.024 1.16139
2.210 29.302 23.918 1.70647
0.025 30.250 24.082 1.71203
0.000 32.409 22.947 1.50789
0.008 32.686 23.925 1.45991
0.000 31.134 24.281 2.02268
0.027 30.333 24.214 2.66443
0.330 30.242 25.028 2.55540
1.525 29.110 24.033 2.82608
24.330 30.278 24.266 3.35988
13.457 28.534 23.985 3.39420
3.528 27.772 23.515 3.40147
1.252 30.904 24.176 2.84210
11.368 30.682 23.844 1.92933
6.117 29.262 23.948 1.86642
9.260 30.844 23.447 2.39747
6.917 32.134 23.317 2.55639
0.950 31.772 23.596 2.59782
0.000 33.187 24.690 2.42924
0.815 31.972 24.627 2.32634
0.235 28.273 23.426 2.28103
0.868 30.517 23.498 1.76152
3.610 32.017 23.250 1.45035
19.315 32.338 23.741 1.31997
0.133 30.344 23.778 1.51399
18.495 29.154 23.203 2.04736
22.580 29.641 23.240 2.46482
0.000 29.174 23.023 2.32355
1.790 27.587 22.487 2.32585
1.507 29.847 23.401 2.02491
0.340 30.731 23.039 2.33239
0.000 31.131 24.020 2.08482
0.618 32.008 24.184 2.29394
0.522 29.669 23.537 1.81170
7.857 30.618 23.825 1.96878
2.352 30.268 23.469 2.36437
0.000 33.207 24.576 1.84972
28.233 28.732 23.208 3.22549
5.627 29.229 23.207 2.77226
3.005 28.042 23.819 2.15380
33.012 28.824 23.483 2.28779
6.310 27.435 23.753 2.70447
17.970 26.451 23.081 3.43025
1.987 29.135 23.645 2.49561
5.055 29.549 24.164 2.37387
50.290 28.078 23.684 2.50178
15.815 29.269 23.453 3.09262
22.093 29.109 23.284 3.07008
4.970 29.731 23.320 2.35295
7.237 29.062 23.606 2.20513
0.258 29.714 23.384 2.93493
12.015 28.584 23.694 2.71547
4.290 28.364 22.916 2.80414
0.090 29.360 22.956 2.00920
0.243 29.179 23.846 1.66347
34.015 29.681 23.672 2.04611
21.337 28.045 23.687 2.21432
3.887 27.763 23.239 2.16169
1.785 28.780 23.100 1.53234
19.805 31.592 23.986 1.21629
1.240 28.873 23.072 1.35265
5.583 31.089 24.385 1.15295
12.700 28.396 23.210 1.99943
0.628 29.199 22.218 2.79804
2.085 30.430 23.622 2.75205
0.035 30.181 23.478 2.96282
0.000 30.256 23.753 3.04807
0.385 30.650 23.827 3.33721
0.000 30.854 23.512 3.38220
1.755 30.111 23.849 3.12717
8.058 28.672 23.388 3.01570
2.420 28.700 23.384 3.47857
1.870 30.111 23.255 3.25819
0.190 29.821 23.217 3.30963
0.498 30.773 23.002 2.76167
9.320 30.675 21.925 1.96780
4.227 29.779 22.753 1.90397
18.513 30.732 23.013 1.93143
28.183 27.602 23.446 2.24793
0.000 29.394 23.705 1.84134
3.443 29.091 23.498 1.38622
0.055 28.793 23.814 1.21930
2.030 30.996 23.723 0.78565
0.240 31.585 22.865 1.11291
6.690 30.046 23.757 1.39899
1.063 28.826 23.160 1.07006
34.855 31.447 23.151 0.71824
38.142 29.371 22.579 1.17565
0.727 29.653 23.440 0.78960
7.377 29.315 23.312 0.84132
9.215 28.717 23.345 1.08110
4.787 30.673 23.612 1.02341
7.712 29.493 23.673 0.90940
29.415 28.658 23.652 1.27044
9.112 27.496 23.875 2.04828
10.588 27.514 23.427 2.24975
1.320 29.131 23.186 2.72717
20.438 27.368 23.725 2.19787
84.688 26.905 23.785 3.20737
111.715 26.442 23.123 4.65300
3.095 27.990 23.289 4.13157
0.502 27.785 23.243 3.13383
3.202 27.976 22.736 2.78887
18.095 26.548 22.177 2.54847
0.000 29.672 23.488 2.35542
5.935 29.307 23.693 2.33606
11.125 27.885 23.287 1.49279
17.017 28.957 22.160 1.67106
5.485 28.277 22.947 1.44498
4.640 29.550 21.939 1.60573
0.208 28.802 22.277 1.66968
0.000 30.966 23.078 1.13226
1.687 28.160 23.419 1.83889
12.347 28.409 22.899 3.13815
12.662 28.896 22.972 1.82597
0.000 29.569 22.347 2.04267
1.523 29.086 21.705 2.93432
0.958 27.011 20.470 2.30045
0.000 28.869 19.632 1.85318
0.000 29.789 20.311 1.43393
0.000 30.108 20.630 1.80483
0.000 30.228 21.977 2.03323
0.000 30.803 23.062 2.06433
0.205 30.890 22.540 1.68166
0.705 31.439 23.202 1.79808
74.745 28.158 22.389 3.83715
9.667 25.720 22.611 2.86238
0.000 30.436 22.670 1.52510
28.732 29.784 22.214 2.03840
0.000 29.017 21.924 1.72913
0.000 29.691 21.248 2.70060
0.000 29.433 21.327 2.63500
0.000 29.544 21.369 2.64856
0.000 29.241 20.504 2.53753
0.000 28.986 19.331 2.51706
0.000 28.002 18.743 2.63416
0.000 27.730 18.289 2.26113
0.000 28.615 18.948 1.48848
0.000 29.957 20.395 1.18155
0.000 29.417 19.568 1.40315
0.000 30.644 21.034 1.33525
1.220 30.584 20.982 1.41360
0.000 30.500 20.025 1.83686
0.000 29.123 18.044 2.23712
0.000 28.640 18.308 2.87399
0.000 28.802 19.101 3.05161
0.000 28.946 19.950 3.45976
0.537 29.881 21.764 3.19565
7.645 27.905 22.080 2.98015
0.070 29.799 22.006 2.24407
0.060 29.761 20.363 2.39978
0.053 30.584 21.103 1.40686
0.000 31.185 24.054 0.88798
0.817 30.564 22.361 1.16733
5.230 29.199 20.782 2.70086
0.000 29.411 20.459 2.90808
7.512 28.601 20.369 4.07350
0.445 29.155 20.707 3.07381
0.000 29.186 19.702 3.33678
0.000 29.079 19.461 3.23661
0.000 29.118 18.992 3.07019
0.000 29.313 19.519 2.82951
0.000 30.077 20.617 2.49998
0.000 30.681 21.775 1.81782
0.117 29.421 21.785 1.29713
1.830 30.304 22.738 0.78858
0.000 28.405 20.875 2.01970
0.000 30.928 20.816 1.58277
0.000 32.318 21.926 1.90856
0.000 29.931 17.292 4.52404
0.000 28.112 16.478 3.96990
0.000 29.110 16.935 3.35008
0.000 28.806 16.125 4.34705
0.000 28.026 14.565 3.24949
0.000 28.827 15.270 2.56459
0.000 29.853 17.133 2.58289
0.000 30.000 17.491 2.54953
0.000 29.472 15.426 3.00816
0.000 29.147 15.064 2.54010
0.000 29.376 16.023 1.45058
0.000 30.187 16.630 1.79611
0.000 30.623 17.007 1.79969
0.000 31.287 17.318 2.17580
0.000 31.927 18.309 1.55265
0.000 32.201 20.127 1.80695
0.000 32.220 20.778 1.16229
30.060 29.210 18.200 1.93192
0.023 25.902 12.690 3.75134
0.000 23.701 11.552 3.24245
0.000 25.549 11.444 3.33896
0.000 25.853 10.825 3.18376
0.000 25.795 10.742 3.09705
0.000 25.768 11.381 3.53654
0.000 25.967 13.052 2.97193
0.000 27.564 13.665 2.86531
0.000 27.876 13.739 3.58135
0.000 26.782 12.587 3.37528
0.000 27.649 11.789 3.47183
0.000 26.530 11.132 3.97505
0.000 26.340 11.660 3.46158
0.000 26.607 12.557 3.27632
0.000 27.202 13.761 3.22420
0.000 26.830 13.115 2.97730
0.000 28.932 13.163 2.13636
0.000 31.131 14.555 1.37652
0.000 33.663 16.075 1.68588
0.000 32.440 15.938 2.89180
0.000 32.142 16.681 1.41741
0.000 33.318 18.179 0.92088
0.000 34.064 19.480 0.93832
0.000 35.108 18.238 2.60619
0.000 33.020 17.670 3.28766
0.000 32.710 18.217 3.04494
0.000 32.800 18.578 2.93745
0.000 32.370 16.906 3.77524
0.000 30.720 14.284 4.97499
0.000 28.262 11.400 4.25182
0.000 27.422 11.989 3.40715
0.000 28.410 13.512 2.27904
0.000 29.901 14.936 4.25309
0.000 27.559 13.282 4.93927
0.000 27.376 13.563 2.90530
0.000 28.877 14.454 4.45666
0.000 26.964 11.104 4.40413
0.000 25.857 11.088 4.10085
0.000 26.741 11.490 1.82599
0.000 29.105 13.112 0.98856
0.000 31.521 14.513 1.67240
0.000 31.570 16.026 2.09699
0.000 32.222 16.164 2.51402
0.000 32.907 16.703 2.20450
0.000 32.764 16.861 2.34602
0.000 31.878 15.660 2.88368
0.000 32.693 15.848 1.31771
0.000 34.142 17.693 0.98537
0.000 35.776 19.358 0.91414
0.000 36.500 20.696 1.18458
0.000 35.494 22.357 1.54795
0.030 33.580 22.556 1.58496
0.000 35.181 23.166 1.64448
0.000 35.537 22.738 1.59650
0.000 36.087 23.639 2.30433
0.000 36.742 23.375 1.86300
0.000 36.966 19.661 3.73578
0.000 32.797 19.313 3.34383
0.000 33.899 19.876 1.29354
0.000 35.033 18.614 3.03808
0.000 30.142 18.611 2.70849
0.000 33.573 19.067 1.69112
0.000 35.048 21.760 1.74197
0.000 36.321 23.344 1.72028
0.000 37.905 24.306 1.57633
0.000 30.940 15.580 5.40482
0.000 26.942 16.121 3.65409
0.000 30.997 17.490 1.39704
0.000 35.567 20.826 1.74040
0.000 35.598 20.368 1.74290
0.000 36.671 21.038 1.19444
0.000 36.463 22.099 1.09821
0.000 37.092 23.059 1.59267
0.000 36.914 22.421 1.84845
0.000 36.048 22.874 1.82551
0.000 37.775 23.469 1.34490
0.000 39.581 24.535 1.77054
0.000 39.182 23.035 1.69836
0.000 38.811 24.167 1.69837
0.000 38.205 25.507 2.07749
0.000 37.733 25.567 2.29792
0.000 37.281 24.963 1.95749
0.000 37.486 25.498 1.81549
0.000 37.598 26.090 1.28874
0.000 37.373 26.276 2.21694
0.000 37.376 25.076 1.46026
0.000 39.172 23.993 1.87367
0.000 39.384 25.338 0.75017
0.000 39.961 25.195 2.67607
0.070 39.001 26.460 2.16305
0.000 37.421 26.459 2.36223
4.370 36.021 26.614 1.10443
0.000 37.039 26.073 0.96273
0.265 39.240 27.365 1.76217
4.853 36.778 26.104 1.28581
0.000 35.867 22.212 3.21000
0.170 30.495 21.948 1.84538
0.000 35.010 22.542 2.32801
0.000 36.387 24.024 1.22634
0.000 37.485 25.412 1.18088
0.000 38.046 26.178 1.04602
1.420 37.217 25.868 1.24703
0.000 37.274 25.614 2.22467
0.000 39.106 26.122 2.10945
0.000 38.274 26.527 2.34968
0.000 40.504 26.550 2.47700
7.830 40.320 26.478 2.92080
0.040 39.917 27.299 1.92798
14.985 38.264 25.315 1.86728
2.285 32.683 24.539 1.46956
11.573 33.042 24.326 1.04866
0.000 35.231 24.596 1.03637
0.497 37.499 24.257 1.57471
0.000 38.280 25.384 1.70893
0.000 37.896 25.645 1.16500
11.718 39.349 26.888 1.62264
4.720 34.033 23.653 1.60819
0.543 38.374 24.959 1.29465
0.250 38.737 26.905 1.20399
0.013 35.273 26.013 1.23555
0.000 38.715 25.550 1.34696
0.000 39.609 26.354 1.36600
0.000 39.073 27.618 1.21987
0.000 36.304 26.822 1.48946
0.000 38.258 27.177 1.62007
0.000 37.312 28.019 1.36953
0.095 38.673 26.797 1.87514
0.228 32.757 25.550 1.58643
12.763 36.250 26.308 1.93298
0.068 37.694 26.353 2.19921
0.000 35.667 26.310 1.71056
0.000 35.784 25.903 1.24351
0.015 36.648 26.348 0.98508
17.693 36.113 26.264 0.89595
2.925 30.575 25.098 1.04175
0.003 36.047 26.003 1.07392
3.493 35.013 25.687 0.88237
4.568 29.078 23.206 1.34939
9.738 34.135 24.563 1.43353
0.040 35.621 25.623 0.79074
2.470 35.570 23.874 1.71910
4.945 31.350 24.078 1.84904
1.227 34.068 25.069 1.09086
0.000 37.171 25.613 1.56588
0.000 39.416 25.954 2.25641
6.762 40.126 25.418 3.01484
0.102 38.504 25.977 2.70834
0.000 35.745 25.891 2.05155
8.525 32.738 24.743 2.31722
1.020 35.127 25.183 2.32134
0.000 34.335 25.608 1.96401
0.635 33.040 25.957 1.24343
2.970 32.026 24.995 1.60425
0.000 32.242 24.974 1.43286
0.625 32.605 25.036 1.11347
0.240 35.037 24.646 1.94050
1.525 35.199 24.822 2.54419
0.000 34.085 24.893 2.89549
0.000 33.974 24.998 2.69301
35.765 36.319 25.371 1.64642
0.017 36.649 25.806 0.97408
7.175 34.994 26.322 1.04755
26.823 35.023 25.815 1.25462
2.248 33.173 25.634 1.34411
0.000 34.494 25.390 1.45687
0.000 36.537 25.714 1.91128
0.390 35.041 25.597 1.42056
0.128 36.356 25.610 1.71028
0.407 36.117 25.375 1.51278
23.423 35.080 25.340 1.93720
0.318 34.015 25.988 2.21311
0.210 34.501 24.867 2.90169
0.090 33.992 25.343 2.75856
3.110 35.510 25.351 2.39063
0.015 35.307 25.486 2.72103
7.290 32.411 25.428 2.73005
23.045 30.982 25.344 3.02190
5.220 32.965 25.342 3.00323
11.773 31.933 24.727 3.44290
5.745 30.934 24.921 3.32439
1.877 30.049 24.498 3.01424
2.720 32.453 24.890 2.60446
0.065 31.327 24.133 3.47915
0.548 32.170 24.122 3.16315
0.215 29.717 24.012 2.55944
16.092 31.876 23.730 2.78199
18.403 32.072 24.931 3.10697
9.293 31.466 24.595 3.20902
8.052 32.093 23.893 3.00924
12.820 30.531 23.745 3.16175
8.065 30.703 24.076 3.01574
30.628 30.955 23.625 3.31038
0.935 31.353 23.850 2.31725
4.565 33.341 24.748 2.99135
30.438 31.578 24.297 2.60262
32.690 31.429 24.792 2.69171
5.623 29.483 23.878 2.39353
0.000 31.065 23.205 2.49123
24.218 30.569 24.596 2.01920
0.180 29.422 23.919 2.34534
1.317 32.437 24.797 2.12475
20.425 30.247 24.860 2.56324
0.075 30.330 25.081 2.43307
8.540 28.753 24.552 2.88247
2.855 30.088 24.246 3.08058
1.240 29.975 23.988 3.44310
0.028 29.261 23.812 2.99708
0.043 29.204 24.613 2.48875
6.060 29.639 24.262 1.95239
2.905 29.393 24.417 1.38853
9.947 28.597 24.119 1.77258
1.293 29.748 23.818 2.43837
19.880 30.046 23.913 1.73998
0.250 29.875 24.314 2.47133
10.682 28.277 23.354 3.37279
19.150 28.529 22.054 3.44735
16.643 30.340 23.303 2.76372
3.627 29.530 23.646 2.40670
48.448 28.515 23.848 2.47359
26.448 27.008 23.174 3.12658
0.033 30.743 23.569 2.51615
4.883 29.514 23.576 2.49127
10.865 29.596 24.003 2.41696
12.067 28.720 23.910 2.36346
20.597 28.603 23.780 2.71941
13.843 29.075 23.795 2.34299
30.073 30.611 24.543 2.53221
21.560 29.233 23.858 2.83388
4.902 29.272 24.142 2.70062
9.040 29.077 23.776 2.59467
1.865 29.068 23.959 2.64151
27.263 27.907 24.108 2.50714
8.255 28.814 23.722 3.45167
7.563 29.067 23.220 3.30706
0.000 29.081 23.442 3.11482
0.695 29.161 23.467 2.58370
0.073 28.248 23.089 2.44124
0.000 30.949 22.660 2.34380
10.912 30.880 23.952 2.68237
0.958 29.663 23.762 2.36150
3.507 28.567 23.651 2.16563
3.210 30.390 23.799 1.54749
0.280 29.839 23.789 1.23765
2.437 30.823 23.661 1.35511
0.000 31.599 23.564 1.31153
0.000 31.730 24.230 1.25475
1.390 29.099 23.445 1.61124
2.130 29.929 23.432 1.14050
0.517 29.323 23.718 0.92471
25.025 30.106 23.584 0.86265
19.763 30.778 24.275 1.10167
0.000 30.616 23.803 1.28747
1.965 28.903 23.854 0.99842
4.115 28.509 22.210 1.13783
0.008 29.755 23.301 0.63872
82.385 30.638 23.920 0.82532
9.263 27.860 23.474 1.61499
1.425 27.742 23.385 1.23874
35.223 28.870 23.643 1.41479
20.070 26.840 23.245 1.87284
7.935 26.765 22.765 2.32013
0.002 29.594 23.329 1.54560
22.907 29.049 23.197 1.45158
4.355 28.850 22.860 1.80061
0.763 30.348 23.336 1.81290
0.072 27.620 23.052 1.84804
0.000 30.009 23.871 1.66075
1.295 29.980 23.866 1.92885
8.430 27.562 23.566 1.70591
1.340 28.817 23.384 1.53727
0.000 29.689 23.680 1.79919
28.698 28.814 23.652 1.68992
18.070 29.531 23.397 1.92301
23.993 28.034 23.841 2.59715
7.707 27.469 23.786 3.09893
7.485 28.807 22.858 3.35567
0.000 30.698 23.406 1.53979
0.000 31.174 24.312 1.24394
0.383 30.634 24.024 1.61412
5.560 31.243 23.832 2.08727
5.660 29.079 23.209 2.19137
0.000 30.075 23.628 1.31812
4.312 31.461 24.179 0.73965
13.875 28.577 23.185 1.18170
0.122 28.821 23.616 0.90419
0.007 30.390 23.963 0.74661
19.865 30.278 24.284 0.71945
0.620 29.487 24.184 0.64616
3.395 29.114 23.841 0.92365
8.788 29.163 22.744 0.73668
0.000 31.520 23.265 0.64176
0.000 32.193 23.263 0.81734
1.270 33.012 23.390 0.94461
12.687 30.118 23.868 1.55070
9.833 26.714 22.054 2.71730
0.000 29.143 21.823 2.41829
0.000 30.197 22.196 1.26405
0.000 30.918 21.516 1.00003
0.000 31.653 22.105 1.39421
0.000 29.568 19.864 2.20235
0.000 29.381 20.988 2.68754
1.283 29.942 20.941 3.29814
0.000 29.482 20.239 3.31509
0.000 28.702 20.557 2.23363
0.000 30.471 21.714 1.80806
0.000 29.994 20.675 2.13958
0.875 29.928 21.543 2.14592
58.582 28.333 22.899 1.31408
8.125 29.992 22.438 0.64999
0.063 30.334 22.342 1.33209
1.382 30.561 23.251 1.71902
29.258 26.567 22.113 0.93498
2.708 29.474 22.960 1.47036
2.620 29.602 22.643 0.99160
0.722 30.562 23.475 0.78393
0.060 29.773 22.642 1.13715
4.567 30.128 22.506 1.19694
0.000 30.253 22.965 0.83934
0.000 30.609 23.753 0.99150
1.830 30.298 23.441 1.00235
8.088 29.989 23.230 1.34042
0.000 30.482 21.757 1.96555
0.000 30.228 20.873 2.01064
0.000 30.629 21.704 1.27808
0.000 30.750 21.915 1.19781
0.215 31.209 23.329 1.05273
0.000 30.639 22.257 1.28089
6.680 30.618 22.145 1.50994
0.000 30.692 21.597 1.15926
0.000 30.605 21.582 1.68333
0.000 30.677 21.571 1.70246
0.000 30.625 21.982 2.40530
0.290 29.685 20.157 3.40278
0.000 28.555 20.280 3.01507
0.000 29.737 20.748 3.02662
0.000 29.622 20.415 2.88924
0.000 29.380 18.854 3.26649
0.000 28.459 17.847 3.91092
0.000 27.987 17.906 3.23236
0.000 28.671 18.574 2.11758
0.000 29.847 19.889 1.86486
0.000 30.794 20.426 1.84513
0.000 30.923 20.439 1.95454
0.000 31.221 21.142 1.98831
0.000 32.436 22.015 1.80487
36.357 32.433 22.906 1.21194
7.312 31.769 22.318 0.93252
0.000 33.025 22.484 0.99440
1.007 33.165 21.401 1.40626
0.060 33.698 22.377 2.65640
0.977 31.378 21.532 3.23206
0.000 31.641 20.982 2.95145
0.000 31.270 21.175 1.46855
0.000 29.191 18.980 3.08883
0.000 30.633 19.336 2.74507
0.000 31.531 19.841 1.56651
0.000 33.076 18.459 2.79011
0.000 31.203 18.437 3.10526
0.000 31.561 18.417 2.43590
0.000 31.432 18.044 2.82129
0.000 32.067 18.032 3.39449
0.000 31.565 17.072 4.80545
0.230 28.193 16.171 3.89150
0.000 30.406 16.558 2.79420
0.000 31.848 18.149 2.69997
0.000 31.081 16.440 5.72301
0.000 27.125 15.163 4.97736
0.000 28.425 15.481 3.94489
0.000 27.103 15.434 3.46796
0.000 30.525 15.919 3.02171
0.000 31.358 16.110 4.77626
0.000 29.113 14.193 4.37209
2.340 29.991 14.606 3.18228
0.000 32.622 18.090 3.17092
0.000 33.891 19.591 2.78250
0.000 34.384 21.043 2.07423
0.527 34.323 21.353 3.27338
0.000 31.534 16.226 4.80965
0.000 30.329 14.855 3.55526
0.000 30.392 15.276 2.95793
0.000 30.948 15.533 3.54188
0.000 29.490 13.131 3.78180
0.130 29.683 13.759 3.05121
0.060 31.226 16.197 2.15840
0.025 33.001 18.056 1.15587
0.000 34.850 20.608 0.99583
0.000 35.323 21.929 0.83460
1.465 34.461 21.989 2.35687
0.000 29.458 20.747 3.30312
0.000 32.911 18.808 2.74895
0.000 32.588 17.728 3.08344
0.000 31.035 16.491 4.09292
0.000 28.423 16.140 4.62129
0.000 29.629 12.323 4.15660
0.000 29.633 12.922 3.37448
0.000 30.081 12.819 3.08880
0.000 29.863 13.088 3.76116
0.000 30.205 13.785 3.23190
0.000 30.443 15.906 3.39899
0.000 30.479 15.605 2.98314
0.000 31.278 14.850 2.15820
0.000 32.483 16.252 2.96020
0.000 32.945 17.107 2.42385
0.000 33.550 17.714 1.32500
0.000 34.318 18.574 0.99336
0.000 35.136 19.726 0.63909
0.000 35.598 19.380 0.63781
0.000 35.793 19.910 0.73945
0.000 35.671 20.258 0.83311
0.000 36.125 18.927 1.34856
0.000 35.823 18.344 2.31748
0.000 34.868 17.635 3.31334
0.000 33.812 18.425 3.41765
0.000 33.934 19.528 3.02480
0.000 34.429 19.020 3.15075
0.000 34.875 17.554 3.64856
0.000 34.077 16.504 4.34725
0.000 32.516 16.967 3.63746
0.000 32.829 17.859 2.16698
0.000 33.161 16.475 4.02846
0.000 32.901 16.802 2.88506
0.000 33.152 17.783 2.07225
0.000 35.275 19.116 1.71672
0.000 34.780 18.989 1.72540
0.000 34.761 20.625 1.51257
1.265 33.834 22.231 2.00727
0.000 32.707 22.661 1.22742
0.000 36.271 23.102 1.21273
3.140 35.699 23.575 1.21221
10.568 34.650 21.745 1.58651
5.752 32.579 22.192 0.85552
0.000 34.731 22.853 1.22051
10.268 33.218 23.060 0.74623
1.930 34.969 23.535 0.86550
0.000 35.938 23.092 0.80133
0.000 37.446 24.010 0.89012
0.000 37.814 24.878 1.18019
0.000 36.788 24.682 1.28845
0.000 37.771 24.968 1.02915
0.000 38.406 26.467 1.17946
0.000 32.993 23.072 2.14151
0.000 38.187 24.504 2.20030
0.000 38.492 24.959 2.70006
0.000 39.354 25.910 1.81408
3.970 39.401 26.140 1.55203
0.000 39.438 25.510 1.87341
0.000 38.256 26.109 1.33495
0.000 38.434 25.240 1.54145
0.000 39.731 24.625 1.33886
0.000 39.426 25.297 1.65251
0.000 38.867 24.869 1.67122
0.000 38.788 26.153 1.59102
0.000 37.388 26.198 1.74241
0.443 34.696 24.713 1.34530
0.000 36.071 24.765 1.52636
0.000 37.459 24.976 1.77358
0.000 38.878 25.338 2.50300
0.000 39.421 25.894 2.57920
0.000 39.863 25.636 1.82483
13.580 38.898 26.826 1.69731
0.522 35.838 24.313 1.62921
0.027 34.838 24.426 1.47403
0.000 34.553 24.245 1.90963
0.068 34.359 22.684 2.81746
0.000 36.609 24.130 3.05220
0.000 34.581 23.992 2.61192
0.002 34.270 24.465 2.69171
0.000 36.990 26.078 1.31256
15.512 33.109 24.402 1.61134
1.995 34.039 25.066 1.15311
0.000 36.929 24.804 1.59369
1.403 38.200 25.270 2.37133
0.000 39.852 25.448 3.16044
0.000 40.388 24.668 2.67245
0.000 40.927 25.647 2.69589
0.000 40.902 26.825 2.17974
0.000 39.077 25.602 2.24758
0.000 39.657 27.220 1.54771
0.497 37.570 25.902 2.58420
0.000 39.120 26.123 1.36575
0.000 39.130 26.425 1.35099
0.000 37.429 24.189 2.21960
0.000 36.319 21.002 4.56064
0.000 37.097 20.305 4.59113
0.000 37.532 21.061 2.55088
0.000 38.758 23.317 1.21818
0.000 40.709 25.497 1.40933
0.000 40.987 26.381 2.72690
0.000 39.796 26.850 2.84111
0.000 42.743 27.005 2.84221
0.000 43.411 27.185 3.06077
38.292 42.978 28.305 2.17759
14.682 33.797 24.302 2.71352
0.110 33.883 24.981 1.21977
1.260 35.759 24.658 1.75992
1.600 34.061 24.050 1.30341
3.198 37.214 25.786 1.48382
2.015 36.978 26.644 1.44474
0.000 34.819 25.604 1.18511
11.523 36.648 26.120 1.13219
0.000 33.393 25.012 1.01949
0.658 35.177 26.299 1.85213
21.255 32.299 24.852 2.15703
0.000 36.394 26.149 1.78569
1.715 36.718 26.148 1.48099
0.070 37.347 26.375 2.03529
0.978 39.655 26.630 2.31348
15.432 39.003 26.722 1.85386
0.000 36.591 26.016 2.39389
13.350 32.454 24.568 2.29468
0.000 34.391 25.163 1.44874
0.000 36.922 25.874 1.22238
6.647 35.634 24.645 2.10197
15.865 31.726 25.156 1.37264
6.492 32.855 23.919 1.64199
0.000 37.096 25.024 1.88351
0.000 37.730 25.867 1.58502
0.305 35.049 25.145 2.48172
2.915 35.333 26.261 1.97816
0.000 33.437 25.945 1.70399
0.000 32.550 25.723 2.34845
0.082 35.350 25.641 2.50662
0.005 36.664 25.310 3.00233
0.005 33.061 24.943 2.78794
0.000 33.292 25.852 2.47652
5.663 35.844 25.353 2.95358
0.000 34.093 25.184 2.58943
0.000 34.758 24.441 2.76028
0.000 37.463 25.573 3.03960
0.000 37.220 25.424 2.75676
0.000 37.012 26.259 2.68605
5.005 27.722 26.088 2.48598
6.848 33.431 24.637 2.15719
2.602 33.237 25.508 1.92552
4.685 34.888 25.031 1.13026
0.000 37.062 25.168 1.78399
2.127 38.581 26.274 1.60153
1.010 36.839 25.746 1.64265
8.887 33.761 25.010 1.71239
13.450 32.724 23.903 1.74954
0.000 38.343 25.454 2.25771
0.000 38.652 25.611 2.34696
0.435 38.489 26.563 1.69371
11.752 35.044 25.393 1.15039
4.717 31.417 24.660 1.68641
1.400 33.235 24.618 1.52028
0.420 32.203 24.517 0.94713
21.805 33.090 24.694 1.45771
5.900 31.755 23.745 1.86779
0.000 33.741 24.392 2.45796
0.000 33.950 25.179 2.44722
0.025 32.570 24.928 3.22580
15.982 32.244 24.692 3.48711
2.172 31.773 24.701 3.83151
5.735 29.914 24.254 3.52184
7.405 29.150 23.173 3.82112
0.000 30.683 23.957 3.99535
0.488 31.047 22.999 3.57449
0.080 31.950 23.220 3.33590
0.000 34.968 23.822 3.20179
0.000 34.843 23.873 3.13083
0.000 37.111 24.353 3.39115
0.000 37.392 24.896 3.75010
0.000 38.409 25.631 3.67839
0.000 38.401 26.102 3.88398
0.030 33.085 25.775 3.56430
0.000 34.369 24.427 3.92995
2.503 33.105 24.800 3.17199
69.765 33.144 24.893 2.74889
13.007 30.193 24.405 2.67192
17.948 28.684 21.010 2.97818
0.045 30.756 22.704 1.98415
9.642 34.815 24.991 2.87257
4.587 29.756 24.217 2.31064
15.368 30.260 24.613 2.04306
8.105 30.213 24.670 2.26412
0.278 29.643 24.537 2.76119
1.470 29.758 24.665 2.84537
5.920 29.274 24.414 2.59688
22.153 29.120 24.021 2.99668
11.325 27.961 23.313 3.10592
0.317 29.282 23.622 2.57318
2.185 29.564 23.006 2.49320
0.033 29.835 23.223 2.23099
5.722 29.737 22.826 2.00033
0.353 31.356 23.108 1.89997
12.560 30.865 23.099 2.47245
24.660 28.938 22.991 2.16450
17.273 28.033 22.560 1.75715
12.652 28.091 21.711 2.45089
7.648 27.395 21.936 1.39104
25.575 26.470 21.955 2.24100
7.982 28.239 22.621 1.59092
26.040 27.447 22.696 1.99278
23.680 27.756 22.647 1.65018
1.562 28.749 22.961 2.16925
1.597 28.816 23.368 2.22052
0.000 29.317 23.393 2.44981
0.563 29.371 23.861 2.05424
17.607 29.008 23.923 1.46626
0.240 27.390 23.413 2.13038
16.230 28.450 23.271 2.48215
15.813 29.177 24.091 1.88091
41.145 30.432 23.319 1.81199
8.222 30.159 23.942 2.07429
0.143 30.085 23.767 1.66588
0.138 30.616 23.900 1.81024
9.278 29.708 23.903 1.59499
0.000 30.220 23.798 1.80057
0.000 29.783 23.774 2.10476
0.000 30.944 24.006 1.90472
0.000 31.957 24.815 1.94464
1.480 30.599 24.130 2.13523
0.008 29.681 24.182 2.23913
0.548 29.471 23.816 2.72548
0.000 30.463 23.190 3.06099
0.000 30.786 23.856 2.72117
4.155 29.328 23.779 2.85617
33.228 28.462 23.234 2.88297
0.493 28.571 23.242 2.73369
0.205 28.563 23.485 2.39344
1.250 30.534 23.753 2.41517
1.223 30.116 24.108 2.61470
4.915 27.758 23.978 2.51474
1.248 29.088 23.241 2.38698
0.000 30.828 23.525 2.07127
2.653 30.669 23.123 1.59090
0.008 30.635 23.662 1.37971
0.805 29.503 23.243 1.54016
0.000 30.942 23.637 1.72820
0.000 30.863 23.791 2.09976
0.825 29.909 24.151 1.97429
40.830 27.686 23.587 1.55285
13.410 28.629 22.709 1.68206
0.240 29.620 23.650 0.90407
0.150 27.894 23.687 1.20132
1.342 30.014 22.987 1.57224
63.270 29.026 23.511 2.20900
54.900 25.588 22.319 6.00428
2.987 28.034 22.828 2.80414
9.195 28.764 23.410 3.45507
1.483 28.455 23.379 1.58670
0.000 30.772 22.706 1.15807
0.000 31.999 24.142 1.26529
41.587 27.882 22.645 1.72877
3.297 28.731 22.604 1.35449
0.000 30.735 23.435 1.95790
0.503 30.016 24.025 2.13032
0.000 30.309 23.877 2.24076
0.037 30.671 24.297 1.61656
0.045 29.669 23.178 1.23252
0.570 30.695 23.341 0.97430
0.198 31.300 23.470 1.49030
0.690 30.172 23.853 0.71821
39.265 31.637 24.174 0.64488
10.115 30.618 24.446 0.60533
13.397 28.662 23.706 1.17707
22.063 28.474 23.464 1.78070
2.988 28.810 22.755 2.00158
0.000 29.001 23.400 1.16251
8.487 30.605 23.985 0.78202
9.255 29.755 23.887 1.00818
0.120 28.165 23.076 1.48978
2.800 29.897 22.801 1.78667
0.000 26.620 19.707 2.88262
0.000 27.577 20.286 2.68545
0.000 29.265 20.511 2.60261
0.000 29.457 21.253 2.91731
0.035 29.497 21.144 2.59450
0.000 29.786 21.635 1.38896
0.000 30.717 21.388 1.74241
0.000 30.718 20.622 1.62651
0.000 31.654 20.696 1.12448
0.000 30.875 22.016 0.76825
0.000 32.957 19.749 1.05496
0.000 32.110 21.267 1.22403
0.000 31.200 19.819 1.60715
0.000 30.436 20.187 1.37792
0.000 31.234 20.991 1.33030
0.905 31.425 22.168 1.24552
2.713 30.823 23.118 1.24515
0.090 30.883 22.633 0.90796
1.003 31.341 21.811 0.93838
0.000 31.745 21.965 1.50748
0.000 31.272 22.368 2.24580
0.000 31.098 21.877 3.08355
0.325 29.701 21.352 2.72023
0.150 27.632 21.467 2.17313
0.000 30.020 22.023 2.24672
0.000 30.042 23.011 1.88401
18.563 29.184 22.339 1.33527
0.000 31.426 23.266 1.20440
0.000 31.138 23.749 1.17379
3.155 31.157 22.874 1.19164
0.270 31.699 22.167 1.23913
0.235 32.857 23.467 1.22249
0.000 31.752 23.336 1.23075
0.000 28.914 23.078 1.36594
0.273 31.827 23.551 0.74033
1.575 32.116 23.858 0.75889
0.000 32.460 23.489 0.96986
0.000 33.012 23.338 0.76969
0.597 33.114 23.001 1.30007
4.232 33.232 22.485 1.48891
0.745 33.028 21.288 1.40326
0.000 33.056 21.785 1.81479
0.000 32.704 21.368 2.10569
0.060 33.288 21.239 1.81298
0.000 33.482 22.020 1.91505
0.000 33.082 21.517 2.49613
0.000 33.261 20.347 4.02287
0.000 32.564 20.687 3.29506
0.000 33.689 21.831 3.24685
0.000 33.770 21.575 2.66494
0.000 34.280 21.479 1.76733
0.000 34.950 22.534 0.94103
0.000 35.588 23.444 1.42087
0.000 35.879 22.457 1.79889
0.000 35.522 21.735 1.82549
0.003 35.105 20.748 2.58401
0.000 33.153 18.693 4.42836
0.000 30.405 18.975 3.76131
0.000 33.249 19.465 3.05435
0.000 33.715 20.824 1.66141
0.000 34.920 20.867 1.50949
0.000 34.840 21.472 1.00417
0.000 35.713 22.281 0.67407
0.000 36.307 22.191 1.15968
0.000 36.356 22.123 2.13340
0.000 36.030 20.524 3.08374
0.000 32.803 17.079 5.73330
0.000 27.710 15.152 5.21101
0.000 30.318 15.551 4.05687
0.000 31.158 17.602 3.17351
0.192 32.887 18.568 3.33380
0.000 33.631 19.752 3.35181
0.000 32.505 21.869 2.44516
0.000 36.145 22.891 1.29129
0.000 36.786 23.114 1.11303
0.000 37.053 21.503 2.41196
0.000 35.545 21.934 2.27881
0.000 36.076 21.054 2.72685
0.000 35.056 20.404 2.83577
0.000 34.591 21.357 2.44214
0.000 33.721 21.115 3.90261
0.000 33.515 19.612 4.82700
0.000 33.577 18.396 3.83011
0.000 34.036 18.875 2.14844
0.000 35.167 20.119 1.51600
0.000 35.738 20.690 1.22348
0.000 36.528 20.385 1.22426
0.000 36.046 21.660 1.31580
2.358 35.602 23.198 1.27590
0.983 34.828 23.580 1.23259
0.000 29.539 21.450 1.16745
0.000 35.226 21.820 1.92533
0.000 35.359 21.950 1.70294
0.000 36.006 22.865 2.02465
0.000 35.369 23.482 1.96124
0.000 35.933 23.829 1.09142
0.000 37.221 24.909 1.42981
3.523 35.798 25.004 1.90481
0.043 33.890 24.031 1.59533
0.000 34.618 21.938 1.49640
6.592 33.863 22.065 1.64543
0.000 34.726 22.704 1.90468
0.000 36.267 24.078 1.27987
0.000 36.526 24.840 0.65887
0.000 35.985 15.680 5.07799
0.023 26.688 11.680 6.87335
0.870 21.991 12.592 5.43089
0.000 28.770 13.150 3.65529
0.000 32.646 14.425 2.53684
0.000 34.976 18.188 1.81398
0.000 35.722 21.512 1.29552
0.000 34.846 21.639 1.20718
0.000 35.631 22.261 1.21919
0.000 35.558 17.813 4.41972
0.000 32.185 16.801 5.12827
0.000 33.093 17.391 3.70908
0.000 35.139 18.726 4.03270
0.000 34.003 16.328 5.43556
0.000 29.991 13.360 6.83180
0.000 27.525 11.104 5.94875
0.000 28.486 11.825 3.81407
0.000 31.901 13.908 1.86863
0.000 34.145 17.337 1.28623
0.047 36.388 19.387 1.22441
0.000 37.921 21.329 1.66567
0.000 38.014 23.411 1.50112
0.000 39.207 23.118 1.32921
0.000 37.435 17.941 5.17319
0.000 34.351 18.294 3.69948
0.000 35.947 18.526 3.44588
0.000 36.228 19.455 2.36237
0.000 37.049 21.024 2.10331
0.000 36.691 18.138 4.79769
0.000 35.897 18.812 1.22388
0.000 37.877 23.122 1.30394
0.000 38.959 22.918 3.97051
0.000 36.003 17.127 5.88903
0.000 34.846 16.645 6.01471
0.000 34.013 16.158 5.89816
0.000 34.252 16.917 4.51711
0.000 35.395 18.014 3.78798
0.175 34.287 17.766 4.89342
0.000 35.109 18.563 3.28218
0.000 36.219 20.048 3.05783
0.000 37.080 21.287 1.37445
0.000 38.193 23.554 0.92888
0.000 37.373 25.388 0.94864
0.000 39.173 26.706 1.41909
0.000 37.247 26.805 1.63381
0.000 37.760 26.786 2.14373
0.000 39.134 25.265 2.09785
0.000 41.650 23.567 2.28309
0.518 37.597 23.389 3.10792
0.000 38.105 24.136 2.51637
0.000 37.523 25.263 1.96845
0.000 41.117 26.245 0.92745
0.000 40.935 26.650 2.94802
0.000 39.448 26.692 2.62513
0.000 41.978 26.897 2.49946
0.000 41.649 27.058 2.78843
0.000 41.527 27.880 2.37222
0.000 41.872 27.441 2.96821
0.000 41.721 25.358 2.96752
0.000 41.669 26.033 2.98753
0.000 40.895 27.171 2.87632
0.000 41.328 23.178 3.30568
0.000 35.154 19.520 5.17342
0.000 37.154 20.392 3.44438
0.000 35.725 19.818 4.72761
0.000 37.239 20.964 2.82276
0.000 37.760 24.399 1.70853
0.060 38.942 27.288 1.27486
0.000 37.756 27.745 1.57574
0.000 38.468 27.992 1.30502
0.000 39.484 28.263 1.81740
0.505 34.344 27.139 1.38784
0.000 36.666 25.814 2.18414
0.000 41.525 26.452 2.76971
0.000 42.196 25.918 2.62104
0.000 42.252 27.245 2.03080
0.078 41.689 28.284 2.16519
0.000 41.444 27.599 2.88886
0.000 42.675 27.583 3.39395
0.000 43.793 26.689 3.37794
0.000 42.890 26.768 3.66785
0.000 42.648 27.487 3.23245
0.000 42.713 27.574 3.17778
0.000 43.668 26.701 2.83901
0.000 43.075 27.946 2.54901
0.025 42.979 29.075 2.90355
0.383 39.225 28.717 1.73425
0.710 36.346 27.470 2.29336
21.192 35.643 25.476 2.13311
0.000 38.221 26.865 2.17034
0.000 39.892 27.288 2.98499
0.000 41.224 26.484 3.01557
0.000 41.417 27.435 2.59258
0.000 41.939 28.281 2.46285
0.000 43.397 29.296 2.67050
0.003 41.818 29.427 2.10368
6.218 39.681 27.836 1.14290
0.210 35.789 27.418 1.19223
22.120 30.161 23.815 1.37702
0.000 36.407 25.766 1.80426
0.000 38.217 26.374 1.72839
16.137 39.527 26.977 1.41878
0.000 37.236 27.083 1.10851
9.020 38.587 27.651 1.31759
0.715 37.903 26.656 2.52662
0.000 39.195 28.342 1.55948
0.220 36.363 27.152 1.70342
2.063 37.858 26.649 1.91578
0.112 38.477 27.552 1.53276
0.845 38.432 26.973 2.30092
0.548 37.644 27.241 2.23563
30.987 30.129 24.853 1.63074
0.000 37.075 25.535 1.27817
30.445 30.244 24.337 1.33616
1.470 30.803 24.357 0.97809
5.975 35.656 25.714 1.00922
0.020 31.454 25.842 1.78403
0.005 31.950 25.399 1.54905
19.470 29.527 25.264 2.26606
0.537 34.552 25.156 1.87902
0.678 37.382 25.563 2.56578
3.710 33.973 25.391 2.31978
2.913 32.872 25.458 2.25411
0.068 32.048 25.206 2.89293
1.080 33.773 25.606 2.60506
0.518 32.387 25.189 2.65300
1.500 32.336 24.041 2.82402
12.717 31.687 24.394 1.83653
7.945 31.032 24.255 1.99699
2.560 33.190 25.019 1.70193
0.000 35.697 24.647 1.85937
0.000 36.405 24.441 2.28922
0.000 34.335 24.985 2.03433
0.225 32.984 25.080 1.64297
43.993 32.981 24.472 1.64263
7.903 31.955 25.059 1.24257
3.565 30.205 24.617 2.26707
1.038 31.645 24.018 2.51946
0.000 35.004 24.598 2.67287
0.108 32.625 24.792 1.59608
0.000 35.790 25.304 2.75821
3.140 33.982 24.471 2.81384
2.110 34.314 25.384 2.79989
0.000 33.960 24.706 2.78629
20.415 34.540 24.739 2.46416
1.037 32.854 24.353 2.23878
6.795 31.157 24.073 1.57939
0.265 32.914 25.255 1.03170
4.145 35.022 24.973 1.04835
27.215 32.536 24.639 1.04756
0.045 31.481 23.841 1.27919
3.510 32.313 24.211 2.00027
28.762 29.065 23.835 1.68859
0.545 30.479 23.402 2.32624
13.640 31.106 24.299 2.36148
20.955 28.544 23.759 2.85534
25.790 29.712 24.315 3.09978
67.888 29.620 24.122 3.21719
9.720 30.860 24.111 3.05318
0.780 30.612 24.289 2.76056
2.305 28.467 24.000 2.46495
1.898 30.066 23.643 2.69470
1.758 30.327 24.198 1.98778
12.958 30.131 24.141 2.45010
69.572 27.711 23.145 3.38291
8.505 25.101 22.474 2.55654
15.777 30.097 23.658 2.55581
47.195 30.014 24.319 2.97262
3.700 30.578 24.045 3.28157
1.852 29.308 23.713 3.07714
3.910 29.803 23.531 3.51721
19.367 28.728 23.936 2.76967
11.435 30.102 24.184 2.57692
0.472 28.771 23.557 1.76275
0.000 30.282 23.682 1.81056
0.002 30.694 24.376 1.73592
5.802 29.914 23.843 1.73732
0.218 31.489 24.054 1.30275
0.000 29.905 24.058 1.31444
3.965 31.520 23.871 1.40870
0.023 29.550 23.931 1.09319
6.278 29.636 24.579 0.57042
11.542 29.154 23.159 0.79876
0.000 29.957 23.850 0.69430
10.693 31.483 23.898 1.44910
0.780 30.280 23.726 1.77504
0.000 29.467 23.403 1.96287
0.987 29.967 23.415 2.28710
6.123 29.548 23.729 1.95938
1.733 28.845 23.504 2.16784
0.000 30.075 23.479 2.13876
0.205 31.450 24.239 2.35130
0.172 29.784 24.245 2.65328
41.853 29.982 24.177 2.43773
3.465 29.747 23.976 2.36447
9.335 28.927 23.491 1.68703
0.068 29.358 23.362 2.10513
0.295 30.409 23.930 2.94659
0.855 31.245 23.853 3.16759
0.065 31.115 23.955 2.99739
0.368 31.339 24.154 2.90297
0.240 29.027 23.696 3.35898
9.018 28.475 23.773 3.17500
0.382 30.973 24.398 3.57817
0.360 30.392 24.441 3.73999
1.340 30.531 23.575 3.50152
6.350 31.603 23.495 3.24079
0.718 32.110 24.535 3.13394
0.878 29.476 24.666 3.50127
1.225 30.861 24.352 4.07576
0.000 32.232 23.608 2.80598
0.240 33.339 24.577 2.18783
31.690 31.698 24.487 2.33759
16.238 29.324 24.058 1.41242
27.862 29.666 24.152 1.35010
0.367 30.313 23.890 1.42313
0.000 32.332 24.388 1.65131
44.920 31.992 24.572 1.38727
2.258 29.901 24.479 1.17609
17.207 29.476 23.869 1.46360
1.387 30.137 24.168 1.72350
17.212 28.977 23.513 2.39472
0.000 31.352 24.162 2.49121
0.008 30.715 23.878 2.85609
0.000 31.042 23.816 2.77424
0.003 30.496 24.193 2.68016
18.858 29.357 24.213 2.29721
33.965 29.279 23.728 1.97704
7.108 32.480 22.148 2.04910
4.450 30.736 23.012 2.16360
0.000 31.077 23.701 1.84974
14.880 30.084 23.810 1.88064
5.565 28.382 23.795 1.09077
5.797 28.351 23.910 1.37314
28.843 26.789 22.701 3.90893
0.000 30.151 23.094 2.24426
0.000 30.120 23.546 1.88019
0.772 31.086 24.203 1.55666
2.422 29.290 24.146 1.20387
0.150 28.955 23.793 1.20558
49.767 28.382 23.617 1.12385
21.950 29.667 24.299 1.27655
12.735 27.363 23.753 1.57932
20.788 30.893 23.598 1.37996
23.818 30.476 23.987 1.34607
9.255 30.163 24.100 1.04398
0.263 28.882 23.677 0.90719
4.175 30.837 24.039 0.72446
0.218 29.763 24.259 0.70032
0.815 28.366 23.635 1.20975
24.392 29.542 23.591 0.94005
36.037 28.267 23.438 0.90510
0.000 28.873 22.319 1.52354
0.000 29.987 22.595 1.50844
1.725 30.857 23.227 1.00462
1.128 30.607 24.044 0.62181
28.057 31.269 24.059 0.88483
27.690 27.607 23.662 1.15175
10.225 28.058 23.403 0.73404
17.692 29.769 23.421 0.78064
0.000 30.317 22.626 1.00500
0.947 30.262 22.860 1.38769
0.060 30.623 23.321 1.74731
0.000 29.727 23.391 2.50503
0.020 30.058 22.904 2.58217
3.455 29.425 22.461 2.06713
0.000 30.874 23.573 1.22637
4.460 30.099 22.693 2.47991
0.000 30.195 22.626 2.21589
0.000 30.807 23.030 1.22675
0.000 33.232 23.479 0.55820
0.000 31.407 23.657 1.55525
0.000 30.413 23.880 1.80397
0.038 29.962 23.525 1.49624
5.897 29.870 22.739 1.02163
0.422 30.410 23.365 0.74840
2.437 28.536 23.600 1.21113
2.263 29.383 23.844 1.60550
16.820 30.471 23.436 1.33130
2.858 30.940 22.800 1.22751
2.505 29.272 22.966 1.91971
0.000 30.020 23.406 1.79986
0.000 29.651 23.878 2.19431
0.212 28.733 21.722 3.22803
0.860 29.392 20.500 4.34888
0.000 28.332 20.296 3.89307
0.415 28.074 20.547 2.72675
2.855 29.468 21.065 1.76972
25.643 29.067 22.003 1.10212
3.230 29.302 23.413 0.84389
0.177 29.605 24.004 1.39756
0.870 29.310 22.924 1.38637
0.000 27.479 17.752 2.69162
0.000 28.898 18.363 2.11981
0.000 30.108 21.573 1.57139
0.000 31.058 21.742 1.34115
0.000 31.241 22.026 1.53359
0.000 30.561 20.117 2.10523
0.000 30.227 19.376 2.11920
0.000 29.976 20.730 2.22267
0.035 29.917 22.575 2.08849
0.365 30.988 22.672 1.13871
0.000 30.881 23.565 1.43119
0.000 30.926 23.606 1.12917
0.115 30.822 23.711 1.27755
8.955 30.085 23.295 1.05258
0.210 26.685 19.229 2.79591
0.000 29.078 19.626 2.25009
0.000 29.369 16.720 3.68865
0.000 27.216 16.852 3.34030
0.000 27.862 17.302 3.01908
0.000 29.277 18.508 3.21433
0.000 29.160 17.740 3.92964
0.000 27.081 18.050 3.78198
0.052 24.212 18.267 3.15292
0.000 29.957 19.137 3.23714
0.000 29.983 20.408 3.37410
0.533 29.351 20.057 3.09317
0.000 29.206 17.956 4.01605
0.000 28.810 18.362 3.50857
0.000 27.755 17.200 3.24898
0.000 29.011 17.599 2.77343
0.000 28.564 17.521 2.78581
0.000 29.895 18.127 2.17300
0.148 30.172 21.192 1.82503
4.115 29.740 22.225 2.41325
0.068 29.706 19.772 3.60347
0.067 28.443 17.910 4.70067
0.000 24.727 15.222 4.94064
0.000 27.129 15.482 2.89931
0.000 30.526 17.882 2.63222
0.197 32.420 20.231 2.10171
0.000 32.815 21.708 2.00477
0.000 33.209 21.868 2.51228
0.000 32.715 18.991 3.80091
0.000 31.757 19.458 3.07916
0.000 32.819 20.262 2.49478
0.215 33.600 21.127 2.21914
0.000 33.327 20.405 2.94400
0.000 30.964 15.891 5.12235
0.000 28.676 14.955 4.38611
0.000 28.541 15.345 4.77255
0.003 28.555 15.840 3.79698
0.020 31.042 17.443 4.00099
0.000 32.671 18.359 3.46179
0.000 33.253 20.527 3.76805
0.000 32.033 19.800 3.31001
0.000 31.852 20.334 2.84361
0.000 31.694 21.607 2.59950
0.000 31.227 21.258 2.08988
0.000 33.185 21.886 1.80931
1.605 33.358 22.708 1.65134
0.830 32.866 22.514 1.57367
0.000 34.207 22.536 1.63542
0.010 35.408 23.722 1.45469
0.000 34.178 21.799 1.24384
0.000 34.473 19.938 2.40554
0.000 32.235 19.809 2.71372
0.000 34.352 20.363 3.70701
1.065 31.949 20.948 2.40640
0.015 31.442 21.367 2.14204
0.000 32.665 20.098 2.68394
0.000 34.373 19.395 2.81702
0.000 34.739 18.914 3.56544
0.000 33.750 18.667 4.24533
0.000 33.039 17.842 5.02386
0.000 31.183 17.405 3.87768
0.000 33.207 17.990 3.51518
0.000 33.747 19.361 4.44845
0.000 33.660 18.653 3.98461
0.000 32.432 16.505 3.43389
0.048 31.481 17.217 2.07532
0.000 33.575 18.834 1.79688
0.000 34.041 17.898 3.76580
0.000 33.575 18.301 3.05724
0.000 34.632 19.123 3.89420
0.008 32.520 21.065 3.02144
0.000 31.543 21.153 2.83792
0.000 35.076 20.797 2.20637
0.000 35.344 18.754 2.55253
0.000 36.474 17.833 1.56493
0.000 36.950 19.514 0.85652
0.000 36.547 21.311 1.41783
0.000 35.264 17.366 3.92793
0.000 33.251 16.777 4.10409
0.000 32.933 15.155 5.08601
0.000 31.359 14.950 4.77016
0.000 31.365 15.763 3.85196
0.000 33.017 17.203 3.51459
0.000 33.368 17.870 3.27135
0.000 34.013 17.975 2.77112
0.000 35.267 18.053 2.80371
0.000 35.429 19.066 2.71120
0.000 35.787 20.282 1.77527
0.000 38.171 22.683 1.11857
0.000 38.547 24.577 0.93898
0.000 37.929 26.069 2.09483
0.400 30.972 23.797 1.55088
12.300 34.782 21.905 2.27074
0.455 28.044 19.796 2.11754
0.000 35.638 19.429 3.96214
0.000 34.924 19.554 3.85106
0.000 36.591 20.413 3.51709
0.000 37.161 19.177 4.46051
0.000 35.310 18.543 3.61977
0.000 37.113 19.658 1.43715
0.000 37.475 22.518 1.36893
0.000 38.255 23.908 1.29755
0.000 38.207 25.587 1.19724
0.000 38.323 25.665 1.94139
0.028 36.172 23.980 2.14346
0.000 35.403 24.191 1.61615
0.000 37.644 25.627 1.60925
0.000 39.038 26.571 1.78031
0.005 38.459 26.481 2.14995
0.000 37.936 27.129 1.65672
2.597 40.412 26.770 1.86551
0.015 39.495 27.026 1.66512
3.983 35.995 25.436 1.87188
1.265 31.944 24.176 2.21098
0.648 34.756 24.367 2.07415
8.983 33.518 24.443 0.82494
25.100 34.167 24.845 1.68043
2.508 32.549 23.053 1.77612
0.000 35.678 24.225 1.47718
0.137 35.062 25.780 1.33882
7.080 31.004 23.987 2.00006
4.225 30.946 24.128 1.92635
26.655 28.158 19.145 3.86437
0.153 32.298 20.005 3.24412
0.000 34.998 21.808 2.04689
1.835 33.039 23.469 2.16212
0.005 35.237 23.761 1.58989
4.722 29.533 20.526 2.34931
0.530 31.838 19.579 3.83361
0.000 33.306 20.463 2.71264
0.243 34.542 22.465 1.31445
0.000 35.166 24.171 1.02297
33.680 35.498 24.579 1.08477
2.660 33.640 24.905 1.41829
2.052 35.316 25.390 1.56664
0.000 35.989 25.912 1.50025
0.000 37.815 25.825 2.28518
0.000 36.465 26.119 2.51981
0.000 36.222 26.125 1.73627
0.000 37.011 25.405 1.23077
0.628 34.212 23.887 2.36230
0.000 37.371 24.895 1.21962
0.000 37.669 24.089 1.65869
0.000 39.007 25.731 1.51650
0.897 38.947 25.384 1.60356
0.000 39.094 24.939 2.33022
0.000 39.907 25.555 3.00024
0.000 39.603 25.004 3.14371
0.000 37.903 24.662 3.11880
0.000 40.258 25.378 1.95316
0.000 40.070 25.436 1.86011
0.485 36.897 24.574 2.35731
0.192 37.152 24.932 1.79126
0.000 38.001 26.375 1.34555
1.693 38.936 26.253 1.57462
4.198 31.544 22.914 1.87050
0.688 30.221 23.751 0.97394
0.000 36.752 25.863 1.24911
6.047 37.390 26.271 1.27617
3.215 34.790 26.211 1.44469
0.000 36.404 26.390 1.77848
64.230 34.283 25.503 1.07197
0.862 33.236 26.019 0.92796
53.395 30.461 25.085 1.01122
8.692 29.798 23.282 1.22274
2.570 33.208 24.312 1.03981
1.520 31.848 24.230 1.57721
2.620 32.637 24.112 1.32740
8.787 33.488 24.467 1.41188
0.000 33.494 25.511 0.85329
5.573 30.619 24.260 0.90179
0.463 31.210 24.389 0.87304
3.360 33.047 24.797 1.30595
16.253 31.822 24.422 0.93916
20.005 32.262 24.938 1.40583
0.862 31.749 25.345 2.54898
1.583 31.388 24.773 2.23468
0.033 31.850 25.069 1.89233
0.410 32.432 25.766 1.79071
0.063 31.526 24.676 1.88760
12.148 31.666 25.212 1.75704
7.303 32.050 25.273 1.72155
41.865 30.182 23.067 2.00808
0.295 30.605 23.069 1.95097
0.530 31.259 23.790 2.03838
17.863 29.201 23.101 1.42097
23.043 30.730 23.868 1.59513
33.023 31.913 24.911 1.34446
4.902 29.885 24.938 1.48175
0.260 31.145 25.553 1.69447
2.783 30.646 25.579 2.35231
9.247 30.465 25.235 3.24099
3.075 30.813 24.544 3.09586
5.622 30.732 24.098 2.31965
0.645 30.800 24.325 2.46529
9.673 28.859 24.038 2.48596
5.260 30.327 24.272 2.29171
17.572 28.682 24.429 2.52797
26.568 30.464 23.973 2.44308
12.293 30.713 24.296 2.65695
3.072 30.715 24.561 2.60518
1.595 29.435 23.935 2.20741
3.368 29.604 24.181 1.93672
0.000 29.290 23.467 2.11769
0.000 32.312 23.592 1.84332
6.088 29.151 24.381 1.35261
1.470 29.128 24.034 1.76835
1.833 30.108 24.626 1.79349
1.170 28.847 23.892 2.37981
0.230 29.927 24.501 2.36214
6.810 27.441 23.660 2.70351
2.887 29.232 23.716 2.30453
33.595 30.387 23.992 2.26752
1.080 29.765 23.903 2.14392
2.345 27.564 23.924 2.25518
0.950 30.334 24.233 1.69115
0.635 29.272 24.220 1.32792
2.688 29.001 23.680 1.21929
6.595 30.287 23.927 1.64617
1.300 30.548 23.888 2.33939
23.577 29.557 23.923 2.24846
26.498 30.030 23.971 2.44002
16.825 28.823 23.536 1.87141
6.277 29.360 23.796 2.38687
25.093 29.347 23.528 2.52757
0.080 29.110 23.301 2.49791
10.468 29.367 23.507 2.13794
38.537 29.236 23.886 1.54732
0.110 28.879 23.563 2.06531
1.642 29.317 23.720 1.87502
1.598 29.444 23.528 2.01678
2.970 29.357 23.724 2.50868
4.695 29.721 23.924 2.58750
3.232 28.373 23.146 3.03994
6.440 27.440 23.064 3.58680
5.068 29.341 22.961 3.31743
30.772 29.944 24.104 2.41785
18.530 28.719 23.833 2.32868
3.257 27.469 23.318 2.51820
0.580 28.218 22.830 2.15042
0.297 27.425 23.703 2.69081
8.885 27.354 23.829 2.23226
16.867 28.109 24.114 2.83208
64.513 27.135 23.212 3.70326
35.485 26.694 23.271 4.97230
3.765 26.602 23.530 5.10971
2.043 27.722 23.950 3.28166
1.620 28.947 24.227 3.01261
0.000 30.610 23.719 3.17164
0.000 31.530 24.763 3.04882
0.725 31.027 24.741 2.89461
0.225 30.873 24.527 3.04388
3.815 29.972 24.556 2.93954
3.375 28.167 23.812 2.74512
6.195 29.364 24.408 2.16978
26.695 28.910 23.634 1.71485
40.370 29.897 23.672 1.57618
0.713 30.647 24.353 1.86393
3.692 30.358 24.123 1.69551
1.717 30.015 24.230 2.01241
0.000 27.495 23.716 1.64984
0.000 29.992 24.225 1.62705
1.467 30.858 24.669 1.45830
0.013 31.350 24.687 1.55946
1.903 28.748 23.647 1.83988
0.433 29.992 23.474 0.85593
10.940 28.555 23.209 1.50290
30.398 29.746 23.867 0.91375
2.418 27.869 23.111 1.79174
4.417 30.001 23.557 1.90092
1.175 29.865 23.953 1.87406
2.005 30.551 24.319 2.22537
0.000 29.206 24.181 2.81606
20.667 30.076 23.886 2.61838
45.402 30.261 24.143 1.84919
3.413 28.050 23.286 1.56872
16.013 27.531 22.641 1.73976
14.210 27.242 23.170 2.86329
2.335 28.193 22.448 1.86874
0.000 31.088 23.768 1.59559
0.347 30.977 23.882 1.35425
0.115 30.799 23.899 2.13826
0.793 28.401 24.099 1.87774
0.363 30.282 24.206 2.03455
0.945 29.888 24.215 1.82771
0.192 29.159 23.492 1.88428
0.000 29.751 23.257 1.60233
0.753 29.868 24.189 1.18023
8.188 31.244 24.820 0.49201
5.535 32.303 24.663 1.20439
0.000 31.069 24.467 0.71369
4.910 31.130 24.740 1.31702
0.000 28.480 23.275 1.60908
2.298 30.519 24.240 1.14514
5.352 30.260 24.147 1.00336
19.322 27.423 24.049 2.56636
4.265 30.389 23.798 1.83550
3.922 29.290 23.513 1.69976
0.000 30.119 24.203 1.60103
33.970 31.584 24.896 1.12773
24.615 30.218 24.457 0.86620
4.510 31.959 24.432 1.26624
10.270 27.118 23.055 1.45338
8.568 28.660 23.408 1.25134
0.230 30.195 23.913 1.52720
2.105 28.434 23.417 1.16331
0.617 29.270 23.679 1.47960
0.072 30.277 23.909 1.22325
22.435 27.516 24.065 1.02052
1.082 30.329 24.279 0.88890
6.577 29.141 23.741 1.05011
16.220 28.286 23.982 1.08244
14.112 26.831 23.829 2.45606
8.147 28.115 23.040 1.61753
11.985 27.909 22.586 1.73978
13.148 30.211 23.548 0.53257
0.837 30.590 24.051 0.77026
7.862 28.907 24.178 1.16663
0.000 29.723 23.867 1.73974
7.682 30.344 23.759 1.76893
5.353 30.659 24.330 1.23673
17.850 28.650 23.306 1.25507
1.575 29.659 23.749 1.22932
0.338 30.641 24.019 1.22147
0.028 29.049 22.496 1.84861
0.160 30.451 23.574 1.46386
22.837 28.151 20.190 1.91954
0.042 25.500 20.414 1.88923
0.047 25.863 21.011 2.19489
0.000 29.924 21.898 2.27422
0.000 29.817 21.926 1.81992
0.000 30.378 21.745 1.95050
0.000 30.870 21.411 1.95631
1.272 30.253 22.305 1.79585
0.178 28.842 21.324 1.82749
0.000 30.119 21.361 2.28985
0.000 29.463 20.582 2.66370
0.000 29.332 20.427 2.82054
0.000 29.174 20.179 2.73312
0.000 28.967 19.781 3.48072
0.000 27.966 18.722 4.12633
0.072 26.542 19.256 3.77581
0.263 25.900 19.902 3.37879
0.000 28.652 18.439 3.23069
1.053 27.139 17.911 3.81269
3.040 26.622 18.495 6.31755
9.447 25.133 19.665 4.13091
0.180 28.477 19.604 3.35460
0.000 26.987 19.874 3.10343
0.060 28.129 20.773 2.99979
0.000 29.130 22.056 2.25786
1.855 30.005 22.544 2.71843
0.000 30.257 21.444 2.43824
0.000 29.706 22.200 1.31008
0.000 28.882 21.011 1.58824
0.000 30.607 22.295 1.74774
0.943 29.901 22.870 1.42870
0.000 30.352 23.528 1.18642
0.000 32.335 23.893 0.65134
0.382 32.308 24.404 1.51132
7.985 29.929 22.011 2.88847
0.895 29.344 20.420 3.20562
0.000 29.351 20.258 3.11531
0.188 29.980 19.153 3.68153
0.000 28.308 17.401 4.33376
0.000 27.209 15.755 4.19624
0.000 26.757 16.208 3.60119
0.000 27.722 17.467 3.85976
0.000 29.774 18.084 3.01280
0.293 29.769 20.812 3.28899
0.045 30.851 22.135 3.09405
0.105 31.053 20.884 3.11168
0.003 28.193 19.983 3.51304
0.000 30.188 19.622 3.93317
0.000 31.610 19.925 3.63814
0.000 30.598 19.567 3.94064
0.000 29.237 18.291 3.87387
0.000 30.843 18.623 1.97049
0.000 32.703 20.785 1.90906
0.005 30.479 17.972 3.98654
0.000 29.540 18.177 2.88539
0.000 31.789 18.968 2.21873
0.000 32.613 20.196 1.69219
0.000 32.696 21.800 1.03957
0.000 33.437 22.581 0.85737
0.000 32.988 21.222 1.32725
0.000 32.681 20.579 3.02686
0.000 31.165 16.033 5.79267
0.000 26.973 12.166 5.34562
0.000 25.133 10.166 4.79370
0.000 24.569 9.864 5.06393
0.000 24.833 10.457 4.69990
0.000 27.128 11.195 4.08565
0.000 30.185 15.136 2.94274
0.000 33.585 18.329 2.58907
1.552 31.730 16.354 4.83686
0.920 28.867 16.608 4.17638
0.122 26.382 17.704 4.11935
0.023 32.094 18.284 3.14019
0.000 33.272 19.366 3.39657
0.000 34.287 19.788 3.54648
0.000 34.164 19.321 4.45574
0.000 32.662 17.928 4.09037
0.000 31.808 18.231 2.57870
0.000 32.787 18.879 2.46294
0.000 34.343 20.309 2.41329
0.000 35.323 21.215 2.01694
0.000 34.955 22.045 1.43653
0.008 31.081 23.575 1.43266
0.000 32.858 23.495 1.37018
0.000 35.236 20.444 1.57103
0.000 32.769 16.100 4.61379
0.000 27.742 14.821 5.13039
0.000 22.878 14.566 5.48209
0.000 25.189 14.310 4.92091
0.000 28.565 14.743 3.78046
0.003 31.180 15.510 3.09775
0.000 31.433 17.703 1.82144
0.000 32.753 19.576 1.72134
0.000 34.074 19.913 2.01694
0.000 34.641 19.679 2.56837
0.000 34.711 20.444 2.65741
0.000 35.400 21.242 1.87651
0.000 35.948 22.844 1.32088
0.000 35.652 22.399 2.28231
0.000 35.521 21.332 2.68387
0.000 35.623 21.493 1.95893
0.000 35.971 23.277 0.88059
0.000 36.547 24.570 1.22735
0.000 35.547 24.713 1.36286
0.000 36.148 25.486 0.86372
0.000 35.127 18.204 2.88778
0.000 30.496 18.469 1.70062
0.000 32.063 15.049 4.28555
0.000 24.773 15.357 3.17695
0.000 31.107 14.489 4.89778
0.000 29.545 13.084 4.83933
0.000 30.236 13.819 4.26068
0.000 29.696 11.315 5.09642
0.000 27.981 12.039 3.25259
0.000 30.791 14.208 2.43981
0.000 31.896 15.544 1.70938
0.000 33.657 17.898 1.01250
0.000 35.258 20.012 1.21028
0.000 35.300 18.674 3.56284
0.000 33.345 16.610 4.69443
0.000 32.809 17.326 2.89144
0.000 35.628 18.741 1.17479
0.000 38.052 21.488 1.19931
0.000 38.862 23.331 1.46364
0.000 38.556 24.723 1.81339
0.000 37.083 25.517 1.82465
0.668 35.276 25.540 1.40297
0.000 35.400 24.851 0.97400
0.000 36.328 25.070 1.24477
0.000 37.174 23.362 2.26015
1.172 33.889 22.405 2.84024
0.040 36.341 23.101 1.83727
0.000 37.313 24.194 2.75737
0.000 36.458 24.509 1.74007
0.000 36.228 24.302 1.61825
0.000 37.946 25.866 1.04824
0.000 38.257 26.731 1.73068
0.000 37.132 26.261 1.64736
0.000 38.194 26.177 2.68199
0.000 38.492 27.003 1.48832
6.307 38.848 27.534 1.22841
17.515 34.665 25.621 1.28139
38.312 35.453 25.485 1.46405
0.000 34.403 18.126 4.39708
0.000 31.868 16.822 4.59505
0.000 33.021 17.550 2.96938
0.000 35.414 20.517 2.35826
0.000 36.253 21.692 1.82477
0.000 36.790 23.502 1.02207
0.667 35.904 23.535 1.21489
0.000 35.721 23.421 1.25510
0.000 36.284 23.938 1.74607
0.000 32.772 24.175 1.84640
0.000 34.849 25.149 1.78610
0.000 36.654 25.043 1.55548
4.457 37.648 19.621 2.46681
2.818 27.492 19.511 3.49589
0.000 34.004 20.405 3.31415
0.000 32.079 21.867 2.01359
0.000 36.214 22.501 1.91573
0.000 37.090 22.738 1.62345
0.000 37.574 22.407 2.94600
0.017 36.606 23.358 1.60024
1.103 34.488 24.739 1.02748
0.103 34.155 24.160 1.68504
0.880 35.752 24.359 1.37337
1.535 32.050 23.113 1.29394
0.000 33.267 22.313 1.40318
0.000 36.293 23.471 1.17864
0.000 35.549 24.499 0.93976
0.278 34.119 24.332 1.26362
7.937 34.848 25.080 1.00753
12.998 34.503 19.791 3.20155
5.750 27.755 17.224 5.37938
0.000 32.707 18.533 3.19595
0.000 36.084 20.730 1.95383
0.000 38.205 23.855 1.04472
0.000 40.103 25.581 1.54890
0.000 39.105 26.145 2.02007
0.000 39.245 26.998 1.55273
0.000 38.376 27.675 1.69411
8.232 33.893 23.881 1.65185
0.995 34.803 24.110 1.83748
6.873 30.031 22.044 2.06712
0.000 36.604 23.536 1.26620
0.000 37.665 25.070 1.07515
0.000 37.255 26.280 1.59560
1.387 35.808 25.836 1.18415
0.000 36.923 26.768 1.71240
0.000 37.846 26.401 2.05971
0.000 38.860 27.546 2.16793
2.958 31.096 25.287 1.43515
15.770 31.560 24.684 0.87182
1.147 35.834 25.857 1.09802
2.440 31.508 23.388 2.32105
2.432 34.001 24.609 0.76782
0.162 33.622 24.668 1.12101
4.930 34.786 25.180 0.79345
0.000 35.590 25.487 1.14123
0.372 35.813 25.428 0.96709
7.872 37.025 25.777 1.78541
0.638 33.182 25.292 1.43221
0.695 35.023 25.749 1.82591
0.000 34.357 25.516 2.38975
0.350 34.391 25.640 1.95573
0.050 35.917 26.133 1.62622
25.013 32.605 25.155 0.85261
14.478 30.726 24.570 0.75886
0.135 32.665 25.221 0.73530
1.285 34.218 25.235 0.93613
0.177 33.076 25.584 0.42864
0.178 35.527 25.383 0.95463
1.682 34.392 25.449 1.57699
17.757 32.278 25.191 1.05007
2.720 32.273 25.027 0.68580
0.348 33.104 24.827 1.08509
39.880 34.521 24.872 1.00834
1.493 35.048 25.212 0.99391
14.712 31.357 24.208 0.87695
0.005 33.133 24.440 1.24876
9.915 31.886 24.248 2.01901
0.493 30.814 23.815 0.74234
15.900 28.530 24.098 0.86950
1.467 29.723 24.060 1.21755
17.920 31.990 24.850 0.84547
5.435 29.498 24.347 1.13292
0.263 32.552 24.644 1.09751
0.367 30.107 23.725 0.91786
3.885 31.701 24.509 0.91691
5.620 31.129 24.484 1.23380
12.925 30.850 24.478 2.03398
25.005 28.818 24.325 2.15240
2.958 30.343 23.964 1.78171
23.510 31.419 24.877 2.29667
2.042 30.631 24.652 3.21066
0.672 28.633 23.350 3.48955
0.232 29.683 24.141 3.36681
0.907 29.758 23.864 3.45888
16.812 31.049 24.236 3.32210
0.002 31.741 23.449 3.33139
0.000 31.059 24.021 3.16009
0.915 32.500 24.317 2.89150
0.000 28.691 24.428 2.94955
2.255 29.749 24.348 3.71650
0.917 30.409 24.086 3.01512
1.490 29.903 24.172 3.32604
1.177 30.774 23.830 3.02715
0.197 30.085 24.488 2.53858
3.675 29.340 24.119 2.48408
7.332 29.299 23.950 1.88285
0.122 30.540 24.287 2.32321
0.490 28.422 23.383 1.88956
2.375 30.549 23.698 2.25889
43.030 27.964 22.810 1.12720
1.725 30.112 23.045 1.18147
2.000 29.928 23.204 0.93785
0.000 30.553 23.856 1.82280
0.053 30.857 24.105 2.37951
0.000 30.680 24.159 2.47742
3.343 30.324 23.799 2.94814
7.260 31.297 24.140 3.12533
0.000 30.502 24.125 3.12696
0.203 30.638 24.012 3.18803
0.900 28.722 24.263 4.11772
0.163 28.952 23.176 3.43167
2.035 25.893 23.186 2.57070
15.523 30.824 24.104 2.71568
0.048 29.463 23.475 2.59820
0.043 28.577 23.356 3.04786
4.340 27.422 23.747 3.45884
1.165 29.932 24.228 3.42936
1.022 27.689 23.925 3.45505
7.758 29.391 22.556 3.47490
7.948 27.297 22.391 3.46623
0.168 28.081 22.805 4.19633
15.173 28.348 23.901 3.55798
2.052 30.804 24.459 3.63371
5.295 29.649 24.546 3.05852
3.117 29.372 24.680 3.34291
4.535 29.743 24.297 3.60629
3.005 29.964 24.686 3.46212
19.943 29.844 24.042 3.07444
7.747 28.561 23.989 2.55276
4.893 29.873 23.704 2.64499
1.588 30.797 23.816 2.20519
9.983 29.902 23.587 2.65725
25.612 28.819 23.801 2.69582
41.612 30.046 24.090 2.62037
3.578 29.256 22.964 2.65158
16.147 30.008 23.010 2.86993
13.770 30.587 22.915 3.26599
0.603 28.486 22.887 2.86835
13.338 30.016 23.802 2.72493
0.433 29.732 23.671 2.39769
17.722 27.673 23.704 2.44216
2.337 28.556 23.490 1.97613
34.198 26.811 22.876 2.67890
5.867 26.404 22.268 2.36805
0.007 29.351 23.189 3.03162
0.033 28.744 22.727 3.37067
0.928 29.622 23.168 3.49623
1.600 27.522 23.708 3.00350
5.030 28.541 23.601 3.67638
0.418 29.655 23.465 3.48409
0.558 29.970 23.259 4.00104
0.130 30.102 23.846 3.45320
0.270 30.182 23.465 3.31895
2.122 30.386 23.930 2.83062
4.125 30.086 23.809 2.81131
1.657 29.095 24.393 2.37884
1.352 29.173 23.727 2.63704
9.580 28.777 23.865 2.85149
1.888 29.445 23.855 2.62146
22.548 28.858 23.110 2.66909
40.105 28.871 23.384 3.18242
0.525 28.071 22.476 3.13900
0.820 29.907 22.834 2.89044
4.650 29.331 21.710 3.37283
0.445 30.135 22.715 3.33902
0.000 30.056 23.542 2.76753
0.000 30.654 23.664 2.19314
24.490 30.347 24.040 1.78138
1.723 27.045 22.886 2.00509
0.000 28.800 22.680 2.18730
1.495 30.450 22.502 2.11109
0.000 31.100 23.622 2.11621
12.325 31.147 23.591 1.41393
1.992 29.492 23.503 1.45437
54.693 29.606 22.094 0.86041
0.000 31.508 23.417 0.73949
0.148 30.349 24.081 1.10569
19.122 27.105 23.417 2.45950
10.100 28.358 22.817 2.08453
3.785 28.861 23.711 1.00074
5.368 30.289 24.276 1.14180
0.000 30.135 24.241 1.92651
2.410 28.011 23.439 2.45854
8.735 29.461 23.383 1.61247
14.973 28.263 22.964 1.28352
1.075 29.758 22.428 1.11341
23.128 32.346 23.820 0.90670
39.098 29.853 23.426 1.17037
4.295 29.210 23.925 1.02551
2.190 30.187 22.809 1.17423
0.000 30.416 23.051 1.50965
0.725 32.330 23.417 1.10998
0.278 33.043 24.182 0.93022
3.073 31.307 24.748 0.75214
1.437 29.880 23.929 1.70043
2.255 30.884 24.172 1.66111
0.900 30.230 22.842 1.88465
0.000 30.127 22.071 2.32380
0.000 30.528 22.169 2.72353
0.000 29.662 21.990 2.88518
0.000 28.981 21.542 1.54386
0.000 30.933 22.371 1.32167
0.000 31.944 21.673 1.25439
0.000 32.205 22.310 1.09773
0.000 32.302 22.876 1.32784
2.792 32.291 22.723 2.12831
0.000 30.865 22.534 3.23358
7.005 30.438 22.960 2.72629
0.000 30.573 23.172 1.65567
11.130 30.327 23.435 1.41923
0.000 31.114 23.735 1.42098
1.148 31.038 23.451 1.05540
1.540 30.952 23.569 0.99315
24.732 30.373 23.621 0.65972
10.333 30.874 23.987 1.10232
0.235 30.315 23.650 1.56334
1.655 30.075 23.186 1.31085
1.433 31.743 23.477 0.57452
4.325 31.785 22.908 1.19743
0.040 31.068 23.849 0.96219
0.018 30.951 23.465 1.11337
0.000 31.491 22.778 2.11271
0.000 31.074 21.940 2.67169
0.000 30.901 22.504 2.90344
0.000 29.581 19.629 2.80980
0.000 29.006 18.211 3.43121
0.000 27.934 16.386 3.32726
0.000 27.860 16.651 3.04812
0.000 28.651 17.369 2.19709
0.000 30.490 18.781 1.66024
0.000 31.134 19.999 1.87913
0.000 31.650 21.028 2.60119
0.000 31.957 21.998 2.53215
2.800 32.226 22.985 2.76764
9.725 30.245 22.908 2.01045
0.223 30.068 22.375 1.87239
2.335 31.506 21.437 1.64100
0.000 32.476 21.316 1.57119
0.000 32.644 22.256 1.19459
0.000 32.642 22.819 1.15755
0.013 31.620 23.720 1.32503
0.000 32.822 23.804 1.06066
0.000 33.888 23.262 1.13898
0.000 33.427 23.738 1.21742
6.190 32.463 22.131 1.41731
1.200 33.926 23.378 1.72071
0.000 34.284 21.789 1.50818
0.240 34.488 22.368 1.51278
0.000 34.123 20.821 3.87941
0.000 31.983 20.160 3.75682
0.000 33.206 20.725 3.30025
0.000 32.011 20.642 3.81786
1.078 28.451 19.809 3.53499
0.307 26.923 20.045 2.85089
0.000 31.432 20.770 2.95396
0.000 32.542 21.456 3.03287
0.000 34.269 22.039 1.84974
0.000 34.550 22.725 1.73214
0.000 35.250 22.463 1.62752
0.000 36.404 23.606 1.87158
0.000 36.577 23.291 1.97819
0.000 35.350 22.331 1.61492
0.000 36.270 23.048 1.73556
0.552 34.234 23.300 2.12428
0.157 32.947 21.333 2.34514
0.005 31.213 21.152 2.71651
0.000 34.330 21.668 2.65832
0.450 33.637 19.924 3.34532
0.000 27.314 17.998 4.69967
0.000 32.296 18.297 4.24671
0.000 33.708 18.750 4.18945
0.065 32.786 20.432 4.10672
0.000 34.109 18.818 4.51284
0.000 32.964 18.123 3.93931
0.000 32.996 18.535 2.64437
0.000 34.654 19.840 1.36262
0.000 35.744 21.538 1.28780
0.000 36.609 22.750 1.39015
0.000 36.888 22.676 2.11101
0.000 35.878 21.114 3.16289
0.000 34.670 21.471 3.06630
0.000 34.061 20.398 1.94728
0.000 35.214 21.377 1.59481
0.113 34.612 22.269 1.82209
11.235 32.107 21.493 2.33258
0.000 30.455 19.171 4.22984
0.000 32.929 16.297 4.68751
0.010 30.357 15.093 4.89049
0.150 31.371 15.573 4.45068
0.003 30.936 16.108 4.78582
0.002 31.849 18.229 3.66583
0.382 32.310 19.681 3.13305
0.080 35.387 21.677 2.36342
0.000 35.901 22.338 2.13928
0.000 36.257 20.748 2.27787
0.000 36.183 21.979 2.48237
0.227 35.571 22.636 1.97364
0.000 35.537 22.612 2.16518
0.160 35.577 22.411 2.07314
0.000 36.582 22.566 1.91233
0.000 36.757 20.951 2.40825
0.000 35.895 21.011 1.76233
0.000 34.605 21.401 2.10158
0.000 35.358 19.734 3.39124
0.000 33.612 19.256 4.74449
0.000 34.113 19.525 3.41794
0.000 35.371 20.773 2.05745
0.000 36.349 21.878 2.51826
0.000 35.467 19.452 4.75011
0.000 33.515 17.673 3.99271
0.000 33.622 18.191 2.87787
0.000 34.384 18.152 2.29869
0.000 34.695 17.198 2.98777
0.000 33.545 17.948 3.62155
0.000 32.937 17.628 2.85349
0.000 33.208 18.267 2.25457
0.000 34.815 19.471 1.09398
0.000 36.375 22.334 1.54595
0.000 36.090 20.473 2.64871
0.000 35.270 20.736 2.29540
0.000 36.164 21.714 1.02282
0.000 37.891 23.366 1.11160
0.000 38.683 24.338 1.22493
0.000 38.359 25.616 1.59505
0.000 37.655 25.368 1.34862
0.000 38.712 24.970 0.71505
0.000 39.920 25.636 1.05122
0.000 39.930 26.276 1.36539
0.000 38.128 25.097 2.05395
0.000 38.305 23.065 2.35958
0.000 37.687 22.330 1.84708
0.000 37.660 22.516 1.69561
0.000 36.978 22.457 1.76076
0.000 37.301 22.489 2.15102
0.000 37.294 23.861 1.75816
5.717 36.108 23.980 1.82771
0.000 36.138 23.363 1.99342
0.000 37.211 24.608 1.38920
0.000 38.064 25.319 1.44791
0.000 39.002 25.719 1.05363
0.000 38.672 26.504 1.48039
0.000 38.161 26.675 1.93809
0.000 37.810 27.262 1.49742
0.000 37.952 25.667 2.03764
0.000 36.956 25.194 2.05268
0.000 38.121 24.829 1.61213
0.000 38.055 25.149 2.31075
0.000 38.789 25.393 2.08081
0.000 38.488 25.690 2.23180
0.000 38.381 26.524 2.01413
0.000 37.714 24.868 2.51835
0.000 38.510 24.233 2.42318
0.000 39.768 24.753 2.18306
0.000 40.023 25.243 1.84849
0.000 39.904 25.087 2.22235
0.000 39.707 24.005 2.62644
0.000 39.568 24.220 2.60220
0.000 40.897 23.334 2.00579
0.000 40.658 23.859 1.71265
0.000 40.143 25.118 1.66908
0.000 40.071 26.775 1.35506
0.000 38.914 26.399 1.90252
0.000 36.582 26.044 1.60705
0.000 39.768 27.447 1.59398
0.000 39.630 26.851 1.97663
0.000 39.483 27.106 2.39303
0.000 39.758 26.332 2.00776
0.000 40.602 27.394 2.06786
0.000 40.522 28.355 1.88891
12.135 38.467 26.835 2.25916
4.845 30.989 24.566 2.28493
0.000 32.710 24.093 2.10718
0.000 38.575 25.849 1.84726
0.000 38.630 26.190 2.34284
1.883 34.378 25.752 1.32729
2.270 32.631 24.757 1.64473
0.000 38.782 26.139 1.95989
0.000 29.542 24.249 1.47427
1.725 33.539 24.874 0.95706
2.017 31.772 25.072 1.12595
18.683 36.250 25.422 1.18335
0.000 34.989 24.696 1.24795
0.000 35.511 25.365 1.43685
2.618 34.242 25.347 0.84949
9.775 33.904 24.996 1.62335
0.000 35.082 24.921 1.47004
0.040 37.782 26.581 1.93490
0.000 35.478 25.909 1.78163
0.000 39.564 27.000 2.14360
0.000 39.682 27.050 2.12552
9.865 38.137 27.230 2.29617
11.657 31.794 25.163 2.00003
0.960 35.983 26.175 1.43838
3.015 36.377 26.882 0.95190
0.123 36.618 26.843 1.59971
0.017 37.310 25.928 2.15594
0.000 35.715 26.776 2.42631
0.000 40.750 26.998 2.65187
1.248 37.850 27.989 1.98082
4.245 33.852 26.226 1.37913
0.000 37.672 27.026 0.81613
0.390 39.686 27.228 1.59605
0.510 37.438 26.879 1.64528
0.000 36.532 26.022 1.37133
2.753 38.200 26.119 2.09991
0.003 37.521 26.419 1.88124
0.000 39.706 27.070 1.37204
0.063 38.591 26.880 2.53225
1.325 39.333 27.421 2.44307
0.773 37.854 26.643 2.79159
3.105 39.379 26.618 1.84239
1.355 37.987 26.863 2.06639
4.488 31.889 26.180 1.98495
0.363 34.582 26.546 1.97408
1.083 35.267 26.289 1.79017
43.757 32.952 25.918 1.74616
25.415 30.476 25.195 1.40391
21.485 32.071 25.502 1.61232
5.985 32.005 25.243 0.90787
0.975 31.265 25.022 0.82740
0.663 32.118 24.474 1.37439
12.112 34.899 24.420 2.43354
9.220 34.160 24.839 1.73189
0.550 33.546 24.340 2.71206
0.000 35.089 25.131 2.73028
0.000 36.792 24.852 2.50578
0.000 37.968 26.731 2.23826
0.000 37.578 26.526 2.12995
0.700 34.761 24.904 2.16321
28.667 35.270 25.371 1.19785
6.438 33.663 24.807 1.67089
0.000 35.311 25.233 1.38339
0.093 35.040 25.334 2.57451
3.580 32.748 25.219 2.44470
5.197 33.156 24.306 2.11187
0.625 33.080 24.331 2.11393
0.580 35.004 24.233 1.67616
1.645 32.327 24.038 1.94246
4.903 32.972 23.890 1.88226
0.248 36.718 24.391 1.95211
5.548 35.953 24.392 1.65005
0.212 37.036 25.898 1.28594
9.655 32.037 25.130 1.06357
35.607 32.051 24.605 1.23283
1.457 33.104 24.609 1.19584
1.935 33.907 25.240 2.09414
0.957 34.188 24.974 2.03484
0.000 33.206 25.601 2.73547
0.162 32.436 25.279 3.08080
2.423 32.674 25.032 2.86783
6.697 31.086 25.141 2.59285
0.005 31.828 25.036 2.61220
2.625 31.853 25.377 2.61440
6.895 31.999 25.212 2.57985
12.125 31.027 25.140 2.32626
4.378 30.690 24.648 2.85371
3.855 30.369 24.359 2.46502
0.058 32.451 24.849 2.27507
0.220 34.035 25.174 2.15525
0.143 33.382 24.922 1.66727
0.543 35.904 25.757 2.06881
0.000 31.446 25.026 1.82560
0.140 30.722 24.720 1.93347
0.083 31.620 24.948 2.29344
0.000 31.123 24.874 3.02349
0.077 30.366 24.584 3.64947
0.000 31.302 23.902 3.77437
0.000 31.316 24.351 3.46147
0.335 31.304 24.382 3.30715
10.013 31.096 24.095 3.21079
17.970 30.347 23.579 3.41452
6.070 25.738 22.642 3.67877
0.000 28.594 23.160 3.40961
1.388 30.995 23.704 3.20091
0.000 32.233 24.550 3.17913
0.355 28.606 22.364 3.11010
0.372 31.108 23.999 3.30682
0.045 32.477 22.582 3.03234
1.170 33.335 23.147 2.94670
0.000 32.352 24.338 2.23906
0.000 32.130 24.231 2.61496
0.000 29.110 24.547 2.69287
0.290 32.332 23.521 3.11964
5.555 32.205 24.194 2.83032
0.063 32.470 24.962 2.32306
1.127 29.303 24.549 2.61848
0.000 32.239 24.749 2.34566
0.000 31.913 24.605 2.47137
0.118 32.171 24.657 2.49354
0.143 32.405 24.771 2.25102
8.408 30.565 24.650 2.29736
10.933 29.928 24.609 2.60966
3.350 29.937 24.128 2.50021
8.530 29.864 23.015 2.74563
0.075 31.208 23.470 2.02094
0.147 31.497 22.770 2.55764
22.145 28.973 23.682 2.42911
65.383 31.963 23.882 3.08375
5.175 28.946 21.731 3.36854
5.715 27.754 22.170 4.08292
0.283 27.711 22.364 3.93475
0.000 30.068 21.904 4.09152
4.987 29.283 21.991 4.03451
0.110 29.634 22.830 3.10082
0.022 31.682 23.984 2.98277
11.988 31.252 24.254 2.74884
2.858 32.432 24.142 3.20925
0.000 33.142 24.429 2.96307
29.690 30.495 22.513 2.59501
0.835 31.306 22.994 3.11725
2.252 31.448 23.981 2.89626
0.123 30.101 24.261 2.69192
26.865 29.962 24.329 2.26198
1.248 29.589 24.450 2.12042
0.200 32.163 24.608 2.68142
0.320 30.883 24.916 3.06970
1.085 30.108 24.359 3.03241
0.130 30.407 24.146 2.47934
8.152 31.698 24.630 2.32996
9.915 29.967 24.242 2.51775
1.152 31.307 24.052 2.66150
4.653 30.476 24.114 2.41855
19.597 30.245 24.673 2.27707
24.212 29.760 24.143 2.30073
39.373 29.927 23.832 3.27499
6.670 29.804 23.938 2.78960
7.907 29.187 23.808 2.45082
3.960 31.836 24.202 1.69397
71.100 28.526 23.881 3.48002
46.283 26.257 23.308 4.70379
11.962 29.347 23.877 2.89724
15.153 29.379 24.284 2.29693
44.268 26.960 23.178 3.34392
145.880 25.874 23.201 3.78720
26.910 26.866 23.448 3.42443
2.198 28.581 23.993 2.75479
0.035 28.065 23.786 2.48586
1.485 30.193 24.090 2.60324
0.715 29.103 24.320 2.31073
11.590 27.789 24.126 2.77458
26.302 27.497 23.204 1.99307
6.237 28.710 22.368 1.59848
2.725 30.231 23.533 1.76614
16.815 29.393 23.359 1.43756
3.488 30.474 23.096 0.84699
0.738 31.684 23.035 0.99775
2.032 30.444 23.926 1.16369
0.073 31.703 23.631 1.43620
4.257 30.518 24.108 1.63032
7.663 29.759 22.522 1.67884
24.610 26.805 22.478 1.13852
7.822 28.993 23.285 1.24036
9.578 27.620 23.132 2.62739
0.000 28.533 22.253 1.81104
0.000 27.974 21.120 2.58437
0.000 30.111 21.950 2.47819
0.000 30.545 22.014 2.45912
0.000 30.258 21.816 2.03580
0.000 30.617 22.139 1.77296
0.000 31.777 21.587 1.48540
0.000 32.572 23.036 0.94809
0.000 32.976 23.787 0.77848
0.000 31.026 24.098 0.86593
0.378 30.112 23.440 0.94209
4.545 29.557 23.512 0.73609
0.000 28.954 22.607 0.86293
3.253 29.986 21.676 1.17530
9.017 30.886 22.748 0.91077
7.447 30.194 22.911 1.19004
6.405 32.372 24.007 0.65240
3.847 29.255 23.340 0.95787
0.000 30.993 23.961 0.58594
0.000 31.208 23.375 1.11674
2.575 31.443 22.088 1.74403
0.000 30.976 22.551 2.44801
1.373 29.912 23.334 2.05765
0.000 31.012 23.297 2.69764
0.000 30.211 21.736 2.99828
0.000 30.752 21.423 3.00304
0.000 30.353 21.561 2.39164
0.000 30.198 21.167 1.81440
0.000 31.312 21.503 1.25375
0.000 32.316 23.146 0.93382
0.000 33.273 22.971 0.90928
0.000 31.274 23.515 1.40206
0.000 31.716 22.687 1.96153
0.000 31.808 23.255 2.12053
0.000 31.623 23.082 1.91606
1.625 30.728 22.185 2.19767
0.000 29.966 19.202 3.25385
0.000 28.316 19.877 3.43404
15.827 24.646 20.272 4.42034
0.000 28.796 21.671 2.18998
2.680 30.282 23.219 1.40912
0.000 29.663 21.169 2.47261
0.000 30.603 20.679 2.94109
0.000 30.515 20.219 2.57729
0.000 31.256 20.588 1.75168
0.000 30.160 20.905 3.17413
0.005 28.762 18.754 3.19384
0.915 28.841 17.062 2.93887
3.112 29.055 18.051 2.88913
2.913 26.767 18.607 2.60960
0.775 30.980 20.932 1.87438
0.000 31.472 22.430 2.17063
0.000 31.225 19.847 3.44953
0.000 30.631 20.208 1.98803
0.000 33.129 21.786 0.87590
0.000 33.573 21.982 0.72238
0.000 33.699 21.152 2.36764
0.000 31.963 19.550 2.93152
0.000 31.531 20.526 3.43826
0.000 31.904 18.930 2.91684
0.000 32.225 19.030 2.14482
0.000 32.728 18.529 1.86847
0.000 33.403 19.761 2.41269
0.000 33.283 19.816 3.58387
0.000 33.847 20.564 3.29298
0.000 34.874 22.270 3.82215
0.000 34.586 20.625 4.85234
0.000 34.113 20.861 3.77511
0.000 34.702 21.433 2.66601
0.000 34.293 21.176 3.57889
0.000 29.022 17.574 5.48964
0.000 28.205 15.052 4.71673
0.000 28.669 14.249 4.88128
0.000 28.856 13.739 4.49711
0.000 27.987 12.216 4.89832
0.000 28.277 12.662 4.33246
0.000 28.544 13.363 3.87915
0.000 28.928 13.840 3.08844
0.000 30.006 14.345 2.43142
0.000 30.910 15.185 2.37419
0.000 32.186 17.156 2.21022
0.000 32.824 18.135 2.65962
0.000 33.678 18.907 1.86015
0.000 34.258 20.332 1.97119
0.000 35.813 21.444 1.72944
0.000 35.633 21.811 1.66509
0.000 35.229 23.047 1.52847
0.000 34.150 23.548 1.48428
0.000 33.917 21.906 1.94421
0.000 35.025 21.087 1.72925
0.000 35.697 20.312 1.63252
0.000 35.633 21.103 1.17824
0.000 35.879 21.105 1.58623
0.000 35.905 20.371 0.90806
0.000 36.350 20.617 2.14140
0.000 33.995 18.220 3.58192
0.000 33.374 18.597 2.22492
0.000 34.645 19.371 2.36045
0.000 35.199 20.226 2.91802
0.000 35.214 21.129 3.60056
0.000 35.147 21.500 3.16719
0.000 35.131 21.514 3.06915
0.000 35.537 21.956 2.01668
0.000 35.085 20.288 2.34268
0.000 35.188 19.765 1.91916
0.000 35.684 19.673 1.69903
0.000 36.123 21.206 2.02025
0.000 36.070 23.340 2.16377
0.000 36.825 22.721 2.00364
0.000 37.084 21.953 1.98766
0.000 35.972 22.824 2.04777
0.000 36.284 23.118 2.10920
0.000 36.225 21.338 1.84671
0.000 35.517 20.288 1.68925
0.000 35.886 20.071 1.18561
0.000 36.493 20.909 1.57964
0.000 36.377 19.712 2.58758
0.000 36.130 20.225 2.20478
0.000 35.764 20.818 2.42982
0.000 35.971 20.938 2.07954
0.000 36.288 21.761 1.62607
0.000 37.736 22.605 1.38684
0.000 38.065 22.706 1.56351
0.000 37.845 22.697 2.42691
0.000 37.405 23.465 2.76424
0.000 36.300 19.689 3.19281
0.000 35.358 20.196 1.73953
0.000 35.288 20.370 2.51640
0.000 33.125 16.580 4.24706
0.000 32.517 16.770 4.35079
0.000 33.006 17.555 2.60046
0.000 34.732 19.049 1.97894
0.000 35.405 19.221 1.66353
0.000 36.012 21.132 1.50639
0.000 35.822 23.536 1.68741
0.000 35.981 20.834 1.95367
0.000 35.806 19.701 1.55289
0.000 37.285 21.250 1.51278
0.000 36.827 21.662 2.98583
0.000 35.667 20.746 4.01026
0.000 33.101 21.462 1.98362
0.000 36.540 23.095 1.25530
0.000 37.743 24.733 1.75247
0.000 37.394 24.871 2.49886
0.000 37.619 22.613 3.14776
0.000 38.826 22.235 2.76759
0.000 39.512 19.728 2.22106
0.000 35.603 18.406 4.59560
0.000 31.806 18.761 3.40327
0.000 35.075 19.597 3.00206
0.000 35.531 19.518 3.12478
0.000 35.411 19.323 4.05084
0.000 35.418 19.526 4.05725
0.000 35.261 18.567 3.09864
0.000 36.037 19.355 1.93761
0.000 37.053 20.084 1.95662
0.000 37.372 21.825 1.99632
0.000 36.338 23.222 2.10348
0.000 36.572 24.318 1.51416
0.000 37.163 24.581 1.18167
0.000 38.479 25.285 1.56089
0.000 38.388 26.645 2.05874
0.000 38.257 26.592 2.08856
0.000 37.822 25.286 2.04154
6.815 34.795 23.713 2.22042
0.000 34.412 24.141 1.70045
0.000 37.176 24.654 1.25119
0.000 39.748 24.415 2.47920
0.000 40.642 24.201 2.45882
0.000 41.046 25.317 1.94935
0.000 39.322 26.638 1.26293
0.000 40.223 26.898 1.98470
0.705 41.166 28.056 0.89091
2.998 37.813 25.665 1.81454
0.055 29.645 24.641 1.78508
0.000 37.785 25.955 1.97947
0.000 36.449 25.929 2.30179
0.055 37.095 26.395 2.16397
0.000 35.687 25.844 1.67663
0.000 36.086 24.817 1.89327
0.000 38.217 23.154 2.02543
0.000 38.253 24.878 1.74771
0.000 37.964 26.367 1.27826
6.472 37.929 26.246 1.43718
0.000 37.771 25.669 1.79092
0.000 39.202 26.404 1.86516
0.000 40.292 27.698 1.95625
0.000 40.366 27.698 1.72224
0.000 40.082 27.996 2.19610
2.243 39.549 28.183 2.76321
0.000 41.729 28.357 1.78649
3.433 41.220 27.813 1.96316
0.000 38.219 27.077 2.14396
0.000 37.751 27.065 1.34279
0.000 39.954 27.259 1.34456
2.085 38.654 26.000 1.70318
0.003 33.324 25.962 1.24988
7.722 34.741 25.629 1.25381
14.267 36.691 25.555 0.93484
7.920 34.320 26.208 0.83416
1.175 33.417 25.275 1.28603
0.000 33.983 25.986 1.16982
15.840 32.638 20.438 2.19127
0.475 28.563 20.829 2.82877
0.092 32.172 22.175 1.77985
0.000 35.723 24.697 1.47272
0.095 30.684 24.476 1.33372
16.110 31.987 22.913 1.52823
0.545 32.927 23.337 0.99282
0.000 37.895 25.457 1.46641
0.000 36.986 26.084 1.37318
0.000 37.239 26.312 2.25650
0.003 34.088 26.462 1.74339
1.500 32.216 24.960 1.34622
0.035 31.971 22.288 2.46735
0.000 35.076 23.356 2.58617
0.000 32.749 23.480 2.95519
0.000 30.499 22.229 2.73931
0.000 35.760 23.496 1.95750
0.000 38.064 25.279 1.98401
0.000 38.128 26.747 1.68279
0.000 37.207 26.062 1.87007
0.000 36.935 26.645 1.68276
0.003 29.169 25.277 1.57299
0.115 36.340 25.482 1.27295
0.017 38.966 27.408 1.57058
17.705 36.993 27.216 2.21928
0.000 35.086 26.797 2.02284
0.020 36.946 26.994 2.17925
0.160 35.613 27.505 1.73805
9.925 31.450 27.458 1.16105
28.410 32.885 22.804 1.44529
0.000 37.648 24.733 1.30198
0.348 39.355 25.500 2.29277
0.250 36.152 26.190 1.19915
0.132 36.863 26.255 1.41712
0.000 36.195 26.589 1.53632
10.277 35.754 24.764 2.18342
0.278 33.471 25.046 2.18114
13.885 34.112 25.731 2.38592
0.000 35.283 26.015 2.36836
0.000 35.966 26.106 2.72426
0.235 33.909 27.008 2.02821
9.962 34.443 25.873 2.51303
0.075 36.333 25.820 1.66242
4.655 34.433 25.104 2.29554
9.745 33.529 25.434 2.07457
2.960 32.134 24.935 1.85933
5.065 33.051 24.593 1.73195
4.470 31.382 23.958 1.51298
0.000 33.984 24.602 1.68024
0.068 31.625 24.497 1.39987
24.183 33.170 25.011 1.37169
26.425 30.783 24.010 1.61272
9.063 30.857 24.137 1.85781
0.000 29.079 24.098 2.03322
1.380 30.208 24.325 2.02941
0.105 29.596 23.998 2.13033
0.000 32.055 23.939 2.23206
0.000 32.036 24.505 2.29291
0.000 31.522 25.009 1.80775
0.498 28.812 24.272 1.84621
0.315 30.500 24.492 2.05421
2.098 31.735 25.012 1.89778
5.965 31.174 24.570 2.20648
42.132 30.558 24.503 1.88776
23.185 29.894 24.398 2.10851
4.040 29.034 23.840 2.44921
5.883 28.286 23.699 2.23198
0.045 28.726 23.322 1.84801
1.433 30.926 24.253 1.91716
0.000 31.175 24.848 1.82120
0.000 31.727 24.374 1.28936
2.782 31.810 24.410 1.61893
0.000 30.805 24.156 1.54736
0.000 31.811 24.993 1.63023
0.103 28.623 23.601 1.40093
0.642 28.676 23.779 1.76080
0.000 31.412 24.925 1.18160
0.000 28.872 24.209 1.46415
24.135 29.196 23.924 2.47910
2.077 28.276 23.505 2.76846
21.773 28.981 23.112 3.35811
7.015 30.636 24.164 2.52472
22.640 28.900 23.932 2.87184
20.227 27.667 23.013 2.47115
0.000 31.022 24.157 1.79292
0.258 31.166 24.252 1.62127
0.315 30.051 23.767 1.59213
0.000 32.002 24.112 1.78862
0.000 30.664 24.148 1.82024
0.000 30.533 24.066 1.89539
2.743 31.377 23.750 1.57110
2.577 30.053 23.879 1.71104
1.713 30.876 24.263 1.98825
24.470 29.639 24.176 1.08455
0.213 31.206 24.265 1.58343
0.093 29.245 23.655 1.81003
2.123 31.730 24.135 1.35001
1.190 31.159 24.732 1.24724
0.000 29.608 24.248 1.15124
3.355 28.833 23.035 1.31170
0.587 30.074 23.579 1.37254
10.055 32.108 23.979 0.78419
0.103 31.817 24.951 0.58481
7.942 28.798 23.190 1.06078
0.000 30.868 23.403 1.22035
0.000 31.721 24.133 1.56706
0.037 31.682 24.401 1.50610
6.375 29.327 24.081 1.28033
7.320 29.936 24.445 1.58442
3.362 30.731 24.453 2.03184
42.455 29.863 24.441 3.00068
25.585 28.057 24.657 3.76981
2.837 28.702 24.260 3.85727
10.752 29.804 24.588 3.59963
0.000 30.150 24.131 3.22599
5.855 28.818 24.487 2.12886
22.730 30.046 23.981 1.37001
14.528 30.129 23.063 1.87889
10.435 29.333 23.473 2.77013
10.210 30.325 24.596 2.60320
0.523 29.287 24.434 2.97018
7.845 28.038 24.466 2.13808
15.395 29.571 23.713 2.41580
5.122 29.325 23.815 2.03786
1.248 28.222 22.806 2.27594
21.235 28.750 23.323 2.11752
0.077 28.404 23.305 1.68844
16.805 29.747 23.008 1.81966
12.510 29.898 23.906 1.65538
0.000 27.967 23.744 1.76797
2.582 26.707 22.983 1.87062
5.548 30.588 23.528 1.39862
3.595 30.334 23.346 2.07960
0.005 29.757 23.800 2.45129
0.000 29.991 23.079 1.90678
0.000 31.621 23.145 1.87904
0.122 31.826 24.283 2.37155
8.970 30.159 24.022 2.24966
0.000 30.695 24.081 1.86997
0.000 30.560 23.828 1.31411
3.320 31.662 23.992 1.17554
0.000 30.520 24.335 0.83906
1.963 29.624 24.216 1.59338
0.078 29.908 23.956 0.79526
11.592 28.708 23.454 1.68681
4.670 30.059 24.191 0.62725
1.268 28.483 23.925 1.59940
0.003 30.673 24.214 2.09793
0.657 27.452 23.425 4.12895
0.947 27.862 23.696 2.05174
1.735 27.895 22.494 2.21187
5.803 27.985 21.732 3.22503
9.753 27.852 21.512 2.94658
2.725 25.576 21.648 3.36301
1.213 27.494 22.953 3.34501
10.055 28.784 23.119 1.84730
0.040 29.102 23.917 1.36723
0.035 29.027 23.620 1.98766
33.878 27.882 22.200 3.03986
128.127 26.776 21.709 1.54006
21.913 26.281 20.524 1.38799
13.812 28.319 20.892 2.70116
0.635 28.070 18.824 3.46046
16.593 27.019 18.900 2.98760
0.183 25.160 19.179 2.92401
0.647 26.572 19.443 2.18918
0.002 26.773 19.278 1.76744
0.287 26.693 20.063 1.46679
8.290 28.960 20.651 2.18968
0.303 24.959 21.028 4.04486
0.345 27.335 22.300 2.50815
9.875 29.358 22.967 1.87446
0.200 30.106 22.504 2.51637
55.533 29.476 21.199 2.85532
0.017 28.235 20.214 2.77330
25.245 28.099 20.096 3.05183
7.852 27.702 20.057 2.66158
1.907 28.950 20.561 2.51689
9.747 26.768 21.203 3.38010
19.580 27.703 19.591 3.45975
12.745 27.954 18.679 3.51043
5.832 27.413 17.661 3.72785
12.715 25.948 17.983 4.15394
5.615 26.446 18.756 4.70443
1.118 27.552 17.814 3.93089
0.000 26.633 18.191 3.36138
6.027 26.842 18.550 3.01514
16.445 26.609 19.057 2.17471
23.487 29.344 20.360 1.65168
1.027 31.152 21.510 1.19367
0.205 31.049 21.081 1.41526
0.227 31.076 22.078 1.37533
0.308 30.912 22.723 1.23810
0.000 31.922 23.212 1.00979
0.005 31.168 21.743 1.44899
0.000 29.818 20.767 2.61179
3.035 29.787 21.218 2.47193
0.000 29.779 20.885 2.65467
1.500 29.087 20.524 2.91974
38.200 28.886 19.247 3.27266
0.150 28.520 18.991 3.82746
0.000 27.348 18.316 4.31539
0.698 26.923 17.627 4.18016
0.000 25.445 17.918 3.53704
0.000 27.949 18.112 3.37767
0.000 27.564 16.030 3.89502
0.000 25.354 14.797 3.94147
0.215 25.741 15.112 3.42319
0.197 26.672 15.608 2.73973
0.000 27.978 16.829 3.37999
0.000 27.425 15.748 3.32506
0.015 27.386 16.274 2.45992
2.108 28.375 18.020 2.44846
4.910 29.503 19.785 1.94601
0.000 30.639 21.595 1.55482
0.000 30.548 22.399 1.14290
0.000 31.167 22.440 1.82785
0.000 28.709 18.967 2.91744
0.000 29.876 17.359 3.81096
0.000 28.740 17.549 3.51017
0.000 29.298 16.486 3.84607
0.000 27.988 14.819 4.37664
0.000 25.025 13.355 4.87699
0.042 25.566 11.845 4.35631
0.000 27.071 12.356 3.41698
0.000 29.519 15.944 2.74686
0.000 30.385 18.279 3.18659
0.000 30.384 18.827 2.38787
0.000 32.532 20.111 1.42963
0.000 33.406 21.362 1.74266
0.575 33.990 20.491 1.57238
0.135 34.589 19.875 2.41818
0.518 30.528 14.303 5.66324
0.040 26.437 12.060 5.23640
0.000 30.946 23.937 1.25840
0.000 30.683 24.618 1.40344
0.000 29.722 24.397 1.18871
0.000 31.015 24.905 0.99642
0.000 30.047 24.456 1.43166
0.000 30.115 24.266 1.65143
0.000 29.568 23.691 1.84406
0.000 32.003 24.524 1.16415
0.000 31.400 24.710 0.52229
0.288 28.606 22.803 1.35760
0.000 31.807 24.073 0.82577
0.000 32.029 24.469 0.69578
0.000 29.286 23.885 1.23282
6.223 28.953 23.295 1.31380
0.000 30.591 24.262 1.38650
0.000 31.150 23.964 1.36366
0.000 30.274 24.963 1.91644
0.000 27.319 23.700 4.65639
0.000 27.804 23.854 3.52113
0.000 27.744 22.968 1.77646
0.005 29.974 23.835 0.96719
0.000 29.955 24.272 0.94939
0.055 32.079 24.629 0.59442
0.000 28.562 23.311 2.15330
0.000 28.529 23.405 1.79918
0.000 29.318 23.639 1.42320
0.000 29.867 24.496 1.20697
0.000 30.174 23.634 2.57402
0.000 29.188 23.888 1.88832
0.000 28.837 24.074 1.75722
0.000 26.463 12.570 4.55749
0.000 27.126 13.443 3.14366
0.000 30.132 15.119 3.34272
0.008 31.139 16.763 3.52589
0.000 31.710 18.241 2.75077
0.000 32.732 18.662 2.63933
0.000 32.631 17.633 3.63009
0.012 30.794 13.551 5.16376
0.000 28.347 14.086 4.25414
0.000 27.838 13.491 4.12927
0.000 24.683 11.641 6.01039
0.000 24.447 10.761 4.46084
0.000 27.556 11.345 2.21096
0.000 30.936 14.894 1.40987
0.000 32.698 17.052 1.07241
0.000 32.555 18.328 1.44781
0.000 31.452 13.678 5.35984
0.000 27.648 12.332 4.39865
0.000 28.110 12.878 1.75025
0.000 30.202 15.693 1.20161
0.000 32.852 17.783 1.47749
0.000 33.542 19.093 1.45008
0.000 34.386 20.096 1.26578
0.000 34.546 22.364 0.71715
0.000 35.726 20.170 1.63973
0.000 35.064 19.862 2.53711
0.000 34.290 20.672 1.50034
0.000 30.310 20.182 3.59924
0.000 28.481 19.327 3.11428
0.000 33.107 18.370 2.71470
0.000 34.441 19.370 2.02328
0.000 34.984 19.326 2.48678
0.000 35.635 19.366 2.83359
0.000 34.959 18.147 3.32297
0.000 34.146 18.777 2.89847
0.000 34.349 19.358 2.52963
0.000 34.218 20.106 1.77613
0.000 34.575 20.877 1.55725
1.325 36.093 22.466 1.54794
22.027 32.709 17.673 3.73329
0.000 30.966 16.102 2.89043
0.000 31.661 15.865 2.77145
0.000 32.719 15.799 2.68471
0.000 34.166 17.061 1.84161
0.000 34.580 17.986 1.54848
0.000 34.650 19.114 1.10858
0.000 34.889 20.658 1.37452
0.000 34.302 18.276 3.35160
0.000 33.325 17.719 4.30847
0.000 32.369 16.598 3.90688
0.000 33.178 16.896 2.34359
0.000 34.528 17.883 1.24563
0.000 36.597 19.573 1.20617
0.000 36.741 20.058 1.37133
0.000 36.864 22.011 1.51917
0.000 38.547 22.650 2.03033
0.000 39.419 22.569 1.54190
0.000 38.873 24.615 1.49537
0.000 38.102 24.153 2.20739
0.000 37.978 25.892 1.32164
0.000 36.613 25.119 1.85349
10.852 34.662 22.748 1.84147
0.000 36.332 23.746 1.20759
0.000 37.816 24.280 1.52747
0.000 38.081 24.144 0.88245
3.528 38.607 24.939 1.43413
0.755 35.473 23.898 1.91911
0.000 36.315 24.749 1.34760
0.000 36.987 24.903 1.20015
0.000 38.140 23.924 2.02166
0.000 38.603 22.992 1.92885
0.000 38.172 23.081 1.59368
0.000 37.179 24.400 1.17537
0.000 37.757 25.270 1.60441
0.000 38.533 26.058 1.39433
0.000 38.466 27.167 1.07420
0.000 38.474 28.073 1.54388
0.000 40.451 26.828 1.70122
0.000 40.175 27.645 1.49867
3.945 36.530 20.567 2.56405
0.000 31.713 19.065 4.98136
0.000 35.504 20.303 3.34546
0.000 37.702 22.850 2.07273
0.000 39.328 25.772 1.79530
0.000 39.557 28.038 1.40319
0.000 39.316 28.181 1.50823
0.117 37.396 26.904 1.17068
0.000 40.705 27.242 2.40121
0.000 40.943 27.107 3.11806
0.000 39.313 26.737 3.07224
0.000 40.313 26.715 2.78600
2.790 41.152 27.643 1.96899
0.000 31.163 25.827 1.33540
19.597 34.984 25.093 1.98981
0.000 31.548 23.728 1.66346
0.000 38.159 24.978 1.84708
0.000 35.410 24.807 1.75348
2.420 36.090 25.023 1.47179
0.028 36.872 25.300 1.22197
0.000 35.871 25.814 1.42358
0.050 34.825 25.772 1.22657
0.000 35.062 26.188 0.95691
0.000 33.531 25.888 1.35723
22.948 30.808 24.516 1.23753
0.013 34.827 25.093 1.12818
8.047 32.930 25.185 1.49165
0.625 32.492 23.940 0.96685
7.410 34.189 23.789 1.40229
2.153 35.062 24.403 1.27179
0.000 36.960 25.356 1.32737
0.330 36.643 25.693 1.51134
12.155 33.975 25.385 1.59908
0.063 31.788 24.346 2.24126
0.000 36.250 25.337 2.41964
0.000 37.455 25.739 2.30260
0.010 32.628 24.615 2.04220
0.317 30.185 24.025 1.24941
1.835 31.967 24.792 1.31065
33.765 31.787 23.092 1.72690
2.237 31.161 23.181 1.38662
5.768 30.357 23.716 0.98778
6.140 33.942 25.008 0.62267
0.290 33.909 26.367 0.72991
1.245 34.595 25.814 0.71563
6.645 32.250 24.495 1.54634
0.102 30.680 24.466 0.55514
0.240 32.046 24.593 0.93927
14.047 34.313 25.026 1.17126
18.937 32.583 24.441 1.14972
1.558 32.761 24.965 1.49064
0.000 32.737 25.316 1.40343
0.530 33.531 25.738 1.31145
6.775 33.477 26.107 1.27468
14.383 33.200 25.262 1.46603
10.740 31.779 24.652 1.57628
0.000 32.948 25.613 1.17689
6.573 34.510 26.260 1.15470
8.810 30.569 25.151 1.58080
5.052 32.841 25.546 1.70416
0.250 31.152 24.948 1.66966
0.610 32.953 25.585 1.80552
0.007 32.543 25.330 2.47342
0.293 32.677 25.128 2.36458
11.758 31.242 25.004 2.10513
13.083 28.242 23.950 2.39851
39.917 31.145 24.662 1.66869
7.825 31.077 24.739 1.98904
0.025 30.729 24.965 1.48213
0.025 31.840 24.858 1.95154
0.000 31.344 24.096 1.92610
0.000 32.569 24.272 2.34994
0.000 29.691 24.834 1.20388
0.000 28.378 24.107 1.49863
0.000 29.828 24.001 0.89985
0.000 31.646 23.730 1.08701
19.973 30.514 24.161 1.79236
14.403 30.216 23.747 1.47052
22.340 28.129 23.663 1.32431
22.485 31.113 24.176 1.81181
0.430 29.327 23.593 2.41265
1.558 30.959 24.712 2.38493
4.580 29.022 24.284 1.73529
14.742 30.305 21.321 2.23302
6.705 26.856 21.807 0.91992
4.505 26.901 22.648 1.51576
0.083 29.079 23.513 1.79031
54.722 28.833 20.110 1.58412
3.825 22.362 19.909 3.45456
0.000 29.205 21.787 2.08113
1.190 30.217 23.555 1.40804
0.000 30.655 24.279 0.83255
0.000 28.403 23.226 0.97898
0.205 25.588 20.668 2.81381
1.390 25.867 20.664 2.84061
0.972 26.171 20.178 3.26919
0.305 27.941 19.734 2.70851
0.000 28.864 20.533 2.67564
0.000 29.341 21.149 3.41830
5.045 27.397 21.751 2.31304
17.050 29.447 22.990 1.12608
14.347 29.656 23.438 1.11593
0.000 31.257 22.426 1.34102
0.000 30.282 23.126 1.30540
0.000 30.202 22.777 1.68354
0.073 30.393 22.460 1.61841
9.293 31.395 23.519 0.86700
1.307 32.118 24.077 0.69797
3.195 31.204 23.655 0.40494
9.153 31.856 22.825 1.98233
7.025 28.269 17.572 4.26512
7.085 26.704 18.048 3.60252
0.338 26.145 17.258 3.38347
10.382 26.524 17.783 2.81682
4.543 28.383 19.307 3.28926
11.895 27.520 19.028 3.59598
0.003 27.183 19.188 2.65431
1.693 29.195 20.158 2.36839
1.168 28.772 22.381 2.22646
7.465 29.786 22.586 2.74231
0.155 29.769 21.525 2.46649
0.020 30.457 21.804 1.17931
0.250 30.902 23.081 1.15167
0.600 31.063 22.359 1.40994
35.165 30.986 19.374 3.10524
38.465 26.680 17.742 4.45311
58.325 26.797 17.504 3.71753
0.000 25.210 17.780 3.12374
0.000 27.476 16.417 3.47179
0.080 26.927 16.960 3.64759
0.000 27.636 17.778 4.20151
1.613 25.926 18.881 4.06056
0.010 24.261 16.944 4.22663
1.018 26.079 14.819 4.16211
2.572 25.469 14.909 3.74673
2.428 24.722 12.346 3.56649
2.157 24.443 12.461 3.35717
15.248 25.247 13.345 3.47387
1.058 26.061 13.993 3.38275
0.000 25.971 14.036 2.96574
0.000 26.910 14.718 2.80393
0.337 28.664 18.052 3.09195
2.473 27.964 16.606 3.13514
13.065 28.115 17.354 2.75570
0.517 28.794 17.985 3.99889
5.945 27.943 16.384 3.98793
27.302 28.323 16.921 2.60552
3.045 30.433 18.526 1.69122
0.000 31.475 20.617 1.89395
4.940 30.651 18.653 4.45163
0.462 29.144 16.543 5.01728
3.235 26.352 14.431 3.84847
2.778 27.182 14.943 2.25850
1.563 29.025 16.261 1.91271
1.850 28.734 18.318 1.78382
11.762 28.341 19.865 1.04201
41.765 31.028 21.146 1.49174
15.040 29.745 19.841 2.23676
10.087 31.034 19.955 3.25897
4.420 29.789 16.380 4.81665
2.617 29.932 16.813 3.62845
14.557 31.715 18.448 3.84778
5.605 30.750 17.123 4.14779
6.247 30.604 17.370 3.39924
1.280 33.314 25.488 2.05839
8.553 32.546 25.714 2.28132
4.523 31.796 25.089 2.00925
2.932 30.436 24.322 2.01407
5.973 30.852 24.754 2.46010
8.475 30.556 24.908 2.65545
32.365 28.972 24.122 3.20288
2.502 29.883 24.278 2.89870
23.910 29.098 24.052 2.92871
5.243 28.805 23.580 2.90325
11.470 29.843 23.775 2.89846
6.205 26.962 22.578 3.52524
6.467 29.043 22.447 3.12510
3.000 31.113 24.230 3.00295
3.090 29.673 23.783 2.80432
0.635 28.406 23.638 2.34010
2.325 29.598 23.774 2.39761
32.510 30.537 23.406 2.13125
47.163 32.086 23.780 2.32594
9.785 31.830 24.431 2.56722
33.210 30.525 24.525 2.68826
11.350 29.852 23.979 2.27029
14.888 29.132 23.936 2.46968
41.658 29.582 24.029 2.27269
30.732 30.829 24.187 2.21703
8.475 30.526 23.844 2.04317
18.202 31.728 24.130 2.32093
0.258 30.287 23.065 2.26957
0.015 31.439 24.368 2.20503
0.000 30.142 24.231 2.68250
6.153 29.699 24.104 2.28917
1.610 30.877 24.517 2.07462
0.000 31.126 23.920 1.93656
0.192 32.395 25.088 2.00050
1.210 31.000 23.866 2.12110
1.962 29.947 23.287 2.44015
19.395 30.714 24.120 1.78272
0.420 29.492 23.618 1.17677
0.295 28.917 23.577 1.90936
2.040 30.807 23.812 2.19824
0.903 29.404 23.897 1.26807
10.915 30.145 24.339 1.02196
3.027 30.417 24.044 0.79257
17.263 30.833 24.577 1.33852
11.680 28.753 23.908 1.34422
47.120 29.963 23.777 1.40839
59.732 31.144 24.213 2.36178
0.000 29.977 24.118 2.98756
2.165 29.234 23.310 3.93114
11.123 28.589 23.416 3.27974
22.617 29.984 23.850 3.51207
3.728 29.990 24.166 3.32852
0.658 29.819 23.871 3.38385
0.285 27.694 22.308 4.58091
0.000 25.604 22.529 3.73045
0.008 30.261 23.684 3.24390
1.042 30.365 24.019 3.19032
2.127 30.753 24.172 3.10054
18.745 30.772 24.658 3.24931
12.555 30.353 24.497 3.37466
7.955 28.646 23.763 3.25096
5.730 30.613 23.556 3.31791
2.685 31.009 23.857 3.28512
0.265 29.610 24.157 3.39484
4.432 29.923 24.543 3.01253
0.000 30.163 24.425 3.02486
0.242 30.603 24.678 2.67141
1.083 30.776 24.874 2.73956
0.153 29.658 24.619 2.15392
0.000 30.275 24.882 2.37555
0.000 31.173 24.798 2.15248
0.025 30.139 23.735 2.38533
0.862 30.431 24.241 2.07790
0.215 30.040 24.347 2.75134
0.000 29.018 23.633 2.63816
0.000 28.894 22.770 2.19496
2.175 31.132 23.443 1.30221
0.055 31.476 24.601 0.78269
0.000 31.190 23.961 0.71388
0.000 31.361 24.597 0.93800
0.000 29.930 24.060 0.88860
0.000 32.067 24.226 1.13519
0.152 31.125 24.322 1.66656
0.000 30.434 23.868 2.08370
0.000 30.304 24.218 2.03229
0.000 28.471 23.301 1.82817
0.003 29.174 22.885 1.19630
0.000 29.426 23.610 1.56493
0.000 28.361 22.925 1.20991
0.140 28.875 23.650 0.75396
0.765 30.551 24.340 1.19454
0.000 29.331 23.882 1.60497
0.000 28.840 24.041 0.72433
0.000 29.779 23.931 1.13043
0.000 28.688 23.139 2.22926
0.000 28.207 22.597 2.38328
0.000 27.159 22.601 1.74164
0.000 29.009 24.067 1.06186
0.000 29.748 23.591 1.51137
0.000 27.952 23.137 2.14971
0.000 29.666 23.824 2.21316
0.000 29.534 23.567 2.10358
0.000 28.152 23.962 2.27789
0.000 26.971 23.295 2.57272
0.000 29.770 23.367 2.26417
0.000 27.552 22.640 1.83635
0.000 29.455 23.756 1.40599
0.000 30.424 23.710 1.88295
0.000 30.099 23.456 0.98421
0.035 31.763 24.667 0.89366
0.000 29.866 24.275 1.73410
0.000 28.204 23.002 1.94014
0.000 29.554 23.385 1.11111
0.000 28.467 23.644 1.61359
3.465 29.541 23.335 1.06283
0.107 27.310 23.772 2.47975
0.000 26.303 23.053 1.98459
0.000 27.579 23.295 1.26980
0.000 30.045 23.555 0.84676
0.000 31.318 23.829 0.80142
0.000 30.003 23.522 1.01947
0.000 32.125 24.674 0.69560
0.000 30.563 17.886 3.42122
0.000 31.361 18.635 3.50542
0.000 31.820 19.127 2.81407
0.000 32.545 18.970 2.04004
0.000 31.323 18.080 1.77252
0.000 33.361 19.668 2.05027
0.000 33.159 18.768 2.46404
0.000 33.511 18.074 2.12857
0.000 33.680 18.610 1.49137
0.000 34.064 18.578 1.04234
0.000 34.247 17.932 2.85334
0.000 33.077 18.617 1.80471
0.000 33.830 18.763 2.16145
0.000 33.140 18.300 1.55384
0.000 33.731 19.180 1.22016
0.000 34.064 19.346 1.44148
0.000 33.824 18.807 2.61371
0.000 32.518 17.299 4.04580
0.000 32.346 17.924 2.95801
0.063 33.498 19.418 1.16974
2.653 32.561 20.907 1.99675
0.000 32.286 20.975 1.90480
0.000 33.395 20.387 1.90635
0.000 34.212 19.535 1.01853
0.000 35.173 21.285 1.05433
0.000 35.122 21.833 1.19952
0.000 35.439 20.375 1.59698
0.000 35.684 21.705 0.90983
0.000 36.121 23.696 1.39213
0.000 35.981 23.558 1.70651
0.000 35.476 22.484 1.85417
0.000 34.793 22.097 1.90854
3.868 32.383 20.409 2.34153
0.897 30.687 18.342 2.76604
0.000 25.399 16.570 3.81973
0.000 33.438 17.360 3.47616
0.000 34.142 20.249 1.75868
0.000 35.370 22.399 0.89117
0.000 36.064 24.033 1.29480
0.000 36.469 23.711 1.59238
0.400 36.516 24.128 1.17918
0.785 35.958 24.697 1.34888
1.235 33.612 23.361 1.40949
0.448 35.759 23.879 1.80847
15.092 31.123 19.478 2.94360
1.025 31.719 20.039 1.90674
1.090 31.963 22.455 1.73011
0.000 33.651 23.024 1.56591
0.000 36.067 24.041 1.90453
0.000 34.738 18.900 2.56354
30.807 26.494 15.750 3.55872
0.000 26.467 15.062 4.06725
0.000 31.768 16.003 3.80077
0.000 30.831 16.055 5.74245
0.000 31.126 15.462 5.22873
0.000 32.542 16.029 4.20883
0.000 34.518 18.740 3.52942
0.000 34.579 20.066 2.60995
0.000 36.029 21.718 1.39781
0.000 37.164 22.978 1.82309
0.000 36.876 22.933 2.06885
0.000 37.462 22.927 1.38756
0.000 38.231 24.370 0.94640
1.217 37.608 25.543 1.84570
4.018 33.366 25.519 1.37088
7.650 32.120 21.158 2.99443
0.000 32.383 20.683 1.55909
0.000 36.233 22.033 1.52638
0.000 37.854 23.064 1.98822
0.000 37.552 23.739 1.75128
0.000 38.415 25.134 1.37129
0.000 39.607 26.509 1.58729
0.000 39.264 27.282 2.05795
0.000 36.173 26.870 1.16525
1.862 30.781 24.829 1.33191
5.435 33.890 25.551 0.93824
51.527 32.074 23.625 1.02345
0.255 35.325 24.484 1.06358
0.000 31.563 24.004 1.88575
1.987 31.162 23.670 0.93098
0.000 32.926 24.456 1.59474
2.495 31.788 23.528 1.79229
0.503 32.237 24.061 1.60554
0.093 32.362 24.499 1.85548
0.000 33.534 24.567 1.47357
22.928 34.446 23.167 1.26339
8.887 31.096 22.703 2.03539
3.530 33.027 23.406 1.72727
0.125 33.895 23.476 1.57895
0.310 35.950 22.954 3.80061
6.908 30.565 18.269 6.60425
35.512 21.575 15.987 6.34063
5.357 26.340 15.680 4.61804
0.497 27.682 16.947 3.31427
0.000 31.765 19.631 3.10731
0.000 32.266 18.808 3.27050
0.003 32.367 18.623 3.46101
0.000 32.043 18.574 2.28016
0.000 32.909 19.255 1.62082
0.000 34.591 21.422 1.05934
0.000 35.016 23.913 0.96538
0.000 34.202 24.359 1.31162
0.000 36.351 24.169 1.70875
0.000 36.106 24.665 1.62085
0.000 36.659 25.097 1.63245
29.530 34.005 25.091 1.95101
0.000 31.671 24.483 1.53527
1.120 28.289 21.294 2.67569
0.000 33.561 20.853 2.49611
0.000 34.649 22.352 1.55421
5.573 34.663 24.861 1.36090
11.793 32.628 24.328 1.73626
0.337 32.869 24.273 1.46333
0.000 35.934 25.482 1.50746
0.000 34.012 25.652 1.79833
0.590 34.592 25.701 2.15094
0.040 36.707 26.715 1.23662
12.380 35.359 26.104 1.45831
8.107 32.860 25.328 1.08556
14.525 31.727 24.165 1.37866
27.520 33.546 20.695 2.74056
9.140 26.784 18.962 5.05362
3.252 29.198 19.386 3.96529
0.095 30.779 19.832 2.49051
18.630 33.375 22.664 1.39443
1.693 29.531 23.656 2.24321
2.788 31.139 24.289 1.73189
1.220 30.460 24.127 1.65942
3.530 31.180 24.347 1.34679
0.888 31.946 24.603 1.47410
0.110 31.444 24.588 1.72345
5.053 31.480 25.008 2.46628
17.605 31.229 24.772 1.81062
1.248 31.260 25.170 1.56604
44.010 30.618 25.007 0.99597
17.185 30.158 23.214 1.33593
1.012 31.789 23.976 1.36468
14.507 28.919 24.212 0.89557
17.900 28.731 24.052 1.55993
5.712 29.459 23.918 2.34676
14.505 29.433 24.144 2.90253
3.655 30.550 23.669 3.35300
0.068 29.960 24.134 2.70372
15.113 29.349 24.057 2.23104
3.965 31.350 24.167 1.97328
1.742 29.817 24.122 2.71370
2.255 28.042 23.474 2.97479
3.272 30.852 23.465 2.58090
0.500 30.715 23.160 2.38067
0.892 29.689 23.658 2.22093
1.100 29.669 24.049 1.18817
8.010 30.956 24.626 1.31127
2.965 30.025 24.370 1.87685
10.317 29.163 23.606 2.48027
8.695 29.052 23.632 2.72723
4.840 28.851 23.901 2.03795
0.355 27.787 23.833 2.51987
2.142 30.641 23.636 2.33648
0.000 29.508 23.871 1.93125
0.253 29.355 23.787 1.59797
0.313 28.853 24.587 2.21558
0.758 29.541 23.690 1.40467
2.800 31.150 23.896 1.73020
0.000 29.992 23.894 1.42145
0.520 30.280 23.359 1.72213
2.120 29.873 23.983 1.16119
5.023 28.990 23.241 1.41707
1.748 30.580 24.328 1.82030
0.000 30.556 24.012 1.78172
5.180 30.829 23.541 2.06475
0.000 31.699 23.784 2.29204
44.240 30.856 24.356 2.04285
0.780 29.357 23.700 1.84085
11.332 29.934 23.996 1.29155
2.137 30.410 23.539 1.55055
6.035 30.917 24.396 1.40763
13.758 29.978 23.848 1.14675
8.225 31.516 24.225 1.50189
0.065 31.561 24.400 1.98740
0.000 29.502 24.843 2.12307
0.017 29.374 24.786 2.92873
3.240 28.743 24.406 2.74355
7.570 27.779 23.963 2.65444
1.067 30.511 24.523 2.90296
0.560 29.738 24.356 2.85800
2.548 30.941 24.356 2.66408
10.880 31.049 24.735 2.13071
40.675 29.405 24.553 1.99182
24.593 29.503 24.041 2.40482
0.393 29.229 23.628 2.46547
30.817 28.950 23.999 2.54582
33.350 27.541 24.041 2.50241
47.588 27.512 22.972 2.72092
6.453 27.548 23.663 2.85989
1.152 27.708 24.148 2.36717
0.458 29.231 24.095 1.57889
29.660 30.460 23.935 1.97142
3.602 30.480 24.388 1.99351
3.995 30.096 24.621 2.21209
5.125 29.625 24.609 2.00372
5.370 29.635 24.235 2.01313
19.642 28.575 22.952 2.16643
0.000 30.323 23.814 1.32418
1.145 28.184 23.084 1.05983
6.120 30.625 23.726 0.82112
4.897 32.332 24.168 0.97809
16.802 32.083 24.314 1.18775
0.883 31.661 24.688 1.16689
1.767 30.313 23.896 1.47575
0.600 31.550 24.382 1.85003
0.165 30.742 24.618 1.92118
3.800 29.357 24.577 1.40355
0.000 28.691 23.603 1.85501
0.860 30.013 23.725 2.11916
41.915 30.091 23.440 2.20070
9.932 29.436 23.902 2.53650
1.990 28.982 23.655 2.77948
40.130 29.363 23.536 2.51873
15.297 28.246 23.765 2.43002
0.677 27.669 23.265 2.93770
1.943 27.856 23.100 2.96255
0.825 27.901 23.481 3.19613
1.428 27.415 23.505 3.20215
0.510 29.982 22.748 2.47338
0.000 30.885 23.489 1.53779
3.478 31.374 24.034 1.59874
10.327 30.224 23.312 2.42770
9.278 29.383 23.747 2.58844
15.600 29.164 23.715 2.64717
0.000 29.752 24.239 2.42337
36.073 29.051 24.584 2.45316
48.398 27.590 24.028 3.05525
3.148 28.484 23.835 2.66178
0.163 30.178 23.482 2.07081
16.598 30.327 23.919 0.90685
26.545 29.110 24.137 1.86303
5.705 27.256 23.824 3.24558
5.070 28.025 23.478 2.68842
0.440 31.343 24.086 1.04011
5.045 32.189 24.972 0.76169
0.322 30.895 24.822 1.41204
3.488 31.162 25.235 0.70897
5.662 29.510 24.233 0.91686
3.248 33.252 24.759 0.83584
10.288 28.497 24.563 1.15924
5.165 28.660 24.036 1.34627
1.147 29.348 23.804 1.74485
12.915 29.361 23.786 1.99795
43.148 28.476 23.851 1.53150
20.887 29.967 23.533 0.83770
10.217 30.118 24.190 1.33744
0.525 28.155 23.804 1.66735
1.213 30.027 24.516 1.03584
0.510 29.812 22.664 1.82715
30.642 28.518 22.628 0.83710
0.038 31.108 23.870 1.21686
0.825 29.686 24.076 1.42975
1.390 27.919 23.756 1.75482
79.685 28.575 23.654 2.21845
63.593 28.358 23.521 2.28827
32.582 29.829 23.413 2.23233
42.198 28.175 23.402 2.38506
4.468 27.523 23.277 2.35880
6.240 27.603 22.564 1.26890
15.017 26.533 22.920 1.97241
5.877 28.296 23.671 1.50586
33.592 27.695 23.539 1.52767
16.600 28.188 22.813 0.99278
15.655 29.576 23.298 1.25695
21.917 28.939 23.117 2.03814
108.575 26.379 22.943 5.31356
0.860 28.162 23.167 3.61194
1.178 29.592 23.419 1.93291
29.820 28.877 23.856 1.33978
33.608 29.717 23.069 1.13643
23.230 29.876 23.609 1.17672
0.000 29.204 22.990 1.11400
9.765 30.066 23.344 1.22892
2.267 28.927 22.633 1.11822
7.930 30.038 23.298 1.47235
11.065 29.278 22.920 1.40156
0.290 28.231 23.435 2.23458
0.155 27.577 20.566 2.93941
0.000 28.602 19.967 2.52109
0.000 28.823 19.473 2.41870
0.023 27.380 19.772 2.65073
5.793 25.457 19.853 2.70761
1.713 23.430 19.890 3.22392
0.000 28.085 20.314 2.75484
0.000 27.926 19.044 2.72343
0.000 28.393 19.177 3.04756
0.000 27.419 17.295 3.14215
0.000 27.875 17.997 2.31635
0.000 29.139 19.918 1.92029
0.002 30.052 21.644 2.53981
0.000 29.071 21.290 2.08148
0.000 30.241 20.672 1.84776
0.222 30.304 21.810 2.42603
0.073 30.402 23.286 1.95038
2.132 29.571 21.718 2.32652
0.015 29.073 20.120 3.18012
0.000 28.951 20.006 3.35721
0.000 28.866 19.674 3.28482
0.000 28.611 17.827 3.33838
0.000 27.322 16.440 2.81565
0.000 27.388 15.364 2.11460
0.000 28.086 15.219 2.03646
0.000 27.436 17.392 2.34736
0.000 26.165 20.522 1.97205
0.000 28.800 19.889 2.49380
0.000 28.979 18.102 2.58805
0.000 28.225 19.179 2.72623
0.000 29.575 20.970 2.51761
0.000 30.545 22.003 2.45060
0.000 30.760 22.242 2.19680
0.080 30.440 21.659 2.19361
10.465 30.205 22.636 1.69393
5.678 29.888 23.228 1.31077
4.890 30.517 22.996 1.07059
1.282 29.856 22.147 0.99287
0.000 31.410 23.228 1.10615
6.388 30.198 23.477 1.33559
0.805 31.089 22.928 2.64557
10.420 29.085 22.733 2.47544
0.015 29.002 22.435 2.14627
2.225 29.581 23.071 1.75971
13.640 27.744 23.330 1.71674
0.000 30.506 22.796 1.92630
0.000 30.863 23.489 1.30132
0.415 29.350 22.398 1.14920
0.000 30.632 22.788 0.95035
0.000 30.636 22.921 0.70550
0.000 31.416 22.595 0.88053
0.000 31.863 23.675 1.28141
0.062 31.069 19.400 2.66285
0.030 29.593 18.555 3.49902
0.078 30.378 18.966 2.66871
0.830 31.030 21.004 3.27166
0.150 30.605 18.586 4.18828
0.060 30.037 18.935 3.28057
0.000 30.251 19.359 2.82732
0.000 30.196 20.161 3.03480
0.000 31.283 20.319 2.67540
0.000 31.303 19.688 2.84704
0.000 30.312 18.289 3.24323
0.000 28.152 14.963 3.96058
0.000 27.271 14.191 3.72076
0.000 27.503 13.762 3.71868
0.000 28.439 14.271 2.19290
0.000 31.121 16.886 3.23897
0.000 29.125 15.111 6.84444
0.000 24.463 11.867 5.20054
0.000 26.482 12.315 3.53811
0.000 29.317 14.836 2.53113
0.000 30.898 15.937 4.08720
0.155 29.739 15.797 3.18386
0.000 30.030 16.400 3.05294
0.000 29.099 15.749 3.67737
0.000 28.454 16.165 2.86598
0.000 29.921 15.963 2.83919
0.000 30.343 16.995 2.04183
0.000 31.143 18.236 3.04290
0.000 29.834 16.464 4.38978
0.000 29.557 14.742 4.13841
0.207 29.168 15.201 4.25470
