0.000 29.948 13.627 2.17020
0.000 31.807 15.166 1.83896
0.000 33.515 17.540 1.60611
0.000 33.868 18.594 1.94620
0.193 33.993 19.785 1.76025
0.000 33.769 17.542 2.85824
0.000 31.809 16.379 2.79799
0.000 32.426 17.068 2.43014
0.000 33.771 18.046 1.49604
0.000 34.200 18.277 1.27014
0.000 34.689 19.075 1.18051
0.000 35.339 19.804 0.96682
0.000 35.921 19.010 1.17662
0.000 34.009 19.690 2.28051
0.000 33.672 20.776 1.18124
0.000 34.905 21.838 0.80708
0.000 36.132 20.590 1.29375
0.000 36.155 18.664 2.23919
0.000 33.253 18.308 3.24877
0.000 33.525 15.666 4.02572
0.000 29.686 13.806 3.71242
0.000 29.880 12.833 4.22235
0.000 27.534 12.510 3.82975
0.000 28.893 12.911 2.87840
0.000 29.428 13.757 2.48763
0.000 31.444 14.966 2.52867
0.000 31.520 15.250 3.03395
0.000 32.242 15.549 2.12573
0.000 33.234 16.335 1.96367
0.000 33.491 17.572 2.10254
0.000 33.963 19.119 1.89016
0.000 34.681 17.203 3.45716
0.000 33.235 17.815 3.51680
0.218 32.741 20.137 2.01190
0.000 32.129 21.032 1.38979
0.000 35.893 22.503 1.24117
0.000 35.829 24.065 0.96803
4.284 36.157 23.790 1.48278
4.091 34.715 22.927 1.65948
2.424 34.128 22.978 1.81387
6.859 34.940 21.962 2.57379
0.000 34.551 22.411 2.22692
0.633 35.893 22.749 1.78277
0.548 35.830 23.924 1.72965
6.302 33.561 23.201 1.14238
0.047 34.645 23.638 1.45623
0.378 35.325 23.070 1.57066
0.140 36.109 23.094 1.86927
0.000 37.220 21.941 2.34637
0.000 37.274 20.045 2.12573
0.000 37.338 21.499 1.77768
0.000 37.330 19.920 2.31788
0.000 36.707 19.756 3.31443
0.000 36.472 20.030 3.23092
0.000 37.154 19.716 1.94684
0.000 38.156 21.445 1.75366
0.000 35.972 22.738 1.93728
0.000 34.041 18.930 3.36174
0.000 34.763 19.035 3.85001
0.000 33.832 17.153 4.04825
0.000 33.785 17.779 3.46131
0.000 34.082 17.682 3.86350
0.000 35.079 18.444 1.66460
0.000 36.096 22.425 2.12862
0.000 36.627 22.237 2.37945
0.000 37.782 22.475 2.46293
0.000 38.855 22.758 2.50647
0.004 40.308 24.862 2.21766
7.398 34.017 23.878 1.81811
8.854 32.451 23.485 1.87062
9.691 34.420 23.427 1.63202
0.830 32.980 24.028 1.29022
5.723 27.987 19.559 2.62892
0.383 28.760 19.794 2.27914
0.003 35.117 21.625 2.07181
3.989 32.834 20.655 2.75246
0.059 30.235 21.166 1.26599
0.043 35.510 22.315 2.05611
0.164 34.392 22.733 2.43674
1.015 32.657 22.884 2.04024
14.165 30.738 21.550 1.55916
23.379 23.864 15.520 4.88785
0.949 26.012 15.904 3.41370
0.000 30.690 17.844 2.26180
0.344 32.866 20.282 3.49440
19.281 26.167 20.515 2.93888
0.165 29.263 20.896 2.20436
0.075 33.096 21.958 1.43906
9.567 33.788 22.326 1.17779
1.252 34.358 21.967 1.96335
0.000 36.069 22.891 1.73599
1.773 35.932 22.541 2.01054
0.067 36.482 23.642 1.40313
0.205 36.434 23.926 1.44680
0.108 37.364 23.994 1.74699
2.111 36.826 22.869 2.47192
0.000 38.661 20.823 2.34494
0.000 38.813 21.642 2.33150
0.000 38.634 21.798 2.31997
0.000 39.210 22.601 2.43297
0.000 39.559 23.568 2.53757
0.014 39.670 25.128 1.99324
2.072 37.582 24.236 2.46709
13.850 33.024 22.352 2.25616
0.088 35.878 22.521 1.65183
0.573 36.938 24.382 1.17734
0.469 38.156 24.579 2.08009
0.502 34.933 24.057 2.02872
1.447 36.733 23.787 1.93676
0.010 35.356 24.885 1.65835
0.734 35.650 24.850 1.45979
5.957 35.380 24.317 1.73318
2.158 35.516 24.333 1.73021
0.049 37.658 24.807 2.28892
0.003 36.861 25.114 2.34760
0.053 35.780 25.938 1.69037
3.481 33.040 25.231 1.09977
5.454 36.724 24.713 1.48668
0.009 36.242 24.774 1.83061
0.343 36.938 25.169 2.14681
0.100 38.988 24.322 2.82853
0.033 39.364 25.136 3.22838
2.454 38.242 25.607 3.27151
0.000 38.730 23.875 2.92491
0.000 39.378 26.377 1.46696
8.263 35.534 25.238 1.93520
16.299 30.275 23.602 1.76724
13.474 29.430 23.758 1.98401
13.013 29.837 23.588 1.63320
16.558 30.983 24.092 2.80149
7.956 29.908 23.994 2.45077
0.779 31.634 23.865 1.83738
0.049 30.728 24.029 1.53008
0.299 33.653 24.457 1.56700
0.468 32.426 24.003 1.82773
0.985 31.527 24.327 1.86661
3.955 30.778 24.457 1.02713
45.357 29.961 23.191 1.19674
26.824 30.610 23.040 1.50478
10.473 31.110 23.355 2.00198
10.049 31.246 22.691 1.75825
0.957 32.246 23.978 1.60703
0.257 31.556 24.239 1.46208
0.014 31.510 24.262 1.41347
0.076 31.408 24.414 1.30329
0.476 32.279 24.759 1.57358
2.596 30.697 24.204 1.00804
7.635 30.880 23.210 0.90711
0.680 32.093 23.691 1.54922
12.815 31.905 24.452 2.44425
1.521 30.105 23.901 2.80111
9.566 31.140 24.383 2.38859
3.710 29.679 23.464 3.07841
5.401 30.610 23.750 2.54905
6.260 31.712 23.810 2.48895
1.269 30.395 24.105 2.00107
0.699 29.633 23.648 2.06320
1.547 30.341 24.465 2.18888
6.179 28.619 23.844 2.28499
7.250 29.039 23.742 2.37983
3.597 29.811 23.092 2.08784
0.690 30.790 23.683 2.05675
1.203 29.250 23.832 2.32143
5.283 30.496 23.353 2.96633
1.180 29.721 23.792 3.03831
5.571 28.833 23.289 3.52573
0.807 29.422 22.948 3.34074
0.419 31.156 23.072 3.69616
0.486 30.835 22.764 3.67646
0.873 28.833 22.742 3.30711
0.906 31.627 23.218 3.58687
1.444 31.243 23.830 3.05883
5.873 27.996 23.653 2.15867
4.961 28.177 23.059 1.96876
0.453 27.822 23.104 2.36404
2.633 28.833 23.108 2.88668
0.679 30.170 23.037 2.95024
49.112 29.851 22.864 1.75329
15.570 28.548 22.706 1.30516
34.896 29.301 23.099 2.81274
17.551 27.127 22.346 2.74251
11.612 29.914 22.652 1.55999
0.002 30.638 23.221 0.89951
0.365 31.535 23.757 2.62124
2.902 29.519 23.317 2.51187
0.917 29.478 23.369 3.44210
0.828 29.272 22.957 3.30770
0.309 30.387 23.594 2.96547
0.632 30.101 22.935 3.40462
1.331 29.005 22.943 3.06572
4.042 30.602 23.211 3.49243
1.912 28.417 22.613 3.88281
1.596 29.340 21.942 4.02544
0.134 30.625 23.027 3.74832
2.830 30.424 23.370 3.10207
3.912 29.286 23.333 2.63465
1.631 28.485 23.124 3.17202
0.384 28.549 23.094 3.29408
2.073 28.990 23.148 3.56851
2.245 28.873 22.763 3.63210
1.198 30.586 22.679 3.07422
1.144 32.003 22.472 3.12453
2.036 31.250 23.090 3.15686
4.814 30.227 22.703 3.17130
0.141 30.684 23.182 3.65627
0.068 31.047 23.142 3.71753
0.153 30.841 23.207 4.30749
1.081 31.539 23.011 4.18624
0.831 28.884 22.941 4.33058
0.252 28.652 23.115 3.97226
1.226 29.733 22.911 4.63351
9.239 29.776 23.093 3.93494
2.795 30.727 23.330 2.90737
0.760 30.285 23.370 2.92851
21.180 29.865 23.236 3.25381
2.997 29.413 22.856 3.49625
1.253 31.312 22.709 3.30951
1.404 29.094 22.280 3.61777
7.132 30.102 22.750 3.09258
4.129 29.123 22.588 3.09314
3.947 29.395 22.279 3.10074
4.109 28.689 22.501 2.78061
0.000 30.734 22.739 2.32085
0.064 31.566 23.212 2.73797
0.216 31.364 23.442 3.20393
0.504 30.787 22.992 3.73159
12.257 27.941 22.817 3.85745
4.437 29.588 22.712 3.34873
1.797 30.895 22.283 3.14661
2.994 30.179 22.403 3.22066
16.972 27.723 22.576 2.43721
13.765 29.623 22.471 1.65198
3.108 30.332 23.310 2.24582
1.091 29.247 22.954 2.76744
2.948 29.269 23.001 2.97483
23.107 29.513 23.627 1.85183
14.776 27.615 23.331 1.64087
4.086 26.954 21.308 2.56351
1.669 30.747 22.900 2.48913
0.648 29.844 22.759 3.13944
1.458 28.777 22.829 2.70358
30.914 28.641 22.238 1.86635
40.715 29.017 21.718 1.83221
3.627 30.056 22.145 1.41074
2.565 30.361 23.546 0.87421
24.427 29.948 23.392 1.07428
2.980 30.528 23.305 1.81654
1.239 28.369 23.665 2.65249
8.341 28.935 23.520 2.66330
2.555 28.379 23.420 1.53834
1.724 28.925 23.493 1.87824
0.669 29.303 23.331 1.80570
5.563 28.493 23.480 1.87829
0.621 27.933 22.120 1.96384
11.990 29.630 22.288 1.38880
7.866 29.551 22.001 0.88365
23.538 30.288 22.925 1.75044
26.277 29.428 22.777 1.72209
22.108 28.736 22.809 1.62194
6.703 27.920 21.477 2.47034
7.570 28.365 21.730 2.26533
0.555 28.631 21.841 2.48039
0.096 28.919 22.466 2.25719
1.289 29.335 22.972 1.75440
0.662 29.848 22.924 1.87159
3.980 29.665 22.948 1.15374
8.205 28.330 22.682 1.12600
1.396 27.219 22.441 0.96285
5.830 28.935 22.426 0.96050
9.487 29.852 22.845 1.19700
1.926 29.699 21.555 2.47373
0.487 29.393 21.142 2.72589
0.235 29.241 21.789 2.16212
2.327 29.180 21.784 1.87987
4.161 30.135 22.403 1.83338
1.847 29.859 21.963 1.72046
3.400 29.481 22.023 1.42043
2.328 29.418 21.180 1.37570
0.799 29.336 20.156 1.47769
1.075 29.424 19.544 1.83560
0.287 29.885 21.547 1.48978
0.737 30.168 21.919 1.55916
0.133 30.346 22.024 0.81658
1.771 29.433 22.263 0.99197
25.159 27.936 21.839 1.23025
0.148 28.463 21.342 1.26078
1.058 29.521 21.815 1.33572
0.378 28.523 22.590 0.93806
2.077 29.157 21.488 0.68489
6.482 29.050 21.899 1.52593
0.297 28.875 21.102 2.25409
0.508 29.474 22.042 2.78567
0.083 25.568 15.024 5.42719
0.000 24.375 13.481 4.34605
0.000 23.970 12.472 3.85806
0.000 23.797 12.917 3.45906
0.000 24.252 13.329 2.95904
0.000 25.355 13.655 2.67422
0.000 25.570 15.019 2.42665
0.000 27.488 16.017 1.86333
0.000 28.355 17.574 1.83313
0.000 28.004 17.370 2.58908
0.000 27.564 17.254 3.16440
0.000 27.207 16.888 3.44080
0.000 26.914 16.388 3.68626
0.000 26.915 15.817 3.36661
0.000 26.710 14.713 3.12043
0.000 26.364 15.709 3.27427
0.000 27.659 16.611 2.82981
0.000 27.693 16.524 3.20693
0.000 27.686 15.812 3.40859
0.000 27.492 15.807 3.43585
0.000 28.061 16.638 3.25748
0.000 27.479 15.887 3.08306
0.000 28.569 17.042 2.02332
0.000 29.547 18.209 2.23908
0.000 29.630 18.126 2.70406
0.000 29.152 18.362 2.77175
0.000 29.502 19.099 3.08444
0.000 29.577 20.020 2.99147
0.361 30.104 19.936 3.08694
0.000 29.924 19.442 2.93239
0.000 30.213 19.472 2.80874
0.000 30.799 19.274 3.18706
0.000 30.393 19.302 3.49815
0.000 30.653 18.812 3.81536
0.000 29.673 18.415 3.96821
0.002 29.462 17.023 3.41894
0.000 29.888 17.758 2.26157
0.000 30.402 18.435 2.06624
0.048 30.807 19.267 1.35535
0.001 31.775 20.618 1.09490
0.356 31.500 21.881 1.22599
0.055 30.444 22.014 1.01858
1.729 31.103 21.947 0.90822
3.741 29.878 20.773 0.92094
6.408 29.558 18.037 3.19229
0.000 29.334 17.334 4.36350
0.000 29.111 17.392 3.53805
0.008 29.223 17.930 2.40553
0.000 29.375 18.688 2.02328
0.000 30.435 19.147 1.65863
0.000 31.479 18.732 1.29624
0.000 32.367 17.673 1.08925
0.000 32.364 17.485 1.21373
0.000 31.576 18.192 1.28256
0.070 31.624 17.863 3.54194
0.000 28.863 18.046 2.58313
0.000 30.962 19.096 2.76383
0.000 31.554 18.669 3.04492
0.000 31.493 17.795 3.82613
0.000 29.627 17.268 4.73589
0.000 30.231 17.475 4.09885
0.000 29.397 15.114 4.61962
0.000 26.888 12.845 4.58656
0.000 28.296 13.147 3.24859
0.000 28.866 14.281 2.55169
0.000 29.761 14.619 2.27031
0.000 30.342 14.648 1.83033
0.000 31.556 14.893 1.37589
0.000 31.536 15.073 2.32645
0.000 29.805 14.684 2.82198
0.000 28.902 14.590 2.16105
0.000 30.619 15.411 1.51645
0.000 31.013 16.704 2.52491
0.000 30.434 18.554 2.27710
0.000 30.748 19.093 1.97522
0.000 31.976 18.126 1.87185
0.000 30.021 13.187 4.25120
0.000 26.702 11.483 4.41861
0.000 25.979 11.315 3.48241
0.000 27.099 11.316 2.33451
0.000 28.895 12.153 2.27752
0.000 29.728 13.117 2.12181
0.000 31.300 14.258 1.22249
0.000 32.785 15.427 1.16576
0.000 32.912 16.179 2.15139
0.000 31.438 16.704 3.04818
0.000 30.979 16.672 2.68359
0.000 30.268 14.962 3.25602
0.000 30.247 15.311 3.44949
0.000 30.560 15.090 2.89591
0.000 30.447 15.707 2.37750
0.000 31.993 16.343 1.88948
0.000 32.726 17.256 1.16849
0.000 33.591 18.250 1.38050
0.000 32.904 20.134 1.71865
0.000 33.660 21.327 1.13185
0.000 32.627 18.770 2.92047
0.038 29.716 18.868 2.18099
0.000 32.248 20.246 2.17866
2.152 32.405 17.349 2.50290
0.637 28.450 15.973 4.00605
0.000 29.214 16.253 3.62114
0.000 30.740 15.206 3.83741
0.000 30.360 12.476 4.95384
0.000 27.878 11.828 4.85738
0.000 27.400 12.085 3.91271
0.000 29.225 12.918 3.40248
0.000 28.260 11.715 4.96447
0.000 26.727 12.192 4.05050
0.000 26.990 12.250 3.48702
0.000 28.489 13.129 2.15394
0.000 32.014 14.362 1.15477
0.000 32.770 15.522 1.60795
0.000 32.267 16.985 1.80435
0.001 33.318 20.367 1.40998
0.000 34.323 20.861 1.39014
0.000 35.171 21.098 1.80059
0.000 36.228 20.290 1.78852
0.000 36.871 21.627 2.37762
0.058 36.113 21.364 2.27161
0.000 36.634 20.831 3.07082
0.000 36.036 18.146 2.51376
0.000 36.258 18.750 2.10998
0.000 36.814 20.186 1.84829
0.000 36.680 20.457 2.46959
0.000 36.780 22.152 1.61132
0.208 35.770 24.030 1.57286
3.759 33.324 22.870 1.90087
0.908 32.593 21.241 2.29193
0.245 33.588 21.367 1.81798
0.023 35.954 22.241 1.53376
1.253 34.883 22.998 1.39976
0.000 36.431 20.394 1.72130
0.000 37.368 20.947 1.99805
0.000 36.708 19.875 3.18771
0.000 32.929 17.242 5.19032
0.000 29.661 17.726 1.76834
0.000 34.634 21.188 1.30553
0.000 36.966 23.908 1.53192
0.000 37.563 23.740 2.27406
0.000 39.431 24.792 2.19040
0.026 38.658 25.737 2.83119
0.000 35.891 24.702 2.33460
0.000 39.583 25.581 2.12545
0.000 39.106 24.828 2.08763
0.000 39.186 23.944 1.93005
0.000 39.438 23.390 2.02654
0.000 39.492 23.986 2.94653
0.000 39.314 25.240 1.77070
5.502 33.312 19.998 4.60199
0.000 32.108 20.129 2.40892
0.000 34.168 21.102 2.26946
0.000 37.610 22.827 1.94605
0.110 38.387 24.640 2.02840
0.004 35.387 24.645 1.99211
2.696 37.571 25.196 2.38658
20.997 35.972 16.693 3.61650
0.000 29.396 17.149 2.09320
0.001 34.406 21.797 1.36598
2.019 31.558 22.839 2.03786
7.342 34.311 23.034 2.06851
0.002 35.616 22.955 2.53648
0.006 37.299 23.644 2.02246
0.001 38.377 24.565 2.00954
0.002 38.990 26.064 1.77506
0.717 32.444 24.922 1.90310
24.782 31.521 23.199 1.02269
0.001 32.831 23.439 1.18709
0.877 35.919 24.947 1.12382
3.508 33.912 24.443 1.03521
0.848 34.111 22.892 1.91541
0.000 36.381 24.278 1.24743
0.000 37.750 24.723 1.67570
0.006 38.705 24.980 1.55576
0.270 38.412 24.340 2.34604
0.050 36.416 23.775 2.73486
0.028 37.255 24.745 2.63426
0.000 38.881 24.577 2.40225
0.102 38.348 25.455 2.03587
1.180 37.646 25.457 2.05146
0.068 36.796 25.349 1.40443
4.573 38.912 26.101 1.37338
1.068 35.832 24.890 1.52622
0.000 38.134 25.683 1.88760
0.107 38.717 26.292 2.19772
0.000 39.029 26.606 2.33601
4.465 36.331 24.763 2.02045
1.750 38.910 26.226 1.30279
0.198 37.685 26.194 1.73871
1.629 38.932 25.137 1.84269
0.009 37.210 25.415 1.92484
0.002 39.592 26.727 1.26468
0.207 37.790 25.750 1.32434
3.182 37.451 25.474 1.57663
0.116 37.933 26.445 1.31615
4.603 37.738 25.521 1.17771
21.928 35.325 22.881 1.58926
2.287 27.598 22.539 3.05794
0.001 35.190 24.157 2.02037
11.726 35.368 24.956 1.93442
8.719 32.444 24.290 1.52695
0.360 32.164 24.103 1.65166
40.503 31.537 23.266 1.40526
1.053 30.533 22.979 1.79381
2.082 28.696 22.900 1.88382
17.821 29.973 23.272 1.71590
0.912 30.267 22.925 2.97610
3.293 28.987 23.469 2.61620
0.815 31.891 22.817 2.88814
5.381 33.125 23.025 2.74060
2.339 34.129 22.059 3.39783
1.130 34.088 23.361 3.09469
0.196 35.743 23.373 2.62895
0.000 37.114 23.521 2.19062
0.001 37.029 24.734 2.09046
0.041 35.433 24.662 2.43285
0.096 34.843 24.353 2.47561
0.002 35.147 24.416 2.22965
1.061 33.772 25.278 1.86530
5.638 31.578 23.254 1.36031
18.668 33.136 23.351 1.31757
0.525 30.700 23.561 1.26098
0.168 30.738 23.005 1.92384
2.317 32.245 23.745 1.99653
3.034 30.542 23.861 2.05786
4.043 31.055 24.110 1.75277
5.902 32.833 23.380 2.56740
0.982 33.692 24.557 2.56479
0.147 30.422 23.889 2.70912
0.076 31.293 24.377 3.02158
1.077 32.449 24.410 3.36458
8.502 30.866 24.328 2.64604
7.683 29.477 24.045 2.76929
1.767 31.186 23.926 2.50966
40.029 30.785 24.143 2.23576
27.758 30.072 23.792 1.65495
2.566 30.952 23.801 2.05882
4.401 30.333 23.656 2.13044
0.227 31.383 23.967 2.31379
1.650 30.138 23.706 2.53589
2.427 30.269 23.581 1.99680
0.008 31.279 23.850 1.93993
31.697 30.152 23.438 1.86342
1.219 30.096 23.041 1.96799
0.111 28.977 23.306 1.96311
1.422 31.260 23.251 2.65263
1.876 31.515 23.889 2.16932
0.414 31.048 23.439 2.34636
1.232 30.694 23.641 2.62542
1.572 28.769 22.929 2.94641
0.013 30.578 23.678 2.63311
1.008 30.643 23.409 2.74461
6.994 30.579 23.203 1.99190
9.613 31.294 23.242 3.12664
5.308 29.675 23.527 3.56922
8.159 30.693 23.827 2.45324
13.932 29.556 23.112 2.10791
3.580 29.011 22.389 2.26531
23.820 29.502 22.644 1.63801
2.541 29.717 22.708 1.31888
12.767 29.549 22.960 1.49797
2.059 27.410 22.087 1.36543
7.027 30.543 22.769 1.70777
13.196 29.379 22.559 2.44516
1.452 30.582 23.174 2.79232
3.626 30.361 23.084 2.78481
0.027 29.644 23.423 1.99813
0.591 29.432 22.856 1.82645
11.760 29.005 22.876 2.42080
9.717 29.510 22.743 1.91470
4.330 28.334 22.941 1.09407
34.260 27.037 22.396 1.44211
11.062 27.920 22.033 1.46118
0.079 29.148 22.277 1.57459
7.654 30.504 22.677 1.78183
3.807 30.246 23.213 1.85279
9.318 29.257 23.178 1.82633
16.213 29.737 23.675 1.46588
11.090 28.406 22.740 2.37472
0.124 30.196 22.908 2.29056
0.207 29.845 23.071 1.90222
18.117 28.669 23.433 2.58738
6.242 27.961 23.361 3.63111
4.242 29.825 22.806 3.84953
1.983 28.586 22.439 4.06397
1.094 30.550 22.884 2.46993
0.142 29.025 23.521 2.04035
0.377 30.736 23.337 2.05195
29.655 29.904 23.676 2.15850
6.374 26.279 22.964 2.83803
23.937 28.451 22.974 2.44280
19.974 28.380 22.749 1.66441
16.508 29.359 23.019 1.28447
23.594 28.780 22.649 0.94248
15.826 29.186 23.264 1.10930
8.267 28.428 23.129 1.70206
12.925 29.661 23.267 2.53156
21.245 28.630 22.762 2.54676
12.163 28.509 22.311 2.00594
0.470 28.828 23.073 1.40699
0.167 29.295 22.573 1.00512
2.603 29.778 23.008 0.64607
5.428 30.915 23.120 0.79055
0.567 30.728 23.444 1.92449
26.350 28.911 23.518 1.66866
28.427 28.038 22.680 1.37093
1.595 29.350 22.881 1.30956
2.532 29.243 23.218 1.17729
6.312 28.886 23.163 1.04458
26.375 30.824 23.614 1.25208
4.583 29.882 23.685 1.37783
6.398 30.094 23.544 1.58032
0.328 29.974 23.370 2.23896
0.922 27.814 23.050 4.09825
5.863 27.571 22.813 4.38063
2.276 29.334 22.553 3.82333
3.105 29.619 23.015 2.52732
9.154 29.330 22.817 2.22204
23.348 29.174 22.614 1.83873
3.232 28.823 22.903 1.42116
0.156 29.368 23.269 2.30033
0.780 28.981 23.381 2.12368
8.164 28.402 22.826 1.64783
16.470 29.119 22.769 0.79371
5.644 29.882 22.159 0.89961
4.235 29.425 22.725 1.26470
17.785 29.963 22.839 1.80774
18.988 28.374 23.416 2.24332
9.692 28.800 23.630 1.49227
39.413 29.482 23.062 1.23773
17.252 29.854 23.042 1.27645
7.893 29.806 22.879 1.66241
11.111 29.630 23.602 1.77604
9.706 29.983 23.287 1.72801
0.938 30.456 22.017 1.93227
0.120 29.961 22.245 1.54112
2.941 29.703 22.991 1.50814
9.585 27.627 22.342 1.67928
0.415 30.259 20.073 1.50776
2.100 28.981 21.212 2.31399
16.022 28.701 21.996 2.24658
0.402 29.081 21.879 1.60858
0.054 30.561 22.447 1.55073
0.013 30.731 22.133 1.75421
2.402 30.753 23.043 1.82834
6.085 29.011 23.011 2.00884
9.753 29.064 22.477 1.13673
0.509 29.993 23.134 0.96832
3.351 29.564 22.599 1.51803
3.008 29.161 22.695 1.07373
10.424 29.847 21.246 1.22851
8.974 26.628 20.763 2.36703
0.250 29.431 21.303 3.21095
0.976 28.487 21.824 3.56645
3.653 27.757 21.668 4.33708
0.041 28.326 21.452 3.00669
0.001 29.256 21.773 2.49257
0.150 29.856 22.723 1.65478
9.919 29.352 22.763 0.90649
12.621 30.760 22.693 0.81680
15.492 29.831 22.778 0.88728
8.271 28.094 21.644 1.49940
1.028 28.673 21.181 1.54131
0.127 28.896 20.523 1.46946
0.102 29.426 21.584 1.54856
0.168 29.707 20.298 1.66923
0.001 29.738 19.556 1.78058
0.000 28.918 19.543 2.16704
0.000 27.949 19.964 2.80661
0.000 28.367 20.080 3.65948
0.000 26.740 17.311 3.81735
2.315 26.750 18.111 3.31164
9.544 25.407 19.558 4.32092
2.453 27.832 19.878 3.44515
0.241 28.497 20.840 2.80549
0.005 28.737 20.087 2.10180
0.008 28.356 18.168 2.23402
1.424 27.630 19.223 2.94362
7.353 26.054 19.154 3.85694
0.633 26.204 18.919 3.44230
0.002 26.563 17.313 2.84168
0.000 26.791 17.140 2.23901
0.000 27.838 18.442 1.70637
0.277 28.724 17.842 2.81821
0.002 24.464 16.049 3.34549
0.433 27.020 16.471 3.06821
0.179 28.548 19.158 3.36612
0.168 28.424 19.571 1.69467
0.102 29.921 19.650 1.36978
0.004 29.970 20.870 1.15179
0.331 27.672 15.834 3.26259
0.004 25.021 15.180 3.32115
0.000 25.822 15.591 2.75203
0.000 27.543 17.858 2.48826
0.000 27.498 17.253 2.90143
0.000 27.943 17.884 3.06668
0.000 28.355 18.998 2.87129
0.000 28.153 17.455 2.90332
0.000 28.040 17.625 2.65604
0.000 27.079 14.535 4.09791
0.000 24.117 12.730 3.41145
0.000 24.829 13.474 1.88505
0.000 26.348 15.049 1.33047
0.000 27.670 17.245 1.58717
0.000 27.943 18.091 1.92391
0.000 28.859 18.466 1.98178
0.000 29.254 19.281 2.25127
0.000 28.593 19.605 2.79076
0.000 28.485 17.414 2.46571
0.000 28.122 15.877 2.70446
0.000 27.417 15.649 2.87664
0.000 26.137 13.538 3.76170
0.000 24.833 11.366 4.10332
0.000 23.438 10.650 3.92942
0.000 23.903 11.203 3.25333
0.000 24.614 11.868 2.51023
0.000 25.392 12.783 2.33424
0.000 26.431 13.703 2.01371
0.000 27.289 15.248 1.72298
0.000 28.145 16.883 1.76368
0.010 28.423 17.662 1.75688
0.141 28.845 18.426 1.85602
0.001 29.519 19.913 1.29827
0.001 30.174 20.786 1.32254
0.000 29.179 16.426 2.36318
0.000 28.714 16.435 2.78624
0.000 28.835 15.741 3.07709
0.000 28.180 14.404 3.11442
0.000 27.093 13.429 3.29477
0.000 26.912 13.962 2.81330
0.000 26.732 12.936 3.71261
0.000 26.460 13.185 3.61653
0.000 26.484 12.287 3.75260
0.000 25.743 11.779 3.70814
0.000 24.204 9.339 3.86576
0.000 23.512 9.008 2.93572
0.000 22.929 9.393 2.66345
0.000 23.368 8.942 2.65686
0.000 23.752 9.535 2.25660
0.000 25.465 10.328 1.95701
0.000 26.485 11.395 2.69999
0.000 25.883 11.166 1.78674
0.000 27.152 11.910 1.54502
0.000 28.161 12.804 1.49252
0.000 28.660 14.089 2.21066
0.000 28.838 15.152 2.88715
0.000 28.858 15.862 2.68462
0.000 28.491 16.367 2.13205
0.054 29.212 17.506 1.16078
2.156 29.592 18.071 1.14380
0.756 30.381 17.187 1.23607
0.000 30.517 17.653 1.53860
0.000 31.311 16.899 1.00801
0.000 31.735 17.741 1.59026
0.000 31.809 18.274 1.17944
0.000 32.002 18.164 1.23483
0.000 31.658 17.629 1.18492
0.000 31.076 18.466 1.36584
0.000 31.488 19.016 0.96799
0.000 32.771 19.630 1.23637
0.000 33.019 18.370 2.13836
0.233 32.476 19.278 1.18834
0.000 33.562 20.619 1.01871
0.019 32.754 18.605 1.43384
0.000 31.474 15.722 3.09093
0.000 30.661 15.292 3.00767
0.000 30.592 15.079 2.99449
0.000 30.166 14.826 3.29681
0.000 29.635 14.956 4.10069
0.000 29.305 14.693 4.30028
0.000 28.621 14.292 4.45706
0.000 28.640 14.778 3.57792
0.000 29.683 16.439 3.14637
0.000 30.839 15.325 3.52025
0.000 29.721 15.570 3.38126
0.000 30.790 14.891 2.57275
0.000 31.011 14.669 3.14219
0.000 29.785 15.212 4.79965
0.000 29.017 13.668 4.16771
0.000 29.389 14.632 1.91856
0.000 32.480 16.535 1.43356
0.000 34.018 16.635 2.00401
0.000 35.027 18.279 1.99150
0.000 35.883 19.900 1.67446
0.000 35.942 22.104 1.87623
0.000 36.715 23.398 1.51865
6.475 31.907 14.893 4.11131
0.843 19.391 12.854 5.13285
6.416 19.215 10.059 6.07252
0.043 19.707 10.268 4.90563
0.000 26.932 11.321 3.26547
0.000 30.125 13.651 2.61142
0.000 31.234 15.607 1.93669
0.000 31.992 17.394 1.34638
0.000 33.383 18.797 1.13445
0.000 33.329 18.032 1.51480
0.000 33.968 19.048 0.82985
0.000 35.240 21.879 0.95042
0.041 33.225 17.490 3.87758
0.011 32.633 16.993 3.10127
0.000 33.665 17.816 2.48484
0.000 33.579 16.286 2.68791
0.000 33.538 17.650 2.05468
0.000 35.061 19.001 1.28450
0.000 35.685 20.319 1.32839
0.000 36.383 22.060 1.75657
0.001 36.576 22.337 1.72214
0.628 36.526 21.888 1.27472
7.359 34.359 22.980 1.62187
1.415 33.864 21.384 1.71061
0.005 35.367 22.090 2.16766
0.000 36.569 22.194 2.41862
0.000 37.511 22.056 2.71399
0.000 37.870 20.950 2.75432
0.000 38.621 21.030 2.35455
0.000 38.985 20.510 1.99914
0.000 39.430 21.684 2.65378
0.000 39.577 23.265 2.39443
0.607 39.058 24.046 1.93331
3.385 38.982 24.939 1.70357
1.612 37.707 25.783 1.24124
0.000 37.010 25.069 1.23739
12.052 34.744 23.872 1.12868
1.361 35.889 24.372 1.10749
8.539 34.778 24.067 1.60323
11.187 33.713 23.400 2.20550
0.000 35.700 22.994 2.12059
0.194 36.764 22.690 3.09149
0.000 38.314 22.498 2.30626
0.000 38.613 24.171 1.81262
1.296 38.175 24.572 1.29349
7.331 34.629 21.396 2.30616
10.981 32.567 21.376 2.62284
0.386 31.662 21.679 1.20126
0.000 34.747 23.677 0.84657
0.098 35.522 24.928 0.81388
0.374 37.475 24.456 1.82575
0.000 36.020 24.415 2.15108
0.007 34.816 24.506 1.93672
0.294 35.036 25.022 1.45718
6.871 30.370 23.431 1.46605
8.273 32.739 23.967 1.02822
0.355 29.750 23.321 1.38295
0.049 34.076 23.641 1.61940
14.871 32.665 23.194 1.32195
0.326 35.298 23.488 1.80160
1.126 35.224 23.785 2.25429
0.014 35.360 24.101 2.02842
0.467 34.936 19.520 3.49287
0.057 32.267 19.786 4.02306
0.000 31.927 19.739 3.28158
0.000 34.187 20.495 1.63368
0.579 37.490 24.678 0.94126
9.139 34.061 24.578 0.82554
3.486 30.537 23.659 1.11768
4.616 31.504 23.287 1.26194
5.258 32.073 23.644 1.61223
21.759 28.852 23.427 1.02790
12.787 29.600 22.419 1.53950
9.155 31.769 23.480 1.17642
1.648 31.427 24.148 1.38751
19.595 31.499 24.226 0.88729
1.171 30.513 23.894 1.27080
9.172 29.842 23.526 1.54338
0.233 29.209 23.530 1.93916
19.786 30.376 23.090 2.18234
3.167 32.054 23.474 2.27585
10.238 30.357 23.082 2.66814
0.493 31.928 22.606 1.57851
9.181 31.786 23.190 1.43105
5.476 27.542 22.422 1.31439
7.955 30.744 22.383 0.70406
0.077 33.453 23.561 0.92549
0.023 33.996 24.372 1.34724
2.758 32.355 24.475 1.06444
15.612 29.160 23.258 0.92241
2.107 29.834 23.023 0.96244
7.607 31.735 23.637 0.83310
3.520 31.709 23.696 1.30006
4.769 31.115 22.987 1.81333
3.908 32.238 23.248 1.71557
0.146 31.989 23.219 1.94692
0.084 33.016 24.046 2.53268
2.599 32.055 24.450 2.39800
0.479 29.967 23.782 1.99842
0.607 31.746 23.585 2.49552
0.136 34.105 24.004 2.77980
2.018 32.562 23.794 2.38494
1.104 31.215 23.927 1.41946
0.017 31.660 24.468 1.16166
3.960 31.004 23.596 1.38107
20.285 30.692 23.334 1.26922
1.848 31.872 24.008 1.28243
4.420 30.030 23.149 1.51719
0.175 31.490 23.537 1.41107
0.955 31.423 23.524 1.25792
2.991 32.874 24.638 0.85693
19.204 29.207 23.043 1.43564
1.622 31.895 23.258 1.26007
8.558 31.486 23.336 1.21659
2.412 32.639 23.868 1.32367
3.357 31.343 24.216 0.91721
38.407 28.423 23.352 0.95453
3.543 30.394 23.354 1.81548
8.504 29.933 23.173 1.58260
16.356 30.970 23.724 2.35789
44.599 30.089 23.573 2.23943
4.371 29.773 23.651 2.07300
2.512 29.583 23.693 2.15304
0.950 29.225 23.529 2.59347
0.090 29.620 23.536 2.88427
1.650 30.289 23.289 2.82824
2.616 30.949 23.274 2.67466
5.185 30.532 23.061 2.32951
1.349 29.496 22.968 2.16651
0.116 29.864 22.524 2.26452
0.290 30.600 23.385 2.27487
0.241 30.377 23.130 1.94181
1.832 30.178 22.730 1.94824
1.630 31.354 22.959 1.89678
0.124 30.376 23.401 1.70305
12.677 28.443 22.482 1.98486
0.676 30.777 22.698 1.65905
0.525 29.918 23.027 1.54169
3.340 29.570 22.674 0.94308
1.958 30.754 22.568 0.87894
1.304 30.175 22.957 0.76201
0.656 30.380 22.641 0.97125
0.054 31.552 22.499 1.29768
2.436 32.266 23.636 1.52849
0.472 30.346 23.584 1.47548
14.104 29.459 22.642 1.36112
1.066 30.014 22.893 1.46726
7.465 30.370 22.970 1.17465
0.305 31.294 23.359 1.60425
11.961 29.506 23.280 2.18227
7.399 28.111 23.001 2.33991
2.603 29.587 23.159 2.84919
2.316 29.842 22.881 3.43493
1.887 30.463 23.328 2.76235
0.144 29.004 23.414 3.29029
0.957 27.612 22.473 3.63741
1.179 28.173 22.852 4.53119
2.871 29.214 21.553 4.85863
2.513 28.734 22.120 4.17347
0.867 28.671 22.480 4.04127
0.038 29.628 22.572 4.59262
1.329 30.644 22.422 4.00741
0.617 32.197 22.834 3.80647
1.389 30.644 23.061 3.55633
0.366 31.268 23.433 2.96888
0.257 31.765 23.023 3.52060
0.500 31.904 23.745 3.58450
6.253 31.479 23.705 3.48928
7.028 30.011 23.105 2.66810
7.614 29.395 22.726 3.52849
1.265 30.032 22.276 3.36868
0.589 31.985 22.803 3.27622
5.155 32.756 23.733 2.35703
14.953 29.610 23.579 1.68117
0.004 30.273 23.624 1.36819
0.994 29.317 23.372 1.84331
18.058 28.286 22.843 2.14712
5.342 29.231 23.149 3.22058
13.993 29.100 23.312 2.61379
1.292 29.165 22.732 2.47327
0.517 29.451 22.960 1.86529
0.424 30.165 22.400 2.16992
10.576 28.929 22.231 1.90047
10.613 29.479 22.156 1.30734
7.393 28.834 22.021 0.64130
0.175 31.493 22.608 1.20469
0.501 30.683 23.120 2.53092
0.275 28.129 22.713 2.55522
11.133 27.654 22.507 1.14164
13.805 28.435 21.833 1.36171
4.162 29.383 22.129 1.24400
0.023 30.958 23.086 1.23098
0.255 30.860 23.856 1.16081
16.254 29.049 23.263 1.17352
1.457 29.446 23.459 1.27315
20.611 28.947 22.153 1.13013
12.139 29.420 22.495 0.69706
6.561 30.144 22.252 0.85483
18.502 29.712 22.662 1.74784
9.596 27.945 21.769 1.34658
7.126 30.250 21.946 1.29620
4.522 30.660 22.575 1.01646
13.625 29.994 22.280 1.47424
2.171 30.974 22.295 1.64226
12.193 31.165 23.171 1.14513
6.736 31.635 23.504 0.84545
2.309 30.407 22.677 1.24378
6.337 31.246 23.386 1.94895
33.563 27.652 22.897 3.24714
17.452 28.091 22.672 2.46563
2.460 28.471 23.497 2.37429
0.806 29.182 23.410 2.29342
7.625 28.732 23.493 2.66490
2.749 27.849 23.050 3.01025
0.550 28.662 22.418 2.85081
18.545 28.910 22.925 2.46510
2.509 26.669 22.388 1.59058
2.983 27.280 22.713 1.94762
21.031 28.498 22.097 2.32960
13.832 28.160 22.778 0.92814
37.700 27.952 22.936 1.03756
3.836 29.197 23.042 1.82603
7.494 29.029 23.035 2.23145
9.728 28.805 22.831 2.92466
1.599 29.400 21.942 2.68918
6.746 27.559 20.168 3.06847
16.616 28.363 20.704 2.57839
4.539 24.343 21.454 2.28333
1.908 28.379 22.547 2.06204
29.176 27.028 22.017 1.37877
7.997 28.875 22.038 1.24059
12.903 29.239 22.711 1.13881
2.557 28.518 22.039 0.68448
13.611 29.335 22.016 1.32721
3.256 28.910 20.960 1.87742
0.781 29.350 21.473 2.15779
0.807 28.903 21.234 2.66934
0.160 29.493 21.361 2.80947
0.086 28.998 20.920 2.19611
0.000 28.733 20.694 1.99564
0.000 28.794 20.327 1.93732
0.000 29.123 21.475 1.89324
0.006 29.775 22.264 1.99406
0.235 29.997 21.900 2.12533
0.992 28.831 20.405 2.29199
0.177 28.527 20.544 2.38320
0.000 28.241 18.863 2.30733
0.008 28.907 20.154 2.26876
1.238 28.470 20.339 2.39711
2.098 27.786 20.912 3.06283
2.960 27.641 20.514 3.80047
0.011 27.464 17.278 3.84458
0.000 27.464 17.900 2.73394
0.006 28.745 19.848 2.58775
0.154 29.171 21.923 2.37717
6.872 29.161 21.881 2.30804
24.436 28.838 22.518 1.31939
7.409 28.086 21.217 1.25538
4.808 29.080 19.379 2.59798
33.685 24.617 19.853 2.36016
10.160 28.315 20.781 1.50206
2.730 29.063 22.563 1.31315
16.115 26.933 21.395 1.13640
0.476 28.830 19.302 1.97074
0.000 28.771 19.518 1.60028
0.033 29.447 20.557 1.02237
4.041 30.162 21.226 0.74171
2.524 30.125 21.903 1.04739
4.548 28.826 20.545 1.66164
1.027 27.238 18.983 2.33937
0.018 27.431 18.852 2.42931
0.000 27.594 17.763 2.98691
0.000 26.569 18.710 3.14076
0.141 23.690 15.004 4.60112
0.000 17.820 12.650 4.51359
0.000 23.821 12.944 3.17660
0.000 26.005 15.324 3.36936
0.000 25.984 15.801 2.72772
0.000 26.872 17.222 2.63592
0.000 27.258 17.494 3.09946
0.000 27.082 17.920 2.48967
0.000 27.782 18.874 2.35328
0.000 27.875 19.089 2.47219
0.000 27.881 18.357 2.44435
0.000 28.010 18.073 1.91547
0.000 28.499 18.918 2.45729
0.007 25.828 15.259 3.92045
0.000 24.049 14.144 4.04470
0.020 25.640 14.425 2.83018
0.000 27.845 17.300 2.11883
0.000 28.902 19.276 1.57714
0.400 29.274 15.595 3.27783
0.000 23.675 12.181 4.71390
0.000 23.067 12.385 3.80769
0.000 24.662 12.931 2.58666
0.000 26.737 14.716 3.11234
0.000 25.304 13.603 3.32371
0.000 25.696 13.891 2.78637
0.000 26.171 14.624 2.76925
0.000 26.282 14.116 2.71935
0.000 26.389 14.659 2.02739
0.000 27.333 14.680 1.74374
0.000 27.263 14.562 2.18463
0.000 26.850 15.284 3.08235
0.000 26.480 15.525 3.47016
0.000 27.089 13.866 4.08317
0.000 24.476 12.935 3.94064
0.000 25.331 12.025 3.47835
0.000 25.534 11.643 2.71086
0.000 25.504 11.388 2.84008
0.000 25.496 10.741 2.11166
0.000 26.226 11.482 2.07511
0.000 25.798 11.345 2.21705
0.000 24.860 10.658 2.19592
0.000 25.218 11.414 1.77211
0.000 26.842 13.696 1.55903
0.000 27.479 15.776 1.64182
0.000 28.405 14.549 1.38805
0.000 28.054 15.002 1.62358
0.000 27.656 14.291 1.61976
0.000 27.967 14.362 0.89498
0.000 28.522 14.439 1.20282
0.000 28.136 14.706 2.68817
0.000 27.501 15.197 2.51003
0.000 27.692 15.937 2.53938
0.000 28.130 13.093 3.70398
0.000 26.659 11.861 3.72946
0.000 25.470 11.412 3.11297
0.000 25.705 11.040 2.86996
0.000 26.164 11.818 2.24468
0.000 28.016 12.981 1.47521
0.000 29.414 14.261 1.29441
0.000 29.275 14.964 1.23956
0.000 30.164 15.855 1.03506
0.000 30.797 17.150 1.25341
0.000 31.479 17.666 1.22836
0.000 32.188 18.577 1.08213
0.668 31.169 20.075 1.06679
0.029 31.313 19.579 1.18889
0.151 31.247 20.299 2.45426
0.000 30.751 15.599 2.63257
0.000 30.091 13.500 1.84835
0.000 29.235 14.358 2.81276
0.064 24.587 15.604 2.99839
0.000 26.401 15.094 2.54617
0.000 28.711 14.578 2.23470
0.000 30.651 15.750 0.99154
0.000 31.470 18.147 1.16033
0.000 32.356 19.538 1.51734
0.047 31.983 21.115 1.65737
0.017 32.538 20.219 2.01498
0.007 32.918 20.742 1.67408
0.000 33.502 21.632 1.28572
0.216 33.296 21.816 1.24357
1.541 32.391 21.543 1.31220
0.284 33.169 18.815 1.60241
0.000 33.283 15.761 2.01882
0.000 32.908 16.346 1.82880
0.000 33.702 16.850 1.62853
0.000 33.119 18.714 2.34589
0.000 32.126 20.013 2.74651
0.366 30.200 20.297 2.47300
0.268 28.981 20.799 1.87431
0.000 32.132 21.376 1.63607
0.553 29.198 18.648 3.04093
0.000 25.025 18.339 2.74529
0.000 30.745 16.339 3.62290
0.000 30.307 15.292 3.30865
0.000 31.742 15.933 2.82352
0.000 31.682 15.516 3.40873
0.000 31.779 15.867 2.94166
0.000 32.431 16.580 2.65800
0.000 33.238 18.018 2.25931
0.000 33.292 18.515 2.63991
0.000 34.143 18.408 2.65150
0.000 34.582 18.763 2.22133
0.000 35.206 19.975 1.85180
0.055 34.846 21.237 1.09492
0.192 35.409 17.700 3.04471
0.000 32.966 16.965 3.14273
0.000 33.114 16.187 2.43916
0.000 34.563 16.193 1.93483
0.000 35.918 18.003 1.54744
0.000 36.629 18.264 1.60994
0.000 36.245 19.479 1.72361
0.000 36.056 21.176 1.43027
0.000 36.427 22.841 0.76291
0.000 36.881 23.552 1.30188
0.127 36.622 23.738 2.23373
0.000 36.649 22.738 1.98631
0.060 37.928 22.870 2.21751
0.026 37.217 23.497 1.86516
0.038 38.028 23.723 2.21872
1.346 37.454 23.513 2.18220
0.001 37.072 22.711 2.62496
0.000 38.044 22.244 3.23668
0.000 37.937 22.476 3.20079
0.000 37.623 23.606 3.16688
0.672 38.398 23.790 2.40786
5.292 35.747 23.648 1.60183
13.466 32.145 22.636 1.49670
1.766 34.289 22.473 1.57977
3.308 33.941 23.091 1.85292
13.659 30.043 20.743 1.20463
0.000 34.141 21.803 1.07520
0.059 35.626 23.613 1.03517
14.298 32.023 22.554 1.98293
12.698 30.170 20.820 1.76797
2.000 33.439 21.443 1.51017
0.176 35.839 21.936 1.90912
0.001 36.305 23.017 1.94691
0.689 36.544 23.153 1.77725
3.515 35.408 23.547 2.15352
22.837 33.182 22.409 1.97176
9.318 31.786 22.345 2.09074
7.487 30.349 21.431 1.00564
1.488 32.073 20.949 1.93781
3.367 32.772 22.015 1.44608
0.362 32.742 22.484 1.59355
1.425 32.372 21.782 2.21764
0.501 33.422 22.557 2.60270
0.149 34.407 21.826 2.13356
0.690 34.592 22.257 1.89744
0.489 35.115 23.586 1.83989
0.744 35.086 22.499 1.87042
0.000 36.852 23.302 1.55152
0.000 36.958 23.673 1.70836
0.177 37.476 24.448 1.67053
1.577 37.119 25.841 1.03829
2.312 37.039 24.840 1.11469
9.453 32.396 22.335 1.39793
0.564 34.289 22.767 2.36928
7.814 31.777 20.117 2.80620
0.029 33.532 20.996 2.24074
0.643 34.098 22.208 1.90686
0.033 36.505 23.245 1.04972
0.131 37.740 24.438 0.91694
4.109 37.131 24.820 0.73596
0.319 37.942 25.114 1.28393
5.992 35.914 23.983 1.57791
0.183 37.334 24.481 1.96410
0.000 37.877 23.991 2.57332
0.000 38.257 24.238 2.70206
0.000 37.990 24.338 2.31128
0.000 39.258 25.096 2.46124
0.003 38.798 26.442 1.77332
49.835 34.811 24.287 1.66866
0.031 33.513 23.685 1.29160
1.098 35.598 23.442 2.23721
0.329 36.351 23.881 2.14632
0.550 37.362 24.061 1.69510
0.777 37.281 25.266 1.82476
0.070 33.191 24.866 1.56586
0.517 33.544 23.858 2.20584
7.566 32.416 23.794 1.90463
3.971 32.250 23.691 2.45219
2.173 32.447 23.147 2.40918
3.902 32.761 23.152 2.70168
0.339 30.244 22.931 2.58421
1.501 35.661 23.512 2.64103
2.371 34.253 22.952 2.11228
10.985 29.264 22.504 1.80684
9.156 27.717 23.072 1.39056
1.719 31.644 23.696 2.38167
0.001 33.587 23.444 3.10847
0.357 35.279 24.340 3.07266
5.866 32.151 24.263 1.66460
18.952 29.389 23.709 1.08727
1.400 29.444 23.211 1.77339
0.696 30.896 22.702 2.39951
0.596 32.955 24.092 2.14465
0.175 34.200 24.857 2.49267
0.022 33.133 24.491 2.32137
0.084 34.351 24.825 2.54447
4.336 31.299 23.316 2.48644
0.976 32.479 23.731 2.45625
0.738 33.680 23.173 2.63993
0.500 34.057 23.295 2.39938
0.100 35.906 22.975 2.27064
0.092 35.481 22.947 2.17393
0.000 35.955 23.826 2.09526
0.000 36.952 24.945 2.23846
0.101 34.932 25.079 2.36738
1.841 31.385 23.877 2.04817
2.943 31.395 22.870 1.75309
3.449 33.927 23.153 2.02427
0.780 36.131 23.791 1.85824
0.000 34.626 24.935 1.76819
0.444 34.953 24.856 2.48930
3.121 34.855 24.279 2.94032
0.915 34.307 24.874 2.73244
2.116 33.898 24.406 2.56041
3.014 34.099 23.681 2.84601
2.350 34.729 23.547 3.24201
4.567 34.500 24.298 3.08978
0.828 31.399 24.019 3.42209
5.388 34.135 23.315 3.00524
2.361 34.290 23.729 3.49010
2.417 34.321 23.842 3.16417
0.034 33.448 24.058 3.35271
3.024 34.260 23.473 2.94124
2.458 32.726 23.561 2.47068
0.566 35.624 24.134 2.59485
2.093 34.341 24.153 3.02861
1.193 33.065 23.853 2.70070
2.291 31.842 23.148 3.00312
0.032 31.432 23.628 3.19625
6.645 33.400 23.233 2.94026
4.954 33.117 23.353 2.80589
10.908 30.737 23.523 2.38533
2.828 30.153 23.410 1.66130
3.200 31.295 24.136 1.85292
1.016 31.294 23.618 2.55350
10.806 32.198 23.846 2.96526
1.089 31.359 23.324 3.18001
12.702 30.075 23.573 2.54338
13.794 32.202 23.980 2.44427
4.527 29.529 22.854 2.44719
2.570 29.627 23.116 2.33998
18.196 30.365 22.914 2.98461
3.078 30.687 23.001 3.83480
1.653 29.839 22.771 3.28946
0.406 31.002 23.089 3.07913
2.635 32.680 23.489 3.39076
0.912 31.078 23.619 3.35634
0.954 32.609 23.544 3.25450
7.137 30.774 23.430 3.28562
7.482 29.662 23.151 3.07737
17.530 28.006 23.258 2.72520
1.135 28.573 23.529 3.44905
5.900 29.691 23.113 3.48045
1.053 29.752 23.406 3.91429
2.902 29.602 22.904 3.46076
1.193 29.744 23.103 3.06333
6.793 29.647 22.757 2.78957
15.391 30.574 22.732 2.93617
3.622 29.824 22.405 3.13808
1.744 29.571 22.650 3.10722
0.032 28.880 22.106 3.07017
0.452 31.159 22.778 2.93313
0.534 30.259 22.523 3.04011
3.361 31.820 23.239 2.89353
0.734 29.608 23.121 2.24486
0.084 30.513 23.296 2.71254
5.431 32.333 23.326 2.95057
3.912 31.447 23.097 3.72585
0.866 30.225 23.173 3.46366
3.647 28.713 23.320 2.35988
0.170 32.028 23.603 3.03511
5.441 32.002 23.649 2.26668
3.397 31.215 23.126 2.17887
11.416 30.262 23.452 2.60185
7.703 29.268 23.442 2.43411
5.769 29.541 23.061 1.52353
7.355 29.984 23.363 1.25680
2.344 30.445 23.144 1.97617
0.191 29.826 22.510 2.37750
7.023 31.804 23.523 2.08414
7.866 28.653 22.747 3.09015
4.540 29.736 23.160 2.62978
9.138 30.706 22.990 2.83313
3.759 29.757 22.853 1.83685
2.856 28.215 22.336 1.99081
6.842 30.498 23.403 2.03070
8.422 29.203 22.897 1.91892
2.459 29.440 22.635 2.03222
4.185 30.442 22.900 1.98916
23.977 29.183 22.731 2.10276
1.572 29.110 21.936 1.93791
4.298 30.283 22.665 1.65947
6.640 29.869 23.302 0.93132
3.679 30.068 23.473 0.81865
0.029 30.490 21.762 0.91310
0.000 32.468 23.005 0.63491
0.201 32.828 23.207 0.94229
0.654 31.967 22.796 1.12327
7.494 32.158 22.940 1.76910
8.745 31.828 22.639 1.77037
1.312 32.040 22.982 1.27050
1.778 31.585 22.720 1.05560
6.211 30.304 21.855 2.49071
1.002 29.447 18.455 3.72746
0.473 29.222 19.446 3.40206
6.370 26.553 21.242 1.72385
1.762 31.440 23.033 1.49184
8.301 31.318 22.531 1.95518
28.627 29.624 19.066 2.22095
3.217 22.738 18.249 2.21282
0.960 28.267 19.108 1.42460
0.667 29.771 21.018 1.37691
0.735 30.868 22.194 1.38238
0.308 30.857 22.595 1.26462
1.322 29.860 23.414 0.59572
5.360 30.678 23.419 0.60064
30.858 30.150 23.041 1.38925
22.411 28.467 22.010 2.13983
5.247 28.576 21.543 1.64413
0.295 29.746 21.592 1.11340
0.048 30.592 21.964 1.98472
0.614 30.246 22.909 1.44131
1.507 29.934 23.375 0.98842
4.940 30.640 22.201 0.99506
10.209 30.428 22.249 0.95581
18.455 29.763 22.506 0.50922
4.653 30.538 22.398 0.46098
1.809 30.504 22.348 0.55963
1.153 29.687 22.527 1.25781
1.145 28.884 22.336 1.38145
0.265 29.158 21.970 1.35456
1.666 29.894 21.824 1.67309
0.132 30.671 21.920 1.33002
0.006 31.216 23.157 1.03269
0.003 31.765 23.330 0.68196
0.000 30.327 23.260 0.98933
0.290 31.136 23.599 0.88291
0.982 29.575 22.178 1.54697
0.265 30.073 21.705 2.02160
1.392 29.539 17.777 3.07388
0.000 27.910 17.937 3.10741
0.014 28.839 18.451 3.54363
0.000 29.186 16.726 3.79710
0.000 27.837 16.160 3.79276
0.000 27.490 16.048 4.11531
0.000 28.154 16.736 3.90592
0.306 27.710 17.775 4.93716
0.360 25.270 18.143 4.15883
0.005 28.295 16.774 3.38973
0.000 28.856 17.574 2.74380
0.000 28.999 17.693 2.69023
0.000 29.492 17.395 2.44483
0.000 30.436 18.445 2.42592
0.000 31.432 20.084 1.96090
0.253 31.769 20.619 1.61666
0.200 32.585 20.568 1.74425
0.025 33.245 21.283 1.40107
0.000 33.681 22.353 0.96626
0.002 33.582 23.013 0.98260
0.294 32.909 19.688 1.46870
1.303 24.812 17.464 3.43703
0.317 30.259 17.818 2.54419
0.000 31.347 19.162 2.08445
0.000 32.210 19.875 1.78829
0.000 32.915 19.246 1.58092
0.000 33.381 19.025 1.46816
0.000 33.933 20.089 0.93813
0.000 34.696 20.648 1.12249
0.000 33.868 20.762 1.48160
0.000 34.397 21.358 1.25785
0.000 34.777 21.042 0.98967
0.000 35.138 20.600 0.92113
0.000 35.358 21.296 1.55686
0.018 34.473 20.683 2.00270
0.008 34.815 19.656 2.92263
0.000 30.105 17.294 4.38368
0.000 26.636 16.580 3.78532
0.000 30.936 16.798 3.44734
0.000 31.853 19.175 2.28661
0.000 32.893 20.183 1.76805
0.000 34.221 19.880 2.28994
0.000 29.730 14.664 4.49899
0.000 28.391 14.720 3.75995
0.000 28.599 14.642 3.15227
0.000 29.326 14.975 2.66161
0.000 30.048 16.482 3.08540
0.000 29.499 16.711 2.94127
0.000 31.507 17.504 2.39148
0.000 32.746 18.524 2.03108
0.000 33.820 18.812 1.80405
0.000 34.442 18.823 1.41048
0.000 34.750 19.420 1.29129
0.000 34.800 20.228 0.82804
0.000 35.497 20.711 1.07625
0.000 35.406 21.173 1.42430
0.000 35.050 21.441 1.50397
0.000 31.564 18.325 2.36484
0.000 32.814 18.843 1.12102
0.000 33.343 21.096 0.95490
0.000 33.198 19.913 1.62784
0.000 33.389 18.322 2.26090
0.000 33.043 18.191 1.77659
0.000 33.536 17.974 1.62687
0.000 33.799 17.526 1.19049
0.000 34.035 17.568 0.95664
0.000 34.194 18.121 1.39111
0.000 33.428 17.950 1.61273
0.000 34.268 18.360 1.00426
0.000 34.803 18.969 1.76504
0.000 32.543 17.685 3.15724
0.000 31.367 18.216 2.27889
0.000 33.416 19.665 1.35087
0.000 35.361 19.962 1.06512
0.000 35.898 20.728 1.22940
0.000 36.229 20.331 1.15557
0.000 36.317 20.727 0.93600
0.000 35.167 21.257 1.32966
0.000 34.799 22.541 1.99502
0.000 34.813 19.847 2.59475
0.000 34.903 17.920 2.44870
0.000 34.702 17.488 2.12679
0.000 36.146 17.307 1.52362
0.000 34.994 16.906 1.43598
0.000 33.647 17.689 2.10983
0.000 33.811 18.620 1.52398
0.000 34.467 21.293 1.45986
0.000 34.715 21.967 1.56815
0.000 35.611 21.855 1.36957
0.000 33.158 16.775 3.68517
0.000 30.914 16.963 3.38364
0.000 32.395 17.506 1.97618
0.000 34.063 19.490 2.26545
0.000 34.797 15.466 4.92573
0.000 30.909 15.736 3.66356
0.000 32.569 16.898 1.97036
0.000 35.027 19.749 1.43898
0.000 36.184 21.106 1.65521
0.000 36.942 23.608 1.35305
0.000 36.641 24.466 1.19085
8.800 35.543 19.313 2.16557
0.000 30.334 15.079 4.01642
0.000 28.345 15.245 3.03777
1.600 31.076 16.265 2.36824
0.000 32.437 17.301 1.65386
0.000 31.985 20.320 1.12029
0.000 31.151 21.303 0.94611
1.795 33.616 21.675 0.67121
0.000 33.732 22.077 1.22070
0.000 34.140 21.725 1.81610
0.000 35.866 20.783 1.64754
0.000 36.629 20.850 2.83723
0.000 35.991 21.016 3.13860
0.000 36.120 20.404 2.50007
0.000 36.425 20.612 2.48353
0.000 37.048 20.759 2.56610
0.000 37.526 21.748 2.34960
0.000 37.995 23.480 2.36731
0.000 37.972 25.192 1.74554
0.000 36.541 24.058 1.84564
0.000 38.520 23.916 1.84014
0.000 37.413 23.772 1.86004
0.000 38.006 23.402 2.54157
0.000 38.469 23.271 1.60306
0.000 37.727 24.495 1.95954
0.000 29.461 23.830 2.18314
0.000 34.170 24.012 1.56147
0.220 34.535 24.916 1.11826
0.000 34.420 24.723 1.52785
0.060 36.036 24.212 1.62424
0.000 38.140 24.401 2.45748
0.000 38.292 23.272 3.02948
0.000 38.117 20.632 3.34680
0.000 37.713 21.902 2.71566
0.000 38.334 22.358 2.41497
0.000 39.382 21.348 2.54865
0.000 39.515 22.546 1.69900
0.000 39.722 23.617 2.25768
0.000 39.921 23.611 2.53584
0.000 40.072 24.295 2.28948
0.000 39.997 24.418 1.53531
0.000 40.588 25.565 1.76012
0.000 40.447 25.946 2.40324
1.435 40.922 25.734 2.72720
0.000 41.048 23.814 3.00595
0.000 40.948 24.925 2.91294
0.025 37.462 25.773 1.64606
0.000 38.630 26.034 2.10705
0.020 39.513 26.640 1.83297
4.960 37.494 26.680 1.63322
2.770 36.689 26.181 1.11787
0.000 35.045 24.418 0.86781
0.380 36.832 23.893 2.14279
0.000 37.218 24.715 2.38145
0.000 36.201 25.844 1.77050
6.215 36.672 26.208 1.94442
2.960 33.458 26.155 1.22178
9.665 32.520 24.391 1.70988
41.800 33.251 24.146 1.46260
11.660 35.145 24.240 1.22687
0.000 37.147 25.509 1.51233
0.000 37.577 26.473 0.88879
0.465 37.431 25.303 1.47560
0.000 36.984 24.659 1.98451
0.085 38.836 25.843 1.16732
0.000 37.855 25.809 1.67405
0.000 39.950 24.880 2.38639
0.000 40.751 24.808 2.31720
0.000 41.230 23.783 2.32911
0.000 41.679 24.108 1.67327
0.000 41.503 26.378 1.21150
0.000 40.202 25.929 1.98648
0.050 34.759 22.623 3.03507
0.490 34.707 23.744 1.71021
1.205 33.906 24.169 1.23477
0.000 33.954 23.318 0.98237
6.460 34.884 24.019 1.71331
0.000 36.252 24.008 2.04171
0.000 37.588 24.385 2.39437
0.000 39.004 25.967 2.11404
0.000 37.974 25.496 2.05164
0.000 39.138 26.096 2.39245
0.000 38.361 25.199 2.62770
2.435 38.054 25.205 2.89996
0.000 39.902 24.753 2.79043
0.000 39.999 24.830 2.65641
0.000 39.920 25.990 2.50836
0.000 40.369 26.992 2.45542
0.000 39.557 26.706 1.96622
0.915 39.406 26.708 1.81650
0.095 39.144 27.965 1.43376
6.380 39.873 27.214 2.05470
26.405 38.462 26.664 1.17077
1.450 40.404 27.509 1.45327
0.075 35.751 25.690 1.24579
0.400 37.099 26.454 1.65209
1.935 37.621 26.558 1.33112
10.970 39.084 26.772 1.11230
21.525 35.565 25.048 1.15216
0.000 36.088 26.210 1.64749
0.000 36.229 25.880 2.19376
0.155 36.255 26.195 1.82304
10.245 32.422 25.517 1.29417
6.250 32.093 25.009 1.33058
5.130 32.499 24.550 1.76996
0.335 31.976 24.888 2.27592
0.025 32.293 25.530 1.96059
0.000 33.138 25.702 2.31227
0.000 32.909 25.465 2.20360
0.380 33.568 25.251 1.85477
19.810 30.835 24.028 1.54155
12.235 32.018 24.402 1.80955
0.440 31.219 25.129 2.07060
19.285 31.734 24.467 2.53824
1.205 32.639 24.752 2.86533
0.085 33.459 23.910 2.40436
4.945 32.914 24.263 2.60354
0.045 31.868 25.073 2.53836
0.270 30.250 24.437 1.80703
2.835 33.212 24.218 2.21946
0.000 34.500 25.056 2.31304
16.410 33.107 24.986 2.17253
20.920 30.170 24.287 2.35371
0.000 31.724 24.067 2.02907
0.005 31.670 24.695 2.57296
0.965 31.090 24.362 2.60009
0.020 34.063 23.627 2.73403
0.140 34.266 24.203 2.62175
0.380 34.962 23.884 2.41723
69.459 34.616 24.343 1.91552
0.005 35.022 24.221 1.84798
0.000 35.338 24.646 2.36949
0.000 35.293 25.688 3.01329
0.120 34.288 25.653 2.78338
0.000 33.841 24.511 2.91965
0.130 35.825 25.327 2.91426
1.235 34.822 25.186 2.38453
0.115 31.450 24.493 1.80952
0.125 32.531 24.855 2.02764
0.865 34.295 24.540 2.47714
3.840 33.480 25.017 2.76871
0.210 34.940 24.736 2.20227
30.255 32.426 24.195 1.96563
10.675 32.136 24.735 1.59693
4.075 30.633 24.433 1.24401
1.060 30.566 24.224 0.75495
46.165 30.245 24.003 1.49264
0.995 30.034 23.661 2.30954
3.405 30.097 23.209 2.24006
1.670 29.436 23.684 2.31051
5.145 28.816 22.807 2.45919
2.415 30.678 22.899 2.02812
3.205 30.172 23.139 2.09805
4.095 30.202 23.652 2.10354
4.610 30.596 22.665 2.13858
1.250 32.161 23.527 2.13592
0.610 30.443 23.394 2.35068
0.080 31.144 23.222 2.18589
0.000 31.883 23.435 2.25476
0.970 30.956 23.899 1.99772
0.890 28.512 22.881 1.53622
0.100 30.528 23.148 1.64261
0.055 30.289 23.089 1.70995
1.595 31.381 23.960 1.56120
0.000 31.890 23.329 1.69400
0.000 34.068 24.395 2.28102
0.000 33.713 24.055 2.17801
0.000 32.822 24.267 2.24798
9.195 30.788 23.748 1.69147
0.310 32.009 23.726 1.89152
1.100 31.284 24.269 2.37505
2.305 29.364 24.355 2.32517
5.575 31.245 24.280 1.65634
46.635 30.336 23.675 1.30962
0.075 31.380 24.415 0.84114
0.180 30.584 24.252 1.02250
1.860 31.409 23.695 1.39167
8.110 30.391 23.565 1.54023
1.840 29.804 23.225 1.67632
0.325 31.609 23.725 2.03889
0.460 30.738 23.498 2.32390
0.200 32.453 23.309 2.05680
2.410 31.498 23.680 1.53136
3.400 31.748 23.869 1.85155
16.065 31.037 23.606 1.75354
42.096 28.389 23.394 1.62922
0.810 27.842 23.423 1.99030
3.140 29.642 23.293 2.27629
2.595 28.816 23.105 2.97274
0.000 30.913 23.485 2.26763
7.265 29.063 22.796 1.49353
0.005 31.218 23.987 0.95247
0.000 31.398 24.180 1.15670
0.990 30.813 24.259 0.87078
5.070 31.407 24.723 0.58574
59.660 30.518 23.647 1.08192
17.385 30.452 23.346 1.56511
25.010 28.308 23.457 1.67793
4.545 29.713 22.910 1.48425
6.725 28.260 23.036 1.18472
7.905 29.600 22.734 1.25501
0.285 30.334 23.326 1.12069
0.000 30.808 23.145 1.17731
0.000 30.988 23.254 1.92784
0.000 31.064 23.651 2.10985
0.000 30.729 23.857 2.18987
1.255 30.666 23.901 1.53523
19.025 30.954 24.396 0.96906
3.460 30.902 24.601 0.80900
18.800 28.696 23.475 1.21091
5.250 29.873 23.341 1.04406
1.845 30.043 23.361 0.96671
0.000 30.351 23.454 1.55511
8.945 28.715 22.952 1.98311
7.875 30.045 22.428 1.79780
7.445 30.120 22.975 1.65860
0.955 29.358 22.657 1.64753
7.490 30.422 23.475 2.19509
1.810 29.006 22.907 1.83013
0.080 30.018 22.103 1.49257
0.000 31.231 22.222 0.98249
0.025 31.434 23.082 0.94213
9.710 31.553 24.098 1.95762
0.110 29.625 23.968 1.54402
0.150 30.136 23.726 0.78901
10.695 29.661 23.609 0.82342
15.880 29.635 22.529 1.26030
1.870 30.654 23.284 1.27037
10.215 29.826 21.778 2.01338
0.000 29.306 22.223 1.46485
0.955 30.099 22.097 1.44982
1.765 29.529 23.333 1.34138
18.665 28.421 23.286 2.18157
0.000 30.040 23.406 2.52390
8.385 30.856 22.680 2.90004
0.000 30.023 21.820 2.73469
0.000 29.580 21.161 2.80095
0.795 30.112 21.734 2.10404
0.000 30.217 19.501 1.52797
0.000 30.285 18.804 1.74586
0.000 29.080 20.429 2.25915
0.000 29.409 19.816 2.28604
4.240 30.700 20.504 2.03473
0.000 31.422 21.809 1.65860
1.865 30.572 22.925 1.86793
8.195 29.079 23.178 2.23504
21.665 29.919 22.959 1.58614
8.215 29.426 22.558 1.82621
0.940 29.989 22.460 1.37967
22.820 30.053 23.267 1.64711
14.575 29.951 22.804 1.38888
0.145 29.490 22.952 1.55331
0.000 30.598 23.113 1.50165
0.000 30.696 23.573 1.20135
0.000 31.488 23.091 1.68584
36.635 30.652 18.292 1.80726
0.665 26.903 18.659 2.17138
0.000 29.118 20.688 2.64917
0.000 29.237 19.495 3.66647
0.000 28.096 19.539 3.03565
1.140 28.635 19.141 2.77584
0.000 28.333 18.663 2.72866
0.000 28.892 17.609 1.85703
0.000 30.440 18.378 1.30586
0.000 30.788 19.368 1.58207
0.000 29.788 19.201 2.00305
0.000 30.134 19.462 1.52057
0.000 30.813 20.870 1.35124
0.000 31.007 22.013 1.66723
0.000 31.237 20.705 1.83457
0.000 31.509 21.751 2.35407
0.000 29.725 20.020 3.15174
0.000 28.542 19.391 2.83285
0.000 29.104 19.088 2.85205
0.000 29.865 18.789 3.08689
0.005 29.146 18.927 3.37747
0.000 30.252 18.644 2.68047
0.000 30.675 19.235 2.38399
0.000 30.758 18.642 2.45698
0.000 30.612 17.415 2.79394
0.000 29.792 15.520 2.96128
0.000 29.255 15.591 2.62183
0.000 29.083 16.705 2.29562
0.005 30.479 19.588 2.65811
0.000 31.423 20.716 2.79042
0.000 32.157 20.910 2.13899
0.000 32.477 22.184 2.20534
0.000 33.121 21.438 2.21856
0.005 33.130 21.076 3.03147
25.800 31.221 19.200 3.27104
2.980 23.041 17.047 4.90808
0.045 26.378 17.177 4.10072
0.000 28.469 17.374 2.83628
0.000 28.872 16.974 2.45104
0.375 27.468 17.569 1.99342
4.170 30.742 18.454 2.50604
0.000 25.723 19.507 3.33663
0.000 28.708 19.669 2.38701
0.000 30.775 20.795 1.12949
0.000 31.304 22.325 0.61736
0.000 32.106 22.107 0.78473
0.000 31.739 22.913 0.81085
0.000 31.589 18.812 2.36649
0.000 30.301 18.936 2.87652
0.000 31.198 19.370 3.38214
0.000 30.580 18.634 2.97228
0.000 30.932 15.562 4.12217
0.000 28.817 14.578 3.69981
0.065 28.004 13.478 4.31595
0.000 27.177 13.433 4.36072
0.000 26.771 12.879 5.03030
0.210 26.481 13.020 4.63329
0.010 26.189 13.648 4.07272
0.000 25.883 13.339 5.63452
0.000 23.505 12.909 5.37049
0.000 22.865 13.049 3.54822
0.000 27.532 15.066 2.18532
0.000 29.741 16.987 2.01707
0.000 30.849 17.339 1.94695
0.000 31.154 17.440 2.19649
0.000 31.178 18.169 1.97076
0.000 31.752 19.163 1.85705
0.000 32.523 18.760 2.53789
0.000 31.464 18.917 2.69754
0.000 31.512 19.099 2.59154
0.000 31.195 18.679 2.67213
0.000 31.294 17.704 3.02818
0.000 31.548 17.198 3.23612
0.000 30.756 16.471 3.12868
0.000 30.574 16.471 2.54615
0.000 30.940 17.167 2.60606
0.000 30.911 19.115 2.91987
0.000 29.338 17.305 3.60899
0.000 29.974 14.738 2.86528
0.000 29.862 14.402 2.45556
0.000 29.248 13.019 2.13417
0.205 29.233 13.746 2.77021
0.000 28.329 13.306 3.20397
0.000 28.445 14.008 2.10051
0.000 29.514 15.767 2.54224
0.000 26.765 16.225 3.57360
0.000 25.106 14.711 3.98359
0.260 22.709 12.388 4.37678
0.015 26.006 12.493 3.35453
0.000 26.759 15.909 3.24081
0.000 25.106 13.519 5.05509
0.000 27.206 13.798 3.85125
0.000 28.784 15.019 3.31818
0.000 30.332 15.533 2.32806
0.000 32.955 17.824 2.60732
0.000 32.570 17.483 3.98476
0.000 31.561 17.783 3.09367
0.000 33.023 18.385 2.11881
0.000 34.688 18.089 2.04434
0.000 35.405 19.196 1.95213
0.000 35.401 21.508 1.89311
0.230 35.083 22.480 1.29357
0.060 34.107 23.897 1.09470
0.000 35.620 23.470 1.73801
0.000 30.649 22.184 1.48204
0.115 30.553 21.383 1.75917
0.000 33.596 20.735 1.85420
0.000 35.070 21.838 1.26233
2.240 36.886 19.180 3.54841
1.020 31.180 15.537 5.00724
0.000 29.187 14.059 4.27871
0.365 28.576 14.215 3.31302
0.000 30.491 15.325 2.60066
0.000 31.325 17.288 3.36760
0.000 31.547 16.852 3.35089
0.000 32.008 16.575 2.94741
0.000 33.697 18.149 1.49233
0.000 35.279 20.706 3.57407
0.000 34.009 19.812 3.58253
0.000 32.481 19.742 3.25859
0.000 33.848 19.920 2.73900
0.000 34.870 19.626 2.98909
0.000 33.972 18.874 2.70195
0.000 35.237 19.674 1.27787
0.000 37.272 21.001 1.32658
0.000 33.746 19.407 3.83268
0.000 32.581 17.355 4.11832
0.000 31.327 16.535 3.72177
0.000 32.531 17.169 1.98736
0.000 35.108 19.595 1.24749
0.000 36.662 21.935 1.14265
0.000 37.588 22.061 0.93033
0.000 37.986 23.271 1.27977
0.070 39.065 21.931 3.19434
0.000 35.584 21.258 3.76054
0.000 35.587 21.786 2.17143
0.000 36.892 23.621 1.48184
2.195 36.785 24.738 1.54246
0.000 34.193 23.408 1.57773
0.000 36.938 23.382 1.91680
0.000 38.566 23.373 2.44451
0.000 38.229 21.033 2.37841
0.000 38.564 20.376 2.75916
0.000 38.855 20.560 2.55568
0.000 39.891 21.700 2.23615
0.000 40.184 23.330 1.27738
0.000 39.280 24.450 2.30421
0.000 39.068 24.156 2.39933
0.000 39.846 25.586 2.40534
7.160 38.284 26.364 1.96778
0.000 38.277 24.966 3.18020
0.000 39.512 24.122 3.65636
0.000 39.430 22.531 3.27652
0.000 40.178 21.758 2.69682
0.000 40.251 22.735 2.35250
0.285 39.432 24.569 2.23540
3.060 33.335 21.496 3.58075
11.825 31.297 21.831 2.18608
10.765 33.600 23.694 1.66730
0.000 30.234 22.775 2.01887
0.000 33.940 23.930 2.19948
5.170 34.214 24.690 1.86054
7.940 32.301 24.494 1.29160
0.245 34.381 21.581 1.75748
0.000 33.973 21.820 2.57580
0.000 36.164 23.404 1.95919
0.000 36.637 24.542 1.61187
0.000 38.031 25.546 1.43770
0.000 34.871 23.584 1.64394
0.715 36.513 23.258 1.83867
0.015 34.426 22.087 2.49515
0.365 33.432 23.064 1.70890
1.360 32.385 24.589 1.32779
0.585 31.721 24.062 0.82582
0.120 33.509 23.845 1.14355
13.380 34.492 24.622 1.32772
13.865 32.705 24.176 0.95472
4.655 29.330 23.298 1.21085
23.060 28.189 22.865 1.72401
41.685 29.101 23.047 1.64198
2.900 32.581 23.174 1.57542
0.965 32.674 24.008 1.19991
0.800 31.654 24.022 1.90692
25.605 31.247 23.662 1.42347
0.065 32.260 23.930 1.05822
3.880 31.939 24.140 1.14687
1.985 32.533 23.729 1.00486
3.105 32.879 23.605 1.58362
4.400 30.368 23.337 2.00452
0.515 33.933 23.221 2.35774
0.000 35.724 23.395 2.45103
13.170 34.762 24.853 1.55899
16.820 28.859 21.894 2.78080
0.150 29.988 20.446 3.23700
0.135 31.444 21.112 2.24585
0.000 32.903 21.776 1.53879
0.000 33.359 23.084 1.63635
0.000 33.513 23.981 1.35758
2.835 31.301 23.559 1.18237
11.955 30.209 23.851 0.77899
2.540 29.929 22.762 1.54776
0.000 30.763 23.151 1.78488
7.710 30.505 23.662 1.92092
8.355 29.660 23.071 1.54741
7.535 31.130 22.439 1.88849
3.930 27.243 20.414 3.02374
0.400 28.989 20.513 2.20921
7.820 30.130 21.014 1.27360
8.600 29.590 21.904 1.47254
12.295 29.826 22.494 1.35111
11.185 30.810 23.070 1.36532
27.130 29.948 22.743 1.47535
23.335 30.734 23.478 1.54966
0.000 30.589 22.742 1.69553
19.510 31.528 23.430 1.65396
7.680 30.023 23.102 1.52584
5.315 29.388 22.736 1.97376
0.010 30.330 23.326 2.01406
1.455 30.488 23.124 2.00264
1.115 30.707 23.637 1.95760
0.910 30.601 23.424 1.91494
0.250 29.330 23.142 2.03402
1.770 28.147 23.242 1.71225
0.395 31.610 23.435 2.37013
2.915 31.527 22.944 2.85079
0.005 31.546 23.966 2.54008
0.030 29.473 23.074 2.04766
0.920 29.829 23.075 2.24018
0.480 29.624 23.028 2.65536
0.000 30.758 23.463 2.78771
12.300 29.522 23.303 2.27475
0.000 30.254 22.846 2.34136
0.000 31.303 22.263 2.94220
0.000 30.474 22.668 3.43704
0.005 30.531 22.945 3.22624
10.305 27.881 22.987 2.07914
9.155 28.625 22.965 2.13197
0.085 29.644 22.841 2.28463
1.675 30.633 23.413 2.35552
3.230 29.991 23.582 1.71052
6.075 28.432 22.961 1.29678
48.959 29.635 23.527 1.61373
23.545 29.251 22.852 2.67393
4.000 29.676 23.065 2.28372
4.675 30.464 23.006 2.81922
9.230 28.019 22.593 3.00226
7.050 29.010 22.669 2.67752
0.670 30.095 22.792 2.95860
1.280 29.562 22.892 3.27425
0.005 30.930 23.230 3.10446
0.285 29.070 22.938 2.78237
0.160 29.130 22.993 1.80706
0.770 28.977 22.301 1.57637
3.095 29.765 23.228 1.65600
0.000 30.989 22.944 1.84326
0.000 31.686 23.949 2.22772
0.635 30.928 23.841 2.13667
3.380 29.850 23.506 2.60487
0.960 30.143 23.586 2.39338
11.130 27.120 23.148 1.30056
50.705 28.038 22.752 1.40256
19.845 28.199 22.802 2.35178
2.700 28.784 22.478 2.16181
0.440 30.793 22.738 2.25937
0.000 31.256 23.149 2.70637
0.000 31.205 23.335 3.12710
1.645 30.594 22.666 3.43239
0.005 30.614 22.757 3.42150
1.480 29.893 22.027 3.32346
0.005 30.595 22.243 3.30903
0.000 30.882 23.115 2.55947
0.035 32.020 22.601 2.92720
0.000 31.242 23.372 2.36951
0.760 30.694 23.189 2.28952
0.090 30.103 23.154 1.91877
13.510 30.106 23.468 2.10087
11.085 30.034 23.506 2.43853
0.035 30.676 23.391 2.38089
1.995 29.087 23.309 2.54223
0.375 30.339 23.397 2.79732
2.345 29.177 22.939 3.96829
7.995 28.553 23.168 4.46156
4.705 29.363 23.273 3.89366
9.765 30.340 22.569 3.25294
0.925 30.513 23.411 2.96985
7.960 31.039 23.284 3.15705
8.190 29.791 22.445 3.15373
7.800 28.017 22.698 3.54006
9.130 28.767 22.817 3.69360
2.255 28.644 22.487 3.90643
2.985 29.262 22.720 4.08311
3.830 27.889 22.067 4.00998
16.920 29.435 21.872 4.44826
0.015 29.033 21.536 4.27645
0.325 29.563 22.044 3.99883
0.235 31.916 23.076 3.38036
2.265 31.023 23.580 2.85116
1.590 28.758 23.062 3.02118
4.480 30.708 22.610 3.57117
2.565 27.282 21.237 3.20469
3.315 31.181 22.368 3.27505
2.005 30.316 22.370 2.47826
5.390 30.473 22.582 2.26026
0.070 29.986 22.398 1.83309
1.955 28.015 21.868 1.42276
6.455 31.443 22.826 1.68567
17.185 29.293 23.284 0.98321
0.865 29.652 22.642 1.24423
0.000 31.094 22.901 1.43939
5.715 30.997 23.738 1.36450
0.570 29.646 23.089 1.29226
27.145 29.888 22.844 1.85553
0.250 27.828 22.585 1.12331
1.255 28.850 22.962 1.26206
0.000 27.562 22.440 1.03727
15.795 28.965 22.272 1.10770
9.135 27.284 22.300 1.69761
0.025 28.771 21.761 1.92053
10.955 28.683 22.115 1.36414
0.835 28.502 22.718 0.98161
3.560 30.017 22.447 0.78827
0.000 31.306 22.548 0.98170
11.350 31.270 22.935 1.13845
4.215 29.914 22.963 1.23905
39.304 27.580 22.242 1.02068
38.185 28.620 22.437 1.98414
0.545 29.099 22.372 1.99589
19.115 28.590 22.552 1.96518
0.150 26.906 22.876 2.11775
1.555 27.586 22.268 2.02566
0.000 28.848 22.263 2.42561
0.000 29.262 21.789 2.42335
0.695 30.473 22.785 2.09796
7.940 28.686 22.812 2.02168
1.900 28.177 22.512 2.58598
6.405 28.270 22.619 2.55263
0.000 29.304 22.691 1.94189
0.000 29.764 23.021 1.87297
1.950 26.705 22.284 1.57777
4.245 29.875 22.397 1.37237
1.115 28.938 22.910 0.93111
19.105 30.524 23.050 1.00944
0.000 29.260 22.365 2.96381
0.085 28.904 21.788 2.22332
8.440 30.000 22.648 1.46508
4.550 28.358 22.378 1.55790
1.145 27.381 20.038 2.02631
7.040 29.480 21.152 2.07764
1.810 29.388 21.451 2.16151
3.685 28.736 22.677 2.15339
22.285 27.352 22.143 1.46229
0.000 29.581 21.276 1.51784
0.000 28.739 22.307 1.69067
0.000 29.711 21.981 1.73309
1.400 30.323 21.731 1.69150
2.755 30.626 22.086 0.97617
0.860 31.086 23.189 0.72124
0.150 31.039 23.286 0.85983
17.380 30.323 22.303 0.74462
0.000 29.074 22.554 1.02786
0.630 28.787 22.783 1.64973
7.225 30.172 22.667 2.56930
38.325 29.459 22.035 1.62493
2.535 28.180 22.155 1.74899
0.000 28.408 21.574 2.55982
0.000 26.383 18.056 3.87094
0.000 26.725 16.116 3.27071
0.945 26.686 17.367 2.37018
1.295 24.699 17.902 1.86490
0.000 28.117 18.901 1.39882
0.000 29.400 21.758 1.95679
4.235 29.403 21.081 3.17346
0.890 28.458 21.617 4.26695
24.895 27.100 22.655 3.96274
0.600 28.389 21.607 2.39103
0.000 29.105 21.722 1.69521
0.165 29.449 21.764 1.93364
0.000 27.035 22.153 1.59123
2.525 28.037 21.673 1.27692
21.030 29.197 22.396 1.48901
16.805 28.047 16.959 3.81556
1.495 25.267 15.887 4.86841
1.635 21.705 16.086 3.99700
1.110 25.354 16.742 4.14292
1.275 24.122 18.083 2.93961
1.630 25.009 19.504 2.31482
0.045 28.465 20.389 1.05339
0.030 29.176 21.631 1.20867
0.000 29.491 22.228 1.04291
0.020 28.246 21.844 1.13361
0.000 28.463 22.512 0.68196
0.060 29.573 22.872 0.71723
6.550 30.497 22.038 0.68118
0.835 28.841 20.302 1.97590
0.000 28.316 17.337 2.61959
0.000 27.338 18.218 2.91452
0.000 26.953 16.241 3.51762
0.000 26.438 16.375 2.81957
0.000 26.101 14.838 2.54946
0.040 25.865 15.086 2.51509
0.045 25.916 14.884 2.41915
0.000 27.076 15.760 2.27761
0.000 27.844 19.908 2.12161
0.000 29.111 19.645 2.31913
0.000 29.235 18.323 1.97345
0.000 29.504 18.654 1.72479
0.000 29.598 18.746 2.22281
0.000 29.152 15.551 4.05739
0.000 24.313 13.630 4.14405
0.000 25.031 13.591 3.67685
0.000 25.543 13.045 3.64306
0.000 25.295 13.423 3.86979
0.370 24.441 15.643 4.08477
0.070 22.313 14.775 4.23330
0.050 24.017 13.746 4.47205
0.000 21.155 12.402 4.17390
0.000 22.771 11.994 3.80278
0.000 24.991 12.224 3.84257
0.000 24.249 12.571 3.47251
0.235 25.285 13.142 2.69546
0.010 27.656 15.899 2.58100
0.160 27.438 17.053 2.59006
0.000 27.079 16.923 3.19431
0.000 27.583 14.529 3.72408
0.000 26.516 14.683 3.00696
0.000 27.698 15.261 2.67947
0.000 27.801 14.858 3.62679
0.000 26.982 12.722 4.25090
0.000 25.644 12.057 4.10584
0.000 24.934 10.293 4.48916
0.000 24.339 9.036 5.31738
0.000 19.509 5.394 5.15268
0.000 19.312 4.554 4.11395
0.000 19.061 4.983 3.55622
0.000 20.723 6.057 3.12485
0.000 21.736 7.164 2.93716
0.000 23.141 8.625 2.68649
0.000 25.371 9.654 2.35724
0.000 27.752 13.994 1.94546
0.000 29.343 17.072 2.12757
0.000 31.023 16.626 2.38041
0.000 30.676 17.245 2.65176
0.000 30.361 17.712 2.80387
0.000 31.049 18.012 2.05049
0.000 31.748 17.874 1.58566
0.000 32.979 18.517 0.99764
0.000 33.467 18.478 0.87615
0.000 33.364 19.244 0.83260
0.000 32.051 20.744 1.06787
2.820 32.051 21.547 0.81898
0.000 32.900 21.678 0.84995
0.000 33.325 21.881 1.02196
0.040 33.411 21.460 0.89988
0.000 34.054 20.738 1.34505
0.000 34.692 19.633 1.12871
0.000 34.536 16.269 0.89828
0.000 34.035 16.157 1.55279
0.000 33.674 17.057 1.89858
0.000 28.050 15.714 3.34875
0.000 25.107 13.743 3.86613
0.000 23.555 13.909 2.96216
0.000 27.436 16.246 2.67634
0.000 30.573 16.677 2.53780
0.000 32.097 15.898 1.87754
0.000 33.183 17.073 2.08276
0.000 29.554 16.156 4.55754
0.000 27.718 12.361 5.09899
1.200 26.684 11.023 4.59443
0.000 27.386 11.441 3.41225
0.000 28.731 13.147 4.14019
0.000 28.527 12.007 4.58157
0.000 27.824 10.107 4.68157
0.000 25.782 9.770 4.16602
0.000 27.373 10.637 2.61430
0.000 29.115 12.435 2.28065
0.000 31.346 13.741 2.29926
0.000 32.024 15.159 2.74150
0.000 31.528 13.776 2.93202
0.020 31.912 13.404 2.93598
0.000 30.751 13.085 2.72822
0.000 30.871 13.813 1.68543
0.000 32.809 15.361 1.17465
0.000 33.591 17.161 0.90422
0.000 34.391 18.366 1.08824
0.000 35.766 19.738 0.79899
0.000 36.311 20.685 1.34768
0.225 31.733 20.728 2.27016
0.055 32.918 21.062 1.85434
0.000 34.004 21.092 1.69390
0.550 33.997 22.249 1.62090
0.015 33.303 21.801 2.48347
0.000 34.540 22.910 1.80943
0.000 34.693 22.640 1.79618
0.000 35.523 23.145 1.53915
0.205 35.772 24.083 1.88329
25.300 33.562 22.640 1.50702
0.865 27.299 15.462 4.15157
0.875 27.349 14.004 5.02805
0.005 29.728 14.562 2.83884
0.000 33.085 17.139 2.83734
0.100 23.915 14.838 4.37576
0.350 20.569 14.831 4.05997
0.770 28.458 15.383 2.95385
0.165 32.015 18.769 1.53185
0.000 34.583 22.605 0.95029
0.000 36.577 20.507 1.42497
0.000 36.995 20.807 1.22131
0.000 37.241 19.802 1.71768
0.000 37.294 21.143 2.28420
0.000 36.375 22.845 2.00204
0.000 35.292 21.942 2.28136
0.000 35.987 20.474 2.67238
0.000 37.026 18.219 2.20278
0.000 37.149 19.357 1.46366
0.010 37.911 20.268 1.53316
0.000 37.497 20.229 1.90991
0.000 38.102 20.807 2.19320
0.000 38.626 22.707 1.83210
0.000 38.158 24.653 2.36047
0.000 37.991 23.818 1.91974
0.170 37.515 25.263 1.47161
0.000 36.170 25.515 1.33384
15.545 35.583 25.524 0.95836
4.255 36.202 25.067 1.78050
0.025 35.367 22.952 3.81145
0.000 34.502 21.195 3.88710
0.000 33.715 20.025 4.81127
0.005 34.513 20.942 2.22821
0.040 37.039 21.493 2.25846
0.015 37.365 22.599 1.79943
0.000 37.453 24.330 2.12539
0.175 35.215 24.142 2.52659
0.000 35.980 23.620 2.53866
0.000 38.050 24.556 2.74785
0.000 37.166 24.513 2.43006
0.000 39.308 25.270 1.96584
16.250 37.920 24.336 1.54517
0.005 33.159 25.489 1.44497
1.940 34.002 24.142 1.18471
0.675 35.430 24.940 0.79608
0.000 37.761 25.356 1.14411
44.720 31.124 22.833 1.99475
0.325 29.467 22.907 1.66352
3.930 30.163 23.000 1.77782
5.935 29.892 22.636 1.01475
0.870 31.782 23.490 0.80617
13.855 29.301 19.230 2.67142
3.155 30.705 20.207 2.88286
0.215 28.207 21.152 1.45985
2.310 32.671 23.479 0.87042
0.060 32.681 24.194 1.07675
11.575 29.431 23.430 0.97131
14.580 30.446 24.151 0.82402
11.560 29.792 23.149 1.08907
1.965 31.253 23.526 1.49948
0.000 31.283 23.248 1.60095
0.020 31.532 23.181 1.72526
0.775 31.211 23.433 1.73504
30.710 30.601 23.338 1.17204
2.605 29.479 23.066 1.19130
16.640 29.733 23.292 1.19846
5.470 30.452 23.451 0.94840
0.065 31.186 23.452 1.48819
0.230 31.469 23.163 1.28891
26.310 31.201 23.117 1.13001
9.075 30.204 22.506 1.04559
1.265 29.516 22.142 1.22192
7.865 32.166 22.695 0.92144
0.240 31.763 23.050 1.40489
1.295 31.290 23.108 1.71459
0.000 33.098 23.280 1.96506
10.705 33.097 24.849 1.87712
19.500 30.498 23.194 1.60589
17.180 27.951 22.292 1.76104
7.700 28.343 23.264 1.75107
13.165 27.209 22.919 1.98403
2.715 28.600 23.578 1.83920
1.540 31.641 23.342 2.66680
2.195 32.905 23.555 2.62855
0.530 32.228 23.971 2.60623
21.000 29.877 24.303 2.15367
33.630 30.310 21.194 2.26740
2.795 29.322 21.547 0.99267
1.530 29.517 22.752 1.84570
0.140 30.868 23.091 1.62531
0.520 31.017 22.885 2.00475
6.520 30.754 23.757 2.23875
0.000 31.251 23.481 2.28269
0.000 31.314 23.581 2.04975
0.000 30.658 23.763 1.82948
0.970 31.604 24.104 1.58984
33.230 30.038 23.909 1.22330
2.580 30.435 23.692 1.43902
39.910 29.961 23.700 1.77464
3.585 27.964 23.484 1.18767
4.310 29.446 23.778 1.79970
8.440 29.947 22.933 1.66050
2.065 30.690 22.712 1.23456
0.725 29.691 22.786 2.01853
1.175 30.960 22.912 1.78488
4.155 29.754 23.692 2.27700
5.940 29.141 23.391 2.85414
1.360 29.623 23.251 2.48046
0.380 29.147 22.704 2.88799
0.000 30.235 22.661 3.26162
5.675 28.810 23.073 2.72477
8.125 29.667 23.461 2.39743
14.055 29.653 23.152 2.66059
20.575 30.586 23.028 2.75131
11.310 29.387 23.549 1.75568
6.025 28.642 23.023 1.61903
8.325 29.387 23.073 1.89160
3.080 28.268 22.727 1.61787
1.850 29.384 23.280 1.88749
4.425 29.247 23.338 2.06080
14.795 27.072 22.765 2.76760
11.055 27.012 23.028 2.54391
11.545 28.689 23.055 2.22069
11.910 27.996 22.160 2.30306
6.020 28.886 22.249 1.74967
0.510 28.913 21.804 1.79042
1.370 30.312 23.044 1.10454
12.600 30.470 23.135 0.72997
16.290 30.403 22.657 1.32666
2.575 30.555 23.626 1.34634
5.390 29.344 23.627 0.88280
2.690 30.382 23.488 0.85414
21.240 30.236 23.612 1.59984
3.735 27.260 22.065 2.11832
0.490 30.284 23.215 2.89632
2.400 29.079 22.442 3.75669
4.370 28.733 23.127 2.92767
24.350 28.837 22.879 2.23313
16.900 29.101 22.311 3.91186
27.215 27.182 21.793 3.71501
0.000 29.498 21.610 3.79313
0.320 30.354 22.409 3.34654
1.835 29.973 23.387 2.66382
5.515 28.843 22.545 3.49409
2.320 28.554 21.669 3.54827
4.965 28.052 21.646 3.12546
0.485 28.511 22.321 3.23081
0.490 29.752 22.596 2.63511
3.900 30.149 22.970 2.16456
1.115 30.243 23.108 2.12905
1.775 29.708 22.973 2.04004
13.050 29.190 23.033 2.10784
0.590 29.330 22.310 2.71142
0.000 28.615 22.499 2.87630
0.885 29.769 22.875 2.77540
7.615 28.551 23.214 1.59244
2.330 27.660 21.878 2.01037
0.175 29.690 22.124 1.93824
0.800 28.891 22.802 1.97401
1.475 30.507 22.464 2.48120
6.590 30.083 23.395 2.59479
0.230 28.532 22.549 3.00094
2.990 29.338 22.487 2.86106
0.035 27.874 22.088 2.20235
2.065 29.693 22.932 1.74891
42.341 27.842 22.473 1.41257
23.270 27.895 22.004 1.62351
11.455 28.937 22.225 1.58634
0.210 30.151 21.552 1.41029
0.000 31.371 22.331 2.02494
6.865 31.568 22.898 2.11100
0.115 29.722 23.213 2.35345
7.960 29.092 22.178 2.89241
0.000 29.873 22.274 2.88580
0.220 29.916 22.837 2.65985
18.045 28.235 22.724 1.59577
13.750 29.073 23.108 1.02189
1.435 27.921 21.739 1.88471
2.045 31.269 23.027 1.26959
0.965 30.450 23.205 1.69228
40.265 30.026 23.290 2.49143
62.270 26.921 22.757 3.81502
7.765 26.206 23.006 3.21206
2.585 27.551 23.405 2.56608
13.555 28.806 23.001 2.58038
22.550 27.853 23.324 2.51550
0.705 29.203 23.311 3.01678
3.610 28.342 22.559 3.37436
7.510 27.856 22.343 3.36618
5.235 29.552 22.705 3.15225
3.690 28.532 22.301 3.12237
7.395 28.097 22.561 2.65405
8.315 28.705 22.764 2.59325
8.670 27.193 21.265 3.44158
24.980 27.244 21.318 3.06533
3.660 28.785 21.575 2.75066
10.345 28.450 21.967 2.12074
14.415 28.470 22.837 1.29762
10.620 30.110 23.273 1.23131
46.060 29.365 23.210 3.06355
11.360 28.296 22.470 3.10670
0.480 28.259 22.176 2.21492
7.115 28.742 23.112 1.34686
2.070 29.037 19.690 2.25340
1.535 29.561 18.275 1.88820
1.230 28.700 18.447 1.98480
0.000 28.707 18.932 1.74116
0.000 30.033 19.749 1.29023
0.725 29.967 20.562 1.59090
0.125 29.820 22.152 2.59181
0.000 29.455 22.236 2.43766
10.240 29.032 21.336 2.00162
1.210 29.557 22.208 1.32224
4.075 28.949 22.454 1.51593
1.255 29.746 21.906 1.32812
11.715 29.605 22.307 1.45359
23.620 28.751 22.887 1.25616
1.190 28.035 22.147 1.51110
0.775 28.520 22.202 1.44186
10.420 28.720 22.252 1.46474
0.745 30.447 21.364 0.84507
3.330 30.428 22.134 1.30041
0.505 31.236 22.920 0.89382
3.015 29.725 22.962 0.48254
24.365 28.816 21.760 0.81817
1.625 28.795 21.587 1.30717
1.275 29.707 21.854 1.47743
3.030 29.856 22.041 1.29547
1.460 29.882 22.473 1.28142
0.225 30.405 22.905 0.89946
6.865 31.435 22.950 1.24761
1.170 30.159 23.208 1.19156
2.265 29.467 19.861 2.12369
4.095 28.738 17.742 2.40041
0.825 27.410 17.168 2.47840
0.000 27.071 18.085 2.91224
1.140 25.905 19.087 3.33595
0.725 28.028 19.117 2.33711
0.310 28.701 20.582 1.46274
0.000 30.122 22.160 1.05949
7.555 30.943 22.511 0.94810
24.335 27.696 22.039 1.51183
36.330 26.486 22.189 1.73260
7.035 28.560 22.342 1.96696
0.000 29.262 21.195 2.16218
0.000 29.210 21.605 2.15153
0.500 29.125 22.316 2.20340
0.785 28.969 21.960 2.47142
0.220 29.039 18.168 3.24864
0.000 26.612 18.275 2.25125
0.000 26.747 15.911 3.08190
0.000 24.228 11.952 3.63318
0.000 23.571 10.893 2.91836
0.000 23.296 11.924 2.22064
0.000 24.589 11.382 2.08167
0.000 24.873 12.786 1.76673
0.000 27.464 14.149 0.99556
0.000 27.758 14.896 1.39524
0.000 27.654 14.840 1.59418
0.000 27.289 15.356 1.80501
0.000 27.662 16.543 2.30387
0.600 27.937 17.685 3.00004
0.000 27.005 15.738 3.65231
0.000 25.958 16.152 3.20511
0.000 27.516 16.758 2.73146
0.000 28.746 18.431 3.27855
0.135 28.152 17.938 3.92799
0.905 26.570 16.239 4.03728
0.030 26.451 16.560 2.54052
0.000 28.255 18.796 2.56553
0.595 25.498 13.871 4.22284
0.000 24.347 12.834 3.53075
0.285 24.941 13.295 2.97618
0.040 25.200 15.090 2.41262
0.060 27.962 16.983 2.29227
0.040 28.435 19.979 2.02288
0.000 29.561 20.385 2.14558
0.000 29.735 21.138 2.44676
0.000 29.578 19.592 2.53305
0.000 29.003 19.454 1.91893
0.000 29.504 19.668 1.71084
0.000 30.294 20.135 1.67589
0.000 30.095 19.288 2.15034
0.065 28.465 14.268 3.53718
0.000 25.931 14.613 2.47899
0.000 27.007 15.256 2.17533
0.000 27.618 16.387 2.18726
0.075 27.298 17.813 2.90491
0.000 27.889 18.465 2.50487
0.000 28.825 19.025 1.63398
0.050 29.185 19.867 2.54273
0.000 29.444 18.432 2.61152
0.000 29.541 17.728 2.76457
0.000 27.612 15.539 3.34190
0.000 25.864 15.707 2.97856
0.000 27.667 16.357 2.42911
0.000 29.637 18.202 2.63841
0.000 29.815 17.676 2.15361
0.000 29.619 17.373 2.04202
0.000 30.177 18.115 1.90824
0.000 30.734 17.508 3.14452
0.230 29.244 16.128 3.39106
0.000 26.775 15.191 2.57339
0.000 27.026 12.762 2.89495
0.000 26.034 11.532 2.80490
0.000 26.010 12.197 2.64033
0.000 27.235 13.780 2.62646
0.000 27.856 15.731 3.14966
0.000 28.398 17.843 2.93482
0.000 28.133 17.785 2.37237
0.000 30.329 18.212 2.42607
0.000 29.235 14.525 2.79551
0.000 27.697 14.287 1.93587
0.000 28.905 14.302 1.48508
0.000 29.537 15.036 1.46820
0.000 29.828 16.759 2.51930
0.000 29.661 17.576 1.63327
0.000 29.483 18.041 1.31804
0.000 30.636 18.756 1.13625
0.000 31.000 20.445 0.97677
0.000 31.058 20.386 1.11263
0.000 29.382 18.256 1.55731
1.195 30.728 18.876 1.01451
0.000 30.267 20.002 1.41727
0.000 27.724 19.165 2.54166
0.300 25.749 18.487 2.64167
0.000 27.306 14.733 4.21677
0.000 25.109 14.788 3.87721
0.000 28.794 15.118 2.87093
0.000 29.815 16.804 2.25753
0.000 30.683 19.322 2.33382
0.000 31.734 20.243 2.27721
0.000 31.555 21.036 1.14871
0.000 32.560 22.473 0.98900
0.000 32.611 22.016 1.13913
0.000 34.364 21.387 2.23073
0.000 33.640 21.336 2.33989
0.000 34.470 21.226 1.71018
0.000 33.524 21.314 1.25065
0.000 30.475 15.346 3.50764
0.000 29.271 15.233 3.16240
0.000 31.109 16.108 1.47820
0.000 32.215 18.354 1.38090
0.000 33.229 19.560 1.20757
0.000 33.373 19.420 0.83392
0.000 33.739 20.349 0.91563
0.000 33.826 20.102 1.83758
0.000 33.369 21.000 1.13624
0.000 32.265 22.212 1.19748
0.000 34.553 21.500 2.28297
0.000 32.767 20.258 3.21460
0.025 33.415 17.684 3.24294
1.815 31.221 16.843 3.26523
0.000 31.356 17.320 2.19391
0.000 33.926 19.032 2.29161
0.000 34.496 17.669 4.00641
0.000 30.862 14.321 4.61495
0.000 30.322 14.964 3.90107
0.000 29.804 14.485 3.79949
0.000 30.580 15.504 2.54962
0.000 32.556 17.607 1.23509
0.000 34.025 19.048 1.07296
0.000 33.897 20.423 0.91484
0.000 34.297 21.506 0.93378
0.000 34.677 22.404 1.52450
0.000 33.143 20.613 1.98661
0.000 36.123 19.019 2.28731
0.000 36.153 19.483 2.13906
0.000 34.264 20.534 1.37921
0.000 35.205 23.140 1.40468
0.000 35.497 20.872 1.80600
0.000 34.583 18.456 2.74638
0.000 35.323 20.017 1.40627
0.000 37.194 21.522 2.32879
0.025 34.403 19.201 3.68468
0.000 34.954 20.225 1.33887
0.000 36.549 22.538 0.86130
0.000 37.091 23.957 0.69111
57.905 33.421 18.498 3.42544
0.240 25.061 17.621 4.85351
0.290 24.342 17.908 3.17710
0.140 29.842 19.767 2.59170
0.990 27.406 18.314 4.00361
0.345 26.982 18.489 2.31833
0.050 30.566 20.996 1.52809
0.685 34.042 22.794 1.80725
0.000 33.612 22.867 1.99410
0.000 34.836 24.289 1.34937
1.250 34.611 23.535 1.18995
4.470 31.997 23.365 1.34593
0.000 32.972 23.603 1.63012
0.750 31.718 22.847 1.62609
0.155 31.391 22.363 1.48122
2.210 33.278 22.858 2.23796
0.090 34.050 23.268 2.02050
0.470 33.909 23.191 1.99345
0.985 30.263 22.649 1.74171
0.000 34.420 21.934 1.75515
0.000 36.266 23.373 1.46573
0.135 34.586 20.475 2.73423
0.000 35.018 21.679 1.93971
0.010 36.507 23.936 1.57885
0.000 34.778 24.461 1.63299
0.005 35.187 24.795 1.18390
0.000 33.759 24.007 1.41442
0.000 37.835 24.464 1.61852
0.000 38.454 25.464 1.91134
0.000 36.810 25.146 1.60925
0.000 37.259 24.586 2.16027
0.000 38.812 24.161 3.00295
0.010 36.259 24.384 2.32306
0.000 40.457 25.306 1.97092
2.125 39.267 20.771 3.43379
0.000 32.531 21.332 2.51906
0.000 37.848 24.612 1.50699
0.290 37.213 26.183 1.07897
10.050 36.267 25.072 1.27109
0.000 35.997 24.583 1.70488
0.005 39.138 24.566 2.38297
0.000 37.996 24.701 2.56185
0.000 38.174 23.848 2.73683
0.000 39.433 24.429 2.66127
0.000 40.683 24.827 2.54959
0.000 41.130 25.986 2.11772
0.010 39.923 27.035 2.00460
1.865 38.280 26.193 1.68171
1.695 33.929 24.664 1.69521
0.930 34.520 25.038 0.99540
6.145 34.652 24.844 1.05939
1.975 38.210 25.895 1.42193
1.655 33.730 25.221 1.34348
29.845 33.455 24.103 1.28050
16.765 32.484 24.609 1.34802
20.395 30.847 24.200 1.01226
8.335 28.881 22.872 1.59069
3.925 30.555 22.787 1.50477
6.500 33.032 22.923 1.75454
0.000 35.408 22.612 2.27505
1.290 36.327 24.476 2.23210
0.620 32.942 23.963 2.78599
0.695 35.533 23.789 2.30780
29.655 32.041 21.730 1.25744
3.395 30.318 21.791 2.52525
0.005 30.799 23.337 1.32813
0.000 32.133 23.684 1.23572
7.335 33.677 24.358 1.08906
22.380 30.677 24.113 1.14984
0.990 31.175 23.659 0.99723
0.000 30.181 23.407 2.25275
0.000 30.816 23.282 2.43439
0.000 31.027 23.768 2.20136
0.000 31.647 23.793 2.64237
0.060 31.189 23.388 2.32249
0.000 30.693 23.468 2.59348
1.625 33.248 24.039 2.78510
0.265 32.422 23.768 2.70189
0.000 32.507 23.504 2.44555
9.745 32.811 23.953 1.90227
1.925 31.136 23.419 1.99632
1.785 31.243 24.179 2.15716
39.390 29.810 23.663 2.29557
3.780 30.525 23.887 2.13313
0.710 31.344 23.978 1.94188
0.735 31.093 24.087 1.30837
19.325 30.847 23.908 0.89071
0.100 29.671 22.880 0.82476
5.335 31.483 23.262 1.91425
2.070 30.638 23.364 1.86929
7.910 30.540 23.513 1.33181
28.770 29.269 23.030 1.91610
3.940 30.238 23.198 1.92075
6.480 30.443 23.711 2.07339
8.385 29.148 23.583 1.80014
4.165 29.416 23.301 2.43559
1.430 29.407 22.457 3.24344
5.055 30.375 23.002 3.28743
1.380 27.926 22.615 2.95902
0.345 30.588 21.946 3.19621
0.000 30.953 22.318 2.68511
0.000 32.418 23.010 2.37817
0.000 33.768 23.182 3.05196
0.000 32.026 23.148 3.70250
0.800 31.944 23.528 3.88889
0.075 32.146 23.463 3.34024
6.495 31.478 23.611 2.30189
15.225 30.439 23.276 2.62282
7.465 29.744 22.925 2.51175
2.505 28.905 23.413 2.56144
3.750 28.714 23.045 2.44074
11.080 29.686 22.951 3.40090
6.430 29.203 22.823 2.94547
2.130 29.682 22.629 2.06339
0.345 30.792 22.698 2.67881
0.095 31.107 23.445 3.30771
1.380 30.867 22.985 3.89673
1.405 31.188 23.478 3.45264
0.920 31.175 23.110 3.45554
1.230 31.639 23.244 3.71402
0.850 30.768 23.310 3.93156
1.065 29.953 23.048 3.75332
28.894 28.626 21.923 2.90718
9.290 29.616 22.302 1.45616
3.840 29.351 22.270 1.74399
0.000 30.815 23.341 1.92662
0.000 29.546 22.872 2.51215
0.630 29.905 23.112 2.85902
5.225 30.710 23.258 2.74524
0.665 30.700 23.108 2.29797
0.025 29.151 22.917 2.96208
0.000 29.450 22.258 3.34376
0.355 30.371 22.472 3.21521
0.515 31.153 23.440 2.68907
3.820 30.155 23.311 2.48503
9.155 29.964 23.037 3.43995
26.395 28.995 22.384 2.67453
0.000 30.529 23.061 2.38834
5.555 30.938 23.505 2.03955
1.045 29.233 22.750 2.25760
0.835 30.623 23.012 2.27447
8.050 32.536 23.223 2.74142
2.425 31.280 23.126 2.62422
0.335 31.062 23.266 2.54079
0.000 30.492 22.858 2.38453
0.000 30.929 23.058 2.69850
3.190 30.800 23.271 3.27101
2.590 29.702 22.708 3.11832
5.010 30.685 23.464 1.92341
10.895 29.841 23.343 1.04313
3.795 31.538 23.374 1.58911
19.675 28.754 23.057 1.79743
48.659 29.999 22.844 1.65633
24.680 30.042 23.664 2.05498
12.610 29.254 23.586 2.70508
34.470 26.861 22.846 3.24321
15.855 27.866 22.217 3.75701
2.420 29.874 22.653 2.28783
4.195 30.411 23.159 1.77976
1.620 29.205 22.827 2.43311
1.950 28.507 22.606 2.99449
1.380 29.765 22.315 3.36397
3.060 30.360 22.630 3.19592
0.105 28.664 23.084 2.86777
0.015 31.340 22.541 2.46226
0.145 31.287 23.462 2.23728
4.575 31.484 23.827 2.05009
0.090 29.109 23.157 2.35674
0.000 31.000 23.468 2.22137
2.080 31.780 23.580 2.64206
1.820 30.518 23.192 2.98318
4.940 29.505 23.187 2.52111
11.245 28.053 23.128 2.70191
1.990 29.262 22.318 2.45476
3.390 29.131 23.035 2.22777
6.400 30.799 22.115 3.05418
3.690 29.339 22.454 2.35273
5.835 30.355 23.140 2.30716
1.585 30.582 23.031 1.64451
10.705 28.465 22.978 1.91147
35.215 28.553 23.138 1.76637
6.340 28.936 22.835 1.63739
11.630 29.228 22.769 1.49834
0.140 30.302 23.300 1.89598
9.215 28.410 23.220 2.19788
6.605 27.379 22.959 1.81605
4.950 28.191 22.421 1.22204
11.305 28.160 21.886 1.54119
1.535 27.239 22.431 1.70058
16.370 28.967 21.736 1.65161
0.000 29.087 22.566 1.12011
0.000 30.954 22.678 0.91327
0.365 31.877 22.984 1.56845
2.060 30.978 22.783 1.24958
0.655 30.239 22.741 1.38146
4.030 30.516 22.107 1.41146
28.910 30.341 23.224 1.09601
16.055 27.128 22.445 0.83033
7.365 27.980 22.976 1.60337
0.825 28.927 22.366 1.68469
14.035 29.516 23.051 1.44566
6.895 30.238 22.620 1.34155
0.000 29.702 21.624 1.25690
0.000 30.441 22.056 1.70593
0.000 29.932 21.443 1.64983
0.000 29.839 21.317 1.25642
0.000 29.898 21.718 1.89065
0.905 30.009 22.560 2.19760
0.925 30.645 23.246 1.66535
15.810 28.063 22.583 1.04398
0.000 29.610 22.051 2.19124
1.800 29.781 22.598 1.70631
0.240 29.462 22.222 1.52869
17.170 29.068 22.707 1.29110
0.055 30.102 23.206 0.58842
3.270 27.955 21.816 1.59684
0.000 29.912 22.137 1.68386
0.000 29.875 22.052 1.75192
0.000 29.270 22.595 1.84527
0.240 29.968 23.154 1.91383
0.000 29.930 22.499 1.89124
0.000 30.841 22.518 2.24966
0.000 30.055 21.214 2.13169
0.000 29.966 20.101 2.08364
0.000 29.458 21.425 2.68404
0.000 29.275 21.042 2.72854
1.405 30.044 21.482 2.55623
0.055 29.539 21.260 2.98591
15.770 28.763 21.899 4.26704
5.165 25.827 22.381 4.43438
9.920 28.506 22.470 2.04847
0.130 28.349 22.150 1.45094
1.600 29.337 21.718 1.41606
29.935 29.522 22.119 1.52745
1.245 28.944 20.225 2.94223
0.000 28.288 20.243 3.16753
0.000 28.836 20.742 2.40950
0.010 29.763 22.270 1.76185
0.750 29.095 22.461 1.77288
0.225 30.136 22.630 0.91823
0.000 30.381 21.772 0.89429
0.000 30.089 20.757 1.48060
0.000 29.467 20.696 2.78474
0.000 27.487 18.181 4.19274
0.000 28.460 18.706 3.16842
0.000 29.079 19.813 2.80100
0.000 28.639 17.014 3.31984
0.000 26.892 15.218 2.88298
4.165 25.964 14.614 2.84206
2.265 26.919 15.790 2.97806
3.575 25.928 16.038 4.12751
0.000 19.149 13.224 5.33459
0.000 19.994 13.308 4.00200
0.000 23.719 14.187 3.03296
0.000 25.399 15.062 3.00788
0.000 25.388 12.841 3.51288
0.000 24.644 12.694 3.90611
0.000 24.613 12.512 3.16276
0.000 24.542 12.600 2.83587
0.000 24.807 12.770 2.48195
0.000 26.346 13.713 2.13879
0.000 26.720 16.284 2.15508
0.000 27.260 13.329 2.42046
0.000 25.290 12.503 3.31057
0.005 25.886 13.418 2.08676
0.000 26.967 15.961 1.23340
0.000 28.614 16.194 1.33816
0.000 29.697 17.111 1.42616
0.000 30.673 18.780 1.36281
0.000 29.404 19.149 1.33161
0.000 30.601 19.150 1.43487
0.000 29.466 19.094 1.13868
0.000 30.979 19.293 1.50752
0.000 31.420 17.985 2.45261
0.000 29.681 17.975 2.91162
0.000 29.924 17.303 2.51020
0.000 29.671 16.564 2.60235
0.000 29.264 16.758 3.27872
0.000 27.922 16.985 2.54863
0.000 29.965 18.965 2.25213
0.000 30.494 15.926 4.23528
0.000 24.999 13.563 4.18772
0.000 26.306 13.822 2.96373
0.265 28.983 17.555 2.12639
0.000 31.427 19.957 2.30746
0.000 31.277 18.469 2.90934
0.000 29.662 17.337 3.40534
0.000 29.664 17.465 3.77599
0.000 25.975 12.236 4.87790
0.000 23.923 10.452 4.15487
0.250 24.413 10.796 3.00894
0.000 25.093 11.983 2.97771
0.015 25.094 12.535 3.43499
0.000 26.582 14.154 2.97676
0.000 27.820 15.092 3.29829
0.000 27.569 14.431 3.83313
1.140 26.390 12.356 3.18356
0.000 26.840 12.088 2.27752
0.000 28.395 12.850 1.70355
0.000 29.437 14.542 2.45654
0.000 27.693 13.770 3.76729
0.000 26.587 13.452 3.31736
0.000 25.152 13.453 3.11047
0.000 26.187 14.040 2.68221
0.000 28.123 14.584 2.94247
0.030 27.845 13.591 3.38731
0.000 27.598 14.125 3.10431
0.000 28.844 14.482 2.51511
0.000 29.940 15.343 2.01451
0.000 30.656 16.246 1.36290
0.000 31.637 17.054 1.26746
0.000 31.004 17.756 2.07241
0.000 30.858 17.655 1.64945
0.000 32.110 17.636 1.10459
0.000 32.310 17.786 1.21958
0.000 33.380 17.623 0.88153
0.000 33.868 17.316 1.14873
0.000 34.779 18.119 2.01363
0.000 34.217 18.559 3.14942
0.000 30.788 15.884 3.77674
0.000 30.351 15.754 3.57036
0.000 30.786 16.136 2.39282
0.000 32.348 17.960 1.40340
0.000 34.066 18.169 1.47178
0.000 33.957 17.725 1.26300
0.000 32.447 18.069 1.79138
0.065 30.731 15.762 3.57466
0.000 29.849 14.938 4.09740
0.000 30.490 15.439 3.16060
0.000 31.054 16.894 2.42555
0.000 31.891 15.840 2.84011
0.000 29.726 15.653 2.64769
0.000 30.736 16.388 1.33633
0.000 32.155 18.927 0.92548
0.000 30.202 20.769 1.08698
0.000 28.118 19.877 1.08192
0.000 33.208 20.664 1.22489
0.000 34.296 20.623 1.23028
0.000 35.402 20.672 0.74266
0.000 36.195 19.578 2.13439
0.000 33.224 18.678 2.91426
0.000 33.355 18.863 2.48801
0.000 34.658 19.004 1.66101
0.000 35.117 18.733 2.32956
0.000 33.778 17.436 3.55406
0.355 33.381 18.337 2.54426
0.000 34.098 18.227 3.13300
0.000 34.021 18.879 2.95955
0.000 34.607 18.225 3.39594
0.000 33.517 18.687 3.08054
0.000 34.641 20.040 1.64063
0.000 35.446 22.358 1.40725
0.000 36.273 23.973 0.71893
0.400 36.959 23.624 1.49826
0.000 34.774 23.357 1.42795
5.280 34.270 23.521 0.83308
4.140 33.713 22.764 1.64942
0.490 34.991 23.760 1.76421
0.000 34.788 23.508 1.41032
0.540 35.585 23.878 1.23402
4.940 35.104 24.694 1.15643
0.000 33.886 23.006 1.26406
0.000 36.440 23.063 1.99271
0.075 32.696 16.804 4.56654
0.060 27.607 17.062 3.55259
0.000 28.977 17.557 3.34562
0.000 32.674 18.822 2.28258
0.000 34.483 22.253 1.49499
0.000 35.281 23.143 1.75157
0.000 35.939 23.792 1.42367
0.000 36.329 23.204 2.20361
0.000 37.514 23.343 2.50126
0.000 38.961 23.838 2.21133
0.000 39.529 23.614 1.99123
0.090 39.388 23.729 2.18877
0.395 29.566 20.795 2.93821
0.000 34.463 21.131 2.56279
0.000 37.341 22.873 1.52501
0.845 38.517 24.584 1.69165
1.230 35.839 24.569 2.05048
23.080 33.463 21.532 2.27816
1.290 33.963 22.198 1.38664
0.625 36.247 23.830 1.66122
0.000 37.541 23.507 1.50942
0.000 38.849 24.760 1.33769
0.000 37.932 25.006 2.00956
0.075 35.594 23.736 1.57748
7.045 35.588 24.229 0.96752
30.030 33.706 23.022 1.33052
0.330 35.242 24.398 1.27236
0.690 35.479 23.921 0.86381
0.000 37.402 23.905 2.23640
0.000 37.218 23.588 2.07221
0.000 38.083 23.028 2.26532
0.000 39.269 23.011 1.98563
0.000 39.335 23.578 1.86119
0.000 39.567 24.043 1.92958
0.000 38.177 24.154 1.99199
0.000 39.176 25.357 1.94258
9.930 36.435 20.865 3.59398
0.070 26.759 21.253 2.13526
0.280 35.602 22.381 1.56114
0.460 36.254 24.520 1.36504
2.510 30.789 23.971 1.05443
0.000 35.420 24.501 1.42148
0.000 37.696 24.841 1.38704
1.505 37.216 25.467 1.44964
17.825 35.042 25.238 1.28585
0.050 36.607 25.208 1.26016
0.000 39.193 25.634 1.86265
0.000 39.238 26.142 1.93413
0.125 34.166 24.991 1.43107
0.060 36.438 24.814 1.48113
15.050 34.215 23.949 1.24272
0.370 34.137 24.459 1.37585
1.105 35.532 24.261 1.61883
3.105 36.618 24.809 1.79477
8.000 34.825 24.990 1.40784
2.725 34.659 24.590 1.09983
3.030 33.808 25.048 0.95910
0.655 33.024 25.457 1.26505
9.485 32.992 23.990 1.46874
0.000 35.708 25.020 1.37478
6.780 35.256 25.778 0.69595
0.000 35.518 25.497 1.18551
0.895 34.385 24.917 1.49534
5.220 33.391 25.041 1.57066
0.260 33.640 24.402 1.56774
1.340 33.726 24.251 1.68982
13.380 32.308 24.253 2.28384
1.910 31.183 23.997 2.73029
0.000 30.750 24.354 2.95889
13.735 30.359 22.157 2.36902
0.190 32.880 23.015 2.27347
5.270 29.081 23.305 2.42417
7.635 29.990 23.276 3.10073
0.025 30.435 23.488 3.05122
7.610 31.302 23.255 4.18106
2.125 31.414 23.206 3.89808
0.000 35.079 24.383 3.11117
0.000 34.794 24.563 2.53185
1.390 34.929 24.501 2.45928
17.885 32.069 24.247 1.70970
23.555 30.095 23.328 1.47803
8.105 29.871 23.132 1.79095
3.205 30.066 23.119 1.64985
3.810 31.191 23.498 2.20272
0.675 31.923 23.524 2.42330
0.075 32.437 23.677 2.98412
11.585 32.484 24.356 2.99546
7.990 32.964 23.770 3.34451
0.000 31.965 23.614 3.16657
0.465 32.917 24.006 2.92060
0.170 33.689 24.215 2.20390
5.325 31.673 24.125 2.71028
1.055 32.594 23.268 3.10688
0.095 33.727 24.226 2.94987
0.210 34.963 24.446 2.64223
10.095 31.925 24.288 2.62157
20.360 29.902 23.696 2.26528
1.855 30.990 24.132 2.50770
12.075 29.138 23.904 2.47836
0.000 29.011 23.203 2.41761
0.075 32.205 23.002 2.51852
0.005 34.209 23.657 2.30357
0.905 32.774 24.376 2.23791
0.780 32.103 24.543 2.64905
1.185 31.658 24.103 2.85359
1.775 32.417 24.064 3.45847
0.270 30.114 22.686 3.74092
0.140 28.948 23.477 2.83400
0.290 32.109 23.442 2.70415
2.560 33.452 22.789 3.35795
16.915 32.578 23.879 2.50450
1.595 33.308 24.017 2.49098
1.635 31.540 24.586 2.22149
24.250 28.074 23.873 1.64897
0.915 31.205 23.936 1.91557
0.000 30.492 23.812 2.10706
0.495 30.512 24.047 2.73704
1.960 30.248 23.664 3.15151
2.690 30.448 23.632 3.78378
6.205 30.385 23.758 3.00780
0.080 33.527 24.043 3.67994
2.740 30.792 22.956 3.97138
4.745 29.085 22.898 3.97254
1.285 29.375 22.848 4.21723
2.420 32.069 22.753 4.12673
0.505 32.312 23.256 3.74806
6.395 33.386 23.310 3.32561
0.000 34.029 23.477 3.68718
0.000 33.396 23.421 3.47457
0.000 32.757 23.651 3.05220
0.190 32.243 24.123 3.33083
0.205 32.496 24.393 2.86835
11.790 29.473 22.857 2.77230
0.430 31.013 23.320 2.76066
2.640 30.322 22.147 3.28059
0.390 32.452 22.946 3.06057
0.400 31.117 22.459 2.87254
0.680 29.837 22.244 2.47173
2.205 33.668 22.677 3.41776
4.845 33.360 23.324 3.83239
0.205 30.956 22.730 3.82264
0.085 32.779 23.557 3.75202
0.060 31.296 23.784 3.46715
3.165 32.598 23.859 3.45579
24.185 29.474 23.538 3.01600
3.930 28.982 22.207 2.99615
2.210 30.353 22.705 2.94546
0.695 33.316 23.016 2.45654
4.295 33.060 24.016 2.24229
27.670 28.981 23.307 2.13144
4.690 30.901 23.282 2.32819
0.045 29.197 23.262 3.07884
0.615 29.154 22.643 4.03111
1.205 28.927 22.707 4.03249
1.635 29.983 22.963 3.45331
0.235 31.463 22.274 3.52914
2.485 30.125 22.680 3.21837
1.350 32.238 23.334 2.84536
0.780 31.883 23.208 2.56650
1.675 29.382 22.830 2.67210
1.325 30.177 22.796 2.50188
1.200 32.323 22.473 3.27657
0.430 28.707 21.707 3.32279
5.280 31.386 22.423 3.99106
4.620 31.099 22.285 4.01196
3.280 28.627 22.699 3.94973
30.810 29.944 22.747 3.42752
10.700 29.210 22.256 2.12956
25.660 28.054 22.007 2.58085
4.165 29.695 22.508 1.34175
6.775 30.045 22.760 1.12522
1.090 29.697 23.210 1.40666
7.150 28.430 21.874 1.83270
0.000 31.839 22.506 1.34372
1.625 29.463 22.949 1.44230
20.285 28.136 22.388 1.63300
20.795 29.651 23.000 1.83281
20.755 29.324 23.021 2.13764
40.254 28.049 22.300 1.98292
36.340 29.084 22.676 2.10784
20.425 28.187 23.157 1.62233
10.325 28.730 22.887 1.39998
8.215 28.352 22.630 1.71164
26.560 30.053 21.819 1.99613
7.450 30.199 22.406 1.65042
12.330 29.039 22.794 1.63780
23.240 29.218 22.268 2.11468
25.360 28.803 22.660 1.09186
2.845 29.596 22.467 1.26211
2.640 30.198 23.166 0.83907
7.295 31.053 23.067 1.18294
12.575 28.448 22.633 2.16498
1.555 29.828 22.992 2.21526
3.085 28.816 22.953 2.33994
9.050 28.115 22.898 2.26741
9.335 27.259 22.774 1.72470
27.160 27.027 22.686 1.63195
5.560 27.817 23.006 1.28201
15.130 29.780 22.673 1.79226
9.565 28.314 22.041 1.85990
1.595 29.098 22.282 3.23384
1.090 28.046 21.236 3.41875
0.000 28.688 21.658 2.05452
0.000 28.286 22.628 1.72765
3.135 30.206 22.527 1.05833
0.705 30.097 22.930 1.15395
5.410 28.800 22.821 1.11351
20.290 30.230 22.842 1.01998
2.650 30.024 22.774 0.83090
0.000 29.883 22.753 1.05184
0.000 29.890 21.439 1.54259
0.285 30.359 22.134 1.74719
1.260 29.658 22.467 1.62506
1.465 29.899 22.662 1.49039
2.440 29.009 19.875 3.48667
0.090 26.598 17.414 3.25262
1.495 26.914 17.539 3.12925
0.570 26.559 15.375 2.67083
0.000 26.031 14.769 2.34752
0.000 26.914 14.430 1.82656
0.000 27.896 15.635 1.67182
0.000 27.471 16.658 1.84431
0.000 28.645 18.912 1.89012
1.795 29.468 21.977 2.15842
0.470 29.556 22.504 1.32120
0.465 30.796 22.229 0.83577
3.075 30.800 22.971 0.97495
0.600 30.222 22.489 1.01725
0.240 30.557 23.337 0.82950
0.920 29.915 23.148 0.93376
0.000 28.120 21.871 0.70614
36.050 29.311 18.108 2.46543
0.230 27.468 18.359 2.16350
0.000 29.004 20.985 2.55716
12.320 27.530 22.104 2.66800
43.770 27.470 22.104 1.47745
1.350 29.483 22.617 0.74995
4.970 30.033 21.962 1.18513
0.005 30.685 21.913 0.79553
0.750 28.975 22.582 1.77820
0.725 27.606 21.840 3.01402
0.915 27.603 18.033 3.50695
1.290 26.494 15.440 4.38159
3.805 24.011 14.178 3.85353
3.155 24.303 14.866 2.84122
1.350 25.772 16.136 2.83936
0.395 27.243 18.346 3.06555
0.180 24.889 17.118 2.75559
1.250 26.411 16.487 2.50261
0.075 27.680 17.465 2.12370
3.205 28.793 19.537 1.93131
2.230 27.124 21.225 1.91675
0.135 29.805 21.957 1.16665
3.190 31.005 22.262 1.13514
0.055 30.891 23.002 0.96978
6.260 30.308 18.734 2.71244
7.260 24.020 17.668 3.42578
0.275 26.428 17.940 2.81044
0.000 28.523 19.265 2.11035
0.630 28.490 21.365 2.70605
0.000 28.929 17.000 3.78024
0.000 26.875 17.264 2.39703
0.000 28.103 19.680 1.73300
0.000 28.059 18.185 2.45386
0.000 27.112 16.663 3.62233
0.850 25.279 15.610 3.34987
0.000 26.470 15.836 2.43479
0.000 28.226 17.238 1.93071
0.000 29.294 19.027 1.60504
0.000 30.042 20.003 1.60756
0.015 29.370 21.577 1.43185
0.025 29.043 22.275 1.06476
4.990 30.178 21.771 1.51001
0.060 29.599 20.897 1.53321
0.000 31.735 21.519 1.27487
0.000 31.025 22.409 1.12126
5.610 31.236 22.783 0.75486
10.320 30.530 14.100 3.89172
0.725 22.232 13.336 3.85034
0.475 23.781 13.505 2.70708
0.350 27.953 15.996 2.73110
0.000 26.627 15.098 3.23534
0.000 27.399 15.440 2.51877
0.000 27.958 17.451 2.51026
0.000 29.123 18.583 2.12009
0.000 29.293 18.865 2.04859
0.000 30.007 19.458 1.32808
0.000 30.658 21.222 0.87561
4.925 31.258 20.999 0.81438
0.000 31.798 18.893 1.40232
0.000 31.421 16.313 1.32222
0.045 30.228 16.996 1.97111
0.000 29.092 17.975 2.62031
0.000 28.330 18.360 2.56548
0.000 29.634 19.247 2.07623
1.770 29.847 11.518 3.51073
0.000 18.361 11.539 4.40883
0.000 24.801 12.307 3.26923
0.000 26.854 14.033 2.81514
0.000 27.537 16.513 2.36242
0.000 27.736 17.137 3.01358
0.000 28.821 17.402 2.55778
0.000 30.744 18.133 2.46115
0.000 26.504 14.795 4.21187
0.000 27.837 14.910 2.93082
0.000 29.077 16.288 2.52636
0.000 26.642 12.715 3.48219
0.000 22.709 12.869 3.19041
0.000 27.107 13.237 2.45396
0.000 28.481 13.709 2.58481
1.915 27.070 12.501 3.04676
0.000 26.811 12.641 2.86934
0.000 26.479 11.738 2.69392
0.000 26.650 11.765 2.21694
0.000 28.479 12.707 2.12307
0.000 29.808 14.680 2.68119
0.010 28.886 14.635 2.93643
0.000 28.786 15.160 2.75824
0.000 30.019 15.706 2.72251
0.000 28.891 14.872 2.49693
0.000 30.106 14.891 1.67136
0.000 30.649 15.811 1.15781
0.000 31.657 16.148 1.32130
0.000 31.913 16.963 1.26331
0.000 32.206 17.445 2.31748
0.000 32.018 18.140 1.85701
0.000 32.651 18.478 1.50883
0.000 33.446 15.201 3.58574
0.000 29.394 14.564 3.33785
0.000 30.112 15.075 2.75486
0.000 30.508 17.214 1.60838
0.000 32.622 18.370 1.36472
0.000 33.794 17.128 2.11265
0.000 33.288 17.623 2.61081
0.000 32.275 16.470 3.86888
0.000 29.715 14.245 4.57989
0.000 27.889 13.112 4.04526
0.145 27.719 14.030 3.04349
0.000 29.443 15.473 1.60724
0.000 32.124 16.664 1.09057
0.000 33.347 17.579 0.94738
0.000 34.843 18.591 1.26140
0.000 35.698 19.949 1.47560
1.500 35.140 23.103 1.67744
0.550 33.427 21.863 1.84857
0.540 34.134 22.355 1.41512
0.780 33.659 23.689 0.98735
4.360 35.153 23.948 0.99856
0.705 33.847 23.495 0.99270
0.605 34.253 22.669 1.18932
0.000 34.521 23.370 1.09071
9.635 35.036 22.922 1.05846
1.150 34.190 23.255 1.11394
0.000 34.238 22.787 1.31072
0.000 36.081 23.523 1.32561
0.000 36.331 23.114 1.39220
0.000 35.857 23.250 1.35107
4.305 34.081 23.663 1.08706
0.000 32.116 23.863 1.19680
0.300 32.445 24.438 1.20905
4.750 35.063 23.570 1.47545
0.000 36.315 23.227 2.26975
0.000 36.627 22.219 2.52586
0.000 36.575 20.576 2.67160
0.000 36.779 20.309 2.48955
0.000 37.869 22.399 1.92272
0.170 37.075 21.080 2.70181
0.000 32.071 18.697 4.22681
0.615 29.179 18.088 3.30288
0.000 31.811 18.578 3.45174
0.000 33.164 20.279 2.66842
0.000 34.693 22.351 2.24997
16.415 31.076 20.932 2.21958
4.540 31.220 20.530 1.55037
0.000 34.734 22.327 1.09363
0.000 36.027 23.291 1.69614
0.000 36.576 23.665 1.68744
0.000 37.508 24.612 1.92122
0.720 37.107 24.931 1.10859
6.400 35.060 22.404 1.79310
2.695 30.359 21.341 2.84607
6.650 32.570 22.172 1.81524
0.080 31.981 22.458 2.16882
1.135 32.517 22.063 2.87438
0.000 34.222 22.718 2.46260
26.340 33.216 23.515 1.49037
21.985 31.463 23.965 0.84464
7.675 29.231 22.279 0.96070
9.885 31.631 22.560 1.05174
7.855 30.418 22.168 0.79724
3.375 32.682 22.857 1.58008
0.150 30.433 22.962 2.29803
0.000 32.437 22.623 1.85544
0.000 34.344 23.235 2.13488
0.000 35.754 23.816 1.63999
0.420 37.190 24.904 1.12104
0.000 36.188 24.362 1.35709
0.000 38.516 23.877 2.30962
0.000 38.919 24.043 2.01468
0.000 38.587 24.997 2.22505
4.590 36.372 24.572 1.92318
0.000 38.396 23.917 2.17141
0.000 39.097 23.522 2.32308
0.000 39.251 23.393 2.34248
0.000 39.681 24.923 1.61819
0.470 38.546 25.409 1.92889
1.480 37.603 24.930 2.35011
1.075 37.914 25.163 1.94142
0.000 38.252 24.713 1.77745
0.000 38.812 24.599 2.31516
0.000 39.179 25.871 1.66251
0.305 38.243 26.417 1.03759
0.000 36.840 25.076 1.24935
16.225 36.467 25.122 0.84562
9.995 33.844 23.368 1.65782
0.000 36.065 24.689 1.36560
0.695 36.319 25.470 0.87627
1.360 34.104 24.308 1.31632
0.020 34.870 24.581 1.67092
12.065 35.775 24.157 2.17513
0.315 32.557 22.190 3.45830
0.335 33.898 23.140 1.74743
4.340 35.168 24.577 1.62424
0.000 34.260 23.846 2.54348
0.000 37.043 24.341 2.84182
0.000 39.244 25.105 2.79420
0.000 40.317 25.825 2.81553
0.000 41.186 27.088 1.88678
36.815 37.654 26.022 1.23842
3.450 31.804 24.848 1.48480
1.075 35.261 23.650 2.01037
7.105 35.842 24.463 1.62465
8.480 34.914 24.745 1.03601
9.785 31.519 23.996 1.15818
0.770 32.472 24.576 2.10061
0.005 33.085 23.914 2.55532
0.000 34.608 24.568 3.00349
0.000 33.767 24.436 3.28337
0.000 34.707 24.285 3.05519
0.000 35.800 24.944 2.66004
5.420 34.771 24.597 2.50388
0.000 34.289 23.915 1.90067
11.650 34.907 24.556 2.39716
17.545 33.201 24.236 2.30055
0.525 32.768 24.399 2.50339
0.505 32.892 24.204 3.23027
0.000 31.363 24.501 3.32137
0.000 33.888 24.483 3.65701
0.190 35.984 25.311 3.60378
11.450 35.364 24.278 2.50923
2.995 31.657 24.397 0.91817
3.800 29.824 24.161 1.47670
16.280 32.112 24.311 1.30505
14.420 32.133 23.652 2.65752
2.400 32.680 23.365 3.08500
0.000 32.681 23.797 2.47525
0.875 30.515 23.217 1.82671
0.000 33.414 23.908 2.70918
0.000 33.087 23.316 2.25485
4.720 35.225 24.756 2.99757
0.730 35.605 24.517 3.49162
0.000 34.080 24.579 3.18875
0.000 32.763 23.954 2.86285
0.155 35.827 24.392 2.97676
0.000 34.974 24.147 2.67242
0.000 35.464 24.444 2.43665
1.305 35.445 24.283 2.53573
33.615 29.239 24.155 2.08438
4.190 28.944 23.560 2.61329
6.190 29.842 23.315 2.58612
2.190 30.353 23.702 3.08866
3.135 29.139 23.130 3.06567
1.260 30.500 23.077 2.88906
15.825 30.731 24.282 1.84548
1.245 28.907 22.674 2.04851
0.000 32.174 23.820 2.40114
0.000 31.381 23.540 3.16880
2.145 32.978 23.715 3.52937
5.360 32.009 23.472 2.63272
12.775 30.592 23.355 2.07921
18.920 29.655 22.735 2.03341
9.640 27.952 22.446 1.43890
0.540 29.608 22.747 1.12596
3.705 30.435 22.795 1.17411
0.000 31.275 23.106 1.12762
0.000 31.807 24.431 0.84324
6.480 29.825 23.416 0.72326
1.390 30.479 22.830 1.10063
1.660 29.667 23.303 1.33836
0.690 30.814 23.130 1.97103
0.000 30.477 23.832 2.15137
0.210 31.704 24.037 2.55669
2.680 31.069 23.694 2.42440
27.140 28.526 23.635 1.73044
0.155 29.783 23.194 1.53818
0.000 30.899 22.526 1.81933
13.300 31.703 22.771 1.64097
0.000 31.914 23.344 1.89995
0.000 33.090 23.255 1.63818
0.000 34.088 23.905 2.26129
0.000 33.590 24.196 2.53834
0.170 32.321 24.519 2.33614
6.625 31.551 23.833 2.84523
1.795 30.129 23.388 3.10386
5.860 30.147 23.101 3.72663
1.100 29.809 23.217 4.14016
0.675 28.682 23.088 3.39822
18.195 30.100 22.790 2.56553
0.935 32.255 22.802 1.84687
19.235 31.317 23.304 1.79537
0.655 29.140 23.187 2.04224
10.270 28.428 22.625 2.59437
0.000 30.886 23.082 2.77107
0.000 31.730 23.421 3.38211
1.650 30.815 23.267 2.98802
1.240 30.447 22.902 2.22880
5.185 30.589 23.261 1.97460
1.555 30.644 23.609 2.61480
0.060 30.900 23.808 3.58884
0.175 30.949 23.563 3.35277
0.440 29.261 23.966 2.78050
0.430 31.512 24.064 3.28987
1.205 31.278 24.134 3.45650
1.175 30.500 23.370 3.26603
0.740 30.266 23.945 1.97956
0.400 28.672 23.084 1.90108
0.195 31.806 24.077 2.06035
0.135 31.296 23.886 1.70325
27.860 30.437 23.895 1.54831
25.230 28.769 23.421 2.31495
5.680 30.319 23.247 1.89086
24.060 28.800 22.975 2.20828
31.310 29.264 23.083 2.24865
11.590 28.272 22.366 2.87555
8.680 28.479 22.873 2.54297
4.980 28.566 22.503 3.24762
3.060 28.560 22.325 3.09533
0.435 29.550 22.386 3.64986
0.975 30.230 22.584 3.10978
0.360 30.881 22.607 2.78390
0.000 31.971 22.784 2.11962
3.290 32.288 22.753 1.64533
18.715 30.846 22.984 1.40119
4.425 29.434 22.534 1.69050
0.995 28.522 22.717 2.46569
4.455 27.925 22.777 2.95219
6.720 28.462 21.728 3.15198
5.125 29.721 22.361 2.22560
2.805 29.048 23.100 2.08309
3.575 28.482 22.683 2.85992
2.775 29.274 22.997 2.34246
17.115 28.706 23.069 2.50528
11.465 29.474 23.463 2.36415
26.165 27.343 23.184 2.42681
4.970 28.527 22.895 2.28474
12.665 27.743 21.956 2.33091
40.575 27.653 21.047 2.24462
7.065 26.065 21.115 2.12286
28.760 29.533 22.610 1.41857
6.735 29.883 22.627 1.80491
13.605 29.510 23.152 1.78585
0.380 29.912 23.009 1.83001
0.010 29.250 22.768 1.33245
0.120 30.464 22.986 1.07151
7.995 29.904 23.313 1.08607
16.505 29.419 23.177 1.26247
12.950 27.546 22.860 1.15579
7.420 29.636 22.751 2.42055
0.825 29.847 22.115 2.35974
0.605 28.707 23.067 1.79673
0.120 28.117 22.456 1.09029
0.000 30.296 23.091 1.05727
22.525 29.399 22.808 1.12252
4.230 29.925 22.568 0.92545
3.815 28.928 22.051 1.92977
5.805 28.717 21.600 3.01955
0.470 28.966 21.696 3.07329
2.625 28.607 21.551 3.14993
0.000 29.211 22.170 2.76903
0.000 29.746 21.961 2.89626
2.145 29.786 22.067 1.67369
0.000 31.149 23.388 1.01316
0.000 31.556 22.815 0.84717
1.485 31.958 23.435 0.99655
0.000 30.709 23.180 1.41511
1.585 29.489 23.519 1.15590
18.195 31.865 23.529 0.74381
6.280 28.015 18.039 4.10303
0.805 26.316 18.036 3.42163
0.000 27.274 18.695 2.95199
0.000 28.017 20.164 2.24212
0.000 28.949 20.324 2.78219
0.000 28.872 20.277 2.55485
0.000 29.061 19.914 2.41393
0.000 28.516 20.487 2.52905
0.000 28.492 19.744 2.60996
0.000 28.434 19.565 2.67149
0.000 28.757 20.080 2.02438
0.000 29.366 19.783 2.25785
0.000 29.150 19.016 2.13988
0.000 28.824 19.265 2.43677
0.000 28.984 18.890 3.29545
0.000 29.105 18.843 2.85873
0.000 29.210 19.257 2.63137
0.000 29.017 19.327 2.33882
0.000 29.416 17.913 1.97551
0.000 30.140 18.412 1.66279
0.000 30.577 18.498 1.90537
0.000 30.449 17.922 1.68899
0.000 30.897 19.119 1.38769
0.000 31.230 20.173 1.14798
0.000 32.298 20.173 0.80085
0.000 32.330 18.643 0.88889
0.000 31.894 17.639 1.37791
0.000 31.295 18.862 2.76742
0.065 28.098 16.604 4.03764
0.010 26.912 15.326 4.37657
0.475 27.450 15.865 3.04029
0.000 31.096 19.891 2.39685
0.080 31.556 20.939 2.16404
0.000 31.246 19.698 1.96068
0.000 31.603 18.301 1.85774
0.000 32.124 19.338 1.17883
0.000 33.198 19.695 0.89148
0.000 33.756 19.944 1.06474
0.000 33.903 20.064 1.94436
0.000 31.371 17.400 3.48603
0.000 30.253 17.854 2.73152
0.000 31.427 19.729 2.78549
0.000 31.781 20.573 2.95118
0.000 31.137 19.762 3.11742
0.000 31.093 17.328 3.57503
0.000 30.283 16.817 3.41345
0.000 28.736 14.163 3.47338
0.000 28.523 14.180 2.32616
0.000 29.548 14.981 2.33329
0.000 29.372 16.239 2.92527
0.000 28.980 15.072 2.38574
0.000 29.628 15.812 2.01417
0.000 30.458 16.937 2.29175
0.000 30.337 18.277 2.98818
0.000 30.641 18.059 2.96547
0.000 31.192 17.799 3.57509
0.000 30.344 17.503 4.17129
0.000 28.632 17.818 3.35980
0.005 29.738 17.282 3.93308
0.000 29.755 14.874 4.24467
0.000 27.897 12.950 3.74629
0.000 27.360 12.542 3.37110
0.270 26.637 12.623 3.37421
0.120 27.630 13.155 3.00583
0.000 28.562 14.697 2.11648
0.000 29.939 16.110 3.48473
0.000 25.272 13.043 5.55155
0.000 25.165 11.798 3.81682
0.000 25.425 12.156 3.39250
0.000 27.506 12.925 2.48286
0.000 29.678 14.736 2.09888
0.000 31.387 15.934 1.51207
0.000 32.351 16.553 2.21861
0.000 30.526 14.805 3.88216
0.000 27.723 14.416 3.78425
0.000 28.039 14.761 3.12172
0.000 29.134 15.950 2.24246
0.000 30.674 15.706 2.15649
0.000 30.866 15.612 2.23027
0.000 31.286 15.659 1.69344
0.000 31.642 15.072 1.99968
0.000 31.782 15.795 1.82569
0.000 32.794 16.030 1.87226
0.000 32.449 15.118 2.12502
0.000 31.536 15.239 2.37204
0.000 31.414 15.887 2.33086
0.000 31.683 16.635 2.47556
0.035 32.567 18.870 1.99080
2.770 28.281 21.585 1.54731
0.930 26.893 20.051 2.26544
11.695 29.888 19.805 2.20038
0.000 29.336 18.043 2.34155
0.000 31.078 18.710 1.17075
0.000 32.191 20.088 0.91850
4.960 31.993 20.798 0.68436
1.645 30.713 20.827 0.93282
0.275 31.073 20.612 1.42567
0.000 32.673 17.900 1.37499
0.000 31.632 17.473 2.41361
0.660 28.858 13.259 3.95812
0.000 27.018 13.519 2.80838
0.000 29.795 13.651 3.18228
0.000 26.707 11.260 4.45621
0.000 27.035 11.679 2.81969
0.000 29.427 14.146 2.06518
0.000 30.763 15.457 2.43216
0.000 31.338 16.396 1.46711
0.000 33.305 18.457 0.89797
0.000 33.702 20.378 1.12686
7.440 32.249 22.614 1.04309
5.910 31.560 22.583 1.33145
0.000 34.505 22.189 1.70446
10.540 35.457 22.945 1.68353
0.000 33.351 18.464 2.25138
8.310 23.529 13.682 4.25181
3.055 26.087 13.785 3.65166
2.950 24.329 12.952 4.08196
1.875 20.890 10.760 4.24714
0.000 25.996 11.259 3.48866
0.000 28.211 12.125 2.86694
0.000 30.440 13.585 2.31836
0.000 30.488 14.343 3.89994
0.000 27.931 12.925 4.03985
0.000 29.259 13.499 2.51914
0.000 30.875 14.889 1.88273
0.000 32.368 15.549 2.43124
0.000 31.393 16.036 2.67315
0.000 31.893 16.959 2.16763
0.000 33.177 18.166 1.39743
0.000 33.944 21.049 1.09763
0.000 33.263 21.888 0.97016
0.000 34.429 21.926 0.88559
0.000 32.295 21.114 1.29946
0.000 35.079 20.812 1.10020
0.000 35.634 19.332 1.59860
0.000 36.387 20.456 1.40183
0.000 35.491 20.558 1.69325
0.000 35.730 19.342 2.62823
0.000 36.070 19.215 2.39683
0.000 36.824 18.985 2.11325
0.000 37.862 18.436 1.83916
0.000 38.242 16.381 2.83103
0.000 32.544 16.946 2.74439
0.000 35.312 22.340 1.72247
0.000 33.831 19.337 4.30226
0.000 32.005 17.596 5.96522
0.000 31.177 16.023 6.14912
0.000 30.902 16.649 2.54552
0.000 36.687 21.131 1.03412
0.000 39.132 23.285 1.69894
0.000 38.001 24.254 1.87173
0.000 38.529 25.495 1.37370
0.000 39.558 24.795 1.33447
0.360 36.603 24.133 1.53731
0.000 37.406 23.486 1.70988
0.000 38.082 23.399 1.72703
0.000 38.498 24.968 1.15043
0.000 28.449 23.317 0.97912
7.575 33.477 23.447 1.28807
0.000 34.948 24.417 1.46813
0.000 35.581 24.099 0.88477
0.000 37.025 23.735 1.75837
0.000 38.059 22.458 2.48104
0.000 38.506 21.598 2.09085
0.000 39.349 23.307 1.53267
0.000 39.460 23.495 2.04793
0.000 39.779 23.908 1.98789
0.000 39.364 24.814 2.12286
3.940 39.802 25.334 2.01097
0.000 39.651 25.544 1.91465
0.000 38.356 25.249 1.73942
1.960 35.052 25.322 1.39216
29.170 34.507 23.541 1.72607
6.480 32.520 23.736 1.52767
0.665 35.808 23.330 1.55113
0.000 36.282 23.677 1.85592
0.000 37.095 24.867 1.90822
0.000 36.259 20.579 2.68908
0.115 33.113 20.854 2.24707
0.030 35.715 23.867 1.42402
0.000 38.974 23.739 2.11582
0.000 39.190 24.494 2.13474
0.000 40.005 25.049 2.19018
0.000 40.439 23.920 2.09926
0.000 40.961 24.369 2.18724
0.470 40.691 24.503 2.83026
0.000 40.615 24.635 2.93644
0.000 40.868 25.608 2.05519
0.250 39.505 26.264 1.46963
20.925 39.376 27.011 1.83597
2.095 34.533 26.047 0.93567
0.000 34.604 25.433 1.57420
0.865 38.796 25.844 1.30153
1.500 38.251 24.955 1.59331
4.270 37.037 25.579 1.20681
0.315 38.745 26.139 1.08280
22.891 35.987 25.027 1.09069
2.705 29.415 23.672 1.05019
0.170 34.861 25.214 0.93053
0.000 37.562 25.619 0.78040
1.230 37.812 26.116 1.43980
0.925 34.043 26.034 1.10384
14.615 34.767 25.586 0.86224
17.300 33.532 22.113 1.79226
4.095 32.376 22.419 2.03725
2.980 30.559 22.770 1.46478
8.405 32.563 23.966 1.15027
4.975 32.516 23.536 1.32254
3.740 34.086 23.957 1.85176
0.000 34.556 24.582 2.47006
0.000 32.450 24.330 3.03332
0.000 33.453 24.501 3.22082
0.280 35.344 23.684 2.91208
3.950 34.744 24.277 2.45655
18.280 32.375 23.908 2.26899
0.445 33.067 24.796 1.64128
18.825 29.478 22.574 1.63027
0.000 33.210 22.970 2.14539
0.665 34.132 24.262 3.32716
2.380 32.625 24.458 3.98370
3.960 31.080 24.474 3.21218
0.065 30.902 22.787 3.10441
0.000 35.891 23.644 2.53124
0.575 35.299 23.296 2.08735
5.415 36.063 24.399 2.07812
9.070 32.033 23.752 2.12277
0.790 32.623 23.581 1.96174
2.605 32.502 24.364 1.57379
18.735 31.493 24.659 1.36430
13.145 31.269 23.509 1.53482
26.680 29.673 22.823 1.12522
0.880 32.038 23.774 1.07327
3.825 32.871 23.817 0.70566
0.815 33.583 24.431 0.99624
0.890 31.101 23.725 1.35398
0.380 34.054 24.363 1.08350
27.970 32.730 24.154 1.12141
20.675 30.464 24.017 0.69874
6.615 31.364 24.216 1.12598
17.105 29.527 24.305 0.76635
2.275 28.982 23.933 0.99401
11.365 28.924 22.462 1.14876
1.040 30.954 23.246 1.88564
10.400 30.564 23.190 2.18882
42.300 28.778 23.208 2.95774
21.110 26.452 22.498 4.04438
5.950 27.859 22.851 3.62221
2.125 29.793 22.500 3.67078
0.645 30.187 22.094 3.45991
0.000 30.497 22.835 3.16268
5.340 29.584 22.762 3.26527
6.455 30.255 22.816 3.06355
6.040 30.713 22.188 3.67891
5.895 31.018 21.805 4.18302
1.660 31.478 21.872 3.98056
0.000 32.001 21.609 3.46251
1.230 31.764 23.078 3.37827
3.495 29.778 21.786 2.97080
19.040 29.513 21.323 3.04090
2.790 30.388 22.398 2.70057
1.660 32.203 23.116 2.68223
0.000 33.254 22.982 2.70457
0.230 32.577 23.496 2.47835
0.155 32.239 23.474 2.10762
9.250 31.880 23.602 1.81269
10.025 29.924 23.141 1.81108
3.020 30.248 23.166 1.62757
9.815 30.379 22.435 1.81742
2.495 31.593 22.895 2.00166
8.845 29.213 22.255 2.06466
0.250 29.913 22.629 2.39127
9.465 29.622 22.358 2.57152
2.020 30.579 22.382 2.30538
0.045 28.886 22.622 2.04577
9.405 28.924 22.081 1.77101
0.330 30.164 21.543 1.42063
2.110 32.671 22.398 1.38672
1.500 32.699 23.111 2.24995
1.265 29.935 22.861 2.70286
0.945 29.959 23.360 2.72710
8.845 29.165 23.147 2.10502
17.485 29.219 22.715 1.45960
2.380 27.730 21.870 2.00850
12.005 29.719 22.773 2.07946
8.395 30.221 23.189 2.63974
0.215 29.571 23.042 2.92490
26.610 30.034 22.599 3.37127
10.085 25.785 22.286 3.11288
0.030 30.046 22.485 2.73989
0.210 30.673 22.814 2.23573
41.485 27.748 22.497 1.71143
13.525 27.278 22.678 1.45628
23.525 27.189 22.606 1.42205
1.705 28.751 22.313 2.43741
0.615 29.416 22.873 2.67423
1.025 27.927 21.965 2.84566
4.470 30.730 21.933 3.19213
0.140 29.402 22.237 3.13069
7.535 29.454 22.680 2.64649
4.755 29.669 22.218 2.43549
3.805 28.829 22.368 2.44623
0.905 30.495 22.990 2.83232
1.150 28.942 21.899 3.00294
0.000 30.225 22.351 3.48131
0.020 29.899 21.333 3.85558
0.415 30.480 22.370 3.51106
10.325 28.725 22.018 3.27030
0.160 30.157 22.857 2.41936
2.595 29.710 23.282 2.30096
1.920 29.175 23.484 2.49129
22.690 29.955 22.592 2.55285
2.365 29.576 22.715 2.13989
7.735 30.622 22.933 2.08709
0.140 30.071 23.281 1.99132
19.710 29.284 23.260 2.00872
0.495 29.517 23.434 1.87322
0.630 30.270 23.801 2.47050
0.145 30.127 23.776 2.58650
0.175 29.979 23.328 3.05999
14.955 31.035 23.000 3.19734
14.045 29.589 23.212 3.12431
3.910 30.197 23.145 2.80341
0.905 30.373 23.134 2.39156
5.055 29.420 23.465 1.70432
5.445 28.401 22.507 1.79780
2.065 28.124 22.202 1.91195
3.660 28.913 22.150 2.66870
0.335 29.735 22.981 2.34534
0.115 30.041 22.921 2.94438
1.545 28.653 22.593 2.98260
4.430 28.338 22.294 2.86440
3.015 30.144 22.105 2.28481
2.090 29.647 22.771 1.60664
2.335 28.553 22.741 1.02927
23.120 30.908 22.801 0.81521
0.975 30.486 23.195 1.28350
2.435 29.788 22.154 1.19978
8.595 29.947 22.073 1.67243
10.335 30.797 22.280 1.20259
1.285 29.897 22.884 1.41502
45.655 30.757 22.740 1.02189
5.495 30.009 22.509 1.24783
40.070 27.866 22.349 1.54793
5.030 28.861 22.423 1.30097
0.005 28.742 20.459 1.64022
0.000 30.631 20.843 1.60292
0.000 30.990 21.891 1.32624
0.000 30.850 23.176 1.91451
0.000 30.438 22.487 2.15877
0.000 30.589 20.527 2.09695
0.000 29.170 19.278 2.28564
0.135 29.100 20.803 1.71806
0.405 29.211 22.222 1.75615
0.000 28.551 20.751 2.23588
1.590 26.820 17.146 4.09415
0.165 28.306 18.350 2.81489
0.000 29.189 20.111 2.17749
0.000 29.060 20.667 2.35399
0.000 29.303 19.730 2.34335
0.000 29.480 19.075 1.96627
0.000 30.262 20.377 1.50641
0.000 30.654 19.198 1.77604
0.000 30.832 19.702 1.77270
0.000 30.437 18.937 2.62509
0.000 29.712 19.982 2.24867
0.000 30.503 19.335 1.96398
0.000 30.875 19.539 2.25800
0.000 30.279 19.961 2.61924
0.000 30.521 19.207 2.22533
0.000 31.187 19.018 2.14334
0.000 31.090 19.693 2.19679
0.000 31.448 20.601 1.99245
0.000 31.816 20.451 2.01298
0.000 31.556 19.618 2.95948
0.000 31.196 19.124 2.86010
0.000 31.446 20.276 3.24529
1.060 31.074 20.270 3.14744
0.000 31.312 18.111 3.03771
0.000 29.895 17.535 3.37310
0.000 29.939 18.616 3.06755
0.000 30.710 20.571 2.82057
0.000 32.093 20.509 2.57795
0.050 32.919 20.287 2.69348
0.000 32.485 19.559 2.58321
0.000 32.350 18.019 3.12010
0.000 31.512 18.443 2.75307
0.000 31.985 18.546 2.49665
0.000 32.108 19.127 2.12356
0.000 32.965 19.534 2.33966
0.000 32.992 19.466 2.46032
0.000 33.047 19.432 2.09693
0.000 33.801 19.829 1.80238
0.000 34.320 20.278 1.23767
0.000 35.085 19.897 1.03813
0.000 35.574 20.270 1.65494
0.000 35.707 20.367 2.18028
0.000 34.686 19.982 1.85835
0.000 35.384 21.074 1.84360
0.000 35.274 20.103 3.32069
0.000 32.161 18.420 3.61493
0.000 30.980 16.907 3.52840
0.000 31.381 17.267 2.79447
0.000 31.322 17.652 2.64072
0.000 32.081 17.122 2.81179
0.000 30.378 15.498 3.59238
0.000 29.628 15.906 3.21424
0.000 30.503 16.462 2.95366
0.000 31.542 19.625 3.59748
0.595 29.997 20.420 3.88780
0.000 30.291 16.367 4.64775
0.000 28.069 16.505 4.01889
0.000 31.448 16.996 3.18473
0.000 31.632 18.429 3.02140
0.000 31.134 17.657 2.67820
0.000 30.954 18.073 3.24109
0.000 31.468 17.438 2.61042
0.000 31.861 17.182 2.26101
0.000 31.119 15.930 2.75863
0.000 29.805 14.899 2.82939
0.000 29.132 15.391 3.16208
0.000 28.657 13.138 4.01734
0.000 27.291 12.880 3.02187
0.000 28.390 13.346 2.63669
0.000 29.165 14.689 3.41162
0.000 30.073 15.879 3.00884
0.000 29.948 14.913 3.33907
0.000 29.059 13.811 2.62216
0.000 29.125 13.754 2.11572
0.000 29.302 14.353 2.17658
0.000 30.360 16.007 1.56681
0.000 31.404 17.123 1.78417
0.000 31.755 15.292 1.67376
0.610 31.284 15.497 1.85530
0.000 31.491 15.506 1.62009
0.000 31.982 15.399 1.03970
0.000 32.057 15.332 1.05898
0.000 32.182 15.209 1.55797
0.000 32.460 15.362 1.80219
0.000 32.051 15.001 2.00659
0.000 32.350 15.002 2.00959
0.000 32.307 14.857 2.12817
0.390 31.312 13.775 3.67537
0.000 30.239 14.039 2.13957
0.000 31.908 12.741 3.03918
0.000 26.100 9.702 4.92792
0.000 24.629 9.668 3.28842
0.000 27.231 10.306 2.14459
0.000 30.355 11.827 1.38976
0.000 30.435 13.555 2.36759
0.000 30.531 14.213 2.64156
0.000 30.096 15.270 2.91623
0.000 30.948 16.021 2.34314
0.000 31.383 16.185 2.46182
0.000 31.106 16.133 2.84020
0.000 30.681 16.535 2.18004
0.000 31.821 17.054 2.14468
1.120 31.948 17.611 1.76473
0.005 31.214 15.873 2.87560
0.000 27.615 12.564 3.88970
0.000 27.670 12.811 3.12668
0.000 25.739 14.960 2.30000
0.000 29.062 16.890 1.67293
0.000 32.606 18.625 1.07705
0.000 32.497 19.795 1.26277
0.000 32.650 18.832 1.66348
0.000 32.503 18.675 1.79937
0.000 32.964 18.984 1.71470
0.230 33.698 19.594 1.57810
0.000 34.056 20.335 1.35576
0.000 34.075 19.906 1.85637
0.000 35.083 19.732 2.06216
0.000 35.669 19.876 1.95362
0.000 35.683 19.799 1.59432
0.000 36.534 19.962 1.61916
0.000 36.879 20.809 1.16380
0.000 36.309 21.691 1.70434
0.000 35.192 22.114 1.78429
1.150 35.183 22.671 1.73192
0.000 35.691 21.688 1.77146
0.000 36.241 22.195 1.65701
0.000 35.892 21.359 1.84698
0.000 36.678 21.958 1.72224
0.000 36.223 22.922 1.09131
0.000 37.349 23.138 1.27029
0.000 36.887 23.498 1.07125
0.000 36.545 22.105 2.43705
0.000 34.378 20.480 2.63015
0.000 34.890 20.417 2.08835
0.000 35.552 21.544 2.15305
0.000 36.259 21.659 2.77564
0.000 36.919 20.873 2.84756
0.000 37.547 20.699 2.85535
0.000 38.143 20.020 2.10198
0.000 39.372 20.088 1.48947
0.000 35.714 17.667 3.31492
0.000 32.316 17.322 3.21439
0.000 33.277 17.638 1.89455
0.000 35.495 20.365 1.25825
0.000 37.097 22.114 2.44110
0.000 38.105 21.458 2.72336
0.000 38.151 21.166 2.65560
0.000 38.521 21.377 2.00196
0.000 38.877 20.788 1.86479
0.000 37.989 22.450 1.52712
0.000 37.425 24.032 1.75206
0.000 37.706 23.593 2.00182
0.000 33.131 16.008 4.86082
0.000 30.774 14.566 5.66837
0.000 27.397 13.127 4.98606
0.000 29.774 13.838 2.86756
0.000 33.342 16.301 2.12991
0.000 35.118 19.958 1.54261
2.205 37.303 21.554 2.19478
0.000 37.733 21.961 2.99176
0.000 37.994 23.271 2.84430
0.000 39.191 24.228 2.27649
0.000 35.741 19.061 4.41004
0.000 30.350 19.089 2.91204
2.730 34.867 21.404 0.99019
5.025 34.727 24.915 1.35826
3.075 36.196 25.567 2.03826
0.000 36.711 22.250 3.84988
0.000 36.001 22.440 3.20623
0.000 37.012 23.130 1.73845
0.400 37.188 24.772 1.40603
0.000 38.214 24.997 1.63148
0.000 39.600 24.708 2.12371
0.665 34.817 19.197 4.40627
1.470 29.214 19.501 2.16619
0.000 32.959 22.490 1.68822
0.175 34.198 24.540 2.35663
0.000 37.067 24.824 1.90469
0.000 38.838 25.477 2.73844
0.085 38.388 25.483 2.35771
0.000 40.515 26.244 2.12792
2.120 37.244 26.039 2.26208
15.635 34.089 23.220 1.75590
2.070 32.589 21.100 3.40311
1.640 31.712 21.129 3.22407
0.000 32.111 21.272 2.35174
0.000 35.857 22.766 0.96817
0.000 37.857 24.335 2.09032
0.215 37.588 24.674 2.72272
0.000 37.726 24.611 2.69644
3.360 37.639 24.357 2.19835
0.795 38.630 25.297 2.12200
0.045 39.172 23.045 2.23065
0.020 31.440 20.861 3.40422
0.000 32.864 21.747 2.26761
1.430 35.013 23.901 1.63964
0.090 34.578 24.960 1.40021
0.180 35.354 25.779 1.29596
7.245 34.733 24.967 1.00632
46.330 34.287 24.912 1.05560
0.005 35.687 24.351 2.06780
0.155 35.315 24.637 1.45038
1.815 36.788 25.084 1.94446
1.080 37.660 25.792 1.88490
0.000 34.474 24.907 1.72578
0.000 38.393 25.453 2.25274
1.275 38.696 25.160 2.24464
0.000 37.374 26.006 2.09290
0.000 38.714 26.059 2.06680
0.105 38.313 25.415 2.37806
1.395 38.117 25.187 1.99293
1.900 36.624 25.924 1.85014
0.210 35.378 25.101 1.48481
0.000 38.902 26.283 1.81117
0.010 36.418 26.387 2.49998
0.000 35.650 25.537 2.16722
0.925 38.916 26.324 1.93706
2.100 38.375 25.796 2.69184
1.815 32.346 24.926 2.53251
0.505 36.608 25.877 3.24883
0.000 39.696 26.547 2.98551
0.230 35.904 25.669 3.22180
2.795 33.243 25.062 2.38299
8.290 33.443 24.793 2.10434
10.215 34.093 24.371 1.73080
11.045 33.711 24.689 1.52615
2.155 34.093 24.895 1.43031
3.170 33.157 24.451 1.40877
24.550 35.163 24.447 1.49056
2.905 32.574 24.163 1.01728
11.715 32.625 24.768 1.08290
7.275 33.942 23.970 1.29303
6.310 30.038 23.388 1.61248
6.055 30.399 24.001 2.21132
2.885 33.505 23.579 2.48671
5.030 34.410 23.554 2.31237
0.000 36.256 25.047 2.21431
0.000 35.266 25.451 2.92871
2.480 36.224 24.579 2.39012
15.340 32.610 24.485 1.35321
2.110 30.424 24.333 2.47785
2.265 31.194 24.202 2.46494
0.040 30.422 24.378 2.85215
0.055 32.170 24.734 3.12595
0.125 32.974 24.227 2.94783
0.070 34.223 24.362 3.25359
0.120 32.935 24.967 3.22902
0.375 33.847 24.957 2.43875
3.220 34.677 25.413 2.23896
4.155 31.273 24.388 1.94910
0.490 30.377 23.981 3.30651
2.870 33.458 24.372 4.44161
0.145 34.903 25.135 3.55597
0.765 34.697 25.219 3.32832
0.160 33.586 25.057 2.55374
2.980 30.641 23.936 2.41715
0.605 32.921 24.435 2.97886
17.315 32.836 24.411 2.89795
10.000 31.692 24.328 2.22903
2.610 30.961 23.972 1.77232
7.270 30.412 23.958 1.57167
3.215 31.885 24.171 1.86329
1.370 30.448 24.073 2.51381
0.660 31.374 24.210 2.20548
12.495 30.316 23.246 2.79016
28.465 29.409 23.576 2.75431
3.910 30.276 23.302 2.82927
6.105 29.672 23.246 2.78215
7.985 31.420 23.750 2.90223
3.155 29.382 23.123 2.44471
0.630 32.610 23.608 3.23250
3.330 30.292 23.618 2.53637
0.885 29.115 22.684 3.10749
3.405 31.840 23.049 2.74497
1.305 33.266 23.341 1.98113
13.825 30.811 23.032 1.69016
9.105 29.024 22.831 1.04604
2.395 32.380 23.366 1.55239
6.600 30.204 23.472 2.13792
0.000 30.272 23.270 2.76161
1.905 29.942 22.963 2.67159
0.000 31.787 23.063 1.93900
15.785 32.809 24.300 1.40364
35.765 29.870 23.593 1.18081
1.815 28.473 22.397 1.27245
0.000 32.165 22.740 1.12677
2.555 32.320 22.911 0.84615
0.000 33.857 23.588 1.13754
0.000 33.828 24.135 1.75289
0.195 32.262 24.040 2.29046
0.060 31.791 24.212 2.49677
0.250 30.677 22.828 2.77759
3.640 31.148 23.254 3.09655
24.430 31.223 23.482 3.56856
14.640 29.372 23.188 3.58631
4.780 29.130 22.881 4.21413
6.115 28.576 23.041 3.77829
4.860 29.881 22.892 3.78934
0.000 31.859 22.473 2.88648
3.210 32.076 23.067 2.91690
3.440 32.321 23.035 3.15551
1.885 30.624 23.588 3.87451
3.790 30.503 23.336 4.12303
1.475 30.611 23.480 3.19382
1.155 29.404 23.012 2.75734
0.020 32.948 23.508 3.13901
0.930 33.002 23.915 3.91982
1.715 30.638 22.962 3.71737
0.685 32.085 23.526 3.81261
0.770 30.887 23.284 3.62854
12.785 32.828 22.362 3.68964
2.200 30.970 22.460 3.64472
1.255 32.044 22.636 4.06625
1.735 31.333 23.520 4.12239
0.055 31.406 23.796 4.28343
0.690 29.840 22.944 3.26625
1.645 32.004 22.856 3.38091
0.970 31.969 23.351 2.61253
3.675 33.292 22.347 3.55311
5.235 31.484 22.456 3.10849
21.530 30.577 23.015 2.26441
1.380 31.884 23.555 2.59118
0.735 32.534 22.948 2.84454
1.705 31.674 23.792 2.50781
0.595 29.720 22.464 2.20472
0.000 31.139 22.612 2.10866
0.000 32.207 23.107 1.62930
1.295 33.325 24.550 1.13566
16.705 30.503 23.275 1.30625
1.745 30.873 23.008 1.30355
6.290 30.594 23.400 1.74309
0.810 30.033 22.276 2.44775
33.595 31.497 23.197 1.71660
47.375 30.406 24.038 2.10266
4.380 28.527 22.954 1.62692
9.565 28.440 23.446 1.34078
3.495 28.236 23.304 1.06535
4.925 30.371 23.599 1.08897
3.600 29.805 23.753 0.80064
2.190 29.875 23.554 0.96257
11.695 29.181 22.587 1.08494
18.655 28.213 23.090 0.97890
8.480 27.253 22.257 2.14359
0.945 29.393 22.479 1.64058
16.310 29.003 22.602 1.75804
12.180 29.656 22.827 1.35313
9.225 29.686 23.180 4.00635
0.945 28.462 22.507 4.59390
0.915 29.006 22.993 1.34917
12.960 29.462 22.996 1.00302
1.585 30.736 22.982 1.29465
18.000 31.533 23.574 2.90827
44.205 28.873 22.250 2.22735
8.405 29.424 22.356 1.28040
3.595 28.989 22.051 1.77311
30.759 29.899 22.972 1.80860
10.260 29.409 22.895 1.41159
0.000 30.897 22.900 1.34099
0.560 30.839 22.658 1.35438
4.085 32.064 23.956 1.35403
5.205 28.670 23.482 2.22803
0.865 27.571 23.053 1.69472
11.310 29.720 22.592 0.76679
19.905 29.913 22.158 1.19934
2.495 30.400 22.832 1.07564
0.160 30.881 23.663 0.98760
2.700 32.025 22.993 0.87774
0.000 30.652 22.916 1.55241
0.000 28.352 22.460 1.40952
0.000 29.443 22.246 1.54214
0.000 29.656 22.588 2.06262
6.875 29.197 20.138 4.12362
0.080 28.204 19.919 3.49538
0.000 29.100 20.740 2.75176
2.440 29.378 21.889 2.71797
7.600 29.453 22.813 1.90874
45.760 28.446 22.753 1.62798
0.795 29.647 22.691 2.31319
0.450 29.586 21.199 2.56335
0.000 28.445 19.384 1.98753
0.000 29.330 20.936 1.94994
0.000 29.260 20.887 2.66937
0.000 29.190 21.612 2.91040
0.215 27.783 20.537 3.23951
0.080 28.694 19.443 3.22863
0.000 28.353 20.067 3.16919
0.270 28.185 20.359 3.32711
0.000 27.131 20.200 3.22617
4.210 27.819 20.514 2.39868
0.105 29.001 21.799 2.18480
0.115 29.136 21.266 2.54347
0.000 29.652 20.394 2.24989
0.000 30.012 18.166 2.65982
0.000 27.893 18.072 3.31984
0.010 25.550 18.037 2.83505
6.510 28.678 18.667 2.11235
0.040 30.355 20.831 1.50684
0.000 30.348 22.195 1.51182
67.965 29.093 22.896 1.67801
0.580 26.775 21.563 1.44248
0.000 29.830 22.720 0.95814
2.640 28.403 23.038 0.81221
7.510 28.209 21.792 0.89892
0.000 29.522 21.958 0.68892
0.000 31.000 22.231 0.71735
0.000 30.624 22.638 0.93262
0.000 30.354 22.094 0.97354
0.000 30.767 22.882 0.77917
4.285 31.280 23.411 0.70606
1.405 28.931 20.302 2.36012
0.000 28.344 19.754 2.41247
0.000 29.892 20.009 3.24361
0.000 26.397 17.496 3.70053
0.000 24.790 14.101 3.98172
0.000 25.765 13.538 3.89376
0.000 25.255 12.835 3.51025
0.000 25.184 13.228 3.53920
0.370 25.907 14.126 2.88432
0.000 26.212 14.665 2.81127
0.025 27.987 16.941 2.49807
0.420 28.222 18.132 2.34834
0.000 29.377 18.629 2.17477
0.000 30.421 19.416 2.44683
0.000 29.863 18.968 2.30312
0.105 29.731 18.381 2.07825
0.010 30.486 19.224 2.21226
0.015 30.816 20.691 2.04853
0.155 31.344 21.187 1.84735
0.000 30.627 17.438 3.43993
0.000 29.087 15.848 3.53778
0.070 25.794 12.898 4.44847
0.000 23.242 12.884 4.19503
0.000 26.543 13.060 3.11258
0.000 28.145 14.693 2.39971
0.000 29.951 17.443 2.41424
0.000 30.646 16.123 3.64759
0.000 27.732 13.677 4.31963
0.000 27.039 13.487 4.12348
0.000 27.303 13.405 5.07081
0.000 24.865 12.774 4.46200
0.010 25.766 12.921 3.87586
0.000 26.085 11.228 4.46942
0.000 24.441 9.958 4.00380
0.000 24.540 10.268 3.53036
0.005 26.917 12.613 3.63458
1.870 21.877 12.001 5.80897
0.030 21.959 11.303 3.85953
0.065 25.017 11.664 2.15155
0.000 28.184 14.763 1.85163
0.015 30.546 17.609 1.55456
0.000 30.376 19.371 1.55850
0.005 28.192 18.605 2.18051
0.000 29.955 16.815 3.00284
0.000 30.038 15.799 2.38010
0.000 30.446 15.724 2.20232
0.000 31.307 16.509 2.51217
0.000 31.100 19.488 2.41833
0.000 31.491 18.042 2.67493
0.000 31.627 18.770 1.35444
0.000 33.184 19.975 1.25259
0.000 33.483 18.902 2.60599
0.780 27.284 13.759 4.76343
0.000 27.253 12.490 3.81296
0.000 28.041 12.409 3.62310
0.000 27.246 11.863 3.18564
0.000 28.432 12.518 2.53784
0.000 29.856 13.809 1.90417
0.000 32.477 15.428 1.21270
0.000 33.188 16.839 0.96454
0.000 33.637 17.558 1.07580
0.000 34.085 18.140 0.99510
0.000 33.775 18.850 1.57201
0.000 34.060 17.811 2.11666
0.000 34.182 17.323 2.10906
0.000 33.617 16.757 1.86851
0.000 34.186 16.812 1.72965
0.000 33.610 15.124 1.97743
0.000 31.550 15.559 2.00171
0.000 29.732 12.709 3.79804
0.000 28.298 13.044 3.55922
0.000 28.317 12.465 3.68403
0.000 28.048 12.942 3.54620
0.000 29.118 14.060 2.26928
0.000 32.040 15.642 1.55436
0.000 33.049 16.664 1.21995
0.000 34.082 17.728 1.60657
0.000 34.083 19.705 2.14176
0.000 34.289 18.688 2.32543
0.000 34.936 19.153 1.07842
0.000 35.116 18.517 2.76163
0.000 32.951 17.448 3.36986
0.000 32.335 17.522 2.68152
0.000 33.314 18.008 2.82702
0.000 33.014 17.773 3.02234
0.055 32.057 17.844 3.58063
0.000 32.067 18.414 3.81850
0.000 31.986 19.879 3.27923
0.000 30.582 21.034 2.10781
1.795 27.302 19.025 2.86774
4.330 30.196 19.466 1.65590
0.000 34.045 21.118 1.28763
0.000 35.217 22.027 1.61340
11.730 35.007 23.221 1.42840
0.305 33.004 18.882 2.39125
0.000 25.383 19.073 2.22669
0.000 33.249 19.163 2.94100
0.000 33.322 19.584 2.67511
0.000 35.123 20.686 1.87567
0.000 36.237 20.123 3.27340
0.000 34.108 19.759 3.56751
0.000 34.807 20.358 2.73077
0.000 35.615 21.998 1.48897
0.000 35.535 22.765 1.49875
0.000 36.577 23.634 2.32686
0.000 37.676 19.985 2.79699
0.000 32.228 16.679 4.45187
0.000 31.540 16.948 3.27992
0.000 33.073 18.555 2.00836
0.000 35.189 20.818 1.25763
1.515 36.225 23.047 1.71735
0.000 37.034 23.603 1.98553
0.000 37.266 23.484 1.64420
0.000 37.963 24.897 1.33271
0.000 37.045 24.185 1.69348
0.420 36.386 24.185 1.76909
0.000 37.592 23.845 2.77265
0.000 38.141 25.062 2.82657
42.535 33.729 17.204 3.83044
0.000 27.556 17.434 3.33444
0.000 33.187 18.901 1.62117
0.000 36.570 23.084 1.48762
0.215 37.755 24.768 1.75048
0.910 35.453 23.992 1.01743
0.000 35.590 23.829 1.47507
0.160 34.938 23.877 1.12146
0.855 35.928 24.647 1.78391
0.000 36.745 24.114 2.48934
0.000 36.848 24.351 2.36781
0.000 37.820 24.718 1.87853
0.000 37.825 25.282 1.59058
0.000 37.666 24.779 2.17055
0.070 37.006 25.714 1.94604
24.755 34.985 25.129 1.08942
0.010 30.915 23.231 1.94886
9.755 30.745 20.907 2.03331
4.480 34.415 22.287 1.47899
0.055 30.473 23.097 1.25371
0.000 34.677 22.355 1.27959
0.000 35.822 23.330 1.68100
0.000 35.830 23.932 1.81206
0.000 36.392 24.154 1.70141
0.000 38.260 25.768 1.19511
24.215 34.356 22.868 1.51102
0.255 32.756 23.522 1.57003
1.275 32.987 24.192 1.30435
0.000 33.541 23.654 1.87580
0.015 36.483 23.736 2.30946
0.000 37.459 23.996 2.07135
0.000 37.227 25.436 2.04699
28.945 31.795 24.438 1.32552
9.390 29.317 19.588 2.68092
0.000 32.742 20.226 2.07265
0.000 34.928 22.958 1.72758
0.000 36.052 23.993 1.68418
11.925 33.368 24.180 1.09328
0.000 33.357 24.657 1.35137
4.265 34.473 23.929 1.74935
0.000 32.620 22.719 1.78274
3.560 37.682 24.016 1.92907
0.000 36.086 24.343 1.53570
2.860 33.698 24.537 0.86667
0.325 34.281 23.946 2.01388
0.355 35.757 23.975 1.64519
7.395 35.528 25.330 1.51661
3.470 31.989 24.080 1.38482
0.205 34.677 24.180 2.54637
0.000 34.804 24.598 2.01640
0.000 33.657 23.974 1.52135
0.000 36.526 24.784 1.62887
1.115 36.650 24.485 1.70502
6.515 35.470 23.990 1.89424
2.410 34.807 24.480 1.93924
2.755 34.300 23.224 1.92554
9.220 35.122 23.708 1.63025
6.800 35.073 24.125 1.39747
8.525 32.607 23.778 1.16249
0.000 33.332 23.136 1.19022
0.840 36.746 24.047 1.23619
6.750 37.035 23.120 1.93497
0.000 34.719 20.184 3.44542
0.000 34.498 21.296 2.34463
0.000 34.656 23.123 1.43248
0.085 34.973 24.228 1.21779
29.015 33.689 23.372 1.47404
3.015 29.902 22.671 0.98040
4.655 29.583 23.187 1.41377
2.280 29.713 23.559 2.10680
10.130 31.604 23.956 2.88394
14.495 30.214 23.733 2.13568
6.660 32.599 23.718 2.26618
1.430 30.834 23.462 1.74089
0.000 32.350 23.327 1.19586
0.715 32.649 23.137 1.78631
1.640 34.919 23.125 1.67464
15.130 33.703 24.263 1.97913
11.210 30.645 23.498 2.38865
1.120 32.635 23.677 2.37218
3.070 33.249 23.432 3.19925
1.880 33.726 23.353 2.89414
1.720 33.240 23.600 3.27717
0.020 32.768 23.647 3.77191
0.090 32.362 23.038 3.26724
0.000 34.173 23.545 3.30348
0.000 35.938 24.796 3.16737
0.005 33.481 24.261 3.00056
0.000 34.845 24.518 3.56222
4.660 31.665 24.083 3.14949
0.210 32.283 23.965 2.83171
0.000 33.688 24.134 2.95761
0.000 35.106 24.102 2.63845
0.035 35.937 24.162 2.36705
0.055 34.005 24.133 2.32782
0.065 35.328 24.717 2.05194
98.238 33.437 24.568 1.25426
3.715 31.369 24.190 0.97584
0.830 28.873 23.468 1.32164
3.530 31.761 24.044 1.32930
2.730 30.695 23.846 1.09767
3.650 31.952 23.761 0.73345
8.545 32.831 24.187 1.39558
3.300 31.754 23.973 1.42085
0.075 30.985 24.043 1.17635
1.025 30.834 23.702 1.19386
1.490 30.596 23.291 1.77962
4.450 32.006 24.046 2.82000
0.980 29.472 23.214 3.70608
5.965 29.616 22.876 3.55302
0.905 30.319 23.701 2.45920
0.880 30.090 22.555 3.43208
1.170 29.796 23.328 3.71616
0.560 29.130 23.897 3.57037
2.520 30.196 22.759 3.76315
0.000 31.568 23.221 3.56608
0.230 32.615 23.809 3.84443
1.530 31.630 23.382 3.56416
13.615 32.839 23.938 3.65483
6.565 31.794 22.208 3.62655
10.645 32.479 22.893 3.78424
0.975 30.506 23.618 3.42144
0.000 29.873 23.933 3.34304
0.000 30.108 23.835 3.49567
0.095 30.595 23.257 3.88135
21.320 31.229 22.409 3.78931
3.310 30.181 22.560 4.06219
8.905 31.014 22.859 3.04811
13.025 29.778 22.885 1.47110
2.495 30.632 22.488 2.17255
4.310 30.659 23.143 3.03960
0.120 30.697 22.947 3.25288
0.000 31.756 23.214 3.15960
17.935 29.830 22.317 2.72017
5.635 31.568 23.061 3.27078
9.190 28.855 21.809 3.90929
3.700 29.412 21.532 3.83953
4.180 30.592 22.482 3.37531
0.190 32.275 23.401 2.91646
4.310 31.438 23.057 2.54864
20.040 29.185 22.542 1.64504
1.220 28.249 22.195 2.20674
0.210 28.799 22.680 3.20571
0.825 27.641 22.056 3.50489
0.620 29.841 22.430 4.64870
0.095 31.560 22.340 4.76314
0.330 31.917 23.210 3.90282
0.245 30.944 23.102 3.26657
0.975 31.090 23.542 2.13421
0.005 30.054 23.269 2.08064
0.000 31.747 22.769 3.42429
0.890 31.085 22.862 3.55288
0.045 31.905 23.583 3.27381
24.315 30.791 23.349 2.30910
0.280 31.725 22.610 2.64922
20.905 31.750 23.050 2.34836
0.010 31.273 22.647 2.97202
0.235 31.516 23.307 2.44714
1.000 30.898 23.519 2.90197
2.350 29.667 23.097 2.88368
2.855 30.021 23.005 2.15863
19.835 29.030 22.816 2.07319
0.720 29.982 22.719 3.47154
1.155 29.832 22.409 3.08069
1.365 31.519 23.285 2.09810
32.235 29.262 22.902 1.77564
31.095 29.684 21.838 2.91622
0.830 29.915 22.219 2.28234
1.535 29.963 23.048 1.95752
5.400 28.103 22.161 2.82988
26.280 24.725 20.639 2.90300
7.565 27.386 21.806 1.71187
1.005 29.147 21.820 1.79133
0.295 30.395 21.403 1.80031
0.000 31.582 22.170 1.72115
0.050 32.351 22.657 1.89333
0.005 31.156 22.809 1.65893
1.090 31.439 22.834 1.17139
0.000 31.558 23.388 0.95735
3.575 31.364 23.746 1.41211
10.835 28.425 23.124 0.92488
8.250 27.710 19.938 2.31547
0.505 29.614 20.905 2.08778
1.155 29.746 20.508 1.90810
1.355 30.289 21.196 1.60342
3.430 30.354 22.510 1.34084
68.854 29.900 22.573 0.99240
22.920 27.776 22.459 1.12302
37.086 29.711 22.386 1.17576
8.330 29.696 23.247 0.88987
4.075 27.836 22.779 0.99764
1.335 27.563 21.325 0.93457
10.650 28.076 22.063 1.35370
2.370 29.536 21.580 1.77334
0.600 29.229 20.522 1.89559
7.575 29.883 21.761 1.33396
15.040 27.273 21.943 1.93976
0.910 29.581 22.380 1.08267
19.100 28.979 22.994 1.14754
8.935 29.439 22.075 1.09804
1.915 30.061 22.198 1.06771
0.360 30.520 22.277 1.81113
43.710 30.902 22.796 1.73953
38.610 25.940 22.877 3.38923
6.480 29.427 22.372 2.08773
4.305 29.808 22.072 1.13597
2.635 30.303 23.008 1.06329
3.295 29.905 22.264 0.91259
9.100 29.408 22.305 1.85933
27.460 29.879 22.193 1.68106
51.935 27.337 20.039 1.83762
6.265 28.954 21.032 1.30355
0.000 29.093 22.192 1.67613
0.395 29.416 21.331 2.11237
0.880 29.571 21.292 1.80901
0.000 29.783 21.235 1.54666
0.000 30.420 21.429 1.21765
0.755 31.242 21.427 1.28037
0.000 30.566 20.905 1.44513
0.000 29.716 20.947 1.45966
0.000 29.686 21.246 1.87013
0.000 29.503 20.303 2.34718
0.000 29.331 19.493 2.10074
0.000 29.056 20.533 2.33779
0.000 29.084 20.811 2.11873
0.295 28.825 20.421 2.80389
0.000 29.328 21.085 2.78545
0.000 29.105 20.862 2.72346
0.000 28.968 21.495 2.47990
0.000 28.501 19.577 2.24162
0.000 28.321 17.857 2.24844
0.620 28.249 18.343 2.28495
0.000 28.008 19.667 2.46375
0.055 28.077 16.562 2.89536
6.925 26.971 14.451 2.51032
0.000 26.177 14.621 2.22610
0.000 26.544 15.221 1.84410
0.000 28.319 15.958 1.30106
0.000 28.354 16.953 2.68289
0.000 27.293 17.897 2.85241
0.000 28.202 19.054 2.40687
0.000 28.847 20.640 2.30175
0.000 29.704 20.488 2.28016
0.120 29.711 18.940 2.67018
0.000 28.860 18.398 2.32101
0.000 28.946 18.283 1.79374
0.000 29.172 18.284 1.98302
0.000 29.706 19.368 1.78319
0.000 30.097 20.844 1.33454
0.000 30.487 21.039 1.39870
0.000 30.791 20.922 1.15333
0.000 31.298 21.042 1.01529
0.295 30.668 21.673 0.89535
0.000 30.901 21.079 1.37576
0.000 30.921 21.871 0.86358
0.000 31.470 21.963 0.64716
0.000 31.433 22.511 0.67561
1.260 31.171 21.791 0.84867
0.000 31.379 19.930 0.94300
0.000 31.997 19.719 1.10332
0.470 32.142 20.441 1.02102
0.000 31.372 21.416 1.16718
0.000 31.957 21.276 1.17953
0.000 31.664 18.420 1.89004
0.400 30.604 19.080 2.82153
0.000 28.409 17.687 3.44495
0.000 29.567 16.982 3.34942
0.000 28.791 17.414 2.80640
0.000 28.163 19.694 2.23452
0.000 31.459 20.487 2.10966
0.000 32.096 20.180 2.15361
0.000 31.758 18.161 3.20022
0.000 29.890 17.930 3.05093
0.000 30.669 18.247 2.66652
0.000 30.757 18.252 2.27360
0.000 30.819 16.368 2.43954
0.000 29.458 15.052 2.34070
0.000 29.480 15.505 2.96839
0.000 27.834 13.377 4.15935
0.000 26.325 13.753 3.97925
0.500 25.433 13.681 3.91868
0.000 27.105 13.729 4.79929
0.000 25.979 11.009 3.93792
0.000 25.494 10.474 3.77671
0.000 25.236 10.419 3.32687
0.000 25.426 11.100 2.41887
0.000 26.831 12.207 2.50771
0.000 28.000 13.783 1.84278
0.000 29.028 14.502 1.70193
0.000 29.441 14.981 1.81331
0.000 29.572 15.635 3.26709
0.000 28.302 15.201 3.07439
0.000 28.626 15.698 2.52729
0.000 29.847 16.530 2.15855
0.000 30.596 16.763 1.82318
0.000 30.993 16.956 1.04704
0.000 32.485 14.962 0.90833
0.000 32.332 15.576 2.49279
0.005 31.098 16.162 4.15331
0.000 28.174 14.530 4.59652
0.010 26.821 14.724 4.12474
0.120 25.888 14.166 4.43777
0.000 27.374 14.082 3.69992
0.000 28.344 14.579 2.51655
0.000 30.620 15.372 2.46051
0.000 31.083 15.960 2.84314
0.000 31.483 17.209 2.65214
0.000 31.625 16.448 2.41037
0.000 31.234 17.190 2.27719
0.000 32.441 18.389 1.72850
0.000 33.332 18.437 2.30972
0.000 32.321 17.501 2.88354
0.000 31.681 17.858 2.04274
0.000 32.149 18.714 1.23975
0.000 32.885 19.233 1.96788
0.000 30.086 19.307 2.99843
0.000 30.482 17.210 3.53254
0.000 30.623 16.035 3.52040
0.000 30.680 16.046 3.11308
0.660 30.940 16.012 3.50131
0.000 29.231 14.044 3.98603
0.020 26.231 11.582 4.35498
0.000 27.161 12.289 3.00218
0.000 28.711 12.662 3.04736
0.000 28.205 11.901 3.13416
0.000 27.803 12.318 4.42416
0.000 27.117 11.608 3.41592
0.000 27.210 11.228 2.41279
0.000 29.032 12.350 1.81299
0.000 30.965 14.779 1.33344
0.000 31.748 15.631 1.02856
0.000 32.092 19.253 1.10782
0.000 32.937 19.426 1.38853
0.000 33.826 18.323 1.31722
0.000 35.219 17.487 1.53108
0.000 35.142 18.603 1.50511
0.000 34.807 20.821 1.44431
0.000 35.250 21.383 1.68104
0.000 35.509 21.553 1.55894
0.000 36.018 19.982 2.60025
0.000 35.233 20.014 2.90766
0.000 35.807 19.439 2.34072
0.000 36.271 20.256 1.85997
0.000 37.178 21.521 2.00355
0.000 36.328 22.775 1.74215
0.000 37.156 24.016 1.83928
0.000 35.640 24.112 1.94585
0.000 32.749 23.833 1.41752
0.000 36.409 24.236 1.13528
7.790 36.543 23.520 1.11416
2.550 35.921 22.963 0.91715
4.850 33.291 22.806 1.36279
2.760 34.374 23.300 1.63279
0.000 34.403 23.245 1.76115
1.805 35.032 23.027 1.44104
0.000 35.209 22.435 1.85828
0.000 36.529 23.241 2.20745
0.035 36.441 23.328 1.94926
0.000 37.066 21.895 1.94142
0.000 35.785 22.166 1.69463
0.000 34.567 22.329 1.60197
0.000 35.343 23.372 1.61819
0.270 35.851 24.469 1.28982
0.000 34.330 24.557 0.91772
0.000 35.622 24.543 0.96957
0.000 36.032 24.504 1.69042
0.000 36.021 23.802 2.44487
0.000 37.616 23.358 2.49716
0.000 38.300 23.282 2.35808
0.000 38.608 24.029 2.66285
0.540 35.883 23.423 2.42259
20.630 33.035 20.668 2.36501
2.450 27.561 18.948 3.69004
0.000 32.135 19.899 1.61272
0.000 35.062 22.713 1.17257
14.575 35.494 22.941 1.37170
0.050 35.953 23.810 1.81155
0.000 37.240 23.840 2.01213
0.000 37.808 24.178 2.32980
0.000 38.192 25.108 1.73486
0.080 34.775 25.601 1.35247
4.595 32.981 23.753 1.34857
0.000 36.242 23.893 1.60456
0.000 39.776 24.554 2.19672
0.000 40.166 23.558 2.85567
0.000 39.543 25.517 2.51569
0.000 38.998 21.402 3.08351
0.000 35.130 21.768 3.16049
0.000 36.071 22.233 2.63339
0.200 36.395 22.706 2.65843
0.000 36.816 23.547 1.95683
0.000 35.991 23.444 2.36251
0.015 36.107 23.965 1.71931
2.810 34.090 23.578 0.99696
4.520 33.534 23.196 1.61081
7.440 31.606 23.274 1.06653
4.520 32.495 23.839 1.33149
8.355 32.064 23.757 1.50716
6.085 32.960 23.229 1.97143
0.955 34.195 23.555 2.59639
0.000 37.302 25.292 2.08286
9.185 31.261 22.190 2.28262
0.805 34.266 23.039 1.05202
0.000 37.744 24.265 1.74124
4.000 37.762 24.603 2.35049
0.000 37.929 24.270 2.53454
2.345 39.840 24.715 2.44756
6.005 40.200 25.799 2.28653
3.195 36.980 25.069 1.42036
0.365 34.021 24.571 1.47506
2.080 35.928 24.263 1.40347
1.635 33.961 23.363 1.95351
17.895 31.724 22.555 2.17526
1.920 33.536 23.226 3.27635
15.085 29.051 23.273 2.14208
13.660 31.199 23.548 1.31733
12.305 29.993 22.984 1.45576
27.080 31.583 23.092 1.41849
33.960 30.534 22.266 2.11457
9.625 27.942 22.287 1.16774
10.560 30.612 23.163 0.81213
0.900 30.261 22.545 1.36165
0.400 32.010 23.370 1.38681
13.605 32.465 23.273 1.23379
5.685 30.190 24.070 1.17192
9.245 28.443 21.696 2.10042
0.000 26.674 21.910 2.21617
0.830 32.709 23.314 1.39546
7.525 31.708 23.810 1.29309
0.450 31.587 23.315 1.36996
0.410 32.810 22.670 2.21948
0.005 31.920 22.825 1.94294
0.000 33.212 22.853 2.51207
0.115 34.872 23.498 2.82123
0.525 34.455 23.416 3.44517
0.855 33.499 23.930 3.03634
0.000 34.391 23.472 3.45428
0.000 35.800 23.207 3.40597
0.000 36.843 23.842 2.71626
3.520 37.792 25.122 2.57006
10.880 36.060 23.744 2.44832
1.260 36.552 24.381 2.69965
29.116 30.523 23.124 2.03447
7.790 32.496 23.644 2.06570
1.715 31.695 23.869 2.08700
0.180 30.792 23.768 1.83716
0.460 32.838 23.966 2.13049
9.140 30.813 23.992 1.62049
1.035 31.309 23.979 1.65530
1.560 29.559 23.164 1.49946
0.885 31.689 23.181 2.10395
0.000 32.992 23.823 2.20612
0.000 33.045 23.915 2.18680
0.000 32.045 23.531 2.01892
0.000 34.475 24.619 2.05961
0.440 32.783 23.848 1.90393
0.935 33.517 24.469 1.85998
0.000 32.457 23.884 2.16045
8.885 33.553 24.237 1.91234
0.000 33.736 24.047 2.46751
18.500 31.669 23.824 1.76730
5.520 30.554 23.759 1.45228
9.160 31.361 24.097 1.09374
0.215 31.552 24.259 1.63455
2.360 32.552 24.054 1.53955
0.005 31.753 23.712 1.09532
2.460 33.837 24.387 1.01040
0.235 31.007 24.103 0.95735
0.320 31.226 23.989 1.16959
12.265 31.334 24.287 1.57323
5.835 30.183 24.671 2.45047
11.350 29.027 23.029 2.98043
13.055 30.880 23.261 3.61137
14.795 30.899 22.077 4.03045
0.545 29.623 23.165 3.35402
0.960 29.939 23.305 3.32840
0.700 31.336 22.234 3.03967
0.035 29.221 22.482 3.43344
22.695 29.429 23.133 3.66272
0.285 29.168 23.199 3.35478
2.235 28.535 22.729 2.77787
0.275 31.689 22.834 2.39027
0.000 31.347 22.890 2.35147
0.000 33.150 23.174 2.64517
0.000 32.810 23.799 2.89425
0.000 33.847 23.437 3.27334
0.000 33.763 22.884 3.88426
0.000 34.261 23.911 4.32068
0.000 34.734 23.919 3.61893
0.710 32.850 23.626 2.83083
4.815 33.069 24.071 2.66704
9.130 30.680 23.061 2.96734
0.085 31.402 23.512 2.19205
0.080 31.406 23.526 2.05682
0.570 30.335 22.043 1.61393
4.720 32.802 23.197 1.49158
1.210 32.925 22.889 1.26886
30.645 32.698 23.418 1.09024
0.490 29.196 21.880 1.43006
16.935 33.711 22.471 0.83637
4.545 32.399 22.611 1.08906
18.470 33.161 23.323 1.30506
5.445 31.253 22.866 0.92141
0.545 31.400 22.964 1.14621
3.040 31.340 23.219 1.24554
7.350 30.629 23.179 2.03087
0.820 30.186 22.253 2.74873
1.390 30.649 21.822 3.03707
0.575 32.816 22.978 3.12800
0.010 31.970 22.399 3.17486
17.130 31.511 23.123 2.20416
12.070 30.415 23.069 3.25792
26.300 29.120 23.003 3.45474
3.465 29.949 23.470 3.97487
0.100 31.654 22.569 3.42186
1.145 30.007 22.958 3.30304
1.830 30.947 22.896 3.90747
0.315 31.993 23.487 3.38955
0.200 33.084 24.130 2.63613
0.005 32.592 24.059 2.25950
11.920 32.314 24.065 2.72923
46.000 29.457 22.887 2.95253
18.590 28.315 22.582 2.42458
0.350 30.789 23.048 2.35981
0.010 29.739 23.018 2.24470
7.090 30.860 23.386 2.11817
6.795 30.514 23.421 2.16319
0.925 29.715 22.948 2.04146
2.160 29.636 23.059 1.50410
25.850 29.323 23.297 1.16145
1.255 30.037 22.780 0.90954
0.220 30.857 22.875 0.88413
20.500 31.396 23.888 0.89063
5.320 29.454 23.235 1.21195
17.045 28.788 23.067 0.86976
3.035 29.320 22.874 1.38639
0.220 28.562 22.674 1.55966
0.210 29.878 23.104 1.87184
38.630 30.007 23.006 1.83342
37.600 27.942 23.003 2.08389
18.435 27.871 22.541 1.81894
5.645 29.139 23.539 1.24125
10.020 28.146 22.715 1.39832
0.000 29.639 22.965 1.80503
2.405 30.713 22.516 2.18269
37.940 28.253 22.957 1.61861
3.255 29.399 22.768 1.68446
8.145 29.279 22.754 1.14639
6.280 29.659 23.185 0.81323
9.410 28.785 22.971 0.95832
17.250 29.665 23.465 0.95670
11.425 28.711 23.236 1.07556
8.770 28.291 23.244 1.02155
3.005 30.335 22.706 2.22925
10.610 28.788 23.076 0.77635
47.675 27.486 22.581 0.79070
0.630 27.886 18.250 1.65876
0.000 28.542 19.848 1.71138
0.680 30.494 19.882 1.17564
0.000 30.733 21.440 0.98177
0.800 31.900 22.522 1.34709
1.160 31.950 22.811 1.40174
0.010 30.361 22.486 1.03959
7.185 30.208 22.701 0.88042
9.860 29.181 21.949 1.47131
1.120 30.090 22.280 0.79460
0.580 30.000 22.482 1.28348
5.150 30.972 22.625 0.68937
15.780 29.602 22.992 1.05103
31.565 29.380 23.851 2.43676
33.585 27.519 21.404 4.06336
7.865 29.178 21.987 2.68972
0.150 29.598 21.791 2.16612
1.840 29.490 21.928 1.49868
7.855 29.728 23.001 0.75896
8.840 28.219 22.589 0.80988
32.530 28.312 22.482 1.29312
9.275 27.424 22.317 1.80117
14.880 27.292 21.439 2.11819
2.760 28.690 21.961 2.29537
1.405 28.325 19.836 3.62608
1.160 28.562 19.693 3.57884
0.055 27.175 18.535 3.85196
1.000 27.362 18.993 3.02031
0.430 27.854 19.692 2.42697
0.080 27.781 17.918 3.28019
0.000 26.963 17.562 3.01830
0.000 27.298 18.474 2.35263
0.000 28.220 20.185 2.56833
0.075 28.256 20.003 2.98177
0.000 27.715 18.866 3.07415
0.835 28.012 19.600 2.77440
2.470 27.370 20.022 2.76692
0.000 28.589 20.607 2.23491
0.000 28.965 20.954 2.39385
0.000 28.957 18.513 2.77263
4.550 27.803 19.122 3.00910
0.000 24.802 19.261 3.31506
0.000 28.717 16.728 3.53789
0.000 24.011 15.731 3.49746
0.300 25.765 15.393 3.00965
0.000 25.685 15.111 3.21149
0.000 25.523 15.566 2.70853
0.000 25.811 15.236 2.59881
0.000 25.706 13.777 2.59564
0.015 25.201 12.908 2.52282
0.000 25.575 14.154 2.48623
0.960 26.851 16.014 2.76860
0.000 26.053 18.389 3.14892
0.000 27.783 19.084 2.70961
0.000 27.329 20.462 2.49751
0.000 27.695 19.524 2.83539
0.000 27.925 18.263 2.84138
0.000 27.898 17.245 2.15085
0.150 27.929 18.397 1.98007
0.095 28.032 18.204 4.00557
0.000 26.741 16.741 3.65909
0.090 26.820 16.168 2.95905
0.000 26.348 15.754 2.76029
0.000 26.398 15.157 3.07429
0.000 25.811 14.169 2.85739
0.000 25.768 13.797 2.64657
1.950 25.895 14.467 2.26451
0.000 26.253 12.452 2.39187
0.000 24.579 10.365 2.53721
0.000 24.376 10.684 2.11656
0.000 24.320 10.917 2.38121
0.000 24.220 11.797 2.31046
0.000 24.748 12.745 1.99009
0.000 26.001 13.762 2.12672
0.000 26.745 15.544 2.79044
0.000 26.729 16.036 2.99690
0.000 26.333 16.658 3.04069
0.000 26.570 15.619 3.40479
0.000 27.689 15.927 2.83949
0.000 27.743 16.729 2.25446
0.000 28.577 16.922 1.93891
0.000 28.933 17.661 1.59868
0.000 29.281 17.504 1.43944
0.000 30.141 17.308 1.56480
0.000 30.138 17.737 1.75137
0.000 30.271 18.629 1.88249
0.000 29.805 19.605 2.19611
0.000 30.501 19.681 2.05912
0.000 31.115 20.115 2.17330
0.000 31.472 19.915 2.02821
0.000 31.651 19.555 2.01282
0.000 31.717 20.186 0.95089
0.000 32.220 20.329 0.96248
0.000 32.198 19.653 1.59200
0.000 31.748 18.834 1.50011
0.000 30.986 18.154 1.36904
0.000 30.132 18.431 1.58170
0.000 30.623 18.210 1.70130
0.000 30.197 16.720 1.57347
0.000 30.351 16.912 1.69103
0.000 29.522 15.847 3.19499
0.000 28.904 14.184 3.42420
0.000 27.862 12.456 4.35921
0.000 24.360 9.988 4.52336
0.000 24.164 10.295 3.67168
0.000 25.841 10.977 2.50380
0.000 27.319 13.234 2.03654
0.000 28.997 15.199 2.19559
0.000 28.939 14.789 1.91502
0.000 30.141 14.246 1.84309
0.000 30.657 15.013 1.55282
0.000 31.665 16.851 0.95550
0.000 32.442 16.593 1.41603
0.000 32.750 16.564 1.52674
0.000 33.027 16.467 1.43951
0.000 33.836 16.480 1.53188
0.000 31.414 16.962 2.45591
0.000 30.964 14.058 3.29944
0.000 29.159 13.543 3.85399
0.000 28.778 13.794 3.18465
0.000 30.409 14.812 2.27873
0.000 31.787 15.997 1.70029
0.000 32.705 17.079 0.88693
0.000 33.732 15.389 0.77917
0.000 33.081 16.036 2.49123
0.000 31.134 16.237 3.11001
5.640 29.534 15.564 4.36825
0.170 27.544 15.582 3.36890
0.000 31.049 16.071 2.56215
0.000 30.289 18.277 2.27186
0.000 33.254 19.170 1.76321
0.000 32.961 22.048 1.58262
0.000 33.330 21.005 1.54299
0.000 32.469 18.656 2.28179
0.000 28.625 17.421 1.81907
0.000 28.267 15.225 2.90041
1.170 28.522 15.047 3.24785
0.000 27.570 15.196 2.08162
0.000 31.122 17.537 1.66447
0.000 31.852 16.367 2.20787
0.000 32.077 16.040 1.84508
0.000 30.914 14.893 2.72158
0.000 29.506 15.257 2.51787
0.000 30.309 16.725 1.72120
0.000 32.873 17.157 1.86003
0.000 30.464 14.375 3.60790
0.000 28.440 14.135 3.28691
4.760 29.182 14.280 3.78474
0.000 26.803 14.595 3.46313
0.000 29.366 15.876 2.38651
0.000 30.342 18.528 2.78566
0.000 27.989 16.551 3.95652
0.000 29.743 14.058 4.00702
0.000 29.784 13.656 3.43152
0.000 30.004 13.758 2.96089
0.000 31.534 15.143 2.63256
0.000 32.865 17.195 2.47072
0.000 33.964 20.233 1.93223
0.000 35.166 21.525 1.45378
4.725 33.484 19.374 2.74654
0.000 31.509 16.842 4.83601
0.105 27.872 17.131 3.48647
0.000 30.391 15.771 3.24805
1.275 31.563 16.390 2.70985
0.000 32.807 15.477 3.17816
0.000 32.149 14.837 3.31006
0.000 31.755 15.331 3.37207
0.000 31.849 16.510 2.92585
0.000 33.363 18.091 2.32291
0.000 34.560 19.280 2.79875
0.000 33.926 19.701 3.19260
0.000 34.521 19.606 2.40306
0.000 35.596 20.836 2.08743
0.000 35.667 22.615 2.09725
0.000 35.862 22.921 1.20770
0.000 37.620 24.362 1.01039
0.000 36.686 23.542 0.92307
0.000 37.738 24.704 1.20620
0.470 37.151 24.709 1.78525
0.000 37.009 24.412 1.84769
0.000 37.905 23.578 1.94171
0.000 38.169 24.857 1.19649
1.285 37.824 25.917 1.12443
21.440 37.175 25.098 1.96658
0.000 34.983 23.391 1.39045
0.160 33.865 22.063 1.83514
0.000 34.901 22.550 1.83227
0.010 35.408 23.730 1.89427
1.715 34.216 22.589 1.42671
23.735 30.884 22.045 1.26758
6.495 33.303 22.476 1.71879
0.000 34.039 22.850 2.08305
4.530 35.079 23.213 2.38618
31.590 29.735 23.306 1.15525
20.220 33.167 23.277 0.82036
27.285 30.081 22.630 0.96523
3.245 30.245 23.290 0.90137
9.060 33.197 24.184 0.69789
24.010 32.535 23.489 1.11109
48.900 29.512 23.154 0.96861
0.500 31.015 22.454 1.17689
0.000 31.794 22.958 2.09364
1.075 32.428 22.916 2.37878
4.070 33.974 22.279 2.17149
0.145 36.848 23.654 2.08820
0.000 36.922 23.501 1.64866
15.260 36.024 24.162 1.30720
0.000 34.504 24.882 0.97155
2.670 33.314 24.499 0.68605
0.225 35.474 24.970 0.96694
0.040 35.937 22.806 1.40624
0.000 35.741 24.130 1.13182
0.000 36.725 24.910 1.72474
0.000 33.450 25.196 1.44938
0.015 33.578 24.799 1.21171
1.955 35.060 24.478 1.23531
0.185 31.507 21.320 3.34358
0.000 30.617 21.149 3.67292
0.440 32.541 22.283 2.29672
0.000 33.841 23.849 1.60138
6.310 33.687 23.593 1.32485
22.100 32.298 23.705 1.25183
22.035 23.395 22.322 1.33867
4.785 30.209 22.699 1.86326
12.035 30.387 22.726 2.30131
0.630 28.969 22.845 2.12095
9.875 31.149 22.993 2.55358
6.470 30.468 21.198 2.65288
0.470 32.424 22.716 1.72949
0.940 32.786 21.844 1.92895
0.455 33.665 23.044 2.09259
0.005 33.116 23.423 2.06350
0.000 33.737 23.925 1.89380
6.440 32.281 20.536 2.58352
2.385 26.167 20.737 2.42945
5.375 28.319 21.379 2.26335
20.185 28.538 20.202 2.10216
2.885 28.309 20.892 1.58336
5.675 29.570 22.737 1.38215
2.435 31.292 22.967 1.90074
0.200 31.486 22.522 3.03473
0.835 30.312 22.795 3.07567
2.720 30.154 23.069 2.46515
5.890 30.279 23.081 1.53155
14.460 30.275 22.553 1.68711
9.905 30.524 22.921 1.97755
3.325 29.288 22.704 1.93788
3.925 29.983 22.890 1.87869
24.955 28.764 23.017 1.53115
2.720 29.295 22.258 1.58484
0.000 30.914 23.251 2.32338
12.150 30.791 23.315 2.64356
1.470 30.406 23.527 2.38408
13.525 31.660 22.759 2.29682
1.535 32.180 23.008 2.13083
0.175 30.318 22.817 2.12625
16.900 30.805 23.196 2.21542
8.725 29.938 22.325 1.79129
13.205 30.725 22.699 2.02883
4.245 31.244 22.375 2.54801
3.210 31.216 23.180 2.35516
6.315 29.280 23.041 1.29871
11.635 30.622 23.239 1.44029
1.295 29.465 23.350 0.98463
6.005 30.819 23.069 1.48876
2.410 30.931 22.863 1.36705
11.180 30.489 23.311 2.43166
2.190 30.078 22.798 3.21915
2.340 29.846 22.928 3.51783
1.400 29.807 23.108 2.96640
6.220 30.179 22.698 3.05369
21.245 29.581 22.630 3.22626
9.690 28.661 22.463 2.47832
6.895 28.833 22.262 2.04549
1.540 28.230 22.565 1.80861
1.050 30.400 22.340 1.78552
1.990 31.228 23.243 1.99152
0.000 31.384 23.523 2.62040
0.000 31.621 23.805 2.24704
1.205 30.364 22.902 2.29775
0.055 32.098 22.453 2.73161
1.310 32.421 22.971 2.55614
0.415 31.347 22.951 2.54201
6.630 31.226 22.713 1.97278
12.450 30.728 21.487 1.91528
44.975 31.600 22.495 2.03396
3.085 28.584 22.940 2.10638
0.205 28.478 21.983 2.10327
0.380 30.948 22.825 1.92339
2.140 30.561 22.530 2.47454
4.940 29.304 22.921 2.81999
3.455 28.255 22.700 3.02587
11.960 28.159 22.469 2.79052
1.885 28.589 22.708 2.44423
0.545 30.186 22.818 2.58082
0.000 29.832 23.078 2.35335
0.035 31.037 23.150 2.19083
0.020 30.037 23.295 2.01488
0.695 30.387 23.173 2.30276
2.160 32.417 22.844 2.69498
0.505 32.320 23.282 2.81240
3.030 32.548 23.491 2.47706
7.070 31.637 23.367 2.22258
46.525 29.478 22.633 1.67755
3.785 29.385 22.408 1.57513
0.040 29.931 23.145 2.13667
4.320 28.730 22.442 2.27836
0.695 29.610 22.179 2.32818
0.315 30.083 22.442 2.37277
0.490 29.108 21.917 2.23240
0.000 31.085 22.849 2.02247
0.225 29.210 22.186 2.45173
0.620 29.121 22.637 2.90866
0.000 29.744 23.033 2.85864
3.220 29.503 22.854 2.74315
1.095 28.785 22.142 2.12749
10.515 29.152 22.837 1.45334
0.435 28.616 22.488 2.22519
0.110 29.688 22.902 2.22591
1.430 29.429 22.805 2.17222
2.435 29.744 22.444 2.74899
2.020 28.243 22.030 4.14043
12.785 28.930 21.938 4.73272
1.430 28.994 22.120 4.90085
4.525 31.013 22.088 3.40492
3.095 29.704 22.667 3.03193
13.805 26.375 22.083 3.00133
73.420 27.856 22.469 2.13149
4.990 29.385 22.273 1.93116
0.000 29.716 22.536 2.26871
0.000 30.814 22.733 2.26887
0.000 30.809 22.722 2.59116
0.675 30.587 22.794 2.62243
21.105 30.530 22.526 1.96536
19.035 27.294 21.812 1.34166
1.655 29.678 22.315 1.34053
1.395 30.303 22.882 1.63397
0.170 29.718 22.715 1.75288
0.780 30.411 22.695 1.44862
1.235 29.200 23.072 1.10240
0.195 29.390 22.496 1.31627
6.820 31.832 23.029 1.14111
12.145 30.681 23.104 1.22356
2.890 30.050 22.734 1.11585
0.000 29.727 23.461 1.36575
2.700 28.398 22.658 1.42103
12.000 29.702 22.648 1.22030
8.105 30.070 23.409 0.94867
0.075 29.796 23.697 0.76491
26.735 29.613 22.753 1.21402
25.050 29.979 23.322 1.28074
0.280 28.011 22.603 0.96349
1.535 29.750 22.342 0.64212
12.375 29.717 23.015 1.06030
15.100 28.412 22.435 1.46572
0.505 30.397 22.895 1.74557
11.725 29.805 23.143 2.25848
38.625 29.249 23.221 3.10036
5.260 29.608 22.290 2.45284
1.405 26.758 22.512 3.57255
1.360 27.285 22.598 1.57318
23.650 28.027 22.623 1.57489
21.530 26.799 22.463 2.63307
18.646 27.507 22.775 2.05131
1.510 27.748 22.793 1.52636
68.279 29.434 22.771 1.38788
16.715 26.701 21.596 3.03114
1.920 26.486 21.772 1.99207
0.345 28.704 22.070 2.14184
0.590 30.493 22.773 2.58590
2.135 28.472 23.012 2.96654
0.330 29.281 22.604 3.20971
3.925 27.800 22.510 2.10106
8.675 29.112 22.264 1.23427
24.380 29.112 22.550 0.87566
17.395 27.649 22.465 1.34968
24.570 30.122 21.848 1.49511
1.615 27.855 22.699 1.80627
31.690 28.130 22.431 1.40452
0.000 29.534 22.492 0.65701
8.060 29.581 22.032 1.55702
1.390 28.995 22.933 1.29233
16.420 31.350 22.732 0.77118
2.300 28.878 22.216 0.71923
19.670 29.336 21.545 0.81609
0.880 29.812 22.054 1.58235
0.085 29.409 22.598 2.08655
0.265 29.643 21.898 2.33746
0.000 29.353 21.638 1.98442
0.140 29.656 21.051 2.03223
0.000 28.896 20.831 2.27996
0.000 29.402 21.543 2.01852
0.000 29.789 21.377 2.69771
0.340 28.620 22.270 2.78622
21.025 28.896 22.322 2.96898
0.835 27.685 22.452 1.60160
0.000 28.681 23.194 1.94052
0.000 29.776 22.485 1.54006
0.310 30.157 22.801 1.22419
15.380 28.988 23.296 1.52691
1.695 27.352 22.529 1.63440
0.725 28.592 22.902 2.99377
3.340 28.423 22.105 2.23318
6.215 28.738 21.726 2.15993
0.000 28.562 21.597 1.92044
2.375 28.868 22.325 1.88959
23.900 27.870 22.075 1.47801
7.830 28.411 22.535 1.22256
9.330 27.179 22.640 1.52661
3.590 29.138 22.489 0.95512
7.555 27.419 21.414 1.46901
6.650 26.168 21.532 2.37159
0.000 27.815 22.146 1.45787
0.000 27.498 22.463 1.41742
1.470 28.425 22.003 2.08629
6.660 25.110 18.358 3.32015
0.000 24.645 14.770 3.39943
0.000 24.457 14.748 3.49720
0.000 23.716 13.932 3.07238
0.000 24.008 13.751 2.65919
0.000 24.276 13.522 2.67852
0.000 25.128 14.740 2.26236
0.000 26.232 18.278 2.00055
1.095 28.522 20.644 1.92006
0.185 27.888 19.568 2.66489
3.790 27.060 19.240 3.87015
0.230 23.697 15.500 4.72563
0.710 23.163 15.718 3.34879
2.705 26.171 16.262 2.49159
0.185 25.170 19.208 2.26064
0.000 28.363 20.100 2.53623
0.350 27.340 17.223 3.50696
0.000 26.199 17.191 3.36908
0.315 25.559 16.966 3.14049
0.000 24.426 13.291 4.24103
0.000 23.452 12.079 3.36597
0.000 22.984 10.891 3.48418
0.000 22.548 11.384 3.32715
0.000 23.150 11.429 2.93056
0.000 23.594 12.076 2.16644
0.000 25.902 14.021 1.27540
0.000 27.117 15.197 2.21180
0.000 25.891 13.338 3.77449
0.000 23.629 13.605 3.58659
0.040 24.584 13.966 2.66255
0.000 24.951 12.046 3.11102
0.000 23.805 11.456 2.10168
0.000 25.028 12.315 1.79336
0.000 24.850 13.229 2.31762
0.000 25.955 14.148 1.34390
0.000 27.165 14.758 1.77743
0.000 26.169 14.067 3.06313
0.000 25.328 13.922 2.68620
0.000 25.481 14.243 2.48269
0.000 25.545 13.584 2.70612
0.000 24.282 11.808 2.79434
0.000 24.304 12.115 2.28009
0.000 25.732 12.810 1.89750
0.000 26.544 15.532 2.07822
0.000 27.722 13.512 3.31024
0.000 26.031 12.914 3.47322
0.110 25.518 13.190 2.53320
0.595 25.514 15.302 2.69909
0.420 23.920 15.784 2.46478
0.000 24.562 16.395 2.17351
0.000 27.457 17.078 1.95424
0.000 28.248 18.308 2.46014
0.000 26.413 15.623 3.25991
0.000 26.117 14.009 3.96868
0.030 20.141 13.737 4.43008
0.000 21.865 13.080 3.96879
0.000 25.070 13.385 2.93381
0.000 26.680 14.259 2.18904
0.000 27.780 14.725 1.96410
0.000 27.711 15.475 2.09401
0.000 28.155 14.941 2.63946
0.000 26.766 12.590 3.26660
0.000 23.063 9.306 4.24956
0.000 21.908 8.110 3.64413
0.000 22.342 8.631 2.93583
0.000 23.655 9.408 3.75831
0.000 23.373 9.216 3.76681
0.000 22.463 9.353 3.62854
0.000 23.009 9.456 3.48238
0.000 23.804 10.129 2.49638
0.000 25.234 11.372 1.96090
0.000 26.583 12.651 1.58119
0.000 27.179 13.708 1.05311
0.000 28.649 14.875 0.82990
0.000 29.624 14.172 1.62731
0.000 29.076 15.005 1.12657
0.000 30.723 15.777 1.47694
0.000 28.232 12.449 3.65622
0.000 27.129 12.798 2.14799
0.000 30.040 15.232 1.61995
0.000 28.568 14.612 2.07530
0.000 29.485 15.425 1.20092
0.000 31.373 17.911 1.25224
0.000 28.310 17.072 2.18968
0.000 28.908 17.887 1.29616
0.000 30.639 17.157 1.25899
0.000 30.708 16.481 1.76036
0.000 30.411 17.329 1.55814
0.000 31.301 18.308 0.93546
0.000 31.609 18.252 1.68885
0.000 30.913 17.306 2.76392
0.000 30.699 16.663 2.20272
0.000 31.578 16.845 1.93107
0.000 32.038 16.421 2.35591
0.000 31.211 17.713 2.27399
0.000 31.142 20.075 1.07907
0.000 33.114 18.664 2.20678
0.000 33.249 17.850 2.24446
0.000 34.000 17.234 1.66742
0.000 34.541 18.369 1.44154
0.000 34.443 20.133 1.16545
0.000 34.910 22.073 1.25692
0.000 34.895 21.283 1.58590
0.000 36.020 22.460 1.18104
0.000 36.245 23.883 0.97397
1.865 35.524 23.610 1.53602
0.110 32.124 22.378 1.78451
0.000 36.303 21.816 1.89387
0.000 36.436 22.939 2.01179
0.000 35.983 22.792 1.87656
0.000 36.815 23.534 1.33118
0.000 35.339 24.288 1.64053
5.550 35.006 24.447 1.16732
0.000 32.843 22.183 2.01151
0.000 33.614 23.381 1.96954
0.000 34.796 22.643 1.45872
0.000 35.301 22.203 2.38803
0.000 35.833 21.876 2.45512
0.000 36.304 21.801 1.74258
0.000 37.177 23.035 1.36481
0.000 35.908 23.791 1.53763
0.000 37.311 25.360 0.79625
0.000 36.871 23.703 1.91569
0.040 36.988 24.002 2.58536
0.000 35.296 24.113 2.21678
7.095 33.751 17.050 3.22175
0.775 24.274 16.730 3.93443
0.180 29.849 17.176 2.08644
0.050 32.476 20.777 1.31337
0.000 34.129 22.247 1.14684
15.625 28.994 21.168 1.33821
3.625 32.996 22.819 1.10875
20.465 29.698 22.416 0.77417
0.530 32.652 22.107 1.36655
0.000 33.081 22.532 1.65915
0.000 33.538 23.042 1.66489
0.255 34.584 22.761 1.68443
0.535 32.956 22.823 1.13207
26.530 29.985 22.097 1.32650
0.440 32.082 21.638 1.63474
0.000 33.672 21.747 1.55573
0.000 35.343 23.648 1.43519
6.790 32.379 22.486 1.12080
12.690 30.415 22.055 2.12266
0.000 29.840 21.164 2.45526
0.000 33.375 21.427 1.80626
0.000 35.020 22.282 1.64145
0.000 35.235 22.888 1.64568
0.000 34.817 23.606 0.94808
2.980 33.270 22.545 2.01095
0.090 32.258 22.777 1.91553
0.000 34.594 23.774 1.60817
0.000 35.404 23.365 1.83528
15.900 34.063 24.706 1.42656
47.760 30.057 23.327 0.86927
1.455 31.229 23.466 1.14089
1.425 32.991 23.646 1.81846
0.000 33.676 23.958 1.57226
0.170 32.772 23.650 1.58852
0.000 35.455 24.935 3.21078
0.825 36.690 25.295 3.33485
0.000 36.747 24.331 3.73457
0.000 35.900 24.169 3.64205
0.000 37.079 24.198 3.23198
0.000 37.861 24.124 2.67823
0.000 37.919 24.231 3.04798
0.000 38.960 24.872 2.84620
3.636 39.963 25.843 2.50250
20.285 38.338 23.970 1.81995
2.030 28.547 22.572 2.53258
1.870 28.273 22.517 2.11784
1.290 32.192 23.504 1.05703
8.520 28.574 22.899 1.09783
4.780 31.270 23.464 1.15566
0.000 31.342 22.526 2.15460
0.350 34.421 22.328 2.67228
0.315 33.865 21.281 2.90230
0.550 33.682 21.796 2.49846
0.000 34.803 22.929 1.60613
0.000 37.130 23.723 1.07122
0.740 36.241 24.395 2.15441
1.140 35.988 24.306 1.99340
11.260 34.166 24.371 1.45163
0.645 31.574 23.665 1.08841
14.295 29.083 23.936 0.92197
34.625 28.828 23.490 1.20909
32.205 27.132 22.635 1.50542
17.140 30.062 23.138 1.52478
17.915 30.455 23.730 1.34610
3.460 30.400 24.142 0.87919
12.910 29.627 23.635 0.99416
0.320 30.204 23.413 1.03276
0.265 31.021 23.783 1.60756
21.830 27.904 21.875 2.04698
3.610 29.967 22.920 1.54611
1.130 30.891 22.210 2.04105
16.590 32.697 23.192 2.06115
3.550 32.732 23.494 2.39762
4.660 32.192 23.298 2.43314
6.995 31.231 23.962 2.41215
3.130 29.510 22.858 2.22280
3.590 31.372 23.109 1.92245
0.840 31.301 23.234 1.94677
6.445 31.271 23.247 1.50971
0.335 31.343 23.281 2.13312
0.160 31.811 23.679 2.96648
0.500 32.300 22.839 3.43352
5.495 31.425 21.781 3.04915
6.615 30.545 23.126 2.79904
2.835 28.803 22.335 3.09760
0.730 31.831 23.317 3.41401
2.860 32.037 23.073 3.40922
0.725 32.080 23.924 3.83763
3.310 31.595 23.736 2.66066
2.550 32.210 22.499 2.83229
0.645 32.092 22.284 3.30726
2.640 31.993 22.904 3.02634
0.000 32.653 22.842 2.74737
0.355 32.706 23.638 2.78069
0.720 32.416 24.105 2.58601
30.515 29.282 23.615 1.92107
11.310 29.750 22.853 2.44058
2.440 31.063 23.579 2.65223
0.930 30.336 23.615 2.63037
0.045 32.309 23.279 3.25828
0.195 31.060 23.425 3.04865
0.830 30.407 23.243 2.89171
3.370 30.167 22.705 1.97840
0.205 33.442 23.604 2.23087
0.145 31.448 24.037 2.51427
0.310 30.089 23.466 2.32714
11.415 30.694 23.353 2.05589
1.805 30.579 23.268 2.71204
2.785 29.145 23.243 2.16723
2.130 28.612 22.857 2.04153
2.550 28.712 22.331 2.26159
0.000 31.240 22.350 2.37819
2.475 31.836 23.493 2.83760
4.240 31.064 23.807 2.62890
13.130 27.983 22.137 2.42699
3.890 28.630 21.906 2.08133
0.800 29.824 21.935 1.76108
0.335 28.886 21.554 1.89074
0.000 33.110 22.595 2.37505
0.000 34.413 24.054 2.89209
3.760 33.711 24.171 2.61615
24.710 30.166 23.870 2.29324
0.705 28.083 23.033 2.82740
0.325 30.194 22.807 3.58306
0.685 31.149 23.207 3.19881
2.860 29.977 22.907 3.52528
0.170 29.651 22.727 3.38389
0.175 31.909 22.457 3.58062
0.000 32.060 23.414 3.39619
1.695 29.771 23.035 2.84810
30.095 29.825 23.099 2.36974
0.770 29.279 23.436 2.41547
0.340 28.771 22.347 2.47285
0.000 31.800 22.725 3.09028
0.000 31.919 23.011 3.48847
0.000 31.834 22.937 3.65493
0.000 30.887 22.756 3.44474
4.690 32.190 23.245 3.84133
13.055 29.607 22.326 3.63239
28.050 28.803 22.358 4.20914
6.195 30.327 22.310 4.40305
0.000 30.773 22.488 3.61975
0.300 30.538 23.087 2.99524
0.055 31.794 23.139 3.43561
2.130 31.925 22.658 3.33043
1.940 33.171 22.631 3.47660
1.090 33.826 23.824 3.67563
8.895 31.633 22.986 4.23825
17.155 30.520 22.873 3.67414
0.405 30.069 22.866 3.49247
0.160 33.341 23.328 3.20295
0.015 32.340 23.740 2.11521
35.455 29.519 24.374 1.46443
25.180 30.811 23.066 1.12094
1.410 29.201 23.610 1.15553
0.085 29.886 23.225 1.38259
0.120 31.344 23.040 1.18333
16.315 31.789 23.084 1.10574
0.000 31.303 23.129 0.83075
0.505 33.192 23.167 0.89163
0.000 31.869 23.110 2.02048
1.010 32.789 23.062 1.86896
11.555 31.705 23.000 1.49579
38.485 31.760 23.783 0.89723
9.925 31.312 23.732 0.67882
6.440 29.825 23.852 1.27741
0.000 30.406 23.195 0.94554
1.945 31.647 23.614 1.07155
1.135 30.750 23.585 0.94752
1.550 29.656 23.798 0.83548
9.500 29.192 23.353 0.80985
14.320 28.684 23.132 0.93208
2.325 30.249 22.229 1.21073
1.300 30.781 22.937 1.73146
6.680 29.574 23.371 2.43916
1.955 29.931 23.277 1.78884
4.960 29.328 23.083 2.01951
3.120 30.129 22.797 2.46347
0.800 30.635 22.359 2.55464
3.165 29.489 22.350 1.83767
1.835 31.260 23.040 1.42136
0.000 31.924 22.682 1.17317
1.175 32.621 23.061 1.06526
0.035 31.468 23.589 1.73826
5.820 31.046 23.777 1.66131
7.215 29.732 23.671 1.92257
48.955 28.721 22.923 2.05054
49.650 27.704 22.375 1.82908
23.994 30.080 23.110 1.19795
0.185 30.400 22.630 0.97683
1.380 31.333 22.882 1.59602
0.000 30.992 23.156 1.98239
0.120 31.342 23.262 1.33042
13.495 29.124 22.851 0.90923
11.030 30.197 23.272 0.74175
11.985 27.471 22.234 1.10125
11.700 27.483 22.206 1.07361
35.260 28.222 22.271 1.24526
3.890 28.290 22.600 1.63241
0.720 30.108 22.811 1.81418
8.120 31.118 22.816 1.88030
35.015 26.982 22.350 2.55900
6.725 28.895 22.444 3.57369
2.945 28.441 22.542 1.58883
10.625 29.822 23.513 0.68640
6.085 29.194 22.280 1.46345
0.535 31.307 21.868 1.62126
0.000 30.565 22.409 1.17626
0.000 30.849 20.763 1.05593
0.000 31.009 21.785 0.65182
0.000 32.187 22.848 0.80107
0.000 30.941 22.492 1.16263
6.200 28.413 22.577 1.76677
0.000 29.312 22.387 1.69933
3.005 28.172 21.981 1.01546
24.840 29.846 22.136 1.34590
0.715 29.247 21.869 1.81610
0.000 29.620 22.830 1.75823
0.020 29.934 22.470 1.31708
0.000 29.802 21.690 0.89276
0.000 29.870 21.978 1.17283
0.000 30.231 22.825 1.11490
41.935 29.228 22.417 1.69053
2.980 26.707 21.467 2.21735
0.000 28.949 21.602 1.61025
0.000 30.280 22.738 0.92856
0.000 30.479 22.320 1.24791
0.000 30.542 21.874 1.78823
0.000 29.922 20.392 1.72107
0.000 28.598 19.728 2.22404
0.000 28.875 19.236 2.16823
0.000 28.354 19.587 1.97484
0.000 28.618 18.574 2.09782
0.000 28.166 18.933 3.21555
0.000 26.261 16.847 5.06327
5.465 24.094 14.392 4.92942
0.000 26.851 14.780 3.43811
0.000 27.284 17.023 3.03371
0.000 28.674 17.777 1.99529
0.000 29.694 20.216 1.58857
0.000 30.316 21.461 1.04491
5.500 31.420 22.483 0.86383
0.000 32.439 21.313 1.10589
0.000 32.352 21.559 1.15796
0.000 33.236 21.751 0.73605
0.000 32.778 20.175 1.49798
0.000 30.415 20.678 1.28972
0.000 30.831 23.085 0.90110
1.210 30.962 19.399 1.21759
1.325 21.113 13.577 4.15583
0.000 24.064 13.807 2.98786
0.000 25.983 13.962 3.00170
0.000 26.357 11.702 3.66876
1.825 23.824 11.089 3.31052
1.615 23.683 11.653 2.72239
0.000 25.823 13.397 2.03545
0.100 28.108 14.543 1.52741
0.000 28.694 15.093 1.40144
0.000 28.661 15.569 1.38050
0.000 29.303 16.317 1.41965
0.000 29.838 17.417 1.71977
0.000 29.603 17.234 2.45416
0.000 28.991 16.448 2.85718
0.000 27.986 16.089 2.65914
0.000 28.188 16.713 2.49174
0.000 28.036 14.851 2.82891
0.000 26.915 15.355 2.19109
0.000 27.052 14.603 2.18470
0.000 27.546 15.403 1.27582
0.000 28.827 16.958 0.86384
0.000 29.291 16.094 1.02833
0.000 29.496 16.584 0.93997
0.000 29.599 17.183 0.96102
0.000 30.094 16.812 1.17142
0.000 30.592 17.172 1.68919
0.000 30.003 17.971 1.67011
0.000 30.792 19.700 1.03554
0.000 31.610 19.924 0.82130
0.000 31.929 18.688 1.62914
0.000 30.682 16.631 2.67124
0.000 30.004 16.641 2.75577
0.000 28.802 15.044 3.50806
0.000 27.791 14.328 2.99754
0.000 27.328 14.196 2.73565
0.000 28.243 14.686 1.97266
0.000 29.692 16.747 1.26662
0.000 31.121 17.868 0.77238
0.000 32.272 18.922 1.08383
0.000 32.485 19.133 1.20898
0.000 32.931 19.703 1.38775
0.830 29.867 20.009 1.55553
0.000 30.302 20.372 1.11170
0.000 32.048 21.519 0.80108
0.000 32.215 21.630 0.90902
0.000 32.296 21.587 1.30077
0.000 33.098 22.098 1.07379
0.000 32.968 20.305 1.17670
0.000 33.332 20.243 1.37177
0.105 32.392 21.026 0.84620
7.275 32.615 21.959 1.06610
3.770 29.323 20.137 1.87992
4.550 26.493 15.803 2.05449
0.000 30.265 16.366 1.04290
0.000 32.260 19.274 0.95653
0.000 32.852 17.968 1.19401
0.000 30.998 15.146 3.07715
0.000 28.780 14.720 3.29004
0.000 28.467 15.140 2.57819
0.160 29.441 17.083 2.16320
0.000 29.555 16.800 3.61313
0.000 28.458 14.884 3.32259
0.000 28.414 14.785 2.72050
0.665 29.729 15.699 2.04628
19.995 30.307 19.850 2.25412
2.055 28.455 21.076 2.12842
2.736 29.266 20.599 1.50324
0.000 31.270 18.427 2.18991
0.000 28.729 18.687 1.97965
0.000 31.107 17.650 2.60669
0.000 30.371 17.909 2.39787
0.000 31.270 18.788 1.50198
0.000 32.894 20.343 1.35892
0.000 33.615 21.507 0.75323
0.000 33.924 21.359 1.15518
0.000 33.655 20.840 1.63915
0.000 34.739 21.117 1.51460
0.000 33.974 21.718 1.49606
7.410 33.391 22.105 1.30906
3.855 33.589 22.188 1.23394
0.050 33.573 22.193 1.42225
0.055 33.592 22.177 1.65675
0.000 33.871 22.480 0.99998
0.010 34.490 21.609 1.49385
0.000 35.063 22.086 1.43293
0.000 36.040 21.830 1.88249
0.000 36.108 20.772 1.53690
0.000 36.656 19.791 1.29807
0.000 34.790 20.768 1.42436
0.000 35.784 22.341 1.79900
0.000 36.493 22.630 1.33288
0.605 34.265 21.016 2.14971
0.000 33.089 18.899 2.65830
0.000 32.136 18.406 2.90013
1.025 31.344 18.781 2.75523
0.000 28.159 19.587 1.54138
0.000 33.296 20.917 1.74200
0.000 34.802 21.807 1.70174
0.080 34.823 22.077 2.46979
0.000 34.411 20.947 3.15207
0.000 35.815 19.202 2.42881
0.000 36.829 19.703 1.87614
0.000 37.649 21.169 2.06315
6.865 37.413 23.124 2.72670
0.285 36.843 23.064 2.73445
0.000 37.360 22.297 2.79710
0.000 38.421 22.067 3.13166
0.000 38.700 21.074 3.13149
0.000 38.103 19.885 2.98994
0.000 37.090 19.845 2.39138
0.000 38.328 21.574 2.10412
0.000 39.115 23.039 2.15801
0.000 36.813 17.249 5.02238
0.000 30.198 17.676 4.38710
0.000 28.557 18.131 2.31624
0.000 36.774 22.196 1.60949
0.000 37.445 22.599 2.67035
0.000 38.427 22.529 2.70562
0.000 38.930 23.979 1.62375
8.075 39.505 22.842 2.71099
0.000 35.955 22.372 3.01150
0.000 35.826 21.171 3.22934
0.000 36.404 22.452 1.37972
0.000 37.094 25.099 1.16119
0.000 37.436 25.533 1.28279
3.645 36.893 24.568 1.78975
0.000 37.862 24.421 2.14115
0.000 37.890 23.678 2.29162
0.005 39.836 19.875 4.28888
2.440 28.478 20.028 3.14971
0.000 30.525 20.334 2.88212
0.000 34.705 21.369 2.64049
1.950 35.439 23.302 1.52910
2.460 36.514 24.263 1.43002
0.000 37.587 24.481 2.10965
0.000 38.444 24.750 1.74915
0.000 39.963 26.430 2.03413
1.820 38.766 26.332 1.91923
0.000 38.373 26.578 2.46143
0.000 40.017 26.356 2.43804
0.000 39.333 26.960 2.49427
0.055 39.213 27.759 1.63506
0.225 38.420 27.202 1.71031
0.000 38.958 26.054 2.99280
0.000 38.586 25.330 3.26740
0.000 41.128 25.008 2.92582
0.000 40.940 24.275 2.94144
0.000 41.797 26.137 2.18650
0.000 41.316 27.964 2.17198
0.000 41.966 26.593 2.18113
36.520 31.974 23.981 2.90817
0.615 28.885 23.326 1.82069
0.000 35.515 24.114 1.65411
0.000 37.343 24.719 2.60192
0.000 38.819 24.961 2.37964
0.000 39.748 25.329 2.58897
0.000 40.126 25.879 1.92762
9.285 36.175 22.267 2.75544
0.005 31.748 23.013 1.56733
1.520 35.803 25.630 1.17225
6.875 35.984 25.919 0.88417
0.610 31.312 25.169 0.82922
7.695 30.337 23.486 0.86258
0.000 34.656 24.849 1.11231
3.965 35.126 24.950 0.94422
0.275 35.253 25.257 1.37769
0.955 35.938 26.405 0.83838
2.890 35.046 25.237 1.56202
1.315 37.200 25.675 2.32773
2.585 35.235 26.170 2.20923
0.025 33.983 25.827 1.99464
0.000 37.082 26.885 1.66822
3.575 38.172 26.518 2.30776
1.445 35.284 26.909 2.36955
26.315 35.017 25.091 1.91537
1.825 36.593 26.168 0.89615
0.000 34.919 26.004 1.33248
0.000 36.530 26.418 1.68200
0.000 37.711 26.543 1.71708
15.065 35.484 26.270 1.71453
9.385 33.759 25.904 1.32279
6.440 36.145 25.994 1.62015
0.335 33.450 25.045 1.69609
0.020 35.464 25.329 1.84380
0.055 37.035 25.528 2.40755
0.665 38.005 25.527 3.10840
3.555 36.717 25.379 2.51739
1.450 30.609 24.987 2.75178
7.335 32.264 25.034 2.37831
0.900 34.146 24.551 3.08455
7.685 31.787 23.486 3.34094
0.635 34.568 24.713 3.10536
0.045 34.066 24.623 2.89380
2.115 31.141 24.016 2.59732
0.000 34.598 24.555 2.64597
0.190 32.943 24.934 2.70413
0.000 37.258 25.561 3.27176
5.430 35.252 25.249 2.53703
3.150 31.532 23.722 1.17540
15.280 33.805 24.020 1.08683
12.145 32.835 23.733 1.70232
11.765 32.684 24.290 1.92430
1.325 32.005 24.478 1.82882
9.330 31.481 24.088 1.88075
2.355 30.441 23.724 1.83431
0.700 33.382 23.980 1.92863
19.490 32.633 24.590 1.53380
0.005 30.880 23.957 1.52860
0.000 32.482 24.066 1.99350
0.000 32.589 24.339 2.18836
1.545 31.831 24.676 2.26697
0.855 31.710 24.581 1.90697
0.190 30.391 24.005 2.04233
3.715 32.913 25.026 2.06905
3.425 31.410 23.830 1.79839
12.320 34.184 24.233 2.14741
13.290 31.461 24.241 1.23227
9.430 31.090 23.681 2.61290
1.250 30.147 23.883 2.42053
0.265 33.109 24.352 2.66310
0.000 32.702 24.130 2.64587
0.480 30.813 23.580 2.68060
0.140 32.135 24.262 2.59989
1.300 30.793 23.818 2.49499
2.955 31.512 23.340 1.92996
7.080 32.876 23.842 1.73444
24.170 30.836 23.785 1.33677
12.450 31.662 22.782 1.70094
7.385 29.939 22.772 1.46980
7.840 32.463 23.447 1.28752
0.000 31.869 23.406 1.48649
0.000 33.055 22.982 2.07095
0.000 34.960 23.566 1.81322
0.000 34.068 24.191 2.02924
3.275 31.823 23.148 1.80624
0.000 30.435 23.558 1.51860
0.140 30.678 23.717 1.84986
0.000 30.658 23.734 1.79127
58.530 28.980 23.398 1.37026
1.580 30.710 23.559 0.93214
0.705 29.817 23.533 0.73202
9.400 29.602 23.809 1.48627
2.475 27.826 23.340 2.57474
11.030 28.145 22.865 1.79756
2.595 30.039 23.280 1.48922
1.180 30.092 23.521 1.19626
0.080 31.171 23.299 1.88879
4.770 30.189 23.806 2.10049
0.855 28.548 22.891 2.69488
0.275 29.579 22.643 2.55629
5.775 30.504 23.071 2.04506
31.110 29.673 23.560 1.24490
11.540 28.960 23.735 1.30892
12.475 30.261 24.020 2.03080
0.765 29.055 23.626 1.83250
0.265 30.137 22.950 2.06856
0.015 29.388 23.633 1.87360
63.300 28.587 23.290 1.90269
45.975 27.400 22.565 1.60878
1.860 27.264 22.829 1.80928
15.100 28.085 22.405 2.27290
0.345 29.231 22.691 2.28801
0.430 27.981 23.456 2.35081
0.310 28.918 22.411 2.49071
10.070 29.086 22.771 2.35104
2.350 29.791 23.489 1.73590
56.655 29.409 23.335 1.61021
4.990 28.482 22.957 1.44415
2.185 29.737 23.327 1.71779
2.435 28.954 22.566 1.74868
0.015 27.958 21.982 1.86170
8.425 30.184 23.129 1.14650
34.300 28.685 23.302 1.22597
5.040 28.551 23.038 0.69380
8.410 29.245 23.032 0.85316
0.035 30.926 23.558 1.47189
21.455 31.541 23.374 1.25608
4.670 28.786 22.664 1.67415
6.965 28.638 23.150 1.09153
14.590 29.374 22.767 1.74790
16.780 27.387 22.453 2.43085
3.345 28.518 22.217 2.39065
0.200 30.507 23.547 2.24682
3.295 28.569 23.375 2.41916
21.995 28.327 22.314 2.27830
8.910 27.061 22.269 2.12701
0.005 29.768 23.073 2.29751
3.385 30.301 22.651 2.26924
47.485 27.383 23.216 1.31262
17.680 28.295 22.242 1.47641
0.565 28.875 22.435 1.60299
1.495 29.710 23.169 2.09616
0.415 30.217 23.197 2.07690
2.620 29.254 23.846 1.17698
0.640 28.921 22.039 1.65963
0.185 29.988 23.004 1.21352
36.945 29.316 22.882 0.92661
33.055 28.172 22.694 1.06037
4.445 28.462 22.485 1.60932
4.425 29.045 22.201 1.41842
19.725 28.423 22.201 1.37317
13.920 28.332 21.994 1.03888
1.090 28.210 22.873 0.66238
2.140 29.993 22.731 0.72036
4.600 28.590 22.540 1.47921
9.715 28.309 22.760 0.83512
0.770 30.219 22.644 0.66942
1.310 29.913 23.036 1.46988
0.570 28.853 22.244 1.79816
8.215 29.395 23.236 1.24231
0.000 30.229 22.950 1.03225
0.500 30.157 23.809 0.87954
2.255 28.624 23.642 0.58928
7.050 29.257 23.120 0.88291
12.535 28.534 22.704 0.98708
1.125 29.215 23.033 1.42401
5.460 27.505 22.949 1.92485
1.660 28.936 23.222 2.12866
11.015 28.654 22.967 2.70612
6.890 28.804 23.207 3.52718
2.630 27.510 21.068 3.37614
6.560 26.798 20.524 2.63133
1.960 26.963 19.370 2.00247
0.000 29.135 20.703 1.02741
0.000 30.239 22.716 0.61261
15.670 32.272 23.650 0.76731
0.000 28.185 21.683 1.52683
0.135 30.663 22.909 1.21417
27.995 29.016 23.743 1.46980
41.665 27.993 23.002 2.15711
15.580 28.385 23.053 1.79356
8.255 27.190 22.730 1.74308
20.525 28.084 20.566 3.03282
2.550 27.293 21.007 2.88644
36.834 27.336 21.772 1.97443
49.810 28.381 22.692 2.18083
0.000 27.266 21.786 2.48359
0.000 28.127 20.667 1.61372
0.255 28.497 18.950 1.40247
0.000 29.266 20.290 0.97860
0.000 29.423 21.850 0.86392
0.000 31.098 23.610 0.77565
0.000 30.049 22.145 1.39074
0.000 28.110 20.410 3.24983
0.000 27.701 17.996 3.43898
0.205 24.079 16.447 3.23262
0.000 24.118 14.264 3.88165
0.330 22.630 13.616 3.58233
3.185 23.637 13.966 3.38675
0.015 24.389 14.642 3.28331
0.100 25.743 16.459 3.99418
0.305 24.858 14.692 3.68294
0.000 23.993 15.041 3.13772
0.000 24.049 15.728 2.90955
0.130 24.684 16.699 2.23010
0.230 24.797 18.075 2.35359
0.145 26.337 17.077 2.84660
0.265 25.915 17.105 3.22890
0.010 25.847 17.494 2.48472
0.080 24.627 17.569 2.41560
0.000 24.383 17.644 2.14965
0.150 27.140 18.247 2.39084
0.000 27.983 19.113 2.83847
0.000 28.291 20.641 2.74810
0.000 27.269 18.524 3.28478
0.000 27.101 18.933 2.72741
0.175 27.264 20.602 2.33056
0.000 27.627 18.062 2.47597
0.000 27.313 18.495 1.53518
0.000 29.604 19.297 0.73227
0.000 29.450 20.588 1.62684
0.000 28.909 19.216 1.97882
0.000 29.153 18.527 1.97674
0.000 28.540 18.955 2.67956
0.000 27.539 18.106 2.96725
0.000 27.232 18.104 2.43291
0.000 28.204 18.776 2.60370
0.000 28.249 19.323 2.52714
0.005 28.103 19.070 2.67499
0.000 26.424 17.455 2.65902
0.000 27.401 17.342 3.09461
0.000 26.625 16.609 3.22560
0.900 26.198 16.933 2.42379
0.010 28.234 18.066 1.97181
0.000 29.104 19.558 2.94778
0.000 28.017 15.120 3.81609
0.000 25.727 14.337 2.70923
0.000 26.296 14.797 1.84268
0.000 27.963 16.351 1.04466
0.000 28.659 19.638 1.29737
0.000 29.157 20.685 1.64142
0.000 29.969 21.015 1.43423
0.000 29.954 21.560 0.97961
0.260 30.275 22.339 0.79531
7.645 23.257 10.903 4.95589
1.180 19.817 10.958 3.28004
0.300 23.331 12.233 1.90866
0.000 27.346 16.412 1.70206
0.120 28.897 17.084 1.52692
0.000 29.454 17.879 1.46317
0.000 29.788 18.574 1.94177
0.000 29.230 18.408 1.34968
0.000 29.572 19.069 1.07123
0.000 29.592 14.745 2.37443
0.000 25.258 11.756 3.64029
0.000 25.384 12.234 2.37573
0.000 26.481 12.767 2.13099
0.000 27.149 13.338 1.95402
0.000 27.817 13.916 2.68809
0.000 26.755 13.062 2.52683
0.000 26.940 13.722 2.03109
0.000 27.593 15.381 1.97830
0.000 28.952 16.604 2.12162
0.000 29.197 15.526 2.68014
0.000 28.608 16.024 2.32935
0.000 29.805 13.454 4.08581
0.000 25.602 12.632 3.84604
0.145 25.689 12.895 2.61078
0.030 27.634 12.991 3.89219
0.000 25.793 13.322 2.50445
0.055 22.988 10.510 3.31998
0.000 23.848 10.755 2.82285
0.000 26.256 11.808 2.16543
0.000 27.141 13.641 1.98293
0.020 27.134 10.779 3.96601
0.000 24.347 10.981 3.18294
0.000 24.483 11.613 2.55686
0.000 26.702 13.869 1.94773
0.000 27.785 14.759 1.70963
0.000 28.703 14.296 1.76988
0.000 28.540 12.711 2.66229
0.000 28.454 13.442 2.35798
0.000 29.719 15.185 2.41400
0.000 28.991 13.771 3.14444
0.000 28.588 13.791 3.13280
0.000 29.305 14.504 3.40914
0.000 28.493 15.659 3.16931
0.000 27.701 14.477 4.40094
0.000 27.048 11.912 4.59274
0.005 26.544 12.075 4.08348
0.000 27.155 12.535 3.38822
0.000 27.453 13.910 2.97445
0.000 27.766 14.008 2.64765
0.000 29.794 14.109 2.41203
0.000 30.218 15.306 1.74958
0.000 30.465 16.150 1.61595
0.225 31.154 17.167 1.00582
0.000 31.722 16.337 1.96865
0.000 31.899 16.543 1.92353
0.000 32.520 17.108 1.84307
0.000 32.882 18.932 1.65984
0.000 33.887 20.351 1.23032
0.000 30.750 21.434 1.17823
0.000 31.704 19.208 1.57428
0.000 29.772 16.610 3.22230
0.000 29.999 17.300 1.79840
0.000 27.570 20.182 1.04340
0.000 33.332 21.675 1.62054
0.000 33.671 22.079 2.43641
0.000 34.958 21.304 2.04799
0.045 34.338 21.716 1.56186
5.295 30.178 21.905 1.27315
0.090 31.654 22.279 1.01310
1.025 32.241 21.635 1.22610
0.000 32.583 22.060 0.92317
0.000 32.616 23.304 0.89875
6.340 31.556 22.062 1.22450
0.000 33.669 21.297 1.49271
0.000 35.025 22.263 1.13608
0.000 35.829 21.992 1.23001
0.000 34.425 21.337 1.75097
0.000 34.569 21.240 2.38625
0.000 32.393 21.020 2.22339
0.000 34.762 22.250 1.40489
0.000 36.643 22.897 1.17507
0.000 36.738 22.112 1.79922
0.195 32.025 20.107 2.75010
0.000 31.993 20.596 2.67329
0.000 33.822 19.507 3.39021
0.000 34.379 20.047 2.82845
0.000 33.638 20.033 2.11636
0.000 35.575 21.750 1.17009
4.670 35.018 23.404 1.80547
2.455 31.677 14.912 5.85694
0.705 22.053 11.317 6.65953
16.250 19.385 11.638 4.53570
0.010 27.636 13.900 2.14400
0.000 31.841 17.447 1.35706
0.000 35.077 21.687 1.64580
0.000 35.493 22.357 2.10449
0.000 38.221 20.255 2.99893
0.445 25.882 19.469 2.84558
0.000 30.919 17.689 3.88457
0.210 31.428 17.782 4.62421
0.070 27.573 16.754 4.50118
0.630 24.229 14.747 5.24673
0.820 23.014 14.708 5.26742
0.030 24.436 13.885 5.79254
0.000 24.398 14.072 3.86835
0.000 30.549 16.448 2.39043
0.000 34.113 20.578 1.59604
0.000 35.673 23.295 1.17902
0.140 35.884 23.849 1.78811
1.985 29.881 22.962 1.13742
4.390 30.622 22.037 1.10680
1.035 33.271 22.573 1.43248
4.286 33.065 23.161 1.14651
5.845 33.341 23.193 1.22398
0.000 33.735 21.179 2.40964
0.000 34.678 21.161 2.12802
0.000 35.569 20.619 2.01363
0.320 35.053 22.077 1.53507
0.060 33.050 21.831 1.36559
0.485 35.306 23.235 1.73303
0.435 35.764 23.612 2.02557
0.000 36.749 23.768 2.14050
0.000 35.985 24.640 2.38960
0.010 35.756 23.395 2.02671
0.005 32.625 22.171 2.37473
0.000 35.532 23.938 1.37436
3.680 36.427 24.965 1.47308
1.015 34.479 25.055 1.53215
7.525 29.715 21.625 3.26305
0.000 34.346 22.594 2.24147
0.000 35.980 24.256 2.04322
18.075 31.024 23.307 1.65628
0.130 32.284 24.163 1.64715
32.435 29.407 23.970 1.11782
5.580 30.492 23.632 0.75070
16.680 30.310 23.955 0.74060
9.645 30.120 23.381 1.00043
0.020 33.700 23.808 1.46783
0.370 33.977 24.460 1.15710
45.325 32.490 24.856 1.29883
8.690 32.000 24.468 0.79301
0.030 30.904 23.168 1.61628
6.505 32.481 23.649 1.67666
10.040 29.277 23.112 1.76008
9.690 30.137 23.453 3.07758
0.000 30.319 23.624 3.23024
0.000 31.295 23.342 1.74845
13.790 30.629 22.691 1.49241
3.475 31.860 23.813 1.18113
16.015 29.185 22.901 1.75673
12.465 31.487 22.473 1.61358
0.260 33.837 23.831 1.36971
2.210 31.230 23.774 1.15532
0.145 28.654 22.832 1.62574
15.370 29.967 22.075 2.14909
0.000 32.272 23.336 2.23430
0.145 33.426 23.340 2.35903
1.455 33.894 23.677 2.29809
0.160 33.425 24.438 1.65158
4.975 31.149 23.450 1.44770
12.335 31.424 23.903 1.37095
0.360 29.677 23.299 1.06790
0.000 31.617 23.362 1.52819
3.295 31.526 23.953 1.23137
1.105 32.186 24.686 0.76449
2.335 31.843 22.724 1.24404
12.750 32.808 23.741 1.42987
10.475 31.115 24.313 1.61282
7.295 29.269 24.272 1.01700
39.040 29.947 23.929 0.99045
5.920 30.225 23.948 1.26278
22.980 29.168 23.887 1.23529
0.900 29.753 22.599 1.71042
0.000 30.320 24.067 2.05772
0.195 28.135 23.201 2.29049
0.000 30.917 23.426 2.51792
1.080 29.087 22.331 2.67404
0.440 30.168 22.607 2.68857
0.000 31.076 23.343 2.51711
0.000 28.693 22.799 2.59970
0.000 28.872 22.438 2.60682
0.765 30.534 22.642 3.48105
0.010 28.728 22.791 2.91515
1.685 29.184 23.017 2.88169
0.000 29.656 22.976 3.15033
1.970 29.129 22.447 2.86418
0.645 30.021 21.395 3.96385
0.000 29.304 22.255 3.23122
0.000 29.138 21.570 4.40507
0.015 30.040 22.510 3.63624
4.485 29.720 22.872 3.68732
5.760 28.530 22.515 4.24764
12.845 29.834 23.602 3.09994
16.640 29.006 22.598 2.82461
0.280 30.430 23.639 2.78768
2.710 29.941 23.997 2.51451
2.530 28.868 23.440 3.03139
1.100 26.831 22.271 2.97037
1.380 29.360 22.352 2.85498
0.000 30.527 22.166 2.50456
0.000 30.791 21.807 1.78805
0.000 33.019 22.929 2.45706
0.000 32.854 23.347 2.93102
0.040 33.324 23.974 3.44603
1.235 33.715 24.238 3.23268
17.280 29.914 24.035 2.42560
4.335 30.566 23.689 2.12969
0.135 29.500 23.305 1.52616
3.140 29.337 22.817 1.91108
15.020 29.378 23.081 2.11454
2.695 29.005 23.044 2.56607
1.420 28.355 23.038 2.72820
3.085 30.137 22.986 2.43049
0.785 30.164 23.425 3.00365
1.740 28.632 23.241 3.08967
1.130 30.160 23.396 3.77517
1.620 30.090 22.906 3.37726
12.335 28.665 22.025 3.64410
1.075 28.138 22.552 2.74946
5.095 29.936 22.011 1.91623
27.265 30.545 23.442 1.09359
5.800 28.011 22.000 1.56354
0.000 30.412 22.817 2.08638
0.955 28.372 22.900 1.57763
0.535 29.330 22.913 1.37462
1.520 29.281 23.397 3.03507
40.630 26.661 22.612 4.11402
67.775 26.767 21.904 4.26563
5.455 28.571 22.149 3.49558
7.725 30.054 22.703 3.11651
0.000 29.096 23.152 2.48500
0.000 31.241 23.220 2.80681
0.000 31.405 23.936 3.07230
0.700 30.545 23.834 3.00365
0.855 29.111 22.875 3.08436
3.605 30.676 22.392 3.14512
1.235 29.494 22.596 3.49320
2.580 26.975 22.858 3.09359
2.665 29.315 22.647 2.77746
0.105 29.967 22.251 2.08059
1.175 30.338 23.585 1.13649
6.835 29.784 23.769 0.80672
11.210 28.999 22.718 0.85903
34.825 29.165 22.290 1.70682
9.200 29.718 22.484 2.70608
22.490 29.580 22.686 2.79742
30.040 27.470 21.988 2.57043
1.115 28.645 21.462 1.83301
0.760 30.262 22.679 1.81839
0.025 30.435 22.564 1.87941
0.000 30.967 23.438 1.89417
11.935 30.366 23.880 1.17831
44.805 30.543 23.430 1.12452
2.930 30.052 23.147 0.72774
0.000 29.449 23.118 0.79987
0.000 30.258 23.411 0.98798
12.465 30.284 22.932 1.99496
0.290 26.969 23.229 2.67478
0.490 29.312 23.196 2.49504
0.890 29.594 22.796 2.59600
12.030 29.129 22.593 2.83399
0.000 29.324 23.145 1.79332
17.710 27.712 23.339 1.80806
10.035 28.134 22.903 1.59335
21.640 28.451 22.416 2.51787
12.015 28.903 22.908 2.85353
8.355 28.345 22.594 2.42598
9.370 27.585 23.329 2.68888
43.895 28.431 23.062 2.20025
8.060 29.061 22.628 3.69061
0.210 29.290 23.057 2.01780
10.925 28.052 23.116 1.89572
32.955 28.346 23.021 2.12955
6.930 28.016 23.433 2.34895
0.505 27.984 23.170 2.47666
1.210 27.284 22.693 2.54274
1.440 29.919 22.860 1.96685
8.680 29.617 22.588 1.66008
32.795 27.039 22.815 1.79143
12.760 28.248 22.688 1.63241
14.915 26.609 21.929 1.53246
0.845 28.567 22.616 1.00991
1.795 28.835 21.617 1.47031
1.590 29.706 22.781 0.94333
15.490 28.381 21.823 1.12036
31.905 28.190 22.232 1.46588
5.155 28.709 22.421 2.17604
1.450 29.563 22.680 2.10850
0.215 29.413 23.461 2.61059
3.415 27.700 23.157 1.50298
17.860 26.851 21.973 1.38112
17.790 24.971 19.265 2.71612
0.610 25.389 20.151 1.33016
3.050 25.161 19.302 1.70031
0.000 26.913 19.880 2.57154
0.000 27.996 20.521 2.19687
1.055 28.899 21.994 1.83641
0.465 28.696 22.547 2.35364
2.295 28.559 22.042 2.05900
0.000 29.523 22.996 1.42693
24.120 29.689 22.703 0.72742
9.800 28.224 22.556 1.03706
26.975 28.934 23.024 1.26837
21.855 27.936 22.093 2.26019
0.600 25.152 19.885 4.63975
4.630 24.193 19.864 4.46602
0.290 27.521 20.129 2.36379
2.380 28.285 21.114 2.16161
0.000 27.587 20.951 2.11360
0.000 28.710 21.079 1.98375
0.000 28.701 19.919 1.90405
0.000 29.333 19.851 1.60934
0.000 29.397 21.398 2.11122
0.000 29.144 20.777 2.62805
0.000 28.968 20.801 2.36182
0.000 28.911 21.177 2.38942
0.000 28.341 21.000 2.58813
0.000 28.346 20.171 2.75553
0.000 26.817 19.712 2.20954
0.000 27.752 19.836 2.50190
0.000 28.174 19.937 2.35365
0.000 28.151 18.981 2.27764
0.000 28.146 18.940 2.09391
0.000 28.666 18.980 2.01671
0.000 29.093 20.115 1.85185
0.115 28.773 21.428 1.95130
0.000 28.466 21.915 1.37816
6.055 28.830 20.807 1.49285
0.000 25.639 16.714 2.49900
1.045 24.581 15.812 1.98115
0.000 26.131 15.656 1.65220
0.000 26.880 16.635 1.84371
0.000 27.338 17.802 2.12761
1.950 27.623 18.537 2.26729
0.000 27.674 18.324 2.24234
0.000 28.166 19.294 1.90258
0.000 28.967 19.260 1.68922
0.000 30.594 19.987 0.91904
0.000 29.982 19.215 2.07852
0.255 27.487 19.094 2.93893
0.000 28.016 19.625 3.21685
0.000 28.695 20.331 3.39226
0.000 28.154 17.975 3.97859
1.040 26.350 17.720 3.17037
0.000 27.035 18.115 2.88931
0.000 28.396 19.339 2.52792
0.000 28.546 18.878 2.09701
0.000 29.122 19.057 1.52587
0.000 29.920 18.302 1.29099
0.000 29.317 19.093 1.69210
0.000 28.598 14.987 2.84548
0.000 24.039 15.053 2.90016
0.000 24.703 15.487 2.53308
0.000 26.272 15.283 2.46918
0.000 26.818 15.950 2.22809
0.000 28.413 17.379 2.25946
0.000 27.131 19.692 2.42040
0.000 27.582 16.050 3.51490
0.000 22.657 12.616 3.91662
0.000 23.785 9.955 4.22837
0.000 22.157 9.460 3.23964
0.000 23.452 10.010 2.65977
0.000 25.105 11.157 2.34644
0.000 25.913 14.236 2.25504
0.000 26.617 15.579 3.45815
0.000 25.325 14.045 4.13280
0.155 24.623 13.635 3.65213
0.000 25.740 13.473 3.69336
0.000 25.065 13.772 3.19482
0.000 26.103 15.322 2.84916
0.000 26.903 16.428 2.50614
0.060 26.033 16.311 3.02869
0.000 27.466 16.085 3.93900
0.000 23.107 12.371 4.85216
0.000 23.250 12.375 4.33067
0.000 23.446 12.564 3.41216
0.000 26.890 13.082 2.74365
0.000 28.653 15.322 2.49376
0.000 28.463 16.526 2.37914
0.000 28.857 15.412 3.15504
0.000 28.384 15.254 2.83426
0.000 28.689 15.659 2.62303
0.455 28.387 17.681 1.87420
0.220 29.998 19.027 1.17737
0.115 28.594 14.710 2.94374
0.000 24.198 14.983 2.71570
0.000 28.781 15.856 2.35416
0.000 28.914 14.923 2.99036
0.000 26.534 14.084 3.17468
0.000 26.056 14.230 3.42526
0.000 27.068 14.609 2.80283
2.170 26.635 15.373 3.74795
0.490 24.134 15.433 3.14929
0.775 26.410 16.443 2.17018
0.000 30.057 17.264 1.32502
0.000 27.442 18.626 1.12970
0.000 30.007 18.125 0.80113
0.000 30.818 18.824 0.87239
0.000 31.352 19.013 1.07839
10.185 31.009 19.447 0.81583
27.680 29.489 21.371 1.04467
0.000 29.969 20.813 1.24319
0.000 30.956 19.736 1.55606
0.000 27.084 15.459 2.62337
0.000 28.656 16.239 1.63459
0.000 28.973 14.074 2.58803
0.000 28.611 14.680 1.72447
0.000 29.439 18.679 0.97517
0.000 29.119 20.594 1.19676
0.360 30.407 19.163 2.60994
0.255 26.574 17.428 3.20568
0.000 26.587 17.021 2.77008
0.000 29.579 17.516 1.69282
0.000 31.450 19.948 1.77918
1.460 30.141 17.260 2.61832
0.115 30.032 17.543 1.45785
0.000 32.275 20.353 1.36292
0.000 33.298 19.110 2.17689
0.000 34.330 18.106 1.66367
0.000 32.799 17.145 2.00817
3.845 32.009 17.981 1.31408
0.000 33.065 18.906 1.19560
0.000 32.915 17.532 2.03809
0.000 32.228 18.508 1.73463
0.000 33.594 20.064 1.37311
0.000 34.234 21.313 0.87899
0.000 34.827 22.027 1.01892
0.000 36.575 19.752 1.96623
0.320 32.956 19.208 3.01885
0.000 30.531 17.108 3.62184
0.000 29.733 15.197 3.71525
0.000 30.347 15.591 2.43525
0.000 33.276 17.966 1.25684
0.000 35.411 20.669 1.23958
0.000 36.347 20.820 1.71578
0.000 36.333 22.301 1.82818
0.000 36.779 23.582 1.63056
0.000 36.131 24.654 1.50652
0.450 33.428 22.510 1.68713
0.000 34.734 21.951 1.78386
0.000 35.720 22.497 1.96379
0.000 34.344 23.159 1.47390
0.000 35.307 23.843 1.82078
0.105 36.390 24.109 2.56049
0.000 34.959 23.570 2.57867
0.000 35.531 24.033 2.24494
0.000 32.166 22.761 1.58284
0.000 36.487 24.494 1.73424
2.945 34.875 23.930 1.60100
2.600 33.967 24.515 1.53116
29.610 30.616 18.257 3.45027
0.390 25.080 18.455 3.03909
0.000 29.235 19.147 3.65461
0.000 31.730 19.779 2.63098
0.000 33.153 21.318 1.13913
5.445 31.242 23.192 1.11283
0.160 32.776 21.574 1.59429
0.785 34.145 22.354 1.68546
0.000 32.377 22.244 1.31063
0.000 34.957 22.742 1.47828
0.000 36.493 21.053 1.93145
0.000 36.421 20.094 1.95653
0.000 37.027 20.863 1.64354
0.000 37.390 21.808 1.82420
0.000 31.769 20.904 3.49094
0.000 28.692 20.262 1.82797
0.000 33.498 20.642 2.34893
0.000 34.962 21.604 2.63773
0.000 35.669 22.681 2.01997
0.000 36.876 24.700 0.71539
0.015 35.867 25.069 0.77137
0.495 33.505 19.984 4.97151
0.000 31.586 20.387 2.32514
0.000 34.376 22.099 1.40239
0.000 35.067 24.139 1.54908
7.505 31.064 23.925 1.21464
15.565 29.558 22.589 1.40003
2.210 32.204 22.931 1.37003
16.860 32.149 21.652 1.39004
0.000 33.429 22.462 1.07802
0.345 35.052 23.081 0.90059
0.000 34.714 23.562 1.39951
0.000 33.878 23.088 1.60659
0.000 35.570 23.322 1.76224
0.000 36.732 24.708 1.54333
0.195 34.091 24.595 1.33800
10.040 33.910 24.374 2.08706
0.000 34.159 23.865 1.45280
0.180 34.730 23.590 1.92407
0.225 32.919 24.820 2.10482
0.050 35.012 23.842 2.14303
0.000 36.596 23.584 2.19761
0.000 38.150 23.543 1.67611
0.000 36.693 24.626 2.03093
0.000 36.595 24.309 2.71220
0.000 37.775 25.305 2.70203
2.055 37.967 26.241 2.27425
0.285 35.663 25.478 1.85593
17.730 34.630 24.444 2.04407
0.000 32.849 24.231 1.79338
13.990 33.494 23.974 1.77541
0.000 35.226 23.579 2.25186
0.185 38.909 25.467 2.48144
2.670 35.962 25.099 2.66808
21.885 33.817 23.121 2.26574
10.430 35.228 23.743 1.86371
10.830 33.933 24.355 1.79457
15.380 30.657 24.068 2.24282
7.655 30.796 23.564 2.04032
8.200 30.231 22.321 1.29634
0.270 33.100 23.392 1.47975
0.000 33.476 23.486 1.49787
0.000 35.992 24.876 2.00044
0.155 32.322 23.201 2.12359
0.000 34.607 24.381 2.26919
3.370 36.420 25.687 1.66261
0.435 33.873 24.761 1.67255
10.345 30.902 24.792 0.86060
15.785 30.354 23.588 1.18848
0.000 31.240 23.616 1.43277
0.020 31.104 23.535 2.07424
0.000 34.914 24.780 2.45976
0.000 34.183 24.918 2.57201
0.550 31.988 24.750 2.17507
1.760 33.823 24.834 2.44666
14.440 30.297 24.138 2.29823
9.860 31.925 23.896 2.13094
7.100 31.655 23.645 1.71466
20.340 30.883 23.788 1.84256
1.975 29.928 23.756 1.84071
9.930 30.243 24.001 1.97079
2.130 30.339 23.830 1.81143
21.010 30.816 24.518 1.38582
4.915 29.918 24.085 1.29356
2.530 29.307 22.649 1.77691
23.780 30.553 23.602 2.38866
4.865 31.215 24.181 2.52475
0.715 30.966 24.058 2.07357
15.745 29.888 24.091 1.68391
4.670 28.685 24.371 1.59885
11.650 29.190 23.507 2.42005
0.530 30.103 23.845 2.90987
1.455 30.653 23.932 2.99422
1.190 30.328 23.822 2.37774
0.045 30.850 23.072 3.27452
0.000 30.480 23.346 2.74167
0.110 32.446 23.560 3.08466
0.040 30.840 23.058 3.37784
0.960 29.328 23.378 3.16042
0.560 29.491 23.093 3.87091
0.345 29.293 22.902 4.22905
2.970 31.111 22.516 4.07706
1.440 31.752 22.746 3.67070
0.905 32.002 22.854 3.02057
0.340 31.016 23.034 2.75833
4.000 31.787 22.913 2.67867
13.925 32.453 23.151 2.83481
8.915 31.072 23.196 2.63311
11.620 29.896 22.248 3.18054
0.695 31.163 22.175 3.64590
0.000 31.702 22.305 2.70839
0.220 32.919 22.917 2.92603
0.435 31.340 23.372 2.52251
1.145 29.547 22.598 2.13894
1.905 28.721 22.736 2.44632
0.735 30.766 22.733 2.42915
13.160 31.973 23.249 2.27468
8.595 30.577 23.605 1.89582
0.575 28.831 22.916 2.00328
0.190 30.986 22.930 2.34845
1.305 31.499 22.794 2.08815
0.010 31.338 22.750 1.91773
4.420 32.125 23.241 1.69084
25.149 31.922 23.615 1.83674
0.145 30.072 23.445 1.99123
0.000 30.606 23.207 2.09808
0.460 30.880 23.661 2.59118
0.000 31.191 23.257 2.40679
5.525 31.702 23.415 2.39448
1.565 33.855 23.713 2.86059
2.060 30.745 22.807 2.96253
0.000 30.740 22.458 2.96266
0.030 33.113 22.548 2.65582
3.850 34.319 23.807 3.38034
0.550 34.516 23.524 4.05293
3.325 32.458 22.878 3.78615
3.130 30.242 22.709 4.73220
1.295 30.642 21.985 3.91234
13.520 31.807 22.370 3.75356
0.375 31.114 22.515 3.36568
3.700 30.525 22.251 3.63790
2.580 30.041 21.793 3.95680
3.825 28.700 21.325 4.43308
2.480 31.347 22.067 4.71258
0.000 31.652 22.264 4.42111
0.060 32.321 22.299 3.75272
0.910 27.145 22.120 3.08188
0.435 32.133 22.696 3.97745
0.275 33.065 22.976 3.62828
3.175 31.905 22.794 4.58374
7.170 30.111 22.605 4.73489
36.540 28.711 22.190 4.66060
21.960 29.009 21.721 4.48745
2.275 30.788 21.096 4.01399
9.935 32.647 22.439 3.76309
1.570 32.222 22.967 3.38419
0.185 32.405 23.073 3.32204
0.285 33.221 23.368 3.12838
0.160 31.170 23.116 2.97984
1.955 32.015 23.115 3.16014
1.245 30.036 22.794 3.51925
3.750 32.858 22.766 3.34554
2.530 32.985 23.033 2.35408
1.810 32.588 22.350 2.45413
0.000 32.116 22.728 2.34614
3.055 32.167 23.062 1.70135
45.290 27.987 23.565 1.13059
6.385 27.843 22.715 1.44589
13.445 30.449 23.255 1.47442
0.000 29.076 22.844 2.37372
8.040 29.245 22.999 1.79286
28.190 28.924 23.397 2.31503
21.085 28.806 22.733 2.15243
0.685 29.541 22.987 2.32443
0.005 28.241 22.487 2.60554
0.265 29.742 23.022 2.28490
1.340 28.377 22.406 2.78016
29.830 26.671 21.896 1.79441
11.225 29.677 22.905 1.21259
14.500 28.256 23.051 2.23749
13.800 27.012 23.626 2.81559
4.435 28.437 22.665 1.86130
35.345 28.383 22.621 1.35511
4.405 28.386 22.497 1.38734
0.005 29.101 22.388 1.16140
0.935 30.620 22.973 1.23835
31.155 28.444 22.465 1.49930
1.830 28.080 22.938 1.66040
4.685 27.785 20.001 3.28636
0.000 28.975 20.778 2.53345
0.000 28.665 21.505 1.92751
0.045 29.322 23.058 1.54056
0.000 30.673 22.933 1.84297
0.655 30.361 23.688 1.05289
0.000 30.940 22.724 1.90223
18.585 30.514 23.222 0.89622
1.155 30.662 23.429 0.78288
7.555 30.420 23.472 1.22255
2.095 27.623 23.681 1.41942
15.640 28.584 23.495 1.79762
3.265 29.835 23.509 1.39042
29.210 27.373 23.360 1.81417
0.000 30.381 22.107 2.14715
0.000 29.661 21.014 2.11264
0.000 30.111 20.786 1.73969
0.000 30.154 20.306 1.40331
0.000 30.870 21.786 0.96749
6.140 31.535 22.757 0.97381
21.395 31.175 23.115 1.46633
21.090 30.751 22.673 1.19617
1.100 29.038 21.036 2.40362
4.920 26.501 21.353 3.15061
13.335 28.395 21.639 3.36655
0.000 28.130 21.296 2.63219
0.000 29.591 21.659 1.93800
0.000 30.074 21.107 1.54157
0.000 30.802 22.035 1.02976
0.000 31.054 22.981 1.02434
0.000 30.168 22.159 1.25298
0.000 30.181 23.013 1.09676
0.000 30.000 21.167 1.05331
0.000 29.882 20.444 2.09052
0.000 29.595 21.489 1.95414
0.000 29.716 21.416 1.67625
0.000 30.629 21.106 1.65729
0.000 30.802 20.926 1.94173
0.045 29.919 21.480 2.18562
0.000 29.560 21.691 1.88077
0.000 30.291 21.144 1.56753
0.000 31.334 20.311 1.56427
0.000 31.192 21.581 1.73586
0.000 31.076 22.777 1.87192
0.000 32.258 23.431 0.92728
0.000 32.003 23.742 0.70770
0.000 32.011 21.154 1.83930
0.000 29.534 18.401 2.83631
0.000 29.166 18.211 2.08239
0.000 30.657 19.183 1.34214
0.000 31.334 20.266 1.04887
0.590 31.538 20.996 1.29504
0.000 31.771 21.437 1.46110
0.000 32.096 21.496 1.40612
0.000 32.398 22.256 1.08542
3.015 32.406 22.996 0.82583
0.765 30.853 24.006 1.04240
0.000 31.574 22.864 0.87058
15.200 33.387 20.731 2.16294
0.050 30.269 20.923 2.38094
0.440 31.643 21.510 2.13839
0.005 32.272 21.471 1.63649
0.000 32.848 20.378 2.05703
0.350 29.887 21.466 1.73325
0.050 28.008 19.434 2.73195
0.000 31.429 20.033 1.74622
0.000 31.839 21.388 1.36401
0.000 32.355 22.494 0.87105
0.000 32.982 22.939 1.10763
0.310 31.824 23.033 1.27141
0.370 32.608 22.666 0.71267
2.370 29.263 22.976 2.13254
1.465 28.720 22.669 1.09107
0.075 31.148 19.835 1.18284
0.005 30.740 20.096 1.56927
12.825 29.967 21.613 1.23642
0.000 29.989 21.517 1.05394
0.000 31.658 21.629 1.17092
0.000 32.862 21.928 1.00426
0.000 33.461 21.957 0.88657
0.000 32.263 21.991 1.38032
0.000 31.313 22.102 1.15457
0.000 31.641 17.356 2.07829
0.000 29.893 17.614 1.84313
0.000 31.317 20.351 1.25039
0.000 31.054 20.397 1.42577
0.000 31.376 20.708 1.22258
0.385 31.853 21.388 0.73574
0.365 31.478 19.997 1.36519
0.000 31.188 19.116 2.13149
0.000 31.855 19.659 1.81105
0.000 32.789 19.899 1.36235
0.000 33.004 20.532 1.10870
0.000 34.157 19.901 0.94494
0.000 34.747 19.769 1.15620
0.000 34.684 17.651 2.50330
0.000 31.951 18.029 1.97154
0.000 33.087 18.997 1.37263
0.000 34.251 18.947 1.35174
0.000 34.326 19.266 3.12365
0.000 27.764 14.624 5.12110
0.240 27.274 14.705 3.27321
0.030 29.919 15.785 2.58782
0.000 31.618 18.330 2.37160
0.000 32.658 19.630 2.08606
0.000 32.569 19.744 1.97994
0.000 33.833 20.137 2.19486
0.000 29.548 13.691 4.69359
0.000 25.297 13.862 3.12004
0.000 28.124 15.823 2.39176
0.000 31.906 16.621 1.73450
0.000 32.694 16.451 2.98082
0.000 30.669 16.086 2.53598
0.015 30.899 16.776 2.46295
0.075 31.666 17.001 2.64212
0.000 32.108 17.525 1.67821
0.000 32.865 18.022 1.31374
0.000 32.456 16.193 2.00395
0.000 30.618 15.953 2.54455
0.000 30.718 16.379 2.30853
0.000 29.896 18.081 2.26653
0.000 30.655 18.454 1.51930
0.000 32.025 18.174 1.26145
0.000 31.375 18.810 1.66762
0.000 32.133 17.551 2.37424
0.000 31.608 16.093 3.74119
0.000 29.717 14.177 4.05110
0.000 29.196 14.760 2.23486
0.000 31.141 15.963 1.48327
0.000 33.098 17.821 1.28455
0.000 34.106 18.791 1.55739
0.000 34.029 19.795 1.35100
0.000 34.898 20.954 0.83677
0.465 32.316 20.281 1.70578
0.025 32.941 21.227 1.15705
24.770 30.124 17.587 2.93867
4.290 24.173 17.218 2.31396
3.665 30.516 18.071 1.94784
0.565 31.201 19.308 1.57406
0.210 30.603 19.323 1.99887
0.740 32.237 20.216 1.72313
0.325 28.843 20.594 2.57930
0.215 30.842 20.787 2.14675
0.000 33.524 20.779 1.71056
0.000 34.607 21.536 1.57767
0.000 36.065 20.976 1.20272
0.000 36.055 20.493 1.99857
0.000 36.745 21.733 1.16329
0.000 34.778 21.103 2.36047
0.000 34.087 20.279 2.49914
0.000 34.824 20.291 2.03074
0.000 35.725 18.324 3.12038
0.000 33.563 18.702 2.30888
0.000 34.991 19.788 1.35094
0.000 36.787 20.685 2.02875
0.000 34.992 21.462 2.21650
0.000 35.981 22.548 1.49149
0.000 35.957 23.368 1.55717
0.000 36.182 23.893 1.35861
0.000 36.483 21.885 2.34858
1.000 35.517 20.913 3.14571
0.000 34.235 17.573 5.11727
0.000 32.753 18.140 4.17606
0.000 33.942 19.663 2.54485
0.000 36.298 22.373 1.97895
0.000 36.785 25.789 1.15289
0.000 39.174 24.814 1.34441
0.000 37.759 24.375 2.09705
0.000 38.310 24.722 1.84267
1.195 38.315 25.133 1.82518
13.680 32.654 17.703 4.79197
1.220 27.089 18.073 3.64023
0.000 31.745 18.127 2.99976
0.000 33.234 19.171 2.50800
0.000 35.063 19.991 2.43775
0.000 35.224 21.088 1.60954
0.265 35.827 21.718 1.52631
0.000 35.144 22.373 1.64642
0.000 35.979 23.179 1.89519
0.000 36.733 21.876 2.23244
0.000 37.928 23.731 1.72827
0.000 37.252 25.569 0.97456
0.420 33.928 24.297 1.50560
13.775 34.864 23.849 1.21901
0.000 37.349 23.940 2.34843
2.625 35.483 23.902 2.59283
0.000 37.056 22.606 2.56694
0.085 37.865 23.187 2.25238
0.000 38.635 25.129 1.61436
0.325 38.289 25.056 1.74615
0.000 38.584 24.800 1.62250
0.000 39.370 23.942 2.48996
0.000 39.500 24.607 2.57302
0.000 39.468 22.447 2.25480
0.000 39.947 23.341 2.08664
0.000 40.291 24.241 2.51221
0.000 40.350 25.116 2.55268
0.000 40.728 25.042 2.48483
0.000 40.849 25.794 2.00448
0.000 40.618 27.089 1.95935
0.000 39.805 27.296 1.88796
0.070 41.489 26.697 2.95795
0.000 40.983 25.631 3.57838
0.000 41.951 26.875 2.88719
0.000 41.612 26.007 2.73938
1.155 38.180 25.561 1.61521
0.000 40.026 25.034 1.77458
0.000 40.443 25.372 1.77144
0.130 39.691 27.123 2.26593
0.000 34.432 25.335 2.55002
0.020 33.898 23.328 3.44067
0.000 36.883 24.271 1.99731
4.655 39.663 26.222 1.77686
4.160 32.303 24.913 2.69916
4.725 32.619 23.614 2.12313
1.870 33.143 23.463 1.79078
0.000 36.704 24.875 1.58653
0.000 39.179 25.419 2.11079
0.000 37.706 26.353 2.12695
0.840 36.672 25.702 1.18120
17.760 34.148 26.082 0.83420
5.865 30.517 24.249 0.95969
0.000 34.632 24.529 1.56734
18.590 33.333 24.025 1.88872
0.520 34.091 23.919 1.74884
0.870 35.287 24.648 2.08178
0.000 33.910 23.840 2.02034
0.000 36.043 23.292 2.38429
0.000 37.976 24.279 2.42329
0.000 38.221 24.939 2.75145
0.000 39.531 24.749 2.36294
7.310 37.905 25.733 1.49270
6.440 31.605 24.032 1.41195
20.010 31.355 23.647 1.11602
0.000 33.276 24.982 1.16109
0.000 33.481 24.586 1.28277
0.000 34.713 24.931 2.12866
0.950 32.119 24.645 1.63775
0.425 35.246 24.332 1.82422
0.815 34.400 24.755 1.72521
0.010 36.006 24.202 2.04999
0.000 38.137 25.787 2.46241
1.215 37.049 26.062 2.37671
0.000 37.986 26.538 2.67652
11.035 38.878 26.686 2.77395
6.175 35.058 26.119 2.23707
2.380 32.669 24.558 1.89714
1.880 33.931 24.911 1.59910
13.050 31.764 24.481 2.23853
3.125 32.368 24.234 1.93434
12.325 31.954 24.529 1.67787
3.045 32.931 24.672 1.42902
2.500 31.098 23.878 1.78858
0.495 31.418 23.704 2.45622
0.370 34.977 24.510 2.54947
0.015 36.582 25.417 2.94856
1.050 33.463 25.151 2.14156
6.650 34.342 24.144 1.35282
23.985 29.472 23.340 1.24255
2.835 32.827 23.455 1.47607
0.000 34.866 25.012 1.34798
1.805 29.435 24.094 0.88755
5.980 29.644 23.865 0.96968
16.320 29.933 23.891 0.99482
5.025 30.365 23.059 1.36905
10.135 32.486 23.256 1.20683
5.675 33.594 23.777 1.91824
0.000 34.246 24.131 2.54401
0.000 34.741 23.995 2.38138
0.530 35.675 24.610 2.26678
0.575 30.187 21.836 3.05235
0.840 30.728 22.080 2.88096
0.000 28.148 21.327 1.81863
0.025 33.668 23.312 1.00512
0.000 35.676 23.130 0.89772
0.910 35.993 24.075 1.13721
0.000 34.917 24.280 1.56379
7.120 31.868 24.749 2.29956
7.120 30.583 24.283 2.31376
1.025 32.435 23.192 3.47037
3.155 32.652 23.860 3.90891
5.540 30.578 23.725 4.21756
1.635 28.778 23.243 3.83601
2.085 33.544 24.061 3.42830
47.960 31.772 23.415 2.45410
6.625 30.758 23.420 2.41352
0.000 32.312 22.989 2.53976
0.000 32.601 22.805 2.56385
0.000 34.670 23.218 2.80718
0.000 35.830 24.214 2.66512
0.105 35.807 25.177 3.13653
0.255 28.795 23.931 2.12465
111.429 31.559 23.387 1.50040
6.240 30.335 22.504 1.30292
0.000 34.353 24.127 1.20313
8.440 31.371 23.656 0.96874
9.620 29.314 23.214 1.24666
7.490 28.566 23.210 1.84384
9.955 29.341 22.610 2.30655
1.600 28.641 21.903 2.09305
3.230 28.575 22.860 1.84335
0.000 29.852 22.944 2.49988
0.680 29.017 23.492 2.59750
0.005 29.648 22.993 2.08170
0.150 31.438 23.007 2.13410
1.090 28.944 22.951 2.51213
0.430 31.122 22.578 2.60149
0.020 32.601 23.487 2.68338
3.600 30.723 23.090 2.93109
0.220 29.588 22.753 3.30487
0.500 30.161 23.093 2.38703
11.540 31.212 23.048 1.98570
30.150 28.584 23.670 1.42163
6.955 27.216 22.103 3.36193
2.200 28.229 22.411 3.03768
3.235 28.711 23.229 2.67438
10.340 29.194 22.796 2.80315
24.060 26.973 22.704 3.81681
5.720 29.323 22.223 2.94265
3.580 30.039 22.308 2.63872
0.440 30.133 23.018 2.69644
4.300 30.479 22.601 2.80940
0.170 30.366 22.424 2.63409
0.000 28.710 22.233 2.57472
11.385 29.306 22.439 1.95934
0.040 30.411 22.884 1.34862
1.000 29.571 22.834 2.03893
6.295 28.822 23.246 2.07231
5.650 29.247 22.876 2.14438
15.365 28.359 22.610 1.35749
17.550 30.567 23.266 0.85339
1.010 30.319 23.512 0.82243
7.030 30.394 22.704 1.10166
8.490 30.794 23.078 1.85065
0.255 30.627 21.940 2.74590
3.140 31.075 23.138 3.50129
7.435 30.603 22.566 3.55980
1.820 30.938 22.837 3.58390
1.655 30.542 22.621 3.35134
0.980 31.038 22.941 3.45383
1.570 29.893 22.940 3.32364
23.470 28.309 22.758 3.33043
7.625 28.142 22.720 3.45135
0.530 29.479 22.112 2.95469
0.100 29.594 21.829 3.09519
0.450 31.450 22.021 2.61020
0.245 31.812 21.717 2.57878
7.915 29.928 22.319 2.06589
2.865 31.868 23.126 2.17894
3.445 31.263 23.572 1.97829
13.815 28.296 22.575 1.40370
2.130 28.438 22.609 1.19367
0.015 29.343 22.932 1.19638
0.260 30.752 22.422 1.13257
0.000 31.397 22.159 1.77539
5.875 30.021 22.321 1.45095
60.535 30.157 23.312 1.49809
0.005 29.091 22.638 0.80665
27.515 27.702 22.202 0.83471
9.380 27.231 22.455 1.29927
23.265 29.104 22.881 1.15342
19.940 29.879 22.568 1.46742
3.195 29.759 23.834 2.33377
3.765 28.822 23.000 1.11585
1.025 29.032 23.124 0.78220
18.540 29.606 23.402 1.29019
4.090 28.771 22.777 2.10462
3.950 29.397 22.218 2.34779
2.695 27.739 23.104 1.84485
10.255 27.751 23.183 2.10221
37.355 26.888 23.038 3.17065
11.735 26.662 22.246 3.67793
36.720 26.735 21.959 3.36744
7.975 28.494 22.430 2.30427
0.000 31.013 21.470 2.17920
0.000 30.629 22.720 1.87921
4.460 28.374 22.585 1.76369
34.430 28.633 21.225 1.54586
8.325 27.004 21.510 1.28464
8.760 28.178 22.380 1.62485
1.905 29.041 21.580 1.61064
2.810 30.169 21.949 1.57871
4.695 27.614 22.193 1.34816
44.820 28.030 22.570 2.11724
0.640 28.086 22.191 2.37070
5.480 29.013 20.760 2.08599
1.510 29.782 20.090 1.95894
0.000 29.096 20.464 3.15724
0.200 28.534 18.808 2.47841
0.545 28.330 17.914 1.94922
0.000 29.038 19.571 1.50357
0.000 30.125 19.884 1.41378
0.000 29.558 21.320 1.75500
0.000 30.097 21.431 1.63827
0.000 30.960 22.698 1.26847
0.000 30.032 22.414 1.37385
25.870 28.729 22.159 2.66475
20.785 26.728 21.907 3.84183
29.860 28.272 22.154 1.80831
5.860 28.102 20.237 3.02843
2.800 27.911 20.524 2.55231
0.000 28.305 20.321 2.73783
0.000 28.301 20.326 2.38374
0.000 28.548 20.419 2.67660
0.000 28.490 20.091 2.03793
1.500 28.151 19.671 2.52340
0.000 26.053 18.083 2.25563
0.000 26.015 17.226 2.24873
0.000 26.383 18.178 1.84506
0.000 28.191 19.380 1.57149
0.000 29.036 19.821 1.48246
0.000 29.315 20.609 1.48054
0.000 29.763 20.750 1.66810
0.000 29.389 19.991 1.97149
0.000 29.154 18.177 2.03964
0.000 28.157 16.923 2.26896
0.000 27.826 17.629 2.81555
0.000 28.297 18.693 2.76295
0.155 28.680 20.148 3.44117
1.595 28.524 21.108 3.76390
0.000 28.120 21.481 2.33198
0.230 28.072 19.710 2.20606
0.050 30.215 20.553 1.61960
0.000 31.448 22.883 0.70533
0.000 32.002 23.034 0.78455
0.000 27.913 21.113 2.27083
0.000 29.006 19.719 3.19879
5.010 25.996 18.111 3.55598
0.375 26.499 18.354 3.32103
0.780 26.071 17.795 2.98789
0.000 28.221 18.354 2.96312
0.000 27.716 17.235 3.52042
0.060 27.730 17.618 2.51458
0.260 28.411 19.064 2.84161
0.000 28.798 19.697 2.68465
0.000 28.348 20.956 1.88662
3.410 28.224 21.685 1.44075
0.000 27.045 19.707 2.68675
0.000 27.412 20.055 1.77348
0.000 30.896 20.053 2.05806
0.000 26.166 14.806 4.25210
0.000 25.747 14.655 3.43769
0.040 26.624 15.038 3.08836
0.045 26.284 13.712 3.76212
0.000 25.383 13.379 2.96212
0.000 26.408 14.006 2.48090
0.000 26.998 14.712 2.72836
0.000 26.954 15.398 2.37282
0.260 26.416 14.741 2.92316
0.000 26.308 13.936 2.38396
0.000 26.383 14.576 1.69679
0.165 28.031 15.204 1.87376
0.000 27.496 15.063 1.72408
0.015 28.150 15.745 1.92358
0.000 28.547 16.948 1.98264
0.000 29.453 17.943 2.06427
0.080 28.579 18.659 1.63275
19.815 28.298 16.148 2.19291
2.135 20.320 10.262 3.87895
0.000 22.115 8.720 2.67768
0.000 22.208 8.562 2.84365
0.000 22.297 8.372 2.85580
0.000 22.653 8.155 2.61799
0.000 22.586 8.154 2.90592
0.000 22.782 8.753 2.77206
0.000 24.332 10.224 2.24486
0.000 24.861 10.010 2.81064
0.000 24.148 9.876 2.57505
0.000 24.605 9.426 2.86236
0.000 23.542 8.859 3.26193
0.000 23.268 9.304 2.80987
0.000 23.440 10.140 2.83506
0.000 22.470 11.212 2.78955
0.595 24.455 10.556 2.44724
0.675 25.716 11.083 2.07306
0.015 27.806 12.224 1.12588
0.000 30.828 15.101 0.85243
0.000 29.768 14.467 2.40527
0.000 28.465 14.691 1.77630
0.000 29.701 15.413 1.03000
0.000 31.133 18.165 1.16304
0.000 31.878 17.286 1.63809
0.005 30.064 14.993 3.38722
0.000 29.243 15.367 2.95289
0.000 29.425 15.971 2.78538
0.000 29.559 14.532 3.40433
0.000 27.902 10.720 3.77389
0.000 25.208 9.770 3.44428
0.000 24.845 9.367 3.02662
0.000 25.440 10.385 2.46797
0.000 27.357 12.411 4.02083
0.000 25.420 10.490 4.30315
0.000 24.259 10.882 2.89853
0.000 26.506 11.873 4.37985
0.000 24.653 8.577 3.87118
0.000 23.330 8.019 3.73045
0.000 24.037 8.813 2.27209
0.000 26.294 10.142 0.90324
0.000 29.326 12.784 1.73707
0.000 29.507 13.971 2.60960
0.000 29.660 13.683 2.50550
0.000 30.432 14.408 2.09634
0.000 30.333 15.026 2.38881
0.000 29.915 14.350 2.58456
0.000 30.369 15.218 1.93204
0.000 31.943 16.939 1.03081
0.000 33.312 17.726 1.52073
0.000 34.305 18.331 1.18812
0.000 33.596 19.008 1.75948
0.000 33.021 20.380 2.14814
0.000 32.411 19.271 2.28994
0.000 32.774 20.326 2.61510
0.000 31.899 18.049 2.90514
0.000 33.215 17.839 2.01182
0.000 34.392 17.208 1.86151
0.000 31.180 17.483 2.76310
0.000 31.302 17.923 1.29862
0.000 32.054 17.450 2.25542
0.000 27.368 16.560 2.54057
0.000 31.325 17.525 1.43894
0.000 33.210 20.651 1.87450
0.000 33.523 21.867 2.39670
0.000 34.024 22.577 2.43354
0.000 29.580 13.600 5.26944
0.000 22.548 13.958 3.61254
0.000 29.385 15.509 1.64299
0.000 33.545 18.299 0.80353
0.000 33.775 19.256 1.51289
0.000 34.281 19.914 1.45503
0.000 34.683 20.547 1.52074
0.000 34.940 21.912 1.28799
0.000 34.090 20.874 1.35643
0.000 34.123 21.008 1.97041
0.000 35.878 20.959 1.93132
0.000 36.431 21.070 2.19231
0.000 36.537 20.331 2.23331
0.000 37.116 20.700 1.90083
0.000 36.620 21.167 2.05344
0.000 36.489 21.551 2.65498
0.000 35.445 22.296 2.32657
0.000 35.743 21.714 2.21366
0.000 36.266 23.015 1.25259
12.885 33.177 22.557 1.18188
0.000 34.184 22.391 1.10458
0.000 36.221 21.991 1.88485
0.000 36.335 23.018 1.51131
2.730 37.031 23.193 2.07115
0.010 34.414 23.063 1.76637
0.000 33.839 24.579 1.60605
1.260 32.026 24.533 1.04617
0.330 35.318 23.725 1.55910
14.750 36.915 24.232 2.61955
5.895 36.387 23.436 1.82740
1.370 32.963 19.313 3.26904
0.000 28.197 19.806 3.08464
0.000 32.837 20.794 2.69563
0.000 34.035 22.049 1.59081
0.000 35.692 23.507 1.06869
0.000 36.874 24.326 1.20614
0.000 37.315 24.590 1.68809
0.000 37.779 23.833 2.41533
0.000 38.771 23.505 2.16553
0.000 38.315 24.341 2.60674
0.000 39.479 23.558 2.49855
0.000 39.796 23.772 2.20142
0.325 38.879 24.915 2.07110
8.695 36.756 24.846 1.40816
0.900 33.597 24.024 1.67801
0.295 30.329 22.501 1.21112
0.000 34.410 22.532 1.37924
3.470 36.042 23.244 1.74458
2.975 36.452 23.315 2.03191
0.000 37.681 23.965 1.69646
0.000 38.058 25.092 1.89364
0.735 35.373 23.896 1.72392
0.000 35.621 24.775 1.19672
1.375 36.664 25.207 1.19406
0.000 34.415 25.470 1.02290
22.086 32.639 24.477 1.16429
1.945 34.759 23.413 1.29478
0.000 35.336 24.441 1.78712
4.225 35.196 24.479 1.45487
2.380 36.000 25.034 1.46774
0.555 36.129 25.655 1.47739
0.000 36.814 25.689 1.32529
0.000 39.608 25.374 1.34944
3.190 37.428 25.758 1.67259
4.640 36.592 24.939 2.39905
0.000 34.877 25.143 1.18290
0.000 39.308 25.272 1.26176
0.000 37.300 25.697 1.12360
1.110 33.890 24.770 0.98926
2.245 30.111 23.542 1.05734
0.085 33.096 25.005 1.24414
5.785 33.116 24.500 1.20642
0.000 34.259 23.163 1.20452
2.630 32.454 23.859 1.48249
0.000 35.847 24.275 1.04419
7.540 36.603 22.377 1.65280
1.945 30.072 22.556 2.51052
5.945 29.488 23.240 1.07069
0.000 36.598 23.821 2.11991
0.000 35.226 23.790 3.01228
0.000 35.494 24.464 2.97140
0.310 38.039 25.744 2.53884
8.575 34.525 25.002 2.10522
11.960 33.165 24.285 1.88301
0.000 34.394 24.781 2.09906
0.000 36.738 25.577 2.09087
1.230 34.596 25.434 1.75344
10.385 32.025 24.845 1.62949
11.260 33.121 24.552 1.29623
0.000 33.307 24.500 1.51160
0.000 36.068 24.921 2.33581
0.000 34.989 24.766 2.74686
0.000 36.709 25.021 3.01660
0.000 36.368 25.371 2.86016
0.000 36.024 24.695 2.27865
0.000 38.391 26.145 1.40956
24.425 33.532 25.184 1.33905
6.635 33.932 24.802 1.18150
0.000 31.582 24.654 1.64889
2.050 32.524 24.044 1.64196
5.440 36.234 24.772 1.91438
0.215 35.039 25.013 1.90966
2.285 37.318 24.610 2.25259
0.095 36.325 24.759 2.34137
2.155 36.764 25.029 2.68506
0.000 36.066 25.997 2.63485
1.445 34.442 25.325 2.70546
0.000 32.821 24.810 2.62012
0.380 33.349 24.280 2.41360
2.700 32.807 24.838 2.85423
0.955 33.372 24.390 2.89881
1.105 33.549 24.669 3.18191
10.125 35.846 24.951 2.96043
0.080 32.656 24.332 2.92933
0.420 32.189 24.718 2.47794
6.180 30.979 24.391 3.07967
0.475 33.663 24.865 2.87457
7.520 31.225 24.372 2.81773
0.595 32.572 24.410 3.25038
3.445 31.417 23.312 3.06968
0.885 32.640 24.557 2.66896
1.095 33.601 24.465 3.01915
0.390 34.061 23.716 2.71405
4.560 34.998 23.223 3.42453
1.440 31.569 23.669 3.55676
0.000 33.220 23.415 3.22242
13.420 33.352 23.648 3.15576
0.600 32.660 23.379 2.92803
0.000 35.659 24.524 3.19211
3.940 32.758 24.687 3.69209
31.380 32.395 23.407 3.05521
8.095 28.304 22.813 2.98914
0.000 34.631 23.833 2.87008
0.000 35.390 24.347 2.49994
0.000 34.012 24.119 2.75940
0.000 34.886 24.917 2.55675
0.120 33.446 24.624 2.82647
0.205 33.829 24.948 2.92709
5.835 32.581 24.508 3.06019
12.800 32.951 24.274 2.61724
0.390 30.428 23.957 2.98853
0.635 30.454 23.739 3.72243
0.000 32.897 24.635 2.97868
23.755 31.528 24.166 2.08387
12.335 29.389 23.653 1.44723
0.480 29.361 23.498 1.74125
0.520 31.599 23.801 2.28022
2.570 30.008 23.785 1.92064
0.580 30.538 23.782 3.07876
3.725 29.546 22.832 2.96678
7.170 28.152 21.414 4.26832
37.150 30.466 22.430 2.69878
3.950 27.922 22.812 2.31524
3.245 31.318 22.920 3.18680
4.340 30.005 22.186 3.04522
0.000 32.904 22.697 2.90538
0.030 32.178 23.536 2.53982
0.330 34.316 24.199 2.29388
4.115 30.737 23.269 2.42829
6.450 30.444 23.033 3.54939
0.000 33.649 23.603 3.31939
0.205 34.355 23.899 3.29476
1.255 31.459 22.804 3.37956
0.075 31.771 22.777 3.63171
0.085 31.445 22.420 3.41662
3.095 32.206 23.304 3.07047
32.485 32.474 23.779 2.75119
7.735 29.920 23.199 3.37105
1.305 31.375 23.023 3.42242
0.270 32.691 23.516 3.03721
0.735 31.615 23.664 2.68313
0.720 31.818 22.845 3.06092
0.070 31.805 23.385 2.84911
0.000 32.284 23.888 2.88877
5.815 32.436 23.703 2.73439
0.230 31.872 23.739 2.30096
0.115 30.030 23.520 1.49101
2.690 29.573 23.087 1.37407
0.000 30.823 23.357 1.46768
0.000 33.829 23.872 1.65910
4.205 32.045 24.115 1.45439
14.935 31.859 23.856 1.46703
5.945 28.340 23.062 1.26471
11.445 30.225 22.842 1.06851
0.320 30.992 23.497 0.57634
6.340 31.430 23.703 1.34710
4.880 31.809 23.144 1.50141
27.145 31.927 23.729 1.04773
8.075 29.157 23.569 0.94255
19.715 27.575 22.924 1.09341
28.215 29.278 23.022 0.97956
25.425 28.451 22.680 1.39539
13.530 26.560 22.896 1.23268
5.770 28.970 22.774 1.37057
19.960 27.955 22.469 1.42476
14.280 27.278 22.559 1.53672
2.530 28.524 22.425 1.51828
1.600 28.786 22.443 1.65881
6.595 27.422 22.489 1.98161
6.820 29.777 22.304 1.86930
0.000 29.979 22.670 2.06576
0.000 30.075 22.464 1.85461
3.325 30.922 23.438 1.25648
24.460 29.713 22.897 1.33298
43.549 29.300 22.909 1.24816
0.085 30.220 22.494 1.93009
4.190 29.961 23.370 1.40173
15.075 29.884 23.461 1.04357
12.645 28.845 22.997 2.44308
0.930 28.547 23.318 2.86999
0.585 30.694 22.242 3.15414
0.000 30.022 22.956 1.92165
0.000 30.719 23.076 1.64256
0.540 30.321 22.960 1.73623
7.175 30.781 23.265 1.59965
8.970 29.229 22.014 2.25974
19.901 29.958 22.544 1.58030
17.105 30.021 23.109 1.28714
7.770 27.441 22.755 0.76647
9.135 29.775 23.625 0.81659
0.000 31.166 23.997 0.71569
0.010 31.973 23.904 0.88859
0.000 30.167 23.514 0.74351
2.245 28.398 22.721 0.93350
15.430 29.075 22.640 0.97659
0.000 30.571 22.974 1.03962
0.000 32.011 22.575 0.78869
0.000 31.817 22.934 1.06501
1.685 30.377 21.356 3.05571
0.900 27.317 20.840 3.87317
0.000 28.567 20.691 3.25054
0.000 28.743 21.562 2.32903
0.000 28.270 22.428 1.16105
1.260 29.841 22.676 1.13797
0.000 29.124 20.693 1.70836
0.000 28.903 20.376 2.75095
0.000 29.535 20.452 3.02038
0.000 28.864 19.107 2.85914
0.000 28.357 19.181 2.39782
0.000 29.533 20.594 2.17542
0.000 29.503 20.868 2.33831
1.720 29.679 21.410 2.78361
21.565 28.734 21.822 1.98918
1.105 30.007 22.158 1.70189
0.595 28.611 22.062 1.39186
0.000 30.926 21.591 2.02442
22.195 29.128 21.694 1.92852
4.425 28.101 22.050 1.90569
0.055 28.275 21.934 1.80148
0.000 29.481 22.018 1.60532
0.000 29.851 22.378 1.90351
0.000 29.646 22.861 1.84826
0.000 29.569 21.719 1.00908
0.000 30.068 21.890 1.31266
0.000 30.406 22.669 1.76507
0.395 29.951 23.087 1.52767
0.000 30.577 21.796 2.56194
0.000 28.978 19.493 3.23418
0.000 28.923 19.888 1.63819
19.860 29.100 22.096 0.89702
0.000 30.238 22.972 0.91954
21.225 30.287 23.279 0.81863
1.165 28.065 20.200 1.91248
0.000 29.356 20.579 2.02850
0.000 30.269 21.584 1.70018
0.000 30.559 21.285 1.63680
0.000 30.726 21.174 2.55455
0.000 29.116 18.768 3.16738
0.000 26.138 18.543 2.38504
0.000 29.871 19.357 2.28124
0.000 29.934 19.527 2.68802
0.000 29.889 18.662 3.44836
0.000 28.979 15.956 3.72586
0.000 28.551 16.375 2.92224
0.000 28.683 17.270 2.18828
0.000 29.531 18.679 1.90432
0.000 30.962 18.521 1.68215
0.000 31.362 18.931 1.61041
0.000 31.319 19.645 1.45861
0.000 31.936 19.690 1.38683
0.000 32.175 20.542 1.09812
0.000 32.045 21.777 0.70398
0.000 32.410 22.407 1.02283
0.000 32.261 23.102 0.97412
0.000 32.818 20.296 1.41951
0.000 31.589 19.612 3.08590
0.000 29.217 18.994 3.45019
0.000 29.035 19.283 2.23567
0.000 29.176 17.422 3.62497
0.000 29.354 17.550 2.84310
0.000 26.179 19.173 1.80068
0.000 32.131 18.235 2.59974
0.000 29.864 16.980 2.92333
0.000 30.509 17.362 2.23301
0.000 30.374 18.093 2.34300
0.000 30.848 16.297 3.02848
0.000 29.850 14.676 4.57635
0.000 26.993 14.103 3.73464
0.000 29.049 14.363 2.77414
0.000 30.667 16.497 2.73167
0.000 28.510 13.032 5.11482
0.000 22.790 13.019 4.47524
0.000 26.296 13.476 3.59351
0.000 26.659 14.947 3.13220
0.000 26.283 14.956 2.44050
0.000 30.377 13.402 4.35682
0.000 26.415 12.861 3.63691
0.000 27.713 13.200 2.65226
0.000 29.568 15.372 2.87776
0.000 31.532 17.393 2.45334
0.000 32.863 19.219 2.54443
0.000 33.163 18.839 3.57837
0.000 30.729 14.485 4.26953
0.000 28.958 14.257 2.97757
0.000 29.606 14.204 2.38238
0.000 29.596 13.317 3.50639
0.000 27.020 11.827 3.49974
0.000 27.196 12.414 2.97050
0.000 28.892 13.613 2.17327
0.000 31.332 15.074 0.96464
0.000 32.460 17.840 1.30069
0.000 34.098 18.136 1.08262
0.000 33.459 18.976 2.77538
0.595 28.274 17.854 4.15625
0.000 27.788 16.572 3.34282
1.405 29.462 14.549 3.60855
0.000 24.715 13.762 4.17536
0.000 25.722 12.865 3.66738
0.000 27.343 11.264 3.52115
0.000 26.570 11.632 3.39770
0.000 27.924 12.514 2.56830
0.000 28.762 12.383 3.31459
0.000 27.918 12.890 3.16023
0.000 28.543 14.062 3.13721
0.000 28.556 13.330 2.69952
0.000 29.738 14.157 1.86034
0.000 31.528 15.587 2.13140
0.000 30.935 16.096 1.48906
0.000 31.954 17.230 1.03684
0.000 32.329 17.804 1.42717
0.000 32.834 17.762 1.12067
0.000 33.375 17.679 1.03453
0.000 33.957 17.969 1.03492
0.000 34.330 17.714 0.99377
0.000 34.428 17.772 0.98203
0.000 34.197 17.973 1.85474
0.000 32.574 17.458 3.02804
0.000 31.072 16.829 3.72125
0.000 31.521 17.412 2.96764
0.000 32.405 16.963 2.80185
0.000 32.721 17.252 2.71743
0.000 31.713 15.089 3.75476
0.000 30.012 15.310 2.96788
0.000 31.552 16.655 1.91672
0.000 30.735 14.882 3.38134
0.000 30.659 15.261 2.90184
0.000 30.013 16.528 1.95139
0.000 33.323 19.178 0.86304
0.000 33.201 19.957 1.50838
0.000 32.720 20.799 1.79036
0.000 32.259 17.876 2.40576
0.000 34.311 19.648 1.13793
0.550 33.085 21.786 1.06471
0.000 31.486 21.699 2.00248
4.830 32.106 20.527 1.59913
2.810 30.604 20.830 1.28856
1.190 33.018 21.623 0.96900
1.645 32.944 21.474 1.19735
0.000 34.058 21.654 1.57016
0.000 33.908 21.580 1.40906
0.000 35.804 21.378 1.80253
0.000 36.402 21.506 2.02995
0.000 36.452 22.140 1.95941
0.000 37.271 22.914 1.36297
0.570 38.018 24.641 1.05288
15.390 36.722 22.780 1.90788
0.000 35.166 22.989 2.06458
0.000 36.611 22.014 2.89529
0.000 37.560 22.452 2.35495
0.000 37.658 23.476 1.85487
0.495 37.540 24.070 2.27652
0.000 37.246 23.466 1.96033
0.080 37.389 24.061 1.65013
0.000 38.090 24.495 1.07104
0.000 38.453 25.477 1.15264
0.000 36.950 26.079 0.78372
9.155 35.559 24.329 1.35242
0.890 34.667 24.231 1.79466
0.000 35.027 22.721 2.43070
0.000 37.029 22.749 2.40974
0.000 37.979 22.800 2.11534
0.000 38.182 23.417 2.57753
0.000 38.565 23.888 2.60037
0.000 39.431 24.654 1.96182
0.000 39.226 25.415 1.47215
6.145 37.445 25.094 1.61572
0.005 32.957 24.367 1.45002
4.995 35.444 23.911 1.62830
9.770 29.980 21.567 2.84902
0.110 33.828 22.481 3.15186
0.000 32.132 22.352 3.60802
0.000 32.886 22.825 2.60356
0.360 35.066 23.721 1.63834
1.830 30.618 23.922 1.48480
0.000 34.409 23.425 0.89932
0.000 34.756 22.879 1.74866
0.000 37.514 23.803 2.55050
0.000 37.034 22.606 2.82951
0.000 39.024 21.478 2.56752
0.000 39.444 23.028 2.47501
0.000 39.907 24.436 2.26752
0.000 40.304 25.552 1.84060
0.400 37.701 26.679 1.20012
0.085 33.196 23.942 2.53017
0.825 37.076 25.618 1.19544
15.245 36.702 25.072 0.82932
0.680 31.008 22.035 2.21202
0.000 35.765 21.097 3.68744
0.000 35.893 19.790 3.48721
0.000 33.844 19.635 2.89584
0.000 37.338 22.160 1.41528
0.000 39.622 23.867 1.42112
0.000 40.414 24.436 2.63278
0.000 40.157 24.866 3.17793
0.000 41.368 25.266 2.90496
0.590 40.908 26.201 2.97756
2.660 41.146 26.903 2.12437
4.025 36.957 22.989 2.06773
1.170 33.818 24.131 2.05032
9.480 32.357 23.283 2.19604
9.170 33.349 24.102 1.95544
3.850 34.251 24.511 1.59171
4.920 35.726 25.169 1.20546
8.730 33.673 24.332 1.49354
0.000 36.922 24.649 1.61595
0.000 35.975 25.018 1.72453
0.105 35.015 24.360 1.93525
7.075 38.380 25.697 2.38855
6.485 38.574 26.005 2.31318
0.000 36.248 25.293 2.24618
0.200 37.959 25.255 2.23729
6.855 36.522 25.567 2.08163
8.935 38.017 25.586 2.14791
0.080 36.340 25.893 2.47691
7.355 32.520 24.494 2.26729
0.000 35.708 25.257 1.55119
4.840 37.961 25.675 1.26518
5.780 37.094 25.533 1.38033
9.190 36.542 24.999 1.58801
1.295 34.915 23.661 2.10632
0.005 34.123 24.673 2.12231
0.000 38.179 24.666 2.72845
2.025 34.944 25.502 2.49185
0.005 31.732 25.621 1.72105
0.000 35.173 24.963 2.32988
0.000 36.487 25.452 2.98643
0.035 34.972 25.381 3.38668
0.180 35.914 25.321 3.48173
0.090 33.823 24.491 3.47483
0.000 35.941 25.696 3.32296
0.175 36.127 25.705 3.00891
0.765 35.097 25.204 2.97639
0.025 33.822 25.018 2.35254
0.000 36.117 25.167 2.69239
0.000 38.408 26.021 2.77111
0.000 38.782 26.545 2.45812
0.000 29.367 27.186 2.31147
6.010 37.312 25.928 2.71035
22.950 33.471 25.218 1.65953
11.235 30.999 24.790 1.01168
3.395 36.019 24.654 1.57758
0.000 35.984 25.710 1.63795
0.325 36.144 25.566 1.75154
7.625 34.902 25.020 1.98402
0.350 32.445 23.702 1.93898
1.475 34.573 24.165 2.17339
0.000 37.903 26.017 2.10888
1.825 34.634 25.665 1.16429
5.010 35.854 25.032 1.09740
13.450 34.034 25.084 1.59199
9.770 34.780 24.317 1.14192
0.205 29.479 24.001 1.07354
1.515 32.298 23.963 1.47085
1.595 32.841 23.956 1.65890
0.000 33.858 23.953 2.26863
0.000 35.667 24.495 2.79685
0.785 34.053 24.625 2.76289
0.770 35.108 24.942 3.75118
1.115 32.838 24.257 4.31075
4.525 29.529 23.714 3.85093
3.840 32.338 23.251 4.51152
0.235 34.210 23.278 4.95173
0.000 34.365 23.374 4.02055
0.000 34.796 23.340 3.43664
0.000 35.771 23.622 3.61378
0.000 35.855 23.358 3.32416
0.000 37.185 23.355 4.09893
0.000 37.907 24.150 4.36267
0.000 38.894 25.448 4.34550
0.000 37.656 26.091 4.64108
0.000 36.464 25.557 4.09162
2.435 34.917 25.623 3.47250
0.000 36.142 24.624 3.72675
16.650 36.065 23.509 3.38115
15.195 32.318 23.954 2.81399
6.200 28.071 21.490 4.18482
0.000 33.927 23.409 2.54985
3.170 35.820 25.257 2.80629
16.210 34.324 24.715 2.15462
13.105 32.439 24.199 1.76241
33.415 30.913 24.082 2.08494
0.255 27.680 23.822 2.10754
3.400 28.976 23.912 2.69565
0.775 29.108 23.507 2.72968
2.505 30.317 22.516 3.05222
42.325 29.666 23.190 2.94959
8.745 29.742 23.114 2.43420
7.285 29.958 23.223 2.66574
2.335 29.441 22.845 2.42940
6.135 30.810 22.649 2.80929
1.255 29.792 22.570 2.55807
6.005 31.866 22.675 2.57286
3.985 30.071 21.544 3.01631
0.615 29.820 21.831 2.72840
2.405 30.374 22.063 2.84079
1.390 29.170 21.013 2.63696
14.610 30.637 21.736 2.88486
3.485 29.535 22.396 2.12305
5.265 26.956 22.614 2.55193
7.190 27.435 22.060 2.60101
8.050 26.863 21.181 2.17023
0.000 28.927 21.988 1.91164
1.120 28.630 22.413 1.60524
9.610 30.304 22.916 1.46569
25.775 28.532 22.795 1.18271
35.815 30.625 22.968 1.98552
0.000 30.166 23.164 1.75602
0.000 28.070 23.726 1.28372
6.565 29.203 23.171 1.61626
15.010 29.279 22.672 1.74230
0.370 30.493 23.007 1.85342
0.045 30.799 22.502 2.04514
1.290 30.416 22.915 1.88310
0.000 30.780 23.202 1.95347
0.000 29.846 23.002 2.41042
0.000 30.422 22.709 2.33741
0.000 31.486 23.851 2.14167
53.944 30.240 23.527 1.80638
0.210 30.032 23.703 1.74577
0.000 29.353 23.159 2.61343
0.000 30.506 22.241 3.17867
0.000 30.868 22.610 2.71832
5.195 31.640 23.337 2.62169
6.505 28.437 22.612 2.55741
3.205 29.854 22.765 2.73590
0.145 31.081 22.697 2.59744
5.535 31.371 22.781 2.18818
18.025 32.242 23.137 2.20853
3.605 28.204 22.604 2.74996
1.505 28.185 22.236 2.54122
4.725 30.868 22.621 1.91491
3.405 29.754 22.492 1.76594
34.020 28.798 22.805 1.48643
0.395 29.153 22.088 1.46396
0.000 30.784 22.714 1.71503
0.000 31.346 22.701 2.36886
0.050 31.616 23.368 2.25673
22.995 29.141 22.913 1.34139
15.885 28.363 23.207 0.88039
0.000 29.437 23.010 1.51939
0.235 28.956 22.894 1.20128
24.435 27.397 22.043 1.85569
5.350 30.314 22.844 1.39219
26.495 27.996 22.973 2.89755
6.670 27.999 23.051 2.69593
12.380 28.498 22.885 3.29239
4.425 28.022 22.356 1.92292
0.000 31.479 22.019 1.08959
0.000 33.022 23.910 1.50491
39.530 28.916 21.896 1.85800
0.595 28.286 22.107 1.81777
0.000 30.405 22.213 2.37762
0.000 30.118 23.342 1.60164
0.000 29.433 22.118 1.94038
0.000 30.964 22.698 1.43229
0.000 31.314 23.698 1.01146
0.000 31.094 24.043 0.71586
0.295 30.988 23.873 0.75781
8.960 31.252 23.278 0.82685
48.910 30.761 23.226 0.99344
6.365 29.254 23.387 0.88460
1.965 28.908 23.106 1.16106
10.115 28.705 22.655 0.85475
22.950 29.788 22.557 1.28781
9.555 26.370 22.875 1.55356
16.280 27.956 21.891 1.10907
14.225 29.029 22.636 1.54943
0.550 29.414 22.953 2.01684
1.520 29.165 22.742 1.64945
0.025 24.874 17.696 3.25716
0.000 24.871 18.213 2.72286
0.000 28.043 19.074 2.27123
0.000 28.378 20.221 2.35041
0.335 28.771 21.514 2.21932
0.000 29.704 21.029 1.72638
0.000 29.927 20.398 1.69348
0.000 29.625 20.479 1.45889
0.000 30.493 20.891 1.18500
0.000 31.070 22.011 0.90602
1.240 30.039 21.588 0.77872
0.000 30.992 21.100 1.23128
0.000 29.968 19.730 1.91822
0.000 29.174 19.319 2.07395
0.000 29.345 20.068 2.00498
0.000 29.960 21.206 1.75713
5.460 29.288 22.140 1.61808
0.000 29.708 20.787 1.30215
0.000 30.433 21.453 1.36113
0.000 30.636 21.098 1.89762
0.000 30.545 21.475 2.53934
0.000 30.055 18.407 3.74379
0.000 24.781 18.740 2.81732
0.000 28.348 19.438 2.11676
0.000 28.521 20.791 1.96747
0.000 30.170 21.487 2.25281
0.785 29.852 22.545 1.97895
0.000 29.140 22.455 1.44295
0.000 30.181 22.475 1.45075
0.000 30.999 22.773 1.75526
1.305 30.919 21.507 1.73048
0.000 31.505 21.981 1.55137
0.000 31.301 23.094 1.43099
0.000 30.392 23.754 0.89467
8.305 30.995 23.435 0.85209
0.000 31.372 23.768 0.55826
0.000 32.108 22.791 0.68863
0.000 32.703 23.495 0.77639
0.000 32.660 22.174 1.16152
0.000 32.539 22.863 1.75566
0.000 32.319 20.304 2.11265
0.000 31.492 20.663 2.53964
0.000 31.983 20.803 2.52594
0.000 32.131 21.420 2.38376
0.000 32.287 20.983 2.33584
0.000 32.359 19.132 2.72577
0.000 31.096 16.486 3.68840
0.000 30.130 16.807 3.27095
0.000 31.226 19.112 2.78868
0.000 32.186 20.699 2.64286
0.000 32.298 20.181 1.93668
0.000 33.022 20.926 1.15080
0.000 33.137 22.184 0.90938
3.990 32.022 20.957 1.71454
3.305 32.203 21.365 1.80524
12.250 29.263 18.546 2.40822
0.000 29.505 17.080 3.35291
0.000 29.313 16.987 3.37920
0.000 29.785 17.150 2.71621
0.000 31.170 17.892 1.32421
0.000 32.481 19.048 1.26543
0.000 32.499 19.795 1.42218
0.000 32.802 20.396 1.33832
0.000 33.703 20.621 1.23543
0.000 34.060 20.797 1.40312
0.000 33.373 18.537 2.78730
0.000 30.483 14.970 5.17322
0.000 25.715 13.127 4.42784
0.000 27.329 13.464 3.83776
0.000 29.123 15.527 2.78614
0.000 30.094 16.327 2.95811
0.000 31.141 17.855 2.61926
0.000 28.375 19.677 2.59244
0.000 32.774 20.310 1.42132
0.000 33.987 22.089 1.13720
0.000 34.184 18.214 2.42337
0.000 33.120 18.471 1.84032
0.000 33.263 19.064 2.61828
0.000 32.153 18.323 2.93255
0.000 31.927 18.683 2.92891
0.000 30.898 17.312 4.28257
0.000 29.309 15.530 4.80447
0.000 30.062 15.824 3.48181
0.000 30.544 16.578 1.89360
0.000 32.055 17.262 1.28050
0.000 33.277 18.521 1.36594
0.000 33.585 18.705 1.56774
0.000 33.424 17.610 1.05741
0.050 33.326 18.338 1.21567
0.000 33.103 19.557 1.05313
0.075 31.727 20.144 1.72162
0.030 30.100 17.272 2.05499
0.000 32.676 17.956 1.57338
0.000 32.341 19.068 1.28968
0.000 32.896 20.979 1.79923
0.000 33.169 20.872 1.63331
0.000 33.691 21.790 3.01424
0.000 33.720 21.189 2.84248
0.000 33.154 20.669 2.23660
0.000 33.949 21.174 1.48198
1.195 32.878 21.547 1.33750
0.000 31.282 21.621 1.20419
2.750 33.172 22.053 1.41950
0.000 34.076 22.424 1.56450
7.200 30.319 12.961 4.34863
1.445 19.966 6.836 6.92367
2.030 18.116 7.018 5.60646
0.000 18.697 9.421 3.82922
0.000 23.899 10.966 2.59460
0.000 30.528 15.056 1.49929
0.000 32.349 18.385 1.52860
0.000 33.325 19.746 1.58779
0.000 33.584 17.714 1.72697
0.000 33.582 15.619 3.50569
0.035 27.622 14.947 4.09767
0.000 26.906 15.071 3.28011
0.000 31.458 15.810 3.32564
0.000 30.797 13.699 4.57227
0.000 26.897 10.487 5.99099
0.000 24.832 8.392 5.51844
0.000 25.488 9.212 3.84385
0.000 27.610 11.241 2.08305
0.000 31.264 14.726 1.35980
0.000 33.184 16.265 1.92099
0.000 34.225 18.570 2.49843
0.000 35.327 19.533 2.14263
0.000 36.346 20.202 1.54118
0.000 34.022 15.777 3.46986
0.000 30.811 16.166 3.41232
0.000 32.333 16.455 2.85373
0.000 33.693 17.325 2.35840
0.000 34.917 19.066 1.58629
0.000 33.592 16.795 4.18570
0.000 32.289 17.316 1.71197
0.000 35.145 21.508 0.92342
0.000 36.297 20.907 2.94280
0.000 33.122 15.241 6.12447
0.000 31.637 14.299 5.63023
0.000 30.810 14.333 4.85050
0.000 31.417 14.907 3.72335
0.000 32.795 16.807 3.36667
0.000 32.566 16.007 4.31498
0.000 32.683 16.228 3.35143
0.000 32.215 17.279 2.77688
0.000 34.695 18.893 2.00212
0.000 36.333 21.228 1.11307
0.000 36.844 22.734 1.20324
0.215 36.474 23.697 1.20623
0.000 37.421 24.118 2.65000
0.000 38.047 23.730 2.84902
0.000 39.576 22.998 2.57713
0.100 39.487 22.633 2.06569
0.000 34.342 21.709 2.75354
0.000 36.664 22.680 2.40316
0.000 37.671 22.588 2.62484
0.000 39.430 23.515 1.01189
0.000 40.101 23.946 2.63156
0.000 39.022 23.683 3.18677
0.000 39.475 24.222 2.97565
0.000 39.749 24.139 3.27378
0.000 39.935 24.987 3.17554
0.000 39.918 24.717 3.58853
0.000 40.018 23.604 3.40071
0.000 39.921 23.973 3.00770
0.000 39.393 24.837 3.08287
0.000 40.731 21.673 3.02090
0.000 34.753 19.627 4.77982
0.000 31.512 19.936 3.00863
0.000 33.851 19.058 4.13849
0.000 34.478 19.687 2.44289
0.000 35.770 23.353 1.70914
0.000 34.180 25.700 0.99120
2.440 32.969 24.874 1.61594
1.020 30.698 24.726 1.53370
0.000 35.070 24.773 2.11615
0.000 37.115 24.841 2.54383
0.000 39.280 23.182 2.97358
0.000 40.144 24.288 3.07672
0.000 39.828 24.810 2.91375
0.000 40.622 25.814 2.09467
0.000 40.990 26.221 2.44625
0.000 41.214 25.272 3.35607
0.000 41.139 25.233 3.13214
0.000 42.312 25.673 3.11957
0.000 42.155 27.015 3.73647
0.000 42.282 27.345 3.27848
0.000 42.301 26.810 3.01029
0.125 42.075 27.731 3.19775
0.000 40.753 25.890 2.80431
0.000 42.189 27.112 3.07054
0.000 42.152 28.192 2.31811
5.620 39.834 27.869 2.64640
0.255 40.691 26.194 2.38146
0.610 37.835 26.109 2.52667
0.000 39.480 26.491 3.34603
0.000 41.220 25.920 3.12099
0.000 40.774 26.986 2.94071
0.000 40.245 27.629 2.50795
4.925 41.059 27.532 2.49533
10.150 40.054 28.328 2.35518
4.490 38.398 27.752 1.89050
18.380 36.154 24.850 1.52606
21.180 34.003 23.520 1.54839
0.000 36.428 24.790 1.63505
12.675 35.815 24.243 1.76519
0.000 38.389 25.705 1.46538
0.565 36.619 25.689 1.51025
0.000 39.469 25.292 1.70858
0.000 40.169 25.769 2.00920
15.180 39.669 26.673 1.94548
0.000 34.309 25.404 2.30915
0.000 39.383 26.319 2.00433
0.000 39.920 26.848 1.77837
0.840 40.603 27.549 1.67766
1.965 37.776 26.541 2.40095
35.046 34.140 24.267 1.86127
0.000 34.811 25.012 1.24910
0.210 31.329 24.568 0.86162
8.705 31.596 23.919 1.68754
0.840 33.992 25.283 1.47431
0.035 30.420 25.039 2.06171
0.575 33.186 23.839 2.49725
10.985 33.304 24.248 2.45780
0.000 35.583 24.175 2.48957
0.035 37.183 24.875 3.07649
0.000 33.068 23.885 2.58062
0.280 36.056 24.282 3.18644
0.420 34.484 24.768 3.63353
0.000 35.827 25.120 2.91107
4.040 36.335 24.730 2.71405
1.680 36.923 25.041 2.69233
25.560 30.718 23.790 1.81271
1.960 32.433 23.673 1.95553
5.575 34.546 24.439 1.93436
6.920 35.422 24.481 2.01254
0.025 35.517 23.782 2.49356
0.000 38.369 25.687 2.49305
1.810 32.462 24.287 1.70366
8.600 30.365 23.136 2.17372
7.770 31.143 24.084 2.07631
3.880 31.071 24.083 2.90775
0.425 33.099 22.524 3.07507
0.155 35.530 23.519 3.41539
13.350 34.826 23.340 2.91287
0.050 35.821 24.429 3.35728
0.245 35.002 24.547 3.53465
0.000 35.790 24.581 3.58120
0.000 32.361 24.655 3.16247
0.000 35.799 24.860 2.51467
1.965 34.399 24.618 1.89166
12.685 31.357 23.732 1.79643
0.240 31.480 23.660 1.36760
18.405 36.683 24.072 1.06460
34.290 32.105 23.834 1.55765
1.395 30.282 24.137 0.83679
10.770 31.113 23.850 1.11998
31.245 27.978 23.492 1.16849
2.335 29.112 23.695 1.19545
0.410 29.297 23.486 2.01632
14.625 29.666 23.866 2.27452
4.120 29.043 23.952 2.30567
24.595 30.280 24.034 2.87756
11.575 29.842 23.583 3.00394
1.895 30.222 24.084 2.27195
0.410 28.977 23.642 2.26553
9.720 30.410 23.607 2.41387
13.340 30.679 23.669 2.68956
10.055 32.587 23.416 3.13289
4.390 27.677 21.617 4.02127
33.280 27.168 21.911 3.03389
1.420 29.869 22.548 2.22301
0.450 31.220 22.632 2.93889
0.000 30.567 22.642 3.87296
0.000 29.815 22.801 3.60595
0.035 31.380 22.760 3.77873
1.575 29.735 23.466 3.00226
0.225 30.965 23.786 2.70707
8.635 30.946 23.225 2.14215
0.000 32.534 23.492 2.07910
0.120 31.554 24.194 2.14120
0.000 30.963 23.994 2.24290
9.325 30.751 22.668 2.42604
8.255 27.455 23.168 2.01046
1.650 30.388 23.064 1.48769
13.315 29.452 22.943 1.07356
0.680 31.223 23.928 1.00366
44.645 28.813 22.678 0.75455
4.510 29.937 22.503 1.22533
0.000 31.671 23.626 1.68582
1.765 31.724 23.252 1.80718
17.075 30.779 23.318 2.46072
7.075 29.310 23.363 1.50826
14.965 29.431 23.520 1.38202
0.670 27.800 22.354 2.24685
0.000 30.615 22.147 2.43259
0.000 33.071 23.713 2.70986
0.000 31.035 23.735 2.71163
1.000 30.857 23.276 2.77716
26.380 30.098 22.952 2.34125
6.460 29.125 22.511 1.77712
0.000 30.561 22.652 2.51148
0.000 31.544 22.777 2.68163
0.350 32.105 22.094 3.44242
0.000 30.264 22.246 3.22077
0.005 32.110 22.441 3.33510
0.430 29.427 22.473 3.74016
0.725 28.783 22.384 4.06463
2.760 30.152 22.939 3.70141
3.335 30.581 22.868 4.57958
3.785 29.448 22.646 3.97033
0.865 31.296 21.908 3.84619
0.550 33.168 23.332 3.01949
3.225 31.262 23.692 4.28083
7.330 28.606 22.636 4.63967
0.000 32.695 22.596 2.63738
0.000 34.834 24.378 2.28701
10.120 33.954 24.112 2.44247
3.520 31.233 23.840 2.11244
33.970 29.892 23.244 1.61475
1.205 31.069 23.474 1.29339
0.020 31.335 23.711 1.67206
20.530 31.585 23.832 1.49159
27.525 30.027 23.737 1.21724
4.800 28.435 22.880 1.38213
0.515 30.027 23.131 1.71724
11.840 30.215 23.126 3.14605
0.040 29.189 23.261 3.06738
0.220 31.315 22.478 3.41534
1.110 31.189 22.836 3.04245
1.135 30.578 23.520 3.03648
8.755 29.188 23.247 2.94880
3.645 28.675 22.935 2.19527
22.035 30.781 22.668 1.71518
5.400 29.546 22.481 2.23533
0.000 30.857 23.364 1.94600
6.055 30.458 23.374 2.30836
8.985 28.623 22.493 1.26711
5.435 26.882 22.659 1.38657
54.135 27.411 22.556 2.39344
0.310 27.989 22.473 2.37129
0.000 29.657 21.701 1.92353
0.000 30.141 22.464 1.67046
1.690 31.016 24.027 1.03624
10.015 30.168 23.037 1.14615
31.390 28.206 23.176 0.95386
29.950 29.284 23.403 2.98752
6.245 27.873 21.986 2.55210
14.740 27.899 22.485 2.74542
3.265 28.680 23.444 2.15644
8.495 28.052 23.530 1.91813
17.945 28.467 24.050 0.78666
57.365 27.376 22.677 1.09188
0.000 30.898 23.158 1.15531
0.000 29.303 23.075 1.05609
0.020 28.684 23.688 1.00067
3.260 27.341 22.359 0.97214
0.155 28.668 21.833 0.97966
0.000 29.779 21.978 1.28822
0.310 30.801 22.100 1.02826
1.120 30.629 23.119 1.01128
31.130 30.611 23.266 0.72997
13.165 28.973 23.678 1.12715
22.580 27.058 23.034 1.69221
9.485 28.188 22.168 0.59834
0.175 30.032 23.279 0.89884
0.000 30.891 23.243 0.90743
0.000 30.424 23.131 1.72581
0.000 30.016 22.253 2.44348
0.000 29.290 22.049 2.36784
1.290 29.735 22.684 2.17411
0.000 29.609 23.304 2.64025
16.010 29.623 22.113 3.02338
0.005 29.366 21.740 2.03704
0.000 29.386 22.289 1.23177
0.000 30.828 22.311 1.07141
0.000 31.417 22.735 1.37156
0.000 30.395 23.472 1.69630
0.000 28.923 21.989 1.48557
20.810 30.609 23.461 0.92020
3.915 28.870 23.203 0.83993
0.795 27.861 22.511 1.09174
0.450 28.227 23.360 1.63874
6.930 27.890 22.460 1.37421
0.000 29.701 22.388 1.57282
0.000 29.225 22.696 2.59351
0.000 28.866 20.885 3.03148
4.835 27.429 21.106 3.16965
0.300 28.924 19.626 3.69734
0.000 27.849 19.155 4.33890
0.000 27.240 18.654 3.54316
0.000 27.287 18.297 1.98732
0.035 28.728 19.553 0.95371
0.090 29.792 21.653 1.34883
41.240 29.767 22.531 1.86477
11.320 28.175 23.280 1.82042
9.380 27.448 16.906 3.55055
0.000 20.101 16.206 3.38185
0.000 26.492 16.378 1.93907
0.000 29.019 19.241 1.63238
0.000 30.105 20.795 1.44658
0.000 30.539 21.758 1.49673
0.000 29.799 19.228 2.06415
0.000 28.922 18.107 1.95429
0.000 28.448 18.748 2.07111
0.000 29.277 19.794 1.73812
0.000 29.520 20.672 1.67670
0.000 29.790 21.499 1.56863
0.000 29.973 22.388 1.35252
0.000 29.947 22.845 1.29933
0.500 28.141 21.052 2.22506
0.000 27.315 17.985 2.91089
0.000 27.131 18.170 2.03322
0.000 28.866 15.272 3.21957
0.000 25.814 15.531 2.74917
0.000 26.215 16.235 2.92686
0.000 27.296 16.622 3.10918
0.000 27.263 15.038 3.23674
0.000 25.930 15.306 3.33622
0.145 26.344 15.901 2.87058
0.215 27.334 18.312 2.86982
0.460 27.476 18.952 2.48098
0.000 25.820 18.458 2.81444
0.000 26.637 15.847 3.81104
0.000 27.157 16.210 2.74415
0.030 27.038 15.592 2.76609
0.115 27.292 15.229 2.36984
0.160 27.443 15.152 2.44484
0.000 27.571 15.830 1.96210
0.000 28.728 17.464 1.65506
0.000 29.510 18.225 1.89493
0.060 29.150 18.327 3.46612
0.115 22.218 14.788 4.94274
0.000 23.091 12.929 4.97737
0.000 24.497 13.084 2.92696
0.000 28.196 15.125 2.27528
0.000 29.787 17.587 1.95796
0.000 31.004 18.601 1.81514
0.000 31.282 18.650 2.13378
0.000 30.563 17.384 3.11919
0.000 29.369 17.754 2.68679
0.000 29.103 19.553 2.16300
0.000 31.108 19.634 2.06548
0.035 31.783 19.592 2.39120
0.000 28.630 13.436 4.28082
0.000 26.556 13.031 3.49298
0.000 26.405 13.130 4.02316
0.015 25.808 13.627 3.43350
0.000 27.856 16.490 3.54515
0.000 29.411 16.796 3.21766
0.000 28.981 18.484 3.09227
0.070 29.897 18.784 3.18364
0.220 29.154 19.118 2.28654
0.665 29.967 19.782 2.94529
0.000 24.277 19.351 1.90559
0.000 30.444 19.931 1.93051
0.135 29.789 21.186 1.81373
0.995 29.650 21.469 2.40112
0.355 29.465 21.022 1.84965
0.120 31.690 21.614 1.45949
0.000 31.785 20.751 1.59443
0.000 29.972 17.325 2.21023
0.000 30.633 17.840 2.29964
0.000 31.289 18.485 2.65508
0.000 29.971 18.840 2.49817
0.000 29.959 19.673 2.81549
0.010 30.758 19.767 2.42335
0.000 30.322 18.530 2.69316
0.000 31.812 16.957 3.40906
0.000 29.380 15.710 4.21165
0.000 29.014 15.681 4.45536
0.060 28.728 15.398 3.73337
0.000 29.101 15.828 3.16714
0.000 31.105 16.956 3.75549
0.000 30.109 16.734 3.38996
0.000 29.889 15.945 3.27703
0.000 29.706 16.518 1.95302
0.000 32.183 17.659 1.21031
0.000 32.469 17.230 2.73962
0.000 31.278 16.432 2.80149
0.000 31.986 17.670 3.32330
2.125 28.543 20.035 2.80343
1.615 29.290 18.427 2.11665
0.000 33.364 18.792 1.79439
0.000 33.823 16.796 1.91643
0.000 34.526 17.423 1.23384
0.000 35.007 17.129 1.22347
0.000 34.935 18.351 1.44700
0.000 32.686 15.933 3.65991
0.000 31.079 15.032 3.42963
0.000 30.339 13.400 4.51478
0.000 28.938 13.698 3.95711
0.000 29.602 14.215 3.48465
0.000 30.186 15.402 3.72016
0.000 30.522 16.267 3.14175
0.000 31.741 16.089 2.69075
0.000 33.034 16.592 2.91674
0.000 32.762 16.464 2.86490
0.000 33.695 18.058 1.47381
0.000 35.343 19.064 1.71806
0.000 36.132 20.624 1.84278
0.000 36.364 21.998 1.48058
0.000 37.482 23.269 1.22527
0.000 35.609 22.154 2.36590
0.000 29.740 18.910 2.24742
0.000 32.921 17.665 3.65309
0.000 32.409 17.777 3.55562
0.000 34.073 18.343 3.25749
0.000 34.848 17.665 4.05652
0.000 33.188 17.299 3.06918
0.000 34.821 18.504 1.63722
0.000 36.319 20.005 1.25246
0.000 36.928 22.065 1.70609
0.000 36.984 23.661 1.25318
0.000 36.457 24.298 1.32808
0.000 36.089 22.530 1.89054
0.185 33.590 22.198 1.61294
0.000 35.610 23.169 1.98126
0.000 37.150 24.023 2.08194
0.000 37.181 23.138 2.62952
0.000 38.295 22.142 2.18600
0.010 38.907 23.756 1.57447
4.215 38.096 25.735 1.33315
7.495 32.754 23.021 1.05334
0.075 34.177 22.482 1.76498
13.060 33.631 23.017 1.83848
15.970 33.560 23.319 1.67083
3.610 33.133 23.461 1.86326
1.020 32.797 22.379 1.55739
0.000 36.432 23.622 1.36756
1.130 36.985 25.305 1.09686
17.345 29.445 23.301 1.44767
1.365 30.933 23.480 1.76917
4.255 24.465 17.771 4.38826
0.000 25.701 18.255 2.88737
0.000 32.393 19.931 1.80053
0.015 33.927 22.627 1.61723
2.105 35.165 22.933 1.40077
31.570 31.187 18.642 2.26642
0.000 29.568 17.204 3.69148
0.295 32.289 18.336 2.58029
0.000 33.659 20.718 2.08081
1.720 34.126 22.103 1.76215
9.850 33.689 22.825 0.99865
0.085 36.158 23.191 1.54192
0.000 37.199 23.991 1.66901
0.000 37.382 25.059 1.56986
0.000 37.232 24.798 1.99534
0.020 38.294 25.010 2.90777
0.000 35.936 24.676 2.08513
0.960 38.106 25.073 2.17764
1.430 35.795 22.636 3.40718
0.000 34.858 23.452 2.17298
0.425 33.924 23.603 0.92133
0.000 37.659 23.881 2.39568
0.390 38.444 23.793 2.64676
0.435 35.859 25.026 2.47136
0.000 36.182 24.640 2.82864
0.000 37.702 24.105 3.16471
0.000 39.249 22.207 2.40974
0.000 40.119 23.492 1.69513
0.000 39.623 25.457 1.78345
8.540 37.976 25.254 1.42809
0.000 36.514 24.247 1.84389
0.020 37.747 25.358 1.33202
0.000 38.584 26.003 1.19859
18.835 31.590 23.283 2.45790
0.600 30.425 23.320 1.06768
0.125 35.495 24.664 1.41366
0.000 36.456 24.979 1.63154
0.025 34.959 25.488 1.95320
0.155 36.113 25.693 1.93570
43.865 33.212 24.773 1.24891
2.290 32.379 25.556 0.95130
3.345 32.723 24.406 0.93075
13.130 30.250 23.686 0.81312
0.000 34.544 23.896 0.94581
18.130 31.403 23.874 1.01435
2.640 31.075 23.822 1.38894
6.005 28.829 23.827 1.24744
0.010 31.577 24.839 1.02632
2.055 30.575 24.590 1.14072
17.845 30.848 23.544 1.28462
4.905 32.180 24.481 1.76684
26.025 32.133 24.267 1.50869
6.345 29.979 24.882 2.28281
7.375 29.287 24.284 2.74453
7.375 28.624 23.760 1.90708
0.000 31.208 24.015 2.08079
15.855 31.718 23.337 2.33425
7.710 31.404 23.739 2.23199
31.200 31.682 24.388 1.91170
20.750 31.569 25.055 1.19117
17.455 31.352 22.563 1.48969
0.000 28.607 21.175 2.31198
0.300 29.748 21.679 2.93910
2.095 27.439 21.301 1.81355
1.035 32.264 22.811 1.56994
3.045 32.269 23.989 1.65219
0.965 30.746 24.289 1.72275
2.260 31.162 24.611 2.20124
6.790 29.075 24.840 2.53434
8.870 30.933 24.825 3.75651
1.375 30.652 24.443 3.25321
0.125 32.039 23.925 2.65509
5.590 30.160 23.400 2.34974
1.650 28.892 23.651 2.28191
40.965 29.462 23.523 2.09510
7.130 29.966 24.047 2.50178
39.510 30.188 24.024 2.71187
4.270 29.905 23.562 3.15701
3.670 28.871 23.426 2.78801
10.730 29.974 23.236 2.23352
9.085 30.230 23.174 2.46910
0.295 30.322 22.813 2.32682
2.885 31.801 23.614 2.16900
3.520 29.004 23.793 1.87429
0.355 28.162 23.862 2.54461
0.180 29.635 23.087 2.31588
1.420 30.930 23.185 2.56777
1.870 31.305 23.991 2.75353
2.440 29.918 22.863 3.29924
0.000 30.371 23.521 2.41584
0.960 29.857 22.946 2.36008
20.490 29.405 23.798 2.11810
7.445 28.602 23.572 2.02956
6.855 29.114 23.929 1.76463
0.890 29.228 23.209 1.40289
9.910 29.103 23.535 1.18865
6.640 28.420 22.842 1.67642
13.215 30.386 23.219 2.24443
1.745 29.709 22.903 2.54577
5.050 30.517 23.174 2.84254
8.085 28.027 22.500 2.56802
0.900 28.553 22.281 2.55236
0.080 30.520 23.370 2.41159
0.545 29.431 23.357 2.43530
1.430 28.607 23.327 1.99006
2.925 29.182 23.138 2.00272
2.740 28.006 22.731 2.30331
48.320 28.906 22.556 2.03132
0.600 29.303 22.842 2.25124
0.030 28.674 22.685 2.50590
0.020 30.034 23.242 2.41304
1.535 27.820 21.807 2.94120
13.615 27.101 22.092 3.61644
5.150 27.847 21.850 3.91644
5.890 30.359 23.230 2.73587
8.730 28.674 22.837 2.81051
0.605 26.990 22.348 2.57098
2.140 28.293 22.276 2.43622
0.000 28.085 22.619 2.46001
2.770 27.366 22.773 2.51781
2.560 28.797 23.291 3.50072
31.785 28.296 22.602 4.17714
64.220 26.669 22.872 6.69098
11.825 26.180 22.802 3.89820
15.825 28.088 23.034 2.88918
2.250 30.067 23.590 2.98611
0.180 30.183 23.549 2.92308
0.000 29.550 23.863 3.04649
0.000 31.007 23.749 2.95704
0.270 31.001 23.255 3.40710
0.070 29.782 22.462 3.20815
4.170 30.458 22.578 3.03872
15.340 30.287 23.421 2.64926
13.480 28.212 23.185 1.84895
0.470 28.758 22.855 1.73516
2.320 29.418 23.439 2.06091
3.410 28.565 23.252 1.93719
0.020 30.935 22.998 2.53235
0.000 28.285 22.982 2.49713
0.000 30.966 23.867 1.97607
0.000 28.894 23.542 1.98735
10.695 29.602 23.434 2.56691
8.070 28.505 23.211 1.67461
32.045 28.849 22.685 1.18590
11.850 29.694 23.124 1.56930
44.710 28.709 23.340 1.56693
5.230 30.215 23.085 1.46409
14.135 28.597 23.029 1.43954
0.000 30.134 23.330 1.86244
1.130 30.582 23.886 2.21912
0.015 29.971 23.665 2.77443
7.230 29.392 23.129 2.71551
12.435 30.169 22.831 2.10883
0.500 29.428 22.937 1.23923
7.205 28.998 23.160 1.56840
15.720 29.409 22.750 1.56663
17.115 27.078 21.813 1.79615
4.755 30.447 22.874 1.46824
0.000 30.389 22.949 1.52482
0.000 29.875 23.619 2.23010
0.000 29.353 23.580 1.87953
2.125 29.646 23.457 1.74149
5.560 29.270 23.400 1.36744
8.610 29.770 23.604 1.33593
10.010 30.170 23.990 1.33354
8.770 28.876 23.754 0.92160
0.155 30.049 23.956 0.72877
0.160 31.206 23.200 1.21738
4.265 30.657 24.038 0.98325
2.835 31.933 24.273 0.91425
0.100 30.712 23.143 1.09150
0.000 32.013 24.281 1.09393
8.570 30.588 24.354 1.31108
63.310 28.015 23.059 2.63311
1.950 28.433 23.134 2.10552
4.825 28.527 23.084 1.69160
0.000 29.142 22.359 2.13819
1.310 31.929 23.864 1.40217
18.465 29.568 23.711 0.98826
1.105 31.228 23.288 1.32165
15.865 29.496 23.867 0.93913
4.415 29.300 22.444 1.41687
0.375 30.139 22.984 1.67938
17.910 28.575 22.988 1.00555
0.000 28.743 23.846 1.67429
0.525 29.093 23.255 1.31275
8.640 30.181 23.285 1.17014
0.000 28.631 23.121 1.24083
4.245 28.457 23.154 1.14461
0.365 28.206 23.100 0.99075
22.285 28.280 23.453 1.05215
28.935 28.634 22.516 2.23543
25.205 28.143 22.405 2.40592
0.560 26.645 21.732 0.99502
9.245 29.866 22.335 0.95255
5.330 27.683 23.134 1.53938
0.000 27.140 23.094 2.24014
5.400 29.441 22.668 2.10976
30.320 30.950 23.559 1.20893
5.485 28.961 23.713 1.44374
11.925 29.047 23.303 1.18093
0.660 29.878 22.924 1.93030
0.000 29.600 22.943 1.57883
14.380 30.227 23.877 0.95742
9.265 26.674 20.247 1.90179
0.895 22.929 20.006 2.66899
1.245 27.107 20.266 1.56181
0.615 29.600 21.983 1.30402
0.000 29.320 22.516 0.94125
8.705 30.896 22.489 1.27498
0.000 30.191 21.702 1.74072
0.000 29.008 20.642 2.81632
0.000 26.233 20.547 3.08373
0.000 28.027 21.207 2.48020
0.000 28.605 20.484 2.28370
0.000 28.334 19.548 2.48405
0.000 28.220 19.516 3.00815
0.000 28.035 18.460 3.69160
0.000 26.259 17.356 4.26366
0.000 25.808 17.584 3.13288
0.080 25.969 18.876 2.61731
0.000 27.179 17.543 2.73674
0.555 26.464 17.580 3.84724
7.605 25.866 17.910 5.34439
4.785 21.345 16.228 4.97995
0.290 24.773 16.441 3.14096
0.040 26.267 18.116 3.35028
0.000 27.067 18.912 3.05891
0.000 27.549 20.384 2.58537
0.000 28.862 21.378 2.77532
0.000 28.960 20.515 2.34731
0.060 29.275 20.716 1.78882
0.000 29.154 19.898 1.58247
0.000 29.424 21.082 1.94770
1.720 29.618 22.118 1.88932
0.000 29.203 23.015 1.28537
0.000 31.243 23.303 0.66020
0.100 31.877 22.017 1.50438
0.485 28.175 19.826 3.40203
0.065 25.708 17.535 4.22211
0.000 24.653 17.758 3.22051
0.000 27.018 17.052 3.45046
0.000 24.817 14.657 4.30011
0.100 24.067 14.222 3.99947
0.000 24.322 14.440 3.20220
0.000 24.549 15.751 3.08352
0.000 26.174 16.395 2.47187
0.585 27.228 18.833 2.56290
0.000 29.045 20.758 2.71509
0.000 27.226 20.174 2.92042
0.920 28.911 17.788 3.79937
0.000 27.681 17.571 3.18213
0.000 28.672 17.965 2.94443
0.000 28.711 17.490 3.70271
0.000 26.182 16.198 3.91193
0.000 26.532 16.449 2.04780
0.000 29.338 19.178 2.26731
0.000 28.603 15.865 3.96097
0.000 26.289 16.104 2.52840
0.000 28.679 17.572 1.57339
0.000 28.709 18.599 1.82686
0.000 28.885 19.226 1.04544
0.000 30.002 20.710 0.90749
0.000 30.956 20.235 1.15907
0.000 29.366 17.830 2.87838
0.000 27.940 13.918 4.89561
0.000 23.753 10.451 4.49419
0.000 22.009 8.183 4.30201
0.000 20.847 7.426 4.44492
0.000 20.405 7.488 4.33754
0.000 23.150 7.885 3.58202
0.000 25.671 13.027 2.30975
0.000 28.791 15.463 2.48250
0.110 28.414 14.158 4.40484
1.725 25.169 14.414 3.41207
6.875 20.014 14.638 3.70431
1.280 23.197 14.766 3.58613
2.005 24.891 15.916 3.47718
0.000 28.920 16.915 3.08044
0.000 29.460 16.840 4.16900
0.000 27.704 14.869 4.07737
0.410 27.137 15.097 2.75280
0.090 27.920 16.846 2.76857
0.105 29.587 18.236 2.45318
0.000 30.016 18.846 1.87712
0.000 31.157 19.658 1.71130
0.450 30.547 20.560 0.98255
0.300 29.110 21.425 1.15583
0.000 30.450 18.615 1.73775
0.000 25.676 13.943 3.86042
0.000 21.719 12.301 4.99620
0.000 24.276 12.399 4.81700
0.000 21.842 11.257 4.07529
0.000 25.142 11.596 3.39063
0.000 26.781 13.382 2.72811
0.360 27.141 15.032 1.88370
0.000 28.937 16.012 1.58472
0.000 29.643 16.507 1.83119
0.000 30.449 16.407 1.97946
0.000 30.234 17.337 2.51900
0.000 31.058 18.816 2.17717
0.000 31.718 19.714 1.70130
0.000 31.694 19.093 2.00679
0.000 31.861 17.453 1.51595
0.000 31.894 18.357 1.01794
0.000 31.437 19.822 0.98884
0.290 33.232 20.827 1.45055
0.445 30.723 22.218 1.36909
0.000 31.628 22.434 1.08143
0.000 31.991 16.800 2.30214
0.000 26.892 16.760 2.32978
0.000 29.347 13.289 4.11164
0.000 23.677 13.433 2.75981
0.000 29.078 12.264 4.09043
0.000 25.903 11.926 3.84477
0.000 26.795 12.202 3.43371
0.000 27.054 10.214 3.63260
0.000 25.250 10.802 2.45756
0.000 27.767 12.549 1.62277
0.000 28.384 14.394 1.51242
0.000 30.386 15.749 1.32684
0.000 32.231 18.873 1.13215
0.000 31.941 16.188 3.22352
0.000 30.312 13.885 4.13097
0.000 29.345 14.750 2.48959
0.000 32.599 17.222 1.03084
0.000 34.008 19.840 1.57088
0.000 34.896 21.278 1.43467
0.000 35.414 22.553 1.05200
0.000 33.782 22.644 1.44473
0.610 34.104 23.411 1.37152
1.320 32.373 23.086 0.88871
12.420 31.296 22.813 1.22374
0.560 32.478 20.051 2.13285
0.085 31.764 20.398 2.44662
0.010 31.820 21.747 1.45825
0.295 32.637 21.073 2.22156
0.060 33.753 21.446 2.28115
0.490 31.556 22.161 0.92951
0.000 33.336 22.884 1.00031
0.000 34.135 22.313 1.55137
0.000 34.429 22.261 1.98844
0.000 35.162 22.610 2.51422
0.000 35.527 21.732 2.02988
0.000 38.462 23.351 1.25707
0.145 36.579 24.972 1.32354
30.505 33.977 24.506 1.00520
0.060 31.993 17.273 3.77627
0.000 30.767 16.742 4.48147
0.000 30.811 17.208 2.94596
0.000 33.027 18.560 2.51641
0.000 34.104 20.150 1.58549
0.975 34.249 22.409 1.21174
0.000 33.780 21.249 2.12096
0.000 34.410 21.907 1.57314
0.000 35.073 21.531 1.56038
0.000 36.363 22.802 1.42486
0.000 36.170 23.182 1.78495
0.000 36.104 22.978 2.33289
0.000 36.606 22.161 2.41771
0.000 34.318 19.608 3.69121
0.000 33.178 19.784 3.06555
0.000 31.972 20.310 2.51000
0.000 34.331 21.440 1.74623
0.000 36.366 22.945 1.47612
0.000 33.523 22.126 2.29532
0.000 35.060 22.383 2.27597
0.000 34.428 23.130 1.60061
0.040 34.378 23.084 1.60928
0.115 36.130 23.776 1.56487
0.000 32.624 22.515 2.01716
0.000 32.393 22.461 1.69767
0.305 33.608 22.988 1.37921
0.000 33.614 23.955 0.92626
3.200 33.896 24.780 1.14882
2.540 29.788 23.678 1.27587
35.475 31.353 17.454 3.58723
0.065 26.378 15.165 5.89360
0.000 27.570 15.832 2.79309
0.000 33.670 19.567 1.59385
0.000 36.859 21.940 1.15647
0.000 38.215 23.095 1.67642
0.000 37.510 23.697 2.35528
0.000 38.573 24.335 2.19697
0.000 39.443 25.614 2.11454
18.875 37.470 24.297 1.94787
0.740 33.830 24.303 2.13199
10.755 27.586 20.778 2.27713
0.000 33.414 22.552 1.14081
0.000 35.974 23.816 1.29456
0.000 36.128 23.750 1.24357
0.000 37.729 23.918 1.59175
0.000 38.218 23.996 2.12952
0.000 38.832 24.759 2.49137
0.000 39.366 25.627 2.37159
1.335 34.884 25.029 1.89749
0.725 28.147 23.598 1.37954
18.605 31.503 24.244 0.77152
21.125 27.841 22.629 1.08143
13.755 30.111 22.936 1.22089
15.240 31.529 22.846 1.63506
14.510 30.663 23.010 1.36739
5.690 32.480 23.738 1.36186
15.520 32.844 23.941 1.01600
2.955 30.212 23.990 0.91084
0.955 31.115 24.217 1.24065
6.020 30.946 24.445 1.98523
0.105 31.340 24.360 2.28994
0.000 30.663 24.103 1.61961
0.870 32.248 24.732 1.27731
12.850 30.874 23.614 1.06245
0.405 32.657 23.479 0.72639
0.055 30.412 23.512 0.92094
18.320 30.847 23.616 0.83738
3.050 31.818 23.704 1.04849
4.180 31.679 24.040 1.24706
0.000 33.374 23.340 1.54946
16.030 32.643 24.194 1.44671
16.850 31.091 23.734 0.90571
0.420 30.446 24.541 0.92544
13.130 32.000 24.061 1.10253
7.310 32.696 24.134 0.85079
0.260 31.081 23.716 0.64143
0.490 31.530 23.237 0.99905
31.175 30.160 23.214 1.38562
0.225 28.472 22.891 1.92741
13.000 28.902 23.257 1.69306
1.045 31.727 23.187 1.17908
0.880 30.547 23.600 0.99870
4.050 29.586 24.045 1.18433
0.755 31.342 23.770 1.08669
3.000 31.165 24.162 0.79279
0.560 29.953 23.338 0.98279
0.270 32.012 24.064 1.28115
1.760 30.966 23.920 1.71839
16.670 29.338 23.234 1.86556
23.025 31.766 23.726 2.22019
1.345 29.122 23.817 2.82250
0.765 31.174 23.103 3.08407
0.000 30.344 23.045 3.69760
0.180 29.183 23.227 3.46147
1.265 31.402 22.733 3.44297
3.825 33.289 23.139 4.20023
0.415 30.999 23.084 4.05059
0.000 31.565 22.630 3.40984
0.705 31.574 22.966 3.04532
0.215 30.964 23.019 3.63403
0.060 29.568 23.053 3.60296
0.965 30.698 22.701 2.60895
2.905 29.783 22.453 2.44400
0.000 32.482 23.563 3.16772
1.120 31.791 23.546 2.57803
0.600 31.870 23.520 2.92143
0.035 32.304 23.948 2.57752
6.365 31.044 23.442 2.59856
1.640 29.342 22.700 2.85936
23.435 30.741 23.151 2.19559
30.615 28.085 22.732 1.77470
21.525 28.066 22.931 1.38526
1.795 29.535 22.584 1.19672
0.000 29.293 22.648 2.02232
0.000 30.384 23.264 2.53911
0.000 30.378 23.388 2.47202
0.000 30.057 22.185 3.40985
0.000 30.805 22.318 3.22991
0.000 31.370 22.791 3.24617
0.000 32.260 23.531 3.12372
0.000 29.812 24.013 3.15498
0.000 28.094 22.682 3.22011
2.325 27.668 22.313 2.77706
0.045 31.398 22.788 2.84700
1.195 27.423 22.774 2.66142
0.625 28.702 22.699 3.50544
0.220 28.716 22.938 2.82230
0.910 28.181 22.815 3.25683
5.460 29.488 22.606 3.16303
6.780 28.228 22.349 3.79579
50.860 26.451 21.302 4.41455
17.730 27.026 22.188 3.92701
3.675 27.723 22.470 4.01223
1.320 28.599 22.814 3.44666
0.530 29.316 23.730 3.69760
10.800 30.110 24.080 3.67255
8.305 29.410 23.596 3.69364
1.300 30.756 23.069 3.47987
5.800 30.803 22.583 3.63050
7.685 27.902 21.784 3.38009
2.920 28.631 21.211 3.00083
36.265 27.223 22.111 2.86708
6.340 29.548 23.066 2.76330
13.635 30.273 23.292 2.86408
4.980 28.655 22.909 2.47242
2.030 28.236 21.707 3.23688
0.005 30.288 22.475 3.22485
0.920 28.876 22.078 3.88948
1.395 28.722 21.534 3.58403
0.145 29.794 22.106 2.83108
0.435 29.869 22.021 2.54486
1.670 27.408 22.454 1.83590
12.970 29.949 22.653 2.47925
0.445 29.552 22.171 3.08570
7.250 28.321 22.312 2.36393
2.595 28.987 22.002 3.17197
1.125 29.221 21.999 3.63993
3.385 27.475 21.933 3.22366
7.275 28.482 22.674 3.47207
18.825 28.190 22.881 3.46429
0.110 29.472 22.206 3.68120
0.505 30.468 22.849 4.20086
4.005 28.167 22.297 3.58120
0.720 30.402 22.045 3.07896
0.655 30.399 22.875 2.31691
3.125 31.001 22.759 2.49018
1.230 30.423 23.490 2.37100
0.785 29.628 23.309 2.93273
18.630 30.524 23.784 2.80137
3.500 28.981 23.302 2.59453
28.870 27.973 22.571 3.15798
22.100 27.278 21.830 3.15889
1.085 29.666 22.398 3.42468
3.675 27.995 22.125 3.20936
6.265 28.653 20.893 4.05110
1.080 27.995 21.441 3.28370
2.580 29.981 22.692 3.01188
0.035 29.445 22.744 2.76645
4.430 29.312 23.148 2.09275
23.145 28.255 22.752 2.16774
4.400 27.959 22.106 2.28645
0.000 28.435 21.539 2.44069
0.000 30.813 22.321 2.61580
8.885 30.285 23.362 1.52011
26.385 29.339 23.247 1.25824
10.300 27.433 22.538 1.52123
0.045 29.680 22.849 0.91424
2.425 30.261 23.635 1.32963
17.250 28.491 22.712 2.15063
35.555 29.464 23.333 1.42076
11.225 29.310 22.584 1.77450
0.000 28.104 23.487 1.66805
0.000 31.463 23.605 1.57635
0.030 27.939 22.839 1.93965
12.150 29.287 23.036 1.45590
3.035 27.103 22.314 0.88314
0.000 27.252 21.993 1.45108
0.000 30.991 21.476 1.60063
0.000 29.996 22.600 1.58450
0.000 28.294 23.182 1.07688
2.350 30.372 21.665 0.99628
0.000 30.762 21.908 1.62665
0.240 31.480 22.569 1.52497
0.000 32.056 23.682 1.23085
5.090 31.512 24.081 1.35113
8.285 30.444 24.089 2.03254
0.000 30.716 23.249 1.96394
2.750 29.308 22.581 2.17241
0.000 29.633 22.599 2.20123
0.000 30.223 21.310 2.61150
0.000 30.199 21.417 2.75104
0.000 29.897 20.861 2.26929
0.000 30.429 19.856 1.89626
0.000 30.838 20.565 1.97913
0.000 31.273 21.077 1.48223
0.000 31.388 22.100 1.65702
0.000 31.538 21.078 2.58230
0.000 30.542 21.351 2.82263
0.000 30.508 21.891 2.74722
0.000 30.628 21.753 1.62396
0.000 32.479 23.425 1.30345
0.000 31.261 23.491 0.80477
2.280 31.090 23.062 1.13611
1.920 30.043 23.073 1.45701
19.090 30.889 23.126 0.93807
0.560 28.941 23.546 1.61043
24.705 27.704 22.748 1.82297
14.175 28.639 21.976 1.52143
4.360 28.887 22.636 1.10662
14.060 30.179 22.518 1.10148
0.000 29.602 23.077 1.14394
0.000 28.300 22.527 1.09594
0.000 30.211 21.351 2.18696
0.000 30.136 22.132 2.78194
0.000 29.858 21.439 2.83582
0.000 30.237 20.603 2.74488
0.000 29.366 17.646 3.21298
0.000 28.421 15.682 2.87741
0.000 28.192 14.196 2.50835
0.000 28.435 15.388 2.12696
0.000 29.458 16.680 1.77976
0.000 30.284 17.504 1.55754
0.000 30.601 18.893 2.47122
0.300 31.021 20.129 3.07964
1.075 31.822 21.465 3.07923
5.240 29.761 20.653 3.25245
5.190 28.121 20.823 2.54396
0.000 29.246 21.926 1.93149
0.000 30.605 20.746 1.80428
0.000 31.280 21.357 1.56002
0.860 30.440 22.242 1.75455
0.000 28.649 21.838 1.38044
0.000 33.341 22.410 1.19139
0.000 31.679 23.040 1.16605
2.895 31.700 23.673 1.01702
0.215 30.339 22.590 1.19918
0.000 30.973 22.488 1.30185
0.000 33.277 21.639 1.23962
0.200 33.877 21.416 1.63106
0.000 31.600 18.554 4.08351
0.000 30.455 18.026 3.10944
0.000 31.243 18.594 2.38213
0.000 31.297 18.689 2.87833
0.000 30.434 19.402 2.96898
0.000 24.309 18.346 2.62552
0.000 26.713 18.881 2.42858
0.000 29.874 19.476 2.76085
0.000 30.385 20.359 2.66039
0.000 32.507 21.459 1.84666
0.000 32.909 21.063 1.86894
0.000 34.316 21.866 2.25482
0.000 33.880 21.062 2.50019
0.000 34.151 21.377 1.66743
0.000 34.371 21.874 2.21952
0.130 32.809 22.295 1.84760
9.870 28.561 17.909 3.11773
0.305 28.651 17.787 3.86701
0.010 30.260 17.967 3.26310
1.575 30.662 16.198 3.92134
0.005 24.611 14.687 4.78607
0.000 27.444 14.808 4.37355
0.000 29.654 15.782 3.99437
0.000 29.146 16.521 3.47241
0.000 31.604 15.953 3.82229
0.000 30.030 15.845 3.57322
0.000 30.320 16.131 2.51532
0.000 31.635 17.789 1.56071
0.000 33.367 18.650 1.15000
0.000 34.442 20.780 1.11821
0.000 33.617 21.380 2.23309
0.000 33.526 20.483 2.96710
0.000 32.464 18.459 2.38499
0.000 32.294 18.141 1.62132
0.000 33.121 18.096 1.40634
0.000 32.657 18.726 2.06179
0.655 31.686 19.718 3.53251
0.000 28.439 16.245 4.92526
0.000 28.096 14.290 4.71270
0.000 26.670 14.237 4.47929
0.000 27.862 13.021 4.28785
0.000 28.048 13.254 4.03910
0.070 24.484 15.691 3.29594
0.195 25.159 17.345 2.86452
0.165 27.248 19.198 2.97750
0.000 32.541 20.050 2.68169
0.000 32.216 20.449 2.40317
0.000 32.936 20.901 2.01508
0.000 32.255 20.569 2.03274
0.000 32.851 21.019 2.06364
0.005 32.842 22.247 2.18389
0.000 34.257 20.641 2.70628
0.000 33.980 20.095 2.62966
0.000 32.460 20.691 2.36070
0.000 31.655 20.574 2.49937
0.000 30.711 17.196 3.25816
0.000 31.168 16.472 4.21363
0.000 27.634 16.787 3.20284
0.040 31.043 19.077 2.19855
0.000 33.469 20.128 2.59967
0.000 33.289 17.504 3.86744
0.000 30.965 16.062 3.60512
0.000 31.148 16.445 2.65513
0.000 32.158 16.657 1.95535
0.000 33.337 16.840 2.47050
0.000 30.995 16.342 3.65494
0.000 30.283 15.516 2.95298
0.000 30.970 16.305 2.46078
0.000 32.118 17.576 2.09281
0.000 33.346 18.995 1.76858
0.000 34.184 19.479 2.61535
0.000 32.071 18.260 2.64085
0.000 33.635 19.492 1.62912
0.000 35.810 21.147 0.73114
0.000 36.573 21.489 1.26061
0.000 37.013 22.191 0.83244
0.000 36.333 22.194 1.88520
0.000 36.791 21.779 1.42110
0.000 37.472 22.234 1.38535
0.000 38.497 22.160 1.37554
0.000 37.819 22.951 0.99828
3.470 33.727 22.814 2.33600
0.000 34.953 22.065 2.41737
0.000 35.883 22.255 1.77002
0.000 36.180 22.108 1.78258
0.000 35.531 22.970 1.48255
0.000 35.264 22.560 1.61880
9.010 32.590 21.793 2.13541
0.000 33.628 20.968 2.11915
0.000 35.417 22.239 1.77994
0.000 35.699 22.529 1.22985
0.000 36.672 22.684 1.32973
0.000 36.957 23.050 1.80293
0.000 37.340 22.894 2.42809
0.000 37.254 23.015 1.28779
4.675 36.796 24.267 1.23062
0.000 35.132 23.611 1.27284
0.000 35.128 23.514 1.74442
0.000 36.260 24.343 1.39910
0.000 37.179 25.080 1.35320
0.000 37.145 24.062 2.22055
0.000 36.730 24.085 2.18158
0.000 37.484 23.263 3.27306
0.000 37.598 22.666 3.23329
0.000 38.199 21.611 2.40906
0.000 38.380 22.827 2.41638
0.000 38.759 22.089 2.62975
0.000 37.832 21.416 3.43882
0.000 37.661 21.747 2.77126
0.000 38.169 20.165 2.14790
0.000 38.672 19.921 2.13099
0.000 38.486 20.729 2.23540
0.000 39.165 22.741 1.55200
0.000 38.597 24.577 1.86446
0.000 36.229 24.837 1.76488
0.000 38.236 26.208 1.12321
19.789 38.502 25.654 1.40126
0.000 37.225 25.248 1.87476
0.000 38.551 24.203 2.48795
0.000 38.258 24.757 2.35831
0.000 39.718 24.100 2.25333
0.000 40.735 25.707 1.72870
1.105 36.844 25.816 2.74704
0.000 33.334 24.658 2.15147
0.000 36.475 25.491 1.28913
1.935 34.669 25.549 1.27711
0.000 33.811 24.614 1.38044
0.000 32.566 22.165 2.06922
0.000 37.154 23.852 1.65084
3.445 36.598 24.310 1.59075
4.145 31.974 24.485 1.02506
0.000 33.751 24.996 1.08284
0.025 33.817 23.894 0.97615
0.000 35.038 24.768 0.94691
14.125 34.844 24.752 1.11551
0.000 36.246 25.026 0.89145
6.560 35.603 24.189 1.61076
0.000 36.297 24.091 1.56198
0.000 38.374 24.904 1.90951
0.000 38.965 25.382 1.94034
0.000 40.283 26.088 2.48726
0.000 39.582 26.724 2.37814
0.000 39.661 25.897 2.27601
0.000 40.761 26.898 1.99084
1.415 38.123 26.611 1.98538
0.000 39.821 27.426 1.23920
0.000 40.507 27.906 2.06894
0.510 42.481 26.263 2.72135
0.000 39.802 26.786 3.10463
0.000 41.179 26.128 2.76676
1.490 42.445 27.973 2.61505
22.485 34.449 25.329 1.33882
0.000 35.630 25.560 0.69793
0.000 40.028 25.850 0.93634
1.405 40.417 26.660 1.55743
8.970 38.276 26.182 1.38561
0.000 38.338 26.214 1.58375
0.000 38.966 25.619 2.22774
0.000 40.220 25.972 1.93740
0.000 38.040 26.259 2.87346
0.000 40.765 27.227 2.52043
0.595 40.405 27.097 2.17565
0.000 38.340 26.914 2.40728
3.670 36.177 24.893 2.25374
0.040 31.421 25.626 1.76371
3.605 32.417 25.884 1.76295
0.000 36.665 26.843 1.60605
12.660 32.835 25.051 1.94975
16.765 30.400 24.971 1.25462
1.145 31.248 24.562 1.05012
0.000 32.741 25.346 1.05317
1.590 34.418 25.289 1.10454
29.160 31.380 24.777 0.91325
5.780 30.476 23.511 1.49659
2.105 33.573 24.724 2.35114
8.150 32.160 23.939 2.32712
0.000 33.574 24.130 2.29956
0.000 37.202 24.509 2.72255
0.000 38.209 25.408 2.47620
0.435 36.450 26.407 2.48620
10.345 31.785 25.262 1.40090
2.150 34.367 24.533 1.04567
29.075 33.795 23.930 1.42383
0.000 31.821 24.676 1.76698
0.880 33.554 25.277 1.69352
0.175 31.101 24.651 2.38843
6.630 30.331 24.278 1.55558
5.045 30.602 24.032 1.35900
8.055 31.366 23.410 1.97557
1.135 32.444 23.571 1.99132
2.430 33.015 24.290 2.26832
1.810 33.768 23.926 2.34828
24.250 34.456 23.656 1.77226
0.750 35.460 25.054 1.61886
6.470 33.078 25.189 1.26079
16.340 33.374 24.339 1.53124
0.000 32.943 24.837 0.85089
0.190 29.882 24.865 1.14655
0.000 31.383 24.258 1.46689
0.000 33.299 24.254 2.39382
0.955 34.523 24.681 3.10020
0.000 32.078 24.846 3.00001
0.065 34.436 24.922 3.12490
0.215 34.761 24.935 2.79950
0.565 32.623 25.278 2.74748
6.330 33.177 24.804 2.61442
1.680 32.750 24.870 2.57365
0.015 30.723 24.390 2.94657
0.000 30.825 24.165 2.53141
0.000 33.941 24.136 2.69094
0.000 35.977 25.394 2.63917
0.000 36.229 25.176 1.94441
0.000 39.112 26.593 1.99001
4.460 32.101 24.649 1.82376
26.520 33.741 24.160 1.72658
0.090 31.393 24.512 2.00091
0.020 31.692 24.650 3.02182
0.000 30.829 24.018 4.00362
0.000 32.647 23.667 3.96873
0.410 34.010 24.010 3.77664
0.000 33.637 23.606 3.45741
3.200 32.559 22.810 3.84930
17.130 31.738 22.841 4.54858
34.120 25.070 22.067 4.28587
1.305 28.512 22.123 4.15112
0.460 30.948 22.676 3.29278
0.000 30.900 23.572 3.51472
0.045 32.447 23.036 3.29604
0.000 31.839 22.943 3.19080
0.730 32.681 22.277 3.48100
0.250 31.406 23.234 2.84289
0.075 32.760 24.054 2.33477
0.000 31.688 23.606 2.33640
0.000 31.144 23.575 2.52178
3.905 31.409 23.476 2.75253
0.000 34.514 23.115 2.73352
0.065 33.245 24.428 2.30221
0.000 32.494 24.989 2.44540
0.000 32.686 24.904 2.16956
0.000 30.610 24.359 2.30132
5.000 33.214 24.812 2.03711
0.000 30.921 24.454 2.15894
1.650 32.527 24.342 2.31939
3.650 33.468 23.777 2.45559
1.610 33.421 23.462 2.84637
15.235 32.002 22.920 2.68353
2.310 30.037 22.407 2.64204
0.000 33.026 23.169 2.69285
0.000 30.432 23.601 2.48860
0.540 34.302 23.612 3.13769
8.390 32.013 22.080 4.04293
4.795 30.369 22.108 3.36504
3.970 28.018 22.037 4.98981
6.475 32.499 21.914 4.81403
1.060 29.509 22.162 5.06416
0.350 30.258 22.819 4.23414
0.000 32.514 23.706 3.38209
0.000 30.668 23.411 3.14134
0.105 34.432 23.988 3.94085
0.000 32.579 24.432 4.07602
0.855 29.582 24.142 2.93797
1.800 30.538 23.241 2.76299
0.040 29.565 23.873 2.38898
0.220 32.691 23.920 2.48696
8.935 29.869 23.871 2.46531
0.000 29.211 23.753 2.38017
0.560 31.864 24.433 2.66435
2.040 33.056 24.536 3.22019
11.725 28.519 23.881 3.04067
0.000 32.318 24.024 2.76240
0.640 31.804 24.224 2.70687
1.890 30.065 23.698 2.45798
0.925 32.376 22.905 2.57794
4.725 33.051 23.570 2.52883
5.995 31.308 23.891 2.56449
4.080 29.437 23.352 2.70924
0.280 29.186 23.108 2.81062
4.815 30.168 23.461 2.68106
0.415 28.438 23.109 1.98304
1.745 30.504 23.191 1.74765
87.045 28.554 23.506 2.98095
80.305 27.190 23.133 5.96495
5.490 29.237 22.734 2.89297
12.905 30.050 23.454 2.62367
39.405 27.248 22.874 2.75377
23.855 27.034 23.118 2.86512
3.445 28.905 22.883 3.29572
10.350 28.149 23.088 2.19501
0.250 29.363 23.268 2.30748
0.000 28.218 22.824 2.72080
0.475 29.410 22.666 3.42463
1.275 30.187 23.081 2.65598
13.775 28.225 22.904 2.11854
1.415 28.157 22.419 1.71291
0.315 30.479 22.643 2.10206
10.240 31.178 23.828 1.39725
0.000 31.371 23.246 1.35626
0.085 31.512 23.016 1.47359
0.000 31.351 22.886 1.45754
0.000 32.395 23.757 1.26950
0.000 31.872 23.465 2.12720
65.404 30.150 22.918 1.90284
7.945 28.509 23.116 2.25473
2.460 29.327 22.586 3.25799
0.000 29.030 21.553 3.24870
0.000 27.599 21.073 3.23271
0.000 29.273 21.074 2.76503
0.000 29.816 22.153 2.61709
0.000 30.212 20.855 2.79187
0.000 30.130 21.349 2.39107
0.000 29.916 20.832 2.06566
0.030 31.031 21.042 1.59096
0.000 32.051 22.598 0.88868
4.120 33.198 23.669 0.64858
0.000 31.389 23.262 0.94772
0.000 32.020 23.691 0.75674
11.685 30.861 22.876 0.95667
3.525 28.626 21.408 1.14303
1.650 29.448 21.820 1.55211
0.350 29.653 22.051 1.67081
0.195 28.952 22.534 1.51862
1.895 30.096 22.815 1.31869
0.210 30.397 22.820 1.04420
9.095 31.483 22.832 0.59096
5.320 31.488 21.988 1.07488
0.000 30.533 21.039 2.22534
0.000 30.396 21.923 2.82384
3.985 29.549 22.531 3.00307
1.795 29.855 22.556 3.17861
0.000 29.187 20.665 2.82673
0.000 30.545 20.693 2.99288
0.000 29.923 21.322 2.85805
0.000 30.398 21.735 2.46934
0.000 30.967 20.819 1.83668
0.000 32.202 22.352 0.97913
0.000 33.528 22.937 0.69883
0.780 33.328 24.092 1.21569
0.000 30.807 22.215 2.23654
0.000 31.559 22.723 2.55759
0.000 31.716 21.715 2.14519
0.000 31.889 21.561 2.81444
0.000 30.303 19.286 2.99266
0.000 27.672 18.736 2.83449
9.185 27.194 19.006 3.23942
3.220 28.301 19.349 3.66613
0.000 30.138 21.487 2.19439
0.000 30.534 20.964 2.54421
0.000 30.850 20.103 2.84647
0.000 31.041 20.067 2.11641
0.000 31.373 20.787 1.33668
0.000 30.208 20.934 2.64584
0.000 30.578 18.852 3.04081
2.945 29.410 18.134 2.52654
0.000 29.574 16.113 2.50002
0.000 30.662 17.360 2.14783
0.000 31.534 21.022 1.88397
0.000 29.232 21.489 4.00475
0.000 31.007 18.246 4.40098
0.000 31.444 18.648 2.41182
0.000 32.485 20.308 1.19055
0.000 33.744 20.590 0.85860
0.000 33.442 21.026 2.60516
0.000 31.782 19.066 4.07261
0.000 31.034 19.096 3.76312
0.000 31.079 18.724 3.52458
0.000 30.895 17.465 2.37397
0.000 31.844 17.260 1.87408
0.000 32.370 18.343 2.40012
0.000 32.296 17.873 3.34380
0.000 31.992 18.707 3.59290
0.000 33.348 21.393 4.11735
0.000 33.112 19.208 4.96572
0.000 31.484 19.417 3.63754
0.000 33.142 19.963 2.99361
0.000 32.820 20.686 3.60356
0.000 29.275 14.310 5.16101
0.000 27.420 13.199 4.19712
0.000 26.903 12.168 4.14529
0.000 26.662 10.847 4.31446
0.000 25.052 9.834 4.68453
0.000 25.073 10.127 4.61440
0.000 25.667 11.387 3.58602
0.000 26.387 11.257 2.98435
0.000 27.507 11.860 2.31471
0.000 28.667 12.506 2.53393
0.000 29.741 14.597 2.78557
0.000 30.067 16.508 2.78960
0.000 31.421 17.307 2.39560
0.000 32.379 18.462 2.37431
0.000 33.002 19.058 2.49967
0.000 34.117 20.270 1.98618
0.000 33.598 20.493 1.89582
0.000 33.935 21.241 2.52435
0.000 33.422 21.020 2.40805
0.000 33.095 19.851 1.79836
0.000 33.513 19.059 1.53091
0.000 33.862 19.189 1.03439
0.000 34.306 19.547 1.59692
0.000 34.089 19.775 1.01468
0.000 34.545 20.075 1.83263
0.000 31.775 16.815 4.13948
0.000 31.296 17.014 2.63735
0.000 31.816 17.947 2.56182
0.000 32.686 18.909 2.99571
0.000 32.887 19.376 4.63215
0.550 32.012 19.994 4.31726
0.000 32.929 19.035 3.30732
0.000 33.238 19.583 2.49208
0.000 32.947 19.318 2.62204
0.000 33.044 18.643 2.38703
0.000 33.498 18.260 1.92483
0.000 33.911 19.106 2.22588
0.000 34.271 20.180 2.80353
0.000 34.547 19.570 2.35709
0.000 34.730 20.085 1.90355
0.000 34.418 20.853 1.60826
0.000 34.058 19.927 2.76770
0.000 33.689 19.620 1.93267
0.000 34.001 18.750 1.74083
0.000 33.607 18.902 1.32641
0.000 34.539 19.266 1.51956
0.000 34.160 19.481 2.03768
0.000 33.799 19.455 2.10106
0.000 33.740 19.424 2.57308
0.000 33.710 19.687 2.26784
0.000 34.053 19.717 1.66918
0.000 35.312 20.729 1.07448
0.000 36.392 21.907 1.32235
0.000 36.335 23.390 1.51443
0.000 35.113 22.577 2.86488
0.000 34.828 18.114 3.23198
0.000 33.033 18.371 1.93791
0.000 32.508 17.424 1.70412
0.000 31.971 15.929 3.05681
0.000 29.908 15.432 3.56568
0.000 30.717 15.817 2.52877
0.000 32.088 17.381 1.83699
0.000 33.483 18.013 1.84077
0.000 34.705 19.052 1.15654
0.000 34.401 21.772 1.65779
0.000 33.776 22.199 1.81175
0.000 33.287 23.015 1.18976
0.000 35.868 21.157 1.66810
0.000 34.869 20.167 3.45697
0.895 33.431 17.971 4.47893
0.000 33.215 18.410 2.72537
0.000 34.821 21.265 1.30348
0.000 36.033 23.480 1.98514
0.000 36.224 22.790 3.26576
0.000 35.866 22.216 3.72874
0.000 37.144 17.986 2.79042
0.000 37.663 18.299 2.03593
0.000 33.256 16.403 5.03575
0.000 31.081 16.701 3.91971
0.000 33.081 18.180 2.96770
0.000 34.063 18.463 3.63836
0.000 33.478 18.032 4.64876
0.000 33.330 18.304 4.24125
0.000 33.498 17.992 3.07309
0.000 34.352 17.757 2.44514
0.000 35.458 18.464 2.10725
0.000 36.084 19.515 2.45344
0.275 35.468 20.406 2.51629
0.865 34.397 21.263 2.03590
0.000 36.132 22.295 1.44040
0.000 36.018 25.540 0.87406
0.000 36.523 25.636 1.63039
1.605 36.171 25.235 1.72523
0.000 36.744 21.716 3.17459
1.795 30.939 21.156 3.03580
0.000 33.818 21.665 1.48956
0.000 34.758 22.962 1.42438
0.000 37.733 20.920 2.50299
0.000 38.290 21.531 2.19042
0.000 39.218 22.895 1.82482
0.000 37.912 23.541 1.30434
0.000 39.336 24.218 1.69402
0.000 39.427 25.716 0.92501
30.675 39.805 23.657 2.43676
14.175 29.670 23.347 2.10850
1.705 34.341 23.974 1.25985
0.000 37.164 24.622 1.53939
0.000 36.677 24.732 2.16234
0.455 37.533 24.493 2.48595
7.640 35.113 24.696 1.66451
1.275 35.032 23.216 1.98780
0.000 35.443 23.256 1.82089
0.000 35.782 23.873 1.29654
0.000 36.531 24.036 1.50627
0.000 36.395 24.014 1.82043
0.000 37.842 24.023 2.08968
0.000 38.676 25.109 1.97971
0.000 39.157 24.650 2.02816
0.000 39.645 24.750 2.48630
0.000 40.027 24.663 2.39381
0.000 40.816 26.382 1.96927
0.000 40.390 27.033 1.80693
0.000 39.964 26.992 2.17551
4.115 38.647 25.269 1.30892
7.965 35.429 24.757 1.12415
0.065 34.155 24.813 1.46305
2.560 35.995 25.173 1.39363
0.000 34.724 23.324 1.32080
1.650 36.938 24.296 1.47722
0.000 34.812 24.731 1.65195
0.705 35.316 25.541 1.01322
3.820 35.915 26.127 0.85129
5.180 34.732 19.584 2.71447
3.070 27.901 19.762 3.30549
0.000 32.470 20.649 1.73951
0.000 34.636 24.063 0.74784
6.165 30.772 24.258 1.46160
6.785 30.298 22.882 2.10450
0.315 32.907 23.510 1.03667
4.715 37.493 24.677 1.78418
0.000 39.009 25.265 1.36421
0.010 35.233 25.225 1.68567
0.485 34.593 25.379 1.59133
2.850 29.592 23.083 1.89170
32.500 30.399 20.155 2.80372
0.000 32.185 20.388 2.68023
0.000 32.483 21.407 3.50521
0.540 27.046 20.582 3.14006
0.000 34.365 22.090 2.71232
0.245 36.351 23.666 2.20636
0.000 35.258 24.925 1.55433
5.650 34.478 24.917 1.12524
0.000 34.164 25.228 1.58293
35.674 33.117 24.743 1.78920
1.820 32.568 24.419 1.65507
0.000 36.696 25.878 1.63616
0.000 37.161 26.261 2.52355
21.155 38.627 25.404 2.04113
0.000 33.578 25.566 2.06879
0.030 37.544 25.611 1.93632
1.980 35.116 26.350 1.35045
9.185 35.094 22.374 1.46490
0.000 36.252 24.345 0.97557
0.000 37.584 25.389 1.49440
0.335 33.920 24.873 1.04755
0.230 34.967 25.454 1.16925
0.000 36.934 25.932 1.77239
0.135 32.474 25.123 2.61933
6.925 31.006 24.687 2.36534
0.845 34.557 25.246 2.00041
0.000 36.057 25.480 2.49510
0.065 34.579 26.210 2.16287
0.495 33.814 26.139 1.80379
13.120 34.166 25.450 2.23327
8.980 33.662 24.829 2.03021
2.705 35.166 24.538 2.49682
0.225 30.989 24.261 2.23045
0.000 33.926 24.289 2.25435
6.815 34.527 24.446 2.09755
15.720 27.877 24.141 1.76044
0.830 30.658 23.225 1.68364
0.000 32.397 24.231 1.78257
11.280 30.231 24.104 1.77119
9.555 28.200 23.610 2.28688
6.915 29.470 23.818 1.79168
1.110 30.322 23.839 1.75129
2.075 28.834 23.236 1.81776
7.825 31.377 23.678 2.43193
6.820 30.969 23.919 2.00248
1.200 31.814 23.890 1.94400
0.105 32.386 24.710 2.06514
0.020 32.512 24.656 1.81642
0.000 32.133 24.455 1.91221
0.010 33.209 24.556 2.05181
25.530 33.636 24.614 1.48160
26.040 30.131 24.540 1.78917
6.345 29.734 24.022 2.17111
8.270 28.419 23.361 2.54663
13.420 27.381 23.064 2.92011
2.505 27.150 23.339 2.12276
2.025 30.638 23.344 2.00710
0.000 31.619 23.881 1.51396
0.235 31.392 24.138 1.50730
0.000 32.145 23.589 1.45312
0.000 31.522 24.050 1.42964
0.000 31.016 24.475 1.60988
0.055 28.830 23.808 1.59905
0.880 29.048 23.678 1.73061
2.535 30.029 23.504 1.21606
6.055 28.589 23.380 1.49602
4.065 30.643 23.482 2.48436
24.545 29.965 23.580 2.82177
0.000 28.997 23.097 2.98065
11.090 28.301 23.339 2.51119
36.730 27.554 22.463 3.30056
0.485 28.976 22.622 2.66117
0.000 30.193 22.913 2.05134
1.935 32.043 24.331 1.48945
0.395 30.078 23.633 1.78655
0.000 32.666 23.630 1.77597
0.000 30.767 23.627 1.99269
0.495 30.691 23.754 1.86835
4.930 29.958 23.215 1.49488
17.720 30.499 23.791 1.60921
4.725 28.998 23.799 1.44125
16.735 28.679 22.947 1.25349
0.300 30.587 23.587 1.53151
5.545 29.138 22.895 1.67073
0.000 31.116 22.970 1.62318
0.000 31.270 24.071 1.48207
0.750 29.739 24.087 1.28110
2.490 29.874 24.089 1.06852
0.810 28.482 23.202 0.91403
0.000 30.748 23.470 1.21014
0.860 32.007 24.312 1.06828
8.950 31.346 23.060 1.41160
0.000 30.539 23.473 1.16078
0.000 31.713 24.317 1.09575
0.000 29.928 24.013 1.11500
13.925 30.132 23.313 1.13771
4.510 30.687 23.589 2.27208
0.035 31.430 23.640 2.38562
10.865 30.722 24.151 2.24102
43.585 27.440 23.535 3.51365
19.680 27.610 23.379 4.80525
1.795 30.936 23.980 3.97321
1.670 29.898 23.550 3.26320
2.610 28.911 23.685 2.21562
16.040 29.554 23.503 1.39891
49.039 30.321 23.690 1.04389
0.000 29.656 23.536 1.85710
0.000 30.406 23.868 2.42159
0.010 29.090 23.652 2.42866
0.830 29.438 23.333 2.33092
20.130 30.319 23.294 2.31058
31.896 28.233 22.733 2.44831
3.210 28.773 22.259 2.47898
4.070 28.051 22.129 2.66137
0.475 28.566 21.443 2.01162
0.260 30.525 22.261 1.72613
11.370 30.693 22.653 1.56309
0.130 29.821 22.627 1.54521
9.470 27.051 22.891 1.86572
0.380 27.065 22.032 2.02456
11.300 29.789 23.242 2.02248
0.350 29.457 23.324 2.27607
0.040 30.552 22.960 1.96636
0.000 30.872 21.956 1.97834
0.000 31.615 23.443 2.45237
0.740 29.749 23.453 2.76645
0.000 30.824 23.685 1.84058
0.000 30.544 23.538 1.33883
0.775 30.978 24.095 0.69576
3.245 31.161 23.507 0.94021
1.425 28.718 23.599 1.67404
0.000 29.327 23.949 1.13443
6.285 29.362 23.517 1.31779
2.235 29.260 23.602 0.72712
23.990 29.519 23.450 0.67094
0.020 30.604 23.645 1.89800
3.210 28.630 21.372 4.42475
2.265 24.149 20.572 5.48398
0.865 26.406 19.818 4.98741
5.835 24.995 19.924 3.80196
15.480 27.993 20.396 2.20981
16.155 24.154 21.270 2.32392
0.000 25.795 21.539 1.89716
0.610 29.757 22.487 1.15203
2.875 29.006 23.338 1.35555
0.000 28.715 20.528 3.34978
11.505 25.870 18.819 5.63244
65.125 25.572 18.561 4.41901
8.660 24.817 17.691 2.95698
43.795 24.827 18.050 3.43745
0.425 25.961 17.637 3.42735
0.630 26.744 17.654 2.66449
11.630 26.356 17.723 2.25458
0.000 26.567 17.065 1.98458
0.005 25.893 18.326 1.26613
6.385 24.912 19.157 0.87043
34.310 28.153 20.097 2.04790
3.985 28.038 21.247 2.17191
4.560 25.433 21.464 2.42324
2.890 28.879 21.886 2.94627
26.165 28.973 21.780 3.20013
1.305 28.962 21.850 2.55191
2.025 28.272 20.132 2.67084
11.950 28.080 19.020 3.38006
10.450 25.686 19.507 2.54047
0.045 27.590 19.801 2.03397
16.480 26.609 20.198 2.84652
3.615 27.438 19.341 3.74438
2.315 26.951 17.969 3.60338
1.275 26.415 16.038 3.48994
0.545 25.217 16.661 3.53868
17.725 23.000 16.633 5.13547
12.725 24.988 16.700 3.78219
0.000 25.817 15.732 2.79124
23.025 25.905 16.494 2.88538
10.100 27.093 17.508 2.24483
6.005 27.461 19.317 1.95870
3.190 30.058 20.236 1.12360
0.000 31.227 20.889 0.99078
0.340 30.807 21.254 1.18530
0.095 30.477 21.152 1.34702
0.000 30.943 21.574 1.39367
0.000 29.353 21.037 2.14606
0.220 28.986 20.293 2.67463
2.610 28.451 20.587 2.61628
1.160 28.782 20.165 2.59625
0.565 28.286 19.998 3.26308
35.175 27.811 18.325 3.49361
2.120 27.589 17.267 3.42166
0.000 25.467 16.511 3.53215
0.000 25.897 15.675 3.70772
0.000 24.692 15.919 3.26479
0.000 26.588 17.135 3.33751
0.000 26.422 14.784 3.69488
0.000 24.429 12.528 3.63125
0.000 23.803 12.311 3.15418
0.060 24.600 12.722 2.40316
0.495 25.968 13.573 2.83913
0.000 26.222 13.984 2.68653
0.000 25.935 13.583 1.97747
0.095 26.191 14.510 1.97011
4.295 27.855 16.832 1.73015
0.185 28.812 19.276 1.40855
0.000 29.072 20.589 0.95028
0.000 29.540 20.964 1.82194
0.000 27.592 16.777 3.05714
0.000 27.784 15.187 3.43057
0.000 25.793 14.712 3.06446
0.000 26.708 13.799 3.38299
0.000 24.759 12.356 4.00985
0.040 23.140 11.021 4.13065
0.000 22.451 10.389 3.64955
0.000 24.447 10.906 2.53973
0.000 26.400 13.305 2.31305
0.000 27.966 15.858 2.61162
0.000 27.287 17.377 2.25731
0.000 29.072 18.779 1.63026
0.000 30.344 19.463 1.31271
0.000 31.323 19.645 1.14028
0.015 31.852 19.684 1.43943
0.000 27.611 12.066 4.62071
0.000 23.338 9.494 4.47873
0.155 30.133 23.182 1.25032
0.000 31.366 23.951 1.39028
0.000 30.729 24.772 0.99630
0.000 31.227 24.214 0.83777
0.000 29.348 24.016 1.14884
0.000 29.978 23.906 1.81971
0.000 29.751 23.627 1.79003
0.000 28.937 23.611 1.12160
0.000 30.405 23.815 0.68107
0.000 29.557 23.299 1.24237
0.000 31.079 24.224 1.01166
0.000 29.547 23.344 0.95874
0.000 27.306 23.101 1.17828
0.000 29.803 23.495 1.11742
0.000 28.314 23.032 1.43677
0.000 31.007 23.213 1.50243
0.000 31.873 24.097 1.55734
0.000 28.652 23.974 2.94271
0.000 27.833 23.409 2.99100
0.000 27.677 22.781 2.03003
0.000 29.074 23.445 0.91462
0.000 28.082 23.159 1.02564
0.000 30.802 23.043 0.71285
0.000 30.315 22.433 1.34393
0.000 30.155 23.263 1.60348
0.000 29.040 23.272 1.67039
0.000 29.841 23.483 1.09309
0.000 29.623 23.130 2.49476
0.000 29.359 22.778 2.38497
0.000 29.356 23.195 1.84098
0.000 23.005 9.321 3.61842
0.000 23.600 9.907 2.68760
0.000 26.337 12.497 2.97028
0.000 27.260 14.674 2.72693
0.005 29.073 16.933 2.57416
0.000 28.934 16.679 2.54073
0.000 29.043 15.796 3.05312
0.115 27.194 11.395 4.58590
0.000 24.427 11.083 3.52122
0.000 24.732 11.586 3.44112
0.000 24.045 8.830 4.92335
0.000 21.614 9.049 3.61079
0.000 24.174 9.782 2.03276
0.000 27.307 12.534 1.43094
0.000 28.755 14.387 1.12958
0.000 29.206 15.297 1.31060
0.000 28.107 11.263 4.74872
0.000 24.613 10.385 3.37178
0.000 25.300 11.165 2.22066
0.000 27.335 12.923 1.12081
0.000 29.226 13.978 1.52153
0.000 30.027 15.309 1.27804
0.000 30.821 16.473 1.17064
0.000 31.139 18.274 0.80879
0.000 32.152 17.113 1.03385
0.000 31.941 17.255 2.24641
0.000 31.530 18.305 2.04703
0.000 32.719 17.710 3.75082
0.000 29.375 17.619 2.79880
0.000 29.679 16.617 2.58687
0.000 30.717 17.300 1.93356
0.000 31.859 18.034 1.90963
0.000 32.717 18.194 2.22929
0.000 32.464 17.128 2.85046
0.000 31.579 16.397 2.92783
0.000 31.536 16.530 2.67374
0.000 31.563 17.059 2.33338
0.000 32.905 18.342 1.68246
2.750 32.682 20.095 1.70551
1.880 29.223 16.157 2.46960
0.000 29.401 14.874 2.25317
0.000 29.685 14.905 2.02303
0.000 30.936 15.506 1.84924
0.000 31.441 15.889 1.49460
0.000 32.258 17.007 1.28849
0.000 32.744 18.210 1.12834
0.000 32.925 20.240 0.86635
0.000 32.212 17.429 3.47364
0.000 30.944 16.321 4.10969
0.000 30.260 15.690 3.48358
0.000 30.489 14.940 2.51909
0.000 32.653 16.664 1.44438
0.000 34.762 18.299 1.01729
0.000 35.187 19.990 0.85914
0.000 35.222 20.891 1.62764
0.000 35.725 20.506 2.39118
0.000 36.678 19.444 2.11908
0.000 36.160 18.671 2.08969
0.000 35.813 19.704 1.69438
0.000 36.404 21.598 1.12736
0.000 35.906 21.005 1.52719
14.085 29.077 20.998 1.89958
0.000 31.830 22.791 1.06824
0.820 33.410 22.472 1.58152
4.240 34.838 23.905 1.20130
1.400 34.891 23.077 1.00591
0.900 30.608 20.398 1.74821
0.000 34.733 20.691 1.62758
0.000 35.522 22.025 1.93437
0.000 36.131 21.649 2.28134
0.000 36.061 20.455 2.26703
0.000 35.523 20.322 1.97959
0.000 35.407 21.916 1.58215
0.000 35.410 23.219 1.02124
0.000 35.894 24.284 1.41030
0.120 35.418 24.886 1.37390
0.000 35.929 24.911 0.91815
0.000 36.894 24.215 1.56617
0.045 38.122 24.996 1.81477
17.920 33.354 18.527 3.03195
0.390 30.791 17.950 5.05944
0.000 32.248 18.403 2.78365
0.000 34.833 21.189 2.13285
0.000 36.675 23.467 1.73988
0.050 37.400 24.996 0.97294
0.020 34.829 24.548 1.31115
0.950 36.756 24.836 1.89155
0.000 37.911 25.051 2.72338
0.030 35.071 24.316 2.83848
0.000 37.947 24.235 2.36735
0.000 37.554 25.115 2.48953
0.105 37.979 26.218 1.70268
2.830 35.209 24.848 1.82340
51.730 33.092 22.569 1.73755
0.000 30.076 22.226 1.97791
13.410 30.516 22.947 1.38163
0.000 29.496 21.944 1.25799
0.000 33.950 23.233 1.40067
5.715 34.397 23.758 0.77023
1.275 32.850 23.348 1.59772
0.000 34.169 24.654 1.41535
1.220 30.743 24.193 1.20876
0.575 31.487 23.898 1.07635
5.505 30.658 23.064 1.64641
0.000 33.073 23.708 1.55850
0.850 31.197 23.170 1.83396
21.955 33.312 23.209 0.81722
23.330 31.770 23.692 1.06610
0.200 32.717 22.903 1.14494
0.005 30.694 22.756 1.30138
0.000 34.131 24.623 1.15842
0.000 34.993 24.564 1.37066
6.225 33.536 24.618 1.87731
0.360 32.279 23.754 1.67428
0.000 35.261 24.670 1.93268
16.220 30.017 23.818 1.42363
0.225 29.605 23.215 1.29342
24.200 29.511 23.128 1.80646
10.525 27.532 22.332 2.57127
3.280 28.832 22.424 1.12453
16.195 31.492 23.776 0.55412
3.340 31.126 24.699 0.76772
0.000 30.904 24.717 0.83835
10.310 32.783 25.040 0.63699
22.295 32.103 24.644 1.12819
0.220 29.610 22.710 1.86092
1.325 30.844 23.864 1.03037
5.125 32.771 23.485 1.37992
0.000 32.975 24.324 1.51716
0.000 33.167 24.352 1.85454
0.000 33.171 24.116 1.90168
0.000 32.922 24.647 1.70765
0.000 33.783 25.077 1.59145
0.000 34.641 25.342 1.48596
0.000 33.751 24.723 1.44122
4.845 33.591 25.552 0.96747
0.000 34.088 26.133 0.63036
0.015 29.923 24.486 1.37358
1.520 30.724 24.979 1.53133
2.290 30.859 24.482 1.66220
0.000 31.451 24.750 1.83324
0.000 33.069 23.680 2.49193
0.005 34.062 24.771 2.48847
11.870 31.434 23.997 1.75291
9.270 30.444 24.104 1.98489
0.000 30.669 23.219 2.09997
22.565 32.753 24.482 1.34580
0.040 29.362 24.400 1.19783
2.415 30.467 24.141 1.71353
0.000 31.076 24.165 1.98458
0.000 32.303 24.080 2.47290
0.000 31.337 23.768 1.06339
0.000 29.714 23.578 1.48683
0.060 30.380 23.655 0.94159
0.130 30.121 22.051 1.92324
0.200 29.510 23.433 2.08539
0.800 29.650 23.022 2.02243
2.090 30.376 22.519 1.41165
8.010 31.831 22.915 1.31152
6.045 31.051 23.534 2.02141
10.050 30.516 23.731 2.22608
0.000 28.696 23.517 1.63374
7.885 29.193 21.921 1.59887
4.955 27.894 22.036 1.00967
4.085 29.904 21.966 1.49422
2.395 27.416 22.246 1.18693
2.350 26.708 18.676 2.17842
0.070 20.592 18.545 3.69883
0.000 26.588 18.731 3.69484
0.315 28.923 20.340 1.75933
0.000 30.291 23.769 0.79645
0.000 29.191 23.249 0.96468
0.000 24.681 18.559 2.89252
3.500 24.155 18.160 2.43841
2.120 26.550 18.699 2.75357
0.030 27.121 18.679 2.46322
5.845 27.897 19.183 2.33143
18.330 27.251 20.197 2.58454
1.485 27.052 20.934 3.75588
1.065 28.242 22.481 1.59604
0.085 29.521 22.757 2.16878
0.000 29.276 22.810 1.51973
0.000 28.142 23.130 1.58980
0.000 28.679 22.511 1.93278
0.000 29.504 22.121 1.87114
0.090 29.538 21.489 1.41410
8.105 30.881 22.474 0.90038
26.175 31.076 22.869 0.67263
4.000 30.578 21.682 2.02613
33.584 26.613 16.731 4.55122
12.980 24.139 16.170 3.24286
3.680 25.549 16.548 3.06176
1.035 25.701 17.368 2.60332
23.675 26.148 17.794 3.12374
3.420 26.033 17.214 3.16340
2.920 24.910 17.668 2.66276
0.000 27.651 19.169 2.52358
0.000 28.805 21.131 2.32926
4.865 28.640 21.258 2.99515
0.300 28.296 20.023 2.60961
0.020 28.757 20.628 1.64603
0.680 30.787 21.809 1.09842
10.270 30.214 21.774 1.67238
29.355 30.015 17.587 3.77433
32.250 25.796 15.501 4.30196
2.770 24.039 15.423 3.52152
0.580 25.548 15.704 2.78514
0.000 25.962 16.041 3.22389
0.320 25.775 15.782 3.55124
0.340 25.557 16.147 3.32970
0.000 26.854 17.382 3.32314
1.655 23.270 16.019 4.50022
0.805 24.473 13.185 4.24912
2.360 24.004 13.188 3.92751
1.185 23.343 11.284 3.16729
0.010 23.492 11.373 2.99172
0.000 23.548 12.078 3.09203
0.000 24.923 12.443 2.78116
0.000 24.562 12.740 2.79839
0.020 25.055 13.423 2.97516
0.000 27.539 16.690 3.41061
1.320 27.585 16.107 2.91847
3.390 27.047 15.173 2.81157
3.925 26.915 15.767 4.14479
14.225 25.917 14.229 3.86497
20.985 25.998 14.537 2.35247
29.980 27.501 15.925 1.88883
0.065 29.022 17.535 2.07094
0.000 28.739 16.535 4.27612
0.000 26.634 13.409 4.57671
0.015 22.795 12.948 2.96305
0.040 25.262 13.268 1.68071
0.745 26.409 14.130 1.78470
0.000 27.635 16.251 1.78343
21.874 28.238 16.461 1.53587
12.870 28.889 17.443 1.72114
0.000 28.143 18.337 2.93288
1.320 28.122 17.996 3.32214
3.205 27.103 13.821 4.08448
21.685 25.854 14.071 3.42485
13.790 26.971 16.401 3.60975
10.320 26.845 14.826 3.94151
4.625 26.718 15.074 3.62970
9.765 34.468 25.326 2.46909
13.175 31.986 24.408 2.26581
23.240 30.127 24.506 1.66772
7.120 29.427 24.780 1.66199
6.010 32.172 24.434 2.24789
18.980 30.587 23.765 2.83652
1.180 30.042 24.112 2.64754
5.920 28.591 23.210 2.34313
4.695 30.479 23.223 2.48427
11.275 29.336 23.114 2.44721
4.965 30.516 23.324 2.89136
2.670 27.049 21.713 3.35844
9.310 26.285 21.212 3.51405
2.920 30.562 22.996 2.98378
9.145 31.288 22.158 3.08154
14.930 31.431 23.620 2.76527
2.550 31.263 23.197 2.39827
0.000 31.692 22.418 2.28606
4.940 34.114 23.593 2.70318
27.435 33.729 23.971 2.81524
41.810 34.361 24.281 3.01219
7.265 30.113 23.417 2.49545
10.565 30.484 23.413 2.56546
58.190 30.303 23.394 2.49353
15.400 31.793 23.869 1.99337
22.330 31.103 23.643 1.99268
19.870 31.662 24.249 2.35477
5.070 31.733 23.024 2.74629
0.690 33.825 23.727 2.96563
0.000 32.968 24.151 2.81966
0.000 32.041 24.028 2.12406
0.685 31.090 24.066 2.44113
5.260 32.127 24.291 2.10448
0.000 35.775 24.870 2.02642
0.600 34.701 24.598 1.90017
4.960 29.778 23.495 1.52329
0.980 30.319 23.803 1.21526
2.765 28.638 23.069 2.11157
0.000 29.426 23.794 2.01971
5.475 29.688 22.629 2.59433
33.380 30.378 23.855 2.12257
36.910 30.864 23.631 1.33961
5.365 30.113 24.060 0.98555
22.265 30.495 23.525 1.46218
14.125 28.541 23.093 1.26973
36.265 29.908 23.028 1.35599
11.840 30.261 23.394 2.12705
1.125 27.762 22.420 3.06821
0.440 29.825 22.747 3.92069
0.240 28.375 22.166 3.65375
0.255 29.758 22.624 3.47938
2.570 28.796 23.060 3.56321
0.685 29.480 22.691 3.53306
0.645 27.823 21.097 6.21751
0.955 26.766 21.476 3.82569
0.090 29.795 22.593 3.49318
0.250 30.150 23.108 3.60937
10.005 31.891 22.970 3.52336
0.950 31.162 23.703 3.41708
0.000 30.931 23.443 3.12803
0.000 30.998 22.295 3.66681
0.440 31.090 22.841 3.87629
3.260 30.305 22.960 3.49337
0.000 29.464 22.627 3.13206
0.415 30.417 23.222 3.10063
0.990 31.063 22.824 3.02724
0.000 31.900 23.204 2.89042
0.070 32.373 23.671 2.92272
0.925 31.001 23.920 2.47602
0.000 31.502 24.708 2.18981
0.775 31.936 24.759 2.06633
0.570 30.632 24.018 1.98263
0.910 29.798 24.101 1.82659
1.015 30.660 24.000 2.11414
0.305 28.628 23.283 2.36924
0.225 29.926 21.775 2.55170
0.040 30.316 22.193 1.72817
0.225 30.997 22.592 1.23499
0.045 32.510 23.701 1.15224
0.000 32.315 24.213 0.94047
0.000 30.729 23.393 0.94639
0.135 31.464 24.071 1.25039
0.000 30.559 23.568 1.65943
0.035 31.333 23.720 1.48016
0.075 29.636 23.656 1.10433
0.010 29.501 22.527 1.60739
0.000 29.885 22.660 1.66469
0.000 29.820 22.885 1.83269
0.010 28.457 22.912 1.64822
0.300 27.421 22.688 0.94661
0.570 31.245 23.718 0.81251
0.585 29.735 23.558 1.01382
0.000 28.526 23.138 1.52672
0.000 29.916 23.872 1.03268
0.000 28.197 22.714 1.27020
0.000 29.166 22.093 1.98678
0.000 28.586 22.356 1.73640
0.000 30.395 23.587 1.16500
0.000 29.726 23.401 1.72071
0.000 29.477 23.429 1.42206
0.000 28.355 23.223 1.51224
0.000 29.867 23.691 1.90852
0.000 28.590 23.110 2.11074
0.000 27.482 23.074 2.40011
0.000 30.398 23.236 1.73757
0.000 28.546 22.516 1.16950
0.000 28.837 23.578 2.00226
0.000 28.110 23.341 1.50804
0.000 27.722 22.587 1.07652
0.000 30.788 23.248 0.76142
0.000 30.098 23.097 1.07907
0.060 28.824 22.035 2.23854
0.000 29.113 22.262 2.11122
0.000 27.356 22.803 2.29296
0.000 28.503 22.868 1.11282
0.000 28.734 23.212 1.90877
0.000 27.497 22.710 1.81227
0.000 26.862 22.589 1.72576
0.000 28.485 22.617 1.16538
0.000 30.869 23.218 1.19988
0.000 31.069 24.337 0.91967
0.000 32.438 23.791 0.63881
0.000 27.369 15.794 3.85581
0.025 27.521 15.713 3.40979
0.435 27.927 16.174 2.67367
0.000 28.338 17.134 2.13863
0.000 29.293 16.108 1.78589
0.000 30.176 16.919 2.13326
0.000 29.738 16.916 2.41263
0.000 29.751 16.475 2.08280
0.000 30.364 16.057 1.80059
0.000 30.459 16.468 1.24530
0.000 30.761 15.411 2.82144
0.000 29.201 15.936 1.76364
0.000 30.419 17.489 2.33682
0.000 29.206 16.587 1.53946
0.000 29.684 17.008 1.13086
0.000 30.187 17.832 1.43395
0.000 30.233 16.358 2.36799
0.000 28.642 14.699 3.40385
0.000 28.816 15.245 3.01747
6.545 28.903 16.624 1.62669
10.045 25.242 18.623 1.62227
2.210 26.373 19.298 0.94491
0.000 28.993 17.105 1.65715
0.000 29.433 17.767 1.00813
0.000 30.594 19.233 1.02547
0.000 31.279 19.750 1.13471
0.000 30.984 18.668 1.19874
0.000 31.642 19.583 1.41159
0.000 31.757 19.628 1.81125
0.000 31.469 18.707 1.87080
0.000 31.377 19.278 1.63856
0.000 28.921 18.294 2.03797
0.000 30.119 18.599 1.64262
0.000 28.734 16.659 3.16120
1.210 26.816 15.578 4.00740
0.335 28.811 15.830 3.21889
0.000 27.971 17.227 1.85453
0.000 31.624 19.453 1.18312
0.000 32.602 21.133 0.97051
0.000 33.233 20.096 1.30313
0.000 33.406 21.335 1.17807
11.365 31.498 22.070 1.10683
2.090 26.743 20.341 1.54786
0.185 32.142 20.237 1.94111
0.000 26.575 17.046 3.94610
1.365 24.078 17.310 2.41806
3.435 28.884 19.740 1.52042
0.940 29.848 21.747 1.31262
0.000 31.922 22.075 1.40393
0.560 31.722 19.846 2.83169
10.375 26.788 12.344 4.67045
0.000 23.223 12.501 4.52057
0.000 27.868 13.105 3.75055
0.000 26.084 12.893 4.90294
0.000 27.964 12.406 4.40421
0.000 29.290 13.055 4.00431
0.320 30.702 15.151 3.24333
0.000 31.355 16.634 2.67293
0.000 33.284 18.748 1.60175
0.000 34.826 19.820 2.19016
0.000 34.399 20.594 2.16984
0.000 34.855 20.889 1.26067
0.000 35.942 22.588 0.91032
3.155 36.160 23.925 1.41775
14.370 31.048 23.272 1.31800
9.215 32.210 18.902 3.27703
0.000 30.464 19.244 2.01646
0.000 32.959 20.625 1.07236
0.000 34.792 20.398 1.54612
0.000 34.461 21.262 1.71785
0.000 35.594 22.588 1.37862
0.000 37.028 24.090 1.44240
0.000 36.490 24.622 1.45327
16.235 35.009 24.715 0.85569
0.690 33.139 23.540 1.02329
0.000 32.707 24.292 1.02870
49.765 28.028 22.441 1.07442
0.900 32.785 22.811 1.03064
6.290 32.121 23.160 1.48598
4.240 31.345 22.988 1.29877
1.010 32.253 23.038 1.61308
3.375 30.968 22.615 1.56435
0.160 31.145 23.068 1.96461
0.055 31.041 23.553 1.87316
0.190 32.127 23.141 1.80308
0.000 33.731 24.403 1.61957
5.095 28.291 22.504 2.79924
7.925 32.032 22.915 1.44470
10.575 32.492 23.145 1.30275
0.110 33.763 21.826 3.31752
2.695 32.135 16.540 6.50142
5.840 23.443 14.710 6.02229
1.870 23.049 15.240 4.14024
1.000 28.742 16.400 2.95884
0.000 32.611 19.232 2.95100
0.000 33.496 18.810 3.02167
0.000 32.379 18.846 3.22020
0.100 32.647 18.582 2.56173
0.000 32.978 20.635 1.54791
0.000 34.860 21.844 0.73367
0.000 35.249 23.172 1.21829
0.000 34.059 23.002 2.03121
0.000 36.495 23.279 1.91243
0.000 36.830 23.682 1.93075
0.000 37.349 23.491 1.90000
0.000 36.632 24.720 1.62476
7.540 33.159 24.032 1.74194
7.026 28.301 19.922 3.37853
0.255 29.296 19.370 2.93387
0.000 31.677 20.611 1.44518
2.625 32.931 23.620 1.31187
0.175 31.748 23.843 1.79730
0.715 31.866 23.531 1.69136
0.000 33.798 23.862 1.94199
0.000 35.473 24.279 2.12345
0.000 34.550 24.831 2.23532
0.000 33.738 26.115 1.60566
52.555 32.223 24.380 1.15953
0.260 30.817 23.816 1.54700
0.220 31.569 23.418 1.36685
20.040 33.311 18.864 4.25324
0.090 27.183 17.514 5.55258
0.000 24.913 17.783 4.47957
0.000 30.428 18.747 2.64737
0.000 33.634 22.104 1.85307
3.405 30.190 23.457 2.34580
14.970 28.837 23.444 2.02682
0.000 29.086 22.926 2.07759
1.900 31.631 24.078 1.90246
22.430 30.578 23.771 0.87650
4.870 31.349 24.121 1.80916
10.270 29.567 23.850 1.90932
2.435 28.812 23.790 2.25079
0.975 30.234 24.014 1.73799
11.315 29.804 23.604 1.68301
21.725 29.831 21.585 1.91406
0.000 28.838 21.368 2.13810
11.350 27.747 22.016 1.99578
2.065 29.876 23.387 1.60194
2.095 29.898 23.603 2.79879
18.120 29.629 23.410 2.96512
1.885 30.641 22.876 3.14876
0.125 30.490 23.562 2.92309
0.085 29.338 22.458 2.49127
2.635 31.600 21.486 3.12360
2.550 32.233 22.526 3.37090
1.550 27.791 23.571 3.18836
0.000 29.911 22.901 2.68024
0.000 30.982 22.184 2.96403
8.986 30.442 23.151 1.89695
13.955 29.684 23.587 1.59244
0.050 31.531 23.616 1.75559
6.965 29.059 23.324 1.71809
27.540 29.772 23.258 2.12924
21.910 28.430 23.189 2.09451
0.000 28.178 23.443 2.23955
0.240 29.448 22.029 2.63210
1.145 30.010 22.461 3.02471
0.000 30.020 23.527 2.52573
0.390 29.673 23.372 2.51064
0.000 29.493 22.969 2.63191
0.945 29.970 23.649 2.00285
0.005 29.590 23.172 1.85331
0.000 29.651 23.207 1.58411
6.450 29.751 23.607 1.55430
8.210 29.981 23.480 1.06432
0.025 30.093 23.050 1.48986
0.610 30.618 23.531 1.94738
0.000 29.257 22.879 2.21448
15.155 32.116 22.326 2.70485
0.000 32.063 22.965 2.71460
0.000 30.880 23.382 2.42590
0.000 30.783 23.193 1.95833
12.215 28.344 23.277 1.56364
16.730 26.831 21.840 1.71746
8.610 30.413 23.265 1.17874
2.780 30.596 23.245 1.18098
1.260 31.499 23.550 1.57798
0.000 29.559 23.065 2.11376
0.000 30.752 24.206 2.28019
0.015 30.175 23.911 2.65802
0.715 28.281 23.325 2.96528
11.585 28.768 22.942 3.18594
0.530 30.567 23.487 3.07161
0.000 28.680 23.283 2.14194
0.750 31.082 23.741 2.06995
3.835 31.236 23.943 2.01046
5.845 31.204 24.032 2.31540
43.305 30.357 23.557 2.23523
64.415 28.645 23.427 2.08331
26.520 29.536 22.937 2.43920
32.140 28.830 23.708 2.39567
18.945 28.763 23.187 2.89374
19.610 27.624 23.214 3.12438
0.520 27.357 23.457 1.67589
0.090 29.752 23.630 2.04752
5.240 30.862 23.919 1.64049
0.000 29.304 24.112 1.89807
0.000 29.243 24.115 2.02085
8.040 28.498 24.191 1.72207
24.210 27.793 23.133 1.66379
9.690 27.336 22.040 2.74515
5.445 29.670 22.764 1.42087
3.175 29.342 23.128 1.01063
0.825 30.662 23.654 0.67448
0.000 31.705 23.316 1.02859
12.805 32.491 24.089 0.79597
0.000 30.302 23.540 0.94053
0.000 30.532 23.206 1.01014
0.020 30.895 23.511 1.64091
0.190 30.775 23.727 1.65609
13.560 28.885 23.203 1.41354
2.325 28.871 23.076 2.11577
7.145 29.474 23.411 1.53056
26.800 29.155 23.444 1.77686
1.310 29.622 22.859 2.99335
0.300 29.321 22.390 3.23238
0.660 30.404 22.890 2.42713
29.075 28.566 23.369 2.54419
16.540 27.295 22.824 2.96867
0.240 29.414 23.087 2.91209
7.315 29.637 22.777 2.64704
0.610 28.212 22.407 3.16571
0.670 29.225 21.366 3.02715
0.000 30.645 21.721 1.69840
2.780 30.814 23.160 1.66696
49.490 27.067 23.326 2.46417
6.295 28.187 22.375 2.68592
0.415 28.361 22.480 2.33124
0.000 30.070 23.348 2.32854
1.475 28.001 23.367 2.27763
26.520 28.914 23.167 3.23662
12.960 28.669 23.137 3.04665
7.940 29.794 22.587 1.85770
0.595 31.038 23.479 1.03616
1.180 30.430 24.170 1.89975
0.225 28.070 22.954 2.01416
13.730 28.167 22.998 2.71430
0.000 30.300 22.980 1.30500
0.150 33.214 23.926 0.69823
22.835 29.333 23.603 1.41740
0.530 29.575 23.597 0.88796
3.660 29.396 22.848 1.03139
0.195 32.368 23.974 0.69556
2.810 30.675 24.199 1.07031
31.856 28.129 23.018 1.26387
2.255 29.268 23.630 1.68639
17.180 27.337 23.125 1.91309
20.920 28.760 22.671 1.31261
0.260 28.471 23.086 1.47213
34.815 28.561 22.853 1.19674
12.765 27.318 22.888 1.52521
7.550 28.870 23.612 0.60630
0.000 27.987 22.858 1.14803
22.705 29.361 22.950 1.45783
0.355 29.185 22.926 1.23052
3.330 28.682 22.865 1.39365
9.640 27.470 23.248 1.71022
0.035 28.000 23.161 1.86728
10.500 28.785 23.116 1.92064
8.475 28.067 23.096 1.93419
5.755 27.779 23.087 2.39910
7.480 26.193 21.902 1.76191
6.945 29.027 21.726 1.07410
5.355 28.940 22.499 1.42364
12.190 26.846 22.194 1.53466
43.895 27.967 22.795 1.37560
24.250 26.568 22.000 1.07815
17.805 29.253 20.760 1.16737
0.360 27.981 21.964 1.25176
92.890 26.735 23.261 3.95175
7.540 27.143 22.403 5.17919
8.020 29.338 22.753 2.45789
42.400 28.242 22.823 1.34189
8.895 28.039 22.984 0.96364
21.295 27.406 23.068 1.44407
1.515 26.485 22.668 1.71423
0.235 27.948 22.882 1.47699
1.300 27.920 21.845 1.47908
0.525 27.785 22.659 1.64801
0.370 28.018 22.934 1.43894
0.825 26.763 22.948 2.43221
0.605 24.556 18.308 3.37698
0.000 25.606 18.837 2.07775
0.000 27.719 18.959 1.95363
0.285 24.867 19.565 1.91965
4.545 26.021 18.945 2.16633
13.810 24.465 18.105 3.05088
0.000 25.604 18.634 2.57675
0.285 27.199 17.997 2.17553
0.000 27.093 16.800 2.80184
0.000 25.994 16.294 2.48043
0.000 25.311 17.179 2.30789
0.000 27.740 19.221 2.07132
0.000 28.703 19.923 2.73858
0.000 28.795 20.089 1.73514
0.000 29.049 20.211 1.82197
0.000 29.009 21.561 2.42728
0.000 28.996 22.481 2.30831
0.100 28.030 20.712 2.65882
0.580 28.041 19.357 3.11367
0.000 27.976 20.209 3.00905
0.000 27.070 19.550 2.31653
0.000 27.839 18.611 2.75309
0.000 26.624 16.192 2.22492
0.000 27.285 17.260 1.68842
0.000 28.257 15.851 1.37092
0.000 26.952 17.079 2.34597
0.000 27.536 18.927 2.17997
0.000 27.699 18.154 2.05688
0.000 27.907 17.605 2.04798
0.000 27.614 17.362 2.12006
0.000 27.737 18.385 2.10897
0.000 29.139 19.338 1.97587
0.000 26.176 21.033 1.65465
0.800 29.069 20.725 2.05413
1.310 28.978 21.452 2.44854
29.420 27.261 22.621 1.97359
0.000 28.429 21.945 1.57418
0.140 28.552 21.688 1.50892
0.000 30.319 21.772 1.36185
0.000 29.347 22.547 1.46626
0.060 29.219 21.029 2.13350
0.545 28.630 21.820 2.20086
0.005 29.122 20.848 1.76033
0.345 29.613 21.653 1.64260
8.915 28.412 22.859 1.89159
12.355 28.531 22.889 1.70381
2.305 28.991 23.081 1.41664
5.695 27.996 21.639 1.18572
0.875 28.957 22.137 0.97478
0.120 28.024 22.211 0.83901
4.535 31.045 22.707 0.56359
14.095 29.723 22.705 1.20968
0.000 27.911 17.333 3.05789
0.050 24.907 16.896 2.94102
0.090 27.164 17.093 2.33861
0.535 28.140 19.199 3.17218
0.000 27.230 15.732 3.70883
0.160 26.664 15.957 2.88907
0.060 26.817 17.638 2.46553
0.235 28.081 18.480 2.47965
0.000 28.422 18.749 2.11635
0.000 28.929 19.193 2.11409
0.000 27.738 17.241 2.54989
0.000 26.277 13.725 3.47925
0.000 24.663 13.606 2.81883
0.000 24.174 11.420 3.27631
0.000 24.127 11.945 2.00767
0.035 26.958 14.209 2.33031
0.000 24.485 11.861 5.70210
0.000 21.307 9.593 4.52090
0.000 22.257 9.850 3.05398
0.000 24.812 13.469 2.23709
0.000 27.120 13.741 2.77728
0.000 26.856 14.244 1.99138
0.000 26.990 15.008 2.41647
0.000 25.683 14.098 3.16892
0.000 25.437 14.389 2.37826
0.010 26.441 14.741 2.23986
0.000 26.626 15.439 2.10342
0.000 27.864 15.363 2.43581
0.000 26.697 13.812 3.40067
0.000 24.295 12.393 3.25401
0.000 24.972 12.627 3.08855
