0.000 31.672 15.150 2.77863
0.000 33.909 17.008 1.96904
0.000 35.252 19.190 2.43875
0.000 35.752 19.875 1.93607
0.000 35.416 20.038 2.58848
0.000 34.963 17.848 3.52511
0.000 33.061 16.862 3.29102
0.000 33.857 17.582 2.60315
0.000 35.050 19.107 2.09051
0.000 35.743 19.955 2.29566
0.000 36.193 19.900 1.74217
0.000 36.504 20.524 1.07081
0.000 37.615 19.113 2.35822
0.000 35.083 19.462 3.14269
0.000 35.024 20.198 1.78939
0.000 36.411 20.947 1.72720
0.000 37.279 20.747 2.06412
0.000 37.639 18.423 3.75846
0.000 34.686 18.837 4.10221
0.002 34.161 15.094 5.17975
0.002 29.057 13.181 4.75672
0.000 30.199 12.713 5.16027
0.000 28.070 11.999 4.72435
0.000 29.917 12.625 3.84090
0.000 30.188 14.179 3.38912
0.000 32.922 15.019 3.26283
0.000 32.754 15.540 3.95933
0.000 33.157 16.002 3.07980
0.000 34.362 16.753 3.02528
0.000 35.061 18.002 2.86314
0.000 35.606 19.636 2.34415
0.000 35.450 17.847 4.14876
0.001 34.844 18.611 4.40857
0.020 33.057 19.895 2.70467
0.001 33.932 21.903 1.94834
0.000 36.929 22.916 1.26483
0.000 38.026 24.319 1.47294
0.337 38.953 25.261 1.05842
7.235 36.890 25.114 1.36508
4.385 33.666 24.431 1.41892
7.552 32.506 23.045 2.47705
0.000 36.185 23.853 1.63922
3.484 36.261 24.872 1.17259
18.837 33.348 23.339 2.16509
1.069 34.031 22.511 1.37396
0.215 36.044 23.807 2.04579
0.559 33.377 22.720 2.17954
0.257 35.631 23.638 1.45744
0.000 37.336 22.931 1.79339
0.000 37.731 20.783 2.13515
0.000 37.352 19.552 2.33359
0.000 35.616 20.154 1.79262
0.000 37.167 20.816 3.04726
0.000 37.638 21.306 2.69287
0.000 37.984 21.608 1.67905
0.000 38.080 22.193 2.76177
0.000 35.209 22.199 3.62456
0.000 34.657 18.467 3.97737
0.000 34.268 17.597 4.37954
0.000 34.795 17.284 4.99849
0.000 34.485 18.283 4.01179
0.000 34.334 17.024 4.67767
0.000 35.550 18.171 1.95635
0.000 37.755 20.595 2.09470
0.000 37.578 24.510 1.91584
0.000 39.089 25.419 2.27409
0.000 40.017 26.998 2.40493
0.003 40.913 28.618 1.69765
3.340 36.682 25.847 1.82777
0.963 33.617 25.229 1.32687
2.434 36.713 25.048 1.20177
10.153 34.199 24.073 1.62261
0.513 29.721 19.262 3.48474
0.059 31.280 19.834 2.87552
0.000 36.052 21.686 2.61011
5.184 33.462 19.591 3.74570
0.035 33.738 20.466 1.74434
0.017 35.765 21.480 2.85632
0.312 31.901 22.165 2.43414
4.040 34.106 23.343 2.51216
17.944 31.266 19.583 2.40919
12.180 26.373 16.531 5.17679
2.800 27.768 16.978 3.29546
0.000 33.151 18.300 2.46804
0.001 33.966 20.787 3.90598
0.324 32.973 21.610 3.02741
0.025 32.689 21.759 2.28540
0.000 35.706 22.759 2.16641
3.576 35.327 23.903 1.43997
0.318 36.003 23.977 1.78291
0.003 37.970 25.343 1.38980
1.343 35.944 24.454 1.83408
0.001 35.412 24.652 1.28532
0.753 36.345 25.161 1.18308
0.078 37.824 26.108 1.22791
0.067 39.503 25.444 2.30141
0.000 40.135 24.571 2.45160
0.000 40.712 24.499 2.50259
0.000 41.293 24.790 2.18526
0.000 41.490 25.292 2.61526
0.000 42.190 26.690 2.63392
4.028 41.546 26.645 2.35401
16.434 34.317 23.043 2.77701
1.787 33.495 22.864 2.10367
0.000 37.021 23.072 2.23609
0.042 37.426 24.982 1.04090
0.172 38.036 26.232 1.78137
0.062 35.330 25.953 1.46879
14.203 35.362 24.609 2.05194
2.211 34.532 24.619 1.34791
1.391 34.408 25.553 1.20628
6.419 34.527 25.568 1.17789
0.234 34.552 25.054 1.31217
0.270 36.534 26.125 1.73597
0.773 36.856 26.345 2.08394
0.934 36.821 26.254 1.44397
4.051 35.293 26.061 0.90076
0.327 37.081 25.429 1.08536
0.016 38.078 26.592 1.45145
6.694 36.300 26.106 1.40393
2.686 38.007 25.820 2.19726
0.035 40.637 26.550 3.01211
0.269 41.013 27.367 3.51023
0.000 40.018 25.691 2.73725
0.000 38.413 25.338 2.67967
13.542 36.408 23.370 3.66021
8.447 30.939 23.661 2.24758
2.353 33.714 24.831 1.98312
9.036 32.837 24.616 2.24531
7.401 32.476 24.968 2.88325
1.426 33.671 24.611 2.99239
1.054 34.448 25.510 1.96900
0.305 33.575 25.185 1.53041
1.703 32.866 25.189 1.86746
1.407 34.696 25.733 1.63282
3.935 33.957 25.390 1.78638
10.751 32.697 25.382 1.01543
21.933 30.256 23.977 1.25129
10.180 31.803 23.286 1.59568
15.928 32.068 23.931 2.49408
8.223 31.446 24.247 1.47303
0.129 31.958 24.738 1.52073
0.012 32.238 24.615 1.54975
1.831 32.707 25.189 1.77380
1.405 32.506 25.269 1.42653
3.234 33.693 25.980 1.14211
7.179 30.914 24.653 1.33378
5.744 30.785 23.853 1.47772
0.165 32.480 24.746 2.07929
35.803 31.681 24.911 2.41106
0.692 30.449 24.775 2.94434
39.356 30.140 24.829 2.67716
1.525 30.628 24.485 3.22433
10.664 30.487 23.958 3.53809
1.573 31.119 24.403 3.50099
2.065 30.604 24.685 2.39917
1.557 29.700 24.402 2.13725
5.588 30.425 24.788 2.51143
6.627 28.891 24.517 2.96010
2.641 29.516 24.048 2.95535
0.606 29.780 23.712 2.43002
0.758 30.764 24.342 2.32416
2.774 30.355 24.219 2.36010
9.819 29.371 24.120 2.70583
2.222 30.125 24.145 3.00900
13.776 29.585 24.001 3.31204
0.064 30.568 24.012 3.31961
0.194 30.003 23.996 3.51838
3.007 30.550 23.821 3.56977
7.608 28.918 23.596 3.21629
10.046 29.450 24.137 3.10291
10.521 30.373 24.097 2.85090
17.293 28.572 23.691 2.31535
18.293 30.397 24.140 1.88442
6.404 27.907 23.730 2.71441
4.671 28.390 23.798 2.85124
3.597 30.067 23.623 2.83164
5.731 30.134 23.299 1.72235
5.502 29.274 23.365 2.11943
30.698 30.033 23.533 3.66781
7.589 29.879 23.196 3.42252
1.118 30.328 23.442 1.59194
0.567 30.171 23.221 0.90150
4.281 31.928 24.727 2.60736
2.878 29.264 23.976 2.65398
3.933 30.226 24.315 3.42603
3.796 29.085 23.980 3.43590
0.475 30.286 24.089 2.89775
1.104 29.325 23.883 3.18883
1.955 29.561 24.027 3.11603
5.937 29.461 23.491 3.14224
0.494 29.862 23.495 4.17550
0.919 30.171 22.900 3.94962
0.331 31.809 23.941 3.64919
1.688 29.917 24.077 3.12521
4.213 28.991 23.760 3.10228
3.036 29.230 23.796 3.02834
6.149 29.414 24.041 3.38870
9.305 29.327 23.731 4.00194
4.620 30.021 23.636 3.73308
4.712 30.474 23.660 3.67124
0.000 32.293 23.678 3.49233
4.389 31.220 23.895 3.40653
0.551 29.226 23.757 3.24017
0.537 31.258 23.885 3.66139
0.793 31.219 24.168 3.63446
0.918 31.580 24.029 4.13198
0.815 31.268 24.005 4.18379
2.618 29.853 23.476 4.49704
0.070 28.127 23.729 4.53868
4.531 30.594 23.768 4.97834
44.619 30.562 23.740 4.02191
8.113 30.599 23.869 3.15249
3.438 29.821 24.202 2.48130
12.959 29.866 24.082 3.35155
10.883 28.550 23.785 3.36973
6.650 30.405 23.854 3.52392
2.034 30.141 23.410 3.32949
1.198 29.651 23.597 3.04579
2.003 30.294 23.494 3.39369
0.796 30.183 23.318 3.31597
1.061 30.192 23.156 2.82719
0.000 30.657 23.232 2.40542
0.226 31.717 24.116 2.68102
0.998 30.876 24.013 3.19616
0.798 31.953 24.064 3.27295
5.724 28.947 23.684 3.74555
9.863 30.985 23.785 3.20398
1.657 30.461 23.383 2.80197
8.368 30.390 23.732 2.85238
30.188 28.247 23.585 2.31785
3.619 29.536 23.413 2.32003
3.366 30.070 23.876 1.68324
29.917 28.750 23.587 2.37736
38.004 28.501 23.405 2.30641
8.223 30.297 23.912 1.62125
10.106 28.943 23.391 2.44328
10.927 29.624 22.485 2.00695
13.551 30.287 23.590 2.53394
2.622 29.864 23.699 3.09637
9.011 29.190 23.022 2.81039
19.519 29.543 23.647 1.92651
9.915 29.483 22.838 1.35719
18.529 30.227 23.727 0.83829
5.979 31.000 24.040 1.12998
5.065 31.295 23.785 1.19132
1.552 31.447 24.421 1.36385
14.552 28.410 24.258 2.81055
13.095 28.465 24.125 2.56026
0.476 28.551 24.071 2.16513
1.293 29.480 24.070 2.17447
4.847 29.034 24.189 1.92771
21.842 28.537 23.485 2.08514
1.073 29.308 23.370 1.69968
6.886 28.807 23.232 1.69125
7.563 29.850 22.547 0.99267
13.743 30.595 23.664 1.82726
33.257 30.539 24.031 1.58094
46.929 27.197 23.244 1.62314
6.842 29.551 22.958 1.79034
28.374 28.718 22.860 2.21005
2.870 27.299 22.831 2.79499
0.394 28.616 23.377 2.21126
1.043 28.769 22.915 1.92114
4.668 29.924 23.478 1.43939
3.527 29.972 23.875 0.90129
6.583 28.525 23.117 0.98658
11.633 29.293 22.930 0.86153
28.067 29.904 23.757 0.78006
21.945 30.648 22.205 1.51218
0.121 29.909 21.504 2.89716
0.386 29.850 21.103 2.59883
0.273 29.521 21.780 1.98146
0.246 29.666 21.737 1.94319
0.004 30.730 22.853 1.78268
1.176 28.480 22.764 1.58055
4.407 29.062 22.625 1.52418
3.544 29.495 21.613 1.71193
0.056 30.141 20.398 1.78833
0.000 30.378 21.729 1.67163
0.000 30.747 22.494 1.58958
0.000 31.357 23.325 1.10534
1.196 31.112 23.693 0.90051
11.631 29.560 22.710 0.81401
11.639 29.263 22.221 1.01880
0.012 29.530 21.707 1.24423
3.326 29.581 22.274 1.47429
0.024 28.824 22.176 0.83225
15.520 31.669 22.295 0.61430
7.670 29.531 22.289 1.69585
0.207 29.755 22.108 2.21572
0.928 29.517 22.515 2.89393
0.012 26.157 15.276 4.80384
0.000 25.477 13.836 4.13169
0.000 25.108 12.863 3.72217
0.000 24.878 13.259 3.48318
0.000 25.152 14.186 3.34035
0.000 26.344 14.434 3.18945
0.000 26.855 15.561 2.88018
0.000 27.738 17.645 2.10834
0.000 28.807 19.982 2.30695
0.000 28.335 17.713 3.01892
0.000 28.341 17.357 3.13957
0.000 27.904 17.462 3.69671
0.000 27.369 16.609 3.53845
0.000 27.364 17.411 3.75318
0.000 27.453 14.463 3.19015
0.000 26.876 16.215 3.11828
0.000 28.606 17.096 3.16336
0.000 28.322 16.856 3.34745
0.000 28.166 15.825 3.24905
0.000 27.979 16.879 3.23679
0.000 28.410 17.819 3.52814
0.000 28.381 16.171 3.08766
0.000 29.206 17.463 2.11403
0.000 30.196 18.523 2.39504
0.000 30.008 18.118 2.80161
0.000 29.838 19.192 2.77401
0.001 30.143 19.489 2.95981
0.002 30.761 20.066 3.01116
0.381 30.889 20.032 3.02359
0.000 30.738 19.699 3.14044
0.000 30.989 19.538 3.11134
0.001 31.746 19.713 3.40915
0.000 31.199 19.606 3.93334
0.000 31.491 19.011 4.18011
0.001 30.612 18.524 4.15295
0.049 30.684 17.533 3.60660
0.000 30.926 18.268 2.41811
0.000 31.745 18.634 2.12473
0.000 32.933 19.679 1.05153
0.000 33.300 21.814 1.41792
0.073 32.675 21.860 1.42582
0.813 32.283 22.732 1.17577
1.342 30.248 22.005 1.07686
0.256 31.812 21.911 1.61160
0.461 30.847 18.455 3.47831
0.009 30.958 18.517 4.72415
0.000 30.967 18.740 4.09502
0.063 30.487 19.216 2.97377
0.001 29.748 20.000 1.98654
0.000 32.631 20.235 2.03412
0.000 34.020 20.629 1.92487
0.000 34.343 19.296 1.80228
0.000 33.600 19.185 1.52826
0.000 34.015 19.875 1.79163
0.014 31.281 18.431 4.30670
0.000 30.786 18.780 2.81270
0.000 33.165 18.840 3.26026
0.000 33.358 19.614 3.69387
0.000 32.736 18.760 4.26943
0.000 31.333 17.768 4.88440
0.000 31.618 18.135 4.39652
0.001 31.604 16.598 5.19570
0.146 27.452 13.218 5.06762
0.000 29.950 13.655 3.78346
0.000 30.392 15.297 3.13629
0.000 31.610 16.105 2.60834
0.000 32.167 15.578 2.22483
0.000 32.913 16.370 2.34930
0.000 32.282 15.381 3.34718
0.000 31.297 15.335 3.10050
0.000 29.723 16.438 2.08216
0.000 32.450 18.033 2.04591
0.000 32.657 19.194 2.97699
0.000 32.534 19.204 3.08615
0.000 32.744 19.535 2.84284
0.000 33.533 16.696 3.19103
0.000 30.168 13.639 5.26875
0.000 27.584 11.459 4.88498
0.000 26.581 10.595 3.98941
0.000 27.964 11.431 2.90942
0.000 29.815 12.765 2.80857
0.000 31.203 14.249 2.26989
0.000 33.038 15.088 1.45615
0.000 34.917 16.316 1.54150
0.000 34.462 17.134 3.42922
0.000 32.888 17.558 3.67255
0.000 32.944 16.766 3.38038
0.000 31.849 16.246 3.72221
0.000 31.878 16.042 4.06005
0.000 32.226 16.173 3.25890
0.000 32.500 16.635 2.17968
0.000 33.531 17.024 2.62809
0.000 34.316 17.590 1.71668
0.000 35.508 18.787 1.15951
0.000 35.554 20.660 1.21084
0.000 36.305 20.375 2.40407
0.000 34.318 19.741 4.26440
0.001 32.679 20.097 2.81239
0.000 34.433 19.903 3.41663
0.407 33.829 17.845 3.93451
0.635 30.670 16.483 5.24675
0.000 30.788 16.983 3.91655
0.000 31.866 17.412 4.67882
0.000 31.086 13.787 5.96408
0.000 28.942 12.962 5.67282
0.000 28.780 13.113 4.62309
0.000 31.077 13.861 4.11895
0.000 28.683 12.349 5.99127
0.001 27.507 11.957 4.96826
0.000 28.282 12.432 4.18779
0.000 30.132 13.497 2.02881
0.000 33.829 15.577 1.60027
0.000 33.810 17.192 2.92893
0.000 34.166 18.139 2.88731
0.000 34.908 19.915 2.30693
0.000 36.776 20.784 1.45651
0.000 36.990 24.749 1.59679
0.000 37.874 23.560 1.33268
0.000 38.225 24.622 1.22845
0.089 35.416 23.828 1.80596
0.000 37.686 24.318 2.97457
0.000 37.832 22.655 2.86347
0.000 38.489 22.525 1.97565
0.000 38.844 24.349 1.80788
0.026 37.288 25.141 2.08153
0.000 36.783 23.892 2.66053
0.579 34.707 23.032 2.93083
7.763 36.321 21.384 2.83078
0.781 35.041 19.668 3.46410
0.348 34.984 20.334 2.64860
0.667 36.056 21.322 2.98041
1.056 33.865 21.777 1.64936
0.165 35.668 23.729 1.65987
0.000 38.772 23.701 2.16636
0.000 37.373 19.645 4.91452
0.000 33.510 17.311 5.72594
0.000 33.667 18.085 2.51998
0.000 35.827 20.271 1.83329
0.000 37.898 23.173 1.31132
0.000 38.304 26.704 1.85988
0.000 40.160 27.675 1.11070
0.027 39.171 27.715 1.25046
0.000 39.778 28.212 1.49977
0.001 40.679 26.856 1.98188
0.000 40.447 25.159 2.68664
0.000 39.961 24.294 2.74315
0.000 40.141 24.704 2.45310
0.000 40.802 26.793 2.40907
0.000 40.478 23.321 3.08099
3.909 31.439 18.597 5.15559
0.000 34.172 19.260 3.67723
0.000 36.592 20.444 2.80561
0.000 39.188 23.073 2.74365
0.003 37.916 24.848 2.58380
0.011 34.942 25.767 2.06443
6.788 37.823 26.277 1.61533
9.266 36.710 16.686 4.38221
0.001 31.926 17.775 2.79611
0.000 34.742 20.478 1.06672
0.707 37.016 25.352 1.97847
3.763 36.050 25.010 2.05669
0.080 37.694 24.880 2.65529
2.036 38.873 26.126 1.51217
0.062 38.705 26.586 2.16572
0.880 37.150 25.180 2.69970
2.254 35.609 24.345 2.73599
4.133 34.396 24.796 1.47597
0.000 35.297 24.706 0.86490
0.258 38.510 25.215 1.91777
2.504 37.395 25.853 1.92032
3.317 32.662 24.537 1.30300
0.013 36.049 25.091 1.17659
0.000 38.565 25.868 1.33343
0.006 40.490 27.333 1.66618
0.259 39.545 27.411 2.69157
0.100 40.516 27.078 3.09763
0.000 39.880 26.856 3.14316
0.000 41.157 27.480 2.93610
2.011 41.109 28.654 1.90753
19.497 37.612 25.798 2.10958
0.000 36.091 26.608 1.16973
7.522 37.622 26.195 1.32419
0.139 35.905 25.746 1.56324
0.000 38.055 26.456 1.61495
0.000 39.041 27.785 2.11070
0.008 38.402 27.579 2.17402
0.101 35.605 26.357 2.18061
0.373 37.368 26.584 1.80845
0.007 36.835 25.210 2.26096
0.352 37.605 25.247 2.04548
0.073 38.683 27.477 1.32409
0.071 40.607 27.982 1.12356
3.029 39.262 27.469 1.38317
3.722 37.636 26.185 1.51269
0.000 37.663 27.842 0.81305
6.625 38.403 26.276 1.16580
26.893 35.863 24.555 1.77901
0.089 32.187 23.593 3.38435
0.000 35.976 24.485 2.45668
1.280 37.201 25.344 2.38945
5.357 34.865 25.863 1.44339
2.044 34.998 25.590 1.20279
10.055 33.770 23.691 1.61370
0.286 34.825 24.753 1.95003
8.313 32.039 24.373 2.31395
19.642 32.304 24.441 2.18798
8.811 31.627 23.935 3.22575
3.820 31.313 24.092 2.75796
0.563 33.235 23.834 3.21983
7.438 32.877 23.801 2.90985
8.792 34.576 23.461 3.30451
0.014 35.796 24.123 3.32961
0.103 35.349 24.151 2.78388
0.000 36.869 24.705 2.78445
0.000 37.149 25.596 2.42289
0.132 35.169 25.961 2.43962
0.128 35.741 25.128 2.50066
0.018 35.913 25.328 2.35678
0.238 34.909 25.979 1.69868
14.850 32.106 24.496 1.67738
10.060 30.790 23.822 1.51004
0.534 30.839 23.907 1.67687
0.150 33.352 24.276 1.96858
1.915 33.050 24.941 1.67270
18.755 31.992 24.588 2.22661
10.239 30.263 24.482 2.06843
6.176 34.130 24.351 3.04222
3.060 32.438 25.117 2.59638
0.015 32.032 24.593 3.23552
0.840 32.915 25.023 3.02672
3.664 32.189 25.134 3.46655
6.398 30.934 24.972 3.11140
5.772 30.519 24.753 2.97253
5.198 31.972 24.899 2.85316
30.920 30.548 24.766 2.90056
20.246 30.191 24.594 1.58228
7.629 31.709 24.922 1.88706
9.556 30.744 24.125 2.08544
0.218 32.646 24.819 2.45932
2.908 31.040 24.799 2.57380
0.435 30.603 24.798 2.19729
0.008 30.743 24.758 1.76508
15.489 30.804 23.820 1.86565
2.767 30.286 24.574 2.09134
0.223 30.474 24.212 2.51573
3.412 32.326 24.372 2.39412
0.175 32.026 24.579 2.31506
7.304 30.893 24.276 2.42480
11.243 31.438 24.257 2.64145
2.768 30.795 23.372 2.89254
0.013 31.296 24.052 2.71457
0.850 31.118 24.008 2.25386
27.620 29.988 24.486 1.82079
9.650 29.970 24.472 2.78001
14.130 30.927 24.295 3.66240
28.322 30.427 23.859 2.69985
24.764 28.583 23.460 2.43085
10.632 28.954 22.983 2.11328
14.367 30.808 23.478 1.53539
1.265 30.339 23.698 1.74426
35.266 30.003 23.781 1.58875
0.231 27.930 23.226 1.00067
9.698 30.724 23.376 1.79859
2.670 29.918 23.225 2.29649
1.398 30.118 23.689 2.91306
0.301 30.786 23.840 3.07675
0.040 29.669 23.620 2.33231
1.194 30.256 23.997 1.99603
12.022 29.996 24.007 2.20861
22.402 29.556 23.519 2.02226
5.147 28.561 23.444 1.29018
19.462 28.514 23.236 1.73675
20.134 28.812 23.099 1.98778
0.100 29.393 23.639 1.39091
0.022 30.431 23.795 1.85374
18.654 30.113 23.983 1.80694
14.804 29.093 23.447 1.85508
6.550 30.259 23.871 2.06375
4.129 30.134 23.422 3.12005
0.000 30.387 23.276 2.65895
1.812 30.168 24.050 2.02278
3.970 28.431 23.920 2.59583
24.626 27.142 24.162 3.70075
21.367 27.614 24.013 4.16488
10.608 29.113 23.777 3.56802
2.494 30.694 24.039 3.11591
0.209 30.043 24.286 2.24698
0.853 29.088 23.851 2.00692
45.952 29.797 24.069 2.58144
24.607 29.221 23.915 3.27083
3.653 28.200 23.867 2.56924
13.989 29.282 23.582 1.99186
2.300 28.723 23.423 1.22447
13.557 28.939 23.734 1.41702
4.075 29.715 23.812 1.34027
4.513 29.660 23.788 2.08865
2.722 29.350 23.658 2.51174
20.235 28.725 23.370 2.43169
3.836 29.041 23.281 1.98119
1.448 29.626 23.323 1.56964
0.297 30.322 23.438 0.89830
1.721 30.507 23.750 0.99042
0.805 30.851 23.950 1.16552
3.054 31.370 24.141 1.50983
22.043 28.814 24.134 1.81206
6.249 28.666 23.658 1.57714
8.058 30.368 24.580 1.42689
0.412 29.859 24.073 1.36126
1.475 28.962 23.752 1.43927
8.027 29.843 24.021 1.25340
3.480 30.590 24.122 1.70065
2.379 30.271 24.278 1.55944
3.864 29.990 24.041 2.47463
5.005 28.275 23.641 4.72959
2.473 29.143 23.908 4.31587
1.404 29.793 24.030 3.64736
20.487 29.575 24.365 2.38223
11.273 29.815 24.250 1.53280
7.189 28.158 23.364 1.36018
5.576 30.296 23.512 1.35476
0.619 29.135 23.777 2.04478
0.397 28.943 24.244 2.15112
1.080 28.959 23.633 2.20638
17.629 28.666 23.089 1.30549
8.199 29.597 23.695 0.75243
4.735 30.916 22.984 1.60770
10.113 29.696 23.796 2.37676
13.894 29.368 24.155 2.14997
9.853 29.814 23.646 1.51503
8.305 29.719 23.569 2.31822
7.271 30.776 23.420 1.70916
15.515 30.443 22.960 1.83230
3.724 31.184 22.975 1.89465
0.922 30.741 22.002 2.24739
2.033 31.003 21.102 2.37397
0.075 30.434 22.073 2.09693
7.421 30.835 22.885 1.50483
7.408 30.407 21.819 1.67998
0.193 30.450 19.881 2.26494
3.970 30.070 21.231 2.19477
2.789 28.930 21.478 2.21396
0.059 30.780 22.071 1.86495
0.005 31.639 22.463 1.81728
0.000 31.595 22.514 1.96240
3.235 31.472 23.739 2.05958
5.592 30.818 23.940 2.05566
27.423 30.729 23.758 0.95637
0.500 31.421 24.021 1.11952
0.752 30.783 24.091 1.60395
2.888 28.823 23.447 0.93712
16.318 29.719 21.799 1.75196
1.391 27.210 21.449 2.61504
0.240 30.339 22.223 3.80478
0.730 29.882 23.139 3.77804
2.388 27.175 21.931 3.39998
0.004 30.010 20.924 3.22751
0.002 30.750 21.753 2.80860
0.001 30.645 23.202 1.52689
5.631 29.692 23.824 0.90025
11.441 30.477 23.707 0.66522
17.425 29.745 23.246 0.66603
5.737 29.979 21.817 1.65810
0.902 30.580 21.880 1.62410
0.002 30.711 22.049 1.68118
0.046 30.975 21.681 1.52221
0.064 31.070 20.515 1.44197
0.000 30.580 20.114 1.81994
0.000 29.821 19.100 2.53705
0.000 29.280 20.331 2.95369
0.001 29.910 20.430 3.76662
0.000 28.758 17.816 4.26096
4.510 28.786 18.566 4.07601
6.693 28.979 20.604 3.86466
10.102 29.540 21.713 3.22881
0.078 30.248 20.770 3.18920
0.000 30.255 19.310 2.66028
0.000 29.887 19.122 2.86414
8.295 28.766 19.716 3.71822
7.817 28.998 20.439 3.26679
2.408 28.969 19.195 3.54491
0.000 27.758 16.649 3.17344
0.000 28.195 16.663 2.60993
0.000 28.961 18.260 1.91117
0.015 29.671 18.769 2.95114
0.268 27.676 16.299 3.68945
0.162 29.295 16.872 3.59347
0.260 29.381 19.138 3.65935
0.005 30.353 19.724 1.85103
0.000 31.757 20.292 1.61158
0.000 32.014 21.369 1.43782
0.001 30.516 16.081 4.02852
0.000 27.839 16.114 3.77249
0.000 28.688 16.662 3.16863
0.000 30.797 19.206 2.97990
0.000 30.197 18.182 3.33986
0.001 30.812 18.870 3.71094
0.000 31.690 19.603 3.19286
0.000 31.603 18.689 3.38696
0.000 31.562 19.149 3.28520
0.000 30.055 16.275 4.91630
0.000 26.710 13.402 4.15865
0.000 28.404 14.332 2.18248
0.000 30.052 16.616 1.75809
0.000 31.359 18.305 2.42606
0.000 31.644 19.960 2.70138
0.000 32.463 19.705 2.78031
0.000 33.106 20.433 3.37324
0.000 32.502 19.370 3.69029
0.000 30.835 17.267 3.44318
0.000 31.067 15.884 3.68733
0.000 30.318 16.559 3.84034
0.000 28.897 15.597 4.73732
0.000 27.162 12.750 4.89974
0.000 26.566 12.129 4.54536
0.000 27.364 12.691 3.97814
0.000 28.693 13.706 3.27197
0.000 29.389 14.508 2.73617
0.000 30.322 16.672 2.66079
0.000 30.325 17.943 2.62944
0.000 31.471 18.566 2.73062
0.023 31.960 19.341 2.20881
0.000 33.651 21.249 1.79209
0.007 33.896 22.314 1.22731
0.000 34.249 21.022 2.57055
0.000 33.139 17.685 4.13773
0.000 31.524 17.731 3.96037
0.000 31.635 16.907 4.09030
0.000 30.995 15.190 4.34034
0.000 29.759 15.658 4.38728
0.000 30.199 15.333 4.03846
0.000 29.365 14.657 4.87532
0.000 29.236 14.595 4.77899
0.000 28.857 13.513 4.94382
0.000 28.587 13.064 4.84627
0.000 26.747 10.532 4.67672
0.000 26.345 10.615 3.87041
0.000 26.138 11.319 3.40566
0.000 26.349 10.554 3.26596
0.000 27.172 11.471 2.63418
0.000 28.846 12.881 2.52703
0.000 29.102 12.838 3.55813
0.000 29.552 13.425 1.54287
0.000 30.621 14.583 1.61337
0.000 31.710 15.866 2.23980
0.000 32.152 16.842 2.89898
0.000 32.196 17.545 4.15773
0.001 31.690 17.944 3.73570
0.000 30.728 17.673 2.83598
0.001 32.813 18.498 0.87388
0.346 33.259 21.877 1.02523
0.162 33.183 21.441 1.18193
0.041 33.873 21.491 1.26105
0.000 34.257 20.749 1.25083
0.000 34.779 19.176 2.53381
0.000 35.005 19.271 0.93192
0.000 35.834 19.414 1.88338
0.000 35.301 18.937 2.90738
0.000 35.062 19.514 1.67982
0.000 33.674 22.319 1.81084
0.000 36.177 20.629 2.79221
0.000 35.609 19.677 3.60245
0.000 35.305 20.336 1.95997
0.000 36.457 21.180 2.36478
0.000 34.932 18.313 3.80724
0.000 33.306 15.921 4.77686
0.000 32.467 15.792 4.32552
0.000 32.675 15.482 4.24126
0.000 32.103 16.092 4.50263
0.000 31.760 15.838 5.20428
0.001 30.719 15.566 5.44293
0.000 29.899 15.057 5.61249
0.000 30.375 15.699 4.30883
0.000 31.701 16.859 3.85589
0.000 32.899 16.199 4.54278
0.000 32.208 16.326 4.20718
0.000 32.808 16.122 3.42412
0.000 32.770 15.118 4.42285
0.001 32.433 16.072 5.46479
0.011 30.541 14.569 5.07869
0.000 31.532 15.406 1.81175
0.000 34.983 17.249 1.43936
0.000 37.483 20.370 2.15622
0.000 38.549 21.306 2.22229
0.000 39.078 22.853 1.42427
0.000 39.359 25.157 1.39304
0.069 39.601 26.698 1.50886
2.145 28.812 16.344 5.90867
0.481 25.859 15.303 5.66870
1.228 24.565 12.144 6.27861
0.004 28.284 13.142 5.34824
0.000 30.655 14.034 4.06244
0.000 32.795 15.060 3.72520
0.000 33.751 16.411 3.07080
0.000 34.811 17.342 2.45776
0.000 35.413 18.005 3.17330
0.000 34.966 18.323 3.08820
0.000 35.418 19.116 1.84809
0.000 37.518 19.978 2.99347
0.000 35.681 17.378 5.19802
0.000 34.634 17.381 3.89998
0.000 35.530 17.173 3.65917
0.000 34.960 15.496 3.90141
0.000 34.874 16.471 2.82570
0.000 36.849 17.803 2.10357
0.000 37.962 20.614 1.58575
0.005 39.014 23.395 1.67414
0.254 39.117 24.946 1.38002
9.183 37.688 21.417 3.04418
5.258 33.175 21.495 2.95943
1.142 28.904 21.384 1.74230
0.054 36.185 22.326 1.93505
0.000 36.921 24.426 2.20507
0.000 38.679 24.309 2.50840
0.000 40.035 23.986 3.01078
0.000 41.043 23.342 2.48583
0.000 41.595 23.498 2.00572
0.000 41.766 25.226 2.48706
0.000 41.925 26.846 2.02588
0.072 41.050 28.580 1.93885
12.912 39.815 26.406 1.39661
1.495 37.455 25.979 1.83281
0.236 37.294 25.140 1.77172
7.095 37.205 24.587 2.08465
2.102 36.533 25.661 2.16713
16.268 36.715 24.512 2.48989
1.489 34.032 24.407 1.61985
0.000 36.677 25.027 1.38787
0.008 38.635 24.649 3.13180
0.000 39.739 24.545 2.19502
0.000 40.262 24.644 2.01769
15.676 36.551 20.945 2.68951
3.281 28.313 20.075 3.14685
2.335 34.259 20.601 2.82765
2.858 29.064 21.190 1.36624
0.000 35.962 23.760 1.07330
0.116 37.187 25.977 0.98700
7.603 37.021 25.262 1.35806
0.000 38.569 25.801 1.91360
0.000 38.423 26.120 1.22500
1.088 34.501 24.962 2.03222
4.171 30.639 23.902 1.28643
0.169 34.738 24.739 1.45359
3.984 30.904 23.524 1.81492
0.009 33.705 24.329 1.37724
5.892 33.876 24.681 1.23032
1.786 35.068 24.746 2.13685
0.110 38.760 25.430 3.19180
4.772 37.826 25.850 2.31813
8.801 30.123 19.518 4.05211
0.063 33.426 19.744 4.19686
0.001 32.610 19.080 3.92458
0.000 34.132 20.371 2.00916
0.012 37.794 23.098 1.61523
9.929 36.662 23.072 1.55879
0.844 34.630 24.142 1.44644
7.721 31.741 24.447 1.31448
6.691 33.726 24.953 1.29525
50.622 31.942 25.007 0.72636
4.797 32.135 24.460 1.10920
3.574 30.422 24.233 0.81119
0.505 30.832 24.520 1.40336
7.413 32.581 24.753 1.54930
1.231 31.743 24.488 1.55090
5.345 31.452 24.493 1.63744
0.087 31.684 24.602 2.31959
1.987 33.769 24.225 3.06242
5.334 33.114 24.038 2.51095
16.984 31.789 23.612 2.87110
3.612 31.908 23.653 1.93637
22.649 30.700 22.908 1.51798
4.761 31.675 23.414 1.36330
5.408 30.857 23.599 0.79669
0.177 33.122 24.104 0.95916
0.119 34.232 24.869 0.82572
14.792 31.441 24.208 0.94756
2.427 31.854 22.616 1.94941
0.896 32.813 23.667 1.34520
16.646 32.685 23.812 1.27309
1.158 33.481 24.436 1.59707
0.205 32.793 23.591 2.36878
0.923 31.272 24.267 2.30819
2.922 32.160 24.009 2.24243
0.060 32.091 23.924 2.67432
0.576 31.709 24.781 2.30558
4.017 30.786 24.346 2.19041
0.991 30.505 23.833 2.51746
0.065 32.495 24.434 2.95877
9.419 31.378 24.080 2.54545
6.170 31.777 24.292 1.58753
0.760 32.186 25.351 1.11041
3.860 30.944 24.526 1.15020
32.883 30.464 23.735 1.20611
0.633 29.893 23.318 1.40610
0.372 31.194 23.745 1.85452
0.083 32.190 24.373 1.72690
1.544 31.125 24.971 0.99675
13.083 31.286 24.346 1.07423
12.428 29.373 23.919 0.99238
19.213 31.709 24.080 1.28202
1.067 31.461 23.298 1.15353
4.785 32.463 24.369 1.03292
3.444 32.418 24.656 1.13707
34.925 30.070 24.116 1.20885
21.673 29.284 23.629 1.69274
3.463 31.008 24.954 1.51931
8.532 30.680 24.371 2.33364
9.635 30.525 24.166 2.23945
3.955 30.465 24.339 2.05317
6.200 28.789 24.100 2.34543
5.429 28.776 23.748 2.61727
2.040 28.467 23.945 2.82438
0.223 30.386 24.350 3.07511
0.025 30.643 24.034 3.06848
1.870 30.243 23.780 3.14592
9.593 29.075 23.545 3.35297
0.035 29.891 23.013 2.58749
1.788 31.444 24.297 2.31154
0.256 29.807 24.076 2.02282
0.684 29.788 23.827 2.05732
6.070 30.173 23.714 2.07806
0.286 30.495 23.913 2.07827
15.815 28.911 23.685 1.55784
2.116 29.866 23.535 1.52345
9.775 29.590 23.312 1.62504
1.802 31.059 23.609 0.92714
0.743 30.475 23.626 1.04394
1.676 29.780 23.194 1.23607
0.535 31.038 23.541 1.08906
0.606 31.260 23.192 1.64039
1.724 31.313 24.125 1.83135
0.123 30.094 23.784 1.87332
2.519 30.756 23.596 1.66931
0.442 30.618 23.501 1.59765
1.215 30.452 23.749 1.43887
8.914 29.687 24.196 1.95339
7.737 29.766 23.430 2.54518
2.412 29.275 23.461 2.80119
7.655 30.023 24.017 3.08355
5.624 29.867 23.718 3.50634
9.898 30.469 24.141 3.10719
3.703 29.144 24.050 3.95893
2.852 27.279 23.155 4.49234
2.701 27.927 23.536 4.76441
2.425 30.544 23.109 4.84610
3.301 30.827 22.889 4.16190
1.360 30.409 23.241 4.21055
0.188 31.276 22.898 4.76296
3.532 30.814 23.560 4.23243
4.870 31.375 23.889 4.14352
0.151 30.903 23.717 3.96831
0.232 31.502 23.998 3.14194
0.608 32.265 23.970 3.46226
0.014 32.140 24.804 3.75199
4.283 30.151 24.548 3.77420
15.848 29.708 23.539 3.62628
4.472 29.951 23.602 3.93030
0.398 28.948 23.662 3.35503
1.516 32.072 23.841 3.46712
0.918 32.662 24.482 2.49175
1.602 31.048 24.072 2.04737
0.105 30.091 24.020 1.77171
2.402 30.147 23.956 2.26436
34.320 28.789 23.443 2.60312
14.744 29.496 23.727 3.31762
16.979 29.845 23.582 3.22286
5.658 29.978 23.607 2.64222
2.982 29.593 23.276 1.94416
0.066 30.221 23.175 2.03534
4.851 29.892 23.000 1.53465
6.896 30.016 22.823 1.10313
0.034 29.258 22.727 1.23788
0.026 31.776 23.570 1.56774
4.082 30.343 23.953 2.65342
1.539 28.408 23.512 2.60955
20.574 27.757 22.944 1.75015
17.692 29.233 22.246 2.12613
1.784 30.629 23.550 2.33430
0.168 30.687 24.614 1.07523
0.011 31.668 24.260 0.72765
3.963 29.413 24.045 1.65046
1.873 29.423 23.699 1.25428
20.145 28.957 23.052 1.05776
6.686 30.578 22.216 0.68454
18.741 31.561 23.370 0.89723
11.427 29.933 23.164 1.77122
4.119 29.220 23.133 1.43401
12.668 29.006 22.583 0.98609
4.900 30.365 23.526 0.86102
3.545 31.416 23.377 1.24318
0.458 31.319 23.278 1.20068
0.563 32.768 23.012 0.94821
8.725 31.499 23.728 0.97478
1.613 30.267 23.215 1.42891
48.625 28.498 23.174 3.36959
55.926 27.023 23.727 4.77581
26.927 27.004 23.521 2.81010
4.599 29.572 24.229 2.65773
7.955 28.840 24.486 2.23724
3.892 28.545 24.377 2.60103
7.769 27.543 23.812 2.92813
14.508 28.516 23.389 2.79473
22.283 29.544 23.887 2.52274
6.743 26.885 23.234 2.28956
3.998 28.204 23.682 2.44450
18.436 28.996 23.894 2.45221
13.647 28.833 23.200 1.33274
11.242 30.513 23.130 1.56311
0.305 30.566 23.475 2.00290
7.293 30.414 23.457 2.27052
11.004 30.251 22.920 2.76604
6.606 29.940 21.917 2.96556
5.795 28.473 20.572 2.88430
11.914 28.984 21.393 2.98492
1.295 28.187 21.688 2.34249
4.601 30.194 23.214 0.99521
19.388 29.695 23.087 1.12175
7.755 28.450 22.886 1.62884
8.697 28.836 22.805 1.26292
4.576 30.038 22.318 0.58574
9.146 28.411 22.014 1.68474
0.937 30.145 21.418 2.36380
0.964 29.688 21.799 2.51593
0.709 29.755 21.517 2.39110
0.343 29.673 21.630 3.02619
0.103 29.967 20.761 2.31514
0.000 29.457 20.465 2.07739
0.000 29.536 21.191 2.06532
0.017 30.499 22.444 2.03912
0.000 30.614 22.409 2.24191
0.183 30.354 22.842 2.45589
0.400 29.919 20.496 2.38480
0.934 29.550 20.472 2.50146
0.000 29.106 20.313 2.63417
0.206 29.923 20.932 2.64106
3.003 28.625 21.370 2.93437
1.537 28.898 21.772 3.39085
1.114 29.212 20.145 3.68510
0.001 28.309 18.112 3.77599
0.001 28.544 18.836 3.19294
0.004 29.873 20.666 3.15052
0.161 30.043 22.434 2.71160
16.409 29.371 22.696 1.94307
5.686 29.881 23.020 1.35108
9.188 29.904 23.134 1.40977
3.090 30.075 20.489 2.72879
50.016 26.364 20.260 3.16526
5.697 28.955 20.905 2.62603
1.690 28.827 21.917 1.45089
3.748 29.187 21.430 1.76653
0.008 29.760 19.913 2.39903
0.000 29.879 20.666 1.77471
0.002 29.998 20.633 1.23395
0.722 30.408 21.958 0.73444
9.175 30.403 22.703 0.88086
3.367 26.731 20.612 2.24783
0.111 28.732 18.503 2.78084
0.191 28.663 19.549 2.90269
0.000 28.250 18.118 3.17220
0.001 28.059 18.972 3.55109
0.767 25.280 17.552 3.86641
0.002 21.786 13.305 4.16411
0.000 25.615 13.732 3.31808
0.000 27.624 15.979 3.57465
0.000 27.496 16.496 3.16510
0.000 28.145 18.250 3.23297
0.000 28.588 18.173 3.58504
0.024 28.401 18.663 2.95072
0.000 29.003 19.307 2.44139
0.000 29.229 20.223 2.78736
0.000 29.484 18.945 3.09543
0.000 29.790 19.743 2.02924
0.001 29.967 21.273 3.12345
0.255 27.652 15.921 4.42846
0.024 27.217 14.723 4.20312
0.000 27.961 15.086 2.99570
0.000 30.221 17.953 2.18709
0.000 31.479 20.502 1.42578
0.000 31.560 17.161 3.98243
0.001 25.239 13.606 5.18376
0.000 25.181 13.321 4.11489
0.000 27.400 13.763 2.81623
0.000 29.438 16.147 3.70330
0.000 27.233 13.943 3.93959
0.000 27.704 14.438 3.47481
0.000 28.640 15.512 3.33979
0.000 28.442 14.725 3.54980
0.000 28.968 15.368 2.46597
0.000 30.076 15.558 2.15651
0.000 30.063 16.678 2.64628
0.000 29.794 17.179 4.03974
0.001 29.453 17.025 4.23638
0.000 28.590 16.308 4.64583
0.001 26.384 14.503 4.48593
0.000 26.701 14.108 4.03434
0.000 28.430 13.799 3.32956
0.000 28.380 12.714 3.43889
0.000 28.596 12.243 2.56935
0.000 28.827 12.638 2.53570
0.000 28.003 12.270 2.86034
0.000 27.082 13.286 2.51089
0.000 28.612 14.551 2.10559
0.000 29.781 17.554 1.97446
0.000 30.614 17.024 1.97009
0.000 31.187 15.669 1.67953
0.000 31.298 15.524 2.27943
0.000 30.506 15.510 1.76365
0.000 30.976 15.682 1.09738
0.000 31.538 16.738 1.92555
0.000 30.751 15.602 3.44943
0.001 30.264 16.363 2.97569
0.000 30.625 17.056 3.17610
0.003 30.791 14.400 4.28888
0.000 28.649 13.051 4.73400
0.000 27.453 12.097 4.14573
0.000 27.494 11.783 3.75636
0.000 28.331 12.751 2.81010
0.000 30.068 14.407 2.36498
0.000 31.817 15.571 2.93192
0.000 31.923 16.387 2.13213
0.000 33.051 17.719 1.63573
0.000 33.744 18.836 1.56267
0.000 34.226 20.062 1.13269
0.000 35.211 20.319 2.01028
0.059 33.774 20.873 1.66399
0.003 34.758 22.439 1.72039
0.476 33.251 21.842 2.66576
0.042 33.695 18.372 3.36074
0.000 33.955 15.504 3.23709
0.000 31.115 16.187 4.47903
0.026 26.071 16.653 3.82364
0.000 30.298 15.771 3.84476
0.000 30.588 15.188 3.21135
0.000 32.841 16.040 1.78798
0.000 34.452 17.613 1.33187
0.000 35.335 19.275 1.57838
0.433 35.153 22.855 1.71512
0.034 33.596 22.517 1.66048
0.149 35.773 23.250 1.67076
0.000 36.010 21.668 2.53666
1.872 33.519 20.203 3.23263
6.575 31.838 20.187 2.80708
1.877 32.409 20.576 1.87407
0.000 34.502 20.899 1.49612
0.000 35.858 20.214 1.59485
0.000 35.238 19.744 2.51792
0.000 33.775 19.750 4.10092
0.000 32.003 20.316 3.99875
0.000 31.988 20.711 3.64666
0.295 32.459 21.215 2.68441
0.122 33.068 19.410 3.53067
2.560 24.883 17.958 3.73802
0.000 29.750 18.530 3.49412
0.000 32.738 15.363 5.05977
0.000 31.508 15.596 4.32155
0.000 33.056 15.606 3.85945
0.000 32.807 16.336 4.14605
0.000 33.672 17.248 3.70823
0.000 33.920 18.074 3.38966
0.000 34.543 19.145 2.90989
0.002 34.184 19.278 3.48575
0.000 35.518 18.777 3.75743
0.000 36.083 18.991 3.42027
0.000 36.806 19.015 3.44229
0.004 36.807 20.043 2.88266
0.000 36.868 17.116 4.72847
0.000 34.578 17.189 4.34816
0.000 34.615 16.174 3.25992
0.000 36.229 17.615 2.12394
0.000 37.891 18.912 2.26622
0.000 38.599 19.286 2.98204
0.000 37.662 20.037 2.85983
0.000 37.376 21.242 2.07831
0.000 37.756 22.361 2.13035
0.000 38.620 23.982 1.87714
1.486 39.530 25.869 1.95380
0.218 38.973 27.198 1.56848
0.148 39.920 26.969 1.82035
0.643 39.118 27.361 1.61335
0.538 39.806 27.267 1.97926
0.387 38.412 23.683 2.43012
0.000 38.605 24.594 2.29434
0.000 40.156 25.351 2.85214
0.000 39.595 25.201 3.38572
0.000 40.297 26.233 3.12945
0.961 40.367 27.644 2.28232
8.018 37.690 22.987 2.21207
4.890 34.738 23.767 2.34226
1.794 33.292 22.990 2.09516
0.197 36.315 24.344 2.45432
10.617 31.467 22.399 1.71906
0.002 34.592 23.331 1.11133
0.000 37.484 25.038 1.36981
21.577 31.995 22.750 1.87918
4.169 32.899 22.225 1.85997
1.620 35.067 22.990 1.36205
0.656 37.089 23.898 1.79548
0.002 37.842 24.444 1.82037
0.750 37.824 24.935 1.73053
0.018 37.007 25.211 1.91391
3.213 35.682 25.026 2.18424
2.872 33.606 24.761 1.80232
4.222 31.420 23.005 1.80189
2.400 33.592 22.434 1.79043
26.698 33.127 22.930 1.40794
0.162 34.154 23.739 1.71220
16.007 30.291 22.293 2.57275
2.228 32.997 22.198 2.48043
1.497 34.670 22.629 2.09941
0.704 35.652 22.810 1.65307
3.149 35.121 22.887 1.68153
0.246 35.804 23.845 1.77562
0.000 37.333 23.664 1.59422
0.000 37.318 24.283 1.59472
0.317 37.857 25.048 1.41680
0.003 38.151 25.660 1.45688
0.997 36.949 24.851 2.02221
6.728 35.255 23.999 1.00083
1.225 35.448 22.742 3.14608
2.136 34.638 22.199 3.23400
0.001 34.103 20.829 2.69699
0.015 36.150 22.166 2.46783
0.000 37.292 23.924 0.95608
0.907 38.478 25.055 0.60386
8.400 37.514 24.942 0.91715
0.000 38.436 25.917 1.59421
12.910 35.357 24.474 2.15349
0.368 37.094 25.215 2.38128
0.000 39.088 25.161 2.72015
0.000 39.572 25.713 3.09777
0.000 39.310 26.093 3.12897
0.000 39.865 25.948 2.77292
1.693 39.590 26.667 2.10748
31.269 34.403 25.072 1.93845
0.105 31.966 24.278 1.45261
0.244 35.265 24.547 2.60637
2.950 37.235 24.857 2.34828
0.000 38.028 25.272 2.20679
0.668 36.156 25.027 2.27295
0.002 36.450 25.271 1.83442
1.043 36.636 25.222 2.83559
1.113 34.992 24.903 2.41002
5.425 33.349 23.812 2.70742
3.413 33.643 23.971 2.79709
1.841 33.971 24.198 2.83239
2.101 32.999 24.057 2.79759
14.857 35.047 24.968 2.12253
14.759 29.842 22.731 2.42717
5.593 30.897 23.270 2.10820
7.419 32.445 23.482 1.95650
2.180 32.421 24.129 2.59686
0.628 35.013 24.484 3.09404
1.487 36.877 25.509 2.41762
38.583 30.572 24.200 1.92083
5.730 28.400 24.378 1.43971
0.705 30.406 23.926 2.24436
8.167 31.348 23.746 2.87376
0.077 31.956 24.351 2.71809
0.003 33.160 24.996 3.04475
0.028 31.662 24.581 2.80649
0.255 32.573 24.685 3.26427
0.046 32.297 24.647 3.23328
2.088 31.688 23.767 3.36396
5.020 32.905 23.584 2.88854
0.001 33.923 24.288 2.86814
0.673 31.959 23.509 2.49126
0.002 32.341 23.871 1.90568
0.000 33.925 24.188 2.05459
0.000 33.523 24.496 2.15353
6.842 34.424 24.508 2.65351
20.449 30.712 24.082 1.55642
11.738 31.115 23.683 1.66332
13.504 32.717 23.920 2.12639
1.048 31.827 22.414 1.78486
0.000 34.380 24.240 1.88152
3.048 33.090 24.629 2.49894
5.624 32.544 24.443 3.34453
17.150 29.333 24.002 2.77431
8.203 28.891 24.266 2.75588
19.719 31.745 24.000 2.89745
23.863 31.949 24.289 2.55643
39.749 30.218 24.527 2.75556
6.290 28.561 23.985 3.42796
0.952 31.663 24.354 3.25647
1.809 29.857 24.336 3.14996
3.775 30.548 24.265 3.40595
0.046 31.243 24.320 3.41742
2.557 31.303 23.788 3.16305
0.935 30.132 24.107 2.88188
1.731 31.589 24.184 2.72217
0.231 30.910 23.848 3.18577
3.534 31.483 24.175 2.73709
9.204 30.451 23.910 3.01834
0.837 30.446 23.747 3.03036
3.000 30.648 23.670 2.76523
51.809 29.646 23.974 2.60113
7.435 27.686 23.749 2.33629
0.790 30.091 23.842 1.61747
20.713 29.039 24.180 1.95512
17.077 29.033 23.905 2.58988
15.111 29.320 24.440 2.93834
6.034 28.725 24.120 2.86068
16.768 29.712 24.034 2.79243
21.556 29.261 23.746 2.27200
9.955 29.677 23.756 2.35937
5.163 29.148 23.400 2.19621
30.680 29.946 23.466 2.19578
11.451 29.539 23.560 2.55733
8.371 28.998 23.343 2.97435
3.963 28.694 23.847 2.50226
0.510 30.731 23.884 3.12268
5.207 30.774 24.377 3.11150
0.020 30.522 24.472 2.60032
8.843 29.444 24.020 2.82419
17.076 28.771 23.631 3.01189
8.468 28.484 23.770 2.81695
2.789 29.664 24.010 3.56015
11.764 29.671 24.127 3.45181
15.349 27.770 24.165 3.35288
11.096 29.737 23.934 3.47937
3.470 29.121 24.224 3.01841
9.799 28.774 23.563 2.79131
5.931 29.397 23.446 2.94469
9.648 29.607 23.811 3.40675
0.109 27.661 23.792 3.00201
0.052 28.727 23.337 3.08379
0.629 30.147 23.487 3.18775
4.971 29.532 23.543 2.89421
0.626 30.568 23.848 2.81068
3.417 29.262 23.892 2.25382
1.766 28.452 23.402 3.15988
16.781 29.042 24.098 2.85509
5.379 29.710 23.740 3.23862
14.621 28.333 23.775 3.10343
6.933 27.632 23.302 2.24858
1.758 31.788 23.504 2.44892
3.573 31.963 23.700 2.02329
2.921 31.127 23.194 1.73326
2.495 30.097 23.620 2.04842
2.823 30.192 23.880 3.01146
17.446 31.026 24.266 1.87377
14.973 30.087 24.202 2.38528
1.813 29.943 23.991 2.65871
1.427 29.883 24.077 2.11591
46.885 30.001 24.179 1.77709
27.868 27.775 23.558 2.95437
3.814 27.600 23.589 2.47211
1.118 30.319 23.530 2.66493
1.606 29.640 23.960 2.43796
0.263 27.787 23.250 2.25067
2.630 29.352 23.886 1.73697
0.135 28.943 23.438 1.74957
6.407 29.567 23.453 1.84434
29.178 30.291 23.191 1.80196
40.460 29.761 23.339 2.04817
0.290 28.888 22.170 1.45031
7.785 29.881 22.892 1.83016
2.169 29.729 23.681 0.85842
3.356 30.830 23.942 0.69755
0.749 31.047 23.196 0.92165
0.000 32.452 23.667 0.77931
3.148 32.712 23.414 0.94958
0.219 32.868 22.555 1.56610
6.670 31.242 22.486 1.85895
15.595 30.936 22.955 1.78647
0.900 31.201 23.147 1.30657
1.319 31.661 24.046 1.38744
2.203 30.775 22.102 2.31772
0.848 29.715 18.442 3.73582
0.065 29.382 19.365 2.95176
0.045 29.952 22.052 1.19570
0.136 31.253 23.415 1.11760
12.740 31.385 21.860 2.42528
11.821 25.389 17.898 4.27966
3.412 23.711 18.131 2.60443
0.017 25.109 18.957 0.83953
0.224 30.114 21.279 0.82890
1.459 30.846 23.129 1.03498
2.377 30.540 23.260 1.13615
2.876 29.233 22.934 0.68682
22.405 30.870 22.830 0.87404
20.633 29.789 23.116 1.83569
3.637 28.870 22.892 2.42840
0.777 28.735 22.030 1.48295
0.006 30.897 21.982 1.42891
0.001 31.150 22.515 2.03182
4.031 30.441 22.931 1.09009
6.989 30.425 22.689 0.95921
5.016 30.298 22.493 1.05737
7.360 28.595 23.047 0.93210
6.353 30.498 23.515 0.50598
0.518 30.210 22.770 0.70377
1.888 30.650 23.065 0.71657
1.233 29.569 23.254 1.30120
1.417 28.432 22.510 1.19878
0.003 29.563 22.365 1.35697
0.002 30.891 22.153 1.65449
0.675 31.048 22.431 1.57308
0.000 32.169 23.376 1.22881
0.000 33.277 23.018 0.56644
0.000 32.886 23.744 0.63375
0.180 31.808 21.890 1.10883
7.279 30.408 21.513 1.36088
0.000 29.909 21.456 2.16823
5.117 28.956 18.890 2.86687
0.000 28.074 18.480 3.31798
0.035 29.157 19.050 3.76283
0.000 28.370 16.714 3.82019
0.000 27.317 16.496 3.70143
0.000 27.680 16.252 4.14778
0.000 27.631 16.973 4.16472
0.137 28.306 18.301 3.97382
0.276 26.383 18.094 3.41420
0.000 27.716 16.893 3.52663
0.000 28.400 17.682 2.88603
0.000 28.279 17.792 2.84189
0.000 28.589 18.229 2.35461
0.000 29.647 19.234 2.22023
0.000 30.789 20.438 2.16680
0.000 31.562 20.140 1.76756
0.009 31.920 20.470 1.79685
0.000 32.767 21.454 1.10105
0.000 32.400 22.086 0.86683
0.000 33.532 22.287 0.64840
0.000 33.895 20.787 1.83922
0.007 29.595 16.783 3.80597
0.000 29.823 17.471 2.97644
0.000 31.505 18.856 2.10546
0.000 31.094 19.382 1.76869
0.000 32.700 19.585 1.47508
0.000 33.712 20.570 1.53281
0.000 34.214 21.285 0.74438
0.000 34.408 21.887 1.35787
0.000 34.296 22.211 1.64250
0.000 35.046 22.209 1.20197
0.000 35.241 22.025 0.96421
0.000 35.617 21.537 0.78638
0.000 35.894 21.631 1.94585
0.000 35.163 20.590 2.32651
0.000 35.229 19.382 3.11427
0.000 29.942 17.515 4.84427
0.000 30.866 17.228 4.35040
0.000 31.851 17.641 3.90363
0.000 33.203 19.348 2.86697
0.000 33.905 21.165 2.02424
0.000 35.125 19.350 3.28225
0.000 29.383 14.707 4.78948
0.000 29.250 14.786 4.26048
0.000 29.260 14.833 3.87236
0.000 30.658 15.329 3.18840
0.000 31.755 16.630 3.53864
0.000 30.596 16.843 3.63753
0.000 32.757 17.262 2.65324
0.000 34.543 19.409 2.26891
0.000 35.178 20.347 1.76734
0.000 35.956 20.309 1.69945
0.000 36.154 20.694 1.64525
0.000 36.111 20.462 1.06164
0.000 36.441 21.170 1.04123
0.000 36.577 22.098 1.25357
0.000 36.524 20.146 2.66420
0.000 32.734 18.705 2.84931
0.000 32.949 19.275 2.06638
0.000 34.169 20.795 1.68358
0.000 34.678 18.905 2.70105
0.000 34.316 19.144 2.94481
0.000 34.500 19.702 2.26630
0.000 34.775 18.549 2.14533
0.000 34.989 18.289 2.09137
0.000 35.372 18.659 1.68740
0.000 35.672 18.685 2.39645
0.000 34.971 18.361 2.24824
0.000 35.942 19.265 1.62101
0.000 36.304 19.682 3.17503
0.000 33.574 18.300 3.97839
0.000 33.922 18.839 2.70446
0.000 35.272 20.108 1.17212
0.000 37.189 20.783 0.81980
0.000 38.028 20.535 0.61314
0.000 37.984 21.387 0.92550
0.000 38.008 22.642 1.89678
0.000 36.762 23.770 1.51184
0.740 35.990 24.970 2.65301
0.000 36.667 23.275 2.72382
0.000 37.274 22.343 3.08462
0.000 37.360 18.728 2.55663
0.000 38.135 17.907 1.45784
0.000 36.548 17.956 2.40714
0.748 35.620 18.526 3.19567
0.000 35.269 19.562 2.65812
0.000 35.352 21.731 2.20005
0.000 36.806 22.059 1.73461
0.000 37.360 20.254 2.38437
0.000 32.924 16.133 4.78731
0.000 32.542 16.613 4.11071
0.000 33.838 17.797 2.41546
0.000 35.659 20.228 2.68564
0.000 34.909 16.057 5.63086
0.000 32.374 16.603 4.43550
0.000 34.050 17.190 2.06977
0.000 36.147 20.377 2.15844
0.000 37.488 21.867 2.48010
0.000 37.778 23.364 1.96411
0.000 37.912 23.485 1.79021
0.000 37.953 18.390 3.90215
0.000 32.125 16.416 4.32699
0.000 29.347 16.620 3.33688
0.000 29.577 15.785 2.90670
1.382 34.721 16.530 2.76015
1.355 34.454 19.741 1.95202
3.580 33.873 21.080 1.62490
0.000 34.777 22.205 1.11596
0.260 35.409 24.222 1.07290
0.000 36.203 24.071 1.59675
0.000 37.868 23.952 1.42482
0.000 39.070 24.159 2.97754
0.000 38.763 24.230 3.63616
0.000 39.427 24.128 3.18912
0.000 39.679 24.398 2.87518
0.000 39.985 24.368 2.94595
0.000 40.025 25.412 2.43575
0.000 40.670 23.737 2.63929
0.552 37.008 23.105 2.52767
0.000 36.254 23.655 1.25579
0.000 38.120 22.779 2.01767
0.548 37.454 23.333 1.78766
0.000 38.244 25.950 2.08439
0.000 38.867 25.177 2.18733
10.452 36.792 23.277 2.81037
0.035 34.241 23.473 2.25101
0.000 36.844 24.048 1.73975
19.257 37.461 25.228 1.48947
0.000 36.604 25.779 1.27527
0.000 33.705 25.192 1.10434
0.000 35.951 25.460 1.73935
0.000 38.160 26.522 2.78337
0.000 39.412 23.956 3.56484
0.000 39.605 22.234 3.44889
0.000 39.817 24.177 3.03222
0.000 40.666 23.577 2.30893
0.000 39.971 22.249 1.55471
0.000 39.859 23.203 1.53810
0.000 40.920 26.529 2.51861
0.000 41.031 26.005 2.12855
0.000 40.802 26.573 1.20665
0.000 41.364 28.017 1.57422
0.000 40.738 28.420 2.51427
0.000 41.677 27.833 3.07816
0.000 42.337 26.698 2.81069
0.000 41.759 25.844 2.20168
0.075 37.303 24.893 3.24043
0.000 40.020 26.088 3.40916
0.000 40.476 27.539 2.99319
0.000 39.900 28.238 2.42937
0.170 39.889 26.892 1.99811
0.053 39.582 26.307 2.34858
0.990 39.729 24.760 3.25432
0.000 39.491 25.399 2.98652
0.000 38.542 26.395 2.61752
0.397 39.681 27.506 1.32948
2.665 34.753 27.393 1.28798
0.470 34.029 25.214 2.43639
0.025 38.700 25.679 2.43281
2.375 38.096 26.364 1.51196
0.000 39.435 27.459 1.78412
0.030 39.745 27.423 1.57117
3.765 40.366 28.857 2.06597
9.193 36.865 26.809 1.43130
0.000 40.292 28.696 0.97866
0.110 40.287 28.928 1.35343
0.000 41.294 27.097 2.39505
0.000 42.845 27.163 2.27247
0.000 43.120 27.004 2.62602
0.000 43.606 26.779 1.89627
0.000 42.982 28.101 1.83607
0.578 39.507 24.831 3.12603
24.940 33.861 22.775 2.69267
0.000 33.841 23.937 1.53200
0.000 36.030 24.591 1.29352
0.000 37.089 25.102 1.09534
9.545 35.622 25.311 2.22574
0.160 38.077 25.201 2.25913
0.000 39.305 25.566 2.39347
0.000 40.333 26.374 2.00567
1.992 38.531 25.893 1.88621
0.000 40.309 26.871 2.31185
0.105 39.570 26.680 2.74695
0.000 39.791 26.346 2.55596
0.000 40.973 25.255 2.88731
0.000 40.940 25.918 2.92946
0.000 41.451 27.932 2.84039
0.000 41.376 28.582 2.46072
2.540 40.142 28.842 1.96572
4.028 37.814 25.770 1.96644
0.000 38.539 26.924 1.38208
0.048 39.400 27.157 2.04403
0.008 39.593 26.922 1.90256
0.000 42.161 28.424 1.40600
0.070 38.152 28.224 2.21466
0.262 38.834 28.362 2.20763
4.550 36.384 26.559 0.85180
73.762 38.884 27.453 1.10413
0.028 37.293 26.593 0.98969
0.000 38.063 27.377 1.67117
0.005 38.231 27.187 2.34218
9.275 37.559 27.091 1.72758
9.530 32.760 26.138 1.05708
0.512 32.504 25.392 1.73603
0.255 36.340 26.092 1.89808
2.325 35.964 25.996 1.90007
0.588 36.824 26.957 2.23674
0.000 35.333 26.716 2.44979
2.945 35.264 26.496 2.53205
50.068 34.404 23.760 2.42331
7.505 31.740 23.840 2.06726
12.500 32.717 24.928 1.84310
3.348 33.456 25.731 2.32443
2.698 32.326 25.236 2.57860
0.435 33.043 25.519 2.72000
14.258 33.909 24.926 2.87591
1.473 32.209 24.952 3.07554
0.330 32.705 25.523 2.92476
8.707 33.030 25.377 2.48057
3.020 34.034 25.541 2.51232
0.000 34.102 25.662 2.35423
39.970 32.690 25.786 1.95825
52.608 30.729 24.482 2.38043
3.520 31.152 24.540 2.19148
0.880 32.007 24.875 2.86624
0.177 31.550 24.766 2.49925
0.898 32.399 24.477 2.72479
0.000 32.575 24.407 2.48457
0.027 33.581 24.488 1.86579
0.102 33.434 25.285 2.00796
0.000 32.693 24.921 1.54972
0.000 33.000 24.813 1.79625
0.000 34.706 25.458 3.05004
9.780 31.985 25.588 2.73291
14.378 32.563 24.795 2.63678
3.655 32.589 24.959 2.61231
8.535 32.504 24.975 2.14213
0.332 31.508 24.759 1.97643
0.202 32.542 24.889 2.20299
0.947 31.845 25.040 2.35413
9.405 31.597 24.667 2.18617
38.502 31.741 25.190 2.10846
4.460 30.083 24.822 2.13916
2.185 31.288 24.215 1.57638
6.162 31.448 24.605 1.45081
0.478 31.467 24.872 1.00929
8.030 30.273 24.559 2.31992
12.527 29.301 24.304 2.50047
13.165 29.573 24.066 3.04908
5.848 28.445 24.016 2.18908
5.080 29.045 23.762 2.21349
0.000 30.374 23.448 1.86746
4.637 31.088 24.421 2.11203
0.000 30.687 24.207 2.58913
0.852 29.995 24.200 2.15585
2.625 30.903 24.210 2.54296
0.000 30.040 23.931 2.35129
0.020 31.721 24.062 2.35562
14.118 31.851 24.044 2.59298
45.595 31.122 24.620 2.22145
0.010 29.405 24.004 2.07315
0.000 31.313 24.094 1.87600
0.000 31.302 24.075 1.83463
0.000 31.667 24.768 1.87143
0.000 32.106 24.223 1.85534
0.000 33.390 25.217 1.96187
0.000 32.534 24.450 2.24454
0.000 31.940 25.001 2.35900
0.000 31.026 24.126 2.16928
0.000 31.963 24.081 2.51814
2.485 31.935 24.674 2.80143
8.635 30.368 24.553 2.43608
0.268 31.016 24.665 1.94379
0.000 31.101 24.377 1.11174
0.745 32.023 24.548 1.61685
3.518 30.682 24.094 0.84556
0.560 31.363 24.688 1.61017
1.625 31.785 25.097 1.78673
5.893 30.265 24.293 1.72936
11.400 30.968 24.376 2.04206
0.627 31.052 23.510 1.97550
4.078 31.590 23.838 1.68175
2.232 31.492 24.212 1.55703
6.565 30.859 24.195 1.61003
35.113 30.684 24.416 1.45954
17.035 28.483 23.806 2.28700
23.380 30.724 24.169 2.41584
1.235 30.029 24.165 2.53766
9.092 29.772 24.154 3.05718
0.163 29.325 23.854 2.37331
0.125 30.756 24.190 1.60524
0.233 30.578 24.326 1.15546
0.000 30.893 24.291 1.05535
4.970 30.983 24.313 0.78012
3.410 32.073 24.909 0.63774
3.278 31.974 24.149 1.13477
24.373 31.126 23.656 1.14163
3.960 30.576 23.971 1.68465
6.703 29.883 23.401 1.49553
8.287 30.264 23.020 1.23781
1.388 30.536 23.885 1.18020
0.000 30.721 23.623 1.32791
0.000 31.635 23.702 1.50954
0.000 31.664 24.664 1.83562
0.000 32.431 24.402 2.06577
0.000 31.480 24.888 2.14398
0.000 30.493 25.006 1.84680
5.895 31.698 24.928 0.99440
0.000 30.237 24.167 1.52934
15.873 29.428 23.713 0.96073
0.908 30.264 23.704 1.08230
1.160 30.736 23.874 0.78215
0.087 31.156 24.107 1.47306
33.030 29.538 23.612 1.89361
3.552 30.271 24.243 1.77814
3.488 30.321 23.787 1.50388
2.583 30.625 23.675 1.88194
39.005 30.037 24.270 2.07611
45.450 28.145 23.133 1.37149
0.323 29.921 22.547 1.37992
0.000 31.780 23.928 1.11311
1.955 31.845 23.835 1.34651
0.107 31.729 24.814 1.99708
0.412 30.580 24.986 1.50283
1.062 30.349 24.528 0.71802
9.115 31.530 23.920 0.75043
18.630 30.309 23.477 1.18906
4.477 30.695 23.973 1.52330
1.923 29.915 22.705 2.39820
0.663 28.618 23.141 2.61300
0.535 29.237 23.612 1.46507
20.288 29.765 24.210 1.29007
0.315 30.558 23.538 2.69572
0.000 31.647 23.946 2.50594
3.245 31.016 22.752 2.70777
1.272 30.895 22.403 2.76713
0.062 29.909 21.465 3.11894
1.207 30.283 21.645 2.53063
0.040 28.302 21.169 1.39355
0.000 29.717 19.692 2.01067
0.000 29.514 21.272 2.44116
5.678 30.086 20.493 2.44055
7.335 30.519 21.263 1.94965
2.908 29.295 21.734 1.49745
1.788 30.960 22.830 1.58018
10.998 30.417 23.434 2.14663
3.225 31.133 23.940 1.70716
26.232 29.444 23.331 1.62218
3.472 29.939 23.398 1.61223
5.965 31.220 23.031 1.63708
9.697 30.669 23.690 1.29943
0.000 31.383 23.193 1.40425
0.000 31.282 22.744 1.71367
0.000 31.731 23.619 1.26814
0.000 32.654 24.837 1.15208
4.875 30.554 20.696 1.83780
0.000 30.286 21.131 2.24974
0.000 30.265 21.294 2.77962
0.397 30.283 20.026 3.49063
0.120 28.987 19.582 3.51116
0.938 29.535 18.632 3.25387
0.085 29.124 18.653 3.04378
0.000 29.350 17.781 2.01065
0.000 30.463 17.587 1.57476
0.000 31.123 18.862 2.09219
0.000 30.217 19.347 2.49112
0.000 31.323 20.467 1.17645
0.000 31.698 22.835 1.17632
3.598 31.447 22.333 1.53783
0.000 32.318 21.343 2.05979
0.000 32.445 22.312 2.89843
0.000 31.046 21.240 3.53746
0.000 29.239 19.887 3.13792
0.000 30.789 19.271 3.10423
0.000 30.828 19.383 3.40288
0.000 29.892 19.405 3.56579
0.000 31.011 19.526 3.20393
0.000 31.876 20.228 2.75886
0.000 32.405 19.066 2.94798
0.000 32.180 17.825 3.35543
0.000 31.137 16.749 3.44296
0.000 31.055 15.796 3.11198
0.092 31.672 16.967 3.03751
0.270 32.071 20.099 3.24282
0.115 33.995 21.544 3.10095
0.000 33.927 22.372 1.97168
0.000 34.229 22.517 2.27900
0.000 34.820 21.785 2.76685
3.377 34.338 21.184 3.56963
21.182 29.479 20.026 4.75310
4.990 26.436 19.854 5.29057
0.195 28.081 17.853 4.14263
0.003 30.161 17.828 3.70544
1.202 30.273 17.718 3.08087
0.073 31.058 18.242 2.68699
28.443 31.452 19.707 3.23464
0.000 28.997 19.966 2.83614
0.000 29.271 21.054 2.56288
0.000 31.068 21.493 1.27917
0.000 32.254 22.632 0.67226
0.000 33.173 23.204 0.68455
0.000 33.357 23.489 1.02903
0.000 33.615 18.890 3.39473
0.000 31.865 19.380 3.73747
0.000 32.464 20.257 3.82277
0.000 32.002 18.962 3.44987
0.000 31.161 16.006 4.55037
1.520 29.355 15.152 4.21129
3.327 28.896 14.454 4.72776
0.490 27.914 14.959 5.08113
0.000 27.502 14.118 5.33670
0.010 27.127 13.766 4.71943
0.000 26.149 14.248 4.80861
0.045 26.097 15.134 6.03851
0.280 21.952 14.020 4.93219
0.000 25.871 14.409 3.56252
0.000 29.611 15.830 2.68288
0.000 31.234 17.438 2.56116
0.000 31.942 17.282 2.82075
0.000 32.039 17.460 2.87816
0.000 32.288 18.501 2.58250
0.000 33.029 19.902 2.39987
0.000 33.645 19.248 3.12075
0.000 32.801 18.679 3.42302
0.000 32.695 18.612 3.39572
0.000 32.776 18.769 3.19200
0.000 32.281 18.241 3.62064
0.000 32.765 18.246 3.93633
0.000 31.744 18.029 3.87566
0.000 31.935 18.485 3.07658
0.000 32.592 19.231 3.52433
0.000 32.710 20.195 3.74106
0.000 31.058 17.026 4.70275
0.000 30.784 14.567 3.84346
0.000 30.271 13.100 3.47776
0.000 29.675 14.054 2.86739
2.125 30.488 15.451 3.78139
0.008 29.561 14.669 3.68463
0.000 30.217 15.319 2.60407
0.000 30.929 17.727 3.14643
0.000 30.631 17.301 4.18768
0.000 28.843 15.164 4.43739
0.000 25.367 12.952 4.92671
0.000 30.090 13.382 3.82913
0.050 28.666 15.263 4.10462
0.000 25.717 13.942 5.28161
0.000 28.375 14.376 4.48915
0.000 29.679 14.773 3.93071
0.000 31.722 15.404 2.88459
0.000 33.714 17.746 3.52613
0.000 33.423 18.082 4.72388
0.000 32.407 18.263 3.96697
0.000 34.136 18.907 2.42255
0.000 35.820 20.873 2.35728
0.000 36.749 21.970 2.46939
0.000 36.427 21.553 2.97965
0.000 36.799 22.213 1.70094
1.305 36.663 22.838 2.10939
1.480 37.349 23.336 3.05733
0.000 34.969 21.874 2.22267
0.000 35.737 22.520 1.51594
0.000 36.551 23.669 1.33189
0.000 37.856 25.233 0.91020
2.655 37.596 18.712 4.72707
0.000 31.406 15.513 5.79509
0.000 29.311 13.991 4.92733
0.000 29.700 14.704 3.96317
0.000 32.173 16.577 3.59549
0.003 32.457 17.615 4.46673
0.000 32.546 16.287 4.20858
0.000 32.887 17.151 3.41904
0.000 35.393 18.798 1.98811
1.250 35.825 20.438 4.72959
0.000 35.113 19.986 4.61114
0.000 34.126 20.231 3.99107
0.000 34.851 19.670 3.57376
0.000 35.605 18.709 3.93464
0.000 34.677 18.829 3.58413
0.000 36.021 19.739 1.44368
0.000 38.526 21.731 2.98414
0.000 34.866 19.027 4.69926
0.000 33.450 16.903 5.17005
0.000 32.580 17.067 4.69670
0.000 33.976 17.932 2.67461
0.000 36.109 19.444 1.39540
0.000 37.585 21.935 1.87726
0.000 38.179 23.739 1.58400
0.000 38.911 26.588 1.60862
0.000 40.035 21.237 4.65539
0.000 37.090 21.253 4.64240
0.000 36.410 22.132 3.02866
0.000 38.198 23.154 2.42035
0.000 37.601 22.898 2.75987
0.000 37.389 23.716 1.70150
0.000 38.706 25.573 1.30492
0.000 39.995 27.005 2.15691
0.000 40.204 25.895 2.17809
0.000 40.856 24.074 2.37956
0.000 40.762 24.981 2.22768
0.000 41.611 25.099 1.20461
0.000 39.852 26.068 2.94992
0.000 38.660 26.444 2.51865
0.000 38.680 27.004 2.33713
0.000 40.673 27.600 2.25650
0.885 35.182 23.675 3.11417
0.000 32.929 24.037 1.64721
0.000 39.578 26.385 3.65751
0.000 39.851 25.310 3.82310
0.000 41.059 25.607 3.04875
0.000 41.426 26.280 2.82448
15.030 37.602 23.378 3.49362
51.080 29.750 20.151 3.84868
0.000 34.352 20.704 1.62638
8.512 34.376 24.033 1.06642
0.413 33.383 24.532 1.46706
0.000 33.844 25.263 1.75841
1.805 34.837 25.300 1.40466
28.877 30.643 24.104 1.05970
0.000 31.320 20.706 2.57717
0.000 33.601 21.408 3.19476
0.000 35.095 22.640 2.08931
0.000 37.074 24.308 1.22698
0.000 38.388 23.085 1.85252
0.000 37.682 22.679 2.87566
0.212 37.886 22.583 3.08589
0.000 35.515 22.056 2.97740
0.717 33.350 23.071 1.59202
0.008 35.636 24.477 1.48515
2.197 35.029 25.216 1.25653
0.170 36.176 25.751 1.57965
14.695 35.431 25.532 1.27831
4.267 32.786 24.880 1.12989
6.230 33.049 24.547 1.59335
15.503 31.597 24.336 1.69166
1.605 32.501 24.023 1.62735
13.185 32.246 24.484 1.11408
1.298 30.999 24.181 1.33010
2.425 32.424 24.649 1.79004
29.205 31.835 24.508 1.61487
0.450 33.244 25.400 0.67525
32.845 33.771 24.876 0.91289
0.343 31.344 24.674 0.85692
2.432 32.236 24.078 1.66466
12.725 29.498 23.454 1.98836
0.078 31.419 23.484 2.04857
0.000 34.029 23.977 1.81673
0.057 33.594 23.393 1.70844
11.230 32.609 22.137 2.69730
0.000 32.264 19.590 3.69655
0.000 33.060 20.952 2.63165
0.000 33.560 21.948 1.55782
0.000 34.385 23.851 1.44260
0.000 33.353 24.229 1.62462
4.217 31.440 23.010 1.65058
0.583 32.553 24.274 1.07775
0.950 30.101 24.169 1.76480
3.282 30.321 23.858 1.32960
4.855 30.367 23.778 2.12621
57.197 30.887 23.938 2.04330
12.585 30.724 23.090 1.70900
0.000 27.454 21.004 2.92830
1.517 29.895 21.614 2.36778
32.720 30.366 23.281 1.55945
0.762 29.615 23.781 1.09332
2.662 29.524 23.153 1.07037
2.898 30.494 23.662 1.74201
8.185 30.150 23.756 1.67030
9.832 30.456 23.838 1.50643
2.420 29.880 23.861 1.50479
11.565 30.299 22.846 1.45657
3.823 30.851 23.470 1.75740
4.303 30.099 23.137 2.45916
0.225 30.812 24.472 1.94522
0.143 29.528 23.555 1.79459
2.797 31.025 24.191 2.17602
1.405 30.546 24.222 2.30906
13.052 29.218 23.550 1.74197
1.610 29.528 23.582 1.37329
8.025 30.064 23.912 1.93706
28.313 30.688 24.053 2.55020
19.895 29.913 24.358 2.58311
0.500 28.592 23.845 1.96670
0.440 30.950 24.320 2.54431
7.850 30.992 24.162 2.84540
0.000 30.625 24.359 2.56855
38.900 28.440 23.396 2.25068
0.015 30.273 24.182 1.98492
0.000 30.991 23.333 2.89355
0.178 31.332 24.133 3.31312
1.703 30.927 23.735 2.97439
9.238 29.265 23.769 2.09160
4.175 28.579 23.562 1.83630
2.122 28.950 23.376 2.29593
2.238 30.345 23.760 2.13746
0.025 30.655 24.496 1.76268
8.208 28.811 23.633 1.68729
0.640 29.116 23.817 1.64275
75.970 29.516 23.675 2.34514
0.022 29.673 23.904 2.24232
22.925 29.151 24.023 1.99466
22.113 27.648 23.604 2.95199
2.433 29.607 23.522 2.90282
0.000 30.146 23.585 2.98779
0.000 29.276 23.144 3.02993
0.137 30.648 24.032 3.00253
0.278 29.764 23.483 2.57565
0.000 28.955 23.743 2.01910
0.993 28.846 23.029 1.74609
0.003 29.850 23.232 1.63960
0.000 31.029 23.830 1.42031
0.000 31.058 24.568 1.78028
0.000 30.235 24.245 2.15862
7.515 29.576 23.776 2.24043
2.462 29.478 24.092 1.85134
30.270 28.487 24.060 1.67696
22.782 28.350 23.609 1.41226
18.092 28.477 23.531 2.19993
2.377 28.904 22.956 2.28072
0.000 30.003 23.335 2.17265
0.000 30.315 24.031 2.54273
0.000 29.707 23.905 3.03533
4.730 30.374 24.025 3.05261
0.000 29.967 23.915 3.17882
0.000 30.266 24.047 2.96597
2.980 28.828 23.908 2.87135
0.013 28.071 24.402 2.03219
0.010 29.877 24.454 2.66864
0.000 29.494 23.952 2.26101
0.000 30.143 24.439 2.15968
0.435 29.220 23.510 1.79864
0.000 30.025 24.065 2.21834
0.000 30.618 24.075 2.41247
0.000 29.790 23.823 2.82223
15.145 29.026 23.898 2.94026
18.102 29.358 24.385 2.74479
11.590 27.528 23.455 3.42993
8.948 28.212 23.598 4.06624
8.180 29.106 23.684 3.91194
3.850 29.723 23.830 2.93482
5.330 29.408 24.445 2.91329
20.567 30.473 24.647 3.06547
45.358 29.567 23.867 2.40236
38.808 28.869 23.828 2.94581
7.340 27.776 23.647 3.46777
3.715 27.874 23.304 3.55415
0.783 29.195 23.316 3.95076
0.265 27.576 22.940 3.55278
5.840 28.717 22.399 3.64474
2.602 28.382 22.075 3.72972
0.175 29.157 22.810 3.39743
0.470 30.541 23.633 3.10874
1.110 29.068 23.897 2.80070
5.875 28.301 23.381 2.73309
0.000 30.461 23.343 3.31501
4.402 28.384 22.244 2.93042
20.255 30.745 23.174 2.85265
3.928 29.023 22.970 2.27337
0.050 30.000 23.211 2.15062
1.443 29.165 22.937 1.43894
0.575 28.882 22.521 1.26930
0.000 30.943 23.947 1.46210
8.678 28.975 23.374 1.14700
0.000 30.565 23.530 0.99731
0.000 32.573 24.287 1.13401
0.520 31.158 24.261 1.69075
7.735 29.613 23.890 1.43906
5.458 28.339 23.561 1.96793
0.237 29.982 23.475 1.22160
0.887 29.214 23.524 1.27807
4.217 29.288 23.220 1.28221
2.458 28.891 23.068 1.47553
13.370 29.050 22.876 1.88005
0.000 28.764 22.807 1.80552
1.333 30.227 23.491 1.37619
1.403 29.485 23.113 1.30867
2.013 30.132 23.113 0.81809
0.000 31.755 23.288 0.95558
6.223 31.702 23.872 1.05151
22.170 31.424 24.367 0.80297
4.460 27.513 22.542 1.75811
1.645 28.909 22.903 1.60046
0.285 28.396 22.867 2.39836
0.990 30.283 23.332 1.85898
4.540 28.335 23.207 1.95644
6.325 28.296 23.114 1.82630
1.240 29.163 22.863 1.89488
5.472 28.566 23.258 2.51029
0.255 28.759 23.713 2.10683
4.155 28.715 23.528 2.05909
2.743 29.140 23.513 1.68474
7.392 28.995 23.729 2.32833
1.180 29.042 23.675 1.94027
75.890 28.869 23.740 1.81011
47.607 28.303 22.996 1.55929
22.873 29.219 23.312 1.76865
0.847 27.976 23.551 0.97628
3.185 29.439 22.188 1.67586
0.000 29.819 22.089 1.88449
3.275 28.800 22.360 1.87523
3.868 26.988 22.591 1.02357
1.180 28.259 22.925 1.40428
0.000 29.814 20.484 2.08796
0.797 30.444 21.770 1.87379
3.182 29.896 22.403 2.35458
18.302 29.693 22.795 1.66748
15.100 28.894 22.270 1.66061
14.097 30.298 22.535 1.32045
0.000 29.955 22.178 1.88633
0.000 30.012 22.207 2.05036
0.000 30.453 21.747 1.87776
0.000 30.722 22.629 1.20191
0.360 31.223 23.275 0.70324
0.053 31.762 23.306 0.90703
5.375 28.594 22.857 1.08190
3.977 29.770 23.139 0.89270
0.093 30.195 22.419 1.86411
1.618 30.766 22.852 2.36990
0.120 29.502 22.035 1.39357
0.092 30.165 22.388 1.54907
8.573 28.401 22.390 2.17503
0.000 28.748 19.314 3.67138
8.547 28.211 16.443 3.43548
14.820 25.855 17.290 2.87082
0.507 24.503 17.970 2.01900
0.000 29.437 19.848 1.29344
0.000 29.695 22.323 2.24985
7.052 30.212 21.226 3.72768
0.715 28.401 21.688 3.63960
3.150 28.073 23.199 2.46890
0.078 29.043 22.349 1.66800
0.000 29.762 21.749 1.70593
0.000 28.499 21.445 1.98053
0.000 29.653 22.188 1.61703
0.503 30.278 22.783 1.35065
4.245 29.399 23.317 1.63200
1.425 29.041 18.084 4.12861
5.312 26.551 16.900 4.58923
3.175 26.089 17.079 4.06051
7.987 26.721 17.927 4.05269
13.717 27.072 19.310 3.73831
0.633 23.897 19.743 2.59827
0.000 29.558 20.963 1.09000
1.530 30.361 23.034 0.82168
2.988 27.350 22.345 1.10557
0.055 30.170 22.323 1.14526
0.000 30.362 22.610 0.83331
0.000 30.904 23.637 0.74238
0.125 30.250 21.861 1.13643
0.000 30.138 20.022 2.40493
0.000 29.392 19.525 3.00486
0.000 26.582 18.195 2.88377
0.000 27.714 17.877 3.87084
0.000 27.121 16.636 3.10700
0.000 26.742 15.777 2.99286
0.000 26.590 15.504 2.86166
1.277 27.418 16.624 2.66479
0.000 28.067 19.152 2.44669
0.000 29.347 20.665 2.18580
0.000 29.196 19.117 2.48557
0.000 29.727 18.604 2.22748
0.000 30.191 19.031 1.95157
0.000 30.325 19.875 2.46613
0.000 29.447 17.539 4.41056
0.000 26.460 14.380 4.27684
0.000 26.162 13.860 3.80615
0.000 26.850 13.661 3.93356
0.035 26.608 14.144 3.98668
0.988 27.672 16.324 4.08115
0.000 26.896 17.346 4.01426
0.000 25.110 15.459 4.14260
0.002 24.866 13.444 4.08088
0.000 25.406 13.636 4.13249
0.000 26.609 13.136 4.12995
0.000 25.393 12.579 3.64863
0.060 26.701 13.265 3.09953
0.023 28.174 16.592 3.13455
0.470 26.511 17.086 2.89382
0.075 29.488 17.233 3.65279
0.000 28.264 14.817 4.02395
0.000 27.823 15.233 3.54359
0.000 28.883 15.765 3.08393
0.000 27.963 17.100 3.90412
0.000 25.814 14.161 4.56086
0.000 26.038 14.670 4.76428
0.000 26.024 11.159 4.87026
0.000 25.462 10.617 5.56422
0.000 21.099 7.167 5.36581
0.000 21.429 5.802 4.35975
0.000 21.122 6.180 3.97852
0.000 22.469 6.972 3.50611
0.000 23.764 7.958 3.32999
0.000 25.617 9.705 2.79215
0.000 28.283 12.158 2.79851
0.000 29.097 15.380 2.40433
0.000 31.811 17.825 2.84753
0.000 32.620 17.247 2.88329
0.000 32.707 17.751 3.12803
0.000 31.799 18.122 3.31304
0.000 32.749 18.649 2.34345
0.000 33.431 18.774 1.82377
0.000 34.979 18.517 1.75182
0.000 35.182 19.496 1.00551
0.000 35.017 20.680 1.68450
0.000 34.039 21.967 0.91556
0.000 34.745 22.397 0.96102
0.000 35.555 21.384 1.43868
0.000 36.152 22.514 1.04928
0.000 36.241 23.686 1.23863
0.000 35.159 22.624 0.81482
0.000 36.768 20.965 1.37197
0.000 36.436 19.988 1.11856
0.000 36.053 21.075 1.81808
0.000 33.881 20.738 2.79329
0.000 27.636 16.146 4.17364
0.000 23.452 14.432 4.28281
0.000 28.046 14.822 3.64418
0.000 30.771 16.975 3.23916
0.000 31.999 17.617 3.29635
0.000 33.388 18.743 1.96819
0.000 34.040 20.047 3.44469
0.000 31.147 16.437 5.20783
0.000 28.280 13.170 6.01504
0.000 27.033 11.443 5.54831
0.020 29.223 12.138 4.25093
0.003 30.396 13.907 5.08407
0.000 29.799 13.469 5.29153
0.000 29.487 10.666 5.51900
0.000 27.171 11.228 4.95107
0.000 29.445 12.056 3.43205
0.000 30.516 13.827 2.77349
0.000 32.770 15.086 3.04650
0.000 33.592 16.420 3.97171
0.043 32.877 13.917 4.10170
0.000 31.874 14.119 4.36310
0.000 32.147 14.742 3.44952
0.000 32.566 15.505 2.41908
0.000 34.694 16.210 1.69689
0.000 35.723 17.854 1.93126
0.000 36.895 19.339 1.16390
0.000 37.717 20.192 1.23779
0.073 38.508 20.883 2.75155
0.000 36.412 20.603 4.17283
0.000 36.059 20.955 3.18367
0.000 36.181 21.358 2.87790
0.178 36.757 22.700 1.36602
0.052 35.100 24.539 1.75650
0.175 32.340 24.534 1.49540
0.320 35.032 23.838 1.69273
10.718 35.589 24.580 1.80031
0.000 34.862 25.086 1.32207
25.925 34.171 20.448 2.11536
1.612 27.999 15.710 5.15746
4.662 25.087 13.630 5.16654
0.000 30.870 14.480 2.97112
0.000 33.742 16.522 3.59606
0.505 27.499 15.706 4.52479
0.175 26.900 16.107 3.67719
0.000 31.180 17.047 2.50488
0.000 33.259 19.912 1.60249
0.000 33.828 22.329 1.00625
0.000 37.354 23.430 0.97858
0.000 37.068 22.949 1.38013
0.000 37.194 22.855 1.20584
0.000 37.610 24.621 2.11462
0.000 32.233 23.709 2.70754
0.000 36.335 23.766 2.42133
0.000 37.495 23.756 2.71097
0.000 38.251 20.395 2.28645
0.000 38.735 21.977 1.39476
0.270 38.827 24.280 1.83460
0.000 36.972 24.519 2.58835
0.000 38.676 25.167 2.26777
0.000 39.692 26.735 2.52184
0.000 38.534 25.543 2.32385
0.000 38.201 26.467 2.07211
0.553 38.148 26.088 1.78262
0.000 38.431 27.324 1.61341
0.000 38.754 26.991 1.64330
0.007 39.312 24.165 3.07830
0.000 37.785 21.845 5.34470
0.000 36.031 21.189 5.44959
0.000 35.971 19.765 5.58553
0.012 36.033 21.158 3.39502
0.000 38.637 21.258 3.49206
0.000 39.037 22.286 2.61107
0.000 38.816 23.212 1.61080
14.055 37.220 26.546 2.75807
0.000 38.242 27.055 2.80630
0.000 40.884 28.156 2.89686
0.000 37.935 27.718 2.54192
0.000 39.436 27.301 2.33725
18.970 37.777 23.954 2.57953
0.000 32.754 23.918 1.95403
0.000 37.066 24.322 1.49544
2.563 38.449 25.144 2.12532
0.000 39.646 26.301 2.72811
53.897 31.778 23.937 2.39623
28.975 29.489 23.568 1.78286
17.107 30.443 23.288 1.61254
7.337 29.488 22.460 1.52889
0.143 32.147 23.838 1.19381
4.793 29.983 19.684 2.48247
0.980 31.664 20.229 3.62989
0.040 31.919 21.389 1.40587
0.042 33.525 24.322 0.83857
0.262 33.169 24.593 1.42760
1.182 30.526 24.846 1.20170
7.705 31.545 24.786 0.85668
27.740 28.916 23.989 0.89042
0.000 31.470 23.660 1.32061
0.000 30.924 24.073 1.83894
0.050 32.194 24.298 2.03032
1.643 30.717 24.054 1.56075
0.812 31.562 24.586 1.26339
0.098 30.125 24.211 1.40853
25.583 30.662 24.194 0.98378
0.273 31.091 24.398 0.92648
0.030 31.747 23.946 1.43093
0.080 31.706 23.849 1.32612
55.760 32.237 23.456 1.26555
0.052 30.875 24.025 1.16981
0.000 30.803 23.153 0.86987
0.000 32.098 23.625 0.73929
0.000 32.259 24.269 1.24070
1.295 31.085 24.293 1.74136
1.445 31.920 24.484 2.15835
6.368 31.953 24.841 2.19135
15.067 29.422 24.422 1.86818
15.208 27.540 23.139 1.83016
6.602 30.535 24.042 1.43363
1.707 29.817 23.780 1.91604
22.420 29.226 24.419 2.31015
14.080 30.636 24.325 2.79109
5.360 31.520 25.025 2.44106
2.710 30.195 24.722 2.21890
10.540 28.965 22.641 1.93080
56.567 29.420 23.522 2.11061
22.218 30.056 23.906 1.43845
2.428 28.553 23.929 0.93741
19.935 30.199 24.306 1.96577
0.927 29.959 23.959 2.14810
0.318 30.841 24.482 2.27083
1.297 29.534 24.206 2.52889
0.685 30.203 23.893 1.99712
0.000 31.177 24.615 1.63707
1.860 31.570 24.426 1.48854
9.530 30.409 24.205 1.23641
45.425 30.581 23.844 1.51043
13.430 30.040 24.793 1.41105
3.978 27.369 23.867 1.76607
0.013 30.574 23.590 2.37734
0.328 30.026 23.373 2.02469
1.738 30.103 23.755 1.11036
10.028 30.908 23.791 1.75557
0.287 30.297 24.189 2.30378
11.903 29.756 24.422 2.39975
7.868 29.193 23.846 2.91432
3.273 29.088 23.731 2.99926
0.000 30.604 23.647 2.84909
0.880 30.515 23.951 3.26339
1.490 28.998 24.056 2.82981
19.120 29.834 24.194 2.42698
39.718 27.754 23.899 2.33787
17.395 29.868 24.410 2.41982
39.445 27.933 24.342 2.58695
22.520 29.206 23.934 2.18601
35.097 30.063 24.215 1.78392
3.045 28.207 23.651 1.72014
19.182 29.451 24.541 2.34499
12.208 28.986 24.069 1.98959
26.155 27.967 23.637 2.63150
12.005 26.303 23.791 2.89214
3.595 27.383 23.610 2.72874
1.607 27.906 22.858 2.20344
1.825 28.573 23.262 1.74511
0.565 30.051 23.385 1.45106
0.740 30.049 23.917 1.05885
10.648 30.949 23.885 0.71922
27.847 29.191 23.425 1.48091
26.040 30.204 24.482 1.12490
20.375 30.672 24.153 0.96850
2.997 29.870 23.680 1.30537
31.303 30.420 24.268 1.11051
1.358 28.274 23.036 2.29274
1.523 29.741 23.886 3.02912
3.633 29.180 23.395 3.69464
3.645 27.942 23.671 2.95953
17.062 28.010 23.705 2.41676
4.265 28.562 23.097 3.82893
1.280 27.306 22.389 3.51712
0.000 28.257 22.730 3.21096
0.335 30.094 23.410 3.20353
6.417 29.893 24.224 2.67757
29.090 27.314 23.721 3.15037
5.210 26.843 22.661 3.46621
4.202 27.321 22.792 3.15992
2.257 28.722 23.369 3.13338
7.717 27.986 23.527 2.93789
2.187 28.512 23.390 2.15477
17.542 29.283 23.635 2.14365
1.043 29.137 23.875 2.16816
6.140 28.461 23.706 2.23315
47.213 28.654 23.402 2.58583
3.858 28.759 23.619 2.51220
0.522 29.142 23.445 2.86099
16.772 29.676 23.733 2.35198
1.797 28.042 23.274 2.45235
0.700 29.845 23.545 2.00919
4.195 29.433 23.821 1.91378
1.458 29.097 23.383 2.78643
0.735 30.047 24.050 2.59587
17.045 28.580 23.550 2.82201
13.795 28.708 23.762 2.56903
2.895 29.106 23.335 2.05786
3.768 28.431 23.348 1.45945
12.750 28.081 23.220 0.85437
3.720 28.948 23.026 1.40677
0.113 28.976 22.901 0.98971
3.740 29.550 22.786 1.29842
0.745 31.448 23.302 2.15091
1.288 31.878 24.077 2.25848
0.068 29.914 23.831 2.58360
0.350 29.776 23.381 2.88288
0.822 30.454 23.639 2.71411
0.848 30.536 23.765 2.18027
4.917 29.071 23.489 1.85939
20.882 29.698 24.215 0.70379
8.275 29.320 22.716 1.50069
24.383 32.171 24.135 0.72857
7.257 31.808 24.497 1.62699
42.610 28.063 23.658 4.78327
15.217 26.944 23.631 4.84286
9.260 26.284 23.470 4.10730
6.370 27.855 24.044 2.85243
77.540 28.878 24.414 2.49355
8.742 29.037 24.129 2.24665
5.883 29.338 24.142 2.88970
1.567 28.348 23.399 3.29899
4.840 27.346 23.576 3.60197
35.998 29.297 23.730 3.10712
5.562 28.279 23.065 2.91473
19.628 27.449 23.697 2.75212
32.645 29.100 23.331 2.45530
13.807 27.837 22.417 2.54038
3.172 27.406 22.824 3.01155
1.995 28.796 22.760 2.69095
5.277 28.727 23.163 2.10975
2.995 28.438 23.095 1.14671
3.273 30.310 23.304 1.08896
64.235 27.765 23.345 3.19899
0.020 27.245 23.335 2.88291
2.122 28.838 23.363 1.61337
3.920 29.737 22.347 1.54358
0.000 29.751 19.028 2.28037
0.000 29.901 17.670 2.04355
0.000 29.344 19.682 1.98188
0.000 29.323 20.173 1.75522
1.375 31.434 21.121 1.75330
0.277 28.896 22.083 2.13266
0.020 29.935 22.004 2.11145
0.000 30.430 22.096 2.36387
10.527 30.564 22.419 1.56614
0.000 30.243 23.472 0.99631
0.013 30.091 22.819 1.34265
0.062 29.646 22.658 1.14695
0.102 30.857 23.515 1.10820
3.575 29.686 23.428 0.86966
0.180 29.557 22.753 1.14751
6.098 29.561 22.641 1.18657
16.350 28.873 22.875 1.26524
0.303 30.373 22.461 1.09580
0.000 31.309 22.494 1.37103
0.425 31.463 23.090 0.81734
1.113 30.239 23.890 0.73162
2.105 29.712 22.771 0.86371
0.188 30.956 22.241 1.47360
0.135 30.818 23.112 1.78132
0.000 30.940 22.161 1.67565
0.173 30.810 22.943 1.57539
5.028 30.296 23.152 1.82502
5.735 29.359 23.539 2.03857
3.253 29.434 23.194 2.25527
0.495 26.097 20.134 2.33277
0.412 27.823 17.667 2.74364
0.087 26.678 17.995 2.28170
0.055 26.380 18.684 2.88649
0.338 28.424 19.497 3.48840
1.487 29.308 19.910 2.74727
1.395 28.358 20.697 1.65523
0.000 29.137 22.401 1.89533
9.925 31.102 22.938 1.12456
18.485 29.354 23.498 1.66257
1.698 28.457 22.814 1.56725
0.000 29.997 22.190 2.07673
0.000 30.955 22.075 2.49432
0.000 30.800 22.092 2.34040
0.102 30.659 22.900 2.53733
0.547 30.771 22.511 2.69244
0.005 30.385 18.686 3.44427
0.000 28.007 18.058 2.51065
0.000 27.820 16.428 3.19570
0.000 25.606 12.479 3.51754
0.000 25.579 12.148 2.99421
0.000 25.285 12.838 2.41058
0.000 26.503 12.072 2.31744
0.000 26.355 13.185 1.72685
0.000 28.503 14.213 1.01912
0.000 29.219 14.266 1.65255
0.000 28.920 15.109 2.06526
0.000 28.891 16.719 1.88707
0.000 29.921 18.969 2.85287
0.000 30.097 19.642 3.60318
0.000 28.677 16.849 4.04998
0.000 27.903 16.955 3.49001
0.000 29.946 17.649 3.23826
0.000 31.059 18.653 3.64539
0.163 29.937 19.131 4.16751
0.000 29.141 17.375 4.26898
0.118 30.149 17.846 3.05229
0.000 31.276 20.240 2.95210
0.000 26.425 15.235 4.99355
0.000 26.124 13.791 3.95192
0.035 27.890 14.336 3.47323
1.400 29.575 15.847 2.76137
0.000 31.041 18.744 2.59796
0.000 32.232 21.434 2.02551
2.600 31.164 20.655 2.49306
0.000 32.973 21.571 3.31893
0.000 33.014 20.162 3.20799
0.000 32.713 20.152 2.29903
0.000 33.822 21.062 1.82814
0.000 33.848 21.100 2.37707
0.203 33.353 18.991 2.91677
0.050 30.797 15.618 4.46482
0.000 28.315 14.862 3.37013
0.000 30.263 15.615 3.00037
0.000 31.063 18.777 2.98930
0.243 30.850 20.482 3.82993
0.352 31.490 19.758 3.17348
0.000 31.414 20.333 2.26491
0.000 33.435 20.942 3.50509
0.000 32.944 19.675 3.55437
0.000 32.829 19.240 4.23773
0.000 26.490 16.522 4.46245
0.000 29.093 16.960 3.85423
0.000 31.640 17.492 3.17123
0.000 33.187 19.316 3.50133
0.000 33.069 18.973 3.27658
0.000 33.808 19.400 2.71035
0.000 34.618 20.318 2.40576
0.000 33.979 19.493 4.18697
0.000 29.190 16.260 4.59399
0.000 30.669 15.241 3.68736
0.000 29.170 13.655 4.02067
0.000 28.983 12.968 3.68811
0.000 29.779 13.630 3.36862
0.000 31.496 16.800 3.60066
0.000 31.860 18.395 3.84576
0.000 32.086 19.726 3.94027
0.000 31.749 19.612 3.00270
0.000 33.660 18.389 3.57255
0.000 30.955 14.937 4.08393
0.000 30.781 15.477 2.69428
0.000 31.714 16.110 2.26487
0.000 33.270 17.371 2.50342
0.000 33.198 18.064 3.34167
0.000 31.295 20.319 2.26208
0.000 32.323 20.790 1.14638
0.000 34.550 21.319 1.67270
0.000 34.994 22.293 1.03574
0.000 35.655 20.763 2.14203
0.000 30.622 19.166 2.88659
0.000 34.079 19.882 2.11785
0.000 32.643 21.659 2.43158
0.000 32.849 19.453 4.12847
0.000 29.064 19.672 3.11516
0.000 29.214 16.549 4.96289
0.000 30.390 16.832 5.07448
0.000 32.470 17.459 3.61427
0.000 33.996 18.409 2.58465
0.000 34.917 20.461 3.10062
0.000 34.659 21.073 3.29326
0.000 35.973 21.596 1.07329
0.000 36.771 24.302 0.97379
0.000 37.720 25.267 1.29792
0.000 38.458 25.522 2.37950
0.000 37.567 24.813 2.53195
0.000 38.208 20.746 2.69175
1.265 35.935 20.124 3.13900
0.320 28.277 15.227 5.30000
0.000 31.068 15.934 4.26811
2.598 33.889 16.965 2.54122
0.000 35.564 18.912 1.19577
0.000 35.726 20.240 1.97050
0.000 34.912 20.023 2.92948
0.000 36.181 20.556 2.68736
0.000 36.774 19.244 3.87786
0.000 36.495 19.912 1.76024
0.000 36.984 21.355 1.33211
0.000 37.110 20.035 4.35151
0.000 35.232 19.659 4.50290
0.005 35.399 17.555 4.79811
0.000 32.821 15.900 4.97384
0.002 33.245 16.603 2.96574
0.000 35.421 19.003 3.86888
0.000 36.086 18.404 5.74553
0.000 30.214 14.371 5.68735
0.000 31.736 15.290 5.06000
0.000 31.091 14.839 4.75641
0.000 32.822 15.727 2.88941
0.000 34.887 17.933 2.29592
0.000 36.796 19.851 2.66789
0.000 36.349 20.725 2.11961
0.000 37.433 21.481 2.35759
0.155 37.371 22.886 1.35459
0.227 35.676 24.976 1.94612
0.000 38.441 24.866 2.18782
0.000 38.366 20.619 3.46514
0.000 35.958 21.075 3.13288
0.000 36.571 21.661 2.50220
0.000 38.047 19.165 4.03137
0.000 35.844 17.700 4.26021
0.000 37.407 18.715 2.08522
0.000 39.280 20.947 4.36352
0.000 35.646 19.529 4.81634
0.000 37.028 20.517 1.38315
0.000 38.710 23.054 1.56528
0.000 39.516 26.018 2.54481
3.790 30.099 22.161 3.94941
0.458 31.337 20.228 4.12484
1.763 27.126 20.239 2.77649
0.577 32.278 21.473 2.81751
0.418 32.034 19.772 4.07325
1.155 31.555 20.598 2.15747
0.000 34.564 22.902 1.76245
0.000 37.057 25.586 1.27638
2.460 36.769 25.045 1.93290
0.897 38.230 26.306 1.63481
2.990 32.956 24.399 1.75476
22.458 33.199 24.091 1.22471
1.690 33.111 23.865 1.79268
7.977 30.962 23.571 2.03627
0.000 33.970 23.862 1.54496
0.735 35.243 24.788 1.95100
0.000 34.042 25.031 1.70307
1.208 34.573 23.949 2.10020
19.587 33.075 24.022 1.91017
0.000 34.526 23.641 2.83540
4.498 35.862 24.375 1.57296
0.010 29.984 19.733 3.71280
0.000 34.499 21.083 1.85992
0.390 36.248 24.069 1.69759
0.315 35.510 24.074 1.62052
0.000 36.810 24.363 1.58558
0.000 36.985 25.240 1.39115
0.000 38.358 25.650 1.56077
0.000 36.166 26.536 1.90871
0.000 33.388 25.997 1.02511
0.000 36.151 25.944 1.94908
0.000 38.468 24.780 2.65404
0.000 39.691 25.977 2.31958
0.000 40.424 26.903 1.51138
19.915 35.661 20.195 5.10461
0.020 33.432 21.055 2.44502
0.000 37.744 22.820 1.20472
0.000 37.085 24.427 1.71335
1.185 37.448 25.635 1.27953
0.000 38.039 26.161 1.20999
0.000 39.266 26.972 2.24168
0.000 38.818 27.241 2.75976
0.000 41.674 27.121 3.12624
0.000 42.588 27.308 3.35143
0.000 42.788 27.646 3.32890
0.000 42.591 29.226 2.69113
0.080 37.406 27.625 1.92557
0.000 37.421 25.769 1.73099
5.637 33.796 24.486 2.35282
0.705 36.612 25.385 1.51587
0.545 35.178 25.951 1.22945
1.265 37.846 25.937 2.40047
0.382 33.558 25.133 1.84062
7.487 34.897 24.979 1.52709
28.488 35.869 24.231 1.65303
18.565 33.637 24.798 1.18285
4.172 31.242 24.497 1.04467
20.860 32.420 24.576 1.15326
4.872 33.798 24.699 1.32380
0.085 35.360 25.405 1.48762
0.000 37.895 25.404 2.13130
0.000 37.096 25.067 3.03562
0.000 36.645 25.713 2.00132
34.848 32.627 21.176 2.45157
0.013 31.078 21.706 3.14816
0.000 33.077 23.180 1.74037
0.020 34.404 23.992 1.19788
8.257 34.050 25.267 1.20233
18.162 30.841 23.791 1.85071
7.438 30.340 23.896 2.65245
28.577 29.800 23.909 2.51817
0.860 31.058 23.765 2.53766
0.090 32.049 24.123 2.46259
0.755 31.649 24.372 3.10698
0.000 31.851 24.438 3.11890
1.540 31.292 24.759 2.67518
2.110 31.268 24.849 2.98508
3.375 30.975 24.389 2.72144
0.828 32.081 24.125 2.55142
4.385 30.697 24.419 1.89777
2.655 30.837 24.094 2.05147
9.610 30.837 24.390 2.82203
19.445 30.943 24.279 2.89857
0.777 30.918 23.718 2.31857
1.420 31.260 24.312 1.97406
8.965 31.540 24.645 1.22819
61.367 30.368 24.654 1.04947
0.000 31.513 23.397 0.98450
3.675 31.884 23.982 1.62316
1.068 30.953 24.151 1.86795
15.885 30.242 24.192 1.69245
7.262 30.265 23.879 1.70029
18.700 30.872 24.109 2.28290
8.810 30.532 24.065 2.28180
16.822 29.126 24.089 1.96478
4.628 30.175 24.054 2.37152
1.700 29.687 23.794 2.79892
3.313 29.985 24.015 3.12382
1.950 29.005 23.443 3.69118
0.000 31.353 23.322 3.12757
0.113 31.365 23.342 2.60673
0.000 32.264 24.074 2.41101
0.000 32.592 24.077 2.82436
0.080 31.835 23.662 3.22876
0.052 31.632 24.412 3.23731
26.568 30.248 24.125 2.49256
4.780 30.146 24.367 1.73061
53.835 27.638 24.217 2.30105
6.150 28.867 23.867 2.62654
17.528 28.888 23.862 2.45874
23.775 27.770 23.897 2.77038
14.150 29.030 23.920 3.19556
6.455 29.177 24.086 3.18611
3.670 27.186 23.276 2.30420
4.288 30.393 23.614 2.92518
2.598 30.217 24.240 3.23309
1.910 29.546 24.358 3.71834
4.525 30.488 23.968 3.56312
0.665 29.385 24.091 3.27659
3.227 30.510 23.935 3.46832
0.460 30.108 24.098 3.49078
4.900 28.843 24.024 3.83436
33.740 27.479 23.871 2.84990
30.345 29.020 22.859 1.48767
3.867 29.670 23.217 1.41440
0.000 31.772 24.562 2.38778
1.843 28.123 23.442 2.76552
0.938 30.092 24.079 2.70587
6.250 30.752 24.181 2.64556
10.232 29.785 23.993 2.69462
10.455 29.517 23.369 2.85501
2.288 29.703 23.629 2.97105
0.267 30.775 23.672 2.77788
4.755 31.079 23.821 2.69106
7.060 28.436 23.978 2.52382
16.197 28.561 23.813 3.40440
9.530 28.587 23.543 2.80020
0.115 29.889 23.773 2.20990
0.000 30.452 24.257 2.33663
16.080 29.311 23.690 2.53937
10.943 29.817 23.791 2.57642
26.345 30.097 24.005 2.85020
29.080 30.176 24.030 2.65421
6.470 30.212 23.885 2.85997
0.095 30.056 23.720 2.51874
4.050 30.285 24.194 2.62758
2.390 30.630 23.827 2.69362
1.563 28.995 23.829 2.73146
2.087 29.196 24.034 1.52401
8.792 29.754 23.677 1.31983
0.328 30.264 24.166 1.95382
7.450 29.893 23.873 2.29737
6.060 29.873 24.090 1.95881
12.180 29.830 24.361 2.18443
15.372 27.894 24.068 3.10257
29.042 27.536 23.630 4.29677
3.343 27.742 23.300 3.91902
7.445 29.301 22.952 2.80635
5.412 29.861 23.671 2.03628
0.683 29.355 23.013 2.20161
7.188 28.284 23.593 2.47268
5.185 29.327 23.921 2.76632
16.325 29.288 23.635 2.95049
28.175 29.533 23.822 2.81238
1.025 30.871 24.464 1.99534
5.655 30.939 24.724 1.89308
0.000 31.854 24.583 1.15633
0.185 30.178 23.993 2.16589
1.085 30.635 24.223 2.13212
0.007 30.524 24.415 2.35017
30.603 29.661 23.973 2.29820
38.293 29.313 23.701 2.25719
24.575 29.422 24.288 2.18725
33.040 26.669 23.841 2.63866
1.878 27.884 23.904 1.82445
6.470 29.933 23.803 2.69460
4.925 29.247 23.815 2.36283
12.840 29.917 23.844 2.31198
3.360 28.646 23.395 1.66656
9.365 29.627 24.152 1.86667
19.892 27.370 24.044 2.06194
2.185 27.779 24.105 2.00068
2.537 29.298 23.743 1.80589
2.400 30.011 24.259 1.85163
30.663 28.079 24.011 2.42322
29.055 27.849 23.622 2.14707
24.665 28.172 23.149 1.21197
7.623 28.807 23.393 1.21638
16.305 28.420 23.424 2.07210
2.300 28.207 23.347 1.86925
1.075 29.900 23.807 0.89144
0.070 31.259 23.747 0.61681
21.645 31.107 24.574 1.33016
0.162 29.866 23.722 0.97427
1.665 30.896 23.578 1.09857
1.972 30.589 23.122 1.24773
18.382 30.742 23.664 1.05487
4.945 30.322 23.944 0.94511
41.892 28.569 23.077 1.57670
1.290 29.991 23.406 1.33560
6.948 30.152 23.760 1.44311
3.008 30.437 23.356 1.40876
0.218 31.071 22.456 1.27583
0.000 31.410 22.276 1.73547
0.233 30.632 22.274 1.85420
0.000 31.407 22.538 1.37356
0.000 31.319 22.718 1.89147
0.000 30.723 22.746 2.01926
1.655 31.537 23.454 1.42876
2.580 31.275 23.574 1.12673
2.547 30.108 22.489 2.00551
12.152 29.550 23.216 1.58396
0.450 30.144 23.422 1.30275
8.373 28.528 23.555 0.62491
16.625 30.695 23.751 0.74771
32.910 30.229 21.574 2.11458
0.000 30.004 22.398 1.83562
0.000 30.687 23.172 1.37109
0.430 31.076 23.362 1.79713
1.570 30.455 23.348 1.68859
0.000 30.848 22.855 1.90845
0.000 30.979 21.303 2.46679
0.000 30.569 20.386 2.16862
0.000 30.411 20.951 2.04654
0.000 30.302 21.113 2.84155
0.070 30.158 21.418 2.75045
0.700 29.565 21.757 2.86416
13.728 29.368 21.965 3.09471
32.020 28.529 22.244 4.49740
12.590 27.608 22.785 2.95173
12.733 29.210 22.362 1.68708
0.165 30.114 22.943 1.55945
0.742 31.151 22.806 1.17027
33.720 30.723 23.443 1.47630
0.425 29.517 20.577 3.01694
0.000 29.581 21.291 2.62192
0.000 29.665 21.787 2.15012
19.112 30.336 22.792 1.33762
5.205 29.084 22.143 1.61500
0.000 30.528 22.612 0.94920
0.055 31.055 23.161 0.83710
0.000 30.926 20.804 1.67108
0.000 30.038 20.954 2.83331
0.000 28.754 18.872 4.09378
0.000 29.177 19.315 3.10773
0.035 29.551 19.134 2.80584
0.000 28.793 17.336 3.42199
3.935 26.984 15.821 3.18220
7.610 26.208 15.302 3.36383
31.212 25.879 15.761 3.87140
2.688 26.350 17.368 4.25144
1.353 22.005 14.157 4.57175
0.110 20.545 14.124 3.47921
0.000 23.958 14.390 2.94273
0.000 25.639 14.463 3.20005
2.483 25.667 13.107 3.57314
0.000 25.048 13.686 3.80607
0.000 24.594 13.741 3.31211
0.000 24.273 13.146 2.88934
0.000 25.109 14.119 2.53452
0.000 26.373 15.372 2.22878
0.000 26.659 16.653 2.57637
0.000 26.504 13.137 2.48426
0.000 25.104 14.139 3.17694
0.097 26.605 15.470 2.06451
0.000 27.223 16.450 0.94022
0.000 28.315 16.393 0.98126
0.000 29.182 17.697 1.20934
0.000 30.211 18.646 1.18432
0.000 29.782 18.589 1.52458
0.000 29.735 18.350 1.90580
0.150 29.568 18.656 1.71223
0.000 30.367 20.059 1.54765
0.000 30.559 17.398 2.84714
0.000 29.095 17.681 2.91410
0.772 29.085 16.690 2.78185
0.000 29.006 17.521 3.07540
0.000 23.738 16.187 3.40420
0.000 28.131 16.446 2.58792
0.000 28.265 18.515 2.55500
0.000 30.170 16.527 4.32990
0.000 25.606 13.188 4.52357
0.000 27.048 13.629 3.07050
0.000 28.497 17.024 2.34724
0.152 30.614 19.887 2.42704
0.015 30.265 18.097 3.01149
0.000 29.924 17.605 3.85128
0.000 29.927 17.104 3.97402
0.000 25.442 12.931 5.22039
0.043 23.329 10.254 4.34449
0.382 24.388 10.734 3.35829
0.000 25.434 12.052 3.40099
0.025 25.926 13.939 3.69807
0.000 27.717 15.276 3.21381
0.000 29.231 16.353 3.70217
0.000 28.776 15.358 4.29242
0.012 26.661 12.136 3.76868
0.000 26.940 12.269 2.44460
0.000 28.518 13.601 1.92296
0.000 29.282 14.983 2.85565
0.000 27.434 13.444 4.09013
0.000 27.330 13.938 3.59398
0.000 27.140 14.246 3.42662
0.000 28.537 13.785 2.99783
0.000 28.606 14.952 2.88814
0.000 28.645 14.597 3.61572
0.000 28.723 14.697 3.42042
0.000 29.499 15.023 2.84329
0.000 30.729 16.382 1.98313
0.000 31.451 16.823 1.45387
0.000 32.517 18.013 2.08732
0.625 32.584 18.328 2.92130
0.000 32.511 18.006 1.77297
0.000 33.010 17.756 1.07823
0.000 33.964 18.099 0.92924
0.000 34.670 18.636 0.88657
0.000 35.460 19.340 1.28103
0.000 35.732 20.312 2.56734
0.000 34.968 18.047 4.25838
0.000 30.022 15.567 4.76786
0.000 30.857 15.590 4.38237
0.000 31.785 16.145 2.90551
0.000 33.522 17.879 1.31961
0.000 35.118 18.247 1.62727
0.000 34.648 17.429 2.71034
0.000 33.986 16.885 3.32241
0.000 32.218 15.927 4.44362
0.000 30.601 14.479 4.64147
0.000 31.370 15.236 3.86345
0.000 31.952 17.065 2.63642
0.000 32.749 15.072 3.93792
0.000 30.582 15.058 3.52691
0.000 32.696 15.663 1.72575
0.000 33.745 19.001 1.95193
0.000 33.344 19.067 2.45308
0.000 33.024 19.498 1.35150
0.000 34.501 22.727 0.71009
0.000 36.574 22.107 1.56918
0.000 35.794 22.147 1.25139
0.000 36.666 18.712 3.87087
0.000 34.296 18.611 3.86747
0.018 34.443 18.403 3.22719
0.000 35.671 19.180 2.44698
0.000 37.014 17.966 3.76412
0.000 34.567 17.749 4.04996
0.000 35.026 18.542 2.88224
0.000 34.951 17.467 3.94009
0.000 35.117 17.812 3.42936
0.000 35.504 17.829 4.17111
0.000 34.725 18.878 3.85582
0.000 35.710 21.251 2.30464
0.000 36.541 21.803 2.19409
0.000 37.900 22.477 1.71033
0.000 37.892 22.763 2.58806
0.000 37.075 22.956 1.17295
8.535 37.518 23.728 1.28580
0.000 36.800 24.745 1.38390
0.000 36.498 25.781 0.99499
0.200 35.404 25.018 1.52450
0.445 36.175 23.633 1.86623
0.000 37.337 22.615 2.49578
0.000 37.486 23.238 1.65489
0.000 37.982 20.873 3.67078
0.550 35.107 16.704 6.03057
0.060 30.306 17.380 4.84945
0.000 32.126 17.990 3.79820
0.000 34.591 19.977 2.79113
0.000 36.426 22.618 2.21788
0.000 36.814 23.105 2.40331
0.000 38.335 24.223 1.53523
0.000 38.367 26.638 2.10786
0.000 39.294 26.153 2.25326
0.000 40.708 26.754 1.79773
0.000 41.562 27.531 1.70969
20.990 39.391 23.485 3.19814
0.015 35.629 21.070 3.71087
0.000 36.489 21.513 2.51021
0.000 38.174 22.762 1.57747
0.000 40.107 25.636 1.66551
0.007 38.351 27.278 2.24663
2.028 38.699 24.748 3.44536
0.000 36.769 24.511 2.09853
0.000 34.731 24.432 1.72241
0.000 37.236 25.123 2.04537
0.000 40.433 27.903 1.82836
1.260 37.940 28.226 1.91035
4.010 35.488 24.630 2.14834
30.055 34.424 24.897 1.85259
0.888 33.990 23.357 2.05723
0.000 37.217 24.715 1.40328
0.000 36.652 25.836 0.84003
0.100 38.152 24.762 1.92327
0.000 38.948 25.062 2.31000
0.000 38.693 25.111 2.18236
0.000 39.733 25.536 1.92333
0.000 39.879 25.842 1.50123
0.000 39.910 26.206 1.91759
0.000 39.294 27.285 2.44026
1.652 37.656 26.151 2.27919
0.222 33.134 19.867 4.60669
0.045 33.464 20.759 3.36790
0.000 35.204 22.223 1.76483
0.933 37.938 24.677 1.44538
3.008 34.483 25.246 1.50526
0.003 34.475 25.072 1.30148
3.637 39.075 26.580 1.64372
0.000 37.909 26.149 1.94809
21.045 35.774 26.469 1.55895
0.015 36.164 26.479 0.77436
0.000 39.278 26.817 1.96837
1.317 39.874 27.652 2.07352
10.290 33.612 25.305 1.12157
6.955 35.245 25.229 1.66952
1.347 36.375 24.515 1.95119
0.000 34.791 24.440 1.82539
0.000 38.102 25.404 1.72262
0.098 37.269 26.096 1.64408
23.750 34.432 25.938 1.04924
0.752 32.132 25.558 1.01514
10.378 33.704 25.219 0.69396
0.020 34.889 25.576 1.41848
2.515 34.990 24.702 1.22466
0.000 35.607 24.628 1.20474
19.043 36.742 25.772 1.14816
0.000 35.702 26.304 1.00002
16.005 35.355 25.703 1.26288
0.030 32.260 25.115 1.50938
9.608 32.542 25.322 1.51960
3.800 32.855 25.087 1.60910
4.338 32.457 24.882 2.28823
0.277 33.977 24.372 2.82662
4.550 33.853 24.646 3.20919
3.068 32.930 24.546 2.39673
0.035 33.080 24.634 2.25968
3.315 31.963 23.841 2.74576
2.050 30.849 24.209 3.61122
1.422 30.914 23.918 3.36053
2.508 31.653 24.552 4.29431
1.660 31.218 23.910 3.74387
0.205 35.820 24.739 3.25009
0.000 33.996 24.594 2.42665
40.970 33.856 24.992 2.19215
14.930 30.744 24.409 1.47773
24.665 30.477 22.893 1.71488
0.885 29.956 24.002 1.25640
0.310 31.423 23.830 1.79400
2.340 31.545 23.609 2.66594
0.000 32.363 23.676 2.84275
42.732 32.617 24.102 3.16588
0.000 32.308 24.706 3.25388
0.000 30.998 24.204 3.35983
0.532 32.972 24.626 2.97092
0.158 31.906 24.433 3.04329
1.545 31.821 24.300 2.64133
25.278 31.600 24.682 2.89695
3.485 31.530 24.387 2.82300
0.773 31.785 24.639 3.18979
0.700 32.349 25.016 2.90736
32.910 30.741 24.719 3.08288
20.863 29.423 24.276 2.69043
1.705 30.460 24.254 2.67550
14.885 30.212 24.144 3.06881
1.472 28.898 23.065 2.37264
0.105 32.002 23.760 2.17303
0.670 31.687 24.030 2.25992
0.020 31.559 24.237 2.19425
1.260 31.932 24.785 2.22645
1.835 30.711 24.174 2.47603
0.132 31.725 24.884 2.78542
2.877 29.407 23.900 3.19116
7.485 30.756 24.502 2.56297
18.975 29.753 24.528 2.46024
34.198 31.117 24.169 2.93784
15.020 29.226 24.296 2.05382
1.315 29.477 23.354 2.23940
0.982 29.722 24.513 1.99481
23.120 30.447 24.509 1.46120
0.078 30.152 24.412 1.97832
0.980 29.650 24.117 2.00369
2.330 30.452 24.870 2.54097
4.193 29.426 24.448 2.98969
59.042 29.925 24.723 3.46720
4.142 28.397 24.194 2.78102
0.123 31.398 24.917 3.27536
6.093 30.071 24.173 3.30232
7.368 29.444 24.186 3.65048
1.463 28.154 24.089 3.18030
10.523 32.157 24.543 3.47689
2.225 30.537 24.819 3.54060
3.698 31.875 24.911 3.46431
4.565 33.091 24.266 3.30100
0.000 32.587 24.454 3.47062
0.000 32.492 24.450 3.03170
2.582 31.607 24.776 3.00521
2.402 30.161 24.461 2.91339
3.067 27.961 23.426 3.23207
0.162 30.419 23.741 2.82546
1.378 30.011 23.362 3.11733
8.353 30.388 23.479 2.88701
6.247 31.644 22.883 2.88035
0.640 31.062 22.353 2.37106
2.865 31.896 23.221 3.01238
2.225 32.542 24.148 3.39127
2.613 30.737 23.676 3.02593
0.087 31.245 23.980 3.15917
0.332 31.098 24.015 3.02066
43.955 29.930 24.325 2.52528
38.810 28.988 24.424 2.84332
18.783 26.583 23.434 3.03477
16.927 29.856 23.832 3.16511
0.575 30.628 23.331 2.59922
21.698 31.570 24.398 1.97169
15.310 29.255 24.075 1.95275
1.142 30.428 23.738 2.48377
9.165 29.105 24.217 2.74520
3.135 28.661 23.605 3.65308
2.085 28.220 23.413 3.50690
0.507 30.267 23.762 3.19886
0.335 30.181 23.414 3.01182
3.080 29.253 23.632 2.89794
1.525 30.881 24.069 2.55288
9.237 30.444 24.070 2.23665
9.620 29.136 23.693 2.12690
20.255 28.293 23.393 2.01087
6.853 29.292 23.577 2.64620
2.133 27.521 22.786 3.16215
35.173 29.850 22.612 3.39671
10.685 30.016 22.826 3.16260
52.450 27.148 23.257 3.45569
30.370 28.210 23.443 2.43927
9.323 27.200 23.205 3.19104
2.365 28.141 23.053 2.32190
2.870 29.054 23.606 1.10039
1.475 29.933 23.984 0.88442
0.912 29.237 23.203 1.24894
7.410 30.623 23.258 1.40265
1.573 30.375 23.339 1.18428
15.242 29.888 23.528 1.24707
24.500 29.625 23.403 1.24339
15.740 29.909 24.209 1.45182
64.235 28.679 23.523 2.13025
30.488 29.130 23.530 1.62043
8.420 28.337 23.276 1.05532
14.335 29.068 23.659 1.47617
46.283 29.499 23.665 1.28673
9.998 28.613 23.775 1.48578
44.215 30.073 24.005 1.49226
12.770 30.061 23.255 1.24708
31.595 29.285 23.459 1.56506
9.218 28.323 23.761 1.72481
27.565 27.240 22.205 1.57887
1.935 29.852 22.776 0.81887
2.857 31.203 23.133 1.24533
3.060 30.363 23.633 1.69112
7.577 29.134 23.587 1.93821
1.537 28.498 23.679 2.26420
21.352 28.207 23.350 2.46906
30.842 27.932 23.723 1.77989
8.175 29.054 23.039 1.28408
4.588 29.464 23.557 1.06022
3.575 27.640 23.773 1.40292
25.093 28.370 23.650 2.08664
22.200 28.081 22.359 2.72627
2.062 30.060 22.401 3.19300
0.957 29.980 20.886 2.80461
1.925 30.335 21.966 1.92492
0.522 30.606 22.876 1.00272
3.913 30.041 23.163 1.57753
6.597 29.694 23.600 1.39979
8.085 29.238 23.401 0.85185
3.605 29.910 23.290 1.07844
0.200 30.273 22.778 1.63358
0.670 30.683 22.165 1.66204
0.000 31.080 22.137 1.93117
0.000 31.031 22.606 1.83177
0.000 29.727 22.510 1.51877
0.130 30.957 23.810 1.06911
33.780 27.042 20.460 2.59659
1.818 27.959 17.936 3.08343
2.185 27.910 17.380 3.01429
0.000 27.089 14.962 2.67462
0.000 27.011 15.732 2.35908
0.000 27.936 17.272 1.51556
0.000 28.563 15.306 1.73056
0.000 28.503 17.250 1.43961
0.000 29.862 20.900 1.82142
1.270 30.487 22.948 2.10709
1.195 30.229 23.011 1.35018
0.363 30.371 22.593 0.86176
0.007 31.201 23.650 0.80874
6.260 30.503 22.936 1.23572
0.000 31.015 23.624 0.68617
1.083 31.458 23.657 0.85122
0.000 30.253 23.577 1.31856
2.465 29.340 18.952 2.62088
0.002 29.453 19.535 2.86827
6.660 29.496 20.484 2.90212
17.422 27.942 22.334 2.24807
2.382 29.374 22.421 1.54989
0.000 30.585 23.104 0.73576
0.150 30.759 23.605 0.85532
0.413 31.365 23.251 0.95367
5.143 29.837 23.068 1.94844
0.305 28.007 22.003 2.51741
1.050 27.731 18.779 3.46314
0.000 28.183 16.756 4.10684
0.000 25.954 14.842 3.87448
0.025 25.670 15.381 2.89824
0.000 27.695 16.527 2.96373
0.183 28.618 18.557 3.17555
0.283 27.507 17.748 2.85462
0.000 27.939 17.583 2.70911
0.000 29.212 18.334 2.13532
0.410 30.059 21.437 2.00096
0.080 30.287 22.376 1.42118
0.000 30.750 22.607 0.99614
0.000 31.976 23.166 0.90762
2.717 31.747 24.007 0.74480
7.385 30.465 19.528 2.98559
0.060 28.813 19.745 3.16254
0.000 29.640 20.103 2.88606
0.000 30.410 20.911 2.24802
0.000 30.550 22.088 2.87404
0.000 30.910 19.100 3.84947
0.000 28.855 19.146 2.58214
0.000 29.956 19.681 1.97674
0.000 30.937 19.339 3.02728
0.000 29.361 18.194 4.01970
0.000 28.304 17.385 3.45063
0.450 29.167 17.584 2.70866
0.140 30.850 18.108 1.91321
0.000 31.597 19.931 1.98954
0.000 31.416 21.190 1.94193
0.002 31.572 21.658 1.50656
0.000 32.277 22.983 1.28290
0.000 33.460 22.074 1.99963
0.000 33.316 21.303 1.29424
0.000 34.149 22.586 1.13312
0.000 33.149 23.046 1.18363
8.402 34.358 23.341 0.72603
5.050 31.254 16.527 4.54347
0.080 27.010 14.838 4.35209
0.023 29.184 15.277 2.97112
0.000 31.090 16.671 3.03959
0.000 29.768 16.231 3.86693
0.000 30.534 16.764 3.12497
0.000 31.338 19.442 2.66385
0.000 32.156 19.833 2.26965
0.000 32.698 20.608 2.02035
0.000 33.116 21.578 1.11059
0.102 33.621 22.039 1.00584
0.000 34.298 23.068 0.97260
0.313 33.580 21.495 1.06631
0.000 33.621 20.584 1.98502
0.000 33.131 19.483 2.75782
0.000 32.186 19.669 3.29913
0.052 32.005 20.029 2.84716
0.000 32.919 21.094 2.51918
0.000 32.553 13.198 4.41435
0.000 25.235 13.523 4.71547
0.000 25.966 14.671 3.74120
0.000 30.962 16.342 3.13344
0.000 31.704 18.464 2.67869
0.000 31.237 18.834 3.55232
0.000 32.315 19.236 2.78291
0.000 33.472 18.370 2.99709
0.000 29.146 14.941 4.64705
0.000 31.020 15.331 3.25078
0.000 31.801 18.099 2.75513
0.000 30.567 14.014 4.12766
0.000 28.612 13.831 4.23110
0.000 29.356 13.932 3.29668
0.000 30.461 14.533 3.55619
0.000 28.798 13.081 4.11116
0.000 28.394 12.622 3.76484
0.000 28.405 13.206 3.38649
0.097 28.480 13.674 2.56467
0.000 30.999 14.889 2.12925
0.000 32.252 16.753 3.29675
0.000 31.360 16.064 3.51265
0.000 31.681 16.750 2.83878
0.000 32.380 16.448 3.30515
0.035 30.887 15.814 3.17258
0.000 31.804 15.684 2.38265
0.000 32.474 16.535 1.48409
0.000 33.744 16.888 1.40999
0.000 34.287 17.867 1.39301
0.000 33.491 20.552 2.40856
0.000 34.634 20.862 1.81484
0.000 35.417 20.035 1.52316
0.000 33.741 15.677 5.12681
0.000 31.309 15.077 3.99641
0.000 32.322 15.660 3.15537
0.000 33.105 17.860 1.72966
0.000 35.031 18.767 1.81444
0.000 35.993 18.584 2.62320
0.000 35.203 17.744 3.66654
0.000 33.954 17.468 4.74579
0.000 30.757 14.501 5.55699
0.000 28.654 13.622 4.85733
0.000 29.603 14.426 3.46008
0.000 31.368 16.016 1.44828
0.000 34.330 17.131 1.42149
0.000 35.717 18.800 1.40623
0.000 37.188 20.227 2.18785
0.000 38.433 23.326 2.61003
0.002 38.120 23.557 2.79872
0.000 36.867 24.423 2.90815
0.847 36.747 24.069 2.17573
1.113 36.909 25.027 1.50776
0.000 36.044 25.717 1.39082
3.767 33.387 23.542 1.03357
0.023 33.844 23.344 1.35085
0.655 34.802 22.459 1.28771
0.000 34.575 22.764 1.55470
0.058 34.768 23.968 1.29952
0.000 34.456 24.099 0.71924
0.000 35.027 23.627 0.81486
0.000 36.015 24.526 0.92887
0.515 33.706 22.548 2.29059
0.000 34.013 23.398 1.25947
0.000 35.491 23.164 2.04411
0.000 36.028 23.938 1.46121
0.000 37.094 24.946 1.17764
1.660 37.011 25.053 2.00794
0.000 38.183 24.972 2.80627
0.000 38.413 24.388 3.00219
0.000 38.913 23.351 2.80822
0.023 40.232 22.452 2.31142
24.123 35.552 18.701 4.15886
0.012 27.281 18.468 3.97816
0.000 32.206 18.204 3.40173
0.000 32.980 19.024 3.78097
0.000 34.113 20.600 2.44988
0.005 35.851 23.057 2.58346
0.160 34.606 21.275 3.29292
3.053 33.101 21.500 1.49652
0.000 36.829 23.038 0.99544
0.000 38.224 25.545 0.92661
0.000 38.888 27.045 0.89884
0.015 40.050 27.918 0.95600
18.405 37.991 26.105 1.56011
11.490 31.921 21.960 3.16433
0.275 25.878 20.355 2.72259
0.155 33.297 21.197 2.34306
0.000 33.501 22.337 2.25266
0.005 34.655 22.982 3.28866
0.030 34.450 23.176 2.36724
2.013 33.404 24.173 1.48500
1.705 32.189 24.130 1.38540
6.155 30.945 23.012 1.83192
9.738 31.211 23.640 1.05222
14.507 31.015 23.437 1.13835
7.860 34.127 23.921 1.42442
0.258 33.634 24.332 2.22369
0.057 34.917 24.802 2.14653
0.000 36.550 24.727 2.16786
0.000 37.659 25.497 1.56226
0.000 37.050 25.036 1.66496
0.000 34.470 25.052 2.45572
0.000 35.850 24.564 1.76459
0.000 38.539 25.059 1.96991
0.005 37.475 26.122 2.20958
6.598 33.791 25.365 1.50229
0.000 36.909 24.724 1.80497
0.000 38.861 24.341 2.38296
0.000 39.626 24.443 2.20475
0.000 39.520 23.714 1.96126
14.400 36.761 23.158 3.06319
0.045 37.884 24.474 2.02622
0.000 38.416 25.505 1.80988
0.000 37.992 25.457 1.20568
0.752 38.418 25.469 1.99231
0.247 38.963 25.506 1.88975
0.960 38.681 26.306 1.49345
0.538 35.306 25.487 1.73332
0.023 37.895 26.392 0.92205
1.743 35.895 24.886 1.65574
0.000 34.285 25.533 1.06440
19.898 36.872 25.386 1.03369
4.412 33.786 24.831 1.55741
0.047 34.309 24.509 1.31103
2.255 36.162 24.732 2.41795
0.000 35.768 22.533 3.97938
0.000 35.762 24.126 1.25169
3.087 34.935 25.830 1.92245
0.215 32.896 24.492 2.87503
0.000 37.904 25.411 3.40256
0.000 39.889 26.147 3.44068
0.000 40.808 25.974 3.02988
0.000 41.764 27.107 2.73402
18.075 38.043 26.217 2.07395
0.155 33.605 25.242 1.40233
18.030 35.699 24.804 1.77391
8.087 37.076 25.643 1.51214
15.610 34.203 24.443 1.49015
3.467 30.856 24.512 1.32204
0.000 33.015 24.828 1.88515
1.000 35.535 25.531 2.18163
0.000 34.997 25.339 2.49561
0.000 36.490 24.991 3.68282
0.693 36.756 25.075 3.17643
0.148 36.829 25.171 2.77818
10.738 32.150 24.896 1.52690
0.075 32.131 24.288 1.60023
1.642 34.001 24.914 1.98937
0.862 33.346 25.037 1.99482
1.770 30.906 24.944 3.12303
5.263 32.068 24.968 3.26542
1.572 34.843 24.884 3.30733
3.402 34.607 25.119 3.55035
43.965 35.765 25.661 3.63339
0.500 33.183 25.172 2.66407
39.087 30.718 24.631 1.15506
10.967 30.201 24.188 0.83423
1.710 31.455 24.581 1.82017
18.597 30.719 24.199 2.79796
15.883 32.414 24.185 2.92920
1.058 31.445 24.525 2.67890
1.717 31.283 24.402 2.00761
0.098 31.682 24.547 2.23273
0.000 31.635 23.787 2.52973
0.000 34.287 24.881 3.29922
0.000 33.864 24.386 3.28350
0.150 33.924 25.275 3.43520
0.000 32.388 23.984 3.06819
0.360 34.439 24.563 2.89043
0.000 34.845 24.673 3.08743
1.700 33.720 24.822 2.47550
1.427 34.365 25.270 2.59543
4.250 28.120 24.329 2.32816
5.920 30.463 24.310 2.50881
11.490 30.550 24.280 2.57521
2.117 31.342 24.301 3.39091
0.010 31.024 24.019 3.23797
13.973 31.745 24.290 3.00207
9.180 30.961 23.995 2.36600
0.040 31.061 23.702 2.28966
0.215 32.213 24.579 2.03814
0.000 31.953 24.541 3.16839
0.020 33.571 24.592 3.06560
52.443 31.601 24.195 2.60380
31.180 29.316 23.991 2.31591
5.738 29.214 23.508 1.78617
5.120 29.503 23.094 1.07712
16.298 31.476 23.124 1.01460
5.018 31.620 23.942 0.67089
0.315 30.658 24.595 0.59223
0.475 31.654 24.189 0.72483
0.095 31.831 24.572 0.81967
4.277 30.713 23.370 1.69808
3.160 30.842 23.997 2.17523
0.000 31.071 23.929 2.13258
3.733 31.929 24.385 2.09555
0.098 31.202 24.503 2.48433
30.515 30.834 23.935 2.16529
11.760 29.351 23.730 1.75275
0.078 30.380 23.122 1.62412
0.000 31.558 23.797 1.46597
0.000 32.151 23.863 1.21928
0.010 33.083 24.227 1.36107
0.000 33.502 24.833 1.47098
0.000 33.891 24.785 1.99231
0.600 33.220 25.312 2.23918
3.285 30.972 25.047 2.19894
7.127 31.081 24.796 2.42974
2.692 29.946 24.511 3.13965
6.437 29.906 23.893 3.17258
5.825 29.430 23.910 4.08987
4.975 29.870 23.689 3.36014
4.743 30.794 23.532 2.13503
0.685 31.568 24.066 1.52109
4.148 31.433 24.219 1.96858
1.005 30.830 23.439 2.33511
12.343 30.662 23.719 3.07697
0.705 31.164 23.736 2.68627
6.787 32.476 24.215 3.03023
6.905 31.724 24.474 2.45734
1.057 30.439 24.793 1.21269
12.238 29.962 24.209 1.85207
2.415 29.725 24.704 2.26177
2.687 30.427 24.318 3.26944
28.727 31.312 24.593 3.12894
0.208 30.284 24.583 3.05011
1.837 31.122 24.962 2.85989
8.610 31.464 24.885 3.25449
45.352 29.266 24.546 3.21897
7.430 30.433 24.880 2.30159
2.572 29.494 24.515 2.18107
0.000 31.766 24.798 1.69832
0.000 32.263 24.485 1.50168
56.235 31.031 25.051 1.39502
7.997 29.526 23.686 1.85996
3.440 29.971 24.047 1.89403
3.702 29.095 23.545 2.14731
54.820 27.931 23.903 2.59768
15.613 29.179 24.016 2.64743
13.232 28.052 22.937 2.32089
13.525 27.701 23.609 3.04315
5.707 28.223 23.708 2.63991
0.077 28.620 23.553 3.78169
1.502 29.569 23.242 3.00753
0.825 30.996 23.331 2.42878
0.170 31.113 23.780 1.52907
0.838 32.095 24.186 1.17554
3.280 28.984 23.733 1.20707
3.075 29.566 22.955 1.58282
22.888 29.293 23.775 1.52035
35.022 27.527 23.827 3.28467
17.110 28.802 23.032 2.38610
6.655 29.297 23.165 2.27319
26.433 29.118 24.132 1.70943
39.355 28.158 23.793 2.48425
20.105 28.298 23.836 2.27948
30.555 28.026 24.064 2.40874
26.790 28.984 23.460 2.69172
10.675 28.745 24.283 2.16590
8.328 27.480 23.190 1.99836
17.718 29.128 23.320 1.72059
30.473 28.066 22.999 2.23672
2.453 26.182 22.168 2.09188
1.700 29.981 23.073 0.97310
2.837 30.052 23.954 2.02966
7.470 27.475 23.554 1.54075
6.840 31.089 24.115 1.20178
0.737 29.684 23.565 1.42389
0.765 31.183 23.758 1.18756
9.092 28.566 23.041 0.83148
2.277 30.416 23.942 1.39907
0.635 29.874 22.543 1.62940
0.665 30.765 23.075 2.57084
0.158 29.417 23.063 2.43663
8.210 29.225 23.095 1.77638
0.195 29.082 23.234 1.24924
3.728 31.008 23.870 0.78951
4.270 30.838 23.002 0.84136
6.820 31.144 23.882 1.04296
0.642 30.646 23.215 2.26868
1.123 30.038 22.152 3.01803
0.785 29.746 22.028 3.01987
2.470 29.194 22.055 2.89177
0.000 31.165 22.834 2.78708
0.000 30.099 22.340 2.70794
0.000 30.943 22.890 1.49298
0.000 32.047 23.531 0.99034
0.000 32.731 23.399 0.98153
0.390 33.809 23.960 1.05454
0.000 31.247 23.743 1.47565
11.643 29.439 23.348 1.13670
24.887 32.304 24.018 1.26745
0.807 27.520 19.898 3.71681
1.052 27.853 18.909 3.28810
1.643 29.337 19.421 3.01725
0.000 29.312 20.457 2.64772
0.000 29.684 20.168 3.19980
0.000 29.839 20.196 2.79422
0.000 29.980 20.071 2.62666
0.000 29.740 20.019 2.40024
0.000 29.379 20.409 2.42041
0.000 29.292 19.746 2.46317
0.000 29.429 20.696 1.69901
0.000 29.895 19.163 2.11327
0.000 29.423 18.982 2.06353
0.000 29.316 18.800 2.38361
0.000 30.024 19.089 3.15198
0.000 29.603 19.018 3.02437
0.000 29.972 19.271 2.86197
0.000 29.735 18.182 2.38250
0.000 29.742 18.349 1.98257
0.000 30.587 17.427 1.57330
0.000 30.781 17.690 2.05106
0.000 30.791 18.079 1.44136
0.000 31.250 18.101 1.34492
0.000 31.984 19.177 0.89328
0.000 32.318 18.806 0.67865
0.000 32.317 18.252 1.35012
0.000 32.385 18.306 2.07867
0.000 32.093 20.089 3.09785
0.000 30.658 17.509 4.02037
0.172 28.690 16.254 4.35617
1.175 29.411 16.845 2.92748
0.000 32.206 20.292 2.61979
0.000 32.549 20.820 2.47281
0.050 32.635 18.463 2.50129
0.032 32.356 19.884 2.20627
0.000 33.342 20.063 1.11185
0.000 34.034 19.960 0.93572
0.000 34.876 21.185 0.71988
0.000 34.865 20.501 2.42079
0.000 32.744 18.991 4.07049
0.000 32.386 19.800 2.94287
0.000 32.429 20.770 2.96737
0.000 33.044 21.110 3.52320
0.000 33.050 20.168 3.49103
0.000 31.912 17.346 3.95768
0.000 31.403 18.063 3.89433
0.000 29.925 14.846 3.92436
0.000 30.144 15.326 2.51894
0.000 30.894 16.604 2.51410
0.000 31.234 16.455 3.08670
0.000 30.818 16.225 2.45524
0.000 31.705 17.366 2.10099
0.000 32.246 18.792 2.69210
0.000 32.258 19.580 3.28100
0.000 33.080 20.082 3.73401
0.000 33.296 20.756 3.85114
0.000 32.484 20.668 4.48076
0.000 30.913 20.719 3.34974
0.000 31.618 18.594 4.39814
0.000 31.076 16.120 4.82869
0.000 29.653 13.965 4.39366
0.000 29.131 14.092 4.02267
0.000 28.603 14.507 3.97649
0.000 29.830 15.199 3.76006
0.000 30.386 16.641 2.53096
0.000 31.306 18.125 4.15027
0.000 26.325 13.529 5.64545
0.000 26.635 12.816 4.25477
0.000 27.143 13.216 3.87245
0.000 29.435 14.239 3.07394
0.000 31.149 16.212 2.36281
0.000 32.276 17.313 1.87075
0.000 33.227 17.692 3.09377
0.000 31.712 16.136 4.73976
0.000 29.298 16.668 4.52975
0.000 30.149 16.657 3.45507
0.000 31.225 17.239 2.50467
0.000 32.555 17.747 2.60602
0.000 32.736 16.682 2.53474
0.000 33.281 17.498 2.30913
0.000 33.012 17.538 2.76730
0.000 33.406 17.863 2.01077
0.000 34.423 17.731 2.48490
0.000 34.258 17.526 2.56883
0.000 33.256 17.303 2.90132
0.000 33.336 17.594 2.66145
0.000 33.946 18.184 2.71502
0.470 34.100 20.387 2.41993
0.000 31.091 22.613 1.70691
0.000 29.969 20.911 2.76879
3.900 29.905 19.754 2.44223
1.287 30.149 18.875 2.91774
0.000 33.390 19.548 1.32382
0.000 33.802 21.679 1.04572
16.740 34.054 22.332 1.21132
0.002 32.795 21.415 1.48502
16.570 30.735 20.738 1.52143
0.000 32.153 17.329 2.22552
0.000 32.107 16.508 3.43032
0.010 28.443 13.487 4.83182
0.000 27.710 13.961 3.19183
0.000 30.752 13.961 4.01325
0.000 27.098 11.414 4.88436
0.000 28.369 12.083 3.13307
0.000 30.119 14.292 2.33712
0.000 31.446 15.961 2.93060
0.000 31.891 16.877 1.91113
0.000 33.923 18.171 1.67868
0.000 34.705 19.898 1.49748
0.152 35.067 21.852 1.28645
0.540 33.692 24.227 0.88450
0.000 35.209 23.757 1.16024
7.783 35.587 19.796 2.08437
12.730 32.258 17.029 3.06072
4.273 26.959 14.586 4.39987
0.075 24.986 15.196 3.18219
2.227 27.277 13.895 3.55543
4.625 21.545 12.610 4.41778
0.000 26.340 12.554 4.20643
0.000 28.718 13.147 3.10769
0.000 30.772 14.187 2.67950
0.000 31.084 14.493 4.44657
0.000 28.681 12.798 4.23149
0.000 29.594 13.531 2.78532
0.000 30.519 14.733 2.34449
0.000 32.134 15.551 3.17601
0.000 31.206 16.248 3.05911
0.000 32.342 16.743 2.31302
0.000 33.253 18.130 1.86061
0.000 34.497 19.425 1.48844
0.000 34.819 20.680 1.07443
0.000 34.927 21.484 1.26288
0.000 28.955 21.713 1.55779
0.000 34.139 21.776 1.31295
0.000 35.172 22.566 1.51073
0.000 36.058 23.279 2.11015
0.000 34.580 22.299 2.22959
0.000 35.360 21.816 1.83598
0.000 37.166 21.511 2.11842
0.000 37.956 20.371 2.23267
0.000 38.893 20.871 1.50955
0.000 36.258 16.604 4.08015
0.000 32.940 17.465 3.00487
0.000 35.642 20.816 2.46396
0.000 34.907 18.637 4.99762
0.975 33.224 18.595 6.21537
0.000 32.409 16.292 6.12206
0.000 32.914 17.166 2.40199
0.000 36.826 19.417 1.13258
0.000 40.253 24.576 1.62341
0.000 39.584 26.939 1.24624
0.000 40.378 27.314 1.48690
0.000 40.051 22.736 3.24549
0.000 38.730 23.176 2.25383
0.000 38.909 24.095 1.98100
0.000 39.920 25.964 1.41848
0.000 40.409 26.287 1.65647
8.075 35.282 25.350 1.38321
0.000 36.709 26.388 0.77684
8.103 36.819 25.154 1.21334
0.000 35.810 25.176 1.22712
0.000 37.361 25.966 1.42752
0.000 39.174 25.681 2.48845
0.000 40.383 25.387 1.59831
0.000 41.001 24.589 1.16221
0.000 39.677 25.984 2.06743
0.000 40.700 27.362 2.23226
0.000 40.247 28.511 2.49991
2.543 37.082 27.359 2.23166
2.042 37.650 25.409 1.92654
11.058 34.569 23.886 1.40551
0.468 35.791 24.185 1.61814
9.238 33.618 22.066 2.45405
0.000 33.976 22.614 1.93799
0.000 36.049 23.923 1.66644
0.000 36.704 24.849 2.11211
0.000 37.317 25.541 1.75144
0.000 34.738 19.782 3.27637
0.000 33.982 20.269 1.77678
0.000 36.329 24.894 1.59381
0.000 38.430 25.057 2.12930
0.000 39.634 25.800 1.79267
0.000 40.303 26.752 1.86791
0.110 40.192 27.812 1.95456
0.000 41.148 26.500 1.97951
0.000 41.045 27.408 2.46634
0.000 41.655 26.744 2.70817
0.317 41.685 28.363 1.94176
0.158 40.523 27.297 2.09846
0.000 37.579 27.132 1.52230
2.840 39.804 28.697 0.97323
1.613 38.371 26.446 1.57153
0.000 36.820 25.779 1.02247
14.790 38.218 25.866 1.70769
0.000 35.755 25.383 1.62632
0.000 39.612 26.043 1.09703
31.987 38.273 24.909 1.76912
1.492 31.443 23.956 1.79632
0.000 37.775 25.425 0.95070
0.708 38.607 27.090 1.31323
8.083 35.975 24.878 2.60558
3.972 35.220 25.859 1.51093
10.998 33.057 25.871 0.80954
26.357 32.317 21.471 2.17805
5.278 32.383 21.543 2.76533
2.370 32.605 22.656 1.75332
0.615 33.905 24.916 1.32807
19.460 32.491 24.762 1.45927
2.890 32.596 24.398 1.72740
0.000 34.425 25.281 2.11114
0.013 33.991 25.189 3.02066
0.000 33.650 24.588 3.16526
0.032 34.667 24.280 2.56639
0.058 35.161 25.106 2.03426
0.965 32.689 24.665 1.54441
19.933 33.499 25.612 0.94329
47.138 29.600 24.309 0.81169
0.000 33.866 24.509 2.18307
0.090 35.174 25.020 3.38677
3.243 34.263 25.256 3.75709
2.165 30.513 24.817 3.07327
2.565 31.672 23.270 3.34879
2.000 34.680 24.218 2.26035
4.742 33.590 24.071 2.03592
7.080 33.324 24.069 2.17351
11.240 31.576 24.109 2.49103
0.150 32.577 24.475 2.01575
0.635 32.095 24.652 1.47937
6.552 33.004 25.552 1.21355
22.815 32.907 24.524 1.02982
27.032 29.229 22.419 1.31245
6.978 33.026 23.605 1.10009
0.000 33.196 24.238 1.04381
1.592 34.337 25.029 0.67591
0.263 31.762 24.159 1.27310
0.000 33.906 24.122 1.14983
3.695 34.127 24.915 1.26743
10.347 31.679 24.754 0.89661
12.912 28.636 24.055 0.59930
5.278 31.370 24.164 1.57465
12.225 30.371 23.976 1.06637
1.757 29.780 23.663 1.69180
9.897 32.903 24.181 3.01919
33.077 29.542 24.394 3.47566
76.475 28.091 24.403 3.56844
13.443 28.964 23.902 4.35576
34.245 30.043 23.872 3.73308
0.707 29.560 23.611 3.79213
0.425 30.107 23.681 3.24961
3.378 30.812 24.350 3.43101
3.830 28.755 23.494 3.29737
0.727 31.203 24.093 3.32186
0.773 31.417 23.499 3.63604
3.525 30.552 22.688 3.47468
0.785 31.108 22.365 3.93084
1.508 31.755 23.115 3.27018
0.000 31.711 24.098 3.65079
3.400 28.500 23.533 2.75889
1.870 29.493 23.624 2.84361
1.125 30.261 24.135 2.74991
0.080 32.515 24.462 3.04849
0.000 32.866 24.767 2.85857
8.642 29.931 24.257 2.79286
0.687 30.670 24.439 2.74457
19.620 30.375 24.312 2.13298
31.977 29.828 24.227 1.88338
5.107 30.253 23.754 1.75420
0.628 30.514 23.520 1.76553
0.270 31.144 23.387 1.90555
14.125 28.878 23.282 2.04386
6.937 28.071 23.214 2.35463
14.468 28.080 22.593 2.31397
2.130 30.566 23.108 2.25127
23.070 29.927 23.263 1.68832
4.090 28.820 24.010 1.09287
2.995 29.798 23.039 0.98209
1.815 32.777 23.644 1.52727
3.432 31.596 23.985 1.71586
87.105 28.942 23.257 2.37467
3.380 30.189 24.368 2.39967
3.867 29.203 23.866 2.05467
8.565 28.496 23.380 1.26679
4.635 28.133 23.022 1.96912
10.967 29.482 23.551 1.97958
25.707 29.063 23.415 2.39896
19.080 28.222 23.885 2.63012
110.805 28.566 23.792 2.79092
41.550 27.828 23.138 3.77745
6.687 29.606 23.513 2.49333
5.658 29.102 23.702 1.76228
5.170 27.535 22.893 1.97690
2.885 29.609 23.384 1.23739
32.145 28.919 23.382 1.72859
2.645 29.234 23.301 2.09242
3.577 28.732 23.503 2.61729
5.865 28.459 23.137 2.96775
10.945 30.670 22.871 2.84071
2.597 28.857 23.269 2.60693
42.672 29.682 23.967 2.41902
9.880 28.991 23.521 2.68190
23.095 28.593 23.901 2.06791
1.380 28.804 23.356 2.57120
1.383 29.066 23.345 2.95580
1.803 30.228 23.020 3.07026
1.200 30.278 22.699 3.43639
4.535 29.591 23.180 3.04889
4.018 28.829 22.840 2.94504
1.105 30.176 23.831 2.18477
4.075 30.107 23.799 2.38016
48.400 29.030 24.261 2.32465
13.130 29.669 23.639 2.05966
6.275 28.544 23.335 1.71554
3.163 30.504 23.855 1.82063
3.163 29.300 24.125 1.95634
9.145 29.085 23.794 1.76264
0.203 29.077 24.327 1.82889
0.000 30.161 24.475 2.67875
1.525 28.897 24.368 2.99332
0.160 28.689 24.371 3.10487
15.955 29.321 24.771 2.97499
6.490 27.872 24.300 3.33101
12.345 29.892 24.132 2.99942
0.865 30.080 24.059 2.34091
9.900 30.082 24.336 1.59047
29.258 27.884 23.299 2.27395
6.483 27.015 23.196 1.97918
10.805 29.703 22.603 2.55397
0.200 28.673 23.561 2.36093
1.665 28.468 23.561 2.46473
1.705 28.762 23.348 2.80382
9.330 28.811 22.953 2.36291
19.382 29.147 22.830 2.31926
4.138 28.070 22.608 1.48684
6.197 29.055 22.580 0.98181
0.172 30.565 23.402 1.24276
0.307 30.697 22.501 1.03945
0.672 30.983 23.209 0.74255
2.678 31.673 22.897 0.81763
1.652 30.783 22.818 1.71646
2.285 30.355 23.830 1.38567
14.188 30.155 22.624 1.56472
8.433 28.988 23.236 1.25529
7.933 28.442 22.732 1.90672
5.573 30.213 22.491 1.38678
0.000 30.855 20.447 1.84295
0.000 31.078 21.982 1.36472
0.000 31.737 22.012 1.39092
0.000 32.043 23.258 1.95537
0.002 31.442 21.974 2.38368
0.000 30.989 18.477 2.48910
0.000 30.253 20.263 2.09718
0.000 30.968 22.553 1.32448
0.863 29.885 23.003 1.29572
0.065 30.874 22.106 2.68541
1.337 27.645 17.099 3.90147
0.000 29.008 18.124 3.10950
0.000 29.536 20.384 2.43482
0.000 29.746 20.652 2.28492
0.000 29.956 19.934 2.33200
0.000 29.896 19.445 1.98992
0.000 30.428 20.299 1.96511
0.000 30.753 19.519 1.84309
0.000 31.601 20.849 1.47984
0.000 30.456 19.386 2.74920
0.000 30.219 19.085 2.42661
0.000 30.588 19.762 1.93551
0.000 30.725 18.910 2.41561
0.000 30.396 19.192 2.49439
0.000 30.419 16.355 2.40866
0.000 30.733 18.086 2.26564
0.000 30.501 18.820 2.25404
0.000 31.250 19.297 1.98683
0.000 32.091 20.109 2.24963
0.000 31.853 19.748 3.03539
0.000 31.654 18.884 2.98930
0.000 32.097 19.910 3.47225
0.000 31.911 20.018 3.11682
0.000 31.531 18.035 3.25338
0.000 30.297 18.527 3.36333
0.000 31.338 19.485 3.20703
0.000 32.428 21.898 3.02461
0.000 33.267 20.622 2.57199
0.002 33.678 19.558 2.96655
0.000 33.661 19.882 2.76544
0.000 33.399 18.470 3.55382
0.000 32.867 19.175 2.98438
0.000 33.341 19.343 2.60832
0.000 33.893 19.853 2.18932
0.000 34.700 20.490 2.53882
0.000 34.504 20.069 2.61988
0.000 34.546 20.238 2.32697
0.000 35.304 20.783 1.85685
0.000 35.987 20.420 1.40602
0.000 36.920 20.561 1.31428
0.000 37.445 22.113 2.00228
0.000 37.277 20.699 2.75667
0.000 36.637 21.549 2.08299
0.000 37.682 22.995 2.29265
0.000 36.596 21.288 4.00588
0.000 33.623 19.112 4.55279
0.000 32.082 18.402 4.27619
0.000 32.648 17.989 3.42160
0.000 32.859 18.144 3.15874
0.000 32.838 16.815 3.49617
0.000 31.584 16.236 3.93472
0.000 31.309 16.989 3.63203
0.000 31.718 19.057 3.53581
0.000 32.634 20.207 3.81852
0.233 32.957 21.305 4.08782
0.000 33.681 18.814 4.97497
0.000 31.647 17.292 4.64989
0.000 33.519 17.729 3.94656
0.000 33.274 18.528 3.88324
0.000 32.582 18.303 3.44089
0.000 32.892 18.863 3.75641
0.000 33.418 18.764 3.58923
0.000 33.604 17.936 2.88014
0.000 32.222 16.817 3.80845
0.000 31.368 16.852 3.68285
0.000 31.113 17.025 3.71334
0.000 30.319 14.663 4.74996
0.820 29.097 14.682 3.54294
0.000 30.330 15.116 3.05282
0.000 31.439 16.585 3.84800
0.000 31.946 17.767 3.59012
0.000 32.207 16.259 4.16263
0.000 30.909 15.128 3.18421
0.000 30.958 15.937 2.40169
0.000 31.673 17.137 2.44320
0.000 33.000 18.371 1.79358
0.000 33.554 18.593 2.26772
0.000 33.993 17.650 2.53497
0.000 33.153 17.281 2.45088
0.000 33.165 17.183 1.81503
0.000 33.738 16.857 1.26899
0.000 33.938 16.260 1.19894
0.000 34.416 16.029 1.85745
0.000 33.982 16.382 2.55830
0.000 33.798 16.263 2.59807
0.000 34.130 17.176 2.42614
0.000 33.897 17.369 3.03578
0.000 32.782 14.901 4.53788
0.000 32.335 15.339 2.38328
0.000 33.577 14.019 4.37865
0.000 27.171 11.129 5.53120
0.000 25.919 10.743 4.04611
0.000 28.581 11.445 2.45228
0.000 31.340 13.241 2.15626
0.000 32.037 14.614 3.12201
0.000 32.118 15.410 3.17496
0.000 31.828 15.949 3.47872
0.000 32.813 16.750 2.43716
0.000 33.178 17.498 3.35038
0.000 32.758 17.480 3.78266
0.000 32.647 17.491 2.84052
0.000 33.851 18.075 2.84793
0.000 33.775 18.716 3.17050
0.000 32.045 15.511 4.14538
0.000 27.432 13.432 4.66298
0.000 26.831 14.016 3.28484
0.000 28.423 14.637 3.12907
0.000 31.016 17.129 2.23128
0.000 34.150 18.143 1.95653
0.000 34.535 18.785 2.48171
0.000 34.490 18.199 2.73007
0.000 33.714 18.724 2.05397
0.000 34.423 18.863 2.52047
0.000 34.966 19.439 1.68284
0.000 35.582 20.597 1.37403
0.000 35.597 21.357 1.67384
0.000 36.788 21.055 1.71596
0.000 36.985 21.187 1.65422
0.000 37.451 21.698 1.45339
0.000 37.940 22.699 1.26244
0.000 38.808 21.905 1.21465
0.000 37.945 21.434 2.77328
0.000 36.679 21.838 1.43008
0.000 36.182 23.822 1.07288
0.000 36.689 22.927 1.65120
0.000 37.612 22.326 1.94037
0.000 37.715 22.552 1.42098
0.000 37.936 23.042 1.73869
0.000 37.341 23.242 1.59474
0.000 38.044 22.919 2.04080
0.000 37.511 22.071 2.05513
0.000 37.282 21.159 3.73183
0.000 35.756 20.793 3.29936
0.000 36.094 21.528 2.73154
0.000 36.722 22.824 1.64965
0.000 36.913 24.724 2.69175
0.000 37.942 24.311 2.81057
0.000 38.974 23.486 2.50727
0.000 39.606 22.388 1.94145
0.000 40.756 19.754 2.45258
0.000 35.278 16.353 5.15655
0.000 32.362 16.234 4.44671
0.000 34.073 16.840 2.48578
0.000 36.257 19.250 1.33442
0.000 38.658 22.701 2.22503
0.000 38.954 24.051 2.67066
0.000 39.605 24.040 2.29792
0.000 40.004 23.369 1.87806
0.000 39.768 22.709 1.63298
0.000 37.881 21.296 3.03865
0.000 37.605 21.924 1.96424
0.000 35.093 19.699 3.67586
0.000 30.745 15.123 5.54560
0.000 31.074 14.663 6.17871
0.000 28.061 13.328 5.58799
0.000 30.836 14.421 3.24123
0.000 33.807 16.061 2.54359
0.000 35.893 18.923 1.16402
0.000 38.174 23.255 2.14126
0.000 38.923 24.583 2.87330
0.000 39.434 25.417 2.59790
0.000 40.479 22.393 2.93659
0.000 34.418 17.358 5.66298
0.000 34.106 18.032 2.25517
3.457 36.684 22.915 1.86742
5.228 38.540 25.333 2.15176
0.000 39.184 23.985 3.30536
0.000 38.624 22.301 4.47947
0.000 37.790 22.057 3.92864
0.000 38.530 23.312 2.10049
0.000 35.255 25.418 2.43311
8.222 38.679 25.972 1.49405
0.200 37.996 22.527 2.90229
0.730 32.415 18.642 5.10946
0.000 31.365 19.643 2.12694
0.030 35.148 22.865 1.34471
0.000 35.809 26.741 1.37176
0.000 37.749 27.580 1.62639
2.477 37.713 26.654 1.71652
0.000 38.126 26.316 1.69664
7.010 39.520 26.866 1.35302
14.998 35.503 24.546 1.80602
3.455 36.265 22.693 2.38084
3.555 34.139 21.158 4.26431
3.205 32.684 21.053 3.57784
0.000 33.294 21.847 1.83434
0.002 36.056 23.605 1.17885
0.000 38.089 25.730 1.87029
0.000 37.706 25.593 2.75131
0.000 38.339 26.071 2.49537
0.000 39.749 26.174 2.16116
0.000 39.356 26.883 2.55394
1.367 39.237 22.157 2.85891
0.020 33.260 20.508 3.82381
0.000 35.030 21.468 1.68229
0.060 36.887 25.296 1.39292
0.013 34.292 26.079 1.15040
0.480 33.810 25.519 1.44036
0.120 35.823 25.727 0.96076
5.322 35.715 23.790 1.73033
0.220 37.582 23.374 2.60814
0.102 38.322 25.324 1.49984
0.037 38.880 26.643 1.27798
10.128 37.426 27.526 1.13450
0.082 36.271 26.109 1.01183
0.000 37.144 26.417 1.45661
24.292 38.074 26.380 1.60390
0.000 38.012 27.046 1.56471
8.975 38.532 27.691 2.45005
0.592 37.488 26.588 2.95995
0.677 37.554 26.308 2.63322
0.007 37.602 26.808 1.89888
0.220 36.824 26.516 1.58948
0.485 40.781 27.896 1.23000
0.030 39.718 27.735 2.57241
0.720 37.366 27.145 2.76027
0.000 40.192 28.105 2.14925
1.415 38.962 26.577 2.40011
4.000 31.400 25.393 2.06440
0.840 35.818 26.218 3.08862
13.180 34.854 25.999 3.16319
8.165 35.858 25.305 3.37888
2.308 35.764 25.565 3.00113
16.020 33.740 25.375 2.46467
30.995 33.545 25.291 2.11660
6.675 33.775 25.672 1.33599
14.308 34.637 25.635 1.97505
0.793 33.698 24.829 1.99776
14.753 33.815 24.875 2.29270
0.000 32.520 24.763 1.41594
25.583 32.512 25.529 1.04474
16.730 32.551 24.859 1.10823
0.385 31.439 24.432 1.74248
0.173 35.002 24.308 2.23518
0.143 34.657 24.845 2.68668
0.000 34.575 24.237 2.10519
0.000 36.659 25.192 1.78362
0.000 35.143 25.680 2.75660
18.970 33.756 25.261 2.26944
11.492 30.871 25.040 1.38410
0.008 29.788 24.567 2.31247
2.380 33.265 24.850 2.76466
0.000 31.977 24.657 2.90811
0.253 33.148 25.130 3.14585
0.045 32.361 25.137 2.85921
0.000 32.989 24.832 2.37713
0.000 34.424 24.975 2.84488
0.085 33.030 25.107 2.67675
11.350 32.774 25.442 2.03687
43.888 31.815 24.829 2.22831
0.993 31.505 25.043 3.39611
4.110 31.651 24.427 3.53068
0.748 33.965 24.883 3.17976
0.030 34.029 25.040 3.12757
2.353 32.277 25.047 2.52042
8.470 29.580 24.612 2.65404
6.755 32.222 24.829 2.71122
13.535 31.330 24.702 2.70031
0.132 31.815 24.981 2.52860
0.182 31.635 24.813 2.06654
1.238 32.319 25.383 1.83275
0.000 31.845 25.198 2.28368
15.273 30.674 24.788 2.35084
1.568 31.234 24.494 1.99180
22.180 31.207 24.058 2.65648
6.175 30.578 24.046 2.77760
8.838 30.583 23.965 3.36505
4.100 30.383 24.045 2.88652
3.847 31.469 24.441 2.99882
8.893 29.722 24.052 3.04186
0.365 31.250 23.635 3.26542
3.017 29.654 23.497 2.68922
0.837 30.610 23.965 2.80537
10.985 29.959 24.151 2.00678
29.703 30.763 24.233 1.91240
1.340 28.736 23.838 1.55238
0.007 29.542 23.344 1.33231
0.040 30.925 24.600 1.68065
1.740 29.858 23.837 2.32547
7.315 29.704 24.092 2.35376
7.442 30.221 23.770 2.61475
0.000 31.074 23.636 1.72387
14.265 32.218 25.081 1.04310
24.172 28.574 23.650 1.53258
0.575 28.793 23.100 1.37121
0.067 31.471 24.547 0.64639
0.000 33.037 23.580 0.59603
0.000 32.851 23.569 1.09792
0.000 33.631 24.344 1.79513
0.000 32.349 24.176 2.39943
2.007 31.637 24.602 2.61702
2.277 29.754 24.116 2.89522
51.655 31.171 24.211 2.88267
17.110 30.167 24.272 3.34913
57.128 30.147 24.139 3.67967
13.475 28.914 23.731 3.65949
9.625 28.657 24.144 3.54682
6.312 28.638 23.878 4.24318
12.773 30.049 23.941 2.98068
9.362 30.994 24.281 2.69396
2.828 30.394 23.661 2.86257
10.337 29.103 23.898 3.91431
5.072 29.798 24.209 3.95796
23.558 29.610 23.808 2.86487
1.115 29.597 23.312 2.54701
6.225 31.471 23.987 2.87192
1.445 31.970 23.978 3.57372
3.070 30.063 23.861 3.40444
0.145 30.875 23.823 3.66099
4.218 30.188 24.070 3.22594
6.623 30.456 23.459 3.13204
4.583 29.595 23.185 3.27569
10.257 30.362 22.954 3.09319
3.610 30.084 23.579 3.28764
26.785 30.667 23.631 3.90828
4.327 29.585 23.808 3.60027
3.745 29.027 23.778 3.30978
3.708 30.332 23.864 2.64050
5.222 31.028 23.666 3.05037
28.782 30.311 23.968 2.71525
25.272 29.553 23.451 2.47633
3.915 28.971 23.397 2.63397
3.547 29.758 23.220 2.72249
3.850 30.184 24.113 2.68356
0.132 27.980 22.879 1.92870
0.000 30.729 23.272 1.85763
0.000 31.574 24.145 1.42957
0.000 30.659 24.383 1.08773
11.142 30.808 23.656 0.75782
0.330 32.348 23.834 1.12119
8.710 29.407 23.890 1.85238
11.417 29.181 22.634 2.22763
42.183 30.199 23.899 1.89602
12.607 28.999 24.250 2.34916
0.218 29.882 23.970 1.76616
3.838 28.744 24.398 1.87937
0.000 28.482 23.449 1.47611
14.103 30.850 23.886 0.95088
5.232 28.652 23.506 0.78836
21.365 30.187 24.131 0.61742
20.362 29.708 24.019 1.06073
33.550 28.585 23.364 1.36295
8.970 29.708 23.394 1.91970
21.225 28.055 23.562 1.77806
10.670 30.361 23.755 0.79385
8.927 30.515 23.579 1.81449
22.788 27.793 23.499 6.07647
8.545 29.863 23.911 2.23113
0.000 29.918 24.139 0.66864
1.005 30.331 23.642 0.96335
0.000 32.178 23.130 1.53931
41.270 29.789 24.416 3.35637
9.190 28.747 23.048 2.34848
2.867 30.143 23.254 0.90963
0.315 29.200 23.788 1.30663
0.190 29.288 24.163 1.22369
0.943 28.453 23.683 1.19814
0.000 32.779 23.623 1.02855
0.400 32.344 24.239 1.34418
8.745 31.628 24.302 2.04367
8.470 28.101 23.834 2.93719
7.920 28.405 23.359 1.53032
0.867 29.872 23.416 0.78267
4.890 30.943 23.017 1.36660
0.000 31.117 22.594 1.25018
0.073 32.212 23.499 0.93275
0.000 33.006 22.420 1.16022
0.000 32.037 23.365 1.61877
0.480 30.109 23.436 1.80057
1.620 30.615 22.864 1.58445
2.935 30.699 23.265 2.23020
17.735 29.062 22.099 3.34640
1.747 29.523 20.445 3.20226
0.000 30.225 21.086 2.98229
3.598 29.476 21.973 2.85359
7.877 28.963 23.658 1.79137
1.130 30.299 22.234 1.90932
0.000 30.676 21.550 2.42738
0.583 30.626 20.615 2.64954
0.000 30.115 20.854 2.17319
0.000 30.615 21.861 2.05536
0.000 30.520 21.419 2.85651
0.000 30.177 22.169 2.96106
0.000 29.674 20.301 3.20335
0.000 29.650 19.101 3.35412
0.000 29.116 20.024 3.44732
0.000 28.934 20.917 3.09596
0.230 28.286 21.326 3.22368
0.000 28.370 21.793 2.24587
0.000 30.149 22.348 2.10294
0.000 30.333 21.185 2.51332
0.000 30.367 21.058 2.52841
0.000 31.110 19.080 3.14467
0.000 29.281 18.111 3.37992
0.005 28.043 18.493 2.95979
0.980 29.691 19.242 2.69310
0.455 30.481 20.708 1.61710
0.000 30.900 22.968 1.32713
13.267 30.552 23.367 2.10606
2.088 30.235 22.822 1.12331
0.825 30.754 23.905 0.93052
13.010 30.010 23.902 0.84653
13.233 27.871 22.401 0.87504
0.000 31.368 22.962 0.57375
0.000 32.117 23.445 0.67453
0.000 32.192 23.066 0.78777
0.000 32.379 22.830 0.86822
0.000 32.313 23.446 0.62069
0.000 32.465 22.649 1.16249
0.000 32.354 21.298 2.81437
0.000 31.244 21.043 3.05534
0.000 31.693 21.297 3.60750
0.000 30.220 19.548 3.88514
0.000 27.995 15.201 4.46633
0.000 28.005 14.556 4.22331
0.000 27.075 13.711 4.15654
0.000 27.785 14.342 3.72370
0.228 28.352 15.262 3.62988
0.000 28.191 15.996 3.34689
0.000 30.368 17.417 3.08671
0.010 30.379 19.472 2.93482
0.000 31.791 19.963 2.39903
0.000 32.572 20.452 3.07162
0.000 32.308 18.820 3.31684
0.000 32.335 19.177 2.77446
0.000 33.146 20.037 2.43110
0.000 33.160 21.379 2.42413
0.005 33.064 21.937 2.44524
0.000 32.300 19.039 4.29692
0.000 29.171 17.298 4.16402
0.008 27.506 14.020 5.20395
0.000 27.250 13.894 4.81695
0.000 29.181 14.581 3.59011
0.000 30.889 15.387 2.96665
0.000 31.771 18.280 3.32868
0.020 32.643 17.762 4.54369
0.515 28.515 15.223 4.94689
0.000 28.828 14.976 4.55278
0.000 29.371 15.415 5.56482
0.000 25.984 14.061 5.17526
0.000 27.892 14.394 4.48074
0.000 27.387 12.238 4.90547
1.487 26.284 11.327 4.47358
0.003 27.454 11.757 4.18018
0.065 28.677 15.087 4.25261
0.865 22.886 14.190 5.85615
0.000 24.406 13.066 4.49982
0.000 27.584 13.362 2.40355
0.000 31.145 16.044 2.13352
0.000 33.669 19.043 2.26801
0.000 31.008 20.272 2.14534
0.000 30.015 19.704 3.00556
0.000 32.135 18.520 4.00979
0.000 32.310 17.493 3.27335
0.000 32.551 18.050 3.08466
0.000 33.641 19.111 3.37410
0.000 33.926 19.929 3.23589
0.092 33.928 19.409 3.10534
0.000 34.141 19.955 1.53722
0.000 35.834 21.891 0.93564
0.000 35.502 18.578 4.10809
0.010 30.138 14.455 5.65220
0.000 28.615 13.003 4.74735
0.000 30.145 13.341 4.43604
0.000 28.736 12.469 4.10546
0.000 29.984 12.991 3.27991
0.000 31.579 14.507 1.91199
0.000 34.133 15.446 1.54316
0.000 34.918 16.773 1.52744
0.000 36.168 18.062 1.21774
0.000 36.571 18.301 1.45286
0.000 36.328 19.551 0.74887
0.000 36.818 20.415 1.69211
0.000 37.557 19.894 2.38765
0.000 36.821 18.137 2.37217
0.000 37.399 17.842 1.96938
0.000 34.547 15.006 3.72653
0.000 33.710 15.708 3.39039
0.000 30.716 13.190 5.10417
0.000 29.706 13.070 4.50510
0.000 29.427 13.488 4.52823
0.000 29.637 13.992 4.77738
0.000 30.248 15.881 2.87114
0.000 34.151 16.917 2.42395
0.000 35.376 19.365 1.93899
0.000 36.059 20.483 2.60613
0.000 35.963 21.085 3.25393
0.000 36.405 20.810 2.87010
0.000 36.467 19.710 2.07069
0.000 36.844 19.764 4.04344
0.000 34.780 18.022 4.60499
0.000 34.243 18.337 3.23306
0.000 35.028 18.484 3.31904
0.000 34.880 18.406 4.03941
0.000 34.017 19.092 4.38194
0.000 34.516 19.954 4.87306
0.000 34.042 20.790 4.01808
0.000 30.609 21.275 2.32425
0.000 30.362 20.041 3.28993
0.555 32.996 20.628 1.71955
0.000 36.261 22.651 0.84353
0.000 37.755 24.831 1.05721
2.395 37.816 25.967 1.34774
1.825 34.643 19.416 3.42648
0.000 30.846 18.279 3.84975
0.000 34.328 18.845 4.16536
0.000 34.739 20.086 3.33737
0.000 36.309 21.143 2.52459
0.000 37.498 20.951 4.61597
0.000 35.526 19.762 4.63500
0.000 36.350 20.594 3.54290
0.000 37.490 21.151 2.75210
0.267 38.137 22.119 1.44690
0.838 37.352 26.093 1.63108
0.000 38.646 18.400 4.13812
0.000 31.257 15.351 5.58317
0.000 32.959 15.803 4.50158
0.000 33.804 16.520 2.87434
0.000 36.570 19.100 1.39322
0.005 37.573 22.995 1.73148
0.000 38.123 26.689 1.32834
0.088 37.867 25.670 0.98015
0.000 39.221 26.429 1.18802
5.740 37.780 24.300 2.47489
0.000 36.934 24.635 1.43308
0.000 38.394 25.359 2.43452
0.000 39.335 26.357 1.92123
12.450 34.584 17.774 4.96139
1.352 31.884 17.891 3.88458
0.000 33.594 18.739 1.24426
0.000 37.786 23.734 1.14030
0.020 39.115 25.674 1.31064
0.000 38.222 26.964 1.10908
0.000 39.623 25.673 1.84620
0.000 36.881 25.510 1.42654
0.000 38.087 25.669 2.44261
0.000 38.570 26.692 2.53147
0.000 39.309 27.177 2.04078
0.000 39.560 27.817 1.26499
0.000 36.912 27.985 1.54852
0.000 37.247 27.259 1.81093
0.000 38.822 28.111 2.04156
24.085 35.176 25.152 1.81460
4.107 32.828 25.075 1.41563
14.390 30.117 22.591 1.31291
0.230 33.802 23.827 1.08447
0.018 33.577 24.111 1.12556
9.078 33.569 23.878 1.21364
0.128 35.045 24.479 1.79605
0.365 36.402 24.947 1.59689
0.000 37.683 25.130 1.56643
5.988 39.628 26.255 1.66385
18.705 32.524 23.672 1.70077
0.027 31.755 24.185 1.71873
0.305 32.939 24.785 1.59068
0.000 33.926 24.404 2.19967
0.000 37.841 25.107 3.11853
0.000 38.096 25.395 2.32369
0.000 37.562 24.203 2.12333
59.283 33.224 22.775 2.71092
5.425 32.797 19.580 3.34831
0.000 34.190 20.718 2.85067
0.000 36.610 22.381 1.10267
0.810 37.691 25.608 1.35621
2.695 34.430 23.635 1.46152
0.000 35.895 24.680 1.70699
0.863 37.127 24.052 2.23272
0.000 37.911 25.333 2.37989
0.000 38.317 25.833 1.62671
15.525 33.392 24.743 1.26782
0.000 34.384 25.760 0.95219
0.000 34.600 24.635 1.93557
0.000 35.748 25.369 1.52690
4.130 35.846 23.930 2.00277
12.780 31.707 24.198 2.08948
0.017 32.542 24.225 2.26414
0.137 34.881 24.860 1.89029
0.000 36.354 25.357 1.37350
0.000 36.006 24.926 1.76186
1.425 33.951 24.861 1.95434
3.618 33.026 24.679 1.62154
0.000 34.398 24.758 1.51301
4.978 34.873 24.515 2.03208
18.580 34.733 24.308 1.46464
0.167 33.644 24.955 1.30355
9.342 32.423 25.003 0.93628
0.210 32.786 24.595 1.09702
1.485 35.573 24.058 1.12727
0.000 38.612 22.055 3.61792
0.000 34.931 19.793 4.35727
0.318 34.657 20.183 2.79535
0.043 35.973 21.653 2.13652
0.040 36.413 23.922 0.85820
3.913 34.545 24.146 1.38259
4.692 31.825 23.299 1.80408
0.697 31.761 23.281 1.72753
0.560 33.014 24.594 2.14413
1.118 31.996 24.464 3.23322
0.100 30.811 24.127 2.00312
0.135 32.830 24.419 2.33803
1.010 33.500 24.470 2.03207
0.237 33.280 24.326 1.38051
41.377 33.150 23.996 1.96171
1.430 32.318 23.613 1.91658
35.863 32.987 24.578 2.01908
26.280 31.414 24.080 2.44496
2.130 30.846 23.491 2.07592
0.345 31.945 24.197 2.67361
0.447 31.687 23.593 2.50483
2.700 32.757 23.982 3.17170
0.000 32.694 24.010 3.17629
0.195 33.682 24.036 2.98065
0.000 34.231 23.868 3.13753
0.000 34.125 24.672 2.81788
0.000 32.436 24.395 3.08261
0.000 33.789 24.553 3.42376
2.175 32.713 24.594 2.86049
0.000 31.471 24.192 2.49865
0.065 33.487 24.759 2.79267
0.000 34.057 24.301 2.80799
0.000 34.837 24.596 2.93843
0.178 34.582 24.623 2.19652
0.000 35.296 25.426 2.08394
100.340 31.463 25.147 1.38144
5.923 31.257 24.799 0.81003
9.940 31.054 24.252 2.17280
20.057 30.993 24.754 0.95699
3.170 30.012 24.194 0.96489
1.750 31.287 23.700 1.45563
0.513 31.330 24.316 1.53657
0.670 31.177 24.482 1.10844
1.778 30.152 23.938 1.03071
0.377 30.757 24.006 1.65058
0.105 32.000 23.883 2.10733
0.763 31.455 24.408 2.78168
32.920 27.973 24.082 3.27809
5.168 28.663 23.952 3.03087
14.390 29.181 24.257 1.58232
13.468 28.823 23.927 2.68937
27.860 29.960 24.161 3.50016
23.710 29.321 24.716 3.37829
1.938 29.309 24.196 3.15296
0.093 30.560 24.287 3.74529
1.805 31.133 24.810 3.77143
0.000 30.400 24.480 3.29993
2.145 32.557 24.938 3.61687
14.168 31.590 24.069 3.52033
1.450 31.888 24.545 3.45863
2.222 31.213 24.710 3.45364
0.015 28.799 24.221 3.27920
0.170 30.528 24.588 3.41035
0.203 29.761 23.998 3.41593
7.403 30.260 23.863 3.75652
8.077 29.163 23.807 3.82032
9.473 30.097 23.564 3.23868
34.575 28.635 22.656 1.41952
3.608 31.055 23.038 1.83330
9.325 30.670 24.000 2.83584
0.858 29.591 23.854 3.35380
3.735 30.903 24.077 2.76636
44.960 29.189 23.664 2.94052
0.575 30.665 24.019 3.00595
19.637 28.195 22.574 3.28188
3.445 27.207 22.214 3.42654
3.040 30.272 23.186 3.42989
11.183 29.397 24.107 2.52582
29.685 29.516 24.053 2.34273
5.015 28.565 23.525 1.60621
1.162 28.441 23.139 2.32108
0.247 28.733 23.098 2.97608
4.658 28.181 22.899 3.66689
0.032 28.516 23.305 4.21906
0.080 31.177 23.056 4.19078
1.002 31.335 23.801 3.41844
0.272 30.538 23.776 2.67777
1.107 29.554 24.188 2.22494
0.060 28.127 23.595 2.99658
0.015 30.698 23.789 2.98851
0.120 30.067 23.280 2.87951
19.940 30.747 24.391 2.27608
26.375 29.078 23.637 1.98182
1.817 30.154 23.084 2.09007
11.420 29.277 23.953 2.36215
0.018 28.944 23.715 2.91769
1.775 30.724 24.078 2.65598
14.010 30.324 24.068 2.91001
3.365 28.234 23.786 2.71155
0.678 29.015 23.655 2.04112
19.925 28.623 23.652 2.51077
0.210 30.232 23.405 3.14451
0.185 29.916 22.945 2.93652
40.492 30.514 24.002 1.68545
27.555 28.207 23.748 1.57163
7.620 28.428 23.212 2.14169
2.773 29.902 23.323 1.84821
5.705 30.153 24.117 1.24207
61.473 27.532 23.752 2.15487
4.818 25.636 21.838 3.16210
0.758 27.695 22.606 1.73336
0.000 29.766 22.995 1.69313
0.000 31.009 23.072 1.65958
0.000 31.436 23.236 1.71036
0.000 32.049 23.741 1.74427
0.145 31.066 23.980 1.80680
0.000 31.231 23.480 1.48362
0.000 31.528 24.022 1.12150
1.233 31.042 24.615 1.61695
20.623 29.075 23.432 2.12944
1.440 26.967 19.983 3.06760
0.090 29.625 20.815 2.24575
0.000 30.340 20.309 2.13472
0.180 30.533 21.927 1.35611
0.323 30.857 22.801 1.26297
0.307 31.478 23.918 0.70059
0.398 28.214 23.169 0.98861
0.023 31.042 23.773 1.16278
36.547 28.898 23.400 0.97811
0.267 29.515 21.463 1.50983
0.000 30.320 22.163 1.29017
1.152 30.510 22.932 1.86390
0.025 30.447 21.292 2.12890
0.870 30.294 21.556 2.31555
45.913 28.974 22.446 1.70988
35.065 27.076 22.892 3.07080
0.000 29.554 22.798 1.60111
2.975 30.730 23.411 0.89310
7.023 30.827 23.496 1.23617
0.145 30.367 20.551 1.67232
1.050 30.749 22.045 2.22096
79.115 28.568 22.424 4.28987
5.830 27.760 22.746 3.94983
0.488 29.612 23.666 1.72084
41.367 29.626 23.397 0.73456
38.465 31.144 23.693 1.18018
12.078 28.462 23.557 1.27411
4.367 28.537 22.681 2.05365
39.437 30.511 23.752 1.35199
14.742 27.932 21.775 1.54171
4.755 29.778 21.881 2.09858
0.302 30.148 22.171 1.30490
0.000 30.322 21.791 2.06265
0.000 30.139 21.005 1.77519
0.000 30.703 22.182 1.49209
0.137 31.882 21.374 1.25058
0.000 31.846 21.432 1.24884
0.000 32.022 21.670 1.61519
0.000 31.346 21.433 1.37698
0.000 30.607 21.668 1.82834
0.000 30.381 20.780 2.46852
0.000 30.493 20.397 2.32413
0.000 30.160 20.442 2.32683
0.000 30.763 21.628 2.37871
0.000 30.659 20.117 2.74696
0.000 30.595 21.027 2.67149
0.000 30.454 21.248 2.93668
0.000 30.045 20.809 2.69555
0.000 29.785 19.350 2.68260
0.000 29.504 18.195 2.69960
0.008 29.578 18.670 2.59452
2.665 29.322 19.934 2.79716
0.110 28.558 17.032 3.15971
0.000 27.926 14.849 2.66568
0.000 27.649 15.611 2.56943
0.000 27.830 16.709 1.89692
0.000 28.871 17.900 1.72390
0.000 29.496 17.579 3.05575
0.000 28.721 18.385 3.02121
0.000 30.049 19.463 2.64549
3.255 30.926 21.718 2.33337
0.000 31.210 19.938 2.21531
0.000 31.223 18.777 2.94742
0.000 30.542 18.836 2.54632
0.000 30.061 18.732 1.87258
0.000 30.882 19.272 2.20972
0.000 31.651 20.599 1.93133
0.000 32.048 21.739 1.89269
0.000 32.442 22.020 1.37587
0.000 32.070 21.720 1.21193
0.000 33.016 21.500 1.20380
0.000 32.740 22.714 1.08273
0.000 32.233 22.104 1.08288
0.000 32.833 22.185 0.83973
0.500 33.111 22.755 0.91754
0.000 32.817 22.206 0.99369
0.000 33.469 22.894 0.85190
0.000 32.753 23.522 0.69269
0.000 33.859 22.254 0.82950
0.000 33.675 21.830 1.64120
0.000 33.586 22.027 1.79722
0.000 34.195 21.517 1.96728
0.000 34.009 19.162 3.02493
0.560 32.362 19.795 3.44813
0.000 31.516 17.851 3.92350
0.000 31.751 18.339 4.05657
0.000 31.397 19.927 3.58062
0.000 33.311 21.234 2.78892
0.000 32.350 21.870 2.36742
0.000 34.512 19.901 2.60592
0.000 33.953 19.282 3.86541
0.000 32.715 19.575 3.91420
0.000 33.082 19.427 3.58903
0.000 32.635 18.305 2.89318
0.000 32.400 17.676 3.41787
0.000 31.071 16.059 3.39720
0.000 31.603 16.577 3.84001
0.000 29.599 14.480 4.79551
0.000 28.821 14.802 4.39439
0.000 28.843 14.671 4.30129
0.000 29.588 15.090 5.30885
0.000 28.195 12.249 4.53117
0.000 27.782 11.743 4.27435
0.000 27.641 11.858 3.92421
0.000 28.326 12.715 2.93026
0.000 29.831 14.595 3.21382
0.000 30.928 16.321 2.42446
0.000 31.760 17.334 2.21749
0.000 32.079 17.236 2.27151
0.000 31.900 17.737 3.79764
0.000 31.117 16.501 3.79002
0.000 31.133 17.026 3.31403
0.000 31.989 18.627 3.07914
0.000 33.082 18.803 1.79311
0.000 33.050 18.347 1.41066
0.000 34.806 19.535 2.31651
0.000 34.618 18.530 4.30041
0.000 30.717 17.288 5.28083
0.000 29.361 15.571 5.54672
0.000 27.723 16.081 5.13012
0.000 27.110 14.785 5.16072
0.000 29.142 15.057 4.64799
0.000 30.453 15.625 3.14863
0.000 32.349 16.386 3.19648
0.000 33.195 17.121 3.67239
0.000 34.090 18.351 3.32095
0.000 33.095 17.940 3.15111
0.000 33.879 18.548 2.41372
0.000 34.594 20.177 2.43671
0.000 35.447 19.200 3.67426
0.000 33.587 18.514 4.51797
0.000 31.535 18.750 3.10344
0.000 33.461 19.558 2.26828
0.000 34.656 18.298 3.80395
0.000 31.771 18.597 3.51084
0.000 33.036 17.212 4.61836
0.000 32.636 15.571 4.52210
0.000 32.675 16.117 4.23893
0.000 32.293 16.481 4.50559
0.000 30.155 14.209 5.09567
0.000 27.754 12.256 4.99078
0.000 28.947 13.047 3.48299
0.000 30.515 13.010 3.84407
0.000 29.912 13.183 3.97599
0.000 29.250 13.502 5.05756
0.000 28.825 12.482 4.20619
0.000 29.212 13.411 2.99721
0.000 30.980 14.637 2.18006
0.000 32.552 16.376 1.81483
0.000 33.029 17.729 1.57995
0.000 34.485 20.209 2.56103
0.000 35.210 18.573 2.67506
0.000 35.929 18.746 2.39622
0.000 37.369 19.073 2.88037
0.000 36.869 19.815 2.70200
0.000 37.191 21.171 0.88097
0.000 37.362 24.116 1.35480
0.000 38.397 25.262 1.18718
0.000 37.887 24.302 2.35140
0.000 37.921 23.880 2.61761
0.000 38.191 23.615 2.07145
0.000 38.923 23.109 1.38592
0.000 39.630 24.233 1.28351
0.510 38.345 25.867 1.10743
0.000 37.498 26.340 1.56123
0.000 38.023 26.508 1.95897
0.000 35.464 25.967 1.25585
0.000 36.191 26.336 1.01193
9.010 38.584 24.995 1.93812
0.062 36.246 24.079 1.71749
0.000 33.333 24.857 0.71392
6.958 34.099 24.546 0.65962
0.000 34.704 24.274 0.97254
0.000 35.412 24.672 0.99262
0.000 35.831 23.852 1.63684
0.000 36.970 24.380 2.02070
0.000 37.915 25.279 1.69346
0.890 35.025 21.178 2.84085
0.000 34.768 19.917 3.12642
0.000 35.125 20.897 2.55644
0.058 35.690 21.926 2.68160
0.000 34.329 24.198 1.77402
0.000 37.916 24.953 2.00168
0.000 38.461 24.971 1.91230
0.000 38.472 26.261 1.49926
0.000 38.778 26.345 2.43030
0.000 39.368 26.105 2.16624
0.000 39.978 26.885 2.19342
24.888 37.750 25.981 2.15839
6.973 31.053 22.279 2.23697
0.412 32.801 20.880 3.59611
0.002 28.854 19.218 4.52474
0.000 33.717 20.263 2.04773
0.000 36.526 22.666 1.90064
0.000 35.538 23.889 1.33171
0.437 35.798 23.902 1.60360
0.000 36.101 23.595 1.97929
0.000 37.620 24.760 2.23649
0.000 37.479 26.019 1.33422
1.612 34.562 25.744 1.22415
0.170 34.026 25.633 1.14489
0.000 37.120 24.219 1.40898
0.000 39.338 24.845 2.42806
0.000 40.785 24.958 2.92033
0.000 40.594 25.368 2.03574
25.462 37.009 20.818 4.30119
0.000 32.793 21.129 3.38222
0.000 31.108 21.249 2.77588
0.050 37.106 21.969 3.47220
0.000 37.012 23.042 3.04759
0.000 37.406 22.481 3.75007
0.000 36.742 23.419 1.66969
0.022 37.454 23.765 2.16763
0.155 35.957 23.915 2.41042
0.350 35.708 25.096 1.74586
5.640 33.553 25.429 0.90795
6.570 35.235 24.802 1.53341
0.000 36.866 25.102 2.11311
0.040 39.046 25.773 3.11497
0.077 39.420 27.329 2.67762
14.947 34.031 21.955 3.27108
0.000 35.470 23.879 1.46443
0.150 39.834 26.523 2.23700
0.000 37.176 26.541 2.86651
0.000 38.482 26.982 3.14212
0.000 41.501 27.162 3.08038
0.010 42.332 29.232 2.30928
0.020 37.897 24.900 2.73646
0.000 37.713 25.771 2.15097
0.000 38.384 24.996 2.23073
0.338 36.171 24.927 1.77286
13.625 33.241 23.170 1.89051
1.535 32.926 22.801 3.42042
3.172 32.496 23.846 2.12582
15.203 33.989 25.014 1.32452
0.248 33.928 24.525 1.53868
7.307 30.985 24.271 1.72524
22.070 32.685 23.559 1.57481
16.767 29.784 22.936 2.21027
0.132 32.595 23.833 1.12175
0.000 34.267 23.311 1.59426
0.000 34.868 23.360 1.34349
13.172 34.469 24.743 1.49149
14.460 31.973 24.489 1.99064
21.680 31.234 22.521 1.74449
2.282 31.852 22.768 2.19185
0.013 32.080 24.479 1.51018
0.050 29.776 24.039 1.91922
0.000 32.747 24.314 1.91575
1.372 32.407 24.027 2.26175
3.595 32.227 24.269 2.18876
0.102 31.894 23.487 2.31685
0.012 34.178 24.193 2.90057
0.000 32.748 23.287 3.37692
0.000 34.707 24.238 3.35235
0.000 32.759 24.158 3.57164
0.000 36.131 24.577 3.61519
0.000 35.592 24.709 2.46784
8.942 35.173 25.053 2.40088
36.850 31.838 24.819 2.31687
31.310 32.117 24.574 2.39412
28.725 30.411 23.783 2.27507
2.315 31.603 24.279 2.11863
3.623 32.100 24.446 2.29896
1.593 30.923 24.474 1.72132
0.000 31.123 24.690 1.98534
0.000 32.000 24.717 1.64777
19.050 30.973 24.762 1.66937
1.365 30.608 24.511 1.70135
0.000 31.966 24.412 1.96421
0.000 32.539 24.774 2.13691
0.000 32.866 24.903 2.15883
0.000 33.252 24.472 2.03033
0.003 33.555 25.263 2.43888
1.370 32.814 24.738 1.99415
1.078 32.484 25.242 2.09863
0.190 32.186 24.501 1.96225
2.185 33.636 24.602 1.82689
9.215 32.423 24.550 1.75881
1.377 32.464 24.260 2.03697
24.795 31.904 24.979 1.09345
3.695 30.040 24.575 1.10839
0.130 31.993 24.958 1.42288
14.923 33.120 24.838 1.02890
0.000 33.394 24.641 0.74855
0.915 33.037 25.426 0.68474
6.810 30.332 24.954 1.11879
5.357 29.579 24.509 0.93467
0.700 32.525 25.003 2.02412
8.865 31.132 24.702 2.79220
7.523 30.950 24.370 3.32207
13.275 30.809 24.048 3.32087
1.585 30.431 22.914 4.02928
1.825 30.831 24.263 3.46966
1.893 31.075 23.949 3.03553
1.748 31.017 23.853 2.77854
12.173 29.676 23.776 3.14615
1.097 30.411 24.204 3.52983
33.362 30.528 24.334 3.51663
6.237 30.240 24.034 2.84646
0.000 31.268 24.112 2.30892
0.000 30.910 23.638 2.29182
0.000 32.767 23.873 2.46737
0.000 32.599 24.497 3.06121
0.687 32.447 24.004 3.09707
0.000 33.543 23.940 3.68020
0.000 33.674 23.992 3.66387
1.100 32.458 24.753 3.70881
29.307 32.209 24.827 2.88093
27.240 32.517 24.956 2.66854
0.345 30.198 24.137 2.68795
0.000 31.756 24.437 2.54111
0.410 31.444 24.396 2.53295
3.817 31.247 23.903 1.95765
30.408 30.778 23.718 1.50542
0.337 30.964 22.997 0.92447
11.607 32.103 23.983 0.73622
0.190 30.822 23.083 1.46675
1.723 32.507 22.501 0.91790
0.023 34.011 23.595 1.00833
12.593 32.166 23.679 1.39334
7.575 31.162 23.497 1.07693
4.935 31.340 23.412 1.59056
1.160 30.610 23.809 1.59528
34.780 30.115 23.823 2.16610
2.477 30.330 23.815 2.57095
0.055 30.536 23.337 2.80101
0.265 31.950 23.580 2.68925
4.925 31.724 23.533 2.70186
16.830 28.589 23.768 2.93378
45.595 28.888 23.769 3.50480
18.615 27.676 23.188 3.42973
0.202 30.222 23.927 3.11877
1.340 28.810 23.353 3.85812
6.495 29.549 23.655 3.50880
3.410 30.352 23.833 3.36761
1.265 31.538 24.572 3.34996
0.187 31.800 24.509 2.87579
0.255 29.822 24.272 2.55752
80.080 29.269 24.456 2.91850
43.243 29.707 24.022 3.30267
1.208 29.928 23.798 2.74344
0.410 29.524 23.996 2.20784
0.680 29.492 23.845 2.34875
9.550 30.136 24.199 2.34191
1.955 29.596 23.821 2.61205
1.883 29.425 23.453 2.12878
0.177 29.946 23.926 1.66195
1.587 29.520 24.189 1.04325
9.412 29.962 23.162 0.81086
0.385 33.278 24.086 0.55851
8.138 31.439 23.932 1.04823
17.625 30.930 24.268 1.33635
33.060 29.418 23.967 1.78557
8.173 28.933 23.544 1.71879
7.218 29.892 23.708 1.57259
2.160 29.875 23.813 1.66653
35.025 29.952 23.731 1.84126
2.495 29.269 23.908 2.14747
0.240 28.730 23.095 1.89957
0.000 31.048 23.826 1.19587
8.190 28.612 23.018 1.29970
0.000 30.283 23.957 1.60228
3.075 31.171 24.106 2.14025
5.898 28.580 23.661 1.89429
9.603 29.510 23.614 1.54507
6.122 30.150 23.762 1.29868
5.445 29.908 23.951 1.40523
2.275 29.273 23.983 1.08454
0.505 31.205 24.114 0.72058
63.667 29.462 24.258 0.93283
22.762 31.061 23.807 1.23406
43.283 30.628 24.302 0.96716
22.408 29.567 22.995 1.37327
0.000 28.716 22.387 0.87429
1.390 30.244 18.103 2.38400
0.000 29.560 19.085 2.14345
0.273 30.477 20.202 1.64307
0.000 30.761 22.060 1.47738
2.995 31.981 22.694 0.97141
0.980 32.156 23.482 1.00451
0.000 30.834 23.336 1.14451
6.065 30.990 23.189 0.93317
5.650 30.626 23.576 0.79743
0.000 30.780 22.409 1.36745
0.000 30.585 22.756 1.26712
11.250 30.806 23.385 1.01933
13.463 28.109 23.629 1.88214
83.530 27.320 24.028 3.84941
28.612 26.795 23.003 3.83318
14.140 28.761 23.168 2.47207
8.930 28.717 23.681 2.06396
5.407 27.936 22.766 1.37258
0.938 29.861 23.965 0.90120
20.555 27.895 23.214 1.38911
5.430 29.190 22.824 1.52422
3.410 27.103 22.645 1.08837
3.852 29.298 21.369 2.07941
10.442 30.001 22.416 1.97946
2.640 27.905 21.605 2.75492
0.193 28.742 20.703 3.13312
1.933 28.362 19.659 3.52060
0.273 28.204 19.428 3.15355
0.085 28.855 20.007 2.71908
0.000 28.686 18.857 3.57698
0.000 27.804 18.598 3.21610
0.000 28.548 19.402 2.70129
0.000 29.508 20.754 2.88335
0.092 29.110 19.670 2.87232
0.000 28.792 19.236 3.09679
2.537 28.897 20.058 3.13637
0.950 29.812 20.314 3.09894
0.000 29.964 20.391 2.32916
0.000 30.315 21.312 2.46843
0.258 29.707 18.358 2.87472
3.330 27.049 19.881 3.05854
0.000 28.468 20.568 1.85685
5.023 28.329 18.070 3.45208
0.112 26.200 15.801 3.55614
0.000 26.715 15.513 3.34088
0.000 25.702 15.600 3.51569
0.000 26.815 15.628 3.00566
0.000 26.646 15.624 2.94092
0.000 26.638 13.458 2.86271
0.000 26.059 13.862 2.75738
0.000 27.012 15.148 2.78222
0.305 28.327 17.884 2.96160
1.242 27.394 19.128 3.09088
0.022 29.251 19.715 2.83956
0.000 29.471 21.403 2.78449
0.000 29.158 19.690 2.56858
0.000 29.013 18.758 3.13285
0.000 28.689 18.963 2.51003
0.290 28.165 19.597 2.24157
0.005 28.541 19.447 3.62076
0.000 28.323 17.099 3.63559
0.000 28.273 16.426 3.37755
0.000 27.564 16.249 3.29372
0.207 27.619 16.542 3.66170
0.112 25.650 16.023 3.38045
0.000 26.872 14.701 3.12585
0.000 27.605 15.671 2.79942
0.000 26.477 12.846 2.80986
0.000 25.286 10.494 2.90975
0.000 25.647 11.166 2.61969
0.000 25.643 12.364 2.72395
0.000 26.102 13.069 2.36216
0.000 26.943 14.261 1.73243
0.000 28.439 15.796 2.38989
0.000 29.013 17.373 3.37179
0.000 29.259 17.290 3.53282
0.000 28.790 18.492 3.70700
0.000 28.492 17.329 3.84911
0.000 30.035 17.706 3.46910
0.000 30.149 17.597 2.60256
0.000 31.318 18.509 1.96910
0.000 31.895 18.950 2.00441
0.000 31.975 18.655 1.68557
0.000 32.901 18.988 1.70293
0.000 33.145 19.851 2.16936
0.000 32.967 20.480 2.24249
0.000 32.717 20.942 2.46778
0.000 33.410 20.740 2.44650
0.000 34.000 21.345 2.49340
0.000 34.025 20.811 2.64428
0.000 33.886 20.252 2.67269
0.000 34.285 20.434 1.20265
0.000 35.129 21.386 0.79703
0.000 35.761 21.259 1.13327
0.000 35.383 21.950 1.55100
0.000 33.303 18.701 3.06542
0.000 33.367 19.258 2.56399
0.000 33.752 19.145 2.53285
0.000 32.876 17.675 2.41912
0.000 32.181 17.843 3.00526
0.000 31.689 16.148 4.12579
0.000 30.321 15.114 4.29398
0.000 29.372 14.141 5.29203
0.000 26.022 11.281 5.02252
0.000 26.471 11.830 4.20219
0.000 28.402 12.576 3.01709
0.025 30.183 15.257 2.36738
0.000 31.130 16.190 2.96643
0.000 31.286 15.891 2.01486
0.000 31.861 15.472 2.25823
0.000 32.772 16.758 1.78361
0.000 33.567 17.550 1.41182
0.000 34.996 18.040 1.18348
0.000 34.960 18.445 1.40043
0.000 35.802 17.622 1.34926
0.000 36.102 17.913 2.22789
0.000 33.609 17.934 3.40766
0.000 32.595 15.997 4.57845
0.000 29.808 15.631 5.22245
0.000 30.924 14.355 4.22199
0.000 32.556 14.952 2.96898
0.000 33.940 16.815 2.28270
0.000 34.754 16.644 1.69035
0.000 36.053 17.009 2.22452
0.000 35.045 16.655 3.72383
0.000 33.392 17.280 4.11017
0.188 29.047 16.077 4.91498
0.000 30.090 16.442 3.24717
0.000 32.225 18.077 3.17152
0.000 32.953 18.616 2.96846
0.000 35.320 19.163 1.29224
0.000 35.106 23.239 1.14437
0.000 34.893 19.807 2.61261
0.000 35.316 17.720 3.79383
0.272 34.396 17.566 2.69517
0.000 26.944 15.521 3.77958
0.000 28.017 15.761 3.48091
0.000 27.152 16.222 2.21890
0.000 33.029 16.930 2.43738
0.000 33.288 15.253 3.45105
0.000 33.346 15.487 3.03441
0.000 32.073 14.455 4.27493
0.000 30.769 14.963 3.84500
0.000 30.727 16.311 2.63015
0.000 33.327 17.309 3.76567
0.000 30.510 14.261 5.40554
0.000 28.661 14.116 4.61251
0.000 30.149 13.966 5.23945
0.000 29.120 14.686 4.41593
0.000 31.519 15.876 3.39184
0.000 31.746 18.636 3.85822
0.002 32.597 16.386 4.89391
0.000 31.944 15.031 5.08866
0.000 30.886 14.355 4.51413
0.000 31.687 14.788 3.20999
0.000 33.376 15.894 2.96652
0.000 32.942 19.126 3.02867
0.000 35.175 21.351 2.32398
0.000 37.267 22.605 2.20350
0.000 36.262 19.363 4.36928
0.000 30.202 15.771 5.91510
0.047 31.357 16.490 4.74560
0.000 30.374 14.794 4.26403
0.000 33.139 15.633 3.45404
0.000 33.843 14.287 4.29065
0.000 32.969 15.206 4.27689
0.000 33.330 16.162 3.84017
0.000 34.091 17.275 3.15871
0.000 35.350 19.596 2.84728
0.000 35.977 20.509 3.77146
0.000 35.328 19.895 4.03266
0.000 36.070 20.219 3.28017
0.000 37.523 20.874 3.18191
0.000 37.553 20.868 3.20813
0.000 37.688 21.791 1.90949
0.000 39.052 23.325 1.88115
0.000 38.732 23.292 1.97331
0.000 39.624 24.860 1.53130
0.000 40.044 26.558 1.73551
0.000 39.866 27.542 1.31667
0.000 39.042 26.808 1.34604
0.185 38.846 26.590 1.64917
3.868 36.727 25.493 1.58198
7.720 34.020 23.119 1.71877
0.000 37.052 24.206 1.32693
0.000 34.613 20.802 2.74265
0.000 35.641 21.791 2.37028
0.000 36.518 23.235 1.38659
16.425 36.694 24.255 0.97047
0.010 36.164 24.526 1.76298
0.045 35.916 25.170 1.72675
15.237 35.661 24.746 1.93091
0.000 36.935 25.028 2.04648
0.938 32.468 23.735 1.43498
1.970 36.209 25.182 0.78148
11.397 29.524 22.980 0.97535
12.095 34.699 23.848 1.04886
1.012 33.517 24.569 0.95326
5.325 34.740 23.671 2.18349
21.107 33.053 23.670 1.21103
12.298 34.080 24.024 1.04707
0.000 35.244 24.188 2.10195
2.138 37.441 24.435 2.38124
0.000 37.512 24.982 2.09674
1.123 38.196 25.480 1.98288
0.000 38.172 25.728 1.67927
11.067 36.246 24.884 1.58859
0.325 34.293 23.881 1.55495
0.240 37.206 24.974 1.42534
0.000 38.367 23.559 1.87955
0.000 38.533 23.503 2.36334
0.000 37.953 25.433 1.34166
0.000 38.448 25.284 2.09269
0.000 37.464 26.925 1.65686
2.352 34.822 26.051 0.95828
3.900 37.373 25.260 2.05530
0.000 35.255 22.778 3.17806
0.002 35.445 22.943 3.80915
0.055 35.258 23.707 2.43521
0.000 35.944 24.270 2.05623
0.000 38.233 26.007 1.44752
16.733 34.493 22.723 2.91550
3.065 24.641 24.091 1.79609
0.108 32.776 24.192 2.02090
10.020 32.190 23.943 2.34137
1.085 32.367 23.906 2.68716
0.840 34.311 24.585 2.76785
4.217 32.359 24.016 2.50990
3.127 34.117 24.146 1.99791
15.155 33.393 23.468 1.48077
20.593 34.478 23.272 2.25608
1.255 34.885 24.258 2.07723
0.930 35.126 24.871 2.03122
6.542 31.577 21.663 2.68486
0.672 28.556 21.909 2.09605
0.300 31.804 22.433 2.00332
0.000 32.511 21.499 2.49904
0.443 31.830 22.053 2.31648
2.053 32.652 22.744 2.09230
7.228 33.084 23.779 1.64973
0.000 33.505 24.430 3.04108
2.512 33.663 24.459 3.47804
42.672 31.456 24.187 2.85848
40.662 29.487 23.976 1.57920
6.980 28.782 23.726 2.64196
19.198 30.769 24.083 2.00160
11.367 29.526 23.781 2.21414
12.098 29.969 23.514 2.27650
9.557 30.516 24.005 1.68503
0.317 30.369 23.925 1.98370
6.385 31.711 23.993 2.68805
8.042 29.997 23.990 3.04639
2.170 30.100 24.224 2.69213
8.330 30.430 23.593 2.05016
1.440 30.760 23.810 2.28349
13.502 30.117 24.082 2.38133
36.262 29.518 23.651 2.11630
10.453 29.873 23.072 1.83682
4.452 31.345 23.626 1.96864
0.165 31.434 23.568 2.38627
6.443 31.203 23.647 2.56212
0.215 31.322 24.871 1.16589
8.823 30.346 24.514 0.94401
0.470 30.168 23.807 0.86521
1.520 31.944 24.018 1.36387
11.227 30.920 24.006 1.26177
3.927 29.974 23.862 2.30427
16.302 30.084 23.668 3.66002
8.758 30.134 23.784 3.68509
16.875 29.323 23.779 3.26826
16.845 29.056 23.761 2.87860
17.520 29.999 23.356 2.84484
4.210 27.790 22.763 2.41892
5.437 29.827 22.929 2.03687
0.000 29.496 22.684 1.93088
0.000 30.717 23.392 2.00440
0.000 31.258 24.188 1.93179
0.000 31.762 24.810 2.73719
0.000 29.283 24.236 2.50458
0.000 28.738 24.069 2.57363
0.062 31.032 23.754 2.49695
0.013 31.437 24.113 2.72884
11.973 30.784 24.401 2.58660
0.080 30.591 23.213 1.80680
5.025 31.862 23.331 2.15320
3.913 30.596 23.523 2.00083
6.072 28.649 23.098 2.32124
0.000 30.691 22.570 2.33490
0.000 31.016 23.517 2.00076
0.375 30.818 23.524 1.82239
0.705 29.299 23.784 2.55597
55.315 28.034 23.704 2.76676
7.275 29.402 23.531 2.80808
3.592 29.472 23.881 2.84362
0.307 30.613 23.572 2.69884
0.087 29.651 24.084 2.24027
1.575 31.008 23.724 2.23087
2.038 30.585 24.290 2.16974
0.000 31.392 24.414 2.49219
1.145 31.411 23.550 2.63896
4.460 32.194 23.941 2.79600
2.588 31.307 23.929 2.76966
19.440 31.016 23.823 2.32336
8.845 30.056 23.714 2.11353
14.412 29.902 23.105 1.57575
0.000 30.876 24.216 1.83553
0.000 30.311 23.012 2.30588
0.305 30.654 23.372 2.17420
0.477 29.700 23.031 1.85960
0.000 30.373 23.052 1.89676
0.380 31.708 23.937 2.04834
0.303 29.245 23.563 2.47053
0.055 27.725 23.136 2.63280
0.323 29.541 23.053 2.63131
1.483 28.971 23.252 3.03593
2.290 29.101 23.294 2.29078
30.850 30.283 23.513 1.61765
11.450 29.586 23.237 1.83980
0.915 29.505 23.881 2.02950
0.895 29.266 23.520 2.17753
11.887 30.058 23.811 2.36444
0.877 29.944 22.527 3.83494
1.635 28.268 22.839 4.45667
0.683 28.683 22.443 4.09155
3.492 31.313 23.263 2.94602
16.593 30.391 23.654 2.92052
32.950 27.962 22.931 3.05974
3.290 27.854 23.181 1.99202
0.158 29.656 23.208 1.84902
0.000 30.440 23.464 2.22396
0.000 30.599 23.292 2.38130
0.000 30.630 23.779 2.35381
0.072 31.524 23.842 1.88381
35.375 28.562 23.707 1.12341
6.082 28.300 23.422 1.83916
0.450 28.952 23.031 1.54874
0.492 30.696 23.874 1.77906
0.012 30.511 23.986 2.26414
1.220 29.565 23.483 1.52236
1.382 29.160 23.092 1.27400
5.470 31.278 23.944 0.94109
2.213 32.562 23.757 0.84509
5.327 31.300 23.614 1.32223
1.177 30.003 23.369 1.40946
0.000 30.201 23.635 1.47399
0.000 30.141 23.734 1.44434
0.102 30.709 23.810 1.17523
8.332 30.977 23.981 0.84957
0.000 30.175 24.241 0.49944
11.195 31.645 23.993 0.85463
4.060 30.237 23.429 1.15129
0.975 29.214 23.700 0.86579
3.788 29.368 23.536 1.49486
7.220 30.401 23.917 1.25896
2.925 30.746 23.005 1.89078
0.160 31.218 23.336 1.37268
35.923 30.707 23.504 2.74198
57.428 29.685 23.865 2.67214
20.392 27.460 22.820 3.82130
3.940 28.327 23.305 4.49331
36.702 28.455 23.883 3.59349
34.333 28.175 23.255 1.49784
44.177 28.388 22.853 1.16218
5.462 29.467 22.936 1.65804
0.385 28.456 23.092 1.79659
0.983 28.654 23.341 1.36539
22.820 27.366 22.723 2.47233
11.615 27.370 22.682 2.13333
5.547 29.023 23.123 1.86032
0.120 30.946 23.530 2.11608
0.560 29.582 24.045 2.81475
1.870 28.588 23.532 2.72518
7.480 27.773 23.266 1.50381
25.867 29.237 23.628 1.58263
12.958 28.250 23.455 1.14965
5.848 30.682 23.274 1.25769
14.235 29.082 22.092 1.93968
1.085 28.991 23.114 2.04383
8.165 30.139 23.124 0.76368
0.410 31.021 23.214 1.02770
0.000 30.063 23.095 1.22464
7.025 29.761 23.497 1.17822
7.268 29.013 23.123 0.91964
0.077 29.292 22.060 0.89924
52.878 30.380 22.330 1.00089
0.345 31.469 22.769 1.87551
0.000 30.301 22.841 2.28431
0.672 30.567 21.955 2.48623
0.505 30.430 21.872 2.31453
0.605 30.246 21.605 2.22732
0.000 29.514 20.338 2.28299
0.000 30.886 21.373 1.86849
0.000 30.758 21.976 2.73126
0.855 27.894 22.350 2.69645
0.000 28.347 22.340 2.23948
0.092 30.447 23.107 1.77161
0.228 30.109 23.384 1.92679
0.000 31.085 23.231 1.56353
0.000 31.217 23.517 1.14058
5.893 29.543 24.051 1.62267
0.517 30.556 23.281 1.98488
0.240 29.158 23.380 2.48967
0.350 29.860 23.106 2.19075
0.000 31.001 21.782 2.65039
0.153 30.099 21.618 2.02390
5.645 29.853 22.524 2.15142
3.717 28.799 22.774 1.56439
13.340 29.427 23.909 2.43876
4.363 28.713 23.258 1.46267
1.053 28.982 23.303 1.22206
11.613 28.839 22.993 2.08514
50.432 26.450 22.672 2.08450
0.000 28.361 22.741 1.16986
0.000 31.534 22.637 1.15592
1.220 30.287 22.231 1.62134
0.075 26.403 19.559 3.19568
0.000 25.685 16.445 3.24945
0.000 26.803 14.577 3.61651
0.000 25.809 14.495 3.20351
0.000 25.682 14.718 2.92562
0.000 26.186 15.262 2.97700
0.007 27.295 16.281 2.81978
0.000 27.384 19.738 1.99172
0.017 29.863 19.892 2.00691
0.182 29.316 20.092 2.88954
0.170 26.175 20.190 3.51738
0.000 25.761 17.024 4.19362
0.000 26.073 16.720 3.44875
0.077 27.902 17.175 2.73634
0.063 29.385 20.012 2.68666
0.000 29.841 20.434 2.95776
0.000 28.890 18.347 3.68331
0.000 28.596 18.155 3.52516
0.000 28.379 18.370 3.60064
0.000 26.165 14.175 4.31616
0.000 25.561 13.209 3.66816
0.000 25.583 12.029 3.82835
0.000 25.096 12.357 3.48187
0.000 25.775 12.706 3.37102
0.000 26.159 13.281 2.24477
0.000 27.604 15.546 1.45226
0.000 29.260 16.694 2.63418
0.000 27.971 16.039 4.30660
0.000 26.024 15.505 4.18774
0.000 27.888 15.567 3.14871
0.000 27.020 12.602 3.82525
0.000 26.204 13.291 2.38108
0.005 27.181 14.608 2.02854
0.278 27.929 15.395 2.79869
0.000 28.190 15.585 1.66251
0.000 29.792 16.535 2.09880
0.000 29.389 15.976 3.78342
0.000 28.262 15.123 3.21492
0.000 28.636 15.572 3.07702
0.000 28.542 13.745 3.36667
0.000 27.186 13.194 3.45026
0.000 27.800 13.833 2.51554
0.000 29.306 15.888 2.28515
0.000 30.066 17.891 2.26183
0.000 31.548 15.537 4.04040
0.000 30.003 15.384 4.09399
0.000 29.108 15.747 3.16364
0.262 29.852 16.581 3.59510
6.933 24.516 17.036 3.26568
3.687 27.116 17.332 2.79079
0.000 29.532 17.894 2.82667
0.000 31.461 19.658 3.33428
0.000 29.348 18.049 3.89336
0.000 25.075 16.072 4.77821
0.000 25.578 15.626 4.71155
0.000 25.845 14.391 4.33374
0.000 28.176 14.699 3.38206
0.000 30.256 15.748 2.75355
0.000 30.942 17.521 2.41571
0.000 31.490 18.180 2.83579
0.000 31.822 16.523 3.74030
0.000 30.286 13.730 4.18842
0.060 25.250 10.742 5.15140
0.045 24.691 9.194 4.14786
0.000 25.516 9.997 3.48735
0.000 27.191 11.114 4.27794
0.000 26.442 10.370 4.38167
0.000 25.838 10.944 4.16258
0.000 26.300 11.498 4.16610
0.000 27.841 12.244 2.77498
0.000 29.164 14.315 2.04732
0.000 30.506 15.064 1.92928
0.000 30.857 16.334 1.43566
0.000 32.359 16.058 1.45128
0.000 33.241 16.185 2.52607
0.000 32.263 16.860 1.61507
0.000 34.790 17.824 2.72296
0.000 31.361 14.537 4.98011
0.000 30.157 15.169 2.45989
0.000 33.208 15.778 3.13194
0.000 31.127 14.393 3.10996
0.000 32.705 15.126 1.81193
0.000 34.134 17.424 3.02250
0.000 33.064 16.690 2.98555
0.355 32.384 17.291 2.11487
0.000 33.888 17.898 2.76341
0.260 33.509 17.669 3.04219
0.000 33.451 18.385 2.63146
0.000 34.431 19.255 2.60940
0.000 34.613 18.594 3.59899
0.000 33.616 17.512 3.91509
0.000 33.632 17.928 2.89726
0.000 34.098 17.627 3.03633
0.000 34.089 17.730 3.73602
0.000 34.160 18.638 2.73269
0.275 33.765 21.788 0.98020
0.000 35.508 22.257 2.05830
0.000 36.856 20.117 2.43377
0.000 37.536 19.699 1.77578
0.000 38.218 21.707 0.96791
0.000 37.616 24.241 1.93376
0.000 37.067 22.430 2.34585
0.000 37.648 22.976 2.53474
0.000 38.644 24.021 1.27789
0.000 39.264 25.277 2.40284
0.000 38.812 26.119 2.50238
0.000 38.709 26.286 1.83058
0.000 39.658 27.082 1.77156
0.058 38.156 26.928 2.08017
0.000 37.324 25.908 1.52478
0.000 39.928 27.316 0.96129
0.000 38.948 28.436 1.06261
1.502 36.240 25.720 2.35423
0.000 32.879 24.319 2.64579
0.038 35.806 24.316 2.85103
0.000 37.246 24.955 1.30131
0.170 38.623 25.714 2.28294
0.000 38.851 25.518 2.51026
0.000 39.616 24.171 1.92149
0.000 38.413 24.674 2.25831
0.000 38.094 25.727 1.94101
0.000 37.749 24.876 2.88583
0.003 37.618 26.014 1.80827
0.000 39.352 28.252 2.41644
0.000 38.838 27.956 1.68270
1.988 37.900 18.146 3.63608
1.318 24.949 16.154 3.86253
0.000 31.756 17.051 2.44321
0.002 34.208 20.232 1.81701
0.000 35.815 21.999 1.08161
0.197 33.931 23.995 2.06527
0.000 35.561 24.576 0.99812
3.055 31.845 23.159 1.55267
0.000 36.573 24.254 1.47324
0.003 37.459 25.072 2.16553
0.267 37.602 25.756 2.11609
41.570 36.055 24.936 1.72184
0.248 32.582 23.515 1.25721
14.443 34.113 23.904 1.57726
0.000 32.852 23.631 1.33705
0.000 35.714 24.150 1.39395
0.000 37.160 24.963 1.31334
8.342 34.496 23.597 2.09354
20.157 32.196 22.977 2.35685
0.000 31.708 22.530 2.72545
0.000 34.487 22.180 2.09769
0.000 35.938 22.764 1.95025
0.045 36.919 24.163 1.42352
0.165 36.862 24.256 1.86102
0.475 35.588 22.242 2.81731
0.000 34.998 23.242 1.90186
0.000 36.366 24.325 1.77358
0.000 37.423 25.139 1.19555
0.945 35.808 26.098 1.42957
4.205 31.401 24.524 1.24681
0.160 34.862 25.467 1.17916
0.400 36.116 25.108 1.55602
4.933 33.761 25.705 0.85882
2.240 35.041 25.145 1.50949
0.100 37.897 26.122 3.60336
0.018 36.947 26.504 3.25940
0.375 38.909 25.964 3.62301
0.000 37.842 25.916 3.71143
0.000 40.190 25.071 2.36230
3.830 37.354 25.859 1.50592
0.000 39.487 25.650 2.42630
0.000 40.108 25.887 2.33533
0.002 40.967 27.432 2.34876
36.085 36.556 22.715 2.55163
0.943 33.823 23.017 2.46409
0.493 29.625 23.226 1.50886
12.042 33.856 24.666 1.47828
30.308 29.225 23.951 1.27282
6.715 32.373 23.931 1.84008
0.000 32.931 22.769 3.02912
0.000 34.603 21.679 3.14960
0.000 35.623 20.928 3.78523
0.137 35.685 21.779 3.27955
0.000 35.768 23.356 1.40864
0.000 37.251 24.524 1.11189
3.575 37.282 25.389 1.90616
0.145 36.531 24.956 2.54060
16.388 34.047 24.716 1.91760
11.640 32.802 23.911 1.30913
21.382 32.260 24.772 1.36504
2.305 31.694 24.084 1.62330
13.208 32.219 23.799 1.78997
8.352 31.780 23.856 1.94870
1.948 31.842 24.338 1.18251
16.680 32.169 24.152 1.30305
3.837 32.540 24.683 1.29672
0.685 32.691 24.773 1.20057
4.357 32.107 24.409 1.51025
26.875 31.124 23.375 1.99954
6.015 32.617 23.947 1.72887
5.487 30.790 23.803 1.84100
8.375 32.799 23.932 1.51682
0.000 33.658 24.582 1.39073
14.403 32.793 24.646 1.93009
0.285 31.830 24.454 2.36183
2.438 29.497 23.765 2.64634
2.827 32.336 23.921 2.47359
1.070 32.254 24.358 1.96362
4.853 31.083 24.151 1.20149
0.000 31.926 24.376 1.41601
1.123 32.128 24.690 2.85725
0.212 32.629 24.267 3.52518
14.655 31.983 23.074 3.96148
4.675 29.836 23.871 3.45761
3.370 30.639 24.121 3.29413
0.055 31.601 24.262 3.09671
0.010 31.746 24.269 3.25902
0.000 32.597 25.017 3.57944
23.537 31.949 24.857 2.74820
1.930 30.364 24.012 2.86466
2.627 32.782 23.615 3.44454
0.815 33.038 23.300 2.75732
0.000 33.467 24.495 2.94477
0.000 33.881 24.611 2.69704
29.813 31.560 25.047 2.21422
23.033 28.415 24.030 2.44012
1.740 29.742 23.700 2.48876
14.928 30.660 24.077 3.12292
0.910 30.727 24.281 2.93698
1.373 31.353 24.163 3.21234
0.000 30.943 24.922 2.88925
7.042 30.087 24.392 3.17864
0.000 29.448 23.420 2.19270
0.000 32.462 24.354 1.80578
0.113 31.309 24.133 2.53092
12.232 30.158 23.954 2.45933
52.203 29.763 24.065 2.10359
2.685 29.384 23.708 2.54785
0.795 29.164 24.091 2.57571
0.267 30.295 23.332 1.95876
0.605 30.634 23.547 1.96982
0.583 31.268 23.035 2.07527
3.940 30.775 23.534 2.94393
28.282 30.643 24.320 2.96152
28.243 28.292 22.840 2.42631
10.962 29.976 22.657 2.22215
4.630 30.781 23.056 1.32937
0.980 29.933 22.861 2.03353
0.000 32.662 23.447 1.97456
0.052 33.776 24.583 2.08708
7.642 33.783 25.251 2.13123
5.355 30.567 24.011 2.18272
6.995 29.453 23.766 3.32333
0.923 30.784 23.358 3.49554
18.483 30.987 23.792 2.92415
69.660 29.550 23.712 3.32365
1.865 29.148 23.959 3.47241
1.358 30.991 23.561 3.45292
0.045 32.258 24.083 3.22567
6.500 29.923 23.886 2.65555
26.905 30.639 23.992 2.39017
0.000 29.754 24.097 2.17869
3.267 29.358 23.561 2.93705
0.070 31.562 23.833 3.00051
0.000 31.575 24.218 3.29865
0.240 31.465 24.207 3.40479
3.663 31.633 23.931 3.25617
4.327 31.957 24.230 3.82077
18.137 29.555 23.273 3.25735
42.078 27.729 23.423 3.59230
12.512 28.243 22.685 3.65982
0.295 28.094 23.164 3.17823
0.130 30.527 23.943 2.82543
0.498 29.931 23.915 3.09142
15.503 30.537 23.800 2.84172
1.075 31.757 23.784 3.28445
5.278 32.832 23.963 3.37037
6.425 30.331 23.465 3.55214
17.783 28.601 23.583 2.91100
8.700 29.878 23.643 3.09148
5.035 30.977 24.132 2.59710
10.153 30.547 24.394 1.70550
8.130 29.894 24.020 1.47768
32.398 29.830 24.661 1.31069
2.245 30.242 23.964 1.23332
1.972 30.416 23.616 1.26725
0.000 31.740 24.273 0.84786
0.573 32.220 24.401 0.72346
0.000 31.547 23.633 0.80810
0.025 32.188 23.967 0.79651
0.055 31.352 23.838 1.53455
0.002 32.533 23.363 1.32118
27.470 32.702 23.739 1.07771
0.002 31.977 24.549 0.81507
8.393 32.365 24.906 0.45806
0.147 31.077 24.830 1.21033
0.065 33.275 23.893 1.31128
1.622 31.186 24.147 1.00946
12.018 30.512 24.352 1.27373
6.938 29.880 24.258 1.33768
49.520 29.524 24.017 0.90684
0.273 29.979 23.759 0.88181
9.903 29.664 23.552 1.71645
13.560 31.314 24.132 1.44985
1.573 31.730 24.371 1.35292
4.757 28.753 24.118 1.67668
1.370 29.155 24.003 1.76799
3.935 29.604 23.825 1.39623
32.177 29.403 23.320 2.04981
14.130 28.618 23.123 1.72235
1.067 32.614 23.583 1.09157
0.000 33.035 23.225 1.18187
0.555 32.878 23.565 0.93143
0.000 31.189 24.506 1.59524
0.453 31.778 24.713 1.57089
14.770 29.067 24.297 1.61547
33.862 28.752 23.799 2.31132
46.335 28.577 23.122 1.91848
1.420 30.132 23.913 1.14343
2.202 31.168 23.584 0.92248
0.417 31.467 23.855 1.39849
0.000 31.896 23.752 1.63327
6.537 32.268 24.029 1.22959
2.818 29.331 22.570 0.93143
3.260 30.651 23.010 1.23803
7.102 28.512 22.786 2.42297
4.218 26.504 22.190 2.24630
23.143 27.928 22.814 1.27116
3.983 29.887 23.335 1.09486
1.305 30.334 23.557 2.48999
58.505 27.596 22.003 3.81165
27.608 25.166 22.215 4.89441
0.102 29.545 23.191 3.22527
0.000 30.372 23.854 1.53038
0.000 29.329 23.699 1.35695
0.000 30.735 23.521 1.24435
0.000 31.785 22.261 1.73104
0.287 31.784 22.155 1.51929
0.000 31.945 18.916 1.30030
0.000 32.039 20.284 1.06667
0.000 31.380 21.829 1.01633
0.203 30.785 23.007 1.53520
0.000 30.246 22.046 1.84746
0.000 30.367 23.181 1.22932
14.578 29.815 22.685 0.79974
0.000 30.639 21.687 1.98252
0.000 29.927 22.266 1.64921
1.972 30.802 21.911 2.19416
0.490 31.031 21.994 1.70102
0.087 31.210 22.384 0.94753
1.582 31.336 23.474 0.59651
34.542 30.845 23.146 1.32627
0.153 29.721 22.457 1.72594
0.000 27.821 22.401 2.40264
0.000 28.663 21.113 2.08026
0.000 30.425 21.658 1.56881
0.000 31.482 22.829 1.36378
0.000 26.613 21.696 1.85227
0.000 30.929 19.023 1.96485
0.000 30.070 20.334 2.36262
0.000 30.378 17.825 2.01798
0.000 29.639 17.663 1.69902
0.000 30.032 18.615 2.35680
0.000 29.555 19.795 3.18112
0.738 28.672 19.533 5.79290
3.828 26.283 16.267 4.73749
0.000 28.694 16.811 3.45552
0.000 29.230 17.766 3.33178
0.000 30.584 18.621 2.35712
0.102 31.181 21.684 1.30051
0.000 32.767 22.100 0.81888
0.000 33.352 22.887 0.79877
0.000 32.710 22.552 1.03334
0.000 33.734 22.469 1.07218
0.000 34.656 22.453 0.62001
0.000 32.993 19.879 2.51634
0.000 32.052 20.562 1.43303
0.005 33.075 22.030 0.76661
2.160 32.201 19.699 2.31478
0.000 22.486 15.747 4.48844
0.000 27.605 15.737 3.71644
0.000 29.084 14.736 3.73378
0.000 29.141 13.118 4.47193
0.000 26.186 12.001 3.92629
0.000 27.629 12.710 3.47737
0.000 29.304 14.561 2.31711
0.000 30.726 15.175 1.97445
0.000 31.443 16.923 1.95973
0.000 31.860 18.457 1.35159
0.000 32.639 20.010 2.15811
0.000 33.003 19.797 2.50904
0.000 32.774 17.836 3.23654
0.000 31.890 17.826 3.51419
0.000 30.931 17.135 3.03440
0.000 31.556 17.947 2.66445
0.000 30.521 15.819 3.71743
0.000 29.937 16.591 2.78823
0.000 30.037 16.132 2.75690
0.000 30.760 17.130 0.93583
0.000 31.745 17.631 0.68281
0.000 32.603 18.080 1.03729
0.000 32.806 17.496 1.13887
0.005 33.187 18.410 1.09246
0.000 33.305 18.370 1.35044
0.000 33.944 19.450 2.15769
0.000 33.522 20.529 2.06184
0.000 34.710 21.419 1.38389
0.000 34.995 21.846 1.42972
0.000 34.935 20.072 2.90250
0.000 33.256 17.847 3.96068
0.000 32.336 18.333 3.89079
0.000 30.185 17.565 4.59516
0.000 29.554 15.524 3.96926
0.000 29.313 15.247 3.62365
0.000 31.005 15.756 2.18971
0.000 32.463 18.249 1.31413
0.000 33.999 18.494 1.29495
0.000 35.280 18.931 1.03586
0.000 35.226 20.059 1.13824
0.000 36.226 19.944 1.81429
0.000 30.956 19.197 2.11102
0.365 34.047 19.858 1.01318
0.000 34.644 22.278 0.98882
0.000 33.929 21.982 1.94796
0.000 35.544 21.466 1.65383
0.000 35.963 22.417 1.59443
0.000 35.271 21.468 2.23769
0.000 35.932 22.207 1.36001
0.000 35.854 23.529 0.96130
0.000 36.500 22.740 2.71083
1.673 34.538 21.660 2.62769
1.453 30.365 17.543 2.84089
0.000 32.647 18.280 1.35114
0.000 34.912 20.648 1.00130
0.000 35.379 18.319 1.73273
0.000 32.163 15.522 4.84603
0.000 30.630 15.507 4.24317
0.000 30.620 15.980 3.18858
0.000 32.107 17.658 2.82337
0.000 30.624 16.893 4.33968
0.000 30.946 15.962 4.36505
0.000 30.885 16.168 3.23568
9.577 32.275 16.816 2.55481
15.090 31.179 20.859 3.26806
0.000 32.301 21.825 2.14632
0.000 32.841 21.920 2.13713
0.000 32.960 18.545 3.01950
0.000 31.321 19.186 1.78690
0.000 33.895 18.510 3.58612
0.000 32.893 18.868 3.16501
0.000 33.650 19.585 1.62898
0.000 34.959 20.595 1.91309
0.000 35.905 21.612 1.57798
0.000 36.054 22.469 0.87347
0.000 36.898 23.759 1.17485
0.000 36.612 24.593 0.85157
0.000 37.512 24.129 1.18770
2.672 37.335 25.084 0.96665
0.000 35.029 24.803 0.92476
0.175 36.563 24.817 1.12529
14.403 35.245 25.327 1.13582
0.495 34.129 24.668 0.91730
0.018 35.928 24.024 1.13321
0.000 37.364 24.970 1.13089
0.000 38.761 24.589 1.63152
0.000 39.027 24.738 1.37073
0.000 39.234 21.122 2.37456
0.000 37.182 21.711 1.54725
0.000 37.599 25.682 1.00791
0.000 38.456 23.371 2.00863
0.000 35.922 20.227 3.80622
0.000 34.601 18.321 4.40650
0.000 33.777 17.697 4.45020
0.000 32.461 18.240 4.03759
0.000 30.100 18.870 2.08269
0.000 33.241 22.066 0.91595
0.000 36.310 24.136 1.55843
2.600 36.257 23.910 2.13676
0.000 37.572 24.302 3.94872
2.195 38.276 23.159 2.98991
0.000 39.065 22.853 2.05271
0.000 39.809 24.891 2.19310
0.000 38.939 25.774 2.79043
0.000 39.748 26.310 2.80167
0.000 40.171 24.639 2.92479
0.000 41.006 23.862 3.55741
0.000 41.013 24.549 3.39878
0.000 40.772 23.377 3.40078
0.000 40.213 23.532 2.53689
0.000 41.025 24.536 2.07367
0.000 40.981 25.749 1.73166
0.000 34.202 17.446 6.96056
0.000 30.475 16.345 5.64703
0.000 32.910 17.169 2.58739
0.000 38.115 22.209 1.12220
0.000 39.487 24.901 2.34275
0.000 40.515 24.017 2.23994
0.000 40.842 25.816 1.49361
0.008 40.111 22.079 5.03163
0.000 37.931 22.013 4.21573
0.000 37.396 20.470 4.16790
0.000 37.587 21.566 1.19843
0.000 40.103 27.529 0.83307
0.000 37.428 26.127 1.22194
1.182 38.012 26.121 1.81373
0.000 38.409 26.641 2.49873
0.000 39.520 27.918 2.05821
0.000 35.669 19.610 6.47683
0.000 32.202 19.416 4.15619
0.000 35.256 20.350 3.42942
0.000 36.660 22.226 3.87400
0.000 37.158 23.410 2.18924
0.000 38.046 25.405 1.07465
2.433 37.932 25.765 1.80097
0.000 38.100 26.965 1.38198
0.000 40.013 28.642 1.12487
0.000 37.712 27.830 1.33205
0.000 38.361 28.856 1.83130
0.000 39.887 29.381 2.02632
0.015 41.157 29.506 2.28571
0.245 40.609 27.686 2.33683
0.025 34.199 27.425 1.49570
0.512 35.005 25.897 2.52107
0.007 39.907 26.708 3.03415
0.000 41.272 27.043 3.43469
0.000 41.937 26.931 2.93705
0.000 43.182 28.664 1.96364
0.820 41.105 29.681 2.00396
0.000 40.610 24.388 3.15367
2.605 32.940 23.079 3.18005
0.700 32.952 24.357 1.61456
0.000 36.087 25.303 1.46379
0.000 36.560 25.524 2.47572
0.000 38.608 25.930 2.67378
0.000 39.001 26.202 2.70484
0.000 40.676 27.692 1.98982
6.532 37.974 22.323 4.58049
0.000 33.620 23.460 1.28679
0.327 38.319 26.977 1.04700
25.742 37.018 26.458 1.04852
11.615 33.185 24.660 1.78156
4.798 32.542 24.674 1.26290
3.808 36.067 26.259 0.95135
1.443 36.193 25.648 1.61102
0.000 36.379 25.797 1.58194
4.622 36.268 26.233 0.93084
6.155 37.147 26.793 1.57220
0.000 36.310 26.889 2.51774
0.007 36.353 27.013 2.71144
0.000 37.781 28.031 2.22734
0.000 38.186 27.711 1.73407
5.733 38.322 26.972 2.32143
1.240 36.168 27.114 2.03825
16.745 35.231 24.677 2.06928
0.023 36.947 26.034 1.55222
0.187 34.859 26.480 1.71826
0.000 35.531 25.986 1.92805
0.000 38.107 26.697 1.74908
20.815 35.710 26.176 2.36289
30.485 33.304 26.490 1.52518
0.290 36.005 26.587 1.20589
1.225 33.721 25.948 1.59504
0.158 35.701 25.534 2.23459
0.127 36.974 26.079 2.66801
6.470 36.800 25.739 2.89917
9.770 34.064 25.756 3.67291
14.743 29.953 25.380 2.81500
1.367 32.439 25.516 2.42543
4.895 30.959 25.142 2.91414
0.260 33.992 25.156 4.06245
1.478 34.548 24.357 3.67806
3.795 32.866 25.082 2.94456
0.745 31.597 24.458 2.49837
0.000 33.592 25.092 3.01911
3.113 33.441 25.701 2.64394
0.125 34.588 25.888 3.16233
66.532 33.424 25.311 2.72961
0.035 30.569 24.423 1.33831
7.070 33.120 25.258 1.17385
1.605 29.449 24.707 1.94961
30.143 32.944 24.451 2.79794
1.857 32.919 24.967 2.48847
2.227 31.891 24.943 2.15757
3.563 30.499 24.209 2.03888
0.470 32.922 24.428 2.17370
0.000 32.324 25.258 1.17061
0.158 30.204 24.407 1.39643
0.030 32.582 24.949 1.78164
1.373 32.537 25.010 2.00986
1.662 31.234 25.204 1.90862
4.743 31.701 25.605 1.22280
0.000 30.695 24.734 2.22141
0.140 31.007 25.241 1.93033
2.190 31.336 24.630 1.82092
0.483 32.873 24.859 1.39323
11.358 30.792 24.327 1.88102
2.963 31.863 24.471 2.90759
4.260 31.666 24.510 3.28309
3.165 31.920 24.666 2.66187
0.000 32.558 24.966 2.66267
2.023 30.501 24.752 2.68652
4.787 31.773 24.653 2.68412
3.957 31.874 24.406 2.41933
0.120 31.728 24.087 2.23162
0.018 33.205 24.975 1.89140
30.470 29.720 24.633 1.32143
3.593 30.411 23.396 2.06019
0.000 31.860 23.439 1.76917
0.000 32.359 24.328 1.49335
0.000 31.447 23.766 1.62441
0.000 32.777 23.768 2.10217
0.000 33.649 24.032 1.82842
0.000 32.937 24.530 1.89560
0.017 32.524 23.960 2.45777
0.000 32.904 24.344 2.29521
0.000 32.356 24.396 2.19098
2.960 32.361 25.036 2.15512
31.500 30.656 24.199 1.64947
3.380 32.562 24.786 0.94385
1.037 29.710 23.915 1.31143
2.103 30.281 24.631 1.80426
4.840 28.650 23.780 3.19036
27.295 29.675 23.184 2.09565
0.870 33.111 23.877 1.90051
0.000 32.407 24.507 1.50586
11.118 32.705 24.676 2.09543
26.235 30.604 24.642 2.48284
27.247 29.078 23.795 2.89326
0.037 31.804 24.275 2.54424
22.855 29.392 23.863 2.12193
4.085 30.331 24.268 1.33049
5.455 29.822 24.055 1.75527
4.468 30.618 24.369 2.50789
0.600 29.806 24.230 2.12354
0.842 30.148 23.836 2.20047
12.533 30.476 24.476 1.93130
70.550 28.220 23.862 2.12509
2.320 29.181 23.077 1.96379
5.947 29.407 23.978 2.14861
28.778 28.594 23.171 1.96849
15.280 29.781 23.520 2.01385
0.730 30.187 23.796 2.36641
1.252 29.896 23.479 1.46416
3.220 29.361 23.800 1.80240
1.990 30.301 24.477 1.85724
18.202 29.579 24.197 1.71875
2.238 29.251 24.326 1.33309
15.080 29.072 24.357 1.75821
3.493 27.984 23.216 1.57668
0.615 29.611 22.956 1.76374
0.168 30.914 23.930 1.28796
21.080 28.861 23.556 1.29682
10.702 29.503 24.234 0.86139
0.208 30.266 23.399 0.92313
0.150 32.823 22.844 1.67778
40.027 30.468 23.523 1.49384
7.110 29.483 23.686 1.55556
9.972 28.872 23.861 0.71695
9.530 29.455 23.829 1.34588
32.617 26.783 22.941 2.64151
7.535 29.551 23.084 2.52906
1.298 30.414 24.129 2.13755
23.458 27.293 23.949 2.55232
28.007 28.561 23.477 2.33770
3.933 28.388 23.579 2.10790
4.022 29.291 24.025 2.10525
21.943 28.833 24.143 1.88799
24.557 30.013 23.714 1.40827
6.127 29.256 23.917 1.42258
2.895 28.126 23.434 1.50589
0.023 30.297 24.005 2.25184
0.000 30.647 24.093 1.62871
0.055 29.656 24.278 0.95679
0.000 29.822 24.420 1.89284
1.538 30.033 24.134 1.15744
17.640 28.868 23.345 1.11451
19.358 28.719 23.517 1.47307
18.687 28.072 23.588 1.19713
11.720 29.621 23.329 1.32136
25.238 27.467 22.376 1.16248
4.642 27.826 23.232 1.02847
4.590 28.271 22.564 0.71978
3.880 29.732 23.326 1.04435
7.888 29.381 22.965 1.25159
0.417 27.895 23.244 1.41158
0.000 28.638 23.186 1.32491
0.800 30.858 24.339 1.38948
4.465 29.361 23.646 1.73158
1.968 29.116 23.294 1.17303
0.000 30.081 23.482 1.10554
0.692 31.029 23.985 0.84918
4.380 29.073 23.504 1.00391
12.808 30.095 23.898 1.15363
5.330 28.867 23.124 1.31868
24.280 28.985 24.049 1.56846
0.120 30.330 23.542 1.95439
0.712 29.811 23.578 2.04492
0.055 29.137 23.285 2.82289
2.447 29.837 23.962 3.15818
2.560 28.117 21.749 3.33459
16.682 26.376 19.973 2.86541
3.467 25.002 19.403 1.83693
0.078 29.051 20.454 0.86949
0.000 30.585 22.590 0.89823
0.000 32.236 23.595 0.90266
1.435 31.861 23.918 1.15169
1.222 29.982 24.200 1.28091
28.825 29.393 23.963 0.98533
68.617 29.185 23.889 1.79263
6.512 29.601 23.720 1.28025
11.552 29.313 23.600 2.03886
11.012 28.187 21.705 3.31970
14.060 27.422 22.223 2.69730
1.152 27.657 22.834 2.39308
1.642 29.014 23.258 1.60993
0.442 27.843 21.532 2.31976
0.008 29.086 18.991 1.93086
0.000 28.969 19.037 1.63319
0.000 29.692 20.344 1.33106
0.000 31.279 21.801 0.80387
0.000 32.591 22.437 0.70840
0.000 31.216 21.713 1.99983
0.000 27.920 20.518 2.96436
0.000 29.178 19.208 3.57888
0.000 25.686 16.414 3.40070
0.000 24.820 14.776 4.05342
0.030 24.359 13.847 3.90901
0.022 25.129 14.358 3.79282
0.020 26.715 14.960 3.55288
0.030 27.855 17.118 3.89136
0.000 26.239 15.213 3.76163
0.000 25.435 15.822 3.24217
0.000 24.098 16.664 2.73905
0.000 26.023 17.201 2.55692
0.000 25.217 17.947 2.69551
0.053 27.270 17.474 3.16557
0.610 27.005 17.915 3.59543
0.232 26.986 18.275 2.76726
0.015 25.577 18.354 2.56978
0.000 26.484 17.995 2.53730
0.000 28.567 18.743 2.79084
0.000 29.680 19.496 3.40373
0.000 28.772 21.537 2.97617
0.000 28.951 19.264 3.64593
0.000 28.898 19.728 2.93051
0.000 29.709 20.589 2.77564
0.000 29.380 17.455 3.04229
0.000 28.594 18.287 1.65609
0.000 30.319 20.301 1.28794
0.000 31.001 19.908 2.36727
0.000 30.362 19.527 2.18604
0.000 30.505 19.622 2.25956
0.000 30.162 18.778 3.21782
0.000 29.069 18.430 3.42602
0.000 29.255 19.102 2.93193
0.000 30.591 19.576 3.15180
0.000 30.633 19.756 3.22564
0.000 29.621 19.921 3.27477
0.000 29.828 18.805 3.49913
0.000 28.898 17.562 3.61654
0.000 28.961 16.751 3.78620
0.000 29.637 17.210 3.00395
0.003 31.295 19.102 2.64041
0.000 32.133 20.894 3.72614
0.000 30.457 16.571 4.94083
0.000 28.320 14.879 3.61568
0.000 28.841 15.454 2.04102
0.000 31.407 17.929 1.01917
0.000 32.521 19.815 0.77763
0.000 32.830 21.501 1.29576
0.000 33.999 22.043 0.84855
0.000 33.614 22.894 1.33711
0.000 32.895 18.494 1.77503
0.000 24.441 12.928 6.04992
0.382 24.729 13.676 3.50935
0.055 28.089 14.245 1.98601
0.000 31.171 17.835 2.48529
0.000 32.167 18.497 2.13783
0.000 33.026 19.558 2.60189
0.000 32.878 19.592 2.69923
0.000 33.082 19.779 1.59095
0.000 33.661 20.553 1.92803
0.000 33.711 15.453 4.00947
0.000 27.671 12.825 4.70686
0.000 29.179 13.369 2.99981
0.000 30.390 14.861 3.00727
0.000 31.320 15.841 2.64909
0.000 31.401 14.795 3.81105
0.000 30.197 14.627 3.40490
0.000 30.715 15.534 2.82783
0.000 32.117 17.791 2.19917
0.000 33.075 17.436 3.23224
0.000 32.671 17.168 4.22997
0.000 32.414 17.544 3.46657
0.000 32.530 15.286 5.53426
0.000 28.684 13.569 5.12927
0.000 29.633 13.997 3.69513
0.000 30.376 14.326 5.31817
0.000 29.112 14.178 4.07873
0.000 28.414 12.810 4.54255
0.000 26.777 12.093 3.95374
0.000 29.618 12.719 3.09397
0.000 30.197 14.927 3.26839
0.000 28.990 12.470 5.35502
0.000 26.772 13.097 4.46390
0.000 27.307 13.627 3.40072
0.000 29.948 14.668 2.70256
0.000 31.379 16.385 2.71454
0.000 32.580 15.103 3.24174
0.000 31.676 14.842 4.40072
0.000 31.462 15.626 3.51030
0.000 32.800 16.460 4.19947
0.000 31.297 14.871 4.89590
0.000 31.453 15.059 4.23559
0.000 32.209 15.660 4.73274
0.000 31.439 17.115 4.38159
0.000 31.995 15.565 5.65592
0.000 28.832 13.119 5.82864
0.000 29.284 13.428 5.22453
0.000 29.716 14.047 4.84090
0.000 30.299 14.420 4.43442
0.000 30.073 14.878 3.85414
0.000 32.257 15.516 3.26029
0.000 33.054 16.659 3.00357
0.000 32.999 16.659 3.07805
0.000 34.103 17.719 2.00467
0.000 34.775 19.725 1.75528
0.000 36.106 19.516 2.28641
0.000 37.190 20.565 2.07692
0.000 36.823 22.088 1.00262
0.000 37.595 22.152 2.26752
0.000 34.361 22.288 1.86570
0.000 33.361 18.245 3.75082
0.000 29.031 16.902 4.77158
0.000 32.934 17.410 1.88678
0.000 34.867 21.696 1.24259
0.000 37.630 22.791 1.09036
0.000 36.749 23.586 1.11283
0.000 38.046 22.213 2.75001
0.000 35.993 21.427 3.73057
0.000 35.412 21.789 2.57696
0.000 35.601 22.397 2.08903
0.030 36.215 23.181 1.81554
0.000 34.676 23.526 0.88797
0.000 35.901 23.672 1.51823
0.000 36.220 21.193 2.95146
0.000 36.873 21.094 2.52789
0.000 36.989 20.528 2.48546
0.000 38.955 21.592 3.42996
0.000 36.711 22.009 3.08418
0.000 36.910 21.368 4.31038
0.000 36.118 21.291 4.01373
0.000 37.455 22.162 2.01669
0.000 39.569 23.602 1.34412
0.000 39.192 20.682 3.89778
0.000 34.098 20.854 3.51891
0.000 34.188 21.005 4.05702
0.000 35.753 19.625 4.83721
0.000 36.266 20.555 3.74519
0.000 36.439 21.805 2.96295
0.668 37.595 23.660 1.40356
0.005 38.929 23.794 2.33819
0.285 36.826 17.174 5.89320
0.507 27.182 14.005 6.48386
0.720 28.501 14.870 4.99939
0.007 28.583 15.616 2.60915
0.000 34.546 19.210 1.54277
0.000 37.626 24.705 1.61251
0.005 39.489 26.567 1.35750
7.148 37.878 20.117 4.30654
0.333 28.673 18.514 4.10518
0.000 31.885 18.201 5.01154
0.000 30.929 17.660 5.71638
0.000 31.094 17.560 5.54023
0.945 27.448 15.796 5.88239
0.968 25.948 15.500 6.03969
0.658 25.172 15.051 5.94098
2.412 24.400 15.741 4.09870
0.000 32.008 17.051 2.95683
0.000 34.472 21.262 2.62870
0.155 37.988 23.148 2.52185
0.003 38.019 24.462 1.46439
0.000 37.745 23.460 1.91975
0.000 34.428 23.754 1.78107
0.085 35.815 25.133 0.88607
0.040 35.243 24.563 1.05785
0.370 34.477 22.913 2.14053
0.020 35.920 21.101 3.39827
0.000 36.279 21.775 2.58933
0.000 38.144 21.039 3.19426
0.000 37.598 22.807 2.07997
0.000 37.183 23.888 1.38119
0.000 38.093 25.156 1.56364
0.005 38.890 26.594 2.18054
0.318 39.710 28.368 2.36286
1.045 37.283 26.728 1.91778
17.597 34.893 22.001 2.78896
0.000 32.468 22.209 3.08894
0.000 35.522 24.021 2.08303
0.235 36.611 25.668 2.19744
13.168 34.395 25.504 1.61682
0.005 30.280 22.741 3.82917
0.018 36.132 23.538 3.22276
0.000 37.943 25.439 2.07329
11.777 35.451 25.756 1.93645
0.572 35.120 26.004 1.70930
17.777 31.442 25.062 1.27527
0.150 30.063 24.680 1.51900
4.112 33.535 24.802 1.27530
9.835 33.302 24.587 1.06672
0.000 35.842 25.274 1.49038
16.105 36.116 26.063 0.98611
0.372 34.393 25.462 1.42344
0.000 29.839 25.275 0.99812
3.300 31.430 24.613 1.38556
1.698 35.569 24.535 2.23641
36.627 33.801 24.523 2.83640
1.042 32.835 24.614 3.54450
0.000 34.919 25.218 3.77838
0.000 33.979 25.073 2.41424
33.207 32.189 24.364 1.89911
9.390 31.637 24.355 1.05154
25.290 31.507 24.120 1.52091
0.003 34.260 24.450 1.44471
0.437 32.548 24.106 1.36684
19.063 32.551 24.600 1.37522
8.677 30.047 24.208 1.40137
10.805 29.610 24.033 1.88390
0.000 34.062 24.725 2.44220
0.000 33.676 24.235 2.49071
0.017 33.801 24.680 2.43463
0.000 32.993 24.632 1.78267
14.555 31.719 24.621 1.29139
3.655 30.439 21.782 2.07681
3.072 32.567 22.557 1.78452
0.000 33.813 23.251 1.18354
0.000 34.205 24.383 1.28342
0.000 34.210 24.038 1.13726
0.000 33.734 24.518 2.00359
0.000 32.792 24.825 1.78894
1.832 31.476 24.852 1.60391
0.000 31.632 24.879 1.36114
50.720 29.866 24.914 1.43562
2.320 30.038 24.825 1.23938
1.867 29.932 24.785 1.10740
0.015 30.776 23.681 1.91774
0.015 31.956 24.544 2.27939
0.000 30.629 24.110 2.52669
21.198 30.844 24.472 2.18167
0.020 29.457 24.067 2.48363
0.000 31.234 24.155 2.55461
0.000 31.579 24.454 2.52656
34.922 29.185 23.647 2.52466
0.000 30.079 23.803 2.82048
0.000 30.991 23.607 3.16530
0.837 29.875 23.974 2.87943
9.515 29.362 24.089 2.92376
2.410 27.982 23.874 2.95857
34.110 30.926 23.786 3.19536
3.505 30.680 22.284 3.36608
3.130 30.939 23.344 3.23592
0.178 30.000 22.485 4.12544
0.133 27.462 23.356 3.26829
1.395 29.488 23.877 4.13539
1.447 30.887 23.829 4.43876
1.482 31.530 24.223 3.30643
1.670 29.766 23.974 2.96902
1.078 30.898 24.499 2.79900
2.275 29.392 24.285 3.00199
21.597 28.666 23.187 3.50868
7.178 27.147 22.930 3.25035
6.310 29.389 23.100 2.69561
0.000 29.198 22.584 2.03913
0.000 32.282 23.519 1.58560
1.095 32.266 23.054 2.02020
0.000 32.977 23.435 2.77023
1.550 34.132 24.875 2.95499
0.010 33.955 25.278 2.45404
0.465 28.487 24.539 2.22956
1.783 30.047 23.986 1.98943
0.040 29.465 23.692 1.59171
9.067 29.614 23.435 2.04107
25.243 29.449 23.892 1.92534
2.295 28.741 23.955 2.81616
11.830 29.384 23.524 3.25156
4.302 29.872 23.676 2.75358
0.437 30.025 24.015 3.14076
17.670 29.163 24.140 3.18850
0.148 29.841 23.880 3.46728
29.512 28.968 23.777 3.12831
16.203 29.266 22.863 3.32480
1.852 26.215 23.351 2.69290
2.522 30.475 23.754 1.95583
26.335 30.497 24.050 1.68502
0.198 30.219 23.517 2.00857
0.000 30.741 24.229 2.44430
1.225 29.621 23.977 2.09682
0.070 28.352 24.061 1.70086
7.640 28.421 23.884 3.48819
53.422 26.822 23.030 4.61636
28.225 27.949 23.256 4.11080
11.072 28.992 23.467 2.97400
1.905 29.902 23.503 3.02077
2.395 29.040 24.259 2.50407
0.000 30.579 24.090 2.70255
1.835 31.558 24.872 2.84945
3.092 28.651 24.598 3.03856
14.885 28.940 23.847 2.79804
23.917 28.834 23.430 2.74831
7.087 29.285 23.994 3.12471
8.482 27.479 23.586 3.52997
2.387 28.691 23.683 2.61251
0.000 30.373 23.336 1.92344
2.317 29.249 23.788 1.25342
47.040 30.431 24.057 0.96284
35.858 28.211 23.489 1.19581
1.958 28.011 23.262 1.50864
13.380 29.241 23.350 2.27093
29.167 29.192 23.660 2.37972
30.687 27.282 22.869 2.42155
28.283 29.086 22.475 1.56242
0.488 30.581 23.758 1.25949
0.000 29.953 23.215 1.51597
0.572 31.381 24.275 1.53180
73.273 30.870 24.672 1.08383
1.023 29.992 23.987 1.11944
0.405 28.222 23.993 1.17911
4.225 28.772 23.541 1.82355
2.833 30.415 23.849 0.96786
8.850 29.478 23.896 2.19149
0.420 28.712 23.691 3.02848
10.785 28.378 23.906 2.62715
10.120 29.922 23.372 2.24391
16.683 29.187 23.461 2.56647
0.083 29.676 24.141 2.14464
93.578 28.280 24.120 1.87431
13.310 27.588 23.613 1.61798
30.235 28.100 23.460 2.21164
2.198 28.371 23.626 2.58672
35.122 28.492 23.721 2.38390
13.927 28.058 23.788 1.30231
16.835 27.918 23.794 2.23762
12.347 29.262 23.785 2.49104
3.993 28.605 23.726 2.82028
13.575 28.795 24.172 1.75475
34.082 27.271 23.419 2.03924
15.665 28.079 23.701 2.46319
4.513 27.089 23.748 2.42534
0.495 28.850 23.921 2.33309
0.115 29.462 24.045 1.56661
28.993 29.862 24.176 0.93886
13.862 27.766 23.196 1.32845
6.352 29.807 23.570 1.62172
2.907 27.693 22.783 1.44135
4.535 30.162 23.779 0.83637
0.977 30.380 22.068 1.05747
0.783 28.580 22.644 0.93802
6.155 28.259 22.756 1.48034
9.905 25.694 22.866 3.46349
0.673 28.648 23.338 2.02148
0.832 29.312 23.510 2.40360
0.340 28.249 24.036 2.74396
16.983 27.297 23.480 1.56994
9.728 27.720 23.088 1.58213
2.172 27.541 19.422 2.82608
0.000 25.789 19.383 1.87740
4.498 24.251 18.840 1.63876
0.000 26.564 19.457 1.69016
0.000 28.248 21.101 1.96059
0.097 30.653 22.613 1.52226
1.380 30.191 22.508 2.43821
0.020 29.709 21.939 1.74580
0.000 30.045 23.155 1.36145
17.085 29.762 23.498 1.10968
26.930 27.732 23.278 1.57182
27.987 29.049 22.979 1.43731
44.020 27.070 23.030 2.59185
8.437 26.492 21.946 3.43334
26.782 25.427 20.787 2.99571
1.820 28.567 20.236 2.53771
0.000 29.321 21.027 2.12217
0.000 29.228 20.656 2.03974
0.000 29.905 21.152 2.07191
0.000 29.947 20.386 1.89005
0.000 30.278 20.926 1.74037
0.000 30.577 21.873 2.17392
0.000 30.424 20.653 2.78356
0.000 30.123 20.953 2.62619
0.000 29.993 21.555 2.61952
0.000 29.594 20.784 2.65489
0.000 29.362 20.021 2.79487
0.000 28.376 20.270 2.64420
0.000 29.127 20.083 2.60927
0.000 29.636 20.200 2.63928
0.000 29.241 18.552 2.69210
0.000 29.215 19.869 2.34106
0.000 29.955 21.048 2.27936
0.005 30.344 21.853 2.35117
0.067 29.445 22.197 2.62572
1.750 29.524 22.186 1.86116
0.025 29.135 20.848 2.14536
0.000 24.703 16.801 2.48336
0.000 26.690 16.602 2.26752
0.000 26.820 16.937 1.72085
0.000 27.792 18.058 1.94733
0.000 28.541 19.135 2.33871
0.000 29.017 18.972 2.54999
0.000 28.893 19.802 2.41616
0.000 29.313 20.717 2.31242
0.000 29.819 19.062 1.87830
0.000 30.528 20.679 1.26206
0.025 30.923 18.729 2.52772
0.000 29.057 19.617 3.19027
1.075 29.972 20.195 3.59593
0.000 30.153 20.909 3.55505
0.000 29.177 18.281 4.27428
0.012 27.431 18.041 3.50849
0.000 28.736 18.407 3.23869
0.000 30.306 19.877 2.63228
0.000 30.323 19.591 2.33388
0.000 30.612 19.535 1.61265
0.000 31.328 19.637 1.55204
0.000 31.222 19.138 2.34111
0.000 30.380 14.776 3.65810
0.000 26.062 13.623 3.48005
0.042 27.210 14.338 3.06480
0.000 28.227 15.618 2.91612
0.000 29.512 16.952 2.49375
0.000 29.617 19.399 2.91087
0.015 30.862 20.470 2.86482
0.000 29.923 16.896 4.59091
0.000 24.707 13.636 4.37302
0.000 25.102 10.908 4.91708
0.000 24.499 10.063 3.83259
0.000 25.699 10.736 3.58400
0.000 27.090 12.215 3.26457
0.000 28.574 16.027 3.21816
0.000 28.404 17.091 4.23991
0.000 27.185 15.921 4.81555
0.000 27.354 14.735 4.38079
0.000 28.378 14.535 4.29631
0.000 28.108 14.843 3.86799
0.000 28.978 15.361 3.55642
0.000 27.719 17.356 3.20252
0.067 30.157 17.210 4.06919
0.000 29.752 17.426 4.90311
0.000 23.026 13.424 5.47393
0.000 25.374 13.564 4.94256
0.000 25.661 13.994 4.02233
0.000 30.178 14.701 3.39395
0.000 31.762 16.875 3.29965
0.000 31.800 17.841 3.12210
0.000 31.437 16.483 4.05288
0.000 31.321 16.684 3.87152
0.000 31.699 17.319 3.57671
0.005 32.185 18.644 2.53485
0.095 33.230 19.983 2.47436
0.010 31.571 15.707 4.80020
0.000 29.232 16.082 3.25375
0.000 31.907 16.395 3.46140
0.000 31.115 15.700 4.08809
0.000 30.368 15.139 4.28959
0.000 30.351 15.588 4.07364
0.000 30.125 16.012 4.05712
0.000 30.033 16.976 4.82499
6.105 27.876 17.277 3.72336
0.038 30.937 17.676 2.93769
0.000 32.883 19.231 1.01916
0.000 30.087 20.435 1.21833
0.000 33.497 19.759 2.39316
0.000 33.934 20.374 1.10281
0.000 33.866 22.963 1.17761
27.795 30.573 21.168 2.06588
0.343 29.841 21.099 1.17231
2.740 32.100 22.071 1.27236
12.417 31.472 17.181 2.43736
0.000 29.280 16.061 3.73736
0.000 31.549 16.520 2.81977
0.000 30.392 14.038 3.88328
0.000 30.357 14.659 2.13453
0.000 32.101 18.236 1.81560
0.000 33.609 20.140 2.35259
0.000 32.769 18.869 3.50552
0.005 28.898 17.278 3.75199
3.123 26.033 17.141 3.14715
0.107 29.849 17.648 2.25653
0.293 33.380 20.100 2.44372
0.000 32.380 19.010 3.19081
0.035 32.372 19.441 1.61219
0.000 34.338 21.055 1.03309
0.000 36.302 20.919 2.09755
0.000 37.150 17.845 2.42059
0.000 33.971 17.541 3.50561
0.000 34.178 18.215 2.21931
0.000 35.513 19.505 2.91182
0.000 34.597 17.600 3.66014
0.000 34.379 18.357 2.48972
0.000 35.079 19.248 2.67724
0.000 35.966 19.084 2.17698
0.000 37.332 20.375 2.09492
0.000 37.873 19.032 4.31724
0.028 34.498 18.658 4.88301
0.007 31.355 16.524 4.97853
0.000 31.310 14.675 5.24506
0.000 33.090 15.496 3.09927
0.000 34.934 17.538 2.03091
0.000 37.557 20.651 1.12030
0.000 38.724 23.510 1.65506
0.000 39.324 24.062 1.51441
0.000 39.999 24.065 1.60540
0.075 38.245 21.700 2.79017
4.370 28.387 20.489 2.77104
2.867 33.133 20.742 1.80428
0.000 36.198 23.418 1.08750
0.000 34.251 24.238 1.16764
0.000 38.089 25.202 2.16882
0.000 37.219 26.549 2.56753
0.492 37.532 25.967 2.06919
0.000 37.879 27.401 1.56629
0.000 38.186 27.424 1.79970
0.162 37.833 27.310 1.22715
11.685 36.057 25.462 1.37310
0.000 33.070 22.532 2.60178
0.010 30.730 18.736 4.47001
0.000 31.224 19.176 4.07013
0.000 32.202 19.992 3.54615
0.000 34.878 20.730 2.79108
0.000 35.649 21.686 1.91163
0.040 35.246 24.678 1.39182
0.002 36.495 25.492 1.32883
2.920 33.540 23.924 1.21233
0.000 34.890 24.907 0.97031
8.417 35.766 24.222 0.97043
0.000 37.284 24.500 1.18362
0.000 38.038 25.594 1.06859
0.000 37.897 25.456 1.60110
0.000 39.210 21.514 3.29712
5.743 30.240 19.163 4.16462
0.000 35.485 19.318 3.73946
0.000 35.608 20.405 4.34048
0.893 36.186 21.803 3.62848
0.000 37.192 22.798 2.46394
0.000 38.464 23.986 2.11862
0.428 38.831 24.285 3.11206
2.352 34.425 20.216 6.03924
1.007 31.688 20.504 3.29031
0.340 37.811 22.100 1.32156
10.182 34.730 24.565 1.61275
13.202 31.239 23.936 2.06616
31.760 31.484 23.717 1.25030
0.687 34.480 24.239 1.06607
26.875 28.849 22.135 1.95116
0.332 32.915 22.338 1.23914
0.035 35.543 24.124 1.12638
0.182 35.791 24.599 0.88735
0.000 35.787 24.751 1.30073
0.000 35.550 25.664 1.72695
0.040 33.954 25.291 2.28085
7.535 33.504 24.915 1.90019
2.215 34.884 25.236 1.91329
0.048 36.087 25.040 1.70518
1.225 36.090 25.722 1.50914
0.000 33.499 25.985 1.73129
0.000 38.200 25.339 1.99994
0.000 38.551 25.702 2.11116
0.523 39.134 23.005 2.62805
2.265 37.884 24.850 1.31111
0.000 39.228 25.719 2.98178
0.000 40.165 26.739 2.80282
0.000 40.186 28.361 1.75389
0.238 38.712 27.068 1.38876
13.107 34.798 25.365 2.01524
0.000 32.553 25.690 1.96957
0.315 35.262 25.859 2.03118
0.000 34.165 24.966 2.25065
0.000 38.590 25.287 2.87170
0.000 38.185 26.147 2.35579
1.638 35.381 25.180 2.15063
0.090 37.358 25.599 2.16725
10.312 34.313 25.432 1.85302
13.280 34.206 24.304 2.23273
5.438 32.513 24.513 1.79553
17.615 31.988 24.007 1.77020
0.000 34.165 24.646 1.26272
0.000 34.439 25.150 1.12990
0.000 35.856 25.651 1.16386
17.665 33.359 24.505 2.18922
0.000 33.593 24.185 2.53647
0.002 33.718 24.913 2.06338
7.830 32.716 24.766 0.97252
0.000 32.252 24.798 1.12463
5.695 31.396 24.478 1.65899
0.730 31.238 24.468 2.03745
0.550 32.163 24.360 2.35401
0.000 34.520 24.852 2.36471
0.010 33.330 25.049 2.41895
6.283 32.722 24.959 2.00604
49.925 31.690 24.877 2.54988
84.940 28.864 24.169 2.50774
0.310 29.971 23.959 2.37233
3.277 31.594 24.201 2.20546
4.270 30.538 24.469 2.45680
0.343 30.574 24.353 2.18989
0.000 30.782 24.658 2.25038
3.807 28.960 24.518 1.49491
1.318 30.436 24.560 1.27827
0.322 30.145 24.906 1.39706
14.090 29.419 23.602 1.76037
4.773 30.344 24.210 2.20917
0.080 31.335 24.839 2.64161
0.000 30.814 24.978 1.94308
1.602 31.022 25.147 1.54980
1.507 29.158 24.960 1.92566
7.253 30.646 24.668 3.07673
0.003 30.716 24.653 3.35948
0.347 31.620 24.525 3.60306
0.365 30.812 24.285 2.66945
0.000 29.437 24.420 3.38293
0.000 29.050 24.121 3.11106
0.033 32.050 24.316 3.27783
1.785 29.683 23.968 3.21317
40.893 28.846 24.333 3.55406
4.128 28.408 23.794 3.84683
2.510 29.500 23.344 3.84639
2.388 30.072 23.423 3.77150
1.660 31.188 23.558 3.27559
1.023 32.620 24.041 2.99223
2.395 30.939 23.795 2.43060
8.827 30.245 23.647 2.59512
0.325 30.264 23.554 2.53842
4.180 29.878 23.895 2.82945
2.200 30.368 23.607 3.29135
0.675 31.144 23.020 3.17770
0.805 32.103 23.364 2.73891
0.753 32.869 24.578 2.93131
1.322 29.364 23.964 2.49557
25.180 27.912 23.495 1.94357
0.362 29.906 23.764 2.46826
1.675 30.105 23.396 2.28675
17.520 29.185 24.032 1.54414
4.492 29.908 24.239 2.18949
0.135 29.522 23.681 2.35790
5.157 30.315 23.561 2.43829
0.000 30.538 23.590 1.83129
1.082 29.834 23.781 1.67358
0.092 30.773 23.629 1.57402
1.490 31.299 24.452 1.73645
2.028 30.639 24.076 2.48845
0.000 31.353 23.459 2.54626
0.000 30.843 24.063 2.39366
0.000 31.979 24.075 2.21114
0.000 31.864 24.135 2.65006
0.145 32.169 24.461 2.27824
0.107 29.883 23.440 2.00359
0.000 31.995 23.325 2.61468
0.000 31.821 24.102 2.45145
0.000 34.210 24.831 3.23945
0.230 34.637 23.887 3.80113
7.723 30.176 23.825 3.04181
2.027 30.614 23.140 4.16338
18.310 31.284 23.163 4.06438
9.093 32.387 23.462 3.44565
0.237 33.853 23.797 3.15714
8.218 31.370 23.770 3.50911
20.368 30.285 22.970 3.35474
3.938 28.741 22.428 3.70706
11.280 30.758 22.511 4.12362
0.035 31.340 23.140 3.93811
1.280 32.460 23.017 3.25649
0.187 31.273 23.323 3.26468
2.367 30.249 23.283 3.35277
2.235 30.709 23.815 2.82862
0.857 34.558 23.579 4.17432
2.850 30.542 22.988 3.93188
27.670 31.249 22.850 4.54288
1.463 32.206 23.422 4.40227
0.000 31.913 22.231 3.44039
0.855 34.033 23.753 3.59572
0.225 34.237 24.347 3.13683
0.000 33.181 24.307 3.08482
0.265 33.994 24.080 2.69492
59.117 30.802 23.921 2.35378
18.765 32.553 23.988 2.74052
11.250 30.464 23.965 3.19867
11.480 32.396 23.884 3.46080
4.622 32.128 23.518 2.09199
2.407 31.238 23.100 2.32670
2.335 31.908 24.057 1.67081
17.545 31.402 24.587 1.07327
16.375 28.384 24.191 1.02507
0.093 29.644 23.344 1.45405
22.780 30.645 23.965 1.83484
19.013 28.794 23.999 2.25429
22.197 28.331 24.391 2.23534
24.047 27.654 23.718 2.55387
24.128 28.552 23.439 1.88507
5.387 30.189 23.737 2.23404
0.000 29.146 23.572 2.48623
20.330 28.643 23.737 1.64939
16.890 29.638 23.649 2.01322
8.467 29.779 23.680 2.05045
2.732 28.066 23.816 1.79083
3.477 29.332 24.271 2.60878
16.818 29.354 23.867 2.09429
18.403 29.632 23.279 2.24036
0.000 29.920 23.828 1.39211
9.010 28.772 23.649 1.42184
15.100 30.906 24.101 1.07725
1.907 28.751 23.573 1.16555
18.020 29.049 23.555 1.12949
4.930 30.375 23.823 1.16153
0.835 29.783 20.740 2.54830
3.780 28.037 21.384 2.79915
2.187 29.633 23.002 1.87135
0.000 31.092 23.220 1.87652
2.143 30.111 23.502 2.00630
0.000 30.711 23.958 1.84570
12.195 29.741 23.998 1.17618
0.742 31.754 24.079 1.02108
16.520 30.055 24.205 0.87301
0.028 32.458 24.404 1.16583
21.117 29.153 24.183 1.06445
6.488 31.266 24.211 1.69567
6.292 30.418 24.046 1.73966
4.990 29.802 23.237 2.08374
0.135 31.280 21.843 2.32594
0.000 30.622 20.906 2.44043
0.000 31.543 21.016 2.00316
0.000 30.919 21.944 1.46171
0.000 30.901 23.116 0.79282
0.000 32.418 22.883 0.80798
0.712 32.616 24.399 0.82172
30.622 31.627 22.627 1.44620
1.703 31.261 21.593 2.81147
7.043 29.035 21.877 3.92763
15.405 30.558 22.462 2.52377
0.000 30.134 21.128 2.05050
0.000 30.794 21.276 2.09225
0.000 31.637 21.639 1.62811
0.000 32.458 21.659 1.50487
0.000 32.529 22.840 1.56660
0.000 31.092 21.617 1.57636
0.000 30.816 22.345 0.99075
0.000 32.062 20.229 1.76298
0.000 31.322 20.236 2.33718
0.000 30.771 21.889 1.81596
0.000 32.146 21.903 1.70027
0.000 32.565 21.328 1.76601
1.065 31.823 20.798 1.99395
0.140 31.552 21.845 2.59768
0.017 31.461 22.077 2.25313
0.000 30.936 21.230 1.90979
0.000 33.149 21.292 1.92156
0.000 32.653 20.824 2.06794
0.000 33.229 22.203 2.35213
0.000 32.554 23.810 1.29728
0.000 32.527 23.598 0.65851
0.000 32.641 21.197 2.41598
0.000 31.780 19.187 3.24911
0.000 31.261 19.329 2.53974
0.000 32.511 20.405 1.75828
0.000 33.664 21.570 1.29982
0.000 34.417 21.801 1.89438
0.000 34.332 22.028 2.03484
0.000 34.560 22.598 2.06391
0.000 34.644 23.274 1.21451
0.000 33.886 23.473 1.09085
0.000 34.475 24.644 0.92798
0.000 33.979 24.185 0.60019
0.387 35.294 22.036 2.76228
0.000 32.697 22.418 2.53936
0.000 34.220 21.875 2.67027
0.000 33.832 21.367 2.09423
0.185 34.922 22.005 2.40730
0.000 32.964 23.401 2.51184
0.050 27.548 19.429 2.78500
0.000 33.641 20.461 2.00148
0.000 34.745 22.390 1.69424
0.000 35.324 23.670 0.82830
0.000 35.044 23.618 1.36601
0.000 33.312 23.901 1.01426
25.815 33.364 21.827 1.19070
38.555 27.579 21.934 2.02217
0.063 29.380 22.551 0.65864
0.000 33.428 19.818 1.87540
0.000 32.047 20.499 2.43729
0.410 31.517 21.806 1.52917
0.000 31.238 21.738 0.86583
0.000 34.033 22.290 1.15881
0.000 34.676 22.821 1.00570
0.000 35.152 21.856 2.07085
0.000 34.034 21.297 2.12905
0.000 33.110 21.605 1.46603
0.000 34.155 18.668 3.17912
0.000 32.095 19.164 2.38521
0.000 31.268 19.869 1.97928
0.000 33.026 20.103 2.30028
0.000 33.138 19.857 1.70439
0.000 33.673 19.997 1.37815
0.000 34.250 19.979 2.71776
0.000 33.488 20.010 2.68362
0.000 33.898 20.692 1.82916
0.000 34.749 21.764 1.98461
0.000 35.492 21.512 1.38578
0.000 36.400 21.258 1.21649
0.000 36.929 22.095 1.45525
0.000 36.819 18.994 3.94876
0.000 34.029 19.530 2.59434
0.000 35.016 20.854 1.96011
0.000 36.266 21.755 2.18111
0.000 35.984 20.448 4.57333
0.000 27.843 15.093 5.69228
0.000 29.887 15.409 3.73820
0.000 31.908 16.388 2.94204
0.000 33.172 19.569 2.68959
0.000 34.384 21.355 2.78433
0.000 34.197 21.443 2.56340
0.000 35.930 18.784 3.58677
0.000 29.563 14.163 5.76963
0.000 26.447 14.759 4.21660
0.000 27.469 16.243 2.86882
0.000 33.567 17.248 2.49374
0.000 34.448 17.179 4.23778
0.003 32.540 17.300 3.69675
0.000 33.481 17.845 3.32511
0.000 33.256 17.583 3.85978
0.000 33.706 18.026 2.97643
0.000 34.503 19.386 2.38375
0.000 33.942 16.435 3.95884
0.000 32.206 16.223 3.75284
0.000 32.358 16.775 3.56315
0.000 30.795 16.726 3.54247
0.000 31.695 16.930 2.69428
0.000 32.474 18.530 2.57252
0.000 33.142 18.913 2.82328
0.000 33.796 17.204 3.45256
0.000 32.845 17.003 4.82538
0.000 31.491 15.250 4.80043
0.000 31.213 15.876 2.85289
0.000 32.734 17.761 1.77294
0.000 35.029 19.445 2.12253
0.000 35.922 19.793 2.94095
0.000 35.822 20.083 2.77230
0.000 36.694 20.875 2.85926
0.000 34.200 21.172 2.95943
0.000 35.341 21.802 1.93055
5.242 33.696 19.753 4.24980
4.285 26.063 18.685 2.28455
0.000 33.065 19.304 2.54708
0.000 34.018 20.302 2.06320
0.000 33.962 21.018 2.26058
0.000 35.443 21.746 2.21435
0.560 34.170 21.909 3.33479
0.012 30.493 22.137 2.06091
0.000 36.314 22.668 2.22531
0.000 36.940 22.312 1.70506
0.000 38.460 22.551 1.31139
0.000 38.803 22.959 1.76946
0.000 39.453 23.613 2.42652
0.000 36.875 20.535 4.13531
0.000 36.504 20.552 3.47688
0.000 36.537 21.108 2.43619
0.000 37.162 19.097 4.46384
0.000 35.716 19.292 2.71938
0.000 36.853 20.242 2.24496
0.000 38.366 21.904 3.69539
0.000 37.066 22.210 3.05104
0.000 38.139 23.131 1.09661
0.000 38.064 24.187 1.53413
0.000 39.128 22.493 1.44714
0.000 38.308 21.571 4.12710
0.200 37.342 20.868 4.60691
0.083 35.193 18.224 6.19391
0.000 34.073 19.053 5.36016
0.000 35.603 20.009 3.53531
0.000 37.267 22.658 2.51527
0.015 38.883 25.283 1.54569
0.000 39.921 26.740 1.36311
0.000 39.046 26.677 1.96924
0.000 40.119 27.363 1.46341
0.000 41.238 24.443 3.53220
0.000 30.090 18.842 4.91457
0.095 31.902 18.955 4.77935
0.000 33.722 19.104 4.09572
0.000 35.425 20.058 2.93216
0.000 36.780 19.895 3.42583
0.000 36.742 20.772 2.30174
0.000 38.009 21.917 1.07531
0.715 37.912 25.832 1.58401
0.003 37.320 26.506 0.94585
0.003 37.598 25.225 1.67187
0.000 38.856 25.548 2.01586
0.065 37.904 25.082 2.47879
1.170 36.788 25.333 1.85264
2.102 38.011 26.409 1.30437
0.000 39.082 27.358 2.30783
0.000 38.853 26.897 2.74720
0.000 36.604 26.349 2.40051
0.000 40.126 27.073 2.06735
0.000 40.222 28.844 1.43647
23.508 34.744 25.235 1.72775
0.000 37.345 25.730 1.38253
0.000 39.994 25.488 1.84769
0.000 39.968 26.036 2.19945
0.000 39.567 25.539 1.89484
0.000 40.316 26.422 1.62842
0.000 41.150 27.608 2.28216
0.000 41.681 28.294 1.95992
0.000 41.687 29.373 2.39035
0.163 42.012 28.658 2.30883
0.000 39.585 28.853 1.60917
0.000 38.783 28.538 1.94986
0.000 40.965 28.391 3.41967
0.000 41.296 27.222 4.60464
0.000 42.411 28.456 3.75477
0.070 43.253 24.072 4.53885
0.182 37.736 24.733 2.48795
0.098 39.202 26.503 2.45366
0.000 41.033 28.759 1.82602
0.005 37.915 26.705 2.88213
0.113 38.741 25.508 4.09216
0.153 36.541 24.098 4.75976
0.037 38.609 24.592 2.28168
0.000 40.660 27.081 2.08998
0.125 35.100 26.684 2.83590
7.810 36.482 25.923 2.54448
6.075 34.212 25.144 2.84902
0.128 37.215 26.037 0.97844
1.293 40.563 28.459 2.44915
0.435 38.966 28.724 2.51245
5.522 35.123 26.347 1.57963
1.437 32.121 25.711 1.28988
1.800 31.223 24.721 1.63685
0.163 35.216 25.378 1.46057
13.735 35.348 25.731 1.51461
25.843 33.226 23.974 1.49692
0.000 37.049 25.360 1.93170
0.000 37.140 25.674 1.79162
0.000 36.752 25.366 2.32792
0.000 38.780 25.621 2.88995
1.737 37.161 25.243 2.32738
28.070 34.826 24.054 1.96074
0.892 38.022 25.870 1.39218
38.603 32.055 24.784 1.35915
0.047 34.256 24.814 1.01072
0.000 33.862 25.693 0.96983
2.217 33.118 25.053 1.70224
18.320 33.619 24.898 1.76000
8.943 35.406 25.387 1.80617
5.893 35.347 25.500 1.40313
0.947 34.919 24.849 1.67523
0.120 33.615 24.674 1.95132
0.000 34.956 25.799 2.01433
0.030 35.628 26.017 2.20075
0.185 37.262 25.720 3.00807
1.733 35.733 26.167 2.69287
4.625 33.340 25.825 2.00992
0.135 32.136 24.914 1.90643
0.490 32.403 24.833 1.89103
0.800 32.282 25.177 2.61091
9.510 31.348 24.898 2.53636
23.582 30.650 24.981 2.20795
26.362 30.884 24.753 1.76320
4.320 31.656 24.359 1.81370
2.020 31.609 24.130 2.72711
0.703 33.788 24.580 2.56694
0.048 34.265 25.033 2.39366
0.000 33.367 25.187 1.78617
28.200 32.555 24.998 0.90067
1.963 30.486 24.134 0.89298
0.000 31.981 24.004 0.67339
0.000 33.132 24.761 1.16582
0.000 30.549 24.301 0.93218
3.130 29.968 23.935 1.73508
1.035 31.149 23.735 1.60266
28.382 30.614 23.867 1.48263
0.000 31.729 24.045 1.29668
0.000 32.667 24.864 1.32342
0.000 32.446 24.825 2.43595
0.000 32.011 24.795 1.95177
3.475 33.169 23.511 2.17115
22.793 30.328 22.765 2.31895
0.803 27.583 23.059 1.85610
0.000 26.356 22.446 1.49662
0.003 31.732 21.437 1.82095
0.000 33.039 22.009 1.44559
0.482 33.414 23.860 1.30045
0.443 31.491 24.424 1.52185
0.005 31.563 24.706 2.42380
6.330 30.176 25.011 2.31513
3.182 30.093 24.415 2.81654
18.193 31.514 24.452 3.09191
22.467 28.972 24.091 4.11921
7.843 27.472 23.348 3.81377
6.607 30.018 24.083 3.14782
12.233 31.558 23.879 2.53602
5.308 30.610 24.003 2.48034
0.000 31.866 23.276 2.56799
1.122 32.815 23.249 2.62229
0.000 33.426 23.693 2.63590
0.000 33.352 24.748 1.87795
0.085 32.876 24.759 2.26175
0.000 30.210 23.816 2.43859
0.020 30.996 23.614 1.93587
6.487 31.746 24.073 1.05134
1.310 32.809 24.260 1.24265
0.090 30.980 24.143 1.59441
1.965 29.117 24.044 1.26430
33.455 29.599 23.884 1.90706
3.160 27.872 23.056 2.44402
1.357 28.848 22.675 2.38718
3.977 30.339 23.489 2.00464
0.000 30.396 23.379 2.45627
1.045 31.420 24.027 2.30596
0.148 30.737 24.221 1.77454
0.675 28.863 23.611 1.64242
3.030 30.186 24.131 1.72821
2.870 30.366 23.358 2.00109
0.025 31.546 24.205 1.79201
40.080 29.735 23.832 2.92356
4.238 28.214 23.444 2.98891
3.392 28.332 23.535 2.06386
3.845 29.937 24.014 1.51327
49.443 29.976 24.100 1.39314
28.415 27.041 23.022 3.23506
2.532 28.134 23.536 2.79396
12.320 29.397 24.287 2.95671
13.943 28.964 23.956 2.99339
11.915 29.184 23.440 3.59999
50.885 29.963 23.421 3.03401
2.902 30.114 23.776 2.24935
6.058 28.355 23.442 1.99462
7.973 30.736 23.487 2.70089
0.185 29.398 23.991 2.24627
3.872 28.069 23.060 3.06994
10.175 29.156 23.271 2.10332
0.258 29.969 23.965 1.32752
4.805 28.857 23.782 1.68810
1.803 28.110 23.846 2.02631
0.837 28.672 23.534 2.44411
23.335 29.246 23.327 1.39139
1.152 31.135 23.933 0.61677
0.402 28.326 23.373 1.29090
18.693 31.606 24.726 0.82552
7.468 30.644 23.428 1.56724
0.000 30.282 22.564 2.80436
1.695 31.125 23.961 3.08425
0.005 30.390 23.673 3.35076
0.000 30.902 23.813 3.29116
0.000 30.231 23.758 3.30997
1.932 30.620 23.497 3.28994
5.533 29.840 24.102 3.20844
11.228 28.589 23.513 3.23027
1.295 28.440 23.373 3.72642
1.655 30.077 23.284 3.05339
0.942 30.126 23.655 2.94840
0.000 31.219 23.081 2.53510
49.610 30.841 22.409 1.85474
39.800 30.671 23.181 1.70018
0.937 30.291 23.693 1.54015
2.525 29.605 23.882 1.98672
3.667 28.923 23.766 1.86233
8.165 28.699 23.647 1.42964
0.235 28.614 23.450 1.36529
1.383 29.827 23.591 0.89933
11.268 30.848 22.964 1.29406
0.695 29.498 23.377 1.60852
20.065 28.015 23.008 1.57831
5.125 30.833 22.998 0.84281
10.130 27.694 22.901 1.07356
3.827 29.463 22.676 1.35349
2.955 30.213 23.291 1.08170
1.447 30.232 23.558 1.55494
25.058 29.894 24.102 1.94486
21.350 27.907 23.411 1.32988
7.858 28.323 23.711 0.92018
7.930 28.481 23.671 1.92924
15.648 28.531 23.213 2.00859
1.112 29.856 23.881 2.62621
26.923 27.430 24.009 1.68726
77.960 27.746 23.941 3.03434
31.777 27.538 24.010 4.03483
0.742 27.945 23.679 3.40689
33.433 28.004 23.527 3.13241
6.418 28.713 23.154 2.35372
0.145 29.716 22.631 1.66670
1.185 29.866 23.799 2.01742
14.835 30.021 23.925 1.82226
36.665 27.651 22.434 1.37073
6.595 29.880 22.778 1.03947
0.155 29.573 22.059 0.77802
2.307 29.272 21.332 1.85804
6.265 28.687 22.327 2.05616
2.315 30.377 23.033 1.43176
2.165 29.197 23.289 2.19936
0.000 29.756 22.345 3.05530
0.000 30.287 21.808 2.52197
0.000 30.374 21.904 2.30999
0.000 30.261 20.675 2.99029
0.000 29.557 17.982 2.43395
0.000 29.279 18.476 1.87819
0.000 30.405 19.872 1.52926
0.000 30.335 20.461 1.70331
0.000 30.549 21.575 1.95811
0.000 31.441 22.587 1.89483
0.788 31.312 22.940 1.58619
1.317 31.494 23.406 2.04351
55.430 28.200 22.608 4.66560
3.547 26.604 23.136 3.56401
0.000 29.556 22.723 2.17447
6.065 28.497 21.443 2.70711
0.145 29.773 21.329 2.36782
0.000 29.775 20.713 2.98314
0.000 29.347 20.922 2.68653
0.000 29.911 20.806 2.95003
0.000 29.559 19.737 2.40862
0.000 28.953 18.984 2.53531
0.000 27.920 17.983 2.48013
0.000 27.192 17.482 2.41716
0.000 28.117 18.409 1.92238
0.000 29.265 19.872 1.42629
0.000 29.153 19.796 1.51430
0.000 30.862 21.359 1.48209
0.000 30.719 20.159 1.86576
0.000 30.181 19.669 2.06936
0.000 29.829 17.657 2.32069
0.000 29.334 17.022 2.77595
0.000 29.241 18.596 3.16410
0.000 29.642 19.817 3.45702
0.000 30.432 21.059 3.56352
0.402 29.201 21.746 3.42237
0.000 31.018 21.431 2.57019
0.170 30.216 20.432 2.63483
0.332 31.068 21.151 1.79142
0.000 32.312 23.924 0.77128
0.000 32.367 21.836 1.44210
0.653 30.347 20.476 2.84900
0.083 30.818 20.064 3.45999
3.973 28.803 19.621 3.91477
0.102 29.580 19.995 3.32966
0.000 29.276 18.447 3.69455
0.000 30.232 18.925 3.39586
0.000 30.052 17.892 3.60479
0.000 30.259 18.454 3.03705
0.000 30.816 19.991 3.12674
0.000 31.798 20.731 2.70995
0.000 29.922 21.872 1.56572
0.000 31.444 22.256 1.75195
0.000 28.981 19.942 2.94261
0.000 31.399 20.412 2.11448
0.000 33.571 20.511 2.49785
0.000 29.564 16.477 4.90896
0.000 28.040 15.634 3.98952
0.000 29.360 16.343 3.56728
0.000 28.680 14.335 4.19197
0.000 28.112 13.983 3.40165
0.000 29.139 14.729 2.84421
0.000 29.971 16.450 3.18887
0.000 29.640 17.007 3.00842
0.000 29.220 15.362 3.62209
0.000 28.919 14.850 2.89707
0.000 29.204 15.729 1.76330
0.000 30.980 15.923 2.55834
0.000 30.555 16.489 2.11574
0.000 31.203 16.809 2.60235
0.000 32.084 17.731 2.29855
0.000 32.442 18.907 2.92345
0.000 32.963 19.372 2.23006
0.098 26.764 14.965 3.54235
0.000 23.660 11.583 4.19601
0.000 23.771 9.904 3.03417
0.000 25.004 9.911 3.34124
0.000 25.190 9.328 3.39081
0.000 25.117 9.144 3.32607
0.000 25.314 9.999 3.51631
0.000 25.623 11.208 3.27007
0.000 27.076 11.996 2.89929
0.000 27.263 11.236 3.59825
0.000 26.358 10.919 3.22868
0.000 26.782 10.505 3.54367
0.000 25.413 9.979 3.89154
0.000 25.852 10.581 3.64014
0.000 25.705 11.333 3.50249
0.000 26.277 12.547 3.48172
0.000 25.737 12.064 2.97800
0.000 28.234 12.035 2.33204
0.000 30.709 13.353 1.31674
0.000 33.459 15.711 1.95094
0.000 31.800 14.933 3.36867
0.000 31.188 15.684 1.88441
0.000 33.231 16.963 1.11458
0.000 34.129 18.629 0.97310
0.000 35.181 17.957 3.06725
0.000 32.411 16.201 4.33197
0.000 32.046 16.673 3.48474
0.000 32.268 17.598 3.21763
0.000 32.013 15.790 4.47683
0.000 30.098 12.177 5.21606
0.000 27.314 9.858 4.14934
0.000 26.714 10.711 3.69512
0.000 27.819 12.315 2.52841
0.000 29.391 13.822 4.80126
0.000 26.766 11.524 4.80992
0.000 26.628 12.153 3.16733
0.000 28.235 12.834 4.84941
0.000 26.318 9.976 4.30881
0.000 25.368 10.171 4.33243
0.000 26.307 10.948 2.19536
0.000 28.894 12.514 1.13323
0.000 31.752 14.046 2.21551
0.000 31.596 15.679 3.14648
0.000 31.978 15.445 3.16214
0.000 32.785 16.521 2.87257
0.000 32.620 16.165 2.94713
0.000 31.525 14.621 3.37629
0.000 32.536 15.340 2.02403
0.000 34.180 17.249 1.04160
0.000 36.153 19.756 0.87174
0.000 37.031 19.698 1.36324
0.005 35.797 20.661 1.12053
0.000 34.661 23.808 1.64200
0.000 35.353 24.020 2.10298
0.000 34.714 24.565 1.96811
0.000 35.044 22.072 2.77310
0.000 37.228 22.769 2.30826
0.000 35.256 17.794 5.15979
0.000 29.549 16.780 4.33190
0.000 32.829 17.417 2.39091
0.000 34.061 16.449 4.25171
0.000 31.194 16.673 3.88287
0.000 32.151 17.259 2.34773
0.000 34.975 19.528 1.67833
0.000 35.995 23.983 1.68768
0.000 37.230 21.200 2.80621
0.000 27.608 14.470 6.14164
0.000 25.682 14.770 3.84358
0.000 30.895 16.599 1.73531
0.000 35.591 18.864 2.21919
0.000 35.551 19.552 2.59913
0.000 36.807 20.510 0.96251
0.000 36.838 23.104 1.14588
0.000 37.028 21.916 2.14967
0.000 36.950 22.467 1.69010
0.000 36.298 23.991 1.91909
0.000 38.642 23.964 1.63062
0.000 39.959 25.273 1.47513
0.000 39.778 24.825 1.84258
0.000 39.849 24.733 1.46457
0.000 38.788 25.762 1.82206
0.000 37.956 26.482 2.29048
0.000 37.205 25.822 1.71804
0.000 37.563 26.505 1.62581
0.000 37.101 24.303 2.16109
0.215 37.372 24.112 2.63063
0.065 37.291 24.886 1.41090
0.000 38.806 25.053 1.64932
0.000 39.004 24.923 1.53987
0.000 39.486 22.841 3.79604
0.000 37.423 23.471 2.56514
0.000 34.129 24.627 2.45036
0.077 35.362 25.175 1.14813
0.005 38.651 26.999 0.73019
6.395 39.793 28.368 1.99053
18.445 36.569 23.924 1.98896
0.000 35.788 20.159 4.73955
0.370 32.057 20.702 3.10123
0.000 34.054 21.173 2.88493
0.000 35.527 22.247 1.82406
0.000 37.023 23.554 1.79656
0.000 38.570 24.890 1.31200
3.710 38.369 26.301 1.22839
0.000 39.019 26.460 2.37292
0.000 40.315 27.064 2.17971
0.000 39.657 27.441 2.73216
0.000 41.787 26.298 2.16422
0.000 42.195 27.456 2.38774
0.000 41.128 27.846 1.69633
8.817 39.644 25.320 1.97751
4.395 33.048 23.872 2.08365
1.535 30.934 23.631 1.17110
0.107 34.408 24.154 0.80735
0.390 37.013 23.950 1.40280
0.000 37.248 25.323 1.64643
0.000 36.760 25.516 1.46455
0.070 38.234 26.829 1.22220
0.000 35.288 24.552 2.10663
2.678 37.611 25.505 1.14168
0.382 37.136 26.205 1.18835
0.000 34.637 25.097 1.46191
3.240 36.927 25.323 0.86785
6.672 38.102 26.058 1.00875
2.932 38.699 26.371 0.99392
4.997 37.192 26.449 1.13455
0.000 38.595 27.216 1.38120
0.000 37.900 27.893 1.19978
2.365 36.674 26.707 1.55339
0.182 35.983 25.849 1.84143
1.035 37.811 26.418 1.82418
0.000 38.390 27.447 1.99680
0.000 34.638 26.331 1.29703
3.350 39.316 26.632 1.45802
7.662 38.268 26.080 1.48705
1.083 35.909 25.815 1.88005
17.913 29.679 24.844 1.31978
0.000 36.001 25.438 1.44162
2.035 35.596 25.342 0.97090
1.500 33.995 23.936 1.83333
1.795 34.831 24.936 1.62084
0.000 35.123 25.656 0.85520
5.718 35.301 22.994 2.44748
20.313 28.802 23.257 1.98279
0.000 33.376 24.775 0.87821
0.008 37.707 25.099 1.73251
4.825 37.892 25.101 2.65464
0.000 38.742 25.467 3.32007
0.210 38.727 26.168 2.96978
28.167 35.735 26.011 2.20956
10.775 34.226 25.176 2.54444
0.000 36.054 25.704 2.62924
0.000 35.603 25.542 2.32326
0.945 32.276 25.321 1.83701
13.957 33.804 25.399 1.85484
0.000 31.865 25.224 1.03265
0.137 34.578 25.686 1.47948
0.000 35.473 25.534 2.06170
0.000 36.023 25.241 2.91893
0.000 36.867 25.218 3.41409
0.000 35.602 25.654 2.99887
0.000 35.649 26.737 1.51301
0.010 36.850 25.859 0.98268
6.530 35.513 26.157 0.96347
7.810 34.076 25.677 1.38434
0.000 33.325 26.103 1.43322
2.082 32.954 25.360 1.59882
0.000 37.096 25.645 2.20791
1.473 34.036 25.435 1.68049
5.915 35.454 25.710 1.65428
0.155 35.552 25.443 1.84661
2.328 36.137 25.442 2.32765
0.082 35.878 26.343 2.46933
0.988 33.926 25.176 2.74747
4.832 33.296 25.192 2.63457
0.050 34.532 25.486 1.95993
7.235 34.023 25.454 2.46734
5.253 32.669 25.454 2.96171
11.298 32.421 25.399 3.73738
2.148 34.833 25.405 3.16259
1.153 31.698 24.876 3.23350
4.465 31.681 25.123 3.54016
2.705 30.828 24.774 3.41078
29.137 32.919 25.226 2.73787
0.000 31.935 24.591 3.56148
0.125 32.106 24.413 3.17328
11.665 29.365 24.391 2.90767
0.102 32.090 24.021 2.73657
24.938 32.889 24.937 3.26358
60.488 32.233 24.719 3.11731
16.993 32.417 24.316 2.80833
12.225 31.153 24.224 3.55263
4.818 30.828 24.339 2.78368
14.567 32.014 24.131 3.32753
0.000 30.417 23.890 2.68522
0.000 34.279 24.441 3.04584
4.145 30.555 24.107 2.65276
56.947 30.551 24.625 2.89501
12.027 28.795 23.789 2.53090
0.735 31.578 23.641 2.79612
0.000 31.992 24.668 2.74366
2.940 31.427 24.499 2.74204
0.000 31.421 24.387 2.19052
0.005 31.874 25.059 2.72727
1.052 29.885 24.812 2.64803
4.320 28.632 24.375 3.23918
1.250 30.820 24.782 2.68373
15.883 29.687 24.014 3.00050
0.193 29.273 23.945 3.14762
0.495 29.578 24.674 2.77431
0.830 29.804 24.297 2.03418
14.820 29.464 24.419 1.30767
3.735 29.672 24.346 1.78242
6.345 29.363 23.928 2.40689
0.000 29.558 24.030 1.99360
0.000 30.025 23.942 2.28391
15.235 28.505 23.589 3.48955
25.568 29.195 22.402 3.80955
0.918 30.591 23.438 2.72243
26.073 28.899 23.571 2.70133
63.050 28.353 23.993 2.74766
25.900 28.583 23.593 3.47078
0.370 30.898 23.720 2.72389
0.790 30.457 23.947 2.64273
53.172 30.580 23.982 2.19842
9.568 29.605 23.797 1.76524
3.790 28.851 24.099 2.92217
12.853 29.265 23.838 2.17099
51.313 31.385 24.674 2.53546
28.472 27.875 23.451 2.86197
0.700 29.807 23.684 2.77100
1.200 26.804 22.997 2.62819
0.888 29.078 23.847 2.86970
40.750 27.983 24.276 2.75355
17.085 29.300 24.047 3.48247
12.978 29.593 23.636 3.72991
9.808 29.654 23.838 3.28693
1.042 29.859 23.681 2.83841
5.558 28.282 23.477 2.68146
0.445 29.747 23.292 2.46559
0.000 31.403 24.242 2.93951
0.015 29.047 23.770 2.52093
0.228 29.756 24.019 2.41478
6.685 29.778 23.908 1.35351
2.603 29.199 24.062 1.22346
3.578 30.105 23.832 1.17602
0.000 32.708 24.123 1.43258
0.137 31.347 24.400 1.38897
2.845 29.399 23.919 1.53857
1.053 28.300 23.352 1.12463
9.712 29.197 23.651 1.16966
2.080 30.638 23.466 0.97397
6.535 30.513 23.829 1.53183
0.000 31.487 23.736 1.29034
27.328 29.922 24.409 0.91342
7.888 29.595 22.970 0.73606
17.773 29.865 23.731 0.68941
9.782 30.637 23.458 0.78073
8.998 28.091 23.373 1.22315
23.607 28.150 23.129 1.14241
0.398 30.632 24.109 1.17100
7.315 27.762 23.279 1.32403
4.820 28.291 23.067 2.52071
4.900 29.992 23.608 1.25493
15.623 28.869 23.281 1.49265
3.885 28.511 22.553 1.83599
0.000 31.032 23.551 1.37064
0.000 29.598 23.330 1.65503
0.000 29.879 23.986 1.44359
0.383 30.857 24.110 1.44071
28.855 27.996 23.932 1.88988
0.475 27.656 23.184 1.51171
11.902 30.465 23.912 1.61122
5.730 29.436 23.739 1.69133
4.740 30.080 23.509 1.75478
9.355 28.953 23.776 1.88328
2.430 27.431 24.055 3.17423
1.925 29.407 23.255 3.59789
0.000 30.956 23.308 1.39590
0.000 31.192 24.592 1.26565
0.342 30.096 24.289 1.52350
78.227 30.109 24.297 1.79036
3.165 30.142 23.246 2.40976
10.217 30.302 23.726 1.28301
11.587 30.333 23.060 1.51940
11.793 28.824 23.251 1.25789
0.000 30.067 23.795 0.97971
0.000 30.843 24.490 0.72355
19.510 32.376 25.015 0.55880
4.355 31.168 23.789 0.75879
5.195 29.754 23.492 1.37636
2.577 30.538 22.561 1.20594
0.000 31.922 22.181 0.87254
0.000 33.216 22.593 0.89956
0.000 32.685 23.300 1.32168
4.728 30.901 22.888 2.76116
0.712 28.204 21.704 2.93368
0.000 29.292 21.693 2.70860
0.000 29.631 20.771 2.01597
0.000 30.499 21.195 1.08672
0.163 31.612 21.368 1.26090
0.000 29.742 18.667 2.23457
0.000 29.675 20.105 2.81391
0.000 30.229 20.191 3.17570
0.000 29.436 19.005 3.08586
0.000 29.025 19.958 2.39979
0.000 30.043 21.385 2.25684
0.000 29.994 20.134 2.35322
0.000 30.279 21.359 2.65205
0.000 29.732 22.340 1.70382
16.257 28.957 22.291 1.33643
0.000 31.482 21.790 1.50350
0.000 31.510 22.949 1.95806
24.597 27.371 22.342 1.37056
10.055 29.393 22.399 2.13248
0.358 29.115 22.542 1.25594
0.000 30.246 23.166 1.44132
0.000 30.395 22.593 1.88842
20.100 30.186 22.624 1.50341
0.000 30.554 22.934 0.99983
0.000 30.736 22.864 1.57377
0.002 31.127 23.502 1.69754
0.000 30.534 22.628 1.53205
0.000 31.684 21.057 2.49409
0.000 30.282 20.231 3.15425
0.000 30.001 20.889 1.74186
0.000 31.008 21.876 1.24545
0.000 31.190 23.013 1.02711
1.058 31.585 23.182 1.16724
0.000 30.379 20.638 2.43764
0.000 30.609 21.069 1.75504
0.000 31.350 21.597 1.89981
0.000 31.456 21.355 2.02675
0.000 31.467 21.071 2.82003
0.000 29.191 19.198 3.43235
0.000 29.231 19.276 2.82840
0.000 30.794 20.004 2.90646
0.000 30.714 19.738 3.12700
0.000 30.670 18.725 3.55592
0.000 29.382 16.522 4.03015
0.000 29.152 17.171 3.32951
0.000 29.506 17.936 2.34736
0.000 30.312 19.658 2.16911
0.000 32.124 19.860 2.16876
0.000 32.499 20.421 2.21006
0.000 32.882 20.755 2.16231
0.000 33.632 21.704 1.95275
0.000 33.481 22.400 1.75080
10.863 33.555 22.241 0.70496
0.000 34.619 22.597 1.55845
0.005 34.580 21.985 1.79586
0.000 34.691 22.999 2.94620
0.000 31.313 20.323 3.76802
0.000 31.898 19.742 3.87688
0.000 32.215 19.870 2.44833
0.000 28.406 17.843 4.24594
0.000 30.919 18.148 2.92697
0.000 32.199 18.938 2.03649
0.000 33.545 18.537 3.26302
0.000 31.230 17.038 3.54529
0.000 32.076 17.578 2.69869
0.000 31.844 17.797 2.82829
0.000 32.340 16.595 3.60035
0.000 30.828 15.632 4.97024
0.000 27.907 14.743 4.15656
0.000 30.321 15.124 3.10452
0.000 32.257 17.057 3.09788
0.000 29.910 14.922 5.93998
0.000 24.808 14.545 4.98523
0.000 27.037 14.914 4.17464
0.000 26.466 14.768 3.50368
0.000 29.643 15.391 3.14171
0.000 31.343 14.878 4.88513
0.000 28.016 12.856 4.21051
0.000 29.696 13.314 3.19746
0.000 32.098 16.933 3.48708
0.000 33.339 18.570 2.94690
0.000 34.427 19.948 2.97622
0.000 34.287 19.722 4.40273
0.000 30.931 14.453 4.83433
0.000 29.865 13.836 3.40079
0.000 30.615 14.542 2.97750
0.000 30.293 13.460 4.10984
0.000 28.589 12.321 3.98897
0.000 29.047 12.881 3.37905
0.000 30.960 15.094 2.35198
0.000 32.796 16.947 1.10289
0.000 34.128 19.612 1.11413
0.045 35.832 21.199 0.95978
0.105 34.874 20.588 4.12160
0.015 31.859 19.770 5.00458
0.000 31.504 17.718 4.13331
0.000 30.997 15.912 4.30223
0.000 28.579 14.867 4.52522
0.000 26.360 13.981 4.36457
0.000 28.952 10.733 4.04759
0.000 28.715 11.370 3.90232
0.000 29.427 12.254 3.21640
0.000 29.332 12.107 4.01380
0.000 29.756 12.862 3.65260
0.000 30.152 15.210 3.86796
0.000 30.051 14.339 3.55657
0.000 31.044 14.722 2.30372
0.000 32.260 15.853 3.11005
0.000 32.417 16.305 2.63137
0.000 33.317 17.096 1.34244
0.000 34.295 18.726 1.02556
0.000 34.726 18.761 0.84656
0.000 35.235 17.688 0.78228
0.000 35.429 18.208 1.01172
0.000 35.450 18.245 1.13537
0.000 35.901 18.521 1.85945
0.000 35.587 17.461 3.27104
0.000 33.814 16.867 4.26796
0.000 32.653 17.609 4.19261
0.000 33.175 18.291 3.68623
0.000 33.593 17.540 3.36637
0.000 33.796 17.040 4.03004
0.000 33.030 14.625 4.99120
0.000 31.112 15.250 3.92701
0.000 32.528 16.165 2.66908
0.000 31.951 14.735 4.51237
0.000 31.731 15.380 3.42944
0.000 31.943 16.323 2.38057
0.000 34.542 18.456 2.24079
0.000 34.246 18.664 2.60108
0.000 35.258 19.646 1.36989
0.375 33.007 22.424 1.56974
1.855 32.645 22.631 1.80015
0.020 35.141 21.037 2.25406
0.873 34.046 21.464 2.59683
20.793 33.733 20.958 2.47345
4.792 31.758 21.037 1.62922
1.502 34.643 21.318 1.50026
7.547 32.698 22.025 0.87859
0.250 34.050 22.404 1.09279
0.000 35.453 23.117 1.14913
0.000 36.500 23.580 1.18481
0.000 37.352 24.777 1.16890
0.000 36.404 24.708 1.23971
0.000 37.128 25.083 0.81046
0.000 38.563 26.496 1.10866
0.000 36.060 22.273 2.90064
0.000 37.344 23.188 1.65892
0.000 38.721 24.553 2.27294
0.000 39.003 25.782 1.18614
0.000 39.527 26.569 1.18094
0.000 39.582 26.768 1.42576
0.000 38.531 26.395 1.30806
0.000 38.886 26.073 1.23780
0.000 39.998 25.120 1.40751
0.000 39.291 24.265 1.97875
0.000 38.523 24.465 2.12015
0.000 37.674 24.705 2.13654
0.497 37.611 25.680 1.86091
13.675 33.899 24.113 1.28383
1.137 36.369 24.192 1.71962
0.000 37.933 24.097 1.81820
0.000 38.397 24.426 2.40563
0.000 39.016 24.964 2.18588
0.000 39.406 24.835 1.56380
0.575 39.435 26.433 1.19535
20.662 35.799 22.690 2.44106
0.000 35.279 23.276 1.58653
0.000 35.850 23.229 2.63378
0.085 33.043 22.858 3.30654
0.000 36.361 23.313 3.83221
0.000 35.252 23.718 3.48518
0.000 33.183 24.074 3.13800
0.130 36.553 24.837 2.24535
0.422 31.989 24.224 1.47890
0.120 32.700 24.246 1.20443
0.000 36.424 24.740 1.66076
0.272 38.963 25.435 2.78524
0.000 39.714 25.455 3.21092
0.000 40.509 23.863 2.86924
0.000 41.299 24.818 2.47884
0.000 41.263 26.876 1.49188
0.120 40.486 25.833 2.58040
0.962 40.075 26.049 1.70752
2.335 36.548 24.920 2.64444
0.000 39.128 25.807 1.94596
0.113 38.265 24.643 2.93966
2.362 34.853 23.391 3.05782
0.000 37.515 20.856 4.71910
0.000 37.131 19.678 4.51921
0.000 35.849 19.923 3.32025
0.000 38.693 22.332 0.76815
0.000 40.946 25.575 1.11368
0.000 41.489 27.298 2.69817
0.000 41.143 28.432 3.19294
0.000 43.006 28.046 2.88443
0.000 43.594 28.822 2.74904
13.608 42.778 28.648 2.68740
0.138 32.967 24.738 2.57850
0.102 34.244 24.393 1.71249
3.490 34.610 23.625 2.59588
4.947 34.942 23.453 2.39641
0.075 36.285 24.147 2.16290
0.000 36.815 25.802 0.91622
9.512 36.355 25.619 1.30050
0.595 36.619 25.900 0.93464
20.110 35.890 25.558 1.31539
0.573 35.389 25.656 1.94524
10.835 35.011 24.904 2.65588
2.287 36.148 26.205 2.10288
0.380 35.160 25.356 1.90706
14.732 38.262 25.874 2.13765
0.005 39.103 26.842 2.13178
1.140 36.610 26.119 1.86676
0.292 38.074 26.366 2.40143
18.678 34.018 25.018 2.61513
0.000 35.284 25.614 1.88869
0.000 37.549 26.882 1.39453
7.553 36.589 24.513 1.97396
7.285 32.881 25.084 1.73326
7.173 32.228 24.654 1.98515
0.000 36.258 26.003 1.89912
0.000 37.748 25.744 1.98470
3.925 34.632 25.378 2.24801
5.873 33.411 25.930 1.80125
0.048 31.211 25.109 1.85255
0.318 32.761 25.671 2.44813
0.010 35.702 25.823 2.59289
0.000 36.583 25.758 3.14587
0.042 33.653 25.155 3.17499
0.000 33.911 25.826 2.82526
1.898 35.702 25.600 2.97690
0.000 34.374 25.454 2.71207
7.892 34.349 25.080 2.66266
0.000 38.139 25.945 3.12577
0.680 37.602 26.155 2.70564
0.000 37.433 26.598 2.60890
0.000 28.095 26.488 2.39084
0.460 35.601 24.712 2.73734
2.710 32.702 25.546 1.91532
2.832 33.923 25.319 1.11987
0.363 37.220 25.603 1.77019
0.885 38.382 25.762 1.59889
12.425 36.161 26.050 1.88435
2.012 35.921 25.217 2.27870
0.587 33.361 24.548 1.80259
0.692 37.983 25.349 2.09062
0.000 39.272 26.439 2.39824
0.513 35.333 26.121 1.88571
11.768 32.703 25.653 1.05046
11.680 31.866 25.019 1.58663
1.558 33.588 24.925 1.54636
1.705 30.205 24.657 1.10232
4.933 34.392 24.542 1.57888
0.000 31.583 23.737 1.97614
0.000 35.730 24.817 2.27720
0.017 35.013 25.637 2.48511
0.437 34.868 25.579 2.95407
24.080 35.225 25.242 3.33801
2.740 31.944 24.722 4.23903
12.997 29.574 24.292 4.03177
3.075 30.503 23.401 3.88218
0.000 31.876 24.168 3.91495
0.000 32.628 23.612 4.02239
4.465 34.546 23.747 3.60457
0.000 37.095 24.537 3.65314
0.000 36.648 25.030 3.59102
0.000 38.278 25.054 3.86086
0.000 38.606 25.442 4.07279
0.000 39.611 26.504 4.04861
0.000 39.008 26.635 4.07980
0.032 34.798 26.723 3.87393
0.000 38.032 25.657 3.55611
9.907 34.249 25.336 2.62803
19.375 34.245 24.927 2.48842
34.877 30.451 24.746 2.56453
15.953 28.671 21.838 3.51651
0.137 29.900 22.171 1.91723
12.232 34.615 24.430 2.09162
1.118 29.713 24.043 2.50498
4.040 31.024 24.720 1.96325
2.255 30.458 24.420 2.37086
0.505 30.053 24.759 3.03228
3.615 29.911 24.898 2.71820
8.430 30.208 24.579 2.92905
26.015 29.604 24.122 3.17910
30.675 27.805 23.437 3.39552
0.842 30.430 23.933 2.87166
0.618 29.525 23.576 2.77639
0.182 30.110 23.598 2.51423
12.413 30.096 22.943 2.24693
1.595 31.345 23.055 2.18406
33.438 32.048 23.576 2.95086
36.772 28.764 22.803 2.97448
10.623 29.150 22.673 2.84159
10.005 28.315 22.556 3.10209
4.597 27.680 22.244 2.03492
2.350 28.007 22.484 3.10966
12.893 27.496 23.071 1.82020
6.197 27.624 23.123 2.60987
16.923 27.842 22.618 2.00115
5.785 28.695 22.915 2.35973
28.135 28.978 23.681 2.37244
0.000 28.066 23.318 1.98327
9.225 29.323 23.956 1.63856
9.872 28.354 23.548 1.34654
0.097 28.777 23.654 1.65231
0.260 29.778 23.703 2.16014
3.440 30.503 24.194 1.84824
0.390 31.416 23.860 1.81299
20.182 29.973 24.053 1.74832
0.213 30.302 24.047 1.93369
0.000 31.181 24.226 2.06696
0.205 30.673 24.125 1.96236
0.000 30.811 24.079 1.85793
0.000 30.355 23.938 2.49598
0.000 30.993 23.996 2.20349
0.000 32.100 24.988 1.71806
0.080 30.365 24.395 2.29531
2.112 30.237 24.620 1.91646
0.000 29.609 24.063 2.60401
1.267 30.990 23.569 3.15809
0.000 31.042 24.162 2.45685
0.000 31.015 24.499 2.85540
76.155 29.529 23.587 3.03711
11.298 28.004 23.723 2.60717
14.567 29.397 23.573 2.64397
0.247 30.547 23.768 2.29110
26.890 29.633 24.392 2.32988
1.438 27.627 24.029 2.71209
1.037 27.653 23.002 2.62518
10.660 30.167 23.650 2.11526
0.210 29.611 23.292 1.54203
1.008 30.363 23.872 1.35064
4.270 30.094 23.439 1.53674
0.000 30.986 23.639 1.79965
1.155 31.019 23.980 2.12706
3.285 28.763 24.015 1.62517
14.000 28.814 23.989 1.63264
1.118 29.671 23.461 1.61080
13.322 27.710 23.360 0.66981
5.315 30.509 24.025 0.54670
0.165 30.323 22.799 2.40860
29.777 29.702 22.940 2.41491
20.395 28.216 23.044 5.12215
8.033 28.825 23.717 2.38666
0.607 29.176 23.608 3.78284
0.072 29.470 23.598 1.67446
0.000 31.106 22.899 1.06146
0.000 32.195 24.649 1.23579
80.253 27.748 22.690 1.96368
0.000 28.611 23.245 1.85709
0.000 30.554 24.207 1.83322
0.000 29.936 24.135 1.80720
0.000 30.866 23.962 2.31054
0.000 31.290 24.284 1.41516
0.000 31.527 23.823 1.09991
0.138 31.395 23.778 1.08769
1.025 32.396 24.121 1.18242
0.000 30.678 23.891 0.83260
9.113 31.927 24.271 0.81245
32.755 31.294 24.181 0.83415
32.240 30.867 23.915 0.91901
2.990 29.516 23.238 0.87192
10.472 30.292 23.501 1.45268
19.780 28.600 23.645 1.36860
17.883 30.716 23.922 0.74425
21.398 30.134 23.561 0.85987
0.190 29.154 23.200 1.67783
1.465 29.726 20.290 1.92692
0.340 25.452 18.527 2.97468
0.000 26.564 19.134 2.45221
0.000 29.282 19.893 2.47178
0.000 29.732 20.811 2.91017
2.835 29.202 21.308 2.38941
0.055 30.565 21.400 1.72747
0.000 31.055 21.062 1.75472
0.000 30.582 20.081 1.56588
0.000 31.618 19.141 1.20000
0.000 31.922 20.729 0.85512
0.000 32.689 20.796 0.53105
0.000 31.995 21.021 1.56535
0.000 30.885 19.193 2.07520
0.000 29.951 20.288 1.74880
0.000 30.782 20.947 1.60112
0.000 31.708 22.210 1.48107
0.000 31.324 22.122 1.68226
0.000 31.156 22.617 1.25354
0.000 31.937 21.241 1.46733
0.000 32.153 21.526 1.84284
0.000 31.550 22.320 2.76151
0.000 31.254 20.223 3.57481
0.000 29.030 19.947 2.90110
0.000 29.584 20.834 2.26556
0.000 30.720 21.813 2.30667
0.968 31.238 22.010 2.37655
18.465 30.177 22.343 1.65016
2.680 30.588 23.110 1.31849
0.000 32.030 23.297 1.81946
0.000 32.123 22.622 1.71844
0.000 32.510 21.968 1.81170
0.000 32.733 23.009 1.53736
0.850 32.049 23.480 1.35472
0.000 31.684 23.878 1.01302
0.000 31.849 23.269 1.20508
0.000 32.571 23.959 0.59039
0.000 33.258 23.364 0.76190
0.000 33.363 24.064 0.76057
0.000 34.116 23.294 1.28833
0.000 34.422 22.289 2.03929
0.000 33.400 21.429 1.76037
0.000 33.356 21.697 2.53301
0.000 33.715 21.287 2.67473
0.000 34.032 21.147 2.38010
0.000 34.156 21.740 2.45002
0.000 34.531 20.373 3.05260
0.000 33.093 17.908 4.18310
0.000 32.650 18.356 3.63463
0.000 33.579 21.422 3.24587
0.000 34.042 21.016 2.99223
0.000 34.327 21.057 2.08306
0.000 34.967 22.034 1.18406
0.000 35.484 23.277 1.70875
0.000 36.226 22.229 2.71805
0.000 35.297 21.865 2.10595
0.730 33.789 20.110 2.65356
0.000 32.262 17.788 4.24802
0.000 31.212 18.228 4.04233
0.000 32.542 18.764 3.15329
0.000 33.496 19.681 1.75040
0.000 34.840 19.701 1.39690
0.000 34.891 20.609 1.04420
0.000 35.472 22.019 0.97595
0.000 36.432 21.959 1.37475
0.000 36.510 21.596 2.44118
0.000 35.633 19.735 4.06861
0.000 31.396 16.023 5.94763
0.000 26.892 13.920 5.05987
0.000 29.532 14.434 4.32545
0.000 30.988 16.791 3.34938
0.053 32.423 17.523 3.50564
0.000 33.259 18.725 3.41689
0.055 30.205 20.910 2.61624
0.000 35.167 21.703 1.36295
0.000 36.589 23.280 1.93548
0.000 36.603 19.260 3.57048
0.000 35.042 19.687 2.62678
0.000 35.635 20.116 3.58566
0.000 34.184 19.939 3.88285
0.000 34.127 20.397 3.49178
0.000 33.274 19.084 5.11618
0.000 32.213 18.061 5.51706
0.000 32.714 17.396 4.24440
0.000 33.308 17.871 2.31550
0.000 34.416 19.463 1.75627
0.000 35.369 20.017 1.13158
0.000 36.174 19.618 1.39859
0.000 35.786 20.813 1.83762
0.000 35.341 22.680 2.27896
0.000 34.653 22.943 1.93093
0.000 30.510 21.918 2.34793
0.000 34.481 20.791 2.33442
0.025 35.480 20.864 2.22006
0.000 33.874 21.274 2.40096
0.000 34.429 21.858 3.14346
0.130 34.869 22.521 1.26453
5.533 36.712 24.434 1.75699
0.000 35.556 24.672 2.64780
0.000 34.538 23.151 2.26830
0.635 35.644 20.785 2.07869
18.752 34.392 21.155 2.25547
0.000 34.100 21.893 2.00620
0.000 36.321 23.078 1.09541
0.000 36.781 23.345 1.51772
1.682 33.809 13.973 6.53973
0.467 22.795 10.050 6.94438
0.000 20.078 11.233 5.70654
0.000 24.820 12.051 3.97069
0.000 29.892 12.694 2.99715
0.000 33.453 16.400 2.13063
0.000 34.975 19.931 1.59100
0.000 33.982 20.701 1.88037
0.000 34.111 21.015 1.95313
0.000 32.717 16.678 5.11991
0.000 28.651 15.260 5.26849
0.000 30.858 15.846 3.96564
0.000 33.862 16.747 4.39621
0.000 32.637 15.010 5.64668
0.000 28.028 12.656 6.81171
0.000 26.503 9.527 5.46112
0.000 28.113 10.725 4.12725
0.000 30.503 12.858 1.77623
0.000 33.035 16.309 1.36643
0.000 35.386 18.554 1.74301
0.000 36.956 20.353 2.44977
0.000 37.481 21.242 2.33586
0.000 39.102 20.420 2.41582
0.000 35.125 15.959 5.74687
0.000 32.604 16.348 4.40871
0.000 33.975 16.494 3.89651
0.000 35.196 17.353 3.28801
0.000 36.757 19.486 2.84549
0.000 34.140 16.592 5.72441
0.000 34.172 17.262 1.78463
0.000 37.278 22.188 1.70200
0.000 38.115 20.290 5.02780
0.000 33.662 15.571 6.48532
0.000 32.943 15.055 6.40164
0.000 32.556 14.539 5.82584
0.000 33.194 15.459 4.88480
0.000 34.161 16.839 4.34071
0.000 33.351 15.995 5.08621
0.000 33.993 16.942 3.75443
0.000 34.670 18.170 3.40821
0.000 36.282 19.672 2.03873
0.000 37.805 21.147 1.28061
0.000 37.989 23.125 1.84003
0.000 38.816 24.284 1.38702
0.000 37.826 26.715 1.80249
0.000 39.964 27.700 2.80602
0.000 40.972 25.862 2.91822
0.000 41.709 21.238 3.86572
0.000 34.138 20.386 4.49454
0.000 37.001 21.103 1.70695
0.000 39.375 24.839 2.25933
0.000 39.516 23.187 2.57851
0.000 41.021 24.261 2.33859
0.000 40.168 27.028 3.10779
0.000 41.628 26.627 2.43487
0.000 42.022 27.530 3.01499
0.000 41.714 28.457 2.80227
0.000 41.966 27.758 3.27311
0.000 42.019 26.098 3.47473
0.000 41.892 26.522 3.23549
0.000 41.389 27.321 3.16363
0.000 42.323 21.611 4.02926
0.000 32.440 17.947 5.64837
0.000 35.528 19.000 3.87199
0.000 32.647 18.211 4.91772
0.000 36.023 19.278 3.52122
0.000 36.325 22.431 2.21692
0.000 37.209 25.077 1.17415
2.897 37.165 26.558 1.49668
0.000 35.238 26.437 1.72278
0.435 37.367 26.811 1.08988
0.220 32.496 25.901 1.64640
0.000 38.786 26.178 2.58592
0.000 41.481 26.345 2.48006
0.000 41.798 26.327 2.22972
0.000 42.106 26.466 1.76419
0.000 42.838 28.630 2.14467
0.000 42.133 28.391 3.04423
0.000 42.899 27.782 3.34969
0.000 44.128 28.000 3.22329
0.000 43.906 28.821 3.81304
0.000 43.573 28.985 3.72002
0.000 43.277 29.582 3.63419
0.000 43.672 30.112 3.18286
0.000 43.066 28.657 2.73105
0.000 43.257 30.250 2.97777
4.810 39.825 26.566 2.18814
0.008 37.762 27.164 2.59876
13.650 38.685 26.445 2.40405
0.000 38.101 26.993 2.05485
0.000 40.012 27.628 3.19803
0.000 41.125 27.579 3.38506
0.000 41.553 28.677 2.75895
0.000 41.809 29.460 2.37090
0.000 43.492 30.849 2.24171
0.008 41.326 29.956 1.58650
0.183 41.082 27.537 2.38383
17.867 36.637 26.885 1.35448
45.702 32.673 24.117 1.39870
0.000 37.834 25.670 2.12181
0.000 37.395 26.356 1.52663
0.223 39.595 27.519 1.28855
13.048 36.475 26.761 1.36448
0.000 38.343 27.364 1.72881
0.000 39.314 26.799 2.58309
0.000 37.975 27.748 1.48453
0.000 37.110 26.652 2.02987
0.002 37.705 26.673 2.24453
0.000 38.611 27.051 1.88301
0.000 39.618 27.156 2.06439
1.290 38.014 27.676 2.40022
24.420 32.653 25.007 2.14810
0.000 36.172 25.790 1.66910
43.190 31.776 25.350 1.59133
0.000 32.727 24.084 1.75439
0.000 35.928 25.269 1.29715
0.000 31.488 25.809 2.02253
0.462 33.294 25.465 1.83400
23.067 31.300 25.101 2.45052
3.385 35.122 25.280 2.15849
3.483 37.080 25.601 2.52645
8.085 33.387 25.632 2.31364
9.832 33.425 25.306 2.82950
0.092 34.796 25.270 3.42531
6.513 33.621 25.729 2.56918
5.705 32.800 25.075 2.91035
3.790 33.841 24.238 3.05688
2.028 31.956 24.423 1.96226
14.775 31.113 24.538 2.31772
0.575 32.902 25.000 1.72900
0.000 33.799 25.063 1.74832
0.183 35.679 24.574 2.38768
0.000 36.273 25.059 2.28257
6.180 34.103 25.371 1.94101
36.435 32.790 24.497 1.77061
14.345 32.216 25.152 1.73367
7.155 29.887 24.973 2.67292
0.988 32.186 23.745 2.90774
0.213 35.728 24.909 3.01261
1.277 32.162 24.558 2.81791
0.680 36.556 25.143 3.35656
0.605 35.725 24.325 3.41934
0.548 34.405 25.406 3.17485
9.120 35.397 25.108 3.05459
0.000 34.254 25.083 2.40488
0.343 33.130 24.695 2.24690
2.875 31.316 24.391 1.76749
0.000 32.214 24.897 1.32770
2.255 36.269 24.993 1.25787
33.195 32.280 24.625 1.16097
0.572 31.401 24.521 1.27847
2.395 32.256 24.876 1.43584
17.260 28.813 23.992 1.94868
6.075 31.531 23.371 2.23852
5.760 31.341 24.359 2.09400
36.460 28.979 24.614 2.92911
49.900 28.221 24.151 3.11414
31.710 29.164 24.483 2.76021
20.215 31.217 24.570 2.94864
11.465 30.060 24.452 2.57064
2.988 28.468 24.329 2.73672
5.702 30.067 23.909 2.69662
2.145 30.794 24.213 2.45815
48.557 31.905 24.437 2.86987
26.710 27.974 22.767 4.52848
25.750 25.008 22.833 3.28702
1.715 30.451 23.750 2.51356
3.747 30.856 24.273 3.06771
0.257 30.722 24.174 3.39786
0.152 28.477 23.622 3.31854
6.445 30.106 23.560 3.65843
17.393 28.326 24.053 3.18767
21.450 30.728 24.261 2.75751
0.085 29.417 23.646 1.99155
0.482 30.731 23.829 2.13041
0.700 31.514 24.659 2.17403
0.000 30.237 23.848 1.94006
35.115 29.700 23.495 1.53215
0.000 29.714 24.031 1.75824
4.025 30.885 24.186 1.84306
0.108 29.180 23.956 1.01394
2.738 29.360 24.604 0.74440
14.105 29.103 23.531 0.75959
0.210 30.084 23.701 0.99999
0.950 31.653 24.072 1.48224
0.000 31.440 23.900 1.59261
0.560 29.396 23.587 2.11399
0.050 30.138 23.152 2.39977
1.813 29.373 24.272 1.56318
0.090 27.690 23.734 2.35595
2.960 27.923 23.501 2.24946
0.000 31.520 24.111 2.17922
0.452 30.726 24.406 2.82805
10.843 29.874 24.387 2.24633
1.903 30.258 24.134 2.25622
14.205 27.597 23.600 1.86379
5.640 30.164 22.830 2.09257
0.000 31.166 24.215 2.79162
0.000 31.498 23.674 3.14890
0.000 30.131 23.773 3.29469
0.265 31.472 23.978 3.12869
14.500 30.082 23.819 3.21964
0.067 26.898 23.584 3.45795
0.792 29.689 23.996 3.58975
0.000 29.622 23.978 3.85869
0.065 30.879 23.274 3.94145
0.452 30.848 23.015 3.76432
1.920 32.630 23.819 3.28085
1.052 30.187 24.513 3.90638
15.230 29.370 24.105 3.97545
0.000 31.897 23.433 2.69701
0.005 33.590 24.431 2.04033
32.050 32.077 24.640 1.91192
5.752 29.777 23.922 1.47794
49.433 29.518 24.251 1.00881
0.000 29.602 23.956 1.18999
34.360 31.511 24.932 1.38050
7.423 30.067 24.755 1.26665
0.000 29.353 24.095 1.12547
2.125 29.165 23.758 1.17508
1.925 30.014 23.995 1.79974
7.408 29.728 23.755 2.70481
6.005 30.429 24.069 2.81257
0.087 31.064 23.714 2.93652
0.007 30.841 23.962 2.83092
11.770 31.366 24.339 2.60881
36.595 28.457 24.072 2.20968
21.087 27.553 24.094 2.15053
6.692 31.116 22.290 2.15061
2.890 30.866 23.224 2.18362
0.052 30.602 23.968 1.71867
44.675 29.940 23.870 1.86403
16.830 28.710 23.699 0.80454
1.045 28.256 24.146 1.32581
59.350 26.535 23.231 4.57915
0.145 29.952 23.420 2.13302
0.070 30.078 23.513 1.55617
19.220 31.023 24.131 1.05918
9.297 32.526 24.416 0.93436
24.540 32.109 24.364 0.88449
26.200 28.521 23.805 1.17577
1.550 29.060 23.394 2.40996
9.075 28.150 23.394 2.06173
9.460 28.648 23.495 2.33864
10.055 30.062 23.854 1.81689
7.333 29.383 24.118 0.98077
0.478 28.133 23.918 1.18924
6.045 30.371 24.111 0.91483
0.000 30.708 24.061 0.83419
2.765 29.125 23.271 1.27831
27.592 29.108 23.934 0.67623
12.295 28.288 23.061 0.75489
0.000 28.370 22.170 1.61938
0.000 30.007 22.409 1.42010
1.002 31.256 22.851 0.99345
0.000 31.159 24.032 0.78087
78.733 30.456 23.914 0.87891
2.400 28.602 24.101 1.69932
1.220 28.518 23.873 0.81629
0.000 31.045 23.475 0.84846
0.000 32.085 22.816 1.13353
0.010 31.251 23.055 1.60326
0.000 31.067 22.589 2.23790
0.000 30.752 22.694 2.51993
0.000 30.194 22.295 2.90242
2.330 28.493 22.242 2.55235
0.005 29.856 23.400 2.12318
0.000 30.196 21.741 2.75071
0.000 30.401 22.520 2.06831
0.107 31.273 22.363 1.27971
0.000 32.732 23.565 0.92400
0.000 32.104 23.502 1.49636
0.000 31.082 24.081 1.55028
0.000 29.796 23.454 1.32954
4.497 29.668 23.514 0.79846
1.525 29.697 23.031 1.13916
2.757 29.118 23.185 1.22469
1.603 30.132 23.920 1.73470
4.905 31.109 23.001 1.46162
0.000 31.148 22.900 1.74418
0.000 30.274 23.119 2.78963
0.000 29.594 22.382 2.87584
0.615 28.478 22.625 2.93519
0.858 28.496 20.649 3.48356
0.133 29.621 19.989 4.29876
0.000 28.603 19.484 3.59646
1.325 28.583 19.817 2.38312
0.000 28.762 20.919 1.57975
16.015 30.324 21.983 1.30994
20.685 26.694 23.770 1.86714
0.000 29.341 23.636 1.66828
1.248 28.733 19.188 3.42732
0.000 22.932 15.600 3.07577
0.000 28.165 16.225 2.02844
0.000 30.523 20.458 1.65827
0.000 31.461 21.914 1.27985
0.000 31.420 21.689 1.82491
0.000 30.665 19.460 2.15376
0.000 30.169 19.005 2.18562
0.000 29.977 20.408 2.20085
0.000 30.319 22.185 2.01185
0.000 30.282 22.429 1.54446
0.000 31.265 23.122 1.71678
0.000 31.395 23.281 1.53298
0.000 31.026 23.500 1.65034
0.195 30.699 21.498 2.43550
0.000 26.207 18.111 3.02424
0.000 28.877 18.554 2.45579
0.000 28.634 15.822 3.58794
0.000 26.898 15.389 3.08377
0.000 27.623 15.991 3.12430
0.000 29.096 17.225 3.21740
0.000 29.031 16.738 3.69025
0.000 26.151 16.884 3.52749
0.315 26.323 17.445 2.94749
0.133 29.790 19.070 3.08665
0.682 29.602 18.705 3.06121
0.200 29.377 19.247 3.19809
0.075 28.249 16.685 3.87919
0.035 28.524 17.191 3.17968
0.075 28.390 15.973 3.12601
0.040 28.725 16.522 2.84033
0.005 29.069 16.765 2.97973
0.000 30.026 17.276 2.30981
0.035 30.494 20.318 2.12241
0.403 31.329 22.111 2.96582
0.035 29.545 19.344 4.07752
0.035 27.221 17.029 4.75541
0.020 23.859 14.407 4.79375
0.000 26.523 14.655 3.09128
0.000 30.111 16.900 2.62395
0.000 32.147 19.682 2.35744
0.000 33.057 21.374 2.28333
0.000 33.140 21.196 2.64340
0.000 32.549 18.008 4.05602
0.000 31.100 18.582 3.18338
0.000 32.394 19.602 2.71596
0.000 33.299 21.120 2.44814
0.070 33.117 20.143 3.11702
0.000 29.161 13.998 5.06038
0.000 27.736 13.725 4.10724
0.000 27.400 14.198 4.60826
0.000 27.782 14.963 3.87691
0.240 29.906 16.740 3.81824
0.000 31.738 17.194 3.61596
0.000 31.522 19.370 3.76375
0.000 30.081 18.939 3.75592
0.000 31.669 19.515 3.04243
0.000 32.446 20.977 3.29750
0.000 31.140 20.561 2.80048
0.000 33.254 21.037 2.43809
0.247 34.080 21.555 2.49290
0.293 33.095 21.825 2.91117
0.000 33.460 21.875 2.36984
0.025 35.248 22.571 1.64579
0.000 34.608 19.477 2.48875
0.000 33.253 18.446 3.47004
0.000 32.010 18.427 3.32729
0.000 33.677 18.941 3.93910
0.330 32.370 19.350 3.26164
0.000 31.366 20.188 3.31610
0.000 32.337 19.556 3.11201
0.000 33.867 19.370 3.55643
0.000 33.561 17.548 4.53303
0.000 32.404 16.995 5.10158
0.000 30.888 16.256 5.41583
0.000 30.344 16.383 4.47509
0.000 31.918 16.930 3.87407
0.000 32.882 18.005 4.67474
0.000 32.536 17.102 4.26229
0.000 31.275 15.581 3.94621
0.000 30.651 16.710 2.26467
0.000 33.482 18.600 2.05020
0.000 33.256 16.948 4.01818
0.000 32.684 17.110 3.45864
0.000 33.962 18.166 4.28952
10.045 30.980 20.372 3.63577
1.433 28.033 20.074 2.59482
0.000 34.673 19.563 2.37715
0.000 34.694 17.668 2.56843
0.000 35.843 16.464 1.49901
0.000 36.583 17.723 1.26059
0.000 36.153 19.348 2.64200
0.000 33.483 15.786 5.22717
0.000 31.826 15.495 4.91891
0.000 31.065 13.837 5.48390
0.000 29.959 13.633 4.86169
0.000 30.373 14.433 4.30519
0.000 31.850 16.171 4.22486
0.000 32.211 16.710 3.93525
0.000 33.252 16.289 3.30107
0.000 34.452 16.452 3.49437
0.000 34.264 17.227 3.53470
0.000 35.157 18.290 1.89747
0.000 37.727 21.010 1.06076
0.000 38.459 23.483 1.18198
0.000 38.476 25.577 1.74300
0.000 37.423 23.178 2.57165
0.000 34.308 19.715 4.40196
0.000 33.898 17.833 3.84860
0.000 33.437 16.872 5.07002
0.000 34.181 17.589 4.63512
0.000 35.645 18.272 4.14451
0.000 35.905 17.247 4.96004
0.000 34.103 17.029 4.03311
0.000 36.772 18.075 2.03057
0.000 37.867 21.148 1.33116
0.000 38.703 23.192 1.19256
0.000 39.196 24.539 1.92176
14.942 38.155 24.393 2.46164
0.000 30.388 21.090 3.04670
0.000 32.228 21.808 1.64547
0.000 36.261 24.339 1.59793
0.000 38.643 25.970 1.04825
0.000 38.608 26.377 1.92385
0.000 39.942 25.894 1.92607
0.000 40.757 26.883 1.88033
1.450 39.212 27.083 2.48507
7.123 35.621 25.328 1.73863
8.583 33.655 23.271 2.71492
6.438 35.329 24.385 2.11094
2.632 34.041 24.218 1.03280
0.197 34.343 24.919 1.23177
16.747 32.092 22.549 1.71161
0.000 34.961 23.860 1.55249
0.013 37.013 25.643 1.19454
6.760 28.534 23.175 2.27312
0.000 28.561 21.044 2.44566
0.472 27.368 18.231 4.61564
0.003 28.625 19.004 3.21484
0.000 34.147 20.610 2.25914
0.013 34.684 23.475 1.97559
5.567 35.167 23.605 2.00699
23.175 30.798 19.379 3.14819
0.032 30.510 17.295 3.96404
0.000 33.503 18.798 3.14609
0.000 34.870 21.174 2.15944
0.000 35.150 22.887 1.38700
9.742 35.285 24.250 1.14690
4.773 34.281 24.620 1.23948
0.040 37.152 24.762 1.67973
0.000 36.787 25.650 1.61803
0.000 37.961 25.780 2.16145
0.000 37.146 26.276 2.70831
0.000 36.126 27.023 1.82247
0.000 32.217 22.197 1.80044
2.790 35.362 22.817 2.97045
9.200 36.028 23.272 1.35424
0.260 36.071 24.723 1.32817
0.183 38.741 26.091 1.55040
0.392 38.508 25.226 1.65055
0.033 39.262 25.839 2.55357
0.000 39.943 26.812 3.05964
0.000 39.046 25.278 3.17481
0.000 39.782 24.362 3.09466
0.000 41.064 23.959 2.27534
1.232 39.679 25.326 1.93770
14.467 36.400 24.855 2.66786
1.327 35.127 24.573 2.05061
0.000 37.060 25.224 1.58843
0.000 38.652 23.607 2.33570
5.520 33.656 22.901 2.66107
2.657 31.447 23.501 0.86056
0.000 36.688 26.193 1.23855
7.652 36.720 25.738 1.14247
0.925 35.256 25.318 2.08871
0.000 36.284 26.458 1.88718
54.810 33.978 25.852 1.23304
0.218 33.612 26.190 0.66564
18.395 30.894 25.150 0.93253
2.697 29.185 23.567 1.34656
0.000 33.506 24.044 1.36959
0.235 34.221 24.765 2.07536
6.190 32.366 24.372 1.50380
2.725 32.034 24.995 1.08203
6.393 33.555 25.768 1.43877
4.918 30.925 24.514 0.88017
40.003 31.066 24.467 1.24643
50.563 32.574 24.689 1.64198
25.540 31.396 23.224 1.43816
10.255 31.029 23.663 2.05601
13.007 31.457 24.980 2.94441
0.527 31.094 24.695 2.62105
0.400 32.289 25.125 2.04548
0.237 32.079 25.225 1.87551
0.497 31.839 24.569 2.00906
41.248 30.477 25.454 1.34311
2.048 31.142 25.457 1.11291
5.762 28.852 22.528 2.08903
3.875 29.042 21.763 2.97088
0.305 29.898 22.276 2.81902
3.008 28.237 22.529 2.39569
0.765 31.639 23.546 1.63328
15.157 31.726 24.695 1.54804
2.322 30.234 24.883 1.91095
0.122 31.530 25.822 2.14563
9.498 30.435 25.620 2.62818
0.000 31.405 25.476 3.83377
0.090 31.286 24.799 3.54374
0.000 31.644 24.399 2.62335
0.300 31.140 24.741 2.47690
2.075 29.116 24.224 2.52800
23.643 29.133 23.725 2.42046
14.442 28.276 24.768 2.84847
5.533 29.971 24.382 2.60525
5.708 30.763 24.500 2.96661
8.235 30.160 24.540 2.87752
3.755 30.583 24.196 2.39387
25.658 29.565 24.253 2.09952
0.432 29.537 23.313 2.43389
0.000 31.996 23.940 2.21414
0.420 29.940 24.320 1.93775
15.242 29.193 24.203 2.50943
4.415 29.810 23.931 2.19462
6.737 30.564 24.004 2.84106
26.245 30.919 24.926 2.75327
0.170 30.195 23.771 3.01331
0.000 28.521 24.084 2.31942
1.730 30.474 24.178 2.36638
2.942 30.215 24.260 2.16146
0.000 29.370 23.998 2.33342
0.345 30.655 24.589 1.75726
2.850 30.162 24.391 1.49689
28.140 29.348 23.687 1.51218
12.745 29.212 23.998 1.77043
5.693 29.942 24.162 2.57545
16.582 28.905 23.796 2.59492
5.860 30.145 24.398 2.50444
3.782 28.574 23.487 2.34498
0.120 29.099 23.877 2.63462
1.235 30.242 23.832 2.59513
0.777 28.238 23.503 2.86529
0.450 28.918 24.059 2.21781
2.130 29.052 23.991 1.91228
1.918 29.066 23.217 2.38319
0.747 29.706 23.649 1.68108
35.490 29.124 23.795 1.85894
8.410 29.289 23.874 2.43477
45.223 28.573 24.065 2.01589
6.955 28.221 23.577 2.90904
13.755 27.201 22.799 3.98080
21.287 29.322 22.957 3.58404
20.295 30.218 24.200 2.40317
3.122 28.364 23.947 2.36203
9.705 28.964 23.344 2.47240
0.830 29.345 23.021 1.99699
23.072 28.969 23.954 2.76676
16.267 27.943 23.636 2.65620
24.745 28.680 24.236 2.78421
29.940 27.667 23.770 2.85595
108.103 25.990 23.341 6.58358
13.125 27.493 23.627 6.45488
16.182 27.184 23.794 3.81268
2.865 29.051 24.513 2.79840
2.252 30.663 24.280 2.95620
1.070 29.938 25.037 2.89851
0.293 30.978 25.079 2.93191
0.268 30.794 24.832 3.21608
0.057 29.963 24.177 2.84576
12.320 29.435 23.587 3.09058
20.363 29.534 24.197 2.61333
13.095 27.960 23.704 1.84348
3.272 29.411 23.690 1.81840
13.655 29.940 24.306 2.27012
0.000 30.385 24.313 2.45342
0.000 30.551 24.084 2.33611
0.000 27.694 23.588 2.17434
0.000 30.928 24.718 1.66091
0.070 30.523 24.913 1.70045
0.000 30.298 24.725 1.75416
3.997 28.540 24.139 1.40753
9.245 29.524 23.216 0.98813
47.375 28.825 23.261 1.01602
24.620 29.541 23.808 1.07891
7.233 30.626 23.902 1.47086
7.173 30.177 24.217 2.01857
0.000 30.531 24.245 1.68436
0.000 30.462 24.233 2.13386
0.000 30.024 24.490 2.67650
0.722 29.711 24.110 2.67379
30.220 30.555 24.120 1.46295
14.115 28.770 23.736 1.36127
21.130 29.143 23.673 1.93231
14.202 27.817 23.656 1.66048
2.455 28.070 23.053 1.91931
13.480 31.074 24.048 1.56528
0.000 30.657 24.687 1.43053
1.853 30.901 24.466 2.02295
4.900 27.842 24.153 2.07607
0.000 30.762 24.080 1.83777
7.195 30.183 24.141 1.62847
61.312 30.289 23.566 2.07652
11.832 29.808 24.050 1.67289
0.697 30.024 24.277 1.28264
0.190 30.647 24.977 0.62371
0.000 32.029 24.714 1.01532
0.000 29.940 24.189 0.94292
31.493 32.092 25.214 0.65117
0.315 31.125 24.826 1.11908
1.322 32.094 25.644 0.95761
15.897 31.940 24.617 0.77253
34.380 27.338 24.247 3.45341
11.022 29.782 24.441 1.88527
0.708 29.929 23.691 1.73902
0.000 30.252 24.211 1.68945
24.508 31.669 24.941 0.99207
10.305 31.264 24.828 0.99433
0.000 31.926 24.337 1.01531
7.180 29.585 23.052 1.66474
21.772 30.150 23.673 1.31644
0.495 31.032 24.408 1.16759
6.388 27.812 23.676 1.25767
0.000 30.022 24.191 1.49847
1.855 30.400 24.715 1.06461
0.602 29.127 24.392 0.78944
0.000 29.332 24.560 0.94100
1.795 29.255 23.389 1.31236
30.040 29.503 24.423 1.17504
6.595 29.005 24.156 2.49159
9.082 28.573 22.655 2.29552
48.770 26.904 22.804 2.50539
1.982 29.041 23.766 0.64506
0.000 30.720 23.902 0.81530
10.092 29.338 24.130 1.65222
0.000 29.171 23.955 2.16838
1.395 30.353 23.876 1.99549
1.462 30.734 24.274 1.52171
4.770 28.825 23.760 1.83899
13.860 30.016 23.710 1.65466
0.000 31.335 23.424 2.23859
0.000 30.431 22.557 2.06799
0.010 30.545 22.455 1.72692
7.825 28.787 19.111 2.58188
3.088 24.716 19.623 2.13614
0.000 25.750 20.424 2.02839
0.000 30.254 21.439 2.30842
0.000 30.063 21.903 1.54200
0.000 30.376 21.454 2.01583
0.000 30.690 21.014 2.40410
0.000 30.063 21.158 3.00693
0.000 27.958 20.588 2.75384
0.000 29.988 20.812 2.52476
0.000 29.526 20.056 2.67119
0.000 29.516 19.548 2.74674
0.000 29.312 19.346 2.97486
0.000 29.212 18.573 3.47246
0.000 27.713 18.077 4.07629
0.743 27.070 18.676 3.43100
2.445 26.396 19.303 2.78638
0.055 28.415 17.367 3.05856
0.527 27.278 17.684 3.68616
1.722 27.025 18.470 5.92746
2.708 24.772 18.326 4.49920
0.702 28.327 18.618 3.26319
0.048 27.829 19.170 3.22150
0.000 28.181 19.848 3.20817
0.000 29.882 21.079 2.60081
0.000 30.307 21.792 3.07291
0.000 30.551 20.925 2.53496
0.000 30.278 21.539 1.65306
0.000 30.342 21.059 1.79465
0.000 31.013 22.435 2.04809
0.000 28.260 23.092 1.46690
0.000 30.668 23.509 1.02854
0.000 31.752 24.054 0.69956
0.760 32.235 23.058 2.22248
0.275 30.515 20.610 3.48700
0.073 28.803 19.286 4.20638
0.000 29.407 18.986 3.46965
0.000 29.897 18.234 3.97135
0.000 27.654 16.324 4.62068
0.000 25.234 14.850 4.20715
0.000 26.257 15.284 3.78342
0.000 26.890 16.197 3.68342
0.022 29.582 16.755 3.05078
0.000 29.669 20.443 3.08154
0.000 31.217 21.352 3.27776
0.002 31.001 20.278 3.31678
0.015 30.584 18.527 3.90692
0.000 30.459 18.207 3.85585
0.000 31.302 18.741 3.62342
0.000 30.744 18.957 4.47602
0.000 28.509 16.435 4.25712
0.000 30.173 16.918 2.34807
0.000 32.521 20.101 2.69526
0.013 30.647 16.876 4.72983
0.000 28.650 17.342 3.36727
0.000 31.192 18.427 2.68586
0.000 31.368 19.113 2.79437
0.000 31.955 19.584 1.60869
0.000 33.313 20.696 1.45876
0.000 32.857 20.345 2.18008
0.000 32.189 18.791 3.77391
0.000 29.467 15.233 5.99186
0.000 25.333 10.906 4.97821
0.000 23.867 9.065 4.45363
0.000 23.288 8.345 4.60655
0.000 23.305 9.218 4.58157
0.000 26.160 10.372 4.05915
0.000 29.514 14.070 3.02792
0.000 32.921 17.339 3.18457
0.700 31.172 14.536 5.17358
1.145 27.839 14.942 4.28556
2.585 24.639 16.608 4.05840
0.000 30.486 16.972 4.31956
0.000 30.914 17.338 3.60450
0.008 33.162 17.991 3.84315
0.000 32.536 18.052 4.92116
0.000 30.443 16.240 4.93097
0.000 30.967 16.620 3.43478
0.000 32.096 17.690 3.57084
0.000 33.182 19.565 3.40132
0.000 34.589 20.280 2.48226
0.000 34.850 21.111 2.50301
1.952 33.373 22.148 1.20473
0.000 32.279 23.393 1.36354
0.000 35.260 18.617 2.78926
0.000 29.899 15.286 5.67831
0.000 23.516 13.492 5.58872
0.000 22.426 13.707 5.51466
0.000 23.577 13.350 4.99488
0.000 27.804 13.852 4.30631
0.002 30.360 14.515 3.79438
0.215 31.351 16.696 2.45603
0.000 32.542 18.074 2.49201
0.000 33.405 18.289 2.83287
0.082 33.859 18.067 3.13193
0.000 33.934 18.718 3.36724
0.000 34.331 19.967 2.54030
0.000 35.940 21.375 2.79048
0.000 35.114 20.698 3.20467
0.000 35.062 19.568 3.05012
0.000 35.084 20.175 2.45211
0.032 36.509 21.561 2.11809
0.010 36.487 22.696 3.19376
0.000 34.770 23.370 1.48284
0.000 37.311 24.002 1.76584
0.000 30.241 16.378 4.89829
0.000 28.444 16.787 3.28655
0.000 27.889 13.654 5.60116
0.000 24.939 14.401 3.61004
0.000 30.256 13.183 5.69282
0.000 27.762 11.929 5.13943
0.000 28.949 12.589 4.95789
0.000 28.087 10.525 5.29412
0.000 27.006 11.213 3.46268
0.000 30.115 12.750 3.02079
0.000 30.625 13.962 2.21510
0.000 33.709 15.540 1.11462
0.000 35.145 18.701 2.03365
0.193 34.337 16.187 4.88852
0.000 31.960 14.441 5.22321
0.000 31.430 15.221 3.22039
0.000 35.082 17.276 1.53595
0.000 37.665 20.828 1.16193
0.000 38.653 22.560 2.27897
0.000 38.320 23.406 2.70325
0.000 37.108 23.118 2.60596
0.065 36.474 23.880 1.46936
1.603 36.628 25.508 1.37117
0.898 35.670 24.200 1.68397
0.000 34.825 20.673 3.15816
0.280 33.811 20.880 3.14540
0.000 33.188 21.439 1.91552
0.000 35.291 21.298 3.71565
0.090 35.801 21.925 3.29760
0.000 34.522 22.702 1.60288
0.000 36.095 23.723 1.55599
1.335 37.173 24.779 1.09505
0.000 37.672 26.402 1.64958
0.000 38.243 26.644 2.41186
0.000 38.477 24.708 2.17736
0.607 41.002 25.722 1.37888
0.000 33.856 25.094 2.06315
19.412 36.890 25.435 1.74866
0.000 31.896 17.148 5.07829
0.000 31.188 15.663 5.28393
0.000 32.510 16.599 3.58996
0.000 34.587 18.729 3.11712
0.000 35.833 20.369 2.58014
0.000 36.401 21.711 1.22431
3.068 34.605 22.624 1.36032
0.000 34.826 22.845 1.22499
0.000 35.333 23.585 2.08129
0.000 35.553 24.360 2.24471
0.277 34.761 24.935 2.06251
0.000 36.795 25.389 1.31377
1.797 37.503 19.346 3.14397
0.043 27.830 18.105 3.89528
0.000 32.911 18.444 3.71600
0.000 33.393 19.378 3.14639
0.000 35.383 20.993 2.05649
0.000 36.246 21.503 2.35245
0.000 35.441 20.757 3.25475
0.000 35.444 21.696 2.93282
0.015 35.434 22.811 0.97125
34.335 34.858 24.387 1.74936
1.338 34.356 22.864 2.17066
0.730 33.132 22.634 2.30961
0.000 34.921 20.989 2.02522
0.048 36.176 21.670 2.19021
0.000 36.298 22.881 1.41256
0.000 34.928 24.579 1.43277
0.090 33.278 25.354 1.11237
1.227 33.437 18.455 3.90448
0.933 27.960 16.799 5.59426
0.000 30.878 17.875 3.10283
0.000 34.808 19.507 1.79112
0.000 37.740 22.317 0.92641
0.000 39.784 25.294 1.25617
0.000 40.609 26.576 2.09750
6.813 40.825 27.620 1.80141
0.170 40.994 29.298 1.70418
26.382 36.322 22.688 2.63179
0.000 34.751 23.123 2.74728
12.355 32.385 20.949 2.22444
0.000 36.090 22.292 1.52272
0.000 37.969 24.271 0.80598
0.000 37.314 26.400 1.58517
0.000 37.346 26.144 1.63162
0.000 39.039 26.837 2.19987
0.000 41.083 27.917 2.21472
0.000 41.305 28.931 2.37769
14.345 33.606 25.284 2.03863
13.862 31.974 24.899 1.08717
6.070 35.544 24.809 1.64306
4.797 32.215 23.981 1.64793
3.248 32.482 24.118 0.85137
0.775 32.986 24.769 0.90965
0.027 33.864 25.135 1.04159
0.203 32.835 25.103 1.13721
0.740 35.054 25.082 0.97711
4.670 35.673 25.670 1.45316
2.703 32.004 25.396 1.28984
1.425 33.515 25.660 1.87015
0.000 33.543 25.874 2.42125
0.000 31.907 26.017 1.61298
0.000 33.988 26.293 1.25804
14.810 32.809 24.965 1.00678
1.255 31.735 24.484 0.82840
0.000 33.573 24.971 0.97059
27.677 34.036 25.286 0.87789
13.320 33.859 25.513 0.69153
0.000 33.844 25.120 1.19792
0.047 35.238 25.140 1.58196
11.195 32.677 25.072 1.28230
12.462 31.473 25.135 0.83183
0.012 32.183 25.086 1.16294
4.430 34.938 25.217 0.71781
0.110 34.282 24.914 0.76443
14.148 32.269 24.456 0.73041
1.363 31.713 24.573 0.91380
1.895 31.803 24.681 2.07216
28.595 29.086 23.779 1.73605
31.010 27.996 24.045 1.44893
3.398 29.427 23.658 1.12387
1.535 31.399 24.532 0.92059
14.987 29.940 24.559 1.26222
0.107 32.271 24.806 0.98517
1.483 30.517 25.047 0.69772
2.070 32.091 24.941 0.74927
27.800 31.390 25.097 1.01054
25.938 32.002 24.838 1.80573
8.537 29.484 24.706 2.13229
32.353 29.915 24.023 2.00082
6.095 29.877 24.596 2.37019
0.758 31.001 24.841 3.22709
0.215 30.554 23.948 3.66754
0.058 29.737 24.085 3.30939
0.705 31.013 24.230 3.51522
3.815 32.021 24.583 3.48987
4.525 31.146 23.777 3.94143
0.010 32.620 24.121 3.57493
0.995 29.588 24.157 3.05437
1.227 29.699 23.908 3.73855
10.433 30.801 24.439 3.93737
0.000 30.724 24.344 2.92711
0.445 31.265 24.420 3.32806
3.283 31.659 24.267 3.47980
0.000 30.633 24.662 2.78311
0.087 30.629 24.299 2.90303
0.047 28.724 23.784 2.59127
2.525 31.141 24.558 2.43309
3.035 27.626 23.710 2.56188
35.552 31.413 24.108 2.53376
4.177 27.927 23.289 1.34222
0.910 29.053 23.253 1.19669
8.530 29.709 23.160 1.12765
0.000 30.988 24.073 2.03786
2.817 31.421 24.293 2.75845
16.143 30.797 24.552 2.68853
0.000 30.697 24.056 3.30052
0.000 31.205 24.046 3.34713
0.000 31.183 24.194 3.30904
0.000 32.010 24.465 3.49000
0.000 28.545 24.788 2.29539
7.345 28.767 22.916 3.56083
26.578 26.495 23.106 3.18058
1.408 31.071 24.067 2.35258
2.885 28.413 23.680 2.54932
7.358 28.132 23.460 3.69183
25.000 27.497 23.820 2.89316
4.228 28.656 24.216 3.24203
1.568 28.119 24.062 3.34751
14.060 28.953 22.979 3.81337
34.465 26.806 22.077 4.43387
24.792 26.743 22.444 4.50994
21.760 27.585 23.514 4.11016
2.813 29.356 23.989 3.81845
1.085 29.273 24.604 3.20567
3.478 28.635 24.865 3.56641
1.920 29.622 24.426 3.91924
0.268 30.208 24.620 3.73773
1.543 30.694 23.400 3.70551
13.872 28.781 23.700 2.88465
8.520 30.680 23.125 2.97919
38.637 28.854 22.788 2.69437
17.440 30.098 23.800 2.91668
16.018 28.038 23.995 2.86717
19.378 29.647 24.376 2.79734
0.650 29.243 22.515 3.03755
0.148 30.621 23.412 2.71424
1.018 30.503 23.166 3.31109
0.000 28.680 22.301 3.06330
0.000 28.789 23.218 2.62578
2.105 29.863 23.672 2.17203
42.985 28.307 23.889 1.72423
0.160 30.038 23.349 2.05881
6.283 28.580 23.143 2.04538
17.075 26.793 22.462 2.55133
3.065 29.406 23.213 2.83486
0.152 28.675 23.175 3.44220
0.680 28.298 23.490 3.35285
6.068 27.075 23.586 3.26717
12.295 28.550 23.795 3.48016
1.290 28.574 23.462 3.37613
1.935 30.670 23.370 4.09777
0.520 29.059 23.729 3.46420
9.220 30.668 24.255 3.16230
2.735 30.456 24.464 2.65727
0.285 30.754 24.138 2.68145
12.892 29.714 24.607 2.48374
2.425 28.250 24.352 2.67660
26.488 28.504 24.060 2.99168
1.143 29.387 24.121 2.75743
27.800 28.821 23.405 2.90695
14.773 28.453 23.348 3.35207
1.345 29.502 23.182 3.21252
1.235 27.749 23.209 2.96129
0.715 28.867 21.628 3.59841
0.510 29.863 22.146 3.30543
0.000 30.281 23.785 2.86268
0.000 30.426 23.838 2.41470
20.905 29.509 23.886 1.67009
36.875 27.392 23.454 1.84273
12.180 29.858 23.264 2.16213
0.215 30.383 22.482 2.25212
0.000 31.350 23.578 1.91557
24.185 30.933 24.352 1.01265
0.298 28.660 23.721 1.35233
2.955 27.414 22.382 0.91397
0.000 30.634 23.726 0.63690
3.390 31.345 24.513 0.78109
45.400 27.225 23.878 1.75544
7.805 30.442 23.502 1.59620
4.563 29.434 23.919 1.43309
0.000 30.604 23.766 1.67403
0.000 32.458 24.596 1.53912
4.830 27.735 23.824 2.20738
1.395 29.387 23.982 1.57462
23.147 28.925 23.877 0.90481
1.762 30.077 22.100 1.08405
0.065 32.087 23.471 1.63909
9.280 31.089 24.003 1.40899
1.928 30.340 24.058 0.81915
8.955 30.724 22.799 1.22010
0.000 30.094 22.752 1.52550
0.000 32.797 23.709 1.23877
0.028 33.307 24.836 1.10949
4.015 32.558 24.179 1.27276
0.000 31.278 22.833 2.49086
0.000 31.558 23.334 2.12129
0.000 30.929 22.406 2.28003
0.000 30.533 21.844 2.59296
0.000 30.779 21.611 2.86233
0.000 30.234 20.798 3.00152
0.000 30.365 21.044 2.31493
0.000 30.974 20.642 1.87538
0.000 31.506 21.336 1.85533
0.000 31.749 21.674 1.57283
0.000 32.314 21.956 1.83177
0.000 31.881 21.784 2.84088
0.000 30.718 21.820 3.39900
0.000 30.685 22.520 2.77254
0.000 30.935 22.944 2.00524
0.000 31.842 23.703 1.49725
0.000 32.287 24.245 1.14377
0.000 30.775 23.836 1.03431
3.237 30.915 24.427 1.08530
30.360 31.609 24.282 0.84983
2.205 28.712 24.051 1.67273
5.025 30.094 23.845 1.73347
0.000 28.778 23.699 1.21540
0.000 29.980 23.605 0.71475
0.053 31.109 22.416 1.61100
0.000 31.088 23.524 0.84277
0.000 30.768 23.132 0.91515
0.000 31.743 21.734 2.51695
0.000 31.202 22.219 2.98842
0.000 31.134 21.731 3.08940
0.000 29.981 20.142 2.84992
0.000 29.557 17.548 3.27210
0.000 28.769 15.707 2.94573
0.000 28.475 14.927 2.75665
0.000 28.986 16.431 2.22552
0.000 30.325 18.107 1.76226
0.000 31.300 19.774 1.81158
0.000 31.685 20.453 2.85158
0.000 32.218 21.331 3.06648
1.220 32.667 22.387 3.31234
3.108 31.064 22.437 2.92139
0.293 30.474 22.200 2.31701
2.000 31.472 21.773 2.30736
0.000 32.828 21.364 1.95092
0.000 33.121 22.460 1.69774
0.000 32.816 22.505 1.86034
0.135 31.650 22.940 1.34631
0.000 34.062 23.251 1.32010
0.000 33.818 23.161 1.18533
0.000 33.596 24.039 1.34684
0.070 33.210 23.515 1.47675
0.000 33.057 23.492 1.91615
0.000 35.447 21.465 1.67184
0.000 35.424 22.078 2.09305
0.000 32.567 19.514 4.60327
0.000 31.728 18.893 3.63107
0.000 32.727 19.516 3.21861
0.000 32.450 20.126 3.58360
3.368 29.585 20.188 3.49469
0.085 26.570 20.030 2.93640
0.000 29.885 19.869 2.97166
0.000 32.332 20.645 3.38394
0.000 33.738 21.708 2.59438
0.000 34.425 21.889 2.16864
0.000 35.678 22.048 2.24756
0.000 36.321 22.597 2.52390
0.000 35.980 22.562 2.78355
0.000 35.541 21.790 2.38726
0.000 36.360 22.371 2.50316
5.055 34.407 23.646 2.46672
1.267 29.634 19.363 3.18208
0.023 28.060 18.526 3.44159
0.000 32.944 18.825 3.53273
0.205 33.200 18.252 4.53763
0.000 24.016 15.743 5.04508
0.000 29.009 16.024 4.59769
0.000 32.075 16.612 4.36488
0.000 32.788 18.714 4.16490
0.000 32.921 16.986 4.58534
0.000 31.235 16.348 4.22483
0.000 31.588 16.755 2.99636
0.000 33.950 18.746 1.62541
0.000 35.325 20.356 1.50162
0.000 36.379 21.951 1.89389
0.000 36.231 21.597 2.71416
0.000 34.962 20.822 3.79689
0.000 33.863 19.659 3.12922
0.000 33.223 19.514 2.04928
0.000 34.808 20.766 2.17350
0.000 34.750 21.633 2.92412
0.005 33.511 21.264 4.06587
0.238 29.228 17.983 5.31014
0.000 30.586 14.360 5.39353
0.000 28.165 13.508 5.13085
0.000 29.849 14.198 4.86963
0.000 29.517 14.808 4.96764
0.027 30.556 16.841 4.16303
0.168 29.997 18.139 3.39390
0.028 33.166 20.021 3.33188
0.000 34.588 21.097 3.21572
0.000 35.468 20.670 2.93971
0.000 35.732 21.190 3.02570
0.137 34.755 21.765 2.76444
0.000 34.717 22.123 2.56757
0.000 35.003 21.771 2.74139
0.000 35.914 21.208 3.26760
0.000 35.297 19.634 3.17802
0.000 34.381 19.691 2.85288
0.000 33.965 20.321 3.29972
0.000 33.990 17.555 4.55143
0.000 31.736 17.517 5.13108
0.000 31.293 17.834 3.69408
0.000 33.618 19.799 2.57865
0.000 35.326 20.262 3.36934
0.000 34.464 16.652 5.04070
0.000 32.312 15.607 4.38223
0.000 32.403 16.135 3.23792
0.000 33.292 17.232 2.71011
0.000 34.393 16.438 3.52671
0.000 32.266 16.481 4.50643
0.000 31.875 16.340 3.40445
0.000 32.351 17.195 2.65811
0.000 33.960 18.723 2.06417
0.000 35.523 20.168 2.07226
0.000 35.776 18.865 3.41059
0.000 33.868 19.163 3.37733
0.000 35.118 19.866 1.77296
0.000 37.743 21.964 1.69043
0.000 38.457 22.334 1.78421
0.000 38.629 23.292 1.41271
0.000 37.866 25.597 1.45722
0.000 39.087 23.096 1.30043
0.000 39.512 22.681 1.37942
0.000 39.816 24.141 1.20786
0.000 38.284 25.926 2.39421
0.000 37.694 22.356 3.58193
0.000 37.003 21.788 2.76142
0.000 37.276 21.824 2.47826
0.000 36.854 21.794 2.46722
0.000 37.200 22.731 2.17066
0.000 37.224 24.296 1.64537
0.792 34.925 23.258 1.51344
0.000 34.347 23.149 1.66675
0.000 36.050 24.226 1.02296
0.000 37.062 25.031 1.18015
0.000 38.068 26.035 0.93533
0.000 38.373 26.526 1.35740
0.000 38.265 26.662 1.57516
0.000 38.173 25.226 1.53928
0.000 37.770 24.015 2.76086
0.000 36.736 24.684 2.40417
0.000 37.374 24.295 2.00752
0.000 37.727 25.358 2.08758
0.000 38.211 25.759 1.92352
0.000 38.223 26.803 2.25334
5.175 37.793 26.739 1.44524
9.578 36.850 26.017 2.43035
0.000 38.630 24.254 2.47105
0.000 39.362 25.505 2.01150
0.000 39.709 25.697 1.45162
0.000 39.693 25.081 1.95336
0.000 39.601 23.688 2.92273
0.000 39.506 23.494 2.76795
0.000 40.136 22.242 2.02643
0.000 39.665 22.498 1.31170
0.000 40.233 23.500 1.59119
0.000 40.395 25.443 1.09312
0.000 38.647 24.582 3.58529
0.000 36.987 24.639 1.82882
0.000 39.812 25.450 2.66862
0.000 39.817 26.586 2.28298
0.000 39.273 28.091 2.17498
0.000 39.606 27.950 1.35384
0.000 40.899 28.649 2.29267
0.000 41.167 29.496 1.93240
0.000 41.710 26.062 3.20382
0.112 33.456 25.077 3.08940
0.000 35.364 25.546 2.24019
0.000 38.249 26.440 2.06838
0.855 39.254 26.095 2.71775
6.990 34.107 26.296 1.30200
0.335 30.143 24.070 1.89736
3.165 37.538 25.716 1.46843
0.000 31.376 24.273 2.03022
10.652 33.485 25.392 1.35390
1.405 34.036 25.071 1.26597
12.780 35.312 24.713 1.35553
0.000 35.022 24.665 1.28805
5.298 35.968 25.322 1.37851
0.000 35.907 25.852 0.95368
2.792 37.042 25.877 1.77499
0.170 35.284 25.251 1.70359
0.265 38.971 26.825 2.06389
0.025 37.587 26.143 2.22502
0.000 39.635 26.884 2.12489
0.000 38.090 27.283 1.79255
0.000 38.602 27.850 2.39878
1.545 34.444 25.508 2.73339
2.400 33.265 26.148 1.01716
1.725 33.530 25.721 1.37078
3.940 36.382 26.154 1.33724
2.722 35.474 25.854 2.69779
0.000 37.502 25.971 3.25061
0.000 41.472 26.720 2.66825
3.447 40.579 28.458 2.61149
20.780 35.215 26.260 1.38449
0.000 36.477 26.918 0.73342
0.000 40.209 26.511 0.95681
0.697 39.627 26.965 1.85469
13.338 37.682 26.376 1.43354
2.657 36.861 26.718 2.02695
0.035 37.183 26.283 1.79137
0.000 38.806 26.593 1.27650
0.000 39.338 26.862 2.43005
0.000 39.625 26.910 1.91419
9.330 40.350 27.158 2.89485
0.000 37.959 26.917 1.47847
17.312 37.407 26.790 1.34511
3.943 33.698 26.201 2.23379
26.945 32.017 26.431 1.94146
1.650 34.229 25.979 1.75534
65.685 34.846 25.953 2.27371
4.910 30.911 24.325 2.01593
16.280 31.219 25.409 1.02579
0.655 31.652 25.302 0.93725
0.000 32.635 25.249 1.29772
0.005 30.973 24.952 1.36525
3.228 33.936 24.351 2.47720
0.000 34.533 25.320 1.94603
0.000 34.239 24.795 2.78848
0.000 35.574 25.273 2.90914
0.000 36.626 24.856 2.76688
0.000 37.629 26.613 2.27535
0.000 36.895 26.734 2.25924
0.340 34.717 25.230 2.03207
14.797 32.972 25.138 1.20627
12.437 32.270 24.785 1.92179
0.335 32.170 25.179 1.05987
0.033 33.409 25.175 2.26751
3.728 31.595 25.319 2.16935
0.048 32.599 24.492 2.17221
5.682 33.090 24.969 2.14614
14.015 33.345 24.190 1.67224
8.268 33.156 23.915 2.48462
5.150 33.249 24.371 2.52520
8.337 34.831 24.469 1.74480
3.545 34.636 24.362 1.45815
0.002 35.211 25.661 1.35175
1.443 33.198 24.879 1.47070
2.460 32.763 25.110 0.93873
0.147 32.844 25.082 1.23383
0.000 31.358 24.794 1.64035
0.000 33.863 24.889 2.22752
0.000 34.124 25.463 2.35651
0.000 34.059 25.607 3.21566
0.310 34.374 25.598 3.24403
0.040 33.041 25.408 3.02532
1.835 33.969 25.343 3.04531
0.933 32.894 25.780 2.70409
48.108 32.518 25.551 2.74654
2.167 32.149 25.262 2.66223
0.078 31.865 24.808 2.59828
0.000 30.482 24.572 2.48600
0.000 32.851 25.289 2.45617
0.000 35.120 25.503 2.15646
0.000 35.538 25.277 2.04623
0.000 36.787 26.333 2.32627
0.058 32.987 25.527 2.31034
0.178 32.708 25.255 2.14716
0.177 32.131 25.282 2.43176
3.888 33.097 25.349 3.13611
0.317 31.851 24.623 3.65348
0.267 33.963 24.722 3.98951
0.000 35.024 25.035 3.89250
0.000 33.634 24.838 3.50258
7.380 31.360 23.602 3.63613
10.118 30.935 23.679 3.91424
10.905 26.688 22.748 4.60895
0.000 30.389 23.614 4.00777
0.000 32.766 24.109 3.45397
0.000 34.358 24.550 3.75033
0.082 32.137 23.074 3.80965
1.300 33.377 24.424 3.44433
0.407 34.957 23.207 3.53355
2.150 33.857 23.807 3.06335
0.050 32.762 24.680 2.46223
0.143 33.392 25.013 2.77348
0.088 31.101 25.028 3.14294
3.558 34.043 23.808 2.77190
4.985 33.666 24.565 2.58733
0.000 34.196 25.269 2.06865
0.168 33.170 24.871 2.73351
0.035 33.055 25.464 1.95147
0.000 31.725 25.210 2.42461
0.088 33.224 25.243 2.53590
29.815 32.627 24.810 2.22581
5.627 31.649 24.718 1.83078
8.455 32.301 24.563 2.78028
19.192 32.737 24.370 2.69887
18.130 30.604 23.592 2.59623
0.150 31.600 23.588 2.27342
0.260 31.980 23.657 2.53577
0.000 29.795 23.728 2.70477
37.245 33.233 24.163 2.64883
10.445 29.893 22.546 2.98748
7.680 28.316 22.565 4.00823
0.290 27.509 22.341 4.31609
3.165 30.047 22.290 3.68938
1.657 30.153 22.275 4.22027
0.055 28.635 23.239 3.07165
0.310 32.754 23.952 2.91142
5.280 31.835 24.370 2.70534
0.147 33.057 24.572 3.10739
0.045 33.801 24.824 3.06161
19.405 30.884 24.268 2.69706
0.970 31.206 24.036 3.12607
5.935 31.418 24.065 2.67037
0.135 31.548 24.630 2.77662
11.680 29.786 24.680 2.23484
20.550 28.864 24.497 2.37140
6.535 32.058 24.770 2.49574
10.980 32.181 24.981 3.29947
0.115 30.004 24.481 2.88895
0.028 31.057 24.202 2.59432
1.997 31.612 24.854 2.38332
19.455 29.153 24.380 2.40863
11.932 31.895 24.174 2.79567
23.405 30.756 24.502 2.52867
20.678 30.217 24.666 2.47033
51.875 29.419 24.074 2.21368
61.042 30.098 24.069 3.16600
2.710 29.705 24.062 2.70608
0.015 29.358 24.411 1.90728
1.310 31.157 24.210 1.20289
114.015 28.296 24.006 3.83146
66.960 26.565 23.505 6.89173
10.545 29.877 23.875 3.08990
62.703 28.874 24.613 1.95164
36.957 26.284 23.813 3.61698
90.305 26.456 23.805 3.73318
42.425 27.183 23.718 3.32951
8.467 28.454 23.617 2.28319
1.572 27.663 24.160 2.14377
1.322 29.020 24.324 2.46864
1.598 29.235 23.922 2.73898
12.583 28.933 24.249 2.97532
28.445 26.687 23.580 2.63388
8.735 28.176 22.632 1.91509
29.965 29.851 23.715 1.78059
11.897 31.317 23.830 1.05205
0.308 30.877 23.370 1.53309
1.922 32.176 23.687 1.01911
0.093 32.178 23.005 1.22353
0.060 32.547 23.415 1.62851
0.720 30.971 23.621 2.24859
19.120 30.666 24.282 1.64525
14.397 27.206 23.591 1.39793
0.642 29.900 22.691 2.60741
1.040 29.138 21.946 3.13576
0.347 28.904 21.316 3.39893
0.373 28.982 20.498 2.64713
0.000 30.673 21.527 2.54827
0.000 30.913 21.196 2.87581
0.122 30.802 21.138 2.33073
0.505 30.969 21.723 2.08605
0.000 32.147 20.990 1.56984
0.000 32.712 21.552 1.07233
0.000 34.042 23.036 0.75399
0.000 32.506 22.960 1.05475
0.003 32.063 23.574 1.15607
5.997 29.135 23.677 0.78495
10.690 29.088 22.463 0.74805
0.000 30.558 22.030 1.30601
0.000 31.058 22.879 1.31689
1.322 30.444 23.279 1.39413
0.000 29.466 23.497 0.88971
0.000 31.256 23.794 0.80048
0.000 31.698 23.267 0.84208
0.000 31.810 22.757 1.34513
0.000 31.657 21.398 2.36478
0.000 31.247 22.337 2.94110
0.650 31.032 22.742 3.13078
0.000 31.048 22.706 3.18610
0.000 30.726 20.834 3.00504
0.000 31.033 20.775 3.05149
0.000 30.783 20.997 2.82911
0.000 30.889 21.188 2.39962
0.000 31.394 21.054 1.57719
0.000 32.551 23.051 0.92730
0.000 33.822 23.081 0.98138
0.000 32.475 24.177 1.63569
0.000 32.244 22.796 2.35460
0.000 32.402 22.966 2.75866
0.000 32.802 22.713 2.46958
0.075 32.631 21.844 2.98057
0.000 28.652 18.502 3.03661
0.030 27.717 18.842 3.20005
17.960 26.199 19.361 4.25963
0.000 30.467 20.512 2.72375
0.000 31.194 22.518 1.71361
0.000 31.785 20.821 2.90599
0.000 31.629 19.957 3.08145
0.000 31.614 19.880 2.68045
0.000 32.276 20.750 1.96846
0.015 30.387 20.486 3.01741
0.140 30.553 17.720 3.37785
0.540 29.833 16.791 2.84570
2.170 30.509 17.296 3.03168
0.852 29.635 17.904 2.74873
0.052 32.349 20.989 2.67208
0.000 30.871 21.336 3.75629
0.000 32.028 18.921 4.30627
0.000 31.952 19.381 2.56067
0.000 34.127 21.549 0.90856
0.000 34.772 21.751 1.09999
0.000 35.018 20.931 2.84051
0.000 32.602 18.828 4.25179
0.000 31.824 19.434 4.18543
0.000 32.089 18.692 3.83534
0.000 32.406 18.673 2.71825
0.000 33.226 18.100 2.18603
0.000 34.013 19.290 2.84897
0.000 33.084 19.341 3.81940
0.000 32.854 20.021 3.75264
0.000 34.804 22.148 4.47098
0.000 33.786 19.601 5.23642
0.000 32.813 19.910 4.10400
0.000 34.565 20.483 3.42822
0.000 33.947 20.759 3.97658
0.000 28.485 15.938 5.45377
0.000 27.919 13.539 4.57223
0.000 27.693 12.378 4.52680
0.000 27.455 12.218 4.41952
0.000 26.195 10.501 4.60951
0.000 26.676 11.010 4.51730
0.000 27.227 11.585 4.04637
0.000 27.813 12.428 3.46515
0.000 29.048 13.251 2.84858
0.000 30.151 13.984 2.87176
0.000 31.557 16.321 3.17545
0.000 32.122 17.311 3.26927
0.000 33.492 17.968 2.69125
0.000 34.228 19.601 2.54460
0.000 35.313 20.396 2.33880
0.000 34.994 21.209 2.22714
0.000 35.351 22.357 2.34203
0.000 34.886 22.307 2.86488
0.000 33.767 21.064 2.96077
0.000 34.988 20.672 2.36637
0.000 35.674 20.260 2.30042
0.000 35.945 20.715 1.72249
0.000 36.129 20.679 2.42014
0.000 36.164 19.942 1.42351
0.000 36.706 20.310 3.28741
0.000 32.729 16.882 4.97874
0.000 32.687 17.276 3.21485
0.000 33.813 18.543 2.96336
0.000 34.416 19.510 3.57760
0.000 34.364 20.172 4.99579
0.000 34.390 20.101 4.50374
0.000 34.407 20.378 3.81774
0.000 34.576 20.602 3.13837
0.000 34.563 19.299 3.48044
0.000 34.286 18.777 2.93221
0.000 35.085 19.410 1.93286
0.000 35.827 20.351 2.68855
0.000 36.026 21.214 2.97166
0.000 36.120 20.425 2.79689
0.000 36.194 20.081 2.73824
0.000 35.145 20.783 2.86512
0.000 35.447 19.807 3.85553
0.000 35.309 20.057 2.48982
0.000 35.607 20.139 2.50386
0.000 35.312 19.795 1.74361
0.000 36.428 20.934 2.41251
0.000 35.798 19.296 3.72568
0.000 35.388 19.510 2.91997
0.000 35.055 19.956 3.54642
0.000 34.999 19.387 2.92168
0.000 35.650 19.865 1.97979
0.000 37.450 21.406 1.83550
0.000 37.950 22.885 1.74700
1.897 37.809 23.802 2.65900
3.310 37.032 23.523 2.65137
0.000 30.383 17.740 3.91491
0.000 32.132 17.733 2.98181
0.018 33.170 17.642 3.32503
0.000 32.046 14.930 4.59505
0.000 30.645 15.397 4.87661
0.000 31.758 16.816 3.23799
0.000 33.717 17.464 2.40477
0.000 35.036 18.720 2.50632
0.000 35.899 19.608 1.97731
0.000 35.736 21.675 2.82862
0.000 35.223 19.916 2.54859
0.000 35.476 19.870 1.73809
0.000 36.833 19.839 2.78501
0.000 36.105 20.273 4.21833
0.027 35.046 18.960 5.27273
0.000 33.429 19.720 2.98324
0.000 35.906 21.402 1.42504
0.000 37.483 23.754 1.80985
0.000 36.871 25.613 2.69721
0.000 37.747 23.741 3.72115
0.000 39.035 21.257 2.77405
0.000 38.466 17.856 3.51889
0.000 33.291 16.612 5.73860
0.000 31.480 17.128 4.25952
0.000 34.304 17.978 3.50365
0.000 34.769 18.298 4.01524
0.000 34.423 18.246 4.87733
0.000 34.455 18.335 5.07806
0.000 34.745 17.012 3.84965
0.000 35.227 18.011 2.69048
0.000 36.414 18.612 2.72770
0.000 37.071 19.702 2.95104
0.000 35.875 21.364 2.80961
0.000 35.322 21.345 2.61182
0.000 37.539 21.999 1.53825
0.000 38.448 23.221 1.70934
0.000 38.284 26.561 2.17338
0.000 37.584 26.108 2.05632
5.198 36.257 21.853 3.90200
0.000 31.659 21.686 3.48102
0.000 31.241 22.048 1.59918
0.000 35.383 22.679 1.45173
0.000 38.379 22.778 2.24058
0.000 39.398 23.028 2.30215
0.000 39.954 22.005 2.35866
0.000 37.807 22.980 1.39552
0.000 39.774 26.704 1.41868
0.000 40.322 27.445 1.28952
4.418 38.448 23.685 4.05173
0.962 31.379 24.255 2.07414
0.073 36.412 25.443 1.73930
0.000 37.513 25.762 2.26379
0.385 37.848 27.051 1.81676
13.652 35.822 25.761 1.79093
11.775 35.080 25.610 0.92735
0.000 36.501 24.482 1.56641
0.000 37.541 25.486 1.13377
7.288 37.379 25.817 1.15010
0.342 36.871 25.485 1.24007
1.285 36.086 26.051 1.32926
0.000 37.811 26.413 1.22774
0.000 39.677 27.922 1.32315
0.000 39.906 27.715 1.25409
0.000 40.033 27.317 1.59564
0.000 40.821 28.585 2.38595
0.000 41.806 29.340 1.43832
0.000 41.228 29.167 1.86627
1.868 38.626 27.663 2.05025
0.547 38.206 27.460 1.27639
1.500 39.162 26.233 2.37139
0.000 38.730 24.850 2.65966
1.697 36.531 24.015 2.00073
0.015 36.633 22.763 2.34504
0.000 36.304 23.663 2.12399
0.000 34.281 24.518 1.92621
4.032 35.664 25.551 1.90488
0.380 33.233 25.860 1.18614
20.535 32.747 19.563 3.25816
0.030 31.476 20.022 3.13276
0.000 29.572 21.073 1.63156
0.000 36.038 23.769 1.13559
0.025 31.026 23.738 1.93900
26.642 33.002 23.513 2.03513
0.010 32.785 23.795 0.94356
0.000 37.033 24.336 1.57962
0.000 38.649 26.244 1.84276
0.030 38.222 27.012 2.06417
6.393 33.879 26.121 1.87746
0.025 32.867 24.207 1.70449
0.568 30.886 20.829 3.38577
0.000 35.128 21.805 3.35426
0.000 33.936 21.837 3.81429
0.020 30.440 20.956 2.83184
0.000 36.180 22.180 3.19993
0.000 37.182 23.853 2.35101
0.000 37.150 25.096 1.70425
0.000 36.947 26.125 1.21662
0.960 36.272 26.323 1.79596
0.305 34.595 25.653 1.87333
0.003 36.569 26.052 1.22513
0.038 38.240 27.591 1.31837
0.605 36.324 27.375 2.40015
0.290 37.180 27.372 2.39498
0.000 34.946 27.330 1.75493
0.005 36.942 27.111 2.25883
2.035 31.637 27.241 1.49833
18.058 34.056 23.887 1.41978
0.000 39.265 25.749 1.29641
0.000 39.964 26.242 2.30614
0.167 36.061 26.537 1.33838
0.000 37.347 26.183 1.57559
0.000 37.686 26.618 1.89202
9.455 34.785 24.708 2.53893
12.575 33.191 24.841 2.91356
3.797 34.149 25.906 2.43253
0.030 35.164 26.088 2.37536
0.900 37.456 26.722 2.71113
1.063 34.377 27.130 2.12580
18.020 33.260 25.913 2.23524
3.695 34.633 26.082 1.98520
23.200 33.081 25.123 2.18398
0.198 35.579 25.585 2.65893
2.687 33.655 25.283 2.06157
3.948 33.331 24.537 1.80199
2.983 31.376 24.457 1.75077
0.410 34.524 24.671 1.86183
2.953 33.597 24.591 2.01725
18.705 32.703 24.844 1.60519
11.805 30.809 24.016 2.21132
1.355 31.321 24.633 2.17161
0.000 30.260 24.122 2.22585
0.495 30.806 24.443 2.11450
3.580 32.113 24.656 2.93121
0.050 33.007 24.195 2.53984
0.000 33.253 24.650 2.64457
0.000 33.381 25.736 2.19866
0.125 31.960 24.569 2.50720
0.020 32.344 25.101 1.99503
9.538 32.634 25.419 2.00085
23.260 33.917 25.301 2.52695
10.053 30.770 24.505 2.23763
1.153 31.028 24.654 2.58326
0.580 29.542 24.187 2.99939
8.600 28.442 23.694 2.88432
1.460 28.732 23.054 2.67742
0.000 31.992 24.509 2.26019
0.000 33.014 25.033 2.06293
0.000 32.506 24.590 1.80122
0.000 33.643 24.856 2.21506
0.000 32.489 25.162 1.82140
0.000 33.041 25.952 1.98356
0.362 30.219 24.039 2.12399
6.710 31.501 24.581 2.05943
0.000 32.070 24.822 1.46975
0.278 30.045 24.205 1.74819
5.280 31.383 24.480 2.68107
29.760 30.631 23.956 3.18586
61.098 30.814 23.699 4.10916
27.652 29.212 24.096 2.63773
1.092 29.952 23.889 2.83379
0.065 29.450 23.713 2.77874
0.000 30.724 24.109 1.93868
0.283 32.567 24.810 1.81872
0.000 31.117 24.361 2.02874
0.000 32.605 24.374 2.04654
0.093 31.763 24.523 2.13345
0.000 31.961 24.413 2.16339
1.350 31.820 24.162 1.60007
6.103 31.058 24.407 1.77285
1.185 31.531 24.713 1.65804
2.188 29.298 24.448 0.98514
0.090 31.787 24.656 1.18857
1.620 30.666 23.960 2.26357
2.895 32.204 24.436 1.62306
0.370 31.264 24.705 1.44447
23.140 30.061 24.501 1.31333
7.550 31.026 23.920 1.49490
1.405 30.300 23.616 1.53700
0.028 32.054 24.322 0.98653
0.000 32.024 25.098 0.60037
3.955 31.597 24.342 1.13239
0.000 31.224 23.620 1.25595
0.000 32.085 24.828 1.32759
2.875 30.846 24.685 1.45284
9.673 30.196 23.880 1.29584
2.032 31.161 24.995 1.62971
3.005 31.095 24.645 2.01797
11.512 31.635 24.656 2.43864
89.885 28.542 24.329 4.49651
17.815 28.360 24.078 4.48607
1.475 30.981 24.810 3.81812
3.057 30.179 24.317 3.04223
2.402 29.417 24.823 2.29032
1.163 30.023 24.710 1.47545
9.195 30.523 23.951 1.45730
2.810 30.895 24.134 2.14743
0.345 30.112 24.814 2.34380
6.955 30.088 24.585 2.74901
0.948 28.186 24.589 2.43195
15.318 29.348 23.930 2.42805
1.628 29.167 23.928 2.12495
16.625 28.327 23.348 2.25536
19.930 29.007 23.562 2.38123
1.870 28.736 23.132 1.98158
6.135 30.838 23.377 1.85515
15.783 29.576 23.905 1.53367
1.013 28.467 23.855 1.65805
13.643 27.117 23.580 2.03925
1.535 28.156 23.486 1.40175
34.972 29.619 23.716 1.89029
1.312 29.007 24.109 2.51189
0.123 30.076 23.563 2.01948
0.000 30.690 22.709 2.05783
0.320 31.733 23.704 2.32410
6.158 29.292 24.371 2.58310
0.000 30.902 24.315 1.65619
0.000 31.113 23.721 1.07093
0.000 31.555 24.239 0.91984
0.003 31.913 24.566 0.76878
0.002 29.421 24.216 1.61021
0.770 30.605 24.333 0.68078
0.440 28.750 23.921 1.32062
0.003 29.267 23.827 0.67150
0.247 29.970 23.074 1.56900
0.000 31.270 23.874 2.33655
13.538 27.542 22.952 4.53543
0.035 26.860 23.197 3.98182
0.205 26.860 21.329 3.01778
9.067 26.039 20.806 2.82221
0.000 27.985 20.867 2.73474
1.525 25.338 21.037 3.57644
5.693 26.149 22.086 2.38827
1.480 29.935 22.491 1.47917
0.000 29.988 23.841 2.21597
0.522 29.212 22.513 3.06567
34.762 27.322 21.056 4.35578
72.665 27.384 19.737 2.24783
48.920 27.153 19.511 2.21607
6.375 25.490 20.009 3.54487
0.172 28.204 17.875 3.43071
2.210 27.042 17.945 2.73257
0.000 24.976 17.892 1.98577
0.000 27.048 18.807 2.19453
0.005 25.987 19.532 1.33018
11.425 25.624 20.360 1.31724
19.967 28.871 20.143 2.47553
0.167 25.345 20.840 4.94759
0.108 26.959 21.928 2.72403
48.598 29.462 22.713 2.50466
0.390 29.853 21.899 3.16015
16.958 29.694 20.935 2.88502
0.147 28.693 20.324 2.71611
21.140 28.699 19.159 3.23614
0.065 27.246 19.537 2.61579
0.180 28.863 20.248 2.48233
30.833 26.848 20.222 3.29057
4.802 28.659 19.062 3.44377
5.665 28.078 17.854 3.40679
0.165 27.451 16.776 3.56164
17.937 26.326 17.184 3.69176
22.965 26.141 18.499 4.69133
2.618 26.899 16.345 3.31677
0.542 26.900 17.203 2.94453
3.383 26.927 17.647 2.81631
19.858 27.178 18.238 1.86831
15.630 29.971 20.267 1.24550
1.533 31.417 21.206 1.13541
0.877 30.950 20.885 1.42971
0.295 31.276 21.177 1.37645
0.308 31.458 22.119 1.33036
0.000 32.176 22.684 1.54093
0.000 30.886 21.028 2.26945
0.000 30.005 20.238 3.03392
3.390 29.898 20.918 2.86700
0.000 29.943 20.454 2.98359
1.430 29.411 20.198 3.29138
52.215 28.966 18.528 3.52416
0.142 28.538 18.639 3.85365
0.000 26.536 16.614 3.73612
0.005 27.160 16.960 3.86543
0.000 25.520 17.217 3.27327
0.000 28.018 17.700 3.54355
0.000 27.644 15.094 3.86495
0.000 25.526 13.672 3.96740
2.222 25.420 13.649 3.59004
0.885 26.491 14.214 2.71563
0.032 27.917 15.315 3.38215
0.000 27.037 14.323 3.28468
0.405 27.457 15.052 2.33477
0.578 28.312 17.041 2.47430
0.477 29.506 18.689 2.02996
0.000 30.485 20.900 1.82394
0.000 31.852 21.790 1.48925
0.000 31.961 21.488 2.65713
0.000 29.598 17.859 4.06402
0.000 29.255 16.188 4.23185
0.000 28.177 15.935 3.88629
0.000 28.434 15.030 4.31589
0.000 26.252 13.760 4.54602
0.000 24.428 12.380 4.77443
0.000 24.060 10.840 4.13436
0.000 26.524 11.451 3.40763
0.000 29.071 14.593 2.78792
0.000 29.495 16.939 3.29206
0.000 28.637 17.674 2.92243
0.000 31.799 18.991 1.97025
0.000 33.052 20.393 2.16782
0.000 33.652 19.520 2.07212
0.047 34.245 20.340 2.69933
0.000 28.235 13.366 5.81624
0.958 24.535 10.416 5.16696
0.015 30.944 24.192 0.93907
0.000 30.995 25.344 0.97470
0.075 32.739 24.856 0.75768
0.000 30.834 25.077 0.86502
0.000 29.990 24.896 1.42456
0.000 30.360 24.570 1.88493
0.000 30.003 24.141 1.68508
0.000 31.048 24.532 1.13195
0.000 29.976 24.226 0.76620
0.000 28.807 23.410 1.42920
0.000 31.200 24.573 0.62856
0.000 32.613 24.348 0.67467
0.000 30.062 24.199 1.39331
0.000 31.105 24.245 0.78601
0.000 30.884 24.028 1.50930
0.000 31.825 24.040 1.34989
0.000 32.019 25.166 1.37983
0.000 29.033 23.488 3.50343
0.000 28.702 23.829 3.69080
0.172 28.474 23.310 2.02828
0.000 30.559 24.237 0.82604
0.000 29.991 23.884 0.88783
0.000 30.877 24.385 1.08876
0.312 29.993 23.806 1.68205
0.000 29.680 23.505 1.98585
0.000 30.501 24.239 1.43298
0.000 29.672 24.370 0.96371
0.000 30.199 23.846 2.50511
0.000 29.349 23.994 1.95052
0.000 29.589 24.137 1.75280
0.000 24.535 10.879 4.40300
0.000 25.575 11.403 3.34802
0.000 28.770 14.002 3.65728
0.000 29.586 15.556 3.65185
0.000 31.099 17.168 3.44244
0.000 31.282 17.381 3.48492
0.000 31.161 16.685 4.34476
0.000 27.552 12.085 5.53428
0.000 25.801 12.005 4.55135
0.000 26.075 12.277 4.57262
0.000 23.823 10.368 5.78812
0.000 23.184 9.292 4.00232
0.000 26.597 10.187 2.25669
0.000 30.330 13.671 1.81565
0.000 32.006 15.661 1.39999
0.000 32.239 17.118 2.36411
0.000 30.357 12.399 5.79564
0.000 25.993 11.031 4.29474
0.000 27.280 11.771 2.47894
0.000 29.819 14.614 1.13439
0.000 32.308 16.611 1.84181
0.000 32.891 17.517 2.09519
0.000 33.574 17.985 1.92369
0.000 33.962 19.104 1.14437
0.000 35.687 18.825 2.49435
0.000 34.071 18.353 3.50500
0.000 34.397 19.088 2.83718
0.000 32.991 18.536 5.03547
0.000 30.406 18.744 4.16138
0.000 32.273 17.538 3.54703
0.000 33.531 18.349 2.76896
0.000 34.180 18.447 3.20621
0.000 34.845 18.400 3.59833
0.000 33.979 16.992 4.04941
0.000 33.176 17.572 3.89611
0.000 33.491 17.255 3.57979
0.000 33.757 18.031 2.68662
0.000 35.001 19.568 2.07996
2.962 35.725 20.792 3.51700
21.600 28.247 16.693 3.57158
0.000 30.427 14.790 2.86842
0.000 30.591 14.965 2.86257
0.000 31.924 15.708 3.00470
0.000 32.858 16.638 2.37315
0.000 33.587 17.448 2.07299
0.000 34.303 18.604 1.39021
0.000 34.557 19.455 1.95155
0.000 33.661 17.064 4.38885
0.000 32.091 16.627 4.84470
0.000 31.373 15.234 4.34859
0.000 32.070 15.561 3.09940
0.000 34.133 16.900 1.61723
0.000 36.394 18.631 1.86065
0.000 36.576 19.513 1.80582
0.000 37.060 20.834 1.40317
0.000 38.221 22.672 1.99982
0.000 39.517 22.228 1.46173
0.000 38.938 23.978 1.88073
0.000 37.935 24.686 2.15867
0.000 38.509 26.444 1.46775
0.355 37.352 21.297 3.45230
3.165 30.297 21.161 2.53144
4.133 34.523 22.523 1.49677
0.000 36.832 24.533 1.36127
0.000 37.397 24.677 1.35780
12.322 37.615 24.043 2.80624
0.000 35.016 22.593 1.71233
0.000 36.886 23.151 2.55792
0.000 37.801 23.193 2.55789
0.000 38.368 21.476 3.12609
0.000 38.314 20.801 3.09002
0.000 37.996 21.387 2.86540
0.000 37.385 22.297 2.33122
0.000 38.094 23.537 1.23351
0.000 39.133 26.825 1.06079
0.000 38.723 28.266 0.88222
0.000 39.572 28.109 1.39611
0.000 40.391 28.597 1.18711
0.015 40.558 28.642 1.15015
8.425 34.566 19.114 3.85329
0.000 28.362 17.596 5.07365
0.000 33.549 18.934 3.44295
0.000 35.294 20.945 2.31720
0.000 37.170 22.908 2.05742
0.000 37.637 25.212 1.32450
0.005 37.907 26.962 1.25010
0.000 36.462 25.761 1.06066
0.000 38.941 26.427 2.03085
0.000 39.596 26.204 2.35766
0.000 39.331 26.215 2.55036
0.000 39.960 26.779 2.31611
0.132 39.510 26.875 2.33644
1.873 34.630 26.405 1.71831
20.747 32.691 23.400 2.30417
0.013 32.577 23.376 1.67571
0.000 36.753 23.962 1.86510
0.000 35.034 24.248 1.71516
0.000 36.421 24.763 1.64225
0.012 37.179 24.039 2.38177
0.000 37.845 24.696 2.43780
0.000 36.319 26.219 1.25676
0.007 34.770 26.033 1.31530
3.905 33.652 25.541 0.86286
0.040 32.179 24.383 1.14482
0.000 34.032 25.141 1.14318
26.137 34.085 25.010 1.40477
0.152 30.474 23.648 1.04776
11.823 34.736 24.189 1.31634
0.720 34.576 24.672 1.31043
0.000 35.352 25.016 1.28044
0.000 36.283 25.742 1.05439
1.420 35.928 25.148 1.54562
0.030 34.452 25.476 2.35785
0.000 36.674 26.086 1.80746
0.000 35.734 25.776 1.72401
8.825 32.987 25.057 1.61451
0.425 29.721 23.940 1.08982
22.135 31.754 24.346 1.66786
17.650 31.677 22.169 2.67389
0.662 30.268 22.717 1.47434
2.895 32.587 24.040 0.89791
1.525 32.950 24.972 0.71146
0.712 33.740 26.195 0.66623
0.350 33.966 26.025 0.85024
65.553 32.967 25.115 1.32395
0.215 31.061 24.793 0.82451
0.000 32.331 24.701 0.87498
0.000 34.956 25.105 1.24140
0.000 32.103 24.467 1.22645
2.283 34.198 25.087 1.78622
1.898 34.920 25.095 2.02147
4.615 35.496 25.880 1.60898
10.125 35.642 26.346 1.55312
4.290 34.358 25.857 1.60460
16.392 32.777 25.857 1.54044
0.000 32.491 26.055 0.94571
0.000 34.782 26.813 0.86932
0.000 31.700 25.234 1.86621
0.000 32.356 25.802 1.50062
0.988 31.654 25.403 1.66106
0.000 34.005 25.929 1.92467
0.000 33.664 25.492 2.37054
9.783 34.271 25.708 2.15822
18.760 31.373 25.074 1.12962
2.330 29.385 24.068 2.98713
0.227 31.505 25.350 1.22353
0.145 32.313 25.375 1.60350
0.000 30.414 25.238 1.62684
0.000 32.285 25.104 2.15393
0.000 32.355 24.642 2.37538
0.000 33.349 24.808 2.52156
0.000 32.782 25.116 0.51740
0.000 30.761 24.640 0.73074
0.000 31.503 24.438 1.17802
0.180 31.469 23.707 1.71358
4.700 30.929 23.781 2.39352
36.605 29.758 23.753 1.94646
0.465 29.387 23.715 1.38833
2.168 31.362 24.358 1.63373
2.352 30.881 24.126 1.75056
21.205 31.149 24.799 2.33819
3.440 29.799 24.538 1.22318
50.635 29.460 20.371 1.67591
0.958 28.178 21.568 1.01165
18.778 28.401 22.656 1.30276
2.288 29.188 23.389 1.70365
2.260 28.066 18.513 2.61499
0.997 22.525 18.506 4.20225
0.000 28.642 21.524 2.76494
5.888 30.333 22.416 1.61482
0.000 30.981 24.291 0.86603
0.340 29.415 23.386 0.92425
0.000 25.290 19.585 3.05188
7.780 24.908 19.513 2.58660
19.837 25.556 18.551 2.63583
0.060 28.059 18.767 2.62269
0.000 28.836 19.656 2.63078
2.828 29.541 20.378 3.29838
3.157 28.141 21.296 3.19101
1.915 29.487 22.574 1.64850
0.050 30.685 22.915 2.06415
0.000 30.628 22.728 1.42192
0.000 29.917 22.748 1.86960
0.000 30.485 22.081 2.18321
0.000 30.699 22.296 2.05867
6.320 30.945 22.766 1.16443
0.000 31.868 23.628 1.01934
7.457 32.078 23.174 0.64698
3.730 31.737 21.455 2.45675
3.017 27.485 16.804 4.38881
0.175 26.291 16.860 3.41904
0.840 26.423 16.854 3.25264
13.393 25.660 17.289 2.77542
23.795 27.776 17.954 3.33437
22.650 27.363 17.544 3.49805
2.988 26.402 17.974 2.71370
0.000 29.207 19.480 2.59532
0.000 29.588 21.735 2.51952
7.000 29.482 21.293 3.26405
0.978 29.354 19.850 2.89124
0.073 30.271 20.361 1.38701
1.378 31.385 22.291 1.22172
9.180 31.539 21.783 2.01341
36.335 31.086 18.285 3.96613
64.015 26.367 16.699 4.54893
21.832 26.545 15.905 3.84748
0.005 26.228 16.351 3.24669
0.000 27.471 15.406 3.45802
0.003 27.331 16.082 3.54479
0.000 28.197 16.725 3.71646
7.553 26.013 18.202 3.41543
0.003 25.702 17.009 4.23420
0.000 25.429 13.580 4.03537
0.145 25.765 12.731 3.82686
5.105 24.950 11.625 3.52253
0.522 25.123 11.791 3.31975
0.000 25.751 12.777 3.49822
0.000 26.760 12.628 3.28494
0.000 26.375 13.371 3.31677
0.000 27.885 14.227 3.20793
0.000 29.593 17.914 3.58969
5.440 29.175 15.955 3.54240
17.510 28.755 16.267 3.27499
3.720 29.162 17.028 4.30154
48.632 27.811 15.268 4.35978
12.060 28.684 15.743 2.90767
9.505 30.752 17.811 2.00957
0.155 32.200 19.892 2.60004
0.000 30.961 17.744 4.97785
0.000 28.792 15.411 5.35732
0.000 25.803 13.739 3.90335
1.988 27.935 14.462 2.43198
1.310 28.858 15.519 2.58693
0.000 29.454 17.165 2.57881
5.897 30.405 17.991 2.01307
24.753 31.748 19.936 2.72057
2.963 29.505 19.277 3.46877
0.273 31.100 18.772 4.12539
1.047 28.086 15.496 4.86589
1.567 29.163 16.256 3.92976
1.075 30.659 17.162 4.13698
0.070 29.461 15.903 4.75175
41.390 29.517 16.388 4.32084
6.433 34.359 26.242 2.17358
2.705 33.057 25.654 2.43409
23.710 33.149 25.705 2.21668
14.310 30.727 24.633 1.95920
10.340 31.830 25.294 2.48745
48.807 30.315 25.204 2.57409
0.362 29.568 24.564 3.74487
23.225 30.141 24.698 2.95985
27.452 29.482 24.532 3.15411
1.820 30.042 23.976 2.85546
5.175 30.826 24.267 2.64310
52.072 27.059 22.878 4.11431
7.297 28.873 22.150 3.79387
0.483 31.429 24.060 3.02171
13.157 31.249 24.094 3.20586
2.670 30.518 23.941 3.17931
1.730 30.584 23.807 2.54523
0.000 31.782 23.629 2.50863
12.163 33.790 23.659 3.09741
13.565 33.597 24.852 2.99547
29.572 33.614 25.206 3.05225
7.222 28.971 24.316 2.50904
9.310 30.268 24.301 2.46898
34.955 29.626 24.234 2.14977
18.383 31.005 24.715 2.15206
2.877 30.371 24.258 2.17591
0.000 32.476 24.613 2.58140
0.000 31.070 23.613 2.60842
0.000 32.814 24.606 2.71577
0.000 32.103 24.790 3.27770
0.320 30.272 24.554 2.51285
17.965 31.854 25.007 2.33536
0.577 29.727 23.977 2.09013
0.000 34.401 25.196 2.01571
0.093 32.464 24.820 1.96138
2.765 29.466 24.384 2.14551
7.418 28.673 24.573 1.44014
4.045 29.846 23.796 1.28391
0.000 28.684 23.815 1.95859
0.005 31.161 24.182 2.42090
1.142 29.999 24.319 1.58480
1.390 30.866 24.582 1.23314
10.983 30.897 24.386 1.10034
39.408 30.301 24.507 1.17038
49.867 29.014 23.900 1.42188
2.223 29.763 23.792 1.12138
27.182 31.507 24.450 2.12857
0.680 30.436 24.205 2.71842
0.000 30.288 23.651 3.56474
0.000 29.560 23.557 3.43347
10.715 30.657 24.141 3.66452
0.000 30.025 23.969 3.50043
0.190 29.152 23.653 3.45231
0.000 27.781 21.298 6.42485
0.000 24.873 21.508 4.57829
0.000 30.164 23.499 3.24184
3.830 30.706 23.757 3.37922
3.855 31.537 24.216 3.34235
0.000 31.587 24.773 3.11998
0.000 31.144 24.383 3.40353
5.473 30.333 23.706 3.44796
0.000 31.433 23.718 3.38886
0.000 31.170 24.001 3.31134
0.000 30.298 24.440 3.30211
1.030 31.019 24.419 3.13748
0.000 32.221 24.882 3.33236
0.000 31.632 24.613 2.82643
0.000 32.333 25.119 2.96709
0.000 31.681 24.769 2.74142
0.000 31.904 25.329 2.45024
0.000 31.283 25.388 2.07760
0.232 30.308 24.465 2.41135
0.357 30.716 24.575 2.08820
0.163 31.072 24.668 2.43861
0.000 29.054 23.862 2.60051
0.000 29.000 23.228 2.34491
0.000 30.774 23.436 1.42162
0.000 31.917 23.972 1.05169
0.000 31.814 24.008 1.08984
0.000 31.780 24.647 1.13361
0.000 30.529 24.410 0.87236
0.000 31.753 24.303 1.13706
0.000 31.333 24.652 1.53023
0.480 31.384 24.364 1.90880
0.000 30.636 24.498 1.63977
0.000 28.972 23.441 1.73519
0.000 29.326 22.779 1.37939
0.000 29.520 23.548 1.83421
0.000 28.446 23.261 1.39517
0.127 27.890 23.404 0.85533
0.000 30.493 23.878 1.60943
0.015 29.001 23.743 1.33219
0.000 30.734 24.100 0.72499
0.000 28.270 24.209 0.92635
0.000 28.286 23.366 1.73147
0.000 29.394 23.655 1.81841
0.000 27.284 23.264 1.36587
0.000 30.288 23.810 1.73956
0.000 30.812 23.676 1.78038
0.000 29.546 23.777 1.29886
0.000 29.185 23.639 2.27035
0.000 30.077 23.586 2.15240
0.000 29.708 24.402 1.60973
0.000 27.137 23.518 2.41723
0.000 30.355 24.430 1.86282
0.000 27.888 23.078 1.69564
0.000 29.465 23.879 1.57129
0.000 29.762 24.193 1.72748
0.000 29.344 23.578 1.12519
0.008 31.391 24.294 0.88860
0.000 30.541 24.108 1.39861
0.038 29.353 23.022 1.93996
0.000 29.015 23.431 1.45016
0.000 29.904 24.045 1.77981
0.000 29.470 23.685 0.95435
0.000 26.544 23.744 1.96003
0.000 27.589 23.528 2.69520
0.000 27.009 23.172 1.52600
0.000 29.656 23.461 1.07537
0.000 31.508 23.324 1.17033
0.000 31.631 23.518 0.95960
0.000 32.565 24.863 0.72083
0.000 30.046 16.889 4.32625
0.000 30.477 17.465 4.25767
0.000 31.117 17.771 3.65022
0.000 32.286 18.091 2.72789
0.000 32.378 17.833 2.39438
0.000 33.219 19.131 3.04918
0.000 32.932 17.778 3.51204
0.000 33.148 18.134 2.84930
0.000 33.769 18.428 2.46699
0.000 34.350 18.969 1.77289
0.000 33.141 16.116 4.38905
0.000 32.788 16.680 2.54283
0.000 33.515 17.903 3.59780
0.000 32.929 18.061 2.36288
0.000 33.918 18.864 1.90127
0.000 34.340 19.576 2.22373
0.000 33.717 16.793 3.83852
0.000 31.493 15.974 4.59940
0.000 31.525 16.692 4.21392
0.383 33.073 17.613 2.19972
1.508 30.906 20.474 2.39163
3.077 29.148 21.051 1.66137
0.000 33.047 19.231 2.21520
0.000 34.075 18.299 1.23093
0.000 35.010 19.603 1.04109
0.000 35.079 20.527 1.73084
0.045 35.371 19.364 2.44239
0.000 35.567 20.143 1.47927
0.000 36.407 21.748 1.71990
0.000 35.669 21.165 2.27960
0.000 35.036 18.338 3.02034
0.000 30.275 18.477 3.49116
0.000 30.437 17.940 2.92756
0.000 28.000 16.843 4.08194
0.000 26.459 16.000 5.15953
0.138 32.051 16.688 4.74576
0.000 32.148 19.064 2.39340
0.000 34.966 20.614 1.11288
0.000 36.088 22.613 1.75030
0.000 36.776 21.944 2.59208
0.000 36.593 22.461 2.55383
0.028 36.585 23.173 2.04542
5.285 32.143 22.166 2.19187
0.000 36.370 20.778 3.10004
0.000 30.464 18.748 4.34059
5.608 29.963 19.358 2.92228
0.420 32.086 21.084 1.79570
1.100 31.411 22.267 1.37979
0.000 36.357 23.449 1.74418
0.000 35.342 17.729 3.42229
12.532 22.689 13.751 5.04130
0.000 21.175 13.498 4.69170
0.000 30.843 14.767 4.86326
0.000 25.230 13.865 5.95567
0.000 29.320 12.910 5.40770
1.968 31.025 13.869 4.64753
0.000 32.710 16.570 4.03847
0.000 33.185 18.044 3.14217
0.000 35.729 19.643 1.82142
0.000 37.215 20.908 2.72538
0.000 36.786 20.838 3.24658
0.000 37.830 21.559 2.30711
0.020 38.910 22.616 1.88552
0.000 39.702 24.396 1.64494
0.017 35.307 26.723 1.50432
20.697 31.791 19.042 3.67921
0.673 33.333 19.304 2.80085
0.000 35.333 20.344 2.06202
0.000 36.969 20.698 2.97390
0.000 36.523 21.769 2.51241
0.000 37.722 22.831 2.16143
0.000 38.966 24.206 2.31438
0.000 39.705 25.926 1.36398
0.100 37.831 25.525 1.53424
0.680 34.509 24.644 1.70353
0.000 35.045 25.578 0.95783
26.035 32.406 23.507 1.00822
0.523 35.922 24.465 0.74978
0.015 34.584 24.327 2.26823
0.000 33.534 24.603 1.44311
0.000 34.142 24.226 1.62099
25.170 33.429 22.219 2.37588
5.878 31.552 23.185 1.90705
2.795 32.848 24.727 2.02673
0.002 33.476 24.973 1.77731
15.728 35.388 21.123 2.02679
1.893 32.646 20.413 3.44267
0.000 33.865 21.448 1.80297
0.000 34.811 22.907 2.29063
0.052 36.045 22.861 4.50162
18.738 30.975 17.706 6.96779
31.580 20.680 15.933 6.16632
0.508 25.487 15.506 4.64118
0.000 30.448 16.802 3.83078
0.000 33.194 19.134 3.81547
0.000 34.299 18.465 3.79155
0.000 33.347 18.496 3.93751
0.000 33.457 18.272 3.18504
0.000 33.898 18.862 1.98584
0.000 35.484 20.607 0.95072
0.000 36.170 23.749 1.28276
0.000 34.332 24.014 1.21346
1.165 37.979 24.302 1.62891
0.015 37.086 25.175 1.86198
0.000 38.050 25.293 1.81032
0.538 34.627 25.146 2.31697
1.508 32.182 23.328 2.38755
0.732 31.403 21.154 3.46484
0.000 33.393 20.155 3.43898
0.000 35.213 21.728 1.99528
0.000 35.590 24.323 1.55347
23.885 31.919 24.768 1.90366
0.088 35.637 24.953 1.88979
0.000 37.274 26.025 1.98047
0.005 36.548 25.741 2.31173
0.030 34.672 26.183 2.17237
0.000 34.922 26.931 1.26054
25.403 33.135 26.027 1.54306
0.360 33.118 25.585 1.15101
2.400 31.891 23.979 1.86953
3.513 33.254 19.682 4.94392
4.645 25.529 18.359 5.09422
0.000 26.876 18.402 4.02021
0.000 29.764 18.935 2.81743
0.000 33.987 21.888 1.96655
0.475 32.354 24.068 2.72745
0.000 30.596 23.924 2.20210
6.455 31.960 23.714 1.83274
23.357 30.831 24.462 1.82751
11.738 31.829 24.410 1.44056
6.953 31.438 25.152 2.13241
6.572 30.817 25.125 2.36176
1.295 32.082 24.333 2.27086
12.750 31.957 25.189 1.81854
24.045 30.222 24.604 1.40190
29.097 30.000 21.144 2.59922
0.033 31.023 22.188 2.71864
7.687 29.451 22.599 1.79599
12.778 30.376 24.383 1.69048
0.655 29.122 24.038 2.38336
5.812 30.199 24.489 3.32469
20.445 31.117 24.106 3.26684
0.307 28.925 24.274 2.58925
3.570 28.949 24.171 2.46280
5.455 31.044 23.910 2.37247
2.130 31.756 24.748 2.94299
13.058 28.304 24.137 3.23904
0.240 30.760 23.889 2.61179
0.000 31.695 23.337 2.59609
2.143 31.602 23.997 2.29872
50.368 29.598 24.099 1.69889
1.825 31.020 24.704 1.56088
6.178 30.091 24.654 2.12306
59.202 29.308 23.879 2.87205
9.405 29.293 23.697 2.62080
0.000 29.131 23.890 2.50872
0.000 28.667 24.058 2.85559
0.055 31.280 23.929 2.80821
0.022 30.213 24.243 2.48302
0.702 28.526 23.975 2.27748
0.000 30.312 24.841 2.79731
0.097 28.343 23.984 1.90468
8.510 31.255 24.462 1.75967
0.710 29.595 24.051 1.54517
9.965 30.872 23.622 1.83667
29.745 30.023 23.959 1.34940
0.000 30.010 23.264 1.85861
3.720 30.991 24.464 2.04322
0.000 30.617 23.637 2.29437
0.000 32.559 23.893 2.47451
0.000 32.727 23.757 2.46478
0.000 31.785 24.573 2.43408
8.045 29.689 23.980 2.01689
2.992 29.408 23.880 1.53800
8.362 30.035 23.629 1.54353
4.072 30.255 23.902 1.37259
0.055 29.717 23.884 1.30159
0.000 31.796 24.181 1.59463
0.000 32.307 24.343 2.50664
0.000 29.824 24.821 2.48368
11.288 30.584 25.084 2.85908
2.210 29.372 24.667 2.60992
2.545 27.163 23.782 3.15214
1.285 31.792 24.949 3.14655
0.668 30.090 24.064 2.77832
0.298 31.544 24.754 2.72248
1.663 31.517 24.831 2.15699
5.775 29.372 24.624 2.33945
52.318 29.784 24.651 1.59130
7.630 29.612 23.795 2.17511
20.357 30.472 24.290 2.17448
18.148 27.559 24.569 2.35281
66.952 27.718 23.929 2.33308
5.967 29.201 24.021 2.04144
1.945 29.163 24.604 1.35651
5.058 29.484 24.193 1.73505
11.795 30.987 24.638 1.92539
0.145 29.880 24.920 1.90636
0.000 29.786 24.889 2.09488
6.740 29.608 25.106 2.01214
13.985 29.089 24.681 1.91622
14.693 28.844 23.167 2.46401
0.000 30.016 24.076 1.50584
3.300 28.225 23.397 1.18845
0.225 31.324 24.217 0.78100
0.000 32.472 24.314 0.95029
18.988 33.384 25.002 0.98270
0.000 31.959 25.000 1.26702
0.255 30.331 24.217 1.66513
0.082 31.252 24.833 1.75939
5.593 30.391 24.594 1.74082
26.315 29.319 24.432 1.46397
0.000 29.840 23.884 2.12896
32.852 29.833 24.049 2.13433
5.962 29.923 23.987 2.31648
0.520 29.712 24.028 2.65424
1.725 29.732 23.933 2.99701
1.070 30.435 24.011 2.44849
12.580 28.896 24.053 1.80490
0.925 27.983 23.588 2.87796
21.080 28.034 23.972 1.99096
0.557 29.247 23.930 2.96576
0.377 28.434 23.749 3.39636
0.550 30.101 22.979 2.80531
0.000 31.179 23.936 1.61504
5.198 31.191 24.538 1.60081
63.395 29.705 23.982 2.78584
4.530 29.679 24.161 2.43448
7.968 29.704 24.083 2.48989
0.350 30.348 24.327 2.28168
39.262 29.022 24.047 2.74252
71.260 28.006 24.172 3.20530
2.275 29.143 24.048 3.08591
0.135 30.340 23.569 2.15596
4.383 29.963 24.018 0.94862
2.635 29.652 24.966 1.50988
4.275 27.846 23.638 2.61467
3.610 27.949 23.382 3.08101
0.000 30.826 24.049 1.36029
0.000 32.214 24.823 0.78936
0.837 31.513 24.698 1.19316
7.990 31.611 25.078 0.70025
8.103 29.953 23.629 1.29916
0.108 32.836 24.560 0.72161
1.695 30.390 24.884 1.04296
24.552 30.242 24.150 1.10310
3.900 29.211 24.347 1.69322
6.380 29.815 23.972 2.03448
0.832 29.809 24.205 1.57969
5.493 30.674 23.933 1.14333
46.435 29.487 24.401 1.02452
4.127 28.608 24.308 2.01309
32.437 29.838 24.382 0.94068
0.350 29.603 23.593 1.47881
1.945 31.691 23.731 0.82121
0.518 31.018 24.535 0.97868
0.018 28.499 24.063 1.23873
48.430 28.192 23.693 1.63355
30.605 29.359 23.774 2.07793
22.607 29.373 23.962 1.84607
1.693 29.650 23.503 2.14066
0.058 30.101 24.037 2.14179
3.425 28.713 23.734 1.43366
3.938 28.229 22.972 1.27327
8.770 27.195 23.468 2.38249
7.060 28.073 23.116 1.82671
8.638 27.114 23.541 1.53258
10.418 28.266 22.813 1.12291
17.350 30.645 23.261 0.84961
27.460 30.627 23.529 1.62232
78.290 26.348 23.568 5.77645
1.133 28.746 23.676 4.25153
8.883 30.391 23.841 1.98010
0.928 29.366 24.165 1.60165
52.582 27.852 23.251 1.53858
8.437 29.436 23.636 1.59247
0.177 28.165 23.019 1.47882
3.470 29.927 24.026 1.38436
0.327 30.355 23.493 1.21235
7.220 30.084 22.896 1.77271
0.897 29.792 23.261 1.51557
0.000 27.547 23.103 2.50934
0.398 26.823 18.884 3.16764
0.000 28.328 18.525 2.46230
0.000 28.761 18.986 2.23574
0.050 28.003 19.631 2.21649
24.270 26.992 19.633 2.58767
16.100 23.274 19.593 4.45243
0.000 27.637 18.909 2.53266
0.000 28.269 18.372 2.54205
0.000 28.230 17.783 2.96099
0.000 27.450 16.592 2.91183
0.000 27.228 17.409 2.35564
0.033 29.548 19.129 2.20773
0.188 29.935 20.948 2.74048
0.000 29.754 20.521 2.03829
0.000 30.108 20.776 2.04495
0.000 30.449 22.169 2.85321
1.450 29.821 22.620 2.39366
0.000 30.059 21.111 2.86089
0.220 29.452 19.907 3.27888
0.000 29.128 19.695 3.18639
0.000 29.055 19.620 2.95261
0.000 28.820 17.352 2.95094
0.000 27.403 15.577 2.48402
0.000 28.138 15.666 1.88924
0.000 28.387 15.740 1.83966
0.000 28.167 17.624 2.67261
0.000 28.508 19.444 2.48118
0.000 28.938 18.904 2.35053
0.000 29.031 17.563 2.49387
0.000 28.815 18.806 2.58945
0.000 29.802 19.985 2.34796
0.000 30.901 21.572 2.33938
0.000 31.537 21.857 2.51770
0.003 30.506 21.557 2.39257
0.005 29.915 22.418 2.41816
0.000 28.739 23.209 2.02964
0.000 30.607 22.538 1.44587
0.000 30.857 22.315 1.39689
15.075 31.949 22.837 1.45183
0.000 30.717 22.721 2.15391
0.390 31.915 22.302 2.93360
2.360 30.117 22.340 2.68575
0.997 31.091 21.976 2.35866
0.000 30.449 22.878 1.68259
5.913 29.523 23.871 1.80095
0.895 30.746 22.940 2.03575
13.685 31.431 23.579 1.14698
21.943 27.491 21.731 1.06076
0.262 30.048 22.126 1.18242
0.000 31.368 22.979 0.67285
0.187 31.270 22.735 0.92528
0.000 31.806 23.564 1.91738
0.445 29.286 17.102 3.17290
0.680 27.657 17.312 3.46520
0.035 29.110 17.843 2.93474
1.187 30.570 19.799 3.44673
0.890 29.553 17.563 4.39811
0.090 29.340 17.771 3.37616
0.035 29.573 18.266 3.08682
0.473 29.832 19.247 3.38356
0.005 30.938 19.552 3.12665
0.000 31.001 18.821 3.09636
0.000 29.861 17.474 3.45935
0.000 28.032 13.950 4.12378
0.000 26.816 13.464 3.55956
0.000 26.481 12.425 3.99640
0.000 27.513 13.043 2.43487
0.000 30.510 15.974 3.29960
0.000 26.804 14.536 6.81818
0.000 23.178 10.864 5.05574
0.000 25.337 11.323 3.76079
0.000 28.224 14.241 2.71699
0.000 29.526 14.059 3.89959
0.000 29.112 14.665 3.19711
0.000 29.227 15.434 3.35618
0.000 28.265 14.912 4.03973
0.000 27.756 15.616 3.26376
0.000 29.301 15.713 3.21684
0.000 29.547 16.280 2.91621
0.000 30.636 16.832 3.73151
0.000 28.883 15.381 4.82885
0.000 28.082 13.035 4.36774
0.000 27.939 13.353 4.13633
